phase,phase_round,order_position,observation_index,cell_id,canonical_instance_id,factor_level,replication_index,seed,step_position,step_index,step_id,prefix_step_count,fresh_state,wall_latency_ns,wall_latency_ms,cpu_latency_ns,cpu_latency_ms,semantic_digest,semantic_match
warmup,0,0,1,level_000024/rep_000_seed_101::step_0002,level_000024/rep_000_seed_101,24,0,101,1,2,step-0002-sales-sum-region-06-2017,1,True,893363,0.893363,897429,0.897429,46f337445dbb84526e62d2ae8db3379ef88452336e8de51ca4ea4c2be0f99a92,True
warmup,0,1,2,level_000012/rep_000_seed_101::step_0001,level_000012/rep_000_seed_101,12,0,101,0,1,step-0001-sales-sum-region-04-2018,0,True,419952,0.419952,422811,0.422811,0ac4eae0427cb78144e121dcad7d34f1d5bf8ce5eb9a4eff12efbad739b752f2,True
warmup,0,2,3,level_000006/rep_000_seed_101::step_0001,level_000006/rep_000_seed_101,6,0,101,0,1,step-0001-sales-sum-region-04-2018,0,True,341950,0.34195,344165,0.344165,11c096270f44fd8fcd1af9358779957aa1b7a59d246241acb52c62f98ad080ea,True
warmup,0,3,4,level_000024/rep_000_seed_101::step_0001,level_000024/rep_000_seed_101,24,0,101,0,1,step-0001-sales-sum-region-04-2018,0,True,562196,0.562196,564796,0.564796,0416b20858d6c23029ac99424bc410d8730ba0626b3d5201ec8182cf73943091,True
warmup,0,4,5,level_000012/rep_000_seed_101::step_0002,level_000012/rep_000_seed_101,12,0,101,1,2,step-0002-sales-sum-region-06-2017,1,True,350553,0.350553,352979,0.352979,9b528a234ae051d4dda725f1795cdb1c49674610190a8d91407cc5eef8c3f11f,True
warmup,0,5,6,level_000006/rep_000_seed_101::step_0002,level_000006/rep_000_seed_101,6,0,101,1,2,step-0002-sales-sum-region-06-2017,1,True,600397,0.600397,527523,0.527523,c4e139b919430c25a0e931ff0e306c0ade1547ed83d9af5dd0d9f38f16bd05ab,True
warmup,1,0,7,level_000012/rep_000_seed_101::step_0001,level_000012/rep_000_seed_101,12,0,101,0,1,step-0001-sales-sum-region-04-2018,0,True,718354,0.718354,722147,0.722147,0ac4eae0427cb78144e121dcad7d34f1d5bf8ce5eb9a4eff12efbad739b752f2,True
warmup,1,1,8,level_000006/rep_000_seed_101::step_0001,level_000006/rep_000_seed_101,6,0,101,0,1,step-0001-sales-sum-region-04-2018,0,True,344537,0.344537,346890,0.34689,11c096270f44fd8fcd1af9358779957aa1b7a59d246241acb52c62f98ad080ea,True
warmup,1,2,9,level_000024/rep_000_seed_101::step_0001,level_000024/rep_000_seed_101,24,0,101,0,1,step-0001-sales-sum-region-04-2018,0,True,954272,0.954272,958562,0.958562,0416b20858d6c23029ac99424bc410d8730ba0626b3d5201ec8182cf73943091,True
warmup,1,3,10,level_000012/rep_000_seed_101::step_0002,level_000012/rep_000_seed_101,12,0,101,1,2,step-0002-sales-sum-region-06-2017,1,True,348019,0.348019,350731,0.350731,9b528a234ae051d4dda725f1795cdb1c49674610190a8d91407cc5eef8c3f11f,True
warmup,1,4,11,level_000006/rep_000_seed_101::step_0002,level_000006/rep_000_seed_101,6,0,101,1,2,step-0002-sales-sum-region-06-2017,1,True,551976,0.551976,555809,0.555809,c4e139b919430c25a0e931ff0e306c0ade1547ed83d9af5dd0d9f38f16bd05ab,True
warmup,1,5,12,level_000024/rep_000_seed_101::step_0002,level_000024/rep_000_seed_101,24,0,101,1,2,step-0002-sales-sum-region-06-2017,1,True,492466,0.492466,495516,0.495516,46f337445dbb84526e62d2ae8db3379ef88452336e8de51ca4ea4c2be0f99a92,True
warmup,2,0,13,level_000006/rep_000_seed_101::step_0001,level_000006/rep_000_seed_101,6,0,101,0,1,step-0001-sales-sum-region-04-2018,0,True,338928,0.338928,341284,0.341284,11c096270f44fd8fcd1af9358779957aa1b7a59d246241acb52c62f98ad080ea,True
warmup,2,1,14,level_000024/rep_000_seed_101::step_0001,level_000024/rep_000_seed_101,24,0,101,0,1,step-0001-sales-sum-region-04-2018,0,True,556966,0.556966,560028,0.560028,0416b20858d6c23029ac99424bc410d8730ba0626b3d5201ec8182cf73943091,True
warmup,2,2,15,level_000012/rep_000_seed_101::step_0002,level_000012/rep_000_seed_101,12,0,101,1,2,step-0002-sales-sum-region-06-2017,1,True,581757,0.581757,585931,0.585931,9b528a234ae051d4dda725f1795cdb1c49674610190a8d91407cc5eef8c3f11f,True
warmup,2,3,16,level_000006/rep_000_seed_101::step_0002,level_000006/rep_000_seed_101,6,0,101,1,2,step-0002-sales-sum-region-06-2017,1,True,287276,0.287276,289413,0.289413,c4e139b919430c25a0e931ff0e306c0ade1547ed83d9af5dd0d9f38f16bd05ab,True
warmup,2,4,17,level_000024/rep_000_seed_101::step_0002,level_000024/rep_000_seed_101,24,0,101,1,2,step-0002-sales-sum-region-06-2017,1,True,466389,0.466389,468691,0.468691,46f337445dbb84526e62d2ae8db3379ef88452336e8de51ca4ea4c2be0f99a92,True
warmup,2,5,18,level_000012/rep_000_seed_101::step_0001,level_000012/rep_000_seed_101,12,0,101,0,1,step-0001-sales-sum-region-04-2018,0,True,739621,0.739621,736223,0.736223,0ac4eae0427cb78144e121dcad7d34f1d5bf8ce5eb9a4eff12efbad739b752f2,True
warmup,3,0,19,level_000024/rep_000_seed_101::step_0001,level_000024/rep_000_seed_101,24,0,101,0,1,step-0001-sales-sum-region-04-2018,0,True,3737002,3.737002,1156612,1.156612,0416b20858d6c23029ac99424bc410d8730ba0626b3d5201ec8182cf73943091,True
warmup,3,1,20,level_000012/rep_000_seed_101::step_0002,level_000012/rep_000_seed_101,12,0,101,1,2,step-0002-sales-sum-region-06-2017,1,True,664623,0.664623,669286,0.669286,9b528a234ae051d4dda725f1795cdb1c49674610190a8d91407cc5eef8c3f11f,True
warmup,3,2,21,level_000006/rep_000_seed_101::step_0002,level_000006/rep_000_seed_101,6,0,101,1,2,step-0002-sales-sum-region-06-2017,1,True,3333953,3.333953,666855,0.666855,c4e139b919430c25a0e931ff0e306c0ade1547ed83d9af5dd0d9f38f16bd05ab,True
warmup,3,3,22,level_000024/rep_000_seed_101::step_0002,level_000024/rep_000_seed_101,24,0,101,1,2,step-0002-sales-sum-region-06-2017,1,True,1217096,1.217096,970134,0.970134,46f337445dbb84526e62d2ae8db3379ef88452336e8de51ca4ea4c2be0f99a92,True
warmup,3,4,23,level_000012/rep_000_seed_101::step_0001,level_000012/rep_000_seed_101,12,0,101,0,1,step-0001-sales-sum-region-04-2018,0,True,748947,0.748947,714728,0.714728,0ac4eae0427cb78144e121dcad7d34f1d5bf8ce5eb9a4eff12efbad739b752f2,True
warmup,3,5,24,level_000006/rep_000_seed_101::step_0001,level_000006/rep_000_seed_101,6,0,101,0,1,step-0001-sales-sum-region-04-2018,0,True,836375,0.836375,683743,0.683743,11c096270f44fd8fcd1af9358779957aa1b7a59d246241acb52c62f98ad080ea,True
warmup,4,0,25,level_000012/rep_000_seed_101::step_0002,level_000012/rep_000_seed_101,12,0,101,1,2,step-0002-sales-sum-region-06-2017,1,True,662972,0.662972,666575,0.666575,9b528a234ae051d4dda725f1795cdb1c49674610190a8d91407cc5eef8c3f11f,True
warmup,4,1,26,level_000006/rep_000_seed_101::step_0002,level_000006/rep_000_seed_101,6,0,101,1,2,step-0002-sales-sum-region-06-2017,1,True,573481,0.573481,577597,0.577597,c4e139b919430c25a0e931ff0e306c0ade1547ed83d9af5dd0d9f38f16bd05ab,True
warmup,4,2,27,level_000024/rep_000_seed_101::step_0002,level_000024/rep_000_seed_101,24,0,101,1,2,step-0002-sales-sum-region-06-2017,1,True,940813,0.940813,945627,0.945627,46f337445dbb84526e62d2ae8db3379ef88452336e8de51ca4ea4c2be0f99a92,True
warmup,4,3,28,level_000012/rep_000_seed_101::step_0001,level_000012/rep_000_seed_101,12,0,101,0,1,step-0001-sales-sum-region-04-2018,0,True,789793,0.789793,727631,0.727631,0ac4eae0427cb78144e121dcad7d34f1d5bf8ce5eb9a4eff12efbad739b752f2,True
warmup,4,4,29,level_000006/rep_000_seed_101::step_0001,level_000006/rep_000_seed_101,6,0,101,0,1,step-0001-sales-sum-region-04-2018,0,True,648980,0.64898,640482,0.640482,11c096270f44fd8fcd1af9358779957aa1b7a59d246241acb52c62f98ad080ea,True
warmup,4,5,30,level_000024/rep_000_seed_101::step_0001,level_000024/rep_000_seed_101,24,0,101,0,1,step-0001-sales-sum-region-04-2018,0,True,1409937,1.409937,1118181,1.118181,0416b20858d6c23029ac99424bc410d8730ba0626b3d5201ec8182cf73943091,True
warmup,5,0,31,level_000006/rep_000_seed_101::step_0002,level_000006/rep_000_seed_101,6,0,101,1,2,step-0002-sales-sum-region-06-2017,1,True,770000,0.77,584934,0.584934,c4e139b919430c25a0e931ff0e306c0ade1547ed83d9af5dd0d9f38f16bd05ab,True
warmup,5,1,32,level_000024/rep_000_seed_101::step_0002,level_000024/rep_000_seed_101,24,0,101,1,2,step-0002-sales-sum-region-06-2017,1,True,1314905,1.314905,960605,0.960605,46f337445dbb84526e62d2ae8db3379ef88452336e8de51ca4ea4c2be0f99a92,True
warmup,5,2,33,level_000012/rep_000_seed_101::step_0001,level_000012/rep_000_seed_101,12,0,101,0,1,step-0001-sales-sum-region-04-2018,0,True,770144,0.770144,709612,0.709612,0ac4eae0427cb78144e121dcad7d34f1d5bf8ce5eb9a4eff12efbad739b752f2,True
warmup,5,3,34,level_000006/rep_000_seed_101::step_0001,level_000006/rep_000_seed_101,6,0,101,0,1,step-0001-sales-sum-region-04-2018,0,True,582187,0.582187,585615,0.585615,11c096270f44fd8fcd1af9358779957aa1b7a59d246241acb52c62f98ad080ea,True
warmup,5,4,35,level_000024/rep_000_seed_101::step_0001,level_000024/rep_000_seed_101,24,0,101,0,1,step-0001-sales-sum-region-04-2018,0,True,1356111,1.356111,1064390,1.06439,0416b20858d6c23029ac99424bc410d8730ba0626b3d5201ec8182cf73943091,True
warmup,5,5,36,level_000012/rep_000_seed_101::step_0002,level_000012/rep_000_seed_101,12,0,101,1,2,step-0002-sales-sum-region-06-2017,1,True,740534,0.740534,615776,0.615776,9b528a234ae051d4dda725f1795cdb1c49674610190a8d91407cc5eef8c3f11f,True
warmup,6,0,37,level_000006/rep_000_seed_101::step_0002,level_000006/rep_000_seed_101,6,0,101,1,2,step-0002-sales-sum-region-06-2017,1,True,531123,0.531123,535127,0.535127,c4e139b919430c25a0e931ff0e306c0ade1547ed83d9af5dd0d9f38f16bd05ab,True
warmup,6,1,38,level_000012/rep_000_seed_101::step_0002,level_000012/rep_000_seed_101,12,0,101,1,2,step-0002-sales-sum-region-06-2017,1,True,675983,0.675983,679728,0.679728,9b528a234ae051d4dda725f1795cdb1c49674610190a8d91407cc5eef8c3f11f,True
warmup,6,2,39,level_000024/rep_000_seed_101::step_0001,level_000024/rep_000_seed_101,24,0,101,0,1,step-0001-sales-sum-region-04-2018,0,True,1055684,1.055684,1059279,1.059279,0416b20858d6c23029ac99424bc410d8730ba0626b3d5201ec8182cf73943091,True
warmup,6,3,40,level_000006/rep_000_seed_101::step_0001,level_000006/rep_000_seed_101,6,0,101,0,1,step-0001-sales-sum-region-04-2018,0,True,614114,0.614114,617618,0.617618,11c096270f44fd8fcd1af9358779957aa1b7a59d246241acb52c62f98ad080ea,True
warmup,6,4,41,level_000012/rep_000_seed_101::step_0001,level_000012/rep_000_seed_101,12,0,101,0,1,step-0001-sales-sum-region-04-2018,0,True,402711,0.402711,405023,0.405023,0ac4eae0427cb78144e121dcad7d34f1d5bf8ce5eb9a4eff12efbad739b752f2,True
warmup,6,5,42,level_000024/rep_000_seed_101::step_0002,level_000024/rep_000_seed_101,24,0,101,1,2,step-0002-sales-sum-region-06-2017,1,True,458861,0.458861,461257,0.461257,46f337445dbb84526e62d2ae8db3379ef88452336e8de51ca4ea4c2be0f99a92,True
warmup,7,0,43,level_000024/rep_000_seed_101::step_0002,level_000024/rep_000_seed_101,24,0,101,1,2,step-0002-sales-sum-region-06-2017,1,True,474714,0.474714,477245,0.477245,46f337445dbb84526e62d2ae8db3379ef88452336e8de51ca4ea4c2be0f99a92,True
warmup,7,1,44,level_000006/rep_000_seed_101::step_0002,level_000006/rep_000_seed_101,6,0,101,1,2,step-0002-sales-sum-region-06-2017,1,True,294080,0.29408,296337,0.296337,c4e139b919430c25a0e931ff0e306c0ade1547ed83d9af5dd0d9f38f16bd05ab,True
warmup,7,2,45,level_000012/rep_000_seed_101::step_0002,level_000012/rep_000_seed_101,12,0,101,1,2,step-0002-sales-sum-region-06-2017,1,True,338083,0.338083,340426,0.340426,9b528a234ae051d4dda725f1795cdb1c49674610190a8d91407cc5eef8c3f11f,True
warmup,7,3,46,level_000024/rep_000_seed_101::step_0001,level_000024/rep_000_seed_101,24,0,101,0,1,step-0001-sales-sum-region-04-2018,0,True,559600,0.5596,562636,0.562636,0416b20858d6c23029ac99424bc410d8730ba0626b3d5201ec8182cf73943091,True
warmup,7,4,47,level_000006/rep_000_seed_101::step_0001,level_000006/rep_000_seed_101,6,0,101,0,1,step-0001-sales-sum-region-04-2018,0,True,581891,0.581891,585469,0.585469,11c096270f44fd8fcd1af9358779957aa1b7a59d246241acb52c62f98ad080ea,True
warmup,7,5,48,level_000012/rep_000_seed_101::step_0001,level_000012/rep_000_seed_101,12,0,101,0,1,step-0001-sales-sum-region-04-2018,0,True,397020,0.39702,399564,0.399564,0ac4eae0427cb78144e121dcad7d34f1d5bf8ce5eb9a4eff12efbad739b752f2,True
warmup,8,0,49,level_000012/rep_000_seed_101::step_0001,level_000012/rep_000_seed_101,12,0,101,0,1,step-0001-sales-sum-region-04-2018,0,True,396519,0.396519,398735,0.398735,0ac4eae0427cb78144e121dcad7d34f1d5bf8ce5eb9a4eff12efbad739b752f2,True
warmup,8,1,50,level_000024/rep_000_seed_101::step_0002,level_000024/rep_000_seed_101,24,0,101,1,2,step-0002-sales-sum-region-06-2017,1,True,456871,0.456871,459439,0.459439,46f337445dbb84526e62d2ae8db3379ef88452336e8de51ca4ea4c2be0f99a92,True
warmup,8,2,51,level_000006/rep_000_seed_101::step_0002,level_000006/rep_000_seed_101,6,0,101,1,2,step-0002-sales-sum-region-06-2017,1,True,491214,0.491214,495479,0.495479,c4e139b919430c25a0e931ff0e306c0ade1547ed83d9af5dd0d9f38f16bd05ab,True
warmup,8,3,52,level_000012/rep_000_seed_101::step_0002,level_000012/rep_000_seed_101,12,0,101,1,2,step-0002-sales-sum-region-06-2017,1,True,339424,0.339424,341740,0.34174,9b528a234ae051d4dda725f1795cdb1c49674610190a8d91407cc5eef8c3f11f,True
warmup,8,4,53,level_000024/rep_000_seed_101::step_0001,level_000024/rep_000_seed_101,24,0,101,0,1,step-0001-sales-sum-region-04-2018,0,True,561976,0.561976,564389,0.564389,0416b20858d6c23029ac99424bc410d8730ba0626b3d5201ec8182cf73943091,True
warmup,8,5,54,level_000006/rep_000_seed_101::step_0001,level_000006/rep_000_seed_101,6,0,101,0,1,step-0001-sales-sum-region-04-2018,0,True,330487,0.330487,332845,0.332845,11c096270f44fd8fcd1af9358779957aa1b7a59d246241acb52c62f98ad080ea,True
warmup,9,0,55,level_000006/rep_000_seed_101::step_0001,level_000006/rep_000_seed_101,6,0,101,0,1,step-0001-sales-sum-region-04-2018,0,True,347035,0.347035,349132,0.349132,11c096270f44fd8fcd1af9358779957aa1b7a59d246241acb52c62f98ad080ea,True
warmup,9,1,56,level_000012/rep_000_seed_101::step_0001,level_000012/rep_000_seed_101,12,0,101,0,1,step-0001-sales-sum-region-04-2018,0,True,387137,0.387137,389305,0.389305,0ac4eae0427cb78144e121dcad7d34f1d5bf8ce5eb9a4eff12efbad739b752f2,True
warmup,9,2,57,level_000024/rep_000_seed_101::step_0002,level_000024/rep_000_seed_101,24,0,101,1,2,step-0002-sales-sum-region-06-2017,1,True,466822,0.466822,469459,0.469459,46f337445dbb84526e62d2ae8db3379ef88452336e8de51ca4ea4c2be0f99a92,True
warmup,9,3,58,level_000006/rep_000_seed_101::step_0002,level_000006/rep_000_seed_101,6,0,101,1,2,step-0002-sales-sum-region-06-2017,1,True,451913,0.451913,455493,0.455493,c4e139b919430c25a0e931ff0e306c0ade1547ed83d9af5dd0d9f38f16bd05ab,True
warmup,9,4,59,level_000012/rep_000_seed_101::step_0002,level_000012/rep_000_seed_101,12,0,101,1,2,step-0002-sales-sum-region-06-2017,1,True,335860,0.33586,338051,0.338051,9b528a234ae051d4dda725f1795cdb1c49674610190a8d91407cc5eef8c3f11f,True
warmup,9,5,60,level_000024/rep_000_seed_101::step_0001,level_000024/rep_000_seed_101,24,0,101,0,1,step-0001-sales-sum-region-04-2018,0,True,547355,0.547355,550289,0.550289,0416b20858d6c23029ac99424bc410d8730ba0626b3d5201ec8182cf73943091,True
measurement,0,0,61,level_000024/rep_000_seed_101::step_0002,level_000024/rep_000_seed_101,24,0,101,1,2,step-0002-sales-sum-region-06-2017,1,True,868254,0.868254,872561,0.872561,46f337445dbb84526e62d2ae8db3379ef88452336e8de51ca4ea4c2be0f99a92,True
measurement,0,1,62,level_000012/rep_000_seed_101::step_0001,level_000012/rep_000_seed_101,12,0,101,0,1,step-0001-sales-sum-region-04-2018,0,True,391022,0.391022,393097,0.393097,0ac4eae0427cb78144e121dcad7d34f1d5bf8ce5eb9a4eff12efbad739b752f2,True
measurement,0,2,63,level_000006/rep_000_seed_101::step_0001,level_000006/rep_000_seed_101,6,0,101,0,1,step-0001-sales-sum-region-04-2018,0,True,335849,0.335849,337997,0.337997,11c096270f44fd8fcd1af9358779957aa1b7a59d246241acb52c62f98ad080ea,True
measurement,0,3,64,level_000024/rep_000_seed_101::step_0001,level_000024/rep_000_seed_101,24,0,101,0,1,step-0001-sales-sum-region-04-2018,0,True,541427,0.541427,544023,0.544023,0416b20858d6c23029ac99424bc410d8730ba0626b3d5201ec8182cf73943091,True
measurement,0,4,65,level_000012/rep_000_seed_101::step_0002,level_000012/rep_000_seed_101,12,0,101,1,2,step-0002-sales-sum-region-06-2017,1,True,358973,0.358973,361476,0.361476,9b528a234ae051d4dda725f1795cdb1c49674610190a8d91407cc5eef8c3f11f,True
measurement,0,5,66,level_000006/rep_000_seed_101::step_0002,level_000006/rep_000_seed_101,6,0,101,1,2,step-0002-sales-sum-region-06-2017,1,True,288620,0.28862,291237,0.291237,c4e139b919430c25a0e931ff0e306c0ade1547ed83d9af5dd0d9f38f16bd05ab,True
measurement,1,0,67,level_000012/rep_000_seed_101::step_0001,level_000012/rep_000_seed_101,12,0,101,0,1,step-0001-sales-sum-region-04-2018,0,True,391778,0.391778,394146,0.394146,0ac4eae0427cb78144e121dcad7d34f1d5bf8ce5eb9a4eff12efbad739b752f2,True
measurement,1,1,68,level_000006/rep_000_seed_101::step_0001,level_000006/rep_000_seed_101,6,0,101,0,1,step-0001-sales-sum-region-04-2018,0,True,338732,0.338732,340907,0.340907,11c096270f44fd8fcd1af9358779957aa1b7a59d246241acb52c62f98ad080ea,True
measurement,1,2,69,level_000024/rep_000_seed_101::step_0001,level_000024/rep_000_seed_101,24,0,101,0,1,step-0001-sales-sum-region-04-2018,0,True,561984,0.561984,564696,0.564696,0416b20858d6c23029ac99424bc410d8730ba0626b3d5201ec8182cf73943091,True
measurement,1,3,70,level_000012/rep_000_seed_101::step_0002,level_000012/rep_000_seed_101,12,0,101,1,2,step-0002-sales-sum-region-06-2017,1,True,614224,0.614224,618327,0.618327,9b528a234ae051d4dda725f1795cdb1c49674610190a8d91407cc5eef8c3f11f,True
measurement,1,4,71,level_000006/rep_000_seed_101::step_0002,level_000006/rep_000_seed_101,6,0,101,1,2,step-0002-sales-sum-region-06-2017,1,True,527898,0.527898,530873,0.530873,c4e139b919430c25a0e931ff0e306c0ade1547ed83d9af5dd0d9f38f16bd05ab,True
measurement,1,5,72,level_000024/rep_000_seed_101::step_0002,level_000024/rep_000_seed_101,24,0,101,1,2,step-0002-sales-sum-region-06-2017,1,True,456903,0.456903,459524,0.459524,46f337445dbb84526e62d2ae8db3379ef88452336e8de51ca4ea4c2be0f99a92,True
measurement,2,0,73,level_000006/rep_000_seed_101::step_0001,level_000006/rep_000_seed_101,6,0,101,0,1,step-0001-sales-sum-region-04-2018,0,True,330052,0.330052,332095,0.332095,11c096270f44fd8fcd1af9358779957aa1b7a59d246241acb52c62f98ad080ea,True
measurement,2,1,74,level_000024/rep_000_seed_101::step_0001,level_000024/rep_000_seed_101,24,0,101,0,1,step-0001-sales-sum-region-04-2018,0,True,558759,0.558759,561026,0.561026,0416b20858d6c23029ac99424bc410d8730ba0626b3d5201ec8182cf73943091,True
measurement,2,2,75,level_000012/rep_000_seed_101::step_0002,level_000012/rep_000_seed_101,12,0,101,1,2,step-0002-sales-sum-region-06-2017,1,True,351696,0.351696,354054,0.354054,9b528a234ae051d4dda725f1795cdb1c49674610190a8d91407cc5eef8c3f11f,True
measurement,2,3,76,level_000006/rep_000_seed_101::step_0002,level_000006/rep_000_seed_101,6,0,101,1,2,step-0002-sales-sum-region-06-2017,1,True,283656,0.283656,285449,0.285449,c4e139b919430c25a0e931ff0e306c0ade1547ed83d9af5dd0d9f38f16bd05ab,True
measurement,2,4,77,level_000024/rep_000_seed_101::step_0002,level_000024/rep_000_seed_101,24,0,101,1,2,step-0002-sales-sum-region-06-2017,1,True,460167,0.460167,462327,0.462327,46f337445dbb84526e62d2ae8db3379ef88452336e8de51ca4ea4c2be0f99a92,True
measurement,2,5,78,level_000012/rep_000_seed_101::step_0001,level_000012/rep_000_seed_101,12,0,101,0,1,step-0001-sales-sum-region-04-2018,0,True,405005,0.405005,407366,0.407366,0ac4eae0427cb78144e121dcad7d34f1d5bf8ce5eb9a4eff12efbad739b752f2,True
measurement,3,0,79,level_000024/rep_000_seed_101::step_0001,level_000024/rep_000_seed_101,24,0,101,0,1,step-0001-sales-sum-region-04-2018,0,True,560880,0.56088,563191,0.563191,0416b20858d6c23029ac99424bc410d8730ba0626b3d5201ec8182cf73943091,True
measurement,3,1,80,level_000012/rep_000_seed_101::step_0002,level_000012/rep_000_seed_101,12,0,101,1,2,step-0002-sales-sum-region-06-2017,1,True,338204,0.338204,340384,0.340384,9b528a234ae051d4dda725f1795cdb1c49674610190a8d91407cc5eef8c3f11f,True
measurement,3,2,81,level_000006/rep_000_seed_101::step_0002,level_000006/rep_000_seed_101,6,0,101,1,2,step-0002-sales-sum-region-06-2017,1,True,480624,0.480624,483776,0.483776,c4e139b919430c25a0e931ff0e306c0ade1547ed83d9af5dd0d9f38f16bd05ab,True
measurement,3,3,82,level_000024/rep_000_seed_101::step_0002,level_000024/rep_000_seed_101,24,0,101,1,2,step-0002-sales-sum-region-06-2017,1,True,464345,0.464345,466872,0.466872,46f337445dbb84526e62d2ae8db3379ef88452336e8de51ca4ea4c2be0f99a92,True
measurement,3,4,83,level_000012/rep_000_seed_101::step_0001,level_000012/rep_000_seed_101,12,0,101,0,1,step-0001-sales-sum-region-04-2018,0,True,398534,0.398534,401917,0.401917,0ac4eae0427cb78144e121dcad7d34f1d5bf8ce5eb9a4eff12efbad739b752f2,True
measurement,3,5,84,level_000006/rep_000_seed_101::step_0001,level_000006/rep_000_seed_101,6,0,101,0,1,step-0001-sales-sum-region-04-2018,0,True,340144,0.340144,342457,0.342457,11c096270f44fd8fcd1af9358779957aa1b7a59d246241acb52c62f98ad080ea,True
measurement,4,0,85,level_000012/rep_000_seed_101::step_0002,level_000012/rep_000_seed_101,12,0,101,1,2,step-0002-sales-sum-region-06-2017,1,True,347791,0.347791,350536,0.350536,9b528a234ae051d4dda725f1795cdb1c49674610190a8d91407cc5eef8c3f11f,True
measurement,4,1,86,level_000006/rep_000_seed_101::step_0002,level_000006/rep_000_seed_101,6,0,101,1,2,step-0002-sales-sum-region-06-2017,1,True,284656,0.284656,286847,0.286847,c4e139b919430c25a0e931ff0e306c0ade1547ed83d9af5dd0d9f38f16bd05ab,True
measurement,4,2,87,level_000024/rep_000_seed_101::step_0002,level_000024/rep_000_seed_101,24,0,101,1,2,step-0002-sales-sum-region-06-2017,1,True,490363,0.490363,493754,0.493754,46f337445dbb84526e62d2ae8db3379ef88452336e8de51ca4ea4c2be0f99a92,True
measurement,4,3,88,level_000012/rep_000_seed_101::step_0001,level_000012/rep_000_seed_101,12,0,101,0,1,step-0001-sales-sum-region-04-2018,0,True,388713,0.388713,391185,0.391185,0ac4eae0427cb78144e121dcad7d34f1d5bf8ce5eb9a4eff12efbad739b752f2,True
measurement,4,4,89,level_000006/rep_000_seed_101::step_0001,level_000006/rep_000_seed_101,6,0,101,0,1,step-0001-sales-sum-region-04-2018,0,True,337852,0.337852,340367,0.340367,11c096270f44fd8fcd1af9358779957aa1b7a59d246241acb52c62f98ad080ea,True
measurement,4,5,90,level_000024/rep_000_seed_101::step_0001,level_000024/rep_000_seed_101,24,0,101,0,1,step-0001-sales-sum-region-04-2018,0,True,550720,0.55072,553129,0.553129,0416b20858d6c23029ac99424bc410d8730ba0626b3d5201ec8182cf73943091,True
measurement,5,0,91,level_000006/rep_000_seed_101::step_0002,level_000006/rep_000_seed_101,6,0,101,1,2,step-0002-sales-sum-region-06-2017,1,True,285277,0.285277,287413,0.287413,c4e139b919430c25a0e931ff0e306c0ade1547ed83d9af5dd0d9f38f16bd05ab,True
measurement,5,1,92,level_000024/rep_000_seed_101::step_0002,level_000024/rep_000_seed_101,24,0,101,1,2,step-0002-sales-sum-region-06-2017,1,True,469435,0.469435,471866,0.471866,46f337445dbb84526e62d2ae8db3379ef88452336e8de51ca4ea4c2be0f99a92,True
measurement,5,2,93,level_000012/rep_000_seed_101::step_0001,level_000012/rep_000_seed_101,12,0,101,0,1,step-0001-sales-sum-region-04-2018,0,True,392428,0.392428,394648,0.394648,0ac4eae0427cb78144e121dcad7d34f1d5bf8ce5eb9a4eff12efbad739b752f2,True
measurement,5,3,94,level_000006/rep_000_seed_101::step_0001,level_000006/rep_000_seed_101,6,0,101,0,1,step-0001-sales-sum-region-04-2018,0,True,554922,0.554922,558064,0.558064,11c096270f44fd8fcd1af9358779957aa1b7a59d246241acb52c62f98ad080ea,True
measurement,5,4,95,level_000024/rep_000_seed_101::step_0001,level_000024/rep_000_seed_101,24,0,101,0,1,step-0001-sales-sum-region-04-2018,0,True,562441,0.562441,565111,0.565111,0416b20858d6c23029ac99424bc410d8730ba0626b3d5201ec8182cf73943091,True
measurement,5,5,96,level_000012/rep_000_seed_101::step_0002,level_000012/rep_000_seed_101,12,0,101,1,2,step-0002-sales-sum-region-06-2017,1,True,341783,0.341783,344192,0.344192,9b528a234ae051d4dda725f1795cdb1c49674610190a8d91407cc5eef8c3f11f,True
measurement,6,0,97,level_000006/rep_000_seed_101::step_0002,level_000006/rep_000_seed_101,6,0,101,1,2,step-0002-sales-sum-region-06-2017,1,True,283229,0.283229,285333,0.285333,c4e139b919430c25a0e931ff0e306c0ade1547ed83d9af5dd0d9f38f16bd05ab,True
measurement,6,1,98,level_000012/rep_000_seed_101::step_0002,level_000012/rep_000_seed_101,12,0,101,1,2,step-0002-sales-sum-region-06-2017,1,True,334572,0.334572,337591,0.337591,9b528a234ae051d4dda725f1795cdb1c49674610190a8d91407cc5eef8c3f11f,True
measurement,6,2,99,level_000024/rep_000_seed_101::step_0001,level_000024/rep_000_seed_101,24,0,101,0,1,step-0001-sales-sum-region-04-2018,0,True,541653,0.541653,543860,0.54386,0416b20858d6c23029ac99424bc410d8730ba0626b3d5201ec8182cf73943091,True
measurement,6,3,100,level_000006/rep_000_seed_101::step_0001,level_000006/rep_000_seed_101,6,0,101,0,1,step-0001-sales-sum-region-04-2018,0,True,337837,0.337837,340131,0.340131,11c096270f44fd8fcd1af9358779957aa1b7a59d246241acb52c62f98ad080ea,True
measurement,6,4,101,level_000012/rep_000_seed_101::step_0001,level_000012/rep_000_seed_101,12,0,101,0,1,step-0001-sales-sum-region-04-2018,0,True,397046,0.397046,399391,0.399391,0ac4eae0427cb78144e121dcad7d34f1d5bf8ce5eb9a4eff12efbad739b752f2,True
measurement,6,5,102,level_000024/rep_000_seed_101::step_0002,level_000024/rep_000_seed_101,24,0,101,1,2,step-0002-sales-sum-region-06-2017,1,True,473652,0.473652,475951,0.475951,46f337445dbb84526e62d2ae8db3379ef88452336e8de51ca4ea4c2be0f99a92,True
measurement,7,0,103,level_000024/rep_000_seed_101::step_0002,level_000024/rep_000_seed_101,24,0,101,1,2,step-0002-sales-sum-region-06-2017,1,True,462872,0.462872,464989,0.464989,46f337445dbb84526e62d2ae8db3379ef88452336e8de51ca4ea4c2be0f99a92,True
measurement,7,1,104,level_000006/rep_000_seed_101::step_0002,level_000006/rep_000_seed_101,6,0,101,1,2,step-0002-sales-sum-region-06-2017,1,True,298365,0.298365,300501,0.300501,c4e139b919430c25a0e931ff0e306c0ade1547ed83d9af5dd0d9f38f16bd05ab,True
measurement,7,2,105,level_000012/rep_000_seed_101::step_0002,level_000012/rep_000_seed_101,12,0,101,1,2,step-0002-sales-sum-region-06-2017,1,True,593710,0.59371,597686,0.597686,9b528a234ae051d4dda725f1795cdb1c49674610190a8d91407cc5eef8c3f11f,True
measurement,7,3,106,level_000024/rep_000_seed_101::step_0001,level_000024/rep_000_seed_101,24,0,101,0,1,step-0001-sales-sum-region-04-2018,0,True,543795,0.543795,546121,0.546121,0416b20858d6c23029ac99424bc410d8730ba0626b3d5201ec8182cf73943091,True
measurement,7,4,107,level_000006/rep_000_seed_101::step_0001,level_000006/rep_000_seed_101,6,0,101,0,1,step-0001-sales-sum-region-04-2018,0,True,344682,0.344682,347309,0.347309,11c096270f44fd8fcd1af9358779957aa1b7a59d246241acb52c62f98ad080ea,True
measurement,7,5,108,level_000012/rep_000_seed_101::step_0001,level_000012/rep_000_seed_101,12,0,101,0,1,step-0001-sales-sum-region-04-2018,0,True,391758,0.391758,394591,0.394591,0ac4eae0427cb78144e121dcad7d34f1d5bf8ce5eb9a4eff12efbad739b752f2,True
measurement,8,0,109,level_000012/rep_000_seed_101::step_0001,level_000012/rep_000_seed_101,12,0,101,0,1,step-0001-sales-sum-region-04-2018,0,True,398120,0.39812,400810,0.40081,0ac4eae0427cb78144e121dcad7d34f1d5bf8ce5eb9a4eff12efbad739b752f2,True
measurement,8,1,110,level_000024/rep_000_seed_101::step_0002,level_000024/rep_000_seed_101,24,0,101,1,2,step-0002-sales-sum-region-06-2017,1,True,673557,0.673557,677389,0.677389,46f337445dbb84526e62d2ae8db3379ef88452336e8de51ca4ea4c2be0f99a92,True
measurement,8,2,111,level_000006/rep_000_seed_101::step_0002,level_000006/rep_000_seed_101,6,0,101,1,2,step-0002-sales-sum-region-06-2017,1,True,542975,0.542975,547998,0.547998,c4e139b919430c25a0e931ff0e306c0ade1547ed83d9af5dd0d9f38f16bd05ab,True
measurement,8,3,112,level_000012/rep_000_seed_101::step_0002,level_000012/rep_000_seed_101,12,0,101,1,2,step-0002-sales-sum-region-06-2017,1,True,339337,0.339337,341328,0.341328,9b528a234ae051d4dda725f1795cdb1c49674610190a8d91407cc5eef8c3f11f,True
measurement,8,4,113,level_000024/rep_000_seed_101::step_0001,level_000024/rep_000_seed_101,24,0,101,0,1,step-0001-sales-sum-region-04-2018,0,True,587771,0.587771,590618,0.590618,0416b20858d6c23029ac99424bc410d8730ba0626b3d5201ec8182cf73943091,True
measurement,8,5,114,level_000006/rep_000_seed_101::step_0001,level_000006/rep_000_seed_101,6,0,101,0,1,step-0001-sales-sum-region-04-2018,0,True,339311,0.339311,341697,0.341697,11c096270f44fd8fcd1af9358779957aa1b7a59d246241acb52c62f98ad080ea,True
measurement,9,0,115,level_000006/rep_000_seed_101::step_0001,level_000006/rep_000_seed_101,6,0,101,0,1,step-0001-sales-sum-region-04-2018,0,True,341042,0.341042,343447,0.343447,11c096270f44fd8fcd1af9358779957aa1b7a59d246241acb52c62f98ad080ea,True
measurement,9,1,116,level_000012/rep_000_seed_101::step_0001,level_000012/rep_000_seed_101,12,0,101,0,1,step-0001-sales-sum-region-04-2018,0,True,399761,0.399761,402552,0.402552,0ac4eae0427cb78144e121dcad7d34f1d5bf8ce5eb9a4eff12efbad739b752f2,True
measurement,9,2,117,level_000024/rep_000_seed_101::step_0002,level_000024/rep_000_seed_101,24,0,101,1,2,step-0002-sales-sum-region-06-2017,1,True,916470,0.91647,920333,0.920333,46f337445dbb84526e62d2ae8db3379ef88452336e8de51ca4ea4c2be0f99a92,True
measurement,9,3,118,level_000006/rep_000_seed_101::step_0002,level_000006/rep_000_seed_101,6,0,101,1,2,step-0002-sales-sum-region-06-2017,1,True,456776,0.456776,460714,0.460714,c4e139b919430c25a0e931ff0e306c0ade1547ed83d9af5dd0d9f38f16bd05ab,True
measurement,9,4,119,level_000012/rep_000_seed_101::step_0002,level_000012/rep_000_seed_101,12,0,101,1,2,step-0002-sales-sum-region-06-2017,1,True,649240,0.64924,654147,0.654147,9b528a234ae051d4dda725f1795cdb1c49674610190a8d91407cc5eef8c3f11f,True
measurement,9,5,120,level_000024/rep_000_seed_101::step_0001,level_000024/rep_000_seed_101,24,0,101,0,1,step-0001-sales-sum-region-04-2018,0,True,561710,0.56171,564286,0.564286,0416b20858d6c23029ac99424bc410d8730ba0626b3d5201ec8182cf73943091,True
measurement,10,0,121,level_000024/rep_000_seed_101::step_0001,level_000024/rep_000_seed_101,24,0,101,0,1,step-0001-sales-sum-region-04-2018,0,True,563345,0.563345,566075,0.566075,0416b20858d6c23029ac99424bc410d8730ba0626b3d5201ec8182cf73943091,True
measurement,10,1,122,level_000006/rep_000_seed_101::step_0001,level_000006/rep_000_seed_101,6,0,101,0,1,step-0001-sales-sum-region-04-2018,0,True,547279,0.547279,551109,0.551109,11c096270f44fd8fcd1af9358779957aa1b7a59d246241acb52c62f98ad080ea,True
measurement,10,2,123,level_000012/rep_000_seed_101::step_0001,level_000012/rep_000_seed_101,12,0,101,0,1,step-0001-sales-sum-region-04-2018,0,True,403404,0.403404,406264,0.406264,0ac4eae0427cb78144e121dcad7d34f1d5bf8ce5eb9a4eff12efbad739b752f2,True
measurement,10,3,124,level_000024/rep_000_seed_101::step_0002,level_000024/rep_000_seed_101,24,0,101,1,2,step-0002-sales-sum-region-06-2017,1,True,477379,0.477379,480369,0.480369,46f337445dbb84526e62d2ae8db3379ef88452336e8de51ca4ea4c2be0f99a92,True
measurement,10,4,125,level_000006/rep_000_seed_101::step_0002,level_000006/rep_000_seed_101,6,0,101,1,2,step-0002-sales-sum-region-06-2017,1,True,290570,0.29057,292763,0.292763,c4e139b919430c25a0e931ff0e306c0ade1547ed83d9af5dd0d9f38f16bd05ab,True
measurement,10,5,126,level_000012/rep_000_seed_101::step_0002,level_000012/rep_000_seed_101,12,0,101,1,2,step-0002-sales-sum-region-06-2017,1,True,600767,0.600767,604179,0.604179,9b528a234ae051d4dda725f1795cdb1c49674610190a8d91407cc5eef8c3f11f,True
measurement,11,0,127,level_000012/rep_000_seed_101::step_0002,level_000012/rep_000_seed_101,12,0,101,1,2,step-0002-sales-sum-region-06-2017,1,True,337460,0.33746,339571,0.339571,9b528a234ae051d4dda725f1795cdb1c49674610190a8d91407cc5eef8c3f11f,True
measurement,11,1,128,level_000024/rep_000_seed_101::step_0001,level_000024/rep_000_seed_101,24,0,101,0,1,step-0001-sales-sum-region-04-2018,0,True,555713,0.555713,558087,0.558087,0416b20858d6c23029ac99424bc410d8730ba0626b3d5201ec8182cf73943091,True
measurement,11,2,129,level_000006/rep_000_seed_101::step_0001,level_000006/rep_000_seed_101,6,0,101,0,1,step-0001-sales-sum-region-04-2018,0,True,340264,0.340264,342320,0.34232,11c096270f44fd8fcd1af9358779957aa1b7a59d246241acb52c62f98ad080ea,True
measurement,11,3,130,level_000012/rep_000_seed_101::step_0001,level_000012/rep_000_seed_101,12,0,101,0,1,step-0001-sales-sum-region-04-2018,0,True,386529,0.386529,389007,0.389007,0ac4eae0427cb78144e121dcad7d34f1d5bf8ce5eb9a4eff12efbad739b752f2,True
measurement,11,4,131,level_000024/rep_000_seed_101::step_0002,level_000024/rep_000_seed_101,24,0,101,1,2,step-0002-sales-sum-region-06-2017,1,True,463055,0.463055,465578,0.465578,46f337445dbb84526e62d2ae8db3379ef88452336e8de51ca4ea4c2be0f99a92,True
measurement,11,5,132,level_000006/rep_000_seed_101::step_0002,level_000006/rep_000_seed_101,6,0,101,1,2,step-0002-sales-sum-region-06-2017,1,True,283601,0.283601,285619,0.285619,c4e139b919430c25a0e931ff0e306c0ade1547ed83d9af5dd0d9f38f16bd05ab,True
measurement,12,0,133,level_000024/rep_000_seed_101::step_0002,level_000024/rep_000_seed_101,24,0,101,1,2,step-0002-sales-sum-region-06-2017,1,True,450694,0.450694,452905,0.452905,46f337445dbb84526e62d2ae8db3379ef88452336e8de51ca4ea4c2be0f99a92,True
measurement,12,1,134,level_000012/rep_000_seed_101::step_0001,level_000012/rep_000_seed_101,12,0,101,0,1,step-0001-sales-sum-region-04-2018,0,True,372711,0.372711,374612,0.374612,0ac4eae0427cb78144e121dcad7d34f1d5bf8ce5eb9a4eff12efbad739b752f2,True
measurement,12,2,135,level_000006/rep_000_seed_101::step_0001,level_000006/rep_000_seed_101,6,0,101,0,1,step-0001-sales-sum-region-04-2018,0,True,324094,0.324094,326221,0.326221,11c096270f44fd8fcd1af9358779957aa1b7a59d246241acb52c62f98ad080ea,True
measurement,12,3,136,level_000024/rep_000_seed_101::step_0001,level_000024/rep_000_seed_101,24,0,101,0,1,step-0001-sales-sum-region-04-2018,0,True,728630,0.72863,732510,0.73251,0416b20858d6c23029ac99424bc410d8730ba0626b3d5201ec8182cf73943091,True
measurement,12,4,137,level_000012/rep_000_seed_101::step_0002,level_000012/rep_000_seed_101,12,0,101,1,2,step-0002-sales-sum-region-06-2017,1,True,331819,0.331819,333874,0.333874,9b528a234ae051d4dda725f1795cdb1c49674610190a8d91407cc5eef8c3f11f,True
measurement,12,5,138,level_000006/rep_000_seed_101::step_0002,level_000006/rep_000_seed_101,6,0,101,1,2,step-0002-sales-sum-region-06-2017,1,True,700587,0.700587,592079,0.592079,c4e139b919430c25a0e931ff0e306c0ade1547ed83d9af5dd0d9f38f16bd05ab,True
measurement,13,0,139,level_000012/rep_000_seed_101::step_0001,level_000012/rep_000_seed_101,12,0,101,0,1,step-0001-sales-sum-region-04-2018,0,True,389309,0.389309,391577,0.391577,0ac4eae0427cb78144e121dcad7d34f1d5bf8ce5eb9a4eff12efbad739b752f2,True
measurement,13,1,140,level_000006/rep_000_seed_101::step_0001,level_000006/rep_000_seed_101,6,0,101,0,1,step-0001-sales-sum-region-04-2018,0,True,334433,0.334433,336724,0.336724,11c096270f44fd8fcd1af9358779957aa1b7a59d246241acb52c62f98ad080ea,True
measurement,13,2,141,level_000024/rep_000_seed_101::step_0001,level_000024/rep_000_seed_101,24,0,101,0,1,step-0001-sales-sum-region-04-2018,0,True,561486,0.561486,564116,0.564116,0416b20858d6c23029ac99424bc410d8730ba0626b3d5201ec8182cf73943091,True
measurement,13,3,142,level_000012/rep_000_seed_101::step_0002,level_000012/rep_000_seed_101,12,0,101,1,2,step-0002-sales-sum-region-06-2017,1,True,365544,0.365544,368760,0.36876,9b528a234ae051d4dda725f1795cdb1c49674610190a8d91407cc5eef8c3f11f,True
measurement,13,4,143,level_000006/rep_000_seed_101::step_0002,level_000006/rep_000_seed_101,6,0,101,1,2,step-0002-sales-sum-region-06-2017,1,True,281682,0.281682,283743,0.283743,c4e139b919430c25a0e931ff0e306c0ade1547ed83d9af5dd0d9f38f16bd05ab,True
measurement,13,5,144,level_000024/rep_000_seed_101::step_0002,level_000024/rep_000_seed_101,24,0,101,1,2,step-0002-sales-sum-region-06-2017,1,True,473314,0.473314,476017,0.476017,46f337445dbb84526e62d2ae8db3379ef88452336e8de51ca4ea4c2be0f99a92,True
measurement,14,0,145,level_000006/rep_000_seed_101::step_0001,level_000006/rep_000_seed_101,6,0,101,0,1,step-0001-sales-sum-region-04-2018,0,True,333965,0.333965,336067,0.336067,11c096270f44fd8fcd1af9358779957aa1b7a59d246241acb52c62f98ad080ea,True
measurement,14,1,146,level_000024/rep_000_seed_101::step_0001,level_000024/rep_000_seed_101,24,0,101,0,1,step-0001-sales-sum-region-04-2018,0,True,605066,0.605066,607351,0.607351,0416b20858d6c23029ac99424bc410d8730ba0626b3d5201ec8182cf73943091,True
measurement,14,2,147,level_000012/rep_000_seed_101::step_0002,level_000012/rep_000_seed_101,12,0,101,1,2,step-0002-sales-sum-region-06-2017,1,True,2007690,2.00769,736753,0.736753,9b528a234ae051d4dda725f1795cdb1c49674610190a8d91407cc5eef8c3f11f,True
measurement,14,3,148,level_000006/rep_000_seed_101::step_0002,level_000006/rep_000_seed_101,6,0,101,1,2,step-0002-sales-sum-region-06-2017,1,True,1240244,1.240244,651410,0.65141,c4e139b919430c25a0e931ff0e306c0ade1547ed83d9af5dd0d9f38f16bd05ab,True
measurement,14,4,149,level_000024/rep_000_seed_101::step_0002,level_000024/rep_000_seed_101,24,0,101,1,2,step-0002-sales-sum-region-06-2017,1,True,1594479,1.594479,1034054,1.034054,46f337445dbb84526e62d2ae8db3379ef88452336e8de51ca4ea4c2be0f99a92,True
measurement,14,5,150,level_000012/rep_000_seed_101::step_0001,level_000012/rep_000_seed_101,12,0,101,0,1,step-0001-sales-sum-region-04-2018,0,True,1498813,1.498813,836580,0.83658,0ac4eae0427cb78144e121dcad7d34f1d5bf8ce5eb9a4eff12efbad739b752f2,True
measurement,15,0,151,level_000024/rep_000_seed_101::step_0001,level_000024/rep_000_seed_101,24,0,101,0,1,step-0001-sales-sum-region-04-2018,0,True,574142,0.574142,576596,0.576596,0416b20858d6c23029ac99424bc410d8730ba0626b3d5201ec8182cf73943091,True
measurement,15,1,152,level_000012/rep_000_seed_101::step_0002,level_000012/rep_000_seed_101,12,0,101,1,2,step-0002-sales-sum-region-06-2017,1,True,630865,0.630865,634939,0.634939,9b528a234ae051d4dda725f1795cdb1c49674610190a8d91407cc5eef8c3f11f,True
measurement,15,2,153,level_000006/rep_000_seed_101::step_0002,level_000006/rep_000_seed_101,6,0,101,1,2,step-0002-sales-sum-region-06-2017,1,True,288413,0.288413,291016,0.291016,c4e139b919430c25a0e931ff0e306c0ade1547ed83d9af5dd0d9f38f16bd05ab,True
measurement,15,3,154,level_000024/rep_000_seed_101::step_0002,level_000024/rep_000_seed_101,24,0,101,1,2,step-0002-sales-sum-region-06-2017,1,True,466927,0.466927,469347,0.469347,46f337445dbb84526e62d2ae8db3379ef88452336e8de51ca4ea4c2be0f99a92,True
measurement,15,4,155,level_000012/rep_000_seed_101::step_0001,level_000012/rep_000_seed_101,12,0,101,0,1,step-0001-sales-sum-region-04-2018,0,True,406943,0.406943,409652,0.409652,0ac4eae0427cb78144e121dcad7d34f1d5bf8ce5eb9a4eff12efbad739b752f2,True
measurement,15,5,156,level_000006/rep_000_seed_101::step_0001,level_000006/rep_000_seed_101,6,0,101,0,1,step-0001-sales-sum-region-04-2018,0,True,606740,0.60674,610388,0.610388,11c096270f44fd8fcd1af9358779957aa1b7a59d246241acb52c62f98ad080ea,True
measurement,16,0,157,level_000012/rep_000_seed_101::step_0002,level_000012/rep_000_seed_101,12,0,101,1,2,step-0002-sales-sum-region-06-2017,1,True,342058,0.342058,344395,0.344395,9b528a234ae051d4dda725f1795cdb1c49674610190a8d91407cc5eef8c3f11f,True
measurement,16,1,158,level_000006/rep_000_seed_101::step_0002,level_000006/rep_000_seed_101,6,0,101,1,2,step-0002-sales-sum-region-06-2017,1,True,285213,0.285213,287568,0.287568,c4e139b919430c25a0e931ff0e306c0ade1547ed83d9af5dd0d9f38f16bd05ab,True
measurement,16,2,159,level_000024/rep_000_seed_101::step_0002,level_000024/rep_000_seed_101,24,0,101,1,2,step-0002-sales-sum-region-06-2017,1,True,461952,0.461952,464478,0.464478,46f337445dbb84526e62d2ae8db3379ef88452336e8de51ca4ea4c2be0f99a92,True
measurement,16,3,160,level_000012/rep_000_seed_101::step_0001,level_000012/rep_000_seed_101,12,0,101,0,1,step-0001-sales-sum-region-04-2018,0,True,663131,0.663131,667193,0.667193,0ac4eae0427cb78144e121dcad7d34f1d5bf8ce5eb9a4eff12efbad739b752f2,True
measurement,16,4,161,level_000006/rep_000_seed_101::step_0001,level_000006/rep_000_seed_101,6,0,101,0,1,step-0001-sales-sum-region-04-2018,0,True,718763,0.718763,670824,0.670824,11c096270f44fd8fcd1af9358779957aa1b7a59d246241acb52c62f98ad080ea,True
measurement,16,5,162,level_000024/rep_000_seed_101::step_0001,level_000024/rep_000_seed_101,24,0,101,0,1,step-0001-sales-sum-region-04-2018,0,True,1284046,1.284046,1164409,1.164409,0416b20858d6c23029ac99424bc410d8730ba0626b3d5201ec8182cf73943091,True
measurement,17,0,163,level_000006/rep_000_seed_101::step_0002,level_000006/rep_000_seed_101,6,0,101,1,2,step-0002-sales-sum-region-06-2017,1,True,553247,0.553247,557652,0.557652,c4e139b919430c25a0e931ff0e306c0ade1547ed83d9af5dd0d9f38f16bd05ab,True
measurement,17,1,164,level_000024/rep_000_seed_101::step_0002,level_000024/rep_000_seed_101,24,0,101,1,2,step-0002-sales-sum-region-06-2017,1,True,467465,0.467465,470927,0.470927,46f337445dbb84526e62d2ae8db3379ef88452336e8de51ca4ea4c2be0f99a92,True
measurement,17,2,165,level_000012/rep_000_seed_101::step_0001,level_000012/rep_000_seed_101,12,0,101,0,1,step-0001-sales-sum-region-04-2018,0,True,397769,0.397769,400151,0.400151,0ac4eae0427cb78144e121dcad7d34f1d5bf8ce5eb9a4eff12efbad739b752f2,True
measurement,17,3,166,level_000006/rep_000_seed_101::step_0001,level_000006/rep_000_seed_101,6,0,101,0,1,step-0001-sales-sum-region-04-2018,0,True,582773,0.582773,586769,0.586769,11c096270f44fd8fcd1af9358779957aa1b7a59d246241acb52c62f98ad080ea,True
measurement,17,4,167,level_000024/rep_000_seed_101::step_0001,level_000024/rep_000_seed_101,24,0,101,0,1,step-0001-sales-sum-region-04-2018,0,True,562722,0.562722,565116,0.565116,0416b20858d6c23029ac99424bc410d8730ba0626b3d5201ec8182cf73943091,True
measurement,17,5,168,level_000012/rep_000_seed_101::step_0002,level_000012/rep_000_seed_101,12,0,101,1,2,step-0002-sales-sum-region-06-2017,1,True,348825,0.348825,351144,0.351144,9b528a234ae051d4dda725f1795cdb1c49674610190a8d91407cc5eef8c3f11f,True
measurement,18,0,169,level_000006/rep_000_seed_101::step_0002,level_000006/rep_000_seed_101,6,0,101,1,2,step-0002-sales-sum-region-06-2017,1,True,286389,0.286389,288555,0.288555,c4e139b919430c25a0e931ff0e306c0ade1547ed83d9af5dd0d9f38f16bd05ab,True
measurement,18,1,170,level_000012/rep_000_seed_101::step_0002,level_000012/rep_000_seed_101,12,0,101,1,2,step-0002-sales-sum-region-06-2017,1,True,344698,0.344698,347057,0.347057,9b528a234ae051d4dda725f1795cdb1c49674610190a8d91407cc5eef8c3f11f,True
measurement,18,2,171,level_000024/rep_000_seed_101::step_0001,level_000024/rep_000_seed_101,24,0,101,0,1,step-0001-sales-sum-region-04-2018,0,True,546682,0.546682,549168,0.549168,0416b20858d6c23029ac99424bc410d8730ba0626b3d5201ec8182cf73943091,True
measurement,18,3,172,level_000006/rep_000_seed_101::step_0001,level_000006/rep_000_seed_101,6,0,101,0,1,step-0001-sales-sum-region-04-2018,0,True,340288,0.340288,342574,0.342574,11c096270f44fd8fcd1af9358779957aa1b7a59d246241acb52c62f98ad080ea,True
measurement,18,4,173,level_000012/rep_000_seed_101::step_0001,level_000012/rep_000_seed_101,12,0,101,0,1,step-0001-sales-sum-region-04-2018,0,True,587006,0.587006,590451,0.590451,0ac4eae0427cb78144e121dcad7d34f1d5bf8ce5eb9a4eff12efbad739b752f2,True
measurement,18,5,174,level_000024/rep_000_seed_101::step_0002,level_000024/rep_000_seed_101,24,0,101,1,2,step-0002-sales-sum-region-06-2017,1,True,461956,0.461956,464394,0.464394,46f337445dbb84526e62d2ae8db3379ef88452336e8de51ca4ea4c2be0f99a92,True
measurement,19,0,175,level_000024/rep_000_seed_101::step_0002,level_000024/rep_000_seed_101,24,0,101,1,2,step-0002-sales-sum-region-06-2017,1,True,457664,0.457664,459977,0.459977,46f337445dbb84526e62d2ae8db3379ef88452336e8de51ca4ea4c2be0f99a92,True
measurement,19,1,176,level_000006/rep_000_seed_101::step_0002,level_000006/rep_000_seed_101,6,0,101,1,2,step-0002-sales-sum-region-06-2017,1,True,280351,0.280351,282784,0.282784,c4e139b919430c25a0e931ff0e306c0ade1547ed83d9af5dd0d9f38f16bd05ab,True
measurement,19,2,177,level_000012/rep_000_seed_101::step_0002,level_000012/rep_000_seed_101,12,0,101,1,2,step-0002-sales-sum-region-06-2017,1,True,354211,0.354211,356763,0.356763,9b528a234ae051d4dda725f1795cdb1c49674610190a8d91407cc5eef8c3f11f,True
measurement,19,3,178,level_000024/rep_000_seed_101::step_0001,level_000024/rep_000_seed_101,24,0,101,0,1,step-0001-sales-sum-region-04-2018,0,True,546013,0.546013,548255,0.548255,0416b20858d6c23029ac99424bc410d8730ba0626b3d5201ec8182cf73943091,True
measurement,19,4,179,level_000006/rep_000_seed_101::step_0001,level_000006/rep_000_seed_101,6,0,101,0,1,step-0001-sales-sum-region-04-2018,0,True,370347,0.370347,372818,0.372818,11c096270f44fd8fcd1af9358779957aa1b7a59d246241acb52c62f98ad080ea,True
measurement,19,5,180,level_000012/rep_000_seed_101::step_0001,level_000012/rep_000_seed_101,12,0,101,0,1,step-0001-sales-sum-region-04-2018,0,True,649292,0.649292,652198,0.652198,0ac4eae0427cb78144e121dcad7d34f1d5bf8ce5eb9a4eff12efbad739b752f2,True
measurement,20,0,181,level_000012/rep_000_seed_101::step_0001,level_000012/rep_000_seed_101,12,0,101,0,1,step-0001-sales-sum-region-04-2018,0,True,388613,0.388613,390655,0.390655,0ac4eae0427cb78144e121dcad7d34f1d5bf8ce5eb9a4eff12efbad739b752f2,True
measurement,20,1,182,level_000024/rep_000_seed_101::step_0002,level_000024/rep_000_seed_101,24,0,101,1,2,step-0002-sales-sum-region-06-2017,1,True,1419932,1.419932,974523,0.974523,46f337445dbb84526e62d2ae8db3379ef88452336e8de51ca4ea4c2be0f99a92,True
measurement,20,2,183,level_000006/rep_000_seed_101::step_0002,level_000006/rep_000_seed_101,6,0,101,1,2,step-0002-sales-sum-region-06-2017,1,True,509375,0.509375,512411,0.512411,c4e139b919430c25a0e931ff0e306c0ade1547ed83d9af5dd0d9f38f16bd05ab,True
measurement,20,3,184,level_000012/rep_000_seed_101::step_0002,level_000012/rep_000_seed_101,12,0,101,1,2,step-0002-sales-sum-region-06-2017,1,True,336177,0.336177,338478,0.338478,9b528a234ae051d4dda725f1795cdb1c49674610190a8d91407cc5eef8c3f11f,True
measurement,20,4,185,level_000024/rep_000_seed_101::step_0001,level_000024/rep_000_seed_101,24,0,101,0,1,step-0001-sales-sum-region-04-2018,0,True,543272,0.543272,545359,0.545359,0416b20858d6c23029ac99424bc410d8730ba0626b3d5201ec8182cf73943091,True
measurement,20,5,186,level_000006/rep_000_seed_101::step_0001,level_000006/rep_000_seed_101,6,0,101,0,1,step-0001-sales-sum-region-04-2018,0,True,327198,0.327198,329288,0.329288,11c096270f44fd8fcd1af9358779957aa1b7a59d246241acb52c62f98ad080ea,True
measurement,21,0,187,level_000006/rep_000_seed_101::step_0001,level_000006/rep_000_seed_101,6,0,101,0,1,step-0001-sales-sum-region-04-2018,0,True,556999,0.556999,559869,0.559869,11c096270f44fd8fcd1af9358779957aa1b7a59d246241acb52c62f98ad080ea,True
measurement,21,1,188,level_000012/rep_000_seed_101::step_0001,level_000012/rep_000_seed_101,12,0,101,0,1,step-0001-sales-sum-region-04-2018,0,True,382864,0.382864,385199,0.385199,0ac4eae0427cb78144e121dcad7d34f1d5bf8ce5eb9a4eff12efbad739b752f2,True
measurement,21,2,189,level_000024/rep_000_seed_101::step_0002,level_000024/rep_000_seed_101,24,0,101,1,2,step-0002-sales-sum-region-06-2017,1,True,467059,0.467059,469619,0.469619,46f337445dbb84526e62d2ae8db3379ef88452336e8de51ca4ea4c2be0f99a92,True
measurement,21,3,190,level_000006/rep_000_seed_101::step_0002,level_000006/rep_000_seed_101,6,0,101,1,2,step-0002-sales-sum-region-06-2017,1,True,285546,0.285546,287541,0.287541,c4e139b919430c25a0e931ff0e306c0ade1547ed83d9af5dd0d9f38f16bd05ab,True
measurement,21,4,191,level_000012/rep_000_seed_101::step_0002,level_000012/rep_000_seed_101,12,0,101,1,2,step-0002-sales-sum-region-06-2017,1,True,331714,0.331714,333717,0.333717,9b528a234ae051d4dda725f1795cdb1c49674610190a8d91407cc5eef8c3f11f,True
measurement,21,5,192,level_000024/rep_000_seed_101::step_0001,level_000024/rep_000_seed_101,24,0,101,0,1,step-0001-sales-sum-region-04-2018,0,True,839319,0.839319,818705,0.818705,0416b20858d6c23029ac99424bc410d8730ba0626b3d5201ec8182cf73943091,True
measurement,22,0,193,level_000024/rep_000_seed_101::step_0001,level_000024/rep_000_seed_101,24,0,101,0,1,step-0001-sales-sum-region-04-2018,0,True,563980,0.56398,566858,0.566858,0416b20858d6c23029ac99424bc410d8730ba0626b3d5201ec8182cf73943091,True
measurement,22,1,194,level_000006/rep_000_seed_101::step_0001,level_000006/rep_000_seed_101,6,0,101,0,1,step-0001-sales-sum-region-04-2018,0,True,338037,0.338037,340199,0.340199,11c096270f44fd8fcd1af9358779957aa1b7a59d246241acb52c62f98ad080ea,True
measurement,22,2,195,level_000012/rep_000_seed_101::step_0001,level_000012/rep_000_seed_101,12,0,101,0,1,step-0001-sales-sum-region-04-2018,0,True,387750,0.38775,390026,0.390026,0ac4eae0427cb78144e121dcad7d34f1d5bf8ce5eb9a4eff12efbad739b752f2,True
measurement,22,3,196,level_000024/rep_000_seed_101::step_0002,level_000024/rep_000_seed_101,24,0,101,1,2,step-0002-sales-sum-region-06-2017,1,True,468391,0.468391,470801,0.470801,46f337445dbb84526e62d2ae8db3379ef88452336e8de51ca4ea4c2be0f99a92,True
measurement,22,4,197,level_000006/rep_000_seed_101::step_0002,level_000006/rep_000_seed_101,6,0,101,1,2,step-0002-sales-sum-region-06-2017,1,True,284159,0.284159,286439,0.286439,c4e139b919430c25a0e931ff0e306c0ade1547ed83d9af5dd0d9f38f16bd05ab,True
measurement,22,5,198,level_000012/rep_000_seed_101::step_0002,level_000012/rep_000_seed_101,12,0,101,1,2,step-0002-sales-sum-region-06-2017,1,True,332752,0.332752,335351,0.335351,9b528a234ae051d4dda725f1795cdb1c49674610190a8d91407cc5eef8c3f11f,True
measurement,23,0,199,level_000012/rep_000_seed_101::step_0002,level_000012/rep_000_seed_101,12,0,101,1,2,step-0002-sales-sum-region-06-2017,1,True,340509,0.340509,342777,0.342777,9b528a234ae051d4dda725f1795cdb1c49674610190a8d91407cc5eef8c3f11f,True
measurement,23,1,200,level_000024/rep_000_seed_101::step_0001,level_000024/rep_000_seed_101,24,0,101,0,1,step-0001-sales-sum-region-04-2018,0,True,550049,0.550049,552784,0.552784,0416b20858d6c23029ac99424bc410d8730ba0626b3d5201ec8182cf73943091,True
measurement,23,2,201,level_000006/rep_000_seed_101::step_0001,level_000006/rep_000_seed_101,6,0,101,0,1,step-0001-sales-sum-region-04-2018,0,True,336569,0.336569,338800,0.3388,11c096270f44fd8fcd1af9358779957aa1b7a59d246241acb52c62f98ad080ea,True
measurement,23,3,202,level_000012/rep_000_seed_101::step_0001,level_000012/rep_000_seed_101,12,0,101,0,1,step-0001-sales-sum-region-04-2018,0,True,401848,0.401848,404148,0.404148,0ac4eae0427cb78144e121dcad7d34f1d5bf8ce5eb9a4eff12efbad739b752f2,True
measurement,23,4,203,level_000024/rep_000_seed_101::step_0002,level_000024/rep_000_seed_101,24,0,101,1,2,step-0002-sales-sum-region-06-2017,1,True,465554,0.465554,467987,0.467987,46f337445dbb84526e62d2ae8db3379ef88452336e8de51ca4ea4c2be0f99a92,True
measurement,23,5,204,level_000006/rep_000_seed_101::step_0002,level_000006/rep_000_seed_101,6,0,101,1,2,step-0002-sales-sum-region-06-2017,1,True,279946,0.279946,282025,0.282025,c4e139b919430c25a0e931ff0e306c0ade1547ed83d9af5dd0d9f38f16bd05ab,True
measurement,24,0,205,level_000024/rep_000_seed_101::step_0002,level_000024/rep_000_seed_101,24,0,101,1,2,step-0002-sales-sum-region-06-2017,1,True,454689,0.454689,456982,0.456982,46f337445dbb84526e62d2ae8db3379ef88452336e8de51ca4ea4c2be0f99a92,True
measurement,24,1,206,level_000012/rep_000_seed_101::step_0001,level_000012/rep_000_seed_101,12,0,101,0,1,step-0001-sales-sum-region-04-2018,0,True,678843,0.678843,682995,0.682995,0ac4eae0427cb78144e121dcad7d34f1d5bf8ce5eb9a4eff12efbad739b752f2,True
measurement,24,2,207,level_000006/rep_000_seed_101::step_0001,level_000006/rep_000_seed_101,6,0,101,0,1,step-0001-sales-sum-region-04-2018,0,True,340863,0.340863,343398,0.343398,11c096270f44fd8fcd1af9358779957aa1b7a59d246241acb52c62f98ad080ea,True
measurement,24,3,208,level_000024/rep_000_seed_101::step_0001,level_000024/rep_000_seed_101,24,0,101,0,1,step-0001-sales-sum-region-04-2018,0,True,556259,0.556259,558663,0.558663,0416b20858d6c23029ac99424bc410d8730ba0626b3d5201ec8182cf73943091,True
measurement,24,4,209,level_000012/rep_000_seed_101::step_0002,level_000012/rep_000_seed_101,12,0,101,1,2,step-0002-sales-sum-region-06-2017,1,True,333930,0.33393,336257,0.336257,9b528a234ae051d4dda725f1795cdb1c49674610190a8d91407cc5eef8c3f11f,True
measurement,24,5,210,level_000006/rep_000_seed_101::step_0002,level_000006/rep_000_seed_101,6,0,101,1,2,step-0002-sales-sum-region-06-2017,1,True,506237,0.506237,509781,0.509781,c4e139b919430c25a0e931ff0e306c0ade1547ed83d9af5dd0d9f38f16bd05ab,True
measurement,25,0,211,level_000012/rep_000_seed_101::step_0001,level_000012/rep_000_seed_101,12,0,101,0,1,step-0001-sales-sum-region-04-2018,0,True,378366,0.378366,380314,0.380314,0ac4eae0427cb78144e121dcad7d34f1d5bf8ce5eb9a4eff12efbad739b752f2,True
measurement,25,1,212,level_000006/rep_000_seed_101::step_0001,level_000006/rep_000_seed_101,6,0,101,0,1,step-0001-sales-sum-region-04-2018,0,True,355742,0.355742,357974,0.357974,11c096270f44fd8fcd1af9358779957aa1b7a59d246241acb52c62f98ad080ea,True
measurement,25,2,213,level_000024/rep_000_seed_101::step_0001,level_000024/rep_000_seed_101,24,0,101,0,1,step-0001-sales-sum-region-04-2018,0,True,546330,0.54633,549096,0.549096,0416b20858d6c23029ac99424bc410d8730ba0626b3d5201ec8182cf73943091,True
measurement,25,3,214,level_000012/rep_000_seed_101::step_0002,level_000012/rep_000_seed_101,12,0,101,1,2,step-0002-sales-sum-region-06-2017,1,True,329318,0.329318,331412,0.331412,9b528a234ae051d4dda725f1795cdb1c49674610190a8d91407cc5eef8c3f11f,True
measurement,25,4,215,level_000006/rep_000_seed_101::step_0002,level_000006/rep_000_seed_101,6,0,101,1,2,step-0002-sales-sum-region-06-2017,1,True,282060,0.28206,284014,0.284014,c4e139b919430c25a0e931ff0e306c0ade1547ed83d9af5dd0d9f38f16bd05ab,True
measurement,25,5,216,level_000024/rep_000_seed_101::step_0002,level_000024/rep_000_seed_101,24,0,101,1,2,step-0002-sales-sum-region-06-2017,1,True,463192,0.463192,465565,0.465565,46f337445dbb84526e62d2ae8db3379ef88452336e8de51ca4ea4c2be0f99a92,True
measurement,26,0,217,level_000006/rep_000_seed_101::step_0001,level_000006/rep_000_seed_101,6,0,101,0,1,step-0001-sales-sum-region-04-2018,0,True,322090,0.32209,323929,0.323929,11c096270f44fd8fcd1af9358779957aa1b7a59d246241acb52c62f98ad080ea,True
measurement,26,1,218,level_000024/rep_000_seed_101::step_0001,level_000024/rep_000_seed_101,24,0,101,0,1,step-0001-sales-sum-region-04-2018,0,True,527176,0.527176,529241,0.529241,0416b20858d6c23029ac99424bc410d8730ba0626b3d5201ec8182cf73943091,True
measurement,26,2,219,level_000012/rep_000_seed_101::step_0002,level_000012/rep_000_seed_101,12,0,101,1,2,step-0002-sales-sum-region-06-2017,1,True,333784,0.333784,335661,0.335661,9b528a234ae051d4dda725f1795cdb1c49674610190a8d91407cc5eef8c3f11f,True
measurement,26,3,220,level_000006/rep_000_seed_101::step_0002,level_000006/rep_000_seed_101,6,0,101,1,2,step-0002-sales-sum-region-06-2017,1,True,289057,0.289057,291152,0.291152,c4e139b919430c25a0e931ff0e306c0ade1547ed83d9af5dd0d9f38f16bd05ab,True
measurement,26,4,221,level_000024/rep_000_seed_101::step_0002,level_000024/rep_000_seed_101,24,0,101,1,2,step-0002-sales-sum-region-06-2017,1,True,470263,0.470263,472725,0.472725,46f337445dbb84526e62d2ae8db3379ef88452336e8de51ca4ea4c2be0f99a92,True
measurement,26,5,222,level_000012/rep_000_seed_101::step_0001,level_000012/rep_000_seed_101,12,0,101,0,1,step-0001-sales-sum-region-04-2018,0,True,387431,0.387431,389966,0.389966,0ac4eae0427cb78144e121dcad7d34f1d5bf8ce5eb9a4eff12efbad739b752f2,True
measurement,27,0,223,level_000024/rep_000_seed_101::step_0001,level_000024/rep_000_seed_101,24,0,101,0,1,step-0001-sales-sum-region-04-2018,0,True,560161,0.560161,563410,0.56341,0416b20858d6c23029ac99424bc410d8730ba0626b3d5201ec8182cf73943091,True
measurement,27,1,224,level_000012/rep_000_seed_101::step_0002,level_000012/rep_000_seed_101,12,0,101,1,2,step-0002-sales-sum-region-06-2017,1,True,368082,0.368082,370720,0.37072,9b528a234ae051d4dda725f1795cdb1c49674610190a8d91407cc5eef8c3f11f,True
measurement,27,2,225,level_000006/rep_000_seed_101::step_0002,level_000006/rep_000_seed_101,6,0,101,1,2,step-0002-sales-sum-region-06-2017,1,True,551154,0.551154,554434,0.554434,c4e139b919430c25a0e931ff0e306c0ade1547ed83d9af5dd0d9f38f16bd05ab,True
measurement,27,3,226,level_000024/rep_000_seed_101::step_0002,level_000024/rep_000_seed_101,24,0,101,1,2,step-0002-sales-sum-region-06-2017,1,True,837583,0.837583,841866,0.841866,46f337445dbb84526e62d2ae8db3379ef88452336e8de51ca4ea4c2be0f99a92,True
measurement,27,4,227,level_000012/rep_000_seed_101::step_0001,level_000012/rep_000_seed_101,12,0,101,0,1,step-0001-sales-sum-region-04-2018,0,True,406150,0.40615,408789,0.408789,0ac4eae0427cb78144e121dcad7d34f1d5bf8ce5eb9a4eff12efbad739b752f2,True
measurement,27,5,228,level_000006/rep_000_seed_101::step_0001,level_000006/rep_000_seed_101,6,0,101,0,1,step-0001-sales-sum-region-04-2018,0,True,341330,0.34133,343498,0.343498,11c096270f44fd8fcd1af9358779957aa1b7a59d246241acb52c62f98ad080ea,True
measurement,28,0,229,level_000012/rep_000_seed_101::step_0002,level_000012/rep_000_seed_101,12,0,101,1,2,step-0002-sales-sum-region-06-2017,1,True,341916,0.341916,344191,0.344191,9b528a234ae051d4dda725f1795cdb1c49674610190a8d91407cc5eef8c3f11f,True
measurement,28,1,230,level_000006/rep_000_seed_101::step_0002,level_000006/rep_000_seed_101,6,0,101,1,2,step-0002-sales-sum-region-06-2017,1,True,542047,0.542047,545958,0.545958,c4e139b919430c25a0e931ff0e306c0ade1547ed83d9af5dd0d9f38f16bd05ab,True
measurement,28,2,231,level_000024/rep_000_seed_101::step_0002,level_000024/rep_000_seed_101,24,0,101,1,2,step-0002-sales-sum-region-06-2017,1,True,478693,0.478693,481831,0.481831,46f337445dbb84526e62d2ae8db3379ef88452336e8de51ca4ea4c2be0f99a92,True
measurement,28,3,232,level_000012/rep_000_seed_101::step_0001,level_000012/rep_000_seed_101,12,0,101,0,1,step-0001-sales-sum-region-04-2018,0,True,401517,0.401517,403927,0.403927,0ac4eae0427cb78144e121dcad7d34f1d5bf8ce5eb9a4eff12efbad739b752f2,True
measurement,28,4,233,level_000006/rep_000_seed_101::step_0001,level_000006/rep_000_seed_101,6,0,101,0,1,step-0001-sales-sum-region-04-2018,0,True,341502,0.341502,344146,0.344146,11c096270f44fd8fcd1af9358779957aa1b7a59d246241acb52c62f98ad080ea,True
measurement,28,5,234,level_000024/rep_000_seed_101::step_0001,level_000024/rep_000_seed_101,24,0,101,0,1,step-0001-sales-sum-region-04-2018,0,True,554325,0.554325,556652,0.556652,0416b20858d6c23029ac99424bc410d8730ba0626b3d5201ec8182cf73943091,True
measurement,29,0,235,level_000006/rep_000_seed_101::step_0002,level_000006/rep_000_seed_101,6,0,101,1,2,step-0002-sales-sum-region-06-2017,1,True,284748,0.284748,286574,0.286574,c4e139b919430c25a0e931ff0e306c0ade1547ed83d9af5dd0d9f38f16bd05ab,True
measurement,29,1,236,level_000024/rep_000_seed_101::step_0002,level_000024/rep_000_seed_101,24,0,101,1,2,step-0002-sales-sum-region-06-2017,1,True,456624,0.456624,459272,0.459272,46f337445dbb84526e62d2ae8db3379ef88452336e8de51ca4ea4c2be0f99a92,True
measurement,29,2,237,level_000012/rep_000_seed_101::step_0001,level_000012/rep_000_seed_101,12,0,101,0,1,step-0001-sales-sum-region-04-2018,0,True,436498,0.436498,439415,0.439415,0ac4eae0427cb78144e121dcad7d34f1d5bf8ce5eb9a4eff12efbad739b752f2,True
measurement,29,3,238,level_000006/rep_000_seed_101::step_0001,level_000006/rep_000_seed_101,6,0,101,0,1,step-0001-sales-sum-region-04-2018,0,True,336214,0.336214,338728,0.338728,11c096270f44fd8fcd1af9358779957aa1b7a59d246241acb52c62f98ad080ea,True
measurement,29,4,239,level_000024/rep_000_seed_101::step_0001,level_000024/rep_000_seed_101,24,0,101,0,1,step-0001-sales-sum-region-04-2018,0,True,561977,0.561977,564504,0.564504,0416b20858d6c23029ac99424bc410d8730ba0626b3d5201ec8182cf73943091,True
measurement,29,5,240,level_000012/rep_000_seed_101::step_0002,level_000012/rep_000_seed_101,12,0,101,1,2,step-0002-sales-sum-region-06-2017,1,True,342337,0.342337,344758,0.344758,9b528a234ae051d4dda725f1795cdb1c49674610190a8d91407cc5eef8c3f11f,True
measurement,30,0,241,level_000006/rep_000_seed_101::step_0002,level_000006/rep_000_seed_101,6,0,101,1,2,step-0002-sales-sum-region-06-2017,1,True,300944,0.300944,303752,0.303752,c4e139b919430c25a0e931ff0e306c0ade1547ed83d9af5dd0d9f38f16bd05ab,True
measurement,30,1,242,level_000012/rep_000_seed_101::step_0002,level_000012/rep_000_seed_101,12,0,101,1,2,step-0002-sales-sum-region-06-2017,1,True,391786,0.391786,394450,0.39445,9b528a234ae051d4dda725f1795cdb1c49674610190a8d91407cc5eef8c3f11f,True
measurement,30,2,243,level_000024/rep_000_seed_101::step_0001,level_000024/rep_000_seed_101,24,0,101,0,1,step-0001-sales-sum-region-04-2018,0,True,554614,0.554614,556802,0.556802,0416b20858d6c23029ac99424bc410d8730ba0626b3d5201ec8182cf73943091,True
measurement,30,3,244,level_000006/rep_000_seed_101::step_0001,level_000006/rep_000_seed_101,6,0,101,0,1,step-0001-sales-sum-region-04-2018,0,True,623497,0.623497,628056,0.628056,11c096270f44fd8fcd1af9358779957aa1b7a59d246241acb52c62f98ad080ea,True
measurement,30,4,245,level_000012/rep_000_seed_101::step_0001,level_000012/rep_000_seed_101,12,0,101,0,1,step-0001-sales-sum-region-04-2018,0,True,394802,0.394802,397580,0.39758,0ac4eae0427cb78144e121dcad7d34f1d5bf8ce5eb9a4eff12efbad739b752f2,True
measurement,30,5,246,level_000024/rep_000_seed_101::step_0002,level_000024/rep_000_seed_101,24,0,101,1,2,step-0002-sales-sum-region-06-2017,1,True,463053,0.463053,465393,0.465393,46f337445dbb84526e62d2ae8db3379ef88452336e8de51ca4ea4c2be0f99a92,True
measurement,31,0,247,level_000024/rep_000_seed_101::step_0002,level_000024/rep_000_seed_101,24,0,101,1,2,step-0002-sales-sum-region-06-2017,1,True,851516,0.851516,855640,0.85564,46f337445dbb84526e62d2ae8db3379ef88452336e8de51ca4ea4c2be0f99a92,True
measurement,31,1,248,level_000006/rep_000_seed_101::step_0002,level_000006/rep_000_seed_101,6,0,101,1,2,step-0002-sales-sum-region-06-2017,1,True,279854,0.279854,282404,0.282404,c4e139b919430c25a0e931ff0e306c0ade1547ed83d9af5dd0d9f38f16bd05ab,True
measurement,31,2,249,level_000012/rep_000_seed_101::step_0002,level_000012/rep_000_seed_101,12,0,101,1,2,step-0002-sales-sum-region-06-2017,1,True,358724,0.358724,361262,0.361262,9b528a234ae051d4dda725f1795cdb1c49674610190a8d91407cc5eef8c3f11f,True
measurement,31,3,250,level_000024/rep_000_seed_101::step_0001,level_000024/rep_000_seed_101,24,0,101,0,1,step-0001-sales-sum-region-04-2018,0,True,538327,0.538327,540689,0.540689,0416b20858d6c23029ac99424bc410d8730ba0626b3d5201ec8182cf73943091,True
measurement,31,4,251,level_000006/rep_000_seed_101::step_0001,level_000006/rep_000_seed_101,6,0,101,0,1,step-0001-sales-sum-region-04-2018,0,True,591340,0.59134,594720,0.59472,11c096270f44fd8fcd1af9358779957aa1b7a59d246241acb52c62f98ad080ea,True
measurement,31,5,252,level_000012/rep_000_seed_101::step_0001,level_000012/rep_000_seed_101,12,0,101,0,1,step-0001-sales-sum-region-04-2018,0,True,391996,0.391996,394123,0.394123,0ac4eae0427cb78144e121dcad7d34f1d5bf8ce5eb9a4eff12efbad739b752f2,True
measurement,32,0,253,level_000012/rep_000_seed_101::step_0001,level_000012/rep_000_seed_101,12,0,101,0,1,step-0001-sales-sum-region-04-2018,0,True,379056,0.379056,381069,0.381069,0ac4eae0427cb78144e121dcad7d34f1d5bf8ce5eb9a4eff12efbad739b752f2,True
measurement,32,1,254,level_000024/rep_000_seed_101::step_0002,level_000024/rep_000_seed_101,24,0,101,1,2,step-0002-sales-sum-region-06-2017,1,True,456508,0.456508,459057,0.459057,46f337445dbb84526e62d2ae8db3379ef88452336e8de51ca4ea4c2be0f99a92,True
measurement,32,2,255,level_000006/rep_000_seed_101::step_0002,level_000006/rep_000_seed_101,6,0,101,1,2,step-0002-sales-sum-region-06-2017,1,True,325654,0.325654,328446,0.328446,c4e139b919430c25a0e931ff0e306c0ade1547ed83d9af5dd0d9f38f16bd05ab,True
measurement,32,3,256,level_000012/rep_000_seed_101::step_0002,level_000012/rep_000_seed_101,12,0,101,1,2,step-0002-sales-sum-region-06-2017,1,True,361104,0.361104,364078,0.364078,9b528a234ae051d4dda725f1795cdb1c49674610190a8d91407cc5eef8c3f11f,True
measurement,32,4,257,level_000024/rep_000_seed_101::step_0001,level_000024/rep_000_seed_101,24,0,101,0,1,step-0001-sales-sum-region-04-2018,0,True,551400,0.5514,553653,0.553653,0416b20858d6c23029ac99424bc410d8730ba0626b3d5201ec8182cf73943091,True
measurement,32,5,258,level_000006/rep_000_seed_101::step_0001,level_000006/rep_000_seed_101,6,0,101,0,1,step-0001-sales-sum-region-04-2018,0,True,481383,0.481383,484800,0.4848,11c096270f44fd8fcd1af9358779957aa1b7a59d246241acb52c62f98ad080ea,True
measurement,33,0,259,level_000006/rep_000_seed_101::step_0001,level_000006/rep_000_seed_101,6,0,101,0,1,step-0001-sales-sum-region-04-2018,0,True,335851,0.335851,338383,0.338383,11c096270f44fd8fcd1af9358779957aa1b7a59d246241acb52c62f98ad080ea,True
measurement,33,1,260,level_000012/rep_000_seed_101::step_0001,level_000012/rep_000_seed_101,12,0,101,0,1,step-0001-sales-sum-region-04-2018,0,True,396856,0.396856,399195,0.399195,0ac4eae0427cb78144e121dcad7d34f1d5bf8ce5eb9a4eff12efbad739b752f2,True
measurement,33,2,261,level_000024/rep_000_seed_101::step_0002,level_000024/rep_000_seed_101,24,0,101,1,2,step-0002-sales-sum-region-06-2017,1,True,897722,0.897722,902161,0.902161,46f337445dbb84526e62d2ae8db3379ef88452336e8de51ca4ea4c2be0f99a92,True
measurement,33,3,262,level_000006/rep_000_seed_101::step_0002,level_000006/rep_000_seed_101,6,0,101,1,2,step-0002-sales-sum-region-06-2017,1,True,463557,0.463557,468209,0.468209,c4e139b919430c25a0e931ff0e306c0ade1547ed83d9af5dd0d9f38f16bd05ab,True
measurement,33,4,263,level_000012/rep_000_seed_101::step_0002,level_000012/rep_000_seed_101,12,0,101,1,2,step-0002-sales-sum-region-06-2017,1,True,340100,0.3401,342293,0.342293,9b528a234ae051d4dda725f1795cdb1c49674610190a8d91407cc5eef8c3f11f,True
measurement,33,5,264,level_000024/rep_000_seed_101::step_0001,level_000024/rep_000_seed_101,24,0,101,0,1,step-0001-sales-sum-region-04-2018,0,True,594031,0.594031,597260,0.59726,0416b20858d6c23029ac99424bc410d8730ba0626b3d5201ec8182cf73943091,True
measurement,34,0,265,level_000024/rep_000_seed_101::step_0001,level_000024/rep_000_seed_101,24,0,101,0,1,step-0001-sales-sum-region-04-2018,0,True,560016,0.560016,562442,0.562442,0416b20858d6c23029ac99424bc410d8730ba0626b3d5201ec8182cf73943091,True
measurement,34,1,266,level_000006/rep_000_seed_101::step_0001,level_000006/rep_000_seed_101,6,0,101,0,1,step-0001-sales-sum-region-04-2018,0,True,332830,0.33283,334920,0.33492,11c096270f44fd8fcd1af9358779957aa1b7a59d246241acb52c62f98ad080ea,True
measurement,34,2,267,level_000012/rep_000_seed_101::step_0001,level_000012/rep_000_seed_101,12,0,101,0,1,step-0001-sales-sum-region-04-2018,0,True,392732,0.392732,395096,0.395096,0ac4eae0427cb78144e121dcad7d34f1d5bf8ce5eb9a4eff12efbad739b752f2,True
measurement,34,3,268,level_000024/rep_000_seed_101::step_0002,level_000024/rep_000_seed_101,24,0,101,1,2,step-0002-sales-sum-region-06-2017,1,True,475041,0.475041,477928,0.477928,46f337445dbb84526e62d2ae8db3379ef88452336e8de51ca4ea4c2be0f99a92,True
measurement,34,4,269,level_000006/rep_000_seed_101::step_0002,level_000006/rep_000_seed_101,6,0,101,1,2,step-0002-sales-sum-region-06-2017,1,True,286293,0.286293,288215,0.288215,c4e139b919430c25a0e931ff0e306c0ade1547ed83d9af5dd0d9f38f16bd05ab,True
measurement,34,5,270,level_000012/rep_000_seed_101::step_0002,level_000012/rep_000_seed_101,12,0,101,1,2,step-0002-sales-sum-region-06-2017,1,True,332956,0.332956,335113,0.335113,9b528a234ae051d4dda725f1795cdb1c49674610190a8d91407cc5eef8c3f11f,True
measurement,35,0,271,level_000012/rep_000_seed_101::step_0002,level_000012/rep_000_seed_101,12,0,101,1,2,step-0002-sales-sum-region-06-2017,1,True,343951,0.343951,346379,0.346379,9b528a234ae051d4dda725f1795cdb1c49674610190a8d91407cc5eef8c3f11f,True
measurement,35,1,272,level_000024/rep_000_seed_101::step_0001,level_000024/rep_000_seed_101,24,0,101,0,1,step-0001-sales-sum-region-04-2018,0,True,1010282,1.010282,1013943,1.013943,0416b20858d6c23029ac99424bc410d8730ba0626b3d5201ec8182cf73943091,True
measurement,35,2,273,level_000006/rep_000_seed_101::step_0001,level_000006/rep_000_seed_101,6,0,101,0,1,step-0001-sales-sum-region-04-2018,0,True,621255,0.621255,625938,0.625938,11c096270f44fd8fcd1af9358779957aa1b7a59d246241acb52c62f98ad080ea,True
measurement,35,3,274,level_000012/rep_000_seed_101::step_0001,level_000012/rep_000_seed_101,12,0,101,0,1,step-0001-sales-sum-region-04-2018,0,True,400645,0.400645,403202,0.403202,0ac4eae0427cb78144e121dcad7d34f1d5bf8ce5eb9a4eff12efbad739b752f2,True
measurement,35,4,275,level_000024/rep_000_seed_101::step_0002,level_000024/rep_000_seed_101,24,0,101,1,2,step-0002-sales-sum-region-06-2017,1,True,854455,0.854455,858848,0.858848,46f337445dbb84526e62d2ae8db3379ef88452336e8de51ca4ea4c2be0f99a92,True
measurement,35,5,276,level_000006/rep_000_seed_101::step_0002,level_000006/rep_000_seed_101,6,0,101,1,2,step-0002-sales-sum-region-06-2017,1,True,285837,0.285837,287921,0.287921,c4e139b919430c25a0e931ff0e306c0ade1547ed83d9af5dd0d9f38f16bd05ab,True
measurement,36,0,277,level_000024/rep_000_seed_101::step_0002,level_000024/rep_000_seed_101,24,0,101,1,2,step-0002-sales-sum-region-06-2017,1,True,462137,0.462137,464561,0.464561,46f337445dbb84526e62d2ae8db3379ef88452336e8de51ca4ea4c2be0f99a92,True
measurement,36,1,278,level_000012/rep_000_seed_101::step_0001,level_000012/rep_000_seed_101,12,0,101,0,1,step-0001-sales-sum-region-04-2018,0,True,395350,0.39535,398072,0.398072,0ac4eae0427cb78144e121dcad7d34f1d5bf8ce5eb9a4eff12efbad739b752f2,True
measurement,36,2,279,level_000006/rep_000_seed_101::step_0001,level_000006/rep_000_seed_101,6,0,101,0,1,step-0001-sales-sum-region-04-2018,0,True,534219,0.534219,537568,0.537568,11c096270f44fd8fcd1af9358779957aa1b7a59d246241acb52c62f98ad080ea,True
measurement,36,3,280,level_000024/rep_000_seed_101::step_0001,level_000024/rep_000_seed_101,24,0,101,0,1,step-0001-sales-sum-region-04-2018,0,True,614804,0.614804,617871,0.617871,0416b20858d6c23029ac99424bc410d8730ba0626b3d5201ec8182cf73943091,True
measurement,36,4,281,level_000012/rep_000_seed_101::step_0002,level_000012/rep_000_seed_101,12,0,101,1,2,step-0002-sales-sum-region-06-2017,1,True,336169,0.336169,338381,0.338381,9b528a234ae051d4dda725f1795cdb1c49674610190a8d91407cc5eef8c3f11f,True
measurement,36,5,282,level_000006/rep_000_seed_101::step_0002,level_000006/rep_000_seed_101,6,0,101,1,2,step-0002-sales-sum-region-06-2017,1,True,282347,0.282347,284459,0.284459,c4e139b919430c25a0e931ff0e306c0ade1547ed83d9af5dd0d9f38f16bd05ab,True
measurement,37,0,283,level_000012/rep_000_seed_101::step_0001,level_000012/rep_000_seed_101,12,0,101,0,1,step-0001-sales-sum-region-04-2018,0,True,412530,0.41253,415379,0.415379,0ac4eae0427cb78144e121dcad7d34f1d5bf8ce5eb9a4eff12efbad739b752f2,True
measurement,37,1,284,level_000006/rep_000_seed_101::step_0001,level_000006/rep_000_seed_101,6,0,101,0,1,step-0001-sales-sum-region-04-2018,0,True,408408,0.408408,411337,0.411337,11c096270f44fd8fcd1af9358779957aa1b7a59d246241acb52c62f98ad080ea,True
measurement,37,2,285,level_000024/rep_000_seed_101::step_0001,level_000024/rep_000_seed_101,24,0,101,0,1,step-0001-sales-sum-region-04-2018,0,True,550509,0.550509,552892,0.552892,0416b20858d6c23029ac99424bc410d8730ba0626b3d5201ec8182cf73943091,True
measurement,37,3,286,level_000012/rep_000_seed_101::step_0002,level_000012/rep_000_seed_101,12,0,101,1,2,step-0002-sales-sum-region-06-2017,1,True,596932,0.596932,602618,0.602618,9b528a234ae051d4dda725f1795cdb1c49674610190a8d91407cc5eef8c3f11f,True
measurement,37,4,287,level_000006/rep_000_seed_101::step_0002,level_000006/rep_000_seed_101,6,0,101,1,2,step-0002-sales-sum-region-06-2017,1,True,285084,0.285084,286816,0.286816,c4e139b919430c25a0e931ff0e306c0ade1547ed83d9af5dd0d9f38f16bd05ab,True
measurement,37,5,288,level_000024/rep_000_seed_101::step_0002,level_000024/rep_000_seed_101,24,0,101,1,2,step-0002-sales-sum-region-06-2017,1,True,456714,0.456714,458726,0.458726,46f337445dbb84526e62d2ae8db3379ef88452336e8de51ca4ea4c2be0f99a92,True
measurement,38,0,289,level_000006/rep_000_seed_101::step_0001,level_000006/rep_000_seed_101,6,0,101,0,1,step-0001-sales-sum-region-04-2018,0,True,393192,0.393192,395539,0.395539,11c096270f44fd8fcd1af9358779957aa1b7a59d246241acb52c62f98ad080ea,True
measurement,38,1,290,level_000024/rep_000_seed_101::step_0001,level_000024/rep_000_seed_101,24,0,101,0,1,step-0001-sales-sum-region-04-2018,0,True,1070834,1.070834,1055406,1.055406,0416b20858d6c23029ac99424bc410d8730ba0626b3d5201ec8182cf73943091,True
measurement,38,2,291,level_000012/rep_000_seed_101::step_0002,level_000012/rep_000_seed_101,12,0,101,1,2,step-0002-sales-sum-region-06-2017,1,True,365843,0.365843,368768,0.368768,9b528a234ae051d4dda725f1795cdb1c49674610190a8d91407cc5eef8c3f11f,True
measurement,38,3,292,level_000006/rep_000_seed_101::step_0002,level_000006/rep_000_seed_101,6,0,101,1,2,step-0002-sales-sum-region-06-2017,1,True,527039,0.527039,530700,0.5307,c4e139b919430c25a0e931ff0e306c0ade1547ed83d9af5dd0d9f38f16bd05ab,True
measurement,38,4,293,level_000024/rep_000_seed_101::step_0002,level_000024/rep_000_seed_101,24,0,101,1,2,step-0002-sales-sum-region-06-2017,1,True,468402,0.468402,471528,0.471528,46f337445dbb84526e62d2ae8db3379ef88452336e8de51ca4ea4c2be0f99a92,True
measurement,38,5,294,level_000012/rep_000_seed_101::step_0001,level_000012/rep_000_seed_101,12,0,101,0,1,step-0001-sales-sum-region-04-2018,0,True,384126,0.384126,386335,0.386335,0ac4eae0427cb78144e121dcad7d34f1d5bf8ce5eb9a4eff12efbad739b752f2,True
measurement,39,0,295,level_000024/rep_000_seed_101::step_0001,level_000024/rep_000_seed_101,24,0,101,0,1,step-0001-sales-sum-region-04-2018,0,True,1014772,1.014772,1019385,1.019385,0416b20858d6c23029ac99424bc410d8730ba0626b3d5201ec8182cf73943091,True
measurement,39,1,296,level_000012/rep_000_seed_101::step_0002,level_000012/rep_000_seed_101,12,0,101,1,2,step-0002-sales-sum-region-06-2017,1,True,352101,0.352101,354164,0.354164,9b528a234ae051d4dda725f1795cdb1c49674610190a8d91407cc5eef8c3f11f,True
measurement,39,2,297,level_000006/rep_000_seed_101::step_0002,level_000006/rep_000_seed_101,6,0,101,1,2,step-0002-sales-sum-region-06-2017,1,True,288067,0.288067,290201,0.290201,c4e139b919430c25a0e931ff0e306c0ade1547ed83d9af5dd0d9f38f16bd05ab,True
measurement,39,3,298,level_000024/rep_000_seed_101::step_0002,level_000024/rep_000_seed_101,24,0,101,1,2,step-0002-sales-sum-region-06-2017,1,True,469752,0.469752,472095,0.472095,46f337445dbb84526e62d2ae8db3379ef88452336e8de51ca4ea4c2be0f99a92,True
measurement,39,4,299,level_000012/rep_000_seed_101::step_0001,level_000012/rep_000_seed_101,12,0,101,0,1,step-0001-sales-sum-region-04-2018,0,True,414699,0.414699,417279,0.417279,0ac4eae0427cb78144e121dcad7d34f1d5bf8ce5eb9a4eff12efbad739b752f2,True
measurement,39,5,300,level_000006/rep_000_seed_101::step_0001,level_000006/rep_000_seed_101,6,0,101,0,1,step-0001-sales-sum-region-04-2018,0,True,341875,0.341875,344436,0.344436,11c096270f44fd8fcd1af9358779957aa1b7a59d246241acb52c62f98ad080ea,True
measurement,40,0,301,level_000012/rep_000_seed_101::step_0002,level_000012/rep_000_seed_101,12,0,101,1,2,step-0002-sales-sum-region-06-2017,1,True,339196,0.339196,341344,0.341344,9b528a234ae051d4dda725f1795cdb1c49674610190a8d91407cc5eef8c3f11f,True
measurement,40,1,302,level_000006/rep_000_seed_101::step_0002,level_000006/rep_000_seed_101,6,0,101,1,2,step-0002-sales-sum-region-06-2017,1,True,358032,0.358032,360758,0.360758,c4e139b919430c25a0e931ff0e306c0ade1547ed83d9af5dd0d9f38f16bd05ab,True
measurement,40,2,303,level_000024/rep_000_seed_101::step_0002,level_000024/rep_000_seed_101,24,0,101,1,2,step-0002-sales-sum-region-06-2017,1,True,466048,0.466048,468503,0.468503,46f337445dbb84526e62d2ae8db3379ef88452336e8de51ca4ea4c2be0f99a92,True
measurement,40,3,304,level_000012/rep_000_seed_101::step_0001,level_000012/rep_000_seed_101,12,0,101,0,1,step-0001-sales-sum-region-04-2018,0,True,402121,0.402121,404409,0.404409,0ac4eae0427cb78144e121dcad7d34f1d5bf8ce5eb9a4eff12efbad739b752f2,True
measurement,40,4,305,level_000006/rep_000_seed_101::step_0001,level_000006/rep_000_seed_101,6,0,101,0,1,step-0001-sales-sum-region-04-2018,0,True,338491,0.338491,340721,0.340721,11c096270f44fd8fcd1af9358779957aa1b7a59d246241acb52c62f98ad080ea,True
measurement,40,5,306,level_000024/rep_000_seed_101::step_0001,level_000024/rep_000_seed_101,24,0,101,0,1,step-0001-sales-sum-region-04-2018,0,True,1001545,1.001545,1005223,1.005223,0416b20858d6c23029ac99424bc410d8730ba0626b3d5201ec8182cf73943091,True
measurement,41,0,307,level_000006/rep_000_seed_101::step_0002,level_000006/rep_000_seed_101,6,0,101,1,2,step-0002-sales-sum-region-06-2017,1,True,295835,0.295835,297749,0.297749,c4e139b919430c25a0e931ff0e306c0ade1547ed83d9af5dd0d9f38f16bd05ab,True
measurement,41,1,308,level_000024/rep_000_seed_101::step_0002,level_000024/rep_000_seed_101,24,0,101,1,2,step-0002-sales-sum-region-06-2017,1,True,464488,0.464488,466440,0.46644,46f337445dbb84526e62d2ae8db3379ef88452336e8de51ca4ea4c2be0f99a92,True
measurement,41,2,309,level_000012/rep_000_seed_101::step_0001,level_000012/rep_000_seed_101,12,0,101,0,1,step-0001-sales-sum-region-04-2018,0,True,408988,0.408988,411435,0.411435,0ac4eae0427cb78144e121dcad7d34f1d5bf8ce5eb9a4eff12efbad739b752f2,True
measurement,41,3,310,level_000006/rep_000_seed_101::step_0001,level_000006/rep_000_seed_101,6,0,101,0,1,step-0001-sales-sum-region-04-2018,0,True,601401,0.601401,605079,0.605079,11c096270f44fd8fcd1af9358779957aa1b7a59d246241acb52c62f98ad080ea,True
measurement,41,4,311,level_000024/rep_000_seed_101::step_0001,level_000024/rep_000_seed_101,24,0,101,0,1,step-0001-sales-sum-region-04-2018,0,True,564111,0.564111,566814,0.566814,0416b20858d6c23029ac99424bc410d8730ba0626b3d5201ec8182cf73943091,True
measurement,41,5,312,level_000012/rep_000_seed_101::step_0002,level_000012/rep_000_seed_101,12,0,101,1,2,step-0002-sales-sum-region-06-2017,1,True,643272,0.643272,647668,0.647668,9b528a234ae051d4dda725f1795cdb1c49674610190a8d91407cc5eef8c3f11f,True
measurement,42,0,313,level_000006/rep_000_seed_101::step_0002,level_000006/rep_000_seed_101,6,0,101,1,2,step-0002-sales-sum-region-06-2017,1,True,309712,0.309712,312341,0.312341,c4e139b919430c25a0e931ff0e306c0ade1547ed83d9af5dd0d9f38f16bd05ab,True
measurement,42,1,314,level_000012/rep_000_seed_101::step_0002,level_000012/rep_000_seed_101,12,0,101,1,2,step-0002-sales-sum-region-06-2017,1,True,353827,0.353827,356364,0.356364,9b528a234ae051d4dda725f1795cdb1c49674610190a8d91407cc5eef8c3f11f,True
measurement,42,2,315,level_000024/rep_000_seed_101::step_0001,level_000024/rep_000_seed_101,24,0,101,0,1,step-0001-sales-sum-region-04-2018,0,True,559323,0.559323,561945,0.561945,0416b20858d6c23029ac99424bc410d8730ba0626b3d5201ec8182cf73943091,True
measurement,42,3,316,level_000006/rep_000_seed_101::step_0001,level_000006/rep_000_seed_101,6,0,101,0,1,step-0001-sales-sum-region-04-2018,0,True,340948,0.340948,342909,0.342909,11c096270f44fd8fcd1af9358779957aa1b7a59d246241acb52c62f98ad080ea,True
measurement,42,4,317,level_000012/rep_000_seed_101::step_0001,level_000012/rep_000_seed_101,12,0,101,0,1,step-0001-sales-sum-region-04-2018,0,True,390045,0.390045,392299,0.392299,0ac4eae0427cb78144e121dcad7d34f1d5bf8ce5eb9a4eff12efbad739b752f2,True
measurement,42,5,318,level_000024/rep_000_seed_101::step_0002,level_000024/rep_000_seed_101,24,0,101,1,2,step-0002-sales-sum-region-06-2017,1,True,906120,0.90612,909587,0.909587,46f337445dbb84526e62d2ae8db3379ef88452336e8de51ca4ea4c2be0f99a92,True
measurement,43,0,319,level_000024/rep_000_seed_101::step_0002,level_000024/rep_000_seed_101,24,0,101,1,2,step-0002-sales-sum-region-06-2017,1,True,459959,0.459959,462473,0.462473,46f337445dbb84526e62d2ae8db3379ef88452336e8de51ca4ea4c2be0f99a92,True
measurement,43,1,320,level_000006/rep_000_seed_101::step_0002,level_000006/rep_000_seed_101,6,0,101,1,2,step-0002-sales-sum-region-06-2017,1,True,285761,0.285761,287700,0.2877,c4e139b919430c25a0e931ff0e306c0ade1547ed83d9af5dd0d9f38f16bd05ab,True
measurement,43,2,321,level_000012/rep_000_seed_101::step_0002,level_000012/rep_000_seed_101,12,0,101,1,2,step-0002-sales-sum-region-06-2017,1,True,329319,0.329319,331214,0.331214,9b528a234ae051d4dda725f1795cdb1c49674610190a8d91407cc5eef8c3f11f,True
measurement,43,3,322,level_000024/rep_000_seed_101::step_0001,level_000024/rep_000_seed_101,24,0,101,0,1,step-0001-sales-sum-region-04-2018,0,True,1181723,1.181723,994284,0.994284,0416b20858d6c23029ac99424bc410d8730ba0626b3d5201ec8182cf73943091,True
measurement,43,4,323,level_000006/rep_000_seed_101::step_0001,level_000006/rep_000_seed_101,6,0,101,0,1,step-0001-sales-sum-region-04-2018,0,True,343112,0.343112,345512,0.345512,11c096270f44fd8fcd1af9358779957aa1b7a59d246241acb52c62f98ad080ea,True
measurement,43,5,324,level_000012/rep_000_seed_101::step_0001,level_000012/rep_000_seed_101,12,0,101,0,1,step-0001-sales-sum-region-04-2018,0,True,756952,0.756952,760838,0.760838,0ac4eae0427cb78144e121dcad7d34f1d5bf8ce5eb9a4eff12efbad739b752f2,True
measurement,44,0,325,level_000012/rep_000_seed_101::step_0001,level_000012/rep_000_seed_101,12,0,101,0,1,step-0001-sales-sum-region-04-2018,0,True,747020,0.74702,751184,0.751184,0ac4eae0427cb78144e121dcad7d34f1d5bf8ce5eb9a4eff12efbad739b752f2,True
measurement,44,1,326,level_000024/rep_000_seed_101::step_0002,level_000024/rep_000_seed_101,24,0,101,1,2,step-0002-sales-sum-region-06-2017,1,True,785220,0.78522,788980,0.78898,46f337445dbb84526e62d2ae8db3379ef88452336e8de51ca4ea4c2be0f99a92,True
measurement,44,2,327,level_000006/rep_000_seed_101::step_0002,level_000006/rep_000_seed_101,6,0,101,1,2,step-0002-sales-sum-region-06-2017,1,True,467241,0.467241,471927,0.471927,c4e139b919430c25a0e931ff0e306c0ade1547ed83d9af5dd0d9f38f16bd05ab,True
measurement,44,3,328,level_000012/rep_000_seed_101::step_0002,level_000012/rep_000_seed_101,12,0,101,1,2,step-0002-sales-sum-region-06-2017,1,True,337013,0.337013,339267,0.339267,9b528a234ae051d4dda725f1795cdb1c49674610190a8d91407cc5eef8c3f11f,True
measurement,44,4,329,level_000024/rep_000_seed_101::step_0001,level_000024/rep_000_seed_101,24,0,101,0,1,step-0001-sales-sum-region-04-2018,0,True,549031,0.549031,551573,0.551573,0416b20858d6c23029ac99424bc410d8730ba0626b3d5201ec8182cf73943091,True
measurement,44,5,330,level_000006/rep_000_seed_101::step_0001,level_000006/rep_000_seed_101,6,0,101,0,1,step-0001-sales-sum-region-04-2018,0,True,351277,0.351277,353568,0.353568,11c096270f44fd8fcd1af9358779957aa1b7a59d246241acb52c62f98ad080ea,True
measurement,45,0,331,level_000006/rep_000_seed_101::step_0001,level_000006/rep_000_seed_101,6,0,101,0,1,step-0001-sales-sum-region-04-2018,0,True,338441,0.338441,340782,0.340782,11c096270f44fd8fcd1af9358779957aa1b7a59d246241acb52c62f98ad080ea,True
measurement,45,1,332,level_000012/rep_000_seed_101::step_0001,level_000012/rep_000_seed_101,12,0,101,0,1,step-0001-sales-sum-region-04-2018,0,True,396988,0.396988,399514,0.399514,0ac4eae0427cb78144e121dcad7d34f1d5bf8ce5eb9a4eff12efbad739b752f2,True
measurement,45,2,333,level_000024/rep_000_seed_101::step_0002,level_000024/rep_000_seed_101,24,0,101,1,2,step-0002-sales-sum-region-06-2017,1,True,903984,0.903984,908607,0.908607,46f337445dbb84526e62d2ae8db3379ef88452336e8de51ca4ea4c2be0f99a92,True
measurement,45,3,334,level_000006/rep_000_seed_101::step_0002,level_000006/rep_000_seed_101,6,0,101,1,2,step-0002-sales-sum-region-06-2017,1,True,290678,0.290678,292894,0.292894,c4e139b919430c25a0e931ff0e306c0ade1547ed83d9af5dd0d9f38f16bd05ab,True
measurement,45,4,335,level_000012/rep_000_seed_101::step_0002,level_000012/rep_000_seed_101,12,0,101,1,2,step-0002-sales-sum-region-06-2017,1,True,350172,0.350172,352661,0.352661,9b528a234ae051d4dda725f1795cdb1c49674610190a8d91407cc5eef8c3f11f,True
measurement,45,5,336,level_000024/rep_000_seed_101::step_0001,level_000024/rep_000_seed_101,24,0,101,0,1,step-0001-sales-sum-region-04-2018,0,True,574141,0.574141,576531,0.576531,0416b20858d6c23029ac99424bc410d8730ba0626b3d5201ec8182cf73943091,True
measurement,46,0,337,level_000024/rep_000_seed_101::step_0001,level_000024/rep_000_seed_101,24,0,101,0,1,step-0001-sales-sum-region-04-2018,0,True,563420,0.56342,566128,0.566128,0416b20858d6c23029ac99424bc410d8730ba0626b3d5201ec8182cf73943091,True
measurement,46,1,338,level_000006/rep_000_seed_101::step_0001,level_000006/rep_000_seed_101,6,0,101,0,1,step-0001-sales-sum-region-04-2018,0,True,349432,0.349432,351608,0.351608,11c096270f44fd8fcd1af9358779957aa1b7a59d246241acb52c62f98ad080ea,True
measurement,46,2,339,level_000012/rep_000_seed_101::step_0001,level_000012/rep_000_seed_101,12,0,101,0,1,step-0001-sales-sum-region-04-2018,0,True,397446,0.397446,399753,0.399753,0ac4eae0427cb78144e121dcad7d34f1d5bf8ce5eb9a4eff12efbad739b752f2,True
measurement,46,3,340,level_000024/rep_000_seed_101::step_0002,level_000024/rep_000_seed_101,24,0,101,1,2,step-0002-sales-sum-region-06-2017,1,True,471013,0.471013,473999,0.473999,46f337445dbb84526e62d2ae8db3379ef88452336e8de51ca4ea4c2be0f99a92,True
measurement,46,4,341,level_000006/rep_000_seed_101::step_0002,level_000006/rep_000_seed_101,6,0,101,1,2,step-0002-sales-sum-region-06-2017,1,True,288342,0.288342,290483,0.290483,c4e139b919430c25a0e931ff0e306c0ade1547ed83d9af5dd0d9f38f16bd05ab,True
measurement,46,5,342,level_000012/rep_000_seed_101::step_0002,level_000012/rep_000_seed_101,12,0,101,1,2,step-0002-sales-sum-region-06-2017,1,True,346619,0.346619,348993,0.348993,9b528a234ae051d4dda725f1795cdb1c49674610190a8d91407cc5eef8c3f11f,True
measurement,47,0,343,level_000012/rep_000_seed_101::step_0002,level_000012/rep_000_seed_101,12,0,101,1,2,step-0002-sales-sum-region-06-2017,1,True,337113,0.337113,339378,0.339378,9b528a234ae051d4dda725f1795cdb1c49674610190a8d91407cc5eef8c3f11f,True
measurement,47,1,344,level_000024/rep_000_seed_101::step_0001,level_000024/rep_000_seed_101,24,0,101,0,1,step-0001-sales-sum-region-04-2018,0,True,566362,0.566362,568837,0.568837,0416b20858d6c23029ac99424bc410d8730ba0626b3d5201ec8182cf73943091,True
measurement,47,2,345,level_000006/rep_000_seed_101::step_0001,level_000006/rep_000_seed_101,6,0,101,0,1,step-0001-sales-sum-region-04-2018,0,True,350708,0.350708,353349,0.353349,11c096270f44fd8fcd1af9358779957aa1b7a59d246241acb52c62f98ad080ea,True
measurement,47,3,346,level_000012/rep_000_seed_101::step_0001,level_000012/rep_000_seed_101,12,0,101,0,1,step-0001-sales-sum-region-04-2018,0,True,432729,0.432729,435279,0.435279,0ac4eae0427cb78144e121dcad7d34f1d5bf8ce5eb9a4eff12efbad739b752f2,True
measurement,47,4,347,level_000024/rep_000_seed_101::step_0002,level_000024/rep_000_seed_101,24,0,101,1,2,step-0002-sales-sum-region-06-2017,1,True,812721,0.812721,817595,0.817595,46f337445dbb84526e62d2ae8db3379ef88452336e8de51ca4ea4c2be0f99a92,True
measurement,47,5,348,level_000006/rep_000_seed_101::step_0002,level_000006/rep_000_seed_101,6,0,101,1,2,step-0002-sales-sum-region-06-2017,1,True,285904,0.285904,287940,0.28794,c4e139b919430c25a0e931ff0e306c0ade1547ed83d9af5dd0d9f38f16bd05ab,True
measurement,48,0,349,level_000024/rep_000_seed_101::step_0002,level_000024/rep_000_seed_101,24,0,101,1,2,step-0002-sales-sum-region-06-2017,1,True,475608,0.475608,478246,0.478246,46f337445dbb84526e62d2ae8db3379ef88452336e8de51ca4ea4c2be0f99a92,True
measurement,48,1,350,level_000012/rep_000_seed_101::step_0001,level_000012/rep_000_seed_101,12,0,101,0,1,step-0001-sales-sum-region-04-2018,0,True,402914,0.402914,405202,0.405202,0ac4eae0427cb78144e121dcad7d34f1d5bf8ce5eb9a4eff12efbad739b752f2,True
measurement,48,2,351,level_000006/rep_000_seed_101::step_0001,level_000006/rep_000_seed_101,6,0,101,0,1,step-0001-sales-sum-region-04-2018,0,True,608340,0.60834,612548,0.612548,11c096270f44fd8fcd1af9358779957aa1b7a59d246241acb52c62f98ad080ea,True
measurement,48,3,352,level_000024/rep_000_seed_101::step_0001,level_000024/rep_000_seed_101,24,0,101,0,1,step-0001-sales-sum-region-04-2018,0,True,548828,0.548828,551417,0.551417,0416b20858d6c23029ac99424bc410d8730ba0626b3d5201ec8182cf73943091,True
measurement,48,4,353,level_000012/rep_000_seed_101::step_0002,level_000012/rep_000_seed_101,12,0,101,1,2,step-0002-sales-sum-region-06-2017,1,True,343602,0.343602,345837,0.345837,9b528a234ae051d4dda725f1795cdb1c49674610190a8d91407cc5eef8c3f11f,True
measurement,48,5,354,level_000006/rep_000_seed_101::step_0002,level_000006/rep_000_seed_101,6,0,101,1,2,step-0002-sales-sum-region-06-2017,1,True,446481,0.446481,449901,0.449901,c4e139b919430c25a0e931ff0e306c0ade1547ed83d9af5dd0d9f38f16bd05ab,True
measurement,49,0,355,level_000012/rep_000_seed_101::step_0001,level_000012/rep_000_seed_101,12,0,101,0,1,step-0001-sales-sum-region-04-2018,0,True,707800,0.7078,711496,0.711496,0ac4eae0427cb78144e121dcad7d34f1d5bf8ce5eb9a4eff12efbad739b752f2,True
measurement,49,1,356,level_000006/rep_000_seed_101::step_0001,level_000006/rep_000_seed_101,6,0,101,0,1,step-0001-sales-sum-region-04-2018,0,True,335386,0.335386,337492,0.337492,11c096270f44fd8fcd1af9358779957aa1b7a59d246241acb52c62f98ad080ea,True
measurement,49,2,357,level_000024/rep_000_seed_101::step_0001,level_000024/rep_000_seed_101,24,0,101,0,1,step-0001-sales-sum-region-04-2018,0,True,555254,0.555254,557582,0.557582,0416b20858d6c23029ac99424bc410d8730ba0626b3d5201ec8182cf73943091,True
measurement,49,3,358,level_000012/rep_000_seed_101::step_0002,level_000012/rep_000_seed_101,12,0,101,1,2,step-0002-sales-sum-region-06-2017,1,True,339491,0.339491,342101,0.342101,9b528a234ae051d4dda725f1795cdb1c49674610190a8d91407cc5eef8c3f11f,True
measurement,49,4,359,level_000006/rep_000_seed_101::step_0002,level_000006/rep_000_seed_101,6,0,101,1,2,step-0002-sales-sum-region-06-2017,1,True,331645,0.331645,334446,0.334446,c4e139b919430c25a0e931ff0e306c0ade1547ed83d9af5dd0d9f38f16bd05ab,True
measurement,49,5,360,level_000024/rep_000_seed_101::step_0002,level_000024/rep_000_seed_101,24,0,101,1,2,step-0002-sales-sum-region-06-2017,1,True,471704,0.471704,475030,0.47503,46f337445dbb84526e62d2ae8db3379ef88452336e8de51ca4ea4c2be0f99a92,True
measurement,50,0,361,level_000006/rep_000_seed_101::step_0001,level_000006/rep_000_seed_101,6,0,101,0,1,step-0001-sales-sum-region-04-2018,0,True,340619,0.340619,343235,0.343235,11c096270f44fd8fcd1af9358779957aa1b7a59d246241acb52c62f98ad080ea,True
measurement,50,1,362,level_000024/rep_000_seed_101::step_0001,level_000024/rep_000_seed_101,24,0,101,0,1,step-0001-sales-sum-region-04-2018,0,True,554727,0.554727,557200,0.5572,0416b20858d6c23029ac99424bc410d8730ba0626b3d5201ec8182cf73943091,True
measurement,50,2,363,level_000012/rep_000_seed_101::step_0002,level_000012/rep_000_seed_101,12,0,101,1,2,step-0002-sales-sum-region-06-2017,1,True,346513,0.346513,348801,0.348801,9b528a234ae051d4dda725f1795cdb1c49674610190a8d91407cc5eef8c3f11f,True
measurement,50,3,364,level_000006/rep_000_seed_101::step_0002,level_000006/rep_000_seed_101,6,0,101,1,2,step-0002-sales-sum-region-06-2017,1,True,282782,0.282782,285254,0.285254,c4e139b919430c25a0e931ff0e306c0ade1547ed83d9af5dd0d9f38f16bd05ab,True
measurement,50,4,365,level_000024/rep_000_seed_101::step_0002,level_000024/rep_000_seed_101,24,0,101,1,2,step-0002-sales-sum-region-06-2017,1,True,455824,0.455824,458065,0.458065,46f337445dbb84526e62d2ae8db3379ef88452336e8de51ca4ea4c2be0f99a92,True
measurement,50,5,366,level_000012/rep_000_seed_101::step_0001,level_000012/rep_000_seed_101,12,0,101,0,1,step-0001-sales-sum-region-04-2018,0,True,388575,0.388575,390908,0.390908,0ac4eae0427cb78144e121dcad7d34f1d5bf8ce5eb9a4eff12efbad739b752f2,True
measurement,51,0,367,level_000024/rep_000_seed_101::step_0001,level_000024/rep_000_seed_101,24,0,101,0,1,step-0001-sales-sum-region-04-2018,0,True,558909,0.558909,561238,0.561238,0416b20858d6c23029ac99424bc410d8730ba0626b3d5201ec8182cf73943091,True
measurement,51,1,368,level_000012/rep_000_seed_101::step_0002,level_000012/rep_000_seed_101,12,0,101,1,2,step-0002-sales-sum-region-06-2017,1,True,339963,0.339963,342364,0.342364,9b528a234ae051d4dda725f1795cdb1c49674610190a8d91407cc5eef8c3f11f,True
measurement,51,2,369,level_000006/rep_000_seed_101::step_0002,level_000006/rep_000_seed_101,6,0,101,1,2,step-0002-sales-sum-region-06-2017,1,True,295987,0.295987,298360,0.29836,c4e139b919430c25a0e931ff0e306c0ade1547ed83d9af5dd0d9f38f16bd05ab,True
measurement,51,3,370,level_000024/rep_000_seed_101::step_0002,level_000024/rep_000_seed_101,24,0,101,1,2,step-0002-sales-sum-region-06-2017,1,True,470615,0.470615,473005,0.473005,46f337445dbb84526e62d2ae8db3379ef88452336e8de51ca4ea4c2be0f99a92,True
measurement,51,4,371,level_000012/rep_000_seed_101::step_0001,level_000012/rep_000_seed_101,12,0,101,0,1,step-0001-sales-sum-region-04-2018,0,True,723877,0.723877,727831,0.727831,0ac4eae0427cb78144e121dcad7d34f1d5bf8ce5eb9a4eff12efbad739b752f2,True
measurement,51,5,372,level_000006/rep_000_seed_101::step_0001,level_000006/rep_000_seed_101,6,0,101,0,1,step-0001-sales-sum-region-04-2018,0,True,359561,0.359561,362375,0.362375,11c096270f44fd8fcd1af9358779957aa1b7a59d246241acb52c62f98ad080ea,True
measurement,52,0,373,level_000012/rep_000_seed_101::step_0002,level_000012/rep_000_seed_101,12,0,101,1,2,step-0002-sales-sum-region-06-2017,1,True,352427,0.352427,354812,0.354812,9b528a234ae051d4dda725f1795cdb1c49674610190a8d91407cc5eef8c3f11f,True
measurement,52,1,374,level_000006/rep_000_seed_101::step_0002,level_000006/rep_000_seed_101,6,0,101,1,2,step-0002-sales-sum-region-06-2017,1,True,284059,0.284059,286140,0.28614,c4e139b919430c25a0e931ff0e306c0ade1547ed83d9af5dd0d9f38f16bd05ab,True
measurement,52,2,375,level_000024/rep_000_seed_101::step_0002,level_000024/rep_000_seed_101,24,0,101,1,2,step-0002-sales-sum-region-06-2017,1,True,786962,0.786962,790774,0.790774,46f337445dbb84526e62d2ae8db3379ef88452336e8de51ca4ea4c2be0f99a92,True
measurement,52,3,376,level_000012/rep_000_seed_101::step_0001,level_000012/rep_000_seed_101,12,0,101,0,1,step-0001-sales-sum-region-04-2018,0,True,415100,0.4151,417956,0.417956,0ac4eae0427cb78144e121dcad7d34f1d5bf8ce5eb9a4eff12efbad739b752f2,True
measurement,52,4,377,level_000006/rep_000_seed_101::step_0001,level_000006/rep_000_seed_101,6,0,101,0,1,step-0001-sales-sum-region-04-2018,0,True,341437,0.341437,343777,0.343777,11c096270f44fd8fcd1af9358779957aa1b7a59d246241acb52c62f98ad080ea,True
measurement,52,5,378,level_000024/rep_000_seed_101::step_0001,level_000024/rep_000_seed_101,24,0,101,0,1,step-0001-sales-sum-region-04-2018,0,True,548475,0.548475,550868,0.550868,0416b20858d6c23029ac99424bc410d8730ba0626b3d5201ec8182cf73943091,True
measurement,53,0,379,level_000006/rep_000_seed_101::step_0002,level_000006/rep_000_seed_101,6,0,101,1,2,step-0002-sales-sum-region-06-2017,1,True,288908,0.288908,291229,0.291229,c4e139b919430c25a0e931ff0e306c0ade1547ed83d9af5dd0d9f38f16bd05ab,True
measurement,53,1,380,level_000024/rep_000_seed_101::step_0002,level_000024/rep_000_seed_101,24,0,101,1,2,step-0002-sales-sum-region-06-2017,1,True,498717,0.498717,492080,0.49208,46f337445dbb84526e62d2ae8db3379ef88452336e8de51ca4ea4c2be0f99a92,True
measurement,53,2,381,level_000012/rep_000_seed_101::step_0001,level_000012/rep_000_seed_101,12,0,101,0,1,step-0001-sales-sum-region-04-2018,0,True,394986,0.394986,397328,0.397328,0ac4eae0427cb78144e121dcad7d34f1d5bf8ce5eb9a4eff12efbad739b752f2,True
measurement,53,3,382,level_000006/rep_000_seed_101::step_0001,level_000006/rep_000_seed_101,6,0,101,0,1,step-0001-sales-sum-region-04-2018,0,True,329802,0.329802,331833,0.331833,11c096270f44fd8fcd1af9358779957aa1b7a59d246241acb52c62f98ad080ea,True
measurement,53,4,383,level_000024/rep_000_seed_101::step_0001,level_000024/rep_000_seed_101,24,0,101,0,1,step-0001-sales-sum-region-04-2018,0,True,547108,0.547108,549476,0.549476,0416b20858d6c23029ac99424bc410d8730ba0626b3d5201ec8182cf73943091,True
measurement,53,5,384,level_000012/rep_000_seed_101::step_0002,level_000012/rep_000_seed_101,12,0,101,1,2,step-0002-sales-sum-region-06-2017,1,True,337821,0.337821,339866,0.339866,9b528a234ae051d4dda725f1795cdb1c49674610190a8d91407cc5eef8c3f11f,True
measurement,54,0,385,level_000006/rep_000_seed_101::step_0002,level_000006/rep_000_seed_101,6,0,101,1,2,step-0002-sales-sum-region-06-2017,1,True,285536,0.285536,287978,0.287978,c4e139b919430c25a0e931ff0e306c0ade1547ed83d9af5dd0d9f38f16bd05ab,True
measurement,54,1,386,level_000012/rep_000_seed_101::step_0002,level_000012/rep_000_seed_101,12,0,101,1,2,step-0002-sales-sum-region-06-2017,1,True,538358,0.538358,542055,0.542055,9b528a234ae051d4dda725f1795cdb1c49674610190a8d91407cc5eef8c3f11f,True
measurement,54,2,387,level_000024/rep_000_seed_101::step_0001,level_000024/rep_000_seed_101,24,0,101,0,1,step-0001-sales-sum-region-04-2018,0,True,543242,0.543242,545395,0.545395,0416b20858d6c23029ac99424bc410d8730ba0626b3d5201ec8182cf73943091,True
measurement,54,3,388,level_000006/rep_000_seed_101::step_0001,level_000006/rep_000_seed_101,6,0,101,0,1,step-0001-sales-sum-region-04-2018,0,True,368290,0.36829,370705,0.370705,11c096270f44fd8fcd1af9358779957aa1b7a59d246241acb52c62f98ad080ea,True
measurement,54,4,389,level_000012/rep_000_seed_101::step_0001,level_000012/rep_000_seed_101,12,0,101,0,1,step-0001-sales-sum-region-04-2018,0,True,392137,0.392137,394686,0.394686,0ac4eae0427cb78144e121dcad7d34f1d5bf8ce5eb9a4eff12efbad739b752f2,True
measurement,54,5,390,level_000024/rep_000_seed_101::step_0002,level_000024/rep_000_seed_101,24,0,101,1,2,step-0002-sales-sum-region-06-2017,1,True,483024,0.483024,485857,0.485857,46f337445dbb84526e62d2ae8db3379ef88452336e8de51ca4ea4c2be0f99a92,True
measurement,55,0,391,level_000024/rep_000_seed_101::step_0002,level_000024/rep_000_seed_101,24,0,101,1,2,step-0002-sales-sum-region-06-2017,1,True,473726,0.473726,476782,0.476782,46f337445dbb84526e62d2ae8db3379ef88452336e8de51ca4ea4c2be0f99a92,True
measurement,55,1,392,level_000006/rep_000_seed_101::step_0002,level_000006/rep_000_seed_101,6,0,101,1,2,step-0002-sales-sum-region-06-2017,1,True,296386,0.296386,299513,0.299513,c4e139b919430c25a0e931ff0e306c0ade1547ed83d9af5dd0d9f38f16bd05ab,True
measurement,55,2,393,level_000012/rep_000_seed_101::step_0002,level_000012/rep_000_seed_101,12,0,101,1,2,step-0002-sales-sum-region-06-2017,1,True,336226,0.336226,338802,0.338802,9b528a234ae051d4dda725f1795cdb1c49674610190a8d91407cc5eef8c3f11f,True
measurement,55,3,394,level_000024/rep_000_seed_101::step_0001,level_000024/rep_000_seed_101,24,0,101,0,1,step-0001-sales-sum-region-04-2018,0,True,1030885,1.030885,1034736,1.034736,0416b20858d6c23029ac99424bc410d8730ba0626b3d5201ec8182cf73943091,True
measurement,55,4,395,level_000006/rep_000_seed_101::step_0001,level_000006/rep_000_seed_101,6,0,101,0,1,step-0001-sales-sum-region-04-2018,0,True,345979,0.345979,348034,0.348034,11c096270f44fd8fcd1af9358779957aa1b7a59d246241acb52c62f98ad080ea,True
measurement,55,5,396,level_000012/rep_000_seed_101::step_0001,level_000012/rep_000_seed_101,12,0,101,0,1,step-0001-sales-sum-region-04-2018,0,True,641261,0.641261,644899,0.644899,0ac4eae0427cb78144e121dcad7d34f1d5bf8ce5eb9a4eff12efbad739b752f2,True
measurement,56,0,397,level_000012/rep_000_seed_101::step_0001,level_000012/rep_000_seed_101,12,0,101,0,1,step-0001-sales-sum-region-04-2018,0,True,397718,0.397718,400161,0.400161,0ac4eae0427cb78144e121dcad7d34f1d5bf8ce5eb9a4eff12efbad739b752f2,True
measurement,56,1,398,level_000024/rep_000_seed_101::step_0002,level_000024/rep_000_seed_101,24,0,101,1,2,step-0002-sales-sum-region-06-2017,1,True,650574,0.650574,643515,0.643515,46f337445dbb84526e62d2ae8db3379ef88452336e8de51ca4ea4c2be0f99a92,True
measurement,56,2,399,level_000006/rep_000_seed_101::step_0002,level_000006/rep_000_seed_101,6,0,101,1,2,step-0002-sales-sum-region-06-2017,1,True,283729,0.283729,285903,0.285903,c4e139b919430c25a0e931ff0e306c0ade1547ed83d9af5dd0d9f38f16bd05ab,True
measurement,56,3,400,level_000012/rep_000_seed_101::step_0002,level_000012/rep_000_seed_101,12,0,101,1,2,step-0002-sales-sum-region-06-2017,1,True,333651,0.333651,336201,0.336201,9b528a234ae051d4dda725f1795cdb1c49674610190a8d91407cc5eef8c3f11f,True
measurement,56,4,401,level_000024/rep_000_seed_101::step_0001,level_000024/rep_000_seed_101,24,0,101,0,1,step-0001-sales-sum-region-04-2018,0,True,546663,0.546663,549107,0.549107,0416b20858d6c23029ac99424bc410d8730ba0626b3d5201ec8182cf73943091,True
measurement,56,5,402,level_000006/rep_000_seed_101::step_0001,level_000006/rep_000_seed_101,6,0,101,0,1,step-0001-sales-sum-region-04-2018,0,True,562492,0.562492,566126,0.566126,11c096270f44fd8fcd1af9358779957aa1b7a59d246241acb52c62f98ad080ea,True
measurement,57,0,403,level_000006/rep_000_seed_101::step_0001,level_000006/rep_000_seed_101,6,0,101,0,1,step-0001-sales-sum-region-04-2018,0,True,343466,0.343466,345684,0.345684,11c096270f44fd8fcd1af9358779957aa1b7a59d246241acb52c62f98ad080ea,True
measurement,57,1,404,level_000012/rep_000_seed_101::step_0001,level_000012/rep_000_seed_101,12,0,101,0,1,step-0001-sales-sum-region-04-2018,0,True,408939,0.408939,411409,0.411409,0ac4eae0427cb78144e121dcad7d34f1d5bf8ce5eb9a4eff12efbad739b752f2,True
measurement,57,2,405,level_000024/rep_000_seed_101::step_0002,level_000024/rep_000_seed_101,24,0,101,1,2,step-0002-sales-sum-region-06-2017,1,True,852011,0.852011,855795,0.855795,46f337445dbb84526e62d2ae8db3379ef88452336e8de51ca4ea4c2be0f99a92,True
measurement,57,3,406,level_000006/rep_000_seed_101::step_0002,level_000006/rep_000_seed_101,6,0,101,1,2,step-0002-sales-sum-region-06-2017,1,True,285658,0.285658,287951,0.287951,c4e139b919430c25a0e931ff0e306c0ade1547ed83d9af5dd0d9f38f16bd05ab,True
measurement,57,4,407,level_000012/rep_000_seed_101::step_0002,level_000012/rep_000_seed_101,12,0,101,1,2,step-0002-sales-sum-region-06-2017,1,True,336419,0.336419,338771,0.338771,9b528a234ae051d4dda725f1795cdb1c49674610190a8d91407cc5eef8c3f11f,True
measurement,57,5,408,level_000024/rep_000_seed_101::step_0001,level_000024/rep_000_seed_101,24,0,101,0,1,step-0001-sales-sum-region-04-2018,0,True,562839,0.562839,565328,0.565328,0416b20858d6c23029ac99424bc410d8730ba0626b3d5201ec8182cf73943091,True
measurement,58,0,409,level_000024/rep_000_seed_101::step_0001,level_000024/rep_000_seed_101,24,0,101,0,1,step-0001-sales-sum-region-04-2018,0,True,560520,0.56052,563003,0.563003,0416b20858d6c23029ac99424bc410d8730ba0626b3d5201ec8182cf73943091,True
measurement,58,1,410,level_000006/rep_000_seed_101::step_0001,level_000006/rep_000_seed_101,6,0,101,0,1,step-0001-sales-sum-region-04-2018,0,True,334439,0.334439,336746,0.336746,11c096270f44fd8fcd1af9358779957aa1b7a59d246241acb52c62f98ad080ea,True
measurement,58,2,411,level_000012/rep_000_seed_101::step_0001,level_000012/rep_000_seed_101,12,0,101,0,1,step-0001-sales-sum-region-04-2018,0,True,401451,0.401451,404065,0.404065,0ac4eae0427cb78144e121dcad7d34f1d5bf8ce5eb9a4eff12efbad739b752f2,True
measurement,58,3,412,level_000024/rep_000_seed_101::step_0002,level_000024/rep_000_seed_101,24,0,101,1,2,step-0002-sales-sum-region-06-2017,1,True,859060,0.85906,863294,0.863294,46f337445dbb84526e62d2ae8db3379ef88452336e8de51ca4ea4c2be0f99a92,True
measurement,58,4,413,level_000006/rep_000_seed_101::step_0002,level_000006/rep_000_seed_101,6,0,101,1,2,step-0002-sales-sum-region-06-2017,1,True,283995,0.283995,286028,0.286028,c4e139b919430c25a0e931ff0e306c0ade1547ed83d9af5dd0d9f38f16bd05ab,True
measurement,58,5,414,level_000012/rep_000_seed_101::step_0002,level_000012/rep_000_seed_101,12,0,101,1,2,step-0002-sales-sum-region-06-2017,1,True,332987,0.332987,334788,0.334788,9b528a234ae051d4dda725f1795cdb1c49674610190a8d91407cc5eef8c3f11f,True
measurement,59,0,415,level_000012/rep_000_seed_101::step_0002,level_000012/rep_000_seed_101,12,0,101,1,2,step-0002-sales-sum-region-06-2017,1,True,382253,0.382253,384290,0.38429,9b528a234ae051d4dda725f1795cdb1c49674610190a8d91407cc5eef8c3f11f,True
measurement,59,1,416,level_000024/rep_000_seed_101::step_0001,level_000024/rep_000_seed_101,24,0,101,0,1,step-0001-sales-sum-region-04-2018,0,True,544726,0.544726,546922,0.546922,0416b20858d6c23029ac99424bc410d8730ba0626b3d5201ec8182cf73943091,True
measurement,59,2,417,level_000006/rep_000_seed_101::step_0001,level_000006/rep_000_seed_101,6,0,101,0,1,step-0001-sales-sum-region-04-2018,0,True,323251,0.323251,325112,0.325112,11c096270f44fd8fcd1af9358779957aa1b7a59d246241acb52c62f98ad080ea,True
measurement,59,3,418,level_000012/rep_000_seed_101::step_0001,level_000012/rep_000_seed_101,12,0,101,0,1,step-0001-sales-sum-region-04-2018,0,True,385144,0.385144,387245,0.387245,0ac4eae0427cb78144e121dcad7d34f1d5bf8ce5eb9a4eff12efbad739b752f2,True
measurement,59,4,419,level_000024/rep_000_seed_101::step_0002,level_000024/rep_000_seed_101,24,0,101,1,2,step-0002-sales-sum-region-06-2017,1,True,864460,0.86446,867785,0.867785,46f337445dbb84526e62d2ae8db3379ef88452336e8de51ca4ea4c2be0f99a92,True
measurement,59,5,420,level_000006/rep_000_seed_101::step_0002,level_000006/rep_000_seed_101,6,0,101,1,2,step-0002-sales-sum-region-06-2017,1,True,289370,0.28937,292175,0.292175,c4e139b919430c25a0e931ff0e306c0ade1547ed83d9af5dd0d9f38f16bd05ab,True
measurement,60,0,421,level_000024/rep_000_seed_101::step_0002,level_000024/rep_000_seed_101,24,0,101,1,2,step-0002-sales-sum-region-06-2017,1,True,460163,0.460163,462411,0.462411,46f337445dbb84526e62d2ae8db3379ef88452336e8de51ca4ea4c2be0f99a92,True
measurement,60,1,422,level_000012/rep_000_seed_101::step_0001,level_000012/rep_000_seed_101,12,0,101,0,1,step-0001-sales-sum-region-04-2018,0,True,397043,0.397043,399303,0.399303,0ac4eae0427cb78144e121dcad7d34f1d5bf8ce5eb9a4eff12efbad739b752f2,True
measurement,60,2,423,level_000006/rep_000_seed_101::step_0001,level_000006/rep_000_seed_101,6,0,101,0,1,step-0001-sales-sum-region-04-2018,0,True,593092,0.593092,596532,0.596532,11c096270f44fd8fcd1af9358779957aa1b7a59d246241acb52c62f98ad080ea,True
measurement,60,3,424,level_000024/rep_000_seed_101::step_0001,level_000024/rep_000_seed_101,24,0,101,0,1,step-0001-sales-sum-region-04-2018,0,True,557262,0.557262,559621,0.559621,0416b20858d6c23029ac99424bc410d8730ba0626b3d5201ec8182cf73943091,True
measurement,60,4,425,level_000012/rep_000_seed_101::step_0002,level_000012/rep_000_seed_101,12,0,101,1,2,step-0002-sales-sum-region-06-2017,1,True,347773,0.347773,350019,0.350019,9b528a234ae051d4dda725f1795cdb1c49674610190a8d91407cc5eef8c3f11f,True
measurement,60,5,426,level_000006/rep_000_seed_101::step_0002,level_000006/rep_000_seed_101,6,0,101,1,2,step-0002-sales-sum-region-06-2017,1,True,288159,0.288159,290228,0.290228,c4e139b919430c25a0e931ff0e306c0ade1547ed83d9af5dd0d9f38f16bd05ab,True
measurement,61,0,427,level_000012/rep_000_seed_101::step_0001,level_000012/rep_000_seed_101,12,0,101,0,1,step-0001-sales-sum-region-04-2018,0,True,400125,0.400125,402507,0.402507,0ac4eae0427cb78144e121dcad7d34f1d5bf8ce5eb9a4eff12efbad739b752f2,True
measurement,61,1,428,level_000006/rep_000_seed_101::step_0001,level_000006/rep_000_seed_101,6,0,101,0,1,step-0001-sales-sum-region-04-2018,0,True,334735,0.334735,336717,0.336717,11c096270f44fd8fcd1af9358779957aa1b7a59d246241acb52c62f98ad080ea,True
measurement,61,2,429,level_000024/rep_000_seed_101::step_0001,level_000024/rep_000_seed_101,24,0,101,0,1,step-0001-sales-sum-region-04-2018,0,True,545170,0.54517,547746,0.547746,0416b20858d6c23029ac99424bc410d8730ba0626b3d5201ec8182cf73943091,True
measurement,61,3,430,level_000012/rep_000_seed_101::step_0002,level_000012/rep_000_seed_101,12,0,101,1,2,step-0002-sales-sum-region-06-2017,1,True,612461,0.612461,616084,0.616084,9b528a234ae051d4dda725f1795cdb1c49674610190a8d91407cc5eef8c3f11f,True
measurement,61,4,431,level_000006/rep_000_seed_101::step_0002,level_000006/rep_000_seed_101,6,0,101,1,2,step-0002-sales-sum-region-06-2017,1,True,293593,0.293593,295589,0.295589,c4e139b919430c25a0e931ff0e306c0ade1547ed83d9af5dd0d9f38f16bd05ab,True
measurement,61,5,432,level_000024/rep_000_seed_101::step_0002,level_000024/rep_000_seed_101,24,0,101,1,2,step-0002-sales-sum-region-06-2017,1,True,460057,0.460057,461889,0.461889,46f337445dbb84526e62d2ae8db3379ef88452336e8de51ca4ea4c2be0f99a92,True
measurement,62,0,433,level_000006/rep_000_seed_101::step_0001,level_000006/rep_000_seed_101,6,0,101,0,1,step-0001-sales-sum-region-04-2018,0,True,332007,0.332007,334106,0.334106,11c096270f44fd8fcd1af9358779957aa1b7a59d246241acb52c62f98ad080ea,True
measurement,62,1,434,level_000024/rep_000_seed_101::step_0001,level_000024/rep_000_seed_101,24,0,101,0,1,step-0001-sales-sum-region-04-2018,0,True,558721,0.558721,561032,0.561032,0416b20858d6c23029ac99424bc410d8730ba0626b3d5201ec8182cf73943091,True
measurement,62,2,435,level_000012/rep_000_seed_101::step_0002,level_000012/rep_000_seed_101,12,0,101,1,2,step-0002-sales-sum-region-06-2017,1,True,347850,0.34785,350301,0.350301,9b528a234ae051d4dda725f1795cdb1c49674610190a8d91407cc5eef8c3f11f,True
measurement,62,3,436,level_000006/rep_000_seed_101::step_0002,level_000006/rep_000_seed_101,6,0,101,1,2,step-0002-sales-sum-region-06-2017,1,True,312211,0.312211,314592,0.314592,c4e139b919430c25a0e931ff0e306c0ade1547ed83d9af5dd0d9f38f16bd05ab,True
measurement,62,4,437,level_000024/rep_000_seed_101::step_0002,level_000024/rep_000_seed_101,24,0,101,1,2,step-0002-sales-sum-region-06-2017,1,True,476100,0.4761,478805,0.478805,46f337445dbb84526e62d2ae8db3379ef88452336e8de51ca4ea4c2be0f99a92,True
measurement,62,5,438,level_000012/rep_000_seed_101::step_0001,level_000012/rep_000_seed_101,12,0,101,0,1,step-0001-sales-sum-region-04-2018,0,True,387475,0.387475,389807,0.389807,0ac4eae0427cb78144e121dcad7d34f1d5bf8ce5eb9a4eff12efbad739b752f2,True
measurement,63,0,439,level_000024/rep_000_seed_101::step_0001,level_000024/rep_000_seed_101,24,0,101,0,1,step-0001-sales-sum-region-04-2018,0,True,556822,0.556822,559273,0.559273,0416b20858d6c23029ac99424bc410d8730ba0626b3d5201ec8182cf73943091,True
measurement,63,1,440,level_000012/rep_000_seed_101::step_0002,level_000012/rep_000_seed_101,12,0,101,1,2,step-0002-sales-sum-region-06-2017,1,True,337677,0.337677,340202,0.340202,9b528a234ae051d4dda725f1795cdb1c49674610190a8d91407cc5eef8c3f11f,True
measurement,63,2,441,level_000006/rep_000_seed_101::step_0002,level_000006/rep_000_seed_101,6,0,101,1,2,step-0002-sales-sum-region-06-2017,1,True,290043,0.290043,292230,0.29223,c4e139b919430c25a0e931ff0e306c0ade1547ed83d9af5dd0d9f38f16bd05ab,True
measurement,63,3,442,level_000024/rep_000_seed_101::step_0002,level_000024/rep_000_seed_101,24,0,101,1,2,step-0002-sales-sum-region-06-2017,1,True,971201,0.971201,975186,0.975186,46f337445dbb84526e62d2ae8db3379ef88452336e8de51ca4ea4c2be0f99a92,True
measurement,63,4,443,level_000012/rep_000_seed_101::step_0001,level_000012/rep_000_seed_101,12,0,101,0,1,step-0001-sales-sum-region-04-2018,0,True,417658,0.417658,420692,0.420692,0ac4eae0427cb78144e121dcad7d34f1d5bf8ce5eb9a4eff12efbad739b752f2,True
measurement,63,5,444,level_000006/rep_000_seed_101::step_0001,level_000006/rep_000_seed_101,6,0,101,0,1,step-0001-sales-sum-region-04-2018,0,True,354957,0.354957,357547,0.357547,11c096270f44fd8fcd1af9358779957aa1b7a59d246241acb52c62f98ad080ea,True
measurement,64,0,445,level_000012/rep_000_seed_101::step_0002,level_000012/rep_000_seed_101,12,0,101,1,2,step-0002-sales-sum-region-06-2017,1,True,338181,0.338181,341081,0.341081,9b528a234ae051d4dda725f1795cdb1c49674610190a8d91407cc5eef8c3f11f,True
measurement,64,1,446,level_000006/rep_000_seed_101::step_0002,level_000006/rep_000_seed_101,6,0,101,1,2,step-0002-sales-sum-region-06-2017,1,True,541082,0.541082,545954,0.545954,c4e139b919430c25a0e931ff0e306c0ade1547ed83d9af5dd0d9f38f16bd05ab,True
measurement,64,2,447,level_000024/rep_000_seed_101::step_0002,level_000024/rep_000_seed_101,24,0,101,1,2,step-0002-sales-sum-region-06-2017,1,True,547492,0.547492,540774,0.540774,46f337445dbb84526e62d2ae8db3379ef88452336e8de51ca4ea4c2be0f99a92,True
measurement,64,3,448,level_000012/rep_000_seed_101::step_0001,level_000012/rep_000_seed_101,12,0,101,0,1,step-0001-sales-sum-region-04-2018,0,True,402813,0.402813,405149,0.405149,0ac4eae0427cb78144e121dcad7d34f1d5bf8ce5eb9a4eff12efbad739b752f2,True
measurement,64,4,449,level_000006/rep_000_seed_101::step_0001,level_000006/rep_000_seed_101,6,0,101,0,1,step-0001-sales-sum-region-04-2018,0,True,584770,0.58477,588296,0.588296,11c096270f44fd8fcd1af9358779957aa1b7a59d246241acb52c62f98ad080ea,True
measurement,64,5,450,level_000024/rep_000_seed_101::step_0001,level_000024/rep_000_seed_101,24,0,101,0,1,step-0001-sales-sum-region-04-2018,0,True,549942,0.549942,552264,0.552264,0416b20858d6c23029ac99424bc410d8730ba0626b3d5201ec8182cf73943091,True
measurement,65,0,451,level_000006/rep_000_seed_101::step_0002,level_000006/rep_000_seed_101,6,0,101,1,2,step-0002-sales-sum-region-06-2017,1,True,285097,0.285097,287277,0.287277,c4e139b919430c25a0e931ff0e306c0ade1547ed83d9af5dd0d9f38f16bd05ab,True
measurement,65,1,452,level_000024/rep_000_seed_101::step_0002,level_000024/rep_000_seed_101,24,0,101,1,2,step-0002-sales-sum-region-06-2017,1,True,460271,0.460271,462413,0.462413,46f337445dbb84526e62d2ae8db3379ef88452336e8de51ca4ea4c2be0f99a92,True
measurement,65,2,453,level_000012/rep_000_seed_101::step_0001,level_000012/rep_000_seed_101,12,0,101,0,1,step-0001-sales-sum-region-04-2018,0,True,395854,0.395854,398338,0.398338,0ac4eae0427cb78144e121dcad7d34f1d5bf8ce5eb9a4eff12efbad739b752f2,True
measurement,65,3,454,level_000006/rep_000_seed_101::step_0001,level_000006/rep_000_seed_101,6,0,101,0,1,step-0001-sales-sum-region-04-2018,0,True,345838,0.345838,348081,0.348081,11c096270f44fd8fcd1af9358779957aa1b7a59d246241acb52c62f98ad080ea,True
measurement,65,4,455,level_000024/rep_000_seed_101::step_0001,level_000024/rep_000_seed_101,24,0,101,0,1,step-0001-sales-sum-region-04-2018,0,True,546667,0.546667,548970,0.54897,0416b20858d6c23029ac99424bc410d8730ba0626b3d5201ec8182cf73943091,True
measurement,65,5,456,level_000012/rep_000_seed_101::step_0002,level_000012/rep_000_seed_101,12,0,101,1,2,step-0002-sales-sum-region-06-2017,1,True,543471,0.543471,547634,0.547634,9b528a234ae051d4dda725f1795cdb1c49674610190a8d91407cc5eef8c3f11f,True
measurement,66,0,457,level_000006/rep_000_seed_101::step_0002,level_000006/rep_000_seed_101,6,0,101,1,2,step-0002-sales-sum-region-06-2017,1,True,297694,0.297694,299810,0.29981,c4e139b919430c25a0e931ff0e306c0ade1547ed83d9af5dd0d9f38f16bd05ab,True
measurement,66,1,458,level_000012/rep_000_seed_101::step_0002,level_000012/rep_000_seed_101,12,0,101,1,2,step-0002-sales-sum-region-06-2017,1,True,339436,0.339436,342076,0.342076,9b528a234ae051d4dda725f1795cdb1c49674610190a8d91407cc5eef8c3f11f,True
measurement,66,2,459,level_000024/rep_000_seed_101::step_0001,level_000024/rep_000_seed_101,24,0,101,0,1,step-0001-sales-sum-region-04-2018,0,True,1043650,1.04365,1047798,1.047798,0416b20858d6c23029ac99424bc410d8730ba0626b3d5201ec8182cf73943091,True
measurement,66,3,460,level_000006/rep_000_seed_101::step_0001,level_000006/rep_000_seed_101,6,0,101,0,1,step-0001-sales-sum-region-04-2018,0,True,344352,0.344352,346629,0.346629,11c096270f44fd8fcd1af9358779957aa1b7a59d246241acb52c62f98ad080ea,True
measurement,66,4,461,level_000012/rep_000_seed_101::step_0001,level_000012/rep_000_seed_101,12,0,101,0,1,step-0001-sales-sum-region-04-2018,0,True,409497,0.409497,412662,0.412662,0ac4eae0427cb78144e121dcad7d34f1d5bf8ce5eb9a4eff12efbad739b752f2,True
measurement,66,5,462,level_000024/rep_000_seed_101::step_0002,level_000024/rep_000_seed_101,24,0,101,1,2,step-0002-sales-sum-region-06-2017,1,True,836986,0.836986,841126,0.841126,46f337445dbb84526e62d2ae8db3379ef88452336e8de51ca4ea4c2be0f99a92,True
measurement,67,0,463,level_000024/rep_000_seed_101::step_0002,level_000024/rep_000_seed_101,24,0,101,1,2,step-0002-sales-sum-region-06-2017,1,True,473363,0.473363,476088,0.476088,46f337445dbb84526e62d2ae8db3379ef88452336e8de51ca4ea4c2be0f99a92,True
measurement,67,1,464,level_000006/rep_000_seed_101::step_0002,level_000006/rep_000_seed_101,6,0,101,1,2,step-0002-sales-sum-region-06-2017,1,True,284787,0.284787,287330,0.28733,c4e139b919430c25a0e931ff0e306c0ade1547ed83d9af5dd0d9f38f16bd05ab,True
measurement,67,2,465,level_000012/rep_000_seed_101::step_0002,level_000012/rep_000_seed_101,12,0,101,1,2,step-0002-sales-sum-region-06-2017,1,True,652619,0.652619,657097,0.657097,9b528a234ae051d4dda725f1795cdb1c49674610190a8d91407cc5eef8c3f11f,True
measurement,67,3,466,level_000024/rep_000_seed_101::step_0001,level_000024/rep_000_seed_101,24,0,101,0,1,step-0001-sales-sum-region-04-2018,0,True,601237,0.601237,605019,0.605019,0416b20858d6c23029ac99424bc410d8730ba0626b3d5201ec8182cf73943091,True
measurement,67,4,467,level_000006/rep_000_seed_101::step_0001,level_000006/rep_000_seed_101,6,0,101,0,1,step-0001-sales-sum-region-04-2018,0,True,341826,0.341826,344324,0.344324,11c096270f44fd8fcd1af9358779957aa1b7a59d246241acb52c62f98ad080ea,True
measurement,67,5,468,level_000012/rep_000_seed_101::step_0001,level_000012/rep_000_seed_101,12,0,101,0,1,step-0001-sales-sum-region-04-2018,0,True,684571,0.684571,688228,0.688228,0ac4eae0427cb78144e121dcad7d34f1d5bf8ce5eb9a4eff12efbad739b752f2,True
measurement,68,0,469,level_000012/rep_000_seed_101::step_0001,level_000012/rep_000_seed_101,12,0,101,0,1,step-0001-sales-sum-region-04-2018,0,True,392177,0.392177,394587,0.394587,0ac4eae0427cb78144e121dcad7d34f1d5bf8ce5eb9a4eff12efbad739b752f2,True
measurement,68,1,470,level_000024/rep_000_seed_101::step_0002,level_000024/rep_000_seed_101,24,0,101,1,2,step-0002-sales-sum-region-06-2017,1,True,461126,0.461126,464165,0.464165,46f337445dbb84526e62d2ae8db3379ef88452336e8de51ca4ea4c2be0f99a92,True
measurement,68,2,471,level_000006/rep_000_seed_101::step_0002,level_000006/rep_000_seed_101,6,0,101,1,2,step-0002-sales-sum-region-06-2017,1,True,287362,0.287362,289509,0.289509,c4e139b919430c25a0e931ff0e306c0ade1547ed83d9af5dd0d9f38f16bd05ab,True
measurement,68,3,472,level_000012/rep_000_seed_101::step_0002,level_000012/rep_000_seed_101,12,0,101,1,2,step-0002-sales-sum-region-06-2017,1,True,333282,0.333282,335704,0.335704,9b528a234ae051d4dda725f1795cdb1c49674610190a8d91407cc5eef8c3f11f,True
measurement,68,4,473,level_000024/rep_000_seed_101::step_0001,level_000024/rep_000_seed_101,24,0,101,0,1,step-0001-sales-sum-region-04-2018,0,True,544864,0.544864,547298,0.547298,0416b20858d6c23029ac99424bc410d8730ba0626b3d5201ec8182cf73943091,True
measurement,68,5,474,level_000006/rep_000_seed_101::step_0001,level_000006/rep_000_seed_101,6,0,101,0,1,step-0001-sales-sum-region-04-2018,0,True,345000,0.345,347600,0.3476,11c096270f44fd8fcd1af9358779957aa1b7a59d246241acb52c62f98ad080ea,True
measurement,69,0,475,level_000006/rep_000_seed_101::step_0001,level_000006/rep_000_seed_101,6,0,101,0,1,step-0001-sales-sum-region-04-2018,0,True,337956,0.337956,340271,0.340271,11c096270f44fd8fcd1af9358779957aa1b7a59d246241acb52c62f98ad080ea,True
measurement,69,1,476,level_000012/rep_000_seed_101::step_0001,level_000012/rep_000_seed_101,12,0,101,0,1,step-0001-sales-sum-region-04-2018,0,True,398492,0.398492,400655,0.400655,0ac4eae0427cb78144e121dcad7d34f1d5bf8ce5eb9a4eff12efbad739b752f2,True
measurement,69,2,477,level_000024/rep_000_seed_101::step_0002,level_000024/rep_000_seed_101,24,0,101,1,2,step-0002-sales-sum-region-06-2017,1,True,469114,0.469114,471410,0.47141,46f337445dbb84526e62d2ae8db3379ef88452336e8de51ca4ea4c2be0f99a92,True
measurement,69,3,478,level_000006/rep_000_seed_101::step_0002,level_000006/rep_000_seed_101,6,0,101,1,2,step-0002-sales-sum-region-06-2017,1,True,279850,0.27985,281929,0.281929,c4e139b919430c25a0e931ff0e306c0ade1547ed83d9af5dd0d9f38f16bd05ab,True
measurement,69,4,479,level_000012/rep_000_seed_101::step_0002,level_000012/rep_000_seed_101,12,0,101,1,2,step-0002-sales-sum-region-06-2017,1,True,333249,0.333249,335316,0.335316,9b528a234ae051d4dda725f1795cdb1c49674610190a8d91407cc5eef8c3f11f,True
measurement,69,5,480,level_000024/rep_000_seed_101::step_0001,level_000024/rep_000_seed_101,24,0,101,0,1,step-0001-sales-sum-region-04-2018,0,True,539465,0.539465,541645,0.541645,0416b20858d6c23029ac99424bc410d8730ba0626b3d5201ec8182cf73943091,True
measurement,70,0,481,level_000024/rep_000_seed_101::step_0001,level_000024/rep_000_seed_101,24,0,101,0,1,step-0001-sales-sum-region-04-2018,0,True,547148,0.547148,549407,0.549407,0416b20858d6c23029ac99424bc410d8730ba0626b3d5201ec8182cf73943091,True
measurement,70,1,482,level_000006/rep_000_seed_101::step_0001,level_000006/rep_000_seed_101,6,0,101,0,1,step-0001-sales-sum-region-04-2018,0,True,339363,0.339363,341746,0.341746,11c096270f44fd8fcd1af9358779957aa1b7a59d246241acb52c62f98ad080ea,True
measurement,70,2,483,level_000012/rep_000_seed_101::step_0001,level_000012/rep_000_seed_101,12,0,101,0,1,step-0001-sales-sum-region-04-2018,0,True,427047,0.427047,429596,0.429596,0ac4eae0427cb78144e121dcad7d34f1d5bf8ce5eb9a4eff12efbad739b752f2,True
measurement,70,3,484,level_000024/rep_000_seed_101::step_0002,level_000024/rep_000_seed_101,24,0,101,1,2,step-0002-sales-sum-region-06-2017,1,True,462038,0.462038,464733,0.464733,46f337445dbb84526e62d2ae8db3379ef88452336e8de51ca4ea4c2be0f99a92,True
measurement,70,4,485,level_000006/rep_000_seed_101::step_0002,level_000006/rep_000_seed_101,6,0,101,1,2,step-0002-sales-sum-region-06-2017,1,True,282635,0.282635,284558,0.284558,c4e139b919430c25a0e931ff0e306c0ade1547ed83d9af5dd0d9f38f16bd05ab,True
measurement,70,5,486,level_000012/rep_000_seed_101::step_0002,level_000012/rep_000_seed_101,12,0,101,1,2,step-0002-sales-sum-region-06-2017,1,True,333470,0.33347,335943,0.335943,9b528a234ae051d4dda725f1795cdb1c49674610190a8d91407cc5eef8c3f11f,True
measurement,71,0,487,level_000012/rep_000_seed_101::step_0002,level_000012/rep_000_seed_101,12,0,101,1,2,step-0002-sales-sum-region-06-2017,1,True,347710,0.34771,349742,0.349742,9b528a234ae051d4dda725f1795cdb1c49674610190a8d91407cc5eef8c3f11f,True
measurement,71,1,488,level_000024/rep_000_seed_101::step_0001,level_000024/rep_000_seed_101,24,0,101,0,1,step-0001-sales-sum-region-04-2018,0,True,529259,0.529259,531066,0.531066,0416b20858d6c23029ac99424bc410d8730ba0626b3d5201ec8182cf73943091,True
measurement,71,2,489,level_000006/rep_000_seed_101::step_0001,level_000006/rep_000_seed_101,6,0,101,0,1,step-0001-sales-sum-region-04-2018,0,True,565056,0.565056,567774,0.567774,11c096270f44fd8fcd1af9358779957aa1b7a59d246241acb52c62f98ad080ea,True
measurement,71,3,490,level_000012/rep_000_seed_101::step_0001,level_000012/rep_000_seed_101,12,0,101,0,1,step-0001-sales-sum-region-04-2018,0,True,374341,0.374341,376202,0.376202,0ac4eae0427cb78144e121dcad7d34f1d5bf8ce5eb9a4eff12efbad739b752f2,True
measurement,71,4,491,level_000024/rep_000_seed_101::step_0002,level_000024/rep_000_seed_101,24,0,101,1,2,step-0002-sales-sum-region-06-2017,1,True,473626,0.473626,475709,0.475709,46f337445dbb84526e62d2ae8db3379ef88452336e8de51ca4ea4c2be0f99a92,True
measurement,71,5,492,level_000006/rep_000_seed_101::step_0002,level_000006/rep_000_seed_101,6,0,101,1,2,step-0002-sales-sum-region-06-2017,1,True,287156,0.287156,288711,0.288711,c4e139b919430c25a0e931ff0e306c0ade1547ed83d9af5dd0d9f38f16bd05ab,True
measurement,72,0,493,level_000024/rep_000_seed_101::step_0002,level_000024/rep_000_seed_101,24,0,101,1,2,step-0002-sales-sum-region-06-2017,1,True,461582,0.461582,464367,0.464367,46f337445dbb84526e62d2ae8db3379ef88452336e8de51ca4ea4c2be0f99a92,True
measurement,72,1,494,level_000012/rep_000_seed_101::step_0001,level_000012/rep_000_seed_101,12,0,101,0,1,step-0001-sales-sum-region-04-2018,0,True,740449,0.740449,727033,0.727033,0ac4eae0427cb78144e121dcad7d34f1d5bf8ce5eb9a4eff12efbad739b752f2,True
measurement,72,2,495,level_000006/rep_000_seed_101::step_0001,level_000006/rep_000_seed_101,6,0,101,0,1,step-0001-sales-sum-region-04-2018,0,True,594814,0.594814,598159,0.598159,11c096270f44fd8fcd1af9358779957aa1b7a59d246241acb52c62f98ad080ea,True
measurement,72,3,496,level_000024/rep_000_seed_101::step_0001,level_000024/rep_000_seed_101,24,0,101,0,1,step-0001-sales-sum-region-04-2018,0,True,1818185,1.818185,1195430,1.19543,0416b20858d6c23029ac99424bc410d8730ba0626b3d5201ec8182cf73943091,True
measurement,72,4,497,level_000012/rep_000_seed_101::step_0002,level_000012/rep_000_seed_101,12,0,101,1,2,step-0002-sales-sum-region-06-2017,1,True,3222701,3.222701,779971,0.779971,9b528a234ae051d4dda725f1795cdb1c49674610190a8d91407cc5eef8c3f11f,True
measurement,72,5,498,level_000006/rep_000_seed_101::step_0002,level_000006/rep_000_seed_101,6,0,101,1,2,step-0002-sales-sum-region-06-2017,1,True,543255,0.543255,547017,0.547017,c4e139b919430c25a0e931ff0e306c0ade1547ed83d9af5dd0d9f38f16bd05ab,True
measurement,73,0,499,level_000012/rep_000_seed_101::step_0001,level_000012/rep_000_seed_101,12,0,101,0,1,step-0001-sales-sum-region-04-2018,0,True,711871,0.711871,715947,0.715947,0ac4eae0427cb78144e121dcad7d34f1d5bf8ce5eb9a4eff12efbad739b752f2,True
measurement,73,1,500,level_000006/rep_000_seed_101::step_0001,level_000006/rep_000_seed_101,6,0,101,0,1,step-0001-sales-sum-region-04-2018,0,True,344776,0.344776,346876,0.346876,11c096270f44fd8fcd1af9358779957aa1b7a59d246241acb52c62f98ad080ea,True
measurement,73,2,501,level_000024/rep_000_seed_101::step_0001,level_000024/rep_000_seed_101,24,0,101,0,1,step-0001-sales-sum-region-04-2018,0,True,553934,0.553934,556513,0.556513,0416b20858d6c23029ac99424bc410d8730ba0626b3d5201ec8182cf73943091,True
measurement,73,3,502,level_000012/rep_000_seed_101::step_0002,level_000012/rep_000_seed_101,12,0,101,1,2,step-0002-sales-sum-region-06-2017,1,True,348448,0.348448,350986,0.350986,9b528a234ae051d4dda725f1795cdb1c49674610190a8d91407cc5eef8c3f11f,True
measurement,73,4,503,level_000006/rep_000_seed_101::step_0002,level_000006/rep_000_seed_101,6,0,101,1,2,step-0002-sales-sum-region-06-2017,1,True,289805,0.289805,292084,0.292084,c4e139b919430c25a0e931ff0e306c0ade1547ed83d9af5dd0d9f38f16bd05ab,True
measurement,73,5,504,level_000024/rep_000_seed_101::step_0002,level_000024/rep_000_seed_101,24,0,101,1,2,step-0002-sales-sum-region-06-2017,1,True,483131,0.483131,486330,0.48633,46f337445dbb84526e62d2ae8db3379ef88452336e8de51ca4ea4c2be0f99a92,True
measurement,74,0,505,level_000006/rep_000_seed_101::step_0001,level_000006/rep_000_seed_101,6,0,101,0,1,step-0001-sales-sum-region-04-2018,0,True,642931,0.642931,647438,0.647438,11c096270f44fd8fcd1af9358779957aa1b7a59d246241acb52c62f98ad080ea,True
measurement,74,1,506,level_000024/rep_000_seed_101::step_0001,level_000024/rep_000_seed_101,24,0,101,0,1,step-0001-sales-sum-region-04-2018,0,True,551310,0.55131,553629,0.553629,0416b20858d6c23029ac99424bc410d8730ba0626b3d5201ec8182cf73943091,True
measurement,74,2,507,level_000012/rep_000_seed_101::step_0002,level_000012/rep_000_seed_101,12,0,101,1,2,step-0002-sales-sum-region-06-2017,1,True,340790,0.34079,342913,0.342913,9b528a234ae051d4dda725f1795cdb1c49674610190a8d91407cc5eef8c3f11f,True
measurement,74,3,508,level_000006/rep_000_seed_101::step_0002,level_000006/rep_000_seed_101,6,0,101,1,2,step-0002-sales-sum-region-06-2017,1,True,282243,0.282243,284580,0.28458,c4e139b919430c25a0e931ff0e306c0ade1547ed83d9af5dd0d9f38f16bd05ab,True
measurement,74,4,509,level_000024/rep_000_seed_101::step_0002,level_000024/rep_000_seed_101,24,0,101,1,2,step-0002-sales-sum-region-06-2017,1,True,463477,0.463477,465682,0.465682,46f337445dbb84526e62d2ae8db3379ef88452336e8de51ca4ea4c2be0f99a92,True
measurement,74,5,510,level_000012/rep_000_seed_101::step_0001,level_000012/rep_000_seed_101,12,0,101,0,1,step-0001-sales-sum-region-04-2018,0,True,403683,0.403683,406290,0.40629,0ac4eae0427cb78144e121dcad7d34f1d5bf8ce5eb9a4eff12efbad739b752f2,True
measurement,75,0,511,level_000024/rep_000_seed_101::step_0001,level_000024/rep_000_seed_101,24,0,101,0,1,step-0001-sales-sum-region-04-2018,0,True,552711,0.552711,555057,0.555057,0416b20858d6c23029ac99424bc410d8730ba0626b3d5201ec8182cf73943091,True
measurement,75,1,512,level_000012/rep_000_seed_101::step_0002,level_000012/rep_000_seed_101,12,0,101,1,2,step-0002-sales-sum-region-06-2017,1,True,347422,0.347422,349961,0.349961,9b528a234ae051d4dda725f1795cdb1c49674610190a8d91407cc5eef8c3f11f,True
measurement,75,2,513,level_000006/rep_000_seed_101::step_0002,level_000006/rep_000_seed_101,6,0,101,1,2,step-0002-sales-sum-region-06-2017,1,True,284238,0.284238,295030,0.29503,c4e139b919430c25a0e931ff0e306c0ade1547ed83d9af5dd0d9f38f16bd05ab,True
measurement,75,3,514,level_000024/rep_000_seed_101::step_0002,level_000024/rep_000_seed_101,24,0,101,1,2,step-0002-sales-sum-region-06-2017,1,True,485080,0.48508,488391,0.488391,46f337445dbb84526e62d2ae8db3379ef88452336e8de51ca4ea4c2be0f99a92,True
measurement,75,4,515,level_000012/rep_000_seed_101::step_0001,level_000012/rep_000_seed_101,12,0,101,0,1,step-0001-sales-sum-region-04-2018,0,True,390158,0.390158,393128,0.393128,0ac4eae0427cb78144e121dcad7d34f1d5bf8ce5eb9a4eff12efbad739b752f2,True
measurement,75,5,516,level_000006/rep_000_seed_101::step_0001,level_000006/rep_000_seed_101,6,0,101,0,1,step-0001-sales-sum-region-04-2018,0,True,564356,0.564356,569427,0.569427,11c096270f44fd8fcd1af9358779957aa1b7a59d246241acb52c62f98ad080ea,True
measurement,76,0,517,level_000012/rep_000_seed_101::step_0002,level_000012/rep_000_seed_101,12,0,101,1,2,step-0002-sales-sum-region-06-2017,1,True,342120,0.34212,344705,0.344705,9b528a234ae051d4dda725f1795cdb1c49674610190a8d91407cc5eef8c3f11f,True
measurement,76,1,518,level_000006/rep_000_seed_101::step_0002,level_000006/rep_000_seed_101,6,0,101,1,2,step-0002-sales-sum-region-06-2017,1,True,285878,0.285878,288198,0.288198,c4e139b919430c25a0e931ff0e306c0ade1547ed83d9af5dd0d9f38f16bd05ab,True
measurement,76,2,519,level_000024/rep_000_seed_101::step_0002,level_000024/rep_000_seed_101,24,0,101,1,2,step-0002-sales-sum-region-06-2017,1,True,458995,0.458995,461456,0.461456,46f337445dbb84526e62d2ae8db3379ef88452336e8de51ca4ea4c2be0f99a92,True
measurement,76,3,520,level_000012/rep_000_seed_101::step_0001,level_000012/rep_000_seed_101,12,0,101,0,1,step-0001-sales-sum-region-04-2018,0,True,422713,0.422713,425428,0.425428,0ac4eae0427cb78144e121dcad7d34f1d5bf8ce5eb9a4eff12efbad739b752f2,True
measurement,76,4,521,level_000006/rep_000_seed_101::step_0001,level_000006/rep_000_seed_101,6,0,101,0,1,step-0001-sales-sum-region-04-2018,0,True,600721,0.600721,604106,0.604106,11c096270f44fd8fcd1af9358779957aa1b7a59d246241acb52c62f98ad080ea,True
measurement,76,5,522,level_000024/rep_000_seed_101::step_0001,level_000024/rep_000_seed_101,24,0,101,0,1,step-0001-sales-sum-region-04-2018,0,True,561272,0.561272,563719,0.563719,0416b20858d6c23029ac99424bc410d8730ba0626b3d5201ec8182cf73943091,True
measurement,77,0,523,level_000006/rep_000_seed_101::step_0002,level_000006/rep_000_seed_101,6,0,101,1,2,step-0002-sales-sum-region-06-2017,1,True,285187,0.285187,287576,0.287576,c4e139b919430c25a0e931ff0e306c0ade1547ed83d9af5dd0d9f38f16bd05ab,True
measurement,77,1,524,level_000024/rep_000_seed_101::step_0002,level_000024/rep_000_seed_101,24,0,101,1,2,step-0002-sales-sum-region-06-2017,1,True,468566,0.468566,470954,0.470954,46f337445dbb84526e62d2ae8db3379ef88452336e8de51ca4ea4c2be0f99a92,True
measurement,77,2,525,level_000012/rep_000_seed_101::step_0001,level_000012/rep_000_seed_101,12,0,101,0,1,step-0001-sales-sum-region-04-2018,0,True,447850,0.44785,450481,0.450481,0ac4eae0427cb78144e121dcad7d34f1d5bf8ce5eb9a4eff12efbad739b752f2,True
measurement,77,3,526,level_000006/rep_000_seed_101::step_0001,level_000006/rep_000_seed_101,6,0,101,0,1,step-0001-sales-sum-region-04-2018,0,True,354219,0.354219,356931,0.356931,11c096270f44fd8fcd1af9358779957aa1b7a59d246241acb52c62f98ad080ea,True
measurement,77,4,527,level_000024/rep_000_seed_101::step_0001,level_000024/rep_000_seed_101,24,0,101,0,1,step-0001-sales-sum-region-04-2018,0,True,930104,0.930104,905996,0.905996,0416b20858d6c23029ac99424bc410d8730ba0626b3d5201ec8182cf73943091,True
measurement,77,5,528,level_000012/rep_000_seed_101::step_0002,level_000012/rep_000_seed_101,12,0,101,1,2,step-0002-sales-sum-region-06-2017,1,True,620788,0.620788,624882,0.624882,9b528a234ae051d4dda725f1795cdb1c49674610190a8d91407cc5eef8c3f11f,True
measurement,78,0,529,level_000006/rep_000_seed_101::step_0002,level_000006/rep_000_seed_101,6,0,101,1,2,step-0002-sales-sum-region-06-2017,1,True,469575,0.469575,472358,0.472358,c4e139b919430c25a0e931ff0e306c0ade1547ed83d9af5dd0d9f38f16bd05ab,True
measurement,78,1,530,level_000012/rep_000_seed_101::step_0002,level_000012/rep_000_seed_101,12,0,101,1,2,step-0002-sales-sum-region-06-2017,1,True,343719,0.343719,346085,0.346085,9b528a234ae051d4dda725f1795cdb1c49674610190a8d91407cc5eef8c3f11f,True
measurement,78,2,531,level_000024/rep_000_seed_101::step_0001,level_000024/rep_000_seed_101,24,0,101,0,1,step-0001-sales-sum-region-04-2018,0,True,575386,0.575386,578202,0.578202,0416b20858d6c23029ac99424bc410d8730ba0626b3d5201ec8182cf73943091,True
measurement,78,3,532,level_000006/rep_000_seed_101::step_0001,level_000006/rep_000_seed_101,6,0,101,0,1,step-0001-sales-sum-region-04-2018,0,True,347183,0.347183,349574,0.349574,11c096270f44fd8fcd1af9358779957aa1b7a59d246241acb52c62f98ad080ea,True
measurement,78,4,533,level_000012/rep_000_seed_101::step_0001,level_000012/rep_000_seed_101,12,0,101,0,1,step-0001-sales-sum-region-04-2018,0,True,408749,0.408749,411771,0.411771,0ac4eae0427cb78144e121dcad7d34f1d5bf8ce5eb9a4eff12efbad739b752f2,True
measurement,78,5,534,level_000024/rep_000_seed_101::step_0002,level_000024/rep_000_seed_101,24,0,101,1,2,step-0002-sales-sum-region-06-2017,1,True,472421,0.472421,474560,0.47456,46f337445dbb84526e62d2ae8db3379ef88452336e8de51ca4ea4c2be0f99a92,True
measurement,79,0,535,level_000024/rep_000_seed_101::step_0002,level_000024/rep_000_seed_101,24,0,101,1,2,step-0002-sales-sum-region-06-2017,1,True,459259,0.459259,461768,0.461768,46f337445dbb84526e62d2ae8db3379ef88452336e8de51ca4ea4c2be0f99a92,True
measurement,79,1,536,level_000006/rep_000_seed_101::step_0002,level_000006/rep_000_seed_101,6,0,101,1,2,step-0002-sales-sum-region-06-2017,1,True,489707,0.489707,493531,0.493531,c4e139b919430c25a0e931ff0e306c0ade1547ed83d9af5dd0d9f38f16bd05ab,True
measurement,79,2,537,level_000012/rep_000_seed_101::step_0002,level_000012/rep_000_seed_101,12,0,101,1,2,step-0002-sales-sum-region-06-2017,1,True,346460,0.34646,349398,0.349398,9b528a234ae051d4dda725f1795cdb1c49674610190a8d91407cc5eef8c3f11f,True
measurement,79,3,538,level_000024/rep_000_seed_101::step_0001,level_000024/rep_000_seed_101,24,0,101,0,1,step-0001-sales-sum-region-04-2018,0,True,552939,0.552939,555255,0.555255,0416b20858d6c23029ac99424bc410d8730ba0626b3d5201ec8182cf73943091,True
measurement,79,4,539,level_000006/rep_000_seed_101::step_0001,level_000006/rep_000_seed_101,6,0,101,0,1,step-0001-sales-sum-region-04-2018,0,True,404466,0.404466,407409,0.407409,11c096270f44fd8fcd1af9358779957aa1b7a59d246241acb52c62f98ad080ea,True
measurement,79,5,540,level_000012/rep_000_seed_101::step_0001,level_000012/rep_000_seed_101,12,0,101,0,1,step-0001-sales-sum-region-04-2018,0,True,398978,0.398978,401479,0.401479,0ac4eae0427cb78144e121dcad7d34f1d5bf8ce5eb9a4eff12efbad739b752f2,True
measurement,80,0,541,level_000012/rep_000_seed_101::step_0001,level_000012/rep_000_seed_101,12,0,101,0,1,step-0001-sales-sum-region-04-2018,0,True,395907,0.395907,398494,0.398494,0ac4eae0427cb78144e121dcad7d34f1d5bf8ce5eb9a4eff12efbad739b752f2,True
measurement,80,1,542,level_000024/rep_000_seed_101::step_0002,level_000024/rep_000_seed_101,24,0,101,1,2,step-0002-sales-sum-region-06-2017,1,True,493881,0.493881,496733,0.496733,46f337445dbb84526e62d2ae8db3379ef88452336e8de51ca4ea4c2be0f99a92,True
measurement,80,2,543,level_000006/rep_000_seed_101::step_0002,level_000006/rep_000_seed_101,6,0,101,1,2,step-0002-sales-sum-region-06-2017,1,True,526817,0.526817,531259,0.531259,c4e139b919430c25a0e931ff0e306c0ade1547ed83d9af5dd0d9f38f16bd05ab,True
measurement,80,3,544,level_000012/rep_000_seed_101::step_0002,level_000012/rep_000_seed_101,12,0,101,1,2,step-0002-sales-sum-region-06-2017,1,True,336277,0.336277,338717,0.338717,9b528a234ae051d4dda725f1795cdb1c49674610190a8d91407cc5eef8c3f11f,True
measurement,80,4,545,level_000024/rep_000_seed_101::step_0001,level_000024/rep_000_seed_101,24,0,101,0,1,step-0001-sales-sum-region-04-2018,0,True,615945,0.615945,599762,0.599762,0416b20858d6c23029ac99424bc410d8730ba0626b3d5201ec8182cf73943091,True
measurement,80,5,546,level_000006/rep_000_seed_101::step_0001,level_000006/rep_000_seed_101,6,0,101,0,1,step-0001-sales-sum-region-04-2018,0,True,349510,0.34951,351625,0.351625,11c096270f44fd8fcd1af9358779957aa1b7a59d246241acb52c62f98ad080ea,True
measurement,81,0,547,level_000006/rep_000_seed_101::step_0001,level_000006/rep_000_seed_101,6,0,101,0,1,step-0001-sales-sum-region-04-2018,0,True,593231,0.593231,597117,0.597117,11c096270f44fd8fcd1af9358779957aa1b7a59d246241acb52c62f98ad080ea,True
measurement,81,1,548,level_000012/rep_000_seed_101::step_0001,level_000012/rep_000_seed_101,12,0,101,0,1,step-0001-sales-sum-region-04-2018,0,True,392234,0.392234,395091,0.395091,0ac4eae0427cb78144e121dcad7d34f1d5bf8ce5eb9a4eff12efbad739b752f2,True
measurement,81,2,549,level_000024/rep_000_seed_101::step_0002,level_000024/rep_000_seed_101,24,0,101,1,2,step-0002-sales-sum-region-06-2017,1,True,459643,0.459643,462081,0.462081,46f337445dbb84526e62d2ae8db3379ef88452336e8de51ca4ea4c2be0f99a92,True
measurement,81,3,550,level_000006/rep_000_seed_101::step_0002,level_000006/rep_000_seed_101,6,0,101,1,2,step-0002-sales-sum-region-06-2017,1,True,516592,0.516592,520468,0.520468,c4e139b919430c25a0e931ff0e306c0ade1547ed83d9af5dd0d9f38f16bd05ab,True
measurement,81,4,551,level_000012/rep_000_seed_101::step_0002,level_000012/rep_000_seed_101,12,0,101,1,2,step-0002-sales-sum-region-06-2017,1,True,334586,0.334586,337133,0.337133,9b528a234ae051d4dda725f1795cdb1c49674610190a8d91407cc5eef8c3f11f,True
measurement,81,5,552,level_000024/rep_000_seed_101::step_0001,level_000024/rep_000_seed_101,24,0,101,0,1,step-0001-sales-sum-region-04-2018,0,True,569481,0.569481,572181,0.572181,0416b20858d6c23029ac99424bc410d8730ba0626b3d5201ec8182cf73943091,True
measurement,82,0,553,level_000024/rep_000_seed_101::step_0001,level_000024/rep_000_seed_101,24,0,101,0,1,step-0001-sales-sum-region-04-2018,0,True,907598,0.907598,911690,0.91169,0416b20858d6c23029ac99424bc410d8730ba0626b3d5201ec8182cf73943091,True
measurement,82,1,554,level_000006/rep_000_seed_101::step_0001,level_000006/rep_000_seed_101,6,0,101,0,1,step-0001-sales-sum-region-04-2018,0,True,343634,0.343634,346165,0.346165,11c096270f44fd8fcd1af9358779957aa1b7a59d246241acb52c62f98ad080ea,True
measurement,82,2,555,level_000012/rep_000_seed_101::step_0001,level_000012/rep_000_seed_101,12,0,101,0,1,step-0001-sales-sum-region-04-2018,0,True,398242,0.398242,400593,0.400593,0ac4eae0427cb78144e121dcad7d34f1d5bf8ce5eb9a4eff12efbad739b752f2,True
measurement,82,3,556,level_000024/rep_000_seed_101::step_0002,level_000024/rep_000_seed_101,24,0,101,1,2,step-0002-sales-sum-region-06-2017,1,True,460850,0.46085,463346,0.463346,46f337445dbb84526e62d2ae8db3379ef88452336e8de51ca4ea4c2be0f99a92,True
measurement,82,4,557,level_000006/rep_000_seed_101::step_0002,level_000006/rep_000_seed_101,6,0,101,1,2,step-0002-sales-sum-region-06-2017,1,True,540783,0.540783,544600,0.5446,c4e139b919430c25a0e931ff0e306c0ade1547ed83d9af5dd0d9f38f16bd05ab,True
measurement,82,5,558,level_000012/rep_000_seed_101::step_0002,level_000012/rep_000_seed_101,12,0,101,1,2,step-0002-sales-sum-region-06-2017,1,True,334959,0.334959,337260,0.33726,9b528a234ae051d4dda725f1795cdb1c49674610190a8d91407cc5eef8c3f11f,True
measurement,83,0,559,level_000012/rep_000_seed_101::step_0002,level_000012/rep_000_seed_101,12,0,101,1,2,step-0002-sales-sum-region-06-2017,1,True,337426,0.337426,339952,0.339952,9b528a234ae051d4dda725f1795cdb1c49674610190a8d91407cc5eef8c3f11f,True
measurement,83,1,560,level_000024/rep_000_seed_101::step_0001,level_000024/rep_000_seed_101,24,0,101,0,1,step-0001-sales-sum-region-04-2018,0,True,992570,0.99257,997820,0.99782,0416b20858d6c23029ac99424bc410d8730ba0626b3d5201ec8182cf73943091,True
measurement,83,2,561,level_000006/rep_000_seed_101::step_0001,level_000006/rep_000_seed_101,6,0,101,0,1,step-0001-sales-sum-region-04-2018,0,True,342194,0.342194,344582,0.344582,11c096270f44fd8fcd1af9358779957aa1b7a59d246241acb52c62f98ad080ea,True
measurement,83,3,562,level_000012/rep_000_seed_101::step_0001,level_000012/rep_000_seed_101,12,0,101,0,1,step-0001-sales-sum-region-04-2018,0,True,409744,0.409744,412288,0.412288,0ac4eae0427cb78144e121dcad7d34f1d5bf8ce5eb9a4eff12efbad739b752f2,True
measurement,83,4,563,level_000024/rep_000_seed_101::step_0002,level_000024/rep_000_seed_101,24,0,101,1,2,step-0002-sales-sum-region-06-2017,1,True,811744,0.811744,815101,0.815101,46f337445dbb84526e62d2ae8db3379ef88452336e8de51ca4ea4c2be0f99a92,True
measurement,83,5,564,level_000006/rep_000_seed_101::step_0002,level_000006/rep_000_seed_101,6,0,101,1,2,step-0002-sales-sum-region-06-2017,1,True,289082,0.289082,292002,0.292002,c4e139b919430c25a0e931ff0e306c0ade1547ed83d9af5dd0d9f38f16bd05ab,True
measurement,84,0,565,level_000024/rep_000_seed_101::step_0002,level_000024/rep_000_seed_101,24,0,101,1,2,step-0002-sales-sum-region-06-2017,1,True,515000,0.515,517960,0.51796,46f337445dbb84526e62d2ae8db3379ef88452336e8de51ca4ea4c2be0f99a92,True
measurement,84,1,566,level_000012/rep_000_seed_101::step_0001,level_000012/rep_000_seed_101,12,0,101,0,1,step-0001-sales-sum-region-04-2018,0,True,396164,0.396164,398504,0.398504,0ac4eae0427cb78144e121dcad7d34f1d5bf8ce5eb9a4eff12efbad739b752f2,True
measurement,84,2,567,level_000006/rep_000_seed_101::step_0001,level_000006/rep_000_seed_101,6,0,101,0,1,step-0001-sales-sum-region-04-2018,0,True,343323,0.343323,345810,0.34581,11c096270f44fd8fcd1af9358779957aa1b7a59d246241acb52c62f98ad080ea,True
measurement,84,3,568,level_000024/rep_000_seed_101::step_0001,level_000024/rep_000_seed_101,24,0,101,0,1,step-0001-sales-sum-region-04-2018,0,True,543709,0.543709,545981,0.545981,0416b20858d6c23029ac99424bc410d8730ba0626b3d5201ec8182cf73943091,True
measurement,84,4,569,level_000012/rep_000_seed_101::step_0002,level_000012/rep_000_seed_101,12,0,101,1,2,step-0002-sales-sum-region-06-2017,1,True,333336,0.333336,335597,0.335597,9b528a234ae051d4dda725f1795cdb1c49674610190a8d91407cc5eef8c3f11f,True
measurement,84,5,570,level_000006/rep_000_seed_101::step_0002,level_000006/rep_000_seed_101,6,0,101,1,2,step-0002-sales-sum-region-06-2017,1,True,281529,0.281529,283589,0.283589,c4e139b919430c25a0e931ff0e306c0ade1547ed83d9af5dd0d9f38f16bd05ab,True
measurement,85,0,571,level_000012/rep_000_seed_101::step_0001,level_000012/rep_000_seed_101,12,0,101,0,1,step-0001-sales-sum-region-04-2018,0,True,698450,0.69845,702994,0.702994,0ac4eae0427cb78144e121dcad7d34f1d5bf8ce5eb9a4eff12efbad739b752f2,True
measurement,85,1,572,level_000006/rep_000_seed_101::step_0001,level_000006/rep_000_seed_101,6,0,101,0,1,step-0001-sales-sum-region-04-2018,0,True,336980,0.33698,339390,0.33939,11c096270f44fd8fcd1af9358779957aa1b7a59d246241acb52c62f98ad080ea,True
measurement,85,2,573,level_000024/rep_000_seed_101::step_0001,level_000024/rep_000_seed_101,24,0,101,0,1,step-0001-sales-sum-region-04-2018,0,True,561270,0.56127,563656,0.563656,0416b20858d6c23029ac99424bc410d8730ba0626b3d5201ec8182cf73943091,True
measurement,85,3,574,level_000012/rep_000_seed_101::step_0002,level_000012/rep_000_seed_101,12,0,101,1,2,step-0002-sales-sum-region-06-2017,1,True,337149,0.337149,339393,0.339393,9b528a234ae051d4dda725f1795cdb1c49674610190a8d91407cc5eef8c3f11f,True
measurement,85,4,575,level_000006/rep_000_seed_101::step_0002,level_000006/rep_000_seed_101,6,0,101,1,2,step-0002-sales-sum-region-06-2017,1,True,543356,0.543356,547923,0.547923,c4e139b919430c25a0e931ff0e306c0ade1547ed83d9af5dd0d9f38f16bd05ab,True
measurement,85,5,576,level_000024/rep_000_seed_101::step_0002,level_000024/rep_000_seed_101,24,0,101,1,2,step-0002-sales-sum-region-06-2017,1,True,461197,0.461197,463504,0.463504,46f337445dbb84526e62d2ae8db3379ef88452336e8de51ca4ea4c2be0f99a92,True
measurement,86,0,577,level_000006/rep_000_seed_101::step_0001,level_000006/rep_000_seed_101,6,0,101,0,1,step-0001-sales-sum-region-04-2018,0,True,342323,0.342323,344635,0.344635,11c096270f44fd8fcd1af9358779957aa1b7a59d246241acb52c62f98ad080ea,True
measurement,86,1,578,level_000024/rep_000_seed_101::step_0001,level_000024/rep_000_seed_101,24,0,101,0,1,step-0001-sales-sum-region-04-2018,0,True,1035305,1.035305,1038829,1.038829,0416b20858d6c23029ac99424bc410d8730ba0626b3d5201ec8182cf73943091,True
measurement,86,2,579,level_000012/rep_000_seed_101::step_0002,level_000012/rep_000_seed_101,12,0,101,1,2,step-0002-sales-sum-region-06-2017,1,True,346655,0.346655,348754,0.348754,9b528a234ae051d4dda725f1795cdb1c49674610190a8d91407cc5eef8c3f11f,True
measurement,86,3,580,level_000006/rep_000_seed_101::step_0002,level_000006/rep_000_seed_101,6,0,101,1,2,step-0002-sales-sum-region-06-2017,1,True,285813,0.285813,287582,0.287582,c4e139b919430c25a0e931ff0e306c0ade1547ed83d9af5dd0d9f38f16bd05ab,True
measurement,86,4,581,level_000024/rep_000_seed_101::step_0002,level_000024/rep_000_seed_101,24,0,101,1,2,step-0002-sales-sum-region-06-2017,1,True,472345,0.472345,474521,0.474521,46f337445dbb84526e62d2ae8db3379ef88452336e8de51ca4ea4c2be0f99a92,True
measurement,86,5,582,level_000012/rep_000_seed_101::step_0001,level_000012/rep_000_seed_101,12,0,101,0,1,step-0001-sales-sum-region-04-2018,0,True,399803,0.399803,401955,0.401955,0ac4eae0427cb78144e121dcad7d34f1d5bf8ce5eb9a4eff12efbad739b752f2,True
measurement,87,0,583,level_000024/rep_000_seed_101::step_0001,level_000024/rep_000_seed_101,24,0,101,0,1,step-0001-sales-sum-region-04-2018,0,True,538504,0.538504,540532,0.540532,0416b20858d6c23029ac99424bc410d8730ba0626b3d5201ec8182cf73943091,True
measurement,87,1,584,level_000012/rep_000_seed_101::step_0002,level_000012/rep_000_seed_101,12,0,101,1,2,step-0002-sales-sum-region-06-2017,1,True,344470,0.34447,346948,0.346948,9b528a234ae051d4dda725f1795cdb1c49674610190a8d91407cc5eef8c3f11f,True
measurement,87,2,585,level_000006/rep_000_seed_101::step_0002,level_000006/rep_000_seed_101,6,0,101,1,2,step-0002-sales-sum-region-06-2017,1,True,438012,0.438012,441672,0.441672,c4e139b919430c25a0e931ff0e306c0ade1547ed83d9af5dd0d9f38f16bd05ab,True
measurement,87,3,586,level_000024/rep_000_seed_101::step_0002,level_000024/rep_000_seed_101,24,0,101,1,2,step-0002-sales-sum-region-06-2017,1,True,461707,0.461707,464330,0.46433,46f337445dbb84526e62d2ae8db3379ef88452336e8de51ca4ea4c2be0f99a92,True
measurement,87,4,587,level_000012/rep_000_seed_101::step_0001,level_000012/rep_000_seed_101,12,0,101,0,1,step-0001-sales-sum-region-04-2018,0,True,398074,0.398074,400423,0.400423,0ac4eae0427cb78144e121dcad7d34f1d5bf8ce5eb9a4eff12efbad739b752f2,True
measurement,87,5,588,level_000006/rep_000_seed_101::step_0001,level_000006/rep_000_seed_101,6,0,101,0,1,step-0001-sales-sum-region-04-2018,0,True,345867,0.345867,348216,0.348216,11c096270f44fd8fcd1af9358779957aa1b7a59d246241acb52c62f98ad080ea,True
measurement,88,0,589,level_000012/rep_000_seed_101::step_0002,level_000012/rep_000_seed_101,12,0,101,1,2,step-0002-sales-sum-region-06-2017,1,True,339516,0.339516,342337,0.342337,9b528a234ae051d4dda725f1795cdb1c49674610190a8d91407cc5eef8c3f11f,True
measurement,88,1,590,level_000006/rep_000_seed_101::step_0002,level_000006/rep_000_seed_101,6,0,101,1,2,step-0002-sales-sum-region-06-2017,1,True,293369,0.293369,295720,0.29572,c4e139b919430c25a0e931ff0e306c0ade1547ed83d9af5dd0d9f38f16bd05ab,True
measurement,88,2,591,level_000024/rep_000_seed_101::step_0002,level_000024/rep_000_seed_101,24,0,101,1,2,step-0002-sales-sum-region-06-2017,1,True,472101,0.472101,475049,0.475049,46f337445dbb84526e62d2ae8db3379ef88452336e8de51ca4ea4c2be0f99a92,True
measurement,88,3,592,level_000012/rep_000_seed_101::step_0001,level_000012/rep_000_seed_101,12,0,101,0,1,step-0001-sales-sum-region-04-2018,0,True,689011,0.689011,692787,0.692787,0ac4eae0427cb78144e121dcad7d34f1d5bf8ce5eb9a4eff12efbad739b752f2,True
measurement,88,4,593,level_000006/rep_000_seed_101::step_0001,level_000006/rep_000_seed_101,6,0,101,0,1,step-0001-sales-sum-region-04-2018,0,True,357294,0.357294,359686,0.359686,11c096270f44fd8fcd1af9358779957aa1b7a59d246241acb52c62f98ad080ea,True
measurement,88,5,594,level_000024/rep_000_seed_101::step_0001,level_000024/rep_000_seed_101,24,0,101,0,1,step-0001-sales-sum-region-04-2018,0,True,548790,0.54879,551132,0.551132,0416b20858d6c23029ac99424bc410d8730ba0626b3d5201ec8182cf73943091,True
measurement,89,0,595,level_000006/rep_000_seed_101::step_0002,level_000006/rep_000_seed_101,6,0,101,1,2,step-0002-sales-sum-region-06-2017,1,True,283612,0.283612,286242,0.286242,c4e139b919430c25a0e931ff0e306c0ade1547ed83d9af5dd0d9f38f16bd05ab,True
measurement,89,1,596,level_000024/rep_000_seed_101::step_0002,level_000024/rep_000_seed_101,24,0,101,1,2,step-0002-sales-sum-region-06-2017,1,True,459895,0.459895,462262,0.462262,46f337445dbb84526e62d2ae8db3379ef88452336e8de51ca4ea4c2be0f99a92,True
measurement,89,2,597,level_000012/rep_000_seed_101::step_0001,level_000012/rep_000_seed_101,12,0,101,0,1,step-0001-sales-sum-region-04-2018,0,True,403133,0.403133,405762,0.405762,0ac4eae0427cb78144e121dcad7d34f1d5bf8ce5eb9a4eff12efbad739b752f2,True
measurement,89,3,598,level_000006/rep_000_seed_101::step_0001,level_000006/rep_000_seed_101,6,0,101,0,1,step-0001-sales-sum-region-04-2018,0,True,340919,0.340919,343238,0.343238,11c096270f44fd8fcd1af9358779957aa1b7a59d246241acb52c62f98ad080ea,True
measurement,89,4,599,level_000024/rep_000_seed_101::step_0001,level_000024/rep_000_seed_101,24,0,101,0,1,step-0001-sales-sum-region-04-2018,0,True,966698,0.966698,970564,0.970564,0416b20858d6c23029ac99424bc410d8730ba0626b3d5201ec8182cf73943091,True
measurement,89,5,600,level_000012/rep_000_seed_101::step_0002,level_000012/rep_000_seed_101,12,0,101,1,2,step-0002-sales-sum-region-06-2017,1,True,338101,0.338101,341281,0.341281,9b528a234ae051d4dda725f1795cdb1c49674610190a8d91407cc5eef8c3f11f,True
measurement,90,0,601,level_000006/rep_000_seed_101::step_0002,level_000006/rep_000_seed_101,6,0,101,1,2,step-0002-sales-sum-region-06-2017,1,True,558043,0.558043,562005,0.562005,c4e139b919430c25a0e931ff0e306c0ade1547ed83d9af5dd0d9f38f16bd05ab,True
measurement,90,1,602,level_000012/rep_000_seed_101::step_0002,level_000012/rep_000_seed_101,12,0,101,1,2,step-0002-sales-sum-region-06-2017,1,True,355157,0.355157,357592,0.357592,9b528a234ae051d4dda725f1795cdb1c49674610190a8d91407cc5eef8c3f11f,True
measurement,90,2,603,level_000024/rep_000_seed_101::step_0001,level_000024/rep_000_seed_101,24,0,101,0,1,step-0001-sales-sum-region-04-2018,0,True,556089,0.556089,558990,0.55899,0416b20858d6c23029ac99424bc410d8730ba0626b3d5201ec8182cf73943091,True
measurement,90,3,604,level_000006/rep_000_seed_101::step_0001,level_000006/rep_000_seed_101,6,0,101,0,1,step-0001-sales-sum-region-04-2018,0,True,342628,0.342628,345095,0.345095,11c096270f44fd8fcd1af9358779957aa1b7a59d246241acb52c62f98ad080ea,True
measurement,90,4,605,level_000012/rep_000_seed_101::step_0001,level_000012/rep_000_seed_101,12,0,101,0,1,step-0001-sales-sum-region-04-2018,0,True,690214,0.690214,693537,0.693537,0ac4eae0427cb78144e121dcad7d34f1d5bf8ce5eb9a4eff12efbad739b752f2,True
measurement,90,5,606,level_000024/rep_000_seed_101::step_0002,level_000024/rep_000_seed_101,24,0,101,1,2,step-0002-sales-sum-region-06-2017,1,True,924532,0.924532,929382,0.929382,46f337445dbb84526e62d2ae8db3379ef88452336e8de51ca4ea4c2be0f99a92,True
measurement,91,0,607,level_000024/rep_000_seed_101::step_0002,level_000024/rep_000_seed_101,24,0,101,1,2,step-0002-sales-sum-region-06-2017,1,True,516755,0.516755,519615,0.519615,46f337445dbb84526e62d2ae8db3379ef88452336e8de51ca4ea4c2be0f99a92,True
measurement,91,1,608,level_000006/rep_000_seed_101::step_0002,level_000006/rep_000_seed_101,6,0,101,1,2,step-0002-sales-sum-region-06-2017,1,True,282690,0.28269,285216,0.285216,c4e139b919430c25a0e931ff0e306c0ade1547ed83d9af5dd0d9f38f16bd05ab,True
measurement,91,2,609,level_000012/rep_000_seed_101::step_0002,level_000012/rep_000_seed_101,12,0,101,1,2,step-0002-sales-sum-region-06-2017,1,True,341634,0.341634,344457,0.344457,9b528a234ae051d4dda725f1795cdb1c49674610190a8d91407cc5eef8c3f11f,True
measurement,91,3,610,level_000024/rep_000_seed_101::step_0001,level_000024/rep_000_seed_101,24,0,101,0,1,step-0001-sales-sum-region-04-2018,0,True,566013,0.566013,568640,0.56864,0416b20858d6c23029ac99424bc410d8730ba0626b3d5201ec8182cf73943091,True
measurement,91,4,611,level_000006/rep_000_seed_101::step_0001,level_000006/rep_000_seed_101,6,0,101,0,1,step-0001-sales-sum-region-04-2018,0,True,340828,0.340828,343140,0.34314,11c096270f44fd8fcd1af9358779957aa1b7a59d246241acb52c62f98ad080ea,True
measurement,91,5,612,level_000012/rep_000_seed_101::step_0001,level_000012/rep_000_seed_101,12,0,101,0,1,step-0001-sales-sum-region-04-2018,0,True,395849,0.395849,398215,0.398215,0ac4eae0427cb78144e121dcad7d34f1d5bf8ce5eb9a4eff12efbad739b752f2,True
measurement,92,0,613,level_000012/rep_000_seed_101::step_0001,level_000012/rep_000_seed_101,12,0,101,0,1,step-0001-sales-sum-region-04-2018,0,True,408955,0.408955,411515,0.411515,0ac4eae0427cb78144e121dcad7d34f1d5bf8ce5eb9a4eff12efbad739b752f2,True
measurement,92,1,614,level_000024/rep_000_seed_101::step_0002,level_000024/rep_000_seed_101,24,0,101,1,2,step-0002-sales-sum-region-06-2017,1,True,474880,0.47488,477592,0.477592,46f337445dbb84526e62d2ae8db3379ef88452336e8de51ca4ea4c2be0f99a92,True
measurement,92,2,615,level_000006/rep_000_seed_101::step_0002,level_000006/rep_000_seed_101,6,0,101,1,2,step-0002-sales-sum-region-06-2017,1,True,287070,0.28707,289494,0.289494,c4e139b919430c25a0e931ff0e306c0ade1547ed83d9af5dd0d9f38f16bd05ab,True
measurement,92,3,616,level_000012/rep_000_seed_101::step_0002,level_000012/rep_000_seed_101,12,0,101,1,2,step-0002-sales-sum-region-06-2017,1,True,333231,0.333231,335791,0.335791,9b528a234ae051d4dda725f1795cdb1c49674610190a8d91407cc5eef8c3f11f,True
measurement,92,4,617,level_000024/rep_000_seed_101::step_0001,level_000024/rep_000_seed_101,24,0,101,0,1,step-0001-sales-sum-region-04-2018,0,True,559601,0.559601,562751,0.562751,0416b20858d6c23029ac99424bc410d8730ba0626b3d5201ec8182cf73943091,True
measurement,92,5,618,level_000006/rep_000_seed_101::step_0001,level_000006/rep_000_seed_101,6,0,101,0,1,step-0001-sales-sum-region-04-2018,0,True,355174,0.355174,357449,0.357449,11c096270f44fd8fcd1af9358779957aa1b7a59d246241acb52c62f98ad080ea,True
measurement,93,0,619,level_000006/rep_000_seed_101::step_0001,level_000006/rep_000_seed_101,6,0,101,0,1,step-0001-sales-sum-region-04-2018,0,True,607376,0.607376,610870,0.61087,11c096270f44fd8fcd1af9358779957aa1b7a59d246241acb52c62f98ad080ea,True
measurement,93,1,620,level_000012/rep_000_seed_101::step_0001,level_000012/rep_000_seed_101,12,0,101,0,1,step-0001-sales-sum-region-04-2018,0,True,394033,0.394033,396317,0.396317,0ac4eae0427cb78144e121dcad7d34f1d5bf8ce5eb9a4eff12efbad739b752f2,True
measurement,93,2,621,level_000024/rep_000_seed_101::step_0002,level_000024/rep_000_seed_101,24,0,101,1,2,step-0002-sales-sum-region-06-2017,1,True,888750,0.88875,893735,0.893735,46f337445dbb84526e62d2ae8db3379ef88452336e8de51ca4ea4c2be0f99a92,True
measurement,93,3,622,level_000006/rep_000_seed_101::step_0002,level_000006/rep_000_seed_101,6,0,101,1,2,step-0002-sales-sum-region-06-2017,1,True,287212,0.287212,289381,0.289381,c4e139b919430c25a0e931ff0e306c0ade1547ed83d9af5dd0d9f38f16bd05ab,True
measurement,93,4,623,level_000012/rep_000_seed_101::step_0002,level_000012/rep_000_seed_101,12,0,101,1,2,step-0002-sales-sum-region-06-2017,1,True,580393,0.580393,585829,0.585829,9b528a234ae051d4dda725f1795cdb1c49674610190a8d91407cc5eef8c3f11f,True
measurement,93,5,624,level_000024/rep_000_seed_101::step_0001,level_000024/rep_000_seed_101,24,0,101,0,1,step-0001-sales-sum-region-04-2018,0,True,604975,0.604975,608847,0.608847,0416b20858d6c23029ac99424bc410d8730ba0626b3d5201ec8182cf73943091,True
measurement,94,0,625,level_000024/rep_000_seed_101::step_0001,level_000024/rep_000_seed_101,24,0,101,0,1,step-0001-sales-sum-region-04-2018,0,True,589383,0.589383,592133,0.592133,0416b20858d6c23029ac99424bc410d8730ba0626b3d5201ec8182cf73943091,True
measurement,94,1,626,level_000006/rep_000_seed_101::step_0001,level_000006/rep_000_seed_101,6,0,101,0,1,step-0001-sales-sum-region-04-2018,0,True,545489,0.545489,549559,0.549559,11c096270f44fd8fcd1af9358779957aa1b7a59d246241acb52c62f98ad080ea,True
measurement,94,2,627,level_000012/rep_000_seed_101::step_0001,level_000012/rep_000_seed_101,12,0,101,0,1,step-0001-sales-sum-region-04-2018,0,True,406370,0.40637,408807,0.408807,0ac4eae0427cb78144e121dcad7d34f1d5bf8ce5eb9a4eff12efbad739b752f2,True
measurement,94,3,628,level_000024/rep_000_seed_101::step_0002,level_000024/rep_000_seed_101,24,0,101,1,2,step-0002-sales-sum-region-06-2017,1,True,460201,0.460201,462454,0.462454,46f337445dbb84526e62d2ae8db3379ef88452336e8de51ca4ea4c2be0f99a92,True
measurement,94,4,629,level_000006/rep_000_seed_101::step_0002,level_000006/rep_000_seed_101,6,0,101,1,2,step-0002-sales-sum-region-06-2017,1,True,283540,0.28354,285771,0.285771,c4e139b919430c25a0e931ff0e306c0ade1547ed83d9af5dd0d9f38f16bd05ab,True
measurement,94,5,630,level_000012/rep_000_seed_101::step_0002,level_000012/rep_000_seed_101,12,0,101,1,2,step-0002-sales-sum-region-06-2017,1,True,347320,0.34732,349666,0.349666,9b528a234ae051d4dda725f1795cdb1c49674610190a8d91407cc5eef8c3f11f,True
measurement,95,0,631,level_000012/rep_000_seed_101::step_0002,level_000012/rep_000_seed_101,12,0,101,1,2,step-0002-sales-sum-region-06-2017,1,True,345905,0.345905,349024,0.349024,9b528a234ae051d4dda725f1795cdb1c49674610190a8d91407cc5eef8c3f11f,True
measurement,95,1,632,level_000024/rep_000_seed_101::step_0001,level_000024/rep_000_seed_101,24,0,101,0,1,step-0001-sales-sum-region-04-2018,0,True,559715,0.559715,562510,0.56251,0416b20858d6c23029ac99424bc410d8730ba0626b3d5201ec8182cf73943091,True
measurement,95,2,633,level_000006/rep_000_seed_101::step_0001,level_000006/rep_000_seed_101,6,0,101,0,1,step-0001-sales-sum-region-04-2018,0,True,552405,0.552405,555571,0.555571,11c096270f44fd8fcd1af9358779957aa1b7a59d246241acb52c62f98ad080ea,True
measurement,95,3,634,level_000012/rep_000_seed_101::step_0001,level_000012/rep_000_seed_101,12,0,101,0,1,step-0001-sales-sum-region-04-2018,0,True,397897,0.397897,400374,0.400374,0ac4eae0427cb78144e121dcad7d34f1d5bf8ce5eb9a4eff12efbad739b752f2,True
measurement,95,4,635,level_000024/rep_000_seed_101::step_0002,level_000024/rep_000_seed_101,24,0,101,1,2,step-0002-sales-sum-region-06-2017,1,True,456775,0.456775,459632,0.459632,46f337445dbb84526e62d2ae8db3379ef88452336e8de51ca4ea4c2be0f99a92,True
measurement,95,5,636,level_000006/rep_000_seed_101::step_0002,level_000006/rep_000_seed_101,6,0,101,1,2,step-0002-sales-sum-region-06-2017,1,True,285888,0.285888,288336,0.288336,c4e139b919430c25a0e931ff0e306c0ade1547ed83d9af5dd0d9f38f16bd05ab,True
measurement,96,0,637,level_000024/rep_000_seed_101::step_0002,level_000024/rep_000_seed_101,24,0,101,1,2,step-0002-sales-sum-region-06-2017,1,True,460711,0.460711,463011,0.463011,46f337445dbb84526e62d2ae8db3379ef88452336e8de51ca4ea4c2be0f99a92,True
measurement,96,1,638,level_000012/rep_000_seed_101::step_0001,level_000012/rep_000_seed_101,12,0,101,0,1,step-0001-sales-sum-region-04-2018,0,True,397823,0.397823,400214,0.400214,0ac4eae0427cb78144e121dcad7d34f1d5bf8ce5eb9a4eff12efbad739b752f2,True
measurement,96,2,639,level_000006/rep_000_seed_101::step_0001,level_000006/rep_000_seed_101,6,0,101,0,1,step-0001-sales-sum-region-04-2018,0,True,344641,0.344641,347093,0.347093,11c096270f44fd8fcd1af9358779957aa1b7a59d246241acb52c62f98ad080ea,True
measurement,96,3,640,level_000024/rep_000_seed_101::step_0001,level_000024/rep_000_seed_101,24,0,101,0,1,step-0001-sales-sum-region-04-2018,0,True,998105,0.998105,1002052,1.002052,0416b20858d6c23029ac99424bc410d8730ba0626b3d5201ec8182cf73943091,True
measurement,96,4,641,level_000012/rep_000_seed_101::step_0002,level_000012/rep_000_seed_101,12,0,101,1,2,step-0002-sales-sum-region-06-2017,1,True,630678,0.630678,635377,0.635377,9b528a234ae051d4dda725f1795cdb1c49674610190a8d91407cc5eef8c3f11f,True
measurement,96,5,642,level_000006/rep_000_seed_101::step_0002,level_000006/rep_000_seed_101,6,0,101,1,2,step-0002-sales-sum-region-06-2017,1,True,300506,0.300506,302910,0.30291,c4e139b919430c25a0e931ff0e306c0ade1547ed83d9af5dd0d9f38f16bd05ab,True
measurement,97,0,643,level_000012/rep_000_seed_101::step_0001,level_000012/rep_000_seed_101,12,0,101,0,1,step-0001-sales-sum-region-04-2018,0,True,396190,0.39619,398437,0.398437,0ac4eae0427cb78144e121dcad7d34f1d5bf8ce5eb9a4eff12efbad739b752f2,True
measurement,97,1,644,level_000006/rep_000_seed_101::step_0001,level_000006/rep_000_seed_101,6,0,101,0,1,step-0001-sales-sum-region-04-2018,0,True,579372,0.579372,583162,0.583162,11c096270f44fd8fcd1af9358779957aa1b7a59d246241acb52c62f98ad080ea,True
measurement,97,2,645,level_000024/rep_000_seed_101::step_0001,level_000024/rep_000_seed_101,24,0,101,0,1,step-0001-sales-sum-region-04-2018,0,True,555887,0.555887,558574,0.558574,0416b20858d6c23029ac99424bc410d8730ba0626b3d5201ec8182cf73943091,True
measurement,97,3,646,level_000012/rep_000_seed_101::step_0002,level_000012/rep_000_seed_101,12,0,101,1,2,step-0002-sales-sum-region-06-2017,1,True,369189,0.369189,372200,0.3722,9b528a234ae051d4dda725f1795cdb1c49674610190a8d91407cc5eef8c3f11f,True
measurement,97,4,647,level_000006/rep_000_seed_101::step_0002,level_000006/rep_000_seed_101,6,0,101,1,2,step-0002-sales-sum-region-06-2017,1,True,288111,0.288111,290230,0.29023,c4e139b919430c25a0e931ff0e306c0ade1547ed83d9af5dd0d9f38f16bd05ab,True
measurement,97,5,648,level_000024/rep_000_seed_101::step_0002,level_000024/rep_000_seed_101,24,0,101,1,2,step-0002-sales-sum-region-06-2017,1,True,474922,0.474922,477510,0.47751,46f337445dbb84526e62d2ae8db3379ef88452336e8de51ca4ea4c2be0f99a92,True
measurement,98,0,649,level_000006/rep_000_seed_101::step_0001,level_000006/rep_000_seed_101,6,0,101,0,1,step-0001-sales-sum-region-04-2018,0,True,338996,0.338996,341211,0.341211,11c096270f44fd8fcd1af9358779957aa1b7a59d246241acb52c62f98ad080ea,True
measurement,98,1,650,level_000024/rep_000_seed_101::step_0001,level_000024/rep_000_seed_101,24,0,101,0,1,step-0001-sales-sum-region-04-2018,0,True,546494,0.546494,549048,0.549048,0416b20858d6c23029ac99424bc410d8730ba0626b3d5201ec8182cf73943091,True
measurement,98,2,651,level_000012/rep_000_seed_101::step_0002,level_000012/rep_000_seed_101,12,0,101,1,2,step-0002-sales-sum-region-06-2017,1,True,622652,0.622652,626342,0.626342,9b528a234ae051d4dda725f1795cdb1c49674610190a8d91407cc5eef8c3f11f,True
measurement,98,3,652,level_000006/rep_000_seed_101::step_0002,level_000006/rep_000_seed_101,6,0,101,1,2,step-0002-sales-sum-region-06-2017,1,True,289636,0.289636,291769,0.291769,c4e139b919430c25a0e931ff0e306c0ade1547ed83d9af5dd0d9f38f16bd05ab,True
measurement,98,4,653,level_000024/rep_000_seed_101::step_0002,level_000024/rep_000_seed_101,24,0,101,1,2,step-0002-sales-sum-region-06-2017,1,True,488345,0.488345,490877,0.490877,46f337445dbb84526e62d2ae8db3379ef88452336e8de51ca4ea4c2be0f99a92,True
measurement,98,5,654,level_000012/rep_000_seed_101::step_0001,level_000012/rep_000_seed_101,12,0,101,0,1,step-0001-sales-sum-region-04-2018,0,True,409018,0.409018,412249,0.412249,0ac4eae0427cb78144e121dcad7d34f1d5bf8ce5eb9a4eff12efbad739b752f2,True
measurement,99,0,655,level_000024/rep_000_seed_101::step_0001,level_000024/rep_000_seed_101,24,0,101,0,1,step-0001-sales-sum-region-04-2018,0,True,563452,0.563452,566476,0.566476,0416b20858d6c23029ac99424bc410d8730ba0626b3d5201ec8182cf73943091,True
measurement,99,1,656,level_000012/rep_000_seed_101::step_0002,level_000012/rep_000_seed_101,12,0,101,1,2,step-0002-sales-sum-region-06-2017,1,True,337634,0.337634,340297,0.340297,9b528a234ae051d4dda725f1795cdb1c49674610190a8d91407cc5eef8c3f11f,True
measurement,99,2,657,level_000006/rep_000_seed_101::step_0002,level_000006/rep_000_seed_101,6,0,101,1,2,step-0002-sales-sum-region-06-2017,1,True,282842,0.282842,284970,0.28497,c4e139b919430c25a0e931ff0e306c0ade1547ed83d9af5dd0d9f38f16bd05ab,True
measurement,99,3,658,level_000024/rep_000_seed_101::step_0002,level_000024/rep_000_seed_101,24,0,101,1,2,step-0002-sales-sum-region-06-2017,1,True,470618,0.470618,473394,0.473394,46f337445dbb84526e62d2ae8db3379ef88452336e8de51ca4ea4c2be0f99a92,True
measurement,99,4,659,level_000012/rep_000_seed_101::step_0001,level_000012/rep_000_seed_101,12,0,101,0,1,step-0001-sales-sum-region-04-2018,0,True,410064,0.410064,412601,0.412601,0ac4eae0427cb78144e121dcad7d34f1d5bf8ce5eb9a4eff12efbad739b752f2,True
measurement,99,5,660,level_000006/rep_000_seed_101::step_0001,level_000006/rep_000_seed_101,6,0,101,0,1,step-0001-sales-sum-region-04-2018,0,True,346665,0.346665,348772,0.348772,11c096270f44fd8fcd1af9358779957aa1b7a59d246241acb52c62f98ad080ea,True
