 Container mcad-r3e-xmla1-r3e-mcad-api-1  Restarting
 Container mcad-r3e-xmla1-r3e-mcad-api-1  Started
 Container mcad-r3e-xmla1-r3e-mcad-api-1  Restarting
 Container mcad-r3e-xmla1-r3e-mcad-api-1  Started
 Container mcad-r3e-xmla1-r3e-mcad-api-1  Restarting
 Container mcad-r3e-xmla1-r3e-mcad-api-1  Started
 Container mcad-r3e-xmla1-r3e-mcad-api-1  Restarting
 Container mcad-r3e-xmla1-r3e-mcad-api-1  Started
 Container mcad-r3e-xmla1-r3e-mcad-api-1  Restarting
 Container mcad-r3e-xmla1-r3e-mcad-api-1  Started
 Container mcad-r3e-xmla1-r3e-mcad-api-1  Restarting
 Container mcad-r3e-xmla1-r3e-mcad-api-1  Started
 Container mcad-r3e-xmla1-r3e-mcad-api-1  Restarting
 Container mcad-r3e-xmla1-r3e-mcad-api-1  Started
 Container mcad-r3e-xmla1-r3e-mcad-api-1  Restarting
 Container mcad-r3e-xmla1-r3e-mcad-api-1  Started
 Container mcad-r3e-xmla1-r3e-mcad-api-1  Restarting
 Container mcad-r3e-xmla1-r3e-mcad-api-1  Started
 Container mcad-r3e-xmla1-r3e-mcad-api-1  Restarting
 Container mcad-r3e-xmla1-r3e-mcad-api-1  Started
 Container mcad-r3e-xmla1-r3e-mcad-api-1  Restarting
 Container mcad-r3e-xmla1-r3e-mcad-api-1  Started
 Container mcad-r3e-xmla1-r3e-mcad-api-1  Restarting
 Container mcad-r3e-xmla1-r3e-mcad-api-1  Started
 Container mcad-r3e-xmla1-r3e-mcad-api-1  Restarting
 Container mcad-r3e-xmla1-r3e-mcad-api-1  Started
 Container mcad-r3e-xmla1-r3e-mcad-api-1  Restarting
 Container mcad-r3e-xmla1-r3e-mcad-api-1  Started
 Container mcad-r3e-xmla1-r3e-mcad-api-1  Restarting
 Container mcad-r3e-xmla1-r3e-mcad-api-1  Started
 Container mcad-r3e-xmla1-r3e-mcad-api-1  Restarting
 Container mcad-r3e-xmla1-r3e-mcad-api-1  Started
 Container mcad-r3e-xmla1-r3e-mcad-api-1  Restarting
 Container mcad-r3e-xmla1-r3e-mcad-api-1  Started
 Container mcad-r3e-xmla1-r3e-mcad-api-1  Restarting
 Container mcad-r3e-xmla1-r3e-mcad-api-1  Started
 Container mcad-r3e-xmla1-r3e-mcad-api-1  Restarting
 Container mcad-r3e-xmla1-r3e-mcad-api-1  Started
 Container mcad-r3e-xmla1-r3e-mcad-api-1  Restarting
 Container mcad-r3e-xmla1-r3e-mcad-api-1  Started
 Container mcad-r3e-xmla1-r3e-mcad-api-1  Restarting
 Container mcad-r3e-xmla1-r3e-mcad-api-1  Started
 Container mcad-r3e-xmla1-r3e-mcad-api-1  Restarting
 Container mcad-r3e-xmla1-r3e-mcad-api-1  Started
 Container mcad-r3e-xmla1-r3e-mcad-api-1  Restarting
 Container mcad-r3e-xmla1-r3e-mcad-api-1  Started
 Container mcad-r3e-xmla1-r3e-mcad-api-1  Restarting
 Container mcad-r3e-xmla1-r3e-mcad-api-1  Started
 Container mcad-r3e-xmla1-r3e-mcad-api-1  Restarting
 Container mcad-r3e-xmla1-r3e-mcad-api-1  Started
 Container mcad-r3e-xmla1-r3e-mcad-api-1  Restarting
 Container mcad-r3e-xmla1-r3e-mcad-api-1  Started
 Container mcad-r3e-xmla1-r3e-mcad-api-1  Restarting
 Container mcad-r3e-xmla1-r3e-mcad-api-1  Started
 Container mcad-r3e-xmla1-r3e-mcad-api-1  Restarting
 Container mcad-r3e-xmla1-r3e-mcad-api-1  Started
 Container mcad-r3e-xmla1-r3e-mcad-api-1  Restarting
 Container mcad-r3e-xmla1-r3e-mcad-api-1  Started
 Container mcad-r3e-xmla1-r3e-mcad-api-1  Restarting
 Container mcad-r3e-xmla1-r3e-mcad-api-1  Started
 Container mcad-r3e-xmla1-r3e-mcad-api-1  Restarting
 Container mcad-r3e-xmla1-r3e-mcad-api-1  Started
 Container mcad-r3e-xmla1-r3e-mcad-api-1  Restarting
 Container mcad-r3e-xmla1-r3e-mcad-api-1  Started
 Container mcad-r3e-xmla1-r3e-mcad-api-1  Restarting
 Container mcad-r3e-xmla1-r3e-mcad-api-1  Started
 Container mcad-r3e-xmla1-r3e-mcad-api-1  Restarting
 Container mcad-r3e-xmla1-r3e-mcad-api-1  Started
 Container mcad-r3e-xmla1-r3e-mcad-api-1  Restarting
 Container mcad-r3e-xmla1-r3e-mcad-api-1  Started
 Container mcad-r3e-xmla1-r3e-mcad-api-1  Restarting
 Container mcad-r3e-xmla1-r3e-mcad-api-1  Started
 Container mcad-r3e-xmla1-r3e-mcad-api-1  Restarting
 Container mcad-r3e-xmla1-r3e-mcad-api-1  Started
 Container mcad-r3e-xmla1-r3e-mcad-api-1  Restarting
 Container mcad-r3e-xmla1-r3e-mcad-api-1  Started
 Container mcad-r3e-xmla1-r3e-mcad-api-1  Restarting
 Container mcad-r3e-xmla1-r3e-mcad-api-1  Started
 Container mcad-r3e-xmla1-r3e-mcad-api-1  Restarting
 Container mcad-r3e-xmla1-r3e-mcad-api-1  Started
 Container mcad-r3e-xmla1-r3e-mcad-api-1  Restarting
 Container mcad-r3e-xmla1-r3e-mcad-api-1  Started
 Container mcad-r3e-xmla1-r3e-mcad-api-1  Restarting
 Container mcad-r3e-xmla1-r3e-mcad-api-1  Started
 Container mcad-r3e-xmla1-r3e-mcad-api-1  Restarting
 Container mcad-r3e-xmla1-r3e-mcad-api-1  Started
 Container mcad-r3e-xmla1-r3e-mcad-api-1  Restarting
 Container mcad-r3e-xmla1-r3e-mcad-api-1  Started
 Container mcad-r3e-xmla1-r3e-mcad-api-1  Restarting
 Container mcad-r3e-xmla1-r3e-mcad-api-1  Started
 Container mcad-r3e-xmla1-r3e-mcad-api-1  Restarting
 Container mcad-r3e-xmla1-r3e-mcad-api-1  Started
 Container mcad-r3e-xmla1-r3e-mcad-api-1  Restarting
 Container mcad-r3e-xmla1-r3e-mcad-api-1  Started
 Container mcad-r3e-xmla1-r3e-mcad-api-1  Restarting
 Container mcad-r3e-xmla1-r3e-mcad-api-1  Started
 Container mcad-r3e-xmla1-r3e-mcad-api-1  Restarting
 Container mcad-r3e-xmla1-r3e-mcad-api-1  Started
 Container mcad-r3e-xmla1-r3e-mcad-api-1  Restarting
 Container mcad-r3e-xmla1-r3e-mcad-api-1  Started
 Container mcad-r3e-xmla1-r3e-mcad-api-1  Restarting
 Container mcad-r3e-xmla1-r3e-mcad-api-1  Started
 Container mcad-r3e-xmla1-r3e-mcad-api-1  Restarting
 Container mcad-r3e-xmla1-r3e-mcad-api-1  Started
 Container mcad-r3e-xmla1-r3e-mcad-api-1  Restarting
 Container mcad-r3e-xmla1-r3e-mcad-api-1  Started
 Container mcad-r3e-xmla1-r3e-mcad-api-1  Restarting
 Container mcad-r3e-xmla1-r3e-mcad-api-1  Started
 Container mcad-r3e-xmla1-r3e-mcad-api-1  Restarting
 Container mcad-r3e-xmla1-r3e-mcad-api-1  Started
 Container mcad-r3e-xmla1-r3e-mcad-api-1  Restarting
 Container mcad-r3e-xmla1-r3e-mcad-api-1  Started
 Container mcad-r3e-xmla1-r3e-mcad-api-1  Restarting
 Container mcad-r3e-xmla1-r3e-mcad-api-1  Started
 Container mcad-r3e-xmla1-r3e-mcad-api-1  Restarting
 Container mcad-r3e-xmla1-r3e-mcad-api-1  Started
 Container mcad-r3e-xmla1-r3e-mcad-api-1  Restarting
 Container mcad-r3e-xmla1-r3e-mcad-api-1  Started
 Container mcad-r3e-xmla1-r3e-mcad-api-1  Restarting
 Container mcad-r3e-xmla1-r3e-mcad-api-1  Started
r3e_arm_complete ordinal=1 session_id=NH2-ALTERNATIVE-DISTRACTOR_HEAVY-R046 arm=PERMISSIVE_GATED wall_ms=8961.762 completion_ms=6872.943
r3e_arm_complete ordinal=2 session_id=NH2-ALTERNATIVE-DISTRACTOR_HEAVY-R046 arm=UNGATED_EXECUTE_ADMISSIBLE wall_ms=5251.265 completion_ms=3678.147
r3e_arm_complete ordinal=3 session_id=NH2-ALTERNATIVE-DISTRACTOR_HEAVY-R046 arm=SAFE_PRUNING wall_ms=3988.865 completion_ms=3229.781
r3e_arm_complete ordinal=4 session_id=NH2-ALTERNATIVE-DISTRACTOR_HEAVY-R047 arm=UNGATED_EXECUTE_ADMISSIBLE wall_ms=4713.164 completion_ms=2552.688
r3e_arm_complete ordinal=5 session_id=NH2-ALTERNATIVE-DISTRACTOR_HEAVY-R047 arm=SAFE_PRUNING wall_ms=3698.246 completion_ms=2544.784
r3e_arm_complete ordinal=6 session_id=NH2-ALTERNATIVE-DISTRACTOR_HEAVY-R047 arm=PERMISSIVE_GATED wall_ms=7018.571 completion_ms=3763.325
r3e_arm_complete ordinal=7 session_id=NH2-ALTERNATIVE-DISTRACTOR_HEAVY-R048 arm=PERMISSIVE_GATED wall_ms=6780.249 completion_ms=4359.605
r3e_arm_complete ordinal=8 session_id=NH2-ALTERNATIVE-DISTRACTOR_HEAVY-R048 arm=SAFE_PRUNING wall_ms=3207.695 completion_ms=2444.528
r3e_arm_complete ordinal=9 session_id=NH2-ALTERNATIVE-DISTRACTOR_HEAVY-R048 arm=UNGATED_EXECUTE_ADMISSIBLE wall_ms=4003.905 completion_ms=2452.365
r3e_arm_complete ordinal=10 session_id=NH2-ALTERNATIVE-DISTRACTOR_HEAVY-R049 arm=SAFE_PRUNING wall_ms=3083.495 completion_ms=2086.978
r3e_arm_complete ordinal=11 session_id=NH2-ALTERNATIVE-DISTRACTOR_HEAVY-R049 arm=PERMISSIVE_GATED wall_ms=6089.604 completion_ms=3218.677
r3e_arm_complete ordinal=12 session_id=NH2-ALTERNATIVE-DISTRACTOR_HEAVY-R049 arm=UNGATED_EXECUTE_ADMISSIBLE wall_ms=3800.438 completion_ms=1892.395
r3e_arm_complete ordinal=13 session_id=NH2-ALTERNATIVE-DISTRACTOR_HEAVY-R050 arm=SAFE_PRUNING wall_ms=3165.256 completion_ms=1813.925
r3e_arm_complete ordinal=14 session_id=NH2-ALTERNATIVE-DISTRACTOR_HEAVY-R050 arm=UNGATED_EXECUTE_ADMISSIBLE wall_ms=4453.030 completion_ms=1852.121
r3e_arm_complete ordinal=15 session_id=NH2-ALTERNATIVE-DISTRACTOR_HEAVY-R050 arm=PERMISSIVE_GATED wall_ms=6444.618 completion_ms=2823.785
r3e_arm_complete ordinal=16 session_id=NH2-ALTERNATIVE-DISTRACTOR_HEAVY-R051 arm=UNGATED_EXECUTE_ADMISSIBLE wall_ms=3914.098 completion_ms=1888.271
r3e_arm_complete ordinal=17 session_id=NH2-ALTERNATIVE-DISTRACTOR_HEAVY-R051 arm=PERMISSIVE_GATED wall_ms=6371.435 completion_ms=2987.023
r3e_arm_complete ordinal=18 session_id=NH2-ALTERNATIVE-DISTRACTOR_HEAVY-R051 arm=SAFE_PRUNING wall_ms=3206.895 completion_ms=1954.052
r3e_arm_complete ordinal=19 session_id=NH2-ALTERNATIVE-DISTRACTOR_HEAVY-R052 arm=UNGATED_EXECUTE_ADMISSIBLE wall_ms=3717.999 completion_ms=1040.777
r3e_arm_complete ordinal=20 session_id=NH2-ALTERNATIVE-DISTRACTOR_HEAVY-R052 arm=PERMISSIVE_GATED wall_ms=5985.520 completion_ms=1498.135
r3e_arm_complete ordinal=21 session_id=NH2-ALTERNATIVE-DISTRACTOR_HEAVY-R052 arm=SAFE_PRUNING wall_ms=2771.146 completion_ms=1232.560
r3e_arm_complete ordinal=22 session_id=NH2-ALTERNATIVE-DISTRACTOR_HEAVY-R053 arm=PERMISSIVE_GATED wall_ms=5875.416 completion_ms=2111.318
r3e_arm_complete ordinal=23 session_id=NH2-ALTERNATIVE-DISTRACTOR_HEAVY-R053 arm=SAFE_PRUNING wall_ms=3164.923 completion_ms=1844.790
r3e_arm_complete ordinal=24 session_id=NH2-ALTERNATIVE-DISTRACTOR_HEAVY-R053 arm=UNGATED_EXECUTE_ADMISSIBLE wall_ms=3766.470 completion_ms=1417.562
r3e_arm_complete ordinal=25 session_id=NH2-ALTERNATIVE-DISTRACTOR_HEAVY-R054 arm=UNGATED_EXECUTE_ADMISSIBLE wall_ms=3703.015 completion_ms=2252.431
r3e_arm_complete ordinal=26 session_id=NH2-ALTERNATIVE-DISTRACTOR_HEAVY-R054 arm=SAFE_PRUNING wall_ms=4328.573 completion_ms=3352.984
r3e_arm_complete ordinal=27 session_id=NH2-ALTERNATIVE-DISTRACTOR_HEAVY-R054 arm=PERMISSIVE_GATED wall_ms=6938.346 completion_ms=4320.268
r3e_arm_complete ordinal=28 session_id=NH2-ALTERNATIVE-DISTRACTOR_HEAVY-R055 arm=SAFE_PRUNING wall_ms=2963.917 completion_ms=2472.855
r3e_arm_complete ordinal=29 session_id=NH2-ALTERNATIVE-DISTRACTOR_HEAVY-R055 arm=PERMISSIVE_GATED wall_ms=5826.786 completion_ms=4494.647
r3e_arm_complete ordinal=30 session_id=NH2-ALTERNATIVE-DISTRACTOR_HEAVY-R055 arm=UNGATED_EXECUTE_ADMISSIBLE wall_ms=3706.781 completion_ms=3034.901
r3e_arm_complete ordinal=31 session_id=NH2-ALTERNATIVE-DISTRACTOR_HEAVY-R056 arm=PERMISSIVE_GATED wall_ms=6002.470 completion_ms=2126.941
r3e_arm_complete ordinal=32 session_id=NH2-ALTERNATIVE-DISTRACTOR_HEAVY-R056 arm=UNGATED_EXECUTE_ADMISSIBLE wall_ms=3724.608 completion_ms=1163.397
r3e_arm_complete ordinal=33 session_id=NH2-ALTERNATIVE-DISTRACTOR_HEAVY-R056 arm=SAFE_PRUNING wall_ms=3257.057 completion_ms=1865.136
r3e_arm_complete ordinal=34 session_id=NH2-ALTERNATIVE-DISTRACTOR_HEAVY-R057 arm=SAFE_PRUNING wall_ms=3121.017 completion_ms=1916.385
r3e_arm_complete ordinal=35 session_id=NH2-ALTERNATIVE-DISTRACTOR_HEAVY-R057 arm=UNGATED_EXECUTE_ADMISSIBLE wall_ms=3756.477 completion_ms=1946.037
r3e_arm_complete ordinal=36 session_id=NH2-ALTERNATIVE-DISTRACTOR_HEAVY-R057 arm=PERMISSIVE_GATED wall_ms=5945.175 completion_ms=3027.148
r3e_arm_complete ordinal=37 session_id=NH2-ALTERNATIVE-DISTRACTOR_HEAVY-R058 arm=UNGATED_EXECUTE_ADMISSIBLE wall_ms=3670.429 completion_ms=950.343
r3e_arm_complete ordinal=38 session_id=NH2-ALTERNATIVE-DISTRACTOR_HEAVY-R058 arm=SAFE_PRUNING wall_ms=2808.511 completion_ms=1477.800
r3e_arm_complete ordinal=39 session_id=NH2-ALTERNATIVE-DISTRACTOR_HEAVY-R058 arm=PERMISSIVE_GATED wall_ms=6032.590 completion_ms=1967.680
r3e_arm_complete ordinal=40 session_id=NH2-ALTERNATIVE-DISTRACTOR_HEAVY-R059 arm=UNGATED_EXECUTE_ADMISSIBLE wall_ms=3613.917 completion_ms=1252.890
r3e_arm_complete ordinal=41 session_id=NH2-ALTERNATIVE-DISTRACTOR_HEAVY-R059 arm=PERMISSIVE_GATED wall_ms=5849.368 completion_ms=2263.683
r3e_arm_complete ordinal=42 session_id=NH2-ALTERNATIVE-DISTRACTOR_HEAVY-R059 arm=SAFE_PRUNING wall_ms=3342.810 completion_ms=2037.085
r3e_arm_complete ordinal=43 session_id=NH2-ALTERNATIVE-DISTRACTOR_HEAVY-R060 arm=PERMISSIVE_GATED wall_ms=5999.697 completion_ms=3859.337
r3e_arm_complete ordinal=44 session_id=NH2-ALTERNATIVE-DISTRACTOR_HEAVY-R060 arm=UNGATED_EXECUTE_ADMISSIBLE wall_ms=3601.509 completion_ms=2402.649
r3e_arm_complete ordinal=45 session_id=NH2-ALTERNATIVE-DISTRACTOR_HEAVY-R060 arm=SAFE_PRUNING wall_ms=3355.377 completion_ms=2580.030
r3e_arm_complete ordinal=46 session_id=NH2-ALTERNATIVE-MIXED_SAT-R046 arm=PERMISSIVE_GATED wall_ms=5637.013 completion_ms=3887.077
r3e_arm_complete ordinal=47 session_id=NH2-ALTERNATIVE-MIXED_SAT-R046 arm=SAFE_PRUNING wall_ms=3480.599 completion_ms=2689.308
r3e_arm_complete ordinal=48 session_id=NH2-ALTERNATIVE-MIXED_SAT-R046 arm=UNGATED_EXECUTE_ADMISSIBLE wall_ms=3323.752 completion_ms=2402.773
r3e_arm_complete ordinal=49 session_id=NH2-ALTERNATIVE-MIXED_SAT-R047 arm=SAFE_PRUNING wall_ms=3128.752 completion_ms=2180.437
r3e_arm_complete ordinal=50 session_id=NH2-ALTERNATIVE-MIXED_SAT-R047 arm=UNGATED_EXECUTE_ADMISSIBLE wall_ms=3103.285 completion_ms=1906.260
r3e_arm_complete ordinal=51 session_id=NH2-ALTERNATIVE-MIXED_SAT-R047 arm=PERMISSIVE_GATED wall_ms=5678.247 completion_ms=3414.317
r3e_arm_complete ordinal=52 session_id=NH2-ALTERNATIVE-MIXED_SAT-R048 arm=SAFE_PRUNING wall_ms=3708.717 completion_ms=3058.923
r3e_arm_complete ordinal=53 session_id=NH2-ALTERNATIVE-MIXED_SAT-R048 arm=PERMISSIVE_GATED wall_ms=5507.843 completion_ms=3678.913
r3e_arm_complete ordinal=54 session_id=NH2-ALTERNATIVE-MIXED_SAT-R048 arm=UNGATED_EXECUTE_ADMISSIBLE wall_ms=3069.624 completion_ms=1997.390
r3e_arm_complete ordinal=55 session_id=NH2-ALTERNATIVE-MIXED_SAT-R049 arm=PERMISSIVE_GATED wall_ms=5555.109 completion_ms=3745.405
r3e_arm_complete ordinal=56 session_id=NH2-ALTERNATIVE-MIXED_SAT-R049 arm=SAFE_PRUNING wall_ms=3271.531 completion_ms=2452.394
r3e_arm_complete ordinal=57 session_id=NH2-ALTERNATIVE-MIXED_SAT-R049 arm=UNGATED_EXECUTE_ADMISSIBLE wall_ms=2942.669 completion_ms=1938.854
r3e_arm_complete ordinal=58 session_id=NH2-ALTERNATIVE-MIXED_SAT-R050 arm=SAFE_PRUNING wall_ms=2725.431 completion_ms=1333.094
r3e_arm_complete ordinal=59 session_id=NH2-ALTERNATIVE-MIXED_SAT-R050 arm=UNGATED_EXECUTE_ADMISSIBLE wall_ms=2985.452 completion_ms=832.801
 Container mcad-r3e-xmla1-r3e-mcad-api-1  Restarting
 Container mcad-r3e-xmla1-r3e-mcad-api-1  Started
 Container mcad-r3e-xmla1-r3e-mcad-api-1  Restarting
 Container mcad-r3e-xmla1-r3e-mcad-api-1  Started
 Container mcad-r3e-xmla1-r3e-mcad-api-1  Restarting
 Container mcad-r3e-xmla1-r3e-mcad-api-1  Started
 Container mcad-r3e-xmla1-r3e-mcad-api-1  Restarting
 Container mcad-r3e-xmla1-r3e-mcad-api-1  Started
 Container mcad-r3e-xmla1-r3e-mcad-api-1  Restarting
 Container mcad-r3e-xmla1-r3e-mcad-api-1  Started
 Container mcad-r3e-xmla1-r3e-mcad-api-1  Restarting
 Container mcad-r3e-xmla1-r3e-mcad-api-1  Started
 Container mcad-r3e-xmla1-r3e-mcad-api-1  Restarting
 Container mcad-r3e-xmla1-r3e-mcad-api-1  Started
 Container mcad-r3e-xmla1-r3e-mcad-api-1  Restarting
 Container mcad-r3e-xmla1-r3e-mcad-api-1  Started
 Container mcad-r3e-xmla1-r3e-mcad-api-1  Restarting
 Container mcad-r3e-xmla1-r3e-mcad-api-1  Started
 Container mcad-r3e-xmla1-r3e-mcad-api-1  Restarting
 Container mcad-r3e-xmla1-r3e-mcad-api-1  Started
 Container mcad-r3e-xmla1-r3e-mcad-api-1  Restarting
 Container mcad-r3e-xmla1-r3e-mcad-api-1  Started
 Container mcad-r3e-xmla1-r3e-mcad-api-1  Restarting
 Container mcad-r3e-xmla1-r3e-mcad-api-1  Started
 Container mcad-r3e-xmla1-r3e-mcad-api-1  Restarting
 Container mcad-r3e-xmla1-r3e-mcad-api-1  Started
 Container mcad-r3e-xmla1-r3e-mcad-api-1  Restarting
 Container mcad-r3e-xmla1-r3e-mcad-api-1  Started
 Container mcad-r3e-xmla1-r3e-mcad-api-1  Restarting
 Container mcad-r3e-xmla1-r3e-mcad-api-1  Started
 Container mcad-r3e-xmla1-r3e-mcad-api-1  Restarting
 Container mcad-r3e-xmla1-r3e-mcad-api-1  Started
 Container mcad-r3e-xmla1-r3e-mcad-api-1  Restarting
 Container mcad-r3e-xmla1-r3e-mcad-api-1  Started
 Container mcad-r3e-xmla1-r3e-mcad-api-1  Restarting
 Container mcad-r3e-xmla1-r3e-mcad-api-1  Started
 Container mcad-r3e-xmla1-r3e-mcad-api-1  Restarting
 Container mcad-r3e-xmla1-r3e-mcad-api-1  Started
 Container mcad-r3e-xmla1-r3e-mcad-api-1  Restarting
 Container mcad-r3e-xmla1-r3e-mcad-api-1  Started
 Container mcad-r3e-xmla1-r3e-mcad-api-1  Restarting
 Container mcad-r3e-xmla1-r3e-mcad-api-1  Started
 Container mcad-r3e-xmla1-r3e-mcad-api-1  Restarting
 Container mcad-r3e-xmla1-r3e-mcad-api-1  Started
 Container mcad-r3e-xmla1-r3e-mcad-api-1  Restarting
 Container mcad-r3e-xmla1-r3e-mcad-api-1  Started
 Container mcad-r3e-xmla1-r3e-mcad-api-1  Restarting
 Container mcad-r3e-xmla1-r3e-mcad-api-1  Started
 Container mcad-r3e-xmla1-r3e-mcad-api-1  Restarting
 Container mcad-r3e-xmla1-r3e-mcad-api-1  Started
 Container mcad-r3e-xmla1-r3e-mcad-api-1  Restarting
 Container mcad-r3e-xmla1-r3e-mcad-api-1  Started
 Container mcad-r3e-xmla1-r3e-mcad-api-1  Restarting
 Container mcad-r3e-xmla1-r3e-mcad-api-1  Started
 Container mcad-r3e-xmla1-r3e-mcad-api-1  Restarting
 Container mcad-r3e-xmla1-r3e-mcad-api-1  Started
 Container mcad-r3e-xmla1-r3e-mcad-api-1  Restarting
 Container mcad-r3e-xmla1-r3e-mcad-api-1  Started
 Container mcad-r3e-xmla1-r3e-mcad-api-1  Restarting
 Container mcad-r3e-xmla1-r3e-mcad-api-1  Started
 Container mcad-r3e-xmla1-r3e-mcad-api-1  Restarting
 Container mcad-r3e-xmla1-r3e-mcad-api-1  Started
 Container mcad-r3e-xmla1-r3e-mcad-api-1  Restarting
 Container mcad-r3e-xmla1-r3e-mcad-api-1  Started
 Container mcad-r3e-xmla1-r3e-mcad-api-1  Restarting
 Container mcad-r3e-xmla1-r3e-mcad-api-1  Started
 Container mcad-r3e-xmla1-r3e-mcad-api-1  Restarting
 Container mcad-r3e-xmla1-r3e-mcad-api-1  Started
 Container mcad-r3e-xmla1-r3e-mcad-api-1  Restarting
 Container mcad-r3e-xmla1-r3e-mcad-api-1  Started
 Container mcad-r3e-xmla1-r3e-mcad-api-1  Restarting
 Container mcad-r3e-xmla1-r3e-mcad-api-1  Started
 Container mcad-r3e-xmla1-r3e-mcad-api-1  Restarting
 Container mcad-r3e-xmla1-r3e-mcad-api-1  Started
 Container mcad-r3e-xmla1-r3e-mcad-api-1  Restarting
 Container mcad-r3e-xmla1-r3e-mcad-api-1  Started
 Container mcad-r3e-xmla1-r3e-mcad-api-1  Restarting
 Container mcad-r3e-xmla1-r3e-mcad-api-1  Started
 Container mcad-r3e-xmla1-r3e-mcad-api-1  Restarting
 Container mcad-r3e-xmla1-r3e-mcad-api-1  Started
 Container mcad-r3e-xmla1-r3e-mcad-api-1  Restarting
 Container mcad-r3e-xmla1-r3e-mcad-api-1  Started
 Container mcad-r3e-xmla1-r3e-mcad-api-1  Restarting
 Container mcad-r3e-xmla1-r3e-mcad-api-1  Started
 Container mcad-r3e-xmla1-r3e-mcad-api-1  Restarting
 Container mcad-r3e-xmla1-r3e-mcad-api-1  Started
 Container mcad-r3e-xmla1-r3e-mcad-api-1  Restarting
 Container mcad-r3e-xmla1-r3e-mcad-api-1  Started
 Container mcad-r3e-xmla1-r3e-mcad-api-1  Restarting
 Container mcad-r3e-xmla1-r3e-mcad-api-1  Started
 Container mcad-r3e-xmla1-r3e-mcad-api-1  Restarting
 Container mcad-r3e-xmla1-r3e-mcad-api-1  Started
 Container mcad-r3e-xmla1-r3e-mcad-api-1  Restarting
 Container mcad-r3e-xmla1-r3e-mcad-api-1  Started
 Container mcad-r3e-xmla1-r3e-mcad-api-1  Restarting
 Container mcad-r3e-xmla1-r3e-mcad-api-1  Started
 Container mcad-r3e-xmla1-r3e-mcad-api-1  Restarting
 Container mcad-r3e-xmla1-r3e-mcad-api-1  Started
 Container mcad-r3e-xmla1-r3e-mcad-api-1  Restarting
 Container mcad-r3e-xmla1-r3e-mcad-api-1  Started
 Container mcad-r3e-xmla1-r3e-mcad-api-1  Restarting
 Container mcad-r3e-xmla1-r3e-mcad-api-1  Started
 Container mcad-r3e-xmla1-r3e-mcad-api-1  Restarting
 Container mcad-r3e-xmla1-r3e-mcad-api-1  Started
 Container mcad-r3e-xmla1-r3e-mcad-api-1  Restarting
 Container mcad-r3e-xmla1-r3e-mcad-api-1  Started
 Container mcad-r3e-xmla1-r3e-mcad-api-1  Restarting
 Container mcad-r3e-xmla1-r3e-mcad-api-1  Started
 Container mcad-r3e-xmla1-r3e-mcad-api-1  Restarting
 Container mcad-r3e-xmla1-r3e-mcad-api-1  Started
 Container mcad-r3e-xmla1-r3e-mcad-api-1  Restarting
 Container mcad-r3e-xmla1-r3e-mcad-api-1  Started
 Container mcad-r3e-xmla1-r3e-mcad-api-1  Restarting
 Container mcad-r3e-xmla1-r3e-mcad-api-1  Started
 Container mcad-r3e-xmla1-r3e-mcad-api-1  Restarting
 Container mcad-r3e-xmla1-r3e-mcad-api-1  Started
 Container mcad-r3e-xmla1-r3e-mcad-api-1  Restarting
 Container mcad-r3e-xmla1-r3e-mcad-api-1  Started
 Container mcad-r3e-xmla1-r3e-mcad-api-1  Restarting
 Container mcad-r3e-xmla1-r3e-mcad-api-1  Started
 Container mcad-r3e-xmla1-r3e-mcad-api-1  Restarting
 Container mcad-r3e-xmla1-r3e-mcad-api-1  Started
r3e_arm_complete ordinal=60 session_id=NH2-ALTERNATIVE-MIXED_SAT-R050 arm=PERMISSIVE_GATED wall_ms=5245.156 completion_ms=1685.134
r3e_arm_complete ordinal=61 session_id=NH2-ALTERNATIVE-MIXED_SAT-R051 arm=UNGATED_EXECUTE_ADMISSIBLE wall_ms=3341.579 completion_ms=2144.458
r3e_arm_complete ordinal=62 session_id=NH2-ALTERNATIVE-MIXED_SAT-R051 arm=SAFE_PRUNING wall_ms=2782.482 completion_ms=2006.090
r3e_arm_complete ordinal=63 session_id=NH2-ALTERNATIVE-MIXED_SAT-R051 arm=PERMISSIVE_GATED wall_ms=5423.715 completion_ms=3545.435
r3e_arm_complete ordinal=64 session_id=NH2-ALTERNATIVE-MIXED_SAT-R052 arm=SAFE_PRUNING wall_ms=3048.628 completion_ms=1893.606
r3e_arm_complete ordinal=65 session_id=NH2-ALTERNATIVE-MIXED_SAT-R052 arm=PERMISSIVE_GATED wall_ms=5352.489 completion_ms=2407.259
r3e_arm_complete ordinal=66 session_id=NH2-ALTERNATIVE-MIXED_SAT-R052 arm=UNGATED_EXECUTE_ADMISSIBLE wall_ms=3307.384 completion_ms=1621.138
r3e_arm_complete ordinal=67 session_id=NH2-ALTERNATIVE-MIXED_SAT-R053 arm=PERMISSIVE_GATED wall_ms=5454.474 completion_ms=2254.393
r3e_arm_complete ordinal=68 session_id=NH2-ALTERNATIVE-MIXED_SAT-R053 arm=UNGATED_EXECUTE_ADMISSIBLE wall_ms=3219.779 completion_ms=1177.835
r3e_arm_complete ordinal=69 session_id=NH2-ALTERNATIVE-MIXED_SAT-R053 arm=SAFE_PRUNING wall_ms=3034.465 completion_ms=1900.199
r3e_arm_complete ordinal=70 session_id=NH2-ALTERNATIVE-MIXED_SAT-R054 arm=UNGATED_EXECUTE_ADMISSIBLE wall_ms=3290.124 completion_ms=2315.274
r3e_arm_complete ordinal=71 session_id=NH2-ALTERNATIVE-MIXED_SAT-R054 arm=PERMISSIVE_GATED wall_ms=5393.296 completion_ms=3535.898
r3e_arm_complete ordinal=72 session_id=NH2-ALTERNATIVE-MIXED_SAT-R054 arm=SAFE_PRUNING wall_ms=2884.724 completion_ms=2111.329
r3e_arm_complete ordinal=73 session_id=NH2-ALTERNATIVE-MIXED_SAT-R055 arm=SAFE_PRUNING wall_ms=2997.689 completion_ms=1474.315
r3e_arm_complete ordinal=74 session_id=NH2-ALTERNATIVE-MIXED_SAT-R055 arm=UNGATED_EXECUTE_ADMISSIBLE wall_ms=3196.476 completion_ms=1232.147
r3e_arm_complete ordinal=75 session_id=NH2-ALTERNATIVE-MIXED_SAT-R055 arm=PERMISSIVE_GATED wall_ms=5487.196 completion_ms=2267.967
r3e_arm_complete ordinal=76 session_id=NH2-ALTERNATIVE-MIXED_SAT-R056 arm=UNGATED_EXECUTE_ADMISSIBLE wall_ms=3042.282 completion_ms=1797.680
r3e_arm_complete ordinal=77 session_id=NH2-ALTERNATIVE-MIXED_SAT-R056 arm=PERMISSIVE_GATED wall_ms=5842.618 completion_ms=3367.808
r3e_arm_complete ordinal=78 session_id=NH2-ALTERNATIVE-MIXED_SAT-R056 arm=SAFE_PRUNING wall_ms=3204.834 completion_ms=2152.359
r3e_arm_complete ordinal=79 session_id=NH2-ALTERNATIVE-MIXED_SAT-R057 arm=SAFE_PRUNING wall_ms=3212.230 completion_ms=1988.140
r3e_arm_complete ordinal=80 session_id=NH2-ALTERNATIVE-MIXED_SAT-R057 arm=PERMISSIVE_GATED wall_ms=5898.641 completion_ms=2573.958
r3e_arm_complete ordinal=81 session_id=NH2-ALTERNATIVE-MIXED_SAT-R057 arm=UNGATED_EXECUTE_ADMISSIBLE wall_ms=3167.310 completion_ms=1494.719
r3e_arm_complete ordinal=82 session_id=NH2-ALTERNATIVE-MIXED_SAT-R058 arm=UNGATED_EXECUTE_ADMISSIBLE wall_ms=3134.784 completion_ms=1126.765
r3e_arm_complete ordinal=83 session_id=NH2-ALTERNATIVE-MIXED_SAT-R058 arm=SAFE_PRUNING wall_ms=3306.707 completion_ms=1903.348
r3e_arm_complete ordinal=84 session_id=NH2-ALTERNATIVE-MIXED_SAT-R058 arm=PERMISSIVE_GATED wall_ms=5568.945 completion_ms=2122.398
r3e_arm_complete ordinal=85 session_id=NH2-ALTERNATIVE-MIXED_SAT-R059 arm=PERMISSIVE_GATED wall_ms=5338.254 completion_ms=2522.161
r3e_arm_complete ordinal=86 session_id=NH2-ALTERNATIVE-MIXED_SAT-R059 arm=UNGATED_EXECUTE_ADMISSIBLE wall_ms=3071.542 completion_ms=1324.484
r3e_arm_complete ordinal=87 session_id=NH2-ALTERNATIVE-MIXED_SAT-R059 arm=SAFE_PRUNING wall_ms=3133.334 completion_ms=1898.213
r3e_arm_complete ordinal=88 session_id=NH2-ALTERNATIVE-MIXED_SAT-R060 arm=PERMISSIVE_GATED wall_ms=5295.412 completion_ms=3735.984
r3e_arm_complete ordinal=89 session_id=NH2-ALTERNATIVE-MIXED_SAT-R060 arm=SAFE_PRUNING wall_ms=3099.889 completion_ms=2483.916
r3e_arm_complete ordinal=90 session_id=NH2-ALTERNATIVE-MIXED_SAT-R060 arm=UNGATED_EXECUTE_ADMISSIBLE wall_ms=3176.315 completion_ms=2294.309
r3e_arm_complete ordinal=91 session_id=NH2-ALTERNATIVE-ORDERED-R046 arm=SAFE_PRUNING wall_ms=3130.722 completion_ms=1593.714
r3e_arm_complete ordinal=92 session_id=NH2-ALTERNATIVE-ORDERED-R046 arm=PERMISSIVE_GATED wall_ms=5986.199 completion_ms=1935.256
r3e_arm_complete ordinal=93 session_id=NH2-ALTERNATIVE-ORDERED-R046 arm=UNGATED_EXECUTE_ADMISSIBLE wall_ms=3341.147 completion_ms=1055.461
r3e_arm_complete ordinal=94 session_id=NH2-ALTERNATIVE-ORDERED-R047 arm=UNGATED_EXECUTE_ADMISSIBLE wall_ms=3188.216 completion_ms=1154.729
r3e_arm_complete ordinal=95 session_id=NH2-ALTERNATIVE-ORDERED-R047 arm=SAFE_PRUNING wall_ms=3099.443 completion_ms=1591.327
r3e_arm_complete ordinal=96 session_id=NH2-ALTERNATIVE-ORDERED-R047 arm=PERMISSIVE_GATED wall_ms=5408.992 completion_ms=1767.130
r3e_arm_complete ordinal=97 session_id=NH2-ALTERNATIVE-ORDERED-R048 arm=PERMISSIVE_GATED wall_ms=5426.887 completion_ms=1797.267
r3e_arm_complete ordinal=98 session_id=NH2-ALTERNATIVE-ORDERED-R048 arm=UNGATED_EXECUTE_ADMISSIBLE wall_ms=3169.805 completion_ms=1104.370
r3e_arm_complete ordinal=99 session_id=NH2-ALTERNATIVE-ORDERED-R048 arm=SAFE_PRUNING wall_ms=2965.615 completion_ms=1527.798
r3e_arm_complete ordinal=100 session_id=NH2-ALTERNATIVE-ORDERED-R049 arm=PERMISSIVE_GATED wall_ms=5475.171 completion_ms=1707.007
r3e_arm_complete ordinal=101 session_id=NH2-ALTERNATIVE-ORDERED-R049 arm=SAFE_PRUNING wall_ms=3255.245 completion_ms=1606.242
r3e_arm_complete ordinal=102 session_id=NH2-ALTERNATIVE-ORDERED-R049 arm=UNGATED_EXECUTE_ADMISSIBLE wall_ms=3203.745 completion_ms=1026.524
r3e_arm_complete ordinal=103 session_id=NH2-ALTERNATIVE-ORDERED-R050 arm=UNGATED_EXECUTE_ADMISSIBLE wall_ms=3236.259 completion_ms=1112.769
r3e_arm_complete ordinal=104 session_id=NH2-ALTERNATIVE-ORDERED-R050 arm=PERMISSIVE_GATED wall_ms=5487.984 completion_ms=1887.681
r3e_arm_complete ordinal=105 session_id=NH2-ALTERNATIVE-ORDERED-R050 arm=SAFE_PRUNING wall_ms=2915.718 completion_ms=1516.442
r3e_arm_complete ordinal=106 session_id=NH2-ALTERNATIVE-ORDERED-R051 arm=SAFE_PRUNING wall_ms=3211.737 completion_ms=1631.599
r3e_arm_complete ordinal=107 session_id=NH2-ALTERNATIVE-ORDERED-R051 arm=UNGATED_EXECUTE_ADMISSIBLE wall_ms=3064.770 completion_ms=1008.586
r3e_arm_complete ordinal=108 session_id=NH2-ALTERNATIVE-ORDERED-R051 arm=PERMISSIVE_GATED wall_ms=5529.666 completion_ms=1811.941
r3e_arm_complete ordinal=109 session_id=NH2-ALTERNATIVE-ORDERED-R052 arm=SAFE_PRUNING wall_ms=3397.210 completion_ms=1688.280
r3e_arm_complete ordinal=110 session_id=NH2-ALTERNATIVE-ORDERED-R052 arm=UNGATED_EXECUTE_ADMISSIBLE wall_ms=3196.416 completion_ms=1092.766
r3e_arm_complete ordinal=111 session_id=NH2-ALTERNATIVE-ORDERED-R052 arm=PERMISSIVE_GATED wall_ms=5653.404 completion_ms=1874.314
r3e_arm_complete ordinal=112 session_id=NH2-ALTERNATIVE-ORDERED-R053 arm=SAFE_PRUNING wall_ms=3305.636 completion_ms=1516.069
r3e_arm_complete ordinal=113 session_id=NH2-ALTERNATIVE-ORDERED-R053 arm=PERMISSIVE_GATED wall_ms=5500.829 completion_ms=1885.279
r3e_arm_complete ordinal=114 session_id=NH2-ALTERNATIVE-ORDERED-R053 arm=UNGATED_EXECUTE_ADMISSIBLE wall_ms=3244.814 completion_ms=1192.066
r3e_arm_complete ordinal=115 session_id=NH2-ALTERNATIVE-ORDERED-R054 arm=UNGATED_EXECUTE_ADMISSIBLE wall_ms=3165.766 completion_ms=1068.072
r3e_arm_complete ordinal=116 session_id=NH2-ALTERNATIVE-ORDERED-R054 arm=PERMISSIVE_GATED wall_ms=5447.027 completion_ms=1746.238
r3e_arm_complete ordinal=117 session_id=NH2-ALTERNATIVE-ORDERED-R054 arm=SAFE_PRUNING wall_ms=3194.907 completion_ms=1596.530
r3e_arm_complete ordinal=118 session_id=NH2-ALTERNATIVE-ORDERED-R055 arm=PERMISSIVE_GATED wall_ms=5624.235 completion_ms=1938.391
r3e_arm_complete ordinal=119 session_id=NH2-ALTERNATIVE-ORDERED-R055 arm=UNGATED_EXECUTE_ADMISSIBLE wall_ms=3333.913 completion_ms=1027.755
r3e_arm_complete ordinal=120 session_id=NH2-ALTERNATIVE-ORDERED-R055 arm=SAFE_PRUNING wall_ms=3148.921 completion_ms=1716.955
 Container mcad-r3e-xmla1-r3e-mcad-api-1  Restarting
 Container mcad-r3e-xmla1-r3e-mcad-api-1  Started
 Container mcad-r3e-xmla1-r3e-mcad-api-1  Restarting
 Container mcad-r3e-xmla1-r3e-mcad-api-1  Started
 Container mcad-r3e-xmla1-r3e-mcad-api-1  Restarting
 Container mcad-r3e-xmla1-r3e-mcad-api-1  Started
 Container mcad-r3e-xmla1-r3e-mcad-api-1  Restarting
 Container mcad-r3e-xmla1-r3e-mcad-api-1  Started
 Container mcad-r3e-xmla1-r3e-mcad-api-1  Restarting
 Container mcad-r3e-xmla1-r3e-mcad-api-1  Started
 Container mcad-r3e-xmla1-r3e-mcad-api-1  Restarting
 Container mcad-r3e-xmla1-r3e-mcad-api-1  Started
 Container mcad-r3e-xmla1-r3e-mcad-api-1  Restarting
 Container mcad-r3e-xmla1-r3e-mcad-api-1  Started
 Container mcad-r3e-xmla1-r3e-mcad-api-1  Restarting
 Container mcad-r3e-xmla1-r3e-mcad-api-1  Started
 Container mcad-r3e-xmla1-r3e-mcad-api-1  Restarting
 Container mcad-r3e-xmla1-r3e-mcad-api-1  Started
 Container mcad-r3e-xmla1-r3e-mcad-api-1  Restarting
 Container mcad-r3e-xmla1-r3e-mcad-api-1  Started
 Container mcad-r3e-xmla1-r3e-mcad-api-1  Restarting
 Container mcad-r3e-xmla1-r3e-mcad-api-1  Started
 Container mcad-r3e-xmla1-r3e-mcad-api-1  Restarting
 Container mcad-r3e-xmla1-r3e-mcad-api-1  Started
 Container mcad-r3e-xmla1-r3e-mcad-api-1  Restarting
 Container mcad-r3e-xmla1-r3e-mcad-api-1  Started
 Container mcad-r3e-xmla1-r3e-mcad-api-1  Restarting
 Container mcad-r3e-xmla1-r3e-mcad-api-1  Started
 Container mcad-r3e-xmla1-r3e-mcad-api-1  Restarting
 Container mcad-r3e-xmla1-r3e-mcad-api-1  Started
 Container mcad-r3e-xmla1-r3e-mcad-api-1  Restarting
 Container mcad-r3e-xmla1-r3e-mcad-api-1  Started
 Container mcad-r3e-xmla1-r3e-mcad-api-1  Restarting
 Container mcad-r3e-xmla1-r3e-mcad-api-1  Started
 Container mcad-r3e-xmla1-r3e-mcad-api-1  Restarting
 Container mcad-r3e-xmla1-r3e-mcad-api-1  Started
 Container mcad-r3e-xmla1-r3e-mcad-api-1  Restarting
 Container mcad-r3e-xmla1-r3e-mcad-api-1  Started
 Container mcad-r3e-xmla1-r3e-mcad-api-1  Restarting
 Container mcad-r3e-xmla1-r3e-mcad-api-1  Started
 Container mcad-r3e-xmla1-r3e-mcad-api-1  Restarting
 Container mcad-r3e-xmla1-r3e-mcad-api-1  Started
 Container mcad-r3e-xmla1-r3e-mcad-api-1  Restarting
 Container mcad-r3e-xmla1-r3e-mcad-api-1  Started
 Container mcad-r3e-xmla1-r3e-mcad-api-1  Restarting
 Container mcad-r3e-xmla1-r3e-mcad-api-1  Started
 Container mcad-r3e-xmla1-r3e-mcad-api-1  Restarting
 Container mcad-r3e-xmla1-r3e-mcad-api-1  Started
 Container mcad-r3e-xmla1-r3e-mcad-api-1  Restarting
 Container mcad-r3e-xmla1-r3e-mcad-api-1  Started
 Container mcad-r3e-xmla1-r3e-mcad-api-1  Restarting
 Container mcad-r3e-xmla1-r3e-mcad-api-1  Started
 Container mcad-r3e-xmla1-r3e-mcad-api-1  Restarting
 Container mcad-r3e-xmla1-r3e-mcad-api-1  Started
 Container mcad-r3e-xmla1-r3e-mcad-api-1  Restarting
 Container mcad-r3e-xmla1-r3e-mcad-api-1  Started
 Container mcad-r3e-xmla1-r3e-mcad-api-1  Restarting
 Container mcad-r3e-xmla1-r3e-mcad-api-1  Started
 Container mcad-r3e-xmla1-r3e-mcad-api-1  Restarting
 Container mcad-r3e-xmla1-r3e-mcad-api-1  Started
 Container mcad-r3e-xmla1-r3e-mcad-api-1  Restarting
 Container mcad-r3e-xmla1-r3e-mcad-api-1  Started
 Container mcad-r3e-xmla1-r3e-mcad-api-1  Restarting
 Container mcad-r3e-xmla1-r3e-mcad-api-1  Started
 Container mcad-r3e-xmla1-r3e-mcad-api-1  Restarting
 Container mcad-r3e-xmla1-r3e-mcad-api-1  Started
 Container mcad-r3e-xmla1-r3e-mcad-api-1  Restarting
 Container mcad-r3e-xmla1-r3e-mcad-api-1  Started
 Container mcad-r3e-xmla1-r3e-mcad-api-1  Restarting
 Container mcad-r3e-xmla1-r3e-mcad-api-1  Started
 Container mcad-r3e-xmla1-r3e-mcad-api-1  Restarting
 Container mcad-r3e-xmla1-r3e-mcad-api-1  Started
 Container mcad-r3e-xmla1-r3e-mcad-api-1  Restarting
 Container mcad-r3e-xmla1-r3e-mcad-api-1  Started
 Container mcad-r3e-xmla1-r3e-mcad-api-1  Restarting
 Container mcad-r3e-xmla1-r3e-mcad-api-1  Started
 Container mcad-r3e-xmla1-r3e-mcad-api-1  Restarting
 Container mcad-r3e-xmla1-r3e-mcad-api-1  Started
 Container mcad-r3e-xmla1-r3e-mcad-api-1  Restarting
 Container mcad-r3e-xmla1-r3e-mcad-api-1  Started
 Container mcad-r3e-xmla1-r3e-mcad-api-1  Restarting
 Container mcad-r3e-xmla1-r3e-mcad-api-1  Started
 Container mcad-r3e-xmla1-r3e-mcad-api-1  Restarting
 Container mcad-r3e-xmla1-r3e-mcad-api-1  Started
 Container mcad-r3e-xmla1-r3e-mcad-api-1  Restarting
 Container mcad-r3e-xmla1-r3e-mcad-api-1  Started
 Container mcad-r3e-xmla1-r3e-mcad-api-1  Restarting
 Container mcad-r3e-xmla1-r3e-mcad-api-1  Started
 Container mcad-r3e-xmla1-r3e-mcad-api-1  Restarting
 Container mcad-r3e-xmla1-r3e-mcad-api-1  Started
 Container mcad-r3e-xmla1-r3e-mcad-api-1  Restarting
 Container mcad-r3e-xmla1-r3e-mcad-api-1  Started
 Container mcad-r3e-xmla1-r3e-mcad-api-1  Restarting
 Container mcad-r3e-xmla1-r3e-mcad-api-1  Started
 Container mcad-r3e-xmla1-r3e-mcad-api-1  Restarting
 Container mcad-r3e-xmla1-r3e-mcad-api-1  Started
 Container mcad-r3e-xmla1-r3e-mcad-api-1  Restarting
 Container mcad-r3e-xmla1-r3e-mcad-api-1  Started
 Container mcad-r3e-xmla1-r3e-mcad-api-1  Restarting
 Container mcad-r3e-xmla1-r3e-mcad-api-1  Started
 Container mcad-r3e-xmla1-r3e-mcad-api-1  Restarting
 Container mcad-r3e-xmla1-r3e-mcad-api-1  Started
 Container mcad-r3e-xmla1-r3e-mcad-api-1  Restarting
 Container mcad-r3e-xmla1-r3e-mcad-api-1  Started
 Container mcad-r3e-xmla1-r3e-mcad-api-1  Restarting
 Container mcad-r3e-xmla1-r3e-mcad-api-1  Started
 Container mcad-r3e-xmla1-r3e-mcad-api-1  Restarting
 Container mcad-r3e-xmla1-r3e-mcad-api-1  Started
 Container mcad-r3e-xmla1-r3e-mcad-api-1  Restarting
 Container mcad-r3e-xmla1-r3e-mcad-api-1  Started
 Container mcad-r3e-xmla1-r3e-mcad-api-1  Restarting
 Container mcad-r3e-xmla1-r3e-mcad-api-1  Started
 Container mcad-r3e-xmla1-r3e-mcad-api-1  Restarting
 Container mcad-r3e-xmla1-r3e-mcad-api-1  Started
 Container mcad-r3e-xmla1-r3e-mcad-api-1  Restarting
 Container mcad-r3e-xmla1-r3e-mcad-api-1  Started
 Container mcad-r3e-xmla1-r3e-mcad-api-1  Restarting
 Container mcad-r3e-xmla1-r3e-mcad-api-1  Started
 Container mcad-r3e-xmla1-r3e-mcad-api-1  Restarting
 Container mcad-r3e-xmla1-r3e-mcad-api-1  Started
r3e_arm_complete ordinal=121 session_id=NH2-ALTERNATIVE-ORDERED-R056 arm=UNGATED_EXECUTE_ADMISSIBLE wall_ms=3423.618 completion_ms=1195.547
r3e_arm_complete ordinal=122 session_id=NH2-ALTERNATIVE-ORDERED-R056 arm=SAFE_PRUNING wall_ms=3164.905 completion_ms=1597.265
r3e_arm_complete ordinal=123 session_id=NH2-ALTERNATIVE-ORDERED-R056 arm=PERMISSIVE_GATED wall_ms=5558.168 completion_ms=1783.876
r3e_arm_complete ordinal=124 session_id=NH2-ALTERNATIVE-ORDERED-R057 arm=PERMISSIVE_GATED wall_ms=5615.468 completion_ms=1835.929
r3e_arm_complete ordinal=125 session_id=NH2-ALTERNATIVE-ORDERED-R057 arm=SAFE_PRUNING wall_ms=3445.270 completion_ms=1617.847
r3e_arm_complete ordinal=126 session_id=NH2-ALTERNATIVE-ORDERED-R057 arm=UNGATED_EXECUTE_ADMISSIBLE wall_ms=3166.839 completion_ms=1049.094
r3e_arm_complete ordinal=127 session_id=NH2-ALTERNATIVE-ORDERED-R058 arm=SAFE_PRUNING wall_ms=3143.662 completion_ms=1692.476
r3e_arm_complete ordinal=128 session_id=NH2-ALTERNATIVE-ORDERED-R058 arm=PERMISSIVE_GATED wall_ms=5426.966 completion_ms=1756.399
r3e_arm_complete ordinal=129 session_id=NH2-ALTERNATIVE-ORDERED-R058 arm=UNGATED_EXECUTE_ADMISSIBLE wall_ms=3148.571 completion_ms=1126.757
r3e_arm_complete ordinal=130 session_id=NH2-ALTERNATIVE-ORDERED-R059 arm=SAFE_PRUNING wall_ms=3214.695 completion_ms=1691.108
r3e_arm_complete ordinal=131 session_id=NH2-ALTERNATIVE-ORDERED-R059 arm=UNGATED_EXECUTE_ADMISSIBLE wall_ms=3195.871 completion_ms=1059.810
r3e_arm_complete ordinal=132 session_id=NH2-ALTERNATIVE-ORDERED-R059 arm=PERMISSIVE_GATED wall_ms=5382.166 completion_ms=1784.550
r3e_arm_complete ordinal=133 session_id=NH2-ALTERNATIVE-ORDERED-R060 arm=PERMISSIVE_GATED wall_ms=5515.751 completion_ms=1810.456
r3e_arm_complete ordinal=134 session_id=NH2-ALTERNATIVE-ORDERED-R060 arm=UNGATED_EXECUTE_ADMISSIBLE wall_ms=3095.531 completion_ms=1058.290
r3e_arm_complete ordinal=135 session_id=NH2-ALTERNATIVE-ORDERED-R060 arm=SAFE_PRUNING wall_ms=2982.972 completion_ms=1570.417
r3e_arm_complete ordinal=136 session_id=NH2-ALTERNATIVE-OUT_OF_ORDER-R046 arm=UNGATED_EXECUTE_ADMISSIBLE wall_ms=3184.929 completion_ms=902.504
r3e_arm_complete ordinal=137 session_id=NH2-ALTERNATIVE-OUT_OF_ORDER-R046 arm=PERMISSIVE_GATED wall_ms=5533.035 completion_ms=1585.737
r3e_arm_complete ordinal=138 session_id=NH2-ALTERNATIVE-OUT_OF_ORDER-R046 arm=SAFE_PRUNING wall_ms=2850.932 completion_ms=1064.548
r3e_arm_complete ordinal=139 session_id=NH2-ALTERNATIVE-OUT_OF_ORDER-R047 arm=PERMISSIVE_GATED wall_ms=5463.230 completion_ms=1599.254
r3e_arm_complete ordinal=140 session_id=NH2-ALTERNATIVE-OUT_OF_ORDER-R047 arm=SAFE_PRUNING wall_ms=2902.424 completion_ms=1073.815
r3e_arm_complete ordinal=141 session_id=NH2-ALTERNATIVE-OUT_OF_ORDER-R047 arm=UNGATED_EXECUTE_ADMISSIBLE wall_ms=3151.324 completion_ms=977.857
r3e_arm_complete ordinal=142 session_id=NH2-ALTERNATIVE-OUT_OF_ORDER-R048 arm=UNGATED_EXECUTE_ADMISSIBLE wall_ms=3055.342 completion_ms=881.710
r3e_arm_complete ordinal=143 session_id=NH2-ALTERNATIVE-OUT_OF_ORDER-R048 arm=SAFE_PRUNING wall_ms=2856.766 completion_ms=1147.063
r3e_arm_complete ordinal=144 session_id=NH2-ALTERNATIVE-OUT_OF_ORDER-R048 arm=PERMISSIVE_GATED wall_ms=5494.782 completion_ms=1528.142
r3e_arm_complete ordinal=145 session_id=NH2-ALTERNATIVE-OUT_OF_ORDER-R049 arm=UNGATED_EXECUTE_ADMISSIBLE wall_ms=3191.829 completion_ms=946.052
r3e_arm_complete ordinal=146 session_id=NH2-ALTERNATIVE-OUT_OF_ORDER-R049 arm=PERMISSIVE_GATED wall_ms=5452.659 completion_ms=1636.736
r3e_arm_complete ordinal=147 session_id=NH2-ALTERNATIVE-OUT_OF_ORDER-R049 arm=SAFE_PRUNING wall_ms=2914.513 completion_ms=1175.100
r3e_arm_complete ordinal=148 session_id=NH2-ALTERNATIVE-OUT_OF_ORDER-R050 arm=SAFE_PRUNING wall_ms=2729.702 completion_ms=1070.497
r3e_arm_complete ordinal=149 session_id=NH2-ALTERNATIVE-OUT_OF_ORDER-R050 arm=PERMISSIVE_GATED wall_ms=5370.742 completion_ms=1621.176
r3e_arm_complete ordinal=150 session_id=NH2-ALTERNATIVE-OUT_OF_ORDER-R050 arm=UNGATED_EXECUTE_ADMISSIBLE wall_ms=3188.920 completion_ms=872.386
r3e_arm_complete ordinal=151 session_id=NH2-ALTERNATIVE-OUT_OF_ORDER-R051 arm=PERMISSIVE_GATED wall_ms=5464.880 completion_ms=1563.881
r3e_arm_complete ordinal=152 session_id=NH2-ALTERNATIVE-OUT_OF_ORDER-R051 arm=SAFE_PRUNING wall_ms=2915.463 completion_ms=1026.172
r3e_arm_complete ordinal=153 session_id=NH2-ALTERNATIVE-OUT_OF_ORDER-R051 arm=UNGATED_EXECUTE_ADMISSIBLE wall_ms=3229.881 completion_ms=880.519
r3e_arm_complete ordinal=154 session_id=NH2-ALTERNATIVE-OUT_OF_ORDER-R052 arm=UNGATED_EXECUTE_ADMISSIBLE wall_ms=3155.100 completion_ms=919.002
r3e_arm_complete ordinal=155 session_id=NH2-ALTERNATIVE-OUT_OF_ORDER-R052 arm=SAFE_PRUNING wall_ms=2717.371 completion_ms=1086.484
r3e_arm_complete ordinal=156 session_id=NH2-ALTERNATIVE-OUT_OF_ORDER-R052 arm=PERMISSIVE_GATED wall_ms=5388.103 completion_ms=1556.058
r3e_arm_complete ordinal=157 session_id=NH2-ALTERNATIVE-OUT_OF_ORDER-R053 arm=SAFE_PRUNING wall_ms=2974.051 completion_ms=1228.892
r3e_arm_complete ordinal=158 session_id=NH2-ALTERNATIVE-OUT_OF_ORDER-R053 arm=UNGATED_EXECUTE_ADMISSIBLE wall_ms=3059.320 completion_ms=867.392
r3e_arm_complete ordinal=159 session_id=NH2-ALTERNATIVE-OUT_OF_ORDER-R053 arm=PERMISSIVE_GATED wall_ms=5363.578 completion_ms=1558.269
r3e_arm_complete ordinal=160 session_id=NH2-ALTERNATIVE-OUT_OF_ORDER-R054 arm=PERMISSIVE_GATED wall_ms=5400.525 completion_ms=1541.726
r3e_arm_complete ordinal=161 session_id=NH2-ALTERNATIVE-OUT_OF_ORDER-R054 arm=UNGATED_EXECUTE_ADMISSIBLE wall_ms=3259.620 completion_ms=999.771
r3e_arm_complete ordinal=162 session_id=NH2-ALTERNATIVE-OUT_OF_ORDER-R054 arm=SAFE_PRUNING wall_ms=2850.361 completion_ms=1154.354
r3e_arm_complete ordinal=163 session_id=NH2-ALTERNATIVE-OUT_OF_ORDER-R055 arm=PERMISSIVE_GATED wall_ms=5427.697 completion_ms=1598.644
r3e_arm_complete ordinal=164 session_id=NH2-ALTERNATIVE-OUT_OF_ORDER-R055 arm=SAFE_PRUNING wall_ms=2791.400 completion_ms=1175.437
r3e_arm_complete ordinal=165 session_id=NH2-ALTERNATIVE-OUT_OF_ORDER-R055 arm=UNGATED_EXECUTE_ADMISSIBLE wall_ms=3121.312 completion_ms=878.974
r3e_arm_complete ordinal=166 session_id=NH2-ALTERNATIVE-OUT_OF_ORDER-R056 arm=SAFE_PRUNING wall_ms=2989.238 completion_ms=1271.461
r3e_arm_complete ordinal=167 session_id=NH2-ALTERNATIVE-OUT_OF_ORDER-R056 arm=PERMISSIVE_GATED wall_ms=5573.733 completion_ms=1740.324
r3e_arm_complete ordinal=168 session_id=NH2-ALTERNATIVE-OUT_OF_ORDER-R056 arm=UNGATED_EXECUTE_ADMISSIBLE wall_ms=3117.892 completion_ms=1011.614
r3e_arm_complete ordinal=169 session_id=NH2-ALTERNATIVE-OUT_OF_ORDER-R057 arm=PERMISSIVE_GATED wall_ms=5568.362 completion_ms=1640.320
r3e_arm_complete ordinal=170 session_id=NH2-ALTERNATIVE-OUT_OF_ORDER-R057 arm=UNGATED_EXECUTE_ADMISSIBLE wall_ms=3103.496 completion_ms=873.953
r3e_arm_complete ordinal=171 session_id=NH2-ALTERNATIVE-OUT_OF_ORDER-R057 arm=SAFE_PRUNING wall_ms=2810.451 completion_ms=1058.192
r3e_arm_complete ordinal=172 session_id=NH2-ALTERNATIVE-OUT_OF_ORDER-R058 arm=UNGATED_EXECUTE_ADMISSIBLE wall_ms=3179.090 completion_ms=883.468
r3e_arm_complete ordinal=173 session_id=NH2-ALTERNATIVE-OUT_OF_ORDER-R058 arm=SAFE_PRUNING wall_ms=2871.470 completion_ms=986.969
r3e_arm_complete ordinal=174 session_id=NH2-ALTERNATIVE-OUT_OF_ORDER-R058 arm=PERMISSIVE_GATED wall_ms=5483.288 completion_ms=1613.807
r3e_arm_complete ordinal=175 session_id=NH2-ALTERNATIVE-OUT_OF_ORDER-R059 arm=SAFE_PRUNING wall_ms=2577.663 completion_ms=1036.201
r3e_arm_complete ordinal=176 session_id=NH2-ALTERNATIVE-OUT_OF_ORDER-R059 arm=UNGATED_EXECUTE_ADMISSIBLE wall_ms=2978.699 completion_ms=869.612
r3e_arm_complete ordinal=177 session_id=NH2-ALTERNATIVE-OUT_OF_ORDER-R059 arm=PERMISSIVE_GATED wall_ms=5429.707 completion_ms=1543.295
r3e_arm_complete ordinal=178 session_id=NH2-ALTERNATIVE-OUT_OF_ORDER-R060 arm=UNGATED_EXECUTE_ADMISSIBLE wall_ms=3118.911 completion_ms=911.862
r3e_arm_complete ordinal=179 session_id=NH2-ALTERNATIVE-OUT_OF_ORDER-R060 arm=PERMISSIVE_GATED wall_ms=5328.845 completion_ms=1620.803
r3e_arm_complete ordinal=180 session_id=NH2-ALTERNATIVE-OUT_OF_ORDER-R060 arm=SAFE_PRUNING wall_ms=3097.833 completion_ms=1194.879
 Container mcad-r3e-xmla1-r3e-mcad-api-1  Restarting
 Container mcad-r3e-xmla1-r3e-mcad-api-1  Started
 Container mcad-r3e-xmla1-r3e-mcad-api-1  Restarting
 Container mcad-r3e-xmla1-r3e-mcad-api-1  Started
 Container mcad-r3e-xmla1-r3e-mcad-api-1  Restarting
 Container mcad-r3e-xmla1-r3e-mcad-api-1  Started
 Container mcad-r3e-xmla1-r3e-mcad-api-1  Restarting
 Container mcad-r3e-xmla1-r3e-mcad-api-1  Started
 Container mcad-r3e-xmla1-r3e-mcad-api-1  Restarting
 Container mcad-r3e-xmla1-r3e-mcad-api-1  Started
 Container mcad-r3e-xmla1-r3e-mcad-api-1  Restarting
 Container mcad-r3e-xmla1-r3e-mcad-api-1  Started
 Container mcad-r3e-xmla1-r3e-mcad-api-1  Restarting
 Container mcad-r3e-xmla1-r3e-mcad-api-1  Started
 Container mcad-r3e-xmla1-r3e-mcad-api-1  Restarting
 Container mcad-r3e-xmla1-r3e-mcad-api-1  Started
 Container mcad-r3e-xmla1-r3e-mcad-api-1  Restarting
 Container mcad-r3e-xmla1-r3e-mcad-api-1  Started
 Container mcad-r3e-xmla1-r3e-mcad-api-1  Restarting
 Container mcad-r3e-xmla1-r3e-mcad-api-1  Started
 Container mcad-r3e-xmla1-r3e-mcad-api-1  Restarting
 Container mcad-r3e-xmla1-r3e-mcad-api-1  Started
 Container mcad-r3e-xmla1-r3e-mcad-api-1  Restarting
 Container mcad-r3e-xmla1-r3e-mcad-api-1  Started
 Container mcad-r3e-xmla1-r3e-mcad-api-1  Restarting
 Container mcad-r3e-xmla1-r3e-mcad-api-1  Started
 Container mcad-r3e-xmla1-r3e-mcad-api-1  Restarting
 Container mcad-r3e-xmla1-r3e-mcad-api-1  Started
 Container mcad-r3e-xmla1-r3e-mcad-api-1  Restarting
 Container mcad-r3e-xmla1-r3e-mcad-api-1  Started
 Container mcad-r3e-xmla1-r3e-mcad-api-1  Restarting
 Container mcad-r3e-xmla1-r3e-mcad-api-1  Started
 Container mcad-r3e-xmla1-r3e-mcad-api-1  Restarting
 Container mcad-r3e-xmla1-r3e-mcad-api-1  Started
 Container mcad-r3e-xmla1-r3e-mcad-api-1  Restarting
 Container mcad-r3e-xmla1-r3e-mcad-api-1  Started
 Container mcad-r3e-xmla1-r3e-mcad-api-1  Restarting
 Container mcad-r3e-xmla1-r3e-mcad-api-1  Started
 Container mcad-r3e-xmla1-r3e-mcad-api-1  Restarting
 Container mcad-r3e-xmla1-r3e-mcad-api-1  Started
 Container mcad-r3e-xmla1-r3e-mcad-api-1  Restarting
 Container mcad-r3e-xmla1-r3e-mcad-api-1  Started
 Container mcad-r3e-xmla1-r3e-mcad-api-1  Restarting
 Container mcad-r3e-xmla1-r3e-mcad-api-1  Started
 Container mcad-r3e-xmla1-r3e-mcad-api-1  Restarting
 Container mcad-r3e-xmla1-r3e-mcad-api-1  Started
 Container mcad-r3e-xmla1-r3e-mcad-api-1  Restarting
 Container mcad-r3e-xmla1-r3e-mcad-api-1  Started
 Container mcad-r3e-xmla1-r3e-mcad-api-1  Restarting
 Container mcad-r3e-xmla1-r3e-mcad-api-1  Started
 Container mcad-r3e-xmla1-r3e-mcad-api-1  Restarting
 Container mcad-r3e-xmla1-r3e-mcad-api-1  Started
 Container mcad-r3e-xmla1-r3e-mcad-api-1  Restarting
 Container mcad-r3e-xmla1-r3e-mcad-api-1  Started
 Container mcad-r3e-xmla1-r3e-mcad-api-1  Restarting
 Container mcad-r3e-xmla1-r3e-mcad-api-1  Started
 Container mcad-r3e-xmla1-r3e-mcad-api-1  Restarting
 Container mcad-r3e-xmla1-r3e-mcad-api-1  Started
 Container mcad-r3e-xmla1-r3e-mcad-api-1  Restarting
 Container mcad-r3e-xmla1-r3e-mcad-api-1  Started
 Container mcad-r3e-xmla1-r3e-mcad-api-1  Restarting
 Container mcad-r3e-xmla1-r3e-mcad-api-1  Started
 Container mcad-r3e-xmla1-r3e-mcad-api-1  Restarting
 Container mcad-r3e-xmla1-r3e-mcad-api-1  Started
 Container mcad-r3e-xmla1-r3e-mcad-api-1  Restarting
 Container mcad-r3e-xmla1-r3e-mcad-api-1  Started
 Container mcad-r3e-xmla1-r3e-mcad-api-1  Restarting
 Container mcad-r3e-xmla1-r3e-mcad-api-1  Started
 Container mcad-r3e-xmla1-r3e-mcad-api-1  Restarting
 Container mcad-r3e-xmla1-r3e-mcad-api-1  Started
 Container mcad-r3e-xmla1-r3e-mcad-api-1  Restarting
 Container mcad-r3e-xmla1-r3e-mcad-api-1  Started
 Container mcad-r3e-xmla1-r3e-mcad-api-1  Restarting
 Container mcad-r3e-xmla1-r3e-mcad-api-1  Started
 Container mcad-r3e-xmla1-r3e-mcad-api-1  Restarting
 Container mcad-r3e-xmla1-r3e-mcad-api-1  Started
 Container mcad-r3e-xmla1-r3e-mcad-api-1  Restarting
 Container mcad-r3e-xmla1-r3e-mcad-api-1  Started
 Container mcad-r3e-xmla1-r3e-mcad-api-1  Restarting
 Container mcad-r3e-xmla1-r3e-mcad-api-1  Started
 Container mcad-r3e-xmla1-r3e-mcad-api-1  Restarting
 Container mcad-r3e-xmla1-r3e-mcad-api-1  Started
 Container mcad-r3e-xmla1-r3e-mcad-api-1  Restarting
 Container mcad-r3e-xmla1-r3e-mcad-api-1  Started
 Container mcad-r3e-xmla1-r3e-mcad-api-1  Restarting
 Container mcad-r3e-xmla1-r3e-mcad-api-1  Started
 Container mcad-r3e-xmla1-r3e-mcad-api-1  Restarting
 Container mcad-r3e-xmla1-r3e-mcad-api-1  Started
 Container mcad-r3e-xmla1-r3e-mcad-api-1  Restarting
 Container mcad-r3e-xmla1-r3e-mcad-api-1  Started
 Container mcad-r3e-xmla1-r3e-mcad-api-1  Restarting
 Container mcad-r3e-xmla1-r3e-mcad-api-1  Started
 Container mcad-r3e-xmla1-r3e-mcad-api-1  Restarting
 Container mcad-r3e-xmla1-r3e-mcad-api-1  Started
 Container mcad-r3e-xmla1-r3e-mcad-api-1  Restarting
 Container mcad-r3e-xmla1-r3e-mcad-api-1  Started
 Container mcad-r3e-xmla1-r3e-mcad-api-1  Restarting
 Container mcad-r3e-xmla1-r3e-mcad-api-1  Started
 Container mcad-r3e-xmla1-r3e-mcad-api-1  Restarting
 Container mcad-r3e-xmla1-r3e-mcad-api-1  Started
 Container mcad-r3e-xmla1-r3e-mcad-api-1  Restarting
 Container mcad-r3e-xmla1-r3e-mcad-api-1  Started
 Container mcad-r3e-xmla1-r3e-mcad-api-1  Restarting
 Container mcad-r3e-xmla1-r3e-mcad-api-1  Started
 Container mcad-r3e-xmla1-r3e-mcad-api-1  Restarting
 Container mcad-r3e-xmla1-r3e-mcad-api-1  Started
 Container mcad-r3e-xmla1-r3e-mcad-api-1  Restarting
 Container mcad-r3e-xmla1-r3e-mcad-api-1  Started
 Container mcad-r3e-xmla1-r3e-mcad-api-1  Restarting
 Container mcad-r3e-xmla1-r3e-mcad-api-1  Started
 Container mcad-r3e-xmla1-r3e-mcad-api-1  Restarting
 Container mcad-r3e-xmla1-r3e-mcad-api-1  Started
 Container mcad-r3e-xmla1-r3e-mcad-api-1  Restarting
 Container mcad-r3e-xmla1-r3e-mcad-api-1  Started
 Container mcad-r3e-xmla1-r3e-mcad-api-1  Restarting
 Container mcad-r3e-xmla1-r3e-mcad-api-1  Started
 Container mcad-r3e-xmla1-r3e-mcad-api-1  Restarting
 Container mcad-r3e-xmla1-r3e-mcad-api-1  Started
 Container mcad-r3e-xmla1-r3e-mcad-api-1  Restarting
 Container mcad-r3e-xmla1-r3e-mcad-api-1  Started
 Container mcad-r3e-xmla1-r3e-mcad-api-1  Restarting
 Container mcad-r3e-xmla1-r3e-mcad-api-1  Started
r3e_arm_complete ordinal=181 session_id=NH2-ALTERNATIVE-OVERLAP-R046 arm=PERMISSIVE_GATED wall_ms=5504.814 completion_ms=1921.246
r3e_arm_complete ordinal=182 session_id=NH2-ALTERNATIVE-OVERLAP-R046 arm=UNGATED_EXECUTE_ADMISSIBLE wall_ms=3131.076 completion_ms=1076.532
r3e_arm_complete ordinal=183 session_id=NH2-ALTERNATIVE-OVERLAP-R046 arm=SAFE_PRUNING wall_ms=3492.825 completion_ms=1929.545
r3e_arm_complete ordinal=184 session_id=NH2-ALTERNATIVE-OVERLAP-R047 arm=UNGATED_EXECUTE_ADMISSIBLE wall_ms=3072.683 completion_ms=1328.438
r3e_arm_complete ordinal=185 session_id=NH2-ALTERNATIVE-OVERLAP-R047 arm=PERMISSIVE_GATED wall_ms=5346.794 completion_ms=2181.761
r3e_arm_complete ordinal=186 session_id=NH2-ALTERNATIVE-OVERLAP-R047 arm=SAFE_PRUNING wall_ms=3006.563 completion_ms=1494.595
r3e_arm_complete ordinal=187 session_id=NH2-ALTERNATIVE-OVERLAP-R048 arm=UNGATED_EXECUTE_ADMISSIBLE wall_ms=3190.961 completion_ms=1486.192
r3e_arm_complete ordinal=188 session_id=NH2-ALTERNATIVE-OVERLAP-R048 arm=SAFE_PRUNING wall_ms=3152.899 completion_ms=1898.968
r3e_arm_complete ordinal=189 session_id=NH2-ALTERNATIVE-OVERLAP-R048 arm=PERMISSIVE_GATED wall_ms=5531.291 completion_ms=2548.483
r3e_arm_complete ordinal=190 session_id=NH2-ALTERNATIVE-OVERLAP-R049 arm=SAFE_PRUNING wall_ms=3430.629 completion_ms=2012.032
r3e_arm_complete ordinal=191 session_id=NH2-ALTERNATIVE-OVERLAP-R049 arm=PERMISSIVE_GATED wall_ms=5582.940 completion_ms=3239.815
r3e_arm_complete ordinal=192 session_id=NH2-ALTERNATIVE-OVERLAP-R049 arm=UNGATED_EXECUTE_ADMISSIBLE wall_ms=3131.333 completion_ms=1912.818
r3e_arm_complete ordinal=193 session_id=NH2-ALTERNATIVE-OVERLAP-R050 arm=SAFE_PRUNING wall_ms=3241.506 completion_ms=1654.417
r3e_arm_complete ordinal=194 session_id=NH2-ALTERNATIVE-OVERLAP-R050 arm=UNGATED_EXECUTE_ADMISSIBLE wall_ms=3204.018 completion_ms=1085.150
r3e_arm_complete ordinal=195 session_id=NH2-ALTERNATIVE-OVERLAP-R050 arm=PERMISSIVE_GATED wall_ms=5328.691 completion_ms=1980.577
r3e_arm_complete ordinal=196 session_id=NH2-ALTERNATIVE-OVERLAP-R051 arm=PERMISSIVE_GATED wall_ms=5320.795 completion_ms=3516.489
r3e_arm_complete ordinal=197 session_id=NH2-ALTERNATIVE-OVERLAP-R051 arm=SAFE_PRUNING wall_ms=3350.514 completion_ms=2678.515
r3e_arm_complete ordinal=198 session_id=NH2-ALTERNATIVE-OVERLAP-R051 arm=UNGATED_EXECUTE_ADMISSIBLE wall_ms=3119.374 completion_ms=2143.164
r3e_arm_complete ordinal=199 session_id=NH2-ALTERNATIVE-OVERLAP-R052 arm=PERMISSIVE_GATED wall_ms=5380.611 completion_ms=1687.858
r3e_arm_complete ordinal=200 session_id=NH2-ALTERNATIVE-OVERLAP-R052 arm=SAFE_PRUNING wall_ms=3084.466 completion_ms=1620.442
r3e_arm_complete ordinal=201 session_id=NH2-ALTERNATIVE-OVERLAP-R052 arm=UNGATED_EXECUTE_ADMISSIBLE wall_ms=3046.733 completion_ms=867.122
r3e_arm_complete ordinal=202 session_id=NH2-ALTERNATIVE-OVERLAP-R053 arm=SAFE_PRUNING wall_ms=3226.174 completion_ms=2314.342
r3e_arm_complete ordinal=203 session_id=NH2-ALTERNATIVE-OVERLAP-R053 arm=UNGATED_EXECUTE_ADMISSIBLE wall_ms=3258.312 completion_ms=1997.125
r3e_arm_complete ordinal=204 session_id=NH2-ALTERNATIVE-OVERLAP-R053 arm=PERMISSIVE_GATED wall_ms=5460.863 completion_ms=3420.220
r3e_arm_complete ordinal=205 session_id=NH2-ALTERNATIVE-OVERLAP-R054 arm=PERMISSIVE_GATED wall_ms=5417.121 completion_ms=1958.504
r3e_arm_complete ordinal=206 session_id=NH2-ALTERNATIVE-OVERLAP-R054 arm=UNGATED_EXECUTE_ADMISSIBLE wall_ms=3242.383 completion_ms=1104.689
r3e_arm_complete ordinal=207 session_id=NH2-ALTERNATIVE-OVERLAP-R054 arm=SAFE_PRUNING wall_ms=3051.963 completion_ms=1737.935
r3e_arm_complete ordinal=208 session_id=NH2-ALTERNATIVE-OVERLAP-R055 arm=UNGATED_EXECUTE_ADMISSIBLE wall_ms=3114.495 completion_ms=618.078
r3e_arm_complete ordinal=209 session_id=NH2-ALTERNATIVE-OVERLAP-R055 arm=PERMISSIVE_GATED wall_ms=5524.504 completion_ms=1231.609
r3e_arm_complete ordinal=210 session_id=NH2-ALTERNATIVE-OVERLAP-R055 arm=SAFE_PRUNING wall_ms=2837.757 completion_ms=1016.191
r3e_arm_complete ordinal=211 session_id=NH2-ALTERNATIVE-OVERLAP-R056 arm=SAFE_PRUNING wall_ms=3300.525 completion_ms=1100.934
r3e_arm_complete ordinal=212 session_id=NH2-ALTERNATIVE-OVERLAP-R056 arm=PERMISSIVE_GATED wall_ms=5633.874 completion_ms=1013.920
r3e_arm_complete ordinal=213 session_id=NH2-ALTERNATIVE-OVERLAP-R056 arm=UNGATED_EXECUTE_ADMISSIBLE wall_ms=3177.664 completion_ms=667.158
r3e_arm_complete ordinal=214 session_id=NH2-ALTERNATIVE-OVERLAP-R057 arm=UNGATED_EXECUTE_ADMISSIBLE wall_ms=3194.827 completion_ms=2171.734
r3e_arm_complete ordinal=215 session_id=NH2-ALTERNATIVE-OVERLAP-R057 arm=SAFE_PRUNING wall_ms=2835.511 completion_ms=2233.625
r3e_arm_complete ordinal=216 session_id=NH2-ALTERNATIVE-OVERLAP-R057 arm=PERMISSIVE_GATED wall_ms=5362.110 completion_ms=3564.808
r3e_arm_complete ordinal=217 session_id=NH2-ALTERNATIVE-OVERLAP-R058 arm=SAFE_PRUNING wall_ms=3027.639 completion_ms=1816.801
r3e_arm_complete ordinal=218 session_id=NH2-ALTERNATIVE-OVERLAP-R058 arm=UNGATED_EXECUTE_ADMISSIBLE wall_ms=3180.741 completion_ms=1239.902
r3e_arm_complete ordinal=219 session_id=NH2-ALTERNATIVE-OVERLAP-R058 arm=PERMISSIVE_GATED wall_ms=5654.383 completion_ms=2321.571
r3e_arm_complete ordinal=220 session_id=NH2-ALTERNATIVE-OVERLAP-R059 arm=PERMISSIVE_GATED wall_ms=5544.864 completion_ms=2856.942
r3e_arm_complete ordinal=221 session_id=NH2-ALTERNATIVE-OVERLAP-R059 arm=SAFE_PRUNING wall_ms=3067.564 completion_ms=1702.421
r3e_arm_complete ordinal=222 session_id=NH2-ALTERNATIVE-OVERLAP-R059 arm=UNGATED_EXECUTE_ADMISSIBLE wall_ms=3092.907 completion_ms=1548.054
r3e_arm_complete ordinal=223 session_id=NH2-ALTERNATIVE-OVERLAP-R060 arm=UNGATED_EXECUTE_ADMISSIBLE wall_ms=3145.269 completion_ms=1436.793
r3e_arm_complete ordinal=224 session_id=NH2-ALTERNATIVE-OVERLAP-R060 arm=PERMISSIVE_GATED wall_ms=5649.682 completion_ms=2650.499
r3e_arm_complete ordinal=225 session_id=NH2-ALTERNATIVE-OVERLAP-R060 arm=SAFE_PRUNING wall_ms=3256.268 completion_ms=2167.892
r3e_arm_complete ordinal=226 session_id=NH2-MULTI2-DISTRACTOR_HEAVY-R046 arm=SAFE_PRUNING wall_ms=3082.639 completion_ms=1875.682
r3e_arm_complete ordinal=227 session_id=NH2-MULTI2-DISTRACTOR_HEAVY-R046 arm=PERMISSIVE_GATED wall_ms=5574.899 completion_ms=2337.602
r3e_arm_complete ordinal=228 session_id=NH2-MULTI2-DISTRACTOR_HEAVY-R046 arm=UNGATED_EXECUTE_ADMISSIBLE wall_ms=3263.282 completion_ms=1258.288
r3e_arm_complete ordinal=229 session_id=NH2-MULTI2-DISTRACTOR_HEAVY-R047 arm=UNGATED_EXECUTE_ADMISSIBLE wall_ms=3323.702 completion_ms=1468.010
r3e_arm_complete ordinal=230 session_id=NH2-MULTI2-DISTRACTOR_HEAVY-R047 arm=SAFE_PRUNING wall_ms=3109.263 completion_ms=1835.854
r3e_arm_complete ordinal=231 session_id=NH2-MULTI2-DISTRACTOR_HEAVY-R047 arm=PERMISSIVE_GATED wall_ms=5456.098 completion_ms=2580.730
r3e_arm_complete ordinal=232 session_id=NH2-MULTI2-DISTRACTOR_HEAVY-R048 arm=PERMISSIVE_GATED wall_ms=5571.580 completion_ms=4125.078
r3e_arm_complete ordinal=233 session_id=NH2-MULTI2-DISTRACTOR_HEAVY-R048 arm=UNGATED_EXECUTE_ADMISSIBLE wall_ms=3211.582 completion_ms=2448.332
r3e_arm_complete ordinal=234 session_id=NH2-MULTI2-DISTRACTOR_HEAVY-R048 arm=SAFE_PRUNING wall_ms=3258.050 completion_ms=2718.077
r3e_arm_complete ordinal=235 session_id=NH2-MULTI2-DISTRACTOR_HEAVY-R049 arm=UNGATED_EXECUTE_ADMISSIBLE wall_ms=3316.898 completion_ms=1657.054
r3e_arm_complete ordinal=236 session_id=NH2-MULTI2-DISTRACTOR_HEAVY-R049 arm=SAFE_PRUNING wall_ms=3050.837 completion_ms=1869.105
r3e_arm_complete ordinal=237 session_id=NH2-MULTI2-DISTRACTOR_HEAVY-R049 arm=PERMISSIVE_GATED wall_ms=5515.635 completion_ms=2666.248
r3e_arm_complete ordinal=238 session_id=NH2-MULTI2-DISTRACTOR_HEAVY-R050 arm=PERMISSIVE_GATED wall_ms=5568.105 completion_ms=3532.915
r3e_arm_complete ordinal=239 session_id=NH2-MULTI2-DISTRACTOR_HEAVY-R050 arm=UNGATED_EXECUTE_ADMISSIBLE wall_ms=3161.063 completion_ms=2043.875
r3e_arm_complete ordinal=240 session_id=NH2-MULTI2-DISTRACTOR_HEAVY-R050 arm=SAFE_PRUNING wall_ms=3041.571 completion_ms=2322.008
r3e_arm_complete ordinal=241 session_id=NH2-MULTI2-DISTRACTOR_HEAVY-R051 arm=PERMISSIVE_GATED wall_ms=5489.393 completion_ms=2260.981
 Container mcad-r3e-xmla1-r3e-mcad-api-1  Restarting
 Container mcad-r3e-xmla1-r3e-mcad-api-1  Started
 Container mcad-r3e-xmla1-r3e-mcad-api-1  Restarting
 Container mcad-r3e-xmla1-r3e-mcad-api-1  Started
 Container mcad-r3e-xmla1-r3e-mcad-api-1  Restarting
 Container mcad-r3e-xmla1-r3e-mcad-api-1  Started
 Container mcad-r3e-xmla1-r3e-mcad-api-1  Restarting
 Container mcad-r3e-xmla1-r3e-mcad-api-1  Started
 Container mcad-r3e-xmla1-r3e-mcad-api-1  Restarting
 Container mcad-r3e-xmla1-r3e-mcad-api-1  Started
 Container mcad-r3e-xmla1-r3e-mcad-api-1  Restarting
 Container mcad-r3e-xmla1-r3e-mcad-api-1  Started
 Container mcad-r3e-xmla1-r3e-mcad-api-1  Restarting
 Container mcad-r3e-xmla1-r3e-mcad-api-1  Started
 Container mcad-r3e-xmla1-r3e-mcad-api-1  Restarting
 Container mcad-r3e-xmla1-r3e-mcad-api-1  Started
 Container mcad-r3e-xmla1-r3e-mcad-api-1  Restarting
 Container mcad-r3e-xmla1-r3e-mcad-api-1  Started
 Container mcad-r3e-xmla1-r3e-mcad-api-1  Restarting
 Container mcad-r3e-xmla1-r3e-mcad-api-1  Started
 Container mcad-r3e-xmla1-r3e-mcad-api-1  Restarting
 Container mcad-r3e-xmla1-r3e-mcad-api-1  Started
 Container mcad-r3e-xmla1-r3e-mcad-api-1  Restarting
 Container mcad-r3e-xmla1-r3e-mcad-api-1  Started
 Container mcad-r3e-xmla1-r3e-mcad-api-1  Restarting
 Container mcad-r3e-xmla1-r3e-mcad-api-1  Started
 Container mcad-r3e-xmla1-r3e-mcad-api-1  Restarting
 Container mcad-r3e-xmla1-r3e-mcad-api-1  Started
 Container mcad-r3e-xmla1-r3e-mcad-api-1  Restarting
 Container mcad-r3e-xmla1-r3e-mcad-api-1  Started
 Container mcad-r3e-xmla1-r3e-mcad-api-1  Restarting
 Container mcad-r3e-xmla1-r3e-mcad-api-1  Started
 Container mcad-r3e-xmla1-r3e-mcad-api-1  Restarting
 Container mcad-r3e-xmla1-r3e-mcad-api-1  Started
 Container mcad-r3e-xmla1-r3e-mcad-api-1  Restarting
 Container mcad-r3e-xmla1-r3e-mcad-api-1  Started
 Container mcad-r3e-xmla1-r3e-mcad-api-1  Restarting
 Container mcad-r3e-xmla1-r3e-mcad-api-1  Started
 Container mcad-r3e-xmla1-r3e-mcad-api-1  Restarting
 Container mcad-r3e-xmla1-r3e-mcad-api-1  Started
 Container mcad-r3e-xmla1-r3e-mcad-api-1  Restarting
 Container mcad-r3e-xmla1-r3e-mcad-api-1  Started
 Container mcad-r3e-xmla1-r3e-mcad-api-1  Restarting
 Container mcad-r3e-xmla1-r3e-mcad-api-1  Started
 Container mcad-r3e-xmla1-r3e-mcad-api-1  Restarting
 Container mcad-r3e-xmla1-r3e-mcad-api-1  Started
 Container mcad-r3e-xmla1-r3e-mcad-api-1  Restarting
 Container mcad-r3e-xmla1-r3e-mcad-api-1  Started
 Container mcad-r3e-xmla1-r3e-mcad-api-1  Restarting
 Container mcad-r3e-xmla1-r3e-mcad-api-1  Started
 Container mcad-r3e-xmla1-r3e-mcad-api-1  Restarting
 Container mcad-r3e-xmla1-r3e-mcad-api-1  Started
 Container mcad-r3e-xmla1-r3e-mcad-api-1  Restarting
 Container mcad-r3e-xmla1-r3e-mcad-api-1  Started
 Container mcad-r3e-xmla1-r3e-mcad-api-1  Restarting
 Container mcad-r3e-xmla1-r3e-mcad-api-1  Started
 Container mcad-r3e-xmla1-r3e-mcad-api-1  Restarting
 Container mcad-r3e-xmla1-r3e-mcad-api-1  Started
 Container mcad-r3e-xmla1-r3e-mcad-api-1  Restarting
 Container mcad-r3e-xmla1-r3e-mcad-api-1  Started
 Container mcad-r3e-xmla1-r3e-mcad-api-1  Restarting
 Container mcad-r3e-xmla1-r3e-mcad-api-1  Started
 Container mcad-r3e-xmla1-r3e-mcad-api-1  Restarting
 Container mcad-r3e-xmla1-r3e-mcad-api-1  Started
 Container mcad-r3e-xmla1-r3e-mcad-api-1  Restarting
 Container mcad-r3e-xmla1-r3e-mcad-api-1  Started
 Container mcad-r3e-xmla1-r3e-mcad-api-1  Restarting
 Container mcad-r3e-xmla1-r3e-mcad-api-1  Started
 Container mcad-r3e-xmla1-r3e-mcad-api-1  Restarting
 Container mcad-r3e-xmla1-r3e-mcad-api-1  Started
 Container mcad-r3e-xmla1-r3e-mcad-api-1  Restarting
 Container mcad-r3e-xmla1-r3e-mcad-api-1  Started
 Container mcad-r3e-xmla1-r3e-mcad-api-1  Restarting
 Container mcad-r3e-xmla1-r3e-mcad-api-1  Started
 Container mcad-r3e-xmla1-r3e-mcad-api-1  Restarting
 Container mcad-r3e-xmla1-r3e-mcad-api-1  Started
 Container mcad-r3e-xmla1-r3e-mcad-api-1  Restarting
 Container mcad-r3e-xmla1-r3e-mcad-api-1  Started
 Container mcad-r3e-xmla1-r3e-mcad-api-1  Restarting
 Container mcad-r3e-xmla1-r3e-mcad-api-1  Started
 Container mcad-r3e-xmla1-r3e-mcad-api-1  Restarting
 Container mcad-r3e-xmla1-r3e-mcad-api-1  Started
 Container mcad-r3e-xmla1-r3e-mcad-api-1  Restarting
 Container mcad-r3e-xmla1-r3e-mcad-api-1  Started
 Container mcad-r3e-xmla1-r3e-mcad-api-1  Restarting
 Container mcad-r3e-xmla1-r3e-mcad-api-1  Started
 Container mcad-r3e-xmla1-r3e-mcad-api-1  Restarting
 Container mcad-r3e-xmla1-r3e-mcad-api-1  Started
 Container mcad-r3e-xmla1-r3e-mcad-api-1  Restarting
 Container mcad-r3e-xmla1-r3e-mcad-api-1  Started
 Container mcad-r3e-xmla1-r3e-mcad-api-1  Restarting
 Container mcad-r3e-xmla1-r3e-mcad-api-1  Started
 Container mcad-r3e-xmla1-r3e-mcad-api-1  Restarting
 Container mcad-r3e-xmla1-r3e-mcad-api-1  Started
 Container mcad-r3e-xmla1-r3e-mcad-api-1  Restarting
 Container mcad-r3e-xmla1-r3e-mcad-api-1  Started
 Container mcad-r3e-xmla1-r3e-mcad-api-1  Restarting
 Container mcad-r3e-xmla1-r3e-mcad-api-1  Started
 Container mcad-r3e-xmla1-r3e-mcad-api-1  Restarting
 Container mcad-r3e-xmla1-r3e-mcad-api-1  Started
 Container mcad-r3e-xmla1-r3e-mcad-api-1  Restarting
 Container mcad-r3e-xmla1-r3e-mcad-api-1  Started
 Container mcad-r3e-xmla1-r3e-mcad-api-1  Restarting
 Container mcad-r3e-xmla1-r3e-mcad-api-1  Started
 Container mcad-r3e-xmla1-r3e-mcad-api-1  Restarting
 Container mcad-r3e-xmla1-r3e-mcad-api-1  Started
 Container mcad-r3e-xmla1-r3e-mcad-api-1  Restarting
 Container mcad-r3e-xmla1-r3e-mcad-api-1  Started
 Container mcad-r3e-xmla1-r3e-mcad-api-1  Restarting
 Container mcad-r3e-xmla1-r3e-mcad-api-1  Started
 Container mcad-r3e-xmla1-r3e-mcad-api-1  Restarting
 Container mcad-r3e-xmla1-r3e-mcad-api-1  Started
 Container mcad-r3e-xmla1-r3e-mcad-api-1  Restarting
 Container mcad-r3e-xmla1-r3e-mcad-api-1  Started
 Container mcad-r3e-xmla1-r3e-mcad-api-1  Restarting
 Container mcad-r3e-xmla1-r3e-mcad-api-1  Started
 Container mcad-r3e-xmla1-r3e-mcad-api-1  Restarting
 Container mcad-r3e-xmla1-r3e-mcad-api-1  Started
 Container mcad-r3e-xmla1-r3e-mcad-api-1  Restarting
 Container mcad-r3e-xmla1-r3e-mcad-api-1  Started
 Container mcad-r3e-xmla1-r3e-mcad-api-1  Restarting
 Container mcad-r3e-xmla1-r3e-mcad-api-1  Started
r3e_arm_complete ordinal=242 session_id=NH2-MULTI2-DISTRACTOR_HEAVY-R051 arm=SAFE_PRUNING wall_ms=2957.434 completion_ms=1767.625
r3e_arm_complete ordinal=243 session_id=NH2-MULTI2-DISTRACTOR_HEAVY-R051 arm=UNGATED_EXECUTE_ADMISSIBLE wall_ms=3115.130 completion_ms=1251.337
r3e_arm_complete ordinal=244 session_id=NH2-MULTI2-DISTRACTOR_HEAVY-R052 arm=SAFE_PRUNING wall_ms=2989.542 completion_ms=1189.687
r3e_arm_complete ordinal=245 session_id=NH2-MULTI2-DISTRACTOR_HEAVY-R052 arm=PERMISSIVE_GATED wall_ms=5339.726 completion_ms=1201.368
r3e_arm_complete ordinal=246 session_id=NH2-MULTI2-DISTRACTOR_HEAVY-R052 arm=UNGATED_EXECUTE_ADMISSIBLE wall_ms=3260.519 completion_ms=895.811
r3e_arm_complete ordinal=247 session_id=NH2-MULTI2-DISTRACTOR_HEAVY-R053 arm=SAFE_PRUNING wall_ms=2848.416 completion_ms=1657.771
r3e_arm_complete ordinal=248 session_id=NH2-MULTI2-DISTRACTOR_HEAVY-R053 arm=UNGATED_EXECUTE_ADMISSIBLE wall_ms=3065.965 completion_ms=1128.893
r3e_arm_complete ordinal=249 session_id=NH2-MULTI2-DISTRACTOR_HEAVY-R053 arm=PERMISSIVE_GATED wall_ms=5571.321 completion_ms=2109.342
r3e_arm_complete ordinal=250 session_id=NH2-MULTI2-DISTRACTOR_HEAVY-R054 arm=UNGATED_EXECUTE_ADMISSIBLE wall_ms=3396.266 completion_ms=1735.074
r3e_arm_complete ordinal=251 session_id=NH2-MULTI2-DISTRACTOR_HEAVY-R054 arm=PERMISSIVE_GATED wall_ms=5472.768 completion_ms=2884.418
r3e_arm_complete ordinal=252 session_id=NH2-MULTI2-DISTRACTOR_HEAVY-R054 arm=SAFE_PRUNING wall_ms=3157.586 completion_ms=1996.188
r3e_arm_complete ordinal=253 session_id=NH2-MULTI2-DISTRACTOR_HEAVY-R055 arm=PERMISSIVE_GATED wall_ms=5434.438 completion_ms=3449.792
r3e_arm_complete ordinal=254 session_id=NH2-MULTI2-DISTRACTOR_HEAVY-R055 arm=SAFE_PRUNING wall_ms=2991.850 completion_ms=2332.016
r3e_arm_complete ordinal=255 session_id=NH2-MULTI2-DISTRACTOR_HEAVY-R055 arm=UNGATED_EXECUTE_ADMISSIBLE wall_ms=3339.160 completion_ms=2002.331
r3e_arm_complete ordinal=256 session_id=NH2-MULTI2-DISTRACTOR_HEAVY-R056 arm=UNGATED_EXECUTE_ADMISSIBLE wall_ms=3201.474 completion_ms=1613.970
r3e_arm_complete ordinal=257 session_id=NH2-MULTI2-DISTRACTOR_HEAVY-R056 arm=PERMISSIVE_GATED wall_ms=5665.786 completion_ms=3121.821
r3e_arm_complete ordinal=258 session_id=NH2-MULTI2-DISTRACTOR_HEAVY-R056 arm=SAFE_PRUNING wall_ms=2973.043 completion_ms=2053.550
r3e_arm_complete ordinal=259 session_id=NH2-MULTI2-DISTRACTOR_HEAVY-R057 arm=UNGATED_EXECUTE_ADMISSIBLE wall_ms=3199.117 completion_ms=2377.053
r3e_arm_complete ordinal=260 session_id=NH2-MULTI2-DISTRACTOR_HEAVY-R057 arm=SAFE_PRUNING wall_ms=3103.978 completion_ms=2261.633
r3e_arm_complete ordinal=261 session_id=NH2-MULTI2-DISTRACTOR_HEAVY-R057 arm=PERMISSIVE_GATED wall_ms=5639.086 completion_ms=4316.196
r3e_arm_complete ordinal=262 session_id=NH2-MULTI2-DISTRACTOR_HEAVY-R058 arm=PERMISSIVE_GATED wall_ms=5431.906 completion_ms=4655.058
r3e_arm_complete ordinal=263 session_id=NH2-MULTI2-DISTRACTOR_HEAVY-R058 arm=UNGATED_EXECUTE_ADMISSIBLE wall_ms=3314.209 completion_ms=2834.272
r3e_arm_complete ordinal=264 session_id=NH2-MULTI2-DISTRACTOR_HEAVY-R058 arm=SAFE_PRUNING wall_ms=2865.603 completion_ms=2621.384
r3e_arm_complete ordinal=265 session_id=NH2-MULTI2-DISTRACTOR_HEAVY-R059 arm=SAFE_PRUNING wall_ms=2862.213 completion_ms=1912.632
r3e_arm_complete ordinal=266 session_id=NH2-MULTI2-DISTRACTOR_HEAVY-R059 arm=UNGATED_EXECUTE_ADMISSIBLE wall_ms=3321.759 completion_ms=1700.211
r3e_arm_complete ordinal=267 session_id=NH2-MULTI2-DISTRACTOR_HEAVY-R059 arm=PERMISSIVE_GATED wall_ms=5533.450 completion_ms=3015.752
r3e_arm_complete ordinal=268 session_id=NH2-MULTI2-DISTRACTOR_HEAVY-R060 arm=SAFE_PRUNING wall_ms=3010.655 completion_ms=1441.692
r3e_arm_complete ordinal=269 session_id=NH2-MULTI2-DISTRACTOR_HEAVY-R060 arm=PERMISSIVE_GATED wall_ms=5498.533 completion_ms=1756.089
r3e_arm_complete ordinal=270 session_id=NH2-MULTI2-DISTRACTOR_HEAVY-R060 arm=UNGATED_EXECUTE_ADMISSIBLE wall_ms=3218.278 completion_ms=932.663
r3e_arm_complete ordinal=271 session_id=NH2-MULTI2-MIXED_SAT-R046 arm=UNGATED_EXECUTE_ADMISSIBLE wall_ms=2633.888 completion_ms=783.029
r3e_arm_complete ordinal=272 session_id=NH2-MULTI2-MIXED_SAT-R046 arm=PERMISSIVE_GATED wall_ms=4934.611 completion_ms=1640.408
r3e_arm_complete ordinal=273 session_id=NH2-MULTI2-MIXED_SAT-R046 arm=SAFE_PRUNING wall_ms=3299.303 completion_ms=1503.760
r3e_arm_complete ordinal=274 session_id=NH2-MULTI2-MIXED_SAT-R047 arm=UNGATED_EXECUTE_ADMISSIBLE wall_ms=2951.752 completion_ms=900.928
r3e_arm_complete ordinal=275 session_id=NH2-MULTI2-MIXED_SAT-R047 arm=SAFE_PRUNING wall_ms=2785.903 completion_ms=1282.965
r3e_arm_complete ordinal=276 session_id=NH2-MULTI2-MIXED_SAT-R047 arm=PERMISSIVE_GATED wall_ms=5036.115 completion_ms=1397.030
r3e_arm_complete ordinal=277 session_id=NH2-MULTI2-MIXED_SAT-R048 arm=SAFE_PRUNING wall_ms=3199.873 completion_ms=2267.020
r3e_arm_complete ordinal=278 session_id=NH2-MULTI2-MIXED_SAT-R048 arm=UNGATED_EXECUTE_ADMISSIBLE wall_ms=2776.699 completion_ms=1820.562
r3e_arm_complete ordinal=279 session_id=NH2-MULTI2-MIXED_SAT-R048 arm=PERMISSIVE_GATED wall_ms=5001.331 completion_ms=3386.863
r3e_arm_complete ordinal=280 session_id=NH2-MULTI2-MIXED_SAT-R049 arm=SAFE_PRUNING wall_ms=2820.641 completion_ms=1849.620
r3e_arm_complete ordinal=281 session_id=NH2-MULTI2-MIXED_SAT-R049 arm=PERMISSIVE_GATED wall_ms=4974.640 completion_ms=2507.530
r3e_arm_complete ordinal=282 session_id=NH2-MULTI2-MIXED_SAT-R049 arm=UNGATED_EXECUTE_ADMISSIBLE wall_ms=2716.899 completion_ms=1287.226
r3e_arm_complete ordinal=283 session_id=NH2-MULTI2-MIXED_SAT-R050 arm=PERMISSIVE_GATED wall_ms=5144.842 completion_ms=2742.484
r3e_arm_complete ordinal=284 session_id=NH2-MULTI2-MIXED_SAT-R050 arm=UNGATED_EXECUTE_ADMISSIBLE wall_ms=2662.883 completion_ms=1471.386
r3e_arm_complete ordinal=285 session_id=NH2-MULTI2-MIXED_SAT-R050 arm=SAFE_PRUNING wall_ms=3035.557 completion_ms=2024.842
r3e_arm_complete ordinal=286 session_id=NH2-MULTI2-MIXED_SAT-R051 arm=PERMISSIVE_GATED wall_ms=4886.001 completion_ms=3799.525
r3e_arm_complete ordinal=287 session_id=NH2-MULTI2-MIXED_SAT-R051 arm=SAFE_PRUNING wall_ms=3372.893 completion_ms=2920.655
r3e_arm_complete ordinal=288 session_id=NH2-MULTI2-MIXED_SAT-R051 arm=UNGATED_EXECUTE_ADMISSIBLE wall_ms=2826.204 completion_ms=2297.300
r3e_arm_complete ordinal=289 session_id=NH2-MULTI2-MIXED_SAT-R052 arm=SAFE_PRUNING wall_ms=3129.395 completion_ms=2391.152
r3e_arm_complete ordinal=290 session_id=NH2-MULTI2-MIXED_SAT-R052 arm=UNGATED_EXECUTE_ADMISSIBLE wall_ms=2849.077 completion_ms=1850.223
r3e_arm_complete ordinal=291 session_id=NH2-MULTI2-MIXED_SAT-R052 arm=PERMISSIVE_GATED wall_ms=4913.475 completion_ms=3139.896
r3e_arm_complete ordinal=292 session_id=NH2-MULTI2-MIXED_SAT-R053 arm=PERMISSIVE_GATED wall_ms=4869.503 completion_ms=2200.202
r3e_arm_complete ordinal=293 session_id=NH2-MULTI2-MIXED_SAT-R053 arm=SAFE_PRUNING wall_ms=2938.238 completion_ms=1785.431
r3e_arm_complete ordinal=294 session_id=NH2-MULTI2-MIXED_SAT-R053 arm=UNGATED_EXECUTE_ADMISSIBLE wall_ms=2716.897 completion_ms=1142.049
r3e_arm_complete ordinal=295 session_id=NH2-MULTI2-MIXED_SAT-R054 arm=PERMISSIVE_GATED wall_ms=5093.225 completion_ms=4522.046
r3e_arm_complete ordinal=296 session_id=NH2-MULTI2-MIXED_SAT-R054 arm=UNGATED_EXECUTE_ADMISSIBLE wall_ms=2824.291 completion_ms=2568.306
r3e_arm_complete ordinal=297 session_id=NH2-MULTI2-MIXED_SAT-R054 arm=SAFE_PRUNING wall_ms=3122.417 completion_ms=2866.142
r3e_arm_complete ordinal=298 session_id=NH2-MULTI2-MIXED_SAT-R055 arm=SAFE_PRUNING wall_ms=2815.295 completion_ms=1535.231
r3e_arm_complete ordinal=299 session_id=NH2-MULTI2-MIXED_SAT-R055 arm=PERMISSIVE_GATED wall_ms=4927.434 completion_ms=1833.957
r3e_arm_complete ordinal=300 session_id=NH2-MULTI2-MIXED_SAT-R055 arm=UNGATED_EXECUTE_ADMISSIBLE wall_ms=2760.837 completion_ms=1033.799
r3e_arm_complete ordinal=301 session_id=NH2-MULTI2-MIXED_SAT-R056 arm=UNGATED_EXECUTE_ADMISSIBLE wall_ms=2800.804 completion_ms=1154.025
r3e_arm_complete ordinal=302 session_id=NH2-MULTI2-MIXED_SAT-R056 arm=SAFE_PRUNING wall_ms=2919.782 completion_ms=1761.330
 Container mcad-r3e-xmla1-r3e-mcad-api-1  Restarting
 Container mcad-r3e-xmla1-r3e-mcad-api-1  Started
 Container mcad-r3e-xmla1-r3e-mcad-api-1  Restarting
 Container mcad-r3e-xmla1-r3e-mcad-api-1  Started
 Container mcad-r3e-xmla1-r3e-mcad-api-1  Restarting
 Container mcad-r3e-xmla1-r3e-mcad-api-1  Started
 Container mcad-r3e-xmla1-r3e-mcad-api-1  Restarting
 Container mcad-r3e-xmla1-r3e-mcad-api-1  Started
 Container mcad-r3e-xmla1-r3e-mcad-api-1  Restarting
 Container mcad-r3e-xmla1-r3e-mcad-api-1  Started
 Container mcad-r3e-xmla1-r3e-mcad-api-1  Restarting
 Container mcad-r3e-xmla1-r3e-mcad-api-1  Started
 Container mcad-r3e-xmla1-r3e-mcad-api-1  Restarting
 Container mcad-r3e-xmla1-r3e-mcad-api-1  Started
 Container mcad-r3e-xmla1-r3e-mcad-api-1  Restarting
 Container mcad-r3e-xmla1-r3e-mcad-api-1  Started
 Container mcad-r3e-xmla1-r3e-mcad-api-1  Restarting
 Container mcad-r3e-xmla1-r3e-mcad-api-1  Started
 Container mcad-r3e-xmla1-r3e-mcad-api-1  Restarting
 Container mcad-r3e-xmla1-r3e-mcad-api-1  Started
 Container mcad-r3e-xmla1-r3e-mcad-api-1  Restarting
 Container mcad-r3e-xmla1-r3e-mcad-api-1  Started
 Container mcad-r3e-xmla1-r3e-mcad-api-1  Restarting
 Container mcad-r3e-xmla1-r3e-mcad-api-1  Started
 Container mcad-r3e-xmla1-r3e-mcad-api-1  Restarting
 Container mcad-r3e-xmla1-r3e-mcad-api-1  Started
 Container mcad-r3e-xmla1-r3e-mcad-api-1  Restarting
 Container mcad-r3e-xmla1-r3e-mcad-api-1  Started
 Container mcad-r3e-xmla1-r3e-mcad-api-1  Restarting
 Container mcad-r3e-xmla1-r3e-mcad-api-1  Started
 Container mcad-r3e-xmla1-r3e-mcad-api-1  Restarting
 Container mcad-r3e-xmla1-r3e-mcad-api-1  Started
 Container mcad-r3e-xmla1-r3e-mcad-api-1  Restarting
 Container mcad-r3e-xmla1-r3e-mcad-api-1  Started
 Container mcad-r3e-xmla1-r3e-mcad-api-1  Restarting
 Container mcad-r3e-xmla1-r3e-mcad-api-1  Started
 Container mcad-r3e-xmla1-r3e-mcad-api-1  Restarting
 Container mcad-r3e-xmla1-r3e-mcad-api-1  Started
 Container mcad-r3e-xmla1-r3e-mcad-api-1  Restarting
 Container mcad-r3e-xmla1-r3e-mcad-api-1  Started
 Container mcad-r3e-xmla1-r3e-mcad-api-1  Restarting
 Container mcad-r3e-xmla1-r3e-mcad-api-1  Started
 Container mcad-r3e-xmla1-r3e-mcad-api-1  Restarting
 Container mcad-r3e-xmla1-r3e-mcad-api-1  Started
 Container mcad-r3e-xmla1-r3e-mcad-api-1  Restarting
 Container mcad-r3e-xmla1-r3e-mcad-api-1  Started
 Container mcad-r3e-xmla1-r3e-mcad-api-1  Restarting
 Container mcad-r3e-xmla1-r3e-mcad-api-1  Started
 Container mcad-r3e-xmla1-r3e-mcad-api-1  Restarting
 Container mcad-r3e-xmla1-r3e-mcad-api-1  Started
 Container mcad-r3e-xmla1-r3e-mcad-api-1  Restarting
 Container mcad-r3e-xmla1-r3e-mcad-api-1  Started
 Container mcad-r3e-xmla1-r3e-mcad-api-1  Restarting
 Container mcad-r3e-xmla1-r3e-mcad-api-1  Started
 Container mcad-r3e-xmla1-r3e-mcad-api-1  Restarting
 Container mcad-r3e-xmla1-r3e-mcad-api-1  Started
 Container mcad-r3e-xmla1-r3e-mcad-api-1  Restarting
 Container mcad-r3e-xmla1-r3e-mcad-api-1  Started
 Container mcad-r3e-xmla1-r3e-mcad-api-1  Restarting
 Container mcad-r3e-xmla1-r3e-mcad-api-1  Started
 Container mcad-r3e-xmla1-r3e-mcad-api-1  Restarting
 Container mcad-r3e-xmla1-r3e-mcad-api-1  Started
 Container mcad-r3e-xmla1-r3e-mcad-api-1  Restarting
 Container mcad-r3e-xmla1-r3e-mcad-api-1  Started
 Container mcad-r3e-xmla1-r3e-mcad-api-1  Restarting
 Container mcad-r3e-xmla1-r3e-mcad-api-1  Started
 Container mcad-r3e-xmla1-r3e-mcad-api-1  Restarting
 Container mcad-r3e-xmla1-r3e-mcad-api-1  Started
 Container mcad-r3e-xmla1-r3e-mcad-api-1  Restarting
 Container mcad-r3e-xmla1-r3e-mcad-api-1  Started
 Container mcad-r3e-xmla1-r3e-mcad-api-1  Restarting
 Container mcad-r3e-xmla1-r3e-mcad-api-1  Started
 Container mcad-r3e-xmla1-r3e-mcad-api-1  Restarting
 Container mcad-r3e-xmla1-r3e-mcad-api-1  Started
 Container mcad-r3e-xmla1-r3e-mcad-api-1  Restarting
 Container mcad-r3e-xmla1-r3e-mcad-api-1  Started
 Container mcad-r3e-xmla1-r3e-mcad-api-1  Restarting
 Container mcad-r3e-xmla1-r3e-mcad-api-1  Started
 Container mcad-r3e-xmla1-r3e-mcad-api-1  Restarting
 Container mcad-r3e-xmla1-r3e-mcad-api-1  Started
 Container mcad-r3e-xmla1-r3e-mcad-api-1  Restarting
 Container mcad-r3e-xmla1-r3e-mcad-api-1  Started
 Container mcad-r3e-xmla1-r3e-mcad-api-1  Restarting
 Container mcad-r3e-xmla1-r3e-mcad-api-1  Started
 Container mcad-r3e-xmla1-r3e-mcad-api-1  Restarting
 Container mcad-r3e-xmla1-r3e-mcad-api-1  Started
 Container mcad-r3e-xmla1-r3e-mcad-api-1  Restarting
 Container mcad-r3e-xmla1-r3e-mcad-api-1  Started
 Container mcad-r3e-xmla1-r3e-mcad-api-1  Restarting
 Container mcad-r3e-xmla1-r3e-mcad-api-1  Started
 Container mcad-r3e-xmla1-r3e-mcad-api-1  Restarting
 Container mcad-r3e-xmla1-r3e-mcad-api-1  Started
 Container mcad-r3e-xmla1-r3e-mcad-api-1  Restarting
 Container mcad-r3e-xmla1-r3e-mcad-api-1  Started
 Container mcad-r3e-xmla1-r3e-mcad-api-1  Restarting
 Container mcad-r3e-xmla1-r3e-mcad-api-1  Started
 Container mcad-r3e-xmla1-r3e-mcad-api-1  Restarting
 Container mcad-r3e-xmla1-r3e-mcad-api-1  Started
 Container mcad-r3e-xmla1-r3e-mcad-api-1  Restarting
 Container mcad-r3e-xmla1-r3e-mcad-api-1  Started
 Container mcad-r3e-xmla1-r3e-mcad-api-1  Restarting
 Container mcad-r3e-xmla1-r3e-mcad-api-1  Started
 Container mcad-r3e-xmla1-r3e-mcad-api-1  Restarting
 Container mcad-r3e-xmla1-r3e-mcad-api-1  Started
 Container mcad-r3e-xmla1-r3e-mcad-api-1  Restarting
 Container mcad-r3e-xmla1-r3e-mcad-api-1  Started
 Container mcad-r3e-xmla1-r3e-mcad-api-1  Restarting
 Container mcad-r3e-xmla1-r3e-mcad-api-1  Started
 Container mcad-r3e-xmla1-r3e-mcad-api-1  Restarting
 Container mcad-r3e-xmla1-r3e-mcad-api-1  Started
 Container mcad-r3e-xmla1-r3e-mcad-api-1  Restarting
 Container mcad-r3e-xmla1-r3e-mcad-api-1  Started
 Container mcad-r3e-xmla1-r3e-mcad-api-1  Restarting
 Container mcad-r3e-xmla1-r3e-mcad-api-1  Started
 Container mcad-r3e-xmla1-r3e-mcad-api-1  Restarting
 Container mcad-r3e-xmla1-r3e-mcad-api-1  Started
 Container mcad-r3e-xmla1-r3e-mcad-api-1  Restarting
 Container mcad-r3e-xmla1-r3e-mcad-api-1  Started
 Container mcad-r3e-xmla1-r3e-mcad-api-1  Restarting
 Container mcad-r3e-xmla1-r3e-mcad-api-1  Started
 Container mcad-r3e-xmla1-r3e-mcad-api-1  Restarting
 Container mcad-r3e-xmla1-r3e-mcad-api-1  Started
 Container mcad-r3e-xmla1-r3e-mcad-api-1  Restarting
 Container mcad-r3e-xmla1-r3e-mcad-api-1  Started
 Container mcad-r3e-xmla1-r3e-mcad-api-1  Restarting
 Container mcad-r3e-xmla1-r3e-mcad-api-1  Started
 Container mcad-r3e-xmla1-r3e-mcad-api-1  Restarting
 Container mcad-r3e-xmla1-r3e-mcad-api-1  Started
r3e_arm_complete ordinal=303 session_id=NH2-MULTI2-MIXED_SAT-R056 arm=PERMISSIVE_GATED wall_ms=4983.054 completion_ms=2305.816
r3e_arm_complete ordinal=304 session_id=NH2-MULTI2-MIXED_SAT-R057 arm=UNGATED_EXECUTE_ADMISSIBLE wall_ms=2776.345 completion_ms=1659.333
r3e_arm_complete ordinal=305 session_id=NH2-MULTI2-MIXED_SAT-R057 arm=PERMISSIVE_GATED wall_ms=4883.186 completion_ms=2794.678
r3e_arm_complete ordinal=306 session_id=NH2-MULTI2-MIXED_SAT-R057 arm=SAFE_PRUNING wall_ms=3228.338 completion_ms=2126.712
r3e_arm_complete ordinal=307 session_id=NH2-MULTI2-MIXED_SAT-R058 arm=SAFE_PRUNING wall_ms=2772.017 completion_ms=1491.639
r3e_arm_complete ordinal=308 session_id=NH2-MULTI2-MIXED_SAT-R058 arm=PERMISSIVE_GATED wall_ms=4936.515 completion_ms=2166.630
r3e_arm_complete ordinal=309 session_id=NH2-MULTI2-MIXED_SAT-R058 arm=UNGATED_EXECUTE_ADMISSIBLE wall_ms=2916.538 completion_ms=1387.235
r3e_arm_complete ordinal=310 session_id=NH2-MULTI2-MIXED_SAT-R059 arm=PERMISSIVE_GATED wall_ms=4885.784 completion_ms=4185.972
r3e_arm_complete ordinal=311 session_id=NH2-MULTI2-MIXED_SAT-R059 arm=SAFE_PRUNING wall_ms=2926.553 completion_ms=2628.818
r3e_arm_complete ordinal=312 session_id=NH2-MULTI2-MIXED_SAT-R059 arm=UNGATED_EXECUTE_ADMISSIBLE wall_ms=2736.378 completion_ms=2216.162
r3e_arm_complete ordinal=313 session_id=NH2-MULTI2-MIXED_SAT-R060 arm=UNGATED_EXECUTE_ADMISSIBLE wall_ms=2679.473 completion_ms=2078.675
r3e_arm_complete ordinal=314 session_id=NH2-MULTI2-MIXED_SAT-R060 arm=SAFE_PRUNING wall_ms=3284.246 completion_ms=2838.615
r3e_arm_complete ordinal=315 session_id=NH2-MULTI2-MIXED_SAT-R060 arm=PERMISSIVE_GATED wall_ms=4956.759 completion_ms=4021.100
r3e_arm_complete ordinal=316 session_id=NH2-MULTI2-ORDERED-R046 arm=SAFE_PRUNING wall_ms=3154.628 completion_ms=1423.581
r3e_arm_complete ordinal=317 session_id=NH2-MULTI2-ORDERED-R046 arm=UNGATED_EXECUTE_ADMISSIBLE wall_ms=3174.916 completion_ms=754.016
r3e_arm_complete ordinal=318 session_id=NH2-MULTI2-ORDERED-R046 arm=PERMISSIVE_GATED wall_ms=5527.572 completion_ms=1393.012
r3e_arm_complete ordinal=319 session_id=NH2-MULTI2-ORDERED-R047 arm=PERMISSIVE_GATED wall_ms=5440.152 completion_ms=1284.138
r3e_arm_complete ordinal=320 session_id=NH2-MULTI2-ORDERED-R047 arm=UNGATED_EXECUTE_ADMISSIBLE wall_ms=3142.330 completion_ms=828.252
r3e_arm_complete ordinal=321 session_id=NH2-MULTI2-ORDERED-R047 arm=SAFE_PRUNING wall_ms=3088.672 completion_ms=1306.430
r3e_arm_complete ordinal=322 session_id=NH2-MULTI2-ORDERED-R048 arm=UNGATED_EXECUTE_ADMISSIBLE wall_ms=3150.196 completion_ms=744.988
r3e_arm_complete ordinal=323 session_id=NH2-MULTI2-ORDERED-R048 arm=PERMISSIVE_GATED wall_ms=5573.421 completion_ms=1344.331
r3e_arm_complete ordinal=324 session_id=NH2-MULTI2-ORDERED-R048 arm=SAFE_PRUNING wall_ms=3068.081 completion_ms=1473.426
r3e_arm_complete ordinal=325 session_id=NH2-MULTI2-ORDERED-R049 arm=SAFE_PRUNING wall_ms=3223.733 completion_ms=1333.892
r3e_arm_complete ordinal=326 session_id=NH2-MULTI2-ORDERED-R049 arm=UNGATED_EXECUTE_ADMISSIBLE wall_ms=3212.372 completion_ms=798.882
r3e_arm_complete ordinal=327 session_id=NH2-MULTI2-ORDERED-R049 arm=PERMISSIVE_GATED wall_ms=5667.353 completion_ms=1314.383
r3e_arm_complete ordinal=328 session_id=NH2-MULTI2-ORDERED-R050 arm=PERMISSIVE_GATED wall_ms=5588.953 completion_ms=1351.827
r3e_arm_complete ordinal=329 session_id=NH2-MULTI2-ORDERED-R050 arm=UNGATED_EXECUTE_ADMISSIBLE wall_ms=3320.770 completion_ms=795.692
r3e_arm_complete ordinal=330 session_id=NH2-MULTI2-ORDERED-R050 arm=SAFE_PRUNING wall_ms=3014.004 completion_ms=1413.180
r3e_arm_complete ordinal=331 session_id=NH2-MULTI2-ORDERED-R051 arm=UNGATED_EXECUTE_ADMISSIBLE wall_ms=3178.891 completion_ms=824.729
r3e_arm_complete ordinal=332 session_id=NH2-MULTI2-ORDERED-R051 arm=SAFE_PRUNING wall_ms=2911.918 completion_ms=1403.126
r3e_arm_complete ordinal=333 session_id=NH2-MULTI2-ORDERED-R051 arm=PERMISSIVE_GATED wall_ms=5409.956 completion_ms=1334.543
r3e_arm_complete ordinal=334 session_id=NH2-MULTI2-ORDERED-R052 arm=UNGATED_EXECUTE_ADMISSIBLE wall_ms=3221.588 completion_ms=747.124
r3e_arm_complete ordinal=335 session_id=NH2-MULTI2-ORDERED-R052 arm=PERMISSIVE_GATED wall_ms=5454.756 completion_ms=1446.794
r3e_arm_complete ordinal=336 session_id=NH2-MULTI2-ORDERED-R052 arm=SAFE_PRUNING wall_ms=2978.404 completion_ms=1386.858
r3e_arm_complete ordinal=337 session_id=NH2-MULTI2-ORDERED-R053 arm=SAFE_PRUNING wall_ms=2929.288 completion_ms=1366.169
r3e_arm_complete ordinal=338 session_id=NH2-MULTI2-ORDERED-R053 arm=PERMISSIVE_GATED wall_ms=5370.074 completion_ms=1384.868
r3e_arm_complete ordinal=339 session_id=NH2-MULTI2-ORDERED-R053 arm=UNGATED_EXECUTE_ADMISSIBLE wall_ms=3138.691 completion_ms=747.811
r3e_arm_complete ordinal=340 session_id=NH2-MULTI2-ORDERED-R054 arm=PERMISSIVE_GATED wall_ms=5697.086 completion_ms=1346.031
r3e_arm_complete ordinal=341 session_id=NH2-MULTI2-ORDERED-R054 arm=SAFE_PRUNING wall_ms=2958.109 completion_ms=1362.163
r3e_arm_complete ordinal=342 session_id=NH2-MULTI2-ORDERED-R054 arm=UNGATED_EXECUTE_ADMISSIBLE wall_ms=3117.349 completion_ms=743.604
r3e_arm_complete ordinal=343 session_id=NH2-MULTI2-ORDERED-R055 arm=SAFE_PRUNING wall_ms=3347.244 completion_ms=1327.833
r3e_arm_complete ordinal=344 session_id=NH2-MULTI2-ORDERED-R055 arm=PERMISSIVE_GATED wall_ms=5519.810 completion_ms=1436.882
r3e_arm_complete ordinal=345 session_id=NH2-MULTI2-ORDERED-R055 arm=UNGATED_EXECUTE_ADMISSIBLE wall_ms=3177.773 completion_ms=785.857
r3e_arm_complete ordinal=346 session_id=NH2-MULTI2-ORDERED-R056 arm=SAFE_PRUNING wall_ms=3029.981 completion_ms=1360.991
r3e_arm_complete ordinal=347 session_id=NH2-MULTI2-ORDERED-R056 arm=UNGATED_EXECUTE_ADMISSIBLE wall_ms=3218.208 completion_ms=750.181
r3e_arm_complete ordinal=348 session_id=NH2-MULTI2-ORDERED-R056 arm=PERMISSIVE_GATED wall_ms=5815.393 completion_ms=1419.547
r3e_arm_complete ordinal=349 session_id=NH2-MULTI2-ORDERED-R057 arm=UNGATED_EXECUTE_ADMISSIBLE wall_ms=3376.491 completion_ms=779.320
r3e_arm_complete ordinal=350 session_id=NH2-MULTI2-ORDERED-R057 arm=PERMISSIVE_GATED wall_ms=5574.448 completion_ms=1477.583
r3e_arm_complete ordinal=351 session_id=NH2-MULTI2-ORDERED-R057 arm=SAFE_PRUNING wall_ms=3464.962 completion_ms=1385.005
r3e_arm_complete ordinal=352 session_id=NH2-MULTI2-ORDERED-R058 arm=UNGATED_EXECUTE_ADMISSIBLE wall_ms=3370.638 completion_ms=773.010
r3e_arm_complete ordinal=353 session_id=NH2-MULTI2-ORDERED-R058 arm=SAFE_PRUNING wall_ms=3061.764 completion_ms=1397.032
r3e_arm_complete ordinal=354 session_id=NH2-MULTI2-ORDERED-R058 arm=PERMISSIVE_GATED wall_ms=5617.903 completion_ms=1358.115
r3e_arm_complete ordinal=355 session_id=NH2-MULTI2-ORDERED-R059 arm=PERMISSIVE_GATED wall_ms=5563.330 completion_ms=1330.180
r3e_arm_complete ordinal=356 session_id=NH2-MULTI2-ORDERED-R059 arm=UNGATED_EXECUTE_ADMISSIBLE wall_ms=3205.402 completion_ms=765.121
r3e_arm_complete ordinal=357 session_id=NH2-MULTI2-ORDERED-R059 arm=SAFE_PRUNING wall_ms=3029.369 completion_ms=1454.619
r3e_arm_complete ordinal=358 session_id=NH2-MULTI2-ORDERED-R060 arm=PERMISSIVE_GATED wall_ms=5555.925 completion_ms=1340.757
r3e_arm_complete ordinal=359 session_id=NH2-MULTI2-ORDERED-R060 arm=SAFE_PRUNING wall_ms=3248.085 completion_ms=1276.586
r3e_arm_complete ordinal=360 session_id=NH2-MULTI2-ORDERED-R060 arm=UNGATED_EXECUTE_ADMISSIBLE wall_ms=3240.397 completion_ms=785.120
r3e_arm_complete ordinal=361 session_id=NH2-MULTI2-OUT_OF_ORDER-R046 arm=PERMISSIVE_GATED wall_ms=5462.463 completion_ms=1328.897
r3e_arm_complete ordinal=362 session_id=NH2-MULTI2-OUT_OF_ORDER-R046 arm=SAFE_PRUNING wall_ms=3256.143 completion_ms=1353.592
r3e_arm_complete ordinal=363 session_id=NH2-MULTI2-OUT_OF_ORDER-R046 arm=UNGATED_EXECUTE_ADMISSIBLE wall_ms=3007.684 completion_ms=754.653
r3e_arm_complete ordinal=364 session_id=NH2-MULTI2-OUT_OF_ORDER-R047 arm=UNGATED_EXECUTE_ADMISSIBLE wall_ms=3085.425 completion_ms=744.544
r3e_arm_complete ordinal=365 session_id=NH2-MULTI2-OUT_OF_ORDER-R047 arm=SAFE_PRUNING wall_ms=3128.987 completion_ms=1359.300
r3e_arm_complete ordinal=366 session_id=NH2-MULTI2-OUT_OF_ORDER-R047 arm=PERMISSIVE_GATED wall_ms=5576.404 completion_ms=1408.250
 Container mcad-r3e-xmla1-r3e-mcad-api-1  Restarting
 Container mcad-r3e-xmla1-r3e-mcad-api-1  Started
 Container mcad-r3e-xmla1-r3e-mcad-api-1  Restarting
 Container mcad-r3e-xmla1-r3e-mcad-api-1  Started
 Container mcad-r3e-xmla1-r3e-mcad-api-1  Restarting
 Container mcad-r3e-xmla1-r3e-mcad-api-1  Started
 Container mcad-r3e-xmla1-r3e-mcad-api-1  Restarting
 Container mcad-r3e-xmla1-r3e-mcad-api-1  Started
 Container mcad-r3e-xmla1-r3e-mcad-api-1  Restarting
 Container mcad-r3e-xmla1-r3e-mcad-api-1  Started
 Container mcad-r3e-xmla1-r3e-mcad-api-1  Restarting
 Container mcad-r3e-xmla1-r3e-mcad-api-1  Started
 Container mcad-r3e-xmla1-r3e-mcad-api-1  Restarting
 Container mcad-r3e-xmla1-r3e-mcad-api-1  Started
 Container mcad-r3e-xmla1-r3e-mcad-api-1  Restarting
 Container mcad-r3e-xmla1-r3e-mcad-api-1  Started
 Container mcad-r3e-xmla1-r3e-mcad-api-1  Restarting
 Container mcad-r3e-xmla1-r3e-mcad-api-1  Started
 Container mcad-r3e-xmla1-r3e-mcad-api-1  Restarting
 Container mcad-r3e-xmla1-r3e-mcad-api-1  Started
 Container mcad-r3e-xmla1-r3e-mcad-api-1  Restarting
 Container mcad-r3e-xmla1-r3e-mcad-api-1  Started
 Container mcad-r3e-xmla1-r3e-mcad-api-1  Restarting
 Container mcad-r3e-xmla1-r3e-mcad-api-1  Started
 Container mcad-r3e-xmla1-r3e-mcad-api-1  Restarting
 Container mcad-r3e-xmla1-r3e-mcad-api-1  Started
 Container mcad-r3e-xmla1-r3e-mcad-api-1  Restarting
 Container mcad-r3e-xmla1-r3e-mcad-api-1  Started
 Container mcad-r3e-xmla1-r3e-mcad-api-1  Restarting
 Container mcad-r3e-xmla1-r3e-mcad-api-1  Started
 Container mcad-r3e-xmla1-r3e-mcad-api-1  Restarting
 Container mcad-r3e-xmla1-r3e-mcad-api-1  Started
 Container mcad-r3e-xmla1-r3e-mcad-api-1  Restarting
 Container mcad-r3e-xmla1-r3e-mcad-api-1  Started
 Container mcad-r3e-xmla1-r3e-mcad-api-1  Restarting
 Container mcad-r3e-xmla1-r3e-mcad-api-1  Started
 Container mcad-r3e-xmla1-r3e-mcad-api-1  Restarting
 Container mcad-r3e-xmla1-r3e-mcad-api-1  Started
 Container mcad-r3e-xmla1-r3e-mcad-api-1  Restarting
 Container mcad-r3e-xmla1-r3e-mcad-api-1  Started
 Container mcad-r3e-xmla1-r3e-mcad-api-1  Restarting
 Container mcad-r3e-xmla1-r3e-mcad-api-1  Started
 Container mcad-r3e-xmla1-r3e-mcad-api-1  Restarting
 Container mcad-r3e-xmla1-r3e-mcad-api-1  Started
 Container mcad-r3e-xmla1-r3e-mcad-api-1  Restarting
 Container mcad-r3e-xmla1-r3e-mcad-api-1  Started
 Container mcad-r3e-xmla1-r3e-mcad-api-1  Restarting
 Container mcad-r3e-xmla1-r3e-mcad-api-1  Started
 Container mcad-r3e-xmla1-r3e-mcad-api-1  Restarting
 Container mcad-r3e-xmla1-r3e-mcad-api-1  Started
 Container mcad-r3e-xmla1-r3e-mcad-api-1  Restarting
 Container mcad-r3e-xmla1-r3e-mcad-api-1  Started
 Container mcad-r3e-xmla1-r3e-mcad-api-1  Restarting
 Container mcad-r3e-xmla1-r3e-mcad-api-1  Started
 Container mcad-r3e-xmla1-r3e-mcad-api-1  Restarting
 Container mcad-r3e-xmla1-r3e-mcad-api-1  Started
 Container mcad-r3e-xmla1-r3e-mcad-api-1  Restarting
 Container mcad-r3e-xmla1-r3e-mcad-api-1  Started
 Container mcad-r3e-xmla1-r3e-mcad-api-1  Restarting
 Container mcad-r3e-xmla1-r3e-mcad-api-1  Started
 Container mcad-r3e-xmla1-r3e-mcad-api-1  Restarting
 Container mcad-r3e-xmla1-r3e-mcad-api-1  Started
 Container mcad-r3e-xmla1-r3e-mcad-api-1  Restarting
 Container mcad-r3e-xmla1-r3e-mcad-api-1  Started
 Container mcad-r3e-xmla1-r3e-mcad-api-1  Restarting
 Container mcad-r3e-xmla1-r3e-mcad-api-1  Started
 Container mcad-r3e-xmla1-r3e-mcad-api-1  Restarting
 Container mcad-r3e-xmla1-r3e-mcad-api-1  Started
 Container mcad-r3e-xmla1-r3e-mcad-api-1  Restarting
 Container mcad-r3e-xmla1-r3e-mcad-api-1  Started
 Container mcad-r3e-xmla1-r3e-mcad-api-1  Restarting
 Container mcad-r3e-xmla1-r3e-mcad-api-1  Started
 Container mcad-r3e-xmla1-r3e-mcad-api-1  Restarting
 Container mcad-r3e-xmla1-r3e-mcad-api-1  Started
 Container mcad-r3e-xmla1-r3e-mcad-api-1  Restarting
 Container mcad-r3e-xmla1-r3e-mcad-api-1  Started
 Container mcad-r3e-xmla1-r3e-mcad-api-1  Restarting
 Container mcad-r3e-xmla1-r3e-mcad-api-1  Started
 Container mcad-r3e-xmla1-r3e-mcad-api-1  Restarting
 Container mcad-r3e-xmla1-r3e-mcad-api-1  Started
 Container mcad-r3e-xmla1-r3e-mcad-api-1  Restarting
 Container mcad-r3e-xmla1-r3e-mcad-api-1  Started
 Container mcad-r3e-xmla1-r3e-mcad-api-1  Restarting
 Container mcad-r3e-xmla1-r3e-mcad-api-1  Started
 Container mcad-r3e-xmla1-r3e-mcad-api-1  Restarting
 Container mcad-r3e-xmla1-r3e-mcad-api-1  Started
 Container mcad-r3e-xmla1-r3e-mcad-api-1  Restarting
 Container mcad-r3e-xmla1-r3e-mcad-api-1  Started
 Container mcad-r3e-xmla1-r3e-mcad-api-1  Restarting
 Container mcad-r3e-xmla1-r3e-mcad-api-1  Started
 Container mcad-r3e-xmla1-r3e-mcad-api-1  Restarting
 Container mcad-r3e-xmla1-r3e-mcad-api-1  Started
 Container mcad-r3e-xmla1-r3e-mcad-api-1  Restarting
 Container mcad-r3e-xmla1-r3e-mcad-api-1  Started
 Container mcad-r3e-xmla1-r3e-mcad-api-1  Restarting
 Container mcad-r3e-xmla1-r3e-mcad-api-1  Started
 Container mcad-r3e-xmla1-r3e-mcad-api-1  Restarting
 Container mcad-r3e-xmla1-r3e-mcad-api-1  Started
 Container mcad-r3e-xmla1-r3e-mcad-api-1  Restarting
 Container mcad-r3e-xmla1-r3e-mcad-api-1  Started
 Container mcad-r3e-xmla1-r3e-mcad-api-1  Restarting
 Container mcad-r3e-xmla1-r3e-mcad-api-1  Started
 Container mcad-r3e-xmla1-r3e-mcad-api-1  Restarting
 Container mcad-r3e-xmla1-r3e-mcad-api-1  Started
 Container mcad-r3e-xmla1-r3e-mcad-api-1  Restarting
 Container mcad-r3e-xmla1-r3e-mcad-api-1  Started
 Container mcad-r3e-xmla1-r3e-mcad-api-1  Restarting
 Container mcad-r3e-xmla1-r3e-mcad-api-1  Started
 Container mcad-r3e-xmla1-r3e-mcad-api-1  Restarting
 Container mcad-r3e-xmla1-r3e-mcad-api-1  Started
 Container mcad-r3e-xmla1-r3e-mcad-api-1  Restarting
 Container mcad-r3e-xmla1-r3e-mcad-api-1  Started
 Container mcad-r3e-xmla1-r3e-mcad-api-1  Restarting
 Container mcad-r3e-xmla1-r3e-mcad-api-1  Started
 Container mcad-r3e-xmla1-r3e-mcad-api-1  Restarting
 Container mcad-r3e-xmla1-r3e-mcad-api-1  Started
 Container mcad-r3e-xmla1-r3e-mcad-api-1  Restarting
 Container mcad-r3e-xmla1-r3e-mcad-api-1  Started
 Container mcad-r3e-xmla1-r3e-mcad-api-1  Restarting
 Container mcad-r3e-xmla1-r3e-mcad-api-1  Started
 Container mcad-r3e-xmla1-r3e-mcad-api-1  Restarting
 Container mcad-r3e-xmla1-r3e-mcad-api-1  Started
 Container mcad-r3e-xmla1-r3e-mcad-api-1  Restarting
 Container mcad-r3e-xmla1-r3e-mcad-api-1  Started
 Container mcad-r3e-xmla1-r3e-mcad-api-1  Restarting
 Container mcad-r3e-xmla1-r3e-mcad-api-1  Started
r3e_arm_complete ordinal=367 session_id=NH2-MULTI2-OUT_OF_ORDER-R048 arm=SAFE_PRUNING wall_ms=2875.009 completion_ms=1342.489
r3e_arm_complete ordinal=368 session_id=NH2-MULTI2-OUT_OF_ORDER-R048 arm=UNGATED_EXECUTE_ADMISSIBLE wall_ms=3115.548 completion_ms=774.007
r3e_arm_complete ordinal=369 session_id=NH2-MULTI2-OUT_OF_ORDER-R048 arm=PERMISSIVE_GATED wall_ms=5475.234 completion_ms=1351.141
r3e_arm_complete ordinal=370 session_id=NH2-MULTI2-OUT_OF_ORDER-R049 arm=SAFE_PRUNING wall_ms=3196.430 completion_ms=1331.032
r3e_arm_complete ordinal=371 session_id=NH2-MULTI2-OUT_OF_ORDER-R049 arm=PERMISSIVE_GATED wall_ms=5392.854 completion_ms=1325.810
r3e_arm_complete ordinal=372 session_id=NH2-MULTI2-OUT_OF_ORDER-R049 arm=UNGATED_EXECUTE_ADMISSIBLE wall_ms=3298.750 completion_ms=788.922
r3e_arm_complete ordinal=373 session_id=NH2-MULTI2-OUT_OF_ORDER-R050 arm=UNGATED_EXECUTE_ADMISSIBLE wall_ms=3332.193 completion_ms=861.574
r3e_arm_complete ordinal=374 session_id=NH2-MULTI2-OUT_OF_ORDER-R050 arm=PERMISSIVE_GATED wall_ms=5790.721 completion_ms=1521.767
r3e_arm_complete ordinal=375 session_id=NH2-MULTI2-OUT_OF_ORDER-R050 arm=SAFE_PRUNING wall_ms=3533.712 completion_ms=1408.626
r3e_arm_complete ordinal=376 session_id=NH2-MULTI2-OUT_OF_ORDER-R051 arm=PERMISSIVE_GATED wall_ms=5451.174 completion_ms=1366.449
r3e_arm_complete ordinal=377 session_id=NH2-MULTI2-OUT_OF_ORDER-R051 arm=UNGATED_EXECUTE_ADMISSIBLE wall_ms=3022.961 completion_ms=767.865
r3e_arm_complete ordinal=378 session_id=NH2-MULTI2-OUT_OF_ORDER-R051 arm=SAFE_PRUNING wall_ms=3066.301 completion_ms=1429.093
r3e_arm_complete ordinal=379 session_id=NH2-MULTI2-OUT_OF_ORDER-R052 arm=PERMISSIVE_GATED wall_ms=5677.606 completion_ms=1475.494
r3e_arm_complete ordinal=380 session_id=NH2-MULTI2-OUT_OF_ORDER-R052 arm=UNGATED_EXECUTE_ADMISSIBLE wall_ms=3175.599 completion_ms=846.205
r3e_arm_complete ordinal=381 session_id=NH2-MULTI2-OUT_OF_ORDER-R052 arm=SAFE_PRUNING wall_ms=3262.733 completion_ms=1455.603
r3e_arm_complete ordinal=382 session_id=NH2-MULTI2-OUT_OF_ORDER-R053 arm=UNGATED_EXECUTE_ADMISSIBLE wall_ms=3169.859 completion_ms=736.229
r3e_arm_complete ordinal=383 session_id=NH2-MULTI2-OUT_OF_ORDER-R053 arm=PERMISSIVE_GATED wall_ms=5551.240 completion_ms=1371.425
r3e_arm_complete ordinal=384 session_id=NH2-MULTI2-OUT_OF_ORDER-R053 arm=SAFE_PRUNING wall_ms=3125.294 completion_ms=1492.415
r3e_arm_complete ordinal=385 session_id=NH2-MULTI2-OUT_OF_ORDER-R054 arm=SAFE_PRUNING wall_ms=3326.944 completion_ms=1400.479
r3e_arm_complete ordinal=386 session_id=NH2-MULTI2-OUT_OF_ORDER-R054 arm=PERMISSIVE_GATED wall_ms=5487.958 completion_ms=1383.294
r3e_arm_complete ordinal=387 session_id=NH2-MULTI2-OUT_OF_ORDER-R054 arm=UNGATED_EXECUTE_ADMISSIBLE wall_ms=3216.491 completion_ms=773.269
r3e_arm_complete ordinal=388 session_id=NH2-MULTI2-OUT_OF_ORDER-R055 arm=SAFE_PRUNING wall_ms=3096.374 completion_ms=1343.123
r3e_arm_complete ordinal=389 session_id=NH2-MULTI2-OUT_OF_ORDER-R055 arm=UNGATED_EXECUTE_ADMISSIBLE wall_ms=3181.775 completion_ms=794.768
r3e_arm_complete ordinal=390 session_id=NH2-MULTI2-OUT_OF_ORDER-R055 arm=PERMISSIVE_GATED wall_ms=5462.261 completion_ms=1404.622
r3e_arm_complete ordinal=391 session_id=NH2-MULTI2-OUT_OF_ORDER-R056 arm=PERMISSIVE_GATED wall_ms=5839.355 completion_ms=1343.620
r3e_arm_complete ordinal=392 session_id=NH2-MULTI2-OUT_OF_ORDER-R056 arm=SAFE_PRUNING wall_ms=3299.338 completion_ms=1438.236
r3e_arm_complete ordinal=393 session_id=NH2-MULTI2-OUT_OF_ORDER-R056 arm=UNGATED_EXECUTE_ADMISSIBLE wall_ms=3479.137 completion_ms=778.070
r3e_arm_complete ordinal=394 session_id=NH2-MULTI2-OUT_OF_ORDER-R057 arm=UNGATED_EXECUTE_ADMISSIBLE wall_ms=3271.921 completion_ms=768.493
r3e_arm_complete ordinal=395 session_id=NH2-MULTI2-OUT_OF_ORDER-R057 arm=SAFE_PRUNING wall_ms=3173.236 completion_ms=1386.885
r3e_arm_complete ordinal=396 session_id=NH2-MULTI2-OUT_OF_ORDER-R057 arm=PERMISSIVE_GATED wall_ms=5661.521 completion_ms=1375.940
r3e_arm_complete ordinal=397 session_id=NH2-MULTI2-OUT_OF_ORDER-R058 arm=SAFE_PRUNING wall_ms=3102.807 completion_ms=1406.367
r3e_arm_complete ordinal=398 session_id=NH2-MULTI2-OUT_OF_ORDER-R058 arm=UNGATED_EXECUTE_ADMISSIBLE wall_ms=3164.932 completion_ms=778.280
r3e_arm_complete ordinal=399 session_id=NH2-MULTI2-OUT_OF_ORDER-R058 arm=PERMISSIVE_GATED wall_ms=5469.873 completion_ms=1417.929
r3e_arm_complete ordinal=400 session_id=NH2-MULTI2-OUT_OF_ORDER-R059 arm=SAFE_PRUNING wall_ms=2986.653 completion_ms=1291.363
r3e_arm_complete ordinal=401 session_id=NH2-MULTI2-OUT_OF_ORDER-R059 arm=PERMISSIVE_GATED wall_ms=5311.101 completion_ms=1284.064
r3e_arm_complete ordinal=402 session_id=NH2-MULTI2-OUT_OF_ORDER-R059 arm=UNGATED_EXECUTE_ADMISSIBLE wall_ms=3245.122 completion_ms=814.361
r3e_arm_complete ordinal=403 session_id=NH2-MULTI2-OUT_OF_ORDER-R060 arm=PERMISSIVE_GATED wall_ms=5488.500 completion_ms=1450.411
r3e_arm_complete ordinal=404 session_id=NH2-MULTI2-OUT_OF_ORDER-R060 arm=UNGATED_EXECUTE_ADMISSIBLE wall_ms=3062.023 completion_ms=741.383
r3e_arm_complete ordinal=405 session_id=NH2-MULTI2-OUT_OF_ORDER-R060 arm=SAFE_PRUNING wall_ms=3219.047 completion_ms=1364.809
r3e_arm_complete ordinal=406 session_id=NH2-MULTI2-OVERLAP-R046 arm=PERMISSIVE_GATED wall_ms=5351.830 completion_ms=2121.489
r3e_arm_complete ordinal=407 session_id=NH2-MULTI2-OVERLAP-R046 arm=SAFE_PRUNING wall_ms=2882.639 completion_ms=1648.784
r3e_arm_complete ordinal=408 session_id=NH2-MULTI2-OVERLAP-R046 arm=UNGATED_EXECUTE_ADMISSIBLE wall_ms=3126.402 completion_ms=1207.223
r3e_arm_complete ordinal=409 session_id=NH2-MULTI2-OVERLAP-R047 arm=UNGATED_EXECUTE_ADMISSIBLE wall_ms=3144.987 completion_ms=1970.716
r3e_arm_complete ordinal=410 session_id=NH2-MULTI2-OVERLAP-R047 arm=SAFE_PRUNING wall_ms=3108.217 completion_ms=2306.570
r3e_arm_complete ordinal=411 session_id=NH2-MULTI2-OVERLAP-R047 arm=PERMISSIVE_GATED wall_ms=5563.979 completion_ms=3416.405
r3e_arm_complete ordinal=412 session_id=NH2-MULTI2-OVERLAP-R048 arm=UNGATED_EXECUTE_ADMISSIBLE wall_ms=3170.994 completion_ms=1794.229
r3e_arm_complete ordinal=413 session_id=NH2-MULTI2-OVERLAP-R048 arm=PERMISSIVE_GATED wall_ms=5601.081 completion_ms=3404.912
r3e_arm_complete ordinal=414 session_id=NH2-MULTI2-OVERLAP-R048 arm=SAFE_PRUNING wall_ms=3181.665 completion_ms=2164.276
r3e_arm_complete ordinal=415 session_id=NH2-MULTI2-OVERLAP-R049 arm=UNGATED_EXECUTE_ADMISSIBLE wall_ms=3106.224 completion_ms=1659.646
r3e_arm_complete ordinal=416 session_id=NH2-MULTI2-OVERLAP-R049 arm=SAFE_PRUNING wall_ms=3469.680 completion_ms=2205.329
r3e_arm_complete ordinal=417 session_id=NH2-MULTI2-OVERLAP-R049 arm=PERMISSIVE_GATED wall_ms=5615.447 completion_ms=3063.232
r3e_arm_complete ordinal=418 session_id=NH2-MULTI2-OVERLAP-R050 arm=PERMISSIVE_GATED wall_ms=5344.308 completion_ms=4765.725
r3e_arm_complete ordinal=419 session_id=NH2-MULTI2-OVERLAP-R050 arm=UNGATED_EXECUTE_ADMISSIBLE wall_ms=3278.635 completion_ms=2941.097
r3e_arm_complete ordinal=420 session_id=NH2-MULTI2-OVERLAP-R050 arm=SAFE_PRUNING wall_ms=3164.318 completion_ms=2986.658
r3e_arm_complete ordinal=421 session_id=NH2-MULTI2-OVERLAP-R051 arm=PERMISSIVE_GATED wall_ms=5589.166 completion_ms=5377.156
r3e_arm_complete ordinal=422 session_id=NH2-MULTI2-OVERLAP-R051 arm=SAFE_PRUNING wall_ms=3323.282 completion_ms=3232.430
r3e_arm_complete ordinal=423 session_id=NH2-MULTI2-OVERLAP-R051 arm=UNGATED_EXECUTE_ADMISSIBLE wall_ms=3158.017 completion_ms=3011.775
r3e_arm_complete ordinal=424 session_id=NH2-MULTI2-OVERLAP-R052 arm=UNGATED_EXECUTE_ADMISSIBLE wall_ms=3222.835 completion_ms=2032.116
r3e_arm_complete ordinal=425 session_id=NH2-MULTI2-OVERLAP-R052 arm=PERMISSIVE_GATED wall_ms=5682.416 completion_ms=3772.933
r3e_arm_complete ordinal=426 session_id=NH2-MULTI2-OVERLAP-R052 arm=SAFE_PRUNING wall_ms=3081.637 completion_ms=2364.038
r3e_arm_complete ordinal=427 session_id=NH2-MULTI2-OVERLAP-R053 arm=SAFE_PRUNING wall_ms=3115.463 completion_ms=1234.693
r3e_arm_complete ordinal=428 session_id=NH2-MULTI2-OVERLAP-R053 arm=PERMISSIVE_GATED wall_ms=5639.161 completion_ms=1349.735
r3e_arm_complete ordinal=429 session_id=NH2-MULTI2-OVERLAP-R053 arm=UNGATED_EXECUTE_ADMISSIBLE wall_ms=3315.232 completion_ms=851.895
 Container mcad-r3e-xmla1-r3e-mcad-api-1  Restarting
 Container mcad-r3e-xmla1-r3e-mcad-api-1  Started
 Container mcad-r3e-xmla1-r3e-mcad-api-1  Restarting
 Container mcad-r3e-xmla1-r3e-mcad-api-1  Started
 Container mcad-r3e-xmla1-r3e-mcad-api-1  Restarting
 Container mcad-r3e-xmla1-r3e-mcad-api-1  Started
 Container mcad-r3e-xmla1-r3e-mcad-api-1  Restarting
 Container mcad-r3e-xmla1-r3e-mcad-api-1  Started
 Container mcad-r3e-xmla1-r3e-mcad-api-1  Restarting
 Container mcad-r3e-xmla1-r3e-mcad-api-1  Started
 Container mcad-r3e-xmla1-r3e-mcad-api-1  Restarting
 Container mcad-r3e-xmla1-r3e-mcad-api-1  Started
 Container mcad-r3e-xmla1-r3e-mcad-api-1  Restarting
 Container mcad-r3e-xmla1-r3e-mcad-api-1  Started
 Container mcad-r3e-xmla1-r3e-mcad-api-1  Restarting
 Container mcad-r3e-xmla1-r3e-mcad-api-1  Started
 Container mcad-r3e-xmla1-r3e-mcad-api-1  Restarting
 Container mcad-r3e-xmla1-r3e-mcad-api-1  Started
 Container mcad-r3e-xmla1-r3e-mcad-api-1  Restarting
 Container mcad-r3e-xmla1-r3e-mcad-api-1  Started
 Container mcad-r3e-xmla1-r3e-mcad-api-1  Restarting
 Container mcad-r3e-xmla1-r3e-mcad-api-1  Started
 Container mcad-r3e-xmla1-r3e-mcad-api-1  Restarting
 Container mcad-r3e-xmla1-r3e-mcad-api-1  Started
 Container mcad-r3e-xmla1-r3e-mcad-api-1  Restarting
 Container mcad-r3e-xmla1-r3e-mcad-api-1  Started
 Container mcad-r3e-xmla1-r3e-mcad-api-1  Restarting
 Container mcad-r3e-xmla1-r3e-mcad-api-1  Started
 Container mcad-r3e-xmla1-r3e-mcad-api-1  Restarting
 Container mcad-r3e-xmla1-r3e-mcad-api-1  Started
 Container mcad-r3e-xmla1-r3e-mcad-api-1  Restarting
 Container mcad-r3e-xmla1-r3e-mcad-api-1  Started
 Container mcad-r3e-xmla1-r3e-mcad-api-1  Restarting
 Container mcad-r3e-xmla1-r3e-mcad-api-1  Started
 Container mcad-r3e-xmla1-r3e-mcad-api-1  Restarting
 Container mcad-r3e-xmla1-r3e-mcad-api-1  Started
 Container mcad-r3e-xmla1-r3e-mcad-api-1  Restarting
 Container mcad-r3e-xmla1-r3e-mcad-api-1  Started
 Container mcad-r3e-xmla1-r3e-mcad-api-1  Restarting
 Container mcad-r3e-xmla1-r3e-mcad-api-1  Started
 Container mcad-r3e-xmla1-r3e-mcad-api-1  Restarting
 Container mcad-r3e-xmla1-r3e-mcad-api-1  Started
 Container mcad-r3e-xmla1-r3e-mcad-api-1  Restarting
 Container mcad-r3e-xmla1-r3e-mcad-api-1  Started
 Container mcad-r3e-xmla1-r3e-mcad-api-1  Restarting
 Container mcad-r3e-xmla1-r3e-mcad-api-1  Started
 Container mcad-r3e-xmla1-r3e-mcad-api-1  Restarting
 Container mcad-r3e-xmla1-r3e-mcad-api-1  Started
 Container mcad-r3e-xmla1-r3e-mcad-api-1  Restarting
 Container mcad-r3e-xmla1-r3e-mcad-api-1  Started
 Container mcad-r3e-xmla1-r3e-mcad-api-1  Restarting
 Container mcad-r3e-xmla1-r3e-mcad-api-1  Started
 Container mcad-r3e-xmla1-r3e-mcad-api-1  Restarting
 Container mcad-r3e-xmla1-r3e-mcad-api-1  Started
 Container mcad-r3e-xmla1-r3e-mcad-api-1  Restarting
 Container mcad-r3e-xmla1-r3e-mcad-api-1  Started
 Container mcad-r3e-xmla1-r3e-mcad-api-1  Restarting
 Container mcad-r3e-xmla1-r3e-mcad-api-1  Started
 Container mcad-r3e-xmla1-r3e-mcad-api-1  Restarting
 Container mcad-r3e-xmla1-r3e-mcad-api-1  Started
 Container mcad-r3e-xmla1-r3e-mcad-api-1  Restarting
 Container mcad-r3e-xmla1-r3e-mcad-api-1  Started
 Container mcad-r3e-xmla1-r3e-mcad-api-1  Restarting
 Container mcad-r3e-xmla1-r3e-mcad-api-1  Started
 Container mcad-r3e-xmla1-r3e-mcad-api-1  Restarting
 Container mcad-r3e-xmla1-r3e-mcad-api-1  Started
 Container mcad-r3e-xmla1-r3e-mcad-api-1  Restarting
 Container mcad-r3e-xmla1-r3e-mcad-api-1  Started
 Container mcad-r3e-xmla1-r3e-mcad-api-1  Restarting
 Container mcad-r3e-xmla1-r3e-mcad-api-1  Started
 Container mcad-r3e-xmla1-r3e-mcad-api-1  Restarting
 Container mcad-r3e-xmla1-r3e-mcad-api-1  Started
 Container mcad-r3e-xmla1-r3e-mcad-api-1  Restarting
 Container mcad-r3e-xmla1-r3e-mcad-api-1  Started
 Container mcad-r3e-xmla1-r3e-mcad-api-1  Restarting
 Container mcad-r3e-xmla1-r3e-mcad-api-1  Started
 Container mcad-r3e-xmla1-r3e-mcad-api-1  Restarting
 Container mcad-r3e-xmla1-r3e-mcad-api-1  Started
 Container mcad-r3e-xmla1-r3e-mcad-api-1  Restarting
 Container mcad-r3e-xmla1-r3e-mcad-api-1  Started
 Container mcad-r3e-xmla1-r3e-mcad-api-1  Restarting
 Container mcad-r3e-xmla1-r3e-mcad-api-1  Started
 Container mcad-r3e-xmla1-r3e-mcad-api-1  Restarting
 Container mcad-r3e-xmla1-r3e-mcad-api-1  Started
 Container mcad-r3e-xmla1-r3e-mcad-api-1  Restarting
 Container mcad-r3e-xmla1-r3e-mcad-api-1  Started
 Container mcad-r3e-xmla1-r3e-mcad-api-1  Restarting
 Container mcad-r3e-xmla1-r3e-mcad-api-1  Started
 Container mcad-r3e-xmla1-r3e-mcad-api-1  Restarting
 Container mcad-r3e-xmla1-r3e-mcad-api-1  Started
 Container mcad-r3e-xmla1-r3e-mcad-api-1  Restarting
 Container mcad-r3e-xmla1-r3e-mcad-api-1  Started
 Container mcad-r3e-xmla1-r3e-mcad-api-1  Restarting
 Container mcad-r3e-xmla1-r3e-mcad-api-1  Started
 Container mcad-r3e-xmla1-r3e-mcad-api-1  Restarting
 Container mcad-r3e-xmla1-r3e-mcad-api-1  Started
 Container mcad-r3e-xmla1-r3e-mcad-api-1  Restarting
 Container mcad-r3e-xmla1-r3e-mcad-api-1  Started
 Container mcad-r3e-xmla1-r3e-mcad-api-1  Restarting
 Container mcad-r3e-xmla1-r3e-mcad-api-1  Started
 Container mcad-r3e-xmla1-r3e-mcad-api-1  Restarting
 Container mcad-r3e-xmla1-r3e-mcad-api-1  Started
 Container mcad-r3e-xmla1-r3e-mcad-api-1  Restarting
 Container mcad-r3e-xmla1-r3e-mcad-api-1  Started
 Container mcad-r3e-xmla1-r3e-mcad-api-1  Restarting
 Container mcad-r3e-xmla1-r3e-mcad-api-1  Started
 Container mcad-r3e-xmla1-r3e-mcad-api-1  Restarting
 Container mcad-r3e-xmla1-r3e-mcad-api-1  Started
 Container mcad-r3e-xmla1-r3e-mcad-api-1  Restarting
 Container mcad-r3e-xmla1-r3e-mcad-api-1  Started
 Container mcad-r3e-xmla1-r3e-mcad-api-1  Restarting
 Container mcad-r3e-xmla1-r3e-mcad-api-1  Started
 Container mcad-r3e-xmla1-r3e-mcad-api-1  Restarting
 Container mcad-r3e-xmla1-r3e-mcad-api-1  Started
 Container mcad-r3e-xmla1-r3e-mcad-api-1  Restarting
 Container mcad-r3e-xmla1-r3e-mcad-api-1  Started
 Container mcad-r3e-xmla1-r3e-mcad-api-1  Restarting
 Container mcad-r3e-xmla1-r3e-mcad-api-1  Started
 Container mcad-r3e-xmla1-r3e-mcad-api-1  Restarting
 Container mcad-r3e-xmla1-r3e-mcad-api-1  Started
 Container mcad-r3e-xmla1-r3e-mcad-api-1  Restarting
 Container mcad-r3e-xmla1-r3e-mcad-api-1  Started
r3e_arm_complete ordinal=430 session_id=NH2-MULTI2-OVERLAP-R054 arm=SAFE_PRUNING wall_ms=3373.924 completion_ms=2684.968
r3e_arm_complete ordinal=431 session_id=NH2-MULTI2-OVERLAP-R054 arm=UNGATED_EXECUTE_ADMISSIBLE wall_ms=3280.874 completion_ms=2559.170
r3e_arm_complete ordinal=432 session_id=NH2-MULTI2-OVERLAP-R054 arm=PERMISSIVE_GATED wall_ms=5685.222 completion_ms=4240.226
r3e_arm_complete ordinal=433 session_id=NH2-MULTI2-OVERLAP-R055 arm=SAFE_PRUNING wall_ms=2826.329 completion_ms=2565.281
r3e_arm_complete ordinal=434 session_id=NH2-MULTI2-OVERLAP-R055 arm=PERMISSIVE_GATED wall_ms=5476.094 completion_ms=4602.990
r3e_arm_complete ordinal=435 session_id=NH2-MULTI2-OVERLAP-R055 arm=UNGATED_EXECUTE_ADMISSIBLE wall_ms=3295.046 completion_ms=2744.157
r3e_arm_complete ordinal=436 session_id=NH2-MULTI2-OVERLAP-R056 arm=PERMISSIVE_GATED wall_ms=5435.940 completion_ms=3280.421
r3e_arm_complete ordinal=437 session_id=NH2-MULTI2-OVERLAP-R056 arm=SAFE_PRUNING wall_ms=3041.535 completion_ms=2161.739
r3e_arm_complete ordinal=438 session_id=NH2-MULTI2-OVERLAP-R056 arm=UNGATED_EXECUTE_ADMISSIBLE wall_ms=3140.596 completion_ms=1927.938
r3e_arm_complete ordinal=439 session_id=NH2-MULTI2-OVERLAP-R057 arm=SAFE_PRUNING wall_ms=3121.190 completion_ms=1967.097
r3e_arm_complete ordinal=440 session_id=NH2-MULTI2-OVERLAP-R057 arm=UNGATED_EXECUTE_ADMISSIBLE wall_ms=3192.667 completion_ms=1912.854
r3e_arm_complete ordinal=441 session_id=NH2-MULTI2-OVERLAP-R057 arm=PERMISSIVE_GATED wall_ms=5507.055 completion_ms=3039.920
r3e_arm_complete ordinal=442 session_id=NH2-MULTI2-OVERLAP-R058 arm=PERMISSIVE_GATED wall_ms=5658.107 completion_ms=3956.047
r3e_arm_complete ordinal=443 session_id=NH2-MULTI2-OVERLAP-R058 arm=UNGATED_EXECUTE_ADMISSIBLE wall_ms=3249.730 completion_ms=2444.712
r3e_arm_complete ordinal=444 session_id=NH2-MULTI2-OVERLAP-R058 arm=SAFE_PRUNING wall_ms=3222.459 completion_ms=2538.046
r3e_arm_complete ordinal=445 session_id=NH2-MULTI2-OVERLAP-R059 arm=UNGATED_EXECUTE_ADMISSIBLE wall_ms=3206.123 completion_ms=2041.029
r3e_arm_complete ordinal=446 session_id=NH2-MULTI2-OVERLAP-R059 arm=SAFE_PRUNING wall_ms=3555.723 completion_ms=2394.859
r3e_arm_complete ordinal=447 session_id=NH2-MULTI2-OVERLAP-R059 arm=PERMISSIVE_GATED wall_ms=5670.285 completion_ms=3454.921
r3e_arm_complete ordinal=448 session_id=NH2-MULTI2-OVERLAP-R060 arm=UNGATED_EXECUTE_ADMISSIBLE wall_ms=3182.757 completion_ms=1316.870
r3e_arm_complete ordinal=449 session_id=NH2-MULTI2-OVERLAP-R060 arm=PERMISSIVE_GATED wall_ms=5635.363 completion_ms=2250.015
r3e_arm_complete ordinal=450 session_id=NH2-MULTI2-OVERLAP-R060 arm=SAFE_PRUNING wall_ms=3515.027 completion_ms=1599.395
r3e_arm_complete ordinal=451 session_id=NH2-OVERLAP-DISTRACTOR_HEAVY-R046 arm=UNGATED_EXECUTE_ADMISSIBLE wall_ms=3185.244 completion_ms=1672.108
r3e_arm_complete ordinal=452 session_id=NH2-OVERLAP-DISTRACTOR_HEAVY-R046 arm=SAFE_PRUNING wall_ms=2916.203 completion_ms=1972.405
r3e_arm_complete ordinal=453 session_id=NH2-OVERLAP-DISTRACTOR_HEAVY-R046 arm=PERMISSIVE_GATED wall_ms=5522.521 completion_ms=2981.881
r3e_arm_complete ordinal=454 session_id=NH2-OVERLAP-DISTRACTOR_HEAVY-R047 arm=SAFE_PRUNING wall_ms=3054.616 completion_ms=2678.680
r3e_arm_complete ordinal=455 session_id=NH2-OVERLAP-DISTRACTOR_HEAVY-R047 arm=PERMISSIVE_GATED wall_ms=5651.704 completion_ms=4601.186
r3e_arm_complete ordinal=456 session_id=NH2-OVERLAP-DISTRACTOR_HEAVY-R047 arm=UNGATED_EXECUTE_ADMISSIBLE wall_ms=3197.205 completion_ms=2601.648
r3e_arm_complete ordinal=457 session_id=NH2-OVERLAP-DISTRACTOR_HEAVY-R048 arm=PERMISSIVE_GATED wall_ms=5649.075 completion_ms=1820.555
r3e_arm_complete ordinal=458 session_id=NH2-OVERLAP-DISTRACTOR_HEAVY-R048 arm=SAFE_PRUNING wall_ms=3460.761 completion_ms=1938.859
r3e_arm_complete ordinal=459 session_id=NH2-OVERLAP-DISTRACTOR_HEAVY-R048 arm=UNGATED_EXECUTE_ADMISSIBLE wall_ms=3257.972 completion_ms=943.644
r3e_arm_complete ordinal=460 session_id=NH2-OVERLAP-DISTRACTOR_HEAVY-R049 arm=UNGATED_EXECUTE_ADMISSIBLE wall_ms=3101.616 completion_ms=1890.317
r3e_arm_complete ordinal=461 session_id=NH2-OVERLAP-DISTRACTOR_HEAVY-R049 arm=PERMISSIVE_GATED wall_ms=5543.843 completion_ms=3299.225
r3e_arm_complete ordinal=462 session_id=NH2-OVERLAP-DISTRACTOR_HEAVY-R049 arm=SAFE_PRUNING wall_ms=3121.090 completion_ms=2193.034
r3e_arm_complete ordinal=463 session_id=NH2-OVERLAP-DISTRACTOR_HEAVY-R050 arm=PERMISSIVE_GATED wall_ms=5393.179 completion_ms=2801.848
r3e_arm_complete ordinal=464 session_id=NH2-OVERLAP-DISTRACTOR_HEAVY-R050 arm=UNGATED_EXECUTE_ADMISSIBLE wall_ms=3139.592 completion_ms=1742.799
r3e_arm_complete ordinal=465 session_id=NH2-OVERLAP-DISTRACTOR_HEAVY-R050 arm=SAFE_PRUNING wall_ms=3002.439 completion_ms=1698.540
r3e_arm_complete ordinal=466 session_id=NH2-OVERLAP-DISTRACTOR_HEAVY-R051 arm=SAFE_PRUNING wall_ms=2809.377 completion_ms=1670.844
r3e_arm_complete ordinal=467 session_id=NH2-OVERLAP-DISTRACTOR_HEAVY-R051 arm=UNGATED_EXECUTE_ADMISSIBLE wall_ms=3085.627 completion_ms=1122.121
r3e_arm_complete ordinal=468 session_id=NH2-OVERLAP-DISTRACTOR_HEAVY-R051 arm=PERMISSIVE_GATED wall_ms=5443.007 completion_ms=2055.887
r3e_arm_complete ordinal=469 session_id=NH2-OVERLAP-DISTRACTOR_HEAVY-R052 arm=SAFE_PRUNING wall_ms=3284.907 completion_ms=1602.108
r3e_arm_complete ordinal=470 session_id=NH2-OVERLAP-DISTRACTOR_HEAVY-R052 arm=UNGATED_EXECUTE_ADMISSIBLE wall_ms=3206.172 completion_ms=1258.506
r3e_arm_complete ordinal=471 session_id=NH2-OVERLAP-DISTRACTOR_HEAVY-R052 arm=PERMISSIVE_GATED wall_ms=5510.257 completion_ms=2107.417
r3e_arm_complete ordinal=472 session_id=NH2-OVERLAP-DISTRACTOR_HEAVY-R053 arm=UNGATED_EXECUTE_ADMISSIBLE wall_ms=3263.732 completion_ms=1321.286
r3e_arm_complete ordinal=473 session_id=NH2-OVERLAP-DISTRACTOR_HEAVY-R053 arm=PERMISSIVE_GATED wall_ms=5382.385 completion_ms=2276.204
r3e_arm_complete ordinal=474 session_id=NH2-OVERLAP-DISTRACTOR_HEAVY-R053 arm=SAFE_PRUNING wall_ms=3156.935 completion_ms=1933.498
r3e_arm_complete ordinal=475 session_id=NH2-OVERLAP-DISTRACTOR_HEAVY-R054 arm=UNGATED_EXECUTE_ADMISSIBLE wall_ms=3229.400 completion_ms=1457.934
r3e_arm_complete ordinal=476 session_id=NH2-OVERLAP-DISTRACTOR_HEAVY-R054 arm=SAFE_PRUNING wall_ms=3044.462 completion_ms=1678.496
r3e_arm_complete ordinal=477 session_id=NH2-OVERLAP-DISTRACTOR_HEAVY-R054 arm=PERMISSIVE_GATED wall_ms=5486.243 completion_ms=2455.086
r3e_arm_complete ordinal=478 session_id=NH2-OVERLAP-DISTRACTOR_HEAVY-R055 arm=PERMISSIVE_GATED wall_ms=5421.425 completion_ms=2841.322
r3e_arm_complete ordinal=479 session_id=NH2-OVERLAP-DISTRACTOR_HEAVY-R055 arm=SAFE_PRUNING wall_ms=2850.758 completion_ms=1917.623
r3e_arm_complete ordinal=480 session_id=NH2-OVERLAP-DISTRACTOR_HEAVY-R055 arm=UNGATED_EXECUTE_ADMISSIBLE wall_ms=3099.673 completion_ms=1725.255
r3e_arm_complete ordinal=481 session_id=NH2-OVERLAP-DISTRACTOR_HEAVY-R056 arm=SAFE_PRUNING wall_ms=2884.081 completion_ms=1516.675
r3e_arm_complete ordinal=482 session_id=NH2-OVERLAP-DISTRACTOR_HEAVY-R056 arm=PERMISSIVE_GATED wall_ms=5350.622 completion_ms=1934.500
r3e_arm_complete ordinal=483 session_id=NH2-OVERLAP-DISTRACTOR_HEAVY-R056 arm=UNGATED_EXECUTE_ADMISSIBLE wall_ms=3232.051 completion_ms=972.228
r3e_arm_complete ordinal=484 session_id=NH2-OVERLAP-DISTRACTOR_HEAVY-R057 arm=PERMISSIVE_GATED wall_ms=5559.471 completion_ms=3665.089
r3e_arm_complete ordinal=485 session_id=NH2-OVERLAP-DISTRACTOR_HEAVY-R057 arm=UNGATED_EXECUTE_ADMISSIBLE wall_ms=3182.829 completion_ms=2100.192
r3e_arm_complete ordinal=486 session_id=NH2-OVERLAP-DISTRACTOR_HEAVY-R057 arm=SAFE_PRUNING wall_ms=2965.175 completion_ms=2205.984
r3e_arm_complete ordinal=487 session_id=NH2-OVERLAP-DISTRACTOR_HEAVY-R058 arm=PERMISSIVE_GATED wall_ms=5494.168 completion_ms=2678.848
r3e_arm_complete ordinal=488 session_id=NH2-OVERLAP-DISTRACTOR_HEAVY-R058 arm=SAFE_PRUNING wall_ms=3171.210 completion_ms=1846.830
r3e_arm_complete ordinal=489 session_id=NH2-OVERLAP-DISTRACTOR_HEAVY-R058 arm=UNGATED_EXECUTE_ADMISSIBLE wall_ms=3211.502 completion_ms=1600.868
r3e_arm_complete ordinal=490 session_id=NH2-OVERLAP-DISTRACTOR_HEAVY-R059 arm=UNGATED_EXECUTE_ADMISSIBLE wall_ms=3173.062 completion_ms=1255.195
 Container mcad-r3e-xmla1-r3e-mcad-api-1  Restarting
 Container mcad-r3e-xmla1-r3e-mcad-api-1  Started
 Container mcad-r3e-xmla1-r3e-mcad-api-1  Restarting
 Container mcad-r3e-xmla1-r3e-mcad-api-1  Started
 Container mcad-r3e-xmla1-r3e-mcad-api-1  Restarting
 Container mcad-r3e-xmla1-r3e-mcad-api-1  Started
 Container mcad-r3e-xmla1-r3e-mcad-api-1  Restarting
 Container mcad-r3e-xmla1-r3e-mcad-api-1  Started
 Container mcad-r3e-xmla1-r3e-mcad-api-1  Restarting
 Container mcad-r3e-xmla1-r3e-mcad-api-1  Started
 Container mcad-r3e-xmla1-r3e-mcad-api-1  Restarting
 Container mcad-r3e-xmla1-r3e-mcad-api-1  Started
 Container mcad-r3e-xmla1-r3e-mcad-api-1  Restarting
 Container mcad-r3e-xmla1-r3e-mcad-api-1  Started
 Container mcad-r3e-xmla1-r3e-mcad-api-1  Restarting
 Container mcad-r3e-xmla1-r3e-mcad-api-1  Started
 Container mcad-r3e-xmla1-r3e-mcad-api-1  Restarting
 Container mcad-r3e-xmla1-r3e-mcad-api-1  Started
 Container mcad-r3e-xmla1-r3e-mcad-api-1  Restarting
 Container mcad-r3e-xmla1-r3e-mcad-api-1  Started
 Container mcad-r3e-xmla1-r3e-mcad-api-1  Restarting
 Container mcad-r3e-xmla1-r3e-mcad-api-1  Started
 Container mcad-r3e-xmla1-r3e-mcad-api-1  Restarting
 Container mcad-r3e-xmla1-r3e-mcad-api-1  Started
 Container mcad-r3e-xmla1-r3e-mcad-api-1  Restarting
 Container mcad-r3e-xmla1-r3e-mcad-api-1  Started
 Container mcad-r3e-xmla1-r3e-mcad-api-1  Restarting
 Container mcad-r3e-xmla1-r3e-mcad-api-1  Started
 Container mcad-r3e-xmla1-r3e-mcad-api-1  Restarting
 Container mcad-r3e-xmla1-r3e-mcad-api-1  Started
 Container mcad-r3e-xmla1-r3e-mcad-api-1  Restarting
 Container mcad-r3e-xmla1-r3e-mcad-api-1  Started
 Container mcad-r3e-xmla1-r3e-mcad-api-1  Restarting
 Container mcad-r3e-xmla1-r3e-mcad-api-1  Started
 Container mcad-r3e-xmla1-r3e-mcad-api-1  Restarting
 Container mcad-r3e-xmla1-r3e-mcad-api-1  Started
 Container mcad-r3e-xmla1-r3e-mcad-api-1  Restarting
 Container mcad-r3e-xmla1-r3e-mcad-api-1  Started
 Container mcad-r3e-xmla1-r3e-mcad-api-1  Restarting
 Container mcad-r3e-xmla1-r3e-mcad-api-1  Started
 Container mcad-r3e-xmla1-r3e-mcad-api-1  Restarting
 Container mcad-r3e-xmla1-r3e-mcad-api-1  Started
 Container mcad-r3e-xmla1-r3e-mcad-api-1  Restarting
 Container mcad-r3e-xmla1-r3e-mcad-api-1  Started
 Container mcad-r3e-xmla1-r3e-mcad-api-1  Restarting
 Container mcad-r3e-xmla1-r3e-mcad-api-1  Started
 Container mcad-r3e-xmla1-r3e-mcad-api-1  Restarting
 Container mcad-r3e-xmla1-r3e-mcad-api-1  Started
 Container mcad-r3e-xmla1-r3e-mcad-api-1  Restarting
 Container mcad-r3e-xmla1-r3e-mcad-api-1  Started
 Container mcad-r3e-xmla1-r3e-mcad-api-1  Restarting
 Container mcad-r3e-xmla1-r3e-mcad-api-1  Started
 Container mcad-r3e-xmla1-r3e-mcad-api-1  Restarting
 Container mcad-r3e-xmla1-r3e-mcad-api-1  Started
 Container mcad-r3e-xmla1-r3e-mcad-api-1  Restarting
 Container mcad-r3e-xmla1-r3e-mcad-api-1  Started
 Container mcad-r3e-xmla1-r3e-mcad-api-1  Restarting
 Container mcad-r3e-xmla1-r3e-mcad-api-1  Started
 Container mcad-r3e-xmla1-r3e-mcad-api-1  Restarting
 Container mcad-r3e-xmla1-r3e-mcad-api-1  Started
 Container mcad-r3e-xmla1-r3e-mcad-api-1  Restarting
 Container mcad-r3e-xmla1-r3e-mcad-api-1  Started
 Container mcad-r3e-xmla1-r3e-mcad-api-1  Restarting
 Container mcad-r3e-xmla1-r3e-mcad-api-1  Started
 Container mcad-r3e-xmla1-r3e-mcad-api-1  Restarting
 Container mcad-r3e-xmla1-r3e-mcad-api-1  Started
 Container mcad-r3e-xmla1-r3e-mcad-api-1  Restarting
 Container mcad-r3e-xmla1-r3e-mcad-api-1  Started
 Container mcad-r3e-xmla1-r3e-mcad-api-1  Restarting
 Container mcad-r3e-xmla1-r3e-mcad-api-1  Started
 Container mcad-r3e-xmla1-r3e-mcad-api-1  Restarting
 Container mcad-r3e-xmla1-r3e-mcad-api-1  Started
 Container mcad-r3e-xmla1-r3e-mcad-api-1  Restarting
 Container mcad-r3e-xmla1-r3e-mcad-api-1  Started
 Container mcad-r3e-xmla1-r3e-mcad-api-1  Restarting
 Container mcad-r3e-xmla1-r3e-mcad-api-1  Started
 Container mcad-r3e-xmla1-r3e-mcad-api-1  Restarting
 Container mcad-r3e-xmla1-r3e-mcad-api-1  Started
 Container mcad-r3e-xmla1-r3e-mcad-api-1  Restarting
 Container mcad-r3e-xmla1-r3e-mcad-api-1  Started
 Container mcad-r3e-xmla1-r3e-mcad-api-1  Restarting
 Container mcad-r3e-xmla1-r3e-mcad-api-1  Started
 Container mcad-r3e-xmla1-r3e-mcad-api-1  Restarting
 Container mcad-r3e-xmla1-r3e-mcad-api-1  Started
 Container mcad-r3e-xmla1-r3e-mcad-api-1  Restarting
 Container mcad-r3e-xmla1-r3e-mcad-api-1  Started
 Container mcad-r3e-xmla1-r3e-mcad-api-1  Restarting
 Container mcad-r3e-xmla1-r3e-mcad-api-1  Started
 Container mcad-r3e-xmla1-r3e-mcad-api-1  Restarting
 Container mcad-r3e-xmla1-r3e-mcad-api-1  Started
 Container mcad-r3e-xmla1-r3e-mcad-api-1  Restarting
 Container mcad-r3e-xmla1-r3e-mcad-api-1  Started
 Container mcad-r3e-xmla1-r3e-mcad-api-1  Restarting
 Container mcad-r3e-xmla1-r3e-mcad-api-1  Started
 Container mcad-r3e-xmla1-r3e-mcad-api-1  Restarting
 Container mcad-r3e-xmla1-r3e-mcad-api-1  Started
 Container mcad-r3e-xmla1-r3e-mcad-api-1  Restarting
 Container mcad-r3e-xmla1-r3e-mcad-api-1  Started
 Container mcad-r3e-xmla1-r3e-mcad-api-1  Restarting
 Container mcad-r3e-xmla1-r3e-mcad-api-1  Started
 Container mcad-r3e-xmla1-r3e-mcad-api-1  Restarting
 Container mcad-r3e-xmla1-r3e-mcad-api-1  Started
 Container mcad-r3e-xmla1-r3e-mcad-api-1  Restarting
 Container mcad-r3e-xmla1-r3e-mcad-api-1  Started
 Container mcad-r3e-xmla1-r3e-mcad-api-1  Restarting
 Container mcad-r3e-xmla1-r3e-mcad-api-1  Started
 Container mcad-r3e-xmla1-r3e-mcad-api-1  Restarting
 Container mcad-r3e-xmla1-r3e-mcad-api-1  Started
 Container mcad-r3e-xmla1-r3e-mcad-api-1  Restarting
 Container mcad-r3e-xmla1-r3e-mcad-api-1  Started
 Container mcad-r3e-xmla1-r3e-mcad-api-1  Restarting
 Container mcad-r3e-xmla1-r3e-mcad-api-1  Started
 Container mcad-r3e-xmla1-r3e-mcad-api-1  Restarting
 Container mcad-r3e-xmla1-r3e-mcad-api-1  Started
 Container mcad-r3e-xmla1-r3e-mcad-api-1  Restarting
 Container mcad-r3e-xmla1-r3e-mcad-api-1  Started
 Container mcad-r3e-xmla1-r3e-mcad-api-1  Restarting
 Container mcad-r3e-xmla1-r3e-mcad-api-1  Started
 Container mcad-r3e-xmla1-r3e-mcad-api-1  Restarting
 Container mcad-r3e-xmla1-r3e-mcad-api-1  Started
 Container mcad-r3e-xmla1-r3e-mcad-api-1  Restarting
 Container mcad-r3e-xmla1-r3e-mcad-api-1  Started
 Container mcad-r3e-xmla1-r3e-mcad-api-1  Restarting
 Container mcad-r3e-xmla1-r3e-mcad-api-1  Started
 Container mcad-r3e-xmla1-r3e-mcad-api-1  Restarting
 Container mcad-r3e-xmla1-r3e-mcad-api-1  Started
r3e_arm_complete ordinal=491 session_id=NH2-OVERLAP-DISTRACTOR_HEAVY-R059 arm=PERMISSIVE_GATED wall_ms=5620.283 completion_ms=2224.146
r3e_arm_complete ordinal=492 session_id=NH2-OVERLAP-DISTRACTOR_HEAVY-R059 arm=SAFE_PRUNING wall_ms=2976.709 completion_ms=1630.666
r3e_arm_complete ordinal=493 session_id=NH2-OVERLAP-DISTRACTOR_HEAVY-R060 arm=SAFE_PRUNING wall_ms=3298.416 completion_ms=2039.402
r3e_arm_complete ordinal=494 session_id=NH2-OVERLAP-DISTRACTOR_HEAVY-R060 arm=PERMISSIVE_GATED wall_ms=5692.126 completion_ms=2963.741
r3e_arm_complete ordinal=495 session_id=NH2-OVERLAP-DISTRACTOR_HEAVY-R060 arm=UNGATED_EXECUTE_ADMISSIBLE wall_ms=3275.235 completion_ms=1625.773
r3e_arm_complete ordinal=496 session_id=NH2-OVERLAP-MIXED_SAT-R046 arm=SAFE_PRUNING wall_ms=2997.278 completion_ms=1407.473
r3e_arm_complete ordinal=497 session_id=NH2-OVERLAP-MIXED_SAT-R046 arm=UNGATED_EXECUTE_ADMISSIBLE wall_ms=2766.206 completion_ms=1051.074
r3e_arm_complete ordinal=498 session_id=NH2-OVERLAP-MIXED_SAT-R046 arm=PERMISSIVE_GATED wall_ms=4943.563 completion_ms=1839.074
r3e_arm_complete ordinal=499 session_id=NH2-OVERLAP-MIXED_SAT-R047 arm=UNGATED_EXECUTE_ADMISSIBLE wall_ms=2670.805 completion_ms=2182.694
r3e_arm_complete ordinal=500 session_id=NH2-OVERLAP-MIXED_SAT-R047 arm=SAFE_PRUNING wall_ms=3070.026 completion_ms=2537.167
r3e_arm_complete ordinal=501 session_id=NH2-OVERLAP-MIXED_SAT-R047 arm=PERMISSIVE_GATED wall_ms=4750.324 completion_ms=3635.160
r3e_arm_complete ordinal=502 session_id=NH2-OVERLAP-MIXED_SAT-R048 arm=PERMISSIVE_GATED wall_ms=5219.190 completion_ms=2047.084
r3e_arm_complete ordinal=503 session_id=NH2-OVERLAP-MIXED_SAT-R048 arm=UNGATED_EXECUTE_ADMISSIBLE wall_ms=2698.218 completion_ms=1194.126
r3e_arm_complete ordinal=504 session_id=NH2-OVERLAP-MIXED_SAT-R048 arm=SAFE_PRUNING wall_ms=2679.223 completion_ms=1198.404
r3e_arm_complete ordinal=505 session_id=NH2-OVERLAP-MIXED_SAT-R049 arm=SAFE_PRUNING wall_ms=3103.040 completion_ms=2371.558
r3e_arm_complete ordinal=506 session_id=NH2-OVERLAP-MIXED_SAT-R049 arm=UNGATED_EXECUTE_ADMISSIBLE wall_ms=2820.879 completion_ms=1958.243
r3e_arm_complete ordinal=507 session_id=NH2-OVERLAP-MIXED_SAT-R049 arm=PERMISSIVE_GATED wall_ms=5162.187 completion_ms=3459.014
r3e_arm_complete ordinal=508 session_id=NH2-OVERLAP-MIXED_SAT-R050 arm=PERMISSIVE_GATED wall_ms=4934.944 completion_ms=4520.176
r3e_arm_complete ordinal=509 session_id=NH2-OVERLAP-MIXED_SAT-R050 arm=SAFE_PRUNING wall_ms=2853.296 completion_ms=2680.035
r3e_arm_complete ordinal=510 session_id=NH2-OVERLAP-MIXED_SAT-R050 arm=UNGATED_EXECUTE_ADMISSIBLE wall_ms=2657.328 completion_ms=2410.465
r3e_arm_complete ordinal=511 session_id=NH2-OVERLAP-MIXED_SAT-R051 arm=UNGATED_EXECUTE_ADMISSIBLE wall_ms=2721.279 completion_ms=1757.474
r3e_arm_complete ordinal=512 session_id=NH2-OVERLAP-MIXED_SAT-R051 arm=PERMISSIVE_GATED wall_ms=4966.157 completion_ms=2941.968
r3e_arm_complete ordinal=513 session_id=NH2-OVERLAP-MIXED_SAT-R051 arm=SAFE_PRUNING wall_ms=2973.612 completion_ms=1920.293
r3e_arm_complete ordinal=514 session_id=NH2-OVERLAP-MIXED_SAT-R052 arm=SAFE_PRUNING wall_ms=2879.505 completion_ms=2197.646
r3e_arm_complete ordinal=515 session_id=NH2-OVERLAP-MIXED_SAT-R052 arm=PERMISSIVE_GATED wall_ms=4948.247 completion_ms=3300.146
r3e_arm_complete ordinal=516 session_id=NH2-OVERLAP-MIXED_SAT-R052 arm=UNGATED_EXECUTE_ADMISSIBLE wall_ms=2728.639 completion_ms=1765.876
r3e_arm_complete ordinal=517 session_id=NH2-OVERLAP-MIXED_SAT-R053 arm=PERMISSIVE_GATED wall_ms=5011.866 completion_ms=2307.887
r3e_arm_complete ordinal=518 session_id=NH2-OVERLAP-MIXED_SAT-R053 arm=UNGATED_EXECUTE_ADMISSIBLE wall_ms=2735.770 completion_ms=1157.696
r3e_arm_complete ordinal=519 session_id=NH2-OVERLAP-MIXED_SAT-R053 arm=SAFE_PRUNING wall_ms=2911.211 completion_ms=1742.402
r3e_arm_complete ordinal=520 session_id=NH2-OVERLAP-MIXED_SAT-R054 arm=UNGATED_EXECUTE_ADMISSIBLE wall_ms=2691.201 completion_ms=1677.236
r3e_arm_complete ordinal=521 session_id=NH2-OVERLAP-MIXED_SAT-R054 arm=SAFE_PRUNING wall_ms=2841.012 completion_ms=2024.546
r3e_arm_complete ordinal=522 session_id=NH2-OVERLAP-MIXED_SAT-R054 arm=PERMISSIVE_GATED wall_ms=4873.797 completion_ms=3186.249
r3e_arm_complete ordinal=523 session_id=NH2-OVERLAP-MIXED_SAT-R055 arm=PERMISSIVE_GATED wall_ms=4898.946 completion_ms=1943.161
r3e_arm_complete ordinal=524 session_id=NH2-OVERLAP-MIXED_SAT-R055 arm=UNGATED_EXECUTE_ADMISSIBLE wall_ms=2796.157 completion_ms=854.631
r3e_arm_complete ordinal=525 session_id=NH2-OVERLAP-MIXED_SAT-R055 arm=SAFE_PRUNING wall_ms=2963.009 completion_ms=1708.616
r3e_arm_complete ordinal=526 session_id=NH2-OVERLAP-MIXED_SAT-R056 arm=UNGATED_EXECUTE_ADMISSIBLE wall_ms=2809.988 completion_ms=899.241
r3e_arm_complete ordinal=527 session_id=NH2-OVERLAP-MIXED_SAT-R056 arm=SAFE_PRUNING wall_ms=3319.549 completion_ms=1436.848
r3e_arm_complete ordinal=528 session_id=NH2-OVERLAP-MIXED_SAT-R056 arm=PERMISSIVE_GATED wall_ms=4880.680 completion_ms=1754.627
r3e_arm_complete ordinal=529 session_id=NH2-OVERLAP-MIXED_SAT-R057 arm=PERMISSIVE_GATED wall_ms=5016.629 completion_ms=2506.833
r3e_arm_complete ordinal=530 session_id=NH2-OVERLAP-MIXED_SAT-R057 arm=SAFE_PRUNING wall_ms=2914.229 completion_ms=1747.605
r3e_arm_complete ordinal=531 session_id=NH2-OVERLAP-MIXED_SAT-R057 arm=UNGATED_EXECUTE_ADMISSIBLE wall_ms=2665.376 completion_ms=1267.287
r3e_arm_complete ordinal=532 session_id=NH2-OVERLAP-MIXED_SAT-R058 arm=SAFE_PRUNING wall_ms=2847.341 completion_ms=1973.948
r3e_arm_complete ordinal=533 session_id=NH2-OVERLAP-MIXED_SAT-R058 arm=PERMISSIVE_GATED wall_ms=4901.122 completion_ms=2863.771
r3e_arm_complete ordinal=534 session_id=NH2-OVERLAP-MIXED_SAT-R058 arm=UNGATED_EXECUTE_ADMISSIBLE wall_ms=2858.151 completion_ms=1814.869
r3e_arm_complete ordinal=535 session_id=NH2-OVERLAP-MIXED_SAT-R059 arm=SAFE_PRUNING wall_ms=2886.373 completion_ms=1909.677
r3e_arm_complete ordinal=536 session_id=NH2-OVERLAP-MIXED_SAT-R059 arm=UNGATED_EXECUTE_ADMISSIBLE wall_ms=2763.930 completion_ms=1467.782
r3e_arm_complete ordinal=537 session_id=NH2-OVERLAP-MIXED_SAT-R059 arm=PERMISSIVE_GATED wall_ms=4785.289 completion_ms=2669.224
r3e_arm_complete ordinal=538 session_id=NH2-OVERLAP-MIXED_SAT-R060 arm=UNGATED_EXECUTE_ADMISSIBLE wall_ms=2684.272 completion_ms=998.865
r3e_arm_complete ordinal=539 session_id=NH2-OVERLAP-MIXED_SAT-R060 arm=PERMISSIVE_GATED wall_ms=5166.527 completion_ms=2080.407
r3e_arm_complete ordinal=540 session_id=NH2-OVERLAP-MIXED_SAT-R060 arm=SAFE_PRUNING wall_ms=3282.751 completion_ms=1706.178
r3e_arm_complete ordinal=541 session_id=NH2-OVERLAP-ORDERED-R046 arm=PERMISSIVE_GATED wall_ms=5529.455 completion_ms=1102.867
r3e_arm_complete ordinal=542 session_id=NH2-OVERLAP-ORDERED-R046 arm=UNGATED_EXECUTE_ADMISSIBLE wall_ms=3333.438 completion_ms=762.171
r3e_arm_complete ordinal=543 session_id=NH2-OVERLAP-ORDERED-R046 arm=SAFE_PRUNING wall_ms=3013.521 completion_ms=1171.577
r3e_arm_complete ordinal=544 session_id=NH2-OVERLAP-ORDERED-R047 arm=SAFE_PRUNING wall_ms=2873.420 completion_ms=1256.128
r3e_arm_complete ordinal=545 session_id=NH2-OVERLAP-ORDERED-R047 arm=PERMISSIVE_GATED wall_ms=5499.713 completion_ms=1194.752
r3e_arm_complete ordinal=546 session_id=NH2-OVERLAP-ORDERED-R047 arm=UNGATED_EXECUTE_ADMISSIBLE wall_ms=3192.136 completion_ms=638.792
r3e_arm_complete ordinal=547 session_id=NH2-OVERLAP-ORDERED-R048 arm=PERMISSIVE_GATED wall_ms=5687.548 completion_ms=1285.359
r3e_arm_complete ordinal=548 session_id=NH2-OVERLAP-ORDERED-R048 arm=SAFE_PRUNING wall_ms=3045.070 completion_ms=1297.447
r3e_arm_complete ordinal=549 session_id=NH2-OVERLAP-ORDERED-R048 arm=UNGATED_EXECUTE_ADMISSIBLE wall_ms=3173.681 completion_ms=637.099
r3e_arm_complete ordinal=550 session_id=NH2-OVERLAP-ORDERED-R049 arm=UNGATED_EXECUTE_ADMISSIBLE wall_ms=3269.394 completion_ms=609.287
r3e_arm_complete ordinal=551 session_id=NH2-OVERLAP-ORDERED-R049 arm=SAFE_PRUNING wall_ms=3070.021 completion_ms=1210.527
r3e_arm_complete ordinal=552 session_id=NH2-OVERLAP-ORDERED-R049 arm=PERMISSIVE_GATED wall_ms=5624.724 completion_ms=1235.446
r3e_arm_complete ordinal=553 session_id=NH2-OVERLAP-ORDERED-R050 arm=SAFE_PRUNING wall_ms=3205.497 completion_ms=1260.288
 Container mcad-r3e-xmla1-r3e-mcad-api-1  Restarting
 Container mcad-r3e-xmla1-r3e-mcad-api-1  Started
 Container mcad-r3e-xmla1-r3e-mcad-api-1  Restarting
 Container mcad-r3e-xmla1-r3e-mcad-api-1  Started
 Container mcad-r3e-xmla1-r3e-mcad-api-1  Restarting
 Container mcad-r3e-xmla1-r3e-mcad-api-1  Started
 Container mcad-r3e-xmla1-r3e-mcad-api-1  Restarting
 Container mcad-r3e-xmla1-r3e-mcad-api-1  Started
 Container mcad-r3e-xmla1-r3e-mcad-api-1  Restarting
 Container mcad-r3e-xmla1-r3e-mcad-api-1  Started
 Container mcad-r3e-xmla1-r3e-mcad-api-1  Restarting
 Container mcad-r3e-xmla1-r3e-mcad-api-1  Started
 Container mcad-r3e-xmla1-r3e-mcad-api-1  Restarting
 Container mcad-r3e-xmla1-r3e-mcad-api-1  Started
 Container mcad-r3e-xmla1-r3e-mcad-api-1  Restarting
 Container mcad-r3e-xmla1-r3e-mcad-api-1  Started
 Container mcad-r3e-xmla1-r3e-mcad-api-1  Restarting
 Container mcad-r3e-xmla1-r3e-mcad-api-1  Started
 Container mcad-r3e-xmla1-r3e-mcad-api-1  Restarting
 Container mcad-r3e-xmla1-r3e-mcad-api-1  Started
 Container mcad-r3e-xmla1-r3e-mcad-api-1  Restarting
 Container mcad-r3e-xmla1-r3e-mcad-api-1  Started
 Container mcad-r3e-xmla1-r3e-mcad-api-1  Restarting
 Container mcad-r3e-xmla1-r3e-mcad-api-1  Started
 Container mcad-r3e-xmla1-r3e-mcad-api-1  Restarting
 Container mcad-r3e-xmla1-r3e-mcad-api-1  Started
 Container mcad-r3e-xmla1-r3e-mcad-api-1  Restarting
 Container mcad-r3e-xmla1-r3e-mcad-api-1  Started
 Container mcad-r3e-xmla1-r3e-mcad-api-1  Restarting
 Container mcad-r3e-xmla1-r3e-mcad-api-1  Started
 Container mcad-r3e-xmla1-r3e-mcad-api-1  Restarting
 Container mcad-r3e-xmla1-r3e-mcad-api-1  Started
 Container mcad-r3e-xmla1-r3e-mcad-api-1  Restarting
 Container mcad-r3e-xmla1-r3e-mcad-api-1  Started
 Container mcad-r3e-xmla1-r3e-mcad-api-1  Restarting
 Container mcad-r3e-xmla1-r3e-mcad-api-1  Started
 Container mcad-r3e-xmla1-r3e-mcad-api-1  Restarting
 Container mcad-r3e-xmla1-r3e-mcad-api-1  Started
 Container mcad-r3e-xmla1-r3e-mcad-api-1  Restarting
 Container mcad-r3e-xmla1-r3e-mcad-api-1  Started
 Container mcad-r3e-xmla1-r3e-mcad-api-1  Restarting
 Container mcad-r3e-xmla1-r3e-mcad-api-1  Started
 Container mcad-r3e-xmla1-r3e-mcad-api-1  Restarting
 Container mcad-r3e-xmla1-r3e-mcad-api-1  Started
 Container mcad-r3e-xmla1-r3e-mcad-api-1  Restarting
 Container mcad-r3e-xmla1-r3e-mcad-api-1  Started
 Container mcad-r3e-xmla1-r3e-mcad-api-1  Restarting
 Container mcad-r3e-xmla1-r3e-mcad-api-1  Started
 Container mcad-r3e-xmla1-r3e-mcad-api-1  Restarting
 Container mcad-r3e-xmla1-r3e-mcad-api-1  Started
 Container mcad-r3e-xmla1-r3e-mcad-api-1  Restarting
 Container mcad-r3e-xmla1-r3e-mcad-api-1  Started
 Container mcad-r3e-xmla1-r3e-mcad-api-1  Restarting
 Container mcad-r3e-xmla1-r3e-mcad-api-1  Started
 Container mcad-r3e-xmla1-r3e-mcad-api-1  Restarting
 Container mcad-r3e-xmla1-r3e-mcad-api-1  Started
 Container mcad-r3e-xmla1-r3e-mcad-api-1  Restarting
 Container mcad-r3e-xmla1-r3e-mcad-api-1  Started
 Container mcad-r3e-xmla1-r3e-mcad-api-1  Restarting
 Container mcad-r3e-xmla1-r3e-mcad-api-1  Started
 Container mcad-r3e-xmla1-r3e-mcad-api-1  Restarting
 Container mcad-r3e-xmla1-r3e-mcad-api-1  Started
 Container mcad-r3e-xmla1-r3e-mcad-api-1  Restarting
 Container mcad-r3e-xmla1-r3e-mcad-api-1  Started
 Container mcad-r3e-xmla1-r3e-mcad-api-1  Restarting
 Container mcad-r3e-xmla1-r3e-mcad-api-1  Started
 Container mcad-r3e-xmla1-r3e-mcad-api-1  Restarting
 Container mcad-r3e-xmla1-r3e-mcad-api-1  Started
 Container mcad-r3e-xmla1-r3e-mcad-api-1  Restarting
 Container mcad-r3e-xmla1-r3e-mcad-api-1  Started
 Container mcad-r3e-xmla1-r3e-mcad-api-1  Restarting
 Container mcad-r3e-xmla1-r3e-mcad-api-1  Started
 Container mcad-r3e-xmla1-r3e-mcad-api-1  Restarting
 Container mcad-r3e-xmla1-r3e-mcad-api-1  Started
 Container mcad-r3e-xmla1-r3e-mcad-api-1  Restarting
 Container mcad-r3e-xmla1-r3e-mcad-api-1  Started
 Container mcad-r3e-xmla1-r3e-mcad-api-1  Restarting
 Container mcad-r3e-xmla1-r3e-mcad-api-1  Started
 Container mcad-r3e-xmla1-r3e-mcad-api-1  Restarting
 Container mcad-r3e-xmla1-r3e-mcad-api-1  Started
 Container mcad-r3e-xmla1-r3e-mcad-api-1  Restarting
 Container mcad-r3e-xmla1-r3e-mcad-api-1  Started
 Container mcad-r3e-xmla1-r3e-mcad-api-1  Restarting
 Container mcad-r3e-xmla1-r3e-mcad-api-1  Started
 Container mcad-r3e-xmla1-r3e-mcad-api-1  Restarting
 Container mcad-r3e-xmla1-r3e-mcad-api-1  Started
 Container mcad-r3e-xmla1-r3e-mcad-api-1  Restarting
 Container mcad-r3e-xmla1-r3e-mcad-api-1  Started
 Container mcad-r3e-xmla1-r3e-mcad-api-1  Restarting
 Container mcad-r3e-xmla1-r3e-mcad-api-1  Started
 Container mcad-r3e-xmla1-r3e-mcad-api-1  Restarting
 Container mcad-r3e-xmla1-r3e-mcad-api-1  Started
 Container mcad-r3e-xmla1-r3e-mcad-api-1  Restarting
 Container mcad-r3e-xmla1-r3e-mcad-api-1  Started
 Container mcad-r3e-xmla1-r3e-mcad-api-1  Restarting
 Container mcad-r3e-xmla1-r3e-mcad-api-1  Started
 Container mcad-r3e-xmla1-r3e-mcad-api-1  Restarting
 Container mcad-r3e-xmla1-r3e-mcad-api-1  Started
 Container mcad-r3e-xmla1-r3e-mcad-api-1  Restarting
 Container mcad-r3e-xmla1-r3e-mcad-api-1  Started
 Container mcad-r3e-xmla1-r3e-mcad-api-1  Restarting
 Container mcad-r3e-xmla1-r3e-mcad-api-1  Started
 Container mcad-r3e-xmla1-r3e-mcad-api-1  Restarting
 Container mcad-r3e-xmla1-r3e-mcad-api-1  Started
 Container mcad-r3e-xmla1-r3e-mcad-api-1  Restarting
 Container mcad-r3e-xmla1-r3e-mcad-api-1  Started
 Container mcad-r3e-xmla1-r3e-mcad-api-1  Restarting
 Container mcad-r3e-xmla1-r3e-mcad-api-1  Started
 Container mcad-r3e-xmla1-r3e-mcad-api-1  Restarting
 Container mcad-r3e-xmla1-r3e-mcad-api-1  Started
 Container mcad-r3e-xmla1-r3e-mcad-api-1  Restarting
 Container mcad-r3e-xmla1-r3e-mcad-api-1  Started
 Container mcad-r3e-xmla1-r3e-mcad-api-1  Restarting
 Container mcad-r3e-xmla1-r3e-mcad-api-1  Started
 Container mcad-r3e-xmla1-r3e-mcad-api-1  Restarting
 Container mcad-r3e-xmla1-r3e-mcad-api-1  Started
 Container mcad-r3e-xmla1-r3e-mcad-api-1  Restarting
 Container mcad-r3e-xmla1-r3e-mcad-api-1  Started
 Container mcad-r3e-xmla1-r3e-mcad-api-1  Restarting
 Container mcad-r3e-xmla1-r3e-mcad-api-1  Started
 Container mcad-r3e-xmla1-r3e-mcad-api-1  Restarting
 Container mcad-r3e-xmla1-r3e-mcad-api-1  Started
 Container mcad-r3e-xmla1-r3e-mcad-api-1  Restarting
 Container mcad-r3e-xmla1-r3e-mcad-api-1  Started
r3e_arm_complete ordinal=554 session_id=NH2-OVERLAP-ORDERED-R050 arm=UNGATED_EXECUTE_ADMISSIBLE wall_ms=3157.807 completion_ms=655.676
r3e_arm_complete ordinal=555 session_id=NH2-OVERLAP-ORDERED-R050 arm=PERMISSIVE_GATED wall_ms=5485.346 completion_ms=1322.763
r3e_arm_complete ordinal=556 session_id=NH2-OVERLAP-ORDERED-R051 arm=UNGATED_EXECUTE_ADMISSIBLE wall_ms=3270.414 completion_ms=659.269
r3e_arm_complete ordinal=557 session_id=NH2-OVERLAP-ORDERED-R051 arm=PERMISSIVE_GATED wall_ms=5453.454 completion_ms=1106.486
r3e_arm_complete ordinal=558 session_id=NH2-OVERLAP-ORDERED-R051 arm=SAFE_PRUNING wall_ms=2808.036 completion_ms=1161.811
r3e_arm_complete ordinal=559 session_id=NH2-OVERLAP-ORDERED-R052 arm=UNGATED_EXECUTE_ADMISSIBLE wall_ms=3107.257 completion_ms=624.026
r3e_arm_complete ordinal=560 session_id=NH2-OVERLAP-ORDERED-R052 arm=PERMISSIVE_GATED wall_ms=5462.189 completion_ms=1279.256
r3e_arm_complete ordinal=561 session_id=NH2-OVERLAP-ORDERED-R052 arm=SAFE_PRUNING wall_ms=3072.627 completion_ms=1205.896
r3e_arm_complete ordinal=562 session_id=NH2-OVERLAP-ORDERED-R053 arm=PERMISSIVE_GATED wall_ms=5448.636 completion_ms=1206.077
r3e_arm_complete ordinal=563 session_id=NH2-OVERLAP-ORDERED-R053 arm=SAFE_PRUNING wall_ms=3163.890 completion_ms=1209.984
r3e_arm_complete ordinal=564 session_id=NH2-OVERLAP-ORDERED-R053 arm=UNGATED_EXECUTE_ADMISSIBLE wall_ms=3256.002 completion_ms=624.637
r3e_arm_complete ordinal=565 session_id=NH2-OVERLAP-ORDERED-R054 arm=UNGATED_EXECUTE_ADMISSIBLE wall_ms=3359.435 completion_ms=644.706
r3e_arm_complete ordinal=566 session_id=NH2-OVERLAP-ORDERED-R054 arm=SAFE_PRUNING wall_ms=3201.835 completion_ms=1315.827
r3e_arm_complete ordinal=567 session_id=NH2-OVERLAP-ORDERED-R054 arm=PERMISSIVE_GATED wall_ms=5767.071 completion_ms=1208.744
r3e_arm_complete ordinal=568 session_id=NH2-OVERLAP-ORDERED-R055 arm=PERMISSIVE_GATED wall_ms=5740.319 completion_ms=1152.581
r3e_arm_complete ordinal=569 session_id=NH2-OVERLAP-ORDERED-R055 arm=UNGATED_EXECUTE_ADMISSIBLE wall_ms=3250.574 completion_ms=693.648
r3e_arm_complete ordinal=570 session_id=NH2-OVERLAP-ORDERED-R055 arm=SAFE_PRUNING wall_ms=2952.637 completion_ms=1115.808
r3e_arm_complete ordinal=571 session_id=NH2-OVERLAP-ORDERED-R056 arm=SAFE_PRUNING wall_ms=2996.632 completion_ms=1143.673
r3e_arm_complete ordinal=572 session_id=NH2-OVERLAP-ORDERED-R056 arm=PERMISSIVE_GATED wall_ms=5656.472 completion_ms=1184.989
r3e_arm_complete ordinal=573 session_id=NH2-OVERLAP-ORDERED-R056 arm=UNGATED_EXECUTE_ADMISSIBLE wall_ms=3479.485 completion_ms=659.006
r3e_arm_complete ordinal=574 session_id=NH2-OVERLAP-ORDERED-R057 arm=SAFE_PRUNING wall_ms=3008.384 completion_ms=1207.102
r3e_arm_complete ordinal=575 session_id=NH2-OVERLAP-ORDERED-R057 arm=UNGATED_EXECUTE_ADMISSIBLE wall_ms=3159.940 completion_ms=699.801
r3e_arm_complete ordinal=576 session_id=NH2-OVERLAP-ORDERED-R057 arm=PERMISSIVE_GATED wall_ms=5690.236 completion_ms=1293.829
r3e_arm_complete ordinal=577 session_id=NH2-OVERLAP-ORDERED-R058 arm=SAFE_PRUNING wall_ms=3417.568 completion_ms=1184.146
r3e_arm_complete ordinal=578 session_id=NH2-OVERLAP-ORDERED-R058 arm=PERMISSIVE_GATED wall_ms=5568.938 completion_ms=1294.746
r3e_arm_complete ordinal=579 session_id=NH2-OVERLAP-ORDERED-R058 arm=UNGATED_EXECUTE_ADMISSIBLE wall_ms=3268.415 completion_ms=661.781
r3e_arm_complete ordinal=580 session_id=NH2-OVERLAP-ORDERED-R059 arm=UNGATED_EXECUTE_ADMISSIBLE wall_ms=3253.415 completion_ms=621.332
r3e_arm_complete ordinal=581 session_id=NH2-OVERLAP-ORDERED-R059 arm=PERMISSIVE_GATED wall_ms=5624.438 completion_ms=1163.853
r3e_arm_complete ordinal=582 session_id=NH2-OVERLAP-ORDERED-R059 arm=SAFE_PRUNING wall_ms=3231.565 completion_ms=1266.817
r3e_arm_complete ordinal=583 session_id=NH2-OVERLAP-ORDERED-R060 arm=PERMISSIVE_GATED wall_ms=5515.034 completion_ms=1154.815
r3e_arm_complete ordinal=584 session_id=NH2-OVERLAP-ORDERED-R060 arm=SAFE_PRUNING wall_ms=3082.212 completion_ms=1158.723
r3e_arm_complete ordinal=585 session_id=NH2-OVERLAP-ORDERED-R060 arm=UNGATED_EXECUTE_ADMISSIBLE wall_ms=3264.036 completion_ms=627.256
r3e_arm_complete ordinal=586 session_id=NH2-OVERLAP-OUT_OF_ORDER-R046 arm=UNGATED_EXECUTE_ADMISSIBLE wall_ms=3148.847 completion_ms=623.728
r3e_arm_complete ordinal=587 session_id=NH2-OVERLAP-OUT_OF_ORDER-R046 arm=SAFE_PRUNING wall_ms=2972.762 completion_ms=1247.204
r3e_arm_complete ordinal=588 session_id=NH2-OVERLAP-OUT_OF_ORDER-R046 arm=PERMISSIVE_GATED wall_ms=5637.352 completion_ms=1271.481
r3e_arm_complete ordinal=589 session_id=NH2-OVERLAP-OUT_OF_ORDER-R047 arm=SAFE_PRUNING wall_ms=2709.407 completion_ms=1092.297
r3e_arm_complete ordinal=590 session_id=NH2-OVERLAP-OUT_OF_ORDER-R047 arm=UNGATED_EXECUTE_ADMISSIBLE wall_ms=3124.857 completion_ms=727.716
r3e_arm_complete ordinal=591 session_id=NH2-OVERLAP-OUT_OF_ORDER-R047 arm=PERMISSIVE_GATED wall_ms=5389.224 completion_ms=1158.844
r3e_arm_complete ordinal=592 session_id=NH2-OVERLAP-OUT_OF_ORDER-R048 arm=PERMISSIVE_GATED wall_ms=5562.863 completion_ms=1164.500
r3e_arm_complete ordinal=593 session_id=NH2-OVERLAP-OUT_OF_ORDER-R048 arm=UNGATED_EXECUTE_ADMISSIBLE wall_ms=3274.817 completion_ms=676.885
r3e_arm_complete ordinal=594 session_id=NH2-OVERLAP-OUT_OF_ORDER-R048 arm=SAFE_PRUNING wall_ms=2785.877 completion_ms=1116.599
r3e_arm_complete ordinal=595 session_id=NH2-OVERLAP-OUT_OF_ORDER-R049 arm=PERMISSIVE_GATED wall_ms=5461.466 completion_ms=1122.802
r3e_arm_complete ordinal=596 session_id=NH2-OVERLAP-OUT_OF_ORDER-R049 arm=SAFE_PRUNING wall_ms=3031.174 completion_ms=1216.597
r3e_arm_complete ordinal=597 session_id=NH2-OVERLAP-OUT_OF_ORDER-R049 arm=UNGATED_EXECUTE_ADMISSIBLE wall_ms=3216.524 completion_ms=740.702
r3e_arm_complete ordinal=598 session_id=NH2-OVERLAP-OUT_OF_ORDER-R050 arm=UNGATED_EXECUTE_ADMISSIBLE wall_ms=3034.256 completion_ms=663.275
r3e_arm_complete ordinal=599 session_id=NH2-OVERLAP-OUT_OF_ORDER-R050 arm=SAFE_PRUNING wall_ms=2891.057 completion_ms=1140.078
r3e_arm_complete ordinal=600 session_id=NH2-OVERLAP-OUT_OF_ORDER-R050 arm=PERMISSIVE_GATED wall_ms=5168.223 completion_ms=1118.859
r3e_arm_complete ordinal=601 session_id=NH2-OVERLAP-OUT_OF_ORDER-R051 arm=SAFE_PRUNING wall_ms=2800.370 completion_ms=1166.873
r3e_arm_complete ordinal=602 session_id=NH2-OVERLAP-OUT_OF_ORDER-R051 arm=PERMISSIVE_GATED wall_ms=5426.261 completion_ms=1167.772
r3e_arm_complete ordinal=603 session_id=NH2-OVERLAP-OUT_OF_ORDER-R051 arm=UNGATED_EXECUTE_ADMISSIBLE wall_ms=3112.793 completion_ms=696.348
r3e_arm_complete ordinal=604 session_id=NH2-OVERLAP-OUT_OF_ORDER-R052 arm=SAFE_PRUNING wall_ms=3180.599 completion_ms=1346.286
r3e_arm_complete ordinal=605 session_id=NH2-OVERLAP-OUT_OF_ORDER-R052 arm=UNGATED_EXECUTE_ADMISSIBLE wall_ms=3141.233 completion_ms=667.627
r3e_arm_complete ordinal=606 session_id=NH2-OVERLAP-OUT_OF_ORDER-R052 arm=PERMISSIVE_GATED wall_ms=5514.619 completion_ms=1370.480
r3e_arm_complete ordinal=607 session_id=NH2-OVERLAP-OUT_OF_ORDER-R053 arm=PERMISSIVE_GATED wall_ms=5764.356 completion_ms=1167.677
r3e_arm_complete ordinal=608 session_id=NH2-OVERLAP-OUT_OF_ORDER-R053 arm=UNGATED_EXECUTE_ADMISSIBLE wall_ms=3279.197 completion_ms=646.957
r3e_arm_complete ordinal=609 session_id=NH2-OVERLAP-OUT_OF_ORDER-R053 arm=SAFE_PRUNING wall_ms=2836.716 completion_ms=1192.425
r3e_arm_complete ordinal=610 session_id=NH2-OVERLAP-OUT_OF_ORDER-R054 arm=UNGATED_EXECUTE_ADMISSIBLE wall_ms=3214.194 completion_ms=622.573
r3e_arm_complete ordinal=611 session_id=NH2-OVERLAP-OUT_OF_ORDER-R054 arm=PERMISSIVE_GATED wall_ms=5421.161 completion_ms=1099.329
r3e_arm_complete ordinal=612 session_id=NH2-OVERLAP-OUT_OF_ORDER-R054 arm=SAFE_PRUNING wall_ms=2957.902 completion_ms=1174.585
r3e_arm_complete ordinal=613 session_id=NH2-OVERLAP-OUT_OF_ORDER-R055 arm=UNGATED_EXECUTE_ADMISSIBLE wall_ms=3484.874 completion_ms=670.498
r3e_arm_complete ordinal=614 session_id=NH2-OVERLAP-OUT_OF_ORDER-R055 arm=SAFE_PRUNING wall_ms=3137.003 completion_ms=1141.137
r3e_arm_complete ordinal=615 session_id=NH2-OVERLAP-OUT_OF_ORDER-R055 arm=PERMISSIVE_GATED wall_ms=5790.304 completion_ms=1289.933
 Container mcad-r3e-xmla1-r3e-mcad-api-1  Restarting
 Container mcad-r3e-xmla1-r3e-mcad-api-1  Started
 Container mcad-r3e-xmla1-r3e-mcad-api-1  Restarting
 Container mcad-r3e-xmla1-r3e-mcad-api-1  Started
 Container mcad-r3e-xmla1-r3e-mcad-api-1  Restarting
 Container mcad-r3e-xmla1-r3e-mcad-api-1  Started
 Container mcad-r3e-xmla1-r3e-mcad-api-1  Restarting
 Container mcad-r3e-xmla1-r3e-mcad-api-1  Started
 Container mcad-r3e-xmla1-r3e-mcad-api-1  Restarting
 Container mcad-r3e-xmla1-r3e-mcad-api-1  Started
 Container mcad-r3e-xmla1-r3e-mcad-api-1  Restarting
 Container mcad-r3e-xmla1-r3e-mcad-api-1  Started
 Container mcad-r3e-xmla1-r3e-mcad-api-1  Restarting
 Container mcad-r3e-xmla1-r3e-mcad-api-1  Started
 Container mcad-r3e-xmla1-r3e-mcad-api-1  Restarting
 Container mcad-r3e-xmla1-r3e-mcad-api-1  Started
 Container mcad-r3e-xmla1-r3e-mcad-api-1  Restarting
 Container mcad-r3e-xmla1-r3e-mcad-api-1  Started
 Container mcad-r3e-xmla1-r3e-mcad-api-1  Restarting
 Container mcad-r3e-xmla1-r3e-mcad-api-1  Started
 Container mcad-r3e-xmla1-r3e-mcad-api-1  Restarting
 Container mcad-r3e-xmla1-r3e-mcad-api-1  Started
 Container mcad-r3e-xmla1-r3e-mcad-api-1  Restarting
 Container mcad-r3e-xmla1-r3e-mcad-api-1  Started
 Container mcad-r3e-xmla1-r3e-mcad-api-1  Restarting
 Container mcad-r3e-xmla1-r3e-mcad-api-1  Started
 Container mcad-r3e-xmla1-r3e-mcad-api-1  Restarting
 Container mcad-r3e-xmla1-r3e-mcad-api-1  Started
 Container mcad-r3e-xmla1-r3e-mcad-api-1  Restarting
 Container mcad-r3e-xmla1-r3e-mcad-api-1  Started
 Container mcad-r3e-xmla1-r3e-mcad-api-1  Restarting
 Container mcad-r3e-xmla1-r3e-mcad-api-1  Started
 Container mcad-r3e-xmla1-r3e-mcad-api-1  Restarting
 Container mcad-r3e-xmla1-r3e-mcad-api-1  Started
 Container mcad-r3e-xmla1-r3e-mcad-api-1  Restarting
 Container mcad-r3e-xmla1-r3e-mcad-api-1  Started
 Container mcad-r3e-xmla1-r3e-mcad-api-1  Restarting
 Container mcad-r3e-xmla1-r3e-mcad-api-1  Started
 Container mcad-r3e-xmla1-r3e-mcad-api-1  Restarting
 Container mcad-r3e-xmla1-r3e-mcad-api-1  Started
 Container mcad-r3e-xmla1-r3e-mcad-api-1  Restarting
 Container mcad-r3e-xmla1-r3e-mcad-api-1  Started
 Container mcad-r3e-xmla1-r3e-mcad-api-1  Restarting
 Container mcad-r3e-xmla1-r3e-mcad-api-1  Started
 Container mcad-r3e-xmla1-r3e-mcad-api-1  Restarting
 Container mcad-r3e-xmla1-r3e-mcad-api-1  Started
 Container mcad-r3e-xmla1-r3e-mcad-api-1  Restarting
 Container mcad-r3e-xmla1-r3e-mcad-api-1  Started
 Container mcad-r3e-xmla1-r3e-mcad-api-1  Restarting
 Container mcad-r3e-xmla1-r3e-mcad-api-1  Started
 Container mcad-r3e-xmla1-r3e-mcad-api-1  Restarting
 Container mcad-r3e-xmla1-r3e-mcad-api-1  Started
 Container mcad-r3e-xmla1-r3e-mcad-api-1  Restarting
 Container mcad-r3e-xmla1-r3e-mcad-api-1  Started
 Container mcad-r3e-xmla1-r3e-mcad-api-1  Restarting
 Container mcad-r3e-xmla1-r3e-mcad-api-1  Started
 Container mcad-r3e-xmla1-r3e-mcad-api-1  Restarting
 Container mcad-r3e-xmla1-r3e-mcad-api-1  Started
 Container mcad-r3e-xmla1-r3e-mcad-api-1  Restarting
 Container mcad-r3e-xmla1-r3e-mcad-api-1  Started
 Container mcad-r3e-xmla1-r3e-mcad-api-1  Restarting
 Container mcad-r3e-xmla1-r3e-mcad-api-1  Started
 Container mcad-r3e-xmla1-r3e-mcad-api-1  Restarting
 Container mcad-r3e-xmla1-r3e-mcad-api-1  Started
 Container mcad-r3e-xmla1-r3e-mcad-api-1  Restarting
 Container mcad-r3e-xmla1-r3e-mcad-api-1  Started
 Container mcad-r3e-xmla1-r3e-mcad-api-1  Restarting
 Container mcad-r3e-xmla1-r3e-mcad-api-1  Started
 Container mcad-r3e-xmla1-r3e-mcad-api-1  Restarting
 Container mcad-r3e-xmla1-r3e-mcad-api-1  Started
 Container mcad-r3e-xmla1-r3e-mcad-api-1  Restarting
 Container mcad-r3e-xmla1-r3e-mcad-api-1  Started
 Container mcad-r3e-xmla1-r3e-mcad-api-1  Restarting
 Container mcad-r3e-xmla1-r3e-mcad-api-1  Started
 Container mcad-r3e-xmla1-r3e-mcad-api-1  Restarting
 Container mcad-r3e-xmla1-r3e-mcad-api-1  Started
 Container mcad-r3e-xmla1-r3e-mcad-api-1  Restarting
 Container mcad-r3e-xmla1-r3e-mcad-api-1  Started
 Container mcad-r3e-xmla1-r3e-mcad-api-1  Restarting
 Container mcad-r3e-xmla1-r3e-mcad-api-1  Started
 Container mcad-r3e-xmla1-r3e-mcad-api-1  Restarting
 Container mcad-r3e-xmla1-r3e-mcad-api-1  Started
 Container mcad-r3e-xmla1-r3e-mcad-api-1  Restarting
 Container mcad-r3e-xmla1-r3e-mcad-api-1  Started
 Container mcad-r3e-xmla1-r3e-mcad-api-1  Restarting
 Container mcad-r3e-xmla1-r3e-mcad-api-1  Started
 Container mcad-r3e-xmla1-r3e-mcad-api-1  Restarting
 Container mcad-r3e-xmla1-r3e-mcad-api-1  Started
 Container mcad-r3e-xmla1-r3e-mcad-api-1  Restarting
 Container mcad-r3e-xmla1-r3e-mcad-api-1  Started
 Container mcad-r3e-xmla1-r3e-mcad-api-1  Restarting
 Container mcad-r3e-xmla1-r3e-mcad-api-1  Started
 Container mcad-r3e-xmla1-r3e-mcad-api-1  Restarting
 Container mcad-r3e-xmla1-r3e-mcad-api-1  Started
 Container mcad-r3e-xmla1-r3e-mcad-api-1  Restarting
 Container mcad-r3e-xmla1-r3e-mcad-api-1  Started
 Container mcad-r3e-xmla1-r3e-mcad-api-1  Restarting
 Container mcad-r3e-xmla1-r3e-mcad-api-1  Started
 Container mcad-r3e-xmla1-r3e-mcad-api-1  Restarting
 Container mcad-r3e-xmla1-r3e-mcad-api-1  Started
 Container mcad-r3e-xmla1-r3e-mcad-api-1  Restarting
 Container mcad-r3e-xmla1-r3e-mcad-api-1  Started
 Container mcad-r3e-xmla1-r3e-mcad-api-1  Restarting
 Container mcad-r3e-xmla1-r3e-mcad-api-1  Started
 Container mcad-r3e-xmla1-r3e-mcad-api-1  Restarting
 Container mcad-r3e-xmla1-r3e-mcad-api-1  Started
 Container mcad-r3e-xmla1-r3e-mcad-api-1  Restarting
 Container mcad-r3e-xmla1-r3e-mcad-api-1  Started
 Container mcad-r3e-xmla1-r3e-mcad-api-1  Restarting
 Container mcad-r3e-xmla1-r3e-mcad-api-1  Started
 Container mcad-r3e-xmla1-r3e-mcad-api-1  Restarting
 Container mcad-r3e-xmla1-r3e-mcad-api-1  Started
 Container mcad-r3e-xmla1-r3e-mcad-api-1  Restarting
 Container mcad-r3e-xmla1-r3e-mcad-api-1  Started
 Container mcad-r3e-xmla1-r3e-mcad-api-1  Restarting
 Container mcad-r3e-xmla1-r3e-mcad-api-1  Started
 Container mcad-r3e-xmla1-r3e-mcad-api-1  Restarting
 Container mcad-r3e-xmla1-r3e-mcad-api-1  Started
 Container mcad-r3e-xmla1-r3e-mcad-api-1  Restarting
 Container mcad-r3e-xmla1-r3e-mcad-api-1  Started
 Container mcad-r3e-xmla1-r3e-mcad-api-1  Restarting
 Container mcad-r3e-xmla1-r3e-mcad-api-1  Started
 Container mcad-r3e-xmla1-r3e-mcad-api-1  Restarting
 Container mcad-r3e-xmla1-r3e-mcad-api-1  Started
 Container mcad-r3e-xmla1-r3e-mcad-api-1  Restarting
 Container mcad-r3e-xmla1-r3e-mcad-api-1  Started
r3e_arm_complete ordinal=616 session_id=NH2-OVERLAP-OUT_OF_ORDER-R056 arm=PERMISSIVE_GATED wall_ms=5399.335 completion_ms=1094.246
r3e_arm_complete ordinal=617 session_id=NH2-OVERLAP-OUT_OF_ORDER-R056 arm=UNGATED_EXECUTE_ADMISSIBLE wall_ms=3126.510 completion_ms=721.962
r3e_arm_complete ordinal=618 session_id=NH2-OVERLAP-OUT_OF_ORDER-R056 arm=SAFE_PRUNING wall_ms=2703.328 completion_ms=1140.751
r3e_arm_complete ordinal=619 session_id=NH2-OVERLAP-OUT_OF_ORDER-R057 arm=SAFE_PRUNING wall_ms=2776.164 completion_ms=1119.285
r3e_arm_complete ordinal=620 session_id=NH2-OVERLAP-OUT_OF_ORDER-R057 arm=UNGATED_EXECUTE_ADMISSIBLE wall_ms=3123.822 completion_ms=618.320
r3e_arm_complete ordinal=621 session_id=NH2-OVERLAP-OUT_OF_ORDER-R057 arm=PERMISSIVE_GATED wall_ms=5630.136 completion_ms=1106.828
r3e_arm_complete ordinal=622 session_id=NH2-OVERLAP-OUT_OF_ORDER-R058 arm=UNGATED_EXECUTE_ADMISSIBLE wall_ms=3412.536 completion_ms=720.300
r3e_arm_complete ordinal=623 session_id=NH2-OVERLAP-OUT_OF_ORDER-R058 arm=PERMISSIVE_GATED wall_ms=5649.841 completion_ms=1266.019
r3e_arm_complete ordinal=624 session_id=NH2-OVERLAP-OUT_OF_ORDER-R058 arm=SAFE_PRUNING wall_ms=2893.503 completion_ms=1201.046
r3e_arm_complete ordinal=625 session_id=NH2-OVERLAP-OUT_OF_ORDER-R059 arm=SAFE_PRUNING wall_ms=2848.497 completion_ms=1200.889
r3e_arm_complete ordinal=626 session_id=NH2-OVERLAP-OUT_OF_ORDER-R059 arm=PERMISSIVE_GATED wall_ms=5494.622 completion_ms=1270.707
r3e_arm_complete ordinal=627 session_id=NH2-OVERLAP-OUT_OF_ORDER-R059 arm=UNGATED_EXECUTE_ADMISSIBLE wall_ms=3153.436 completion_ms=736.917
r3e_arm_complete ordinal=628 session_id=NH2-OVERLAP-OUT_OF_ORDER-R060 arm=PERMISSIVE_GATED wall_ms=5744.780 completion_ms=1288.085
r3e_arm_complete ordinal=629 session_id=NH2-OVERLAP-OUT_OF_ORDER-R060 arm=SAFE_PRUNING wall_ms=3468.009 completion_ms=1198.640
r3e_arm_complete ordinal=630 session_id=NH2-OVERLAP-OUT_OF_ORDER-R060 arm=UNGATED_EXECUTE_ADMISSIBLE wall_ms=3354.467 completion_ms=785.692
r3e_arm_complete ordinal=631 session_id=NH2-OVERLAP-OVERLAP-R046 arm=PERMISSIVE_GATED wall_ms=5669.522 completion_ms=2039.641
r3e_arm_complete ordinal=632 session_id=NH2-OVERLAP-OVERLAP-R046 arm=UNGATED_EXECUTE_ADMISSIBLE wall_ms=3175.528 completion_ms=1163.674
r3e_arm_complete ordinal=633 session_id=NH2-OVERLAP-OVERLAP-R046 arm=SAFE_PRUNING wall_ms=2917.833 completion_ms=1501.458
r3e_arm_complete ordinal=634 session_id=NH2-OVERLAP-OVERLAP-R047 arm=PERMISSIVE_GATED wall_ms=5693.005 completion_ms=2719.613
r3e_arm_complete ordinal=635 session_id=NH2-OVERLAP-OVERLAP-R047 arm=SAFE_PRUNING wall_ms=3050.302 completion_ms=1995.828
r3e_arm_complete ordinal=636 session_id=NH2-OVERLAP-OVERLAP-R047 arm=UNGATED_EXECUTE_ADMISSIBLE wall_ms=3485.933 completion_ms=1903.280
r3e_arm_complete ordinal=637 session_id=NH2-OVERLAP-OVERLAP-R048 arm=SAFE_PRUNING wall_ms=3269.955 completion_ms=1958.456
r3e_arm_complete ordinal=638 session_id=NH2-OVERLAP-OVERLAP-R048 arm=UNGATED_EXECUTE_ADMISSIBLE wall_ms=3202.423 completion_ms=1506.530
r3e_arm_complete ordinal=639 session_id=NH2-OVERLAP-OVERLAP-R048 arm=PERMISSIVE_GATED wall_ms=5584.760 completion_ms=2593.082
r3e_arm_complete ordinal=640 session_id=NH2-OVERLAP-OVERLAP-R049 arm=SAFE_PRUNING wall_ms=3028.706 completion_ms=1171.064
r3e_arm_complete ordinal=641 session_id=NH2-OVERLAP-OVERLAP-R049 arm=PERMISSIVE_GATED wall_ms=5579.031 completion_ms=1363.567
r3e_arm_complete ordinal=642 session_id=NH2-OVERLAP-OVERLAP-R049 arm=UNGATED_EXECUTE_ADMISSIBLE wall_ms=3293.552 completion_ms=716.377
r3e_arm_complete ordinal=643 session_id=NH2-OVERLAP-OVERLAP-R050 arm=UNGATED_EXECUTE_ADMISSIBLE wall_ms=3197.350 completion_ms=1539.427
r3e_arm_complete ordinal=644 session_id=NH2-OVERLAP-OVERLAP-R050 arm=SAFE_PRUNING wall_ms=3373.302 completion_ms=2009.917
r3e_arm_complete ordinal=645 session_id=NH2-OVERLAP-OVERLAP-R050 arm=PERMISSIVE_GATED wall_ms=5638.648 completion_ms=2589.871
r3e_arm_complete ordinal=646 session_id=NH2-OVERLAP-OVERLAP-R051 arm=UNGATED_EXECUTE_ADMISSIBLE wall_ms=3184.376 completion_ms=2425.813
r3e_arm_complete ordinal=647 session_id=NH2-OVERLAP-OVERLAP-R051 arm=PERMISSIVE_GATED wall_ms=5557.560 completion_ms=3961.520
r3e_arm_complete ordinal=648 session_id=NH2-OVERLAP-OVERLAP-R051 arm=SAFE_PRUNING wall_ms=3360.179 completion_ms=2779.228
r3e_arm_complete ordinal=649 session_id=NH2-OVERLAP-OVERLAP-R052 arm=UNGATED_EXECUTE_ADMISSIBLE wall_ms=3322.242 completion_ms=2439.172
r3e_arm_complete ordinal=650 session_id=NH2-OVERLAP-OVERLAP-R052 arm=PERMISSIVE_GATED wall_ms=5646.657 completion_ms=3962.136
r3e_arm_complete ordinal=651 session_id=NH2-OVERLAP-OVERLAP-R052 arm=SAFE_PRUNING wall_ms=3148.464 completion_ms=2487.130
r3e_arm_complete ordinal=652 session_id=NH2-OVERLAP-OVERLAP-R053 arm=PERMISSIVE_GATED wall_ms=5653.057 completion_ms=1534.434
r3e_arm_complete ordinal=653 session_id=NH2-OVERLAP-OVERLAP-R053 arm=UNGATED_EXECUTE_ADMISSIBLE wall_ms=3334.333 completion_ms=812.906
r3e_arm_complete ordinal=654 session_id=NH2-OVERLAP-OVERLAP-R053 arm=SAFE_PRUNING wall_ms=3288.173 completion_ms=1536.371
r3e_arm_complete ordinal=655 session_id=NH2-OVERLAP-OVERLAP-R054 arm=SAFE_PRUNING wall_ms=3353.071 completion_ms=2955.100
r3e_arm_complete ordinal=656 session_id=NH2-OVERLAP-OVERLAP-R054 arm=UNGATED_EXECUTE_ADMISSIBLE wall_ms=3242.964 completion_ms=2662.421
r3e_arm_complete ordinal=657 session_id=NH2-OVERLAP-OVERLAP-R054 arm=PERMISSIVE_GATED wall_ms=5697.763 completion_ms=4611.867
r3e_arm_complete ordinal=658 session_id=NH2-OVERLAP-OVERLAP-R055 arm=SAFE_PRUNING wall_ms=3070.782 completion_ms=1629.700
r3e_arm_complete ordinal=659 session_id=NH2-OVERLAP-OVERLAP-R055 arm=PERMISSIVE_GATED wall_ms=5695.966 completion_ms=2191.031
r3e_arm_complete ordinal=660 session_id=NH2-OVERLAP-OVERLAP-R055 arm=UNGATED_EXECUTE_ADMISSIBLE wall_ms=3231.081 completion_ms=1057.227
r3e_arm_complete ordinal=661 session_id=NH2-OVERLAP-OVERLAP-R056 arm=UNGATED_EXECUTE_ADMISSIBLE wall_ms=3119.269 completion_ms=1810.260
r3e_arm_complete ordinal=662 session_id=NH2-OVERLAP-OVERLAP-R056 arm=SAFE_PRUNING wall_ms=3040.304 completion_ms=1977.145
r3e_arm_complete ordinal=663 session_id=NH2-OVERLAP-OVERLAP-R056 arm=PERMISSIVE_GATED wall_ms=5616.591 completion_ms=2992.345
r3e_arm_complete ordinal=664 session_id=NH2-OVERLAP-OVERLAP-R057 arm=PERMISSIVE_GATED wall_ms=5529.808 completion_ms=2582.286
r3e_arm_complete ordinal=665 session_id=NH2-OVERLAP-OVERLAP-R057 arm=SAFE_PRUNING wall_ms=2934.833 completion_ms=1749.476
r3e_arm_complete ordinal=666 session_id=NH2-OVERLAP-OVERLAP-R057 arm=UNGATED_EXECUTE_ADMISSIBLE wall_ms=3198.578 completion_ms=1348.020
r3e_arm_complete ordinal=667 session_id=NH2-OVERLAP-OVERLAP-R058 arm=SAFE_PRUNING wall_ms=3322.665 completion_ms=2172.655
r3e_arm_complete ordinal=668 session_id=NH2-OVERLAP-OVERLAP-R058 arm=PERMISSIVE_GATED wall_ms=5622.992 completion_ms=3313.736
r3e_arm_complete ordinal=669 session_id=NH2-OVERLAP-OVERLAP-R058 arm=UNGATED_EXECUTE_ADMISSIBLE wall_ms=3232.489 completion_ms=1833.652
r3e_arm_complete ordinal=670 session_id=NH2-OVERLAP-OVERLAP-R059 arm=PERMISSIVE_GATED wall_ms=5416.423 completion_ms=3147.332
r3e_arm_complete ordinal=671 session_id=NH2-OVERLAP-OVERLAP-R059 arm=UNGATED_EXECUTE_ADMISSIBLE wall_ms=3136.699 completion_ms=1946.408
r3e_arm_complete ordinal=672 session_id=NH2-OVERLAP-OVERLAP-R059 arm=SAFE_PRUNING wall_ms=3018.531 completion_ms=2175.703
r3e_arm_complete ordinal=673 session_id=NH2-OVERLAP-OVERLAP-R060 arm=PERMISSIVE_GATED wall_ms=5511.707 completion_ms=4061.612
r3e_arm_complete ordinal=674 session_id=NH2-OVERLAP-OVERLAP-R060 arm=SAFE_PRUNING wall_ms=3018.108 completion_ms=2474.071
r3e_arm_complete ordinal=675 session_id=NH2-OVERLAP-OVERLAP-R060 arm=UNGATED_EXECUTE_ADMISSIBLE wall_ms=3163.399 completion_ms=2334.940
r3e_arm_complete ordinal=676 session_id=NH2-SINGLE-DISTRACTOR_HEAVY-R046 arm=UNGATED_EXECUTE_ADMISSIBLE wall_ms=3169.718 completion_ms=1261.843
r3e_arm_complete ordinal=677 session_id=NH2-SINGLE-DISTRACTOR_HEAVY-R046 arm=PERMISSIVE_GATED wall_ms=5533.985 completion_ms=2071.077
r3e_arm_complete ordinal=678 session_id=NH2-SINGLE-DISTRACTOR_HEAVY-R046 arm=SAFE_PRUNING wall_ms=2815.940 completion_ms=1155.145
 Container mcad-r3e-xmla1-r3e-mcad-api-1  Restarting
 Container mcad-r3e-xmla1-r3e-mcad-api-1  Started
 Container mcad-r3e-xmla1-r3e-mcad-api-1  Restarting
 Container mcad-r3e-xmla1-r3e-mcad-api-1  Started
 Container mcad-r3e-xmla1-r3e-mcad-api-1  Restarting
 Container mcad-r3e-xmla1-r3e-mcad-api-1  Started
 Container mcad-r3e-xmla1-r3e-mcad-api-1  Restarting
 Container mcad-r3e-xmla1-r3e-mcad-api-1  Started
 Container mcad-r3e-xmla1-r3e-mcad-api-1  Restarting
 Container mcad-r3e-xmla1-r3e-mcad-api-1  Started
 Container mcad-r3e-xmla1-r3e-mcad-api-1  Restarting
 Container mcad-r3e-xmla1-r3e-mcad-api-1  Started
 Container mcad-r3e-xmla1-r3e-mcad-api-1  Restarting
 Container mcad-r3e-xmla1-r3e-mcad-api-1  Started
 Container mcad-r3e-xmla1-r3e-mcad-api-1  Restarting
 Container mcad-r3e-xmla1-r3e-mcad-api-1  Started
 Container mcad-r3e-xmla1-r3e-mcad-api-1  Restarting
 Container mcad-r3e-xmla1-r3e-mcad-api-1  Started
 Container mcad-r3e-xmla1-r3e-mcad-api-1  Restarting
 Container mcad-r3e-xmla1-r3e-mcad-api-1  Started
 Container mcad-r3e-xmla1-r3e-mcad-api-1  Restarting
 Container mcad-r3e-xmla1-r3e-mcad-api-1  Started
 Container mcad-r3e-xmla1-r3e-mcad-api-1  Restarting
 Container mcad-r3e-xmla1-r3e-mcad-api-1  Started
 Container mcad-r3e-xmla1-r3e-mcad-api-1  Restarting
 Container mcad-r3e-xmla1-r3e-mcad-api-1  Started
 Container mcad-r3e-xmla1-r3e-mcad-api-1  Restarting
 Container mcad-r3e-xmla1-r3e-mcad-api-1  Started
 Container mcad-r3e-xmla1-r3e-mcad-api-1  Restarting
 Container mcad-r3e-xmla1-r3e-mcad-api-1  Started
 Container mcad-r3e-xmla1-r3e-mcad-api-1  Restarting
 Container mcad-r3e-xmla1-r3e-mcad-api-1  Started
 Container mcad-r3e-xmla1-r3e-mcad-api-1  Restarting
 Container mcad-r3e-xmla1-r3e-mcad-api-1  Started
 Container mcad-r3e-xmla1-r3e-mcad-api-1  Restarting
 Container mcad-r3e-xmla1-r3e-mcad-api-1  Started
 Container mcad-r3e-xmla1-r3e-mcad-api-1  Restarting
 Container mcad-r3e-xmla1-r3e-mcad-api-1  Started
 Container mcad-r3e-xmla1-r3e-mcad-api-1  Restarting
 Container mcad-r3e-xmla1-r3e-mcad-api-1  Started
 Container mcad-r3e-xmla1-r3e-mcad-api-1  Restarting
 Container mcad-r3e-xmla1-r3e-mcad-api-1  Started
 Container mcad-r3e-xmla1-r3e-mcad-api-1  Restarting
 Container mcad-r3e-xmla1-r3e-mcad-api-1  Started
 Container mcad-r3e-xmla1-r3e-mcad-api-1  Restarting
 Container mcad-r3e-xmla1-r3e-mcad-api-1  Started
 Container mcad-r3e-xmla1-r3e-mcad-api-1  Restarting
 Container mcad-r3e-xmla1-r3e-mcad-api-1  Started
 Container mcad-r3e-xmla1-r3e-mcad-api-1  Restarting
 Container mcad-r3e-xmla1-r3e-mcad-api-1  Started
 Container mcad-r3e-xmla1-r3e-mcad-api-1  Restarting
 Container mcad-r3e-xmla1-r3e-mcad-api-1  Started
 Container mcad-r3e-xmla1-r3e-mcad-api-1  Restarting
 Container mcad-r3e-xmla1-r3e-mcad-api-1  Started
 Container mcad-r3e-xmla1-r3e-mcad-api-1  Restarting
 Container mcad-r3e-xmla1-r3e-mcad-api-1  Started
 Container mcad-r3e-xmla1-r3e-mcad-api-1  Restarting
 Container mcad-r3e-xmla1-r3e-mcad-api-1  Started
 Container mcad-r3e-xmla1-r3e-mcad-api-1  Restarting
 Container mcad-r3e-xmla1-r3e-mcad-api-1  Started
 Container mcad-r3e-xmla1-r3e-mcad-api-1  Restarting
 Container mcad-r3e-xmla1-r3e-mcad-api-1  Started
 Container mcad-r3e-xmla1-r3e-mcad-api-1  Restarting
 Container mcad-r3e-xmla1-r3e-mcad-api-1  Started
 Container mcad-r3e-xmla1-r3e-mcad-api-1  Restarting
 Container mcad-r3e-xmla1-r3e-mcad-api-1  Started
 Container mcad-r3e-xmla1-r3e-mcad-api-1  Restarting
 Container mcad-r3e-xmla1-r3e-mcad-api-1  Started
 Container mcad-r3e-xmla1-r3e-mcad-api-1  Restarting
 Container mcad-r3e-xmla1-r3e-mcad-api-1  Started
 Container mcad-r3e-xmla1-r3e-mcad-api-1  Restarting
 Container mcad-r3e-xmla1-r3e-mcad-api-1  Started
 Container mcad-r3e-xmla1-r3e-mcad-api-1  Restarting
 Container mcad-r3e-xmla1-r3e-mcad-api-1  Started
 Container mcad-r3e-xmla1-r3e-mcad-api-1  Restarting
 Container mcad-r3e-xmla1-r3e-mcad-api-1  Started
 Container mcad-r3e-xmla1-r3e-mcad-api-1  Restarting
 Container mcad-r3e-xmla1-r3e-mcad-api-1  Started
 Container mcad-r3e-xmla1-r3e-mcad-api-1  Restarting
 Container mcad-r3e-xmla1-r3e-mcad-api-1  Started
 Container mcad-r3e-xmla1-r3e-mcad-api-1  Restarting
 Container mcad-r3e-xmla1-r3e-mcad-api-1  Started
 Container mcad-r3e-xmla1-r3e-mcad-api-1  Restarting
 Container mcad-r3e-xmla1-r3e-mcad-api-1  Started
 Container mcad-r3e-xmla1-r3e-mcad-api-1  Restarting
 Container mcad-r3e-xmla1-r3e-mcad-api-1  Started
 Container mcad-r3e-xmla1-r3e-mcad-api-1  Restarting
 Container mcad-r3e-xmla1-r3e-mcad-api-1  Started
 Container mcad-r3e-xmla1-r3e-mcad-api-1  Restarting
 Container mcad-r3e-xmla1-r3e-mcad-api-1  Started
 Container mcad-r3e-xmla1-r3e-mcad-api-1  Restarting
 Container mcad-r3e-xmla1-r3e-mcad-api-1  Started
 Container mcad-r3e-xmla1-r3e-mcad-api-1  Restarting
 Container mcad-r3e-xmla1-r3e-mcad-api-1  Started
 Container mcad-r3e-xmla1-r3e-mcad-api-1  Restarting
 Container mcad-r3e-xmla1-r3e-mcad-api-1  Started
 Container mcad-r3e-xmla1-r3e-mcad-api-1  Restarting
 Container mcad-r3e-xmla1-r3e-mcad-api-1  Started
 Container mcad-r3e-xmla1-r3e-mcad-api-1  Restarting
 Container mcad-r3e-xmla1-r3e-mcad-api-1  Started
 Container mcad-r3e-xmla1-r3e-mcad-api-1  Restarting
 Container mcad-r3e-xmla1-r3e-mcad-api-1  Started
 Container mcad-r3e-xmla1-r3e-mcad-api-1  Restarting
 Container mcad-r3e-xmla1-r3e-mcad-api-1  Started
 Container mcad-r3e-xmla1-r3e-mcad-api-1  Restarting
 Container mcad-r3e-xmla1-r3e-mcad-api-1  Started
 Container mcad-r3e-xmla1-r3e-mcad-api-1  Restarting
 Container mcad-r3e-xmla1-r3e-mcad-api-1  Started
 Container mcad-r3e-xmla1-r3e-mcad-api-1  Restarting
 Container mcad-r3e-xmla1-r3e-mcad-api-1  Started
 Container mcad-r3e-xmla1-r3e-mcad-api-1  Restarting
 Container mcad-r3e-xmla1-r3e-mcad-api-1  Started
 Container mcad-r3e-xmla1-r3e-mcad-api-1  Restarting
 Container mcad-r3e-xmla1-r3e-mcad-api-1  Started
 Container mcad-r3e-xmla1-r3e-mcad-api-1  Restarting
 Container mcad-r3e-xmla1-r3e-mcad-api-1  Started
 Container mcad-r3e-xmla1-r3e-mcad-api-1  Restarting
 Container mcad-r3e-xmla1-r3e-mcad-api-1  Started
 Container mcad-r3e-xmla1-r3e-mcad-api-1  Restarting
 Container mcad-r3e-xmla1-r3e-mcad-api-1  Started
 Container mcad-r3e-xmla1-r3e-mcad-api-1  Restarting
 Container mcad-r3e-xmla1-r3e-mcad-api-1  Started
r3e_arm_complete ordinal=679 session_id=NH2-SINGLE-DISTRACTOR_HEAVY-R047 arm=UNGATED_EXECUTE_ADMISSIBLE wall_ms=3126.320 completion_ms=508.086
r3e_arm_complete ordinal=680 session_id=NH2-SINGLE-DISTRACTOR_HEAVY-R047 arm=SAFE_PRUNING wall_ms=2474.784 completion_ms=873.027
r3e_arm_complete ordinal=681 session_id=NH2-SINGLE-DISTRACTOR_HEAVY-R047 arm=PERMISSIVE_GATED wall_ms=5445.313 completion_ms=1021.273
r3e_arm_complete ordinal=682 session_id=NH2-SINGLE-DISTRACTOR_HEAVY-R048 arm=SAFE_PRUNING wall_ms=2687.523 completion_ms=1334.317
r3e_arm_complete ordinal=683 session_id=NH2-SINGLE-DISTRACTOR_HEAVY-R048 arm=UNGATED_EXECUTE_ADMISSIBLE wall_ms=3258.105 completion_ms=1255.851
r3e_arm_complete ordinal=684 session_id=NH2-SINGLE-DISTRACTOR_HEAVY-R048 arm=PERMISSIVE_GATED wall_ms=5596.577 completion_ms=2015.303
r3e_arm_complete ordinal=685 session_id=NH2-SINGLE-DISTRACTOR_HEAVY-R049 arm=UNGATED_EXECUTE_ADMISSIBLE wall_ms=3161.641 completion_ms=1258.652
r3e_arm_complete ordinal=686 session_id=NH2-SINGLE-DISTRACTOR_HEAVY-R049 arm=SAFE_PRUNING wall_ms=2896.622 completion_ms=1491.151
r3e_arm_complete ordinal=687 session_id=NH2-SINGLE-DISTRACTOR_HEAVY-R049 arm=PERMISSIVE_GATED wall_ms=5295.576 completion_ms=2061.444
r3e_arm_complete ordinal=688 session_id=NH2-SINGLE-DISTRACTOR_HEAVY-R050 arm=SAFE_PRUNING wall_ms=2718.368 completion_ms=1164.002
r3e_arm_complete ordinal=689 session_id=NH2-SINGLE-DISTRACTOR_HEAVY-R050 arm=UNGATED_EXECUTE_ADMISSIBLE wall_ms=3320.815 completion_ms=836.703
r3e_arm_complete ordinal=690 session_id=NH2-SINGLE-DISTRACTOR_HEAVY-R050 arm=PERMISSIVE_GATED wall_ms=5572.626 completion_ms=1760.423
r3e_arm_complete ordinal=691 session_id=NH2-SINGLE-DISTRACTOR_HEAVY-R051 arm=PERMISSIVE_GATED wall_ms=5635.925 completion_ms=1192.175
r3e_arm_complete ordinal=692 session_id=NH2-SINGLE-DISTRACTOR_HEAVY-R051 arm=SAFE_PRUNING wall_ms=2616.122 completion_ms=892.411
r3e_arm_complete ordinal=693 session_id=NH2-SINGLE-DISTRACTOR_HEAVY-R051 arm=UNGATED_EXECUTE_ADMISSIBLE wall_ms=3383.213 completion_ms=788.244
r3e_arm_complete ordinal=694 session_id=NH2-SINGLE-DISTRACTOR_HEAVY-R052 arm=SAFE_PRUNING wall_ms=2610.228 completion_ms=1292.273
r3e_arm_complete ordinal=695 session_id=NH2-SINGLE-DISTRACTOR_HEAVY-R052 arm=PERMISSIVE_GATED wall_ms=5430.158 completion_ms=1867.830
r3e_arm_complete ordinal=696 session_id=NH2-SINGLE-DISTRACTOR_HEAVY-R052 arm=UNGATED_EXECUTE_ADMISSIBLE wall_ms=3228.576 completion_ms=1109.856
r3e_arm_complete ordinal=697 session_id=NH2-SINGLE-DISTRACTOR_HEAVY-R053 arm=UNGATED_EXECUTE_ADMISSIBLE wall_ms=3158.039 completion_ms=1110.316
r3e_arm_complete ordinal=698 session_id=NH2-SINGLE-DISTRACTOR_HEAVY-R053 arm=PERMISSIVE_GATED wall_ms=5480.102 completion_ms=1978.666
r3e_arm_complete ordinal=699 session_id=NH2-SINGLE-DISTRACTOR_HEAVY-R053 arm=SAFE_PRUNING wall_ms=2901.069 completion_ms=1498.806
r3e_arm_complete ordinal=700 session_id=NH2-SINGLE-DISTRACTOR_HEAVY-R054 arm=PERMISSIVE_GATED wall_ms=5509.580 completion_ms=1570.232
r3e_arm_complete ordinal=701 session_id=NH2-SINGLE-DISTRACTOR_HEAVY-R054 arm=UNGATED_EXECUTE_ADMISSIBLE wall_ms=3145.571 completion_ms=808.178
r3e_arm_complete ordinal=702 session_id=NH2-SINGLE-DISTRACTOR_HEAVY-R054 arm=SAFE_PRUNING wall_ms=2605.942 completion_ms=965.279
r3e_arm_complete ordinal=703 session_id=NH2-SINGLE-DISTRACTOR_HEAVY-R055 arm=SAFE_PRUNING wall_ms=2714.847 completion_ms=1606.312
r3e_arm_complete ordinal=704 session_id=NH2-SINGLE-DISTRACTOR_HEAVY-R055 arm=UNGATED_EXECUTE_ADMISSIBLE wall_ms=3146.432 completion_ms=1158.386
r3e_arm_complete ordinal=705 session_id=NH2-SINGLE-DISTRACTOR_HEAVY-R055 arm=PERMISSIVE_GATED wall_ms=5270.174 completion_ms=2191.665
r3e_arm_complete ordinal=706 session_id=NH2-SINGLE-DISTRACTOR_HEAVY-R056 arm=PERMISSIVE_GATED wall_ms=5422.810 completion_ms=1932.139
r3e_arm_complete ordinal=707 session_id=NH2-SINGLE-DISTRACTOR_HEAVY-R056 arm=UNGATED_EXECUTE_ADMISSIBLE wall_ms=3320.316 completion_ms=1256.081
r3e_arm_complete ordinal=708 session_id=NH2-SINGLE-DISTRACTOR_HEAVY-R056 arm=SAFE_PRUNING wall_ms=2506.738 completion_ms=1170.215
r3e_arm_complete ordinal=709 session_id=NH2-SINGLE-DISTRACTOR_HEAVY-R057 arm=UNGATED_EXECUTE_ADMISSIBLE wall_ms=3088.194 completion_ms=440.202
r3e_arm_complete ordinal=710 session_id=NH2-SINGLE-DISTRACTOR_HEAVY-R057 arm=PERMISSIVE_GATED wall_ms=5400.147 completion_ms=910.036
r3e_arm_complete ordinal=711 session_id=NH2-SINGLE-DISTRACTOR_HEAVY-R057 arm=SAFE_PRUNING wall_ms=2676.897 completion_ms=874.833
r3e_arm_complete ordinal=712 session_id=NH2-SINGLE-DISTRACTOR_HEAVY-R058 arm=PERMISSIVE_GATED wall_ms=5386.333 completion_ms=2132.930
r3e_arm_complete ordinal=713 session_id=NH2-SINGLE-DISTRACTOR_HEAVY-R058 arm=SAFE_PRUNING wall_ms=2554.641 completion_ms=1277.162
r3e_arm_complete ordinal=714 session_id=NH2-SINGLE-DISTRACTOR_HEAVY-R058 arm=UNGATED_EXECUTE_ADMISSIBLE wall_ms=3028.833 completion_ms=1106.044
r3e_arm_complete ordinal=715 session_id=NH2-SINGLE-DISTRACTOR_HEAVY-R059 arm=SAFE_PRUNING wall_ms=2765.096 completion_ms=806.307
r3e_arm_complete ordinal=716 session_id=NH2-SINGLE-DISTRACTOR_HEAVY-R059 arm=PERMISSIVE_GATED wall_ms=5582.293 completion_ms=845.205
r3e_arm_complete ordinal=717 session_id=NH2-SINGLE-DISTRACTOR_HEAVY-R059 arm=UNGATED_EXECUTE_ADMISSIBLE wall_ms=3302.970 completion_ms=372.600
r3e_arm_complete ordinal=718 session_id=NH2-SINGLE-DISTRACTOR_HEAVY-R060 arm=UNGATED_EXECUTE_ADMISSIBLE wall_ms=3258.948 completion_ms=1460.463
r3e_arm_complete ordinal=719 session_id=NH2-SINGLE-DISTRACTOR_HEAVY-R060 arm=SAFE_PRUNING wall_ms=2748.314 completion_ms=1716.028
r3e_arm_complete ordinal=720 session_id=NH2-SINGLE-DISTRACTOR_HEAVY-R060 arm=PERMISSIVE_GATED wall_ms=5488.457 completion_ms=2685.062
r3e_arm_complete ordinal=721 session_id=NH2-SINGLE-MIXED_SAT-R046 arm=UNGATED_EXECUTE_ADMISSIBLE wall_ms=2731.454 completion_ms=802.351
r3e_arm_complete ordinal=722 session_id=NH2-SINGLE-MIXED_SAT-R046 arm=PERMISSIVE_GATED wall_ms=4927.081 completion_ms=1406.916
r3e_arm_complete ordinal=723 session_id=NH2-SINGLE-MIXED_SAT-R046 arm=SAFE_PRUNING wall_ms=2803.436 completion_ms=1246.527
r3e_arm_complete ordinal=724 session_id=NH2-SINGLE-MIXED_SAT-R047 arm=SAFE_PRUNING wall_ms=2797.623 completion_ms=1640.321
r3e_arm_complete ordinal=725 session_id=NH2-SINGLE-MIXED_SAT-R047 arm=UNGATED_EXECUTE_ADMISSIBLE wall_ms=2740.602 completion_ms=1332.288
r3e_arm_complete ordinal=726 session_id=NH2-SINGLE-MIXED_SAT-R047 arm=PERMISSIVE_GATED wall_ms=5172.925 completion_ms=2314.335
r3e_arm_complete ordinal=727 session_id=NH2-SINGLE-MIXED_SAT-R048 arm=PERMISSIVE_GATED wall_ms=4926.848 completion_ms=852.367
r3e_arm_complete ordinal=728 session_id=NH2-SINGLE-MIXED_SAT-R048 arm=SAFE_PRUNING wall_ms=2851.267 completion_ms=799.595
r3e_arm_complete ordinal=729 session_id=NH2-SINGLE-MIXED_SAT-R048 arm=UNGATED_EXECUTE_ADMISSIBLE wall_ms=2790.642 completion_ms=359.629
r3e_arm_complete ordinal=730 session_id=NH2-SINGLE-MIXED_SAT-R049 arm=SAFE_PRUNING wall_ms=2648.976 completion_ms=1169.916
r3e_arm_complete ordinal=731 session_id=NH2-SINGLE-MIXED_SAT-R049 arm=PERMISSIVE_GATED wall_ms=5307.583 completion_ms=1589.875
r3e_arm_complete ordinal=732 session_id=NH2-SINGLE-MIXED_SAT-R049 arm=UNGATED_EXECUTE_ADMISSIBLE wall_ms=2930.284 completion_ms=887.303
r3e_arm_complete ordinal=733 session_id=NH2-SINGLE-MIXED_SAT-R050 arm=UNGATED_EXECUTE_ADMISSIBLE wall_ms=3015.919 completion_ms=1263.200
r3e_arm_complete ordinal=734 session_id=NH2-SINGLE-MIXED_SAT-R050 arm=SAFE_PRUNING wall_ms=3091.832 completion_ms=1523.780
r3e_arm_complete ordinal=735 session_id=NH2-SINGLE-MIXED_SAT-R050 arm=PERMISSIVE_GATED wall_ms=5069.453 completion_ms=2101.746
r3e_arm_complete ordinal=736 session_id=NH2-SINGLE-MIXED_SAT-R051 arm=PERMISSIVE_GATED wall_ms=5111.114 completion_ms=2309.839
r3e_arm_complete ordinal=737 session_id=NH2-SINGLE-MIXED_SAT-R051 arm=UNGATED_EXECUTE_ADMISSIBLE wall_ms=2765.450 completion_ms=1155.117
r3e_arm_complete ordinal=738 session_id=NH2-SINGLE-MIXED_SAT-R051 arm=SAFE_PRUNING wall_ms=2799.370 completion_ms=1470.921
r3e_arm_complete ordinal=739 session_id=NH2-SINGLE-MIXED_SAT-R052 arm=PERMISSIVE_GATED wall_ms=5204.273 completion_ms=1730.490
 Container mcad-r3e-xmla1-r3e-mcad-api-1  Restarting
 Container mcad-r3e-xmla1-r3e-mcad-api-1  Started
 Container mcad-r3e-xmla1-r3e-mcad-api-1  Restarting
 Container mcad-r3e-xmla1-r3e-mcad-api-1  Started
 Container mcad-r3e-xmla1-r3e-mcad-api-1  Restarting
 Container mcad-r3e-xmla1-r3e-mcad-api-1  Started
 Container mcad-r3e-xmla1-r3e-mcad-api-1  Restarting
 Container mcad-r3e-xmla1-r3e-mcad-api-1  Started
 Container mcad-r3e-xmla1-r3e-mcad-api-1  Restarting
 Container mcad-r3e-xmla1-r3e-mcad-api-1  Started
 Container mcad-r3e-xmla1-r3e-mcad-api-1  Restarting
 Container mcad-r3e-xmla1-r3e-mcad-api-1  Started
 Container mcad-r3e-xmla1-r3e-mcad-api-1  Restarting
 Container mcad-r3e-xmla1-r3e-mcad-api-1  Started
 Container mcad-r3e-xmla1-r3e-mcad-api-1  Restarting
 Container mcad-r3e-xmla1-r3e-mcad-api-1  Started
 Container mcad-r3e-xmla1-r3e-mcad-api-1  Restarting
 Container mcad-r3e-xmla1-r3e-mcad-api-1  Started
 Container mcad-r3e-xmla1-r3e-mcad-api-1  Restarting
 Container mcad-r3e-xmla1-r3e-mcad-api-1  Started
 Container mcad-r3e-xmla1-r3e-mcad-api-1  Restarting
 Container mcad-r3e-xmla1-r3e-mcad-api-1  Started
 Container mcad-r3e-xmla1-r3e-mcad-api-1  Restarting
 Container mcad-r3e-xmla1-r3e-mcad-api-1  Started
 Container mcad-r3e-xmla1-r3e-mcad-api-1  Restarting
 Container mcad-r3e-xmla1-r3e-mcad-api-1  Started
 Container mcad-r3e-xmla1-r3e-mcad-api-1  Restarting
 Container mcad-r3e-xmla1-r3e-mcad-api-1  Started
 Container mcad-r3e-xmla1-r3e-mcad-api-1  Restarting
 Container mcad-r3e-xmla1-r3e-mcad-api-1  Started
 Container mcad-r3e-xmla1-r3e-mcad-api-1  Restarting
 Container mcad-r3e-xmla1-r3e-mcad-api-1  Started
 Container mcad-r3e-xmla1-r3e-mcad-api-1  Restarting
 Container mcad-r3e-xmla1-r3e-mcad-api-1  Started
 Container mcad-r3e-xmla1-r3e-mcad-api-1  Restarting
 Container mcad-r3e-xmla1-r3e-mcad-api-1  Started
 Container mcad-r3e-xmla1-r3e-mcad-api-1  Restarting
 Container mcad-r3e-xmla1-r3e-mcad-api-1  Started
 Container mcad-r3e-xmla1-r3e-mcad-api-1  Restarting
 Container mcad-r3e-xmla1-r3e-mcad-api-1  Started
 Container mcad-r3e-xmla1-r3e-mcad-api-1  Restarting
 Container mcad-r3e-xmla1-r3e-mcad-api-1  Started
 Container mcad-r3e-xmla1-r3e-mcad-api-1  Restarting
 Container mcad-r3e-xmla1-r3e-mcad-api-1  Started
 Container mcad-r3e-xmla1-r3e-mcad-api-1  Restarting
 Container mcad-r3e-xmla1-r3e-mcad-api-1  Started
 Container mcad-r3e-xmla1-r3e-mcad-api-1  Restarting
 Container mcad-r3e-xmla1-r3e-mcad-api-1  Started
 Container mcad-r3e-xmla1-r3e-mcad-api-1  Restarting
 Container mcad-r3e-xmla1-r3e-mcad-api-1  Started
 Container mcad-r3e-xmla1-r3e-mcad-api-1  Restarting
 Container mcad-r3e-xmla1-r3e-mcad-api-1  Started
 Container mcad-r3e-xmla1-r3e-mcad-api-1  Restarting
 Container mcad-r3e-xmla1-r3e-mcad-api-1  Started
 Container mcad-r3e-xmla1-r3e-mcad-api-1  Restarting
 Container mcad-r3e-xmla1-r3e-mcad-api-1  Started
 Container mcad-r3e-xmla1-r3e-mcad-api-1  Restarting
 Container mcad-r3e-xmla1-r3e-mcad-api-1  Started
 Container mcad-r3e-xmla1-r3e-mcad-api-1  Restarting
 Container mcad-r3e-xmla1-r3e-mcad-api-1  Started
 Container mcad-r3e-xmla1-r3e-mcad-api-1  Restarting
 Container mcad-r3e-xmla1-r3e-mcad-api-1  Started
 Container mcad-r3e-xmla1-r3e-mcad-api-1  Restarting
 Container mcad-r3e-xmla1-r3e-mcad-api-1  Started
 Container mcad-r3e-xmla1-r3e-mcad-api-1  Restarting
 Container mcad-r3e-xmla1-r3e-mcad-api-1  Started
 Container mcad-r3e-xmla1-r3e-mcad-api-1  Restarting
 Container mcad-r3e-xmla1-r3e-mcad-api-1  Started
 Container mcad-r3e-xmla1-r3e-mcad-api-1  Restarting
 Container mcad-r3e-xmla1-r3e-mcad-api-1  Started
 Container mcad-r3e-xmla1-r3e-mcad-api-1  Restarting
 Container mcad-r3e-xmla1-r3e-mcad-api-1  Started
 Container mcad-r3e-xmla1-r3e-mcad-api-1  Restarting
 Container mcad-r3e-xmla1-r3e-mcad-api-1  Started
 Container mcad-r3e-xmla1-r3e-mcad-api-1  Restarting
 Container mcad-r3e-xmla1-r3e-mcad-api-1  Started
 Container mcad-r3e-xmla1-r3e-mcad-api-1  Restarting
 Container mcad-r3e-xmla1-r3e-mcad-api-1  Started
 Container mcad-r3e-xmla1-r3e-mcad-api-1  Restarting
 Container mcad-r3e-xmla1-r3e-mcad-api-1  Started
 Container mcad-r3e-xmla1-r3e-mcad-api-1  Restarting
 Container mcad-r3e-xmla1-r3e-mcad-api-1  Started
 Container mcad-r3e-xmla1-r3e-mcad-api-1  Restarting
 Container mcad-r3e-xmla1-r3e-mcad-api-1  Started
 Container mcad-r3e-xmla1-r3e-mcad-api-1  Restarting
 Container mcad-r3e-xmla1-r3e-mcad-api-1  Started
 Container mcad-r3e-xmla1-r3e-mcad-api-1  Restarting
 Container mcad-r3e-xmla1-r3e-mcad-api-1  Started
 Container mcad-r3e-xmla1-r3e-mcad-api-1  Restarting
 Container mcad-r3e-xmla1-r3e-mcad-api-1  Started
 Container mcad-r3e-xmla1-r3e-mcad-api-1  Restarting
 Container mcad-r3e-xmla1-r3e-mcad-api-1  Started
 Container mcad-r3e-xmla1-r3e-mcad-api-1  Restarting
 Container mcad-r3e-xmla1-r3e-mcad-api-1  Started
 Container mcad-r3e-xmla1-r3e-mcad-api-1  Restarting
 Container mcad-r3e-xmla1-r3e-mcad-api-1  Started
 Container mcad-r3e-xmla1-r3e-mcad-api-1  Restarting
 Container mcad-r3e-xmla1-r3e-mcad-api-1  Started
 Container mcad-r3e-xmla1-r3e-mcad-api-1  Restarting
 Container mcad-r3e-xmla1-r3e-mcad-api-1  Started
 Container mcad-r3e-xmla1-r3e-mcad-api-1  Restarting
 Container mcad-r3e-xmla1-r3e-mcad-api-1  Started
 Container mcad-r3e-xmla1-r3e-mcad-api-1  Restarting
 Container mcad-r3e-xmla1-r3e-mcad-api-1  Started
 Container mcad-r3e-xmla1-r3e-mcad-api-1  Restarting
 Container mcad-r3e-xmla1-r3e-mcad-api-1  Started
 Container mcad-r3e-xmla1-r3e-mcad-api-1  Restarting
 Container mcad-r3e-xmla1-r3e-mcad-api-1  Started
 Container mcad-r3e-xmla1-r3e-mcad-api-1  Restarting
 Container mcad-r3e-xmla1-r3e-mcad-api-1  Started
 Container mcad-r3e-xmla1-r3e-mcad-api-1  Restarting
 Container mcad-r3e-xmla1-r3e-mcad-api-1  Started
 Container mcad-r3e-xmla1-r3e-mcad-api-1  Restarting
 Container mcad-r3e-xmla1-r3e-mcad-api-1  Started
 Container mcad-r3e-xmla1-r3e-mcad-api-1  Restarting
 Container mcad-r3e-xmla1-r3e-mcad-api-1  Started
 Container mcad-r3e-xmla1-r3e-mcad-api-1  Restarting
 Container mcad-r3e-xmla1-r3e-mcad-api-1  Started
 Container mcad-r3e-xmla1-r3e-mcad-api-1  Restarting
 Container mcad-r3e-xmla1-r3e-mcad-api-1  Started
 Container mcad-r3e-xmla1-r3e-mcad-api-1  Restarting
 Container mcad-r3e-xmla1-r3e-mcad-api-1  Started
 Container mcad-r3e-xmla1-r3e-mcad-api-1  Restarting
 Container mcad-r3e-xmla1-r3e-mcad-api-1  Started
 Container mcad-r3e-xmla1-r3e-mcad-api-1  Restarting
 Container mcad-r3e-xmla1-r3e-mcad-api-1  Started
 Container mcad-r3e-xmla1-r3e-mcad-api-1  Restarting
 Container mcad-r3e-xmla1-r3e-mcad-api-1  Started
r3e_arm_complete ordinal=740 session_id=NH2-SINGLE-MIXED_SAT-R052 arm=SAFE_PRUNING wall_ms=2936.727 completion_ms=1419.480
r3e_arm_complete ordinal=741 session_id=NH2-SINGLE-MIXED_SAT-R052 arm=UNGATED_EXECUTE_ADMISSIBLE wall_ms=2938.000 completion_ms=1050.152
r3e_arm_complete ordinal=742 session_id=NH2-SINGLE-MIXED_SAT-R053 arm=SAFE_PRUNING wall_ms=2648.753 completion_ms=1197.470
r3e_arm_complete ordinal=743 session_id=NH2-SINGLE-MIXED_SAT-R053 arm=PERMISSIVE_GATED wall_ms=5041.014 completion_ms=1702.030
r3e_arm_complete ordinal=744 session_id=NH2-SINGLE-MIXED_SAT-R053 arm=UNGATED_EXECUTE_ADMISSIBLE wall_ms=2801.268 completion_ms=985.040
r3e_arm_complete ordinal=745 session_id=NH2-SINGLE-MIXED_SAT-R054 arm=SAFE_PRUNING wall_ms=2537.898 completion_ms=948.284
r3e_arm_complete ordinal=746 session_id=NH2-SINGLE-MIXED_SAT-R054 arm=UNGATED_EXECUTE_ADMISSIBLE wall_ms=2792.998 completion_ms=657.273
r3e_arm_complete ordinal=747 session_id=NH2-SINGLE-MIXED_SAT-R054 arm=PERMISSIVE_GATED wall_ms=4873.866 completion_ms=1233.840
r3e_arm_complete ordinal=748 session_id=NH2-SINGLE-MIXED_SAT-R055 arm=PERMISSIVE_GATED wall_ms=4915.342 completion_ms=2046.967
r3e_arm_complete ordinal=749 session_id=NH2-SINGLE-MIXED_SAT-R055 arm=UNGATED_EXECUTE_ADMISSIBLE wall_ms=2865.343 completion_ms=1108.494
r3e_arm_complete ordinal=750 session_id=NH2-SINGLE-MIXED_SAT-R055 arm=SAFE_PRUNING wall_ms=2581.362 completion_ms=1265.323
r3e_arm_complete ordinal=751 session_id=NH2-SINGLE-MIXED_SAT-R056 arm=UNGATED_EXECUTE_ADMISSIBLE wall_ms=2916.586 completion_ms=1061.321
r3e_arm_complete ordinal=752 session_id=NH2-SINGLE-MIXED_SAT-R056 arm=PERMISSIVE_GATED wall_ms=5251.779 completion_ms=1800.472
r3e_arm_complete ordinal=753 session_id=NH2-SINGLE-MIXED_SAT-R056 arm=SAFE_PRUNING wall_ms=3110.507 completion_ms=1390.035
r3e_arm_complete ordinal=754 session_id=NH2-SINGLE-MIXED_SAT-R057 arm=UNGATED_EXECUTE_ADMISSIBLE wall_ms=2931.131 completion_ms=636.001
r3e_arm_complete ordinal=755 session_id=NH2-SINGLE-MIXED_SAT-R057 arm=SAFE_PRUNING wall_ms=2746.256 completion_ms=1066.095
r3e_arm_complete ordinal=756 session_id=NH2-SINGLE-MIXED_SAT-R057 arm=PERMISSIVE_GATED wall_ms=4973.625 completion_ms=1209.879
r3e_arm_complete ordinal=757 session_id=NH2-SINGLE-MIXED_SAT-R058 arm=SAFE_PRUNING wall_ms=2973.473 completion_ms=1350.880
r3e_arm_complete ordinal=758 session_id=NH2-SINGLE-MIXED_SAT-R058 arm=PERMISSIVE_GATED wall_ms=4825.624 completion_ms=1438.514
r3e_arm_complete ordinal=759 session_id=NH2-SINGLE-MIXED_SAT-R058 arm=UNGATED_EXECUTE_ADMISSIBLE wall_ms=2865.517 completion_ms=768.221
r3e_arm_complete ordinal=760 session_id=NH2-SINGLE-MIXED_SAT-R059 arm=PERMISSIVE_GATED wall_ms=4839.140 completion_ms=2895.335
r3e_arm_complete ordinal=761 session_id=NH2-SINGLE-MIXED_SAT-R059 arm=UNGATED_EXECUTE_ADMISSIBLE wall_ms=2864.111 completion_ms=1631.981
r3e_arm_complete ordinal=762 session_id=NH2-SINGLE-MIXED_SAT-R059 arm=SAFE_PRUNING wall_ms=3022.531 completion_ms=1881.975
r3e_arm_complete ordinal=763 session_id=NH2-SINGLE-MIXED_SAT-R060 arm=UNGATED_EXECUTE_ADMISSIBLE wall_ms=2836.568 completion_ms=841.498
r3e_arm_complete ordinal=764 session_id=NH2-SINGLE-MIXED_SAT-R060 arm=SAFE_PRUNING wall_ms=2602.033 completion_ms=1208.727
r3e_arm_complete ordinal=765 session_id=NH2-SINGLE-MIXED_SAT-R060 arm=PERMISSIVE_GATED wall_ms=4946.545 completion_ms=1651.276
r3e_arm_complete ordinal=766 session_id=NH2-SINGLE-ORDERED-R046 arm=PERMISSIVE_GATED wall_ms=5249.219 completion_ms=854.109
r3e_arm_complete ordinal=767 session_id=NH2-SINGLE-ORDERED-R046 arm=SAFE_PRUNING wall_ms=2667.044 completion_ms=694.239
r3e_arm_complete ordinal=768 session_id=NH2-SINGLE-ORDERED-R046 arm=UNGATED_EXECUTE_ADMISSIBLE wall_ms=3020.513 completion_ms=363.490
r3e_arm_complete ordinal=769 session_id=NH2-SINGLE-ORDERED-R047 arm=UNGATED_EXECUTE_ADMISSIBLE wall_ms=3385.652 completion_ms=420.906
r3e_arm_complete ordinal=770 session_id=NH2-SINGLE-ORDERED-R047 arm=PERMISSIVE_GATED wall_ms=5480.003 completion_ms=761.880
r3e_arm_complete ordinal=771 session_id=NH2-SINGLE-ORDERED-R047 arm=SAFE_PRUNING wall_ms=2720.874 completion_ms=759.605
r3e_arm_complete ordinal=772 session_id=NH2-SINGLE-ORDERED-R048 arm=SAFE_PRUNING wall_ms=2838.355 completion_ms=767.282
r3e_arm_complete ordinal=773 session_id=NH2-SINGLE-ORDERED-R048 arm=UNGATED_EXECUTE_ADMISSIBLE wall_ms=3187.353 completion_ms=366.058
r3e_arm_complete ordinal=774 session_id=NH2-SINGLE-ORDERED-R048 arm=PERMISSIVE_GATED wall_ms=5541.263 completion_ms=781.222
r3e_arm_complete ordinal=775 session_id=NH2-SINGLE-ORDERED-R049 arm=UNGATED_EXECUTE_ADMISSIBLE wall_ms=3035.391 completion_ms=379.610
r3e_arm_complete ordinal=776 session_id=NH2-SINGLE-ORDERED-R049 arm=PERMISSIVE_GATED wall_ms=5371.591 completion_ms=789.375
r3e_arm_complete ordinal=777 session_id=NH2-SINGLE-ORDERED-R049 arm=SAFE_PRUNING wall_ms=2990.230 completion_ms=805.529
r3e_arm_complete ordinal=778 session_id=NH2-SINGLE-ORDERED-R050 arm=UNGATED_EXECUTE_ADMISSIBLE wall_ms=3267.132 completion_ms=373.873
r3e_arm_complete ordinal=779 session_id=NH2-SINGLE-ORDERED-R050 arm=SAFE_PRUNING wall_ms=2608.400 completion_ms=839.575
r3e_arm_complete ordinal=780 session_id=NH2-SINGLE-ORDERED-R050 arm=PERMISSIVE_GATED wall_ms=5447.088 completion_ms=776.957
r3e_arm_complete ordinal=781 session_id=NH2-SINGLE-ORDERED-R051 arm=PERMISSIVE_GATED wall_ms=5355.710 completion_ms=848.817
r3e_arm_complete ordinal=782 session_id=NH2-SINGLE-ORDERED-R051 arm=UNGATED_EXECUTE_ADMISSIBLE wall_ms=3146.529 completion_ms=461.905
r3e_arm_complete ordinal=783 session_id=NH2-SINGLE-ORDERED-R051 arm=SAFE_PRUNING wall_ms=2775.585 completion_ms=807.947
r3e_arm_complete ordinal=784 session_id=NH2-SINGLE-ORDERED-R052 arm=SAFE_PRUNING wall_ms=2532.367 completion_ms=849.550
r3e_arm_complete ordinal=785 session_id=NH2-SINGLE-ORDERED-R052 arm=PERMISSIVE_GATED wall_ms=5622.905 completion_ms=840.483
r3e_arm_complete ordinal=786 session_id=NH2-SINGLE-ORDERED-R052 arm=UNGATED_EXECUTE_ADMISSIBLE wall_ms=3295.662 completion_ms=408.065
r3e_arm_complete ordinal=787 session_id=NH2-SINGLE-ORDERED-R053 arm=PERMISSIVE_GATED wall_ms=5322.293 completion_ms=756.592
r3e_arm_complete ordinal=788 session_id=NH2-SINGLE-ORDERED-R053 arm=SAFE_PRUNING wall_ms=2527.865 completion_ms=758.504
r3e_arm_complete ordinal=789 session_id=NH2-SINGLE-ORDERED-R053 arm=UNGATED_EXECUTE_ADMISSIBLE wall_ms=3088.664 completion_ms=369.801
r3e_arm_complete ordinal=790 session_id=NH2-SINGLE-ORDERED-R054 arm=SAFE_PRUNING wall_ms=2571.579 completion_ms=792.806
r3e_arm_complete ordinal=791 session_id=NH2-SINGLE-ORDERED-R054 arm=UNGATED_EXECUTE_ADMISSIBLE wall_ms=3253.594 completion_ms=409.603
r3e_arm_complete ordinal=792 session_id=NH2-SINGLE-ORDERED-R054 arm=PERMISSIVE_GATED wall_ms=5578.202 completion_ms=765.963
r3e_arm_complete ordinal=793 session_id=NH2-SINGLE-ORDERED-R055 arm=PERMISSIVE_GATED wall_ms=5577.480 completion_ms=764.382
r3e_arm_complete ordinal=794 session_id=NH2-SINGLE-ORDERED-R055 arm=UNGATED_EXECUTE_ADMISSIBLE wall_ms=3203.960 completion_ms=411.211
r3e_arm_complete ordinal=795 session_id=NH2-SINGLE-ORDERED-R055 arm=SAFE_PRUNING wall_ms=2461.349 completion_ms=795.671
r3e_arm_complete ordinal=796 session_id=NH2-SINGLE-ORDERED-R056 arm=UNGATED_EXECUTE_ADMISSIBLE wall_ms=3072.261 completion_ms=381.391
r3e_arm_complete ordinal=797 session_id=NH2-SINGLE-ORDERED-R056 arm=SAFE_PRUNING wall_ms=2779.698 completion_ms=765.240
r3e_arm_complete ordinal=798 session_id=NH2-SINGLE-ORDERED-R056 arm=PERMISSIVE_GATED wall_ms=5426.421 completion_ms=769.695
r3e_arm_complete ordinal=799 session_id=NH2-SINGLE-ORDERED-R057 arm=UNGATED_EXECUTE_ADMISSIBLE wall_ms=3217.119 completion_ms=368.587
r3e_arm_complete ordinal=800 session_id=NH2-SINGLE-ORDERED-R057 arm=PERMISSIVE_GATED wall_ms=5527.696 completion_ms=835.595
r3e_arm_complete ordinal=801 session_id=NH2-SINGLE-ORDERED-R057 arm=SAFE_PRUNING wall_ms=2812.648 completion_ms=877.056
r3e_arm_complete ordinal=802 session_id=NH2-SINGLE-ORDERED-R058 arm=PERMISSIVE_GATED wall_ms=5098.041 completion_ms=814.172
r3e_arm_complete ordinal=803 session_id=NH2-SINGLE-ORDERED-R058 arm=SAFE_PRUNING wall_ms=2475.510 completion_ms=764.852
 Container mcad-r3e-xmla1-r3e-mcad-api-1  Restarting
 Container mcad-r3e-xmla1-r3e-mcad-api-1  Started
 Container mcad-r3e-xmla1-r3e-mcad-api-1  Restarting
 Container mcad-r3e-xmla1-r3e-mcad-api-1  Started
 Container mcad-r3e-xmla1-r3e-mcad-api-1  Restarting
 Container mcad-r3e-xmla1-r3e-mcad-api-1  Started
 Container mcad-r3e-xmla1-r3e-mcad-api-1  Restarting
 Container mcad-r3e-xmla1-r3e-mcad-api-1  Started
 Container mcad-r3e-xmla1-r3e-mcad-api-1  Restarting
 Container mcad-r3e-xmla1-r3e-mcad-api-1  Started
 Container mcad-r3e-xmla1-r3e-mcad-api-1  Restarting
 Container mcad-r3e-xmla1-r3e-mcad-api-1  Started
 Container mcad-r3e-xmla1-r3e-mcad-api-1  Restarting
 Container mcad-r3e-xmla1-r3e-mcad-api-1  Started
 Container mcad-r3e-xmla1-r3e-mcad-api-1  Restarting
 Container mcad-r3e-xmla1-r3e-mcad-api-1  Started
 Container mcad-r3e-xmla1-r3e-mcad-api-1  Restarting
 Container mcad-r3e-xmla1-r3e-mcad-api-1  Started
 Container mcad-r3e-xmla1-r3e-mcad-api-1  Restarting
 Container mcad-r3e-xmla1-r3e-mcad-api-1  Started
 Container mcad-r3e-xmla1-r3e-mcad-api-1  Restarting
 Container mcad-r3e-xmla1-r3e-mcad-api-1  Started
 Container mcad-r3e-xmla1-r3e-mcad-api-1  Restarting
 Container mcad-r3e-xmla1-r3e-mcad-api-1  Started
 Container mcad-r3e-xmla1-r3e-mcad-api-1  Restarting
 Container mcad-r3e-xmla1-r3e-mcad-api-1  Started
 Container mcad-r3e-xmla1-r3e-mcad-api-1  Restarting
 Container mcad-r3e-xmla1-r3e-mcad-api-1  Started
 Container mcad-r3e-xmla1-r3e-mcad-api-1  Restarting
 Container mcad-r3e-xmla1-r3e-mcad-api-1  Started
 Container mcad-r3e-xmla1-r3e-mcad-api-1  Restarting
 Container mcad-r3e-xmla1-r3e-mcad-api-1  Started
 Container mcad-r3e-xmla1-r3e-mcad-api-1  Restarting
 Container mcad-r3e-xmla1-r3e-mcad-api-1  Started
 Container mcad-r3e-xmla1-r3e-mcad-api-1  Restarting
 Container mcad-r3e-xmla1-r3e-mcad-api-1  Started
 Container mcad-r3e-xmla1-r3e-mcad-api-1  Restarting
 Container mcad-r3e-xmla1-r3e-mcad-api-1  Started
 Container mcad-r3e-xmla1-r3e-mcad-api-1  Restarting
 Container mcad-r3e-xmla1-r3e-mcad-api-1  Started
 Container mcad-r3e-xmla1-r3e-mcad-api-1  Restarting
 Container mcad-r3e-xmla1-r3e-mcad-api-1  Started
 Container mcad-r3e-xmla1-r3e-mcad-api-1  Restarting
 Container mcad-r3e-xmla1-r3e-mcad-api-1  Started
 Container mcad-r3e-xmla1-r3e-mcad-api-1  Restarting
 Container mcad-r3e-xmla1-r3e-mcad-api-1  Started
 Container mcad-r3e-xmla1-r3e-mcad-api-1  Restarting
 Container mcad-r3e-xmla1-r3e-mcad-api-1  Started
 Container mcad-r3e-xmla1-r3e-mcad-api-1  Restarting
 Container mcad-r3e-xmla1-r3e-mcad-api-1  Started
 Container mcad-r3e-xmla1-r3e-mcad-api-1  Restarting
 Container mcad-r3e-xmla1-r3e-mcad-api-1  Started
 Container mcad-r3e-xmla1-r3e-mcad-api-1  Restarting
 Container mcad-r3e-xmla1-r3e-mcad-api-1  Started
 Container mcad-r3e-xmla1-r3e-mcad-api-1  Restarting
 Container mcad-r3e-xmla1-r3e-mcad-api-1  Started
 Container mcad-r3e-xmla1-r3e-mcad-api-1  Restarting
 Container mcad-r3e-xmla1-r3e-mcad-api-1  Started
 Container mcad-r3e-xmla1-r3e-mcad-api-1  Restarting
 Container mcad-r3e-xmla1-r3e-mcad-api-1  Started
 Container mcad-r3e-xmla1-r3e-mcad-api-1  Restarting
 Container mcad-r3e-xmla1-r3e-mcad-api-1  Started
 Container mcad-r3e-xmla1-r3e-mcad-api-1  Restarting
 Container mcad-r3e-xmla1-r3e-mcad-api-1  Started
 Container mcad-r3e-xmla1-r3e-mcad-api-1  Restarting
 Container mcad-r3e-xmla1-r3e-mcad-api-1  Started
 Container mcad-r3e-xmla1-r3e-mcad-api-1  Restarting
 Container mcad-r3e-xmla1-r3e-mcad-api-1  Started
 Container mcad-r3e-xmla1-r3e-mcad-api-1  Restarting
 Container mcad-r3e-xmla1-r3e-mcad-api-1  Started
 Container mcad-r3e-xmla1-r3e-mcad-api-1  Restarting
 Container mcad-r3e-xmla1-r3e-mcad-api-1  Started
 Container mcad-r3e-xmla1-r3e-mcad-api-1  Restarting
 Container mcad-r3e-xmla1-r3e-mcad-api-1  Started
 Container mcad-r3e-xmla1-r3e-mcad-api-1  Restarting
 Container mcad-r3e-xmla1-r3e-mcad-api-1  Started
 Container mcad-r3e-xmla1-r3e-mcad-api-1  Restarting
 Container mcad-r3e-xmla1-r3e-mcad-api-1  Started
 Container mcad-r3e-xmla1-r3e-mcad-api-1  Restarting
 Container mcad-r3e-xmla1-r3e-mcad-api-1  Started
 Container mcad-r3e-xmla1-r3e-mcad-api-1  Restarting
 Container mcad-r3e-xmla1-r3e-mcad-api-1  Started
 Container mcad-r3e-xmla1-r3e-mcad-api-1  Restarting
 Container mcad-r3e-xmla1-r3e-mcad-api-1  Started
 Container mcad-r3e-xmla1-r3e-mcad-api-1  Restarting
 Container mcad-r3e-xmla1-r3e-mcad-api-1  Started
 Container mcad-r3e-xmla1-r3e-mcad-api-1  Restarting
 Container mcad-r3e-xmla1-r3e-mcad-api-1  Started
 Container mcad-r3e-xmla1-r3e-mcad-api-1  Restarting
 Container mcad-r3e-xmla1-r3e-mcad-api-1  Started
 Container mcad-r3e-xmla1-r3e-mcad-api-1  Restarting
 Container mcad-r3e-xmla1-r3e-mcad-api-1  Started
 Container mcad-r3e-xmla1-r3e-mcad-api-1  Restarting
 Container mcad-r3e-xmla1-r3e-mcad-api-1  Started
 Container mcad-r3e-xmla1-r3e-mcad-api-1  Restarting
 Container mcad-r3e-xmla1-r3e-mcad-api-1  Started
 Container mcad-r3e-xmla1-r3e-mcad-api-1  Restarting
 Container mcad-r3e-xmla1-r3e-mcad-api-1  Started
 Container mcad-r3e-xmla1-r3e-mcad-api-1  Restarting
 Container mcad-r3e-xmla1-r3e-mcad-api-1  Started
 Container mcad-r3e-xmla1-r3e-mcad-api-1  Restarting
 Container mcad-r3e-xmla1-r3e-mcad-api-1  Started
 Container mcad-r3e-xmla1-r3e-mcad-api-1  Restarting
 Container mcad-r3e-xmla1-r3e-mcad-api-1  Started
 Container mcad-r3e-xmla1-r3e-mcad-api-1  Restarting
 Container mcad-r3e-xmla1-r3e-mcad-api-1  Started
 Container mcad-r3e-xmla1-r3e-mcad-api-1  Restarting
 Container mcad-r3e-xmla1-r3e-mcad-api-1  Started
 Container mcad-r3e-xmla1-r3e-mcad-api-1  Restarting
 Container mcad-r3e-xmla1-r3e-mcad-api-1  Started
 Container mcad-r3e-xmla1-r3e-mcad-api-1  Restarting
 Container mcad-r3e-xmla1-r3e-mcad-api-1  Started
 Container mcad-r3e-xmla1-r3e-mcad-api-1  Restarting
 Container mcad-r3e-xmla1-r3e-mcad-api-1  Started
 Container mcad-r3e-xmla1-r3e-mcad-api-1  Restarting
 Container mcad-r3e-xmla1-r3e-mcad-api-1  Started
 Container mcad-r3e-xmla1-r3e-mcad-api-1  Restarting
 Container mcad-r3e-xmla1-r3e-mcad-api-1  Started
 Container mcad-r3e-xmla1-r3e-mcad-api-1  Restarting
 Container mcad-r3e-xmla1-r3e-mcad-api-1  Started
 Container mcad-r3e-xmla1-r3e-mcad-api-1  Restarting
 Container mcad-r3e-xmla1-r3e-mcad-api-1  Started
 Container mcad-r3e-xmla1-r3e-mcad-api-1  Restarting
 Container mcad-r3e-xmla1-r3e-mcad-api-1  Started
 Container mcad-r3e-xmla1-r3e-mcad-api-1  Restarting
 Container mcad-r3e-xmla1-r3e-mcad-api-1  Started
r3e_arm_complete ordinal=804 session_id=NH2-SINGLE-ORDERED-R058 arm=UNGATED_EXECUTE_ADMISSIBLE wall_ms=3038.501 completion_ms=356.256
r3e_arm_complete ordinal=805 session_id=NH2-SINGLE-ORDERED-R059 arm=SAFE_PRUNING wall_ms=2673.344 completion_ms=854.854
r3e_arm_complete ordinal=806 session_id=NH2-SINGLE-ORDERED-R059 arm=PERMISSIVE_GATED wall_ms=5601.499 completion_ms=828.958
r3e_arm_complete ordinal=807 session_id=NH2-SINGLE-ORDERED-R059 arm=UNGATED_EXECUTE_ADMISSIBLE wall_ms=3178.148 completion_ms=407.220
r3e_arm_complete ordinal=808 session_id=NH2-SINGLE-ORDERED-R060 arm=SAFE_PRUNING wall_ms=2911.180 completion_ms=757.274
r3e_arm_complete ordinal=809 session_id=NH2-SINGLE-ORDERED-R060 arm=UNGATED_EXECUTE_ADMISSIBLE wall_ms=3254.827 completion_ms=356.545
r3e_arm_complete ordinal=810 session_id=NH2-SINGLE-ORDERED-R060 arm=PERMISSIVE_GATED wall_ms=5415.637 completion_ms=763.847
r3e_arm_complete ordinal=811 session_id=NH2-SINGLE-OUT_OF_ORDER-R046 arm=SAFE_PRUNING wall_ms=2530.369 completion_ms=825.983
r3e_arm_complete ordinal=812 session_id=NH2-SINGLE-OUT_OF_ORDER-R046 arm=PERMISSIVE_GATED wall_ms=5660.878 completion_ms=841.142
r3e_arm_complete ordinal=813 session_id=NH2-SINGLE-OUT_OF_ORDER-R046 arm=UNGATED_EXECUTE_ADMISSIBLE wall_ms=3234.150 completion_ms=365.278
r3e_arm_complete ordinal=814 session_id=NH2-SINGLE-OUT_OF_ORDER-R047 arm=PERMISSIVE_GATED wall_ms=5696.696 completion_ms=830.199
r3e_arm_complete ordinal=815 session_id=NH2-SINGLE-OUT_OF_ORDER-R047 arm=SAFE_PRUNING wall_ms=2899.819 completion_ms=757.283
r3e_arm_complete ordinal=816 session_id=NH2-SINGLE-OUT_OF_ORDER-R047 arm=UNGATED_EXECUTE_ADMISSIBLE wall_ms=3357.638 completion_ms=392.223
r3e_arm_complete ordinal=817 session_id=NH2-SINGLE-OUT_OF_ORDER-R048 arm=SAFE_PRUNING wall_ms=2847.937 completion_ms=833.907
r3e_arm_complete ordinal=818 session_id=NH2-SINGLE-OUT_OF_ORDER-R048 arm=UNGATED_EXECUTE_ADMISSIBLE wall_ms=3288.188 completion_ms=371.347
r3e_arm_complete ordinal=819 session_id=NH2-SINGLE-OUT_OF_ORDER-R048 arm=PERMISSIVE_GATED wall_ms=5600.428 completion_ms=887.043
r3e_arm_complete ordinal=820 session_id=NH2-SINGLE-OUT_OF_ORDER-R049 arm=UNGATED_EXECUTE_ADMISSIBLE wall_ms=3230.039 completion_ms=411.172
r3e_arm_complete ordinal=821 session_id=NH2-SINGLE-OUT_OF_ORDER-R049 arm=SAFE_PRUNING wall_ms=2521.883 completion_ms=809.489
r3e_arm_complete ordinal=822 session_id=NH2-SINGLE-OUT_OF_ORDER-R049 arm=PERMISSIVE_GATED wall_ms=5463.738 completion_ms=816.044
r3e_arm_complete ordinal=823 session_id=NH2-SINGLE-OUT_OF_ORDER-R050 arm=UNGATED_EXECUTE_ADMISSIBLE wall_ms=3085.586 completion_ms=376.520
r3e_arm_complete ordinal=824 session_id=NH2-SINGLE-OUT_OF_ORDER-R050 arm=PERMISSIVE_GATED wall_ms=5507.050 completion_ms=867.937
r3e_arm_complete ordinal=825 session_id=NH2-SINGLE-OUT_OF_ORDER-R050 arm=SAFE_PRUNING wall_ms=2543.280 completion_ms=766.916
r3e_arm_complete ordinal=826 session_id=NH2-SINGLE-OUT_OF_ORDER-R051 arm=PERMISSIVE_GATED wall_ms=5239.273 completion_ms=772.519
r3e_arm_complete ordinal=827 session_id=NH2-SINGLE-OUT_OF_ORDER-R051 arm=UNGATED_EXECUTE_ADMISSIBLE wall_ms=2996.599 completion_ms=463.607
r3e_arm_complete ordinal=828 session_id=NH2-SINGLE-OUT_OF_ORDER-R051 arm=SAFE_PRUNING wall_ms=2471.623 completion_ms=771.170
r3e_arm_complete ordinal=829 session_id=NH2-SINGLE-OUT_OF_ORDER-R052 arm=SAFE_PRUNING wall_ms=2559.256 completion_ms=728.624
r3e_arm_complete ordinal=830 session_id=NH2-SINGLE-OUT_OF_ORDER-R052 arm=PERMISSIVE_GATED wall_ms=5580.184 completion_ms=771.570
r3e_arm_complete ordinal=831 session_id=NH2-SINGLE-OUT_OF_ORDER-R052 arm=UNGATED_EXECUTE_ADMISSIBLE wall_ms=3262.570 completion_ms=406.899
r3e_arm_complete ordinal=832 session_id=NH2-SINGLE-OUT_OF_ORDER-R053 arm=UNGATED_EXECUTE_ADMISSIBLE wall_ms=3177.434 completion_ms=404.374
r3e_arm_complete ordinal=833 session_id=NH2-SINGLE-OUT_OF_ORDER-R053 arm=SAFE_PRUNING wall_ms=2574.173 completion_ms=790.151
r3e_arm_complete ordinal=834 session_id=NH2-SINGLE-OUT_OF_ORDER-R053 arm=PERMISSIVE_GATED wall_ms=5446.816 completion_ms=759.035
r3e_arm_complete ordinal=835 session_id=NH2-SINGLE-OUT_OF_ORDER-R054 arm=UNGATED_EXECUTE_ADMISSIBLE wall_ms=3281.458 completion_ms=379.717
r3e_arm_complete ordinal=836 session_id=NH2-SINGLE-OUT_OF_ORDER-R054 arm=PERMISSIVE_GATED wall_ms=5470.379 completion_ms=829.666
r3e_arm_complete ordinal=837 session_id=NH2-SINGLE-OUT_OF_ORDER-R054 arm=SAFE_PRUNING wall_ms=2679.259 completion_ms=907.100
r3e_arm_complete ordinal=838 session_id=NH2-SINGLE-OUT_OF_ORDER-R055 arm=SAFE_PRUNING wall_ms=2423.717 completion_ms=771.043
r3e_arm_complete ordinal=839 session_id=NH2-SINGLE-OUT_OF_ORDER-R055 arm=UNGATED_EXECUTE_ADMISSIBLE wall_ms=3155.269 completion_ms=380.804
r3e_arm_complete ordinal=840 session_id=NH2-SINGLE-OUT_OF_ORDER-R055 arm=PERMISSIVE_GATED wall_ms=5499.082 completion_ms=762.467
r3e_arm_complete ordinal=841 session_id=NH2-SINGLE-OUT_OF_ORDER-R056 arm=PERMISSIVE_GATED wall_ms=5446.203 completion_ms=744.921
r3e_arm_complete ordinal=842 session_id=NH2-SINGLE-OUT_OF_ORDER-R056 arm=SAFE_PRUNING wall_ms=2494.945 completion_ms=788.366
r3e_arm_complete ordinal=843 session_id=NH2-SINGLE-OUT_OF_ORDER-R056 arm=UNGATED_EXECUTE_ADMISSIBLE wall_ms=3260.109 completion_ms=418.119
r3e_arm_complete ordinal=844 session_id=NH2-SINGLE-OUT_OF_ORDER-R057 arm=PERMISSIVE_GATED wall_ms=5432.784 completion_ms=750.003
r3e_arm_complete ordinal=845 session_id=NH2-SINGLE-OUT_OF_ORDER-R057 arm=UNGATED_EXECUTE_ADMISSIBLE wall_ms=3278.198 completion_ms=366.881
r3e_arm_complete ordinal=846 session_id=NH2-SINGLE-OUT_OF_ORDER-R057 arm=SAFE_PRUNING wall_ms=2337.347 completion_ms=692.192
r3e_arm_complete ordinal=847 session_id=NH2-SINGLE-OUT_OF_ORDER-R058 arm=PERMISSIVE_GATED wall_ms=5401.898 completion_ms=756.005
r3e_arm_complete ordinal=848 session_id=NH2-SINGLE-OUT_OF_ORDER-R058 arm=SAFE_PRUNING wall_ms=2905.157 completion_ms=814.312
r3e_arm_complete ordinal=849 session_id=NH2-SINGLE-OUT_OF_ORDER-R058 arm=UNGATED_EXECUTE_ADMISSIBLE wall_ms=3288.032 completion_ms=372.438
r3e_arm_complete ordinal=850 session_id=NH2-SINGLE-OUT_OF_ORDER-R059 arm=UNGATED_EXECUTE_ADMISSIBLE wall_ms=3417.241 completion_ms=380.461
r3e_arm_complete ordinal=851 session_id=NH2-SINGLE-OUT_OF_ORDER-R059 arm=PERMISSIVE_GATED wall_ms=5604.191 completion_ms=853.875
r3e_arm_complete ordinal=852 session_id=NH2-SINGLE-OUT_OF_ORDER-R059 arm=SAFE_PRUNING wall_ms=2724.151 completion_ms=822.515
r3e_arm_complete ordinal=853 session_id=NH2-SINGLE-OUT_OF_ORDER-R060 arm=UNGATED_EXECUTE_ADMISSIBLE wall_ms=3251.846 completion_ms=368.541
r3e_arm_complete ordinal=854 session_id=NH2-SINGLE-OUT_OF_ORDER-R060 arm=SAFE_PRUNING wall_ms=2670.482 completion_ms=785.403
r3e_arm_complete ordinal=855 session_id=NH2-SINGLE-OUT_OF_ORDER-R060 arm=PERMISSIVE_GATED wall_ms=5711.784 completion_ms=765.612
r3e_arm_complete ordinal=856 session_id=NH2-SINGLE-OVERLAP-R046 arm=SAFE_PRUNING wall_ms=2659.530 completion_ms=1942.247
r3e_arm_complete ordinal=857 session_id=NH2-SINGLE-OVERLAP-R046 arm=UNGATED_EXECUTE_ADMISSIBLE wall_ms=3267.879 completion_ms=2295.223
r3e_arm_complete ordinal=858 session_id=NH2-SINGLE-OVERLAP-R046 arm=PERMISSIVE_GATED wall_ms=5543.944 completion_ms=3844.737
r3e_arm_complete ordinal=859 session_id=NH2-SINGLE-OVERLAP-R047 arm=SAFE_PRUNING wall_ms=2438.691 completion_ms=984.815
r3e_arm_complete ordinal=860 session_id=NH2-SINGLE-OVERLAP-R047 arm=PERMISSIVE_GATED wall_ms=5514.602 completion_ms=1388.185
r3e_arm_complete ordinal=861 session_id=NH2-SINGLE-OVERLAP-R047 arm=UNGATED_EXECUTE_ADMISSIBLE wall_ms=3336.308 completion_ms=779.596
r3e_arm_complete ordinal=862 session_id=NH2-SINGLE-OVERLAP-R048 arm=PERMISSIVE_GATED wall_ms=5437.352 completion_ms=2749.936
r3e_arm_complete ordinal=863 session_id=NH2-SINGLE-OVERLAP-R048 arm=UNGATED_EXECUTE_ADMISSIBLE wall_ms=3156.563 completion_ms=1629.066
r3e_arm_complete ordinal=864 session_id=NH2-SINGLE-OVERLAP-R048 arm=SAFE_PRUNING wall_ms=2668.351 completion_ms=1573.449
r3e_arm_complete ordinal=865 session_id=NH2-SINGLE-OVERLAP-R049 arm=PERMISSIVE_GATED wall_ms=5602.875 completion_ms=1462.790
r3e_arm_complete ordinal=866 session_id=NH2-SINGLE-OVERLAP-R049 arm=SAFE_PRUNING wall_ms=2611.525 completion_ms=1160.450
 Container mcad-r3e-xmla1-r3e-mcad-api-1  Restarting
 Container mcad-r3e-xmla1-r3e-mcad-api-1  Started
 Container mcad-r3e-xmla1-r3e-mcad-api-1  Restarting
 Container mcad-r3e-xmla1-r3e-mcad-api-1  Started
 Container mcad-r3e-xmla1-r3e-mcad-api-1  Restarting
 Container mcad-r3e-xmla1-r3e-mcad-api-1  Started
 Container mcad-r3e-xmla1-r3e-mcad-api-1  Restarting
 Container mcad-r3e-xmla1-r3e-mcad-api-1  Started
 Container mcad-r3e-xmla1-r3e-mcad-api-1  Restarting
 Container mcad-r3e-xmla1-r3e-mcad-api-1  Started
 Container mcad-r3e-xmla1-r3e-mcad-api-1  Restarting
 Container mcad-r3e-xmla1-r3e-mcad-api-1  Started
 Container mcad-r3e-xmla1-r3e-mcad-api-1  Restarting
 Container mcad-r3e-xmla1-r3e-mcad-api-1  Started
 Container mcad-r3e-xmla1-r3e-mcad-api-1  Restarting
 Container mcad-r3e-xmla1-r3e-mcad-api-1  Started
 Container mcad-r3e-xmla1-r3e-mcad-api-1  Restarting
 Container mcad-r3e-xmla1-r3e-mcad-api-1  Started
 Container mcad-r3e-xmla1-r3e-mcad-api-1  Restarting
 Container mcad-r3e-xmla1-r3e-mcad-api-1  Started
 Container mcad-r3e-xmla1-r3e-mcad-api-1  Restarting
 Container mcad-r3e-xmla1-r3e-mcad-api-1  Started
 Container mcad-r3e-xmla1-r3e-mcad-api-1  Restarting
 Container mcad-r3e-xmla1-r3e-mcad-api-1  Started
 Container mcad-r3e-xmla1-r3e-mcad-api-1  Restarting
 Container mcad-r3e-xmla1-r3e-mcad-api-1  Started
 Container mcad-r3e-xmla1-r3e-mcad-api-1  Restarting
 Container mcad-r3e-xmla1-r3e-mcad-api-1  Started
 Container mcad-r3e-xmla1-r3e-mcad-api-1  Restarting
 Container mcad-r3e-xmla1-r3e-mcad-api-1  Started
 Container mcad-r3e-xmla1-r3e-mcad-api-1  Restarting
 Container mcad-r3e-xmla1-r3e-mcad-api-1  Started
 Container mcad-r3e-xmla1-r3e-mcad-api-1  Restarting
 Container mcad-r3e-xmla1-r3e-mcad-api-1  Started
 Container mcad-r3e-xmla1-r3e-mcad-api-1  Restarting
 Container mcad-r3e-xmla1-r3e-mcad-api-1  Started
 Container mcad-r3e-xmla1-r3e-mcad-api-1  Restarting
 Container mcad-r3e-xmla1-r3e-mcad-api-1  Started
 Container mcad-r3e-xmla1-r3e-mcad-api-1  Restarting
 Container mcad-r3e-xmla1-r3e-mcad-api-1  Started
 Container mcad-r3e-xmla1-r3e-mcad-api-1  Restarting
 Container mcad-r3e-xmla1-r3e-mcad-api-1  Started
 Container mcad-r3e-xmla1-r3e-mcad-api-1  Restarting
 Container mcad-r3e-xmla1-r3e-mcad-api-1  Started
 Container mcad-r3e-xmla1-r3e-mcad-api-1  Restarting
 Container mcad-r3e-xmla1-r3e-mcad-api-1  Started
 Container mcad-r3e-xmla1-r3e-mcad-api-1  Restarting
 Container mcad-r3e-xmla1-r3e-mcad-api-1  Started
 Container mcad-r3e-xmla1-r3e-mcad-api-1  Restarting
 Container mcad-r3e-xmla1-r3e-mcad-api-1  Started
 Container mcad-r3e-xmla1-r3e-mcad-api-1  Restarting
 Container mcad-r3e-xmla1-r3e-mcad-api-1  Started
 Container mcad-r3e-xmla1-r3e-mcad-api-1  Restarting
 Container mcad-r3e-xmla1-r3e-mcad-api-1  Started
 Container mcad-r3e-xmla1-r3e-mcad-api-1  Restarting
 Container mcad-r3e-xmla1-r3e-mcad-api-1  Started
 Container mcad-r3e-xmla1-r3e-mcad-api-1  Restarting
 Container mcad-r3e-xmla1-r3e-mcad-api-1  Started
 Container mcad-r3e-xmla1-r3e-mcad-api-1  Restarting
 Container mcad-r3e-xmla1-r3e-mcad-api-1  Started
 Container mcad-r3e-xmla1-r3e-mcad-api-1  Restarting
 Container mcad-r3e-xmla1-r3e-mcad-api-1  Started
 Container mcad-r3e-xmla1-r3e-mcad-api-1  Restarting
 Container mcad-r3e-xmla1-r3e-mcad-api-1  Started
 Container mcad-r3e-xmla1-r3e-mcad-api-1  Restarting
 Container mcad-r3e-xmla1-r3e-mcad-api-1  Started
r3e_arm_complete ordinal=867 session_id=NH2-SINGLE-OVERLAP-R049 arm=UNGATED_EXECUTE_ADMISSIBLE wall_ms=3317.877 completion_ms=765.952
r3e_arm_complete ordinal=868 session_id=NH2-SINGLE-OVERLAP-R050 arm=SAFE_PRUNING wall_ms=2899.018 completion_ms=1188.237
r3e_arm_complete ordinal=869 session_id=NH2-SINGLE-OVERLAP-R050 arm=PERMISSIVE_GATED wall_ms=5422.103 completion_ms=1688.439
r3e_arm_complete ordinal=870 session_id=NH2-SINGLE-OVERLAP-R050 arm=UNGATED_EXECUTE_ADMISSIBLE wall_ms=3045.789 completion_ms=968.197
r3e_arm_complete ordinal=871 session_id=NH2-SINGLE-OVERLAP-R051 arm=PERMISSIVE_GATED wall_ms=5406.201 completion_ms=853.484
r3e_arm_complete ordinal=872 session_id=NH2-SINGLE-OVERLAP-R051 arm=UNGATED_EXECUTE_ADMISSIBLE wall_ms=3349.106 completion_ms=498.383
r3e_arm_complete ordinal=873 session_id=NH2-SINGLE-OVERLAP-R051 arm=SAFE_PRUNING wall_ms=2692.772 completion_ms=756.084
r3e_arm_complete ordinal=874 session_id=NH2-SINGLE-OVERLAP-R052 arm=UNGATED_EXECUTE_ADMISSIBLE wall_ms=3354.602 completion_ms=1724.479
r3e_arm_complete ordinal=875 session_id=NH2-SINGLE-OVERLAP-R052 arm=PERMISSIVE_GATED wall_ms=5718.780 completion_ms=2824.153
r3e_arm_complete ordinal=876 session_id=NH2-SINGLE-OVERLAP-R052 arm=SAFE_PRUNING wall_ms=2696.486 completion_ms=1519.976
r3e_arm_complete ordinal=877 session_id=NH2-SINGLE-OVERLAP-R053 arm=SAFE_PRUNING wall_ms=2779.198 completion_ms=963.497
r3e_arm_complete ordinal=878 session_id=NH2-SINGLE-OVERLAP-R053 arm=UNGATED_EXECUTE_ADMISSIBLE wall_ms=3325.959 completion_ms=575.061
r3e_arm_complete ordinal=879 session_id=NH2-SINGLE-OVERLAP-R053 arm=PERMISSIVE_GATED wall_ms=5651.021 completion_ms=1096.228
r3e_arm_complete ordinal=880 session_id=NH2-SINGLE-OVERLAP-R054 arm=UNGATED_EXECUTE_ADMISSIBLE wall_ms=3355.476 completion_ms=969.541
r3e_arm_complete ordinal=881 session_id=NH2-SINGLE-OVERLAP-R054 arm=SAFE_PRUNING wall_ms=2741.102 completion_ms=1063.995
r3e_arm_complete ordinal=882 session_id=NH2-SINGLE-OVERLAP-R054 arm=PERMISSIVE_GATED wall_ms=5443.626 completion_ms=1617.741
r3e_arm_complete ordinal=883 session_id=NH2-SINGLE-OVERLAP-R055 arm=SAFE_PRUNING wall_ms=2660.523 completion_ms=1463.446
r3e_arm_complete ordinal=884 session_id=NH2-SINGLE-OVERLAP-R055 arm=PERMISSIVE_GATED wall_ms=5373.222 completion_ms=2462.428
r3e_arm_complete ordinal=885 session_id=NH2-SINGLE-OVERLAP-R055 arm=UNGATED_EXECUTE_ADMISSIBLE wall_ms=3154.540 completion_ms=1473.980
r3e_arm_complete ordinal=886 session_id=NH2-SINGLE-OVERLAP-R056 arm=UNGATED_EXECUTE_ADMISSIBLE wall_ms=3426.791 completion_ms=714.440
r3e_arm_complete ordinal=887 session_id=NH2-SINGLE-OVERLAP-R056 arm=PERMISSIVE_GATED wall_ms=5514.830 completion_ms=1275.200
r3e_arm_complete ordinal=888 session_id=NH2-SINGLE-OVERLAP-R056 arm=SAFE_PRUNING wall_ms=2662.623 completion_ms=1086.506
r3e_arm_complete ordinal=889 session_id=NH2-SINGLE-OVERLAP-R057 arm=UNGATED_EXECUTE_ADMISSIBLE wall_ms=3182.083 completion_ms=763.807
r3e_arm_complete ordinal=890 session_id=NH2-SINGLE-OVERLAP-R057 arm=SAFE_PRUNING wall_ms=2697.678 completion_ms=1155.461
r3e_arm_complete ordinal=891 session_id=NH2-SINGLE-OVERLAP-R057 arm=PERMISSIVE_GATED wall_ms=5658.144 completion_ms=1571.562
r3e_arm_complete ordinal=892 session_id=NH2-SINGLE-OVERLAP-R058 arm=PERMISSIVE_GATED wall_ms=5392.461 completion_ms=1803.871
r3e_arm_complete ordinal=893 session_id=NH2-SINGLE-OVERLAP-R058 arm=UNGATED_EXECUTE_ADMISSIBLE wall_ms=3070.078 completion_ms=876.651
r3e_arm_complete ordinal=894 session_id=NH2-SINGLE-OVERLAP-R058 arm=SAFE_PRUNING wall_ms=2768.203 completion_ms=1336.623
r3e_arm_complete ordinal=895 session_id=NH2-SINGLE-OVERLAP-R059 arm=SAFE_PRUNING wall_ms=2469.247 completion_ms=1378.535
r3e_arm_complete ordinal=896 session_id=NH2-SINGLE-OVERLAP-R059 arm=UNGATED_EXECUTE_ADMISSIBLE wall_ms=3245.953 completion_ms=1692.402
r3e_arm_complete ordinal=897 session_id=NH2-SINGLE-OVERLAP-R059 arm=PERMISSIVE_GATED wall_ms=5408.055 completion_ms=2662.648
r3e_arm_complete ordinal=898 session_id=NH2-SINGLE-OVERLAP-R060 arm=PERMISSIVE_GATED wall_ms=5496.208 completion_ms=2170.005
r3e_arm_complete ordinal=899 session_id=NH2-SINGLE-OVERLAP-R060 arm=SAFE_PRUNING wall_ms=2706.868 completion_ms=1499.241
r3e_arm_complete ordinal=900 session_id=NH2-SINGLE-OVERLAP-R060 arm=UNGATED_EXECUTE_ADMISSIBLE wall_ms=3099.204 completion_ms=1099.524
