policy;scenario_id;scenario_type;step_idx;step_name;oracle_allow;oracle_ceval;allow;false_allow;false_block;executed_non_contrib;phi_leq_t;latency_ms;sat;real_size;ceval_size;repeat_id
mcad;happy_guided_article_short;happy;1;Q1_margin_month;True;c1;True;0;0;0;0.333333;0.2954;True;1;1;0
mcad;happy_guided_article_short;happy;2;Q2_stockout_store;True;c2;True;0;0;0;0.666667;0.2459;True;1;1;0
mcad;happy_guided_article_short;happy;3;Q3_sales_growth;True;c3;True;0;0;0;1.0;0.3322;True;2;1;0
baseline_naive;happy_guided_article_short;happy;1;Q1_margin_month;True;c1;True;0;0;0;0.333333;0.0014;;0;0;0
baseline_naive;happy_guided_article_short;happy;2;Q2_stockout_store;True;c2;True;0;0;0;0.666667;0.0007;;0;0;0
baseline_naive;happy_guided_article_short;happy;3;Q3_sales_growth;True;c3;True;0;0;0;1.0;0.0005;;0;0;0
baseline_measure_overlap;happy_guided_article_short;happy;1;Q1_margin_month;True;c1;True;0;0;0;0.333333;0.0214;;0;0;0
baseline_measure_overlap;happy_guided_article_short;happy;2;Q2_stockout_store;True;c2;True;0;0;0;0.666667;0.0076;;0;0;0
baseline_measure_overlap;happy_guided_article_short;happy;3;Q3_sales_growth;True;c3;True;0;0;0;1.0;0.0054;;0;0;0
ablation_no_sat;happy_guided_article_short;happy;1;Q1_margin_month;True;c1;True;0;0;0;0.333333;0.2804;True;1;1;0
ablation_no_sat;happy_guided_article_short;happy;2;Q2_stockout_store;True;c2;True;0;0;0;0.666667;0.2455;True;1;1;0
ablation_no_sat;happy_guided_article_short;happy;3;Q3_sales_growth;True;c3;True;0;0;0;1.0;0.3293;True;2;1;0
ablation_no_real;happy_guided_article_short;happy;1;Q1_margin_month;True;c1;True;0;0;0;0.333333;0.284;True;1;1;0
ablation_no_real;happy_guided_article_short;happy;2;Q2_stockout_store;True;c2;True;0;0;0;0.666667;0.344;True;1;1;0
ablation_no_real;happy_guided_article_short;happy;3;Q3_sales_growth;True;c3;True;0;0;0;1.0;0.3386;True;2;1;0
ablation_ceval_any_intersection;happy_guided_article_short;happy;1;Q1_margin_month;True;c1;True;0;0;0;0.333333;0.284;True;1;1;0
ablation_ceval_any_intersection;happy_guided_article_short;happy;2;Q2_stockout_store;True;c2;True;0;0;0;0.666667;0.2445;True;1;1;0
ablation_ceval_any_intersection;happy_guided_article_short;happy;3;Q3_sales_growth;True;c3;True;0;0;0;1.0;0.3337;True;2;1;0
baseline_random_matched;happy_guided_article_short;happy;1;Q1_margin_month;True;c1;False;0;1;0;0.0;0.0038;;0;0;0
baseline_random_matched;happy_guided_article_short;happy;2;Q2_stockout_store;True;c2;True;0;0;0;0.333333;0.0011;;0;0;0
baseline_random_matched;happy_guided_article_short;happy;3;Q3_sales_growth;True;c3;True;0;0;0;0.666667;0.0006;;0;0;0
mcad;happy_guided_reordered;happy;1;Q1_sales_growth;True;c3;True;0;0;0;0.333333;0.3766;True;2;1;0
mcad;happy_guided_reordered;happy;2;Q2_margin_month;True;c1;True;0;0;0;0.666667;0.2502;True;1;1;0
mcad;happy_guided_reordered;happy;3;Q3_stockout_store;True;c2;True;0;0;0;1.0;0.2403;True;1;1;0
baseline_naive;happy_guided_reordered;happy;1;Q1_sales_growth;True;c3;True;0;0;0;0.333333;0.0014;;0;0;0
baseline_naive;happy_guided_reordered;happy;2;Q2_margin_month;True;c1;True;0;0;0;0.666667;0.0008;;0;0;0
baseline_naive;happy_guided_reordered;happy;3;Q3_stockout_store;True;c2;True;0;0;0;1.0;0.0005;;0;0;0
baseline_measure_overlap;happy_guided_reordered;happy;1;Q1_sales_growth;True;c3;True;0;0;0;0.333333;0.0141;;0;0;0
baseline_measure_overlap;happy_guided_reordered;happy;2;Q2_margin_month;True;c1;True;0;0;0;0.666667;0.0055;;0;0;0
baseline_measure_overlap;happy_guided_reordered;happy;3;Q3_stockout_store;True;c2;True;0;0;0;1.0;0.0045;;0;0;0
ablation_no_sat;happy_guided_reordered;happy;1;Q1_sales_growth;True;c3;True;0;0;0;0.333333;0.3711;True;2;1;0
ablation_no_sat;happy_guided_reordered;happy;2;Q2_margin_month;True;c1;True;0;0;0;0.666667;0.2477;True;1;1;0
ablation_no_sat;happy_guided_reordered;happy;3;Q3_stockout_store;True;c2;True;0;0;0;1.0;0.2534;True;1;1;0
ablation_no_real;happy_guided_reordered;happy;1;Q1_sales_growth;True;c3;True;0;0;0;0.333333;0.3839;True;2;1;0
ablation_no_real;happy_guided_reordered;happy;2;Q2_margin_month;True;c1;True;0;0;0;0.666667;0.2531;True;1;1;0
ablation_no_real;happy_guided_reordered;happy;3;Q3_stockout_store;True;c2;True;0;0;0;1.0;0.2439;True;1;1;0
ablation_ceval_any_intersection;happy_guided_reordered;happy;1;Q1_sales_growth;True;c3;True;0;0;0;0.333333;0.3888;True;2;1;0
ablation_ceval_any_intersection;happy_guided_reordered;happy;2;Q2_margin_month;True;c1;True;0;0;0;0.666667;0.2504;True;1;1;0
ablation_ceval_any_intersection;happy_guided_reordered;happy;3;Q3_stockout_store;True;c2;True;0;0;0;1.0;0.2401;True;1;1;0
baseline_random_matched;happy_guided_reordered;happy;1;Q1_sales_growth;True;c3;True;0;0;0;0.333333;0.003;;0;0;0
baseline_random_matched;happy_guided_reordered;happy;2;Q2_margin_month;True;c1;False;0;1;0;0.333333;0.0008;;0;0;0
baseline_random_matched;happy_guided_reordered;happy;3;Q3_stockout_store;True;c2;True;0;0;0;0.666667;0.0005;;0;0;0
mcad;happy_guided_compact;happy;1;Q1_margin_month;True;c1;True;0;0;0;0.333333;0.2788;True;1;1;0
mcad;happy_guided_compact;happy;2;Q2_sales_growth;True;c3;True;0;0;0;0.666667;0.3346;True;2;1;0
mcad;happy_guided_compact;happy;3;Q3_stockout_store;True;c2;True;0;0;0;1.0;0.249;True;1;1;0
baseline_naive;happy_guided_compact;happy;1;Q1_margin_month;True;c1;True;0;0;0;0.333333;0.0014;;0;0;0
baseline_naive;happy_guided_compact;happy;2;Q2_sales_growth;True;c3;True;0;0;0;0.666667;0.0009;;0;0;0
baseline_naive;happy_guided_compact;happy;3;Q3_stockout_store;True;c2;True;0;0;0;1.0;0.0006;;0;0;0
baseline_measure_overlap;happy_guided_compact;happy;1;Q1_margin_month;True;c1;True;0;0;0;0.333333;0.0136;;0;0;0
baseline_measure_overlap;happy_guided_compact;happy;2;Q2_sales_growth;True;c3;True;0;0;0;0.666667;0.0053;;0;0;0
baseline_measure_overlap;happy_guided_compact;happy;3;Q3_stockout_store;True;c2;True;0;0;0;1.0;0.0049;;0;0;0
ablation_no_sat;happy_guided_compact;happy;1;Q1_margin_month;True;c1;True;0;0;0;0.333333;0.2802;True;1;1;0
ablation_no_sat;happy_guided_compact;happy;2;Q2_sales_growth;True;c3;True;0;0;0;0.666667;0.3325;True;2;1;0
ablation_no_sat;happy_guided_compact;happy;3;Q3_stockout_store;True;c2;True;0;0;0;1.0;0.2485;True;1;1;0
ablation_no_real;happy_guided_compact;happy;1;Q1_margin_month;True;c1;True;0;0;0;0.333333;0.2839;True;1;1;0
ablation_no_real;happy_guided_compact;happy;2;Q2_sales_growth;True;c3;True;0;0;0;0.666667;0.3431;True;2;1;0
ablation_no_real;happy_guided_compact;happy;3;Q3_stockout_store;True;c2;True;0;0;0;1.0;0.2439;True;1;1;0
ablation_ceval_any_intersection;happy_guided_compact;happy;1;Q1_margin_month;True;c1;True;0;0;0;0.333333;0.287;True;1;1;0
ablation_ceval_any_intersection;happy_guided_compact;happy;2;Q2_sales_growth;True;c3;True;0;0;0;0.666667;0.3335;True;2;1;0
ablation_ceval_any_intersection;happy_guided_compact;happy;3;Q3_stockout_store;True;c2;True;0;0;0;1.0;0.2351;True;1;1;0
baseline_random_matched;happy_guided_compact;happy;1;Q1_margin_month;True;c1;True;0;0;0;0.333333;0.0031;;0;0;0
baseline_random_matched;happy_guided_compact;happy;2;Q2_sales_growth;True;c3;True;0;0;0;0.666667;0.0006;;0;0;0
baseline_random_matched;happy_guided_compact;happy;3;Q3_stockout_store;True;c2;False;0;1;0;0.666667;0.0005;;0;0;0
mcad;border_growth_partial_1998_only;border;1;Q1_sales_1998_only;False;;False;0;0;0;0.0;0.3458;True;1;0;0
baseline_naive;border_growth_partial_1998_only;border;1;Q1_sales_1998_only;False;;True;1;0;1;0.0;0.0014;;0;0;0
baseline_measure_overlap;border_growth_partial_1998_only;border;1;Q1_sales_1998_only;False;;True;1;0;1;0.0;0.0199;;0;0;0
ablation_no_sat;border_growth_partial_1998_only;border;1;Q1_sales_1998_only;False;;False;0;0;0;0.0;0.6771;True;1;0;0
ablation_no_real;border_growth_partial_1998_only;border;1;Q1_sales_1998_only;False;;True;1;0;1;0.0;0.6504;True;1;0;0
ablation_ceval_any_intersection;border_growth_partial_1998_only;border;1;Q1_sales_1998_only;False;;True;1;0;1;0.0;0.3394;True;1;1;0
baseline_random_matched;border_growth_partial_1998_only;border;1;Q1_sales_1998_only;False;;True;1;0;1;0.0;0.004;;0;0;0
mcad;border_margin_wrong_grain;border;1;Q1_margin_quarter_only;False;;False;0;0;0;0.0;0.3733;False;0;0;0
baseline_naive;border_margin_wrong_grain;border;1;Q1_margin_quarter_only;False;;True;1;0;1;0.0;0.0009;;0;0;0
baseline_measure_overlap;border_margin_wrong_grain;border;1;Q1_margin_quarter_only;False;;True;1;0;1;0.0;0.0135;;0;0;0
ablation_no_sat;border_margin_wrong_grain;border;1;Q1_margin_quarter_only;False;;False;0;0;0;0.0;0.2821;False;0;0;0
ablation_no_real;border_margin_wrong_grain;border;1;Q1_margin_quarter_only;False;;False;0;0;0;0.0;0.3782;False;0;0;0
ablation_ceval_any_intersection;border_margin_wrong_grain;border;1;Q1_margin_quarter_only;False;;False;0;0;0;0.0;0.2028;False;0;0;0
baseline_random_matched;border_margin_wrong_grain;border;1;Q1_margin_quarter_only;False;;False;0;0;0;0.0;0.0037;;0;0;0
mcad;border_stockout_missing_store;border;1;Q1_stockout_category_only;False;;False;0;0;0;0.0;0.1962;False;0;0;0
baseline_naive;border_stockout_missing_store;border;1;Q1_stockout_category_only;False;;True;1;0;1;0.0;0.001;;0;0;0
baseline_measure_overlap;border_stockout_missing_store;border;1;Q1_stockout_category_only;False;;True;1;0;1;0.0;0.0138;;0;0;0
ablation_no_sat;border_stockout_missing_store;border;1;Q1_stockout_category_only;False;;False;0;0;0;0.0;0.2586;False;0;0;0
ablation_no_real;border_stockout_missing_store;border;1;Q1_stockout_category_only;False;;False;0;0;0;0.0;0.2027;False;0;0;0
ablation_ceval_any_intersection;border_stockout_missing_store;border;1;Q1_stockout_category_only;False;;False;0;0;0;0.0;0.1966;False;0;0;0
baseline_random_matched;border_stockout_missing_store;border;1;Q1_stockout_category_only;False;;True;1;0;1;0.0;0.0034;;0;0;0
mcad;adversarial_wrong_region;adversarial;1;Q1_margin_south;False;;False;0;0;0;0.0;0.1694;False;0;0;0
baseline_naive;adversarial_wrong_region;adversarial;1;Q1_margin_south;False;;True;1;0;1;0.0;0.0009;;0;0;0
baseline_measure_overlap;adversarial_wrong_region;adversarial;1;Q1_margin_south;False;;True;1;0;1;0.0;0.0143;;0;0;0
ablation_no_sat;adversarial_wrong_region;adversarial;1;Q1_margin_south;False;;False;0;0;0;0.0;0.2085;False;0;0;0
ablation_no_real;adversarial_wrong_region;adversarial;1;Q1_margin_south;False;;False;0;0;0;0.0;0.3234;False;0;0;0
ablation_ceval_any_intersection;adversarial_wrong_region;adversarial;1;Q1_margin_south;False;;False;0;0;0;0.0;0.1694;False;0;0;0
baseline_random_matched;adversarial_wrong_region;adversarial;1;Q1_margin_south;False;;True;1;0;1;0.0;0.0029;;0;0;0
mcad;adversarial_wrong_year;adversarial;1;Q1_stockout_1997;False;;False;0;0;0;0.0;0.1672;False;0;0;0
baseline_naive;adversarial_wrong_year;adversarial;1;Q1_stockout_1997;False;;True;1;0;1;0.0;0.0009;;0;0;0
baseline_measure_overlap;adversarial_wrong_year;adversarial;1;Q1_stockout_1997;False;;True;1;0;1;0.0;0.0134;;0;0;0
ablation_no_sat;adversarial_wrong_year;adversarial;1;Q1_stockout_1997;False;;False;0;0;0;0.0;0.1908;False;0;0;0
ablation_no_real;adversarial_wrong_year;adversarial;1;Q1_stockout_1997;False;;False;0;0;0;0.0;0.315;False;0;0;0
ablation_ceval_any_intersection;adversarial_wrong_year;adversarial;1;Q1_stockout_1997;False;;False;0;0;0;0.0;0.167;False;0;0;0
baseline_random_matched;adversarial_wrong_year;adversarial;1;Q1_stockout_1997;False;;True;1;0;1;0.0;0.0031;;0;0;0
mcad;adversarial_invalid_no_measures;adversarial;1;Q1_invalid_no_measure;False;;False;0;0;0;0.0;0.0742;False;0;0;0
baseline_naive;adversarial_invalid_no_measures;adversarial;1;Q1_invalid_no_measure;False;;True;1;0;1;0.0;0.0008;;0;0;0
baseline_measure_overlap;adversarial_invalid_no_measures;adversarial;1;Q1_invalid_no_measure;False;;False;0;0;0;0.0;0.0122;;0;0;0
ablation_no_sat;adversarial_invalid_no_measures;adversarial;1;Q1_invalid_no_measure;False;;False;0;0;0;0.0;0.0865;False;0;0;0
ablation_no_real;adversarial_invalid_no_measures;adversarial;1;Q1_invalid_no_measure;False;;False;0;0;0;0.0;0.0786;False;0;0;0
ablation_ceval_any_intersection;adversarial_invalid_no_measures;adversarial;1;Q1_invalid_no_measure;False;;False;0;0;0;0.0;0.1119;False;0;0;0
baseline_random_matched;adversarial_invalid_no_measures;adversarial;1;Q1_invalid_no_measure;False;;True;1;0;1;0.0;0.0029;;0;0;0
mcad;stress_exploratory_then_useful;stress;1;Q1_noise_region;False;;False;0;0;0;0.0;0.1965;False;0;0;0
mcad;stress_exploratory_then_useful;stress;2;Q2_noise_margin_all;False;;False;0;0;0;0.0;0.1414;False;0;0;0
mcad;stress_exploratory_then_useful;stress;3;Q3_useful_margin;True;c1;True;0;0;0;0.333333;0.2624;True;1;1;0
baseline_naive;stress_exploratory_then_useful;stress;1;Q1_noise_region;False;;True;1;0;1;0.0;0.0009;;0;0;0
baseline_naive;stress_exploratory_then_useful;stress;2;Q2_noise_margin_all;False;;True;1;0;1;0.0;0.0005;;0;0;0
baseline_naive;stress_exploratory_then_useful;stress;3;Q3_useful_margin;True;c1;True;0;0;0;0.333333;0.0004;;0;0;0
baseline_measure_overlap;stress_exploratory_then_useful;stress;1;Q1_noise_region;False;;True;1;0;1;0.0;0.0225;;0;0;0
baseline_measure_overlap;stress_exploratory_then_useful;stress;2;Q2_noise_margin_all;False;;True;1;0;1;0.0;0.0054;;0;0;0
baseline_measure_overlap;stress_exploratory_then_useful;stress;3;Q3_useful_margin;True;c1;True;0;0;0;0.333333;0.0044;;0;0;0
ablation_no_sat;stress_exploratory_then_useful;stress;1;Q1_noise_region;False;;False;0;0;0;0.0;0.2357;False;0;0;0
ablation_no_sat;stress_exploratory_then_useful;stress;2;Q2_noise_margin_all;False;;False;0;0;0;0.0;0.1683;False;0;0;0
ablation_no_sat;stress_exploratory_then_useful;stress;3;Q3_useful_margin;True;c1;True;0;0;0;0.333333;0.243;True;1;1;0
ablation_no_real;stress_exploratory_then_useful;stress;1;Q1_noise_region;False;;False;0;0;0;0.0;0.2014;False;0;0;0
ablation_no_real;stress_exploratory_then_useful;stress;2;Q2_noise_margin_all;False;;False;0;0;0;0.0;0.1556;False;0;0;0
ablation_no_real;stress_exploratory_then_useful;stress;3;Q3_useful_margin;True;c1;True;0;0;0;0.333333;0.2497;True;1;1;0
ablation_ceval_any_intersection;stress_exploratory_then_useful;stress;1;Q1_noise_region;False;;False;0;0;0;0.0;0.3123;False;0;0;0
ablation_ceval_any_intersection;stress_exploratory_then_useful;stress;2;Q2_noise_margin_all;False;;False;0;0;0;0.0;0.2401;False;0;0;0
ablation_ceval_any_intersection;stress_exploratory_then_useful;stress;3;Q3_useful_margin;True;c1;True;0;0;0;0.333333;0.4353;True;1;1;0
baseline_random_matched;stress_exploratory_then_useful;stress;1;Q1_noise_region;False;;True;1;0;1;0.0;0.0032;;0;0;0
baseline_random_matched;stress_exploratory_then_useful;stress;2;Q2_noise_margin_all;False;;True;1;0;1;0.0;0.0006;;0;0;0
baseline_random_matched;stress_exploratory_then_useful;stress;3;Q3_useful_margin;True;c1;True;0;0;0;0.333333;0.0005;;0;0;0
mcad;happy_guided_article_short;happy;1;Q1_margin_month;True;c1;True;0;0;0;0.333333;0.2918;True;1;1;1
mcad;happy_guided_article_short;happy;2;Q2_stockout_store;True;c2;True;0;0;0;0.666667;0.2431;True;1;1;1
mcad;happy_guided_article_short;happy;3;Q3_sales_growth;True;c3;True;0;0;0;1.0;0.33;True;2;1;1
baseline_naive;happy_guided_article_short;happy;1;Q1_margin_month;True;c1;True;0;0;0;0.333333;0.0011;;0;0;1
baseline_naive;happy_guided_article_short;happy;2;Q2_stockout_store;True;c2;True;0;0;0;0.666667;0.0005;;0;0;1
baseline_naive;happy_guided_article_short;happy;3;Q3_sales_growth;True;c3;True;0;0;0;1.0;0.0004;;0;0;1
baseline_measure_overlap;happy_guided_article_short;happy;1;Q1_margin_month;True;c1;True;0;0;0;0.333333;0.0136;;0;0;1
baseline_measure_overlap;happy_guided_article_short;happy;2;Q2_stockout_store;True;c2;True;0;0;0;0.666667;0.0051;;0;0;1
baseline_measure_overlap;happy_guided_article_short;happy;3;Q3_sales_growth;True;c3;True;0;0;0;1.0;0.0042;;0;0;1
ablation_no_sat;happy_guided_article_short;happy;1;Q1_margin_month;True;c1;True;0;0;0;0.333333;0.3357;True;1;1;1
ablation_no_sat;happy_guided_article_short;happy;2;Q2_stockout_store;True;c2;True;0;0;0;0.666667;0.2478;True;1;1;1
ablation_no_sat;happy_guided_article_short;happy;3;Q3_sales_growth;True;c3;True;0;0;0;1.0;0.327;True;2;1;1
ablation_no_real;happy_guided_article_short;happy;1;Q1_margin_month;True;c1;True;0;0;0;0.333333;0.2841;True;1;1;1
ablation_no_real;happy_guided_article_short;happy;2;Q2_stockout_store;True;c2;True;0;0;0;0.666667;0.2607;True;1;1;1
ablation_no_real;happy_guided_article_short;happy;3;Q3_sales_growth;True;c3;True;0;0;0;1.0;0.3339;True;2;1;1
ablation_ceval_any_intersection;happy_guided_article_short;happy;1;Q1_margin_month;True;c1;True;0;0;0;0.333333;0.4944;True;1;1;1
ablation_ceval_any_intersection;happy_guided_article_short;happy;2;Q2_stockout_store;True;c2;True;0;0;0;0.666667;0.4589;True;1;1;1
ablation_ceval_any_intersection;happy_guided_article_short;happy;3;Q3_sales_growth;True;c3;True;0;0;0;1.0;0.6089;True;2;1;1
baseline_random_matched;happy_guided_article_short;happy;1;Q1_margin_month;True;c1;True;0;0;0;0.333333;0.0033;;0;0;1
baseline_random_matched;happy_guided_article_short;happy;2;Q2_stockout_store;True;c2;True;0;0;0;0.666667;0.0006;;0;0;1
baseline_random_matched;happy_guided_article_short;happy;3;Q3_sales_growth;True;c3;False;0;1;0;0.666667;0.0005;;0;0;1
mcad;happy_guided_reordered;happy;1;Q1_sales_growth;True;c3;True;0;0;0;0.333333;0.3921;True;2;1;1
mcad;happy_guided_reordered;happy;2;Q2_margin_month;True;c1;True;0;0;0;0.666667;0.2472;True;1;1;1
mcad;happy_guided_reordered;happy;3;Q3_stockout_store;True;c2;True;0;0;0;1.0;0.2454;True;1;1;1
baseline_naive;happy_guided_reordered;happy;1;Q1_sales_growth;True;c3;True;0;0;0;0.333333;0.0011;;0;0;1
baseline_naive;happy_guided_reordered;happy;2;Q2_margin_month;True;c1;True;0;0;0;0.666667;0.0006;;0;0;1
baseline_naive;happy_guided_reordered;happy;3;Q3_stockout_store;True;c2;True;0;0;0;1.0;0.0004;;0;0;1
baseline_measure_overlap;happy_guided_reordered;happy;1;Q1_sales_growth;True;c3;True;0;0;0;0.333333;0.0133;;0;0;1
baseline_measure_overlap;happy_guided_reordered;happy;2;Q2_margin_month;True;c1;True;0;0;0;0.666667;0.0049;;0;0;1
baseline_measure_overlap;happy_guided_reordered;happy;3;Q3_stockout_store;True;c2;True;0;0;0;1.0;0.0044;;0;0;1
ablation_no_sat;happy_guided_reordered;happy;1;Q1_sales_growth;True;c3;True;0;0;0;0.333333;0.3721;True;2;1;1
ablation_no_sat;happy_guided_reordered;happy;2;Q2_margin_month;True;c1;True;0;0;0;0.666667;0.2424;True;1;1;1
ablation_no_sat;happy_guided_reordered;happy;3;Q3_stockout_store;True;c2;True;0;0;0;1.0;0.2369;True;1;1;1
ablation_no_real;happy_guided_reordered;happy;1;Q1_sales_growth;True;c3;True;0;0;0;0.333333;0.372;True;2;1;1
ablation_no_real;happy_guided_reordered;happy;2;Q2_margin_month;True;c1;True;0;0;0;0.666667;0.2626;True;1;1;1
ablation_no_real;happy_guided_reordered;happy;3;Q3_stockout_store;True;c2;True;0;0;0;1.0;0.2464;True;1;1;1
ablation_ceval_any_intersection;happy_guided_reordered;happy;1;Q1_sales_growth;True;c3;True;0;0;0;0.333333;0.357;True;2;1;1
ablation_ceval_any_intersection;happy_guided_reordered;happy;2;Q2_margin_month;True;c1;True;0;0;0;0.666667;0.2454;True;1;1;1
ablation_ceval_any_intersection;happy_guided_reordered;happy;3;Q3_stockout_store;True;c2;True;0;0;0;1.0;0.2475;True;1;1;1
baseline_random_matched;happy_guided_reordered;happy;1;Q1_sales_growth;True;c3;False;0;1;0;0.0;0.0043;;0;0;1
baseline_random_matched;happy_guided_reordered;happy;2;Q2_margin_month;True;c1;True;0;0;0;0.333333;0.0011;;0;0;1
baseline_random_matched;happy_guided_reordered;happy;3;Q3_stockout_store;True;c2;True;0;0;0;0.666667;0.0009;;0;0;1
mcad;happy_guided_compact;happy;1;Q1_margin_month;True;c1;True;0;0;0;0.333333;0.2824;True;1;1;1
mcad;happy_guided_compact;happy;2;Q2_sales_growth;True;c3;True;0;0;0;0.666667;0.3786;True;2;1;1
mcad;happy_guided_compact;happy;3;Q3_stockout_store;True;c2;True;0;0;0;1.0;0.239;True;1;1;1
baseline_naive;happy_guided_compact;happy;1;Q1_margin_month;True;c1;True;0;0;0;0.333333;0.001;;0;0;1
baseline_naive;happy_guided_compact;happy;2;Q2_sales_growth;True;c3;True;0;0;0;0.666667;0.0005;;0;0;1
baseline_naive;happy_guided_compact;happy;3;Q3_stockout_store;True;c2;True;0;0;0;1.0;0.0004;;0;0;1
baseline_measure_overlap;happy_guided_compact;happy;1;Q1_margin_month;True;c1;True;0;0;0;0.333333;0.0139;;0;0;1
baseline_measure_overlap;happy_guided_compact;happy;2;Q2_sales_growth;True;c3;True;0;0;0;0.666667;0.0049;;0;0;1
baseline_measure_overlap;happy_guided_compact;happy;3;Q3_stockout_store;True;c2;True;0;0;0;1.0;0.0045;;0;0;1
ablation_no_sat;happy_guided_compact;happy;1;Q1_margin_month;True;c1;True;0;0;0;0.333333;0.277;True;1;1;1
ablation_no_sat;happy_guided_compact;happy;2;Q2_sales_growth;True;c3;True;0;0;0;0.666667;0.3319;True;2;1;1
ablation_no_sat;happy_guided_compact;happy;3;Q3_stockout_store;True;c2;True;0;0;0;1.0;0.2398;True;1;1;1
ablation_no_real;happy_guided_compact;happy;1;Q1_margin_month;True;c1;True;0;0;0;0.333333;0.2898;True;1;1;1
ablation_no_real;happy_guided_compact;happy;2;Q2_sales_growth;True;c3;True;0;0;0;0.666667;0.3386;True;2;1;1
ablation_no_real;happy_guided_compact;happy;3;Q3_stockout_store;True;c2;True;0;0;0;1.0;0.2443;True;1;1;1
ablation_ceval_any_intersection;happy_guided_compact;happy;1;Q1_margin_month;True;c1;True;0;0;0;0.333333;0.2722;True;1;1;1
ablation_ceval_any_intersection;happy_guided_compact;happy;2;Q2_sales_growth;True;c3;True;0;0;0;0.666667;0.3438;True;2;1;1
ablation_ceval_any_intersection;happy_guided_compact;happy;3;Q3_stockout_store;True;c2;True;0;0;0;1.0;0.2405;True;1;1;1
baseline_random_matched;happy_guided_compact;happy;1;Q1_margin_month;True;c1;False;0;1;0;0.0;0.0041;;0;0;1
baseline_random_matched;happy_guided_compact;happy;2;Q2_sales_growth;True;c3;True;0;0;0;0.333333;0.0011;;0;0;1
baseline_random_matched;happy_guided_compact;happy;3;Q3_stockout_store;True;c2;False;0;1;0;0.333333;0.001;;0;0;1
mcad;border_growth_partial_1998_only;border;1;Q1_sales_1998_only;False;;False;0;0;0;0.0;0.3416;True;1;0;1
baseline_naive;border_growth_partial_1998_only;border;1;Q1_sales_1998_only;False;;True;1;0;1;0.0;0.0011;;0;0;1
baseline_measure_overlap;border_growth_partial_1998_only;border;1;Q1_sales_1998_only;False;;True;1;0;1;0.0;0.0137;;0;0;1
ablation_no_sat;border_growth_partial_1998_only;border;1;Q1_sales_1998_only;False;;False;0;0;0;0.0;0.3343;True;1;0;1
ablation_no_real;border_growth_partial_1998_only;border;1;Q1_sales_1998_only;False;;True;1;0;1;0.0;0.3406;True;1;0;1
ablation_ceval_any_intersection;border_growth_partial_1998_only;border;1;Q1_sales_1998_only;False;;True;1;0;1;0.0;0.3344;True;1;1;1
baseline_random_matched;border_growth_partial_1998_only;border;1;Q1_sales_1998_only;False;;False;0;0;0;0.0;0.0029;;0;0;1
mcad;border_margin_wrong_grain;border;1;Q1_margin_quarter_only;False;;False;0;0;0;0.0;0.1996;False;0;0;1
baseline_naive;border_margin_wrong_grain;border;1;Q1_margin_quarter_only;False;;True;1;0;1;0.0;0.001;;0;0;1
baseline_measure_overlap;border_margin_wrong_grain;border;1;Q1_margin_quarter_only;False;;True;1;0;1;0.0;0.0156;;0;0;1
ablation_no_sat;border_margin_wrong_grain;border;1;Q1_margin_quarter_only;False;;False;0;0;0;0.0;0.2755;False;0;0;1
ablation_no_real;border_margin_wrong_grain;border;1;Q1_margin_quarter_only;False;;False;0;0;0;0.0;0.2088;False;0;0;1
ablation_ceval_any_intersection;border_margin_wrong_grain;border;1;Q1_margin_quarter_only;False;;False;0;0;0;0.0;0.1958;False;0;0;1
baseline_random_matched;border_margin_wrong_grain;border;1;Q1_margin_quarter_only;False;;True;1;0;1;0.0;0.003;;0;0;1
mcad;border_stockout_missing_store;border;1;Q1_stockout_category_only;False;;False;0;0;0;0.0;0.3115;False;0;0;1
baseline_naive;border_stockout_missing_store;border;1;Q1_stockout_category_only;False;;True;1;0;1;0.0;0.0014;;0;0;1
baseline_measure_overlap;border_stockout_missing_store;border;1;Q1_stockout_category_only;False;;True;1;0;1;0.0;0.0304;;0;0;1
ablation_no_sat;border_stockout_missing_store;border;1;Q1_stockout_category_only;False;;False;0;0;0;0.0;1.812;False;0;0;1
ablation_no_real;border_stockout_missing_store;border;1;Q1_stockout_category_only;False;;False;0;0;0;0.0;0.378;False;0;0;1
ablation_ceval_any_intersection;border_stockout_missing_store;border;1;Q1_stockout_category_only;False;;False;0;0;0;0.0;0.3515;False;0;0;1
baseline_random_matched;border_stockout_missing_store;border;1;Q1_stockout_category_only;False;;True;1;0;1;0.0;0.0041;;0;0;1
mcad;adversarial_wrong_region;adversarial;1;Q1_margin_south;False;;False;0;0;0;0.0;0.3143;False;0;0;1
baseline_naive;adversarial_wrong_region;adversarial;1;Q1_margin_south;False;;True;1;0;1;0.0;0.0012;;0;0;1
baseline_measure_overlap;adversarial_wrong_region;adversarial;1;Q1_margin_south;False;;True;1;0;1;0.0;0.0157;;0;0;1
ablation_no_sat;adversarial_wrong_region;adversarial;1;Q1_margin_south;False;;False;0;0;0;0.0;0.368;False;0;0;1
ablation_no_real;adversarial_wrong_region;adversarial;1;Q1_margin_south;False;;False;0;0;0;0.0;0.1863;False;0;0;1
ablation_ceval_any_intersection;adversarial_wrong_region;adversarial;1;Q1_margin_south;False;;False;0;0;0;0.0;0.1695;False;0;0;1
baseline_random_matched;adversarial_wrong_region;adversarial;1;Q1_margin_south;False;;True;1;0;1;0.0;0.0032;;0;0;1
mcad;adversarial_wrong_year;adversarial;1;Q1_stockout_1997;False;;False;0;0;0;0.0;0.2985;False;0;0;1
baseline_naive;adversarial_wrong_year;adversarial;1;Q1_stockout_1997;False;;True;1;0;1;0.0;0.001;;0;0;1
baseline_measure_overlap;adversarial_wrong_year;adversarial;1;Q1_stockout_1997;False;;True;1;0;1;0.0;0.0148;;0;0;1
ablation_no_sat;adversarial_wrong_year;adversarial;1;Q1_stockout_1997;False;;False;0;0;0;0.0;0.2051;False;0;0;1
ablation_no_real;adversarial_wrong_year;adversarial;1;Q1_stockout_1997;False;;False;0;0;0;0.0;0.287;False;0;0;1
ablation_ceval_any_intersection;adversarial_wrong_year;adversarial;1;Q1_stockout_1997;False;;False;0;0;0;0.0;0.2945;False;0;0;1
baseline_random_matched;adversarial_wrong_year;adversarial;1;Q1_stockout_1997;False;;False;0;0;0;0.0;0.0035;;0;0;1
mcad;adversarial_invalid_no_measures;adversarial;1;Q1_invalid_no_measure;False;;False;0;0;0;0.0;0.0832;False;0;0;1
baseline_naive;adversarial_invalid_no_measures;adversarial;1;Q1_invalid_no_measure;False;;True;1;0;1;0.0;0.0009;;0;0;1
baseline_measure_overlap;adversarial_invalid_no_measures;adversarial;1;Q1_invalid_no_measure;False;;False;0;0;0;0.0;0.0135;;0;0;1
ablation_no_sat;adversarial_invalid_no_measures;adversarial;1;Q1_invalid_no_measure;False;;False;0;0;0;0.0;0.0912;False;0;0;1
ablation_no_real;adversarial_invalid_no_measures;adversarial;1;Q1_invalid_no_measure;False;;False;0;0;0;0.0;0.0886;False;0;0;1
ablation_ceval_any_intersection;adversarial_invalid_no_measures;adversarial;1;Q1_invalid_no_measure;False;;False;0;0;0;0.0;0.0714;False;0;0;1
baseline_random_matched;adversarial_invalid_no_measures;adversarial;1;Q1_invalid_no_measure;False;;True;1;0;1;0.0;0.0035;;0;0;1
mcad;stress_exploratory_then_useful;stress;1;Q1_noise_region;False;;False;0;0;0;0.0;0.1982;False;0;0;1
mcad;stress_exploratory_then_useful;stress;2;Q2_noise_margin_all;False;;False;0;0;0;0.0;0.142;False;0;0;1
mcad;stress_exploratory_then_useful;stress;3;Q3_useful_margin;True;c1;True;0;0;0;0.333333;0.2601;True;1;1;1
baseline_naive;stress_exploratory_then_useful;stress;1;Q1_noise_region;False;;True;1;0;1;0.0;0.0009;;0;0;1
baseline_naive;stress_exploratory_then_useful;stress;2;Q2_noise_margin_all;False;;True;1;0;1;0.0;0.0004;;0;0;1
baseline_naive;stress_exploratory_then_useful;stress;3;Q3_useful_margin;True;c1;True;0;0;0;0.333333;0.0004;;0;0;1
baseline_measure_overlap;stress_exploratory_then_useful;stress;1;Q1_noise_region;False;;True;1;0;1;0.0;0.0137;;0;0;1
baseline_measure_overlap;stress_exploratory_then_useful;stress;2;Q2_noise_margin_all;False;;True;1;0;1;0.0;0.0049;;0;0;1
baseline_measure_overlap;stress_exploratory_then_useful;stress;3;Q3_useful_margin;True;c1;True;0;0;0;0.333333;0.0042;;0;0;1
ablation_no_sat;stress_exploratory_then_useful;stress;1;Q1_noise_region;False;;False;0;0;0;0.0;0.3596;False;0;0;1
ablation_no_sat;stress_exploratory_then_useful;stress;2;Q2_noise_margin_all;False;;False;0;0;0;0.0;0.2702;False;0;0;1
ablation_no_sat;stress_exploratory_then_useful;stress;3;Q3_useful_margin;True;c1;True;0;0;0;0.333333;0.4625;True;1;1;1
ablation_no_real;stress_exploratory_then_useful;stress;1;Q1_noise_region;False;;False;0;0;0;0.0;0.3894;False;0;0;1
ablation_no_real;stress_exploratory_then_useful;stress;2;Q2_noise_margin_all;False;;False;0;0;0;0.0;0.2943;False;0;0;1
ablation_no_real;stress_exploratory_then_useful;stress;3;Q3_useful_margin;True;c1;True;0;0;0;0.333333;0.5105;True;1;1;1
ablation_ceval_any_intersection;stress_exploratory_then_useful;stress;1;Q1_noise_region;False;;False;0;0;0;0.0;0.3734;False;0;0;1
ablation_ceval_any_intersection;stress_exploratory_then_useful;stress;2;Q2_noise_margin_all;False;;False;0;0;0;0.0;0.2787;False;0;0;1
ablation_ceval_any_intersection;stress_exploratory_then_useful;stress;3;Q3_useful_margin;True;c1;True;0;0;0;0.333333;0.4884;True;1;1;1
baseline_random_matched;stress_exploratory_then_useful;stress;1;Q1_noise_region;False;;True;1;0;1;0.0;0.0045;;0;0;1
baseline_random_matched;stress_exploratory_then_useful;stress;2;Q2_noise_margin_all;False;;True;1;0;1;0.0;0.001;;0;0;1
baseline_random_matched;stress_exploratory_then_useful;stress;3;Q3_useful_margin;True;c1;True;0;0;0;0.333333;0.0008;;0;0;1
mcad;happy_guided_article_short;happy;1;Q1_margin_month;True;c1;True;0;0;0;0.333333;0.2844;True;1;1;2
mcad;happy_guided_article_short;happy;2;Q2_stockout_store;True;c2;True;0;0;0;0.666667;0.2529;True;1;1;2
mcad;happy_guided_article_short;happy;3;Q3_sales_growth;True;c3;True;0;0;0;1.0;0.3311;True;2;1;2
baseline_naive;happy_guided_article_short;happy;1;Q1_margin_month;True;c1;True;0;0;0;0.333333;0.0009;;0;0;2
baseline_naive;happy_guided_article_short;happy;2;Q2_stockout_store;True;c2;True;0;0;0;0.666667;0.0004;;0;0;2
baseline_naive;happy_guided_article_short;happy;3;Q3_sales_growth;True;c3;True;0;0;0;1.0;0.0004;;0;0;2
baseline_measure_overlap;happy_guided_article_short;happy;1;Q1_margin_month;True;c1;True;0;0;0;0.333333;0.0194;;0;0;2
baseline_measure_overlap;happy_guided_article_short;happy;2;Q2_stockout_store;True;c2;True;0;0;0;0.666667;0.0092;;0;0;2
baseline_measure_overlap;happy_guided_article_short;happy;3;Q3_sales_growth;True;c3;True;0;0;0;1.0;0.0077;;0;0;2
ablation_no_sat;happy_guided_article_short;happy;1;Q1_margin_month;True;c1;True;0;0;0;0.333333;0.2793;True;1;1;2
ablation_no_sat;happy_guided_article_short;happy;2;Q2_stockout_store;True;c2;True;0;0;0;0.666667;0.2457;True;1;1;2
ablation_no_sat;happy_guided_article_short;happy;3;Q3_sales_growth;True;c3;True;0;0;0;1.0;0.3437;True;2;1;2
ablation_no_real;happy_guided_article_short;happy;1;Q1_margin_month;True;c1;True;0;0;0;0.333333;0.2829;True;1;1;2
ablation_no_real;happy_guided_article_short;happy;2;Q2_stockout_store;True;c2;True;0;0;0;0.666667;0.2446;True;1;1;2
ablation_no_real;happy_guided_article_short;happy;3;Q3_sales_growth;True;c3;True;0;0;0;1.0;0.33;True;2;1;2
ablation_ceval_any_intersection;happy_guided_article_short;happy;1;Q1_margin_month;True;c1;True;0;0;0;0.333333;0.2805;True;1;1;2
ablation_ceval_any_intersection;happy_guided_article_short;happy;2;Q2_stockout_store;True;c2;True;0;0;0;0.666667;0.2376;True;1;1;2
ablation_ceval_any_intersection;happy_guided_article_short;happy;3;Q3_sales_growth;True;c3;True;0;0;0;1.0;0.3235;True;2;1;2
baseline_random_matched;happy_guided_article_short;happy;1;Q1_margin_month;True;c1;False;0;1;0;0.0;0.0031;;0;0;2
baseline_random_matched;happy_guided_article_short;happy;2;Q2_stockout_store;True;c2;False;0;1;0;0.0;0.0006;;0;0;2
baseline_random_matched;happy_guided_article_short;happy;3;Q3_sales_growth;True;c3;True;0;0;0;0.333333;0.0004;;0;0;2
mcad;happy_guided_reordered;happy;1;Q1_sales_growth;True;c3;True;0;0;0;0.333333;0.4721;True;2;1;2
mcad;happy_guided_reordered;happy;2;Q2_margin_month;True;c1;True;0;0;0;0.666667;0.2603;True;1;1;2
mcad;happy_guided_reordered;happy;3;Q3_stockout_store;True;c2;True;0;0;0;1.0;0.2665;True;1;1;2
baseline_naive;happy_guided_reordered;happy;1;Q1_sales_growth;True;c3;True;0;0;0;0.333333;0.001;;0;0;2
baseline_naive;happy_guided_reordered;happy;2;Q2_margin_month;True;c1;True;0;0;0;0.666667;0.0005;;0;0;2
baseline_naive;happy_guided_reordered;happy;3;Q3_stockout_store;True;c2;True;0;0;0;1.0;0.0004;;0;0;2
baseline_measure_overlap;happy_guided_reordered;happy;1;Q1_sales_growth;True;c3;True;0;0;0;0.333333;0.0136;;0;0;2
baseline_measure_overlap;happy_guided_reordered;happy;2;Q2_margin_month;True;c1;True;0;0;0;0.666667;0.0051;;0;0;2
baseline_measure_overlap;happy_guided_reordered;happy;3;Q3_stockout_store;True;c2;True;0;0;0;1.0;0.0045;;0;0;2
ablation_no_sat;happy_guided_reordered;happy;1;Q1_sales_growth;True;c3;True;0;0;0;0.333333;0.6882;True;2;1;2
ablation_no_sat;happy_guided_reordered;happy;2;Q2_margin_month;True;c1;True;0;0;0;0.666667;0.4625;True;1;1;2
ablation_no_sat;happy_guided_reordered;happy;3;Q3_stockout_store;True;c2;True;0;0;0;1.0;0.471;True;1;1;2
ablation_no_real;happy_guided_reordered;happy;1;Q1_sales_growth;True;c3;True;0;0;0;0.333333;0.3695;True;2;1;2
ablation_no_real;happy_guided_reordered;happy;2;Q2_margin_month;True;c1;True;0;0;0;0.666667;0.2606;True;1;1;2
ablation_no_real;happy_guided_reordered;happy;3;Q3_stockout_store;True;c2;True;0;0;0;1.0;0.2468;True;1;1;2
ablation_ceval_any_intersection;happy_guided_reordered;happy;1;Q1_sales_growth;True;c3;True;0;0;0;0.333333;0.3574;True;2;1;2
ablation_ceval_any_intersection;happy_guided_reordered;happy;2;Q2_margin_month;True;c1;True;0;0;0;0.666667;0.2419;True;1;1;2
ablation_ceval_any_intersection;happy_guided_reordered;happy;3;Q3_stockout_store;True;c2;True;0;0;0;1.0;0.2364;True;1;1;2
baseline_random_matched;happy_guided_reordered;happy;1;Q1_sales_growth;True;c3;True;0;0;0;0.333333;0.0031;;0;0;2
baseline_random_matched;happy_guided_reordered;happy;2;Q2_margin_month;True;c1;False;0;1;0;0.333333;0.0006;;0;0;2
baseline_random_matched;happy_guided_reordered;happy;3;Q3_stockout_store;True;c2;False;0;1;0;0.333333;0.0005;;0;0;2
mcad;happy_guided_compact;happy;1;Q1_margin_month;True;c1;True;0;0;0;0.333333;0.277;True;1;1;2
mcad;happy_guided_compact;happy;2;Q2_sales_growth;True;c3;True;0;0;0;0.666667;0.3411;True;2;1;2
mcad;happy_guided_compact;happy;3;Q3_stockout_store;True;c2;True;0;0;0;1.0;0.2405;True;1;1;2
baseline_naive;happy_guided_compact;happy;1;Q1_margin_month;True;c1;True;0;0;0;0.333333;0.001;;0;0;2
baseline_naive;happy_guided_compact;happy;2;Q2_sales_growth;True;c3;True;0;0;0;0.666667;0.0005;;0;0;2
baseline_naive;happy_guided_compact;happy;3;Q3_stockout_store;True;c2;True;0;0;0;1.0;0.0003;;0;0;2
baseline_measure_overlap;happy_guided_compact;happy;1;Q1_margin_month;True;c1;True;0;0;0;0.333333;0.0126;;0;0;2
baseline_measure_overlap;happy_guided_compact;happy;2;Q2_sales_growth;True;c3;True;0;0;0;0.666667;0.0077;;0;0;2
baseline_measure_overlap;happy_guided_compact;happy;3;Q3_stockout_store;True;c2;True;0;0;0;1.0;0.0063;;0;0;2
ablation_no_sat;happy_guided_compact;happy;1;Q1_margin_month;True;c1;True;0;0;0;0.333333;0.499;True;1;1;2
ablation_no_sat;happy_guided_compact;happy;2;Q2_sales_growth;True;c3;True;0;0;0;0.666667;0.6317;True;2;1;2
ablation_no_sat;happy_guided_compact;happy;3;Q3_stockout_store;True;c2;True;0;0;0;1.0;0.4636;True;1;1;2
ablation_no_real;happy_guided_compact;happy;1;Q1_margin_month;True;c1;True;0;0;0;0.333333;0.2971;True;1;1;2
ablation_no_real;happy_guided_compact;happy;2;Q2_sales_growth;True;c3;True;0;0;0;0.666667;0.3392;True;2;1;2
ablation_no_real;happy_guided_compact;happy;3;Q3_stockout_store;True;c2;True;0;0;0;1.0;0.2479;True;1;1;2
ablation_ceval_any_intersection;happy_guided_compact;happy;1;Q1_margin_month;True;c1;True;0;0;0;0.333333;0.276;True;1;1;2
ablation_ceval_any_intersection;happy_guided_compact;happy;2;Q2_sales_growth;True;c3;True;0;0;0;0.666667;0.3472;True;2;1;2
ablation_ceval_any_intersection;happy_guided_compact;happy;3;Q3_stockout_store;True;c2;True;0;0;0;1.0;0.2414;True;1;1;2
baseline_random_matched;happy_guided_compact;happy;1;Q1_margin_month;True;c1;False;0;1;0;0.0;0.0034;;0;0;2
baseline_random_matched;happy_guided_compact;happy;2;Q2_sales_growth;True;c3;False;0;1;0;0.0;0.0006;;0;0;2
baseline_random_matched;happy_guided_compact;happy;3;Q3_stockout_store;True;c2;True;0;0;0;0.333333;0.0005;;0;0;2
mcad;border_growth_partial_1998_only;border;1;Q1_sales_1998_only;False;;False;0;0;0;0.0;0.334;True;1;0;2
baseline_naive;border_growth_partial_1998_only;border;1;Q1_sales_1998_only;False;;True;1;0;1;0.0;0.001;;0;0;2
baseline_measure_overlap;border_growth_partial_1998_only;border;1;Q1_sales_1998_only;False;;True;1;0;1;0.0;0.0128;;0;0;2
ablation_no_sat;border_growth_partial_1998_only;border;1;Q1_sales_1998_only;False;;False;0;0;0;0.0;0.5199;True;1;0;2
ablation_no_real;border_growth_partial_1998_only;border;1;Q1_sales_1998_only;False;;True;1;0;1;0.0;0.3484;True;1;0;2
ablation_ceval_any_intersection;border_growth_partial_1998_only;border;1;Q1_sales_1998_only;False;;True;1;0;1;0.0;0.331;True;1;1;2
baseline_random_matched;border_growth_partial_1998_only;border;1;Q1_sales_1998_only;False;;False;0;0;0;0.0;0.0033;;0;0;2
mcad;border_margin_wrong_grain;border;1;Q1_margin_quarter_only;False;;False;0;0;0;0.0;0.3394;False;0;0;2
baseline_naive;border_margin_wrong_grain;border;1;Q1_margin_quarter_only;False;;True;1;0;1;0.0;0.001;;0;0;2
baseline_measure_overlap;border_margin_wrong_grain;border;1;Q1_margin_quarter_only;False;;True;1;0;1;0.0;0.0126;;0;0;2
ablation_no_sat;border_margin_wrong_grain;border;1;Q1_margin_quarter_only;False;;False;0;0;0;0.0;0.5361;False;0;0;2
ablation_no_real;border_margin_wrong_grain;border;1;Q1_margin_quarter_only;False;;False;0;0;0;0.0;0.2063;False;0;0;2
ablation_ceval_any_intersection;border_margin_wrong_grain;border;1;Q1_margin_quarter_only;False;;False;0;0;0;0.0;0.1962;False;0;0;2
baseline_random_matched;border_margin_wrong_grain;border;1;Q1_margin_quarter_only;False;;False;0;0;0;0.0;0.0028;;0;0;2
mcad;border_stockout_missing_store;border;1;Q1_stockout_category_only;False;;False;0;0;0;0.0;0.2045;False;0;0;2
baseline_naive;border_stockout_missing_store;border;1;Q1_stockout_category_only;False;;True;1;0;1;0.0;0.001;;0;0;2
baseline_measure_overlap;border_stockout_missing_store;border;1;Q1_stockout_category_only;False;;True;1;0;1;0.0;0.0126;;0;0;2
ablation_no_sat;border_stockout_missing_store;border;1;Q1_stockout_category_only;False;;False;0;0;0;0.0;0.4688;False;0;0;2
ablation_no_real;border_stockout_missing_store;border;1;Q1_stockout_category_only;False;;False;0;0;0;0.0;0.2219;False;0;0;2
ablation_ceval_any_intersection;border_stockout_missing_store;border;1;Q1_stockout_category_only;False;;False;0;0;0;0.0;0.2028;False;0;0;2
baseline_random_matched;border_stockout_missing_store;border;1;Q1_stockout_category_only;False;;False;0;0;0;0.0;0.0024;;0;0;2
mcad;adversarial_wrong_region;adversarial;1;Q1_margin_south;False;;False;0;0;0;0.0;0.1904;False;0;0;2
baseline_naive;adversarial_wrong_region;adversarial;1;Q1_margin_south;False;;True;1;0;1;0.0;0.0009;;0;0;2
baseline_measure_overlap;adversarial_wrong_region;adversarial;1;Q1_margin_south;False;;True;1;0;1;0.0;0.0127;;0;0;2
ablation_no_sat;adversarial_wrong_region;adversarial;1;Q1_margin_south;False;;False;0;0;0;0.0;0.2069;False;0;0;2
ablation_no_real;adversarial_wrong_region;adversarial;1;Q1_margin_south;False;;False;0;0;0;0.0;0.3303;False;0;0;2
ablation_ceval_any_intersection;adversarial_wrong_region;adversarial;1;Q1_margin_south;False;;False;0;0;0;0.0;0.1813;False;0;0;2
baseline_random_matched;adversarial_wrong_region;adversarial;1;Q1_margin_south;False;;True;1;0;1;0.0;0.0034;;0;0;2
mcad;adversarial_wrong_year;adversarial;1;Q1_stockout_1997;False;;False;0;0;0;0.0;0.2983;False;0;0;2
baseline_naive;adversarial_wrong_year;adversarial;1;Q1_stockout_1997;False;;True;1;0;1;0.0;0.0013;;0;0;2
baseline_measure_overlap;adversarial_wrong_year;adversarial;1;Q1_stockout_1997;False;;True;1;0;1;0.0;0.0213;;0;0;2
ablation_no_sat;adversarial_wrong_year;adversarial;1;Q1_stockout_1997;False;;False;0;0;0;0.0;0.1928;False;0;0;2
ablation_no_real;adversarial_wrong_year;adversarial;1;Q1_stockout_1997;False;;False;0;0;0;0.0;0.1728;False;0;0;2
ablation_ceval_any_intersection;adversarial_wrong_year;adversarial;1;Q1_stockout_1997;False;;False;0;0;0;0.0;0.1781;False;0;0;2
baseline_random_matched;adversarial_wrong_year;adversarial;1;Q1_stockout_1997;False;;True;1;0;1;0.0;0.0026;;0;0;2
mcad;adversarial_invalid_no_measures;adversarial;1;Q1_invalid_no_measure;False;;False;0;0;0;0.0;0.0836;False;0;0;2
baseline_naive;adversarial_invalid_no_measures;adversarial;1;Q1_invalid_no_measure;False;;True;1;0;1;0.0;0.0009;;0;0;2
baseline_measure_overlap;adversarial_invalid_no_measures;adversarial;1;Q1_invalid_no_measure;False;;False;0;0;0;0.0;0.0126;;0;0;2
ablation_no_sat;adversarial_invalid_no_measures;adversarial;1;Q1_invalid_no_measure;False;;False;0;0;0;0.0;0.0876;False;0;0;2
ablation_no_real;adversarial_invalid_no_measures;adversarial;1;Q1_invalid_no_measure;False;;False;0;0;0;0.0;0.0793;False;0;0;2
ablation_ceval_any_intersection;adversarial_invalid_no_measures;adversarial;1;Q1_invalid_no_measure;False;;False;0;0;0;0.0;0.0724;False;0;0;2
baseline_random_matched;adversarial_invalid_no_measures;adversarial;1;Q1_invalid_no_measure;False;;False;0;0;0;0.0;0.0026;;0;0;2
mcad;stress_exploratory_then_useful;stress;1;Q1_noise_region;False;;False;0;0;0;0.0;0.2046;False;0;0;2
mcad;stress_exploratory_then_useful;stress;2;Q2_noise_margin_all;False;;False;0;0;0;0.0;0.1425;False;0;0;2
mcad;stress_exploratory_then_useful;stress;3;Q3_useful_margin;True;c1;True;0;0;0;0.333333;0.2459;True;1;1;2
baseline_naive;stress_exploratory_then_useful;stress;1;Q1_noise_region;False;;True;1;0;1;0.0;0.0014;;0;0;2
baseline_naive;stress_exploratory_then_useful;stress;2;Q2_noise_margin_all;False;;True;1;0;1;0.0;0.0007;;0;0;2
baseline_naive;stress_exploratory_then_useful;stress;3;Q3_useful_margin;True;c1;True;0;0;0;0.333333;0.0005;;0;0;2
baseline_measure_overlap;stress_exploratory_then_useful;stress;1;Q1_noise_region;False;;True;1;0;1;0.0;0.0136;;0;0;2
baseline_measure_overlap;stress_exploratory_then_useful;stress;2;Q2_noise_margin_all;False;;True;1;0;1;0.0;0.0051;;0;0;2
baseline_measure_overlap;stress_exploratory_then_useful;stress;3;Q3_useful_margin;True;c1;True;0;0;0;0.333333;0.0043;;0;0;2
ablation_no_sat;stress_exploratory_then_useful;stress;1;Q1_noise_region;False;;False;0;0;0;0.0;0.2456;False;0;0;2
ablation_no_sat;stress_exploratory_then_useful;stress;2;Q2_noise_margin_all;False;;False;0;0;0;0.0;0.1688;False;0;0;2
ablation_no_sat;stress_exploratory_then_useful;stress;3;Q3_useful_margin;True;c1;True;0;0;0;0.333333;0.2392;True;1;1;2
ablation_no_real;stress_exploratory_then_useful;stress;1;Q1_noise_region;False;;False;0;0;0;0.0;0.2008;False;0;0;2
ablation_no_real;stress_exploratory_then_useful;stress;2;Q2_noise_margin_all;False;;False;0;0;0;0.0;0.1457;False;0;0;2
ablation_no_real;stress_exploratory_then_useful;stress;3;Q3_useful_margin;True;c1;True;0;0;0;0.333333;0.2627;True;1;1;2
ablation_ceval_any_intersection;stress_exploratory_then_useful;stress;1;Q1_noise_region;False;;False;0;0;0;0.0;0.1921;False;0;0;2
ablation_ceval_any_intersection;stress_exploratory_then_useful;stress;2;Q2_noise_margin_all;False;;False;0;0;0;0.0;0.1375;False;0;0;2
ablation_ceval_any_intersection;stress_exploratory_then_useful;stress;3;Q3_useful_margin;True;c1;True;0;0;0;0.333333;0.2378;True;1;1;2
baseline_random_matched;stress_exploratory_then_useful;stress;1;Q1_noise_region;False;;True;1;0;1;0.0;0.0026;;0;0;2
baseline_random_matched;stress_exploratory_then_useful;stress;2;Q2_noise_margin_all;False;;True;1;0;1;0.0;0.0006;;0;0;2
baseline_random_matched;stress_exploratory_then_useful;stress;3;Q3_useful_margin;True;c1;True;0;0;0;0.333333;0.0006;;0;0;2
mcad;happy_guided_article_short;happy;1;Q1_margin_month;True;c1;True;0;0;0;0.333333;0.2787;True;1;1;3
mcad;happy_guided_article_short;happy;2;Q2_stockout_store;True;c2;True;0;0;0;0.666667;0.2441;True;1;1;3
mcad;happy_guided_article_short;happy;3;Q3_sales_growth;True;c3;True;0;0;0;1.0;0.3389;True;2;1;3
baseline_naive;happy_guided_article_short;happy;1;Q1_margin_month;True;c1;True;0;0;0;0.333333;0.001;;0;0;3
baseline_naive;happy_guided_article_short;happy;2;Q2_stockout_store;True;c2;True;0;0;0;0.666667;0.0005;;0;0;3
baseline_naive;happy_guided_article_short;happy;3;Q3_sales_growth;True;c3;True;0;0;0;1.0;0.0003;;0;0;3
baseline_measure_overlap;happy_guided_article_short;happy;1;Q1_margin_month;True;c1;True;0;0;0;0.333333;0.0197;;0;0;3
baseline_measure_overlap;happy_guided_article_short;happy;2;Q2_stockout_store;True;c2;True;0;0;0;0.666667;0.01;;0;0;3
baseline_measure_overlap;happy_guided_article_short;happy;3;Q3_sales_growth;True;c3;True;0;0;0;1.0;0.0045;;0;0;3
ablation_no_sat;happy_guided_article_short;happy;1;Q1_margin_month;True;c1;True;0;0;0;0.333333;0.2852;True;1;1;3
ablation_no_sat;happy_guided_article_short;happy;2;Q2_stockout_store;True;c2;True;0;0;0;0.666667;0.2473;True;1;1;3
ablation_no_sat;happy_guided_article_short;happy;3;Q3_sales_growth;True;c3;True;0;0;0;1.0;0.3436;True;2;1;3
ablation_no_real;happy_guided_article_short;happy;1;Q1_margin_month;True;c1;True;0;0;0;0.333333;0.2988;True;1;1;3
ablation_no_real;happy_guided_article_short;happy;2;Q2_stockout_store;True;c2;True;0;0;0;0.666667;0.2481;True;1;1;3
ablation_no_real;happy_guided_article_short;happy;3;Q3_sales_growth;True;c3;True;0;0;0;1.0;0.3335;True;2;1;3
ablation_ceval_any_intersection;happy_guided_article_short;happy;1;Q1_margin_month;True;c1;True;0;0;0;0.333333;0.2997;True;1;1;3
ablation_ceval_any_intersection;happy_guided_article_short;happy;2;Q2_stockout_store;True;c2;True;0;0;0;0.666667;0.244;True;1;1;3
ablation_ceval_any_intersection;happy_guided_article_short;happy;3;Q3_sales_growth;True;c3;True;0;0;0;1.0;0.3226;True;2;1;3
baseline_random_matched;happy_guided_article_short;happy;1;Q1_margin_month;True;c1;True;0;0;0;0.333333;0.0026;;0;0;3
baseline_random_matched;happy_guided_article_short;happy;2;Q2_stockout_store;True;c2;True;0;0;0;0.666667;0.0007;;0;0;3
baseline_random_matched;happy_guided_article_short;happy;3;Q3_sales_growth;True;c3;True;0;0;0;1.0;0.0005;;0;0;3
mcad;happy_guided_reordered;happy;1;Q1_sales_growth;True;c3;True;0;0;0;0.333333;0.3629;True;2;1;3
mcad;happy_guided_reordered;happy;2;Q2_margin_month;True;c1;True;0;0;0;0.666667;0.2572;True;1;1;3
mcad;happy_guided_reordered;happy;3;Q3_stockout_store;True;c2;True;0;0;0;1.0;0.2372;True;1;1;3
baseline_naive;happy_guided_reordered;happy;1;Q1_sales_growth;True;c3;True;0;0;0;0.333333;0.0009;;0;0;3
baseline_naive;happy_guided_reordered;happy;2;Q2_margin_month;True;c1;True;0;0;0;0.666667;0.0005;;0;0;3
baseline_naive;happy_guided_reordered;happy;3;Q3_stockout_store;True;c2;True;0;0;0;1.0;0.0003;;0;0;3
baseline_measure_overlap;happy_guided_reordered;happy;1;Q1_sales_growth;True;c3;True;0;0;0;0.333333;0.014;;0;0;3
baseline_measure_overlap;happy_guided_reordered;happy;2;Q2_margin_month;True;c1;True;0;0;0;0.666667;0.0055;;0;0;3
baseline_measure_overlap;happy_guided_reordered;happy;3;Q3_stockout_store;True;c2;True;0;0;0;1.0;0.0046;;0;0;3
ablation_no_sat;happy_guided_reordered;happy;1;Q1_sales_growth;True;c3;True;0;0;0;0.333333;0.3682;True;2;1;3
ablation_no_sat;happy_guided_reordered;happy;2;Q2_margin_month;True;c1;True;0;0;0;0.666667;0.2591;True;1;1;3
ablation_no_sat;happy_guided_reordered;happy;3;Q3_stockout_store;True;c2;True;0;0;0;1.0;0.2387;True;1;1;3
ablation_no_real;happy_guided_reordered;happy;1;Q1_sales_growth;True;c3;True;0;0;0;0.333333;0.3717;True;2;1;3
ablation_no_real;happy_guided_reordered;happy;2;Q2_margin_month;True;c1;True;0;0;0;0.666667;0.2523;True;1;1;3
ablation_no_real;happy_guided_reordered;happy;3;Q3_stockout_store;True;c2;True;0;0;0;1.0;0.255;True;1;1;3
ablation_ceval_any_intersection;happy_guided_reordered;happy;1;Q1_sales_growth;True;c3;True;0;0;0;0.333333;0.4294;True;2;1;3
ablation_ceval_any_intersection;happy_guided_reordered;happy;2;Q2_margin_month;True;c1;True;0;0;0;0.666667;0.2472;True;1;1;3
ablation_ceval_any_intersection;happy_guided_reordered;happy;3;Q3_stockout_store;True;c2;True;0;0;0;1.0;0.2357;True;1;1;3
baseline_random_matched;happy_guided_reordered;happy;1;Q1_sales_growth;True;c3;False;0;1;0;0.0;0.003;;0;0;3
baseline_random_matched;happy_guided_reordered;happy;2;Q2_margin_month;True;c1;False;0;1;0;0.0;0.0006;;0;0;3
baseline_random_matched;happy_guided_reordered;happy;3;Q3_stockout_store;True;c2;False;0;1;0;0.0;0.0005;;0;0;3
mcad;happy_guided_compact;happy;1;Q1_margin_month;True;c1;True;0;0;0;0.333333;0.2748;True;1;1;3
mcad;happy_guided_compact;happy;2;Q2_sales_growth;True;c3;True;0;0;0;0.666667;0.3454;True;2;1;3
mcad;happy_guided_compact;happy;3;Q3_stockout_store;True;c2;True;0;0;0;1.0;0.235;True;1;1;3
baseline_naive;happy_guided_compact;happy;1;Q1_margin_month;True;c1;True;0;0;0;0.333333;0.0009;;0;0;3
baseline_naive;happy_guided_compact;happy;2;Q2_sales_growth;True;c3;True;0;0;0;0.666667;0.0005;;0;0;3
baseline_naive;happy_guided_compact;happy;3;Q3_stockout_store;True;c2;True;0;0;0;1.0;0.0003;;0;0;3
baseline_measure_overlap;happy_guided_compact;happy;1;Q1_margin_month;True;c1;True;0;0;0;0.333333;0.0174;;0;0;3
baseline_measure_overlap;happy_guided_compact;happy;2;Q2_sales_growth;True;c3;True;0;0;0;0.666667;0.0069;;0;0;3
baseline_measure_overlap;happy_guided_compact;happy;3;Q3_stockout_store;True;c2;True;0;0;0;1.0;0.0059;;0;0;3
ablation_no_sat;happy_guided_compact;happy;1;Q1_margin_month;True;c1;True;0;0;0;0.333333;0.318;True;1;1;3
ablation_no_sat;happy_guided_compact;happy;2;Q2_sales_growth;True;c3;True;0;0;0;0.666667;0.3443;True;2;1;3
ablation_no_sat;happy_guided_compact;happy;3;Q3_stockout_store;True;c2;True;0;0;0;1.0;0.2382;True;1;1;3
ablation_no_real;happy_guided_compact;happy;1;Q1_margin_month;True;c1;True;0;0;0;0.333333;0.2933;True;1;1;3
ablation_no_real;happy_guided_compact;happy;2;Q2_sales_growth;True;c3;True;0;0;0;0.666667;0.3391;True;2;1;3
ablation_no_real;happy_guided_compact;happy;3;Q3_stockout_store;True;c2;True;0;0;0;1.0;0.2589;True;1;1;3
ablation_ceval_any_intersection;happy_guided_compact;happy;1;Q1_margin_month;True;c1;True;0;0;0;0.333333;0.2807;True;1;1;3
ablation_ceval_any_intersection;happy_guided_compact;happy;2;Q2_sales_growth;True;c3;True;0;0;0;0.666667;0.3296;True;2;1;3
ablation_ceval_any_intersection;happy_guided_compact;happy;3;Q3_stockout_store;True;c2;True;0;0;0;1.0;0.2374;True;1;1;3
baseline_random_matched;happy_guided_compact;happy;1;Q1_margin_month;True;c1;True;0;0;0;0.333333;0.0032;;0;0;3
baseline_random_matched;happy_guided_compact;happy;2;Q2_sales_growth;True;c3;False;0;1;0;0.333333;0.0006;;0;0;3
baseline_random_matched;happy_guided_compact;happy;3;Q3_stockout_store;True;c2;True;0;0;0;0.666667;0.0004;;0;0;3
mcad;border_growth_partial_1998_only;border;1;Q1_sales_1998_only;False;;False;0;0;0;0.0;0.346;True;1;0;3
baseline_naive;border_growth_partial_1998_only;border;1;Q1_sales_1998_only;False;;True;1;0;1;0.0;0.0009;;0;0;3
baseline_measure_overlap;border_growth_partial_1998_only;border;1;Q1_sales_1998_only;False;;True;1;0;1;0.0;0.0173;;0;0;3
ablation_no_sat;border_growth_partial_1998_only;border;1;Q1_sales_1998_only;False;;False;0;0;0;0.0;0.6275;True;1;0;3
ablation_no_real;border_growth_partial_1998_only;border;1;Q1_sales_1998_only;False;;True;1;0;1;0.0;0.3413;True;1;0;3
ablation_ceval_any_intersection;border_growth_partial_1998_only;border;1;Q1_sales_1998_only;False;;True;1;0;1;0.0;0.3364;True;1;1;3
baseline_random_matched;border_growth_partial_1998_only;border;1;Q1_sales_1998_only;False;;True;1;0;1;0.0;0.0028;;0;0;3
mcad;border_margin_wrong_grain;border;1;Q1_margin_quarter_only;False;;False;0;0;0;0.0;0.3334;False;0;0;3
baseline_naive;border_margin_wrong_grain;border;1;Q1_margin_quarter_only;False;;True;1;0;1;0.0;0.0013;;0;0;3
baseline_measure_overlap;border_margin_wrong_grain;border;1;Q1_margin_quarter_only;False;;True;1;0;1;0.0;0.0188;;0;0;3
ablation_no_sat;border_margin_wrong_grain;border;1;Q1_margin_quarter_only;False;;False;0;0;0;0.0;0.2626;False;0;0;3
ablation_no_real;border_margin_wrong_grain;border;1;Q1_margin_quarter_only;False;;False;0;0;0;0.0;0.2018;False;0;0;3
ablation_ceval_any_intersection;border_margin_wrong_grain;border;1;Q1_margin_quarter_only;False;;False;0;0;0;0.0;0.1956;False;0;0;3
baseline_random_matched;border_margin_wrong_grain;border;1;Q1_margin_quarter_only;False;;True;1;0;1;0.0;0.0043;;0;0;3
mcad;border_stockout_missing_store;border;1;Q1_stockout_category_only;False;;False;0;0;0;0.0;0.349;False;0;0;3
baseline_naive;border_stockout_missing_store;border;1;Q1_stockout_category_only;False;;True;1;0;1;0.0;0.0011;;0;0;3
baseline_measure_overlap;border_stockout_missing_store;border;1;Q1_stockout_category_only;False;;True;1;0;1;0.0;0.0158;;0;0;3
ablation_no_sat;border_stockout_missing_store;border;1;Q1_stockout_category_only;False;;False;0;0;0;0.0;0.2719;False;0;0;3
ablation_no_real;border_stockout_missing_store;border;1;Q1_stockout_category_only;False;;False;0;0;0;0.0;0.2139;False;0;0;3
ablation_ceval_any_intersection;border_stockout_missing_store;border;1;Q1_stockout_category_only;False;;False;0;0;0;0.0;0.2001;False;0;0;3
baseline_random_matched;border_stockout_missing_store;border;1;Q1_stockout_category_only;False;;True;1;0;1;0.0;0.0029;;0;0;3
mcad;adversarial_wrong_region;adversarial;1;Q1_margin_south;False;;False;0;0;0;0.0;0.337;False;0;0;3
baseline_naive;adversarial_wrong_region;adversarial;1;Q1_margin_south;False;;True;1;0;1;0.0;0.0009;;0;0;3
baseline_measure_overlap;adversarial_wrong_region;adversarial;1;Q1_margin_south;False;;True;1;0;1;0.0;0.0146;;0;0;3
ablation_no_sat;adversarial_wrong_region;adversarial;1;Q1_margin_south;False;;False;0;0;0;0.0;0.2104;False;0;0;3
ablation_no_real;adversarial_wrong_region;adversarial;1;Q1_margin_south;False;;False;0;0;0;0.0;0.1816;False;0;0;3
ablation_ceval_any_intersection;adversarial_wrong_region;adversarial;1;Q1_margin_south;False;;False;0;0;0;0.0;0.1786;False;0;0;3
baseline_random_matched;adversarial_wrong_region;adversarial;1;Q1_margin_south;False;;True;1;0;1;0.0;0.0031;;0;0;3
mcad;adversarial_wrong_year;adversarial;1;Q1_stockout_1997;False;;False;0;0;0;0.0;0.2838;False;0;0;3
baseline_naive;adversarial_wrong_year;adversarial;1;Q1_stockout_1997;False;;True;1;0;1;0.0;0.0009;;0;0;3
baseline_measure_overlap;adversarial_wrong_year;adversarial;1;Q1_stockout_1997;False;;True;1;0;1;0.0;0.014;;0;0;3
ablation_no_sat;adversarial_wrong_year;adversarial;1;Q1_stockout_1997;False;;False;0;0;0;0.0;0.1897;False;0;0;3
ablation_no_real;adversarial_wrong_year;adversarial;1;Q1_stockout_1997;False;;False;0;0;0;0.0;0.1729;False;0;0;3
ablation_ceval_any_intersection;adversarial_wrong_year;adversarial;1;Q1_stockout_1997;False;;False;0;0;0;0.0;0.1648;False;0;0;3
baseline_random_matched;adversarial_wrong_year;adversarial;1;Q1_stockout_1997;False;;True;1;0;1;0.0;0.0028;;0;0;3
mcad;adversarial_invalid_no_measures;adversarial;1;Q1_invalid_no_measure;False;;False;0;0;0;0.0;0.0744;False;0;0;3
baseline_naive;adversarial_invalid_no_measures;adversarial;1;Q1_invalid_no_measure;False;;True;1;0;1;0.0;0.0016;;0;0;3
baseline_measure_overlap;adversarial_invalid_no_measures;adversarial;1;Q1_invalid_no_measure;False;;False;0;0;0;0.0;0.0127;;0;0;3
ablation_no_sat;adversarial_invalid_no_measures;adversarial;1;Q1_invalid_no_measure;False;;False;0;0;0;0.0;0.0878;False;0;0;3
ablation_no_real;adversarial_invalid_no_measures;adversarial;1;Q1_invalid_no_measure;False;;False;0;0;0;0.0;0.079;False;0;0;3
ablation_ceval_any_intersection;adversarial_invalid_no_measures;adversarial;1;Q1_invalid_no_measure;False;;False;0;0;0;0.0;0.0717;False;0;0;3
baseline_random_matched;adversarial_invalid_no_measures;adversarial;1;Q1_invalid_no_measure;False;;True;1;0;1;0.0;0.0027;;0;0;3
mcad;stress_exploratory_then_useful;stress;1;Q1_noise_region;False;;False;0;0;0;0.0;0.1991;False;0;0;3
mcad;stress_exploratory_then_useful;stress;2;Q2_noise_margin_all;False;;False;0;0;0;0.0;0.1432;False;0;0;3
mcad;stress_exploratory_then_useful;stress;3;Q3_useful_margin;True;c1;True;0;0;0;0.333333;0.2666;True;1;1;3
baseline_naive;stress_exploratory_then_useful;stress;1;Q1_noise_region;False;;True;1;0;1;0.0;0.0015;;0;0;3
baseline_naive;stress_exploratory_then_useful;stress;2;Q2_noise_margin_all;False;;True;1;0;1;0.0;0.0008;;0;0;3
baseline_naive;stress_exploratory_then_useful;stress;3;Q3_useful_margin;True;c1;True;0;0;0;0.333333;0.0006;;0;0;3
baseline_measure_overlap;stress_exploratory_then_useful;stress;1;Q1_noise_region;False;;True;1;0;1;0.0;0.0148;;0;0;3
baseline_measure_overlap;stress_exploratory_then_useful;stress;2;Q2_noise_margin_all;False;;True;1;0;1;0.0;0.0055;;0;0;3
baseline_measure_overlap;stress_exploratory_then_useful;stress;3;Q3_useful_margin;True;c1;True;0;0;0;0.333333;0.0044;;0;0;3
ablation_no_sat;stress_exploratory_then_useful;stress;1;Q1_noise_region;False;;False;0;0;0;0.0;0.2475;False;0;0;3
ablation_no_sat;stress_exploratory_then_useful;stress;2;Q2_noise_margin_all;False;;False;0;0;0;0.0;0.17;False;0;0;3
ablation_no_sat;stress_exploratory_then_useful;stress;3;Q3_useful_margin;True;c1;True;0;0;0;0.333333;0.2453;True;1;1;3
ablation_no_real;stress_exploratory_then_useful;stress;1;Q1_noise_region;False;;False;0;0;0;0.0;0.2028;False;0;0;3
ablation_no_real;stress_exploratory_then_useful;stress;2;Q2_noise_margin_all;False;;False;0;0;0;0.0;0.1474;False;0;0;3
ablation_no_real;stress_exploratory_then_useful;stress;3;Q3_useful_margin;True;c1;True;0;0;0;0.333333;0.2516;True;1;1;3
ablation_ceval_any_intersection;stress_exploratory_then_useful;stress;1;Q1_noise_region;False;;False;0;0;0;0.0;0.2059;False;0;0;3
ablation_ceval_any_intersection;stress_exploratory_then_useful;stress;2;Q2_noise_margin_all;False;;False;0;0;0;0.0;0.1429;False;0;0;3
ablation_ceval_any_intersection;stress_exploratory_then_useful;stress;3;Q3_useful_margin;True;c1;True;0;0;0;0.333333;0.244;True;1;1;3
baseline_random_matched;stress_exploratory_then_useful;stress;1;Q1_noise_region;False;;False;0;0;0;0.0;0.0033;;0;0;3
baseline_random_matched;stress_exploratory_then_useful;stress;2;Q2_noise_margin_all;False;;False;0;0;0;0.0;0.0007;;0;0;3
baseline_random_matched;stress_exploratory_then_useful;stress;3;Q3_useful_margin;True;c1;True;0;0;0;0.333333;0.0005;;0;0;3
mcad;happy_guided_article_short;happy;1;Q1_margin_month;True;c1;True;0;0;0;0.333333;0.2787;True;1;1;4
mcad;happy_guided_article_short;happy;2;Q2_stockout_store;True;c2;True;0;0;0;0.666667;0.2537;True;1;1;4
mcad;happy_guided_article_short;happy;3;Q3_sales_growth;True;c3;True;0;0;0;1.0;0.3269;True;2;1;4
baseline_naive;happy_guided_article_short;happy;1;Q1_margin_month;True;c1;True;0;0;0;0.333333;0.0015;;0;0;4
baseline_naive;happy_guided_article_short;happy;2;Q2_stockout_store;True;c2;True;0;0;0;0.666667;0.0008;;0;0;4
baseline_naive;happy_guided_article_short;happy;3;Q3_sales_growth;True;c3;True;0;0;0;1.0;0.0006;;0;0;4
baseline_measure_overlap;happy_guided_article_short;happy;1;Q1_margin_month;True;c1;True;0;0;0;0.333333;0.0143;;0;0;4
baseline_measure_overlap;happy_guided_article_short;happy;2;Q2_stockout_store;True;c2;True;0;0;0;0.666667;0.0052;;0;0;4
baseline_measure_overlap;happy_guided_article_short;happy;3;Q3_sales_growth;True;c3;True;0;0;0;1.0;0.0049;;0;0;4
ablation_no_sat;happy_guided_article_short;happy;1;Q1_margin_month;True;c1;True;0;0;0;0.333333;0.2794;True;1;1;4
ablation_no_sat;happy_guided_article_short;happy;2;Q2_stockout_store;True;c2;True;0;0;0;0.666667;0.2421;True;1;1;4
ablation_no_sat;happy_guided_article_short;happy;3;Q3_sales_growth;True;c3;True;0;0;0;1.0;0.3392;True;2;1;4
ablation_no_real;happy_guided_article_short;happy;1;Q1_margin_month;True;c1;True;0;0;0;0.333333;0.2924;True;1;1;4
ablation_no_real;happy_guided_article_short;happy;2;Q2_stockout_store;True;c2;True;0;0;0;0.666667;0.2495;True;1;1;4
ablation_no_real;happy_guided_article_short;happy;3;Q3_sales_growth;True;c3;True;0;0;0;1.0;0.3352;True;2;1;4
ablation_ceval_any_intersection;happy_guided_article_short;happy;1;Q1_margin_month;True;c1;True;0;0;0;0.333333;0.2857;True;1;1;4
ablation_ceval_any_intersection;happy_guided_article_short;happy;2;Q2_stockout_store;True;c2;True;0;0;0;0.666667;0.246;True;1;1;4
ablation_ceval_any_intersection;happy_guided_article_short;happy;3;Q3_sales_growth;True;c3;True;0;0;0;1.0;0.3277;True;2;1;4
baseline_random_matched;happy_guided_article_short;happy;1;Q1_margin_month;True;c1;False;0;1;0;0.0;0.0034;;0;0;4
baseline_random_matched;happy_guided_article_short;happy;2;Q2_stockout_store;True;c2;True;0;0;0;0.333333;0.0006;;0;0;4
baseline_random_matched;happy_guided_article_short;happy;3;Q3_sales_growth;True;c3;False;0;1;0;0.333333;0.0005;;0;0;4
mcad;happy_guided_reordered;happy;1;Q1_sales_growth;True;c3;True;0;0;0;0.333333;0.3712;True;2;1;4
mcad;happy_guided_reordered;happy;2;Q2_margin_month;True;c1;True;0;0;0;0.666667;0.2542;True;1;1;4
mcad;happy_guided_reordered;happy;3;Q3_stockout_store;True;c2;True;0;0;0;1.0;0.2708;True;1;1;4
baseline_naive;happy_guided_reordered;happy;1;Q1_sales_growth;True;c3;True;0;0;0;0.333333;0.0014;;0;0;4
baseline_naive;happy_guided_reordered;happy;2;Q2_margin_month;True;c1;True;0;0;0;0.666667;0.0007;;0;0;4
baseline_naive;happy_guided_reordered;happy;3;Q3_stockout_store;True;c2;True;0;0;0;1.0;0.0006;;0;0;4
baseline_measure_overlap;happy_guided_reordered;happy;1;Q1_sales_growth;True;c3;True;0;0;0;0.333333;0.014;;0;0;4
baseline_measure_overlap;happy_guided_reordered;happy;2;Q2_margin_month;True;c1;True;0;0;0;0.666667;0.0053;;0;0;4
baseline_measure_overlap;happy_guided_reordered;happy;3;Q3_stockout_store;True;c2;True;0;0;0;1.0;0.0043;;0;0;4
ablation_no_sat;happy_guided_reordered;happy;1;Q1_sales_growth;True;c3;True;0;0;0;0.333333;0.3811;True;2;1;4
ablation_no_sat;happy_guided_reordered;happy;2;Q2_margin_month;True;c1;True;0;0;0;0.666667;0.2479;True;1;1;4
ablation_no_sat;happy_guided_reordered;happy;3;Q3_stockout_store;True;c2;True;0;0;0;1.0;0.2344;True;1;1;4
ablation_no_real;happy_guided_reordered;happy;1;Q1_sales_growth;True;c3;True;0;0;0;0.333333;0.3643;True;2;1;4
ablation_no_real;happy_guided_reordered;happy;2;Q2_margin_month;True;c1;True;0;0;0;0.666667;0.2681;True;1;1;4
ablation_no_real;happy_guided_reordered;happy;3;Q3_stockout_store;True;c2;True;0;0;0;1.0;0.2455;True;1;1;4
ablation_ceval_any_intersection;happy_guided_reordered;happy;1;Q1_sales_growth;True;c3;True;0;0;0;0.333333;0.3564;True;2;1;4
ablation_ceval_any_intersection;happy_guided_reordered;happy;2;Q2_margin_month;True;c1;True;0;0;0;0.666667;0.2437;True;1;1;4
ablation_ceval_any_intersection;happy_guided_reordered;happy;3;Q3_stockout_store;True;c2;True;0;0;0;1.0;0.2482;True;1;1;4
baseline_random_matched;happy_guided_reordered;happy;1;Q1_sales_growth;True;c3;True;0;0;0;0.333333;0.0032;;0;0;4
baseline_random_matched;happy_guided_reordered;happy;2;Q2_margin_month;True;c1;False;0;1;0;0.333333;0.0007;;0;0;4
baseline_random_matched;happy_guided_reordered;happy;3;Q3_stockout_store;True;c2;False;0;1;0;0.333333;0.0005;;0;0;4
mcad;happy_guided_compact;happy;1;Q1_margin_month;True;c1;True;0;0;0;0.333333;0.2879;True;1;1;4
mcad;happy_guided_compact;happy;2;Q2_sales_growth;True;c3;True;0;0;0;0.666667;0.3406;True;2;1;4
mcad;happy_guided_compact;happy;3;Q3_stockout_store;True;c2;True;0;0;0;1.0;0.2432;True;1;1;4
baseline_naive;happy_guided_compact;happy;1;Q1_margin_month;True;c1;True;0;0;0;0.333333;0.0009;;0;0;4
baseline_naive;happy_guided_compact;happy;2;Q2_sales_growth;True;c3;True;0;0;0;0.666667;0.0005;;0;0;4
baseline_naive;happy_guided_compact;happy;3;Q3_stockout_store;True;c2;True;0;0;0;1.0;0.0003;;0;0;4
baseline_measure_overlap;happy_guided_compact;happy;1;Q1_margin_month;True;c1;True;0;0;0;0.333333;0.0186;;0;0;4
baseline_measure_overlap;happy_guided_compact;happy;2;Q2_sales_growth;True;c3;True;0;0;0;0.666667;0.0088;;0;0;4
baseline_measure_overlap;happy_guided_compact;happy;3;Q3_stockout_store;True;c2;True;0;0;0;1.0;0.0079;;0;0;4
ablation_no_sat;happy_guided_compact;happy;1;Q1_margin_month;True;c1;True;0;0;0;0.333333;0.2917;True;1;1;4
ablation_no_sat;happy_guided_compact;happy;2;Q2_sales_growth;True;c3;True;0;0;0;0.666667;0.34;True;2;1;4
ablation_no_sat;happy_guided_compact;happy;3;Q3_stockout_store;True;c2;True;0;0;0;1.0;0.2405;True;1;1;4
ablation_no_real;happy_guided_compact;happy;1;Q1_margin_month;True;c1;True;0;0;0;0.333333;0.2766;True;1;1;4
ablation_no_real;happy_guided_compact;happy;2;Q2_sales_growth;True;c3;True;0;0;0;0.666667;0.348;True;2;1;4
ablation_no_real;happy_guided_compact;happy;3;Q3_stockout_store;True;c2;True;0;0;0;1.0;0.2486;True;1;1;4
ablation_ceval_any_intersection;happy_guided_compact;happy;1;Q1_margin_month;True;c1;True;0;0;0;0.333333;0.2705;True;1;1;4
ablation_ceval_any_intersection;happy_guided_compact;happy;2;Q2_sales_growth;True;c3;True;0;0;0;0.666667;0.3293;True;2;1;4
ablation_ceval_any_intersection;happy_guided_compact;happy;3;Q3_stockout_store;True;c2;True;0;0;0;1.0;0.2462;True;1;1;4
baseline_random_matched;happy_guided_compact;happy;1;Q1_margin_month;True;c1;False;0;1;0;0.0;0.0029;;0;0;4
baseline_random_matched;happy_guided_compact;happy;2;Q2_sales_growth;True;c3;False;0;1;0;0.0;0.0006;;0;0;4
baseline_random_matched;happy_guided_compact;happy;3;Q3_stockout_store;True;c2;True;0;0;0;0.333333;0.0005;;0;0;4
mcad;border_growth_partial_1998_only;border;1;Q1_sales_1998_only;False;;False;0;0;0;0.0;0.3347;True;1;0;4
baseline_naive;border_growth_partial_1998_only;border;1;Q1_sales_1998_only;False;;True;1;0;1;0.0;0.0009;;0;0;4
baseline_measure_overlap;border_growth_partial_1998_only;border;1;Q1_sales_1998_only;False;;True;1;0;1;0.0;0.0192;;0;0;4
ablation_no_sat;border_growth_partial_1998_only;border;1;Q1_sales_1998_only;False;;False;0;0;0;0.0;0.3494;True;1;0;4
ablation_no_real;border_growth_partial_1998_only;border;1;Q1_sales_1998_only;False;;True;1;0;1;0.0;0.3448;True;1;0;4
ablation_ceval_any_intersection;border_growth_partial_1998_only;border;1;Q1_sales_1998_only;False;;True;1;0;1;0.0;0.3521;True;1;1;4
baseline_random_matched;border_growth_partial_1998_only;border;1;Q1_sales_1998_only;False;;True;1;0;1;0.0;0.003;;0;0;4
mcad;border_margin_wrong_grain;border;1;Q1_margin_quarter_only;False;;False;0;0;0;0.0;0.3831;False;0;0;4
baseline_naive;border_margin_wrong_grain;border;1;Q1_margin_quarter_only;False;;True;1;0;1;0.0;0.0013;;0;0;4
baseline_measure_overlap;border_margin_wrong_grain;border;1;Q1_margin_quarter_only;False;;True;1;0;1;0.0;0.0152;;0;0;4
ablation_no_sat;border_margin_wrong_grain;border;1;Q1_margin_quarter_only;False;;False;0;0;0;0.0;0.2773;False;0;0;4
ablation_no_real;border_margin_wrong_grain;border;1;Q1_margin_quarter_only;False;;False;0;0;0;0.0;0.2253;False;0;0;4
ablation_ceval_any_intersection;border_margin_wrong_grain;border;1;Q1_margin_quarter_only;False;;False;0;0;0;0.0;0.1977;False;0;0;4
baseline_random_matched;border_margin_wrong_grain;border;1;Q1_margin_quarter_only;False;;False;0;0;0;0.0;0.003;;0;0;4
mcad;border_stockout_missing_store;border;1;Q1_stockout_category_only;False;;False;0;0;0;0.0;0.2056;False;0;0;4
baseline_naive;border_stockout_missing_store;border;1;Q1_stockout_category_only;False;;True;1;0;1;0.0;0.001;;0;0;4
baseline_measure_overlap;border_stockout_missing_store;border;1;Q1_stockout_category_only;False;;True;1;0;1;0.0;0.0138;;0;0;4
ablation_no_sat;border_stockout_missing_store;border;1;Q1_stockout_category_only;False;;False;0;0;0;0.0;0.2664;False;0;0;4
ablation_no_real;border_stockout_missing_store;border;1;Q1_stockout_category_only;False;;False;0;0;0;0.0;0.2124;False;0;0;4
ablation_ceval_any_intersection;border_stockout_missing_store;border;1;Q1_stockout_category_only;False;;False;0;0;0;0.0;0.2013;False;0;0;4
baseline_random_matched;border_stockout_missing_store;border;1;Q1_stockout_category_only;False;;True;1;0;1;0.0;0.0034;;0;0;4
mcad;adversarial_wrong_region;adversarial;1;Q1_margin_south;False;;False;0;0;0;0.0;0.1673;False;0;0;4
baseline_naive;adversarial_wrong_region;adversarial;1;Q1_margin_south;False;;True;1;0;1;0.0;0.0014;;0;0;4
baseline_measure_overlap;adversarial_wrong_region;adversarial;1;Q1_margin_south;False;;True;1;0;1;0.0;0.0136;;0;0;4
ablation_no_sat;adversarial_wrong_region;adversarial;1;Q1_margin_south;False;;False;0;0;0;0.0;0.2075;False;0;0;4
ablation_no_real;adversarial_wrong_region;adversarial;1;Q1_margin_south;False;;False;0;0;0;0.0;0.1777;False;0;0;4
ablation_ceval_any_intersection;adversarial_wrong_region;adversarial;1;Q1_margin_south;False;;False;0;0;0;0.0;0.1712;False;0;0;4
baseline_random_matched;adversarial_wrong_region;adversarial;1;Q1_margin_south;False;;False;0;0;0;0.0;0.0029;;0;0;4
mcad;adversarial_wrong_year;adversarial;1;Q1_stockout_1997;False;;False;0;0;0;0.0;0.1656;False;0;0;4
baseline_naive;adversarial_wrong_year;adversarial;1;Q1_stockout_1997;False;;True;1;0;1;0.0;0.0015;;0;0;4
baseline_measure_overlap;adversarial_wrong_year;adversarial;1;Q1_stockout_1997;False;;True;1;0;1;0.0;0.0139;;0;0;4
ablation_no_sat;adversarial_wrong_year;adversarial;1;Q1_stockout_1997;False;;False;0;0;0;0.0;0.1994;False;0;0;4
ablation_no_real;adversarial_wrong_year;adversarial;1;Q1_stockout_1997;False;;False;0;0;0;0.0;0.1767;False;0;0;4
ablation_ceval_any_intersection;adversarial_wrong_year;adversarial;1;Q1_stockout_1997;False;;False;0;0;0;0.0;0.1637;False;0;0;4
baseline_random_matched;adversarial_wrong_year;adversarial;1;Q1_stockout_1997;False;;False;0;0;0;0.0;0.0028;;0;0;4
mcad;adversarial_invalid_no_measures;adversarial;1;Q1_invalid_no_measure;False;;False;0;0;0;0.0;0.0849;False;0;0;4
baseline_naive;adversarial_invalid_no_measures;adversarial;1;Q1_invalid_no_measure;False;;True;1;0;1;0.0;0.0009;;0;0;4
baseline_measure_overlap;adversarial_invalid_no_measures;adversarial;1;Q1_invalid_no_measure;False;;False;0;0;0;0.0;0.0189;;0;0;4
ablation_no_sat;adversarial_invalid_no_measures;adversarial;1;Q1_invalid_no_measure;False;;False;0;0;0;0.0;0.0881;False;0;0;4
ablation_no_real;adversarial_invalid_no_measures;adversarial;1;Q1_invalid_no_measure;False;;False;0;0;0;0.0;0.0791;False;0;0;4
ablation_ceval_any_intersection;adversarial_invalid_no_measures;adversarial;1;Q1_invalid_no_measure;False;;False;0;0;0;0.0;0.0716;False;0;0;4
baseline_random_matched;adversarial_invalid_no_measures;adversarial;1;Q1_invalid_no_measure;False;;True;1;0;1;0.0;0.0027;;0;0;4
mcad;stress_exploratory_then_useful;stress;1;Q1_noise_region;False;;False;0;0;0;0.0;0.2003;False;0;0;4
mcad;stress_exploratory_then_useful;stress;2;Q2_noise_margin_all;False;;False;0;0;0;0.0;0.1406;False;0;0;4
mcad;stress_exploratory_then_useful;stress;3;Q3_useful_margin;True;c1;True;0;0;0;0.333333;0.248;True;1;1;4
baseline_naive;stress_exploratory_then_useful;stress;1;Q1_noise_region;False;;True;1;0;1;0.0;0.001;;0;0;4
baseline_naive;stress_exploratory_then_useful;stress;2;Q2_noise_margin_all;False;;True;1;0;1;0.0;0.0004;;0;0;4
baseline_naive;stress_exploratory_then_useful;stress;3;Q3_useful_margin;True;c1;True;0;0;0;0.333333;0.0004;;0;0;4
baseline_measure_overlap;stress_exploratory_then_useful;stress;1;Q1_noise_region;False;;True;1;0;1;0.0;0.0133;;0;0;4
baseline_measure_overlap;stress_exploratory_then_useful;stress;2;Q2_noise_margin_all;False;;True;1;0;1;0.0;0.0051;;0;0;4
baseline_measure_overlap;stress_exploratory_then_useful;stress;3;Q3_useful_margin;True;c1;True;0;0;0;0.333333;0.0044;;0;0;4
ablation_no_sat;stress_exploratory_then_useful;stress;1;Q1_noise_region;False;;False;0;0;0;0.0;0.2378;False;0;0;4
ablation_no_sat;stress_exploratory_then_useful;stress;2;Q2_noise_margin_all;False;;False;0;0;0;0.0;0.1681;False;0;0;4
ablation_no_sat;stress_exploratory_then_useful;stress;3;Q3_useful_margin;True;c1;True;0;0;0;0.333333;0.2456;True;1;1;4
ablation_no_real;stress_exploratory_then_useful;stress;1;Q1_noise_region;False;;False;0;0;0;0.0;0.2056;False;0;0;4
ablation_no_real;stress_exploratory_then_useful;stress;2;Q2_noise_margin_all;False;;False;0;0;0;0.0;0.1487;False;0;0;4
ablation_no_real;stress_exploratory_then_useful;stress;3;Q3_useful_margin;True;c1;True;0;0;0;0.333333;0.2511;True;1;1;4
ablation_ceval_any_intersection;stress_exploratory_then_useful;stress;1;Q1_noise_region;False;;False;0;0;0;0.0;0.1911;False;0;0;4
ablation_ceval_any_intersection;stress_exploratory_then_useful;stress;2;Q2_noise_margin_all;False;;False;0;0;0;0.0;0.14;False;0;0;4
ablation_ceval_any_intersection;stress_exploratory_then_useful;stress;3;Q3_useful_margin;True;c1;True;0;0;0;0.333333;0.2523;True;1;1;4
baseline_random_matched;stress_exploratory_then_useful;stress;1;Q1_noise_region;False;;True;1;0;1;0.0;0.0027;;0;0;4
baseline_random_matched;stress_exploratory_then_useful;stress;2;Q2_noise_margin_all;False;;True;1;0;1;0.0;0.0007;;0;0;4
baseline_random_matched;stress_exploratory_then_useful;stress;3;Q3_useful_margin;True;c1;True;0;0;0;0.333333;0.0005;;0;0;4
mcad;happy_guided_article_short;happy;1;Q1_margin_month;True;c1;True;0;0;0;0.333333;0.2758;True;1;1;5
mcad;happy_guided_article_short;happy;2;Q2_stockout_store;True;c2;True;0;0;0;0.666667;0.2401;True;1;1;5
mcad;happy_guided_article_short;happy;3;Q3_sales_growth;True;c3;True;0;0;0;1.0;0.3286;True;2;1;5
baseline_naive;happy_guided_article_short;happy;1;Q1_margin_month;True;c1;True;0;0;0;0.333333;0.0009;;0;0;5
baseline_naive;happy_guided_article_short;happy;2;Q2_stockout_store;True;c2;True;0;0;0;0.666667;0.0005;;0;0;5
baseline_naive;happy_guided_article_short;happy;3;Q3_sales_growth;True;c3;True;0;0;0;1.0;0.0004;;0;0;5
baseline_measure_overlap;happy_guided_article_short;happy;1;Q1_margin_month;True;c1;True;0;0;0;0.333333;0.0126;;0;0;5
baseline_measure_overlap;happy_guided_article_short;happy;2;Q2_stockout_store;True;c2;True;0;0;0;0.666667;0.0052;;0;0;5
baseline_measure_overlap;happy_guided_article_short;happy;3;Q3_sales_growth;True;c3;True;0;0;0;1.0;0.0046;;0;0;5
ablation_no_sat;happy_guided_article_short;happy;1;Q1_margin_month;True;c1;True;0;0;0;0.333333;0.5366;True;1;1;5
ablation_no_sat;happy_guided_article_short;happy;2;Q2_stockout_store;True;c2;True;0;0;0;0.666667;0.4793;True;1;1;5
ablation_no_sat;happy_guided_article_short;happy;3;Q3_sales_growth;True;c3;True;0;0;0;1.0;0.6736;True;2;1;5
ablation_no_real;happy_guided_article_short;happy;1;Q1_margin_month;True;c1;True;0;0;0;0.333333;0.3018;True;1;1;5
ablation_no_real;happy_guided_article_short;happy;2;Q2_stockout_store;True;c2;True;0;0;0;0.666667;0.2503;True;1;1;5
ablation_no_real;happy_guided_article_short;happy;3;Q3_sales_growth;True;c3;True;0;0;0;1.0;0.3371;True;2;1;5
ablation_ceval_any_intersection;happy_guided_article_short;happy;1;Q1_margin_month;True;c1;True;0;0;0;0.333333;0.2714;True;1;1;5
ablation_ceval_any_intersection;happy_guided_article_short;happy;2;Q2_stockout_store;True;c2;True;0;0;0;0.666667;0.2494;True;1;1;5
ablation_ceval_any_intersection;happy_guided_article_short;happy;3;Q3_sales_growth;True;c3;True;0;0;0;1.0;0.3222;True;2;1;5
baseline_random_matched;happy_guided_article_short;happy;1;Q1_margin_month;True;c1;True;0;0;0;0.333333;0.0025;;0;0;5
baseline_random_matched;happy_guided_article_short;happy;2;Q2_stockout_store;True;c2;False;0;1;0;0.333333;0.0007;;0;0;5
baseline_random_matched;happy_guided_article_short;happy;3;Q3_sales_growth;True;c3;True;0;0;0;0.666667;0.0004;;0;0;5
mcad;happy_guided_reordered;happy;1;Q1_sales_growth;True;c3;True;0;0;0;0.333333;0.3622;True;2;1;5
mcad;happy_guided_reordered;happy;2;Q2_margin_month;True;c1;True;0;0;0;0.666667;0.2472;True;1;1;5
mcad;happy_guided_reordered;happy;3;Q3_stockout_store;True;c2;True;0;0;0;1.0;0.2469;True;1;1;5
baseline_naive;happy_guided_reordered;happy;1;Q1_sales_growth;True;c3;True;0;0;0;0.333333;0.001;;0;0;5
baseline_naive;happy_guided_reordered;happy;2;Q2_margin_month;True;c1;True;0;0;0;0.666667;0.0005;;0;0;5
baseline_naive;happy_guided_reordered;happy;3;Q3_stockout_store;True;c2;True;0;0;0;1.0;0.0004;;0;0;5
baseline_measure_overlap;happy_guided_reordered;happy;1;Q1_sales_growth;True;c3;True;0;0;0;0.333333;0.0128;;0;0;5
baseline_measure_overlap;happy_guided_reordered;happy;2;Q2_margin_month;True;c1;True;0;0;0;0.666667;0.0049;;0;0;5
baseline_measure_overlap;happy_guided_reordered;happy;3;Q3_stockout_store;True;c2;True;0;0;0;1.0;0.0044;;0;0;5
ablation_no_sat;happy_guided_reordered;happy;1;Q1_sales_growth;True;c3;True;0;0;0;0.333333;0.6807;True;2;1;5
ablation_no_sat;happy_guided_reordered;happy;2;Q2_margin_month;True;c1;True;0;0;0;0.666667;0.5005;True;1;1;5
ablation_no_sat;happy_guided_reordered;happy;3;Q3_stockout_store;True;c2;True;0;0;0;1.0;0.4808;True;1;1;5
ablation_no_real;happy_guided_reordered;happy;1;Q1_sales_growth;True;c3;True;0;0;0;0.333333;0.6844;True;2;1;5
ablation_no_real;happy_guided_reordered;happy;2;Q2_margin_month;True;c1;True;0;0;0;0.666667;0.4766;True;1;1;5
ablation_no_real;happy_guided_reordered;happy;3;Q3_stockout_store;True;c2;True;0;0;0;1.0;0.5042;True;1;1;5
ablation_ceval_any_intersection;happy_guided_reordered;happy;1;Q1_sales_growth;True;c3;True;0;0;0;0.333333;0.3629;True;2;1;5
ablation_ceval_any_intersection;happy_guided_reordered;happy;2;Q2_margin_month;True;c1;True;0;0;0;0.666667;0.2536;True;1;1;5
ablation_ceval_any_intersection;happy_guided_reordered;happy;3;Q3_stockout_store;True;c2;True;0;0;0;1.0;0.2363;True;1;1;5
baseline_random_matched;happy_guided_reordered;happy;1;Q1_sales_growth;True;c3;True;0;0;0;0.333333;0.0031;;0;0;5
baseline_random_matched;happy_guided_reordered;happy;2;Q2_margin_month;True;c1;False;0;1;0;0.333333;0.0006;;0;0;5
baseline_random_matched;happy_guided_reordered;happy;3;Q3_stockout_store;True;c2;True;0;0;0;0.666667;0.0005;;0;0;5
mcad;happy_guided_compact;happy;1;Q1_margin_month;True;c1;True;0;0;0;0.333333;0.2833;True;1;1;5
mcad;happy_guided_compact;happy;2;Q2_sales_growth;True;c3;True;0;0;0;0.666667;0.3309;True;2;1;5
mcad;happy_guided_compact;happy;3;Q3_stockout_store;True;c2;True;0;0;0;1.0;0.2488;True;1;1;5
baseline_naive;happy_guided_compact;happy;1;Q1_margin_month;True;c1;True;0;0;0;0.333333;0.0009;;0;0;5
baseline_naive;happy_guided_compact;happy;2;Q2_sales_growth;True;c3;True;0;0;0;0.666667;0.0004;;0;0;5
baseline_naive;happy_guided_compact;happy;3;Q3_stockout_store;True;c2;True;0;0;0;1.0;0.0004;;0;0;5
baseline_measure_overlap;happy_guided_compact;happy;1;Q1_margin_month;True;c1;True;0;0;0;0.333333;0.0181;;0;0;5
baseline_measure_overlap;happy_guided_compact;happy;2;Q2_sales_growth;True;c3;True;0;0;0;0.666667;0.0069;;0;0;5
baseline_measure_overlap;happy_guided_compact;happy;3;Q3_stockout_store;True;c2;True;0;0;0;1.0;0.006;;0;0;5
ablation_no_sat;happy_guided_compact;happy;1;Q1_margin_month;True;c1;True;0;0;0;0.333333;0.3021;True;1;1;5
ablation_no_sat;happy_guided_compact;happy;2;Q2_sales_growth;True;c3;True;0;0;0;0.666667;0.3733;True;2;1;5
ablation_no_sat;happy_guided_compact;happy;3;Q3_stockout_store;True;c2;True;0;0;0;1.0;0.243;True;1;1;5
ablation_no_real;happy_guided_compact;happy;1;Q1_margin_month;True;c1;True;0;0;0;0.333333;0.287;True;1;1;5
ablation_no_real;happy_guided_compact;happy;2;Q2_sales_growth;True;c3;True;0;0;0;0.666667;0.3516;True;2;1;5
ablation_no_real;happy_guided_compact;happy;3;Q3_stockout_store;True;c2;True;0;0;0;1.0;0.2496;True;1;1;5
ablation_ceval_any_intersection;happy_guided_compact;happy;1;Q1_margin_month;True;c1;True;0;0;0;0.333333;0.2754;True;1;1;5
ablation_ceval_any_intersection;happy_guided_compact;happy;2;Q2_sales_growth;True;c3;True;0;0;0;0.666667;0.3305;True;2;1;5
ablation_ceval_any_intersection;happy_guided_compact;happy;3;Q3_stockout_store;True;c2;True;0;0;0;1.0;0.2485;True;1;1;5
baseline_random_matched;happy_guided_compact;happy;1;Q1_margin_month;True;c1;True;0;0;0;0.333333;0.0124;;0;0;5
baseline_random_matched;happy_guided_compact;happy;2;Q2_sales_growth;True;c3;False;0;1;0;0.333333;0.0007;;0;0;5
baseline_random_matched;happy_guided_compact;happy;3;Q3_stockout_store;True;c2;False;0;1;0;0.333333;0.0005;;0;0;5
mcad;border_growth_partial_1998_only;border;1;Q1_sales_1998_only;False;;False;0;0;0;0.0;0.3354;True;1;0;5
baseline_naive;border_growth_partial_1998_only;border;1;Q1_sales_1998_only;False;;True;1;0;1;0.0;0.0009;;0;0;5
baseline_measure_overlap;border_growth_partial_1998_only;border;1;Q1_sales_1998_only;False;;True;1;0;1;0.0;0.0139;;0;0;5
ablation_no_sat;border_growth_partial_1998_only;border;1;Q1_sales_1998_only;False;;False;0;0;0;0.0;0.5869;True;1;0;5
ablation_no_real;border_growth_partial_1998_only;border;1;Q1_sales_1998_only;False;;True;1;0;1;0.0;0.3901;True;1;0;5
ablation_ceval_any_intersection;border_growth_partial_1998_only;border;1;Q1_sales_1998_only;False;;True;1;0;1;0.0;0.3396;True;1;1;5
baseline_random_matched;border_growth_partial_1998_only;border;1;Q1_sales_1998_only;False;;True;1;0;1;0.0;0.0032;;0;0;5
mcad;border_margin_wrong_grain;border;1;Q1_margin_quarter_only;False;;False;0;0;0;0.0;0.1934;False;0;0;5
baseline_naive;border_margin_wrong_grain;border;1;Q1_margin_quarter_only;False;;True;1;0;1;0.0;0.001;;0;0;5
baseline_measure_overlap;border_margin_wrong_grain;border;1;Q1_margin_quarter_only;False;;True;1;0;1;0.0;0.0148;;0;0;5
ablation_no_sat;border_margin_wrong_grain;border;1;Q1_margin_quarter_only;False;;False;0;0;0;0.0;0.4722;False;0;0;5
ablation_no_real;border_margin_wrong_grain;border;1;Q1_margin_quarter_only;False;;False;0;0;0;0.0;0.2122;False;0;0;5
ablation_ceval_any_intersection;border_margin_wrong_grain;border;1;Q1_margin_quarter_only;False;;False;0;0;0;0.0;0.1976;False;0;0;5
baseline_random_matched;border_margin_wrong_grain;border;1;Q1_margin_quarter_only;False;;True;1;0;1;0.0;0.0031;;0;0;5
mcad;border_stockout_missing_store;border;1;Q1_stockout_category_only;False;;False;0;0;0;0.0;0.1963;False;0;0;5
baseline_naive;border_stockout_missing_store;border;1;Q1_stockout_category_only;False;;True;1;0;1;0.0;0.0009;;0;0;5
baseline_measure_overlap;border_stockout_missing_store;border;1;Q1_stockout_category_only;False;;True;1;0;1;0.0;0.0139;;0;0;5
ablation_no_sat;border_stockout_missing_store;border;1;Q1_stockout_category_only;False;;False;0;0;0;0.0;0.4316;False;0;0;5
ablation_no_real;border_stockout_missing_store;border;1;Q1_stockout_category_only;False;;False;0;0;0;0.0;0.3409;False;0;0;5
ablation_ceval_any_intersection;border_stockout_missing_store;border;1;Q1_stockout_category_only;False;;False;0;0;0;0.0;0.2165;False;0;0;5
baseline_random_matched;border_stockout_missing_store;border;1;Q1_stockout_category_only;False;;False;0;0;0;0.0;0.0037;;0;0;5
mcad;adversarial_wrong_region;adversarial;1;Q1_margin_south;False;;False;0;0;0;0.0;0.1734;False;0;0;5
baseline_naive;adversarial_wrong_region;adversarial;1;Q1_margin_south;False;;True;1;0;1;0.0;0.001;;0;0;5
baseline_measure_overlap;adversarial_wrong_region;adversarial;1;Q1_margin_south;False;;True;1;0;1;0.0;0.0153;;0;0;5
ablation_no_sat;adversarial_wrong_region;adversarial;1;Q1_margin_south;False;;False;0;0;0;0.0;0.24;False;0;0;5
ablation_no_real;adversarial_wrong_region;adversarial;1;Q1_margin_south;False;;False;0;0;0;0.0;0.1822;False;0;0;5
ablation_ceval_any_intersection;adversarial_wrong_region;adversarial;1;Q1_margin_south;False;;False;0;0;0;0.0;0.1672;False;0;0;5
baseline_random_matched;adversarial_wrong_region;adversarial;1;Q1_margin_south;False;;False;0;0;0;0.0;0.0029;;0;0;5
mcad;adversarial_wrong_year;adversarial;1;Q1_stockout_1997;False;;False;0;0;0;0.0;0.191;False;0;0;5
baseline_naive;adversarial_wrong_year;adversarial;1;Q1_stockout_1997;False;;True;1;0;1;0.0;0.001;;0;0;5
baseline_measure_overlap;adversarial_wrong_year;adversarial;1;Q1_stockout_1997;False;;True;1;0;1;0.0;0.0148;;0;0;5
ablation_no_sat;adversarial_wrong_year;adversarial;1;Q1_stockout_1997;False;;False;0;0;0;0.0;0.208;False;0;0;5
ablation_no_real;adversarial_wrong_year;adversarial;1;Q1_stockout_1997;False;;False;0;0;0;0.0;0.1733;False;0;0;5
ablation_ceval_any_intersection;adversarial_wrong_year;adversarial;1;Q1_stockout_1997;False;;False;0;0;0;0.0;0.1628;False;0;0;5
baseline_random_matched;adversarial_wrong_year;adversarial;1;Q1_stockout_1997;False;;True;1;0;1;0.0;0.004;;0;0;5
mcad;adversarial_invalid_no_measures;adversarial;1;Q1_invalid_no_measure;False;;False;0;0;0;0.0;0.0741;False;0;0;5
baseline_naive;adversarial_invalid_no_measures;adversarial;1;Q1_invalid_no_measure;False;;True;1;0;1;0.0;0.001;;0;0;5
baseline_measure_overlap;adversarial_invalid_no_measures;adversarial;1;Q1_invalid_no_measure;False;;False;0;0;0;0.0;0.0132;;0;0;5
ablation_no_sat;adversarial_invalid_no_measures;adversarial;1;Q1_invalid_no_measure;False;;False;0;0;0;0.0;0.0872;False;0;0;5
ablation_no_real;adversarial_invalid_no_measures;adversarial;1;Q1_invalid_no_measure;False;;False;0;0;0;0.0;0.0797;False;0;0;5
ablation_ceval_any_intersection;adversarial_invalid_no_measures;adversarial;1;Q1_invalid_no_measure;False;;False;0;0;0;0.0;0.0711;False;0;0;5
baseline_random_matched;adversarial_invalid_no_measures;adversarial;1;Q1_invalid_no_measure;False;;False;0;0;0;0.0;0.003;;0;0;5
mcad;stress_exploratory_then_useful;stress;1;Q1_noise_region;False;;False;0;0;0;0.0;0.328;False;0;0;5
mcad;stress_exploratory_then_useful;stress;2;Q2_noise_margin_all;False;;False;0;0;0;0.0;0.1435;False;0;0;5
mcad;stress_exploratory_then_useful;stress;3;Q3_useful_margin;True;c1;True;0;0;0;0.333333;0.2502;True;1;1;5
baseline_naive;stress_exploratory_then_useful;stress;1;Q1_noise_region;False;;True;1;0;1;0.0;0.001;;0;0;5
baseline_naive;stress_exploratory_then_useful;stress;2;Q2_noise_margin_all;False;;True;1;0;1;0.0;0.0005;;0;0;5
baseline_naive;stress_exploratory_then_useful;stress;3;Q3_useful_margin;True;c1;True;0;0;0;0.333333;0.0004;;0;0;5
baseline_measure_overlap;stress_exploratory_then_useful;stress;1;Q1_noise_region;False;;True;1;0;1;0.0;0.0131;;0;0;5
baseline_measure_overlap;stress_exploratory_then_useful;stress;2;Q2_noise_margin_all;False;;True;1;0;1;0.0;0.0054;;0;0;5
baseline_measure_overlap;stress_exploratory_then_useful;stress;3;Q3_useful_margin;True;c1;True;0;0;0;0.333333;0.0042;;0;0;5
ablation_no_sat;stress_exploratory_then_useful;stress;1;Q1_noise_region;False;;False;0;0;0;0.0;0.3403;False;0;0;5
ablation_no_sat;stress_exploratory_then_useful;stress;2;Q2_noise_margin_all;False;;False;0;0;0;0.0;0.1727;False;0;0;5
ablation_no_sat;stress_exploratory_then_useful;stress;3;Q3_useful_margin;True;c1;True;0;0;0;0.333333;0.2459;True;1;1;5
ablation_no_real;stress_exploratory_then_useful;stress;1;Q1_noise_region;False;;False;0;0;0;0.0;0.2024;False;0;0;5
ablation_no_real;stress_exploratory_then_useful;stress;2;Q2_noise_margin_all;False;;False;0;0;0;0.0;0.1637;False;0;0;5
ablation_no_real;stress_exploratory_then_useful;stress;3;Q3_useful_margin;True;c1;True;0;0;0;0.333333;0.2839;True;1;1;5
ablation_ceval_any_intersection;stress_exploratory_then_useful;stress;1;Q1_noise_region;False;;False;0;0;0;0.0;0.1933;False;0;0;5
ablation_ceval_any_intersection;stress_exploratory_then_useful;stress;2;Q2_noise_margin_all;False;;False;0;0;0;0.0;0.1414;False;0;0;5
ablation_ceval_any_intersection;stress_exploratory_then_useful;stress;3;Q3_useful_margin;True;c1;True;0;0;0;0.333333;0.2428;True;1;1;5
baseline_random_matched;stress_exploratory_then_useful;stress;1;Q1_noise_region;False;;True;1;0;1;0.0;0.0026;;0;0;5
baseline_random_matched;stress_exploratory_then_useful;stress;2;Q2_noise_margin_all;False;;False;0;0;0;0.0;0.0006;;0;0;5
baseline_random_matched;stress_exploratory_then_useful;stress;3;Q3_useful_margin;True;c1;False;0;1;0;0.0;0.0005;;0;0;5
mcad;happy_guided_article_short;happy;1;Q1_margin_month;True;c1;True;0;0;0;0.333333;0.4153;True;1;1;6
mcad;happy_guided_article_short;happy;2;Q2_stockout_store;True;c2;True;0;0;0;0.666667;0.4402;True;1;1;6
mcad;happy_guided_article_short;happy;3;Q3_sales_growth;True;c3;True;0;0;0;1.0;0.6518;True;2;1;6
baseline_naive;happy_guided_article_short;happy;1;Q1_margin_month;True;c1;True;0;0;0;0.333333;0.001;;0;0;6
baseline_naive;happy_guided_article_short;happy;2;Q2_stockout_store;True;c2;True;0;0;0;0.666667;0.0005;;0;0;6
baseline_naive;happy_guided_article_short;happy;3;Q3_sales_growth;True;c3;True;0;0;0;1.0;0.0004;;0;0;6
baseline_measure_overlap;happy_guided_article_short;happy;1;Q1_margin_month;True;c1;True;0;0;0;0.333333;0.0134;;0;0;6
baseline_measure_overlap;happy_guided_article_short;happy;2;Q2_stockout_store;True;c2;True;0;0;0;0.666667;0.0056;;0;0;6
baseline_measure_overlap;happy_guided_article_short;happy;3;Q3_sales_growth;True;c3;True;0;0;0;1.0;0.0041;;0;0;6
ablation_no_sat;happy_guided_article_short;happy;1;Q1_margin_month;True;c1;True;0;0;0;0.333333;0.2793;True;1;1;6
ablation_no_sat;happy_guided_article_short;happy;2;Q2_stockout_store;True;c2;True;0;0;0;0.666667;0.2482;True;1;1;6
ablation_no_sat;happy_guided_article_short;happy;3;Q3_sales_growth;True;c3;True;0;0;0;1.0;0.3454;True;2;1;6
ablation_no_real;happy_guided_article_short;happy;1;Q1_margin_month;True;c1;True;0;0;0;0.333333;0.2952;True;1;1;6
ablation_no_real;happy_guided_article_short;happy;2;Q2_stockout_store;True;c2;True;0;0;0;0.666667;0.251;True;1;1;6
ablation_no_real;happy_guided_article_short;happy;3;Q3_sales_growth;True;c3;True;0;0;0;1.0;0.339;True;2;1;6
ablation_ceval_any_intersection;happy_guided_article_short;happy;1;Q1_margin_month;True;c1;True;0;0;0;0.333333;0.2878;True;1;1;6
ablation_ceval_any_intersection;happy_guided_article_short;happy;2;Q2_stockout_store;True;c2;True;0;0;0;0.666667;0.2474;True;1;1;6
ablation_ceval_any_intersection;happy_guided_article_short;happy;3;Q3_sales_growth;True;c3;True;0;0;0;1.0;0.335;True;2;1;6
baseline_random_matched;happy_guided_article_short;happy;1;Q1_margin_month;True;c1;False;0;1;0;0.0;0.0031;;0;0;6
baseline_random_matched;happy_guided_article_short;happy;2;Q2_stockout_store;True;c2;True;0;0;0;0.333333;0.0006;;0;0;6
baseline_random_matched;happy_guided_article_short;happy;3;Q3_sales_growth;True;c3;True;0;0;0;0.666667;0.0005;;0;0;6
mcad;happy_guided_reordered;happy;1;Q1_sales_growth;True;c3;True;0;0;0;0.333333;0.3712;True;2;1;6
mcad;happy_guided_reordered;happy;2;Q2_margin_month;True;c1;True;0;0;0;0.666667;0.2611;True;1;1;6
mcad;happy_guided_reordered;happy;3;Q3_stockout_store;True;c2;True;0;0;0;1.0;0.242;True;1;1;6
baseline_naive;happy_guided_reordered;happy;1;Q1_sales_growth;True;c3;True;0;0;0;0.333333;0.001;;0;0;6
baseline_naive;happy_guided_reordered;happy;2;Q2_margin_month;True;c1;True;0;0;0;0.666667;0.0005;;0;0;6
baseline_naive;happy_guided_reordered;happy;3;Q3_stockout_store;True;c2;True;0;0;0;1.0;0.0004;;0;0;6
baseline_measure_overlap;happy_guided_reordered;happy;1;Q1_sales_growth;True;c3;True;0;0;0;0.333333;0.0142;;0;0;6
baseline_measure_overlap;happy_guided_reordered;happy;2;Q2_margin_month;True;c1;True;0;0;0;0.666667;0.005;;0;0;6
baseline_measure_overlap;happy_guided_reordered;happy;3;Q3_stockout_store;True;c2;True;0;0;0;1.0;0.0046;;0;0;6
ablation_no_sat;happy_guided_reordered;happy;1;Q1_sales_growth;True;c3;True;0;0;0;0.333333;0.3666;True;2;1;6
ablation_no_sat;happy_guided_reordered;happy;2;Q2_margin_month;True;c1;True;0;0;0;0.666667;0.2477;True;1;1;6
ablation_no_sat;happy_guided_reordered;happy;3;Q3_stockout_store;True;c2;True;0;0;0;1.0;0.2489;True;1;1;6
ablation_no_real;happy_guided_reordered;happy;1;Q1_sales_growth;True;c3;True;0;0;0;0.333333;0.37;True;2;1;6
ablation_no_real;happy_guided_reordered;happy;2;Q2_margin_month;True;c1;True;0;0;0;0.666667;0.2531;True;1;1;6
ablation_no_real;happy_guided_reordered;happy;3;Q3_stockout_store;True;c2;True;0;0;0;1.0;0.2445;True;1;1;6
ablation_ceval_any_intersection;happy_guided_reordered;happy;1;Q1_sales_growth;True;c3;True;0;0;0;0.333333;0.3724;True;2;1;6
ablation_ceval_any_intersection;happy_guided_reordered;happy;2;Q2_margin_month;True;c1;True;0;0;0;0.666667;0.2447;True;1;1;6
ablation_ceval_any_intersection;happy_guided_reordered;happy;3;Q3_stockout_store;True;c2;True;0;0;0;1.0;0.2365;True;1;1;6
baseline_random_matched;happy_guided_reordered;happy;1;Q1_sales_growth;True;c3;True;0;0;0;0.333333;0.003;;0;0;6
baseline_random_matched;happy_guided_reordered;happy;2;Q2_margin_month;True;c1;True;0;0;0;0.666667;0.0006;;0;0;6
baseline_random_matched;happy_guided_reordered;happy;3;Q3_stockout_store;True;c2;False;0;1;0;0.666667;0.0004;;0;0;6
mcad;happy_guided_compact;happy;1;Q1_margin_month;True;c1;True;0;0;0;0.333333;0.2755;True;1;1;6
mcad;happy_guided_compact;happy;2;Q2_sales_growth;True;c3;True;0;0;0;0.666667;0.3419;True;2;1;6
mcad;happy_guided_compact;happy;3;Q3_stockout_store;True;c2;True;0;0;0;1.0;0.239;True;1;1;6
baseline_naive;happy_guided_compact;happy;1;Q1_margin_month;True;c1;True;0;0;0;0.333333;0.0012;;0;0;6
baseline_naive;happy_guided_compact;happy;2;Q2_sales_growth;True;c3;True;0;0;0;0.666667;0.0008;;0;0;6
baseline_naive;happy_guided_compact;happy;3;Q3_stockout_store;True;c2;True;0;0;0;1.0;0.0006;;0;0;6
baseline_measure_overlap;happy_guided_compact;happy;1;Q1_margin_month;True;c1;True;0;0;0;0.333333;0.0133;;0;0;6
baseline_measure_overlap;happy_guided_compact;happy;2;Q2_sales_growth;True;c3;True;0;0;0;0.666667;0.0055;;0;0;6
baseline_measure_overlap;happy_guided_compact;happy;3;Q3_stockout_store;True;c2;True;0;0;0;1.0;0.0046;;0;0;6
ablation_no_sat;happy_guided_compact;happy;1;Q1_margin_month;True;c1;True;0;0;0;0.333333;0.2783;True;1;1;6
ablation_no_sat;happy_guided_compact;happy;2;Q2_sales_growth;True;c3;True;0;0;0;0.666667;0.3315;True;2;1;6
ablation_no_sat;happy_guided_compact;happy;3;Q3_stockout_store;True;c2;True;0;0;0;1.0;0.2499;True;1;1;6
ablation_no_real;happy_guided_compact;happy;1;Q1_margin_month;True;c1;True;0;0;0;0.333333;0.2976;True;1;1;6
ablation_no_real;happy_guided_compact;happy;2;Q2_sales_growth;True;c3;True;0;0;0;0.666667;0.3395;True;2;1;6
ablation_no_real;happy_guided_compact;happy;3;Q3_stockout_store;True;c2;True;0;0;0;1.0;0.2456;True;1;1;6
ablation_ceval_any_intersection;happy_guided_compact;happy;1;Q1_margin_month;True;c1;True;0;0;0;0.333333;0.3394;True;1;1;6
ablation_ceval_any_intersection;happy_guided_compact;happy;2;Q2_sales_growth;True;c3;True;0;0;0;0.666667;0.331;True;2;1;6
ablation_ceval_any_intersection;happy_guided_compact;happy;3;Q3_stockout_store;True;c2;True;0;0;0;1.0;0.2345;True;1;1;6
baseline_random_matched;happy_guided_compact;happy;1;Q1_margin_month;True;c1;False;0;1;0;0.0;0.003;;0;0;6
baseline_random_matched;happy_guided_compact;happy;2;Q2_sales_growth;True;c3;True;0;0;0;0.333333;0.0007;;0;0;6
baseline_random_matched;happy_guided_compact;happy;3;Q3_stockout_store;True;c2;False;0;1;0;0.333333;0.0005;;0;0;6
mcad;border_growth_partial_1998_only;border;1;Q1_sales_1998_only;False;;False;0;0;0;0.0;0.3365;True;1;0;6
baseline_naive;border_growth_partial_1998_only;border;1;Q1_sales_1998_only;False;;True;1;0;1;0.0;0.0014;;0;0;6
baseline_measure_overlap;border_growth_partial_1998_only;border;1;Q1_sales_1998_only;False;;True;1;0;1;0.0;0.0132;;0;0;6
ablation_no_sat;border_growth_partial_1998_only;border;1;Q1_sales_1998_only;False;;False;0;0;0;0.0;0.3326;True;1;0;6
ablation_no_real;border_growth_partial_1998_only;border;1;Q1_sales_1998_only;False;;True;1;0;1;0.0;0.3424;True;1;0;6
ablation_ceval_any_intersection;border_growth_partial_1998_only;border;1;Q1_sales_1998_only;False;;True;1;0;1;0.0;0.3333;True;1;1;6
baseline_random_matched;border_growth_partial_1998_only;border;1;Q1_sales_1998_only;False;;False;0;0;0;0.0;0.0027;;0;0;6
mcad;border_margin_wrong_grain;border;1;Q1_margin_quarter_only;False;;False;0;0;0;0.0;0.1953;False;0;0;6
baseline_naive;border_margin_wrong_grain;border;1;Q1_margin_quarter_only;False;;True;1;0;1;0.0;0.0014;;0;0;6
baseline_measure_overlap;border_margin_wrong_grain;border;1;Q1_margin_quarter_only;False;;True;1;0;1;0.0;0.0222;;0;0;6
ablation_no_sat;border_margin_wrong_grain;border;1;Q1_margin_quarter_only;False;;False;0;0;0;0.0;0.4964;False;0;0;6
ablation_no_real;border_margin_wrong_grain;border;1;Q1_margin_quarter_only;False;;False;0;0;0;0.0;0.2066;False;0;0;6
ablation_ceval_any_intersection;border_margin_wrong_grain;border;1;Q1_margin_quarter_only;False;;False;0;0;0;0.0;0.1982;False;0;0;6
baseline_random_matched;border_margin_wrong_grain;border;1;Q1_margin_quarter_only;False;;True;1;0;1;0.0;0.0037;;0;0;6
mcad;border_stockout_missing_store;border;1;Q1_stockout_category_only;False;;False;0;0;0;0.0;0.1989;False;0;0;6
baseline_naive;border_stockout_missing_store;border;1;Q1_stockout_category_only;False;;True;1;0;1;0.0;0.0009;;0;0;6
baseline_measure_overlap;border_stockout_missing_store;border;1;Q1_stockout_category_only;False;;True;1;0;1;0.0;0.023;;0;0;6
ablation_no_sat;border_stockout_missing_store;border;1;Q1_stockout_category_only;False;;False;0;0;0;0.0;0.264;False;0;0;6
ablation_no_real;border_stockout_missing_store;border;1;Q1_stockout_category_only;False;;False;0;0;0;0.0;0.2041;False;0;0;6
ablation_ceval_any_intersection;border_stockout_missing_store;border;1;Q1_stockout_category_only;False;;False;0;0;0;0.0;0.1957;False;0;0;6
baseline_random_matched;border_stockout_missing_store;border;1;Q1_stockout_category_only;False;;True;1;0;1;0.0;0.0027;;0;0;6
mcad;adversarial_wrong_region;adversarial;1;Q1_margin_south;False;;False;0;0;0;0.0;0.3103;False;0;0;6
baseline_naive;adversarial_wrong_region;adversarial;1;Q1_margin_south;False;;True;1;0;1;0.0;0.0009;;0;0;6
baseline_measure_overlap;adversarial_wrong_region;adversarial;1;Q1_margin_south;False;;True;1;0;1;0.0;0.0142;;0;0;6
ablation_no_sat;adversarial_wrong_region;adversarial;1;Q1_margin_south;False;;False;0;0;0;0.0;0.2167;False;0;0;6
ablation_no_real;adversarial_wrong_region;adversarial;1;Q1_margin_south;False;;False;0;0;0;0.0;0.1757;False;0;0;6
ablation_ceval_any_intersection;adversarial_wrong_region;adversarial;1;Q1_margin_south;False;;False;0;0;0;0.0;0.167;False;0;0;6
baseline_random_matched;adversarial_wrong_region;adversarial;1;Q1_margin_south;False;;False;0;0;0;0.0;0.0028;;0;0;6
mcad;adversarial_wrong_year;adversarial;1;Q1_stockout_1997;False;;False;0;0;0;0.0;0.2854;False;0;0;6
baseline_naive;adversarial_wrong_year;adversarial;1;Q1_stockout_1997;False;;True;1;0;1;0.0;0.0009;;0;0;6
baseline_measure_overlap;adversarial_wrong_year;adversarial;1;Q1_stockout_1997;False;;True;1;0;1;0.0;0.0142;;0;0;6
ablation_no_sat;adversarial_wrong_year;adversarial;1;Q1_stockout_1997;False;;False;0;0;0;0.0;0.189;False;0;0;6
ablation_no_real;adversarial_wrong_year;adversarial;1;Q1_stockout_1997;False;;False;0;0;0;0.0;0.1795;False;0;0;6
ablation_ceval_any_intersection;adversarial_wrong_year;adversarial;1;Q1_stockout_1997;False;;False;0;0;0;0.0;0.1644;False;0;0;6
baseline_random_matched;adversarial_wrong_year;adversarial;1;Q1_stockout_1997;False;;True;1;0;1;0.0;0.0027;;0;0;6
mcad;adversarial_invalid_no_measures;adversarial;1;Q1_invalid_no_measure;False;;False;0;0;0;0.0;0.0737;False;0;0;6
baseline_naive;adversarial_invalid_no_measures;adversarial;1;Q1_invalid_no_measure;False;;True;1;0;1;0.0;0.0014;;0;0;6
baseline_measure_overlap;adversarial_invalid_no_measures;adversarial;1;Q1_invalid_no_measure;False;;False;0;0;0;0.0;0.0131;;0;0;6
ablation_no_sat;adversarial_invalid_no_measures;adversarial;1;Q1_invalid_no_measure;False;;False;0;0;0;0.0;0.0978;False;0;0;6
ablation_no_real;adversarial_invalid_no_measures;adversarial;1;Q1_invalid_no_measure;False;;False;0;0;0;0.0;0.0796;False;0;0;6
ablation_ceval_any_intersection;adversarial_invalid_no_measures;adversarial;1;Q1_invalid_no_measure;False;;False;0;0;0;0.0;0.1257;False;0;0;6
baseline_random_matched;adversarial_invalid_no_measures;adversarial;1;Q1_invalid_no_measure;False;;True;1;0;1;0.0;0.0031;;0;0;6
mcad;stress_exploratory_then_useful;stress;1;Q1_noise_region;False;;False;0;0;0;0.0;0.1992;False;0;0;6
mcad;stress_exploratory_then_useful;stress;2;Q2_noise_margin_all;False;;False;0;0;0;0.0;0.1443;False;0;0;6
mcad;stress_exploratory_then_useful;stress;3;Q3_useful_margin;True;c1;True;0;0;0;0.333333;0.2522;True;1;1;6
baseline_naive;stress_exploratory_then_useful;stress;1;Q1_noise_region;False;;True;1;0;1;0.0;0.0013;;0;0;6
baseline_naive;stress_exploratory_then_useful;stress;2;Q2_noise_margin_all;False;;True;1;0;1;0.0;0.0007;;0;0;6
baseline_naive;stress_exploratory_then_useful;stress;3;Q3_useful_margin;True;c1;True;0;0;0;0.333333;0.0006;;0;0;6
baseline_measure_overlap;stress_exploratory_then_useful;stress;1;Q1_noise_region;False;;True;1;0;1;0.0;0.0137;;0;0;6
baseline_measure_overlap;stress_exploratory_then_useful;stress;2;Q2_noise_margin_all;False;;True;1;0;1;0.0;0.0053;;0;0;6
baseline_measure_overlap;stress_exploratory_then_useful;stress;3;Q3_useful_margin;True;c1;True;0;0;0;0.333333;0.0043;;0;0;6
ablation_no_sat;stress_exploratory_then_useful;stress;1;Q1_noise_region;False;;False;0;0;0;0.0;0.2347;False;0;0;6
ablation_no_sat;stress_exploratory_then_useful;stress;2;Q2_noise_margin_all;False;;False;0;0;0;0.0;0.1697;False;0;0;6
ablation_no_sat;stress_exploratory_then_useful;stress;3;Q3_useful_margin;True;c1;True;0;0;0;0.333333;0.2444;True;1;1;6
ablation_no_real;stress_exploratory_then_useful;stress;1;Q1_noise_region;False;;False;0;0;0;0.0;0.3636;False;0;0;6
ablation_no_real;stress_exploratory_then_useful;stress;2;Q2_noise_margin_all;False;;False;0;0;0;0.0;0.2667;False;0;0;6
ablation_no_real;stress_exploratory_then_useful;stress;3;Q3_useful_margin;True;c1;True;0;0;0;0.333333;0.4662;True;1;1;6
ablation_ceval_any_intersection;stress_exploratory_then_useful;stress;1;Q1_noise_region;False;;False;0;0;0;0.0;0.3765;False;0;0;6
ablation_ceval_any_intersection;stress_exploratory_then_useful;stress;2;Q2_noise_margin_all;False;;False;0;0;0;0.0;0.4941;False;0;0;6
ablation_ceval_any_intersection;stress_exploratory_then_useful;stress;3;Q3_useful_margin;True;c1;True;0;0;0;0.333333;0.8741;True;1;1;6
baseline_random_matched;stress_exploratory_then_useful;stress;1;Q1_noise_region;False;;False;0;0;0;0.0;0.0038;;0;0;6
baseline_random_matched;stress_exploratory_then_useful;stress;2;Q2_noise_margin_all;False;;True;1;0;1;0.0;0.0012;;0;0;6
baseline_random_matched;stress_exploratory_then_useful;stress;3;Q3_useful_margin;True;c1;True;0;0;0;0.333333;0.001;;0;0;6
mcad;happy_guided_article_short;happy;1;Q1_margin_month;True;c1;True;0;0;0;0.333333;0.5312;True;1;1;7
mcad;happy_guided_article_short;happy;2;Q2_stockout_store;True;c2;True;0;0;0;0.666667;0.4725;True;1;1;7
mcad;happy_guided_article_short;happy;3;Q3_sales_growth;True;c3;True;0;0;0;1.0;0.5366;True;2;1;7
baseline_naive;happy_guided_article_short;happy;1;Q1_margin_month;True;c1;True;0;0;0;0.333333;0.0009;;0;0;7
baseline_naive;happy_guided_article_short;happy;2;Q2_stockout_store;True;c2;True;0;0;0;0.666667;0.0005;;0;0;7
baseline_naive;happy_guided_article_short;happy;3;Q3_sales_growth;True;c3;True;0;0;0;1.0;0.0004;;0;0;7
baseline_measure_overlap;happy_guided_article_short;happy;1;Q1_margin_month;True;c1;True;0;0;0;0.333333;0.0147;;0;0;7
baseline_measure_overlap;happy_guided_article_short;happy;2;Q2_stockout_store;True;c2;True;0;0;0;0.666667;0.0065;;0;0;7
baseline_measure_overlap;happy_guided_article_short;happy;3;Q3_sales_growth;True;c3;True;0;0;0;1.0;0.0043;;0;0;7
ablation_no_sat;happy_guided_article_short;happy;1;Q1_margin_month;True;c1;True;0;0;0;0.333333;0.2979;True;1;1;7
ablation_no_sat;happy_guided_article_short;happy;2;Q2_stockout_store;True;c2;True;0;0;0;0.666667;0.2447;True;1;1;7
ablation_no_sat;happy_guided_article_short;happy;3;Q3_sales_growth;True;c3;True;0;0;0;1.0;0.3304;True;2;1;7
ablation_no_real;happy_guided_article_short;happy;1;Q1_margin_month;True;c1;True;0;0;0;0.333333;0.2899;True;1;1;7
ablation_no_real;happy_guided_article_short;happy;2;Q2_stockout_store;True;c2;True;0;0;0;0.666667;0.2479;True;1;1;7
ablation_no_real;happy_guided_article_short;happy;3;Q3_sales_growth;True;c3;True;0;0;0;1.0;0.3321;True;2;1;7
ablation_ceval_any_intersection;happy_guided_article_short;happy;1;Q1_margin_month;True;c1;True;0;0;0;0.333333;0.2724;True;1;1;7
ablation_ceval_any_intersection;happy_guided_article_short;happy;2;Q2_stockout_store;True;c2;True;0;0;0;0.666667;0.25;True;1;1;7
ablation_ceval_any_intersection;happy_guided_article_short;happy;3;Q3_sales_growth;True;c3;True;0;0;0;1.0;0.327;True;2;1;7
baseline_random_matched;happy_guided_article_short;happy;1;Q1_margin_month;True;c1;False;0;1;0;0.0;0.0035;;0;0;7
baseline_random_matched;happy_guided_article_short;happy;2;Q2_stockout_store;True;c2;True;0;0;0;0.333333;0.0008;;0;0;7
baseline_random_matched;happy_guided_article_short;happy;3;Q3_sales_growth;True;c3;True;0;0;0;0.666667;0.0008;;0;0;7
mcad;happy_guided_reordered;happy;1;Q1_sales_growth;True;c3;True;0;0;0;0.333333;0.3739;True;2;1;7
mcad;happy_guided_reordered;happy;2;Q2_margin_month;True;c1;True;0;0;0;0.666667;0.2445;True;1;1;7
mcad;happy_guided_reordered;happy;3;Q3_stockout_store;True;c2;True;0;0;0;1.0;0.2393;True;1;1;7
baseline_naive;happy_guided_reordered;happy;1;Q1_sales_growth;True;c3;True;0;0;0;0.333333;0.0009;;0;0;7
baseline_naive;happy_guided_reordered;happy;2;Q2_margin_month;True;c1;True;0;0;0;0.666667;0.0005;;0;0;7
baseline_naive;happy_guided_reordered;happy;3;Q3_stockout_store;True;c2;True;0;0;0;1.0;0.0004;;0;0;7
baseline_measure_overlap;happy_guided_reordered;happy;1;Q1_sales_growth;True;c3;True;0;0;0;0.333333;0.0133;;0;0;7
baseline_measure_overlap;happy_guided_reordered;happy;2;Q2_margin_month;True;c1;True;0;0;0;0.666667;0.0057;;0;0;7
baseline_measure_overlap;happy_guided_reordered;happy;3;Q3_stockout_store;True;c2;True;0;0;0;1.0;0.0045;;0;0;7
ablation_no_sat;happy_guided_reordered;happy;1;Q1_sales_growth;True;c3;True;0;0;0;0.333333;0.3636;True;2;1;7
ablation_no_sat;happy_guided_reordered;happy;2;Q2_margin_month;True;c1;True;0;0;0;0.666667;0.2603;True;1;1;7
ablation_no_sat;happy_guided_reordered;happy;3;Q3_stockout_store;True;c2;True;0;0;0;1.0;0.2403;True;1;1;7
ablation_no_real;happy_guided_reordered;happy;1;Q1_sales_growth;True;c3;True;0;0;0;0.333333;0.3692;True;2;1;7
ablation_no_real;happy_guided_reordered;happy;2;Q2_margin_month;True;c1;True;0;0;0;0.666667;0.2543;True;1;1;7
ablation_no_real;happy_guided_reordered;happy;3;Q3_stockout_store;True;c2;True;0;0;0;1.0;0.2553;True;1;1;7
ablation_ceval_any_intersection;happy_guided_reordered;happy;1;Q1_sales_growth;True;c3;True;0;0;0;0.333333;0.3613;True;2;1;7
ablation_ceval_any_intersection;happy_guided_reordered;happy;2;Q2_margin_month;True;c1;True;0;0;0;0.666667;0.2455;True;1;1;7
ablation_ceval_any_intersection;happy_guided_reordered;happy;3;Q3_stockout_store;True;c2;True;0;0;0;1.0;0.2443;True;1;1;7
baseline_random_matched;happy_guided_reordered;happy;1;Q1_sales_growth;True;c3;True;0;0;0;0.333333;0.0037;;0;0;7
baseline_random_matched;happy_guided_reordered;happy;2;Q2_margin_month;True;c1;True;0;0;0;0.666667;0.001;;0;0;7
baseline_random_matched;happy_guided_reordered;happy;3;Q3_stockout_store;True;c2;True;0;0;0;1.0;0.0008;;0;0;7
mcad;happy_guided_compact;happy;1;Q1_margin_month;True;c1;True;0;0;0;0.333333;0.5492;True;1;1;7
mcad;happy_guided_compact;happy;2;Q2_sales_growth;True;c3;True;0;0;0;0.666667;0.664;True;2;1;7
mcad;happy_guided_compact;happy;3;Q3_stockout_store;True;c2;True;0;0;0;1.0;0.4885;True;1;1;7
baseline_naive;happy_guided_compact;happy;1;Q1_margin_month;True;c1;True;0;0;0;0.333333;0.0011;;0;0;7
baseline_naive;happy_guided_compact;happy;2;Q2_sales_growth;True;c3;True;0;0;0;0.666667;0.0005;;0;0;7
baseline_naive;happy_guided_compact;happy;3;Q3_stockout_store;True;c2;True;0;0;0;1.0;0.0004;;0;0;7
baseline_measure_overlap;happy_guided_compact;happy;1;Q1_margin_month;True;c1;True;0;0;0;0.333333;0.0145;;0;0;7
baseline_measure_overlap;happy_guided_compact;happy;2;Q2_sales_growth;True;c3;True;0;0;0;0.666667;0.0056;;0;0;7
baseline_measure_overlap;happy_guided_compact;happy;3;Q3_stockout_store;True;c2;True;0;0;0;1.0;0.0046;;0;0;7
ablation_no_sat;happy_guided_compact;happy;1;Q1_margin_month;True;c1;True;0;0;0;0.333333;0.2787;True;1;1;7
ablation_no_sat;happy_guided_compact;happy;2;Q2_sales_growth;True;c3;True;0;0;0;0.666667;0.3444;True;2;1;7
ablation_no_sat;happy_guided_compact;happy;3;Q3_stockout_store;True;c2;True;0;0;0;1.0;0.2419;True;1;1;7
ablation_no_real;happy_guided_compact;happy;1;Q1_margin_month;True;c1;True;0;0;0;0.333333;0.2837;True;1;1;7
ablation_no_real;happy_guided_compact;happy;2;Q2_sales_growth;True;c3;True;0;0;0;0.666667;0.372;True;2;1;7
ablation_no_real;happy_guided_compact;happy;3;Q3_stockout_store;True;c2;True;0;0;0;1.0;0.2436;True;1;1;7
ablation_ceval_any_intersection;happy_guided_compact;happy;1;Q1_margin_month;True;c1;True;0;0;0;0.333333;0.5234;True;1;1;7
ablation_ceval_any_intersection;happy_guided_compact;happy;2;Q2_sales_growth;True;c3;True;0;0;0;0.666667;0.6523;True;2;1;7
ablation_ceval_any_intersection;happy_guided_compact;happy;3;Q3_stockout_store;True;c2;True;0;0;0;1.0;0.4936;True;1;1;7
baseline_random_matched;happy_guided_compact;happy;1;Q1_margin_month;True;c1;False;0;1;0;0.0;0.0028;;0;0;7
baseline_random_matched;happy_guided_compact;happy;2;Q2_sales_growth;True;c3;False;0;1;0;0.0;0.0006;;0;0;7
baseline_random_matched;happy_guided_compact;happy;3;Q3_stockout_store;True;c2;True;0;0;0;0.333333;0.0004;;0;0;7
mcad;border_growth_partial_1998_only;border;1;Q1_sales_1998_only;False;;False;0;0;0;0.0;0.3348;True;1;0;7
baseline_naive;border_growth_partial_1998_only;border;1;Q1_sales_1998_only;False;;True;1;0;1;0.0;0.0012;;0;0;7
baseline_measure_overlap;border_growth_partial_1998_only;border;1;Q1_sales_1998_only;False;;True;1;0;1;0.0;0.0144;;0;0;7
ablation_no_sat;border_growth_partial_1998_only;border;1;Q1_sales_1998_only;False;;False;0;0;0;0.0;0.3368;True;1;0;7
ablation_no_real;border_growth_partial_1998_only;border;1;Q1_sales_1998_only;False;;True;1;0;1;0.0;0.3523;True;1;0;7
ablation_ceval_any_intersection;border_growth_partial_1998_only;border;1;Q1_sales_1998_only;False;;True;1;0;1;0.0;1.0985;True;1;1;7
baseline_random_matched;border_growth_partial_1998_only;border;1;Q1_sales_1998_only;False;;True;1;0;1;0.0;0.0041;;0;0;7
mcad;border_margin_wrong_grain;border;1;Q1_margin_quarter_only;False;;False;0;0;0;0.0;0.205;False;0;0;7
baseline_naive;border_margin_wrong_grain;border;1;Q1_margin_quarter_only;False;;True;1;0;1;0.0;0.0009;;0;0;7
baseline_measure_overlap;border_margin_wrong_grain;border;1;Q1_margin_quarter_only;False;;True;1;0;1;0.0;0.0231;;0;0;7
ablation_no_sat;border_margin_wrong_grain;border;1;Q1_margin_quarter_only;False;;False;0;0;0;0.0;0.2773;False;0;0;7
ablation_no_real;border_margin_wrong_grain;border;1;Q1_margin_quarter_only;False;;False;0;0;0;0.0;0.2083;False;0;0;7
ablation_ceval_any_intersection;border_margin_wrong_grain;border;1;Q1_margin_quarter_only;False;;False;0;0;0;0.0;0.1962;False;0;0;7
baseline_random_matched;border_margin_wrong_grain;border;1;Q1_margin_quarter_only;False;;True;1;0;1;0.0;0.003;;0;0;7
mcad;border_stockout_missing_store;border;1;Q1_stockout_category_only;False;;False;0;0;0;0.0;0.3536;False;0;0;7
baseline_naive;border_stockout_missing_store;border;1;Q1_stockout_category_only;False;;True;1;0;1;0.0;0.0017;;0;0;7
baseline_measure_overlap;border_stockout_missing_store;border;1;Q1_stockout_category_only;False;;True;1;0;1;0.0;0.0167;;0;0;7
ablation_no_sat;border_stockout_missing_store;border;1;Q1_stockout_category_only;False;;False;0;0;0;0.0;0.2614;False;0;0;7
ablation_no_real;border_stockout_missing_store;border;1;Q1_stockout_category_only;False;;False;0;0;0;0.0;0.2128;False;0;0;7
ablation_ceval_any_intersection;border_stockout_missing_store;border;1;Q1_stockout_category_only;False;;False;0;0;0;0.0;0.1929;False;0;0;7
baseline_random_matched;border_stockout_missing_store;border;1;Q1_stockout_category_only;False;;True;1;0;1;0.0;0.003;;0;0;7
mcad;adversarial_wrong_region;adversarial;1;Q1_margin_south;False;;False;0;0;0;0.0;0.301;False;0;0;7
baseline_naive;adversarial_wrong_region;adversarial;1;Q1_margin_south;False;;True;1;0;1;0.0;0.001;;0;0;7
baseline_measure_overlap;adversarial_wrong_region;adversarial;1;Q1_margin_south;False;;True;1;0;1;0.0;0.02;;0;0;7
ablation_no_sat;adversarial_wrong_region;adversarial;1;Q1_margin_south;False;;False;0;0;0;0.0;0.401;False;0;0;7
ablation_no_real;adversarial_wrong_region;adversarial;1;Q1_margin_south;False;;False;0;0;0;0.0;0.3018;False;0;0;7
ablation_ceval_any_intersection;adversarial_wrong_region;adversarial;1;Q1_margin_south;False;;False;0;0;0;0.0;0.2826;False;0;0;7
baseline_random_matched;adversarial_wrong_region;adversarial;1;Q1_margin_south;False;;True;1;0;1;0.0;0.0031;;0;0;7
mcad;adversarial_wrong_year;adversarial;1;Q1_stockout_1997;False;;False;0;0;0;0.0;0.1774;False;0;0;7
baseline_naive;adversarial_wrong_year;adversarial;1;Q1_stockout_1997;False;;True;1;0;1;0.0;0.0009;;0;0;7
baseline_measure_overlap;adversarial_wrong_year;adversarial;1;Q1_stockout_1997;False;;True;1;0;1;0.0;0.0132;;0;0;7
ablation_no_sat;adversarial_wrong_year;adversarial;1;Q1_stockout_1997;False;;False;0;0;0;0.0;0.2022;False;0;0;7
ablation_no_real;adversarial_wrong_year;adversarial;1;Q1_stockout_1997;False;;False;0;0;0;0.0;0.2017;False;0;0;7
ablation_ceval_any_intersection;adversarial_wrong_year;adversarial;1;Q1_stockout_1997;False;;False;0;0;0;0.0;0.1692;False;0;0;7
baseline_random_matched;adversarial_wrong_year;adversarial;1;Q1_stockout_1997;False;;False;0;0;0;0.0;0.0031;;0;0;7
mcad;adversarial_invalid_no_measures;adversarial;1;Q1_invalid_no_measure;False;;False;0;0;0;0.0;0.0746;False;0;0;7
baseline_naive;adversarial_invalid_no_measures;adversarial;1;Q1_invalid_no_measure;False;;True;1;0;1;0.0;0.0009;;0;0;7
baseline_measure_overlap;adversarial_invalid_no_measures;adversarial;1;Q1_invalid_no_measure;False;;False;0;0;0;0.0;0.0132;;0;0;7
ablation_no_sat;adversarial_invalid_no_measures;adversarial;1;Q1_invalid_no_measure;False;;False;0;0;0;0.0;0.0868;False;0;0;7
ablation_no_real;adversarial_invalid_no_measures;adversarial;1;Q1_invalid_no_measure;False;;False;0;0;0;0.0;0.0786;False;0;0;7
ablation_ceval_any_intersection;adversarial_invalid_no_measures;adversarial;1;Q1_invalid_no_measure;False;;False;0;0;0;0.0;0.1369;False;0;0;7
baseline_random_matched;adversarial_invalid_no_measures;adversarial;1;Q1_invalid_no_measure;False;;False;0;0;0;0.0;0.0027;;0;0;7
mcad;stress_exploratory_then_useful;stress;1;Q1_noise_region;False;;False;0;0;0;0.0;0.197;False;0;0;7
mcad;stress_exploratory_then_useful;stress;2;Q2_noise_margin_all;False;;False;0;0;0;0.0;0.1406;False;0;0;7
mcad;stress_exploratory_then_useful;stress;3;Q3_useful_margin;True;c1;True;0;0;0;0.333333;0.2494;True;1;1;7
baseline_naive;stress_exploratory_then_useful;stress;1;Q1_noise_region;False;;True;1;0;1;0.0;0.0009;;0;0;7
baseline_naive;stress_exploratory_then_useful;stress;2;Q2_noise_margin_all;False;;True;1;0;1;0.0;0.0005;;0;0;7
baseline_naive;stress_exploratory_then_useful;stress;3;Q3_useful_margin;True;c1;True;0;0;0;0.333333;0.0003;;0;0;7
baseline_measure_overlap;stress_exploratory_then_useful;stress;1;Q1_noise_region;False;;True;1;0;1;0.0;0.0129;;0;0;7
baseline_measure_overlap;stress_exploratory_then_useful;stress;2;Q2_noise_margin_all;False;;True;1;0;1;0.0;0.0052;;0;0;7
baseline_measure_overlap;stress_exploratory_then_useful;stress;3;Q3_useful_margin;True;c1;True;0;0;0;0.333333;0.0046;;0;0;7
ablation_no_sat;stress_exploratory_then_useful;stress;1;Q1_noise_region;False;;False;0;0;0;0.0;0.2583;False;0;0;7
ablation_no_sat;stress_exploratory_then_useful;stress;2;Q2_noise_margin_all;False;;False;0;0;0;0.0;0.1804;False;0;0;7
ablation_no_sat;stress_exploratory_then_useful;stress;3;Q3_useful_margin;True;c1;True;0;0;0;0.333333;0.2469;True;1;1;7
ablation_no_real;stress_exploratory_then_useful;stress;1;Q1_noise_region;False;;False;0;0;0;0.0;0.3463;False;0;0;7
ablation_no_real;stress_exploratory_then_useful;stress;2;Q2_noise_margin_all;False;;False;0;0;0;0.0;0.2891;False;0;0;7
ablation_no_real;stress_exploratory_then_useful;stress;3;Q3_useful_margin;True;c1;True;0;0;0;0.333333;0.4577;True;1;1;7
ablation_ceval_any_intersection;stress_exploratory_then_useful;stress;1;Q1_noise_region;False;;False;0;0;0;0.0;0.3472;False;0;0;7
ablation_ceval_any_intersection;stress_exploratory_then_useful;stress;2;Q2_noise_margin_all;False;;False;0;0;0;0.0;0.2542;False;0;0;7
ablation_ceval_any_intersection;stress_exploratory_then_useful;stress;3;Q3_useful_margin;True;c1;True;0;0;0;0.333333;0.4577;True;1;1;7
baseline_random_matched;stress_exploratory_then_useful;stress;1;Q1_noise_region;False;;True;1;0;1;0.0;0.0029;;0;0;7
baseline_random_matched;stress_exploratory_then_useful;stress;2;Q2_noise_margin_all;False;;False;0;0;0;0.0;0.0006;;0;0;7
baseline_random_matched;stress_exploratory_then_useful;stress;3;Q3_useful_margin;True;c1;False;0;1;0;0.0;0.0005;;0;0;7
mcad;happy_guided_article_short;happy;1;Q1_margin_month;True;c1;True;0;0;0;0.333333;0.2766;True;1;1;8
mcad;happy_guided_article_short;happy;2;Q2_stockout_store;True;c2;True;0;0;0;0.666667;0.2464;True;1;1;8
mcad;happy_guided_article_short;happy;3;Q3_sales_growth;True;c3;True;0;0;0;1.0;0.3275;True;2;1;8
baseline_naive;happy_guided_article_short;happy;1;Q1_margin_month;True;c1;True;0;0;0;0.333333;0.001;;0;0;8
baseline_naive;happy_guided_article_short;happy;2;Q2_stockout_store;True;c2;True;0;0;0;0.666667;0.0005;;0;0;8
baseline_naive;happy_guided_article_short;happy;3;Q3_sales_growth;True;c3;True;0;0;0;1.0;0.0004;;0;0;8
baseline_measure_overlap;happy_guided_article_short;happy;1;Q1_margin_month;True;c1;True;0;0;0;0.333333;0.0129;;0;0;8
baseline_measure_overlap;happy_guided_article_short;happy;2;Q2_stockout_store;True;c2;True;0;0;0;0.666667;0.0054;;0;0;8
baseline_measure_overlap;happy_guided_article_short;happy;3;Q3_sales_growth;True;c3;True;0;0;0;1.0;0.0044;;0;0;8
ablation_no_sat;happy_guided_article_short;happy;1;Q1_margin_month;True;c1;True;0;0;0;0.333333;0.2779;True;1;1;8
ablation_no_sat;happy_guided_article_short;happy;2;Q2_stockout_store;True;c2;True;0;0;0;0.666667;0.2479;True;1;1;8
ablation_no_sat;happy_guided_article_short;happy;3;Q3_sales_growth;True;c3;True;0;0;0;1.0;0.3618;True;2;1;8
ablation_no_real;happy_guided_article_short;happy;1;Q1_margin_month;True;c1;True;0;0;0;0.333333;0.2807;True;1;1;8
ablation_no_real;happy_guided_article_short;happy;2;Q2_stockout_store;True;c2;True;0;0;0;0.666667;0.2495;True;1;1;8
ablation_no_real;happy_guided_article_short;happy;3;Q3_sales_growth;True;c3;True;0;0;0;1.0;0.3453;True;2;1;8
ablation_ceval_any_intersection;happy_guided_article_short;happy;1;Q1_margin_month;True;c1;True;0;0;0;0.333333;0.2812;True;1;1;8
ablation_ceval_any_intersection;happy_guided_article_short;happy;2;Q2_stockout_store;True;c2;True;0;0;0;0.666667;0.2408;True;1;1;8
ablation_ceval_any_intersection;happy_guided_article_short;happy;3;Q3_sales_growth;True;c3;True;0;0;0;1.0;0.3258;True;2;1;8
baseline_random_matched;happy_guided_article_short;happy;1;Q1_margin_month;True;c1;True;0;0;0;0.333333;0.004;;0;0;8
baseline_random_matched;happy_guided_article_short;happy;2;Q2_stockout_store;True;c2;False;0;1;0;0.333333;0.0009;;0;0;8
baseline_random_matched;happy_guided_article_short;happy;3;Q3_sales_growth;True;c3;True;0;0;0;0.666667;0.0008;;0;0;8
mcad;happy_guided_reordered;happy;1;Q1_sales_growth;True;c3;True;0;0;0;0.333333;0.3667;True;2;1;8
mcad;happy_guided_reordered;happy;2;Q2_margin_month;True;c1;True;0;0;0;0.666667;0.2602;True;1;1;8
mcad;happy_guided_reordered;happy;3;Q3_stockout_store;True;c2;True;0;0;0;1.0;0.2393;True;1;1;8
baseline_naive;happy_guided_reordered;happy;1;Q1_sales_growth;True;c3;True;0;0;0;0.333333;0.0009;;0;0;8
baseline_naive;happy_guided_reordered;happy;2;Q2_margin_month;True;c1;True;0;0;0;0.666667;0.0005;;0;0;8
baseline_naive;happy_guided_reordered;happy;3;Q3_stockout_store;True;c2;True;0;0;0;1.0;0.0003;;0;0;8
baseline_measure_overlap;happy_guided_reordered;happy;1;Q1_sales_growth;True;c3;True;0;0;0;0.333333;0.0136;;0;0;8
baseline_measure_overlap;happy_guided_reordered;happy;2;Q2_margin_month;True;c1;True;0;0;0;0.666667;0.0053;;0;0;8
baseline_measure_overlap;happy_guided_reordered;happy;3;Q3_stockout_store;True;c2;True;0;0;0;1.0;0.0044;;0;0;8
ablation_no_sat;happy_guided_reordered;happy;1;Q1_sales_growth;True;c3;True;0;0;0;0.333333;0.3706;True;2;1;8
ablation_no_sat;happy_guided_reordered;happy;2;Q2_margin_month;True;c1;True;0;0;0;0.666667;0.2415;True;1;1;8
ablation_no_sat;happy_guided_reordered;happy;3;Q3_stockout_store;True;c2;True;0;0;0;1.0;0.2378;True;1;1;8
ablation_no_real;happy_guided_reordered;happy;1;Q1_sales_growth;True;c3;True;0;0;0;0.333333;0.3722;True;2;1;8
ablation_no_real;happy_guided_reordered;happy;2;Q2_margin_month;True;c1;True;0;0;0;0.666667;0.2642;True;1;1;8
ablation_no_real;happy_guided_reordered;happy;3;Q3_stockout_store;True;c2;True;0;0;0;1.0;0.245;True;1;1;8
ablation_ceval_any_intersection;happy_guided_reordered;happy;1;Q1_sales_growth;True;c3;True;0;0;0;0.333333;0.4801;True;2;1;8
ablation_ceval_any_intersection;happy_guided_reordered;happy;2;Q2_margin_month;True;c1;True;0;0;0;0.666667;0.4544;True;1;1;8
ablation_ceval_any_intersection;happy_guided_reordered;happy;3;Q3_stockout_store;True;c2;True;0;0;0;1.0;0.4235;True;1;1;8
baseline_random_matched;happy_guided_reordered;happy;1;Q1_sales_growth;True;c3;False;0;1;0;0.0;0.0032;;0;0;8
baseline_random_matched;happy_guided_reordered;happy;2;Q2_margin_month;True;c1;True;0;0;0;0.333333;0.0006;;0;0;8
baseline_random_matched;happy_guided_reordered;happy;3;Q3_stockout_store;True;c2;True;0;0;0;0.666667;0.0005;;0;0;8
mcad;happy_guided_compact;happy;1;Q1_margin_month;True;c1;True;0;0;0;0.333333;0.2821;True;1;1;8
mcad;happy_guided_compact;happy;2;Q2_sales_growth;True;c3;True;0;0;0;0.666667;0.3385;True;2;1;8
mcad;happy_guided_compact;happy;3;Q3_stockout_store;True;c2;True;0;0;0;1.0;0.2401;True;1;1;8
baseline_naive;happy_guided_compact;happy;1;Q1_margin_month;True;c1;True;0;0;0;0.333333;0.0009;;0;0;8
baseline_naive;happy_guided_compact;happy;2;Q2_sales_growth;True;c3;True;0;0;0;0.666667;0.0005;;0;0;8
baseline_naive;happy_guided_compact;happy;3;Q3_stockout_store;True;c2;True;0;0;0;1.0;0.0003;;0;0;8
baseline_measure_overlap;happy_guided_compact;happy;1;Q1_margin_month;True;c1;True;0;0;0;0.333333;0.0139;;0;0;8
baseline_measure_overlap;happy_guided_compact;happy;2;Q2_sales_growth;True;c3;True;0;0;0;0.666667;0.0053;;0;0;8
baseline_measure_overlap;happy_guided_compact;happy;3;Q3_stockout_store;True;c2;True;0;0;0;1.0;0.0044;;0;0;8
ablation_no_sat;happy_guided_compact;happy;1;Q1_margin_month;True;c1;True;0;0;0;0.333333;0.2775;True;1;1;8
ablation_no_sat;happy_guided_compact;happy;2;Q2_sales_growth;True;c3;True;0;0;0;0.666667;0.3414;True;2;1;8
ablation_no_sat;happy_guided_compact;happy;3;Q3_stockout_store;True;c2;True;0;0;0;1.0;0.3081;True;1;1;8
ablation_no_real;happy_guided_compact;happy;1;Q1_margin_month;True;c1;True;0;0;0;0.333333;0.2823;True;1;1;8
ablation_no_real;happy_guided_compact;happy;2;Q2_sales_growth;True;c3;True;0;0;0;0.666667;0.3472;True;2;1;8
ablation_no_real;happy_guided_compact;happy;3;Q3_stockout_store;True;c2;True;0;0;0;1.0;0.2445;True;1;1;8
ablation_ceval_any_intersection;happy_guided_compact;happy;1;Q1_margin_month;True;c1;True;0;0;0;0.333333;0.272;True;1;1;8
ablation_ceval_any_intersection;happy_guided_compact;happy;2;Q2_sales_growth;True;c3;True;0;0;0;0.666667;0.3315;True;2;1;8
ablation_ceval_any_intersection;happy_guided_compact;happy;3;Q3_stockout_store;True;c2;True;0;0;0;1.0;0.2472;True;1;1;8
baseline_random_matched;happy_guided_compact;happy;1;Q1_margin_month;True;c1;True;0;0;0;0.333333;0.0038;;0;0;8
baseline_random_matched;happy_guided_compact;happy;2;Q2_sales_growth;True;c3;False;0;1;0;0.333333;0.0012;;0;0;8
baseline_random_matched;happy_guided_compact;happy;3;Q3_stockout_store;True;c2;True;0;0;0;0.666667;0.0009;;0;0;8
mcad;border_growth_partial_1998_only;border;1;Q1_sales_1998_only;False;;False;0;0;0;0.0;0.3365;True;1;0;8
baseline_naive;border_growth_partial_1998_only;border;1;Q1_sales_1998_only;False;;True;1;0;1;0.0;0.0009;;0;0;8
baseline_measure_overlap;border_growth_partial_1998_only;border;1;Q1_sales_1998_only;False;;True;1;0;1;0.0;0.015;;0;0;8
ablation_no_sat;border_growth_partial_1998_only;border;1;Q1_sales_1998_only;False;;False;0;0;0;0.0;0.358;True;1;0;8
ablation_no_real;border_growth_partial_1998_only;border;1;Q1_sales_1998_only;False;;True;1;0;1;0.0;0.6529;True;1;0;8
ablation_ceval_any_intersection;border_growth_partial_1998_only;border;1;Q1_sales_1998_only;False;;True;1;0;1;0.0;0.3341;True;1;1;8
baseline_random_matched;border_growth_partial_1998_only;border;1;Q1_sales_1998_only;False;;True;1;0;1;0.0;0.0029;;0;0;8
mcad;border_margin_wrong_grain;border;1;Q1_margin_quarter_only;False;;False;0;0;0;0.0;0.1987;False;0;0;8
baseline_naive;border_margin_wrong_grain;border;1;Q1_margin_quarter_only;False;;True;1;0;1;0.0;0.001;;0;0;8
baseline_measure_overlap;border_margin_wrong_grain;border;1;Q1_margin_quarter_only;False;;True;1;0;1;0.0;0.0154;;0;0;8
ablation_no_sat;border_margin_wrong_grain;border;1;Q1_margin_quarter_only;False;;False;0;0;0;0.0;0.2626;False;0;0;8
ablation_no_real;border_margin_wrong_grain;border;1;Q1_margin_quarter_only;False;;False;0;0;0;0.0;0.378;False;0;0;8
ablation_ceval_any_intersection;border_margin_wrong_grain;border;1;Q1_margin_quarter_only;False;;False;0;0;0;0.0;0.2134;False;0;0;8
baseline_random_matched;border_margin_wrong_grain;border;1;Q1_margin_quarter_only;False;;True;1;0;1;0.0;0.0031;;0;0;8
mcad;border_stockout_missing_store;border;1;Q1_stockout_category_only;False;;False;0;0;0;0.0;0.2065;False;0;0;8
baseline_naive;border_stockout_missing_store;border;1;Q1_stockout_category_only;False;;True;1;0;1;0.0;0.0009;;0;0;8
baseline_measure_overlap;border_stockout_missing_store;border;1;Q1_stockout_category_only;False;;True;1;0;1;0.0;0.0185;;0;0;8
ablation_no_sat;border_stockout_missing_store;border;1;Q1_stockout_category_only;False;;False;0;0;0;0.0;0.5479;False;0;0;8
ablation_no_real;border_stockout_missing_store;border;1;Q1_stockout_category_only;False;;False;0;0;0;0.0;0.4333;False;0;0;8
ablation_ceval_any_intersection;border_stockout_missing_store;border;1;Q1_stockout_category_only;False;;False;0;0;0;0.0;0.3665;False;0;0;8
baseline_random_matched;border_stockout_missing_store;border;1;Q1_stockout_category_only;False;;True;1;0;1;0.0;0.0055;;0;0;8
mcad;adversarial_wrong_region;adversarial;1;Q1_margin_south;False;;False;0;0;0;0.0;0.4154;False;0;0;8
baseline_naive;adversarial_wrong_region;adversarial;1;Q1_margin_south;False;;True;1;0;1;0.0;0.0021;;0;0;8
baseline_measure_overlap;adversarial_wrong_region;adversarial;1;Q1_margin_south;False;;True;1;0;1;0.0;0.0273;;0;0;8
ablation_no_sat;adversarial_wrong_region;adversarial;1;Q1_margin_south;False;;False;0;0;0;0.0;0.2376;False;0;0;8
ablation_no_real;adversarial_wrong_region;adversarial;1;Q1_margin_south;False;;False;0;0;0;0.0;0.3335;False;0;0;8
ablation_ceval_any_intersection;adversarial_wrong_region;adversarial;1;Q1_margin_south;False;;False;0;0;0;0.0;0.1757;False;0;0;8
baseline_random_matched;adversarial_wrong_region;adversarial;1;Q1_margin_south;False;;True;1;0;1;0.0;0.0034;;0;0;8
mcad;adversarial_wrong_year;adversarial;1;Q1_stockout_1997;False;;False;0;0;0;0.0;0.1678;False;0;0;8
baseline_naive;adversarial_wrong_year;adversarial;1;Q1_stockout_1997;False;;True;1;0;1;0.0;0.0009;;0;0;8
baseline_measure_overlap;adversarial_wrong_year;adversarial;1;Q1_stockout_1997;False;;True;1;0;1;0.0;0.0145;;0;0;8
ablation_no_sat;adversarial_wrong_year;adversarial;1;Q1_stockout_1997;False;;False;0;0;0;0.0;0.194;False;0;0;8
ablation_no_real;adversarial_wrong_year;adversarial;1;Q1_stockout_1997;False;;False;0;0;0;0.0;0.3025;False;0;0;8
ablation_ceval_any_intersection;adversarial_wrong_year;adversarial;1;Q1_stockout_1997;False;;False;0;0;0;0.0;0.1661;False;0;0;8
baseline_random_matched;adversarial_wrong_year;adversarial;1;Q1_stockout_1997;False;;True;1;0;1;0.0;0.0031;;0;0;8
mcad;adversarial_invalid_no_measures;adversarial;1;Q1_invalid_no_measure;False;;False;0;0;0;0.0;0.0717;False;0;0;8
baseline_naive;adversarial_invalid_no_measures;adversarial;1;Q1_invalid_no_measure;False;;True;1;0;1;0.0;0.0009;;0;0;8
baseline_measure_overlap;adversarial_invalid_no_measures;adversarial;1;Q1_invalid_no_measure;False;;False;0;0;0;0.0;0.0126;;0;0;8
ablation_no_sat;adversarial_invalid_no_measures;adversarial;1;Q1_invalid_no_measure;False;;False;0;0;0;0.0;0.088;False;0;0;8
ablation_no_real;adversarial_invalid_no_measures;adversarial;1;Q1_invalid_no_measure;False;;False;0;0;0;0.0;0.0772;False;0;0;8
ablation_ceval_any_intersection;adversarial_invalid_no_measures;adversarial;1;Q1_invalid_no_measure;False;;False;0;0;0;0.0;0.1059;False;0;0;8
baseline_random_matched;adversarial_invalid_no_measures;adversarial;1;Q1_invalid_no_measure;False;;True;1;0;1;0.0;0.0033;;0;0;8
mcad;stress_exploratory_then_useful;stress;1;Q1_noise_region;False;;False;0;0;0;0.0;0.1979;False;0;0;8
mcad;stress_exploratory_then_useful;stress;2;Q2_noise_margin_all;False;;False;0;0;0;0.0;0.142;False;0;0;8
mcad;stress_exploratory_then_useful;stress;3;Q3_useful_margin;True;c1;True;0;0;0;0.333333;0.249;True;1;1;8
baseline_naive;stress_exploratory_then_useful;stress;1;Q1_noise_region;False;;True;1;0;1;0.0;0.0009;;0;0;8
baseline_naive;stress_exploratory_then_useful;stress;2;Q2_noise_margin_all;False;;True;1;0;1;0.0;0.0005;;0;0;8
baseline_naive;stress_exploratory_then_useful;stress;3;Q3_useful_margin;True;c1;True;0;0;0;0.333333;0.0004;;0;0;8
baseline_measure_overlap;stress_exploratory_then_useful;stress;1;Q1_noise_region;False;;True;1;0;1;0.0;0.0136;;0;0;8
baseline_measure_overlap;stress_exploratory_then_useful;stress;2;Q2_noise_margin_all;False;;True;1;0;1;0.0;0.0052;;0;0;8
baseline_measure_overlap;stress_exploratory_then_useful;stress;3;Q3_useful_margin;True;c1;True;0;0;0;0.333333;0.0044;;0;0;8
ablation_no_sat;stress_exploratory_then_useful;stress;1;Q1_noise_region;False;;False;0;0;0;0.0;0.2335;False;0;0;8
ablation_no_sat;stress_exploratory_then_useful;stress;2;Q2_noise_margin_all;False;;False;0;0;0;0.0;0.168;False;0;0;8
ablation_no_sat;stress_exploratory_then_useful;stress;3;Q3_useful_margin;True;c1;True;0;0;0;0.333333;0.2531;True;1;1;8
ablation_no_real;stress_exploratory_then_useful;stress;1;Q1_noise_region;False;;False;0;0;0;0.0;0.2109;False;0;0;8
ablation_no_real;stress_exploratory_then_useful;stress;2;Q2_noise_margin_all;False;;False;0;0;0;0.0;0.1469;False;0;0;8
ablation_no_real;stress_exploratory_then_useful;stress;3;Q3_useful_margin;True;c1;True;0;0;0;0.333333;0.2538;True;1;1;8
ablation_ceval_any_intersection;stress_exploratory_then_useful;stress;1;Q1_noise_region;False;;False;0;0;0;0.0;0.3352;False;0;0;8
ablation_ceval_any_intersection;stress_exploratory_then_useful;stress;2;Q2_noise_margin_all;False;;False;0;0;0;0.0;0.2452;False;0;0;8
ablation_ceval_any_intersection;stress_exploratory_then_useful;stress;3;Q3_useful_margin;True;c1;True;0;0;0;0.333333;0.4367;True;1;1;8
baseline_random_matched;stress_exploratory_then_useful;stress;1;Q1_noise_region;False;;True;1;0;1;0.0;0.0031;;0;0;8
baseline_random_matched;stress_exploratory_then_useful;stress;2;Q2_noise_margin_all;False;;True;1;0;1;0.0;0.0006;;0;0;8
baseline_random_matched;stress_exploratory_then_useful;stress;3;Q3_useful_margin;True;c1;False;0;1;0;0.0;0.0005;;0;0;8
mcad;happy_guided_article_short;happy;1;Q1_margin_month;True;c1;True;0;0;0;0.333333;0.2859;True;1;1;9
mcad;happy_guided_article_short;happy;2;Q2_stockout_store;True;c2;True;0;0;0;0.666667;0.2406;True;1;1;9
mcad;happy_guided_article_short;happy;3;Q3_sales_growth;True;c3;True;0;0;0;1.0;0.3277;True;2;1;9
baseline_naive;happy_guided_article_short;happy;1;Q1_margin_month;True;c1;True;0;0;0;0.333333;0.0009;;0;0;9
baseline_naive;happy_guided_article_short;happy;2;Q2_stockout_store;True;c2;True;0;0;0;0.666667;0.0005;;0;0;9
baseline_naive;happy_guided_article_short;happy;3;Q3_sales_growth;True;c3;True;0;0;0;1.0;0.0003;;0;0;9
baseline_measure_overlap;happy_guided_article_short;happy;1;Q1_margin_month;True;c1;True;0;0;0;0.333333;0.0127;;0;0;9
baseline_measure_overlap;happy_guided_article_short;happy;2;Q2_stockout_store;True;c2;True;0;0;0;0.666667;0.0053;;0;0;9
baseline_measure_overlap;happy_guided_article_short;happy;3;Q3_sales_growth;True;c3;True;0;0;0;1.0;0.0043;;0;0;9
ablation_no_sat;happy_guided_article_short;happy;1;Q1_margin_month;True;c1;True;0;0;0;0.333333;0.2731;True;1;1;9
ablation_no_sat;happy_guided_article_short;happy;2;Q2_stockout_store;True;c2;True;0;0;0;0.666667;0.2428;True;1;1;9
ablation_no_sat;happy_guided_article_short;happy;3;Q3_sales_growth;True;c3;True;0;0;0;1.0;0.328;True;2;1;9
ablation_no_real;happy_guided_article_short;happy;1;Q1_margin_month;True;c1;True;0;0;0;0.333333;0.2944;True;1;1;9
ablation_no_real;happy_guided_article_short;happy;2;Q2_stockout_store;True;c2;True;0;0;0;0.666667;0.2506;True;1;1;9
ablation_no_real;happy_guided_article_short;happy;3;Q3_sales_growth;True;c3;True;0;0;0;1.0;0.3345;True;2;1;9
ablation_ceval_any_intersection;happy_guided_article_short;happy;1;Q1_margin_month;True;c1;True;0;0;0;0.333333;0.2745;True;1;1;9
ablation_ceval_any_intersection;happy_guided_article_short;happy;2;Q2_stockout_store;True;c2;True;0;0;0;0.666667;0.2507;True;1;1;9
ablation_ceval_any_intersection;happy_guided_article_short;happy;3;Q3_sales_growth;True;c3;True;0;0;0;1.0;0.3261;True;2;1;9
baseline_random_matched;happy_guided_article_short;happy;1;Q1_margin_month;True;c1;True;0;0;0;0.333333;0.0038;;0;0;9
baseline_random_matched;happy_guided_article_short;happy;2;Q2_stockout_store;True;c2;True;0;0;0;0.666667;0.0007;;0;0;9
baseline_random_matched;happy_guided_article_short;happy;3;Q3_sales_growth;True;c3;True;0;0;0;1.0;0.0005;;0;0;9
mcad;happy_guided_reordered;happy;1;Q1_sales_growth;True;c3;True;0;0;0;0.333333;0.3772;True;2;1;9
mcad;happy_guided_reordered;happy;2;Q2_margin_month;True;c1;True;0;0;0;0.666667;0.2461;True;1;1;9
mcad;happy_guided_reordered;happy;3;Q3_stockout_store;True;c2;True;0;0;0;1.0;0.2377;True;1;1;9
baseline_naive;happy_guided_reordered;happy;1;Q1_sales_growth;True;c3;True;0;0;0;0.333333;0.001;;0;0;9
baseline_naive;happy_guided_reordered;happy;2;Q2_margin_month;True;c1;True;0;0;0;0.666667;0.0005;;0;0;9
baseline_naive;happy_guided_reordered;happy;3;Q3_stockout_store;True;c2;True;0;0;0;1.0;0.0003;;0;0;9
baseline_measure_overlap;happy_guided_reordered;happy;1;Q1_sales_growth;True;c3;True;0;0;0;0.333333;0.0134;;0;0;9
baseline_measure_overlap;happy_guided_reordered;happy;2;Q2_margin_month;True;c1;True;0;0;0;0.666667;0.0049;;0;0;9
baseline_measure_overlap;happy_guided_reordered;happy;3;Q3_stockout_store;True;c2;True;0;0;0;1.0;0.0045;;0;0;9
ablation_no_sat;happy_guided_reordered;happy;1;Q1_sales_growth;True;c3;True;0;0;0;0.333333;0.363;True;2;1;9
ablation_no_sat;happy_guided_reordered;happy;2;Q2_margin_month;True;c1;True;0;0;0;0.666667;0.3022;True;1;1;9
ablation_no_sat;happy_guided_reordered;happy;3;Q3_stockout_store;True;c2;True;0;0;0;1.0;0.2503;True;1;1;9
ablation_no_real;happy_guided_reordered;happy;1;Q1_sales_growth;True;c3;True;0;0;0;0.333333;0.3802;True;2;1;9
ablation_no_real;happy_guided_reordered;happy;2;Q2_margin_month;True;c1;True;0;0;0;0.666667;0.252;True;1;1;9
ablation_no_real;happy_guided_reordered;happy;3;Q3_stockout_store;True;c2;True;0;0;0;1.0;0.2377;True;1;1;9
ablation_ceval_any_intersection;happy_guided_reordered;happy;1;Q1_sales_growth;True;c3;True;0;0;0;0.333333;0.6744;True;2;1;9
ablation_ceval_any_intersection;happy_guided_reordered;happy;2;Q2_margin_month;True;c1;True;0;0;0;0.666667;0.4658;True;1;1;9
ablation_ceval_any_intersection;happy_guided_reordered;happy;3;Q3_stockout_store;True;c2;True;0;0;0;1.0;0.474;True;1;1;9
baseline_random_matched;happy_guided_reordered;happy;1;Q1_sales_growth;True;c3;True;0;0;0;0.333333;0.0029;;0;0;9
baseline_random_matched;happy_guided_reordered;happy;2;Q2_margin_month;True;c1;True;0;0;0;0.666667;0.0006;;0;0;9
baseline_random_matched;happy_guided_reordered;happy;3;Q3_stockout_store;True;c2;False;0;1;0;0.666667;0.0004;;0;0;9
mcad;happy_guided_compact;happy;1;Q1_margin_month;True;c1;True;0;0;0;0.333333;0.2786;True;1;1;9
mcad;happy_guided_compact;happy;2;Q2_sales_growth;True;c3;True;0;0;0;0.666667;0.3348;True;2;1;9
mcad;happy_guided_compact;happy;3;Q3_stockout_store;True;c2;True;0;0;0;1.0;0.2909;True;1;1;9
baseline_naive;happy_guided_compact;happy;1;Q1_margin_month;True;c1;True;0;0;0;0.333333;0.0009;;0;0;9
baseline_naive;happy_guided_compact;happy;2;Q2_sales_growth;True;c3;True;0;0;0;0.666667;0.0004;;0;0;9
baseline_naive;happy_guided_compact;happy;3;Q3_stockout_store;True;c2;True;0;0;0;1.0;0.0004;;0;0;9
baseline_measure_overlap;happy_guided_compact;happy;1;Q1_margin_month;True;c1;True;0;0;0;0.333333;0.0197;;0;0;9
baseline_measure_overlap;happy_guided_compact;happy;2;Q2_sales_growth;True;c3;True;0;0;0;0.666667;0.0086;;0;0;9
baseline_measure_overlap;happy_guided_compact;happy;3;Q3_stockout_store;True;c2;True;0;0;0;1.0;0.0079;;0;0;9
ablation_no_sat;happy_guided_compact;happy;1;Q1_margin_month;True;c1;True;0;0;0;0.333333;0.2996;True;1;1;9
ablation_no_sat;happy_guided_compact;happy;2;Q2_sales_growth;True;c3;True;0;0;0;0.666667;0.3333;True;2;1;9
ablation_no_sat;happy_guided_compact;happy;3;Q3_stockout_store;True;c2;True;0;0;0;1.0;0.2498;True;1;1;9
ablation_no_real;happy_guided_compact;happy;1;Q1_margin_month;True;c1;True;0;0;0;0.333333;0.2895;True;1;1;9
ablation_no_real;happy_guided_compact;happy;2;Q2_sales_growth;True;c3;True;0;0;0;0.666667;0.341;True;2;1;9
ablation_no_real;happy_guided_compact;happy;3;Q3_stockout_store;True;c2;True;0;0;0;1.0;0.2453;True;1;1;9
ablation_ceval_any_intersection;happy_guided_compact;happy;1;Q1_margin_month;True;c1;True;0;0;0;0.333333;0.4957;True;1;1;9
ablation_ceval_any_intersection;happy_guided_compact;happy;2;Q2_sales_growth;True;c3;True;0;0;0;0.666667;0.6615;True;2;1;9
ablation_ceval_any_intersection;happy_guided_compact;happy;3;Q3_stockout_store;True;c2;True;0;0;0;1.0;0.4961;True;1;1;9
baseline_random_matched;happy_guided_compact;happy;1;Q1_margin_month;True;c1;False;0;1;0;0.0;0.003;;0;0;9
baseline_random_matched;happy_guided_compact;happy;2;Q2_sales_growth;True;c3;False;0;1;0;0.0;0.0006;;0;0;9
baseline_random_matched;happy_guided_compact;happy;3;Q3_stockout_store;True;c2;False;0;1;0;0.0;0.0004;;0;0;9
mcad;border_growth_partial_1998_only;border;1;Q1_sales_1998_only;False;;False;0;0;0;0.0;0.338;True;1;0;9
baseline_naive;border_growth_partial_1998_only;border;1;Q1_sales_1998_only;False;;True;1;0;1;0.0;0.0009;;0;0;9
baseline_measure_overlap;border_growth_partial_1998_only;border;1;Q1_sales_1998_only;False;;True;1;0;1;0.0;0.0134;;0;0;9
ablation_no_sat;border_growth_partial_1998_only;border;1;Q1_sales_1998_only;False;;False;0;0;0;0.0;0.3361;True;1;0;9
ablation_no_real;border_growth_partial_1998_only;border;1;Q1_sales_1998_only;False;;True;1;0;1;0.0;0.3425;True;1;0;9
ablation_ceval_any_intersection;border_growth_partial_1998_only;border;1;Q1_sales_1998_only;False;;True;1;0;1;0.0;0.4265;True;1;1;9
baseline_random_matched;border_growth_partial_1998_only;border;1;Q1_sales_1998_only;False;;False;0;0;0;0.0;0.0029;;0;0;9
mcad;border_margin_wrong_grain;border;1;Q1_margin_quarter_only;False;;False;0;0;0;0.0;0.3172;False;0;0;9
baseline_naive;border_margin_wrong_grain;border;1;Q1_margin_quarter_only;False;;True;1;0;1;0.0;0.0019;;0;0;9
baseline_measure_overlap;border_margin_wrong_grain;border;1;Q1_margin_quarter_only;False;;True;1;0;1;0.0;0.0154;;0;0;9
ablation_no_sat;border_margin_wrong_grain;border;1;Q1_margin_quarter_only;False;;False;0;0;0;0.0;0.4817;False;0;0;9
ablation_no_real;border_margin_wrong_grain;border;1;Q1_margin_quarter_only;False;;False;0;0;0;0.0;0.2104;False;0;0;9
ablation_ceval_any_intersection;border_margin_wrong_grain;border;1;Q1_margin_quarter_only;False;;False;0;0;0;0.0;0.211;False;0;0;9
baseline_random_matched;border_margin_wrong_grain;border;1;Q1_margin_quarter_only;False;;True;1;0;1;0.0;0.0031;;0;0;9
mcad;border_stockout_missing_store;border;1;Q1_stockout_category_only;False;;False;0;0;0;0.0;0.1944;False;0;0;9
baseline_naive;border_stockout_missing_store;border;1;Q1_stockout_category_only;False;;True;1;0;1;0.0;0.0009;;0;0;9
baseline_measure_overlap;border_stockout_missing_store;border;1;Q1_stockout_category_only;False;;True;1;0;1;0.0;0.0134;;0;0;9
ablation_no_sat;border_stockout_missing_store;border;1;Q1_stockout_category_only;False;;False;0;0;0;0.0;0.2924;False;0;0;9
ablation_no_real;border_stockout_missing_store;border;1;Q1_stockout_category_only;False;;False;0;0;0;0.0;0.3678;False;0;0;9
ablation_ceval_any_intersection;border_stockout_missing_store;border;1;Q1_stockout_category_only;False;;False;0;0;0;0.0;0.1942;False;0;0;9
baseline_random_matched;border_stockout_missing_store;border;1;Q1_stockout_category_only;False;;True;1;0;1;0.0;0.0027;;0;0;9
mcad;adversarial_wrong_region;adversarial;1;Q1_margin_south;False;;False;0;0;0;0.0;0.1688;False;0;0;9
baseline_naive;adversarial_wrong_region;adversarial;1;Q1_margin_south;False;;True;1;0;1;0.0;0.0009;;0;0;9
baseline_measure_overlap;adversarial_wrong_region;adversarial;1;Q1_margin_south;False;;True;1;0;1;0.0;0.0127;;0;0;9
ablation_no_sat;adversarial_wrong_region;adversarial;1;Q1_margin_south;False;;False;0;0;0;0.0;0.2072;False;0;0;9
ablation_no_real;adversarial_wrong_region;adversarial;1;Q1_margin_south;False;;False;0;0;0;0.0;0.2094;False;0;0;9
ablation_ceval_any_intersection;adversarial_wrong_region;adversarial;1;Q1_margin_south;False;;False;0;0;0;0.0;0.1754;False;0;0;9
baseline_random_matched;adversarial_wrong_region;adversarial;1;Q1_margin_south;False;;True;1;0;1;0.0;0.0028;;0;0;9
mcad;adversarial_wrong_year;adversarial;1;Q1_stockout_1997;False;;False;0;0;0;0.0;0.1645;False;0;0;9
baseline_naive;adversarial_wrong_year;adversarial;1;Q1_stockout_1997;False;;True;1;0;1;0.0;0.001;;0;0;9
baseline_measure_overlap;adversarial_wrong_year;adversarial;1;Q1_stockout_1997;False;;True;1;0;1;0.0;0.0132;;0;0;9
ablation_no_sat;adversarial_wrong_year;adversarial;1;Q1_stockout_1997;False;;False;0;0;0;0.0;0.347;False;0;0;9
ablation_no_real;adversarial_wrong_year;adversarial;1;Q1_stockout_1997;False;;False;0;0;0;0.0;0.1696;False;0;0;9
ablation_ceval_any_intersection;adversarial_wrong_year;adversarial;1;Q1_stockout_1997;False;;False;0;0;0;0.0;0.1627;False;0;0;9
baseline_random_matched;adversarial_wrong_year;adversarial;1;Q1_stockout_1997;False;;False;0;0;0;0.0;0.0029;;0;0;9
mcad;adversarial_invalid_no_measures;adversarial;1;Q1_invalid_no_measure;False;;False;0;0;0;0.0;0.0723;False;0;0;9
baseline_naive;adversarial_invalid_no_measures;adversarial;1;Q1_invalid_no_measure;False;;True;1;0;1;0.0;0.0009;;0;0;9
baseline_measure_overlap;adversarial_invalid_no_measures;adversarial;1;Q1_invalid_no_measure;False;;False;0;0;0;0.0;0.0125;;0;0;9
ablation_no_sat;adversarial_invalid_no_measures;adversarial;1;Q1_invalid_no_measure;False;;False;0;0;0;0.0;0.141;False;0;0;9
ablation_no_real;adversarial_invalid_no_measures;adversarial;1;Q1_invalid_no_measure;False;;False;0;0;0;0.0;0.081;False;0;0;9
ablation_ceval_any_intersection;adversarial_invalid_no_measures;adversarial;1;Q1_invalid_no_measure;False;;False;0;0;0;0.0;0.0715;False;0;0;9
baseline_random_matched;adversarial_invalid_no_measures;adversarial;1;Q1_invalid_no_measure;False;;True;1;0;1;0.0;0.003;;0;0;9
mcad;stress_exploratory_then_useful;stress;1;Q1_noise_region;False;;False;0;0;0;0.0;0.1953;False;0;0;9
mcad;stress_exploratory_then_useful;stress;2;Q2_noise_margin_all;False;;False;0;0;0;0.0;0.1418;False;0;0;9
mcad;stress_exploratory_then_useful;stress;3;Q3_useful_margin;True;c1;True;0;0;0;0.333333;0.2489;True;1;1;9
baseline_naive;stress_exploratory_then_useful;stress;1;Q1_noise_region;False;;True;1;0;1;0.0;0.001;;0;0;9
baseline_naive;stress_exploratory_then_useful;stress;2;Q2_noise_margin_all;False;;True;1;0;1;0.0;0.0005;;0;0;9
baseline_naive;stress_exploratory_then_useful;stress;3;Q3_useful_margin;True;c1;True;0;0;0;0.333333;0.0003;;0;0;9
baseline_measure_overlap;stress_exploratory_then_useful;stress;1;Q1_noise_region;False;;True;1;0;1;0.0;0.0136;;0;0;9
baseline_measure_overlap;stress_exploratory_then_useful;stress;2;Q2_noise_margin_all;False;;True;1;0;1;0.0;0.0054;;0;0;9
baseline_measure_overlap;stress_exploratory_then_useful;stress;3;Q3_useful_margin;True;c1;True;0;0;0;0.333333;0.0044;;0;0;9
ablation_no_sat;stress_exploratory_then_useful;stress;1;Q1_noise_region;False;;False;0;0;0;0.0;0.2702;False;0;0;9
ablation_no_sat;stress_exploratory_then_useful;stress;2;Q2_noise_margin_all;False;;False;0;0;0;0.0;0.1753;False;0;0;9
ablation_no_sat;stress_exploratory_then_useful;stress;3;Q3_useful_margin;True;c1;True;0;0;0;0.333333;0.2503;True;1;1;9
ablation_no_real;stress_exploratory_then_useful;stress;1;Q1_noise_region;False;;False;0;0;0;0.0;0.206;False;0;0;9
ablation_no_real;stress_exploratory_then_useful;stress;2;Q2_noise_margin_all;False;;False;0;0;0;0.0;0.148;False;0;0;9
ablation_no_real;stress_exploratory_then_useful;stress;3;Q3_useful_margin;True;c1;True;0;0;0;0.333333;0.2533;True;1;1;9
ablation_ceval_any_intersection;stress_exploratory_then_useful;stress;1;Q1_noise_region;False;;False;0;0;0;0.0;0.1967;False;0;0;9
ablation_ceval_any_intersection;stress_exploratory_then_useful;stress;2;Q2_noise_margin_all;False;;False;0;0;0;0.0;0.1425;False;0;0;9
ablation_ceval_any_intersection;stress_exploratory_then_useful;stress;3;Q3_useful_margin;True;c1;True;0;0;0;0.333333;0.2572;True;1;1;9
baseline_random_matched;stress_exploratory_then_useful;stress;1;Q1_noise_region;False;;True;1;0;1;0.0;0.0026;;0;0;9
baseline_random_matched;stress_exploratory_then_useful;stress;2;Q2_noise_margin_all;False;;False;0;0;0;0.0;0.0008;;0;0;9
baseline_random_matched;stress_exploratory_then_useful;stress;3;Q3_useful_margin;True;c1;True;0;0;0;0.333333;0.0005;;0;0;9
mcad;happy_guided_article_short;happy;1;Q1_margin_month;True;c1;True;0;0;0;0.333333;0.3058;True;1;1;10
mcad;happy_guided_article_short;happy;2;Q2_stockout_store;True;c2;True;0;0;0;0.666667;0.2441;True;1;1;10
mcad;happy_guided_article_short;happy;3;Q3_sales_growth;True;c3;True;0;0;0;1.0;0.3313;True;2;1;10
baseline_naive;happy_guided_article_short;happy;1;Q1_margin_month;True;c1;True;0;0;0;0.333333;0.001;;0;0;10
baseline_naive;happy_guided_article_short;happy;2;Q2_stockout_store;True;c2;True;0;0;0;0.666667;0.0005;;0;0;10
baseline_naive;happy_guided_article_short;happy;3;Q3_sales_growth;True;c3;True;0;0;0;1.0;0.0004;;0;0;10
baseline_measure_overlap;happy_guided_article_short;happy;1;Q1_margin_month;True;c1;True;0;0;0;0.333333;0.0132;;0;0;10
baseline_measure_overlap;happy_guided_article_short;happy;2;Q2_stockout_store;True;c2;True;0;0;0;0.666667;0.0061;;0;0;10
baseline_measure_overlap;happy_guided_article_short;happy;3;Q3_sales_growth;True;c3;True;0;0;0;1.0;0.0049;;0;0;10
ablation_no_sat;happy_guided_article_short;happy;1;Q1_margin_month;True;c1;True;0;0;0;0.333333;0.2771;True;1;1;10
ablation_no_sat;happy_guided_article_short;happy;2;Q2_stockout_store;True;c2;True;0;0;0;0.666667;0.2555;True;1;1;10
ablation_no_sat;happy_guided_article_short;happy;3;Q3_sales_growth;True;c3;True;0;0;0;1.0;0.3333;True;2;1;10
ablation_no_real;happy_guided_article_short;happy;1;Q1_margin_month;True;c1;True;0;0;0;0.333333;0.5288;True;1;1;10
ablation_no_real;happy_guided_article_short;happy;2;Q2_stockout_store;True;c2;True;0;0;0;0.666667;0.4904;True;1;1;10
ablation_no_real;happy_guided_article_short;happy;3;Q3_sales_growth;True;c3;True;0;0;0;1.0;0.6564;True;2;1;10
ablation_ceval_any_intersection;happy_guided_article_short;happy;1;Q1_margin_month;True;c1;True;0;0;0;0.333333;0.3397;True;1;1;10
ablation_ceval_any_intersection;happy_guided_article_short;happy;2;Q2_stockout_store;True;c2;True;0;0;0;0.666667;0.2644;True;1;1;10
ablation_ceval_any_intersection;happy_guided_article_short;happy;3;Q3_sales_growth;True;c3;True;0;0;0;1.0;0.3284;True;2;1;10
baseline_random_matched;happy_guided_article_short;happy;1;Q1_margin_month;True;c1;True;0;0;0;0.333333;0.0028;;0;0;10
baseline_random_matched;happy_guided_article_short;happy;2;Q2_stockout_store;True;c2;True;0;0;0;0.666667;0.0006;;0;0;10
baseline_random_matched;happy_guided_article_short;happy;3;Q3_sales_growth;True;c3;True;0;0;0;1.0;0.0005;;0;0;10
mcad;happy_guided_reordered;happy;1;Q1_sales_growth;True;c3;True;0;0;0;0.333333;0.3637;True;2;1;10
mcad;happy_guided_reordered;happy;2;Q2_margin_month;True;c1;True;0;0;0;0.666667;0.2565;True;1;1;10
mcad;happy_guided_reordered;happy;3;Q3_stockout_store;True;c2;True;0;0;0;1.0;0.2329;True;1;1;10
baseline_naive;happy_guided_reordered;happy;1;Q1_sales_growth;True;c3;True;0;0;0;0.333333;0.0009;;0;0;10
baseline_naive;happy_guided_reordered;happy;2;Q2_margin_month;True;c1;True;0;0;0;0.666667;0.0004;;0;0;10
baseline_naive;happy_guided_reordered;happy;3;Q3_stockout_store;True;c2;True;0;0;0;1.0;0.0004;;0;0;10
baseline_measure_overlap;happy_guided_reordered;happy;1;Q1_sales_growth;True;c3;True;0;0;0;0.333333;0.0131;;0;0;10
baseline_measure_overlap;happy_guided_reordered;happy;2;Q2_margin_month;True;c1;True;0;0;0;0.666667;0.0052;;0;0;10
baseline_measure_overlap;happy_guided_reordered;happy;3;Q3_stockout_store;True;c2;True;0;0;0;1.0;0.0042;;0;0;10
ablation_no_sat;happy_guided_reordered;happy;1;Q1_sales_growth;True;c3;True;0;0;0;0.333333;0.3623;True;2;1;10
ablation_no_sat;happy_guided_reordered;happy;2;Q2_margin_month;True;c1;True;0;0;0;0.666667;0.256;True;1;1;10
ablation_no_sat;happy_guided_reordered;happy;3;Q3_stockout_store;True;c2;True;0;0;0;1.0;0.2395;True;1;1;10
ablation_no_real;happy_guided_reordered;happy;1;Q1_sales_growth;True;c3;True;0;0;0;0.333333;0.6994;True;2;1;10
ablation_no_real;happy_guided_reordered;happy;2;Q2_margin_month;True;c1;True;0;0;0;0.666667;0.4857;True;1;1;10
ablation_no_real;happy_guided_reordered;happy;3;Q3_stockout_store;True;c2;True;0;0;0;1.0;0.4919;True;1;1;10
ablation_ceval_any_intersection;happy_guided_reordered;happy;1;Q1_sales_growth;True;c3;True;0;0;0;0.333333;0.3709;True;2;1;10
ablation_ceval_any_intersection;happy_guided_reordered;happy;2;Q2_margin_month;True;c1;True;0;0;0;0.666667;0.2457;True;1;1;10
ablation_ceval_any_intersection;happy_guided_reordered;happy;3;Q3_stockout_store;True;c2;True;0;0;0;1.0;0.2346;True;1;1;10
baseline_random_matched;happy_guided_reordered;happy;1;Q1_sales_growth;True;c3;True;0;0;0;0.333333;0.0026;;0;0;10
baseline_random_matched;happy_guided_reordered;happy;2;Q2_margin_month;True;c1;True;0;0;0;0.666667;0.0007;;0;0;10
baseline_random_matched;happy_guided_reordered;happy;3;Q3_stockout_store;True;c2;True;0;0;0;1.0;0.0005;;0;0;10
mcad;happy_guided_compact;happy;1;Q1_margin_month;True;c1;True;0;0;0;0.333333;0.2735;True;1;1;10
mcad;happy_guided_compact;happy;2;Q2_sales_growth;True;c3;True;0;0;0;0.666667;0.3423;True;2;1;10
mcad;happy_guided_compact;happy;3;Q3_stockout_store;True;c2;True;0;0;0;1.0;0.2441;True;1;1;10
baseline_naive;happy_guided_compact;happy;1;Q1_margin_month;True;c1;True;0;0;0;0.333333;0.001;;0;0;10
baseline_naive;happy_guided_compact;happy;2;Q2_sales_growth;True;c3;True;0;0;0;0.666667;0.0005;;0;0;10
baseline_naive;happy_guided_compact;happy;3;Q3_stockout_store;True;c2;True;0;0;0;1.0;0.0003;;0;0;10
baseline_measure_overlap;happy_guided_compact;happy;1;Q1_margin_month;True;c1;True;0;0;0;0.333333;0.0133;;0;0;10
baseline_measure_overlap;happy_guided_compact;happy;2;Q2_sales_growth;True;c3;True;0;0;0;0.666667;0.0051;;0;0;10
baseline_measure_overlap;happy_guided_compact;happy;3;Q3_stockout_store;True;c2;True;0;0;0;1.0;0.0044;;0;0;10
ablation_no_sat;happy_guided_compact;happy;1;Q1_margin_month;True;c1;True;0;0;0;0.333333;0.2791;True;1;1;10
ablation_no_sat;happy_guided_compact;happy;2;Q2_sales_growth;True;c3;True;0;0;0;0.666667;0.3329;True;2;1;10
ablation_no_sat;happy_guided_compact;happy;3;Q3_stockout_store;True;c2;True;0;0;0;1.0;0.2416;True;1;1;10
ablation_no_real;happy_guided_compact;happy;1;Q1_margin_month;True;c1;True;0;0;0;0.333333;0.5368;True;1;1;10
ablation_no_real;happy_guided_compact;happy;2;Q2_sales_growth;True;c3;True;0;0;0;0.666667;0.6528;True;2;1;10
ablation_no_real;happy_guided_compact;happy;3;Q3_stockout_store;True;c2;True;0;0;0;1.0;0.4948;True;1;1;10
ablation_ceval_any_intersection;happy_guided_compact;happy;1;Q1_margin_month;True;c1;True;0;0;0;0.333333;0.272;True;1;1;10
ablation_ceval_any_intersection;happy_guided_compact;happy;2;Q2_sales_growth;True;c3;True;0;0;0;0.666667;0.338;True;2;1;10
ablation_ceval_any_intersection;happy_guided_compact;happy;3;Q3_stockout_store;True;c2;True;0;0;0;1.0;0.2378;True;1;1;10
baseline_random_matched;happy_guided_compact;happy;1;Q1_margin_month;True;c1;True;0;0;0;0.333333;0.003;;0;0;10
baseline_random_matched;happy_guided_compact;happy;2;Q2_sales_growth;True;c3;True;0;0;0;0.666667;0.0006;;0;0;10
baseline_random_matched;happy_guided_compact;happy;3;Q3_stockout_store;True;c2;False;0;1;0;0.666667;0.0005;;0;0;10
mcad;border_growth_partial_1998_only;border;1;Q1_sales_1998_only;False;;False;0;0;0;0.0;0.3298;True;1;0;10
baseline_naive;border_growth_partial_1998_only;border;1;Q1_sales_1998_only;False;;True;1;0;1;0.0;0.0014;;0;0;10
baseline_measure_overlap;border_growth_partial_1998_only;border;1;Q1_sales_1998_only;False;;True;1;0;1;0.0;0.013;;0;0;10
ablation_no_sat;border_growth_partial_1998_only;border;1;Q1_sales_1998_only;False;;False;0;0;0;0.0;0.328;True;1;0;10
ablation_no_real;border_growth_partial_1998_only;border;1;Q1_sales_1998_only;False;;True;1;0;1;0.0;0.6741;True;1;0;10
ablation_ceval_any_intersection;border_growth_partial_1998_only;border;1;Q1_sales_1998_only;False;;True;1;0;1;0.0;0.3373;True;1;1;10
baseline_random_matched;border_growth_partial_1998_only;border;1;Q1_sales_1998_only;False;;True;1;0;1;0.0;0.0035;;0;0;10
mcad;border_margin_wrong_grain;border;1;Q1_margin_quarter_only;False;;False;0;0;0;0.0;0.1935;False;0;0;10
baseline_naive;border_margin_wrong_grain;border;1;Q1_margin_quarter_only;False;;True;1;0;1;0.0;0.0014;;0;0;10
baseline_measure_overlap;border_margin_wrong_grain;border;1;Q1_margin_quarter_only;False;;True;1;0;1;0.0;0.0149;;0;0;10
ablation_no_sat;border_margin_wrong_grain;border;1;Q1_margin_quarter_only;False;;False;0;0;0;0.0;0.2646;False;0;0;10
ablation_no_real;border_margin_wrong_grain;border;1;Q1_margin_quarter_only;False;;False;0;0;0;0.0;0.3578;False;0;0;10
ablation_ceval_any_intersection;border_margin_wrong_grain;border;1;Q1_margin_quarter_only;False;;False;0;0;0;0.0;0.2138;False;0;0;10
baseline_random_matched;border_margin_wrong_grain;border;1;Q1_margin_quarter_only;False;;True;1;0;1;0.0;0.0034;;0;0;10
mcad;border_stockout_missing_store;border;1;Q1_stockout_category_only;False;;False;0;0;0;0.0;0.2065;False;0;0;10
baseline_naive;border_stockout_missing_store;border;1;Q1_stockout_category_only;False;;True;1;0;1;0.0;0.001;;0;0;10
baseline_measure_overlap;border_stockout_missing_store;border;1;Q1_stockout_category_only;False;;True;1;0;1;0.0;0.0151;;0;0;10
ablation_no_sat;border_stockout_missing_store;border;1;Q1_stockout_category_only;False;;False;0;0;0;0.0;0.2581;False;0;0;10
ablation_no_real;border_stockout_missing_store;border;1;Q1_stockout_category_only;False;;False;0;0;0;0.0;0.201;False;0;0;10
ablation_ceval_any_intersection;border_stockout_missing_store;border;1;Q1_stockout_category_only;False;;False;0;0;0;0.0;0.352;False;0;0;10
baseline_random_matched;border_stockout_missing_store;border;1;Q1_stockout_category_only;False;;True;1;0;1;0.0;0.0033;;0;0;10
mcad;adversarial_wrong_region;adversarial;1;Q1_margin_south;False;;False;0;0;0;0.0;0.1694;False;0;0;10
baseline_naive;adversarial_wrong_region;adversarial;1;Q1_margin_south;False;;True;1;0;1;0.0;0.0009;;0;0;10
baseline_measure_overlap;adversarial_wrong_region;adversarial;1;Q1_margin_south;False;;True;1;0;1;0.0;0.0132;;0;0;10
ablation_no_sat;adversarial_wrong_region;adversarial;1;Q1_margin_south;False;;False;0;0;0;0.0;0.2065;False;0;0;10
ablation_no_real;adversarial_wrong_region;adversarial;1;Q1_margin_south;False;;False;0;0;0;0.0;0.1766;False;0;0;10
ablation_ceval_any_intersection;adversarial_wrong_region;adversarial;1;Q1_margin_south;False;;False;0;0;0;0.0;0.2507;False;0;0;10
baseline_random_matched;adversarial_wrong_region;adversarial;1;Q1_margin_south;False;;False;0;0;0;0.0;0.0037;;0;0;10
mcad;adversarial_wrong_year;adversarial;1;Q1_stockout_1997;False;;False;0;0;0;0.0;0.174;False;0;0;10
baseline_naive;adversarial_wrong_year;adversarial;1;Q1_stockout_1997;False;;True;1;0;1;0.0;0.0009;;0;0;10
baseline_measure_overlap;adversarial_wrong_year;adversarial;1;Q1_stockout_1997;False;;True;1;0;1;0.0;0.0148;;0;0;10
ablation_no_sat;adversarial_wrong_year;adversarial;1;Q1_stockout_1997;False;;False;0;0;0;0.0;0.195;False;0;0;10
ablation_no_real;adversarial_wrong_year;adversarial;1;Q1_stockout_1997;False;;False;0;0;0;0.0;0.1729;False;0;0;10
ablation_ceval_any_intersection;adversarial_wrong_year;adversarial;1;Q1_stockout_1997;False;;False;0;0;0;0.0;0.1614;False;0;0;10
baseline_random_matched;adversarial_wrong_year;adversarial;1;Q1_stockout_1997;False;;True;1;0;1;0.0;0.0047;;0;0;10
mcad;adversarial_invalid_no_measures;adversarial;1;Q1_invalid_no_measure;False;;False;0;0;0;0.0;0.074;False;0;0;10
baseline_naive;adversarial_invalid_no_measures;adversarial;1;Q1_invalid_no_measure;False;;True;1;0;1;0.0;0.0009;;0;0;10
baseline_measure_overlap;adversarial_invalid_no_measures;adversarial;1;Q1_invalid_no_measure;False;;False;0;0;0;0.0;0.0132;;0;0;10
ablation_no_sat;adversarial_invalid_no_measures;adversarial;1;Q1_invalid_no_measure;False;;False;0;0;0;0.0;0.0884;False;0;0;10
ablation_no_real;adversarial_invalid_no_measures;adversarial;1;Q1_invalid_no_measure;False;;False;0;0;0;0.0;0.0813;False;0;0;10
ablation_ceval_any_intersection;adversarial_invalid_no_measures;adversarial;1;Q1_invalid_no_measure;False;;False;0;0;0;0.0;0.0713;False;0;0;10
baseline_random_matched;adversarial_invalid_no_measures;adversarial;1;Q1_invalid_no_measure;False;;True;1;0;1;0.0;0.0031;;0;0;10
mcad;stress_exploratory_then_useful;stress;1;Q1_noise_region;False;;False;0;0;0;0.0;0.2282;False;0;0;10
mcad;stress_exploratory_then_useful;stress;2;Q2_noise_margin_all;False;;False;0;0;0;0.0;0.1484;False;0;0;10
mcad;stress_exploratory_then_useful;stress;3;Q3_useful_margin;True;c1;True;0;0;0;0.333333;0.2769;True;1;1;10
baseline_naive;stress_exploratory_then_useful;stress;1;Q1_noise_region;False;;True;1;0;1;0.0;0.0009;;0;0;10
baseline_naive;stress_exploratory_then_useful;stress;2;Q2_noise_margin_all;False;;True;1;0;1;0.0;0.0005;;0;0;10
baseline_naive;stress_exploratory_then_useful;stress;3;Q3_useful_margin;True;c1;True;0;0;0;0.333333;0.0003;;0;0;10
baseline_measure_overlap;stress_exploratory_then_useful;stress;1;Q1_noise_region;False;;True;1;0;1;0.0;0.0171;;0;0;10
baseline_measure_overlap;stress_exploratory_then_useful;stress;2;Q2_noise_margin_all;False;;True;1;0;1;0.0;0.0083;;0;0;10
baseline_measure_overlap;stress_exploratory_then_useful;stress;3;Q3_useful_margin;True;c1;True;0;0;0;0.333333;0.0069;;0;0;10
ablation_no_sat;stress_exploratory_then_useful;stress;1;Q1_noise_region;False;;False;0;0;0;0.0;0.2371;False;0;0;10
ablation_no_sat;stress_exploratory_then_useful;stress;2;Q2_noise_margin_all;False;;False;0;0;0;0.0;0.1722;False;0;0;10
ablation_no_sat;stress_exploratory_then_useful;stress;3;Q3_useful_margin;True;c1;True;0;0;0;0.333333;0.2594;True;1;1;10
ablation_no_real;stress_exploratory_then_useful;stress;1;Q1_noise_region;False;;False;0;0;0;0.0;0.2103;False;0;0;10
ablation_no_real;stress_exploratory_then_useful;stress;2;Q2_noise_margin_all;False;;False;0;0;0;0.0;0.148;False;0;0;10
ablation_no_real;stress_exploratory_then_useful;stress;3;Q3_useful_margin;True;c1;True;0;0;0;0.333333;0.2555;True;1;1;10
ablation_ceval_any_intersection;stress_exploratory_then_useful;stress;1;Q1_noise_region;False;;False;0;0;0;0.0;0.1901;False;0;0;10
ablation_ceval_any_intersection;stress_exploratory_then_useful;stress;2;Q2_noise_margin_all;False;;False;0;0;0;0.0;0.1648;False;0;0;10
ablation_ceval_any_intersection;stress_exploratory_then_useful;stress;3;Q3_useful_margin;True;c1;True;0;0;0;0.333333;0.2643;True;1;1;10
baseline_random_matched;stress_exploratory_then_useful;stress;1;Q1_noise_region;False;;True;1;0;1;0.0;0.0027;;0;0;10
baseline_random_matched;stress_exploratory_then_useful;stress;2;Q2_noise_margin_all;False;;False;0;0;0;0.0;0.0007;;0;0;10
baseline_random_matched;stress_exploratory_then_useful;stress;3;Q3_useful_margin;True;c1;False;0;1;0;0.0;0.0005;;0;0;10
mcad;happy_guided_article_short;happy;1;Q1_margin_month;True;c1;True;0;0;0;0.333333;0.2779;True;1;1;11
mcad;happy_guided_article_short;happy;2;Q2_stockout_store;True;c2;True;0;0;0;0.666667;0.2441;True;1;1;11
mcad;happy_guided_article_short;happy;3;Q3_sales_growth;True;c3;True;0;0;0;1.0;0.3309;True;2;1;11
baseline_naive;happy_guided_article_short;happy;1;Q1_margin_month;True;c1;True;0;0;0;0.333333;0.001;;0;0;11
baseline_naive;happy_guided_article_short;happy;2;Q2_stockout_store;True;c2;True;0;0;0;0.666667;0.0005;;0;0;11
baseline_naive;happy_guided_article_short;happy;3;Q3_sales_growth;True;c3;True;0;0;0;1.0;0.0003;;0;0;11
baseline_measure_overlap;happy_guided_article_short;happy;1;Q1_margin_month;True;c1;True;0;0;0;0.333333;0.0138;;0;0;11
baseline_measure_overlap;happy_guided_article_short;happy;2;Q2_stockout_store;True;c2;True;0;0;0;0.666667;0.006;;0;0;11
baseline_measure_overlap;happy_guided_article_short;happy;3;Q3_sales_growth;True;c3;True;0;0;0;1.0;0.0045;;0;0;11
ablation_no_sat;happy_guided_article_short;happy;1;Q1_margin_month;True;c1;True;0;0;0;0.333333;0.2802;True;1;1;11
ablation_no_sat;happy_guided_article_short;happy;2;Q2_stockout_store;True;c2;True;0;0;0;0.666667;0.2433;True;1;1;11
ablation_no_sat;happy_guided_article_short;happy;3;Q3_sales_growth;True;c3;True;0;0;0;1.0;0.33;True;2;1;11
ablation_no_real;happy_guided_article_short;happy;1;Q1_margin_month;True;c1;True;0;0;0;0.333333;0.2824;True;1;1;11
ablation_no_real;happy_guided_article_short;happy;2;Q2_stockout_store;True;c2;True;0;0;0;0.666667;0.2582;True;1;1;11
ablation_no_real;happy_guided_article_short;happy;3;Q3_sales_growth;True;c3;True;0;0;0;1.0;0.3328;True;2;1;11
ablation_ceval_any_intersection;happy_guided_article_short;happy;1;Q1_margin_month;True;c1;True;0;0;0;0.333333;0.3158;True;1;1;11
ablation_ceval_any_intersection;happy_guided_article_short;happy;2;Q2_stockout_store;True;c2;True;0;0;0;0.666667;0.2486;True;1;1;11
ablation_ceval_any_intersection;happy_guided_article_short;happy;3;Q3_sales_growth;True;c3;True;0;0;0;1.0;0.3697;True;2;1;11
baseline_random_matched;happy_guided_article_short;happy;1;Q1_margin_month;True;c1;True;0;0;0;0.333333;0.0028;;0;0;11
baseline_random_matched;happy_guided_article_short;happy;2;Q2_stockout_store;True;c2;False;0;1;0;0.333333;0.0007;;0;0;11
baseline_random_matched;happy_guided_article_short;happy;3;Q3_sales_growth;True;c3;True;0;0;0;0.666667;0.0005;;0;0;11
mcad;happy_guided_reordered;happy;1;Q1_sales_growth;True;c3;True;0;0;0;0.333333;0.6661;True;2;1;11
mcad;happy_guided_reordered;happy;2;Q2_margin_month;True;c1;True;0;0;0;0.666667;0.5031;True;1;1;11
mcad;happy_guided_reordered;happy;3;Q3_stockout_store;True;c2;True;0;0;0;1.0;0.4685;True;1;1;11
baseline_naive;happy_guided_reordered;happy;1;Q1_sales_growth;True;c3;True;0;0;0;0.333333;0.001;;0;0;11
baseline_naive;happy_guided_reordered;happy;2;Q2_margin_month;True;c1;True;0;0;0;0.666667;0.0005;;0;0;11
baseline_naive;happy_guided_reordered;happy;3;Q3_stockout_store;True;c2;True;0;0;0;1.0;0.0004;;0;0;11
baseline_measure_overlap;happy_guided_reordered;happy;1;Q1_sales_growth;True;c3;True;0;0;0;0.333333;0.0131;;0;0;11
baseline_measure_overlap;happy_guided_reordered;happy;2;Q2_margin_month;True;c1;True;0;0;0;0.666667;0.0049;;0;0;11
baseline_measure_overlap;happy_guided_reordered;happy;3;Q3_stockout_store;True;c2;True;0;0;0;1.0;0.0044;;0;0;11
ablation_no_sat;happy_guided_reordered;happy;1;Q1_sales_growth;True;c3;True;0;0;0;0.333333;0.4917;True;2;1;11
ablation_no_sat;happy_guided_reordered;happy;2;Q2_margin_month;True;c1;True;0;0;0;0.666667;0.4184;True;1;1;11
ablation_no_sat;happy_guided_reordered;happy;3;Q3_stockout_store;True;c2;True;0;0;0;1.0;0.451;True;1;1;11
ablation_no_real;happy_guided_reordered;happy;1;Q1_sales_growth;True;c3;True;0;0;0;0.333333;0.376;True;2;1;11
ablation_no_real;happy_guided_reordered;happy;2;Q2_margin_month;True;c1;True;0;0;0;0.666667;0.2675;True;1;1;11
ablation_no_real;happy_guided_reordered;happy;3;Q3_stockout_store;True;c2;True;0;0;0;1.0;0.2472;True;1;1;11
ablation_ceval_any_intersection;happy_guided_reordered;happy;1;Q1_sales_growth;True;c3;True;0;0;0;0.333333;0.3614;True;2;1;11
ablation_ceval_any_intersection;happy_guided_reordered;happy;2;Q2_margin_month;True;c1;True;0;0;0;0.666667;0.2536;True;1;1;11
ablation_ceval_any_intersection;happy_guided_reordered;happy;3;Q3_stockout_store;True;c2;True;0;0;0;1.0;0.2396;True;1;1;11
baseline_random_matched;happy_guided_reordered;happy;1;Q1_sales_growth;True;c3;True;0;0;0;0.333333;0.0029;;0;0;11
baseline_random_matched;happy_guided_reordered;happy;2;Q2_margin_month;True;c1;True;0;0;0;0.666667;0.0006;;0;0;11
baseline_random_matched;happy_guided_reordered;happy;3;Q3_stockout_store;True;c2;False;0;1;0;0.666667;0.0005;;0;0;11
mcad;happy_guided_compact;happy;1;Q1_margin_month;True;c1;True;0;0;0;0.333333;0.4548;True;1;1;11
mcad;happy_guided_compact;happy;2;Q2_sales_growth;True;c3;True;0;0;0;0.666667;0.5894;True;2;1;11
mcad;happy_guided_compact;happy;3;Q3_stockout_store;True;c2;True;0;0;0;1.0;0.4785;True;1;1;11
baseline_naive;happy_guided_compact;happy;1;Q1_margin_month;True;c1;True;0;0;0;0.333333;0.0009;;0;0;11
baseline_naive;happy_guided_compact;happy;2;Q2_sales_growth;True;c3;True;0;0;0;0.666667;0.0005;;0;0;11
baseline_naive;happy_guided_compact;happy;3;Q3_stockout_store;True;c2;True;0;0;0;1.0;0.0003;;0;0;11
baseline_measure_overlap;happy_guided_compact;happy;1;Q1_margin_month;True;c1;True;0;0;0;0.333333;0.0138;;0;0;11
baseline_measure_overlap;happy_guided_compact;happy;2;Q2_sales_growth;True;c3;True;0;0;0;0.666667;0.0052;;0;0;11
baseline_measure_overlap;happy_guided_compact;happy;3;Q3_stockout_store;True;c2;True;0;0;0;1.0;0.0045;;0;0;11
ablation_no_sat;happy_guided_compact;happy;1;Q1_margin_month;True;c1;True;0;0;0;0.333333;0.2823;True;1;1;11
ablation_no_sat;happy_guided_compact;happy;2;Q2_sales_growth;True;c3;True;0;0;0;0.666667;0.3342;True;2;1;11
ablation_no_sat;happy_guided_compact;happy;3;Q3_stockout_store;True;c2;True;0;0;0;1.0;0.2497;True;1;1;11
ablation_no_real;happy_guided_compact;happy;1;Q1_margin_month;True;c1;True;0;0;0;0.333333;0.4389;True;1;1;11
ablation_no_real;happy_guided_compact;happy;2;Q2_sales_growth;True;c3;True;0;0;0;0.666667;0.6479;True;2;1;11
ablation_no_real;happy_guided_compact;happy;3;Q3_stockout_store;True;c2;True;0;0;0;1.0;0.4568;True;1;1;11
ablation_ceval_any_intersection;happy_guided_compact;happy;1;Q1_margin_month;True;c1;True;0;0;0;0.333333;0.5179;True;1;1;11
ablation_ceval_any_intersection;happy_guided_compact;happy;2;Q2_sales_growth;True;c3;True;0;0;0;0.666667;2.1508;True;2;1;11
ablation_ceval_any_intersection;happy_guided_compact;happy;3;Q3_stockout_store;True;c2;True;0;0;0;1.0;0.4977;True;1;1;11
baseline_random_matched;happy_guided_compact;happy;1;Q1_margin_month;True;c1;False;0;1;0;0.0;0.0033;;0;0;11
baseline_random_matched;happy_guided_compact;happy;2;Q2_sales_growth;True;c3;False;0;1;0;0.0;0.0007;;0;0;11
baseline_random_matched;happy_guided_compact;happy;3;Q3_stockout_store;True;c2;True;0;0;0;0.333333;0.0005;;0;0;11
mcad;border_growth_partial_1998_only;border;1;Q1_sales_1998_only;False;;False;0;0;0;0.0;0.3763;True;1;0;11
baseline_naive;border_growth_partial_1998_only;border;1;Q1_sales_1998_only;False;;True;1;0;1;0.0;0.001;;0;0;11
baseline_measure_overlap;border_growth_partial_1998_only;border;1;Q1_sales_1998_only;False;;True;1;0;1;0.0;0.0144;;0;0;11
ablation_no_sat;border_growth_partial_1998_only;border;1;Q1_sales_1998_only;False;;False;0;0;0;0.0;0.3322;True;1;0;11
ablation_no_real;border_growth_partial_1998_only;border;1;Q1_sales_1998_only;False;;True;1;0;1;0.0;0.3444;True;1;0;11
ablation_ceval_any_intersection;border_growth_partial_1998_only;border;1;Q1_sales_1998_only;False;;True;1;0;1;0.0;0.6384;True;1;1;11
baseline_random_matched;border_growth_partial_1998_only;border;1;Q1_sales_1998_only;False;;True;1;0;1;0.0;0.003;;0;0;11
mcad;border_margin_wrong_grain;border;1;Q1_margin_quarter_only;False;;False;0;0;0;0.0;0.196;False;0;0;11
baseline_naive;border_margin_wrong_grain;border;1;Q1_margin_quarter_only;False;;True;1;0;1;0.0;0.0009;;0;0;11
baseline_measure_overlap;border_margin_wrong_grain;border;1;Q1_margin_quarter_only;False;;True;1;0;1;0.0;0.0139;;0;0;11
ablation_no_sat;border_margin_wrong_grain;border;1;Q1_margin_quarter_only;False;;False;0;0;0;0.0;0.2613;False;0;0;11
ablation_no_real;border_margin_wrong_grain;border;1;Q1_margin_quarter_only;False;;False;0;0;0;0.0;0.3976;False;0;0;11
ablation_ceval_any_intersection;border_margin_wrong_grain;border;1;Q1_margin_quarter_only;False;;False;0;0;0;0.0;1.3951;False;0;0;11
baseline_random_matched;border_margin_wrong_grain;border;1;Q1_margin_quarter_only;False;;True;1;0;1;0.0;0.0034;;0;0;11
mcad;border_stockout_missing_store;border;1;Q1_stockout_category_only;False;;False;0;0;0;0.0;0.1981;False;0;0;11
baseline_naive;border_stockout_missing_store;border;1;Q1_stockout_category_only;False;;True;1;0;1;0.0;0.0009;;0;0;11
baseline_measure_overlap;border_stockout_missing_store;border;1;Q1_stockout_category_only;False;;True;1;0;1;0.0;0.0151;;0;0;11
ablation_no_sat;border_stockout_missing_store;border;1;Q1_stockout_category_only;False;;False;0;0;0;0.0;0.4808;False;0;0;11
ablation_no_real;border_stockout_missing_store;border;1;Q1_stockout_category_only;False;;False;0;0;0;0.0;0.2014;False;0;0;11
ablation_ceval_any_intersection;border_stockout_missing_store;border;1;Q1_stockout_category_only;False;;False;0;0;0;0.0;0.1929;False;0;0;11
baseline_random_matched;border_stockout_missing_store;border;1;Q1_stockout_category_only;False;;False;0;0;0;0.0;0.003;;0;0;11
mcad;adversarial_wrong_region;adversarial;1;Q1_margin_south;False;;False;0;0;0;0.0;0.1671;False;0;0;11
baseline_naive;adversarial_wrong_region;adversarial;1;Q1_margin_south;False;;True;1;0;1;0.0;0.0009;;0;0;11
baseline_measure_overlap;adversarial_wrong_region;adversarial;1;Q1_margin_south;False;;True;1;0;1;0.0;0.0141;;0;0;11
ablation_no_sat;adversarial_wrong_region;adversarial;1;Q1_margin_south;False;;False;0;0;0;0.0;0.2423;False;0;0;11
ablation_no_real;adversarial_wrong_region;adversarial;1;Q1_margin_south;False;;False;0;0;0;0.0;0.1786;False;0;0;11
ablation_ceval_any_intersection;adversarial_wrong_region;adversarial;1;Q1_margin_south;False;;False;0;0;0;0.0;0.1688;False;0;0;11
baseline_random_matched;adversarial_wrong_region;adversarial;1;Q1_margin_south;False;;True;1;0;1;0.0;0.0031;;0;0;11
mcad;adversarial_wrong_year;adversarial;1;Q1_stockout_1997;False;;False;0;0;0;0.0;0.164;False;0;0;11
baseline_naive;adversarial_wrong_year;adversarial;1;Q1_stockout_1997;False;;True;1;0;1;0.0;0.0009;;0;0;11
baseline_measure_overlap;adversarial_wrong_year;adversarial;1;Q1_stockout_1997;False;;True;1;0;1;0.0;0.0133;;0;0;11
ablation_no_sat;adversarial_wrong_year;adversarial;1;Q1_stockout_1997;False;;False;0;0;0;0.0;0.1849;False;0;0;11
ablation_no_real;adversarial_wrong_year;adversarial;1;Q1_stockout_1997;False;;False;0;0;0;0.0;0.2807;False;0;0;11
ablation_ceval_any_intersection;adversarial_wrong_year;adversarial;1;Q1_stockout_1997;False;;False;0;0;0;0.0;0.1629;False;0;0;11
baseline_random_matched;adversarial_wrong_year;adversarial;1;Q1_stockout_1997;False;;False;0;0;0;0.0;0.0026;;0;0;11
mcad;adversarial_invalid_no_measures;adversarial;1;Q1_invalid_no_measure;False;;False;0;0;0;0.0;0.071;False;0;0;11
baseline_naive;adversarial_invalid_no_measures;adversarial;1;Q1_invalid_no_measure;False;;True;1;0;1;0.0;0.0009;;0;0;11
baseline_measure_overlap;adversarial_invalid_no_measures;adversarial;1;Q1_invalid_no_measure;False;;False;0;0;0;0.0;0.015;;0;0;11
ablation_no_sat;adversarial_invalid_no_measures;adversarial;1;Q1_invalid_no_measure;False;;False;0;0;0;0.0;0.0931;False;0;0;11
ablation_no_real;adversarial_invalid_no_measures;adversarial;1;Q1_invalid_no_measure;False;;False;0;0;0;0.0;0.0858;False;0;0;11
ablation_ceval_any_intersection;adversarial_invalid_no_measures;adversarial;1;Q1_invalid_no_measure;False;;False;0;0;0;0.0;0.1302;False;0;0;11
baseline_random_matched;adversarial_invalid_no_measures;adversarial;1;Q1_invalid_no_measure;False;;True;1;0;1;0.0;0.0061;;0;0;11
mcad;stress_exploratory_then_useful;stress;1;Q1_noise_region;False;;False;0;0;0;0.0;0.3505;False;0;0;11
mcad;stress_exploratory_then_useful;stress;2;Q2_noise_margin_all;False;;False;0;0;0;0.0;0.2687;False;0;0;11
mcad;stress_exploratory_then_useful;stress;3;Q3_useful_margin;True;c1;True;0;0;0;0.333333;0.4842;True;1;1;11
baseline_naive;stress_exploratory_then_useful;stress;1;Q1_noise_region;False;;True;1;0;1;0.0;0.0015;;0;0;11
baseline_naive;stress_exploratory_then_useful;stress;2;Q2_noise_margin_all;False;;True;1;0;1;0.0;0.0008;;0;0;11
baseline_naive;stress_exploratory_then_useful;stress;3;Q3_useful_margin;True;c1;True;0;0;0;0.333333;0.0005;;0;0;11
baseline_measure_overlap;stress_exploratory_then_useful;stress;1;Q1_noise_region;False;;True;1;0;1;0.0;0.0469;;0;0;11
baseline_measure_overlap;stress_exploratory_then_useful;stress;2;Q2_noise_margin_all;False;;True;1;0;1;0.0;0.0099;;0;0;11
baseline_measure_overlap;stress_exploratory_then_useful;stress;3;Q3_useful_margin;True;c1;True;0;0;0;0.333333;0.0075;;0;0;11
ablation_no_sat;stress_exploratory_then_useful;stress;1;Q1_noise_region;False;;False;0;0;0;0.0;0.4219;False;0;0;11
ablation_no_sat;stress_exploratory_then_useful;stress;2;Q2_noise_margin_all;False;;False;0;0;0;0.0;0.3554;False;0;0;11
ablation_no_sat;stress_exploratory_then_useful;stress;3;Q3_useful_margin;True;c1;True;0;0;0;0.333333;0.4734;True;1;1;11
ablation_no_real;stress_exploratory_then_useful;stress;1;Q1_noise_region;False;;False;0;0;0;0.0;0.2082;False;0;0;11
ablation_no_real;stress_exploratory_then_useful;stress;2;Q2_noise_margin_all;False;;False;0;0;0;0.0;0.1586;False;0;0;11
ablation_no_real;stress_exploratory_then_useful;stress;3;Q3_useful_margin;True;c1;True;0;0;0;0.333333;0.2532;True;1;1;11
ablation_ceval_any_intersection;stress_exploratory_then_useful;stress;1;Q1_noise_region;False;;False;0;0;0;0.0;0.1946;False;0;0;11
ablation_ceval_any_intersection;stress_exploratory_then_useful;stress;2;Q2_noise_margin_all;False;;False;0;0;0;0.0;0.1417;False;0;0;11
ablation_ceval_any_intersection;stress_exploratory_then_useful;stress;3;Q3_useful_margin;True;c1;True;0;0;0;0.333333;0.2417;True;1;1;11
baseline_random_matched;stress_exploratory_then_useful;stress;1;Q1_noise_region;False;;False;0;0;0;0.0;0.0032;;0;0;11
baseline_random_matched;stress_exploratory_then_useful;stress;2;Q2_noise_margin_all;False;;False;0;0;0;0.0;0.0007;;0;0;11
baseline_random_matched;stress_exploratory_then_useful;stress;3;Q3_useful_margin;True;c1;True;0;0;0;0.333333;0.0005;;0;0;11
mcad;happy_guided_article_short;happy;1;Q1_margin_month;True;c1;True;0;0;0;0.333333;0.2895;True;1;1;12
mcad;happy_guided_article_short;happy;2;Q2_stockout_store;True;c2;True;0;0;0;0.666667;0.2427;True;1;1;12
mcad;happy_guided_article_short;happy;3;Q3_sales_growth;True;c3;True;0;0;0;1.0;0.3305;True;2;1;12
baseline_naive;happy_guided_article_short;happy;1;Q1_margin_month;True;c1;True;0;0;0;0.333333;0.001;;0;0;12
baseline_naive;happy_guided_article_short;happy;2;Q2_stockout_store;True;c2;True;0;0;0;0.666667;0.0005;;0;0;12
baseline_naive;happy_guided_article_short;happy;3;Q3_sales_growth;True;c3;True;0;0;0;1.0;0.0004;;0;0;12
baseline_measure_overlap;happy_guided_article_short;happy;1;Q1_margin_month;True;c1;True;0;0;0;0.333333;0.0145;;0;0;12
baseline_measure_overlap;happy_guided_article_short;happy;2;Q2_stockout_store;True;c2;True;0;0;0;0.666667;0.006;;0;0;12
baseline_measure_overlap;happy_guided_article_short;happy;3;Q3_sales_growth;True;c3;True;0;0;0;1.0;0.0043;;0;0;12
ablation_no_sat;happy_guided_article_short;happy;1;Q1_margin_month;True;c1;True;0;0;0;0.333333;0.2821;True;1;1;12
ablation_no_sat;happy_guided_article_short;happy;2;Q2_stockout_store;True;c2;True;0;0;0;0.666667;0.2386;True;1;1;12
ablation_no_sat;happy_guided_article_short;happy;3;Q3_sales_growth;True;c3;True;0;0;0;1.0;0.3407;True;2;1;12
ablation_no_real;happy_guided_article_short;happy;1;Q1_margin_month;True;c1;True;0;0;0;0.333333;0.2923;True;1;1;12
ablation_no_real;happy_guided_article_short;happy;2;Q2_stockout_store;True;c2;True;0;0;0;0.666667;0.247;True;1;1;12
ablation_no_real;happy_guided_article_short;happy;3;Q3_sales_growth;True;c3;True;0;0;0;1.0;0.3333;True;2;1;12
ablation_ceval_any_intersection;happy_guided_article_short;happy;1;Q1_margin_month;True;c1;True;0;0;0;0.333333;0.2689;True;1;1;12
ablation_ceval_any_intersection;happy_guided_article_short;happy;2;Q2_stockout_store;True;c2;True;0;0;0;0.666667;0.2663;True;1;1;12
ablation_ceval_any_intersection;happy_guided_article_short;happy;3;Q3_sales_growth;True;c3;True;0;0;0;1.0;0.3257;True;2;1;12
baseline_random_matched;happy_guided_article_short;happy;1;Q1_margin_month;True;c1;True;0;0;0;0.333333;0.0034;;0;0;12
baseline_random_matched;happy_guided_article_short;happy;2;Q2_stockout_store;True;c2;False;0;1;0;0.333333;0.0006;;0;0;12
baseline_random_matched;happy_guided_article_short;happy;3;Q3_sales_growth;True;c3;True;0;0;0;0.666667;0.0005;;0;0;12
mcad;happy_guided_reordered;happy;1;Q1_sales_growth;True;c3;True;0;0;0;0.333333;0.3891;True;2;1;12
mcad;happy_guided_reordered;happy;2;Q2_margin_month;True;c1;True;0;0;0;0.666667;0.2571;True;1;1;12
mcad;happy_guided_reordered;happy;3;Q3_stockout_store;True;c2;True;0;0;0;1.0;0.2389;True;1;1;12
baseline_naive;happy_guided_reordered;happy;1;Q1_sales_growth;True;c3;True;0;0;0;0.333333;0.0012;;0;0;12
baseline_naive;happy_guided_reordered;happy;2;Q2_margin_month;True;c1;True;0;0;0;0.666667;0.0006;;0;0;12
baseline_naive;happy_guided_reordered;happy;3;Q3_stockout_store;True;c2;True;0;0;0;1.0;0.0005;;0;0;12
baseline_measure_overlap;happy_guided_reordered;happy;1;Q1_sales_growth;True;c3;True;0;0;0;0.333333;0.0261;;0;0;12
baseline_measure_overlap;happy_guided_reordered;happy;2;Q2_margin_month;True;c1;True;0;0;0;0.666667;0.0093;;0;0;12
baseline_measure_overlap;happy_guided_reordered;happy;3;Q3_stockout_store;True;c2;True;0;0;0;1.0;0.0082;;0;0;12
ablation_no_sat;happy_guided_reordered;happy;1;Q1_sales_growth;True;c3;True;0;0;0;0.333333;0.3868;True;2;1;12
ablation_no_sat;happy_guided_reordered;happy;2;Q2_margin_month;True;c1;True;0;0;0;0.666667;0.2479;True;1;1;12
ablation_no_sat;happy_guided_reordered;happy;3;Q3_stockout_store;True;c2;True;0;0;0;1.0;0.2582;True;1;1;12
ablation_no_real;happy_guided_reordered;happy;1;Q1_sales_growth;True;c3;True;0;0;0;0.333333;0.3907;True;2;1;12
ablation_no_real;happy_guided_reordered;happy;2;Q2_margin_month;True;c1;True;0;0;0;0.666667;0.2514;True;1;1;12
ablation_no_real;happy_guided_reordered;happy;3;Q3_stockout_store;True;c2;True;0;0;0;1.0;0.244;True;1;1;12
ablation_ceval_any_intersection;happy_guided_reordered;happy;1;Q1_sales_growth;True;c3;True;0;0;0;0.333333;0.6908;True;2;1;12
ablation_ceval_any_intersection;happy_guided_reordered;happy;2;Q2_margin_month;True;c1;True;0;0;0;0.666667;0.4341;True;1;1;12
ablation_ceval_any_intersection;happy_guided_reordered;happy;3;Q3_stockout_store;True;c2;True;0;0;0;1.0;0.4434;True;1;1;12
baseline_random_matched;happy_guided_reordered;happy;1;Q1_sales_growth;True;c3;False;0;1;0;0.0;0.0043;;0;0;12
baseline_random_matched;happy_guided_reordered;happy;2;Q2_margin_month;True;c1;True;0;0;0;0.333333;0.001;;0;0;12
baseline_random_matched;happy_guided_reordered;happy;3;Q3_stockout_store;True;c2;False;0;1;0;0.333333;0.0008;;0;0;12
mcad;happy_guided_compact;happy;1;Q1_margin_month;True;c1;True;0;0;0;0.333333;0.5678;True;1;1;12
mcad;happy_guided_compact;happy;2;Q2_sales_growth;True;c3;True;0;0;0;0.666667;0.6619;True;2;1;12
mcad;happy_guided_compact;happy;3;Q3_stockout_store;True;c2;True;0;0;0;1.0;0.4546;True;1;1;12
baseline_naive;happy_guided_compact;happy;1;Q1_margin_month;True;c1;True;0;0;0;0.333333;0.0014;;0;0;12
baseline_naive;happy_guided_compact;happy;2;Q2_sales_growth;True;c3;True;0;0;0;0.666667;0.0008;;0;0;12
baseline_naive;happy_guided_compact;happy;3;Q3_stockout_store;True;c2;True;0;0;0;1.0;0.0007;;0;0;12
baseline_measure_overlap;happy_guided_compact;happy;1;Q1_margin_month;True;c1;True;0;0;0;0.333333;0.0163;;0;0;12
baseline_measure_overlap;happy_guided_compact;happy;2;Q2_sales_growth;True;c3;True;0;0;0;0.666667;0.0054;;0;0;12
baseline_measure_overlap;happy_guided_compact;happy;3;Q3_stockout_store;True;c2;True;0;0;0;1.0;0.0043;;0;0;12
ablation_no_sat;happy_guided_compact;happy;1;Q1_margin_month;True;c1;True;0;0;0;0.333333;0.2769;True;1;1;12
ablation_no_sat;happy_guided_compact;happy;2;Q2_sales_growth;True;c3;True;0;0;0;0.666667;0.3289;True;2;1;12
ablation_no_sat;happy_guided_compact;happy;3;Q3_stockout_store;True;c2;True;0;0;0;1.0;0.2361;True;1;1;12
ablation_no_real;happy_guided_compact;happy;1;Q1_margin_month;True;c1;True;0;0;0;0.333333;0.2974;True;1;1;12
ablation_no_real;happy_guided_compact;happy;2;Q2_sales_growth;True;c3;True;0;0;0;0.666667;0.3372;True;2;1;12
ablation_no_real;happy_guided_compact;happy;3;Q3_stockout_store;True;c2;True;0;0;0;1.0;0.2432;True;1;1;12
ablation_ceval_any_intersection;happy_guided_compact;happy;1;Q1_margin_month;True;c1;True;0;0;0;0.333333;0.5262;True;1;1;12
ablation_ceval_any_intersection;happy_guided_compact;happy;2;Q2_sales_growth;True;c3;True;0;0;0;0.666667;0.3381;True;2;1;12
ablation_ceval_any_intersection;happy_guided_compact;happy;3;Q3_stockout_store;True;c2;True;0;0;0;1.0;0.2361;True;1;1;12
baseline_random_matched;happy_guided_compact;happy;1;Q1_margin_month;True;c1;True;0;0;0;0.333333;0.0034;;0;0;12
baseline_random_matched;happy_guided_compact;happy;2;Q2_sales_growth;True;c3;True;0;0;0;0.666667;0.0007;;0;0;12
baseline_random_matched;happy_guided_compact;happy;3;Q3_stockout_store;True;c2;True;0;0;0;1.0;0.0005;;0;0;12
mcad;border_growth_partial_1998_only;border;1;Q1_sales_1998_only;False;;False;0;0;0;0.0;0.3725;True;1;0;12
baseline_naive;border_growth_partial_1998_only;border;1;Q1_sales_1998_only;False;;True;1;0;1;0.0;0.0014;;0;0;12
baseline_measure_overlap;border_growth_partial_1998_only;border;1;Q1_sales_1998_only;False;;True;1;0;1;0.0;0.0154;;0;0;12
ablation_no_sat;border_growth_partial_1998_only;border;1;Q1_sales_1998_only;False;;False;0;0;0;0.0;0.6757;True;1;0;12
ablation_no_real;border_growth_partial_1998_only;border;1;Q1_sales_1998_only;False;;True;1;0;1;0.0;0.3693;True;1;0;12
ablation_ceval_any_intersection;border_growth_partial_1998_only;border;1;Q1_sales_1998_only;False;;True;1;0;1;0.0;0.4842;True;1;1;12
baseline_random_matched;border_growth_partial_1998_only;border;1;Q1_sales_1998_only;False;;True;1;0;1;0.0;0.0045;;0;0;12
mcad;border_margin_wrong_grain;border;1;Q1_margin_quarter_only;False;;False;0;0;0;0.0;0.3767;False;0;0;12
baseline_naive;border_margin_wrong_grain;border;1;Q1_margin_quarter_only;False;;True;1;0;1;0.0;0.0015;;0;0;12
baseline_measure_overlap;border_margin_wrong_grain;border;1;Q1_margin_quarter_only;False;;True;1;0;1;0.0;0.0263;;0;0;12
ablation_no_sat;border_margin_wrong_grain;border;1;Q1_margin_quarter_only;False;;False;0;0;0;0.0;0.5232;False;0;0;12
ablation_no_real;border_margin_wrong_grain;border;1;Q1_margin_quarter_only;False;;False;0;0;0;0.0;0.3929;False;0;0;12
ablation_ceval_any_intersection;border_margin_wrong_grain;border;1;Q1_margin_quarter_only;False;;False;0;0;0;0.0;0.3536;False;0;0;12
baseline_random_matched;border_margin_wrong_grain;border;1;Q1_margin_quarter_only;False;;False;0;0;0;0.0;0.0045;;0;0;12
mcad;border_stockout_missing_store;border;1;Q1_stockout_category_only;False;;False;0;0;0;0.0;0.3729;False;0;0;12
baseline_naive;border_stockout_missing_store;border;1;Q1_stockout_category_only;False;;True;1;0;1;0.0;0.0013;;0;0;12
baseline_measure_overlap;border_stockout_missing_store;border;1;Q1_stockout_category_only;False;;True;1;0;1;0.0;0.0248;;0;0;12
ablation_no_sat;border_stockout_missing_store;border;1;Q1_stockout_category_only;False;;False;0;0;0;0.0;0.2687;False;0;0;12
ablation_no_real;border_stockout_missing_store;border;1;Q1_stockout_category_only;False;;False;0;0;0;0.0;0.2109;False;0;0;12
ablation_ceval_any_intersection;border_stockout_missing_store;border;1;Q1_stockout_category_only;False;;False;0;0;0;0.0;0.2065;False;0;0;12
baseline_random_matched;border_stockout_missing_store;border;1;Q1_stockout_category_only;False;;True;1;0;1;0.0;0.0031;;0;0;12
mcad;adversarial_wrong_region;adversarial;1;Q1_margin_south;False;;False;0;0;0;0.0;0.1704;False;0;0;12
baseline_naive;adversarial_wrong_region;adversarial;1;Q1_margin_south;False;;True;1;0;1;0.0;0.0009;;0;0;12
baseline_measure_overlap;adversarial_wrong_region;adversarial;1;Q1_margin_south;False;;True;1;0;1;0.0;0.0133;;0;0;12
ablation_no_sat;adversarial_wrong_region;adversarial;1;Q1_margin_south;False;;False;0;0;0;0.0;0.3068;False;0;0;12
ablation_no_real;adversarial_wrong_region;adversarial;1;Q1_margin_south;False;;False;0;0;0;0.0;0.1751;False;0;0;12
ablation_ceval_any_intersection;adversarial_wrong_region;adversarial;1;Q1_margin_south;False;;False;0;0;0;0.0;0.1678;False;0;0;12
baseline_random_matched;adversarial_wrong_region;adversarial;1;Q1_margin_south;False;;True;1;0;1;0.0;0.0029;;0;0;12
mcad;adversarial_wrong_year;adversarial;1;Q1_stockout_1997;False;;False;0;0;0;0.0;0.1743;False;0;0;12
baseline_naive;adversarial_wrong_year;adversarial;1;Q1_stockout_1997;False;;True;1;0;1;0.0;0.0009;;0;0;12
baseline_measure_overlap;adversarial_wrong_year;adversarial;1;Q1_stockout_1997;False;;True;1;0;1;0.0;0.0129;;0;0;12
ablation_no_sat;adversarial_wrong_year;adversarial;1;Q1_stockout_1997;False;;False;0;0;0;0.0;0.2812;False;0;0;12
ablation_no_real;adversarial_wrong_year;adversarial;1;Q1_stockout_1997;False;;False;0;0;0;0.0;0.2856;False;0;0;12
ablation_ceval_any_intersection;adversarial_wrong_year;adversarial;1;Q1_stockout_1997;False;;False;0;0;0;0.0;0.1662;False;0;0;12
baseline_random_matched;adversarial_wrong_year;adversarial;1;Q1_stockout_1997;False;;False;0;0;0;0.0;0.0027;;0;0;12
mcad;adversarial_invalid_no_measures;adversarial;1;Q1_invalid_no_measure;False;;False;0;0;0;0.0;0.0761;False;0;0;12
baseline_naive;adversarial_invalid_no_measures;adversarial;1;Q1_invalid_no_measure;False;;True;1;0;1;0.0;0.0009;;0;0;12
baseline_measure_overlap;adversarial_invalid_no_measures;adversarial;1;Q1_invalid_no_measure;False;;False;0;0;0;0.0;0.0139;;0;0;12
ablation_no_sat;adversarial_invalid_no_measures;adversarial;1;Q1_invalid_no_measure;False;;False;0;0;0;0.0;0.0909;False;0;0;12
ablation_no_real;adversarial_invalid_no_measures;adversarial;1;Q1_invalid_no_measure;False;;False;0;0;0;0.0;0.1344;False;0;0;12
ablation_ceval_any_intersection;adversarial_invalid_no_measures;adversarial;1;Q1_invalid_no_measure;False;;False;0;0;0;0.0;0.0765;False;0;0;12
baseline_random_matched;adversarial_invalid_no_measures;adversarial;1;Q1_invalid_no_measure;False;;True;1;0;1;0.0;0.003;;0;0;12
mcad;stress_exploratory_then_useful;stress;1;Q1_noise_region;False;;False;0;0;0;0.0;0.2059;False;0;0;12
mcad;stress_exploratory_then_useful;stress;2;Q2_noise_margin_all;False;;False;0;0;0;0.0;0.1466;False;0;0;12
mcad;stress_exploratory_then_useful;stress;3;Q3_useful_margin;True;c1;True;0;0;0;0.333333;0.2603;True;1;1;12
baseline_naive;stress_exploratory_then_useful;stress;1;Q1_noise_region;False;;True;1;0;1;0.0;0.0009;;0;0;12
baseline_naive;stress_exploratory_then_useful;stress;2;Q2_noise_margin_all;False;;True;1;0;1;0.0;0.0005;;0;0;12
baseline_naive;stress_exploratory_then_useful;stress;3;Q3_useful_margin;True;c1;True;0;0;0;0.333333;0.0004;;0;0;12
baseline_measure_overlap;stress_exploratory_then_useful;stress;1;Q1_noise_region;False;;True;1;0;1;0.0;0.014;;0;0;12
baseline_measure_overlap;stress_exploratory_then_useful;stress;2;Q2_noise_margin_all;False;;True;1;0;1;0.0;0.0051;;0;0;12
baseline_measure_overlap;stress_exploratory_then_useful;stress;3;Q3_useful_margin;True;c1;True;0;0;0;0.333333;0.0043;;0;0;12
ablation_no_sat;stress_exploratory_then_useful;stress;1;Q1_noise_region;False;;False;0;0;0;0.0;0.2368;False;0;0;12
ablation_no_sat;stress_exploratory_then_useful;stress;2;Q2_noise_margin_all;False;;False;0;0;0;0.0;0.17;False;0;0;12
ablation_no_sat;stress_exploratory_then_useful;stress;3;Q3_useful_margin;True;c1;True;0;0;0;0.333333;0.2463;True;1;1;12
ablation_no_real;stress_exploratory_then_useful;stress;1;Q1_noise_region;False;;False;0;0;0;0.0;0.3542;False;0;0;12
ablation_no_real;stress_exploratory_then_useful;stress;2;Q2_noise_margin_all;False;;False;0;0;0;0.0;0.2731;False;0;0;12
ablation_no_real;stress_exploratory_then_useful;stress;3;Q3_useful_margin;True;c1;True;0;0;0;0.333333;0.4986;True;1;1;12
ablation_ceval_any_intersection;stress_exploratory_then_useful;stress;1;Q1_noise_region;False;;False;0;0;0;0.0;0.3024;False;0;0;12
ablation_ceval_any_intersection;stress_exploratory_then_useful;stress;2;Q2_noise_margin_all;False;;False;0;0;0;0.0;0.2389;False;0;0;12
ablation_ceval_any_intersection;stress_exploratory_then_useful;stress;3;Q3_useful_margin;True;c1;True;0;0;0;0.333333;0.4353;True;1;1;12
baseline_random_matched;stress_exploratory_then_useful;stress;1;Q1_noise_region;False;;False;0;0;0;0.0;0.0029;;0;0;12
baseline_random_matched;stress_exploratory_then_useful;stress;2;Q2_noise_margin_all;False;;False;0;0;0;0.0;0.0006;;0;0;12
baseline_random_matched;stress_exploratory_then_useful;stress;3;Q3_useful_margin;True;c1;False;0;1;0;0.0;0.0005;;0;0;12
mcad;happy_guided_article_short;happy;1;Q1_margin_month;True;c1;True;0;0;0;0.333333;0.2791;True;1;1;13
mcad;happy_guided_article_short;happy;2;Q2_stockout_store;True;c2;True;0;0;0;0.666667;0.2464;True;1;1;13
mcad;happy_guided_article_short;happy;3;Q3_sales_growth;True;c3;True;0;0;0;1.0;0.3312;True;2;1;13
baseline_naive;happy_guided_article_short;happy;1;Q1_margin_month;True;c1;True;0;0;0;0.333333;0.0009;;0;0;13
baseline_naive;happy_guided_article_short;happy;2;Q2_stockout_store;True;c2;True;0;0;0;0.666667;0.0005;;0;0;13
baseline_naive;happy_guided_article_short;happy;3;Q3_sales_growth;True;c3;True;0;0;0;1.0;0.0003;;0;0;13
baseline_measure_overlap;happy_guided_article_short;happy;1;Q1_margin_month;True;c1;True;0;0;0;0.333333;0.0127;;0;0;13
baseline_measure_overlap;happy_guided_article_short;happy;2;Q2_stockout_store;True;c2;True;0;0;0;0.666667;0.0055;;0;0;13
baseline_measure_overlap;happy_guided_article_short;happy;3;Q3_sales_growth;True;c3;True;0;0;0;1.0;0.0042;;0;0;13
ablation_no_sat;happy_guided_article_short;happy;1;Q1_margin_month;True;c1;True;0;0;0;0.333333;0.278;True;1;1;13
ablation_no_sat;happy_guided_article_short;happy;2;Q2_stockout_store;True;c2;True;0;0;0;0.666667;0.268;True;1;1;13
ablation_no_sat;happy_guided_article_short;happy;3;Q3_sales_growth;True;c3;True;0;0;0;1.0;0.357;True;2;1;13
ablation_no_real;happy_guided_article_short;happy;1;Q1_margin_month;True;c1;True;0;0;0;0.333333;0.5011;True;1;1;13
ablation_no_real;happy_guided_article_short;happy;2;Q2_stockout_store;True;c2;True;0;0;0;0.666667;0.5585;True;1;1;13
ablation_no_real;happy_guided_article_short;happy;3;Q3_sales_growth;True;c3;True;0;0;0;1.0;0.6634;True;2;1;13
ablation_ceval_any_intersection;happy_guided_article_short;happy;1;Q1_margin_month;True;c1;True;0;0;0;0.333333;0.2791;True;1;1;13
ablation_ceval_any_intersection;happy_guided_article_short;happy;2;Q2_stockout_store;True;c2;True;0;0;0;0.666667;0.2525;True;1;1;13
ablation_ceval_any_intersection;happy_guided_article_short;happy;3;Q3_sales_growth;True;c3;True;0;0;0;1.0;0.3321;True;2;1;13
baseline_random_matched;happy_guided_article_short;happy;1;Q1_margin_month;True;c1;True;0;0;0;0.333333;0.0028;;0;0;13
baseline_random_matched;happy_guided_article_short;happy;2;Q2_stockout_store;True;c2;True;0;0;0;0.666667;0.0007;;0;0;13
baseline_random_matched;happy_guided_article_short;happy;3;Q3_sales_growth;True;c3;True;0;0;0;1.0;0.0005;;0;0;13
mcad;happy_guided_reordered;happy;1;Q1_sales_growth;True;c3;True;0;0;0;0.333333;0.3599;True;2;1;13
mcad;happy_guided_reordered;happy;2;Q2_margin_month;True;c1;True;0;0;0;0.666667;0.247;True;1;1;13
mcad;happy_guided_reordered;happy;3;Q3_stockout_store;True;c2;True;0;0;0;1.0;0.2489;True;1;1;13
baseline_naive;happy_guided_reordered;happy;1;Q1_sales_growth;True;c3;True;0;0;0;0.333333;0.001;;0;0;13
baseline_naive;happy_guided_reordered;happy;2;Q2_margin_month;True;c1;True;0;0;0;0.666667;0.0005;;0;0;13
baseline_naive;happy_guided_reordered;happy;3;Q3_stockout_store;True;c2;True;0;0;0;1.0;0.0003;;0;0;13
baseline_measure_overlap;happy_guided_reordered;happy;1;Q1_sales_growth;True;c3;True;0;0;0;0.333333;0.0126;;0;0;13
baseline_measure_overlap;happy_guided_reordered;happy;2;Q2_margin_month;True;c1;True;0;0;0;0.666667;0.0051;;0;0;13
baseline_measure_overlap;happy_guided_reordered;happy;3;Q3_stockout_store;True;c2;True;0;0;0;1.0;0.0043;;0;0;13
ablation_no_sat;happy_guided_reordered;happy;1;Q1_sales_growth;True;c3;True;0;0;0;0.333333;0.3775;True;2;1;13
ablation_no_sat;happy_guided_reordered;happy;2;Q2_margin_month;True;c1;True;0;0;0;0.666667;0.2464;True;1;1;13
ablation_no_sat;happy_guided_reordered;happy;3;Q3_stockout_store;True;c2;True;0;0;0;1.0;0.2387;True;1;1;13
ablation_no_real;happy_guided_reordered;happy;1;Q1_sales_growth;True;c3;True;0;0;0;0.333333;0.6177;True;2;1;13
ablation_no_real;happy_guided_reordered;happy;2;Q2_margin_month;True;c1;True;0;0;0;0.666667;0.493;True;1;1;13
ablation_no_real;happy_guided_reordered;happy;3;Q3_stockout_store;True;c2;True;0;0;0;1.0;0.4762;True;1;1;13
ablation_ceval_any_intersection;happy_guided_reordered;happy;1;Q1_sales_growth;True;c3;True;0;0;0;0.333333;0.3637;True;2;1;13
ablation_ceval_any_intersection;happy_guided_reordered;happy;2;Q2_margin_month;True;c1;True;0;0;0;0.666667;0.2557;True;1;1;13
ablation_ceval_any_intersection;happy_guided_reordered;happy;3;Q3_stockout_store;True;c2;True;0;0;0;1.0;0.2369;True;1;1;13
baseline_random_matched;happy_guided_reordered;happy;1;Q1_sales_growth;True;c3;True;0;0;0;0.333333;0.0027;;0;0;13
baseline_random_matched;happy_guided_reordered;happy;2;Q2_margin_month;True;c1;True;0;0;0;0.666667;0.0006;;0;0;13
baseline_random_matched;happy_guided_reordered;happy;3;Q3_stockout_store;True;c2;True;0;0;0;1.0;0.0005;;0;0;13
mcad;happy_guided_compact;happy;1;Q1_margin_month;True;c1;True;0;0;0;0.333333;0.2748;True;1;1;13
mcad;happy_guided_compact;happy;2;Q2_sales_growth;True;c3;True;0;0;0;0.666667;0.3336;True;2;1;13
mcad;happy_guided_compact;happy;3;Q3_stockout_store;True;c2;True;0;0;0;1.0;0.2358;True;1;1;13
baseline_naive;happy_guided_compact;happy;1;Q1_margin_month;True;c1;True;0;0;0;0.333333;0.0009;;0;0;13
baseline_naive;happy_guided_compact;happy;2;Q2_sales_growth;True;c3;True;0;0;0;0.666667;0.0005;;0;0;13
baseline_naive;happy_guided_compact;happy;3;Q3_stockout_store;True;c2;True;0;0;0;1.0;0.0004;;0;0;13
baseline_measure_overlap;happy_guided_compact;happy;1;Q1_margin_month;True;c1;True;0;0;0;0.333333;0.0124;;0;0;13
baseline_measure_overlap;happy_guided_compact;happy;2;Q2_sales_growth;True;c3;True;0;0;0;0.666667;0.005;;0;0;13
baseline_measure_overlap;happy_guided_compact;happy;3;Q3_stockout_store;True;c2;True;0;0;0;1.0;0.0045;;0;0;13
ablation_no_sat;happy_guided_compact;happy;1;Q1_margin_month;True;c1;True;0;0;0;0.333333;0.3041;True;1;1;13
ablation_no_sat;happy_guided_compact;happy;2;Q2_sales_growth;True;c3;True;0;0;0;0.666667;0.3354;True;2;1;13
ablation_no_sat;happy_guided_compact;happy;3;Q3_stockout_store;True;c2;True;0;0;0;1.0;0.2477;True;1;1;13
ablation_no_real;happy_guided_compact;happy;1;Q1_margin_month;True;c1;True;0;0;0;0.333333;0.5147;True;1;1;13
ablation_no_real;happy_guided_compact;happy;2;Q2_sales_growth;True;c3;True;0;0;0;0.666667;0.6776;True;2;1;13
ablation_no_real;happy_guided_compact;happy;3;Q3_stockout_store;True;c2;True;0;0;0;1.0;0.4835;True;1;1;13
ablation_ceval_any_intersection;happy_guided_compact;happy;1;Q1_margin_month;True;c1;True;0;0;0;0.333333;0.2883;True;1;1;13
ablation_ceval_any_intersection;happy_guided_compact;happy;2;Q2_sales_growth;True;c3;True;0;0;0;0.666667;0.3304;True;2;1;13
ablation_ceval_any_intersection;happy_guided_compact;happy;3;Q3_stockout_store;True;c2;True;0;0;0;1.0;0.2321;True;1;1;13
baseline_random_matched;happy_guided_compact;happy;1;Q1_margin_month;True;c1;True;0;0;0;0.333333;0.0028;;0;0;13
baseline_random_matched;happy_guided_compact;happy;2;Q2_sales_growth;True;c3;False;0;1;0;0.333333;0.0007;;0;0;13
baseline_random_matched;happy_guided_compact;happy;3;Q3_stockout_store;True;c2;False;0;1;0;0.333333;0.0005;;0;0;13
mcad;border_growth_partial_1998_only;border;1;Q1_sales_1998_only;False;;False;0;0;0;0.0;0.4983;True;1;0;13
baseline_naive;border_growth_partial_1998_only;border;1;Q1_sales_1998_only;False;;True;1;0;1;0.0;0.0018;;0;0;13
baseline_measure_overlap;border_growth_partial_1998_only;border;1;Q1_sales_1998_only;False;;True;1;0;1;0.0;0.0295;;0;0;13
ablation_no_sat;border_growth_partial_1998_only;border;1;Q1_sales_1998_only;False;;False;0;0;0;0.0;0.3796;True;1;0;13
ablation_no_real;border_growth_partial_1998_only;border;1;Q1_sales_1998_only;False;;True;1;0;1;0.0;0.3679;True;1;0;13
ablation_ceval_any_intersection;border_growth_partial_1998_only;border;1;Q1_sales_1998_only;False;;True;1;0;1;0.0;0.3503;True;1;1;13
baseline_random_matched;border_growth_partial_1998_only;border;1;Q1_sales_1998_only;False;;True;1;0;1;0.0;0.0032;;0;0;13
mcad;border_margin_wrong_grain;border;1;Q1_margin_quarter_only;False;;False;0;0;0;0.0;0.2127;False;0;0;13
baseline_naive;border_margin_wrong_grain;border;1;Q1_margin_quarter_only;False;;True;1;0;1;0.0;0.0013;;0;0;13
baseline_measure_overlap;border_margin_wrong_grain;border;1;Q1_margin_quarter_only;False;;True;1;0;1;0.0;0.0242;;0;0;13
ablation_no_sat;border_margin_wrong_grain;border;1;Q1_margin_quarter_only;False;;False;0;0;0;0.0;0.2758;False;0;0;13
ablation_no_real;border_margin_wrong_grain;border;1;Q1_margin_quarter_only;False;;False;0;0;0;0.0;0.2045;False;0;0;13
ablation_ceval_any_intersection;border_margin_wrong_grain;border;1;Q1_margin_quarter_only;False;;False;0;0;0;0.0;0.1977;False;0;0;13
baseline_random_matched;border_margin_wrong_grain;border;1;Q1_margin_quarter_only;False;;False;0;0;0;0.0;0.0031;;0;0;13
mcad;border_stockout_missing_store;border;1;Q1_stockout_category_only;False;;False;0;0;0;0.0;0.2032;False;0;0;13
baseline_naive;border_stockout_missing_store;border;1;Q1_stockout_category_only;False;;True;1;0;1;0.0;0.0009;;0;0;13
baseline_measure_overlap;border_stockout_missing_store;border;1;Q1_stockout_category_only;False;;True;1;0;1;0.0;0.0132;;0;0;13
ablation_no_sat;border_stockout_missing_store;border;1;Q1_stockout_category_only;False;;False;0;0;0;0.0;0.4954;False;0;0;13
ablation_no_real;border_stockout_missing_store;border;1;Q1_stockout_category_only;False;;False;0;0;0;0.0;0.2117;False;0;0;13
ablation_ceval_any_intersection;border_stockout_missing_store;border;1;Q1_stockout_category_only;False;;False;0;0;0;0.0;0.2033;False;0;0;13
baseline_random_matched;border_stockout_missing_store;border;1;Q1_stockout_category_only;False;;True;1;0;1;0.0;0.0032;;0;0;13
mcad;adversarial_wrong_region;adversarial;1;Q1_margin_south;False;;False;0;0;0;0.0;0.166;False;0;0;13
baseline_naive;adversarial_wrong_region;adversarial;1;Q1_margin_south;False;;True;1;0;1;0.0;0.0015;;0;0;13
baseline_measure_overlap;adversarial_wrong_region;adversarial;1;Q1_margin_south;False;;True;1;0;1;0.0;0.0158;;0;0;13
ablation_no_sat;adversarial_wrong_region;adversarial;1;Q1_margin_south;False;;False;0;0;0;0.0;0.2201;False;0;0;13
ablation_no_real;adversarial_wrong_region;adversarial;1;Q1_margin_south;False;;False;0;0;0;0.0;0.1938;False;0;0;13
ablation_ceval_any_intersection;adversarial_wrong_region;adversarial;1;Q1_margin_south;False;;False;0;0;0;0.0;0.1783;False;0;0;13
baseline_random_matched;adversarial_wrong_region;adversarial;1;Q1_margin_south;False;;True;1;0;1;0.0;0.0038;;0;0;13
mcad;adversarial_wrong_year;adversarial;1;Q1_stockout_1997;False;;False;0;0;0;0.0;0.1664;False;0;0;13
baseline_naive;adversarial_wrong_year;adversarial;1;Q1_stockout_1997;False;;True;1;0;1;0.0;0.0014;;0;0;13
baseline_measure_overlap;adversarial_wrong_year;adversarial;1;Q1_stockout_1997;False;;True;1;0;1;0.0;0.02;;0;0;13
ablation_no_sat;adversarial_wrong_year;adversarial;1;Q1_stockout_1997;False;;False;0;0;0;0.0;0.2185;False;0;0;13
ablation_no_real;adversarial_wrong_year;adversarial;1;Q1_stockout_1997;False;;False;0;0;0;0.0;0.1808;False;0;0;13
ablation_ceval_any_intersection;adversarial_wrong_year;adversarial;1;Q1_stockout_1997;False;;False;0;0;0;0.0;0.1625;False;0;0;13
baseline_random_matched;adversarial_wrong_year;adversarial;1;Q1_stockout_1997;False;;False;0;0;0;0.0;0.0029;;0;0;13
mcad;adversarial_invalid_no_measures;adversarial;1;Q1_invalid_no_measure;False;;False;0;0;0;0.0;0.0739;False;0;0;13
baseline_naive;adversarial_invalid_no_measures;adversarial;1;Q1_invalid_no_measure;False;;True;1;0;1;0.0;0.0011;;0;0;13
baseline_measure_overlap;adversarial_invalid_no_measures;adversarial;1;Q1_invalid_no_measure;False;;False;0;0;0;0.0;0.0138;;0;0;13
ablation_no_sat;adversarial_invalid_no_measures;adversarial;1;Q1_invalid_no_measure;False;;False;0;0;0;0.0;0.0912;False;0;0;13
ablation_no_real;adversarial_invalid_no_measures;adversarial;1;Q1_invalid_no_measure;False;;False;0;0;0;0.0;0.0828;False;0;0;13
ablation_ceval_any_intersection;adversarial_invalid_no_measures;adversarial;1;Q1_invalid_no_measure;False;;False;0;0;0;0.0;0.072;False;0;0;13
baseline_random_matched;adversarial_invalid_no_measures;adversarial;1;Q1_invalid_no_measure;False;;False;0;0;0;0.0;0.0029;;0;0;13
mcad;stress_exploratory_then_useful;stress;1;Q1_noise_region;False;;False;0;0;0;0.0;0.203;False;0;0;13
mcad;stress_exploratory_then_useful;stress;2;Q2_noise_margin_all;False;;False;0;0;0;0.0;0.1427;False;0;0;13
mcad;stress_exploratory_then_useful;stress;3;Q3_useful_margin;True;c1;True;0;0;0;0.333333;0.2527;True;1;1;13
baseline_naive;stress_exploratory_then_useful;stress;1;Q1_noise_region;False;;True;1;0;1;0.0;0.0009;;0;0;13
baseline_naive;stress_exploratory_then_useful;stress;2;Q2_noise_margin_all;False;;True;1;0;1;0.0;0.0004;;0;0;13
baseline_naive;stress_exploratory_then_useful;stress;3;Q3_useful_margin;True;c1;True;0;0;0;0.333333;0.0004;;0;0;13
baseline_measure_overlap;stress_exploratory_then_useful;stress;1;Q1_noise_region;False;;True;1;0;1;0.0;0.0205;;0;0;13
baseline_measure_overlap;stress_exploratory_then_useful;stress;2;Q2_noise_margin_all;False;;True;1;0;1;0.0;0.0089;;0;0;13
baseline_measure_overlap;stress_exploratory_then_useful;stress;3;Q3_useful_margin;True;c1;True;0;0;0;0.333333;0.0076;;0;0;13
ablation_no_sat;stress_exploratory_then_useful;stress;1;Q1_noise_region;False;;False;0;0;0;0.0;0.2407;False;0;0;13
ablation_no_sat;stress_exploratory_then_useful;stress;2;Q2_noise_margin_all;False;;False;0;0;0;0.0;0.1732;False;0;0;13
ablation_no_sat;stress_exploratory_then_useful;stress;3;Q3_useful_margin;True;c1;True;0;0;0;0.333333;0.2562;True;1;1;13
ablation_no_real;stress_exploratory_then_useful;stress;1;Q1_noise_region;False;;False;0;0;0;0.0;0.2092;False;0;0;13
ablation_no_real;stress_exploratory_then_useful;stress;2;Q2_noise_margin_all;False;;False;0;0;0;0.0;0.1518;False;0;0;13
ablation_no_real;stress_exploratory_then_useful;stress;3;Q3_useful_margin;True;c1;True;0;0;0;0.333333;0.2671;True;1;1;13
ablation_ceval_any_intersection;stress_exploratory_then_useful;stress;1;Q1_noise_region;False;;False;0;0;0;0.0;0.221;False;0;0;13
ablation_ceval_any_intersection;stress_exploratory_then_useful;stress;2;Q2_noise_margin_all;False;;False;0;0;0;0.0;0.1427;False;0;0;13
ablation_ceval_any_intersection;stress_exploratory_then_useful;stress;3;Q3_useful_margin;True;c1;True;0;0;0;0.333333;0.2467;True;1;1;13
baseline_random_matched;stress_exploratory_then_useful;stress;1;Q1_noise_region;False;;False;0;0;0;0.0;0.003;;0;0;13
baseline_random_matched;stress_exploratory_then_useful;stress;2;Q2_noise_margin_all;False;;True;1;0;1;0.0;0.0006;;0;0;13
baseline_random_matched;stress_exploratory_then_useful;stress;3;Q3_useful_margin;True;c1;True;0;0;0;0.333333;0.0004;;0;0;13
mcad;happy_guided_article_short;happy;1;Q1_margin_month;True;c1;True;0;0;0;0.333333;0.2763;True;1;1;14
mcad;happy_guided_article_short;happy;2;Q2_stockout_store;True;c2;True;0;0;0;0.666667;0.2383;True;1;1;14
mcad;happy_guided_article_short;happy;3;Q3_sales_growth;True;c3;True;0;0;0;1.0;0.3366;True;2;1;14
baseline_naive;happy_guided_article_short;happy;1;Q1_margin_month;True;c1;True;0;0;0;0.333333;0.0009;;0;0;14
baseline_naive;happy_guided_article_short;happy;2;Q2_stockout_store;True;c2;True;0;0;0;0.666667;0.0004;;0;0;14
baseline_naive;happy_guided_article_short;happy;3;Q3_sales_growth;True;c3;True;0;0;0;1.0;0.0003;;0;0;14
baseline_measure_overlap;happy_guided_article_short;happy;1;Q1_margin_month;True;c1;True;0;0;0;0.333333;0.0193;;0;0;14
baseline_measure_overlap;happy_guided_article_short;happy;2;Q2_stockout_store;True;c2;True;0;0;0;0.666667;0.0094;;0;0;14
baseline_measure_overlap;happy_guided_article_short;happy;3;Q3_sales_growth;True;c3;True;0;0;0;1.0;0.0077;;0;0;14
ablation_no_sat;happy_guided_article_short;happy;1;Q1_margin_month;True;c1;True;0;0;0;0.333333;0.283;True;1;1;14
ablation_no_sat;happy_guided_article_short;happy;2;Q2_stockout_store;True;c2;True;0;0;0;0.666667;0.257;True;1;1;14
ablation_no_sat;happy_guided_article_short;happy;3;Q3_sales_growth;True;c3;True;0;0;0;1.0;0.3305;True;2;1;14
ablation_no_real;happy_guided_article_short;happy;1;Q1_margin_month;True;c1;True;0;0;0;0.333333;0.2836;True;1;1;14
ablation_no_real;happy_guided_article_short;happy;2;Q2_stockout_store;True;c2;True;0;0;0;0.666667;0.244;True;1;1;14
ablation_no_real;happy_guided_article_short;happy;3;Q3_sales_growth;True;c3;True;0;0;0;1.0;0.3448;True;2;1;14
ablation_ceval_any_intersection;happy_guided_article_short;happy;1;Q1_margin_month;True;c1;True;0;0;0;0.333333;0.2718;True;1;1;14
ablation_ceval_any_intersection;happy_guided_article_short;happy;2;Q2_stockout_store;True;c2;True;0;0;0;0.666667;0.2425;True;1;1;14
ablation_ceval_any_intersection;happy_guided_article_short;happy;3;Q3_sales_growth;True;c3;True;0;0;0;1.0;0.3286;True;2;1;14
baseline_random_matched;happy_guided_article_short;happy;1;Q1_margin_month;True;c1;True;0;0;0;0.333333;0.0028;;0;0;14
baseline_random_matched;happy_guided_article_short;happy;2;Q2_stockout_store;True;c2;False;0;1;0;0.333333;0.0007;;0;0;14
baseline_random_matched;happy_guided_article_short;happy;3;Q3_sales_growth;True;c3;False;0;1;0;0.333333;0.0005;;0;0;14
mcad;happy_guided_reordered;happy;1;Q1_sales_growth;True;c3;True;0;0;0;0.333333;0.3766;True;2;1;14
mcad;happy_guided_reordered;happy;2;Q2_margin_month;True;c1;True;0;0;0;0.666667;0.2457;True;1;1;14
mcad;happy_guided_reordered;happy;3;Q3_stockout_store;True;c2;True;0;0;0;1.0;0.2412;True;1;1;14
baseline_naive;happy_guided_reordered;happy;1;Q1_sales_growth;True;c3;True;0;0;0;0.333333;0.001;;0;0;14
baseline_naive;happy_guided_reordered;happy;2;Q2_margin_month;True;c1;True;0;0;0;0.666667;0.0004;;0;0;14
baseline_naive;happy_guided_reordered;happy;3;Q3_stockout_store;True;c2;True;0;0;0;1.0;0.0004;;0;0;14
baseline_measure_overlap;happy_guided_reordered;happy;1;Q1_sales_growth;True;c3;True;0;0;0;0.333333;0.0211;;0;0;14
baseline_measure_overlap;happy_guided_reordered;happy;2;Q2_margin_month;True;c1;True;0;0;0;0.666667;0.009;;0;0;14
baseline_measure_overlap;happy_guided_reordered;happy;3;Q3_stockout_store;True;c2;True;0;0;0;1.0;0.0076;;0;0;14
ablation_no_sat;happy_guided_reordered;happy;1;Q1_sales_growth;True;c3;True;0;0;0;0.333333;0.3811;True;2;1;14
ablation_no_sat;happy_guided_reordered;happy;2;Q2_margin_month;True;c1;True;0;0;0;0.666667;0.2515;True;1;1;14
ablation_no_sat;happy_guided_reordered;happy;3;Q3_stockout_store;True;c2;True;0;0;0;1.0;0.2389;True;1;1;14
ablation_no_real;happy_guided_reordered;happy;1;Q1_sales_growth;True;c3;True;0;0;0;0.333333;0.3734;True;2;1;14
ablation_no_real;happy_guided_reordered;happy;2;Q2_margin_month;True;c1;True;0;0;0;0.666667;0.2669;True;1;1;14
ablation_no_real;happy_guided_reordered;happy;3;Q3_stockout_store;True;c2;True;0;0;0;1.0;0.2491;True;1;1;14
ablation_ceval_any_intersection;happy_guided_reordered;happy;1;Q1_sales_growth;True;c3;True;0;0;0;0.333333;0.3681;True;2;1;14
ablation_ceval_any_intersection;happy_guided_reordered;happy;2;Q2_margin_month;True;c1;True;0;0;0;0.666667;0.2477;True;1;1;14
ablation_ceval_any_intersection;happy_guided_reordered;happy;3;Q3_stockout_store;True;c2;True;0;0;0;1.0;0.2777;True;1;1;14
baseline_random_matched;happy_guided_reordered;happy;1;Q1_sales_growth;True;c3;True;0;0;0;0.333333;0.0033;;0;0;14
baseline_random_matched;happy_guided_reordered;happy;2;Q2_margin_month;True;c1;True;0;0;0;0.666667;0.0007;;0;0;14
baseline_random_matched;happy_guided_reordered;happy;3;Q3_stockout_store;True;c2;True;0;0;0;1.0;0.0005;;0;0;14
mcad;happy_guided_compact;happy;1;Q1_margin_month;True;c1;True;0;0;0;0.333333;0.2753;True;1;1;14
mcad;happy_guided_compact;happy;2;Q2_sales_growth;True;c3;True;0;0;0;0.666667;0.3509;True;2;1;14
mcad;happy_guided_compact;happy;3;Q3_stockout_store;True;c2;True;0;0;0;1.0;0.245;True;1;1;14
baseline_naive;happy_guided_compact;happy;1;Q1_margin_month;True;c1;True;0;0;0;0.333333;0.001;;0;0;14
baseline_naive;happy_guided_compact;happy;2;Q2_sales_growth;True;c3;True;0;0;0;0.666667;0.0005;;0;0;14
baseline_naive;happy_guided_compact;happy;3;Q3_stockout_store;True;c2;True;0;0;0;1.0;0.0004;;0;0;14
baseline_measure_overlap;happy_guided_compact;happy;1;Q1_margin_month;True;c1;True;0;0;0;0.333333;0.0195;;0;0;14
baseline_measure_overlap;happy_guided_compact;happy;2;Q2_sales_growth;True;c3;True;0;0;0;0.666667;0.0089;;0;0;14
baseline_measure_overlap;happy_guided_compact;happy;3;Q3_stockout_store;True;c2;True;0;0;0;1.0;0.0081;;0;0;14
ablation_no_sat;happy_guided_compact;happy;1;Q1_margin_month;True;c1;True;0;0;0;0.333333;0.2945;True;1;1;14
ablation_no_sat;happy_guided_compact;happy;2;Q2_sales_growth;True;c3;True;0;0;0;0.666667;0.3355;True;2;1;14
ablation_no_sat;happy_guided_compact;happy;3;Q3_stockout_store;True;c2;True;0;0;0;1.0;0.2404;True;1;1;14
ablation_no_real;happy_guided_compact;happy;1;Q1_margin_month;True;c1;True;0;0;0;0.333333;0.2863;True;1;1;14
ablation_no_real;happy_guided_compact;happy;2;Q2_sales_growth;True;c3;True;0;0;0;0.666667;0.3543;True;2;1;14
ablation_no_real;happy_guided_compact;happy;3;Q3_stockout_store;True;c2;True;0;0;0;1.0;0.246;True;1;1;14
ablation_ceval_any_intersection;happy_guided_compact;happy;1;Q1_margin_month;True;c1;True;0;0;0;0.333333;0.2767;True;1;1;14
ablation_ceval_any_intersection;happy_guided_compact;happy;2;Q2_sales_growth;True;c3;True;0;0;0;0.666667;0.4252;True;2;1;14
ablation_ceval_any_intersection;happy_guided_compact;happy;3;Q3_stockout_store;True;c2;True;0;0;0;1.0;0.2431;True;1;1;14
baseline_random_matched;happy_guided_compact;happy;1;Q1_margin_month;True;c1;True;0;0;0;0.333333;0.0027;;0;0;14
baseline_random_matched;happy_guided_compact;happy;2;Q2_sales_growth;True;c3;True;0;0;0;0.666667;0.0006;;0;0;14
baseline_random_matched;happy_guided_compact;happy;3;Q3_stockout_store;True;c2;True;0;0;0;1.0;0.0005;;0;0;14
mcad;border_growth_partial_1998_only;border;1;Q1_sales_1998_only;False;;False;0;0;0;0.0;0.3404;True;1;0;14
baseline_naive;border_growth_partial_1998_only;border;1;Q1_sales_1998_only;False;;True;1;0;1;0.0;0.0009;;0;0;14
baseline_measure_overlap;border_growth_partial_1998_only;border;1;Q1_sales_1998_only;False;;True;1;0;1;0.0;0.0194;;0;0;14
ablation_no_sat;border_growth_partial_1998_only;border;1;Q1_sales_1998_only;False;;False;0;0;0;0.0;0.3385;True;1;0;14
ablation_no_real;border_growth_partial_1998_only;border;1;Q1_sales_1998_only;False;;True;1;0;1;0.0;0.3514;True;1;0;14
ablation_ceval_any_intersection;border_growth_partial_1998_only;border;1;Q1_sales_1998_only;False;;True;1;0;1;0.0;0.3354;True;1;1;14
baseline_random_matched;border_growth_partial_1998_only;border;1;Q1_sales_1998_only;False;;False;0;0;0;0.0;0.0028;;0;0;14
mcad;border_margin_wrong_grain;border;1;Q1_margin_quarter_only;False;;False;0;0;0;0.0;0.195;False;0;0;14
baseline_naive;border_margin_wrong_grain;border;1;Q1_margin_quarter_only;False;;True;1;0;1;0.0;0.001;;0;0;14
baseline_measure_overlap;border_margin_wrong_grain;border;1;Q1_margin_quarter_only;False;;True;1;0;1;0.0;0.0134;;0;0;14
ablation_no_sat;border_margin_wrong_grain;border;1;Q1_margin_quarter_only;False;;False;0;0;0;0.0;0.5453;False;0;0;14
ablation_no_real;border_margin_wrong_grain;border;1;Q1_margin_quarter_only;False;;False;0;0;0;0.0;0.2046;False;0;0;14
ablation_ceval_any_intersection;border_margin_wrong_grain;border;1;Q1_margin_quarter_only;False;;False;0;0;0;0.0;0.1963;False;0;0;14
baseline_random_matched;border_margin_wrong_grain;border;1;Q1_margin_quarter_only;False;;False;0;0;0;0.0;0.0033;;0;0;14
mcad;border_stockout_missing_store;border;1;Q1_stockout_category_only;False;;False;0;0;0;0.0;0.1949;False;0;0;14
baseline_naive;border_stockout_missing_store;border;1;Q1_stockout_category_only;False;;True;1;0;1;0.0;0.001;;0;0;14
baseline_measure_overlap;border_stockout_missing_store;border;1;Q1_stockout_category_only;False;;True;1;0;1;0.0;0.0138;;0;0;14
ablation_no_sat;border_stockout_missing_store;border;1;Q1_stockout_category_only;False;;False;0;0;0;0.0;0.4458;False;0;0;14
ablation_no_real;border_stockout_missing_store;border;1;Q1_stockout_category_only;False;;False;0;0;0;0.0;0.2036;False;0;0;14
ablation_ceval_any_intersection;border_stockout_missing_store;border;1;Q1_stockout_category_only;False;;False;0;0;0;0.0;0.1895;False;0;0;14
baseline_random_matched;border_stockout_missing_store;border;1;Q1_stockout_category_only;False;;True;1;0;1;0.0;0.0036;;0;0;14
mcad;adversarial_wrong_region;adversarial;1;Q1_margin_south;False;;False;0;0;0;0.0;0.1671;False;0;0;14
baseline_naive;adversarial_wrong_region;adversarial;1;Q1_margin_south;False;;True;1;0;1;0.0;0.0009;;0;0;14
baseline_measure_overlap;adversarial_wrong_region;adversarial;1;Q1_margin_south;False;;True;1;0;1;0.0;0.0129;;0;0;14
ablation_no_sat;adversarial_wrong_region;adversarial;1;Q1_margin_south;False;;False;0;0;0;0.0;0.2044;False;0;0;14
ablation_no_real;adversarial_wrong_region;adversarial;1;Q1_margin_south;False;;False;0;0;0;0.0;0.3048;False;0;0;14
ablation_ceval_any_intersection;adversarial_wrong_region;adversarial;1;Q1_margin_south;False;;False;0;0;0;0.0;0.181;False;0;0;14
baseline_random_matched;adversarial_wrong_region;adversarial;1;Q1_margin_south;False;;True;1;0;1;0.0;0.003;;0;0;14
mcad;adversarial_wrong_year;adversarial;1;Q1_stockout_1997;False;;False;0;0;0;0.0;0.1653;False;0;0;14
baseline_naive;adversarial_wrong_year;adversarial;1;Q1_stockout_1997;False;;True;1;0;1;0.0;0.0009;;0;0;14
baseline_measure_overlap;adversarial_wrong_year;adversarial;1;Q1_stockout_1997;False;;True;1;0;1;0.0;0.0137;;0;0;14
ablation_no_sat;adversarial_wrong_year;adversarial;1;Q1_stockout_1997;False;;False;0;0;0;0.0;0.184;False;0;0;14
ablation_no_real;adversarial_wrong_year;adversarial;1;Q1_stockout_1997;False;;False;0;0;0;0.0;0.2985;False;0;0;14
ablation_ceval_any_intersection;adversarial_wrong_year;adversarial;1;Q1_stockout_1997;False;;False;0;0;0;0.0;0.1676;False;0;0;14
baseline_random_matched;adversarial_wrong_year;adversarial;1;Q1_stockout_1997;False;;False;0;0;0;0.0;0.0029;;0;0;14
mcad;adversarial_invalid_no_measures;adversarial;1;Q1_invalid_no_measure;False;;False;0;0;0;0.0;0.0727;False;0;0;14
baseline_naive;adversarial_invalid_no_measures;adversarial;1;Q1_invalid_no_measure;False;;True;1;0;1;0.0;0.0009;;0;0;14
baseline_measure_overlap;adversarial_invalid_no_measures;adversarial;1;Q1_invalid_no_measure;False;;False;0;0;0;0.0;0.0131;;0;0;14
ablation_no_sat;adversarial_invalid_no_measures;adversarial;1;Q1_invalid_no_measure;False;;False;0;0;0;0.0;0.0863;False;0;0;14
ablation_no_real;adversarial_invalid_no_measures;adversarial;1;Q1_invalid_no_measure;False;;False;0;0;0;0.0;0.0986;False;0;0;14
ablation_ceval_any_intersection;adversarial_invalid_no_measures;adversarial;1;Q1_invalid_no_measure;False;;False;0;0;0;0.0;0.1122;False;0;0;14
baseline_random_matched;adversarial_invalid_no_measures;adversarial;1;Q1_invalid_no_measure;False;;False;0;0;0;0.0;0.0028;;0;0;14
mcad;stress_exploratory_then_useful;stress;1;Q1_noise_region;False;;False;0;0;0;0.0;0.1974;False;0;0;14
mcad;stress_exploratory_then_useful;stress;2;Q2_noise_margin_all;False;;False;0;0;0;0.0;0.144;False;0;0;14
mcad;stress_exploratory_then_useful;stress;3;Q3_useful_margin;True;c1;True;0;0;0;0.333333;0.2499;True;1;1;14
baseline_naive;stress_exploratory_then_useful;stress;1;Q1_noise_region;False;;True;1;0;1;0.0;0.0009;;0;0;14
baseline_naive;stress_exploratory_then_useful;stress;2;Q2_noise_margin_all;False;;True;1;0;1;0.0;0.0005;;0;0;14
baseline_naive;stress_exploratory_then_useful;stress;3;Q3_useful_margin;True;c1;True;0;0;0;0.333333;0.0004;;0;0;14
baseline_measure_overlap;stress_exploratory_then_useful;stress;1;Q1_noise_region;False;;True;1;0;1;0.0;0.0137;;0;0;14
baseline_measure_overlap;stress_exploratory_then_useful;stress;2;Q2_noise_margin_all;False;;True;1;0;1;0.0;0.0055;;0;0;14
baseline_measure_overlap;stress_exploratory_then_useful;stress;3;Q3_useful_margin;True;c1;True;0;0;0;0.333333;0.0042;;0;0;14
ablation_no_sat;stress_exploratory_then_useful;stress;1;Q1_noise_region;False;;False;0;0;0;0.0;0.2341;False;0;0;14
ablation_no_sat;stress_exploratory_then_useful;stress;2;Q2_noise_margin_all;False;;False;0;0;0;0.0;0.1686;False;0;0;14
ablation_no_sat;stress_exploratory_then_useful;stress;3;Q3_useful_margin;True;c1;True;0;0;0;0.333333;0.2459;True;1;1;14
ablation_no_real;stress_exploratory_then_useful;stress;1;Q1_noise_region;False;;False;0;0;0;0.0;0.1987;False;0;0;14
ablation_no_real;stress_exploratory_then_useful;stress;2;Q2_noise_margin_all;False;;False;0;0;0;0.0;0.1478;False;0;0;14
ablation_no_real;stress_exploratory_then_useful;stress;3;Q3_useful_margin;True;c1;True;0;0;0;0.333333;0.2624;True;1;1;14
ablation_ceval_any_intersection;stress_exploratory_then_useful;stress;1;Q1_noise_region;False;;False;0;0;0;0.0;0.3201;False;0;0;14
ablation_ceval_any_intersection;stress_exploratory_then_useful;stress;2;Q2_noise_margin_all;False;;False;0;0;0;0.0;0.2483;False;0;0;14
ablation_ceval_any_intersection;stress_exploratory_then_useful;stress;3;Q3_useful_margin;True;c1;True;0;0;0;0.333333;0.4945;True;1;1;14
baseline_random_matched;stress_exploratory_then_useful;stress;1;Q1_noise_region;False;;False;0;0;0;0.0;0.0027;;0;0;14
baseline_random_matched;stress_exploratory_then_useful;stress;2;Q2_noise_margin_all;False;;True;1;0;1;0.0;0.0007;;0;0;14
baseline_random_matched;stress_exploratory_then_useful;stress;3;Q3_useful_margin;True;c1;True;0;0;0;0.333333;0.0005;;0;0;14
mcad;happy_guided_article_short;happy;1;Q1_margin_month;True;c1;True;0;0;0;0.333333;0.3424;True;1;1;15
mcad;happy_guided_article_short;happy;2;Q2_stockout_store;True;c2;True;0;0;0;0.666667;0.4027;True;1;1;15
mcad;happy_guided_article_short;happy;3;Q3_sales_growth;True;c3;True;0;0;0;1.0;0.5901;True;2;1;15
baseline_naive;happy_guided_article_short;happy;1;Q1_margin_month;True;c1;True;0;0;0;0.333333;0.001;;0;0;15
baseline_naive;happy_guided_article_short;happy;2;Q2_stockout_store;True;c2;True;0;0;0;0.666667;0.0005;;0;0;15
baseline_naive;happy_guided_article_short;happy;3;Q3_sales_growth;True;c3;True;0;0;0;1.0;0.0003;;0;0;15
baseline_measure_overlap;happy_guided_article_short;happy;1;Q1_margin_month;True;c1;True;0;0;0;0.333333;0.0133;;0;0;15
baseline_measure_overlap;happy_guided_article_short;happy;2;Q2_stockout_store;True;c2;True;0;0;0;0.666667;0.0054;;0;0;15
baseline_measure_overlap;happy_guided_article_short;happy;3;Q3_sales_growth;True;c3;True;0;0;0;1.0;0.0041;;0;0;15
ablation_no_sat;happy_guided_article_short;happy;1;Q1_margin_month;True;c1;True;0;0;0;0.333333;0.2788;True;1;1;15
ablation_no_sat;happy_guided_article_short;happy;2;Q2_stockout_store;True;c2;True;0;0;0;0.666667;0.2456;True;1;1;15
ablation_no_sat;happy_guided_article_short;happy;3;Q3_sales_growth;True;c3;True;0;0;0;1.0;0.3245;True;2;1;15
ablation_no_real;happy_guided_article_short;happy;1;Q1_margin_month;True;c1;True;0;0;0;0.333333;0.2833;True;1;1;15
ablation_no_real;happy_guided_article_short;happy;2;Q2_stockout_store;True;c2;True;0;0;0;0.666667;0.2721;True;1;1;15
ablation_no_real;happy_guided_article_short;happy;3;Q3_sales_growth;True;c3;True;0;0;0;1.0;0.3367;True;2;1;15
ablation_ceval_any_intersection;happy_guided_article_short;happy;1;Q1_margin_month;True;c1;True;0;0;0;0.333333;0.4955;True;1;1;15
ablation_ceval_any_intersection;happy_guided_article_short;happy;2;Q2_stockout_store;True;c2;True;0;0;0;0.666667;0.4716;True;1;1;15
ablation_ceval_any_intersection;happy_guided_article_short;happy;3;Q3_sales_growth;True;c3;True;0;0;0;1.0;0.5826;True;2;1;15
baseline_random_matched;happy_guided_article_short;happy;1;Q1_margin_month;True;c1;True;0;0;0;0.333333;0.003;;0;0;15
baseline_random_matched;happy_guided_article_short;happy;2;Q2_stockout_store;True;c2;True;0;0;0;0.666667;0.0006;;0;0;15
baseline_random_matched;happy_guided_article_short;happy;3;Q3_sales_growth;True;c3;True;0;0;0;1.0;0.0004;;0;0;15
mcad;happy_guided_reordered;happy;1;Q1_sales_growth;True;c3;True;0;0;0;0.333333;0.365;True;2;1;15
mcad;happy_guided_reordered;happy;2;Q2_margin_month;True;c1;True;0;0;0;0.666667;0.2477;True;1;1;15
mcad;happy_guided_reordered;happy;3;Q3_stockout_store;True;c2;True;0;0;0;1.0;0.239;True;1;1;15
baseline_naive;happy_guided_reordered;happy;1;Q1_sales_growth;True;c3;True;0;0;0;0.333333;0.001;;0;0;15
baseline_naive;happy_guided_reordered;happy;2;Q2_margin_month;True;c1;True;0;0;0;0.666667;0.0005;;0;0;15
baseline_naive;happy_guided_reordered;happy;3;Q3_stockout_store;True;c2;True;0;0;0;1.0;0.0004;;0;0;15
baseline_measure_overlap;happy_guided_reordered;happy;1;Q1_sales_growth;True;c3;True;0;0;0;0.333333;0.0131;;0;0;15
baseline_measure_overlap;happy_guided_reordered;happy;2;Q2_margin_month;True;c1;True;0;0;0;0.666667;0.0055;;0;0;15
baseline_measure_overlap;happy_guided_reordered;happy;3;Q3_stockout_store;True;c2;True;0;0;0;1.0;0.0046;;0;0;15
ablation_no_sat;happy_guided_reordered;happy;1;Q1_sales_growth;True;c3;True;0;0;0;0.333333;0.844;True;2;1;15
ablation_no_sat;happy_guided_reordered;happy;2;Q2_margin_month;True;c1;True;0;0;0;0.666667;0.4739;True;1;1;15
ablation_no_sat;happy_guided_reordered;happy;3;Q3_stockout_store;True;c2;True;0;0;0;1.0;0.4663;True;1;1;15
ablation_no_real;happy_guided_reordered;happy;1;Q1_sales_growth;True;c3;True;0;0;0;0.333333;0.6918;True;2;1;15
ablation_no_real;happy_guided_reordered;happy;2;Q2_margin_month;True;c1;True;0;0;0;0.666667;0.4769;True;1;1;15
ablation_no_real;happy_guided_reordered;happy;3;Q3_stockout_store;True;c2;True;0;0;0;1.0;0.4541;True;1;1;15
ablation_ceval_any_intersection;happy_guided_reordered;happy;1;Q1_sales_growth;True;c3;True;0;0;0;0.333333;0.6716;True;2;1;15
ablation_ceval_any_intersection;happy_guided_reordered;happy;2;Q2_margin_month;True;c1;True;0;0;0;0.666667;0.4743;True;1;1;15
ablation_ceval_any_intersection;happy_guided_reordered;happy;3;Q3_stockout_store;True;c2;True;0;0;0;1.0;0.4855;True;1;1;15
baseline_random_matched;happy_guided_reordered;happy;1;Q1_sales_growth;True;c3;False;0;1;0;0.0;0.0031;;0;0;15
baseline_random_matched;happy_guided_reordered;happy;2;Q2_margin_month;True;c1;False;0;1;0;0.0;0.0006;;0;0;15
baseline_random_matched;happy_guided_reordered;happy;3;Q3_stockout_store;True;c2;False;0;1;0;0.0;0.0005;;0;0;15
mcad;happy_guided_compact;happy;1;Q1_margin_month;True;c1;True;0;0;0;0.333333;0.2801;True;1;1;15
mcad;happy_guided_compact;happy;2;Q2_sales_growth;True;c3;True;0;0;0;0.666667;0.346;True;2;1;15
mcad;happy_guided_compact;happy;3;Q3_stockout_store;True;c2;True;0;0;0;1.0;0.2405;True;1;1;15
baseline_naive;happy_guided_compact;happy;1;Q1_margin_month;True;c1;True;0;0;0;0.333333;0.001;;0;0;15
baseline_naive;happy_guided_compact;happy;2;Q2_sales_growth;True;c3;True;0;0;0;0.666667;0.0005;;0;0;15
baseline_naive;happy_guided_compact;happy;3;Q3_stockout_store;True;c2;True;0;0;0;1.0;0.0003;;0;0;15
baseline_measure_overlap;happy_guided_compact;happy;1;Q1_margin_month;True;c1;True;0;0;0;0.333333;0.0131;;0;0;15
baseline_measure_overlap;happy_guided_compact;happy;2;Q2_sales_growth;True;c3;True;0;0;0;0.666667;0.0051;;0;0;15
baseline_measure_overlap;happy_guided_compact;happy;3;Q3_stockout_store;True;c2;True;0;0;0;1.0;0.0052;;0;0;15
ablation_no_sat;happy_guided_compact;happy;1;Q1_margin_month;True;c1;True;0;0;0;0.333333;0.2756;True;1;1;15
ablation_no_sat;happy_guided_compact;happy;2;Q2_sales_growth;True;c3;True;0;0;0;0.666667;0.3489;True;2;1;15
ablation_no_sat;happy_guided_compact;happy;3;Q3_stockout_store;True;c2;True;0;0;0;1.0;0.2373;True;1;1;15
ablation_no_real;happy_guided_compact;happy;1;Q1_margin_month;True;c1;True;0;0;0;0.333333;0.2832;True;1;1;15
ablation_no_real;happy_guided_compact;happy;2;Q2_sales_growth;True;c3;True;0;0;0;0.666667;0.3701;True;2;1;15
ablation_no_real;happy_guided_compact;happy;3;Q3_stockout_store;True;c2;True;0;0;0;1.0;0.2587;True;1;1;15
ablation_ceval_any_intersection;happy_guided_compact;happy;1;Q1_margin_month;True;c1;True;0;0;0;0.333333;0.2961;True;1;1;15
ablation_ceval_any_intersection;happy_guided_compact;happy;2;Q2_sales_growth;True;c3;True;0;0;0;0.666667;0.328;True;2;1;15
ablation_ceval_any_intersection;happy_guided_compact;happy;3;Q3_stockout_store;True;c2;True;0;0;0;1.0;0.2361;True;1;1;15
baseline_random_matched;happy_guided_compact;happy;1;Q1_margin_month;True;c1;True;0;0;0;0.333333;0.0031;;0;0;15
baseline_random_matched;happy_guided_compact;happy;2;Q2_sales_growth;True;c3;False;0;1;0;0.333333;0.0007;;0;0;15
baseline_random_matched;happy_guided_compact;happy;3;Q3_stockout_store;True;c2;False;0;1;0;0.333333;0.0005;;0;0;15
mcad;border_growth_partial_1998_only;border;1;Q1_sales_1998_only;False;;False;0;0;0;0.0;0.3365;True;1;0;15
baseline_naive;border_growth_partial_1998_only;border;1;Q1_sales_1998_only;False;;True;1;0;1;0.0;0.0009;;0;0;15
baseline_measure_overlap;border_growth_partial_1998_only;border;1;Q1_sales_1998_only;False;;True;1;0;1;0.0;0.0129;;0;0;15
ablation_no_sat;border_growth_partial_1998_only;border;1;Q1_sales_1998_only;False;;False;0;0;0;0.0;0.4283;True;1;0;15
ablation_no_real;border_growth_partial_1998_only;border;1;Q1_sales_1998_only;False;;True;1;0;1;0.0;0.3647;True;1;0;15
ablation_ceval_any_intersection;border_growth_partial_1998_only;border;1;Q1_sales_1998_only;False;;True;1;0;1;0.0;0.563;True;1;1;15
baseline_random_matched;border_growth_partial_1998_only;border;1;Q1_sales_1998_only;False;;False;0;0;0;0.0;0.0045;;0;0;15
mcad;border_margin_wrong_grain;border;1;Q1_margin_quarter_only;False;;False;0;0;0;0.0;0.2146;False;0;0;15
baseline_naive;border_margin_wrong_grain;border;1;Q1_margin_quarter_only;False;;True;1;0;1;0.0;0.001;;0;0;15
baseline_measure_overlap;border_margin_wrong_grain;border;1;Q1_margin_quarter_only;False;;True;1;0;1;0.0;0.0157;;0;0;15
ablation_no_sat;border_margin_wrong_grain;border;1;Q1_margin_quarter_only;False;;False;0;0;0;0.0;0.411;False;0;0;15
ablation_no_real;border_margin_wrong_grain;border;1;Q1_margin_quarter_only;False;;False;0;0;0;0.0;0.2054;False;0;0;15
ablation_ceval_any_intersection;border_margin_wrong_grain;border;1;Q1_margin_quarter_only;False;;False;0;0;0;0.0;0.1939;False;0;0;15
baseline_random_matched;border_margin_wrong_grain;border;1;Q1_margin_quarter_only;False;;False;0;0;0;0.0;0.0032;;0;0;15
mcad;border_stockout_missing_store;border;1;Q1_stockout_category_only;False;;False;0;0;0;0.0;0.1897;False;0;0;15
baseline_naive;border_stockout_missing_store;border;1;Q1_stockout_category_only;False;;True;1;0;1;0.0;0.0009;;0;0;15
baseline_measure_overlap;border_stockout_missing_store;border;1;Q1_stockout_category_only;False;;True;1;0;1;0.0;0.0139;;0;0;15
ablation_no_sat;border_stockout_missing_store;border;1;Q1_stockout_category_only;False;;False;0;0;0;0.0;0.2734;False;0;0;15
ablation_no_real;border_stockout_missing_store;border;1;Q1_stockout_category_only;False;;False;0;0;0;0.0;0.3768;False;0;0;15
ablation_ceval_any_intersection;border_stockout_missing_store;border;1;Q1_stockout_category_only;False;;False;0;0;0;0.0;0.195;False;0;0;15
baseline_random_matched;border_stockout_missing_store;border;1;Q1_stockout_category_only;False;;False;0;0;0;0.0;0.003;;0;0;15
mcad;adversarial_wrong_region;adversarial;1;Q1_margin_south;False;;False;0;0;0;0.0;0.1719;False;0;0;15
baseline_naive;adversarial_wrong_region;adversarial;1;Q1_margin_south;False;;True;1;0;1;0.0;0.0009;;0;0;15
baseline_measure_overlap;adversarial_wrong_region;adversarial;1;Q1_margin_south;False;;True;1;0;1;0.0;0.0135;;0;0;15
ablation_no_sat;adversarial_wrong_region;adversarial;1;Q1_margin_south;False;;False;0;0;0;0.0;0.2088;False;0;0;15
ablation_no_real;adversarial_wrong_region;adversarial;1;Q1_margin_south;False;;False;0;0;0;0.0;0.315;False;0;0;15
ablation_ceval_any_intersection;adversarial_wrong_region;adversarial;1;Q1_margin_south;False;;False;0;0;0;0.0;0.1707;False;0;0;15
baseline_random_matched;adversarial_wrong_region;adversarial;1;Q1_margin_south;False;;True;1;0;1;0.0;0.003;;0;0;15
mcad;adversarial_wrong_year;adversarial;1;Q1_stockout_1997;False;;False;0;0;0;0.0;0.1929;False;0;0;15
baseline_naive;adversarial_wrong_year;adversarial;1;Q1_stockout_1997;False;;True;1;0;1;0.0;0.0009;;0;0;15
baseline_measure_overlap;adversarial_wrong_year;adversarial;1;Q1_stockout_1997;False;;True;1;0;1;0.0;0.0134;;0;0;15
ablation_no_sat;adversarial_wrong_year;adversarial;1;Q1_stockout_1997;False;;False;0;0;0;0.0;0.1909;False;0;0;15
ablation_no_real;adversarial_wrong_year;adversarial;1;Q1_stockout_1997;False;;False;0;0;0;0.0;0.1753;False;0;0;15
ablation_ceval_any_intersection;adversarial_wrong_year;adversarial;1;Q1_stockout_1997;False;;False;0;0;0;0.0;0.2679;False;0;0;15
baseline_random_matched;adversarial_wrong_year;adversarial;1;Q1_stockout_1997;False;;True;1;0;1;0.0;0.0042;;0;0;15
mcad;adversarial_invalid_no_measures;adversarial;1;Q1_invalid_no_measure;False;;False;0;0;0;0.0;0.0817;False;0;0;15
baseline_naive;adversarial_invalid_no_measures;adversarial;1;Q1_invalid_no_measure;False;;True;1;0;1;0.0;0.001;;0;0;15
baseline_measure_overlap;adversarial_invalid_no_measures;adversarial;1;Q1_invalid_no_measure;False;;False;0;0;0;0.0;0.0146;;0;0;15
ablation_no_sat;adversarial_invalid_no_measures;adversarial;1;Q1_invalid_no_measure;False;;False;0;0;0;0.0;0.0909;False;0;0;15
ablation_no_real;adversarial_invalid_no_measures;adversarial;1;Q1_invalid_no_measure;False;;False;0;0;0;0.0;0.0807;False;0;0;15
ablation_ceval_any_intersection;adversarial_invalid_no_measures;adversarial;1;Q1_invalid_no_measure;False;;False;0;0;0;0.0;0.1164;False;0;0;15
baseline_random_matched;adversarial_invalid_no_measures;adversarial;1;Q1_invalid_no_measure;False;;True;1;0;1;0.0;0.0033;;0;0;15
mcad;stress_exploratory_then_useful;stress;1;Q1_noise_region;False;;False;0;0;0;0.0;0.2008;False;0;0;15
mcad;stress_exploratory_then_useful;stress;2;Q2_noise_margin_all;False;;False;0;0;0;0.0;0.1401;False;0;0;15
mcad;stress_exploratory_then_useful;stress;3;Q3_useful_margin;True;c1;True;0;0;0;0.333333;0.2471;True;1;1;15
baseline_naive;stress_exploratory_then_useful;stress;1;Q1_noise_region;False;;True;1;0;1;0.0;0.0009;;0;0;15
baseline_naive;stress_exploratory_then_useful;stress;2;Q2_noise_margin_all;False;;True;1;0;1;0.0;0.0005;;0;0;15
baseline_naive;stress_exploratory_then_useful;stress;3;Q3_useful_margin;True;c1;True;0;0;0;0.333333;0.0003;;0;0;15
baseline_measure_overlap;stress_exploratory_then_useful;stress;1;Q1_noise_region;False;;True;1;0;1;0.0;0.0134;;0;0;15
baseline_measure_overlap;stress_exploratory_then_useful;stress;2;Q2_noise_margin_all;False;;True;1;0;1;0.0;0.0051;;0;0;15
baseline_measure_overlap;stress_exploratory_then_useful;stress;3;Q3_useful_margin;True;c1;True;0;0;0;0.333333;0.0041;;0;0;15
ablation_no_sat;stress_exploratory_then_useful;stress;1;Q1_noise_region;False;;False;0;0;0;0.0;0.2355;False;0;0;15
ablation_no_sat;stress_exploratory_then_useful;stress;2;Q2_noise_margin_all;False;;False;0;0;0;0.0;0.1722;False;0;0;15
ablation_no_sat;stress_exploratory_then_useful;stress;3;Q3_useful_margin;True;c1;True;0;0;0;0.333333;0.2461;True;1;1;15
ablation_no_real;stress_exploratory_then_useful;stress;1;Q1_noise_region;False;;False;0;0;0;0.0;0.2016;False;0;0;15
ablation_no_real;stress_exploratory_then_useful;stress;2;Q2_noise_margin_all;False;;False;0;0;0;0.0;0.1569;False;0;0;15
ablation_no_real;stress_exploratory_then_useful;stress;3;Q3_useful_margin;True;c1;True;0;0;0;0.333333;0.253;True;1;1;15
ablation_ceval_any_intersection;stress_exploratory_then_useful;stress;1;Q1_noise_region;False;;False;0;0;0;0.0;0.3541;False;0;0;15
ablation_ceval_any_intersection;stress_exploratory_then_useful;stress;2;Q2_noise_margin_all;False;;False;0;0;0;0.0;0.2915;False;0;0;15
ablation_ceval_any_intersection;stress_exploratory_then_useful;stress;3;Q3_useful_margin;True;c1;True;0;0;0;0.333333;0.4724;True;1;1;15
baseline_random_matched;stress_exploratory_then_useful;stress;1;Q1_noise_region;False;;True;1;0;1;0.0;0.0032;;0;0;15
baseline_random_matched;stress_exploratory_then_useful;stress;2;Q2_noise_margin_all;False;;False;0;0;0;0.0;0.0007;;0;0;15
baseline_random_matched;stress_exploratory_then_useful;stress;3;Q3_useful_margin;True;c1;False;0;1;0;0.0;0.0004;;0;0;15
mcad;happy_guided_article_short;happy;1;Q1_margin_month;True;c1;True;0;0;0;0.333333;0.2838;True;1;1;16
mcad;happy_guided_article_short;happy;2;Q2_stockout_store;True;c2;True;0;0;0;0.666667;0.2454;True;1;1;16
mcad;happy_guided_article_short;happy;3;Q3_sales_growth;True;c3;True;0;0;0;1.0;0.3289;True;2;1;16
baseline_naive;happy_guided_article_short;happy;1;Q1_margin_month;True;c1;True;0;0;0;0.333333;0.001;;0;0;16
baseline_naive;happy_guided_article_short;happy;2;Q2_stockout_store;True;c2;True;0;0;0;0.666667;0.0005;;0;0;16
baseline_naive;happy_guided_article_short;happy;3;Q3_sales_growth;True;c3;True;0;0;0;1.0;0.0004;;0;0;16
baseline_measure_overlap;happy_guided_article_short;happy;1;Q1_margin_month;True;c1;True;0;0;0;0.333333;0.0132;;0;0;16
baseline_measure_overlap;happy_guided_article_short;happy;2;Q2_stockout_store;True;c2;True;0;0;0;0.666667;0.0052;;0;0;16
baseline_measure_overlap;happy_guided_article_short;happy;3;Q3_sales_growth;True;c3;True;0;0;0;1.0;0.0041;;0;0;16
ablation_no_sat;happy_guided_article_short;happy;1;Q1_margin_month;True;c1;True;0;0;0;0.333333;0.2823;True;1;1;16
ablation_no_sat;happy_guided_article_short;happy;2;Q2_stockout_store;True;c2;True;0;0;0;0.666667;0.2474;True;1;1;16
ablation_no_sat;happy_guided_article_short;happy;3;Q3_sales_growth;True;c3;True;0;0;0;1.0;0.3356;True;2;1;16
ablation_no_real;happy_guided_article_short;happy;1;Q1_margin_month;True;c1;True;0;0;0;0.333333;0.2855;True;1;1;16
ablation_no_real;happy_guided_article_short;happy;2;Q2_stockout_store;True;c2;True;0;0;0;0.666667;0.2629;True;1;1;16
ablation_no_real;happy_guided_article_short;happy;3;Q3_sales_growth;True;c3;True;0;0;0;1.0;0.3397;True;2;1;16
ablation_ceval_any_intersection;happy_guided_article_short;happy;1;Q1_margin_month;True;c1;True;0;0;0;0.333333;0.4908;True;1;1;16
ablation_ceval_any_intersection;happy_guided_article_short;happy;2;Q2_stockout_store;True;c2;True;0;0;0;0.666667;0.4771;True;1;1;16
ablation_ceval_any_intersection;happy_guided_article_short;happy;3;Q3_sales_growth;True;c3;True;0;0;0;1.0;0.6901;True;2;1;16
baseline_random_matched;happy_guided_article_short;happy;1;Q1_margin_month;True;c1;True;0;0;0;0.333333;0.0039;;0;0;16
baseline_random_matched;happy_guided_article_short;happy;2;Q2_stockout_store;True;c2;True;0;0;0;0.666667;0.0011;;0;0;16
baseline_random_matched;happy_guided_article_short;happy;3;Q3_sales_growth;True;c3;False;0;1;0;0.666667;0.0009;;0;0;16
mcad;happy_guided_reordered;happy;1;Q1_sales_growth;True;c3;True;0;0;0;0.333333;0.8045;True;2;1;16
mcad;happy_guided_reordered;happy;2;Q2_margin_month;True;c1;True;0;0;0;0.666667;1.7496;True;1;1;16
mcad;happy_guided_reordered;happy;3;Q3_stockout_store;True;c2;True;0;0;0;1.0;0.4967;True;1;1;16
baseline_naive;happy_guided_reordered;happy;1;Q1_sales_growth;True;c3;True;0;0;0;0.333333;0.001;;0;0;16
baseline_naive;happy_guided_reordered;happy;2;Q2_margin_month;True;c1;True;0;0;0;0.666667;0.0005;;0;0;16
baseline_naive;happy_guided_reordered;happy;3;Q3_stockout_store;True;c2;True;0;0;0;1.0;0.0003;;0;0;16
baseline_measure_overlap;happy_guided_reordered;happy;1;Q1_sales_growth;True;c3;True;0;0;0;0.333333;0.0143;;0;0;16
baseline_measure_overlap;happy_guided_reordered;happy;2;Q2_margin_month;True;c1;True;0;0;0;0.666667;0.0054;;0;0;16
baseline_measure_overlap;happy_guided_reordered;happy;3;Q3_stockout_store;True;c2;True;0;0;0;1.0;0.0044;;0;0;16
ablation_no_sat;happy_guided_reordered;happy;1;Q1_sales_growth;True;c3;True;0;0;0;0.333333;0.3686;True;2;1;16
ablation_no_sat;happy_guided_reordered;happy;2;Q2_margin_month;True;c1;True;0;0;0;0.666667;0.4534;True;1;1;16
ablation_no_sat;happy_guided_reordered;happy;3;Q3_stockout_store;True;c2;True;0;0;0;1.0;0.4275;True;1;1;16
ablation_no_real;happy_guided_reordered;happy;1;Q1_sales_growth;True;c3;True;0;0;0;0.333333;0.3818;True;2;1;16
ablation_no_real;happy_guided_reordered;happy;2;Q2_margin_month;True;c1;True;0;0;0;0.666667;0.2675;True;1;1;16
ablation_no_real;happy_guided_reordered;happy;3;Q3_stockout_store;True;c2;True;0;0;0;1.0;0.2462;True;1;1;16
ablation_ceval_any_intersection;happy_guided_reordered;happy;1;Q1_sales_growth;True;c3;True;0;0;0;0.333333;0.3649;True;2;1;16
ablation_ceval_any_intersection;happy_guided_reordered;happy;2;Q2_margin_month;True;c1;True;0;0;0;0.666667;0.2582;True;1;1;16
ablation_ceval_any_intersection;happy_guided_reordered;happy;3;Q3_stockout_store;True;c2;True;0;0;0;1.0;0.2407;True;1;1;16
baseline_random_matched;happy_guided_reordered;happy;1;Q1_sales_growth;True;c3;True;0;0;0;0.333333;0.003;;0;0;16
baseline_random_matched;happy_guided_reordered;happy;2;Q2_margin_month;True;c1;True;0;0;0;0.666667;0.0006;;0;0;16
baseline_random_matched;happy_guided_reordered;happy;3;Q3_stockout_store;True;c2;False;0;1;0;0.666667;0.0004;;0;0;16
mcad;happy_guided_compact;happy;1;Q1_margin_month;True;c1;True;0;0;0;0.333333;0.2806;True;1;1;16
mcad;happy_guided_compact;happy;2;Q2_sales_growth;True;c3;True;0;0;0;0.666667;0.3399;True;2;1;16
mcad;happy_guided_compact;happy;3;Q3_stockout_store;True;c2;True;0;0;0;1.0;0.2522;True;1;1;16
baseline_naive;happy_guided_compact;happy;1;Q1_margin_month;True;c1;True;0;0;0;0.333333;0.0009;;0;0;16
baseline_naive;happy_guided_compact;happy;2;Q2_sales_growth;True;c3;True;0;0;0;0.666667;0.0005;;0;0;16
baseline_naive;happy_guided_compact;happy;3;Q3_stockout_store;True;c2;True;0;0;0;1.0;0.0004;;0;0;16
baseline_measure_overlap;happy_guided_compact;happy;1;Q1_margin_month;True;c1;True;0;0;0;0.333333;0.0132;;0;0;16
baseline_measure_overlap;happy_guided_compact;happy;2;Q2_sales_growth;True;c3;True;0;0;0;0.666667;0.0054;;0;0;16
baseline_measure_overlap;happy_guided_compact;happy;3;Q3_stockout_store;True;c2;True;0;0;0;1.0;0.0046;;0;0;16
ablation_no_sat;happy_guided_compact;happy;1;Q1_margin_month;True;c1;True;0;0;0;0.333333;0.5254;True;1;1;16
ablation_no_sat;happy_guided_compact;happy;2;Q2_sales_growth;True;c3;True;0;0;0;0.666667;0.6283;True;2;1;16
ablation_no_sat;happy_guided_compact;happy;3;Q3_stockout_store;True;c2;True;0;0;0;1.0;0.4757;True;1;1;16
ablation_no_real;happy_guided_compact;happy;1;Q1_margin_month;True;c1;True;0;0;0;0.333333;0.2897;True;1;1;16
ablation_no_real;happy_guided_compact;happy;2;Q2_sales_growth;True;c3;True;0;0;0;0.666667;0.3575;True;2;1;16
ablation_no_real;happy_guided_compact;happy;3;Q3_stockout_store;True;c2;True;0;0;0;1.0;0.2534;True;1;1;16
ablation_ceval_any_intersection;happy_guided_compact;happy;1;Q1_margin_month;True;c1;True;0;0;0;0.333333;0.288;True;1;1;16
ablation_ceval_any_intersection;happy_guided_compact;happy;2;Q2_sales_growth;True;c3;True;0;0;0;0.666667;0.353;True;2;1;16
ablation_ceval_any_intersection;happy_guided_compact;happy;3;Q3_stockout_store;True;c2;True;0;0;0;1.0;0.2428;True;1;1;16
baseline_random_matched;happy_guided_compact;happy;1;Q1_margin_month;True;c1;False;0;1;0;0.0;0.0032;;0;0;16
baseline_random_matched;happy_guided_compact;happy;2;Q2_sales_growth;True;c3;True;0;0;0;0.333333;0.0006;;0;0;16
baseline_random_matched;happy_guided_compact;happy;3;Q3_stockout_store;True;c2;False;0;1;0;0.333333;0.0005;;0;0;16
mcad;border_growth_partial_1998_only;border;1;Q1_sales_1998_only;False;;False;0;0;0;0.0;0.3396;True;1;0;16
baseline_naive;border_growth_partial_1998_only;border;1;Q1_sales_1998_only;False;;True;1;0;1;0.0;0.0015;;0;0;16
baseline_measure_overlap;border_growth_partial_1998_only;border;1;Q1_sales_1998_only;False;;True;1;0;1;0.0;0.0146;;0;0;16
ablation_no_sat;border_growth_partial_1998_only;border;1;Q1_sales_1998_only;False;;False;0;0;0;0.0;0.338;True;1;0;16
ablation_no_real;border_growth_partial_1998_only;border;1;Q1_sales_1998_only;False;;True;1;0;1;0.0;0.3544;True;1;0;16
ablation_ceval_any_intersection;border_growth_partial_1998_only;border;1;Q1_sales_1998_only;False;;True;1;0;1;0.0;0.3409;True;1;1;16
baseline_random_matched;border_growth_partial_1998_only;border;1;Q1_sales_1998_only;False;;True;1;0;1;0.0;0.0029;;0;0;16
mcad;border_margin_wrong_grain;border;1;Q1_margin_quarter_only;False;;False;0;0;0;0.0;0.1933;False;0;0;16
baseline_naive;border_margin_wrong_grain;border;1;Q1_margin_quarter_only;False;;True;1;0;1;0.0;0.001;;0;0;16
baseline_measure_overlap;border_margin_wrong_grain;border;1;Q1_margin_quarter_only;False;;True;1;0;1;0.0;0.0189;;0;0;16
ablation_no_sat;border_margin_wrong_grain;border;1;Q1_margin_quarter_only;False;;False;0;0;0;0.0;0.2707;False;0;0;16
ablation_no_real;border_margin_wrong_grain;border;1;Q1_margin_quarter_only;False;;False;0;0;0;0.0;0.2002;False;0;0;16
ablation_ceval_any_intersection;border_margin_wrong_grain;border;1;Q1_margin_quarter_only;False;;False;0;0;0;0.0;0.1969;False;0;0;16
baseline_random_matched;border_margin_wrong_grain;border;1;Q1_margin_quarter_only;False;;False;0;0;0;0.0;0.003;;0;0;16
mcad;border_stockout_missing_store;border;1;Q1_stockout_category_only;False;;False;0;0;0;0.0;0.194;False;0;0;16
baseline_naive;border_stockout_missing_store;border;1;Q1_stockout_category_only;False;;True;1;0;1;0.0;0.0009;;0;0;16
baseline_measure_overlap;border_stockout_missing_store;border;1;Q1_stockout_category_only;False;;True;1;0;1;0.0;0.0194;;0;0;16
ablation_no_sat;border_stockout_missing_store;border;1;Q1_stockout_category_only;False;;False;0;0;0;0.0;0.2587;False;0;0;16
ablation_no_real;border_stockout_missing_store;border;1;Q1_stockout_category_only;False;;False;0;0;0;0.0;0.2011;False;0;0;16
ablation_ceval_any_intersection;border_stockout_missing_store;border;1;Q1_stockout_category_only;False;;False;0;0;0;0.0;0.1921;False;0;0;16
baseline_random_matched;border_stockout_missing_store;border;1;Q1_stockout_category_only;False;;True;1;0;1;0.0;0.0027;;0;0;16
mcad;adversarial_wrong_region;adversarial;1;Q1_margin_south;False;;False;0;0;0;0.0;0.1694;False;0;0;16
baseline_naive;adversarial_wrong_region;adversarial;1;Q1_margin_south;False;;True;1;0;1;0.0;0.0009;;0;0;16
baseline_measure_overlap;adversarial_wrong_region;adversarial;1;Q1_margin_south;False;;True;1;0;1;0.0;0.0132;;0;0;16
ablation_no_sat;adversarial_wrong_region;adversarial;1;Q1_margin_south;False;;False;0;0;0;0.0;0.3667;False;0;0;16
ablation_no_real;adversarial_wrong_region;adversarial;1;Q1_margin_south;False;;False;0;0;0;0.0;0.1769;False;0;0;16
ablation_ceval_any_intersection;adversarial_wrong_region;adversarial;1;Q1_margin_south;False;;False;0;0;0;0.0;0.177;False;0;0;16
baseline_random_matched;adversarial_wrong_region;adversarial;1;Q1_margin_south;False;;True;1;0;1;0.0;0.0128;;0;0;16
mcad;adversarial_wrong_year;adversarial;1;Q1_stockout_1997;False;;False;0;0;0;0.0;0.1768;False;0;0;16
baseline_naive;adversarial_wrong_year;adversarial;1;Q1_stockout_1997;False;;True;1;0;1;0.0;0.0009;;0;0;16
baseline_measure_overlap;adversarial_wrong_year;adversarial;1;Q1_stockout_1997;False;;True;1;0;1;0.0;0.0127;;0;0;16
ablation_no_sat;adversarial_wrong_year;adversarial;1;Q1_stockout_1997;False;;False;0;0;0;0.0;0.3285;False;0;0;16
ablation_no_real;adversarial_wrong_year;adversarial;1;Q1_stockout_1997;False;;False;0;0;0;0.0;0.1741;False;0;0;16
ablation_ceval_any_intersection;adversarial_wrong_year;adversarial;1;Q1_stockout_1997;False;;False;0;0;0;0.0;0.1671;False;0;0;16
baseline_random_matched;adversarial_wrong_year;adversarial;1;Q1_stockout_1997;False;;True;1;0;1;0.0;0.0028;;0;0;16
mcad;adversarial_invalid_no_measures;adversarial;1;Q1_invalid_no_measure;False;;False;0;0;0;0.0;0.0722;False;0;0;16
baseline_naive;adversarial_invalid_no_measures;adversarial;1;Q1_invalid_no_measure;False;;True;1;0;1;0.0;0.0009;;0;0;16
baseline_measure_overlap;adversarial_invalid_no_measures;adversarial;1;Q1_invalid_no_measure;False;;False;0;0;0;0.0;0.0125;;0;0;16
ablation_no_sat;adversarial_invalid_no_measures;adversarial;1;Q1_invalid_no_measure;False;;False;0;0;0;0.0;0.0861;False;0;0;16
ablation_no_real;adversarial_invalid_no_measures;adversarial;1;Q1_invalid_no_measure;False;;False;0;0;0;0.0;0.0805;False;0;0;16
ablation_ceval_any_intersection;adversarial_invalid_no_measures;adversarial;1;Q1_invalid_no_measure;False;;False;0;0;0;0.0;0.0726;False;0;0;16
baseline_random_matched;adversarial_invalid_no_measures;adversarial;1;Q1_invalid_no_measure;False;;True;1;0;1;0.0;0.0026;;0;0;16
mcad;stress_exploratory_then_useful;stress;1;Q1_noise_region;False;;False;0;0;0;0.0;0.1939;False;0;0;16
mcad;stress_exploratory_then_useful;stress;2;Q2_noise_margin_all;False;;False;0;0;0;0.0;0.1415;False;0;0;16
mcad;stress_exploratory_then_useful;stress;3;Q3_useful_margin;True;c1;True;0;0;0;0.333333;0.2572;True;1;1;16
baseline_naive;stress_exploratory_then_useful;stress;1;Q1_noise_region;False;;True;1;0;1;0.0;0.0009;;0;0;16
baseline_naive;stress_exploratory_then_useful;stress;2;Q2_noise_margin_all;False;;True;1;0;1;0.0;0.0007;;0;0;16
baseline_naive;stress_exploratory_then_useful;stress;3;Q3_useful_margin;True;c1;True;0;0;0;0.333333;0.0005;;0;0;16
baseline_measure_overlap;stress_exploratory_then_useful;stress;1;Q1_noise_region;False;;True;1;0;1;0.0;0.0124;;0;0;16
baseline_measure_overlap;stress_exploratory_then_useful;stress;2;Q2_noise_margin_all;False;;True;1;0;1;0.0;0.0052;;0;0;16
baseline_measure_overlap;stress_exploratory_then_useful;stress;3;Q3_useful_margin;True;c1;True;0;0;0;0.333333;0.0042;;0;0;16
ablation_no_sat;stress_exploratory_then_useful;stress;1;Q1_noise_region;False;;False;0;0;0;0.0;0.2323;False;0;0;16
ablation_no_sat;stress_exploratory_then_useful;stress;2;Q2_noise_margin_all;False;;False;0;0;0;0.0;0.1802;False;0;0;16
ablation_no_sat;stress_exploratory_then_useful;stress;3;Q3_useful_margin;True;c1;True;0;0;0;0.333333;0.2419;True;1;1;16
ablation_no_real;stress_exploratory_then_useful;stress;1;Q1_noise_region;False;;False;0;0;0;0.0;0.3774;False;0;0;16
ablation_no_real;stress_exploratory_then_useful;stress;2;Q2_noise_margin_all;False;;False;0;0;0;0.0;0.2847;False;0;0;16
ablation_no_real;stress_exploratory_then_useful;stress;3;Q3_useful_margin;True;c1;True;0;0;0;0.333333;0.4898;True;1;1;16
ablation_ceval_any_intersection;stress_exploratory_then_useful;stress;1;Q1_noise_region;False;;False;0;0;0;0.0;0.1944;False;0;0;16
ablation_ceval_any_intersection;stress_exploratory_then_useful;stress;2;Q2_noise_margin_all;False;;False;0;0;0;0.0;0.1522;False;0;0;16
ablation_ceval_any_intersection;stress_exploratory_then_useful;stress;3;Q3_useful_margin;True;c1;True;0;0;0;0.333333;0.2435;True;1;1;16
baseline_random_matched;stress_exploratory_then_useful;stress;1;Q1_noise_region;False;;True;1;0;1;0.0;0.0027;;0;0;16
baseline_random_matched;stress_exploratory_then_useful;stress;2;Q2_noise_margin_all;False;;True;1;0;1;0.0;0.0007;;0;0;16
baseline_random_matched;stress_exploratory_then_useful;stress;3;Q3_useful_margin;True;c1;False;0;1;0;0.0;0.0005;;0;0;16
mcad;happy_guided_article_short;happy;1;Q1_margin_month;True;c1;True;0;0;0;0.333333;0.3113;True;1;1;17
mcad;happy_guided_article_short;happy;2;Q2_stockout_store;True;c2;True;0;0;0;0.666667;0.2452;True;1;1;17
mcad;happy_guided_article_short;happy;3;Q3_sales_growth;True;c3;True;0;0;0;1.0;0.3314;True;2;1;17
baseline_naive;happy_guided_article_short;happy;1;Q1_margin_month;True;c1;True;0;0;0;0.333333;0.0013;;0;0;17
baseline_naive;happy_guided_article_short;happy;2;Q2_stockout_store;True;c2;True;0;0;0;0.666667;0.0008;;0;0;17
baseline_naive;happy_guided_article_short;happy;3;Q3_sales_growth;True;c3;True;0;0;0;1.0;0.0005;;0;0;17
baseline_measure_overlap;happy_guided_article_short;happy;1;Q1_margin_month;True;c1;True;0;0;0;0.333333;0.0128;;0;0;17
baseline_measure_overlap;happy_guided_article_short;happy;2;Q2_stockout_store;True;c2;True;0;0;0;0.666667;0.0052;;0;0;17
baseline_measure_overlap;happy_guided_article_short;happy;3;Q3_sales_growth;True;c3;True;0;0;0;1.0;0.0044;;0;0;17
ablation_no_sat;happy_guided_article_short;happy;1;Q1_margin_month;True;c1;True;0;0;0;0.333333;0.2761;True;1;1;17
ablation_no_sat;happy_guided_article_short;happy;2;Q2_stockout_store;True;c2;True;0;0;0;0.666667;0.2453;True;1;1;17
ablation_no_sat;happy_guided_article_short;happy;3;Q3_sales_growth;True;c3;True;0;0;0;1.0;0.3395;True;2;1;17
ablation_no_real;happy_guided_article_short;happy;1;Q1_margin_month;True;c1;True;0;0;0;0.333333;0.504;True;1;1;17
ablation_no_real;happy_guided_article_short;happy;2;Q2_stockout_store;True;c2;True;0;0;0;0.666667;0.4753;True;1;1;17
ablation_no_real;happy_guided_article_short;happy;3;Q3_sales_growth;True;c3;True;0;0;0;1.0;0.6569;True;2;1;17
ablation_ceval_any_intersection;happy_guided_article_short;happy;1;Q1_margin_month;True;c1;True;0;0;0;0.333333;0.2831;True;1;1;17
ablation_ceval_any_intersection;happy_guided_article_short;happy;2;Q2_stockout_store;True;c2;True;0;0;0;0.666667;0.2437;True;1;1;17
ablation_ceval_any_intersection;happy_guided_article_short;happy;3;Q3_sales_growth;True;c3;True;0;0;0;1.0;0.3255;True;2;1;17
baseline_random_matched;happy_guided_article_short;happy;1;Q1_margin_month;True;c1;True;0;0;0;0.333333;0.0031;;0;0;17
baseline_random_matched;happy_guided_article_short;happy;2;Q2_stockout_store;True;c2;False;0;1;0;0.333333;0.0007;;0;0;17
baseline_random_matched;happy_guided_article_short;happy;3;Q3_sales_growth;True;c3;True;0;0;0;0.666667;0.0005;;0;0;17
mcad;happy_guided_reordered;happy;1;Q1_sales_growth;True;c3;True;0;0;0;0.333333;0.3731;True;2;1;17
mcad;happy_guided_reordered;happy;2;Q2_margin_month;True;c1;True;0;0;0;0.666667;0.2495;True;1;1;17
mcad;happy_guided_reordered;happy;3;Q3_stockout_store;True;c2;True;0;0;0;1.0;0.2438;True;1;1;17
baseline_naive;happy_guided_reordered;happy;1;Q1_sales_growth;True;c3;True;0;0;0;0.333333;0.0009;;0;0;17
baseline_naive;happy_guided_reordered;happy;2;Q2_margin_month;True;c1;True;0;0;0;0.666667;0.0004;;0;0;17
baseline_naive;happy_guided_reordered;happy;3;Q3_stockout_store;True;c2;True;0;0;0;1.0;0.0003;;0;0;17
baseline_measure_overlap;happy_guided_reordered;happy;1;Q1_sales_growth;True;c3;True;0;0;0;0.333333;0.0133;;0;0;17
baseline_measure_overlap;happy_guided_reordered;happy;2;Q2_margin_month;True;c1;True;0;0;0;0.666667;0.0051;;0;0;17
baseline_measure_overlap;happy_guided_reordered;happy;3;Q3_stockout_store;True;c2;True;0;0;0;1.0;0.0042;;0;0;17
ablation_no_sat;happy_guided_reordered;happy;1;Q1_sales_growth;True;c3;True;0;0;0;0.333333;0.3653;True;2;1;17
ablation_no_sat;happy_guided_reordered;happy;2;Q2_margin_month;True;c1;True;0;0;0;0.666667;0.2477;True;1;1;17
ablation_no_sat;happy_guided_reordered;happy;3;Q3_stockout_store;True;c2;True;0;0;0;1.0;0.2368;True;1;1;17
ablation_no_real;happy_guided_reordered;happy;1;Q1_sales_growth;True;c3;True;0;0;0;0.333333;0.6787;True;2;1;17
ablation_no_real;happy_guided_reordered;happy;2;Q2_margin_month;True;c1;True;0;0;0;0.666667;0.4742;True;1;1;17
ablation_no_real;happy_guided_reordered;happy;3;Q3_stockout_store;True;c2;True;0;0;0;1.0;0.4696;True;1;1;17
ablation_ceval_any_intersection;happy_guided_reordered;happy;1;Q1_sales_growth;True;c3;True;0;0;0;0.333333;0.686;True;2;1;17
ablation_ceval_any_intersection;happy_guided_reordered;happy;2;Q2_margin_month;True;c1;True;0;0;0;0.666667;0.4582;True;1;1;17
ablation_ceval_any_intersection;happy_guided_reordered;happy;3;Q3_stockout_store;True;c2;True;0;0;0;1.0;0.4277;True;1;1;17
baseline_random_matched;happy_guided_reordered;happy;1;Q1_sales_growth;True;c3;False;0;1;0;0.0;0.0028;;0;0;17
baseline_random_matched;happy_guided_reordered;happy;2;Q2_margin_month;True;c1;True;0;0;0;0.333333;0.0006;;0;0;17
baseline_random_matched;happy_guided_reordered;happy;3;Q3_stockout_store;True;c2;False;0;1;0;0.333333;0.0005;;0;0;17
mcad;happy_guided_compact;happy;1;Q1_margin_month;True;c1;True;0;0;0;0.333333;0.2868;True;1;1;17
mcad;happy_guided_compact;happy;2;Q2_sales_growth;True;c3;True;0;0;0;0.666667;0.3383;True;2;1;17
mcad;happy_guided_compact;happy;3;Q3_stockout_store;True;c2;True;0;0;0;1.0;0.2402;True;1;1;17
baseline_naive;happy_guided_compact;happy;1;Q1_margin_month;True;c1;True;0;0;0;0.333333;0.0009;;0;0;17
baseline_naive;happy_guided_compact;happy;2;Q2_sales_growth;True;c3;True;0;0;0;0.666667;0.0005;;0;0;17
baseline_naive;happy_guided_compact;happy;3;Q3_stockout_store;True;c2;True;0;0;0;1.0;0.0004;;0;0;17
baseline_measure_overlap;happy_guided_compact;happy;1;Q1_margin_month;True;c1;True;0;0;0;0.333333;0.0134;;0;0;17
baseline_measure_overlap;happy_guided_compact;happy;2;Q2_sales_growth;True;c3;True;0;0;0;0.666667;0.0053;;0;0;17
baseline_measure_overlap;happy_guided_compact;happy;3;Q3_stockout_store;True;c2;True;0;0;0;1.0;0.0045;;0;0;17
ablation_no_sat;happy_guided_compact;happy;1;Q1_margin_month;True;c1;True;0;0;0;0.333333;0.365;True;1;1;17
ablation_no_sat;happy_guided_compact;happy;2;Q2_sales_growth;True;c3;True;0;0;0;0.666667;0.6315;True;2;1;17
ablation_no_sat;happy_guided_compact;happy;3;Q3_stockout_store;True;c2;True;0;0;0;1.0;0.4494;True;1;1;17
ablation_no_real;happy_guided_compact;happy;1;Q1_margin_month;True;c1;True;0;0;0;0.333333;0.5021;True;1;1;17
ablation_no_real;happy_guided_compact;happy;2;Q2_sales_growth;True;c3;True;0;0;0;0.666667;0.3888;True;2;1;17
ablation_no_real;happy_guided_compact;happy;3;Q3_stockout_store;True;c2;True;0;0;0;1.0;0.2473;True;1;1;17
ablation_ceval_any_intersection;happy_guided_compact;happy;1;Q1_margin_month;True;c1;True;0;0;0;0.333333;0.2728;True;1;1;17
ablation_ceval_any_intersection;happy_guided_compact;happy;2;Q2_sales_growth;True;c3;True;0;0;0;0.666667;0.3393;True;2;1;17
ablation_ceval_any_intersection;happy_guided_compact;happy;3;Q3_stockout_store;True;c2;True;0;0;0;1.0;0.2363;True;1;1;17
baseline_random_matched;happy_guided_compact;happy;1;Q1_margin_month;True;c1;True;0;0;0;0.333333;0.0031;;0;0;17
baseline_random_matched;happy_guided_compact;happy;2;Q2_sales_growth;True;c3;True;0;0;0;0.666667;0.0007;;0;0;17
baseline_random_matched;happy_guided_compact;happy;3;Q3_stockout_store;True;c2;False;0;1;0;0.666667;0.0005;;0;0;17
mcad;border_growth_partial_1998_only;border;1;Q1_sales_1998_only;False;;False;0;0;0;0.0;0.3334;True;1;0;17
baseline_naive;border_growth_partial_1998_only;border;1;Q1_sales_1998_only;False;;True;1;0;1;0.0;0.0009;;0;0;17
baseline_measure_overlap;border_growth_partial_1998_only;border;1;Q1_sales_1998_only;False;;True;1;0;1;0.0;0.014;;0;0;17
ablation_no_sat;border_growth_partial_1998_only;border;1;Q1_sales_1998_only;False;;False;0;0;0;0.0;0.3355;True;1;0;17
ablation_no_real;border_growth_partial_1998_only;border;1;Q1_sales_1998_only;False;;True;1;0;1;0.0;0.6415;True;1;0;17
ablation_ceval_any_intersection;border_growth_partial_1998_only;border;1;Q1_sales_1998_only;False;;True;1;0;1;0.0;0.3306;True;1;1;17
baseline_random_matched;border_growth_partial_1998_only;border;1;Q1_sales_1998_only;False;;True;1;0;1;0.0;0.0029;;0;0;17
mcad;border_margin_wrong_grain;border;1;Q1_margin_quarter_only;False;;False;0;0;0;0.0;0.1954;False;0;0;17
baseline_naive;border_margin_wrong_grain;border;1;Q1_margin_quarter_only;False;;True;1;0;1;0.0;0.0012;;0;0;17
baseline_measure_overlap;border_margin_wrong_grain;border;1;Q1_margin_quarter_only;False;;True;1;0;1;0.0;0.02;;0;0;17
ablation_no_sat;border_margin_wrong_grain;border;1;Q1_margin_quarter_only;False;;False;0;0;0;0.0;0.5514;False;0;0;17
ablation_no_real;border_margin_wrong_grain;border;1;Q1_margin_quarter_only;False;;False;0;0;0;0.0;0.4188;False;0;0;17
ablation_ceval_any_intersection;border_margin_wrong_grain;border;1;Q1_margin_quarter_only;False;;False;0;0;0;0.0;0.3821;False;0;0;17
baseline_random_matched;border_margin_wrong_grain;border;1;Q1_margin_quarter_only;False;;True;1;0;1;0.0;0.0055;;0;0;17
mcad;border_stockout_missing_store;border;1;Q1_stockout_category_only;False;;False;0;0;0;0.0;0.3567;False;0;0;17
baseline_naive;border_stockout_missing_store;border;1;Q1_stockout_category_only;False;;True;1;0;1;0.0;0.001;;0;0;17
baseline_measure_overlap;border_stockout_missing_store;border;1;Q1_stockout_category_only;False;;True;1;0;1;0.0;0.0254;;0;0;17
ablation_no_sat;border_stockout_missing_store;border;1;Q1_stockout_category_only;False;;False;0;0;0;0.0;0.4978;False;0;0;17
ablation_no_real;border_stockout_missing_store;border;1;Q1_stockout_category_only;False;;False;0;0;0;0.0;0.21;False;0;0;17
ablation_ceval_any_intersection;border_stockout_missing_store;border;1;Q1_stockout_category_only;False;;False;0;0;0;0.0;0.235;False;0;0;17
baseline_random_matched;border_stockout_missing_store;border;1;Q1_stockout_category_only;False;;False;0;0;0;0.0;0.0035;;0;0;17
mcad;adversarial_wrong_region;adversarial;1;Q1_margin_south;False;;False;0;0;0;0.0;0.1763;False;0;0;17
baseline_naive;adversarial_wrong_region;adversarial;1;Q1_margin_south;False;;True;1;0;1;0.0;0.0009;;0;0;17
baseline_measure_overlap;adversarial_wrong_region;adversarial;1;Q1_margin_south;False;;True;1;0;1;0.0;0.0155;;0;0;17
ablation_no_sat;adversarial_wrong_region;adversarial;1;Q1_margin_south;False;;False;0;0;0;0.0;0.2139;False;0;0;17
ablation_no_real;adversarial_wrong_region;adversarial;1;Q1_margin_south;False;;False;0;0;0;0.0;0.1799;False;0;0;17
ablation_ceval_any_intersection;adversarial_wrong_region;adversarial;1;Q1_margin_south;False;;False;0;0;0;0.0;0.17;False;0;0;17
baseline_random_matched;adversarial_wrong_region;adversarial;1;Q1_margin_south;False;;True;1;0;1;0.0;0.0037;;0;0;17
mcad;adversarial_wrong_year;adversarial;1;Q1_stockout_1997;False;;False;0;0;0;0.0;0.1844;False;0;0;17
baseline_naive;adversarial_wrong_year;adversarial;1;Q1_stockout_1997;False;;True;1;0;1;0.0;0.0016;;0;0;17
baseline_measure_overlap;adversarial_wrong_year;adversarial;1;Q1_stockout_1997;False;;True;1;0;1;0.0;0.0212;;0;0;17
ablation_no_sat;adversarial_wrong_year;adversarial;1;Q1_stockout_1997;False;;False;0;0;0;0.0;0.1985;False;0;0;17
ablation_no_real;adversarial_wrong_year;adversarial;1;Q1_stockout_1997;False;;False;0;0;0;0.0;0.1741;False;0;0;17
ablation_ceval_any_intersection;adversarial_wrong_year;adversarial;1;Q1_stockout_1997;False;;False;0;0;0;0.0;0.1646;False;0;0;17
baseline_random_matched;adversarial_wrong_year;adversarial;1;Q1_stockout_1997;False;;True;1;0;1;0.0;0.0027;;0;0;17
mcad;adversarial_invalid_no_measures;adversarial;1;Q1_invalid_no_measure;False;;False;0;0;0;0.0;0.0722;False;0;0;17
baseline_naive;adversarial_invalid_no_measures;adversarial;1;Q1_invalid_no_measure;False;;True;1;0;1;0.0;0.0015;;0;0;17
baseline_measure_overlap;adversarial_invalid_no_measures;adversarial;1;Q1_invalid_no_measure;False;;False;0;0;0;0.0;0.0137;;0;0;17
ablation_no_sat;adversarial_invalid_no_measures;adversarial;1;Q1_invalid_no_measure;False;;False;0;0;0;0.0;0.0947;False;0;0;17
ablation_no_real;adversarial_invalid_no_measures;adversarial;1;Q1_invalid_no_measure;False;;False;0;0;0;0.0;0.1289;False;0;0;17
ablation_ceval_any_intersection;adversarial_invalid_no_measures;adversarial;1;Q1_invalid_no_measure;False;;False;0;0;0;0.0;0.0737;False;0;0;17
baseline_random_matched;adversarial_invalid_no_measures;adversarial;1;Q1_invalid_no_measure;False;;False;0;0;0;0.0;0.004;;0;0;17
mcad;stress_exploratory_then_useful;stress;1;Q1_noise_region;False;;False;0;0;0;0.0;0.3785;False;0;0;17
mcad;stress_exploratory_then_useful;stress;2;Q2_noise_margin_all;False;;False;0;0;0;0.0;0.3066;False;0;0;17
mcad;stress_exploratory_then_useful;stress;3;Q3_useful_margin;True;c1;True;0;0;0;0.333333;0.4965;True;1;1;17
baseline_naive;stress_exploratory_then_useful;stress;1;Q1_noise_region;False;;True;1;0;1;0.0;0.0013;;0;0;17
baseline_naive;stress_exploratory_then_useful;stress;2;Q2_noise_margin_all;False;;True;1;0;1;0.0;0.0007;;0;0;17
baseline_naive;stress_exploratory_then_useful;stress;3;Q3_useful_margin;True;c1;True;0;0;0;0.333333;0.0006;;0;0;17
baseline_measure_overlap;stress_exploratory_then_useful;stress;1;Q1_noise_region;False;;True;1;0;1;0.0;0.0151;;0;0;17
baseline_measure_overlap;stress_exploratory_then_useful;stress;2;Q2_noise_margin_all;False;;True;1;0;1;0.0;0.0052;;0;0;17
baseline_measure_overlap;stress_exploratory_then_useful;stress;3;Q3_useful_margin;True;c1;True;0;0;0;0.333333;0.0044;;0;0;17
ablation_no_sat;stress_exploratory_then_useful;stress;1;Q1_noise_region;False;;False;0;0;0;0.0;0.2475;False;0;0;17
ablation_no_sat;stress_exploratory_then_useful;stress;2;Q2_noise_margin_all;False;;False;0;0;0;0.0;0.1706;False;0;0;17
ablation_no_sat;stress_exploratory_then_useful;stress;3;Q3_useful_margin;True;c1;True;0;0;0;0.333333;0.2474;True;1;1;17
ablation_no_real;stress_exploratory_then_useful;stress;1;Q1_noise_region;False;;False;0;0;0;0.0;0.2052;False;0;0;17
ablation_no_real;stress_exploratory_then_useful;stress;2;Q2_noise_margin_all;False;;False;0;0;0;0.0;0.1576;False;0;0;17
ablation_no_real;stress_exploratory_then_useful;stress;3;Q3_useful_margin;True;c1;True;0;0;0;0.333333;0.256;True;1;1;17
ablation_ceval_any_intersection;stress_exploratory_then_useful;stress;1;Q1_noise_region;False;;False;0;0;0;0.0;0.1952;False;0;0;17
ablation_ceval_any_intersection;stress_exploratory_then_useful;stress;2;Q2_noise_margin_all;False;;False;0;0;0;0.0;0.1398;False;0;0;17
ablation_ceval_any_intersection;stress_exploratory_then_useful;stress;3;Q3_useful_margin;True;c1;True;0;0;0;0.333333;0.2414;True;1;1;17
baseline_random_matched;stress_exploratory_then_useful;stress;1;Q1_noise_region;False;;True;1;0;1;0.0;0.005;;0;0;17
baseline_random_matched;stress_exploratory_then_useful;stress;2;Q2_noise_margin_all;False;;False;0;0;0;0.0;0.0011;;0;0;17
baseline_random_matched;stress_exploratory_then_useful;stress;3;Q3_useful_margin;True;c1;False;0;1;0;0.0;0.0009;;0;0;17
mcad;happy_guided_article_short;happy;1;Q1_margin_month;True;c1;True;0;0;0;0.333333;0.2857;True;1;1;18
mcad;happy_guided_article_short;happy;2;Q2_stockout_store;True;c2;True;0;0;0;0.666667;0.2543;True;1;1;18
mcad;happy_guided_article_short;happy;3;Q3_sales_growth;True;c3;True;0;0;0;1.0;0.3309;True;2;1;18
baseline_naive;happy_guided_article_short;happy;1;Q1_margin_month;True;c1;True;0;0;0;0.333333;0.0015;;0;0;18
baseline_naive;happy_guided_article_short;happy;2;Q2_stockout_store;True;c2;True;0;0;0;0.666667;0.0009;;0;0;18
baseline_naive;happy_guided_article_short;happy;3;Q3_sales_growth;True;c3;True;0;0;0;1.0;0.0007;;0;0;18
baseline_measure_overlap;happy_guided_article_short;happy;1;Q1_margin_month;True;c1;True;0;0;0;0.333333;0.016;;0;0;18
baseline_measure_overlap;happy_guided_article_short;happy;2;Q2_stockout_store;True;c2;True;0;0;0;0.666667;0.0053;;0;0;18
baseline_measure_overlap;happy_guided_article_short;happy;3;Q3_sales_growth;True;c3;True;0;0;0;1.0;0.005;;0;0;18
ablation_no_sat;happy_guided_article_short;happy;1;Q1_margin_month;True;c1;True;0;0;0;0.333333;0.2991;True;1;1;18
ablation_no_sat;happy_guided_article_short;happy;2;Q2_stockout_store;True;c2;True;0;0;0;0.666667;0.2498;True;1;1;18
ablation_no_sat;happy_guided_article_short;happy;3;Q3_sales_growth;True;c3;True;0;0;0;1.0;0.3308;True;2;1;18
ablation_no_real;happy_guided_article_short;happy;1;Q1_margin_month;True;c1;True;0;0;0;0.333333;0.2873;True;1;1;18
ablation_no_real;happy_guided_article_short;happy;2;Q2_stockout_store;True;c2;True;0;0;0;0.666667;0.2608;True;1;1;18
ablation_no_real;happy_guided_article_short;happy;3;Q3_sales_growth;True;c3;True;0;0;0;1.0;0.34;True;2;1;18
ablation_ceval_any_intersection;happy_guided_article_short;happy;1;Q1_margin_month;True;c1;True;0;0;0;0.333333;0.2787;True;1;1;18
ablation_ceval_any_intersection;happy_guided_article_short;happy;2;Q2_stockout_store;True;c2;True;0;0;0;0.666667;0.2461;True;1;1;18
ablation_ceval_any_intersection;happy_guided_article_short;happy;3;Q3_sales_growth;True;c3;True;0;0;0;1.0;0.3455;True;2;1;18
baseline_random_matched;happy_guided_article_short;happy;1;Q1_margin_month;True;c1;True;0;0;0;0.333333;0.0042;;0;0;18
baseline_random_matched;happy_guided_article_short;happy;2;Q2_stockout_store;True;c2;True;0;0;0;0.666667;0.0011;;0;0;18
baseline_random_matched;happy_guided_article_short;happy;3;Q3_sales_growth;True;c3;True;0;0;0;1.0;0.0007;;0;0;18
mcad;happy_guided_reordered;happy;1;Q1_sales_growth;True;c3;True;0;0;0;0.333333;0.3728;True;2;1;18
mcad;happy_guided_reordered;happy;2;Q2_margin_month;True;c1;True;0;0;0;0.666667;0.2495;True;1;1;18
mcad;happy_guided_reordered;happy;3;Q3_stockout_store;True;c2;True;0;0;0;1.0;0.2516;True;1;1;18
baseline_naive;happy_guided_reordered;happy;1;Q1_sales_growth;True;c3;True;0;0;0;0.333333;0.001;;0;0;18
baseline_naive;happy_guided_reordered;happy;2;Q2_margin_month;True;c1;True;0;0;0;0.666667;0.0005;;0;0;18
baseline_naive;happy_guided_reordered;happy;3;Q3_stockout_store;True;c2;True;0;0;0;1.0;0.0004;;0;0;18
baseline_measure_overlap;happy_guided_reordered;happy;1;Q1_sales_growth;True;c3;True;0;0;0;0.333333;0.0147;;0;0;18
baseline_measure_overlap;happy_guided_reordered;happy;2;Q2_margin_month;True;c1;True;0;0;0;0.666667;0.0049;;0;0;18
baseline_measure_overlap;happy_guided_reordered;happy;3;Q3_stockout_store;True;c2;True;0;0;0;1.0;0.0046;;0;0;18
ablation_no_sat;happy_guided_reordered;happy;1;Q1_sales_growth;True;c3;True;0;0;0;0.333333;0.3803;True;2;1;18
ablation_no_sat;happy_guided_reordered;happy;2;Q2_margin_month;True;c1;True;0;0;0;0.666667;0.2538;True;1;1;18
ablation_no_sat;happy_guided_reordered;happy;3;Q3_stockout_store;True;c2;True;0;0;0;1.0;0.2425;True;1;1;18
ablation_no_real;happy_guided_reordered;happy;1;Q1_sales_growth;True;c3;True;0;0;0;0.333333;0.3872;True;2;1;18
ablation_no_real;happy_guided_reordered;happy;2;Q2_margin_month;True;c1;True;0;0;0;0.666667;0.2573;True;1;1;18
ablation_no_real;happy_guided_reordered;happy;3;Q3_stockout_store;True;c2;True;0;0;0;1.0;0.2478;True;1;1;18
ablation_ceval_any_intersection;happy_guided_reordered;happy;1;Q1_sales_growth;True;c3;True;0;0;0;0.333333;0.3641;True;2;1;18
ablation_ceval_any_intersection;happy_guided_reordered;happy;2;Q2_margin_month;True;c1;True;0;0;0;0.666667;0.2536;True;1;1;18
ablation_ceval_any_intersection;happy_guided_reordered;happy;3;Q3_stockout_store;True;c2;True;0;0;0;1.0;0.2413;True;1;1;18
baseline_random_matched;happy_guided_reordered;happy;1;Q1_sales_growth;True;c3;False;0;1;0;0.0;0.0039;;0;0;18
baseline_random_matched;happy_guided_reordered;happy;2;Q2_margin_month;True;c1;True;0;0;0;0.333333;0.0009;;0;0;18
baseline_random_matched;happy_guided_reordered;happy;3;Q3_stockout_store;True;c2;True;0;0;0;0.666667;0.0008;;0;0;18
mcad;happy_guided_compact;happy;1;Q1_margin_month;True;c1;True;0;0;0;0.333333;0.2846;True;1;1;18
mcad;happy_guided_compact;happy;2;Q2_sales_growth;True;c3;True;0;0;0;0.666667;0.3384;True;2;1;18
mcad;happy_guided_compact;happy;3;Q3_stockout_store;True;c2;True;0;0;0;1.0;0.258;True;1;1;18
baseline_naive;happy_guided_compact;happy;1;Q1_margin_month;True;c1;True;0;0;0;0.333333;0.001;;0;0;18
baseline_naive;happy_guided_compact;happy;2;Q2_sales_growth;True;c3;True;0;0;0;0.666667;0.0005;;0;0;18
baseline_naive;happy_guided_compact;happy;3;Q3_stockout_store;True;c2;True;0;0;0;1.0;0.0003;;0;0;18
baseline_measure_overlap;happy_guided_compact;happy;1;Q1_margin_month;True;c1;True;0;0;0;0.333333;0.0135;;0;0;18
baseline_measure_overlap;happy_guided_compact;happy;2;Q2_sales_growth;True;c3;True;0;0;0;0.666667;0.0051;;0;0;18
baseline_measure_overlap;happy_guided_compact;happy;3;Q3_stockout_store;True;c2;True;0;0;0;1.0;0.0044;;0;0;18
ablation_no_sat;happy_guided_compact;happy;1;Q1_margin_month;True;c1;True;0;0;0;0.333333;0.2907;True;1;1;18
ablation_no_sat;happy_guided_compact;happy;2;Q2_sales_growth;True;c3;True;0;0;0;0.666667;0.3378;True;2;1;18
ablation_no_sat;happy_guided_compact;happy;3;Q3_stockout_store;True;c2;True;0;0;0;1.0;0.242;True;1;1;18
ablation_no_real;happy_guided_compact;happy;1;Q1_margin_month;True;c1;True;0;0;0;0.333333;0.2829;True;1;1;18
ablation_no_real;happy_guided_compact;happy;2;Q2_sales_growth;True;c3;True;0;0;0;0.666667;0.3542;True;2;1;18
ablation_no_real;happy_guided_compact;happy;3;Q3_stockout_store;True;c2;True;0;0;0;1.0;0.2473;True;1;1;18
ablation_ceval_any_intersection;happy_guided_compact;happy;1;Q1_margin_month;True;c1;True;0;0;0;0.333333;0.2854;True;1;1;18
ablation_ceval_any_intersection;happy_guided_compact;happy;2;Q2_sales_growth;True;c3;True;0;0;0;0.666667;0.5925;True;2;1;18
ablation_ceval_any_intersection;happy_guided_compact;happy;3;Q3_stockout_store;True;c2;True;0;0;0;1.0;0.4223;True;1;1;18
baseline_random_matched;happy_guided_compact;happy;1;Q1_margin_month;True;c1;False;0;1;0;0.0;0.0055;;0;0;18
baseline_random_matched;happy_guided_compact;happy;2;Q2_sales_growth;True;c3;True;0;0;0;0.333333;0.0009;;0;0;18
baseline_random_matched;happy_guided_compact;happy;3;Q3_stockout_store;True;c2;False;0;1;0;0.333333;0.0009;;0;0;18
mcad;border_growth_partial_1998_only;border;1;Q1_sales_1998_only;False;;False;0;0;0;0.0;0.6214;True;1;0;18
baseline_naive;border_growth_partial_1998_only;border;1;Q1_sales_1998_only;False;;True;1;0;1;0.0;0.0014;;0;0;18
baseline_measure_overlap;border_growth_partial_1998_only;border;1;Q1_sales_1998_only;False;;True;1;0;1;0.0;0.0266;;0;0;18
ablation_no_sat;border_growth_partial_1998_only;border;1;Q1_sales_1998_only;False;;False;0;0;0;0.0;1.3643;True;1;0;18
ablation_no_real;border_growth_partial_1998_only;border;1;Q1_sales_1998_only;False;;True;1;0;1;0.0;0.6518;True;1;0;18
ablation_ceval_any_intersection;border_growth_partial_1998_only;border;1;Q1_sales_1998_only;False;;True;1;0;1;0.0;0.3761;True;1;1;18
baseline_random_matched;border_growth_partial_1998_only;border;1;Q1_sales_1998_only;False;;True;1;0;1;0.0;0.0047;;0;0;18
mcad;border_margin_wrong_grain;border;1;Q1_margin_quarter_only;False;;False;0;0;0;0.0;0.2194;False;0;0;18
baseline_naive;border_margin_wrong_grain;border;1;Q1_margin_quarter_only;False;;True;1;0;1;0.0;0.001;;0;0;18
baseline_measure_overlap;border_margin_wrong_grain;border;1;Q1_margin_quarter_only;False;;True;1;0;1;0.0;0.0241;;0;0;18
ablation_no_sat;border_margin_wrong_grain;border;1;Q1_margin_quarter_only;False;;False;0;0;0;0.0;0.2667;False;0;0;18
ablation_no_real;border_margin_wrong_grain;border;1;Q1_margin_quarter_only;False;;False;0;0;0;0.0;0.2024;False;0;0;18
ablation_ceval_any_intersection;border_margin_wrong_grain;border;1;Q1_margin_quarter_only;False;;False;0;0;0;0.0;0.195;False;0;0;18
baseline_random_matched;border_margin_wrong_grain;border;1;Q1_margin_quarter_only;False;;True;1;0;1;0.0;0.0033;;0;0;18
mcad;border_stockout_missing_store;border;1;Q1_stockout_category_only;False;;False;0;0;0;0.0;0.349;False;0;0;18
baseline_naive;border_stockout_missing_store;border;1;Q1_stockout_category_only;False;;True;1;0;1;0.0;0.0011;;0;0;18
baseline_measure_overlap;border_stockout_missing_store;border;1;Q1_stockout_category_only;False;;True;1;0;1;0.0;0.0153;;0;0;18
ablation_no_sat;border_stockout_missing_store;border;1;Q1_stockout_category_only;False;;False;0;0;0;0.0;0.2599;False;0;0;18
ablation_no_real;border_stockout_missing_store;border;1;Q1_stockout_category_only;False;;False;0;0;0;0.0;0.2026;False;0;0;18
ablation_ceval_any_intersection;border_stockout_missing_store;border;1;Q1_stockout_category_only;False;;False;0;0;0;0.0;0.1891;False;0;0;18
baseline_random_matched;border_stockout_missing_store;border;1;Q1_stockout_category_only;False;;True;1;0;1;0.0;0.003;;0;0;18
mcad;adversarial_wrong_region;adversarial;1;Q1_margin_south;False;;False;0;0;0;0.0;0.2923;False;0;0;18
baseline_naive;adversarial_wrong_region;adversarial;1;Q1_margin_south;False;;True;1;0;1;0.0;0.001;;0;0;18
baseline_measure_overlap;adversarial_wrong_region;adversarial;1;Q1_margin_south;False;;True;1;0;1;0.0;0.0196;;0;0;18
ablation_no_sat;adversarial_wrong_region;adversarial;1;Q1_margin_south;False;;False;0;0;0;0.0;0.2177;False;0;0;18
ablation_no_real;adversarial_wrong_region;adversarial;1;Q1_margin_south;False;;False;0;0;0;0.0;0.1794;False;0;0;18
ablation_ceval_any_intersection;adversarial_wrong_region;adversarial;1;Q1_margin_south;False;;False;0;0;0;0.0;0.1693;False;0;0;18
baseline_random_matched;adversarial_wrong_region;adversarial;1;Q1_margin_south;False;;False;0;0;0;0.0;0.0029;;0;0;18
mcad;adversarial_wrong_year;adversarial;1;Q1_stockout_1997;False;;False;0;0;0;0.0;0.3106;False;0;0;18
baseline_naive;adversarial_wrong_year;adversarial;1;Q1_stockout_1997;False;;True;1;0;1;0.0;0.001;;0;0;18
baseline_measure_overlap;adversarial_wrong_year;adversarial;1;Q1_stockout_1997;False;;True;1;0;1;0.0;0.014;;0;0;18
ablation_no_sat;adversarial_wrong_year;adversarial;1;Q1_stockout_1997;False;;False;0;0;0;0.0;0.1911;False;0;0;18
ablation_no_real;adversarial_wrong_year;adversarial;1;Q1_stockout_1997;False;;False;0;0;0;0.0;0.1735;False;0;0;18
ablation_ceval_any_intersection;adversarial_wrong_year;adversarial;1;Q1_stockout_1997;False;;False;0;0;0;0.0;0.2566;False;0;0;18
baseline_random_matched;adversarial_wrong_year;adversarial;1;Q1_stockout_1997;False;;False;0;0;0;0.0;0.0033;;0;0;18
mcad;adversarial_invalid_no_measures;adversarial;1;Q1_invalid_no_measure;False;;False;0;0;0;0.0;0.1115;False;0;0;18
baseline_naive;adversarial_invalid_no_measures;adversarial;1;Q1_invalid_no_measure;False;;True;1;0;1;0.0;0.0009;;0;0;18
baseline_measure_overlap;adversarial_invalid_no_measures;adversarial;1;Q1_invalid_no_measure;False;;False;0;0;0;0.0;0.0139;;0;0;18
ablation_no_sat;adversarial_invalid_no_measures;adversarial;1;Q1_invalid_no_measure;False;;False;0;0;0;0.0;0.089;False;0;0;18
ablation_no_real;adversarial_invalid_no_measures;adversarial;1;Q1_invalid_no_measure;False;;False;0;0;0;0.0;0.0819;False;0;0;18
ablation_ceval_any_intersection;adversarial_invalid_no_measures;adversarial;1;Q1_invalid_no_measure;False;;False;0;0;0;0.0;0.0712;False;0;0;18
baseline_random_matched;adversarial_invalid_no_measures;adversarial;1;Q1_invalid_no_measure;False;;False;0;0;0;0.0;0.0029;;0;0;18
mcad;stress_exploratory_then_useful;stress;1;Q1_noise_region;False;;False;0;0;0;0.0;0.3459;False;0;0;18
mcad;stress_exploratory_then_useful;stress;2;Q2_noise_margin_all;False;;False;0;0;0;0.0;0.2604;False;0;0;18
mcad;stress_exploratory_then_useful;stress;3;Q3_useful_margin;True;c1;True;0;0;0;0.333333;0.5026;True;1;1;18
baseline_naive;stress_exploratory_then_useful;stress;1;Q1_noise_region;False;;True;1;0;1;0.0;0.001;;0;0;18
baseline_naive;stress_exploratory_then_useful;stress;2;Q2_noise_margin_all;False;;True;1;0;1;0.0;0.0005;;0;0;18
baseline_naive;stress_exploratory_then_useful;stress;3;Q3_useful_margin;True;c1;True;0;0;0;0.333333;0.0004;;0;0;18
baseline_measure_overlap;stress_exploratory_then_useful;stress;1;Q1_noise_region;False;;True;1;0;1;0.0;0.0136;;0;0;18
baseline_measure_overlap;stress_exploratory_then_useful;stress;2;Q2_noise_margin_all;False;;True;1;0;1;0.0;0.0053;;0;0;18
baseline_measure_overlap;stress_exploratory_then_useful;stress;3;Q3_useful_margin;True;c1;True;0;0;0;0.333333;0.0042;;0;0;18
ablation_no_sat;stress_exploratory_then_useful;stress;1;Q1_noise_region;False;;False;0;0;0;0.0;0.4208;False;0;0;18
ablation_no_sat;stress_exploratory_then_useful;stress;2;Q2_noise_margin_all;False;;False;0;0;0;0.0;0.31;False;0;0;18
ablation_no_sat;stress_exploratory_then_useful;stress;3;Q3_useful_margin;True;c1;True;0;0;0;0.333333;0.4737;True;1;1;18
ablation_no_real;stress_exploratory_then_useful;stress;1;Q1_noise_region;False;;False;0;0;0;0.0;0.2008;False;0;0;18
ablation_no_real;stress_exploratory_then_useful;stress;2;Q2_noise_margin_all;False;;False;0;0;0;0.0;0.147;False;0;0;18
ablation_no_real;stress_exploratory_then_useful;stress;3;Q3_useful_margin;True;c1;True;0;0;0;0.333333;0.2525;True;1;1;18
ablation_ceval_any_intersection;stress_exploratory_then_useful;stress;1;Q1_noise_region;False;;False;0;0;0;0.0;0.1921;False;0;0;18
ablation_ceval_any_intersection;stress_exploratory_then_useful;stress;2;Q2_noise_margin_all;False;;False;0;0;0;0.0;0.1509;False;0;0;18
ablation_ceval_any_intersection;stress_exploratory_then_useful;stress;3;Q3_useful_margin;True;c1;True;0;0;0;0.333333;0.2423;True;1;1;18
baseline_random_matched;stress_exploratory_then_useful;stress;1;Q1_noise_region;False;;True;1;0;1;0.0;0.0029;;0;0;18
baseline_random_matched;stress_exploratory_then_useful;stress;2;Q2_noise_margin_all;False;;False;0;0;0;0.0;0.0006;;0;0;18
baseline_random_matched;stress_exploratory_then_useful;stress;3;Q3_useful_margin;True;c1;False;0;1;0;0.0;0.0005;;0;0;18
mcad;happy_guided_article_short;happy;1;Q1_margin_month;True;c1;True;0;0;0;0.333333;0.5003;True;1;1;19
mcad;happy_guided_article_short;happy;2;Q2_stockout_store;True;c2;True;0;0;0;0.666667;0.4924;True;1;1;19
mcad;happy_guided_article_short;happy;3;Q3_sales_growth;True;c3;True;0;0;0;1.0;0.6325;True;2;1;19
baseline_naive;happy_guided_article_short;happy;1;Q1_margin_month;True;c1;True;0;0;0;0.333333;0.0009;;0;0;19
baseline_naive;happy_guided_article_short;happy;2;Q2_stockout_store;True;c2;True;0;0;0;0.666667;0.0005;;0;0;19
baseline_naive;happy_guided_article_short;happy;3;Q3_sales_growth;True;c3;True;0;0;0;1.0;0.0004;;0;0;19
baseline_measure_overlap;happy_guided_article_short;happy;1;Q1_margin_month;True;c1;True;0;0;0;0.333333;0.0134;;0;0;19
baseline_measure_overlap;happy_guided_article_short;happy;2;Q2_stockout_store;True;c2;True;0;0;0;0.666667;0.0053;;0;0;19
baseline_measure_overlap;happy_guided_article_short;happy;3;Q3_sales_growth;True;c3;True;0;0;0;1.0;0.0043;;0;0;19
ablation_no_sat;happy_guided_article_short;happy;1;Q1_margin_month;True;c1;True;0;0;0;0.333333;0.2794;True;1;1;19
ablation_no_sat;happy_guided_article_short;happy;2;Q2_stockout_store;True;c2;True;0;0;0;0.666667;0.2393;True;1;1;19
ablation_no_sat;happy_guided_article_short;happy;3;Q3_sales_growth;True;c3;True;0;0;0;1.0;0.3386;True;2;1;19
ablation_no_real;happy_guided_article_short;happy;1;Q1_margin_month;True;c1;True;0;0;0;0.333333;0.3062;True;1;1;19
ablation_no_real;happy_guided_article_short;happy;2;Q2_stockout_store;True;c2;True;0;0;0;0.666667;0.2503;True;1;1;19
ablation_no_real;happy_guided_article_short;happy;3;Q3_sales_growth;True;c3;True;0;0;0;1.0;0.3412;True;2;1;19
ablation_ceval_any_intersection;happy_guided_article_short;happy;1;Q1_margin_month;True;c1;True;0;0;0;0.333333;0.2832;True;1;1;19
ablation_ceval_any_intersection;happy_guided_article_short;happy;2;Q2_stockout_store;True;c2;True;0;0;0;0.666667;0.2403;True;1;1;19
ablation_ceval_any_intersection;happy_guided_article_short;happy;3;Q3_sales_growth;True;c3;True;0;0;0;1.0;0.3271;True;2;1;19
baseline_random_matched;happy_guided_article_short;happy;1;Q1_margin_month;True;c1;False;0;1;0;0.0;0.0033;;0;0;19
baseline_random_matched;happy_guided_article_short;happy;2;Q2_stockout_store;True;c2;False;0;1;0;0.0;0.0007;;0;0;19
baseline_random_matched;happy_guided_article_short;happy;3;Q3_sales_growth;True;c3;True;0;0;0;0.333333;0.0005;;0;0;19
mcad;happy_guided_reordered;happy;1;Q1_sales_growth;True;c3;True;0;0;0;0.333333;0.7004;True;2;1;19
mcad;happy_guided_reordered;happy;2;Q2_margin_month;True;c1;True;0;0;0;0.666667;0.4772;True;1;1;19
mcad;happy_guided_reordered;happy;3;Q3_stockout_store;True;c2;True;0;0;0;1.0;0.4557;True;1;1;19
baseline_naive;happy_guided_reordered;happy;1;Q1_sales_growth;True;c3;True;0;0;0;0.333333;0.0009;;0;0;19
baseline_naive;happy_guided_reordered;happy;2;Q2_margin_month;True;c1;True;0;0;0;0.666667;0.0005;;0;0;19
baseline_naive;happy_guided_reordered;happy;3;Q3_stockout_store;True;c2;True;0;0;0;1.0;0.0003;;0;0;19
baseline_measure_overlap;happy_guided_reordered;happy;1;Q1_sales_growth;True;c3;True;0;0;0;0.333333;0.0132;;0;0;19
baseline_measure_overlap;happy_guided_reordered;happy;2;Q2_margin_month;True;c1;True;0;0;0;0.666667;0.005;;0;0;19
baseline_measure_overlap;happy_guided_reordered;happy;3;Q3_stockout_store;True;c2;True;0;0;0;1.0;0.0043;;0;0;19
ablation_no_sat;happy_guided_reordered;happy;1;Q1_sales_growth;True;c3;True;0;0;0;0.333333;0.3619;True;2;1;19
ablation_no_sat;happy_guided_reordered;happy;2;Q2_margin_month;True;c1;True;0;0;0;0.666667;0.2522;True;1;1;19
ablation_no_sat;happy_guided_reordered;happy;3;Q3_stockout_store;True;c2;True;0;0;0;1.0;0.235;True;1;1;19
ablation_no_real;happy_guided_reordered;happy;1;Q1_sales_growth;True;c3;True;0;0;0;0.333333;0.3742;True;2;1;19
ablation_no_real;happy_guided_reordered;happy;2;Q2_margin_month;True;c1;True;0;0;0;0.666667;0.2546;True;1;1;19
ablation_no_real;happy_guided_reordered;happy;3;Q3_stockout_store;True;c2;True;0;0;0;1.0;0.2444;True;1;1;19
ablation_ceval_any_intersection;happy_guided_reordered;happy;1;Q1_sales_growth;True;c3;True;0;0;0;0.333333;0.365;True;2;1;19
ablation_ceval_any_intersection;happy_guided_reordered;happy;2;Q2_margin_month;True;c1;True;0;0;0;0.666667;0.244;True;1;1;19
ablation_ceval_any_intersection;happy_guided_reordered;happy;3;Q3_stockout_store;True;c2;True;0;0;0;1.0;0.2401;True;1;1;19
baseline_random_matched;happy_guided_reordered;happy;1;Q1_sales_growth;True;c3;False;0;1;0;0.0;0.0031;;0;0;19
baseline_random_matched;happy_guided_reordered;happy;2;Q2_margin_month;True;c1;True;0;0;0;0.333333;0.0006;;0;0;19
baseline_random_matched;happy_guided_reordered;happy;3;Q3_stockout_store;True;c2;True;0;0;0;0.666667;0.0005;;0;0;19
mcad;happy_guided_compact;happy;1;Q1_margin_month;True;c1;True;0;0;0;0.333333;0.5128;True;1;1;19
mcad;happy_guided_compact;happy;2;Q2_sales_growth;True;c3;True;0;0;0;0.666667;0.6483;True;2;1;19
mcad;happy_guided_compact;happy;3;Q3_stockout_store;True;c2;True;0;0;0;1.0;0.4771;True;1;1;19
baseline_naive;happy_guided_compact;happy;1;Q1_margin_month;True;c1;True;0;0;0;0.333333;0.0011;;0;0;19
baseline_naive;happy_guided_compact;happy;2;Q2_sales_growth;True;c3;True;0;0;0;0.666667;0.0006;;0;0;19
baseline_naive;happy_guided_compact;happy;3;Q3_stockout_store;True;c2;True;0;0;0;1.0;0.0005;;0;0;19
baseline_measure_overlap;happy_guided_compact;happy;1;Q1_margin_month;True;c1;True;0;0;0;0.333333;0.0286;;0;0;19
baseline_measure_overlap;happy_guided_compact;happy;2;Q2_sales_growth;True;c3;True;0;0;0;0.666667;0.0106;;0;0;19
baseline_measure_overlap;happy_guided_compact;happy;3;Q3_stockout_store;True;c2;True;0;0;0;1.0;0.0087;;0;0;19
ablation_no_sat;happy_guided_compact;happy;1;Q1_margin_month;True;c1;True;0;0;0;0.333333;0.3555;True;1;1;19
ablation_no_sat;happy_guided_compact;happy;2;Q2_sales_growth;True;c3;True;0;0;0;0.666667;0.3363;True;2;1;19
ablation_no_sat;happy_guided_compact;happy;3;Q3_stockout_store;True;c2;True;0;0;0;1.0;0.2597;True;1;1;19
ablation_no_real;happy_guided_compact;happy;1;Q1_margin_month;True;c1;True;0;0;0;0.333333;0.2999;True;1;1;19
ablation_no_real;happy_guided_compact;happy;2;Q2_sales_growth;True;c3;True;0;0;0;0.666667;0.339;True;2;1;19
ablation_no_real;happy_guided_compact;happy;3;Q3_stockout_store;True;c2;True;0;0;0;1.0;0.253;True;1;1;19
ablation_ceval_any_intersection;happy_guided_compact;happy;1;Q1_margin_month;True;c1;True;0;0;0;0.333333;0.5153;True;1;1;19
ablation_ceval_any_intersection;happy_guided_compact;happy;2;Q2_sales_growth;True;c3;True;0;0;0;0.666667;0.6648;True;2;1;19
ablation_ceval_any_intersection;happy_guided_compact;happy;3;Q3_stockout_store;True;c2;True;0;0;0;1.0;0.4547;True;1;1;19
baseline_random_matched;happy_guided_compact;happy;1;Q1_margin_month;True;c1;False;0;1;0;0.0;0.0035;;0;0;19
baseline_random_matched;happy_guided_compact;happy;2;Q2_sales_growth;True;c3;True;0;0;0;0.333333;0.0006;;0;0;19
baseline_random_matched;happy_guided_compact;happy;3;Q3_stockout_store;True;c2;True;0;0;0;0.666667;0.0004;;0;0;19
mcad;border_growth_partial_1998_only;border;1;Q1_sales_1998_only;False;;False;0;0;0;0.0;0.3404;True;1;0;19
baseline_naive;border_growth_partial_1998_only;border;1;Q1_sales_1998_only;False;;True;1;0;1;0.0;0.001;;0;0;19
baseline_measure_overlap;border_growth_partial_1998_only;border;1;Q1_sales_1998_only;False;;True;1;0;1;0.0;0.0146;;0;0;19
ablation_no_sat;border_growth_partial_1998_only;border;1;Q1_sales_1998_only;False;;False;0;0;0;0.0;0.3327;True;1;0;19
ablation_no_real;border_growth_partial_1998_only;border;1;Q1_sales_1998_only;False;;True;1;0;1;0.0;0.3428;True;1;0;19
ablation_ceval_any_intersection;border_growth_partial_1998_only;border;1;Q1_sales_1998_only;False;;True;1;0;1;0.0;0.608;True;1;1;19
baseline_random_matched;border_growth_partial_1998_only;border;1;Q1_sales_1998_only;False;;False;0;0;0;0.0;0.0032;;0;0;19
mcad;border_margin_wrong_grain;border;1;Q1_margin_quarter_only;False;;False;0;0;0;0.0;0.1975;False;0;0;19
baseline_naive;border_margin_wrong_grain;border;1;Q1_margin_quarter_only;False;;True;1;0;1;0.0;0.0009;;0;0;19
baseline_measure_overlap;border_margin_wrong_grain;border;1;Q1_margin_quarter_only;False;;True;1;0;1;0.0;0.0138;;0;0;19
ablation_no_sat;border_margin_wrong_grain;border;1;Q1_margin_quarter_only;False;;False;0;0;0;0.0;0.2629;False;0;0;19
ablation_no_real;border_margin_wrong_grain;border;1;Q1_margin_quarter_only;False;;False;0;0;0;0.0;0.3132;False;0;0;19
ablation_ceval_any_intersection;border_margin_wrong_grain;border;1;Q1_margin_quarter_only;False;;False;0;0;0;0.0;0.2055;False;0;0;19
baseline_random_matched;border_margin_wrong_grain;border;1;Q1_margin_quarter_only;False;;False;0;0;0;0.0;0.0042;;0;0;19
mcad;border_stockout_missing_store;border;1;Q1_stockout_category_only;False;;False;0;0;0;0.0;0.1943;False;0;0;19
baseline_naive;border_stockout_missing_store;border;1;Q1_stockout_category_only;False;;True;1;0;1;0.0;0.001;;0;0;19
baseline_measure_overlap;border_stockout_missing_store;border;1;Q1_stockout_category_only;False;;True;1;0;1;0.0;0.0131;;0;0;19
ablation_no_sat;border_stockout_missing_store;border;1;Q1_stockout_category_only;False;;False;0;0;0;0.0;0.254;False;0;0;19
ablation_no_real;border_stockout_missing_store;border;1;Q1_stockout_category_only;False;;False;0;0;0;0.0;0.2021;False;0;0;19
ablation_ceval_any_intersection;border_stockout_missing_store;border;1;Q1_stockout_category_only;False;;False;0;0;0;0.0;0.1954;False;0;0;19
baseline_random_matched;border_stockout_missing_store;border;1;Q1_stockout_category_only;False;;True;1;0;1;0.0;0.0043;;0;0;19
mcad;adversarial_wrong_region;adversarial;1;Q1_margin_south;False;;False;0;0;0;0.0;0.1719;False;0;0;19
baseline_naive;adversarial_wrong_region;adversarial;1;Q1_margin_south;False;;True;1;0;1;0.0;0.0009;;0;0;19
baseline_measure_overlap;adversarial_wrong_region;adversarial;1;Q1_margin_south;False;;True;1;0;1;0.0;0.0137;;0;0;19
ablation_no_sat;adversarial_wrong_region;adversarial;1;Q1_margin_south;False;;False;0;0;0;0.0;0.2065;False;0;0;19
ablation_no_real;adversarial_wrong_region;adversarial;1;Q1_margin_south;False;;False;0;0;0;0.0;0.1757;False;0;0;19
ablation_ceval_any_intersection;adversarial_wrong_region;adversarial;1;Q1_margin_south;False;;False;0;0;0;0.0;0.1766;False;0;0;19
baseline_random_matched;adversarial_wrong_region;adversarial;1;Q1_margin_south;False;;False;0;0;0;0.0;0.003;;0;0;19
mcad;adversarial_wrong_year;adversarial;1;Q1_stockout_1997;False;;False;0;0;0;0.0;0.3105;False;0;0;19
baseline_naive;adversarial_wrong_year;adversarial;1;Q1_stockout_1997;False;;True;1;0;1;0.0;0.001;;0;0;19
baseline_measure_overlap;adversarial_wrong_year;adversarial;1;Q1_stockout_1997;False;;True;1;0;1;0.0;0.0141;;0;0;19
ablation_no_sat;adversarial_wrong_year;adversarial;1;Q1_stockout_1997;False;;False;0;0;0;0.0;0.1905;False;0;0;19
ablation_no_real;adversarial_wrong_year;adversarial;1;Q1_stockout_1997;False;;False;0;0;0;0.0;0.1749;False;0;0;19
ablation_ceval_any_intersection;adversarial_wrong_year;adversarial;1;Q1_stockout_1997;False;;False;0;0;0;0.0;0.1627;False;0;0;19
baseline_random_matched;adversarial_wrong_year;adversarial;1;Q1_stockout_1997;False;;True;1;0;1;0.0;0.0031;;0;0;19
mcad;adversarial_invalid_no_measures;adversarial;1;Q1_invalid_no_measure;False;;False;0;0;0;0.0;0.1189;False;0;0;19
baseline_naive;adversarial_invalid_no_measures;adversarial;1;Q1_invalid_no_measure;False;;True;1;0;1;0.0;0.001;;0;0;19
baseline_measure_overlap;adversarial_invalid_no_measures;adversarial;1;Q1_invalid_no_measure;False;;False;0;0;0;0.0;0.0152;;0;0;19
ablation_no_sat;adversarial_invalid_no_measures;adversarial;1;Q1_invalid_no_measure;False;;False;0;0;0;0.0;0.0925;False;0;0;19
ablation_no_real;adversarial_invalid_no_measures;adversarial;1;Q1_invalid_no_measure;False;;False;0;0;0;0.0;0.0804;False;0;0;19
ablation_ceval_any_intersection;adversarial_invalid_no_measures;adversarial;1;Q1_invalid_no_measure;False;;False;0;0;0;0.0;0.0772;False;0;0;19
baseline_random_matched;adversarial_invalid_no_measures;adversarial;1;Q1_invalid_no_measure;False;;True;1;0;1;0.0;0.0029;;0;0;19
mcad;stress_exploratory_then_useful;stress;1;Q1_noise_region;False;;False;0;0;0;0.0;0.1985;False;0;0;19
mcad;stress_exploratory_then_useful;stress;2;Q2_noise_margin_all;False;;False;0;0;0;0.0;0.153;False;0;0;19
mcad;stress_exploratory_then_useful;stress;3;Q3_useful_margin;True;c1;True;0;0;0;0.333333;0.2476;True;1;1;19
baseline_naive;stress_exploratory_then_useful;stress;1;Q1_noise_region;False;;True;1;0;1;0.0;0.001;;0;0;19
baseline_naive;stress_exploratory_then_useful;stress;2;Q2_noise_margin_all;False;;True;1;0;1;0.0;0.0005;;0;0;19
baseline_naive;stress_exploratory_then_useful;stress;3;Q3_useful_margin;True;c1;True;0;0;0;0.333333;0.0003;;0;0;19
baseline_measure_overlap;stress_exploratory_then_useful;stress;1;Q1_noise_region;False;;True;1;0;1;0.0;0.0137;;0;0;19
baseline_measure_overlap;stress_exploratory_then_useful;stress;2;Q2_noise_margin_all;False;;True;1;0;1;0.0;0.0051;;0;0;19
baseline_measure_overlap;stress_exploratory_then_useful;stress;3;Q3_useful_margin;True;c1;True;0;0;0;0.333333;0.0041;;0;0;19
ablation_no_sat;stress_exploratory_then_useful;stress;1;Q1_noise_region;False;;False;0;0;0;0.0;0.2347;False;0;0;19
ablation_no_sat;stress_exploratory_then_useful;stress;2;Q2_noise_margin_all;False;;False;0;0;0;0.0;0.1794;False;0;0;19
ablation_no_sat;stress_exploratory_then_useful;stress;3;Q3_useful_margin;True;c1;True;0;0;0;0.333333;0.2475;True;1;1;19
ablation_no_real;stress_exploratory_then_useful;stress;1;Q1_noise_region;False;;False;0;0;0;0.0;0.3302;False;0;0;19
ablation_no_real;stress_exploratory_then_useful;stress;2;Q2_noise_margin_all;False;;False;0;0;0;0.0;0.2619;False;0;0;19
ablation_no_real;stress_exploratory_then_useful;stress;3;Q3_useful_margin;True;c1;True;0;0;0;0.333333;0.4914;True;1;1;19
ablation_ceval_any_intersection;stress_exploratory_then_useful;stress;1;Q1_noise_region;False;;False;0;0;0;0.0;0.1985;False;0;0;19
ablation_ceval_any_intersection;stress_exploratory_then_useful;stress;2;Q2_noise_margin_all;False;;False;0;0;0;0.0;0.1425;False;0;0;19
ablation_ceval_any_intersection;stress_exploratory_then_useful;stress;3;Q3_useful_margin;True;c1;True;0;0;0;0.333333;0.2569;True;1;1;19
baseline_random_matched;stress_exploratory_then_useful;stress;1;Q1_noise_region;False;;False;0;0;0;0.0;0.0029;;0;0;19
baseline_random_matched;stress_exploratory_then_useful;stress;2;Q2_noise_margin_all;False;;True;1;0;1;0.0;0.0006;;0;0;19
baseline_random_matched;stress_exploratory_then_useful;stress;3;Q3_useful_margin;True;c1;True;0;0;0;0.333333;0.0005;;0;0;19
mcad;happy_guided_article_short;happy;1;Q1_margin_month;True;c1;True;0;0;0;0.333333;0.5053;True;1;1;20
mcad;happy_guided_article_short;happy;2;Q2_stockout_store;True;c2;True;0;0;0;0.666667;0.4994;True;1;1;20
mcad;happy_guided_article_short;happy;3;Q3_sales_growth;True;c3;True;0;0;0;1.0;0.6811;True;2;1;20
baseline_naive;happy_guided_article_short;happy;1;Q1_margin_month;True;c1;True;0;0;0;0.333333;0.0009;;0;0;20
baseline_naive;happy_guided_article_short;happy;2;Q2_stockout_store;True;c2;True;0;0;0;0.666667;0.0004;;0;0;20
baseline_naive;happy_guided_article_short;happy;3;Q3_sales_growth;True;c3;True;0;0;0;1.0;0.0004;;0;0;20
baseline_measure_overlap;happy_guided_article_short;happy;1;Q1_margin_month;True;c1;True;0;0;0;0.333333;0.0142;;0;0;20
baseline_measure_overlap;happy_guided_article_short;happy;2;Q2_stockout_store;True;c2;True;0;0;0;0.666667;0.0058;;0;0;20
baseline_measure_overlap;happy_guided_article_short;happy;3;Q3_sales_growth;True;c3;True;0;0;0;1.0;0.0045;;0;0;20
ablation_no_sat;happy_guided_article_short;happy;1;Q1_margin_month;True;c1;True;0;0;0;0.333333;0.2775;True;1;1;20
ablation_no_sat;happy_guided_article_short;happy;2;Q2_stockout_store;True;c2;True;0;0;0;0.666667;0.2546;True;1;1;20
ablation_no_sat;happy_guided_article_short;happy;3;Q3_sales_growth;True;c3;True;0;0;0;1.0;0.3285;True;2;1;20
ablation_no_real;happy_guided_article_short;happy;1;Q1_margin_month;True;c1;True;0;0;0;0.333333;0.285;True;1;1;20
ablation_no_real;happy_guided_article_short;happy;2;Q2_stockout_store;True;c2;True;0;0;0;0.666667;0.2482;True;1;1;20
ablation_no_real;happy_guided_article_short;happy;3;Q3_sales_growth;True;c3;True;0;0;0;1.0;0.342;True;2;1;20
ablation_ceval_any_intersection;happy_guided_article_short;happy;1;Q1_margin_month;True;c1;True;0;0;0;0.333333;0.279;True;1;1;20
ablation_ceval_any_intersection;happy_guided_article_short;happy;2;Q2_stockout_store;True;c2;True;0;0;0;0.666667;0.2445;True;1;1;20
ablation_ceval_any_intersection;happy_guided_article_short;happy;3;Q3_sales_growth;True;c3;True;0;0;0;1.0;0.3434;True;2;1;20
baseline_random_matched;happy_guided_article_short;happy;1;Q1_margin_month;True;c1;True;0;0;0;0.333333;0.0029;;0;0;20
baseline_random_matched;happy_guided_article_short;happy;2;Q2_stockout_store;True;c2;True;0;0;0;0.666667;0.0006;;0;0;20
baseline_random_matched;happy_guided_article_short;happy;3;Q3_sales_growth;True;c3;True;0;0;0;1.0;0.0005;;0;0;20
mcad;happy_guided_reordered;happy;1;Q1_sales_growth;True;c3;True;0;0;0;0.333333;0.6972;True;2;1;20
mcad;happy_guided_reordered;happy;2;Q2_margin_month;True;c1;True;0;0;0;0.666667;0.4783;True;1;1;20
mcad;happy_guided_reordered;happy;3;Q3_stockout_store;True;c2;True;0;0;0;1.0;0.4875;True;1;1;20
baseline_naive;happy_guided_reordered;happy;1;Q1_sales_growth;True;c3;True;0;0;0;0.333333;0.001;;0;0;20
baseline_naive;happy_guided_reordered;happy;2;Q2_margin_month;True;c1;True;0;0;0;0.666667;0.0004;;0;0;20
baseline_naive;happy_guided_reordered;happy;3;Q3_stockout_store;True;c2;True;0;0;0;1.0;0.0003;;0;0;20
baseline_measure_overlap;happy_guided_reordered;happy;1;Q1_sales_growth;True;c3;True;0;0;0;0.333333;0.0131;;0;0;20
baseline_measure_overlap;happy_guided_reordered;happy;2;Q2_margin_month;True;c1;True;0;0;0;0.666667;0.0052;;0;0;20
baseline_measure_overlap;happy_guided_reordered;happy;3;Q3_stockout_store;True;c2;True;0;0;0;1.0;0.0044;;0;0;20
ablation_no_sat;happy_guided_reordered;happy;1;Q1_sales_growth;True;c3;True;0;0;0;0.333333;0.4012;True;2;1;20
ablation_no_sat;happy_guided_reordered;happy;2;Q2_margin_month;True;c1;True;0;0;0;0.666667;0.251;True;1;1;20
ablation_no_sat;happy_guided_reordered;happy;3;Q3_stockout_store;True;c2;True;0;0;0;1.0;0.246;True;1;1;20
ablation_no_real;happy_guided_reordered;happy;1;Q1_sales_growth;True;c3;True;0;0;0;0.333333;0.389;True;2;1;20
ablation_no_real;happy_guided_reordered;happy;2;Q2_margin_month;True;c1;True;0;0;0;0.666667;0.2573;True;1;1;20
ablation_no_real;happy_guided_reordered;happy;3;Q3_stockout_store;True;c2;True;0;0;0;1.0;0.2489;True;1;1;20
ablation_ceval_any_intersection;happy_guided_reordered;happy;1;Q1_sales_growth;True;c3;True;0;0;0;0.333333;0.3769;True;2;1;20
ablation_ceval_any_intersection;happy_guided_reordered;happy;2;Q2_margin_month;True;c1;True;0;0;0;0.666667;0.246;True;1;1;20
ablation_ceval_any_intersection;happy_guided_reordered;happy;3;Q3_stockout_store;True;c2;True;0;0;0;1.0;0.2387;True;1;1;20
baseline_random_matched;happy_guided_reordered;happy;1;Q1_sales_growth;True;c3;True;0;0;0;0.333333;0.0027;;0;0;20
baseline_random_matched;happy_guided_reordered;happy;2;Q2_margin_month;True;c1;True;0;0;0;0.666667;0.0006;;0;0;20
baseline_random_matched;happy_guided_reordered;happy;3;Q3_stockout_store;True;c2;False;0;1;0;0.666667;0.0006;;0;0;20
mcad;happy_guided_compact;happy;1;Q1_margin_month;True;c1;True;0;0;0;0.333333;0.2797;True;1;1;20
mcad;happy_guided_compact;happy;2;Q2_sales_growth;True;c3;True;0;0;0;0.666667;0.6385;True;2;1;20
mcad;happy_guided_compact;happy;3;Q3_stockout_store;True;c2;True;0;0;0;1.0;0.4684;True;1;1;20
baseline_naive;happy_guided_compact;happy;1;Q1_margin_month;True;c1;True;0;0;0;0.333333;0.001;;0;0;20
baseline_naive;happy_guided_compact;happy;2;Q2_sales_growth;True;c3;True;0;0;0;0.666667;0.0005;;0;0;20
baseline_naive;happy_guided_compact;happy;3;Q3_stockout_store;True;c2;True;0;0;0;1.0;0.0004;;0;0;20
baseline_measure_overlap;happy_guided_compact;happy;1;Q1_margin_month;True;c1;True;0;0;0;0.333333;0.0198;;0;0;20
baseline_measure_overlap;happy_guided_compact;happy;2;Q2_sales_growth;True;c3;True;0;0;0;0.666667;0.0054;;0;0;20
baseline_measure_overlap;happy_guided_compact;happy;3;Q3_stockout_store;True;c2;True;0;0;0;1.0;0.0044;;0;0;20
ablation_no_sat;happy_guided_compact;happy;1;Q1_margin_month;True;c1;True;0;0;0;0.333333;0.3141;True;1;1;20
ablation_no_sat;happy_guided_compact;happy;2;Q2_sales_growth;True;c3;True;0;0;0;0.666667;0.3378;True;2;1;20
ablation_no_sat;happy_guided_compact;happy;3;Q3_stockout_store;True;c2;True;0;0;0;1.0;0.241;True;1;1;20
ablation_no_real;happy_guided_compact;happy;1;Q1_margin_month;True;c1;True;0;0;0;0.333333;0.3239;True;1;1;20
ablation_no_real;happy_guided_compact;happy;2;Q2_sales_growth;True;c3;True;0;0;0;0.666667;0.3449;True;2;1;20
ablation_no_real;happy_guided_compact;happy;3;Q3_stockout_store;True;c2;True;0;0;0;1.0;0.2462;True;1;1;20
ablation_ceval_any_intersection;happy_guided_compact;happy;1;Q1_margin_month;True;c1;True;0;0;0;0.333333;0.2769;True;1;1;20
ablation_ceval_any_intersection;happy_guided_compact;happy;2;Q2_sales_growth;True;c3;True;0;0;0;0.666667;0.3375;True;2;1;20
ablation_ceval_any_intersection;happy_guided_compact;happy;3;Q3_stockout_store;True;c2;True;0;0;0;1.0;0.3515;True;1;1;20
baseline_random_matched;happy_guided_compact;happy;1;Q1_margin_month;True;c1;False;0;1;0;0.0;0.0033;;0;0;20
baseline_random_matched;happy_guided_compact;happy;2;Q2_sales_growth;True;c3;False;0;1;0;0.0;0.0007;;0;0;20
baseline_random_matched;happy_guided_compact;happy;3;Q3_stockout_store;True;c2;True;0;0;0;0.333333;0.0005;;0;0;20
mcad;border_growth_partial_1998_only;border;1;Q1_sales_1998_only;False;;False;0;0;0;0.0;0.3414;True;1;0;20
baseline_naive;border_growth_partial_1998_only;border;1;Q1_sales_1998_only;False;;True;1;0;1;0.0;0.001;;0;0;20
baseline_measure_overlap;border_growth_partial_1998_only;border;1;Q1_sales_1998_only;False;;True;1;0;1;0.0;0.0135;;0;0;20
ablation_no_sat;border_growth_partial_1998_only;border;1;Q1_sales_1998_only;False;;False;0;0;0;0.0;0.341;True;1;0;20
ablation_no_real;border_growth_partial_1998_only;border;1;Q1_sales_1998_only;False;;True;1;0;1;0.0;0.3548;True;1;0;20
ablation_ceval_any_intersection;border_growth_partial_1998_only;border;1;Q1_sales_1998_only;False;;True;1;0;1;0.0;0.3343;True;1;1;20
baseline_random_matched;border_growth_partial_1998_only;border;1;Q1_sales_1998_only;False;;True;1;0;1;0.0;0.0035;;0;0;20
mcad;border_margin_wrong_grain;border;1;Q1_margin_quarter_only;False;;False;0;0;0;0.0;0.2024;False;0;0;20
baseline_naive;border_margin_wrong_grain;border;1;Q1_margin_quarter_only;False;;True;1;0;1;0.0;0.0011;;0;0;20
baseline_measure_overlap;border_margin_wrong_grain;border;1;Q1_margin_quarter_only;False;;True;1;0;1;0.0;0.0142;;0;0;20
ablation_no_sat;border_margin_wrong_grain;border;1;Q1_margin_quarter_only;False;;False;0;0;0;0.0;0.2612;False;0;0;20
ablation_no_real;border_margin_wrong_grain;border;1;Q1_margin_quarter_only;False;;False;0;0;0;0.0;0.204;False;0;0;20
ablation_ceval_any_intersection;border_margin_wrong_grain;border;1;Q1_margin_quarter_only;False;;False;0;0;0;0.0;0.1977;False;0;0;20
baseline_random_matched;border_margin_wrong_grain;border;1;Q1_margin_quarter_only;False;;True;1;0;1;0.0;0.0038;;0;0;20
mcad;border_stockout_missing_store;border;1;Q1_stockout_category_only;False;;False;0;0;0;0.0;0.1966;False;0;0;20
baseline_naive;border_stockout_missing_store;border;1;Q1_stockout_category_only;False;;True;1;0;1;0.0;0.0009;;0;0;20
baseline_measure_overlap;border_stockout_missing_store;border;1;Q1_stockout_category_only;False;;True;1;0;1;0.0;0.0134;;0;0;20
ablation_no_sat;border_stockout_missing_store;border;1;Q1_stockout_category_only;False;;False;0;0;0;0.0;0.2536;False;0;0;20
ablation_no_real;border_stockout_missing_store;border;1;Q1_stockout_category_only;False;;False;0;0;0;0.0;0.2285;False;0;0;20
ablation_ceval_any_intersection;border_stockout_missing_store;border;1;Q1_stockout_category_only;False;;False;0;0;0;0.0;0.2084;False;0;0;20
baseline_random_matched;border_stockout_missing_store;border;1;Q1_stockout_category_only;False;;False;0;0;0;0.0;0.0032;;0;0;20
mcad;adversarial_wrong_region;adversarial;1;Q1_margin_south;False;;False;0;0;0;0.0;0.276;False;0;0;20
baseline_naive;adversarial_wrong_region;adversarial;1;Q1_margin_south;False;;True;1;0;1;0.0;0.001;;0;0;20
baseline_measure_overlap;adversarial_wrong_region;adversarial;1;Q1_margin_south;False;;True;1;0;1;0.0;0.0149;;0;0;20
ablation_no_sat;adversarial_wrong_region;adversarial;1;Q1_margin_south;False;;False;0;0;0;0.0;0.2102;False;0;0;20
ablation_no_real;adversarial_wrong_region;adversarial;1;Q1_margin_south;False;;False;0;0;0;0.0;0.1891;False;0;0;20
ablation_ceval_any_intersection;adversarial_wrong_region;adversarial;1;Q1_margin_south;False;;False;0;0;0;0.0;0.1666;False;0;0;20
baseline_random_matched;adversarial_wrong_region;adversarial;1;Q1_margin_south;False;;False;0;0;0;0.0;0.0027;;0;0;20
mcad;adversarial_wrong_year;adversarial;1;Q1_stockout_1997;False;;False;0;0;0;0.0;0.3032;False;0;0;20
baseline_naive;adversarial_wrong_year;adversarial;1;Q1_stockout_1997;False;;True;1;0;1;0.0;0.001;;0;0;20
baseline_measure_overlap;adversarial_wrong_year;adversarial;1;Q1_stockout_1997;False;;True;1;0;1;0.0;0.0148;;0;0;20
ablation_no_sat;adversarial_wrong_year;adversarial;1;Q1_stockout_1997;False;;False;0;0;0;0.0;0.1933;False;0;0;20
ablation_no_real;adversarial_wrong_year;adversarial;1;Q1_stockout_1997;False;;False;0;0;0;0.0;0.1813;False;0;0;20
ablation_ceval_any_intersection;adversarial_wrong_year;adversarial;1;Q1_stockout_1997;False;;False;0;0;0;0.0;0.1665;False;0;0;20
baseline_random_matched;adversarial_wrong_year;adversarial;1;Q1_stockout_1997;False;;True;1;0;1;0.0;0.0032;;0;0;20
mcad;adversarial_invalid_no_measures;adversarial;1;Q1_invalid_no_measure;False;;False;0;0;0;0.0;0.1072;False;0;0;20
baseline_naive;adversarial_invalid_no_measures;adversarial;1;Q1_invalid_no_measure;False;;True;1;0;1;0.0;0.0009;;0;0;20
baseline_measure_overlap;adversarial_invalid_no_measures;adversarial;1;Q1_invalid_no_measure;False;;False;0;0;0;0.0;0.0145;;0;0;20
ablation_no_sat;adversarial_invalid_no_measures;adversarial;1;Q1_invalid_no_measure;False;;False;0;0;0;0.0;0.0936;False;0;0;20
ablation_no_real;adversarial_invalid_no_measures;adversarial;1;Q1_invalid_no_measure;False;;False;0;0;0;0.0;0.0847;False;0;0;20
ablation_ceval_any_intersection;adversarial_invalid_no_measures;adversarial;1;Q1_invalid_no_measure;False;;False;0;0;0;0.0;0.0731;False;0;0;20
baseline_random_matched;adversarial_invalid_no_measures;adversarial;1;Q1_invalid_no_measure;False;;True;1;0;1;0.0;0.0044;;0;0;20
mcad;stress_exploratory_then_useful;stress;1;Q1_noise_region;False;;False;0;0;0;0.0;0.3504;False;0;0;20
mcad;stress_exploratory_then_useful;stress;2;Q2_noise_margin_all;False;;False;0;0;0;0.0;0.2995;False;0;0;20
mcad;stress_exploratory_then_useful;stress;3;Q3_useful_margin;True;c1;True;0;0;0;0.333333;0.5357;True;1;1;20
baseline_naive;stress_exploratory_then_useful;stress;1;Q1_noise_region;False;;True;1;0;1;0.0;0.0009;;0;0;20
baseline_naive;stress_exploratory_then_useful;stress;2;Q2_noise_margin_all;False;;True;1;0;1;0.0;0.0004;;0;0;20
baseline_naive;stress_exploratory_then_useful;stress;3;Q3_useful_margin;True;c1;True;0;0;0;0.333333;0.0003;;0;0;20
baseline_measure_overlap;stress_exploratory_then_useful;stress;1;Q1_noise_region;False;;True;1;0;1;0.0;0.0155;;0;0;20
baseline_measure_overlap;stress_exploratory_then_useful;stress;2;Q2_noise_margin_all;False;;True;1;0;1;0.0;0.0051;;0;0;20
baseline_measure_overlap;stress_exploratory_then_useful;stress;3;Q3_useful_margin;True;c1;True;0;0;0;0.333333;0.0044;;0;0;20
ablation_no_sat;stress_exploratory_then_useful;stress;1;Q1_noise_region;False;;False;0;0;0;0.0;0.2367;False;0;0;20
ablation_no_sat;stress_exploratory_then_useful;stress;2;Q2_noise_margin_all;False;;False;0;0;0;0.0;0.1707;False;0;0;20
ablation_no_sat;stress_exploratory_then_useful;stress;3;Q3_useful_margin;True;c1;True;0;0;0;0.333333;0.2567;True;1;1;20
ablation_no_real;stress_exploratory_then_useful;stress;1;Q1_noise_region;False;;False;0;0;0;0.0;0.2191;False;0;0;20
ablation_no_real;stress_exploratory_then_useful;stress;2;Q2_noise_margin_all;False;;False;0;0;0;0.0;0.1479;False;0;0;20
ablation_no_real;stress_exploratory_then_useful;stress;3;Q3_useful_margin;True;c1;True;0;0;0;0.333333;0.2523;True;1;1;20
ablation_ceval_any_intersection;stress_exploratory_then_useful;stress;1;Q1_noise_region;False;;False;0;0;0;0.0;0.1956;False;0;0;20
ablation_ceval_any_intersection;stress_exploratory_then_useful;stress;2;Q2_noise_margin_all;False;;False;0;0;0;0.0;0.1396;False;0;0;20
ablation_ceval_any_intersection;stress_exploratory_then_useful;stress;3;Q3_useful_margin;True;c1;True;0;0;0;0.333333;0.2864;True;1;1;20
baseline_random_matched;stress_exploratory_then_useful;stress;1;Q1_noise_region;False;;True;1;0;1;0.0;0.0031;;0;0;20
baseline_random_matched;stress_exploratory_then_useful;stress;2;Q2_noise_margin_all;False;;True;1;0;1;0.0;0.0006;;0;0;20
baseline_random_matched;stress_exploratory_then_useful;stress;3;Q3_useful_margin;True;c1;False;0;1;0;0.0;0.0005;;0;0;20
mcad;happy_guided_article_short;happy;1;Q1_margin_month;True;c1;True;0;0;0;0.333333;0.2799;True;1;1;21
mcad;happy_guided_article_short;happy;2;Q2_stockout_store;True;c2;True;0;0;0;0.666667;0.2431;True;1;1;21
mcad;happy_guided_article_short;happy;3;Q3_sales_growth;True;c3;True;0;0;0;1.0;0.3371;True;2;1;21
baseline_naive;happy_guided_article_short;happy;1;Q1_margin_month;True;c1;True;0;0;0;0.333333;0.0009;;0;0;21
baseline_naive;happy_guided_article_short;happy;2;Q2_stockout_store;True;c2;True;0;0;0;0.666667;0.0005;;0;0;21
baseline_naive;happy_guided_article_short;happy;3;Q3_sales_growth;True;c3;True;0;0;0;1.0;0.0003;;0;0;21
baseline_measure_overlap;happy_guided_article_short;happy;1;Q1_margin_month;True;c1;True;0;0;0;0.333333;0.0137;;0;0;21
baseline_measure_overlap;happy_guided_article_short;happy;2;Q2_stockout_store;True;c2;True;0;0;0;0.666667;0.0068;;0;0;21
baseline_measure_overlap;happy_guided_article_short;happy;3;Q3_sales_growth;True;c3;True;0;0;0;1.0;0.0042;;0;0;21
ablation_no_sat;happy_guided_article_short;happy;1;Q1_margin_month;True;c1;True;0;0;0;0.333333;0.2889;True;1;1;21
ablation_no_sat;happy_guided_article_short;happy;2;Q2_stockout_store;True;c2;True;0;0;0;0.666667;0.2383;True;1;1;21
ablation_no_sat;happy_guided_article_short;happy;3;Q3_sales_growth;True;c3;True;0;0;0;1.0;0.3249;True;2;1;21
ablation_no_real;happy_guided_article_short;happy;1;Q1_margin_month;True;c1;True;0;0;0;0.333333;0.29;True;1;1;21
ablation_no_real;happy_guided_article_short;happy;2;Q2_stockout_store;True;c2;True;0;0;0;0.666667;0.2504;True;1;1;21
ablation_no_real;happy_guided_article_short;happy;3;Q3_sales_growth;True;c3;True;0;0;0;1.0;0.3307;True;2;1;21
ablation_ceval_any_intersection;happy_guided_article_short;happy;1;Q1_margin_month;True;c1;True;0;0;0;0.333333;0.2815;True;1;1;21
ablation_ceval_any_intersection;happy_guided_article_short;happy;2;Q2_stockout_store;True;c2;True;0;0;0;0.666667;0.2388;True;1;1;21
ablation_ceval_any_intersection;happy_guided_article_short;happy;3;Q3_sales_growth;True;c3;True;0;0;0;1.0;0.326;True;2;1;21
baseline_random_matched;happy_guided_article_short;happy;1;Q1_margin_month;True;c1;True;0;0;0;0.333333;0.0031;;0;0;21
baseline_random_matched;happy_guided_article_short;happy;2;Q2_stockout_store;True;c2;False;0;1;0;0.333333;0.0007;;0;0;21
baseline_random_matched;happy_guided_article_short;happy;3;Q3_sales_growth;True;c3;False;0;1;0;0.333333;0.0005;;0;0;21
mcad;happy_guided_reordered;happy;1;Q1_sales_growth;True;c3;True;0;0;0;0.333333;0.3627;True;2;1;21
mcad;happy_guided_reordered;happy;2;Q2_margin_month;True;c1;True;0;0;0;0.666667;0.2453;True;1;1;21
mcad;happy_guided_reordered;happy;3;Q3_stockout_store;True;c2;True;0;0;0;1.0;0.2479;True;1;1;21
baseline_naive;happy_guided_reordered;happy;1;Q1_sales_growth;True;c3;True;0;0;0;0.333333;0.001;;0;0;21
baseline_naive;happy_guided_reordered;happy;2;Q2_margin_month;True;c1;True;0;0;0;0.666667;0.0005;;0;0;21
baseline_naive;happy_guided_reordered;happy;3;Q3_stockout_store;True;c2;True;0;0;0;1.0;0.0004;;0;0;21
baseline_measure_overlap;happy_guided_reordered;happy;1;Q1_sales_growth;True;c3;True;0;0;0;0.333333;0.0128;;0;0;21
baseline_measure_overlap;happy_guided_reordered;happy;2;Q2_margin_month;True;c1;True;0;0;0;0.666667;0.005;;0;0;21
baseline_measure_overlap;happy_guided_reordered;happy;3;Q3_stockout_store;True;c2;True;0;0;0;1.0;0.0046;;0;0;21
ablation_no_sat;happy_guided_reordered;happy;1;Q1_sales_growth;True;c3;True;0;0;0;0.333333;0.3629;True;2;1;21
ablation_no_sat;happy_guided_reordered;happy;2;Q2_margin_month;True;c1;True;0;0;0;0.666667;0.2479;True;1;1;21
ablation_no_sat;happy_guided_reordered;happy;3;Q3_stockout_store;True;c2;True;0;0;0;1.0;0.2375;True;1;1;21
ablation_no_real;happy_guided_reordered;happy;1;Q1_sales_growth;True;c3;True;0;0;0;0.333333;0.4132;True;2;1;21
ablation_no_real;happy_guided_reordered;happy;2;Q2_margin_month;True;c1;True;0;0;0;0.666667;0.2551;True;1;1;21
ablation_no_real;happy_guided_reordered;happy;3;Q3_stockout_store;True;c2;True;0;0;0;1.0;0.2427;True;1;1;21
ablation_ceval_any_intersection;happy_guided_reordered;happy;1;Q1_sales_growth;True;c3;True;0;0;0;0.333333;0.3705;True;2;1;21
ablation_ceval_any_intersection;happy_guided_reordered;happy;2;Q2_margin_month;True;c1;True;0;0;0;0.666667;0.2401;True;1;1;21
ablation_ceval_any_intersection;happy_guided_reordered;happy;3;Q3_stockout_store;True;c2;True;0;0;0;1.0;0.2337;True;1;1;21
baseline_random_matched;happy_guided_reordered;happy;1;Q1_sales_growth;True;c3;False;0;1;0;0.0;0.0041;;0;0;21
baseline_random_matched;happy_guided_reordered;happy;2;Q2_margin_month;True;c1;False;0;1;0;0.0;0.017;;0;0;21
baseline_random_matched;happy_guided_reordered;happy;3;Q3_stockout_store;True;c2;True;0;0;0;0.333333;0.0009;;0;0;21
mcad;happy_guided_compact;happy;1;Q1_margin_month;True;c1;True;0;0;0;0.333333;0.2892;True;1;1;21
mcad;happy_guided_compact;happy;2;Q2_sales_growth;True;c3;True;0;0;0;0.666667;0.3318;True;2;1;21
mcad;happy_guided_compact;happy;3;Q3_stockout_store;True;c2;True;0;0;0;1.0;0.2388;True;1;1;21
baseline_naive;happy_guided_compact;happy;1;Q1_margin_month;True;c1;True;0;0;0;0.333333;0.0009;;0;0;21
baseline_naive;happy_guided_compact;happy;2;Q2_sales_growth;True;c3;True;0;0;0;0.666667;0.0004;;0;0;21
baseline_naive;happy_guided_compact;happy;3;Q3_stockout_store;True;c2;True;0;0;0;1.0;0.0004;;0;0;21
baseline_measure_overlap;happy_guided_compact;happy;1;Q1_margin_month;True;c1;True;0;0;0;0.333333;0.0134;;0;0;21
baseline_measure_overlap;happy_guided_compact;happy;2;Q2_sales_growth;True;c3;True;0;0;0;0.666667;0.0054;;0;0;21
baseline_measure_overlap;happy_guided_compact;happy;3;Q3_stockout_store;True;c2;True;0;0;0;1.0;0.0048;;0;0;21
ablation_no_sat;happy_guided_compact;happy;1;Q1_margin_month;True;c1;True;0;0;0;0.333333;0.2766;True;1;1;21
ablation_no_sat;happy_guided_compact;happy;2;Q2_sales_growth;True;c3;True;0;0;0;0.666667;0.3413;True;2;1;21
ablation_no_sat;happy_guided_compact;happy;3;Q3_stockout_store;True;c2;True;0;0;0;1.0;0.2411;True;1;1;21
ablation_no_real;happy_guided_compact;happy;1;Q1_margin_month;True;c1;True;0;0;0;0.333333;0.4623;True;1;1;21
ablation_no_real;happy_guided_compact;happy;2;Q2_sales_growth;True;c3;True;0;0;0;0.666667;0.6045;True;2;1;21
ablation_no_real;happy_guided_compact;happy;3;Q3_stockout_store;True;c2;True;0;0;0;1.0;0.407;True;1;1;21
ablation_ceval_any_intersection;happy_guided_compact;happy;1;Q1_margin_month;True;c1;True;0;0;0;0.333333;0.5163;True;1;1;21
ablation_ceval_any_intersection;happy_guided_compact;happy;2;Q2_sales_growth;True;c3;True;0;0;0;0.666667;0.6451;True;2;1;21
ablation_ceval_any_intersection;happy_guided_compact;happy;3;Q3_stockout_store;True;c2;True;0;0;0;1.0;0.4871;True;1;1;21
baseline_random_matched;happy_guided_compact;happy;1;Q1_margin_month;True;c1;True;0;0;0;0.333333;0.003;;0;0;21
baseline_random_matched;happy_guided_compact;happy;2;Q2_sales_growth;True;c3;False;0;1;0;0.333333;0.0006;;0;0;21
baseline_random_matched;happy_guided_compact;happy;3;Q3_stockout_store;True;c2;True;0;0;0;0.666667;0.0004;;0;0;21
mcad;border_growth_partial_1998_only;border;1;Q1_sales_1998_only;False;;False;0;0;0;0.0;0.3415;True;1;0;21
baseline_naive;border_growth_partial_1998_only;border;1;Q1_sales_1998_only;False;;True;1;0;1;0.0;0.001;;0;0;21
baseline_measure_overlap;border_growth_partial_1998_only;border;1;Q1_sales_1998_only;False;;True;1;0;1;0.0;0.0137;;0;0;21
ablation_no_sat;border_growth_partial_1998_only;border;1;Q1_sales_1998_only;False;;False;0;0;0;0.0;0.3357;True;1;0;21
ablation_no_real;border_growth_partial_1998_only;border;1;Q1_sales_1998_only;False;;True;1;0;1;0.0;0.6016;True;1;0;21
ablation_ceval_any_intersection;border_growth_partial_1998_only;border;1;Q1_sales_1998_only;False;;True;1;0;1;0.0;0.3332;True;1;1;21
baseline_random_matched;border_growth_partial_1998_only;border;1;Q1_sales_1998_only;False;;False;0;0;0;0.0;0.0032;;0;0;21
mcad;border_margin_wrong_grain;border;1;Q1_margin_quarter_only;False;;False;0;0;0;0.0;0.1952;False;0;0;21
baseline_naive;border_margin_wrong_grain;border;1;Q1_margin_quarter_only;False;;True;1;0;1;0.0;0.0009;;0;0;21
baseline_measure_overlap;border_margin_wrong_grain;border;1;Q1_margin_quarter_only;False;;True;1;0;1;0.0;0.0143;;0;0;21
ablation_no_sat;border_margin_wrong_grain;border;1;Q1_margin_quarter_only;False;;False;0;0;0;0.0;0.2615;False;0;0;21
ablation_no_real;border_margin_wrong_grain;border;1;Q1_margin_quarter_only;False;;False;0;0;0;0.0;0.203;False;0;0;21
ablation_ceval_any_intersection;border_margin_wrong_grain;border;1;Q1_margin_quarter_only;False;;False;0;0;0;0.0;0.34;False;0;0;21
baseline_random_matched;border_margin_wrong_grain;border;1;Q1_margin_quarter_only;False;;False;0;0;0;0.0;0.0032;;0;0;21
mcad;border_stockout_missing_store;border;1;Q1_stockout_category_only;False;;False;0;0;0;0.0;0.1976;False;0;0;21
baseline_naive;border_stockout_missing_store;border;1;Q1_stockout_category_only;False;;True;1;0;1;0.0;0.001;;0;0;21
baseline_measure_overlap;border_stockout_missing_store;border;1;Q1_stockout_category_only;False;;True;1;0;1;0.0;0.0156;;0;0;21
ablation_no_sat;border_stockout_missing_store;border;1;Q1_stockout_category_only;False;;False;0;0;0;0.0;0.4699;False;0;0;21
ablation_no_real;border_stockout_missing_store;border;1;Q1_stockout_category_only;False;;False;0;0;0;0.0;0.2115;False;0;0;21
ablation_ceval_any_intersection;border_stockout_missing_store;border;1;Q1_stockout_category_only;False;;False;0;0;0;0.0;0.1984;False;0;0;21
baseline_random_matched;border_stockout_missing_store;border;1;Q1_stockout_category_only;False;;True;1;0;1;0.0;0.0028;;0;0;21
mcad;adversarial_wrong_region;adversarial;1;Q1_margin_south;False;;False;0;0;0;0.0;0.1673;False;0;0;21
baseline_naive;adversarial_wrong_region;adversarial;1;Q1_margin_south;False;;True;1;0;1;0.0;0.001;;0;0;21
baseline_measure_overlap;adversarial_wrong_region;adversarial;1;Q1_margin_south;False;;True;1;0;1;0.0;0.013;;0;0;21
ablation_no_sat;adversarial_wrong_region;adversarial;1;Q1_margin_south;False;;False;0;0;0;0.0;0.2064;False;0;0;21
ablation_no_real;adversarial_wrong_region;adversarial;1;Q1_margin_south;False;;False;0;0;0;0.0;0.1849;False;0;0;21
ablation_ceval_any_intersection;adversarial_wrong_region;adversarial;1;Q1_margin_south;False;;False;0;0;0;0.0;0.1667;False;0;0;21
baseline_random_matched;adversarial_wrong_region;adversarial;1;Q1_margin_south;False;;False;0;0;0;0.0;0.0022;;0;0;21
mcad;adversarial_wrong_year;adversarial;1;Q1_stockout_1997;False;;False;0;0;0;0.0;0.1645;False;0;0;21
baseline_naive;adversarial_wrong_year;adversarial;1;Q1_stockout_1997;False;;True;1;0;1;0.0;0.0014;;0;0;21
baseline_measure_overlap;adversarial_wrong_year;adversarial;1;Q1_stockout_1997;False;;True;1;0;1;0.0;0.0157;;0;0;21
ablation_no_sat;adversarial_wrong_year;adversarial;1;Q1_stockout_1997;False;;False;0;0;0;0.0;0.3634;False;0;0;21
ablation_no_real;adversarial_wrong_year;adversarial;1;Q1_stockout_1997;False;;False;0;0;0;0.0;0.1844;False;0;0;21
ablation_ceval_any_intersection;adversarial_wrong_year;adversarial;1;Q1_stockout_1997;False;;False;0;0;0;0.0;0.1634;False;0;0;21
baseline_random_matched;adversarial_wrong_year;adversarial;1;Q1_stockout_1997;False;;True;1;0;1;0.0;0.0029;;0;0;21
mcad;adversarial_invalid_no_measures;adversarial;1;Q1_invalid_no_measure;False;;False;0;0;0;0.0;0.0725;False;0;0;21
baseline_naive;adversarial_invalid_no_measures;adversarial;1;Q1_invalid_no_measure;False;;True;1;0;1;0.0;0.001;;0;0;21
baseline_measure_overlap;adversarial_invalid_no_measures;adversarial;1;Q1_invalid_no_measure;False;;False;0;0;0;0.0;0.013;;0;0;21
ablation_no_sat;adversarial_invalid_no_measures;adversarial;1;Q1_invalid_no_measure;False;;False;0;0;0;0.0;0.1301;False;0;0;21
ablation_no_real;adversarial_invalid_no_measures;adversarial;1;Q1_invalid_no_measure;False;;False;0;0;0;0.0;0.0837;False;0;0;21
ablation_ceval_any_intersection;adversarial_invalid_no_measures;adversarial;1;Q1_invalid_no_measure;False;;False;0;0;0;0.0;0.0736;False;0;0;21
baseline_random_matched;adversarial_invalid_no_measures;adversarial;1;Q1_invalid_no_measure;False;;False;0;0;0;0.0;0.0029;;0;0;21
mcad;stress_exploratory_then_useful;stress;1;Q1_noise_region;False;;False;0;0;0;0.0;0.1957;False;0;0;21
mcad;stress_exploratory_then_useful;stress;2;Q2_noise_margin_all;False;;False;0;0;0;0.0;0.173;False;0;0;21
mcad;stress_exploratory_then_useful;stress;3;Q3_useful_margin;True;c1;True;0;0;0;0.333333;0.2467;True;1;1;21
baseline_naive;stress_exploratory_then_useful;stress;1;Q1_noise_region;False;;True;1;0;1;0.0;0.0009;;0;0;21
baseline_naive;stress_exploratory_then_useful;stress;2;Q2_noise_margin_all;False;;True;1;0;1;0.0;0.0004;;0;0;21
baseline_naive;stress_exploratory_then_useful;stress;3;Q3_useful_margin;True;c1;True;0;0;0;0.333333;0.0004;;0;0;21
baseline_measure_overlap;stress_exploratory_then_useful;stress;1;Q1_noise_region;False;;True;1;0;1;0.0;0.02;;0;0;21
baseline_measure_overlap;stress_exploratory_then_useful;stress;2;Q2_noise_margin_all;False;;True;1;0;1;0.0;0.0092;;0;0;21
baseline_measure_overlap;stress_exploratory_then_useful;stress;3;Q3_useful_margin;True;c1;True;0;0;0;0.333333;0.0073;;0;0;21
ablation_no_sat;stress_exploratory_then_useful;stress;1;Q1_noise_region;False;;False;0;0;0;0.0;0.2363;False;0;0;21
ablation_no_sat;stress_exploratory_then_useful;stress;2;Q2_noise_margin_all;False;;False;0;0;0;0.0;0.1684;False;0;0;21
ablation_no_sat;stress_exploratory_then_useful;stress;3;Q3_useful_margin;True;c1;True;0;0;0;0.333333;0.3044;True;1;1;21
ablation_no_real;stress_exploratory_then_useful;stress;1;Q1_noise_region;False;;False;0;0;0;0.0;0.2047;False;0;0;21
ablation_no_real;stress_exploratory_then_useful;stress;2;Q2_noise_margin_all;False;;False;0;0;0;0.0;0.1489;False;0;0;21
ablation_no_real;stress_exploratory_then_useful;stress;3;Q3_useful_margin;True;c1;True;0;0;0;0.333333;0.2797;True;1;1;21
ablation_ceval_any_intersection;stress_exploratory_then_useful;stress;1;Q1_noise_region;False;;False;0;0;0;0.0;0.2078;False;0;0;21
ablation_ceval_any_intersection;stress_exploratory_then_useful;stress;2;Q2_noise_margin_all;False;;False;0;0;0;0.0;0.1462;False;0;0;21
ablation_ceval_any_intersection;stress_exploratory_then_useful;stress;3;Q3_useful_margin;True;c1;True;0;0;0;0.333333;0.2421;True;1;1;21
baseline_random_matched;stress_exploratory_then_useful;stress;1;Q1_noise_region;False;;False;0;0;0;0.0;0.003;;0;0;21
baseline_random_matched;stress_exploratory_then_useful;stress;2;Q2_noise_margin_all;False;;False;0;0;0;0.0;0.0007;;0;0;21
baseline_random_matched;stress_exploratory_then_useful;stress;3;Q3_useful_margin;True;c1;True;0;0;0;0.333333;0.0004;;0;0;21
mcad;happy_guided_article_short;happy;1;Q1_margin_month;True;c1;True;0;0;0;0.333333;0.5544;True;1;1;22
mcad;happy_guided_article_short;happy;2;Q2_stockout_store;True;c2;True;0;0;0;0.666667;0.4736;True;1;1;22
mcad;happy_guided_article_short;happy;3;Q3_sales_growth;True;c3;True;0;0;0;1.0;0.6501;True;2;1;22
baseline_naive;happy_guided_article_short;happy;1;Q1_margin_month;True;c1;True;0;0;0;0.333333;0.0009;;0;0;22
baseline_naive;happy_guided_article_short;happy;2;Q2_stockout_store;True;c2;True;0;0;0;0.666667;0.0004;;0;0;22
baseline_naive;happy_guided_article_short;happy;3;Q3_sales_growth;True;c3;True;0;0;0;1.0;0.0003;;0;0;22
baseline_measure_overlap;happy_guided_article_short;happy;1;Q1_margin_month;True;c1;True;0;0;0;0.333333;0.0133;;0;0;22
baseline_measure_overlap;happy_guided_article_short;happy;2;Q2_stockout_store;True;c2;True;0;0;0;0.666667;0.0051;;0;0;22
baseline_measure_overlap;happy_guided_article_short;happy;3;Q3_sales_growth;True;c3;True;0;0;0;1.0;0.0043;;0;0;22
ablation_no_sat;happy_guided_article_short;happy;1;Q1_margin_month;True;c1;True;0;0;0;0.333333;0.5001;True;1;1;22
ablation_no_sat;happy_guided_article_short;happy;2;Q2_stockout_store;True;c2;True;0;0;0;0.666667;0.4893;True;1;1;22
ablation_no_sat;happy_guided_article_short;happy;3;Q3_sales_growth;True;c3;True;0;0;0;1.0;0.638;True;2;1;22
ablation_no_real;happy_guided_article_short;happy;1;Q1_margin_month;True;c1;True;0;0;0;0.333333;0.2867;True;1;1;22
ablation_no_real;happy_guided_article_short;happy;2;Q2_stockout_store;True;c2;True;0;0;0;0.666667;0.2508;True;1;1;22
ablation_no_real;happy_guided_article_short;happy;3;Q3_sales_growth;True;c3;True;0;0;0;1.0;0.3387;True;2;1;22
ablation_ceval_any_intersection;happy_guided_article_short;happy;1;Q1_margin_month;True;c1;True;0;0;0;0.333333;0.2845;True;1;1;22
ablation_ceval_any_intersection;happy_guided_article_short;happy;2;Q2_stockout_store;True;c2;True;0;0;0;0.666667;0.2401;True;1;1;22
ablation_ceval_any_intersection;happy_guided_article_short;happy;3;Q3_sales_growth;True;c3;True;0;0;0;1.0;0.3298;True;2;1;22
baseline_random_matched;happy_guided_article_short;happy;1;Q1_margin_month;True;c1;False;0;1;0;0.0;0.0033;;0;0;22
baseline_random_matched;happy_guided_article_short;happy;2;Q2_stockout_store;True;c2;True;0;0;0;0.333333;0.0006;;0;0;22
baseline_random_matched;happy_guided_article_short;happy;3;Q3_sales_growth;True;c3;True;0;0;0;0.666667;0.0005;;0;0;22
mcad;happy_guided_reordered;happy;1;Q1_sales_growth;True;c3;True;0;0;0;0.333333;0.3756;True;2;1;22
mcad;happy_guided_reordered;happy;2;Q2_margin_month;True;c1;True;0;0;0;0.666667;0.2482;True;1;1;22
mcad;happy_guided_reordered;happy;3;Q3_stockout_store;True;c2;True;0;0;0;1.0;0.238;True;1;1;22
baseline_naive;happy_guided_reordered;happy;1;Q1_sales_growth;True;c3;True;0;0;0;0.333333;0.0009;;0;0;22
baseline_naive;happy_guided_reordered;happy;2;Q2_margin_month;True;c1;True;0;0;0;0.666667;0.0005;;0;0;22
baseline_naive;happy_guided_reordered;happy;3;Q3_stockout_store;True;c2;True;0;0;0;1.0;0.0003;;0;0;22
baseline_measure_overlap;happy_guided_reordered;happy;1;Q1_sales_growth;True;c3;True;0;0;0;0.333333;0.0129;;0;0;22
baseline_measure_overlap;happy_guided_reordered;happy;2;Q2_margin_month;True;c1;True;0;0;0;0.666667;0.0053;;0;0;22
baseline_measure_overlap;happy_guided_reordered;happy;3;Q3_stockout_store;True;c2;True;0;0;0;1.0;0.0047;;0;0;22
ablation_no_sat;happy_guided_reordered;happy;1;Q1_sales_growth;True;c3;True;0;0;0;0.333333;0.6925;True;2;1;22
ablation_no_sat;happy_guided_reordered;happy;2;Q2_margin_month;True;c1;True;0;0;0;0.666667;0.4828;True;1;1;22
ablation_no_sat;happy_guided_reordered;happy;3;Q3_stockout_store;True;c2;True;0;0;0;1.0;0.4747;True;1;1;22
ablation_no_real;happy_guided_reordered;happy;1;Q1_sales_growth;True;c3;True;0;0;0;0.333333;0.4113;True;2;1;22
ablation_no_real;happy_guided_reordered;happy;2;Q2_margin_month;True;c1;True;0;0;0;0.666667;0.2553;True;1;1;22
ablation_no_real;happy_guided_reordered;happy;3;Q3_stockout_store;True;c2;True;0;0;0;1.0;0.242;True;1;1;22
ablation_ceval_any_intersection;happy_guided_reordered;happy;1;Q1_sales_growth;True;c3;True;0;0;0;0.333333;0.3606;True;2;1;22
ablation_ceval_any_intersection;happy_guided_reordered;happy;2;Q2_margin_month;True;c1;True;0;0;0;0.666667;0.2426;True;1;1;22
ablation_ceval_any_intersection;happy_guided_reordered;happy;3;Q3_stockout_store;True;c2;True;0;0;0;1.0;0.2353;True;1;1;22
baseline_random_matched;happy_guided_reordered;happy;1;Q1_sales_growth;True;c3;False;0;1;0;0.0;0.0032;;0;0;22
baseline_random_matched;happy_guided_reordered;happy;2;Q2_margin_month;True;c1;False;0;1;0;0.0;0.0006;;0;0;22
baseline_random_matched;happy_guided_reordered;happy;3;Q3_stockout_store;True;c2;True;0;0;0;0.333333;0.0005;;0;0;22
mcad;happy_guided_compact;happy;1;Q1_margin_month;True;c1;True;0;0;0;0.333333;0.2847;True;1;1;22
mcad;happy_guided_compact;happy;2;Q2_sales_growth;True;c3;True;0;0;0;0.666667;0.3832;True;2;1;22
mcad;happy_guided_compact;happy;3;Q3_stockout_store;True;c2;True;0;0;0;1.0;0.2419;True;1;1;22
baseline_naive;happy_guided_compact;happy;1;Q1_margin_month;True;c1;True;0;0;0;0.333333;0.0009;;0;0;22
baseline_naive;happy_guided_compact;happy;2;Q2_sales_growth;True;c3;True;0;0;0;0.666667;0.0005;;0;0;22
baseline_naive;happy_guided_compact;happy;3;Q3_stockout_store;True;c2;True;0;0;0;1.0;0.0004;;0;0;22
baseline_measure_overlap;happy_guided_compact;happy;1;Q1_margin_month;True;c1;True;0;0;0;0.333333;0.0133;;0;0;22
baseline_measure_overlap;happy_guided_compact;happy;2;Q2_sales_growth;True;c3;True;0;0;0;0.666667;0.0054;;0;0;22
baseline_measure_overlap;happy_guided_compact;happy;3;Q3_stockout_store;True;c2;True;0;0;0;1.0;0.0045;;0;0;22
ablation_no_sat;happy_guided_compact;happy;1;Q1_margin_month;True;c1;True;0;0;0;0.333333;0.2787;True;1;1;22
ablation_no_sat;happy_guided_compact;happy;2;Q2_sales_growth;True;c3;True;0;0;0;0.666667;0.3349;True;2;1;22
ablation_no_sat;happy_guided_compact;happy;3;Q3_stockout_store;True;c2;True;0;0;0;1.0;0.2517;True;1;1;22
ablation_no_real;happy_guided_compact;happy;1;Q1_margin_month;True;c1;True;0;0;0;0.333333;0.5251;True;1;1;22
ablation_no_real;happy_guided_compact;happy;2;Q2_sales_growth;True;c3;True;0;0;0;0.666667;0.6565;True;2;1;22
ablation_no_real;happy_guided_compact;happy;3;Q3_stockout_store;True;c2;True;0;0;0;1.0;0.456;True;1;1;22
ablation_ceval_any_intersection;happy_guided_compact;happy;1;Q1_margin_month;True;c1;True;0;0;0;0.333333;0.4683;True;1;1;22
ablation_ceval_any_intersection;happy_guided_compact;happy;2;Q2_sales_growth;True;c3;True;0;0;0;0.666667;0.6649;True;2;1;22
ablation_ceval_any_intersection;happy_guided_compact;happy;3;Q3_stockout_store;True;c2;True;0;0;0;1.0;0.471;True;1;1;22
baseline_random_matched;happy_guided_compact;happy;1;Q1_margin_month;True;c1;True;0;0;0;0.333333;0.0047;;0;0;22
baseline_random_matched;happy_guided_compact;happy;2;Q2_sales_growth;True;c3;True;0;0;0;0.666667;0.001;;0;0;22
baseline_random_matched;happy_guided_compact;happy;3;Q3_stockout_store;True;c2;True;0;0;0;1.0;0.0008;;0;0;22
mcad;border_growth_partial_1998_only;border;1;Q1_sales_1998_only;False;;False;0;0;0;0.0;0.5972;True;1;0;22
baseline_naive;border_growth_partial_1998_only;border;1;Q1_sales_1998_only;False;;True;1;0;1;0.0;0.0009;;0;0;22
baseline_measure_overlap;border_growth_partial_1998_only;border;1;Q1_sales_1998_only;False;;True;1;0;1;0.0;0.0156;;0;0;22
ablation_no_sat;border_growth_partial_1998_only;border;1;Q1_sales_1998_only;False;;False;0;0;0;0.0;0.3384;True;1;0;22
ablation_no_real;border_growth_partial_1998_only;border;1;Q1_sales_1998_only;False;;True;1;0;1;0.0;0.3552;True;1;0;22
ablation_ceval_any_intersection;border_growth_partial_1998_only;border;1;Q1_sales_1998_only;False;;True;1;0;1;0.0;0.3354;True;1;1;22
baseline_random_matched;border_growth_partial_1998_only;border;1;Q1_sales_1998_only;False;;False;0;0;0;0.0;0.0028;;0;0;22
mcad;border_margin_wrong_grain;border;1;Q1_margin_quarter_only;False;;False;0;0;0;0.0;0.1935;False;0;0;22
baseline_naive;border_margin_wrong_grain;border;1;Q1_margin_quarter_only;False;;True;1;0;1;0.0;0.0011;;0;0;22
baseline_measure_overlap;border_margin_wrong_grain;border;1;Q1_margin_quarter_only;False;;True;1;0;1;0.0;0.0138;;0;0;22
ablation_no_sat;border_margin_wrong_grain;border;1;Q1_margin_quarter_only;False;;False;0;0;0;0.0;0.2621;False;0;0;22
ablation_no_real;border_margin_wrong_grain;border;1;Q1_margin_quarter_only;False;;False;0;0;0;0.0;0.2023;False;0;0;22
ablation_ceval_any_intersection;border_margin_wrong_grain;border;1;Q1_margin_quarter_only;False;;False;0;0;0;0.0;0.1927;False;0;0;22
baseline_random_matched;border_margin_wrong_grain;border;1;Q1_margin_quarter_only;False;;False;0;0;0;0.0;0.0025;;0;0;22
mcad;border_stockout_missing_store;border;1;Q1_stockout_category_only;False;;False;0;0;0;0.0;0.1954;False;0;0;22
baseline_naive;border_stockout_missing_store;border;1;Q1_stockout_category_only;False;;True;1;0;1;0.0;0.0015;;0;0;22
baseline_measure_overlap;border_stockout_missing_store;border;1;Q1_stockout_category_only;False;;True;1;0;1;0.0;0.0136;;0;0;22
ablation_no_sat;border_stockout_missing_store;border;1;Q1_stockout_category_only;False;;False;0;0;0;0.0;0.2556;False;0;0;22
ablation_no_real;border_stockout_missing_store;border;1;Q1_stockout_category_only;False;;False;0;0;0;0.0;0.2026;False;0;0;22
ablation_ceval_any_intersection;border_stockout_missing_store;border;1;Q1_stockout_category_only;False;;False;0;0;0;0.0;0.2037;False;0;0;22
baseline_random_matched;border_stockout_missing_store;border;1;Q1_stockout_category_only;False;;True;1;0;1;0.0;0.0026;;0;0;22
mcad;adversarial_wrong_region;adversarial;1;Q1_margin_south;False;;False;0;0;0;0.0;0.18;False;0;0;22
baseline_naive;adversarial_wrong_region;adversarial;1;Q1_margin_south;False;;True;1;0;1;0.0;0.0009;;0;0;22
baseline_measure_overlap;adversarial_wrong_region;adversarial;1;Q1_margin_south;False;;True;1;0;1;0.0;0.016;;0;0;22
ablation_no_sat;adversarial_wrong_region;adversarial;1;Q1_margin_south;False;;False;0;0;0;0.0;0.2519;False;0;0;22
ablation_no_real;adversarial_wrong_region;adversarial;1;Q1_margin_south;False;;False;0;0;0;0.0;0.2016;False;0;0;22
ablation_ceval_any_intersection;adversarial_wrong_region;adversarial;1;Q1_margin_south;False;;False;0;0;0;0.0;0.1861;False;0;0;22
baseline_random_matched;adversarial_wrong_region;adversarial;1;Q1_margin_south;False;;True;1;0;1;0.0;0.0034;;0;0;22
mcad;adversarial_wrong_year;adversarial;1;Q1_stockout_1997;False;;False;0;0;0;0.0;0.1884;False;0;0;22
baseline_naive;adversarial_wrong_year;adversarial;1;Q1_stockout_1997;False;;True;1;0;1;0.0;0.001;;0;0;22
baseline_measure_overlap;adversarial_wrong_year;adversarial;1;Q1_stockout_1997;False;;True;1;0;1;0.0;0.025;;0;0;22
ablation_no_sat;adversarial_wrong_year;adversarial;1;Q1_stockout_1997;False;;False;0;0;0;0.0;0.2238;False;0;0;22
ablation_no_real;adversarial_wrong_year;adversarial;1;Q1_stockout_1997;False;;False;0;0;0;0.0;0.3383;False;0;0;22
ablation_ceval_any_intersection;adversarial_wrong_year;adversarial;1;Q1_stockout_1997;False;;False;0;0;0;0.0;0.3718;False;0;0;22
baseline_random_matched;adversarial_wrong_year;adversarial;1;Q1_stockout_1997;False;;True;1;0;1;0.0;0.0037;;0;0;22
mcad;adversarial_invalid_no_measures;adversarial;1;Q1_invalid_no_measure;False;;False;0;0;0;0.0;0.1326;False;0;0;22
baseline_naive;adversarial_invalid_no_measures;adversarial;1;Q1_invalid_no_measure;False;;True;1;0;1;0.0;0.001;;0;0;22
baseline_measure_overlap;adversarial_invalid_no_measures;adversarial;1;Q1_invalid_no_measure;False;;False;0;0;0;0.0;0.0153;;0;0;22
ablation_no_sat;adversarial_invalid_no_measures;adversarial;1;Q1_invalid_no_measure;False;;False;0;0;0;0.0;0.0964;False;0;0;22
ablation_no_real;adversarial_invalid_no_measures;adversarial;1;Q1_invalid_no_measure;False;;False;0;0;0;0.0;0.084;False;0;0;22
ablation_ceval_any_intersection;adversarial_invalid_no_measures;adversarial;1;Q1_invalid_no_measure;False;;False;0;0;0;0.0;0.0815;False;0;0;22
baseline_random_matched;adversarial_invalid_no_measures;adversarial;1;Q1_invalid_no_measure;False;;False;0;0;0;0.0;0.0035;;0;0;22
mcad;stress_exploratory_then_useful;stress;1;Q1_noise_region;False;;False;0;0;0;0.0;0.3403;False;0;0;22
mcad;stress_exploratory_then_useful;stress;2;Q2_noise_margin_all;False;;False;0;0;0;0.0;0.2875;False;0;0;22
mcad;stress_exploratory_then_useful;stress;3;Q3_useful_margin;True;c1;True;0;0;0;0.333333;0.508;True;1;1;22
baseline_naive;stress_exploratory_then_useful;stress;1;Q1_noise_region;False;;True;1;0;1;0.0;0.001;;0;0;22
baseline_naive;stress_exploratory_then_useful;stress;2;Q2_noise_margin_all;False;;True;1;0;1;0.0;0.0005;;0;0;22
baseline_naive;stress_exploratory_then_useful;stress;3;Q3_useful_margin;True;c1;True;0;0;0;0.333333;0.0003;;0;0;22
baseline_measure_overlap;stress_exploratory_then_useful;stress;1;Q1_noise_region;False;;True;1;0;1;0.0;0.0143;;0;0;22
baseline_measure_overlap;stress_exploratory_then_useful;stress;2;Q2_noise_margin_all;False;;True;1;0;1;0.0;0.0053;;0;0;22
baseline_measure_overlap;stress_exploratory_then_useful;stress;3;Q3_useful_margin;True;c1;True;0;0;0;0.333333;0.0045;;0;0;22
ablation_no_sat;stress_exploratory_then_useful;stress;1;Q1_noise_region;False;;False;0;0;0;0.0;0.2366;False;0;0;22
ablation_no_sat;stress_exploratory_then_useful;stress;2;Q2_noise_margin_all;False;;False;0;0;0;0.0;0.1825;False;0;0;22
ablation_no_sat;stress_exploratory_then_useful;stress;3;Q3_useful_margin;True;c1;True;0;0;0;0.333333;0.2476;True;1;1;22
ablation_no_real;stress_exploratory_then_useful;stress;1;Q1_noise_region;False;;False;0;0;0;0.0;0.2048;False;0;0;22
ablation_no_real;stress_exploratory_then_useful;stress;2;Q2_noise_margin_all;False;;False;0;0;0;0.0;0.1482;False;0;0;22
ablation_no_real;stress_exploratory_then_useful;stress;3;Q3_useful_margin;True;c1;True;0;0;0;0.333333;0.2516;True;1;1;22
ablation_ceval_any_intersection;stress_exploratory_then_useful;stress;1;Q1_noise_region;False;;False;0;0;0;0.0;0.1991;False;0;0;22
ablation_ceval_any_intersection;stress_exploratory_then_useful;stress;2;Q2_noise_margin_all;False;;False;0;0;0;0.0;0.1418;False;0;0;22
ablation_ceval_any_intersection;stress_exploratory_then_useful;stress;3;Q3_useful_margin;True;c1;True;0;0;0;0.333333;0.2453;True;1;1;22
baseline_random_matched;stress_exploratory_then_useful;stress;1;Q1_noise_region;False;;False;0;0;0;0.0;0.004;;0;0;22
baseline_random_matched;stress_exploratory_then_useful;stress;2;Q2_noise_margin_all;False;;True;1;0;1;0.0;0.001;;0;0;22
baseline_random_matched;stress_exploratory_then_useful;stress;3;Q3_useful_margin;True;c1;True;0;0;0;0.333333;0.0008;;0;0;22
mcad;happy_guided_article_short;happy;1;Q1_margin_month;True;c1;True;0;0;0;0.333333;0.5348;True;1;1;23
mcad;happy_guided_article_short;happy;2;Q2_stockout_store;True;c2;True;0;0;0;0.666667;0.4858;True;1;1;23
mcad;happy_guided_article_short;happy;3;Q3_sales_growth;True;c3;True;0;0;0;1.0;0.6648;True;2;1;23
baseline_naive;happy_guided_article_short;happy;1;Q1_margin_month;True;c1;True;0;0;0;0.333333;0.001;;0;0;23
baseline_naive;happy_guided_article_short;happy;2;Q2_stockout_store;True;c2;True;0;0;0;0.666667;0.0004;;0;0;23
baseline_naive;happy_guided_article_short;happy;3;Q3_sales_growth;True;c3;True;0;0;0;1.0;0.0004;;0;0;23
baseline_measure_overlap;happy_guided_article_short;happy;1;Q1_margin_month;True;c1;True;0;0;0;0.333333;0.0142;;0;0;23
baseline_measure_overlap;happy_guided_article_short;happy;2;Q2_stockout_store;True;c2;True;0;0;0;0.666667;0.0054;;0;0;23
baseline_measure_overlap;happy_guided_article_short;happy;3;Q3_sales_growth;True;c3;True;0;0;0;1.0;0.0045;;0;0;23
ablation_no_sat;happy_guided_article_short;happy;1;Q1_margin_month;True;c1;True;0;0;0;0.333333;0.2812;True;1;1;23
ablation_no_sat;happy_guided_article_short;happy;2;Q2_stockout_store;True;c2;True;0;0;0;0.666667;0.2469;True;1;1;23
ablation_no_sat;happy_guided_article_short;happy;3;Q3_sales_growth;True;c3;True;0;0;0;1.0;0.3366;True;2;1;23
ablation_no_real;happy_guided_article_short;happy;1;Q1_margin_month;True;c1;True;0;0;0;0.333333;0.3406;True;1;1;23
ablation_no_real;happy_guided_article_short;happy;2;Q2_stockout_store;True;c2;True;0;0;0;0.666667;0.2537;True;1;1;23
ablation_no_real;happy_guided_article_short;happy;3;Q3_sales_growth;True;c3;True;0;0;0;1.0;0.3418;True;2;1;23
ablation_ceval_any_intersection;happy_guided_article_short;happy;1;Q1_margin_month;True;c1;True;0;0;0;0.333333;0.4534;True;1;1;23
ablation_ceval_any_intersection;happy_guided_article_short;happy;2;Q2_stockout_store;True;c2;True;0;0;0;0.666667;0.4764;True;1;1;23
ablation_ceval_any_intersection;happy_guided_article_short;happy;3;Q3_sales_growth;True;c3;True;0;0;0;1.0;0.6577;True;2;1;23
baseline_random_matched;happy_guided_article_short;happy;1;Q1_margin_month;True;c1;True;0;0;0;0.333333;0.0033;;0;0;23
baseline_random_matched;happy_guided_article_short;happy;2;Q2_stockout_store;True;c2;True;0;0;0;0.666667;0.0007;;0;0;23
baseline_random_matched;happy_guided_article_short;happy;3;Q3_sales_growth;True;c3;True;0;0;0;1.0;0.0004;;0;0;23
mcad;happy_guided_reordered;happy;1;Q1_sales_growth;True;c3;True;0;0;0;0.333333;0.3795;True;2;1;23
mcad;happy_guided_reordered;happy;2;Q2_margin_month;True;c1;True;0;0;0;0.666667;0.2556;True;1;1;23
mcad;happy_guided_reordered;happy;3;Q3_stockout_store;True;c2;True;0;0;0;1.0;0.2406;True;1;1;23
baseline_naive;happy_guided_reordered;happy;1;Q1_sales_growth;True;c3;True;0;0;0;0.333333;0.001;;0;0;23
baseline_naive;happy_guided_reordered;happy;2;Q2_margin_month;True;c1;True;0;0;0;0.666667;0.0004;;0;0;23
baseline_naive;happy_guided_reordered;happy;3;Q3_stockout_store;True;c2;True;0;0;0;1.0;0.0004;;0;0;23
baseline_measure_overlap;happy_guided_reordered;happy;1;Q1_sales_growth;True;c3;True;0;0;0;0.333333;0.0139;;0;0;23
baseline_measure_overlap;happy_guided_reordered;happy;2;Q2_margin_month;True;c1;True;0;0;0;0.666667;0.0054;;0;0;23
baseline_measure_overlap;happy_guided_reordered;happy;3;Q3_stockout_store;True;c2;True;0;0;0;1.0;0.0045;;0;0;23
ablation_no_sat;happy_guided_reordered;happy;1;Q1_sales_growth;True;c3;True;0;0;0;0.333333;0.3691;True;2;1;23
ablation_no_sat;happy_guided_reordered;happy;2;Q2_margin_month;True;c1;True;0;0;0;0.666667;0.2501;True;1;1;23
ablation_no_sat;happy_guided_reordered;happy;3;Q3_stockout_store;True;c2;True;0;0;0;1.0;0.2519;True;1;1;23
ablation_no_real;happy_guided_reordered;happy;1;Q1_sales_growth;True;c3;True;0;0;0;0.333333;0.4742;True;2;1;23
ablation_no_real;happy_guided_reordered;happy;2;Q2_margin_month;True;c1;True;0;0;0;0.666667;0.2541;True;1;1;23
ablation_no_real;happy_guided_reordered;happy;3;Q3_stockout_store;True;c2;True;0;0;0;1.0;0.2468;True;1;1;23
ablation_ceval_any_intersection;happy_guided_reordered;happy;1;Q1_sales_growth;True;c3;True;0;0;0;0.333333;0.6471;True;2;1;23
ablation_ceval_any_intersection;happy_guided_reordered;happy;2;Q2_margin_month;True;c1;True;0;0;0;0.666667;0.4406;True;1;1;23
ablation_ceval_any_intersection;happy_guided_reordered;happy;3;Q3_stockout_store;True;c2;True;0;0;0;1.0;0.4694;True;1;1;23
baseline_random_matched;happy_guided_reordered;happy;1;Q1_sales_growth;True;c3;False;0;1;0;0.0;0.0052;;0;0;23
baseline_random_matched;happy_guided_reordered;happy;2;Q2_margin_month;True;c1;True;0;0;0;0.333333;0.0011;;0;0;23
baseline_random_matched;happy_guided_reordered;happy;3;Q3_stockout_store;True;c2;True;0;0;0;0.666667;0.001;;0;0;23
mcad;happy_guided_compact;happy;1;Q1_margin_month;True;c1;True;0;0;0;0.333333;0.5371;True;1;1;23
mcad;happy_guided_compact;happy;2;Q2_sales_growth;True;c3;True;0;0;0;0.666667;0.6811;True;2;1;23
mcad;happy_guided_compact;happy;3;Q3_stockout_store;True;c2;True;0;0;0;1.0;0.4826;True;1;1;23
baseline_naive;happy_guided_compact;happy;1;Q1_margin_month;True;c1;True;0;0;0;0.333333;0.0018;;0;0;23
baseline_naive;happy_guided_compact;happy;2;Q2_sales_growth;True;c3;True;0;0;0;0.666667;0.0012;;0;0;23
baseline_naive;happy_guided_compact;happy;3;Q3_stockout_store;True;c2;True;0;0;0;1.0;0.0006;;0;0;23
baseline_measure_overlap;happy_guided_compact;happy;1;Q1_margin_month;True;c1;True;0;0;0;0.333333;0.02;;0;0;23
baseline_measure_overlap;happy_guided_compact;happy;2;Q2_sales_growth;True;c3;True;0;0;0;0.666667;0.0056;;0;0;23
baseline_measure_overlap;happy_guided_compact;happy;3;Q3_stockout_store;True;c2;True;0;0;0;1.0;0.0048;;0;0;23
ablation_no_sat;happy_guided_compact;happy;1;Q1_margin_month;True;c1;True;0;0;0;0.333333;0.2984;True;1;1;23
ablation_no_sat;happy_guided_compact;happy;2;Q2_sales_growth;True;c3;True;0;0;0;0.666667;0.3483;True;2;1;23
ablation_no_sat;happy_guided_compact;happy;3;Q3_stockout_store;True;c2;True;0;0;0;1.0;0.2479;True;1;1;23
ablation_no_real;happy_guided_compact;happy;1;Q1_margin_month;True;c1;True;0;0;0;0.333333;0.3424;True;1;1;23
ablation_no_real;happy_guided_compact;happy;2;Q2_sales_growth;True;c3;True;0;0;0;0.666667;0.3582;True;2;1;23
ablation_no_real;happy_guided_compact;happy;3;Q3_stockout_store;True;c2;True;0;0;0;1.0;0.2629;True;1;1;23
ablation_ceval_any_intersection;happy_guided_compact;happy;1;Q1_margin_month;True;c1;True;0;0;0;0.333333;0.2808;True;1;1;23
ablation_ceval_any_intersection;happy_guided_compact;happy;2;Q2_sales_growth;True;c3;True;0;0;0;0.666667;0.3394;True;2;1;23
ablation_ceval_any_intersection;happy_guided_compact;happy;3;Q3_stockout_store;True;c2;True;0;0;0;1.0;0.2408;True;1;1;23
baseline_random_matched;happy_guided_compact;happy;1;Q1_margin_month;True;c1;True;0;0;0;0.333333;0.003;;0;0;23
baseline_random_matched;happy_guided_compact;happy;2;Q2_sales_growth;True;c3;True;0;0;0;0.666667;0.0006;;0;0;23
baseline_random_matched;happy_guided_compact;happy;3;Q3_stockout_store;True;c2;True;0;0;0;1.0;0.0005;;0;0;23
mcad;border_growth_partial_1998_only;border;1;Q1_sales_1998_only;False;;False;0;0;0;0.0;0.6215;True;1;0;23
baseline_naive;border_growth_partial_1998_only;border;1;Q1_sales_1998_only;False;;True;1;0;1;0.0;0.0009;;0;0;23
baseline_measure_overlap;border_growth_partial_1998_only;border;1;Q1_sales_1998_only;False;;True;1;0;1;0.0;0.014;;0;0;23
ablation_no_sat;border_growth_partial_1998_only;border;1;Q1_sales_1998_only;False;;False;0;0;0;0.0;0.3449;True;1;0;23
ablation_no_real;border_growth_partial_1998_only;border;1;Q1_sales_1998_only;False;;True;1;0;1;0.0;0.3419;True;1;0;23
ablation_ceval_any_intersection;border_growth_partial_1998_only;border;1;Q1_sales_1998_only;False;;True;1;0;1;0.0;0.3408;True;1;1;23
baseline_random_matched;border_growth_partial_1998_only;border;1;Q1_sales_1998_only;False;;True;1;0;1;0.0;0.0029;;0;0;23
mcad;border_margin_wrong_grain;border;1;Q1_margin_quarter_only;False;;False;0;0;0;0.0;0.207;False;0;0;23
baseline_naive;border_margin_wrong_grain;border;1;Q1_margin_quarter_only;False;;True;1;0;1;0.0;0.0012;;0;0;23
baseline_measure_overlap;border_margin_wrong_grain;border;1;Q1_margin_quarter_only;False;;True;1;0;1;0.0;0.0155;;0;0;23
ablation_no_sat;border_margin_wrong_grain;border;1;Q1_margin_quarter_only;False;;False;0;0;0;0.0;0.2865;False;0;0;23
ablation_no_real;border_margin_wrong_grain;border;1;Q1_margin_quarter_only;False;;False;0;0;0;0.0;0.2033;False;0;0;23
ablation_ceval_any_intersection;border_margin_wrong_grain;border;1;Q1_margin_quarter_only;False;;False;0;0;0;0.0;0.1939;False;0;0;23
baseline_random_matched;border_margin_wrong_grain;border;1;Q1_margin_quarter_only;False;;False;0;0;0;0.0;0.0033;;0;0;23
mcad;border_stockout_missing_store;border;1;Q1_stockout_category_only;False;;False;0;0;0;0.0;0.2032;False;0;0;23
baseline_naive;border_stockout_missing_store;border;1;Q1_stockout_category_only;False;;True;1;0;1;0.0;0.0015;;0;0;23
baseline_measure_overlap;border_stockout_missing_store;border;1;Q1_stockout_category_only;False;;True;1;0;1;0.0;0.0136;;0;0;23
ablation_no_sat;border_stockout_missing_store;border;1;Q1_stockout_category_only;False;;False;0;0;0;0.0;0.2557;False;0;0;23
ablation_no_real;border_stockout_missing_store;border;1;Q1_stockout_category_only;False;;False;0;0;0;0.0;0.1973;False;0;0;23
ablation_ceval_any_intersection;border_stockout_missing_store;border;1;Q1_stockout_category_only;False;;False;0;0;0;0.0;0.1938;False;0;0;23
baseline_random_matched;border_stockout_missing_store;border;1;Q1_stockout_category_only;False;;True;1;0;1;0.0;0.0027;;0;0;23
mcad;adversarial_wrong_region;adversarial;1;Q1_margin_south;False;;False;0;0;0;0.0;0.1738;False;0;0;23
baseline_naive;adversarial_wrong_region;adversarial;1;Q1_margin_south;False;;True;1;0;1;0.0;0.0012;;0;0;23
baseline_measure_overlap;adversarial_wrong_region;adversarial;1;Q1_margin_south;False;;True;1;0;1;0.0;0.0212;;0;0;23
ablation_no_sat;adversarial_wrong_region;adversarial;1;Q1_margin_south;False;;False;0;0;0;0.0;0.2169;False;0;0;23
ablation_no_real;adversarial_wrong_region;adversarial;1;Q1_margin_south;False;;False;0;0;0;0.0;0.182;False;0;0;23
ablation_ceval_any_intersection;adversarial_wrong_region;adversarial;1;Q1_margin_south;False;;False;0;0;0;0.0;0.1711;False;0;0;23
baseline_random_matched;adversarial_wrong_region;adversarial;1;Q1_margin_south;False;;True;1;0;1;0.0;0.0038;;0;0;23
mcad;adversarial_wrong_year;adversarial;1;Q1_stockout_1997;False;;False;0;0;0;0.0;0.1738;False;0;0;23
baseline_naive;adversarial_wrong_year;adversarial;1;Q1_stockout_1997;False;;True;1;0;1;0.0;0.0013;;0;0;23
baseline_measure_overlap;adversarial_wrong_year;adversarial;1;Q1_stockout_1997;False;;True;1;0;1;0.0;0.0164;;0;0;23
ablation_no_sat;adversarial_wrong_year;adversarial;1;Q1_stockout_1997;False;;False;0;0;0;0.0;0.1965;False;0;0;23
ablation_no_real;adversarial_wrong_year;adversarial;1;Q1_stockout_1997;False;;False;0;0;0;0.0;0.1765;False;0;0;23
ablation_ceval_any_intersection;adversarial_wrong_year;adversarial;1;Q1_stockout_1997;False;;False;0;0;0;0.0;0.1686;False;0;0;23
baseline_random_matched;adversarial_wrong_year;adversarial;1;Q1_stockout_1997;False;;True;1;0;1;0.0;0.0032;;0;0;23
mcad;adversarial_invalid_no_measures;adversarial;1;Q1_invalid_no_measure;False;;False;0;0;0;0.0;0.0741;False;0;0;23
baseline_naive;adversarial_invalid_no_measures;adversarial;1;Q1_invalid_no_measure;False;;True;1;0;1;0.0;0.001;;0;0;23
baseline_measure_overlap;adversarial_invalid_no_measures;adversarial;1;Q1_invalid_no_measure;False;;False;0;0;0;0.0;0.0159;;0;0;23
ablation_no_sat;adversarial_invalid_no_measures;adversarial;1;Q1_invalid_no_measure;False;;False;0;0;0;0.0;0.0935;False;0;0;23
ablation_no_real;adversarial_invalid_no_measures;adversarial;1;Q1_invalid_no_measure;False;;False;0;0;0;0.0;0.0812;False;0;0;23
ablation_ceval_any_intersection;adversarial_invalid_no_measures;adversarial;1;Q1_invalid_no_measure;False;;False;0;0;0;0.0;0.1003;False;0;0;23
baseline_random_matched;adversarial_invalid_no_measures;adversarial;1;Q1_invalid_no_measure;False;;False;0;0;0;0.0;0.004;;0;0;23
mcad;stress_exploratory_then_useful;stress;1;Q1_noise_region;False;;False;0;0;0;0.0;0.2054;False;0;0;23
mcad;stress_exploratory_then_useful;stress;2;Q2_noise_margin_all;False;;False;0;0;0;0.0;0.1434;False;0;0;23
mcad;stress_exploratory_then_useful;stress;3;Q3_useful_margin;True;c1;True;0;0;0;0.333333;0.2499;True;1;1;23
baseline_naive;stress_exploratory_then_useful;stress;1;Q1_noise_region;False;;True;1;0;1;0.0;0.0012;;0;0;23
baseline_naive;stress_exploratory_then_useful;stress;2;Q2_noise_margin_all;False;;True;1;0;1;0.0;0.0008;;0;0;23
baseline_naive;stress_exploratory_then_useful;stress;3;Q3_useful_margin;True;c1;True;0;0;0;0.333333;0.0007;;0;0;23
baseline_measure_overlap;stress_exploratory_then_useful;stress;1;Q1_noise_region;False;;True;1;0;1;0.0;0.0151;;0;0;23
baseline_measure_overlap;stress_exploratory_then_useful;stress;2;Q2_noise_margin_all;False;;True;1;0;1;0.0;0.0055;;0;0;23
baseline_measure_overlap;stress_exploratory_then_useful;stress;3;Q3_useful_margin;True;c1;True;0;0;0;0.333333;0.0042;;0;0;23
ablation_no_sat;stress_exploratory_then_useful;stress;1;Q1_noise_region;False;;False;0;0;0;0.0;0.2513;False;0;0;23
ablation_no_sat;stress_exploratory_then_useful;stress;2;Q2_noise_margin_all;False;;False;0;0;0;0.0;0.1673;False;0;0;23
ablation_no_sat;stress_exploratory_then_useful;stress;3;Q3_useful_margin;True;c1;True;0;0;0;0.333333;0.2451;True;1;1;23
ablation_no_real;stress_exploratory_then_useful;stress;1;Q1_noise_region;False;;False;0;0;0;0.0;0.4645;False;0;0;23
ablation_no_real;stress_exploratory_then_useful;stress;2;Q2_noise_margin_all;False;;False;0;0;0;0.0;0.2873;False;0;0;23
ablation_no_real;stress_exploratory_then_useful;stress;3;Q3_useful_margin;True;c1;True;0;0;0;0.333333;0.6639;True;1;1;23
ablation_ceval_any_intersection;stress_exploratory_then_useful;stress;1;Q1_noise_region;False;;False;0;0;0;0.0;0.1994;False;0;0;23
ablation_ceval_any_intersection;stress_exploratory_then_useful;stress;2;Q2_noise_margin_all;False;;False;0;0;0;0.0;0.1533;False;0;0;23
ablation_ceval_any_intersection;stress_exploratory_then_useful;stress;3;Q3_useful_margin;True;c1;True;0;0;0;0.333333;0.2479;True;1;1;23
baseline_random_matched;stress_exploratory_then_useful;stress;1;Q1_noise_region;False;;True;1;0;1;0.0;0.0032;;0;0;23
baseline_random_matched;stress_exploratory_then_useful;stress;2;Q2_noise_margin_all;False;;True;1;0;1;0.0;0.0006;;0;0;23
baseline_random_matched;stress_exploratory_then_useful;stress;3;Q3_useful_margin;True;c1;True;0;0;0;0.333333;0.0005;;0;0;23
mcad;happy_guided_article_short;happy;1;Q1_margin_month;True;c1;True;0;0;0;0.333333;0.2903;True;1;1;24
mcad;happy_guided_article_short;happy;2;Q2_stockout_store;True;c2;True;0;0;0;0.666667;0.2442;True;1;1;24
mcad;happy_guided_article_short;happy;3;Q3_sales_growth;True;c3;True;0;0;0;1.0;0.3668;True;2;1;24
baseline_naive;happy_guided_article_short;happy;1;Q1_margin_month;True;c1;True;0;0;0;0.333333;0.0012;;0;0;24
baseline_naive;happy_guided_article_short;happy;2;Q2_stockout_store;True;c2;True;0;0;0;0.666667;0.0008;;0;0;24
baseline_naive;happy_guided_article_short;happy;3;Q3_sales_growth;True;c3;True;0;0;0;1.0;0.0006;;0;0;24
baseline_measure_overlap;happy_guided_article_short;happy;1;Q1_margin_month;True;c1;True;0;0;0;0.333333;0.0136;;0;0;24
baseline_measure_overlap;happy_guided_article_short;happy;2;Q2_stockout_store;True;c2;True;0;0;0;0.666667;0.0052;;0;0;24
baseline_measure_overlap;happy_guided_article_short;happy;3;Q3_sales_growth;True;c3;True;0;0;0;1.0;0.0044;;0;0;24
ablation_no_sat;happy_guided_article_short;happy;1;Q1_margin_month;True;c1;True;0;0;0;0.333333;0.2887;True;1;1;24
ablation_no_sat;happy_guided_article_short;happy;2;Q2_stockout_store;True;c2;True;0;0;0;0.666667;0.2418;True;1;1;24
ablation_no_sat;happy_guided_article_short;happy;3;Q3_sales_growth;True;c3;True;0;0;0;1.0;0.3264;True;2;1;24
ablation_no_real;happy_guided_article_short;happy;1;Q1_margin_month;True;c1;True;0;0;0;0.333333;0.2842;True;1;1;24
ablation_no_real;happy_guided_article_short;happy;2;Q2_stockout_store;True;c2;True;0;0;0;0.666667;0.2585;True;1;1;24
ablation_no_real;happy_guided_article_short;happy;3;Q3_sales_growth;True;c3;True;0;0;0;1.0;0.3381;True;2;1;24
ablation_ceval_any_intersection;happy_guided_article_short;happy;1;Q1_margin_month;True;c1;True;0;0;0;0.333333;0.2733;True;1;1;24
ablation_ceval_any_intersection;happy_guided_article_short;happy;2;Q2_stockout_store;True;c2;True;0;0;0;0.666667;0.2385;True;1;1;24
ablation_ceval_any_intersection;happy_guided_article_short;happy;3;Q3_sales_growth;True;c3;True;0;0;0;1.0;0.3367;True;2;1;24
baseline_random_matched;happy_guided_article_short;happy;1;Q1_margin_month;True;c1;True;0;0;0;0.333333;0.0029;;0;0;24
baseline_random_matched;happy_guided_article_short;happy;2;Q2_stockout_store;True;c2;True;0;0;0;0.666667;0.0006;;0;0;24
baseline_random_matched;happy_guided_article_short;happy;3;Q3_sales_growth;True;c3;False;0;1;0;0.666667;0.0005;;0;0;24
mcad;happy_guided_reordered;happy;1;Q1_sales_growth;True;c3;True;0;0;0;0.333333;0.3729;True;2;1;24
mcad;happy_guided_reordered;happy;2;Q2_margin_month;True;c1;True;0;0;0;0.666667;0.246;True;1;1;24
mcad;happy_guided_reordered;happy;3;Q3_stockout_store;True;c2;True;0;0;0;1.0;0.2378;True;1;1;24
baseline_naive;happy_guided_reordered;happy;1;Q1_sales_growth;True;c3;True;0;0;0;0.333333;0.0009;;0;0;24
baseline_naive;happy_guided_reordered;happy;2;Q2_margin_month;True;c1;True;0;0;0;0.666667;0.0004;;0;0;24
baseline_naive;happy_guided_reordered;happy;3;Q3_stockout_store;True;c2;True;0;0;0;1.0;0.0004;;0;0;24
baseline_measure_overlap;happy_guided_reordered;happy;1;Q1_sales_growth;True;c3;True;0;0;0;0.333333;0.0133;;0;0;24
baseline_measure_overlap;happy_guided_reordered;happy;2;Q2_margin_month;True;c1;True;0;0;0;0.666667;0.0055;;0;0;24
baseline_measure_overlap;happy_guided_reordered;happy;3;Q3_stockout_store;True;c2;True;0;0;0;1.0;0.0049;;0;0;24
ablation_no_sat;happy_guided_reordered;happy;1;Q1_sales_growth;True;c3;True;0;0;0;0.333333;0.3623;True;2;1;24
ablation_no_sat;happy_guided_reordered;happy;2;Q2_margin_month;True;c1;True;0;0;0;0.666667;0.2466;True;1;1;24
ablation_no_sat;happy_guided_reordered;happy;3;Q3_stockout_store;True;c2;True;0;0;0;1.0;0.2471;True;1;1;24
ablation_no_real;happy_guided_reordered;happy;1;Q1_sales_growth;True;c3;True;0;0;0;0.333333;0.367;True;2;1;24
ablation_no_real;happy_guided_reordered;happy;2;Q2_margin_month;True;c1;True;0;0;0;0.666667;0.2516;True;1;1;24
ablation_no_real;happy_guided_reordered;happy;3;Q3_stockout_store;True;c2;True;0;0;0;1.0;0.2557;True;1;1;24
ablation_ceval_any_intersection;happy_guided_reordered;happy;1;Q1_sales_growth;True;c3;True;0;0;0;0.333333;0.3576;True;2;1;24
ablation_ceval_any_intersection;happy_guided_reordered;happy;2;Q2_margin_month;True;c1;True;0;0;0;0.666667;0.2442;True;1;1;24
ablation_ceval_any_intersection;happy_guided_reordered;happy;3;Q3_stockout_store;True;c2;True;0;0;0;1.0;0.2377;True;1;1;24
baseline_random_matched;happy_guided_reordered;happy;1;Q1_sales_growth;True;c3;True;0;0;0;0.333333;0.0041;;0;0;24
baseline_random_matched;happy_guided_reordered;happy;2;Q2_margin_month;True;c1;False;0;1;0;0.333333;0.0007;;0;0;24
baseline_random_matched;happy_guided_reordered;happy;3;Q3_stockout_store;True;c2;True;0;0;0;0.666667;0.0006;;0;0;24
mcad;happy_guided_compact;happy;1;Q1_margin_month;True;c1;True;0;0;0;0.333333;0.3029;True;1;1;24
mcad;happy_guided_compact;happy;2;Q2_sales_growth;True;c3;True;0;0;0;0.666667;0.3374;True;2;1;24
mcad;happy_guided_compact;happy;3;Q3_stockout_store;True;c2;True;0;0;0;1.0;0.2383;True;1;1;24
baseline_naive;happy_guided_compact;happy;1;Q1_margin_month;True;c1;True;0;0;0;0.333333;0.001;;0;0;24
baseline_naive;happy_guided_compact;happy;2;Q2_sales_growth;True;c3;True;0;0;0;0.666667;0.0005;;0;0;24
baseline_naive;happy_guided_compact;happy;3;Q3_stockout_store;True;c2;True;0;0;0;1.0;0.0004;;0;0;24
baseline_measure_overlap;happy_guided_compact;happy;1;Q1_margin_month;True;c1;True;0;0;0;0.333333;0.0142;;0;0;24
baseline_measure_overlap;happy_guided_compact;happy;2;Q2_sales_growth;True;c3;True;0;0;0;0.666667;0.0053;;0;0;24
baseline_measure_overlap;happy_guided_compact;happy;3;Q3_stockout_store;True;c2;True;0;0;0;1.0;0.0041;;0;0;24
ablation_no_sat;happy_guided_compact;happy;1;Q1_margin_month;True;c1;True;0;0;0;0.333333;0.2929;True;1;1;24
ablation_no_sat;happy_guided_compact;happy;2;Q2_sales_growth;True;c3;True;0;0;0;0.666667;0.3324;True;2;1;24
ablation_no_sat;happy_guided_compact;happy;3;Q3_stockout_store;True;c2;True;0;0;0;1.0;0.2355;True;1;1;24
ablation_no_real;happy_guided_compact;happy;1;Q1_margin_month;True;c1;True;0;0;0;0.333333;0.3028;True;1;1;24
ablation_no_real;happy_guided_compact;happy;2;Q2_sales_growth;True;c3;True;0;0;0;0.666667;0.3373;True;2;1;24
ablation_no_real;happy_guided_compact;happy;3;Q3_stockout_store;True;c2;True;0;0;0;1.0;0.2421;True;1;1;24
ablation_ceval_any_intersection;happy_guided_compact;happy;1;Q1_margin_month;True;c1;True;0;0;0;0.333333;0.287;True;1;1;24
ablation_ceval_any_intersection;happy_guided_compact;happy;2;Q2_sales_growth;True;c3;True;0;0;0;0.666667;0.3336;True;2;1;24
ablation_ceval_any_intersection;happy_guided_compact;happy;3;Q3_stockout_store;True;c2;True;0;0;0;1.0;0.2406;True;1;1;24
baseline_random_matched;happy_guided_compact;happy;1;Q1_margin_month;True;c1;True;0;0;0;0.333333;0.003;;0;0;24
baseline_random_matched;happy_guided_compact;happy;2;Q2_sales_growth;True;c3;True;0;0;0;0.666667;0.0007;;0;0;24
baseline_random_matched;happy_guided_compact;happy;3;Q3_stockout_store;True;c2;True;0;0;0;1.0;0.0005;;0;0;24
mcad;border_growth_partial_1998_only;border;1;Q1_sales_1998_only;False;;False;0;0;0;0.0;0.5713;True;1;0;24
baseline_naive;border_growth_partial_1998_only;border;1;Q1_sales_1998_only;False;;True;1;0;1;0.0;0.0013;;0;0;24
baseline_measure_overlap;border_growth_partial_1998_only;border;1;Q1_sales_1998_only;False;;True;1;0;1;0.0;0.0139;;0;0;24
ablation_no_sat;border_growth_partial_1998_only;border;1;Q1_sales_1998_only;False;;False;0;0;0;0.0;0.3329;True;1;0;24
ablation_no_real;border_growth_partial_1998_only;border;1;Q1_sales_1998_only;False;;True;1;0;1;0.0;0.3422;True;1;0;24
ablation_ceval_any_intersection;border_growth_partial_1998_only;border;1;Q1_sales_1998_only;False;;True;1;0;1;0.0;0.326;True;1;1;24
baseline_random_matched;border_growth_partial_1998_only;border;1;Q1_sales_1998_only;False;;True;1;0;1;0.0;0.0032;;0;0;24
mcad;border_margin_wrong_grain;border;1;Q1_margin_quarter_only;False;;False;0;0;0;0.0;0.3421;False;0;0;24
baseline_naive;border_margin_wrong_grain;border;1;Q1_margin_quarter_only;False;;True;1;0;1;0.0;0.001;;0;0;24
baseline_measure_overlap;border_margin_wrong_grain;border;1;Q1_margin_quarter_only;False;;True;1;0;1;0.0;0.014;;0;0;24
ablation_no_sat;border_margin_wrong_grain;border;1;Q1_margin_quarter_only;False;;False;0;0;0;0.0;0.2679;False;0;0;24
ablation_no_real;border_margin_wrong_grain;border;1;Q1_margin_quarter_only;False;;False;0;0;0;0.0;0.2023;False;0;0;24
ablation_ceval_any_intersection;border_margin_wrong_grain;border;1;Q1_margin_quarter_only;False;;False;0;0;0;0.0;0.194;False;0;0;24
baseline_random_matched;border_margin_wrong_grain;border;1;Q1_margin_quarter_only;False;;True;1;0;1;0.0;0.0027;;0;0;24
mcad;border_stockout_missing_store;border;1;Q1_stockout_category_only;False;;False;0;0;0;0.0;0.1922;False;0;0;24
baseline_naive;border_stockout_missing_store;border;1;Q1_stockout_category_only;False;;True;1;0;1;0.0;0.0009;;0;0;24
baseline_measure_overlap;border_stockout_missing_store;border;1;Q1_stockout_category_only;False;;True;1;0;1;0.0;0.0136;;0;0;24
ablation_no_sat;border_stockout_missing_store;border;1;Q1_stockout_category_only;False;;False;0;0;0;0.0;0.2555;False;0;0;24
ablation_no_real;border_stockout_missing_store;border;1;Q1_stockout_category_only;False;;False;0;0;0;0.0;0.1994;False;0;0;24
ablation_ceval_any_intersection;border_stockout_missing_store;border;1;Q1_stockout_category_only;False;;False;0;0;0;0.0;0.1913;False;0;0;24
baseline_random_matched;border_stockout_missing_store;border;1;Q1_stockout_category_only;False;;False;0;0;0;0.0;0.0029;;0;0;24
mcad;adversarial_wrong_region;adversarial;1;Q1_margin_south;False;;False;0;0;0;0.0;0.1679;False;0;0;24
baseline_naive;adversarial_wrong_region;adversarial;1;Q1_margin_south;False;;True;1;0;1;0.0;0.0014;;0;0;24
baseline_measure_overlap;adversarial_wrong_region;adversarial;1;Q1_margin_south;False;;True;1;0;1;0.0;0.014;;0;0;24
ablation_no_sat;adversarial_wrong_region;adversarial;1;Q1_margin_south;False;;False;0;0;0;0.0;0.254;False;0;0;24
ablation_no_real;adversarial_wrong_region;adversarial;1;Q1_margin_south;False;;False;0;0;0;0.0;0.1749;False;0;0;24
ablation_ceval_any_intersection;adversarial_wrong_region;adversarial;1;Q1_margin_south;False;;False;0;0;0;0.0;0.2277;False;0;0;24
baseline_random_matched;adversarial_wrong_region;adversarial;1;Q1_margin_south;False;;True;1;0;1;0.0;0.0029;;0;0;24
mcad;adversarial_wrong_year;adversarial;1;Q1_stockout_1997;False;;False;0;0;0;0.0;0.1739;False;0;0;24
baseline_naive;adversarial_wrong_year;adversarial;1;Q1_stockout_1997;False;;True;1;0;1;0.0;0.0014;;0;0;24
baseline_measure_overlap;adversarial_wrong_year;adversarial;1;Q1_stockout_1997;False;;True;1;0;1;0.0;0.0147;;0;0;24
ablation_no_sat;adversarial_wrong_year;adversarial;1;Q1_stockout_1997;False;;False;0;0;0;0.0;0.1935;False;0;0;24
ablation_no_real;adversarial_wrong_year;adversarial;1;Q1_stockout_1997;False;;False;0;0;0;0.0;0.1717;False;0;0;24
ablation_ceval_any_intersection;adversarial_wrong_year;adversarial;1;Q1_stockout_1997;False;;False;0;0;0;0.0;0.1726;False;0;0;24
baseline_random_matched;adversarial_wrong_year;adversarial;1;Q1_stockout_1997;False;;True;1;0;1;0.0;0.0029;;0;0;24
mcad;adversarial_invalid_no_measures;adversarial;1;Q1_invalid_no_measure;False;;False;0;0;0;0.0;0.0727;False;0;0;24
baseline_naive;adversarial_invalid_no_measures;adversarial;1;Q1_invalid_no_measure;False;;True;1;0;1;0.0;0.0009;;0;0;24
baseline_measure_overlap;adversarial_invalid_no_measures;adversarial;1;Q1_invalid_no_measure;False;;False;0;0;0;0.0;0.0145;;0;0;24
ablation_no_sat;adversarial_invalid_no_measures;adversarial;1;Q1_invalid_no_measure;False;;False;0;0;0;0.0;0.1532;False;0;0;24
ablation_no_real;adversarial_invalid_no_measures;adversarial;1;Q1_invalid_no_measure;False;;False;0;0;0;0.0;0.0839;False;0;0;24
ablation_ceval_any_intersection;adversarial_invalid_no_measures;adversarial;1;Q1_invalid_no_measure;False;;False;0;0;0;0.0;0.0728;False;0;0;24
baseline_random_matched;adversarial_invalid_no_measures;adversarial;1;Q1_invalid_no_measure;False;;True;1;0;1;0.0;0.0036;;0;0;24
mcad;stress_exploratory_then_useful;stress;1;Q1_noise_region;False;;False;0;0;0;0.0;0.1995;False;0;0;24
mcad;stress_exploratory_then_useful;stress;2;Q2_noise_margin_all;False;;False;0;0;0;0.0;0.1417;False;0;0;24
mcad;stress_exploratory_then_useful;stress;3;Q3_useful_margin;True;c1;True;0;0;0;0.333333;0.268;True;1;1;24
baseline_naive;stress_exploratory_then_useful;stress;1;Q1_noise_region;False;;True;1;0;1;0.0;0.001;;0;0;24
baseline_naive;stress_exploratory_then_useful;stress;2;Q2_noise_margin_all;False;;True;1;0;1;0.0;0.0005;;0;0;24
baseline_naive;stress_exploratory_then_useful;stress;3;Q3_useful_margin;True;c1;True;0;0;0;0.333333;0.0004;;0;0;24
baseline_measure_overlap;stress_exploratory_then_useful;stress;1;Q1_noise_region;False;;True;1;0;1;0.0;0.0145;;0;0;24
baseline_measure_overlap;stress_exploratory_then_useful;stress;2;Q2_noise_margin_all;False;;True;1;0;1;0.0;0.0055;;0;0;24
baseline_measure_overlap;stress_exploratory_then_useful;stress;3;Q3_useful_margin;True;c1;True;0;0;0;0.333333;0.0042;;0;0;24
ablation_no_sat;stress_exploratory_then_useful;stress;1;Q1_noise_region;False;;False;0;0;0;0.0;0.2432;False;0;0;24
ablation_no_sat;stress_exploratory_then_useful;stress;2;Q2_noise_margin_all;False;;False;0;0;0;0.0;0.169;False;0;0;24
ablation_no_sat;stress_exploratory_then_useful;stress;3;Q3_useful_margin;True;c1;True;0;0;0;0.333333;0.2457;True;1;1;24
ablation_no_real;stress_exploratory_then_useful;stress;1;Q1_noise_region;False;;False;0;0;0;0.0;0.2065;False;0;0;24
ablation_no_real;stress_exploratory_then_useful;stress;2;Q2_noise_margin_all;False;;False;0;0;0;0.0;0.1598;False;0;0;24
ablation_no_real;stress_exploratory_then_useful;stress;3;Q3_useful_margin;True;c1;True;0;0;0;0.333333;0.2535;True;1;1;24
ablation_ceval_any_intersection;stress_exploratory_then_useful;stress;1;Q1_noise_region;False;;False;0;0;0;0.0;0.1949;False;0;0;24
ablation_ceval_any_intersection;stress_exploratory_then_useful;stress;2;Q2_noise_margin_all;False;;False;0;0;0;0.0;0.1408;False;0;0;24
ablation_ceval_any_intersection;stress_exploratory_then_useful;stress;3;Q3_useful_margin;True;c1;True;0;0;0;0.333333;0.2433;True;1;1;24
baseline_random_matched;stress_exploratory_then_useful;stress;1;Q1_noise_region;False;;True;1;0;1;0.0;0.0034;;0;0;24
baseline_random_matched;stress_exploratory_then_useful;stress;2;Q2_noise_margin_all;False;;True;1;0;1;0.0;0.0007;;0;0;24
baseline_random_matched;stress_exploratory_then_useful;stress;3;Q3_useful_margin;True;c1;True;0;0;0;0.333333;0.0004;;0;0;24
mcad;happy_guided_article_short;happy;1;Q1_margin_month;True;c1;True;0;0;0;0.333333;0.2782;True;1;1;25
mcad;happy_guided_article_short;happy;2;Q2_stockout_store;True;c2;True;0;0;0;0.666667;0.2572;True;1;1;25
mcad;happy_guided_article_short;happy;3;Q3_sales_growth;True;c3;True;0;0;0;1.0;0.3329;True;2;1;25
baseline_naive;happy_guided_article_short;happy;1;Q1_margin_month;True;c1;True;0;0;0;0.333333;0.0009;;0;0;25
baseline_naive;happy_guided_article_short;happy;2;Q2_stockout_store;True;c2;True;0;0;0;0.666667;0.0004;;0;0;25
baseline_naive;happy_guided_article_short;happy;3;Q3_sales_growth;True;c3;True;0;0;0;1.0;0.0004;;0;0;25
baseline_measure_overlap;happy_guided_article_short;happy;1;Q1_margin_month;True;c1;True;0;0;0;0.333333;0.0194;;0;0;25
baseline_measure_overlap;happy_guided_article_short;happy;2;Q2_stockout_store;True;c2;True;0;0;0;0.666667;0.0098;;0;0;25
baseline_measure_overlap;happy_guided_article_short;happy;3;Q3_sales_growth;True;c3;True;0;0;0;1.0;0.0088;;0;0;25
ablation_no_sat;happy_guided_article_short;happy;1;Q1_margin_month;True;c1;True;0;0;0;0.333333;0.2766;True;1;1;25
ablation_no_sat;happy_guided_article_short;happy;2;Q2_stockout_store;True;c2;True;0;0;0;0.666667;0.239;True;1;1;25
ablation_no_sat;happy_guided_article_short;happy;3;Q3_sales_growth;True;c3;True;0;0;0;1.0;0.3415;True;2;1;25
ablation_no_real;happy_guided_article_short;happy;1;Q1_margin_month;True;c1;True;0;0;0;0.333333;0.2804;True;1;1;25
ablation_no_real;happy_guided_article_short;happy;2;Q2_stockout_store;True;c2;True;0;0;0;0.666667;0.2465;True;1;1;25
ablation_no_real;happy_guided_article_short;happy;3;Q3_sales_growth;True;c3;True;0;0;0;1.0;0.3426;True;2;1;25
ablation_ceval_any_intersection;happy_guided_article_short;happy;1;Q1_margin_month;True;c1;True;0;0;0;0.333333;0.2802;True;1;1;25
ablation_ceval_any_intersection;happy_guided_article_short;happy;2;Q2_stockout_store;True;c2;True;0;0;0;0.666667;0.2398;True;1;1;25
ablation_ceval_any_intersection;happy_guided_article_short;happy;3;Q3_sales_growth;True;c3;True;0;0;0;1.0;0.3265;True;2;1;25
baseline_random_matched;happy_guided_article_short;happy;1;Q1_margin_month;True;c1;False;0;1;0;0.0;0.003;;0;0;25
baseline_random_matched;happy_guided_article_short;happy;2;Q2_stockout_store;True;c2;True;0;0;0;0.333333;0.0006;;0;0;25
baseline_random_matched;happy_guided_article_short;happy;3;Q3_sales_growth;True;c3;False;0;1;0;0.333333;0.0004;;0;0;25
mcad;happy_guided_reordered;happy;1;Q1_sales_growth;True;c3;True;0;0;0;0.333333;0.3649;True;2;1;25
mcad;happy_guided_reordered;happy;2;Q2_margin_month;True;c1;True;0;0;0;0.666667;0.2645;True;1;1;25
mcad;happy_guided_reordered;happy;3;Q3_stockout_store;True;c2;True;0;0;0;1.0;0.239;True;1;1;25
baseline_naive;happy_guided_reordered;happy;1;Q1_sales_growth;True;c3;True;0;0;0;0.333333;0.0009;;0;0;25
baseline_naive;happy_guided_reordered;happy;2;Q2_margin_month;True;c1;True;0;0;0;0.666667;0.0005;;0;0;25
baseline_naive;happy_guided_reordered;happy;3;Q3_stockout_store;True;c2;True;0;0;0;1.0;0.0003;;0;0;25
baseline_measure_overlap;happy_guided_reordered;happy;1;Q1_sales_growth;True;c3;True;0;0;0;0.333333;0.0215;;0;0;25
baseline_measure_overlap;happy_guided_reordered;happy;2;Q2_margin_month;True;c1;True;0;0;0;0.666667;0.0086;;0;0;25
baseline_measure_overlap;happy_guided_reordered;happy;3;Q3_stockout_store;True;c2;True;0;0;0;1.0;0.0072;;0;0;25
ablation_no_sat;happy_guided_reordered;happy;1;Q1_sales_growth;True;c3;True;0;0;0;0.333333;0.3794;True;2;1;25
ablation_no_sat;happy_guided_reordered;happy;2;Q2_margin_month;True;c1;True;0;0;0;0.666667;0.2459;True;1;1;25
ablation_no_sat;happy_guided_reordered;happy;3;Q3_stockout_store;True;c2;True;0;0;0;1.0;0.2468;True;1;1;25
ablation_no_real;happy_guided_reordered;happy;1;Q1_sales_growth;True;c3;True;0;0;0;0.333333;0.3837;True;2;1;25
ablation_no_real;happy_guided_reordered;happy;2;Q2_margin_month;True;c1;True;0;0;0;0.666667;0.2496;True;1;1;25
ablation_no_real;happy_guided_reordered;happy;3;Q3_stockout_store;True;c2;True;0;0;0;1.0;0.2412;True;1;1;25
ablation_ceval_any_intersection;happy_guided_reordered;happy;1;Q1_sales_growth;True;c3;True;0;0;0;0.333333;0.3727;True;2;1;25
ablation_ceval_any_intersection;happy_guided_reordered;happy;2;Q2_margin_month;True;c1;True;0;0;0;0.666667;0.241;True;1;1;25
ablation_ceval_any_intersection;happy_guided_reordered;happy;3;Q3_stockout_store;True;c2;True;0;0;0;1.0;0.2372;True;1;1;25
baseline_random_matched;happy_guided_reordered;happy;1;Q1_sales_growth;True;c3;True;0;0;0;0.333333;0.0031;;0;0;25
baseline_random_matched;happy_guided_reordered;happy;2;Q2_margin_month;True;c1;True;0;0;0;0.666667;0.0006;;0;0;25
baseline_random_matched;happy_guided_reordered;happy;3;Q3_stockout_store;True;c2;True;0;0;0;1.0;0.0005;;0;0;25
mcad;happy_guided_compact;happy;1;Q1_margin_month;True;c1;True;0;0;0;0.333333;0.2917;True;1;1;25
mcad;happy_guided_compact;happy;2;Q2_sales_growth;True;c3;True;0;0;0;0.666667;0.338;True;2;1;25
mcad;happy_guided_compact;happy;3;Q3_stockout_store;True;c2;True;0;0;0;1.0;0.2405;True;1;1;25
baseline_naive;happy_guided_compact;happy;1;Q1_margin_month;True;c1;True;0;0;0;0.333333;0.0009;;0;0;25
baseline_naive;happy_guided_compact;happy;2;Q2_sales_growth;True;c3;True;0;0;0;0.666667;0.0005;;0;0;25
baseline_naive;happy_guided_compact;happy;3;Q3_stockout_store;True;c2;True;0;0;0;1.0;0.0004;;0;0;25
baseline_measure_overlap;happy_guided_compact;happy;1;Q1_margin_month;True;c1;True;0;0;0;0.333333;0.0186;;0;0;25
baseline_measure_overlap;happy_guided_compact;happy;2;Q2_sales_growth;True;c3;True;0;0;0;0.666667;0.0083;;0;0;25
baseline_measure_overlap;happy_guided_compact;happy;3;Q3_stockout_store;True;c2;True;0;0;0;1.0;0.0072;;0;0;25
ablation_no_sat;happy_guided_compact;happy;1;Q1_margin_month;True;c1;True;0;0;0;0.333333;0.4594;True;1;1;25
ablation_no_sat;happy_guided_compact;happy;2;Q2_sales_growth;True;c3;True;0;0;0;0.666667;0.5434;True;2;1;25
ablation_no_sat;happy_guided_compact;happy;3;Q3_stockout_store;True;c2;True;0;0;0;1.0;0.3498;True;1;1;25
ablation_no_real;happy_guided_compact;happy;1;Q1_margin_month;True;c1;True;0;0;0;0.333333;0.4748;True;1;1;25
ablation_no_real;happy_guided_compact;happy;2;Q2_sales_growth;True;c3;True;0;0;0;0.666667;0.5538;True;2;1;25
ablation_no_real;happy_guided_compact;happy;3;Q3_stockout_store;True;c2;True;0;0;0;1.0;0.4821;True;1;1;25
ablation_ceval_any_intersection;happy_guided_compact;happy;1;Q1_margin_month;True;c1;True;0;0;0;0.333333;0.2773;True;1;1;25
ablation_ceval_any_intersection;happy_guided_compact;happy;2;Q2_sales_growth;True;c3;True;0;0;0;0.666667;0.3694;True;2;1;25
ablation_ceval_any_intersection;happy_guided_compact;happy;3;Q3_stockout_store;True;c2;True;0;0;0;1.0;0.24;True;1;1;25
baseline_random_matched;happy_guided_compact;happy;1;Q1_margin_month;True;c1;False;0;1;0;0.0;0.0035;;0;0;25
baseline_random_matched;happy_guided_compact;happy;2;Q2_sales_growth;True;c3;True;0;0;0;0.333333;0.0008;;0;0;25
baseline_random_matched;happy_guided_compact;happy;3;Q3_stockout_store;True;c2;True;0;0;0;0.666667;0.0005;;0;0;25
mcad;border_growth_partial_1998_only;border;1;Q1_sales_1998_only;False;;False;0;0;0;0.0;0.6133;True;1;0;25
baseline_naive;border_growth_partial_1998_only;border;1;Q1_sales_1998_only;False;;True;1;0;1;0.0;0.0009;;0;0;25
baseline_measure_overlap;border_growth_partial_1998_only;border;1;Q1_sales_1998_only;False;;True;1;0;1;0.0;0.0135;;0;0;25
ablation_no_sat;border_growth_partial_1998_only;border;1;Q1_sales_1998_only;False;;False;0;0;0;0.0;0.3499;True;1;0;25
ablation_no_real;border_growth_partial_1998_only;border;1;Q1_sales_1998_only;False;;True;1;0;1;0.0;0.3529;True;1;0;25
ablation_ceval_any_intersection;border_growth_partial_1998_only;border;1;Q1_sales_1998_only;False;;True;1;0;1;0.0;0.3365;True;1;1;25
baseline_random_matched;border_growth_partial_1998_only;border;1;Q1_sales_1998_only;False;;False;0;0;0;0.0;0.0033;;0;0;25
mcad;border_margin_wrong_grain;border;1;Q1_margin_quarter_only;False;;False;0;0;0;0.0;0.1971;False;0;0;25
baseline_naive;border_margin_wrong_grain;border;1;Q1_margin_quarter_only;False;;True;1;0;1;0.0;0.0013;;0;0;25
baseline_measure_overlap;border_margin_wrong_grain;border;1;Q1_margin_quarter_only;False;;True;1;0;1;0.0;0.0133;;0;0;25
ablation_no_sat;border_margin_wrong_grain;border;1;Q1_margin_quarter_only;False;;False;0;0;0;0.0;0.2587;False;0;0;25
ablation_no_real;border_margin_wrong_grain;border;1;Q1_margin_quarter_only;False;;False;0;0;0;0.0;0.2017;False;0;0;25
ablation_ceval_any_intersection;border_margin_wrong_grain;border;1;Q1_margin_quarter_only;False;;False;0;0;0;0.0;0.2025;False;0;0;25
baseline_random_matched;border_margin_wrong_grain;border;1;Q1_margin_quarter_only;False;;False;0;0;0;0.0;0.0047;;0;0;25
mcad;border_stockout_missing_store;border;1;Q1_stockout_category_only;False;;False;0;0;0;0.0;0.2204;False;0;0;25
baseline_naive;border_stockout_missing_store;border;1;Q1_stockout_category_only;False;;True;1;0;1;0.0;0.001;;0;0;25
baseline_measure_overlap;border_stockout_missing_store;border;1;Q1_stockout_category_only;False;;True;1;0;1;0.0;0.0144;;0;0;25
ablation_no_sat;border_stockout_missing_store;border;1;Q1_stockout_category_only;False;;False;0;0;0;0.0;0.2681;False;0;0;25
ablation_no_real;border_stockout_missing_store;border;1;Q1_stockout_category_only;False;;False;0;0;0;0.0;0.2078;False;0;0;25
ablation_ceval_any_intersection;border_stockout_missing_store;border;1;Q1_stockout_category_only;False;;False;0;0;0;0.0;0.1948;False;0;0;25
baseline_random_matched;border_stockout_missing_store;border;1;Q1_stockout_category_only;False;;False;0;0;0;0.0;0.0043;;0;0;25
mcad;adversarial_wrong_region;adversarial;1;Q1_margin_south;False;;False;0;0;0;0.0;0.1764;False;0;0;25
baseline_naive;adversarial_wrong_region;adversarial;1;Q1_margin_south;False;;True;1;0;1;0.0;0.0009;;0;0;25
baseline_measure_overlap;adversarial_wrong_region;adversarial;1;Q1_margin_south;False;;True;1;0;1;0.0;0.021;;0;0;25
ablation_no_sat;adversarial_wrong_region;adversarial;1;Q1_margin_south;False;;False;0;0;0;0.0;0.2162;False;0;0;25
ablation_no_real;adversarial_wrong_region;adversarial;1;Q1_margin_south;False;;False;0;0;0;0.0;0.1771;False;0;0;25
ablation_ceval_any_intersection;adversarial_wrong_region;adversarial;1;Q1_margin_south;False;;False;0;0;0;0.0;0.1735;False;0;0;25
baseline_random_matched;adversarial_wrong_region;adversarial;1;Q1_margin_south;False;;True;1;0;1;0.0;0.0029;;0;0;25
mcad;adversarial_wrong_year;adversarial;1;Q1_stockout_1997;False;;False;0;0;0;0.0;0.3043;False;0;0;25
baseline_naive;adversarial_wrong_year;adversarial;1;Q1_stockout_1997;False;;True;1;0;1;0.0;0.0013;;0;0;25
baseline_measure_overlap;adversarial_wrong_year;adversarial;1;Q1_stockout_1997;False;;True;1;0;1;0.0;0.0208;;0;0;25
ablation_no_sat;adversarial_wrong_year;adversarial;1;Q1_stockout_1997;False;;False;0;0;0;0.0;0.2027;False;0;0;25
ablation_no_real;adversarial_wrong_year;adversarial;1;Q1_stockout_1997;False;;False;0;0;0;0.0;0.1767;False;0;0;25
ablation_ceval_any_intersection;adversarial_wrong_year;adversarial;1;Q1_stockout_1997;False;;False;0;0;0;0.0;0.2914;False;0;0;25
baseline_random_matched;adversarial_wrong_year;adversarial;1;Q1_stockout_1997;False;;True;1;0;1;0.0;0.003;;0;0;25
mcad;adversarial_invalid_no_measures;adversarial;1;Q1_invalid_no_measure;False;;False;0;0;0;0.0;0.1151;False;0;0;25
baseline_naive;adversarial_invalid_no_measures;adversarial;1;Q1_invalid_no_measure;False;;True;1;0;1;0.0;0.0013;;0;0;25
baseline_measure_overlap;adversarial_invalid_no_measures;adversarial;1;Q1_invalid_no_measure;False;;False;0;0;0;0.0;0.0134;;0;0;25
ablation_no_sat;adversarial_invalid_no_measures;adversarial;1;Q1_invalid_no_measure;False;;False;0;0;0;0.0;0.0924;False;0;0;25
ablation_no_real;adversarial_invalid_no_measures;adversarial;1;Q1_invalid_no_measure;False;;False;0;0;0;0.0;0.0817;False;0;0;25
ablation_ceval_any_intersection;adversarial_invalid_no_measures;adversarial;1;Q1_invalid_no_measure;False;;False;0;0;0;0.0;0.1212;False;0;0;25
baseline_random_matched;adversarial_invalid_no_measures;adversarial;1;Q1_invalid_no_measure;False;;False;0;0;0;0.0;0.0031;;0;0;25
mcad;stress_exploratory_then_useful;stress;1;Q1_noise_region;False;;False;0;0;0;0.0;0.204;False;0;0;25
mcad;stress_exploratory_then_useful;stress;2;Q2_noise_margin_all;False;;False;0;0;0;0.0;0.1405;False;0;0;25
mcad;stress_exploratory_then_useful;stress;3;Q3_useful_margin;True;c1;True;0;0;0;0.333333;0.2533;True;1;1;25
baseline_naive;stress_exploratory_then_useful;stress;1;Q1_noise_region;False;;True;1;0;1;0.0;0.0012;;0;0;25
baseline_naive;stress_exploratory_then_useful;stress;2;Q2_noise_margin_all;False;;True;1;0;1;0.0;0.0004;;0;0;25
baseline_naive;stress_exploratory_then_useful;stress;3;Q3_useful_margin;True;c1;True;0;0;0;0.333333;0.0003;;0;0;25
baseline_measure_overlap;stress_exploratory_then_useful;stress;1;Q1_noise_region;False;;True;1;0;1;0.0;0.0153;;0;0;25
baseline_measure_overlap;stress_exploratory_then_useful;stress;2;Q2_noise_margin_all;False;;True;1;0;1;0.0;0.0053;;0;0;25
baseline_measure_overlap;stress_exploratory_then_useful;stress;3;Q3_useful_margin;True;c1;True;0;0;0;0.333333;0.0044;;0;0;25
ablation_no_sat;stress_exploratory_then_useful;stress;1;Q1_noise_region;False;;False;0;0;0;0.0;0.2478;False;0;0;25
ablation_no_sat;stress_exploratory_then_useful;stress;2;Q2_noise_margin_all;False;;False;0;0;0;0.0;0.1715;False;0;0;25
ablation_no_sat;stress_exploratory_then_useful;stress;3;Q3_useful_margin;True;c1;True;0;0;0;0.333333;0.2604;True;1;1;25
ablation_no_real;stress_exploratory_then_useful;stress;1;Q1_noise_region;False;;False;0;0;0;0.0;0.2095;False;0;0;25
ablation_no_real;stress_exploratory_then_useful;stress;2;Q2_noise_margin_all;False;;False;0;0;0;0.0;0.1504;False;0;0;25
ablation_no_real;stress_exploratory_then_useful;stress;3;Q3_useful_margin;True;c1;True;0;0;0;0.333333;0.2804;True;1;1;25
ablation_ceval_any_intersection;stress_exploratory_then_useful;stress;1;Q1_noise_region;False;;False;0;0;0;0.0;0.3375;False;0;0;25
ablation_ceval_any_intersection;stress_exploratory_then_useful;stress;2;Q2_noise_margin_all;False;;False;0;0;0;0.0;0.2747;False;0;0;25
ablation_ceval_any_intersection;stress_exploratory_then_useful;stress;3;Q3_useful_margin;True;c1;True;0;0;0;0.333333;0.4854;True;1;1;25
baseline_random_matched;stress_exploratory_then_useful;stress;1;Q1_noise_region;False;;False;0;0;0;0.0;0.0031;;0;0;25
baseline_random_matched;stress_exploratory_then_useful;stress;2;Q2_noise_margin_all;False;;True;1;0;1;0.0;0.0007;;0;0;25
baseline_random_matched;stress_exploratory_then_useful;stress;3;Q3_useful_margin;True;c1;False;0;1;0;0.0;0.0006;;0;0;25
mcad;happy_guided_article_short;happy;1;Q1_margin_month;True;c1;True;0;0;0;0.333333;0.3038;True;1;1;26
mcad;happy_guided_article_short;happy;2;Q2_stockout_store;True;c2;True;0;0;0;0.666667;0.2455;True;1;1;26
mcad;happy_guided_article_short;happy;3;Q3_sales_growth;True;c3;True;0;0;0;1.0;0.3375;True;2;1;26
baseline_naive;happy_guided_article_short;happy;1;Q1_margin_month;True;c1;True;0;0;0;0.333333;0.001;;0;0;26
baseline_naive;happy_guided_article_short;happy;2;Q2_stockout_store;True;c2;True;0;0;0;0.666667;0.0005;;0;0;26
baseline_naive;happy_guided_article_short;happy;3;Q3_sales_growth;True;c3;True;0;0;0;1.0;0.0003;;0;0;26
baseline_measure_overlap;happy_guided_article_short;happy;1;Q1_margin_month;True;c1;True;0;0;0;0.333333;0.0131;;0;0;26
baseline_measure_overlap;happy_guided_article_short;happy;2;Q2_stockout_store;True;c2;True;0;0;0;0.666667;0.0054;;0;0;26
baseline_measure_overlap;happy_guided_article_short;happy;3;Q3_sales_growth;True;c3;True;0;0;0;1.0;0.0043;;0;0;26
ablation_no_sat;happy_guided_article_short;happy;1;Q1_margin_month;True;c1;True;0;0;0;0.333333;0.3015;True;1;1;26
ablation_no_sat;happy_guided_article_short;happy;2;Q2_stockout_store;True;c2;True;0;0;0;0.666667;0.3497;True;1;1;26
ablation_no_sat;happy_guided_article_short;happy;3;Q3_sales_growth;True;c3;True;0;0;0;1.0;0.3362;True;2;1;26
ablation_no_real;happy_guided_article_short;happy;1;Q1_margin_month;True;c1;True;0;0;0;0.333333;0.2863;True;1;1;26
ablation_no_real;happy_guided_article_short;happy;2;Q2_stockout_store;True;c2;True;0;0;0;0.666667;0.252;True;1;1;26
ablation_no_real;happy_guided_article_short;happy;3;Q3_sales_growth;True;c3;True;0;0;0;1.0;0.3554;True;2;1;26
ablation_ceval_any_intersection;happy_guided_article_short;happy;1;Q1_margin_month;True;c1;True;0;0;0;0.333333;0.462;True;1;1;26
ablation_ceval_any_intersection;happy_guided_article_short;happy;2;Q2_stockout_store;True;c2;True;0;0;0;0.666667;0.4367;True;1;1;26
ablation_ceval_any_intersection;happy_guided_article_short;happy;3;Q3_sales_growth;True;c3;True;0;0;0;1.0;0.5861;True;2;1;26
baseline_random_matched;happy_guided_article_short;happy;1;Q1_margin_month;True;c1;False;0;1;0;0.0;0.0029;;0;0;26
baseline_random_matched;happy_guided_article_short;happy;2;Q2_stockout_store;True;c2;True;0;0;0;0.333333;0.0007;;0;0;26
baseline_random_matched;happy_guided_article_short;happy;3;Q3_sales_growth;True;c3;False;0;1;0;0.333333;0.0005;;0;0;26
mcad;happy_guided_reordered;happy;1;Q1_sales_growth;True;c3;True;0;0;0;0.333333;0.3738;True;2;1;26
mcad;happy_guided_reordered;happy;2;Q2_margin_month;True;c1;True;0;0;0;0.666667;0.249;True;1;1;26
mcad;happy_guided_reordered;happy;3;Q3_stockout_store;True;c2;True;0;0;0;1.0;0.2401;True;1;1;26
baseline_naive;happy_guided_reordered;happy;1;Q1_sales_growth;True;c3;True;0;0;0;0.333333;0.001;;0;0;26
baseline_naive;happy_guided_reordered;happy;2;Q2_margin_month;True;c1;True;0;0;0;0.666667;0.0005;;0;0;26
baseline_naive;happy_guided_reordered;happy;3;Q3_stockout_store;True;c2;True;0;0;0;1.0;0.0003;;0;0;26
baseline_measure_overlap;happy_guided_reordered;happy;1;Q1_sales_growth;True;c3;True;0;0;0;0.333333;0.0134;;0;0;26
baseline_measure_overlap;happy_guided_reordered;happy;2;Q2_margin_month;True;c1;True;0;0;0;0.666667;0.0053;;0;0;26
baseline_measure_overlap;happy_guided_reordered;happy;3;Q3_stockout_store;True;c2;True;0;0;0;1.0;0.0046;;0;0;26
ablation_no_sat;happy_guided_reordered;happy;1;Q1_sales_growth;True;c3;True;0;0;0;0.333333;0.3687;True;2;1;26
ablation_no_sat;happy_guided_reordered;happy;2;Q2_margin_month;True;c1;True;0;0;0;0.666667;0.2507;True;1;1;26
ablation_no_sat;happy_guided_reordered;happy;3;Q3_stockout_store;True;c2;True;0;0;0;1.0;0.2509;True;1;1;26
ablation_no_real;happy_guided_reordered;happy;1;Q1_sales_growth;True;c3;True;0;0;0;0.333333;0.3864;True;2;1;26
ablation_no_real;happy_guided_reordered;happy;2;Q2_margin_month;True;c1;True;0;0;0;0.666667;0.2549;True;1;1;26
ablation_no_real;happy_guided_reordered;happy;3;Q3_stockout_store;True;c2;True;0;0;0;1.0;0.2515;True;1;1;26
ablation_ceval_any_intersection;happy_guided_reordered;happy;1;Q1_sales_growth;True;c3;True;0;0;0;0.333333;0.5538;True;2;1;26
ablation_ceval_any_intersection;happy_guided_reordered;happy;2;Q2_margin_month;True;c1;True;0;0;0;0.666667;0.4612;True;1;1;26
ablation_ceval_any_intersection;happy_guided_reordered;happy;3;Q3_stockout_store;True;c2;True;0;0;0;1.0;0.4675;True;1;1;26
baseline_random_matched;happy_guided_reordered;happy;1;Q1_sales_growth;True;c3;False;0;1;0;0.0;0.0028;;0;0;26
baseline_random_matched;happy_guided_reordered;happy;2;Q2_margin_month;True;c1;True;0;0;0;0.333333;0.0006;;0;0;26
baseline_random_matched;happy_guided_reordered;happy;3;Q3_stockout_store;True;c2;True;0;0;0;0.666667;0.0005;;0;0;26
mcad;happy_guided_compact;happy;1;Q1_margin_month;True;c1;True;0;0;0;0.333333;0.2824;True;1;1;26
mcad;happy_guided_compact;happy;2;Q2_sales_growth;True;c3;True;0;0;0;0.666667;0.3533;True;2;1;26
mcad;happy_guided_compact;happy;3;Q3_stockout_store;True;c2;True;0;0;0;1.0;0.2459;True;1;1;26
baseline_naive;happy_guided_compact;happy;1;Q1_margin_month;True;c1;True;0;0;0;0.333333;0.001;;0;0;26
baseline_naive;happy_guided_compact;happy;2;Q2_sales_growth;True;c3;True;0;0;0;0.666667;0.0004;;0;0;26
baseline_naive;happy_guided_compact;happy;3;Q3_stockout_store;True;c2;True;0;0;0;1.0;0.0004;;0;0;26
baseline_measure_overlap;happy_guided_compact;happy;1;Q1_margin_month;True;c1;True;0;0;0;0.333333;0.0131;;0;0;26
baseline_measure_overlap;happy_guided_compact;happy;2;Q2_sales_growth;True;c3;True;0;0;0;0.666667;0.0052;;0;0;26
baseline_measure_overlap;happy_guided_compact;happy;3;Q3_stockout_store;True;c2;True;0;0;0;1.0;0.0044;;0;0;26
ablation_no_sat;happy_guided_compact;happy;1;Q1_margin_month;True;c1;True;0;0;0;0.333333;0.2781;True;1;1;26
ablation_no_sat;happy_guided_compact;happy;2;Q2_sales_growth;True;c3;True;0;0;0;0.666667;0.3372;True;2;1;26
ablation_no_sat;happy_guided_compact;happy;3;Q3_stockout_store;True;c2;True;0;0;0;1.0;0.2501;True;1;1;26
ablation_no_real;happy_guided_compact;happy;1;Q1_margin_month;True;c1;True;0;0;0;0.333333;0.3043;True;1;1;26
ablation_no_real;happy_guided_compact;happy;2;Q2_sales_growth;True;c3;True;0;0;0;0.666667;0.3381;True;2;1;26
ablation_no_real;happy_guided_compact;happy;3;Q3_stockout_store;True;c2;True;0;0;0;1.0;0.2464;True;1;1;26
ablation_ceval_any_intersection;happy_guided_compact;happy;1;Q1_margin_month;True;c1;True;0;0;0;0.333333;0.2733;True;1;1;26
ablation_ceval_any_intersection;happy_guided_compact;happy;2;Q2_sales_growth;True;c3;True;0;0;0;0.666667;0.3327;True;2;1;26
ablation_ceval_any_intersection;happy_guided_compact;happy;3;Q3_stockout_store;True;c2;True;0;0;0;1.0;0.2359;True;1;1;26
baseline_random_matched;happy_guided_compact;happy;1;Q1_margin_month;True;c1;True;0;0;0;0.333333;0.004;;0;0;26
baseline_random_matched;happy_guided_compact;happy;2;Q2_sales_growth;True;c3;True;0;0;0;0.666667;0.0011;;0;0;26
baseline_random_matched;happy_guided_compact;happy;3;Q3_stockout_store;True;c2;True;0;0;0;1.0;0.0008;;0;0;26
mcad;border_growth_partial_1998_only;border;1;Q1_sales_1998_only;False;;False;0;0;0;0.0;0.4472;True;1;0;26
baseline_naive;border_growth_partial_1998_only;border;1;Q1_sales_1998_only;False;;True;1;0;1;0.0;0.0009;;0;0;26
baseline_measure_overlap;border_growth_partial_1998_only;border;1;Q1_sales_1998_only;False;;True;1;0;1;0.0;0.0129;;0;0;26
ablation_no_sat;border_growth_partial_1998_only;border;1;Q1_sales_1998_only;False;;False;0;0;0;0.0;0.3423;True;1;0;26
ablation_no_real;border_growth_partial_1998_only;border;1;Q1_sales_1998_only;False;;True;1;0;1;0.0;0.3513;True;1;0;26
ablation_ceval_any_intersection;border_growth_partial_1998_only;border;1;Q1_sales_1998_only;False;;True;1;0;1;0.0;0.3428;True;1;1;26
baseline_random_matched;border_growth_partial_1998_only;border;1;Q1_sales_1998_only;False;;True;1;0;1;0.0;0.0035;;0;0;26
mcad;border_margin_wrong_grain;border;1;Q1_margin_quarter_only;False;;False;0;0;0;0.0;0.1983;False;0;0;26
baseline_naive;border_margin_wrong_grain;border;1;Q1_margin_quarter_only;False;;True;1;0;1;0.0;0.0009;;0;0;26
baseline_measure_overlap;border_margin_wrong_grain;border;1;Q1_margin_quarter_only;False;;True;1;0;1;0.0;0.0131;;0;0;26
ablation_no_sat;border_margin_wrong_grain;border;1;Q1_margin_quarter_only;False;;False;0;0;0;0.0;0.269;False;0;0;26
ablation_no_real;border_margin_wrong_grain;border;1;Q1_margin_quarter_only;False;;False;0;0;0;0.0;0.2008;False;0;0;26
ablation_ceval_any_intersection;border_margin_wrong_grain;border;1;Q1_margin_quarter_only;False;;False;0;0;0;0.0;0.1953;False;0;0;26
baseline_random_matched;border_margin_wrong_grain;border;1;Q1_margin_quarter_only;False;;True;1;0;1;0.0;0.0024;;0;0;26
mcad;border_stockout_missing_store;border;1;Q1_stockout_category_only;False;;False;0;0;0;0.0;0.3426;False;0;0;26
baseline_naive;border_stockout_missing_store;border;1;Q1_stockout_category_only;False;;True;1;0;1;0.0;0.001;;0;0;26
baseline_measure_overlap;border_stockout_missing_store;border;1;Q1_stockout_category_only;False;;True;1;0;1;0.0;0.0131;;0;0;26
ablation_no_sat;border_stockout_missing_store;border;1;Q1_stockout_category_only;False;;False;0;0;0;0.0;0.2566;False;0;0;26
ablation_no_real;border_stockout_missing_store;border;1;Q1_stockout_category_only;False;;False;0;0;0;0.0;0.1976;False;0;0;26
ablation_ceval_any_intersection;border_stockout_missing_store;border;1;Q1_stockout_category_only;False;;False;0;0;0;0.0;0.1909;False;0;0;26
baseline_random_matched;border_stockout_missing_store;border;1;Q1_stockout_category_only;False;;False;0;0;0;0.0;0.0027;;0;0;26
mcad;adversarial_wrong_region;adversarial;1;Q1_margin_south;False;;False;0;0;0;0.0;0.2949;False;0;0;26
baseline_naive;adversarial_wrong_region;adversarial;1;Q1_margin_south;False;;True;1;0;1;0.0;0.0009;;0;0;26
baseline_measure_overlap;adversarial_wrong_region;adversarial;1;Q1_margin_south;False;;True;1;0;1;0.0;0.0134;;0;0;26
ablation_no_sat;adversarial_wrong_region;adversarial;1;Q1_margin_south;False;;False;0;0;0;0.0;0.2108;False;0;0;26
ablation_no_real;adversarial_wrong_region;adversarial;1;Q1_margin_south;False;;False;0;0;0;0.0;0.1735;False;0;0;26
ablation_ceval_any_intersection;adversarial_wrong_region;adversarial;1;Q1_margin_south;False;;False;0;0;0;0.0;0.1679;False;0;0;26
baseline_random_matched;adversarial_wrong_region;adversarial;1;Q1_margin_south;False;;False;0;0;0;0.0;0.0027;;0;0;26
mcad;adversarial_wrong_year;adversarial;1;Q1_stockout_1997;False;;False;0;0;0;0.0;0.1653;False;0;0;26
baseline_naive;adversarial_wrong_year;adversarial;1;Q1_stockout_1997;False;;True;1;0;1;0.0;0.0015;;0;0;26
baseline_measure_overlap;adversarial_wrong_year;adversarial;1;Q1_stockout_1997;False;;True;1;0;1;0.0;0.0136;;0;0;26
ablation_no_sat;adversarial_wrong_year;adversarial;1;Q1_stockout_1997;False;;False;0;0;0;0.0;0.1878;False;0;0;26
ablation_no_real;adversarial_wrong_year;adversarial;1;Q1_stockout_1997;False;;False;0;0;0;0.0;0.1767;False;0;0;26
ablation_ceval_any_intersection;adversarial_wrong_year;adversarial;1;Q1_stockout_1997;False;;False;0;0;0;0.0;0.161;False;0;0;26
baseline_random_matched;adversarial_wrong_year;adversarial;1;Q1_stockout_1997;False;;True;1;0;1;0.0;0.0026;;0;0;26
mcad;adversarial_invalid_no_measures;adversarial;1;Q1_invalid_no_measure;False;;False;0;0;0;0.0;0.0728;False;0;0;26
baseline_naive;adversarial_invalid_no_measures;adversarial;1;Q1_invalid_no_measure;False;;True;1;0;1;0.0;0.0014;;0;0;26
baseline_measure_overlap;adversarial_invalid_no_measures;adversarial;1;Q1_invalid_no_measure;False;;False;0;0;0;0.0;0.0127;;0;0;26
ablation_no_sat;adversarial_invalid_no_measures;adversarial;1;Q1_invalid_no_measure;False;;False;0;0;0;0.0;0.0863;False;0;0;26
ablation_no_real;adversarial_invalid_no_measures;adversarial;1;Q1_invalid_no_measure;False;;False;0;0;0;0.0;0.1256;False;0;0;26
ablation_ceval_any_intersection;adversarial_invalid_no_measures;adversarial;1;Q1_invalid_no_measure;False;;False;0;0;0;0.0;0.0726;False;0;0;26
baseline_random_matched;adversarial_invalid_no_measures;adversarial;1;Q1_invalid_no_measure;False;;True;1;0;1;0.0;0.0027;;0;0;26
mcad;stress_exploratory_then_useful;stress;1;Q1_noise_region;False;;False;0;0;0;0.0;0.1975;False;0;0;26
mcad;stress_exploratory_then_useful;stress;2;Q2_noise_margin_all;False;;False;0;0;0;0.0;0.1536;False;0;0;26
mcad;stress_exploratory_then_useful;stress;3;Q3_useful_margin;True;c1;True;0;0;0;0.333333;0.2506;True;1;1;26
baseline_naive;stress_exploratory_then_useful;stress;1;Q1_noise_region;False;;True;1;0;1;0.0;0.0013;;0;0;26
baseline_naive;stress_exploratory_then_useful;stress;2;Q2_noise_margin_all;False;;True;1;0;1;0.0;0.0006;;0;0;26
baseline_naive;stress_exploratory_then_useful;stress;3;Q3_useful_margin;True;c1;True;0;0;0;0.333333;0.0006;;0;0;26
baseline_measure_overlap;stress_exploratory_then_useful;stress;1;Q1_noise_region;False;;True;1;0;1;0.0;0.0134;;0;0;26
baseline_measure_overlap;stress_exploratory_then_useful;stress;2;Q2_noise_margin_all;False;;True;1;0;1;0.0;0.008;;0;0;26
baseline_measure_overlap;stress_exploratory_then_useful;stress;3;Q3_useful_margin;True;c1;True;0;0;0;0.333333;0.0073;;0;0;26
ablation_no_sat;stress_exploratory_then_useful;stress;1;Q1_noise_region;False;;False;0;0;0;0.0;0.2337;False;0;0;26
ablation_no_sat;stress_exploratory_then_useful;stress;2;Q2_noise_margin_all;False;;False;0;0;0;0.0;0.1725;False;0;0;26
ablation_no_sat;stress_exploratory_then_useful;stress;3;Q3_useful_margin;True;c1;True;0;0;0;0.333333;0.2495;True;1;1;26
ablation_no_real;stress_exploratory_then_useful;stress;1;Q1_noise_region;False;;False;0;0;0;0.0;0.213;False;0;0;26
ablation_no_real;stress_exploratory_then_useful;stress;2;Q2_noise_margin_all;False;;False;0;0;0;0.0;0.1469;False;0;0;26
ablation_no_real;stress_exploratory_then_useful;stress;3;Q3_useful_margin;True;c1;True;0;0;0;0.333333;0.2506;True;1;1;26
ablation_ceval_any_intersection;stress_exploratory_then_useful;stress;1;Q1_noise_region;False;;False;0;0;0;0.0;0.1923;False;0;0;26
ablation_ceval_any_intersection;stress_exploratory_then_useful;stress;2;Q2_noise_margin_all;False;;False;0;0;0;0.0;0.1412;False;0;0;26
ablation_ceval_any_intersection;stress_exploratory_then_useful;stress;3;Q3_useful_margin;True;c1;True;0;0;0;0.333333;0.2435;True;1;1;26
baseline_random_matched;stress_exploratory_then_useful;stress;1;Q1_noise_region;False;;False;0;0;0;0.0;0.0027;;0;0;26
baseline_random_matched;stress_exploratory_then_useful;stress;2;Q2_noise_margin_all;False;;False;0;0;0;0.0;0.0006;;0;0;26
baseline_random_matched;stress_exploratory_then_useful;stress;3;Q3_useful_margin;True;c1;True;0;0;0;0.333333;0.0005;;0;0;26
mcad;happy_guided_article_short;happy;1;Q1_margin_month;True;c1;True;0;0;0;0.333333;0.2784;True;1;1;27
mcad;happy_guided_article_short;happy;2;Q2_stockout_store;True;c2;True;0;0;0;0.666667;0.2572;True;1;1;27
mcad;happy_guided_article_short;happy;3;Q3_sales_growth;True;c3;True;0;0;0;1.0;0.3294;True;2;1;27
baseline_naive;happy_guided_article_short;happy;1;Q1_margin_month;True;c1;True;0;0;0;0.333333;0.0013;;0;0;27
baseline_naive;happy_guided_article_short;happy;2;Q2_stockout_store;True;c2;True;0;0;0;0.666667;0.0007;;0;0;27
baseline_naive;happy_guided_article_short;happy;3;Q3_sales_growth;True;c3;True;0;0;0;1.0;0.0006;;0;0;27
baseline_measure_overlap;happy_guided_article_short;happy;1;Q1_margin_month;True;c1;True;0;0;0;0.333333;0.0135;;0;0;27
baseline_measure_overlap;happy_guided_article_short;happy;2;Q2_stockout_store;True;c2;True;0;0;0;0.666667;0.0053;;0;0;27
baseline_measure_overlap;happy_guided_article_short;happy;3;Q3_sales_growth;True;c3;True;0;0;0;1.0;0.0043;;0;0;27
ablation_no_sat;happy_guided_article_short;happy;1;Q1_margin_month;True;c1;True;0;0;0;0.333333;0.2775;True;1;1;27
ablation_no_sat;happy_guided_article_short;happy;2;Q2_stockout_store;True;c2;True;0;0;0;0.666667;0.2537;True;1;1;27
ablation_no_sat;happy_guided_article_short;happy;3;Q3_sales_growth;True;c3;True;0;0;0;1.0;0.333;True;2;1;27
ablation_no_real;happy_guided_article_short;happy;1;Q1_margin_month;True;c1;True;0;0;0;0.333333;0.2816;True;1;1;27
ablation_no_real;happy_guided_article_short;happy;2;Q2_stockout_store;True;c2;True;0;0;0;0.666667;0.2481;True;1;1;27
ablation_no_real;happy_guided_article_short;happy;3;Q3_sales_growth;True;c3;True;0;0;0;1.0;0.3432;True;2;1;27
ablation_ceval_any_intersection;happy_guided_article_short;happy;1;Q1_margin_month;True;c1;True;0;0;0;0.333333;0.2765;True;1;1;27
ablation_ceval_any_intersection;happy_guided_article_short;happy;2;Q2_stockout_store;True;c2;True;0;0;0;0.666667;0.2432;True;1;1;27
ablation_ceval_any_intersection;happy_guided_article_short;happy;3;Q3_sales_growth;True;c3;True;0;0;0;1.0;0.3258;True;2;1;27
baseline_random_matched;happy_guided_article_short;happy;1;Q1_margin_month;True;c1;False;0;1;0;0.0;0.0037;;0;0;27
baseline_random_matched;happy_guided_article_short;happy;2;Q2_stockout_store;True;c2;False;0;1;0;0.0;0.0007;;0;0;27
baseline_random_matched;happy_guided_article_short;happy;3;Q3_sales_growth;True;c3;True;0;0;0;0.333333;0.0005;;0;0;27
mcad;happy_guided_reordered;happy;1;Q1_sales_growth;True;c3;True;0;0;0;0.333333;0.3626;True;2;1;27
mcad;happy_guided_reordered;happy;2;Q2_margin_month;True;c1;True;0;0;0;0.666667;0.2483;True;1;1;27
mcad;happy_guided_reordered;happy;3;Q3_stockout_store;True;c2;True;0;0;0;1.0;0.2389;True;1;1;27
baseline_naive;happy_guided_reordered;happy;1;Q1_sales_growth;True;c3;True;0;0;0;0.333333;0.0014;;0;0;27
baseline_naive;happy_guided_reordered;happy;2;Q2_margin_month;True;c1;True;0;0;0;0.666667;0.0006;;0;0;27
baseline_naive;happy_guided_reordered;happy;3;Q3_stockout_store;True;c2;True;0;0;0;1.0;0.0004;;0;0;27
baseline_measure_overlap;happy_guided_reordered;happy;1;Q1_sales_growth;True;c3;True;0;0;0;0.333333;0.0136;;0;0;27
baseline_measure_overlap;happy_guided_reordered;happy;2;Q2_margin_month;True;c1;True;0;0;0;0.666667;0.0053;;0;0;27
baseline_measure_overlap;happy_guided_reordered;happy;3;Q3_stockout_store;True;c2;True;0;0;0;1.0;0.0045;;0;0;27
ablation_no_sat;happy_guided_reordered;happy;1;Q1_sales_growth;True;c3;True;0;0;0;0.333333;0.365;True;2;1;27
ablation_no_sat;happy_guided_reordered;happy;2;Q2_margin_month;True;c1;True;0;0;0;0.666667;0.2553;True;1;1;27
ablation_no_sat;happy_guided_reordered;happy;3;Q3_stockout_store;True;c2;True;0;0;0;1.0;0.2448;True;1;1;27
ablation_no_real;happy_guided_reordered;happy;1;Q1_sales_growth;True;c3;True;0;0;0;0.333333;0.3683;True;2;1;27
ablation_no_real;happy_guided_reordered;happy;2;Q2_margin_month;True;c1;True;0;0;0;0.666667;0.2514;True;1;1;27
ablation_no_real;happy_guided_reordered;happy;3;Q3_stockout_store;True;c2;True;0;0;0;1.0;0.2527;True;1;1;27
ablation_ceval_any_intersection;happy_guided_reordered;happy;1;Q1_sales_growth;True;c3;True;0;0;0;0.333333;0.4357;True;2;1;27
ablation_ceval_any_intersection;happy_guided_reordered;happy;2;Q2_margin_month;True;c1;True;0;0;0;0.666667;0.4699;True;1;1;27
ablation_ceval_any_intersection;happy_guided_reordered;happy;3;Q3_stockout_store;True;c2;True;0;0;0;1.0;0.4764;True;1;1;27
baseline_random_matched;happy_guided_reordered;happy;1;Q1_sales_growth;True;c3;False;0;1;0;0.0;0.003;;0;0;27
baseline_random_matched;happy_guided_reordered;happy;2;Q2_margin_month;True;c1;False;0;1;0;0.0;0.0007;;0;0;27
baseline_random_matched;happy_guided_reordered;happy;3;Q3_stockout_store;True;c2;True;0;0;0;0.333333;0.0005;;0;0;27
mcad;happy_guided_compact;happy;1;Q1_margin_month;True;c1;True;0;0;0;0.333333;0.2767;True;1;1;27
mcad;happy_guided_compact;happy;2;Q2_sales_growth;True;c3;True;0;0;0;0.666667;0.3485;True;2;1;27
mcad;happy_guided_compact;happy;3;Q3_stockout_store;True;c2;True;0;0;0;1.0;0.2378;True;1;1;27
baseline_naive;happy_guided_compact;happy;1;Q1_margin_month;True;c1;True;0;0;0;0.333333;0.0015;;0;0;27
baseline_naive;happy_guided_compact;happy;2;Q2_sales_growth;True;c3;True;0;0;0;0.666667;0.0007;;0;0;27
baseline_naive;happy_guided_compact;happy;3;Q3_stockout_store;True;c2;True;0;0;0;1.0;0.0006;;0;0;27
baseline_measure_overlap;happy_guided_compact;happy;1;Q1_margin_month;True;c1;True;0;0;0;0.333333;0.0224;;0;0;27
baseline_measure_overlap;happy_guided_compact;happy;2;Q2_sales_growth;True;c3;True;0;0;0;0.666667;0.0095;;0;0;27
baseline_measure_overlap;happy_guided_compact;happy;3;Q3_stockout_store;True;c2;True;0;0;0;1.0;0.0084;;0;0;27
ablation_no_sat;happy_guided_compact;happy;1;Q1_margin_month;True;c1;True;0;0;0;0.333333;0.5561;True;1;1;27
ablation_no_sat;happy_guided_compact;happy;2;Q2_sales_growth;True;c3;True;0;0;0;0.666667;0.6811;True;2;1;27
ablation_no_sat;happy_guided_compact;happy;3;Q3_stockout_store;True;c2;True;0;0;0;1.0;0.4806;True;1;1;27
ablation_no_real;happy_guided_compact;happy;1;Q1_margin_month;True;c1;True;0;0;0;0.333333;0.5486;True;1;1;27
ablation_no_real;happy_guided_compact;happy;2;Q2_sales_growth;True;c3;True;0;0;0;0.666667;0.6789;True;2;1;27
ablation_no_real;happy_guided_compact;happy;3;Q3_stockout_store;True;c2;True;0;0;0;1.0;0.5036;True;1;1;27
ablation_ceval_any_intersection;happy_guided_compact;happy;1;Q1_margin_month;True;c1;True;0;0;0;0.333333;0.5156;True;1;1;27
ablation_ceval_any_intersection;happy_guided_compact;happy;2;Q2_sales_growth;True;c3;True;0;0;0;0.666667;2.0859;True;2;1;27
ablation_ceval_any_intersection;happy_guided_compact;happy;3;Q3_stockout_store;True;c2;True;0;0;0;1.0;0.4391;True;1;1;27
baseline_random_matched;happy_guided_compact;happy;1;Q1_margin_month;True;c1;False;0;1;0;0.0;0.005;;0;0;27
baseline_random_matched;happy_guided_compact;happy;2;Q2_sales_growth;True;c3;False;0;1;0;0.0;0.0012;;0;0;27
baseline_random_matched;happy_guided_compact;happy;3;Q3_stockout_store;True;c2;False;0;1;0;0.0;0.0007;;0;0;27
mcad;border_growth_partial_1998_only;border;1;Q1_sales_1998_only;False;;False;0;0;0;0.0;0.6123;True;1;0;27
baseline_naive;border_growth_partial_1998_only;border;1;Q1_sales_1998_only;False;;True;1;0;1;0.0;0.0012;;0;0;27
baseline_measure_overlap;border_growth_partial_1998_only;border;1;Q1_sales_1998_only;False;;True;1;0;1;0.0;0.0258;;0;0;27
ablation_no_sat;border_growth_partial_1998_only;border;1;Q1_sales_1998_only;False;;False;0;0;0;0.0;0.3535;True;1;0;27
ablation_no_real;border_growth_partial_1998_only;border;1;Q1_sales_1998_only;False;;True;1;0;1;0.0;0.3473;True;1;0;27
ablation_ceval_any_intersection;border_growth_partial_1998_only;border;1;Q1_sales_1998_only;False;;True;1;0;1;0.0;0.3449;True;1;1;27
baseline_random_matched;border_growth_partial_1998_only;border;1;Q1_sales_1998_only;False;;False;0;0;0;0.0;0.0033;;0;0;27
mcad;border_margin_wrong_grain;border;1;Q1_margin_quarter_only;False;;False;0;0;0;0.0;0.2088;False;0;0;27
baseline_naive;border_margin_wrong_grain;border;1;Q1_margin_quarter_only;False;;True;1;0;1;0.0;0.001;;0;0;27
baseline_measure_overlap;border_margin_wrong_grain;border;1;Q1_margin_quarter_only;False;;True;1;0;1;0.0;0.0202;;0;0;27
ablation_no_sat;border_margin_wrong_grain;border;1;Q1_margin_quarter_only;False;;False;0;0;0;0.0;0.2702;False;0;0;27
ablation_no_real;border_margin_wrong_grain;border;1;Q1_margin_quarter_only;False;;False;0;0;0;0.0;0.2115;False;0;0;27
ablation_ceval_any_intersection;border_margin_wrong_grain;border;1;Q1_margin_quarter_only;False;;False;0;0;0;0.0;0.205;False;0;0;27
baseline_random_matched;border_margin_wrong_grain;border;1;Q1_margin_quarter_only;False;;True;1;0;1;0.0;0.0026;;0;0;27
mcad;border_stockout_missing_store;border;1;Q1_stockout_category_only;False;;False;0;0;0;0.0;0.1922;False;0;0;27
baseline_naive;border_stockout_missing_store;border;1;Q1_stockout_category_only;False;;True;1;0;1;0.0;0.0015;;0;0;27
baseline_measure_overlap;border_stockout_missing_store;border;1;Q1_stockout_category_only;False;;True;1;0;1;0.0;0.0194;;0;0;27
ablation_no_sat;border_stockout_missing_store;border;1;Q1_stockout_category_only;False;;False;0;0;0;0.0;0.2586;False;0;0;27
ablation_no_real;border_stockout_missing_store;border;1;Q1_stockout_category_only;False;;False;0;0;0;0.0;0.1995;False;0;0;27
ablation_ceval_any_intersection;border_stockout_missing_store;border;1;Q1_stockout_category_only;False;;False;0;0;0;0.0;0.1951;False;0;0;27
baseline_random_matched;border_stockout_missing_store;border;1;Q1_stockout_category_only;False;;True;1;0;1;0.0;0.0031;;0;0;27
mcad;adversarial_wrong_region;adversarial;1;Q1_margin_south;False;;False;0;0;0;0.0;0.1684;False;0;0;27
baseline_naive;adversarial_wrong_region;adversarial;1;Q1_margin_south;False;;True;1;0;1;0.0;0.0009;;0;0;27
baseline_measure_overlap;adversarial_wrong_region;adversarial;1;Q1_margin_south;False;;True;1;0;1;0.0;0.013;;0;0;27
ablation_no_sat;adversarial_wrong_region;adversarial;1;Q1_margin_south;False;;False;0;0;0;0.0;0.3495;False;0;0;27
ablation_no_real;adversarial_wrong_region;adversarial;1;Q1_margin_south;False;;False;0;0;0;0.0;0.176;False;0;0;27
ablation_ceval_any_intersection;adversarial_wrong_region;adversarial;1;Q1_margin_south;False;;False;0;0;0;0.0;0.1666;False;0;0;27
baseline_random_matched;adversarial_wrong_region;adversarial;1;Q1_margin_south;False;;False;0;0;0;0.0;0.0027;;0;0;27
mcad;adversarial_wrong_year;adversarial;1;Q1_stockout_1997;False;;False;0;0;0;0.0;0.1737;False;0;0;27
baseline_naive;adversarial_wrong_year;adversarial;1;Q1_stockout_1997;False;;True;1;0;1;0.0;0.0009;;0;0;27
baseline_measure_overlap;adversarial_wrong_year;adversarial;1;Q1_stockout_1997;False;;True;1;0;1;0.0;0.013;;0;0;27
ablation_no_sat;adversarial_wrong_year;adversarial;1;Q1_stockout_1997;False;;False;0;0;0;0.0;0.2977;False;0;0;27
ablation_no_real;adversarial_wrong_year;adversarial;1;Q1_stockout_1997;False;;False;0;0;0;0.0;0.1729;False;0;0;27
ablation_ceval_any_intersection;adversarial_wrong_year;adversarial;1;Q1_stockout_1997;False;;False;0;0;0;0.0;0.1627;False;0;0;27
baseline_random_matched;adversarial_wrong_year;adversarial;1;Q1_stockout_1997;False;;True;1;0;1;0.0;0.0028;;0;0;27
mcad;adversarial_invalid_no_measures;adversarial;1;Q1_invalid_no_measure;False;;False;0;0;0;0.0;0.0733;False;0;0;27
baseline_naive;adversarial_invalid_no_measures;adversarial;1;Q1_invalid_no_measure;False;;True;1;0;1;0.0;0.0009;;0;0;27
baseline_measure_overlap;adversarial_invalid_no_measures;adversarial;1;Q1_invalid_no_measure;False;;False;0;0;0;0.0;0.0127;;0;0;27
ablation_no_sat;adversarial_invalid_no_measures;adversarial;1;Q1_invalid_no_measure;False;;False;0;0;0;0.0;0.1403;False;0;0;27
ablation_no_real;adversarial_invalid_no_measures;adversarial;1;Q1_invalid_no_measure;False;;False;0;0;0;0.0;0.081;False;0;0;27
ablation_ceval_any_intersection;adversarial_invalid_no_measures;adversarial;1;Q1_invalid_no_measure;False;;False;0;0;0;0.0;0.0709;False;0;0;27
baseline_random_matched;adversarial_invalid_no_measures;adversarial;1;Q1_invalid_no_measure;False;;True;1;0;1;0.0;0.0027;;0;0;27
mcad;stress_exploratory_then_useful;stress;1;Q1_noise_region;False;;False;0;0;0;0.0;0.1992;False;0;0;27
mcad;stress_exploratory_then_useful;stress;2;Q2_noise_margin_all;False;;False;0;0;0;0.0;0.1448;False;0;0;27
mcad;stress_exploratory_then_useful;stress;3;Q3_useful_margin;True;c1;True;0;0;0;0.333333;0.2501;True;1;1;27
baseline_naive;stress_exploratory_then_useful;stress;1;Q1_noise_region;False;;True;1;0;1;0.0;0.0009;;0;0;27
baseline_naive;stress_exploratory_then_useful;stress;2;Q2_noise_margin_all;False;;True;1;0;1;0.0;0.0005;;0;0;27
baseline_naive;stress_exploratory_then_useful;stress;3;Q3_useful_margin;True;c1;True;0;0;0;0.333333;0.0004;;0;0;27
baseline_measure_overlap;stress_exploratory_then_useful;stress;1;Q1_noise_region;False;;True;1;0;1;0.0;0.0136;;0;0;27
baseline_measure_overlap;stress_exploratory_then_useful;stress;2;Q2_noise_margin_all;False;;True;1;0;1;0.0;0.0052;;0;0;27
baseline_measure_overlap;stress_exploratory_then_useful;stress;3;Q3_useful_margin;True;c1;True;0;0;0;0.333333;0.0045;;0;0;27
ablation_no_sat;stress_exploratory_then_useful;stress;1;Q1_noise_region;False;;False;0;0;0;0.0;0.2369;False;0;0;27
ablation_no_sat;stress_exploratory_then_useful;stress;2;Q2_noise_margin_all;False;;False;0;0;0;0.0;0.1703;False;0;0;27
ablation_no_sat;stress_exploratory_then_useful;stress;3;Q3_useful_margin;True;c1;True;0;0;0;0.333333;0.2425;True;1;1;27
ablation_no_real;stress_exploratory_then_useful;stress;1;Q1_noise_region;False;;False;0;0;0;0.0;0.3736;False;0;0;27
ablation_no_real;stress_exploratory_then_useful;stress;2;Q2_noise_margin_all;False;;False;0;0;0;0.0;0.2884;False;0;0;27
ablation_no_real;stress_exploratory_then_useful;stress;3;Q3_useful_margin;True;c1;True;0;0;0;0.333333;0.4904;True;1;1;27
ablation_ceval_any_intersection;stress_exploratory_then_useful;stress;1;Q1_noise_region;False;;False;0;0;0;0.0;0.1953;False;0;0;27
ablation_ceval_any_intersection;stress_exploratory_then_useful;stress;2;Q2_noise_margin_all;False;;False;0;0;0;0.0;0.1418;False;0;0;27
ablation_ceval_any_intersection;stress_exploratory_then_useful;stress;3;Q3_useful_margin;True;c1;True;0;0;0;0.333333;0.2446;True;1;1;27
baseline_random_matched;stress_exploratory_then_useful;stress;1;Q1_noise_region;False;;False;0;0;0;0.0;0.0028;;0;0;27
baseline_random_matched;stress_exploratory_then_useful;stress;2;Q2_noise_margin_all;False;;True;1;0;1;0.0;0.0007;;0;0;27
baseline_random_matched;stress_exploratory_then_useful;stress;3;Q3_useful_margin;True;c1;False;0;1;0;0.0;0.0005;;0;0;27
mcad;happy_guided_article_short;happy;1;Q1_margin_month;True;c1;True;0;0;0;0.333333;0.2769;True;1;1;28
mcad;happy_guided_article_short;happy;2;Q2_stockout_store;True;c2;True;0;0;0;0.666667;0.2524;True;1;1;28
mcad;happy_guided_article_short;happy;3;Q3_sales_growth;True;c3;True;0;0;0;1.0;0.3325;True;2;1;28
baseline_naive;happy_guided_article_short;happy;1;Q1_margin_month;True;c1;True;0;0;0;0.333333;0.0009;;0;0;28
baseline_naive;happy_guided_article_short;happy;2;Q2_stockout_store;True;c2;True;0;0;0;0.666667;0.0005;;0;0;28
baseline_naive;happy_guided_article_short;happy;3;Q3_sales_growth;True;c3;True;0;0;0;1.0;0.0004;;0;0;28
baseline_measure_overlap;happy_guided_article_short;happy;1;Q1_margin_month;True;c1;True;0;0;0;0.333333;0.0136;;0;0;28
baseline_measure_overlap;happy_guided_article_short;happy;2;Q2_stockout_store;True;c2;True;0;0;0;0.666667;0.0056;;0;0;28
baseline_measure_overlap;happy_guided_article_short;happy;3;Q3_sales_growth;True;c3;True;0;0;0;1.0;0.0047;;0;0;28
ablation_no_sat;happy_guided_article_short;happy;1;Q1_margin_month;True;c1;True;0;0;0;0.333333;0.2806;True;1;1;28
ablation_no_sat;happy_guided_article_short;happy;2;Q2_stockout_store;True;c2;True;0;0;0;0.666667;0.2426;True;1;1;28
ablation_no_sat;happy_guided_article_short;happy;3;Q3_sales_growth;True;c3;True;0;0;0;1.0;0.3376;True;2;1;28
ablation_no_real;happy_guided_article_short;happy;1;Q1_margin_month;True;c1;True;0;0;0;0.333333;0.5354;True;1;1;28
ablation_no_real;happy_guided_article_short;happy;2;Q2_stockout_store;True;c2;True;0;0;0;0.666667;0.4768;True;1;1;28
ablation_no_real;happy_guided_article_short;happy;3;Q3_sales_growth;True;c3;True;0;0;0;1.0;0.6881;True;2;1;28
ablation_ceval_any_intersection;happy_guided_article_short;happy;1;Q1_margin_month;True;c1;True;0;0;0;0.333333;0.2755;True;1;1;28
ablation_ceval_any_intersection;happy_guided_article_short;happy;2;Q2_stockout_store;True;c2;True;0;0;0;0.666667;0.2521;True;1;1;28
ablation_ceval_any_intersection;happy_guided_article_short;happy;3;Q3_sales_growth;True;c3;True;0;0;0;1.0;0.3234;True;2;1;28
baseline_random_matched;happy_guided_article_short;happy;1;Q1_margin_month;True;c1;False;0;1;0;0.0;0.0031;;0;0;28
baseline_random_matched;happy_guided_article_short;happy;2;Q2_stockout_store;True;c2;True;0;0;0;0.333333;0.0006;;0;0;28
baseline_random_matched;happy_guided_article_short;happy;3;Q3_sales_growth;True;c3;False;0;1;0;0.333333;0.0005;;0;0;28
mcad;happy_guided_reordered;happy;1;Q1_sales_growth;True;c3;True;0;0;0;0.333333;0.3657;True;2;1;28
mcad;happy_guided_reordered;happy;2;Q2_margin_month;True;c1;True;0;0;0;0.666667;0.2507;True;1;1;28
mcad;happy_guided_reordered;happy;3;Q3_stockout_store;True;c2;True;0;0;0;1.0;0.2688;True;1;1;28
baseline_naive;happy_guided_reordered;happy;1;Q1_sales_growth;True;c3;True;0;0;0;0.333333;0.0012;;0;0;28
baseline_naive;happy_guided_reordered;happy;2;Q2_margin_month;True;c1;True;0;0;0;0.666667;0.0004;;0;0;28
baseline_naive;happy_guided_reordered;happy;3;Q3_stockout_store;True;c2;True;0;0;0;1.0;0.0004;;0;0;28
baseline_measure_overlap;happy_guided_reordered;happy;1;Q1_sales_growth;True;c3;True;0;0;0;0.333333;0.0135;;0;0;28
baseline_measure_overlap;happy_guided_reordered;happy;2;Q2_margin_month;True;c1;True;0;0;0;0.666667;0.0052;;0;0;28
baseline_measure_overlap;happy_guided_reordered;happy;3;Q3_stockout_store;True;c2;True;0;0;0;1.0;0.0045;;0;0;28
ablation_no_sat;happy_guided_reordered;happy;1;Q1_sales_growth;True;c3;True;0;0;0;0.333333;0.7263;True;2;1;28
ablation_no_sat;happy_guided_reordered;happy;2;Q2_margin_month;True;c1;True;0;0;0;0.666667;0.4656;True;1;1;28
ablation_no_sat;happy_guided_reordered;happy;3;Q3_stockout_store;True;c2;True;0;0;0;1.0;0.4675;True;1;1;28
ablation_no_real;happy_guided_reordered;happy;1;Q1_sales_growth;True;c3;True;0;0;0;0.333333;1.0019;True;2;1;28
ablation_no_real;happy_guided_reordered;happy;2;Q2_margin_month;True;c1;True;0;0;0;0.666667;1.1084;True;1;1;28
ablation_no_real;happy_guided_reordered;happy;3;Q3_stockout_store;True;c2;True;0;0;0;1.0;0.5012;True;1;1;28
ablation_ceval_any_intersection;happy_guided_reordered;happy;1;Q1_sales_growth;True;c3;True;0;0;0;0.333333;0.6339;True;2;1;28
ablation_ceval_any_intersection;happy_guided_reordered;happy;2;Q2_margin_month;True;c1;True;0;0;0;0.666667;0.4518;True;1;1;28
ablation_ceval_any_intersection;happy_guided_reordered;happy;3;Q3_stockout_store;True;c2;True;0;0;0;1.0;0.4501;True;1;1;28
baseline_random_matched;happy_guided_reordered;happy;1;Q1_sales_growth;True;c3;False;0;1;0;0.0;0.0053;;0;0;28
baseline_random_matched;happy_guided_reordered;happy;2;Q2_margin_month;True;c1;True;0;0;0;0.333333;0.0007;;0;0;28
baseline_random_matched;happy_guided_reordered;happy;3;Q3_stockout_store;True;c2;True;0;0;0;0.666667;0.0005;;0;0;28
mcad;happy_guided_compact;happy;1;Q1_margin_month;True;c1;True;0;0;0;0.333333;0.5761;True;1;1;28
mcad;happy_guided_compact;happy;2;Q2_sales_growth;True;c3;True;0;0;0;0.666667;0.6398;True;2;1;28
mcad;happy_guided_compact;happy;3;Q3_stockout_store;True;c2;True;0;0;0;1.0;0.438;True;1;1;28
baseline_naive;happy_guided_compact;happy;1;Q1_margin_month;True;c1;True;0;0;0;0.333333;0.0021;;0;0;28
baseline_naive;happy_guided_compact;happy;2;Q2_sales_growth;True;c3;True;0;0;0;0.666667;0.001;;0;0;28
baseline_naive;happy_guided_compact;happy;3;Q3_stockout_store;True;c2;True;0;0;0;1.0;0.0005;;0;0;28
baseline_measure_overlap;happy_guided_compact;happy;1;Q1_margin_month;True;c1;True;0;0;0;0.333333;0.0334;;0;0;28
baseline_measure_overlap;happy_guided_compact;happy;2;Q2_sales_growth;True;c3;True;0;0;0;0.666667;0.0098;;0;0;28
baseline_measure_overlap;happy_guided_compact;happy;3;Q3_stockout_store;True;c2;True;0;0;0;1.0;0.0079;;0;0;28
ablation_no_sat;happy_guided_compact;happy;1;Q1_margin_month;True;c1;True;0;0;0;0.333333;0.5694;True;1;1;28
ablation_no_sat;happy_guided_compact;happy;2;Q2_sales_growth;True;c3;True;0;0;0;0.666667;0.7025;True;2;1;28
ablation_no_sat;happy_guided_compact;happy;3;Q3_stockout_store;True;c2;True;0;0;0;1.0;0.4456;True;1;1;28
ablation_no_real;happy_guided_compact;happy;1;Q1_margin_month;True;c1;True;0;0;0;0.333333;0.536;True;1;1;28
ablation_no_real;happy_guided_compact;happy;2;Q2_sales_growth;True;c3;True;0;0;0;0.666667;0.6365;True;2;1;28
ablation_no_real;happy_guided_compact;happy;3;Q3_stockout_store;True;c2;True;0;0;0;1.0;0.4465;True;1;1;28
ablation_ceval_any_intersection;happy_guided_compact;happy;1;Q1_margin_month;True;c1;True;0;0;0;0.333333;0.2825;True;1;1;28
ablation_ceval_any_intersection;happy_guided_compact;happy;2;Q2_sales_growth;True;c3;True;0;0;0;0.666667;0.3576;True;2;1;28
ablation_ceval_any_intersection;happy_guided_compact;happy;3;Q3_stockout_store;True;c2;True;0;0;0;1.0;0.2369;True;1;1;28
baseline_random_matched;happy_guided_compact;happy;1;Q1_margin_month;True;c1;False;0;1;0;0.0;0.0035;;0;0;28
baseline_random_matched;happy_guided_compact;happy;2;Q2_sales_growth;True;c3;True;0;0;0;0.333333;0.0006;;0;0;28
baseline_random_matched;happy_guided_compact;happy;3;Q3_stockout_store;True;c2;False;0;1;0;0.333333;0.0005;;0;0;28
mcad;border_growth_partial_1998_only;border;1;Q1_sales_1998_only;False;;False;0;0;0;0.0;0.3348;True;1;0;28
baseline_naive;border_growth_partial_1998_only;border;1;Q1_sales_1998_only;False;;True;1;0;1;0.0;0.0009;;0;0;28
baseline_measure_overlap;border_growth_partial_1998_only;border;1;Q1_sales_1998_only;False;;True;1;0;1;0.0;0.0138;;0;0;28
ablation_no_sat;border_growth_partial_1998_only;border;1;Q1_sales_1998_only;False;;False;0;0;0;0.0;0.6307;True;1;0;28
ablation_no_real;border_growth_partial_1998_only;border;1;Q1_sales_1998_only;False;;True;1;0;1;0.0;0.6422;True;1;0;28
ablation_ceval_any_intersection;border_growth_partial_1998_only;border;1;Q1_sales_1998_only;False;;True;1;0;1;0.0;0.3399;True;1;1;28
baseline_random_matched;border_growth_partial_1998_only;border;1;Q1_sales_1998_only;False;;True;1;0;1;0.0;0.0029;;0;0;28
mcad;border_margin_wrong_grain;border;1;Q1_margin_quarter_only;False;;False;0;0;0;0.0;0.1954;False;0;0;28
baseline_naive;border_margin_wrong_grain;border;1;Q1_margin_quarter_only;False;;True;1;0;1;0.0;0.0014;;0;0;28
baseline_measure_overlap;border_margin_wrong_grain;border;1;Q1_margin_quarter_only;False;;True;1;0;1;0.0;0.0232;;0;0;28
ablation_no_sat;border_margin_wrong_grain;border;1;Q1_margin_quarter_only;False;;False;0;0;0;0.0;0.4719;False;0;0;28
ablation_no_real;border_margin_wrong_grain;border;1;Q1_margin_quarter_only;False;;False;0;0;0;0.0;0.3575;False;0;0;28
ablation_ceval_any_intersection;border_margin_wrong_grain;border;1;Q1_margin_quarter_only;False;;False;0;0;0;0.0;0.1986;False;0;0;28
baseline_random_matched;border_margin_wrong_grain;border;1;Q1_margin_quarter_only;False;;True;1;0;1;0.0;0.0034;;0;0;28
mcad;border_stockout_missing_store;border;1;Q1_stockout_category_only;False;;False;0;0;0;0.0;0.1942;False;0;0;28
baseline_naive;border_stockout_missing_store;border;1;Q1_stockout_category_only;False;;True;1;0;1;0.0;0.0093;;0;0;28
baseline_measure_overlap;border_stockout_missing_store;border;1;Q1_stockout_category_only;False;;True;1;0;1;0.0;0.0206;;0;0;28
ablation_no_sat;border_stockout_missing_store;border;1;Q1_stockout_category_only;False;;False;0;0;0;0.0;0.2545;False;0;0;28
ablation_no_real;border_stockout_missing_store;border;1;Q1_stockout_category_only;False;;False;0;0;0;0.0;0.2287;False;0;0;28
ablation_ceval_any_intersection;border_stockout_missing_store;border;1;Q1_stockout_category_only;False;;False;0;0;0;0.0;0.1951;False;0;0;28
baseline_random_matched;border_stockout_missing_store;border;1;Q1_stockout_category_only;False;;False;0;0;0;0.0;0.0033;;0;0;28
mcad;adversarial_wrong_region;adversarial;1;Q1_margin_south;False;;False;0;0;0;0.0;0.3326;False;0;0;28
baseline_naive;adversarial_wrong_region;adversarial;1;Q1_margin_south;False;;True;1;0;1;0.0;0.001;;0;0;28
baseline_measure_overlap;adversarial_wrong_region;adversarial;1;Q1_margin_south;False;;True;1;0;1;0.0;0.0202;;0;0;28
ablation_no_sat;adversarial_wrong_region;adversarial;1;Q1_margin_south;False;;False;0;0;0;0.0;0.2224;False;0;0;28
ablation_no_real;adversarial_wrong_region;adversarial;1;Q1_margin_south;False;;False;0;0;0;0.0;0.1856;False;0;0;28
ablation_ceval_any_intersection;adversarial_wrong_region;adversarial;1;Q1_margin_south;False;;False;0;0;0;0.0;0.1805;False;0;0;28
baseline_random_matched;adversarial_wrong_region;adversarial;1;Q1_margin_south;False;;True;1;0;1;0.0;0.003;;0;0;28
mcad;adversarial_wrong_year;adversarial;1;Q1_stockout_1997;False;;False;0;0;0;0.0;0.1621;False;0;0;28
baseline_naive;adversarial_wrong_year;adversarial;1;Q1_stockout_1997;False;;True;1;0;1;0.0;0.0009;;0;0;28
baseline_measure_overlap;adversarial_wrong_year;adversarial;1;Q1_stockout_1997;False;;True;1;0;1;0.0;0.0167;;0;0;28
ablation_no_sat;adversarial_wrong_year;adversarial;1;Q1_stockout_1997;False;;False;0;0;0;0.0;0.3424;False;0;0;28
ablation_no_real;adversarial_wrong_year;adversarial;1;Q1_stockout_1997;False;;False;0;0;0;0.0;0.1844;False;0;0;28
ablation_ceval_any_intersection;adversarial_wrong_year;adversarial;1;Q1_stockout_1997;False;;False;0;0;0;0.0;0.1683;False;0;0;28
baseline_random_matched;adversarial_wrong_year;adversarial;1;Q1_stockout_1997;False;;True;1;0;1;0.0;0.0034;;0;0;28
mcad;adversarial_invalid_no_measures;adversarial;1;Q1_invalid_no_measure;False;;False;0;0;0;0.0;0.0831;False;0;0;28
baseline_naive;adversarial_invalid_no_measures;adversarial;1;Q1_invalid_no_measure;False;;True;1;0;1;0.0;0.0009;;0;0;28
baseline_measure_overlap;adversarial_invalid_no_measures;adversarial;1;Q1_invalid_no_measure;False;;False;0;0;0;0.0;0.0137;;0;0;28
ablation_no_sat;adversarial_invalid_no_measures;adversarial;1;Q1_invalid_no_measure;False;;False;0;0;0;0.0;0.1557;False;0;0;28
ablation_no_real;adversarial_invalid_no_measures;adversarial;1;Q1_invalid_no_measure;False;;False;0;0;0;0.0;0.0936;False;0;0;28
ablation_ceval_any_intersection;adversarial_invalid_no_measures;adversarial;1;Q1_invalid_no_measure;False;;False;0;0;0;0.0;0.0729;False;0;0;28
baseline_random_matched;adversarial_invalid_no_measures;adversarial;1;Q1_invalid_no_measure;False;;True;1;0;1;0.0;0.003;;0;0;28
mcad;stress_exploratory_then_useful;stress;1;Q1_noise_region;False;;False;0;0;0;0.0;0.2472;False;0;0;28
mcad;stress_exploratory_then_useful;stress;2;Q2_noise_margin_all;False;;False;0;0;0;0.0;0.1492;False;0;0;28
mcad;stress_exploratory_then_useful;stress;3;Q3_useful_margin;True;c1;True;0;0;0;0.333333;0.2534;True;1;1;28
baseline_naive;stress_exploratory_then_useful;stress;1;Q1_noise_region;False;;True;1;0;1;0.0;0.0009;;0;0;28
baseline_naive;stress_exploratory_then_useful;stress;2;Q2_noise_margin_all;False;;True;1;0;1;0.0;0.0004;;0;0;28
baseline_naive;stress_exploratory_then_useful;stress;3;Q3_useful_margin;True;c1;True;0;0;0;0.333333;0.0003;;0;0;28
baseline_measure_overlap;stress_exploratory_then_useful;stress;1;Q1_noise_region;False;;True;1;0;1;0.0;0.0139;;0;0;28
baseline_measure_overlap;stress_exploratory_then_useful;stress;2;Q2_noise_margin_all;False;;True;1;0;1;0.0;0.0052;;0;0;28
baseline_measure_overlap;stress_exploratory_then_useful;stress;3;Q3_useful_margin;True;c1;True;0;0;0;0.333333;0.0042;;0;0;28
ablation_no_sat;stress_exploratory_then_useful;stress;1;Q1_noise_region;False;;False;0;0;0;0.0;0.4229;False;0;0;28
ablation_no_sat;stress_exploratory_then_useful;stress;2;Q2_noise_margin_all;False;;False;0;0;0;0.0;0.3317;False;0;0;28
ablation_no_sat;stress_exploratory_then_useful;stress;3;Q3_useful_margin;True;c1;True;0;0;0;0.333333;0.4867;True;1;1;28
ablation_no_real;stress_exploratory_then_useful;stress;1;Q1_noise_region;False;;False;0;0;0;0.0;0.208;False;0;0;28
ablation_no_real;stress_exploratory_then_useful;stress;2;Q2_noise_margin_all;False;;False;0;0;0;0.0;0.1514;False;0;0;28
ablation_no_real;stress_exploratory_then_useful;stress;3;Q3_useful_margin;True;c1;True;0;0;0;0.333333;0.2582;True;1;1;28
ablation_ceval_any_intersection;stress_exploratory_then_useful;stress;1;Q1_noise_region;False;;False;0;0;0;0.0;0.1945;False;0;0;28
ablation_ceval_any_intersection;stress_exploratory_then_useful;stress;2;Q2_noise_margin_all;False;;False;0;0;0;0.0;0.1529;False;0;0;28
ablation_ceval_any_intersection;stress_exploratory_then_useful;stress;3;Q3_useful_margin;True;c1;True;0;0;0;0.333333;0.2457;True;1;1;28
baseline_random_matched;stress_exploratory_then_useful;stress;1;Q1_noise_region;False;;True;1;0;1;0.0;0.0038;;0;0;28
baseline_random_matched;stress_exploratory_then_useful;stress;2;Q2_noise_margin_all;False;;True;1;0;1;0.0;0.0012;;0;0;28
baseline_random_matched;stress_exploratory_then_useful;stress;3;Q3_useful_margin;True;c1;True;0;0;0;0.333333;0.0011;;0;0;28
mcad;happy_guided_article_short;happy;1;Q1_margin_month;True;c1;True;0;0;0;0.333333;0.2898;True;1;1;29
mcad;happy_guided_article_short;happy;2;Q2_stockout_store;True;c2;True;0;0;0;0.666667;0.2456;True;1;1;29
mcad;happy_guided_article_short;happy;3;Q3_sales_growth;True;c3;True;0;0;0;1.0;0.3465;True;2;1;29
baseline_naive;happy_guided_article_short;happy;1;Q1_margin_month;True;c1;True;0;0;0;0.333333;0.001;;0;0;29
baseline_naive;happy_guided_article_short;happy;2;Q2_stockout_store;True;c2;True;0;0;0;0.666667;0.0005;;0;0;29
baseline_naive;happy_guided_article_short;happy;3;Q3_sales_growth;True;c3;True;0;0;0;1.0;0.0003;;0;0;29
baseline_measure_overlap;happy_guided_article_short;happy;1;Q1_margin_month;True;c1;True;0;0;0;0.333333;0.0131;;0;0;29
baseline_measure_overlap;happy_guided_article_short;happy;2;Q2_stockout_store;True;c2;True;0;0;0;0.666667;0.0052;;0;0;29
baseline_measure_overlap;happy_guided_article_short;happy;3;Q3_sales_growth;True;c3;True;0;0;0;1.0;0.0043;;0;0;29
ablation_no_sat;happy_guided_article_short;happy;1;Q1_margin_month;True;c1;True;0;0;0;0.333333;0.2802;True;1;1;29
ablation_no_sat;happy_guided_article_short;happy;2;Q2_stockout_store;True;c2;True;0;0;0;0.666667;0.391;True;1;1;29
ablation_no_sat;happy_guided_article_short;happy;3;Q3_sales_growth;True;c3;True;0;0;0;1.0;0.6532;True;2;1;29
ablation_no_real;happy_guided_article_short;happy;1;Q1_margin_month;True;c1;True;0;0;0;0.333333;0.2838;True;1;1;29
ablation_no_real;happy_guided_article_short;happy;2;Q2_stockout_store;True;c2;True;0;0;0;0.666667;0.2522;True;1;1;29
ablation_no_real;happy_guided_article_short;happy;3;Q3_sales_growth;True;c3;True;0;0;0;1.0;0.3482;True;2;1;29
ablation_ceval_any_intersection;happy_guided_article_short;happy;1;Q1_margin_month;True;c1;True;0;0;0;0.333333;0.2834;True;1;1;29
ablation_ceval_any_intersection;happy_guided_article_short;happy;2;Q2_stockout_store;True;c2;True;0;0;0;0.666667;0.2488;True;1;1;29
ablation_ceval_any_intersection;happy_guided_article_short;happy;3;Q3_sales_growth;True;c3;True;0;0;0;1.0;0.3343;True;2;1;29
baseline_random_matched;happy_guided_article_short;happy;1;Q1_margin_month;True;c1;True;0;0;0;0.333333;0.0031;;0;0;29
baseline_random_matched;happy_guided_article_short;happy;2;Q2_stockout_store;True;c2;False;0;1;0;0.333333;0.0007;;0;0;29
baseline_random_matched;happy_guided_article_short;happy;3;Q3_sales_growth;True;c3;True;0;0;0;0.666667;0.0005;;0;0;29
mcad;happy_guided_reordered;happy;1;Q1_sales_growth;True;c3;True;0;0;0;0.333333;0.3684;True;2;1;29
mcad;happy_guided_reordered;happy;2;Q2_margin_month;True;c1;True;0;0;0;0.666667;0.2533;True;1;1;29
mcad;happy_guided_reordered;happy;3;Q3_stockout_store;True;c2;True;0;0;0;1.0;0.2443;True;1;1;29
baseline_naive;happy_guided_reordered;happy;1;Q1_sales_growth;True;c3;True;0;0;0;0.333333;0.0013;;0;0;29
baseline_naive;happy_guided_reordered;happy;2;Q2_margin_month;True;c1;True;0;0;0;0.666667;0.0008;;0;0;29
baseline_naive;happy_guided_reordered;happy;3;Q3_stockout_store;True;c2;True;0;0;0;1.0;0.0005;;0;0;29
baseline_measure_overlap;happy_guided_reordered;happy;1;Q1_sales_growth;True;c3;True;0;0;0;0.333333;0.025;;0;0;29
baseline_measure_overlap;happy_guided_reordered;happy;2;Q2_margin_month;True;c1;True;0;0;0;0.666667;0.0097;;0;0;29
baseline_measure_overlap;happy_guided_reordered;happy;3;Q3_stockout_store;True;c2;True;0;0;0;1.0;0.0089;;0;0;29
ablation_no_sat;happy_guided_reordered;happy;1;Q1_sales_growth;True;c3;True;0;0;0;0.333333;0.3862;True;2;1;29
ablation_no_sat;happy_guided_reordered;happy;2;Q2_margin_month;True;c1;True;0;0;0;0.666667;0.2631;True;1;1;29
ablation_no_sat;happy_guided_reordered;happy;3;Q3_stockout_store;True;c2;True;0;0;0;1.0;0.242;True;1;1;29
ablation_no_real;happy_guided_reordered;happy;1;Q1_sales_growth;True;c3;True;0;0;0;0.333333;0.3876;True;2;1;29
ablation_no_real;happy_guided_reordered;happy;2;Q2_margin_month;True;c1;True;0;0;0;0.666667;0.3174;True;1;1;29
ablation_no_real;happy_guided_reordered;happy;3;Q3_stockout_store;True;c2;True;0;0;0;1.0;0.259;True;1;1;29
ablation_ceval_any_intersection;happy_guided_reordered;happy;1;Q1_sales_growth;True;c3;True;0;0;0;0.333333;0.3674;True;2;1;29
ablation_ceval_any_intersection;happy_guided_reordered;happy;2;Q2_margin_month;True;c1;True;0;0;0;0.666667;0.2453;True;1;1;29
ablation_ceval_any_intersection;happy_guided_reordered;happy;3;Q3_stockout_store;True;c2;True;0;0;0;1.0;0.2489;True;1;1;29
baseline_random_matched;happy_guided_reordered;happy;1;Q1_sales_growth;True;c3;False;0;1;0;0.0;0.003;;0;0;29
baseline_random_matched;happy_guided_reordered;happy;2;Q2_margin_month;True;c1;True;0;0;0;0.333333;0.0006;;0;0;29
baseline_random_matched;happy_guided_reordered;happy;3;Q3_stockout_store;True;c2;True;0;0;0;0.666667;0.0005;;0;0;29
mcad;happy_guided_compact;happy;1;Q1_margin_month;True;c1;True;0;0;0;0.333333;0.2893;True;1;1;29
mcad;happy_guided_compact;happy;2;Q2_sales_growth;True;c3;True;0;0;0;0.666667;0.3402;True;2;1;29
mcad;happy_guided_compact;happy;3;Q3_stockout_store;True;c2;True;0;0;0;1.0;0.2406;True;1;1;29
baseline_naive;happy_guided_compact;happy;1;Q1_margin_month;True;c1;True;0;0;0;0.333333;0.0015;;0;0;29
baseline_naive;happy_guided_compact;happy;2;Q2_sales_growth;True;c3;True;0;0;0;0.666667;0.0008;;0;0;29
baseline_naive;happy_guided_compact;happy;3;Q3_stockout_store;True;c2;True;0;0;0;1.0;0.0005;;0;0;29
baseline_measure_overlap;happy_guided_compact;happy;1;Q1_margin_month;True;c1;True;0;0;0;0.333333;0.0136;;0;0;29
baseline_measure_overlap;happy_guided_compact;happy;2;Q2_sales_growth;True;c3;True;0;0;0;0.666667;0.0056;;0;0;29
baseline_measure_overlap;happy_guided_compact;happy;3;Q3_stockout_store;True;c2;True;0;0;0;1.0;0.0045;;0;0;29
ablation_no_sat;happy_guided_compact;happy;1;Q1_margin_month;True;c1;True;0;0;0;0.333333;0.2846;True;1;1;29
ablation_no_sat;happy_guided_compact;happy;2;Q2_sales_growth;True;c3;True;0;0;0;0.666667;0.3372;True;2;1;29
ablation_no_sat;happy_guided_compact;happy;3;Q3_stockout_store;True;c2;True;0;0;0;1.0;0.2521;True;1;1;29
ablation_no_real;happy_guided_compact;happy;1;Q1_margin_month;True;c1;True;0;0;0;0.333333;0.2932;True;1;1;29
ablation_no_real;happy_guided_compact;happy;2;Q2_sales_growth;True;c3;True;0;0;0;0.666667;0.3471;True;2;1;29
ablation_no_real;happy_guided_compact;happy;3;Q3_stockout_store;True;c2;True;0;0;0;1.0;0.2461;True;1;1;29
ablation_ceval_any_intersection;happy_guided_compact;happy;1;Q1_margin_month;True;c1;True;0;0;0;0.333333;0.2919;True;1;1;29
ablation_ceval_any_intersection;happy_guided_compact;happy;2;Q2_sales_growth;True;c3;True;0;0;0;0.666667;0.3442;True;2;1;29
ablation_ceval_any_intersection;happy_guided_compact;happy;3;Q3_stockout_store;True;c2;True;0;0;0;1.0;0.2406;True;1;1;29
baseline_random_matched;happy_guided_compact;happy;1;Q1_margin_month;True;c1;True;0;0;0;0.333333;0.0033;;0;0;29
baseline_random_matched;happy_guided_compact;happy;2;Q2_sales_growth;True;c3;True;0;0;0;0.666667;0.0007;;0;0;29
baseline_random_matched;happy_guided_compact;happy;3;Q3_stockout_store;True;c2;False;0;1;0;0.666667;0.0005;;0;0;29
mcad;border_growth_partial_1998_only;border;1;Q1_sales_1998_only;False;;False;0;0;0;0.0;0.3394;True;1;0;29
baseline_naive;border_growth_partial_1998_only;border;1;Q1_sales_1998_only;False;;True;1;0;1;0.0;0.0013;;0;0;29
baseline_measure_overlap;border_growth_partial_1998_only;border;1;Q1_sales_1998_only;False;;True;1;0;1;0.0;0.0176;;0;0;29
ablation_no_sat;border_growth_partial_1998_only;border;1;Q1_sales_1998_only;False;;False;0;0;0;0.0;0.3479;True;1;0;29
ablation_no_real;border_growth_partial_1998_only;border;1;Q1_sales_1998_only;False;;True;1;0;1;0.0;0.3862;True;1;0;29
ablation_ceval_any_intersection;border_growth_partial_1998_only;border;1;Q1_sales_1998_only;False;;True;1;0;1;0.0;0.3489;True;1;1;29
baseline_random_matched;border_growth_partial_1998_only;border;1;Q1_sales_1998_only;False;;False;0;0;0;0.0;0.0033;;0;0;29
mcad;border_margin_wrong_grain;border;1;Q1_margin_quarter_only;False;;False;0;0;0;0.0;0.2002;False;0;0;29
baseline_naive;border_margin_wrong_grain;border;1;Q1_margin_quarter_only;False;;True;1;0;1;0.0;0.001;;0;0;29
baseline_measure_overlap;border_margin_wrong_grain;border;1;Q1_margin_quarter_only;False;;True;1;0;1;0.0;0.0193;;0;0;29
ablation_no_sat;border_margin_wrong_grain;border;1;Q1_margin_quarter_only;False;;False;0;0;0;0.0;0.2901;False;0;0;29
ablation_no_real;border_margin_wrong_grain;border;1;Q1_margin_quarter_only;False;;False;0;0;0;0.0;0.2127;False;0;0;29
ablation_ceval_any_intersection;border_margin_wrong_grain;border;1;Q1_margin_quarter_only;False;;False;0;0;0;0.0;0.246;False;0;0;29
baseline_random_matched;border_margin_wrong_grain;border;1;Q1_margin_quarter_only;False;;True;1;0;1;0.0;0.003;;0;0;29
mcad;border_stockout_missing_store;border;1;Q1_stockout_category_only;False;;False;0;0;0;0.0;0.3431;False;0;0;29
baseline_naive;border_stockout_missing_store;border;1;Q1_stockout_category_only;False;;True;1;0;1;0.0;0.0012;;0;0;29
baseline_measure_overlap;border_stockout_missing_store;border;1;Q1_stockout_category_only;False;;True;1;0;1;0.0;0.0133;;0;0;29
ablation_no_sat;border_stockout_missing_store;border;1;Q1_stockout_category_only;False;;False;0;0;0;0.0;0.2728;False;0;0;29
ablation_no_real;border_stockout_missing_store;border;1;Q1_stockout_category_only;False;;False;0;0;0;0.0;0.2016;False;0;0;29
ablation_ceval_any_intersection;border_stockout_missing_store;border;1;Q1_stockout_category_only;False;;False;0;0;0;0.0;0.193;False;0;0;29
baseline_random_matched;border_stockout_missing_store;border;1;Q1_stockout_category_only;False;;False;0;0;0;0.0;0.0037;;0;0;29
mcad;adversarial_wrong_region;adversarial;1;Q1_margin_south;False;;False;0;0;0;0.0;0.2798;False;0;0;29
baseline_naive;adversarial_wrong_region;adversarial;1;Q1_margin_south;False;;True;1;0;1;0.0;0.001;;0;0;29
baseline_measure_overlap;adversarial_wrong_region;adversarial;1;Q1_margin_south;False;;True;1;0;1;0.0;0.0129;;0;0;29
ablation_no_sat;adversarial_wrong_region;adversarial;1;Q1_margin_south;False;;False;0;0;0;0.0;0.2335;False;0;0;29
ablation_no_real;adversarial_wrong_region;adversarial;1;Q1_margin_south;False;;False;0;0;0;0.0;0.1749;False;0;0;29
ablation_ceval_any_intersection;adversarial_wrong_region;adversarial;1;Q1_margin_south;False;;False;0;0;0;0.0;0.1672;False;0;0;29
baseline_random_matched;adversarial_wrong_region;adversarial;1;Q1_margin_south;False;;False;0;0;0;0.0;0.0029;;0;0;29
mcad;adversarial_wrong_year;adversarial;1;Q1_stockout_1997;False;;False;0;0;0;0.0;0.2754;False;0;0;29
baseline_naive;adversarial_wrong_year;adversarial;1;Q1_stockout_1997;False;;True;1;0;1;0.0;0.0009;;0;0;29
baseline_measure_overlap;adversarial_wrong_year;adversarial;1;Q1_stockout_1997;False;;True;1;0;1;0.0;0.013;;0;0;29
ablation_no_sat;adversarial_wrong_year;adversarial;1;Q1_stockout_1997;False;;False;0;0;0;0.0;0.1897;False;0;0;29
ablation_no_real;adversarial_wrong_year;adversarial;1;Q1_stockout_1997;False;;False;0;0;0;0.0;0.1728;False;0;0;29
ablation_ceval_any_intersection;adversarial_wrong_year;adversarial;1;Q1_stockout_1997;False;;False;0;0;0;0.0;0.2027;False;0;0;29
baseline_random_matched;adversarial_wrong_year;adversarial;1;Q1_stockout_1997;False;;False;0;0;0;0.0;0.0029;;0;0;29
mcad;adversarial_invalid_no_measures;adversarial;1;Q1_invalid_no_measure;False;;False;0;0;0;0.0;0.0733;False;0;0;29
baseline_naive;adversarial_invalid_no_measures;adversarial;1;Q1_invalid_no_measure;False;;True;1;0;1;0.0;0.0013;;0;0;29
baseline_measure_overlap;adversarial_invalid_no_measures;adversarial;1;Q1_invalid_no_measure;False;;False;0;0;0;0.0;0.0136;;0;0;29
ablation_no_sat;adversarial_invalid_no_measures;adversarial;1;Q1_invalid_no_measure;False;;False;0;0;0;0.0;0.1251;False;0;0;29
ablation_no_real;adversarial_invalid_no_measures;adversarial;1;Q1_invalid_no_measure;False;;False;0;0;0;0.0;0.0779;False;0;0;29
ablation_ceval_any_intersection;adversarial_invalid_no_measures;adversarial;1;Q1_invalid_no_measure;False;;False;0;0;0;0.0;0.0725;False;0;0;29
baseline_random_matched;adversarial_invalid_no_measures;adversarial;1;Q1_invalid_no_measure;False;;False;0;0;0;0.0;0.0031;;0;0;29
mcad;stress_exploratory_then_useful;stress;1;Q1_noise_region;False;;False;0;0;0;0.0;0.2008;False;0;0;29
mcad;stress_exploratory_then_useful;stress;2;Q2_noise_margin_all;False;;False;0;0;0;0.0;0.1423;False;0;0;29
mcad;stress_exploratory_then_useful;stress;3;Q3_useful_margin;True;c1;True;0;0;0;0.333333;0.2556;True;1;1;29
baseline_naive;stress_exploratory_then_useful;stress;1;Q1_noise_region;False;;True;1;0;1;0.0;0.0015;;0;0;29
baseline_naive;stress_exploratory_then_useful;stress;2;Q2_noise_margin_all;False;;True;1;0;1;0.0;0.0007;;0;0;29
baseline_naive;stress_exploratory_then_useful;stress;3;Q3_useful_margin;True;c1;True;0;0;0;0.333333;0.0006;;0;0;29
baseline_measure_overlap;stress_exploratory_then_useful;stress;1;Q1_noise_region;False;;True;1;0;1;0.0;0.0217;;0;0;29
baseline_measure_overlap;stress_exploratory_then_useful;stress;2;Q2_noise_margin_all;False;;True;1;0;1;0.0;0.0053;;0;0;29
baseline_measure_overlap;stress_exploratory_then_useful;stress;3;Q3_useful_margin;True;c1;True;0;0;0;0.333333;0.0044;;0;0;29
ablation_no_sat;stress_exploratory_then_useful;stress;1;Q1_noise_region;False;;False;0;0;0;0.0;0.2607;False;0;0;29
ablation_no_sat;stress_exploratory_then_useful;stress;2;Q2_noise_margin_all;False;;False;0;0;0;0.0;0.1805;False;0;0;29
ablation_no_sat;stress_exploratory_then_useful;stress;3;Q3_useful_margin;True;c1;True;0;0;0;0.333333;0.249;True;1;1;29
ablation_no_real;stress_exploratory_then_useful;stress;1;Q1_noise_region;False;;False;0;0;0;0.0;0.3739;False;0;0;29
ablation_no_real;stress_exploratory_then_useful;stress;2;Q2_noise_margin_all;False;;False;0;0;0;0.0;0.2569;False;0;0;29
ablation_no_real;stress_exploratory_then_useful;stress;3;Q3_useful_margin;True;c1;True;0;0;0;0.333333;0.4847;True;1;1;29
ablation_ceval_any_intersection;stress_exploratory_then_useful;stress;1;Q1_noise_region;False;;False;0;0;0;0.0;0.2039;False;0;0;29
ablation_ceval_any_intersection;stress_exploratory_then_useful;stress;2;Q2_noise_margin_all;False;;False;0;0;0;0.0;0.154;False;0;0;29
ablation_ceval_any_intersection;stress_exploratory_then_useful;stress;3;Q3_useful_margin;True;c1;True;0;0;0;0.333333;0.2452;True;1;1;29
baseline_random_matched;stress_exploratory_then_useful;stress;1;Q1_noise_region;False;;True;1;0;1;0.0;0.0036;;0;0;29
baseline_random_matched;stress_exploratory_then_useful;stress;2;Q2_noise_margin_all;False;;False;0;0;0;0.0;0.0006;;0;0;29
baseline_random_matched;stress_exploratory_then_useful;stress;3;Q3_useful_margin;True;c1;True;0;0;0;0.333333;0.0005;;0;0;29
mcad;happy_guided_article_short;happy;1;Q1_margin_month;True;c1;True;0;0;0;0.333333;0.2822;True;1;1;30
mcad;happy_guided_article_short;happy;2;Q2_stockout_store;True;c2;True;0;0;0;0.666667;0.2384;True;1;1;30
mcad;happy_guided_article_short;happy;3;Q3_sales_growth;True;c3;True;0;0;0;1.0;0.3319;True;2;1;30
baseline_naive;happy_guided_article_short;happy;1;Q1_margin_month;True;c1;True;0;0;0;0.333333;0.0012;;0;0;30
baseline_naive;happy_guided_article_short;happy;2;Q2_stockout_store;True;c2;True;0;0;0;0.666667;0.0005;;0;0;30
baseline_naive;happy_guided_article_short;happy;3;Q3_sales_growth;True;c3;True;0;0;0;1.0;0.0004;;0;0;30
baseline_measure_overlap;happy_guided_article_short;happy;1;Q1_margin_month;True;c1;True;0;0;0;0.333333;0.0216;;0;0;30
baseline_measure_overlap;happy_guided_article_short;happy;2;Q2_stockout_store;True;c2;True;0;0;0;0.666667;0.0089;;0;0;30
baseline_measure_overlap;happy_guided_article_short;happy;3;Q3_sales_growth;True;c3;True;0;0;0;1.0;0.0081;;0;0;30
ablation_no_sat;happy_guided_article_short;happy;1;Q1_margin_month;True;c1;True;0;0;0;0.333333;0.2887;True;1;1;30
ablation_no_sat;happy_guided_article_short;happy;2;Q2_stockout_store;True;c2;True;0;0;0;0.666667;0.2532;True;1;1;30
ablation_no_sat;happy_guided_article_short;happy;3;Q3_sales_growth;True;c3;True;0;0;0;1.0;0.3342;True;2;1;30
ablation_no_real;happy_guided_article_short;happy;1;Q1_margin_month;True;c1;True;0;0;0;0.333333;0.2946;True;1;1;30
ablation_no_real;happy_guided_article_short;happy;2;Q2_stockout_store;True;c2;True;0;0;0;0.666667;0.2881;True;1;1;30
ablation_no_real;happy_guided_article_short;happy;3;Q3_sales_growth;True;c3;True;0;0;0;1.0;0.3362;True;2;1;30
ablation_ceval_any_intersection;happy_guided_article_short;happy;1;Q1_margin_month;True;c1;True;0;0;0;0.333333;0.2822;True;1;1;30
ablation_ceval_any_intersection;happy_guided_article_short;happy;2;Q2_stockout_store;True;c2;True;0;0;0;0.666667;0.2401;True;1;1;30
ablation_ceval_any_intersection;happy_guided_article_short;happy;3;Q3_sales_growth;True;c3;True;0;0;0;1.0;0.3357;True;2;1;30
baseline_random_matched;happy_guided_article_short;happy;1;Q1_margin_month;True;c1;True;0;0;0;0.333333;0.004;;0;0;30
baseline_random_matched;happy_guided_article_short;happy;2;Q2_stockout_store;True;c2;False;0;1;0;0.333333;0.0007;;0;0;30
baseline_random_matched;happy_guided_article_short;happy;3;Q3_sales_growth;True;c3;True;0;0;0;0.666667;0.0005;;0;0;30
mcad;happy_guided_reordered;happy;1;Q1_sales_growth;True;c3;True;0;0;0;0.333333;0.3649;True;2;1;30
mcad;happy_guided_reordered;happy;2;Q2_margin_month;True;c1;True;0;0;0;0.666667;0.2481;True;1;1;30
mcad;happy_guided_reordered;happy;3;Q3_stockout_store;True;c2;True;0;0;0;1.0;0.2396;True;1;1;30
baseline_naive;happy_guided_reordered;happy;1;Q1_sales_growth;True;c3;True;0;0;0;0.333333;0.001;;0;0;30
baseline_naive;happy_guided_reordered;happy;2;Q2_margin_month;True;c1;True;0;0;0;0.666667;0.0004;;0;0;30
baseline_naive;happy_guided_reordered;happy;3;Q3_stockout_store;True;c2;True;0;0;0;1.0;0.0004;;0;0;30
baseline_measure_overlap;happy_guided_reordered;happy;1;Q1_sales_growth;True;c3;True;0;0;0;0.333333;0.0197;;0;0;30
baseline_measure_overlap;happy_guided_reordered;happy;2;Q2_margin_month;True;c1;True;0;0;0;0.666667;0.0089;;0;0;30
baseline_measure_overlap;happy_guided_reordered;happy;3;Q3_stockout_store;True;c2;True;0;0;0;1.0;0.0072;;0;0;30
ablation_no_sat;happy_guided_reordered;happy;1;Q1_sales_growth;True;c3;True;0;0;0;0.333333;0.3701;True;2;1;30
ablation_no_sat;happy_guided_reordered;happy;2;Q2_margin_month;True;c1;True;0;0;0;0.666667;0.2858;True;1;1;30
ablation_no_sat;happy_guided_reordered;happy;3;Q3_stockout_store;True;c2;True;0;0;0;1.0;0.2509;True;1;1;30
ablation_no_real;happy_guided_reordered;happy;1;Q1_sales_growth;True;c3;True;0;0;0;0.333333;0.3783;True;2;1;30
ablation_no_real;happy_guided_reordered;happy;2;Q2_margin_month;True;c1;True;0;0;0;0.666667;0.2507;True;1;1;30
ablation_no_real;happy_guided_reordered;happy;3;Q3_stockout_store;True;c2;True;0;0;0;1.0;0.2405;True;1;1;30
ablation_ceval_any_intersection;happy_guided_reordered;happy;1;Q1_sales_growth;True;c3;True;0;0;0;0.333333;0.6209;True;2;1;30
ablation_ceval_any_intersection;happy_guided_reordered;happy;2;Q2_margin_month;True;c1;True;0;0;0;0.666667;0.4898;True;1;1;30
ablation_ceval_any_intersection;happy_guided_reordered;happy;3;Q3_stockout_store;True;c2;True;0;0;0;1.0;0.4449;True;1;1;30
baseline_random_matched;happy_guided_reordered;happy;1;Q1_sales_growth;True;c3;True;0;0;0;0.333333;0.0029;;0;0;30
baseline_random_matched;happy_guided_reordered;happy;2;Q2_margin_month;True;c1;False;0;1;0;0.333333;0.0006;;0;0;30
baseline_random_matched;happy_guided_reordered;happy;3;Q3_stockout_store;True;c2;True;0;0;0;0.666667;0.0005;;0;0;30
mcad;happy_guided_compact;happy;1;Q1_margin_month;True;c1;True;0;0;0;0.333333;0.3235;True;1;1;30
mcad;happy_guided_compact;happy;2;Q2_sales_growth;True;c3;True;0;0;0;0.666667;0.4059;True;2;1;30
mcad;happy_guided_compact;happy;3;Q3_stockout_store;True;c2;True;0;0;0;1.0;0.2456;True;1;1;30
baseline_naive;happy_guided_compact;happy;1;Q1_margin_month;True;c1;True;0;0;0;0.333333;0.0009;;0;0;30
baseline_naive;happy_guided_compact;happy;2;Q2_sales_growth;True;c3;True;0;0;0;0.666667;0.0005;;0;0;30
baseline_naive;happy_guided_compact;happy;3;Q3_stockout_store;True;c2;True;0;0;0;1.0;0.0003;;0;0;30
baseline_measure_overlap;happy_guided_compact;happy;1;Q1_margin_month;True;c1;True;0;0;0;0.333333;0.0198;;0;0;30
baseline_measure_overlap;happy_guided_compact;happy;2;Q2_sales_growth;True;c3;True;0;0;0;0.666667;0.0095;;0;0;30
baseline_measure_overlap;happy_guided_compact;happy;3;Q3_stockout_store;True;c2;True;0;0;0;1.0;0.0075;;0;0;30
ablation_no_sat;happy_guided_compact;happy;1;Q1_margin_month;True;c1;True;0;0;0;0.333333;0.2814;True;1;1;30
ablation_no_sat;happy_guided_compact;happy;2;Q2_sales_growth;True;c3;True;0;0;0;0.666667;0.3532;True;2;1;30
ablation_no_sat;happy_guided_compact;happy;3;Q3_stockout_store;True;c2;True;0;0;0;1.0;0.2404;True;1;1;30
ablation_no_real;happy_guided_compact;happy;1;Q1_margin_month;True;c1;True;0;0;0;0.333333;0.285;True;1;1;30
ablation_no_real;happy_guided_compact;happy;2;Q2_sales_growth;True;c3;True;0;0;0;0.666667;0.3411;True;2;1;30
ablation_no_real;happy_guided_compact;happy;3;Q3_stockout_store;True;c2;True;0;0;0;1.0;0.2604;True;1;1;30
ablation_ceval_any_intersection;happy_guided_compact;happy;1;Q1_margin_month;True;c1;True;0;0;0;0.333333;0.2715;True;1;1;30
ablation_ceval_any_intersection;happy_guided_compact;happy;2;Q2_sales_growth;True;c3;True;0;0;0;0.666667;0.3322;True;2;1;30
ablation_ceval_any_intersection;happy_guided_compact;happy;3;Q3_stockout_store;True;c2;True;0;0;0;1.0;0.2351;True;1;1;30
baseline_random_matched;happy_guided_compact;happy;1;Q1_margin_month;True;c1;False;0;1;0;0.0;0.0028;;0;0;30
baseline_random_matched;happy_guided_compact;happy;2;Q2_sales_growth;True;c3;False;0;1;0;0.0;0.0007;;0;0;30
baseline_random_matched;happy_guided_compact;happy;3;Q3_stockout_store;True;c2;True;0;0;0;0.333333;0.0005;;0;0;30
mcad;border_growth_partial_1998_only;border;1;Q1_sales_1998_only;False;;False;0;0;0;0.0;0.3476;True;1;0;30
baseline_naive;border_growth_partial_1998_only;border;1;Q1_sales_1998_only;False;;True;1;0;1;0.0;0.0009;;0;0;30
baseline_measure_overlap;border_growth_partial_1998_only;border;1;Q1_sales_1998_only;False;;True;1;0;1;0.0;0.0194;;0;0;30
ablation_no_sat;border_growth_partial_1998_only;border;1;Q1_sales_1998_only;False;;False;0;0;0;0.0;0.3498;True;1;0;30
ablation_no_real;border_growth_partial_1998_only;border;1;Q1_sales_1998_only;False;;True;1;0;1;0.0;0.3577;True;1;0;30
ablation_ceval_any_intersection;border_growth_partial_1998_only;border;1;Q1_sales_1998_only;False;;True;1;0;1;0.0;0.334;True;1;1;30
baseline_random_matched;border_growth_partial_1998_only;border;1;Q1_sales_1998_only;False;;False;0;0;0;0.0;0.0028;;0;0;30
mcad;border_margin_wrong_grain;border;1;Q1_margin_quarter_only;False;;False;0;0;0;0.0;0.1942;False;0;0;30
baseline_naive;border_margin_wrong_grain;border;1;Q1_margin_quarter_only;False;;True;1;0;1;0.0;0.0009;;0;0;30
baseline_measure_overlap;border_margin_wrong_grain;border;1;Q1_margin_quarter_only;False;;True;1;0;1;0.0;0.0188;;0;0;30
ablation_no_sat;border_margin_wrong_grain;border;1;Q1_margin_quarter_only;False;;False;0;0;0;0.0;0.2627;False;0;0;30
ablation_no_real;border_margin_wrong_grain;border;1;Q1_margin_quarter_only;False;;False;0;0;0;0.0;0.2058;False;0;0;30
ablation_ceval_any_intersection;border_margin_wrong_grain;border;1;Q1_margin_quarter_only;False;;False;0;0;0;0.0;0.2188;False;0;0;30
baseline_random_matched;border_margin_wrong_grain;border;1;Q1_margin_quarter_only;False;;False;0;0;0;0.0;0.0028;;0;0;30
mcad;border_stockout_missing_store;border;1;Q1_stockout_category_only;False;;False;0;0;0;0.0;0.3771;False;0;0;30
baseline_naive;border_stockout_missing_store;border;1;Q1_stockout_category_only;False;;True;1;0;1;0.0;0.0014;;0;0;30
baseline_measure_overlap;border_stockout_missing_store;border;1;Q1_stockout_category_only;False;;True;1;0;1;0.0;0.0229;;0;0;30
ablation_no_sat;border_stockout_missing_store;border;1;Q1_stockout_category_only;False;;False;0;0;0;0.0;0.2755;False;0;0;30
ablation_no_real;border_stockout_missing_store;border;1;Q1_stockout_category_only;False;;False;0;0;0;0.0;0.2059;False;0;0;30
ablation_ceval_any_intersection;border_stockout_missing_store;border;1;Q1_stockout_category_only;False;;False;0;0;0;0.0;0.1919;False;0;0;30
baseline_random_matched;border_stockout_missing_store;border;1;Q1_stockout_category_only;False;;True;1;0;1;0.0;0.0038;;0;0;30
mcad;adversarial_wrong_region;adversarial;1;Q1_margin_south;False;;False;0;0;0;0.0;0.2818;False;0;0;30
baseline_naive;adversarial_wrong_region;adversarial;1;Q1_margin_south;False;;True;1;0;1;0.0;0.0013;;0;0;30
baseline_measure_overlap;adversarial_wrong_region;adversarial;1;Q1_margin_south;False;;True;1;0;1;0.0;0.0146;;0;0;30
ablation_no_sat;adversarial_wrong_region;adversarial;1;Q1_margin_south;False;;False;0;0;0;0.0;0.2071;False;0;0;30
ablation_no_real;adversarial_wrong_region;adversarial;1;Q1_margin_south;False;;False;0;0;0;0.0;0.1756;False;0;0;30
ablation_ceval_any_intersection;adversarial_wrong_region;adversarial;1;Q1_margin_south;False;;False;0;0;0;0.0;0.1671;False;0;0;30
baseline_random_matched;adversarial_wrong_region;adversarial;1;Q1_margin_south;False;;True;1;0;1;0.0;0.0029;;0;0;30
mcad;adversarial_wrong_year;adversarial;1;Q1_stockout_1997;False;;False;0;0;0;0.0;0.164;False;0;0;30
baseline_naive;adversarial_wrong_year;adversarial;1;Q1_stockout_1997;False;;True;1;0;1;0.0;0.001;;0;0;30
baseline_measure_overlap;adversarial_wrong_year;adversarial;1;Q1_stockout_1997;False;;True;1;0;1;0.0;0.0152;;0;0;30
ablation_no_sat;adversarial_wrong_year;adversarial;1;Q1_stockout_1997;False;;False;0;0;0;0.0;0.1926;False;0;0;30
ablation_no_real;adversarial_wrong_year;adversarial;1;Q1_stockout_1997;False;;False;0;0;0;0.0;0.1697;False;0;0;30
ablation_ceval_any_intersection;adversarial_wrong_year;adversarial;1;Q1_stockout_1997;False;;False;0;0;0;0.0;0.1617;False;0;0;30
baseline_random_matched;adversarial_wrong_year;adversarial;1;Q1_stockout_1997;False;;True;1;0;1;0.0;0.0029;;0;0;30
mcad;adversarial_invalid_no_measures;adversarial;1;Q1_invalid_no_measure;False;;False;0;0;0;0.0;0.0734;False;0;0;30
baseline_naive;adversarial_invalid_no_measures;adversarial;1;Q1_invalid_no_measure;False;;True;1;0;1;0.0;0.0015;;0;0;30
baseline_measure_overlap;adversarial_invalid_no_measures;adversarial;1;Q1_invalid_no_measure;False;;False;0;0;0;0.0;0.014;;0;0;30
ablation_no_sat;adversarial_invalid_no_measures;adversarial;1;Q1_invalid_no_measure;False;;False;0;0;0;0.0;0.0891;False;0;0;30
ablation_no_real;adversarial_invalid_no_measures;adversarial;1;Q1_invalid_no_measure;False;;False;0;0;0;0.0;0.0804;False;0;0;30
ablation_ceval_any_intersection;adversarial_invalid_no_measures;adversarial;1;Q1_invalid_no_measure;False;;False;0;0;0;0.0;0.0725;False;0;0;30
baseline_random_matched;adversarial_invalid_no_measures;adversarial;1;Q1_invalid_no_measure;False;;False;0;0;0;0.0;0.0037;;0;0;30
mcad;stress_exploratory_then_useful;stress;1;Q1_noise_region;False;;False;0;0;0;0.0;0.1978;False;0;0;30
mcad;stress_exploratory_then_useful;stress;2;Q2_noise_margin_all;False;;False;0;0;0;0.0;0.1407;False;0;0;30
mcad;stress_exploratory_then_useful;stress;3;Q3_useful_margin;True;c1;True;0;0;0;0.333333;0.251;True;1;1;30
baseline_naive;stress_exploratory_then_useful;stress;1;Q1_noise_region;False;;True;1;0;1;0.0;0.001;;0;0;30
baseline_naive;stress_exploratory_then_useful;stress;2;Q2_noise_margin_all;False;;True;1;0;1;0.0;0.0005;;0;0;30
baseline_naive;stress_exploratory_then_useful;stress;3;Q3_useful_margin;True;c1;True;0;0;0;0.333333;0.0003;;0;0;30
baseline_measure_overlap;stress_exploratory_then_useful;stress;1;Q1_noise_region;False;;True;1;0;1;0.0;0.0195;;0;0;30
baseline_measure_overlap;stress_exploratory_then_useful;stress;2;Q2_noise_margin_all;False;;True;1;0;1;0.0;0.0097;;0;0;30
baseline_measure_overlap;stress_exploratory_then_useful;stress;3;Q3_useful_margin;True;c1;True;0;0;0;0.333333;0.0081;;0;0;30
ablation_no_sat;stress_exploratory_then_useful;stress;1;Q1_noise_region;False;;False;0;0;0;0.0;0.2374;False;0;0;30
ablation_no_sat;stress_exploratory_then_useful;stress;2;Q2_noise_margin_all;False;;False;0;0;0;0.0;0.1824;False;0;0;30
ablation_no_sat;stress_exploratory_then_useful;stress;3;Q3_useful_margin;True;c1;True;0;0;0;0.333333;0.2442;True;1;1;30
ablation_no_real;stress_exploratory_then_useful;stress;1;Q1_noise_region;False;;False;0;0;0;0.0;0.2014;False;0;0;30
ablation_no_real;stress_exploratory_then_useful;stress;2;Q2_noise_margin_all;False;;False;0;0;0;0.0;0.148;False;0;0;30
ablation_no_real;stress_exploratory_then_useful;stress;3;Q3_useful_margin;True;c1;True;0;0;0;0.333333;0.2522;True;1;1;30
ablation_ceval_any_intersection;stress_exploratory_then_useful;stress;1;Q1_noise_region;False;;False;0;0;0;0.0;0.1918;False;0;0;30
ablation_ceval_any_intersection;stress_exploratory_then_useful;stress;2;Q2_noise_margin_all;False;;False;0;0;0;0.0;0.1522;False;0;0;30
ablation_ceval_any_intersection;stress_exploratory_then_useful;stress;3;Q3_useful_margin;True;c1;True;0;0;0;0.333333;0.2421;True;1;1;30
baseline_random_matched;stress_exploratory_then_useful;stress;1;Q1_noise_region;False;;True;1;0;1;0.0;0.003;;0;0;30
baseline_random_matched;stress_exploratory_then_useful;stress;2;Q2_noise_margin_all;False;;True;1;0;1;0.0;0.0007;;0;0;30
baseline_random_matched;stress_exploratory_then_useful;stress;3;Q3_useful_margin;True;c1;False;0;1;0;0.0;0.0005;;0;0;30
mcad;happy_guided_article_short;happy;1;Q1_margin_month;True;c1;True;0;0;0;0.333333;0.2767;True;1;1;31
mcad;happy_guided_article_short;happy;2;Q2_stockout_store;True;c2;True;0;0;0;0.666667;0.2424;True;1;1;31
mcad;happy_guided_article_short;happy;3;Q3_sales_growth;True;c3;True;0;0;0;1.0;0.3307;True;2;1;31
baseline_naive;happy_guided_article_short;happy;1;Q1_margin_month;True;c1;True;0;0;0;0.333333;0.001;;0;0;31
baseline_naive;happy_guided_article_short;happy;2;Q2_stockout_store;True;c2;True;0;0;0;0.666667;0.0004;;0;0;31
baseline_naive;happy_guided_article_short;happy;3;Q3_sales_growth;True;c3;True;0;0;0;1.0;0.0004;;0;0;31
baseline_measure_overlap;happy_guided_article_short;happy;1;Q1_margin_month;True;c1;True;0;0;0;0.333333;0.0217;;0;0;31
baseline_measure_overlap;happy_guided_article_short;happy;2;Q2_stockout_store;True;c2;True;0;0;0;0.666667;0.0094;;0;0;31
baseline_measure_overlap;happy_guided_article_short;happy;3;Q3_sales_growth;True;c3;True;0;0;0;1.0;0.0076;;0;0;31
ablation_no_sat;happy_guided_article_short;happy;1;Q1_margin_month;True;c1;True;0;0;0;0.333333;0.2858;True;1;1;31
ablation_no_sat;happy_guided_article_short;happy;2;Q2_stockout_store;True;c2;True;0;0;0;0.666667;0.2547;True;1;1;31
ablation_no_sat;happy_guided_article_short;happy;3;Q3_sales_growth;True;c3;True;0;0;0;1.0;0.3318;True;2;1;31
ablation_no_real;happy_guided_article_short;happy;1;Q1_margin_month;True;c1;True;0;0;0;0.333333;0.2867;True;1;1;31
ablation_no_real;happy_guided_article_short;happy;2;Q2_stockout_store;True;c2;True;0;0;0;0.666667;0.2644;True;1;1;31
ablation_no_real;happy_guided_article_short;happy;3;Q3_sales_growth;True;c3;True;0;0;0;1.0;0.3351;True;2;1;31
ablation_ceval_any_intersection;happy_guided_article_short;happy;1;Q1_margin_month;True;c1;True;0;0;0;0.333333;0.2721;True;1;1;31
ablation_ceval_any_intersection;happy_guided_article_short;happy;2;Q2_stockout_store;True;c2;True;0;0;0;0.666667;0.2756;True;1;1;31
ablation_ceval_any_intersection;happy_guided_article_short;happy;3;Q3_sales_growth;True;c3;True;0;0;0;1.0;0.3274;True;2;1;31
baseline_random_matched;happy_guided_article_short;happy;1;Q1_margin_month;True;c1;False;0;1;0;0.0;0.0026;;0;0;31
baseline_random_matched;happy_guided_article_short;happy;2;Q2_stockout_store;True;c2;False;0;1;0;0.0;0.0006;;0;0;31
baseline_random_matched;happy_guided_article_short;happy;3;Q3_sales_growth;True;c3;False;0;1;0;0.0;0.0004;;0;0;31
mcad;happy_guided_reordered;happy;1;Q1_sales_growth;True;c3;True;0;0;0;0.333333;0.3617;True;2;1;31
mcad;happy_guided_reordered;happy;2;Q2_margin_month;True;c1;True;0;0;0;0.666667;0.2531;True;1;1;31
mcad;happy_guided_reordered;happy;3;Q3_stockout_store;True;c2;True;0;0;0;1.0;0.2381;True;1;1;31
baseline_naive;happy_guided_reordered;happy;1;Q1_sales_growth;True;c3;True;0;0;0;0.333333;0.001;;0;0;31
baseline_naive;happy_guided_reordered;happy;2;Q2_margin_month;True;c1;True;0;0;0;0.666667;0.0004;;0;0;31
baseline_naive;happy_guided_reordered;happy;3;Q3_stockout_store;True;c2;True;0;0;0;1.0;0.0003;;0;0;31
baseline_measure_overlap;happy_guided_reordered;happy;1;Q1_sales_growth;True;c3;True;0;0;0;0.333333;0.0195;;0;0;31
baseline_measure_overlap;happy_guided_reordered;happy;2;Q2_margin_month;True;c1;True;0;0;0;0.666667;0.0089;;0;0;31
baseline_measure_overlap;happy_guided_reordered;happy;3;Q3_stockout_store;True;c2;True;0;0;0;1.0;0.0076;;0;0;31
ablation_no_sat;happy_guided_reordered;happy;1;Q1_sales_growth;True;c3;True;0;0;0;0.333333;0.6537;True;2;1;31
ablation_no_sat;happy_guided_reordered;happy;2;Q2_margin_month;True;c1;True;0;0;0;0.666667;0.4639;True;1;1;31
ablation_no_sat;happy_guided_reordered;happy;3;Q3_stockout_store;True;c2;True;0;0;0;1.0;0.4742;True;1;1;31
ablation_no_real;happy_guided_reordered;happy;1;Q1_sales_growth;True;c3;True;0;0;0;0.333333;2.2775;True;2;1;31
ablation_no_real;happy_guided_reordered;happy;2;Q2_margin_month;True;c1;True;0;0;0;0.666667;0.8876;True;1;1;31
ablation_no_real;happy_guided_reordered;happy;3;Q3_stockout_store;True;c2;True;0;0;0;1.0;0.8559;True;1;1;31
ablation_ceval_any_intersection;happy_guided_reordered;happy;1;Q1_sales_growth;True;c3;True;0;0;0;0.333333;0.3894;True;2;1;31
ablation_ceval_any_intersection;happy_guided_reordered;happy;2;Q2_margin_month;True;c1;True;0;0;0;0.666667;0.2485;True;1;1;31
ablation_ceval_any_intersection;happy_guided_reordered;happy;3;Q3_stockout_store;True;c2;True;0;0;0;1.0;0.2394;True;1;1;31
baseline_random_matched;happy_guided_reordered;happy;1;Q1_sales_growth;True;c3;False;0;1;0;0.0;0.0054;;0;0;31
baseline_random_matched;happy_guided_reordered;happy;2;Q2_margin_month;True;c1;True;0;0;0;0.333333;0.0011;;0;0;31
baseline_random_matched;happy_guided_reordered;happy;3;Q3_stockout_store;True;c2;True;0;0;0;0.666667;0.0008;;0;0;31
mcad;happy_guided_compact;happy;1;Q1_margin_month;True;c1;True;0;0;0;0.333333;0.285;True;1;1;31
mcad;happy_guided_compact;happy;2;Q2_sales_growth;True;c3;True;0;0;0;0.666667;0.3468;True;2;1;31
mcad;happy_guided_compact;happy;3;Q3_stockout_store;True;c2;True;0;0;0;1.0;0.2417;True;1;1;31
baseline_naive;happy_guided_compact;happy;1;Q1_margin_month;True;c1;True;0;0;0;0.333333;0.001;;0;0;31
baseline_naive;happy_guided_compact;happy;2;Q2_sales_growth;True;c3;True;0;0;0;0.666667;0.0004;;0;0;31
baseline_naive;happy_guided_compact;happy;3;Q3_stockout_store;True;c2;True;0;0;0;1.0;0.0004;;0;0;31
baseline_measure_overlap;happy_guided_compact;happy;1;Q1_margin_month;True;c1;True;0;0;0;0.333333;0.0143;;0;0;31
baseline_measure_overlap;happy_guided_compact;happy;2;Q2_sales_growth;True;c3;True;0;0;0;0.666667;0.0053;;0;0;31
baseline_measure_overlap;happy_guided_compact;happy;3;Q3_stockout_store;True;c2;True;0;0;0;1.0;0.0042;;0;0;31
ablation_no_sat;happy_guided_compact;happy;1;Q1_margin_month;True;c1;True;0;0;0;0.333333;0.2871;True;1;1;31
ablation_no_sat;happy_guided_compact;happy;2;Q2_sales_growth;True;c3;True;0;0;0;0.666667;0.3374;True;2;1;31
ablation_no_sat;happy_guided_compact;happy;3;Q3_stockout_store;True;c2;True;0;0;0;1.0;0.2503;True;1;1;31
ablation_no_real;happy_guided_compact;happy;1;Q1_margin_month;True;c1;True;0;0;0;0.333333;0.2958;True;1;1;31
ablation_no_real;happy_guided_compact;happy;2;Q2_sales_growth;True;c3;True;0;0;0;0.666667;0.3657;True;2;1;31
ablation_no_real;happy_guided_compact;happy;3;Q3_stockout_store;True;c2;True;0;0;0;1.0;0.2435;True;1;1;31
ablation_ceval_any_intersection;happy_guided_compact;happy;1;Q1_margin_month;True;c1;True;0;0;0;0.333333;0.2717;True;1;1;31
ablation_ceval_any_intersection;happy_guided_compact;happy;2;Q2_sales_growth;True;c3;True;0;0;0;0.666667;0.342;True;2;1;31
ablation_ceval_any_intersection;happy_guided_compact;happy;3;Q3_stockout_store;True;c2;True;0;0;0;1.0;0.2377;True;1;1;31
baseline_random_matched;happy_guided_compact;happy;1;Q1_margin_month;True;c1;True;0;0;0;0.333333;0.003;;0;0;31
baseline_random_matched;happy_guided_compact;happy;2;Q2_sales_growth;True;c3;False;0;1;0;0.333333;0.0006;;0;0;31
baseline_random_matched;happy_guided_compact;happy;3;Q3_stockout_store;True;c2;True;0;0;0;0.666667;0.0005;;0;0;31
mcad;border_growth_partial_1998_only;border;1;Q1_sales_1998_only;False;;False;0;0;0;0.0;0.6107;True;1;0;31
baseline_naive;border_growth_partial_1998_only;border;1;Q1_sales_1998_only;False;;True;1;0;1;0.0;0.0012;;0;0;31
baseline_measure_overlap;border_growth_partial_1998_only;border;1;Q1_sales_1998_only;False;;True;1;0;1;0.0;0.014;;0;0;31
ablation_no_sat;border_growth_partial_1998_only;border;1;Q1_sales_1998_only;False;;False;0;0;0;0.0;0.3371;True;1;0;31
ablation_no_real;border_growth_partial_1998_only;border;1;Q1_sales_1998_only;False;;True;1;0;1;0.0;0.364;True;1;0;31
ablation_ceval_any_intersection;border_growth_partial_1998_only;border;1;Q1_sales_1998_only;False;;True;1;0;1;0.0;0.3309;True;1;1;31
baseline_random_matched;border_growth_partial_1998_only;border;1;Q1_sales_1998_only;False;;True;1;0;1;0.0;0.0038;;0;0;31
mcad;border_margin_wrong_grain;border;1;Q1_margin_quarter_only;False;;False;0;0;0;0.0;0.1961;False;0;0;31
baseline_naive;border_margin_wrong_grain;border;1;Q1_margin_quarter_only;False;;True;1;0;1;0.0;0.0009;;0;0;31
baseline_measure_overlap;border_margin_wrong_grain;border;1;Q1_margin_quarter_only;False;;True;1;0;1;0.0;0.0126;;0;0;31
ablation_no_sat;border_margin_wrong_grain;border;1;Q1_margin_quarter_only;False;;False;0;0;0;0.0;0.2685;False;0;0;31
ablation_no_real;border_margin_wrong_grain;border;1;Q1_margin_quarter_only;False;;False;0;0;0;0.0;0.2102;False;0;0;31
ablation_ceval_any_intersection;border_margin_wrong_grain;border;1;Q1_margin_quarter_only;False;;False;0;0;0;0.0;0.2047;False;0;0;31
baseline_random_matched;border_margin_wrong_grain;border;1;Q1_margin_quarter_only;False;;True;1;0;1;0.0;0.003;;0;0;31
mcad;border_stockout_missing_store;border;1;Q1_stockout_category_only;False;;False;0;0;0;0.0;0.3424;False;0;0;31
baseline_naive;border_stockout_missing_store;border;1;Q1_stockout_category_only;False;;True;1;0;1;0.0;0.0009;;0;0;31
baseline_measure_overlap;border_stockout_missing_store;border;1;Q1_stockout_category_only;False;;True;1;0;1;0.0;0.0127;;0;0;31
ablation_no_sat;border_stockout_missing_store;border;1;Q1_stockout_category_only;False;;False;0;0;0;0.0;0.27;False;0;0;31
ablation_no_real;border_stockout_missing_store;border;1;Q1_stockout_category_only;False;;False;0;0;0;0.0;0.2043;False;0;0;31
ablation_ceval_any_intersection;border_stockout_missing_store;border;1;Q1_stockout_category_only;False;;False;0;0;0;0.0;0.1903;False;0;0;31
baseline_random_matched;border_stockout_missing_store;border;1;Q1_stockout_category_only;False;;False;0;0;0;0.0;0.0029;;0;0;31
mcad;adversarial_wrong_region;adversarial;1;Q1_margin_south;False;;False;0;0;0;0.0;0.3256;False;0;0;31
baseline_naive;adversarial_wrong_region;adversarial;1;Q1_margin_south;False;;True;1;0;1;0.0;0.0013;;0;0;31
baseline_measure_overlap;adversarial_wrong_region;adversarial;1;Q1_margin_south;False;;True;1;0;1;0.0;0.0148;;0;0;31
ablation_no_sat;adversarial_wrong_region;adversarial;1;Q1_margin_south;False;;False;0;0;0;0.0;0.2115;False;0;0;31
ablation_no_real;adversarial_wrong_region;adversarial;1;Q1_margin_south;False;;False;0;0;0;0.0;0.1751;False;0;0;31
ablation_ceval_any_intersection;adversarial_wrong_region;adversarial;1;Q1_margin_south;False;;False;0;0;0;0.0;0.1684;False;0;0;31
baseline_random_matched;adversarial_wrong_region;adversarial;1;Q1_margin_south;False;;True;1;0;1;0.0;0.003;;0;0;31
mcad;adversarial_wrong_year;adversarial;1;Q1_stockout_1997;False;;False;0;0;0;0.0;0.3062;False;0;0;31
baseline_naive;adversarial_wrong_year;adversarial;1;Q1_stockout_1997;False;;True;1;0;1;0.0;0.0009;;0;0;31
baseline_measure_overlap;adversarial_wrong_year;adversarial;1;Q1_stockout_1997;False;;True;1;0;1;0.0;0.0139;;0;0;31
ablation_no_sat;adversarial_wrong_year;adversarial;1;Q1_stockout_1997;False;;False;0;0;0;0.0;0.188;False;0;0;31
ablation_no_real;adversarial_wrong_year;adversarial;1;Q1_stockout_1997;False;;False;0;0;0;0.0;0.1703;False;0;0;31
ablation_ceval_any_intersection;adversarial_wrong_year;adversarial;1;Q1_stockout_1997;False;;False;0;0;0;0.0;0.1617;False;0;0;31
baseline_random_matched;adversarial_wrong_year;adversarial;1;Q1_stockout_1997;False;;False;0;0;0;0.0;0.0026;;0;0;31
mcad;adversarial_invalid_no_measures;adversarial;1;Q1_invalid_no_measure;False;;False;0;0;0;0.0;0.0732;False;0;0;31
baseline_naive;adversarial_invalid_no_measures;adversarial;1;Q1_invalid_no_measure;False;;True;1;0;1;0.0;0.0013;;0;0;31
baseline_measure_overlap;adversarial_invalid_no_measures;adversarial;1;Q1_invalid_no_measure;False;;False;0;0;0;0.0;0.0131;;0;0;31
ablation_no_sat;adversarial_invalid_no_measures;adversarial;1;Q1_invalid_no_measure;False;;False;0;0;0;0.0;0.087;False;0;0;31
ablation_no_real;adversarial_invalid_no_measures;adversarial;1;Q1_invalid_no_measure;False;;False;0;0;0;0.0;0.079;False;0;0;31
ablation_ceval_any_intersection;adversarial_invalid_no_measures;adversarial;1;Q1_invalid_no_measure;False;;False;0;0;0;0.0;0.0719;False;0;0;31
baseline_random_matched;adversarial_invalid_no_measures;adversarial;1;Q1_invalid_no_measure;False;;True;1;0;1;0.0;0.0027;;0;0;31
mcad;stress_exploratory_then_useful;stress;1;Q1_noise_region;False;;False;0;0;0;0.0;0.2365;False;0;0;31
mcad;stress_exploratory_then_useful;stress;2;Q2_noise_margin_all;False;;False;0;0;0;0.0;0.1447;False;0;0;31
mcad;stress_exploratory_then_useful;stress;3;Q3_useful_margin;True;c1;True;0;0;0;0.333333;0.2499;True;1;1;31
baseline_naive;stress_exploratory_then_useful;stress;1;Q1_noise_region;False;;True;1;0;1;0.0;0.0014;;0;0;31
baseline_naive;stress_exploratory_then_useful;stress;2;Q2_noise_margin_all;False;;True;1;0;1;0.0;0.0007;;0;0;31
baseline_naive;stress_exploratory_then_useful;stress;3;Q3_useful_margin;True;c1;True;0;0;0;0.333333;0.0006;;0;0;31
baseline_measure_overlap;stress_exploratory_then_useful;stress;1;Q1_noise_region;False;;True;1;0;1;0.0;0.0142;;0;0;31
baseline_measure_overlap;stress_exploratory_then_useful;stress;2;Q2_noise_margin_all;False;;True;1;0;1;0.0;0.0054;;0;0;31
baseline_measure_overlap;stress_exploratory_then_useful;stress;3;Q3_useful_margin;True;c1;True;0;0;0;0.333333;0.0043;;0;0;31
ablation_no_sat;stress_exploratory_then_useful;stress;1;Q1_noise_region;False;;False;0;0;0;0.0;0.2358;False;0;0;31
ablation_no_sat;stress_exploratory_then_useful;stress;2;Q2_noise_margin_all;False;;False;0;0;0;0.0;0.1807;False;0;0;31
ablation_no_sat;stress_exploratory_then_useful;stress;3;Q3_useful_margin;True;c1;True;0;0;0;0.333333;0.2457;True;1;1;31
ablation_no_real;stress_exploratory_then_useful;stress;1;Q1_noise_region;False;;False;0;0;0;0.0;0.2008;False;0;0;31
ablation_no_real;stress_exploratory_then_useful;stress;2;Q2_noise_margin_all;False;;False;0;0;0;0.0;0.1478;False;0;0;31
ablation_no_real;stress_exploratory_then_useful;stress;3;Q3_useful_margin;True;c1;True;0;0;0;0.333333;0.2557;True;1;1;31
ablation_ceval_any_intersection;stress_exploratory_then_useful;stress;1;Q1_noise_region;False;;False;0;0;0;0.0;0.1929;False;0;0;31
ablation_ceval_any_intersection;stress_exploratory_then_useful;stress;2;Q2_noise_margin_all;False;;False;0;0;0;0.0;0.1431;False;0;0;31
ablation_ceval_any_intersection;stress_exploratory_then_useful;stress;3;Q3_useful_margin;True;c1;True;0;0;0;0.333333;0.2543;True;1;1;31
baseline_random_matched;stress_exploratory_then_useful;stress;1;Q1_noise_region;False;;True;1;0;1;0.0;0.0028;;0;0;31
baseline_random_matched;stress_exploratory_then_useful;stress;2;Q2_noise_margin_all;False;;True;1;0;1;0.0;0.0006;;0;0;31
baseline_random_matched;stress_exploratory_then_useful;stress;3;Q3_useful_margin;True;c1;False;0;1;0;0.0;0.0004;;0;0;31
mcad;happy_guided_article_short;happy;1;Q1_margin_month;True;c1;True;0;0;0;0.333333;0.2877;True;1;1;32
mcad;happy_guided_article_short;happy;2;Q2_stockout_store;True;c2;True;0;0;0;0.666667;0.2435;True;1;1;32
mcad;happy_guided_article_short;happy;3;Q3_sales_growth;True;c3;True;0;0;0;1.0;0.3305;True;2;1;32
baseline_naive;happy_guided_article_short;happy;1;Q1_margin_month;True;c1;True;0;0;0;0.333333;0.0014;;0;0;32
baseline_naive;happy_guided_article_short;happy;2;Q2_stockout_store;True;c2;True;0;0;0;0.666667;0.0006;;0;0;32
baseline_naive;happy_guided_article_short;happy;3;Q3_sales_growth;True;c3;True;0;0;0;1.0;0.0006;;0;0;32
baseline_measure_overlap;happy_guided_article_short;happy;1;Q1_margin_month;True;c1;True;0;0;0;0.333333;0.0129;;0;0;32
baseline_measure_overlap;happy_guided_article_short;happy;2;Q2_stockout_store;True;c2;True;0;0;0;0.666667;0.0058;;0;0;32
baseline_measure_overlap;happy_guided_article_short;happy;3;Q3_sales_growth;True;c3;True;0;0;0;1.0;0.0046;;0;0;32
ablation_no_sat;happy_guided_article_short;happy;1;Q1_margin_month;True;c1;True;0;0;0;0.333333;0.5232;True;1;1;32
ablation_no_sat;happy_guided_article_short;happy;2;Q2_stockout_store;True;c2;True;0;0;0;0.666667;0.4741;True;1;1;32
ablation_no_sat;happy_guided_article_short;happy;3;Q3_sales_growth;True;c3;True;0;0;0;1.0;0.6288;True;2;1;32
ablation_no_real;happy_guided_article_short;happy;1;Q1_margin_month;True;c1;True;0;0;0;0.333333;0.567;True;1;1;32
ablation_no_real;happy_guided_article_short;happy;2;Q2_stockout_store;True;c2;True;0;0;0;0.666667;0.5017;True;1;1;32
ablation_no_real;happy_guided_article_short;happy;3;Q3_sales_growth;True;c3;True;0;0;0;1.0;0.6995;True;2;1;32
ablation_ceval_any_intersection;happy_guided_article_short;happy;1;Q1_margin_month;True;c1;True;0;0;0;0.333333;2.5952;True;1;1;32
ablation_ceval_any_intersection;happy_guided_article_short;happy;2;Q2_stockout_store;True;c2;True;0;0;0;0.666667;0.4998;True;1;1;32
ablation_ceval_any_intersection;happy_guided_article_short;happy;3;Q3_sales_growth;True;c3;True;0;0;0;1.0;2.0562;True;2;1;32
baseline_random_matched;happy_guided_article_short;happy;1;Q1_margin_month;True;c1;True;0;0;0;0.333333;0.0039;;0;0;32
baseline_random_matched;happy_guided_article_short;happy;2;Q2_stockout_store;True;c2;False;0;1;0;0.333333;0.0006;;0;0;32
baseline_random_matched;happy_guided_article_short;happy;3;Q3_sales_growth;True;c3;False;0;1;0;0.333333;0.0005;;0;0;32
mcad;happy_guided_reordered;happy;1;Q1_sales_growth;True;c3;True;0;0;0;0.333333;0.73;True;2;1;32
mcad;happy_guided_reordered;happy;2;Q2_margin_month;True;c1;True;0;0;0;0.666667;0.4758;True;1;1;32
mcad;happy_guided_reordered;happy;3;Q3_stockout_store;True;c2;True;0;0;0;1.0;0.4433;True;1;1;32
baseline_naive;happy_guided_reordered;happy;1;Q1_sales_growth;True;c3;True;0;0;0;0.333333;0.0016;;0;0;32
baseline_naive;happy_guided_reordered;happy;2;Q2_margin_month;True;c1;True;0;0;0;0.666667;0.0004;;0;0;32
baseline_naive;happy_guided_reordered;happy;3;Q3_stockout_store;True;c2;True;0;0;0;1.0;0.0004;;0;0;32
baseline_measure_overlap;happy_guided_reordered;happy;1;Q1_sales_growth;True;c3;True;0;0;0;0.333333;0.0211;;0;0;32
baseline_measure_overlap;happy_guided_reordered;happy;2;Q2_margin_month;True;c1;True;0;0;0;0.666667;0.0089;;0;0;32
baseline_measure_overlap;happy_guided_reordered;happy;3;Q3_stockout_store;True;c2;True;0;0;0;1.0;0.0073;;0;0;32
ablation_no_sat;happy_guided_reordered;happy;1;Q1_sales_growth;True;c3;True;0;0;0;0.333333;0.377;True;2;1;32
ablation_no_sat;happy_guided_reordered;happy;2;Q2_margin_month;True;c1;True;0;0;0;0.666667;0.2453;True;1;1;32
ablation_no_sat;happy_guided_reordered;happy;3;Q3_stockout_store;True;c2;True;0;0;0;1.0;0.2847;True;1;1;32
ablation_no_real;happy_guided_reordered;happy;1;Q1_sales_growth;True;c3;True;0;0;0;0.333333;0.3732;True;2;1;32
ablation_no_real;happy_guided_reordered;happy;2;Q2_margin_month;True;c1;True;0;0;0;0.666667;0.2559;True;1;1;32
ablation_no_real;happy_guided_reordered;happy;3;Q3_stockout_store;True;c2;True;0;0;0;1.0;0.245;True;1;1;32
ablation_ceval_any_intersection;happy_guided_reordered;happy;1;Q1_sales_growth;True;c3;True;0;0;0;0.333333;0.3719;True;2;1;32
ablation_ceval_any_intersection;happy_guided_reordered;happy;2;Q2_margin_month;True;c1;True;0;0;0;0.666667;0.241;True;1;1;32
ablation_ceval_any_intersection;happy_guided_reordered;happy;3;Q3_stockout_store;True;c2;True;0;0;0;1.0;0.2356;True;1;1;32
baseline_random_matched;happy_guided_reordered;happy;1;Q1_sales_growth;True;c3;True;0;0;0;0.333333;0.003;;0;0;32
baseline_random_matched;happy_guided_reordered;happy;2;Q2_margin_month;True;c1;True;0;0;0;0.666667;0.0007;;0;0;32
baseline_random_matched;happy_guided_reordered;happy;3;Q3_stockout_store;True;c2;True;0;0;0;1.0;0.0005;;0;0;32
mcad;happy_guided_compact;happy;1;Q1_margin_month;True;c1;True;0;0;0;0.333333;0.2794;True;1;1;32
mcad;happy_guided_compact;happy;2;Q2_sales_growth;True;c3;True;0;0;0;0.666667;0.3457;True;2;1;32
mcad;happy_guided_compact;happy;3;Q3_stockout_store;True;c2;True;0;0;0;1.0;0.2675;True;1;1;32
baseline_naive;happy_guided_compact;happy;1;Q1_margin_month;True;c1;True;0;0;0;0.333333;0.0009;;0;0;32
baseline_naive;happy_guided_compact;happy;2;Q2_sales_growth;True;c3;True;0;0;0;0.666667;0.0005;;0;0;32
baseline_naive;happy_guided_compact;happy;3;Q3_stockout_store;True;c2;True;0;0;0;1.0;0.0003;;0;0;32
baseline_measure_overlap;happy_guided_compact;happy;1;Q1_margin_month;True;c1;True;0;0;0;0.333333;0.0203;;0;0;32
baseline_measure_overlap;happy_guided_compact;happy;2;Q2_sales_growth;True;c3;True;0;0;0;0.666667;0.0095;;0;0;32
baseline_measure_overlap;happy_guided_compact;happy;3;Q3_stockout_store;True;c2;True;0;0;0;1.0;0.008;;0;0;32
ablation_no_sat;happy_guided_compact;happy;1;Q1_margin_month;True;c1;True;0;0;0;0.333333;0.2844;True;1;1;32
ablation_no_sat;happy_guided_compact;happy;2;Q2_sales_growth;True;c3;True;0;0;0;0.666667;0.3335;True;2;1;32
ablation_no_sat;happy_guided_compact;happy;3;Q3_stockout_store;True;c2;True;0;0;0;1.0;0.2599;True;1;1;32
ablation_no_real;happy_guided_compact;happy;1;Q1_margin_month;True;c1;True;0;0;0;0.333333;0.2957;True;1;1;32
ablation_no_real;happy_guided_compact;happy;2;Q2_sales_growth;True;c3;True;0;0;0;0.666667;0.3412;True;2;1;32
ablation_no_real;happy_guided_compact;happy;3;Q3_stockout_store;True;c2;True;0;0;0;1.0;0.2483;True;1;1;32
ablation_ceval_any_intersection;happy_guided_compact;happy;1;Q1_margin_month;True;c1;True;0;0;0;0.333333;0.2755;True;1;1;32
ablation_ceval_any_intersection;happy_guided_compact;happy;2;Q2_sales_growth;True;c3;True;0;0;0;0.666667;0.4107;True;2;1;32
ablation_ceval_any_intersection;happy_guided_compact;happy;3;Q3_stockout_store;True;c2;True;0;0;0;1.0;0.2408;True;1;1;32
baseline_random_matched;happy_guided_compact;happy;1;Q1_margin_month;True;c1;False;0;1;0;0.0;0.0029;;0;0;32
baseline_random_matched;happy_guided_compact;happy;2;Q2_sales_growth;True;c3;False;0;1;0;0.0;0.0006;;0;0;32
baseline_random_matched;happy_guided_compact;happy;3;Q3_stockout_store;True;c2;True;0;0;0;0.333333;0.0005;;0;0;32
mcad;border_growth_partial_1998_only;border;1;Q1_sales_1998_only;False;;False;0;0;0;0.0;0.334;True;1;0;32
baseline_naive;border_growth_partial_1998_only;border;1;Q1_sales_1998_only;False;;True;1;0;1;0.0;0.0009;;0;0;32
baseline_measure_overlap;border_growth_partial_1998_only;border;1;Q1_sales_1998_only;False;;True;1;0;1;0.0;0.0207;;0;0;32
ablation_no_sat;border_growth_partial_1998_only;border;1;Q1_sales_1998_only;False;;False;0;0;0;0.0;0.358;True;1;0;32
ablation_no_real;border_growth_partial_1998_only;border;1;Q1_sales_1998_only;False;;True;1;0;1;0.0;0.3441;True;1;0;32
ablation_ceval_any_intersection;border_growth_partial_1998_only;border;1;Q1_sales_1998_only;False;;True;1;0;1;0.0;0.3342;True;1;1;32
baseline_random_matched;border_growth_partial_1998_only;border;1;Q1_sales_1998_only;False;;False;0;0;0;0.0;0.003;;0;0;32
mcad;border_margin_wrong_grain;border;1;Q1_margin_quarter_only;False;;False;0;0;0;0.0;0.1938;False;0;0;32
baseline_naive;border_margin_wrong_grain;border;1;Q1_margin_quarter_only;False;;True;1;0;1;0.0;0.0009;;0;0;32
baseline_measure_overlap;border_margin_wrong_grain;border;1;Q1_margin_quarter_only;False;;True;1;0;1;0.0;0.0131;;0;0;32
ablation_no_sat;border_margin_wrong_grain;border;1;Q1_margin_quarter_only;False;;False;0;0;0;0.0;0.4104;False;0;0;32
ablation_no_real;border_margin_wrong_grain;border;1;Q1_margin_quarter_only;False;;False;0;0;0;0.0;0.2242;False;0;0;32
ablation_ceval_any_intersection;border_margin_wrong_grain;border;1;Q1_margin_quarter_only;False;;False;0;0;0;0.0;0.1961;False;0;0;32
baseline_random_matched;border_margin_wrong_grain;border;1;Q1_margin_quarter_only;False;;False;0;0;0;0.0;0.0029;;0;0;32
mcad;border_stockout_missing_store;border;1;Q1_stockout_category_only;False;;False;0;0;0;0.0;0.1967;False;0;0;32
baseline_naive;border_stockout_missing_store;border;1;Q1_stockout_category_only;False;;True;1;0;1;0.0;0.0009;;0;0;32
baseline_measure_overlap;border_stockout_missing_store;border;1;Q1_stockout_category_only;False;;True;1;0;1;0.0;0.013;;0;0;32
ablation_no_sat;border_stockout_missing_store;border;1;Q1_stockout_category_only;False;;False;0;0;0;0.0;0.4565;False;0;0;32
ablation_no_real;border_stockout_missing_store;border;1;Q1_stockout_category_only;False;;False;0;0;0;0.0;0.3237;False;0;0;32
ablation_ceval_any_intersection;border_stockout_missing_store;border;1;Q1_stockout_category_only;False;;False;0;0;0;0.0;0.3486;False;0;0;32
baseline_random_matched;border_stockout_missing_store;border;1;Q1_stockout_category_only;False;;True;1;0;1;0.0;0.0031;;0;0;32
mcad;adversarial_wrong_region;adversarial;1;Q1_margin_south;False;;False;0;0;0;0.0;0.1728;False;0;0;32
baseline_naive;adversarial_wrong_region;adversarial;1;Q1_margin_south;False;;True;1;0;1;0.0;0.0009;;0;0;32
baseline_measure_overlap;adversarial_wrong_region;adversarial;1;Q1_margin_south;False;;True;1;0;1;0.0;0.0133;;0;0;32
ablation_no_sat;adversarial_wrong_region;adversarial;1;Q1_margin_south;False;;False;0;0;0;0.0;0.3393;False;0;0;32
ablation_no_real;adversarial_wrong_region;adversarial;1;Q1_margin_south;False;;False;0;0;0;0.0;0.1888;False;0;0;32
ablation_ceval_any_intersection;adversarial_wrong_region;adversarial;1;Q1_margin_south;False;;False;0;0;0;0.0;0.1712;False;0;0;32
baseline_random_matched;adversarial_wrong_region;adversarial;1;Q1_margin_south;False;;True;1;0;1;0.0;0.0028;;0;0;32
mcad;adversarial_wrong_year;adversarial;1;Q1_stockout_1997;False;;False;0;0;0;0.0;0.215;False;0;0;32
baseline_naive;adversarial_wrong_year;adversarial;1;Q1_stockout_1997;False;;True;1;0;1;0.0;0.0009;;0;0;32
baseline_measure_overlap;adversarial_wrong_year;adversarial;1;Q1_stockout_1997;False;;True;1;0;1;0.0;0.0133;;0;0;32
ablation_no_sat;adversarial_wrong_year;adversarial;1;Q1_stockout_1997;False;;False;0;0;0;0.0;0.1903;False;0;0;32
ablation_no_real;adversarial_wrong_year;adversarial;1;Q1_stockout_1997;False;;False;0;0;0;0.0;0.3047;False;0;0;32
ablation_ceval_any_intersection;adversarial_wrong_year;adversarial;1;Q1_stockout_1997;False;;False;0;0;0;0.0;0.1683;False;0;0;32
baseline_random_matched;adversarial_wrong_year;adversarial;1;Q1_stockout_1997;False;;True;1;0;1;0.0;0.0023;;0;0;32
mcad;adversarial_invalid_no_measures;adversarial;1;Q1_invalid_no_measure;False;;False;0;0;0;0.0;0.0738;False;0;0;32
baseline_naive;adversarial_invalid_no_measures;adversarial;1;Q1_invalid_no_measure;False;;True;1;0;1;0.0;0.0009;;0;0;32
baseline_measure_overlap;adversarial_invalid_no_measures;adversarial;1;Q1_invalid_no_measure;False;;False;0;0;0;0.0;0.0122;;0;0;32
ablation_no_sat;adversarial_invalid_no_measures;adversarial;1;Q1_invalid_no_measure;False;;False;0;0;0;0.0;0.0875;False;0;0;32
ablation_no_real;adversarial_invalid_no_measures;adversarial;1;Q1_invalid_no_measure;False;;False;0;0;0;0.0;0.1245;False;0;0;32
ablation_ceval_any_intersection;adversarial_invalid_no_measures;adversarial;1;Q1_invalid_no_measure;False;;False;0;0;0;0.0;0.0743;False;0;0;32
baseline_random_matched;adversarial_invalid_no_measures;adversarial;1;Q1_invalid_no_measure;False;;False;0;0;0;0.0;0.0023;;0;0;32
mcad;stress_exploratory_then_useful;stress;1;Q1_noise_region;False;;False;0;0;0;0.0;0.1957;False;0;0;32
mcad;stress_exploratory_then_useful;stress;2;Q2_noise_margin_all;False;;False;0;0;0;0.0;0.1417;False;0;0;32
mcad;stress_exploratory_then_useful;stress;3;Q3_useful_margin;True;c1;True;0;0;0;0.333333;0.2499;True;1;1;32
baseline_naive;stress_exploratory_then_useful;stress;1;Q1_noise_region;False;;True;1;0;1;0.0;0.0009;;0;0;32
baseline_naive;stress_exploratory_then_useful;stress;2;Q2_noise_margin_all;False;;True;1;0;1;0.0;0.0005;;0;0;32
baseline_naive;stress_exploratory_then_useful;stress;3;Q3_useful_margin;True;c1;True;0;0;0;0.333333;0.0004;;0;0;32
baseline_measure_overlap;stress_exploratory_then_useful;stress;1;Q1_noise_region;False;;True;1;0;1;0.0;0.0123;;0;0;32
baseline_measure_overlap;stress_exploratory_then_useful;stress;2;Q2_noise_margin_all;False;;True;1;0;1;0.0;0.0052;;0;0;32
baseline_measure_overlap;stress_exploratory_then_useful;stress;3;Q3_useful_margin;True;c1;True;0;0;0;0.333333;0.0041;;0;0;32
ablation_no_sat;stress_exploratory_then_useful;stress;1;Q1_noise_region;False;;False;0;0;0;0.0;0.2347;False;0;0;32
ablation_no_sat;stress_exploratory_then_useful;stress;2;Q2_noise_margin_all;False;;False;0;0;0;0.0;0.1713;False;0;0;32
ablation_no_sat;stress_exploratory_then_useful;stress;3;Q3_useful_margin;True;c1;True;0;0;0;0.333333;0.259;True;1;1;32
ablation_no_real;stress_exploratory_then_useful;stress;1;Q1_noise_region;False;;False;0;0;0;0.0;0.2033;False;0;0;32
ablation_no_real;stress_exploratory_then_useful;stress;2;Q2_noise_margin_all;False;;False;0;0;0;0.0;0.1483;False;0;0;32
ablation_no_real;stress_exploratory_then_useful;stress;3;Q3_useful_margin;True;c1;True;0;0;0;0.333333;0.2573;True;1;1;32
ablation_ceval_any_intersection;stress_exploratory_then_useful;stress;1;Q1_noise_region;False;;False;0;0;0;0.0;0.3221;False;0;0;32
ablation_ceval_any_intersection;stress_exploratory_then_useful;stress;2;Q2_noise_margin_all;False;;False;0;0;0;0.0;0.2598;False;0;0;32
ablation_ceval_any_intersection;stress_exploratory_then_useful;stress;3;Q3_useful_margin;True;c1;True;0;0;0;0.333333;0.4733;True;1;1;32
baseline_random_matched;stress_exploratory_then_useful;stress;1;Q1_noise_region;False;;False;0;0;0;0.0;0.0026;;0;0;32
baseline_random_matched;stress_exploratory_then_useful;stress;2;Q2_noise_margin_all;False;;True;1;0;1;0.0;0.0007;;0;0;32
baseline_random_matched;stress_exploratory_then_useful;stress;3;Q3_useful_margin;True;c1;False;0;1;0;0.0;0.0005;;0;0;32
mcad;happy_guided_article_short;happy;1;Q1_margin_month;True;c1;True;0;0;0;0.333333;0.2912;True;1;1;33
mcad;happy_guided_article_short;happy;2;Q2_stockout_store;True;c2;True;0;0;0;0.666667;0.2474;True;1;1;33
mcad;happy_guided_article_short;happy;3;Q3_sales_growth;True;c3;True;0;0;0;1.0;0.3284;True;2;1;33
baseline_naive;happy_guided_article_short;happy;1;Q1_margin_month;True;c1;True;0;0;0;0.333333;0.0009;;0;0;33
baseline_naive;happy_guided_article_short;happy;2;Q2_stockout_store;True;c2;True;0;0;0;0.666667;0.0005;;0;0;33
baseline_naive;happy_guided_article_short;happy;3;Q3_sales_growth;True;c3;True;0;0;0;1.0;0.0003;;0;0;33
baseline_measure_overlap;happy_guided_article_short;happy;1;Q1_margin_month;True;c1;True;0;0;0;0.333333;0.0135;;0;0;33
baseline_measure_overlap;happy_guided_article_short;happy;2;Q2_stockout_store;True;c2;True;0;0;0;0.666667;0.0054;;0;0;33
baseline_measure_overlap;happy_guided_article_short;happy;3;Q3_sales_growth;True;c3;True;0;0;0;1.0;0.0043;;0;0;33
ablation_no_sat;happy_guided_article_short;happy;1;Q1_margin_month;True;c1;True;0;0;0;0.333333;0.2815;True;1;1;33
ablation_no_sat;happy_guided_article_short;happy;2;Q2_stockout_store;True;c2;True;0;0;0;0.666667;0.256;True;1;1;33
ablation_no_sat;happy_guided_article_short;happy;3;Q3_sales_growth;True;c3;True;0;0;0;1.0;0.3321;True;2;1;33
ablation_no_real;happy_guided_article_short;happy;1;Q1_margin_month;True;c1;True;0;0;0;0.333333;0.2896;True;1;1;33
ablation_no_real;happy_guided_article_short;happy;2;Q2_stockout_store;True;c2;True;0;0;0;0.666667;0.2543;True;1;1;33
ablation_no_real;happy_guided_article_short;happy;3;Q3_sales_growth;True;c3;True;0;0;0;1.0;0.3451;True;2;1;33
ablation_ceval_any_intersection;happy_guided_article_short;happy;1;Q1_margin_month;True;c1;True;0;0;0;0.333333;0.4633;True;1;1;33
ablation_ceval_any_intersection;happy_guided_article_short;happy;2;Q2_stockout_store;True;c2;True;0;0;0;0.666667;0.4433;True;1;1;33
ablation_ceval_any_intersection;happy_guided_article_short;happy;3;Q3_sales_growth;True;c3;True;0;0;0;1.0;0.613;True;2;1;33
baseline_random_matched;happy_guided_article_short;happy;1;Q1_margin_month;True;c1;False;0;1;0;0.0;0.0029;;0;0;33
baseline_random_matched;happy_guided_article_short;happy;2;Q2_stockout_store;True;c2;True;0;0;0;0.333333;0.0007;;0;0;33
baseline_random_matched;happy_guided_article_short;happy;3;Q3_sales_growth;True;c3;True;0;0;0;0.666667;0.0005;;0;0;33
mcad;happy_guided_reordered;happy;1;Q1_sales_growth;True;c3;True;0;0;0;0.333333;0.3668;True;2;1;33
mcad;happy_guided_reordered;happy;2;Q2_margin_month;True;c1;True;0;0;0;0.666667;0.2554;True;1;1;33
mcad;happy_guided_reordered;happy;3;Q3_stockout_store;True;c2;True;0;0;0;1.0;0.2404;True;1;1;33
baseline_naive;happy_guided_reordered;happy;1;Q1_sales_growth;True;c3;True;0;0;0;0.333333;0.0009;;0;0;33
baseline_naive;happy_guided_reordered;happy;2;Q2_margin_month;True;c1;True;0;0;0;0.666667;0.0004;;0;0;33
baseline_naive;happy_guided_reordered;happy;3;Q3_stockout_store;True;c2;True;0;0;0;1.0;0.0003;;0;0;33
baseline_measure_overlap;happy_guided_reordered;happy;1;Q1_sales_growth;True;c3;True;0;0;0;0.333333;0.0132;;0;0;33
baseline_measure_overlap;happy_guided_reordered;happy;2;Q2_margin_month;True;c1;True;0;0;0;0.666667;0.005;;0;0;33
baseline_measure_overlap;happy_guided_reordered;happy;3;Q3_stockout_store;True;c2;True;0;0;0;1.0;0.0046;;0;0;33
ablation_no_sat;happy_guided_reordered;happy;1;Q1_sales_growth;True;c3;True;0;0;0;0.333333;0.3703;True;2;1;33
ablation_no_sat;happy_guided_reordered;happy;2;Q2_margin_month;True;c1;True;0;0;0;0.666667;0.363;True;1;1;33
ablation_no_sat;happy_guided_reordered;happy;3;Q3_stockout_store;True;c2;True;0;0;0;1.0;0.4366;True;1;1;33
ablation_no_real;happy_guided_reordered;happy;1;Q1_sales_growth;True;c3;True;0;0;0;0.333333;1.9127;True;2;1;33
ablation_no_real;happy_guided_reordered;happy;2;Q2_margin_month;True;c1;True;0;0;0;0.666667;0.532;True;1;1;33
ablation_no_real;happy_guided_reordered;happy;3;Q3_stockout_store;True;c2;True;0;0;0;1.0;0.4886;True;1;1;33
ablation_ceval_any_intersection;happy_guided_reordered;happy;1;Q1_sales_growth;True;c3;True;0;0;0;0.333333;0.3714;True;2;1;33
ablation_ceval_any_intersection;happy_guided_reordered;happy;2;Q2_margin_month;True;c1;True;0;0;0;0.666667;0.2468;True;1;1;33
ablation_ceval_any_intersection;happy_guided_reordered;happy;3;Q3_stockout_store;True;c2;True;0;0;0;1.0;0.2583;True;1;1;33
baseline_random_matched;happy_guided_reordered;happy;1;Q1_sales_growth;True;c3;False;0;1;0;0.0;0.0033;;0;0;33
baseline_random_matched;happy_guided_reordered;happy;2;Q2_margin_month;True;c1;True;0;0;0;0.333333;0.0006;;0;0;33
baseline_random_matched;happy_guided_reordered;happy;3;Q3_stockout_store;True;c2;True;0;0;0;0.666667;0.0005;;0;0;33
mcad;happy_guided_compact;happy;1;Q1_margin_month;True;c1;True;0;0;0;0.333333;0.2891;True;1;1;33
mcad;happy_guided_compact;happy;2;Q2_sales_growth;True;c3;True;0;0;0;0.666667;0.337;True;2;1;33
mcad;happy_guided_compact;happy;3;Q3_stockout_store;True;c2;True;0;0;0;1.0;0.244;True;1;1;33
baseline_naive;happy_guided_compact;happy;1;Q1_margin_month;True;c1;True;0;0;0;0.333333;0.001;;0;0;33
baseline_naive;happy_guided_compact;happy;2;Q2_sales_growth;True;c3;True;0;0;0;0.666667;0.0005;;0;0;33
baseline_naive;happy_guided_compact;happy;3;Q3_stockout_store;True;c2;True;0;0;0;1.0;0.0004;;0;0;33
baseline_measure_overlap;happy_guided_compact;happy;1;Q1_margin_month;True;c1;True;0;0;0;0.333333;0.0141;;0;0;33
baseline_measure_overlap;happy_guided_compact;happy;2;Q2_sales_growth;True;c3;True;0;0;0;0.666667;0.0054;;0;0;33
baseline_measure_overlap;happy_guided_compact;happy;3;Q3_stockout_store;True;c2;True;0;0;0;1.0;0.0045;;0;0;33
ablation_no_sat;happy_guided_compact;happy;1;Q1_margin_month;True;c1;True;0;0;0;0.333333;0.2838;True;1;1;33
ablation_no_sat;happy_guided_compact;happy;2;Q2_sales_growth;True;c3;True;0;0;0;0.666667;0.3384;True;2;1;33
ablation_no_sat;happy_guided_compact;happy;3;Q3_stockout_store;True;c2;True;0;0;0;1.0;0.2465;True;1;1;33
ablation_no_real;happy_guided_compact;happy;1;Q1_margin_month;True;c1;True;0;0;0;0.333333;0.3058;True;1;1;33
ablation_no_real;happy_guided_compact;happy;2;Q2_sales_growth;True;c3;True;0;0;0;0.666667;0.3438;True;2;1;33
ablation_no_real;happy_guided_compact;happy;3;Q3_stockout_store;True;c2;True;0;0;0;1.0;0.2467;True;1;1;33
ablation_ceval_any_intersection;happy_guided_compact;happy;1;Q1_margin_month;True;c1;True;0;0;0;0.333333;0.274;True;1;1;33
ablation_ceval_any_intersection;happy_guided_compact;happy;2;Q2_sales_growth;True;c3;True;0;0;0;0.666667;0.3474;True;2;1;33
ablation_ceval_any_intersection;happy_guided_compact;happy;3;Q3_stockout_store;True;c2;True;0;0;0;1.0;0.2372;True;1;1;33
baseline_random_matched;happy_guided_compact;happy;1;Q1_margin_month;True;c1;True;0;0;0;0.333333;0.0026;;0;0;33
baseline_random_matched;happy_guided_compact;happy;2;Q2_sales_growth;True;c3;False;0;1;0;0.333333;0.0006;;0;0;33
baseline_random_matched;happy_guided_compact;happy;3;Q3_stockout_store;True;c2;True;0;0;0;0.666667;0.0005;;0;0;33
mcad;border_growth_partial_1998_only;border;1;Q1_sales_1998_only;False;;False;0;0;0;0.0;0.3352;True;1;0;33
baseline_naive;border_growth_partial_1998_only;border;1;Q1_sales_1998_only;False;;True;1;0;1;0.0;0.0009;;0;0;33
baseline_measure_overlap;border_growth_partial_1998_only;border;1;Q1_sales_1998_only;False;;True;1;0;1;0.0;0.0136;;0;0;33
ablation_no_sat;border_growth_partial_1998_only;border;1;Q1_sales_1998_only;False;;False;0;0;0;0.0;0.5267;True;1;0;33
ablation_no_real;border_growth_partial_1998_only;border;1;Q1_sales_1998_only;False;;True;1;0;1;0.0;0.6304;True;1;0;33
ablation_ceval_any_intersection;border_growth_partial_1998_only;border;1;Q1_sales_1998_only;False;;True;1;0;1;0.0;0.6837;True;1;1;33
baseline_random_matched;border_growth_partial_1998_only;border;1;Q1_sales_1998_only;False;;False;0;0;0;0.0;0.0042;;0;0;33
mcad;border_margin_wrong_grain;border;1;Q1_margin_quarter_only;False;;False;0;0;0;0.0;0.2473;False;0;0;33
baseline_naive;border_margin_wrong_grain;border;1;Q1_margin_quarter_only;False;;True;1;0;1;0.0;0.001;;0;0;33
baseline_measure_overlap;border_margin_wrong_grain;border;1;Q1_margin_quarter_only;False;;True;1;0;1;0.0;0.0153;;0;0;33
ablation_no_sat;border_margin_wrong_grain;border;1;Q1_margin_quarter_only;False;;False;0;0;0;0.0;0.2727;False;0;0;33
ablation_no_real;border_margin_wrong_grain;border;1;Q1_margin_quarter_only;False;;False;0;0;0;0.0;0.2122;False;0;0;33
ablation_ceval_any_intersection;border_margin_wrong_grain;border;1;Q1_margin_quarter_only;False;;False;0;0;0;0.0;0.338;False;0;0;33
baseline_random_matched;border_margin_wrong_grain;border;1;Q1_margin_quarter_only;False;;True;1;0;1;0.0;0.0035;;0;0;33
mcad;border_stockout_missing_store;border;1;Q1_stockout_category_only;False;;False;0;0;0;0.0;0.1932;False;0;0;33
baseline_naive;border_stockout_missing_store;border;1;Q1_stockout_category_only;False;;True;1;0;1;0.0;0.0014;;0;0;33
baseline_measure_overlap;border_stockout_missing_store;border;1;Q1_stockout_category_only;False;;True;1;0;1;0.0;0.014;;0;0;33
ablation_no_sat;border_stockout_missing_store;border;1;Q1_stockout_category_only;False;;False;0;0;0;0.0;0.2611;False;0;0;33
ablation_no_real;border_stockout_missing_store;border;1;Q1_stockout_category_only;False;;False;0;0;0;0.0;0.2102;False;0;0;33
ablation_ceval_any_intersection;border_stockout_missing_store;border;1;Q1_stockout_category_only;False;;False;0;0;0;0.0;0.3252;False;0;0;33
baseline_random_matched;border_stockout_missing_store;border;1;Q1_stockout_category_only;False;;True;1;0;1;0.0;0.0045;;0;0;33
mcad;adversarial_wrong_region;adversarial;1;Q1_margin_south;False;;False;0;0;0;0.0;0.1739;False;0;0;33
baseline_naive;adversarial_wrong_region;adversarial;1;Q1_margin_south;False;;True;1;0;1;0.0;0.001;;0;0;33
baseline_measure_overlap;adversarial_wrong_region;adversarial;1;Q1_margin_south;False;;True;1;0;1;0.0;0.0137;;0;0;33
ablation_no_sat;adversarial_wrong_region;adversarial;1;Q1_margin_south;False;;False;0;0;0;0.0;0.2142;False;0;0;33
ablation_no_real;adversarial_wrong_region;adversarial;1;Q1_margin_south;False;;False;0;0;0;0.0;0.2272;False;0;0;33
ablation_ceval_any_intersection;adversarial_wrong_region;adversarial;1;Q1_margin_south;False;;False;0;0;0;0.0;0.1722;False;0;0;33
baseline_random_matched;adversarial_wrong_region;adversarial;1;Q1_margin_south;False;;True;1;0;1;0.0;0.0027;;0;0;33
mcad;adversarial_wrong_year;adversarial;1;Q1_stockout_1997;False;;False;0;0;0;0.0;0.1647;False;0;0;33
baseline_naive;adversarial_wrong_year;adversarial;1;Q1_stockout_1997;False;;True;1;0;1;0.0;0.0009;;0;0;33
baseline_measure_overlap;adversarial_wrong_year;adversarial;1;Q1_stockout_1997;False;;True;1;0;1;0.0;0.0135;;0;0;33
ablation_no_sat;adversarial_wrong_year;adversarial;1;Q1_stockout_1997;False;;False;0;0;0;0.0;0.2881;False;0;0;33
ablation_no_real;adversarial_wrong_year;adversarial;1;Q1_stockout_1997;False;;False;0;0;0;0.0;0.3349;False;0;0;33
ablation_ceval_any_intersection;adversarial_wrong_year;adversarial;1;Q1_stockout_1997;False;;False;0;0;0;0.0;0.3023;False;0;0;33
baseline_random_matched;adversarial_wrong_year;adversarial;1;Q1_stockout_1997;False;;False;0;0;0;0.0;0.0052;;0;0;33
mcad;adversarial_invalid_no_measures;adversarial;1;Q1_invalid_no_measure;False;;False;0;0;0;0.0;0.0857;False;0;0;33
baseline_naive;adversarial_invalid_no_measures;adversarial;1;Q1_invalid_no_measure;False;;True;1;0;1;0.0;0.001;;0;0;33
baseline_measure_overlap;adversarial_invalid_no_measures;adversarial;1;Q1_invalid_no_measure;False;;False;0;0;0;0.0;0.0171;;0;0;33
ablation_no_sat;adversarial_invalid_no_measures;adversarial;1;Q1_invalid_no_measure;False;;False;0;0;0;0.0;0.1553;False;0;0;33
ablation_no_real;adversarial_invalid_no_measures;adversarial;1;Q1_invalid_no_measure;False;;False;0;0;0;0.0;0.0896;False;0;0;33
ablation_ceval_any_intersection;adversarial_invalid_no_measures;adversarial;1;Q1_invalid_no_measure;False;;False;0;0;0;0.0;0.1388;False;0;0;33
baseline_random_matched;adversarial_invalid_no_measures;adversarial;1;Q1_invalid_no_measure;False;;False;0;0;0;0.0;0.0035;;0;0;33
mcad;stress_exploratory_then_useful;stress;1;Q1_noise_region;False;;False;0;0;0;0.0;0.3185;False;0;0;33
mcad;stress_exploratory_then_useful;stress;2;Q2_noise_margin_all;False;;False;0;0;0;0.0;0.2531;False;0;0;33
mcad;stress_exploratory_then_useful;stress;3;Q3_useful_margin;True;c1;True;0;0;0;0.333333;0.4826;True;1;1;33
baseline_naive;stress_exploratory_then_useful;stress;1;Q1_noise_region;False;;True;1;0;1;0.0;0.0015;;0;0;33
baseline_naive;stress_exploratory_then_useful;stress;2;Q2_noise_margin_all;False;;True;1;0;1;0.0;0.0007;;0;0;33
baseline_naive;stress_exploratory_then_useful;stress;3;Q3_useful_margin;True;c1;True;0;0;0;0.333333;0.0006;;0;0;33
baseline_measure_overlap;stress_exploratory_then_useful;stress;1;Q1_noise_region;False;;True;1;0;1;0.0;0.0174;;0;0;33
baseline_measure_overlap;stress_exploratory_then_useful;stress;2;Q2_noise_margin_all;False;;True;1;0;1;0.0;0.0051;;0;0;33
baseline_measure_overlap;stress_exploratory_then_useful;stress;3;Q3_useful_margin;True;c1;True;0;0;0;0.333333;0.0045;;0;0;33
ablation_no_sat;stress_exploratory_then_useful;stress;1;Q1_noise_region;False;;False;0;0;0;0.0;0.2602;False;0;0;33
ablation_no_sat;stress_exploratory_then_useful;stress;2;Q2_noise_margin_all;False;;False;0;0;0;0.0;0.172;False;0;0;33
ablation_no_sat;stress_exploratory_then_useful;stress;3;Q3_useful_margin;True;c1;True;0;0;0;0.333333;0.2454;True;1;1;33
ablation_no_real;stress_exploratory_then_useful;stress;1;Q1_noise_region;False;;False;0;0;0;0.0;0.2067;False;0;0;33
ablation_no_real;stress_exploratory_then_useful;stress;2;Q2_noise_margin_all;False;;False;0;0;0;0.0;0.1452;False;0;0;33
ablation_no_real;stress_exploratory_then_useful;stress;3;Q3_useful_margin;True;c1;True;0;0;0;0.333333;0.264;True;1;1;33
ablation_ceval_any_intersection;stress_exploratory_then_useful;stress;1;Q1_noise_region;False;;False;0;0;0;0.0;0.226;False;0;0;33
ablation_ceval_any_intersection;stress_exploratory_then_useful;stress;2;Q2_noise_margin_all;False;;False;0;0;0;0.0;0.1851;False;0;0;33
ablation_ceval_any_intersection;stress_exploratory_then_useful;stress;3;Q3_useful_margin;True;c1;True;0;0;0;0.333333;0.2496;True;1;1;33
baseline_random_matched;stress_exploratory_then_useful;stress;1;Q1_noise_region;False;;False;0;0;0;0.0;0.0039;;0;0;33
baseline_random_matched;stress_exploratory_then_useful;stress;2;Q2_noise_margin_all;False;;False;0;0;0;0.0;0.0007;;0;0;33
baseline_random_matched;stress_exploratory_then_useful;stress;3;Q3_useful_margin;True;c1;True;0;0;0;0.333333;0.0005;;0;0;33
mcad;happy_guided_article_short;happy;1;Q1_margin_month;True;c1;True;0;0;0;0.333333;0.2747;True;1;1;34
mcad;happy_guided_article_short;happy;2;Q2_stockout_store;True;c2;True;0;0;0;0.666667;0.2424;True;1;1;34
mcad;happy_guided_article_short;happy;3;Q3_sales_growth;True;c3;True;0;0;0;1.0;0.3386;True;2;1;34
baseline_naive;happy_guided_article_short;happy;1;Q1_margin_month;True;c1;True;0;0;0;0.333333;0.0014;;0;0;34
baseline_naive;happy_guided_article_short;happy;2;Q2_stockout_store;True;c2;True;0;0;0;0.666667;0.0007;;0;0;34
baseline_naive;happy_guided_article_short;happy;3;Q3_sales_growth;True;c3;True;0;0;0;1.0;0.0005;;0;0;34
baseline_measure_overlap;happy_guided_article_short;happy;1;Q1_margin_month;True;c1;True;0;0;0;0.333333;0.0147;;0;0;34
baseline_measure_overlap;happy_guided_article_short;happy;2;Q2_stockout_store;True;c2;True;0;0;0;0.666667;0.0058;;0;0;34
baseline_measure_overlap;happy_guided_article_short;happy;3;Q3_sales_growth;True;c3;True;0;0;0;1.0;0.0047;;0;0;34
ablation_no_sat;happy_guided_article_short;happy;1;Q1_margin_month;True;c1;True;0;0;0;0.333333;0.2927;True;1;1;34
ablation_no_sat;happy_guided_article_short;happy;2;Q2_stockout_store;True;c2;True;0;0;0;0.666667;0.2466;True;1;1;34
ablation_no_sat;happy_guided_article_short;happy;3;Q3_sales_growth;True;c3;True;0;0;0;1.0;0.3437;True;2;1;34
ablation_no_real;happy_guided_article_short;happy;1;Q1_margin_month;True;c1;True;0;0;0;0.333333;0.2908;True;1;1;34
ablation_no_real;happy_guided_article_short;happy;2;Q2_stockout_store;True;c2;True;0;0;0;0.666667;0.2488;True;1;1;34
ablation_no_real;happy_guided_article_short;happy;3;Q3_sales_growth;True;c3;True;0;0;0;1.0;0.3356;True;2;1;34
ablation_ceval_any_intersection;happy_guided_article_short;happy;1;Q1_margin_month;True;c1;True;0;0;0;0.333333;0.2794;True;1;1;34
ablation_ceval_any_intersection;happy_guided_article_short;happy;2;Q2_stockout_store;True;c2;True;0;0;0;0.666667;0.2421;True;1;1;34
ablation_ceval_any_intersection;happy_guided_article_short;happy;3;Q3_sales_growth;True;c3;True;0;0;0;1.0;0.3369;True;2;1;34
baseline_random_matched;happy_guided_article_short;happy;1;Q1_margin_month;True;c1;True;0;0;0;0.333333;0.0035;;0;0;34
baseline_random_matched;happy_guided_article_short;happy;2;Q2_stockout_store;True;c2;False;0;1;0;0.333333;0.0007;;0;0;34
baseline_random_matched;happy_guided_article_short;happy;3;Q3_sales_growth;True;c3;True;0;0;0;0.666667;0.0004;;0;0;34
mcad;happy_guided_reordered;happy;1;Q1_sales_growth;True;c3;True;0;0;0;0.333333;0.3715;True;2;1;34
mcad;happy_guided_reordered;happy;2;Q2_margin_month;True;c1;True;0;0;0;0.666667;0.2495;True;1;1;34
mcad;happy_guided_reordered;happy;3;Q3_stockout_store;True;c2;True;0;0;0;1.0;0.2513;True;1;1;34
baseline_naive;happy_guided_reordered;happy;1;Q1_sales_growth;True;c3;True;0;0;0;0.333333;0.0016;;0;0;34
baseline_naive;happy_guided_reordered;happy;2;Q2_margin_month;True;c1;True;0;0;0;0.666667;0.0008;;0;0;34
baseline_naive;happy_guided_reordered;happy;3;Q3_stockout_store;True;c2;True;0;0;0;1.0;0.0004;;0;0;34
baseline_measure_overlap;happy_guided_reordered;happy;1;Q1_sales_growth;True;c3;True;0;0;0;0.333333;0.0215;;0;0;34
baseline_measure_overlap;happy_guided_reordered;happy;2;Q2_margin_month;True;c1;True;0;0;0;0.666667;0.0085;;0;0;34
baseline_measure_overlap;happy_guided_reordered;happy;3;Q3_stockout_store;True;c2;True;0;0;0;1.0;0.0074;;0;0;34
ablation_no_sat;happy_guided_reordered;happy;1;Q1_sales_growth;True;c3;True;0;0;0;0.333333;0.3848;True;2;1;34
ablation_no_sat;happy_guided_reordered;happy;2;Q2_margin_month;True;c1;True;0;0;0;0.666667;0.2487;True;1;1;34
ablation_no_sat;happy_guided_reordered;happy;3;Q3_stockout_store;True;c2;True;0;0;0;1.0;0.2405;True;1;1;34
ablation_no_real;happy_guided_reordered;happy;1;Q1_sales_growth;True;c3;True;0;0;0;0.333333;0.3799;True;2;1;34
ablation_no_real;happy_guided_reordered;happy;2;Q2_margin_month;True;c1;True;0;0;0;0.666667;0.2657;True;1;1;34
ablation_no_real;happy_guided_reordered;happy;3;Q3_stockout_store;True;c2;True;0;0;0;1.0;0.2436;True;1;1;34
ablation_ceval_any_intersection;happy_guided_reordered;happy;1;Q1_sales_growth;True;c3;True;0;0;0;0.333333;0.3603;True;2;1;34
ablation_ceval_any_intersection;happy_guided_reordered;happy;2;Q2_margin_month;True;c1;True;0;0;0;0.666667;0.2453;True;1;1;34
ablation_ceval_any_intersection;happy_guided_reordered;happy;3;Q3_stockout_store;True;c2;True;0;0;0;1.0;0.2482;True;1;1;34
baseline_random_matched;happy_guided_reordered;happy;1;Q1_sales_growth;True;c3;False;0;1;0;0.0;0.0033;;0;0;34
baseline_random_matched;happy_guided_reordered;happy;2;Q2_margin_month;True;c1;False;0;1;0;0.0;0.0006;;0;0;34
baseline_random_matched;happy_guided_reordered;happy;3;Q3_stockout_store;True;c2;True;0;0;0;0.333333;0.0005;;0;0;34
mcad;happy_guided_compact;happy;1;Q1_margin_month;True;c1;True;0;0;0;0.333333;0.2758;True;1;1;34
mcad;happy_guided_compact;happy;2;Q2_sales_growth;True;c3;True;0;0;0;0.666667;0.3386;True;2;1;34
mcad;happy_guided_compact;happy;3;Q3_stockout_store;True;c2;True;0;0;0;1.0;0.2403;True;1;1;34
baseline_naive;happy_guided_compact;happy;1;Q1_margin_month;True;c1;True;0;0;0;0.333333;0.0012;;0;0;34
baseline_naive;happy_guided_compact;happy;2;Q2_sales_growth;True;c3;True;0;0;0;0.666667;0.0005;;0;0;34
baseline_naive;happy_guided_compact;happy;3;Q3_stockout_store;True;c2;True;0;0;0;1.0;0.0005;;0;0;34
baseline_measure_overlap;happy_guided_compact;happy;1;Q1_margin_month;True;c1;True;0;0;0;0.333333;0.0139;;0;0;34
baseline_measure_overlap;happy_guided_compact;happy;2;Q2_sales_growth;True;c3;True;0;0;0;0.666667;0.005;;0;0;34
baseline_measure_overlap;happy_guided_compact;happy;3;Q3_stockout_store;True;c2;True;0;0;0;1.0;0.0043;;0;0;34
ablation_no_sat;happy_guided_compact;happy;1;Q1_margin_month;True;c1;True;0;0;0;0.333333;0.2793;True;1;1;34
ablation_no_sat;happy_guided_compact;happy;2;Q2_sales_growth;True;c3;True;0;0;0;0.666667;0.3358;True;2;1;34
ablation_no_sat;happy_guided_compact;happy;3;Q3_stockout_store;True;c2;True;0;0;0;1.0;0.2503;True;1;1;34
ablation_no_real;happy_guided_compact;happy;1;Q1_margin_month;True;c1;True;0;0;0;0.333333;0.2817;True;1;1;34
ablation_no_real;happy_guided_compact;happy;2;Q2_sales_growth;True;c3;True;0;0;0;0.666667;0.3406;True;2;1;34
ablation_no_real;happy_guided_compact;happy;3;Q3_stockout_store;True;c2;True;0;0;0;1.0;0.2429;True;1;1;34
ablation_ceval_any_intersection;happy_guided_compact;happy;1;Q1_margin_month;True;c1;True;0;0;0;0.333333;0.2971;True;1;1;34
ablation_ceval_any_intersection;happy_guided_compact;happy;2;Q2_sales_growth;True;c3;True;0;0;0;0.666667;0.3301;True;2;1;34
ablation_ceval_any_intersection;happy_guided_compact;happy;3;Q3_stockout_store;True;c2;True;0;0;0;1.0;0.2345;True;1;1;34
baseline_random_matched;happy_guided_compact;happy;1;Q1_margin_month;True;c1;False;0;1;0;0.0;0.0027;;0;0;34
baseline_random_matched;happy_guided_compact;happy;2;Q2_sales_growth;True;c3;False;0;1;0;0.0;0.0007;;0;0;34
baseline_random_matched;happy_guided_compact;happy;3;Q3_stockout_store;True;c2;False;0;1;0;0.0;0.0005;;0;0;34
mcad;border_growth_partial_1998_only;border;1;Q1_sales_1998_only;False;;False;0;0;0;0.0;0.3304;True;1;0;34
baseline_naive;border_growth_partial_1998_only;border;1;Q1_sales_1998_only;False;;True;1;0;1;0.0;0.0009;;0;0;34
baseline_measure_overlap;border_growth_partial_1998_only;border;1;Q1_sales_1998_only;False;;True;1;0;1;0.0;0.0149;;0;0;34
ablation_no_sat;border_growth_partial_1998_only;border;1;Q1_sales_1998_only;False;;False;0;0;0;0.0;0.3468;True;1;0;34
ablation_no_real;border_growth_partial_1998_only;border;1;Q1_sales_1998_only;False;;True;1;0;1;0.0;0.3416;True;1;0;34
ablation_ceval_any_intersection;border_growth_partial_1998_only;border;1;Q1_sales_1998_only;False;;True;1;0;1;0.0;0.6023;True;1;1;34
baseline_random_matched;border_growth_partial_1998_only;border;1;Q1_sales_1998_only;False;;False;0;0;0;0.0;0.0027;;0;0;34
mcad;border_margin_wrong_grain;border;1;Q1_margin_quarter_only;False;;False;0;0;0;0.0;0.1969;False;0;0;34
baseline_naive;border_margin_wrong_grain;border;1;Q1_margin_quarter_only;False;;True;1;0;1;0.0;0.0009;;0;0;34
baseline_measure_overlap;border_margin_wrong_grain;border;1;Q1_margin_quarter_only;False;;True;1;0;1;0.0;0.0206;;0;0;34
ablation_no_sat;border_margin_wrong_grain;border;1;Q1_margin_quarter_only;False;;False;0;0;0;0.0;0.2604;False;0;0;34
ablation_no_real;border_margin_wrong_grain;border;1;Q1_margin_quarter_only;False;;False;0;0;0;0.0;0.2366;False;0;0;34
ablation_ceval_any_intersection;border_margin_wrong_grain;border;1;Q1_margin_quarter_only;False;;False;0;0;0;0.0;0.1953;False;0;0;34
baseline_random_matched;border_margin_wrong_grain;border;1;Q1_margin_quarter_only;False;;True;1;0;1;0.0;0.0025;;0;0;34
mcad;border_stockout_missing_store;border;1;Q1_stockout_category_only;False;;False;0;0;0;0.0;0.1966;False;0;0;34
baseline_naive;border_stockout_missing_store;border;1;Q1_stockout_category_only;False;;True;1;0;1;0.0;0.0009;;0;0;34
baseline_measure_overlap;border_stockout_missing_store;border;1;Q1_stockout_category_only;False;;True;1;0;1;0.0;0.0195;;0;0;34
ablation_no_sat;border_stockout_missing_store;border;1;Q1_stockout_category_only;False;;False;0;0;0;0.0;0.2557;False;0;0;34
ablation_no_real;border_stockout_missing_store;border;1;Q1_stockout_category_only;False;;False;0;0;0;0.0;0.1969;False;0;0;34
ablation_ceval_any_intersection;border_stockout_missing_store;border;1;Q1_stockout_category_only;False;;False;0;0;0;0.0;0.1912;False;0;0;34
baseline_random_matched;border_stockout_missing_store;border;1;Q1_stockout_category_only;False;;False;0;0;0;0.0;0.0025;;0;0;34
mcad;adversarial_wrong_region;adversarial;1;Q1_margin_south;False;;False;0;0;0;0.0;0.1661;False;0;0;34
baseline_naive;adversarial_wrong_region;adversarial;1;Q1_margin_south;False;;True;1;0;1;0.0;0.0009;;0;0;34
baseline_measure_overlap;adversarial_wrong_region;adversarial;1;Q1_margin_south;False;;True;1;0;1;0.0;0.0187;;0;0;34
ablation_no_sat;adversarial_wrong_region;adversarial;1;Q1_margin_south;False;;False;0;0;0;0.0;0.2184;False;0;0;34
ablation_no_real;adversarial_wrong_region;adversarial;1;Q1_margin_south;False;;False;0;0;0;0.0;0.1749;False;0;0;34
ablation_ceval_any_intersection;adversarial_wrong_region;adversarial;1;Q1_margin_south;False;;False;0;0;0;0.0;0.181;False;0;0;34
baseline_random_matched;adversarial_wrong_region;adversarial;1;Q1_margin_south;False;;False;0;0;0;0.0;0.0023;;0;0;34
mcad;adversarial_wrong_year;adversarial;1;Q1_stockout_1997;False;;False;0;0;0;0.0;0.1665;False;0;0;34
baseline_naive;adversarial_wrong_year;adversarial;1;Q1_stockout_1997;False;;True;1;0;1;0.0;0.0009;;0;0;34
baseline_measure_overlap;adversarial_wrong_year;adversarial;1;Q1_stockout_1997;False;;True;1;0;1;0.0;0.014;;0;0;34
ablation_no_sat;adversarial_wrong_year;adversarial;1;Q1_stockout_1997;False;;False;0;0;0;0.0;0.3334;False;0;0;34
ablation_no_real;adversarial_wrong_year;adversarial;1;Q1_stockout_1997;False;;False;0;0;0;0.0;0.1723;False;0;0;34
ablation_ceval_any_intersection;adversarial_wrong_year;adversarial;1;Q1_stockout_1997;False;;False;0;0;0;0.0;0.174;False;0;0;34
baseline_random_matched;adversarial_wrong_year;adversarial;1;Q1_stockout_1997;False;;True;1;0;1;0.0;0.0028;;0;0;34
mcad;adversarial_invalid_no_measures;adversarial;1;Q1_invalid_no_measure;False;;False;0;0;0;0.0;0.074;False;0;0;34
baseline_naive;adversarial_invalid_no_measures;adversarial;1;Q1_invalid_no_measure;False;;True;1;0;1;0.0;0.0008;;0;0;34
baseline_measure_overlap;adversarial_invalid_no_measures;adversarial;1;Q1_invalid_no_measure;False;;False;0;0;0;0.0;0.013;;0;0;34
ablation_no_sat;adversarial_invalid_no_measures;adversarial;1;Q1_invalid_no_measure;False;;False;0;0;0;0.0;0.1389;False;0;0;34
ablation_no_real;adversarial_invalid_no_measures;adversarial;1;Q1_invalid_no_measure;False;;False;0;0;0;0.0;0.0809;False;0;0;34
ablation_ceval_any_intersection;adversarial_invalid_no_measures;adversarial;1;Q1_invalid_no_measure;False;;False;0;0;0;0.0;0.0715;False;0;0;34
baseline_random_matched;adversarial_invalid_no_measures;adversarial;1;Q1_invalid_no_measure;False;;True;1;0;1;0.0;0.0027;;0;0;34
mcad;stress_exploratory_then_useful;stress;1;Q1_noise_region;False;;False;0;0;0;0.0;0.1957;False;0;0;34
mcad;stress_exploratory_then_useful;stress;2;Q2_noise_margin_all;False;;False;0;0;0;0.0;0.1519;False;0;0;34
mcad;stress_exploratory_then_useful;stress;3;Q3_useful_margin;True;c1;True;0;0;0;0.333333;0.2535;True;1;1;34
baseline_naive;stress_exploratory_then_useful;stress;1;Q1_noise_region;False;;True;1;0;1;0.0;0.0011;;0;0;34
baseline_naive;stress_exploratory_then_useful;stress;2;Q2_noise_margin_all;False;;True;1;0;1;0.0;0.0005;;0;0;34
baseline_naive;stress_exploratory_then_useful;stress;3;Q3_useful_margin;True;c1;True;0;0;0;0.333333;0.0003;;0;0;34
baseline_measure_overlap;stress_exploratory_then_useful;stress;1;Q1_noise_region;False;;True;1;0;1;0.0;0.0134;;0;0;34
baseline_measure_overlap;stress_exploratory_then_useful;stress;2;Q2_noise_margin_all;False;;True;1;0;1;0.0;0.0054;;0;0;34
baseline_measure_overlap;stress_exploratory_then_useful;stress;3;Q3_useful_margin;True;c1;True;0;0;0;0.333333;0.0042;;0;0;34
ablation_no_sat;stress_exploratory_then_useful;stress;1;Q1_noise_region;False;;False;0;0;0;0.0;0.234;False;0;0;34
ablation_no_sat;stress_exploratory_then_useful;stress;2;Q2_noise_margin_all;False;;False;0;0;0;0.0;0.168;False;0;0;34
ablation_no_sat;stress_exploratory_then_useful;stress;3;Q3_useful_margin;True;c1;True;0;0;0;0.333333;0.2434;True;1;1;34
ablation_no_real;stress_exploratory_then_useful;stress;1;Q1_noise_region;False;;False;0;0;0;0.0;0.3503;False;0;0;34
ablation_no_real;stress_exploratory_then_useful;stress;2;Q2_noise_margin_all;False;;False;0;0;0;0.0;0.1582;False;0;0;34
ablation_no_real;stress_exploratory_then_useful;stress;3;Q3_useful_margin;True;c1;True;0;0;0;0.333333;0.2555;True;1;1;34
ablation_ceval_any_intersection;stress_exploratory_then_useful;stress;1;Q1_noise_region;False;;False;0;0;0;0.0;0.1947;False;0;0;34
ablation_ceval_any_intersection;stress_exploratory_then_useful;stress;2;Q2_noise_margin_all;False;;False;0;0;0;0.0;0.1414;False;0;0;34
ablation_ceval_any_intersection;stress_exploratory_then_useful;stress;3;Q3_useful_margin;True;c1;True;0;0;0;0.333333;0.2521;True;1;1;34
baseline_random_matched;stress_exploratory_then_useful;stress;1;Q1_noise_region;False;;False;0;0;0;0.0;0.0027;;0;0;34
baseline_random_matched;stress_exploratory_then_useful;stress;2;Q2_noise_margin_all;False;;True;1;0;1;0.0;0.0007;;0;0;34
baseline_random_matched;stress_exploratory_then_useful;stress;3;Q3_useful_margin;True;c1;False;0;1;0;0.0;0.0005;;0;0;34
mcad;happy_guided_article_short;happy;1;Q1_margin_month;True;c1;True;0;0;0;0.333333;0.2744;True;1;1;35
mcad;happy_guided_article_short;happy;2;Q2_stockout_store;True;c2;True;0;0;0;0.666667;0.2567;True;1;1;35
mcad;happy_guided_article_short;happy;3;Q3_sales_growth;True;c3;True;0;0;0;1.0;0.3292;True;2;1;35
baseline_naive;happy_guided_article_short;happy;1;Q1_margin_month;True;c1;True;0;0;0;0.333333;0.001;;0;0;35
baseline_naive;happy_guided_article_short;happy;2;Q2_stockout_store;True;c2;True;0;0;0;0.666667;0.0004;;0;0;35
baseline_naive;happy_guided_article_short;happy;3;Q3_sales_growth;True;c3;True;0;0;0;1.0;0.0004;;0;0;35
baseline_measure_overlap;happy_guided_article_short;happy;1;Q1_margin_month;True;c1;True;0;0;0;0.333333;0.0136;;0;0;35
baseline_measure_overlap;happy_guided_article_short;happy;2;Q2_stockout_store;True;c2;True;0;0;0;0.666667;0.0056;;0;0;35
baseline_measure_overlap;happy_guided_article_short;happy;3;Q3_sales_growth;True;c3;True;0;0;0;1.0;0.0045;;0;0;35
ablation_no_sat;happy_guided_article_short;happy;1;Q1_margin_month;True;c1;True;0;0;0;0.333333;0.278;True;1;1;35
ablation_no_sat;happy_guided_article_short;happy;2;Q2_stockout_store;True;c2;True;0;0;0;0.666667;0.2457;True;1;1;35
ablation_no_sat;happy_guided_article_short;happy;3;Q3_sales_growth;True;c3;True;0;0;0;1.0;0.3412;True;2;1;35
ablation_no_real;happy_guided_article_short;happy;1;Q1_margin_month;True;c1;True;0;0;0;0.333333;0.5058;True;1;1;35
ablation_no_real;happy_guided_article_short;happy;2;Q2_stockout_store;True;c2;True;0;0;0;0.666667;0.4758;True;1;1;35
ablation_no_real;happy_guided_article_short;happy;3;Q3_sales_growth;True;c3;True;0;0;0;1.0;0.6358;True;2;1;35
ablation_ceval_any_intersection;happy_guided_article_short;happy;1;Q1_margin_month;True;c1;True;0;0;0;0.333333;0.277;True;1;1;35
ablation_ceval_any_intersection;happy_guided_article_short;happy;2;Q2_stockout_store;True;c2;True;0;0;0;0.666667;0.2518;True;1;1;35
ablation_ceval_any_intersection;happy_guided_article_short;happy;3;Q3_sales_growth;True;c3;True;0;0;0;1.0;0.3285;True;2;1;35
baseline_random_matched;happy_guided_article_short;happy;1;Q1_margin_month;True;c1;True;0;0;0;0.333333;0.0036;;0;0;35
baseline_random_matched;happy_guided_article_short;happy;2;Q2_stockout_store;True;c2;False;0;1;0;0.333333;0.0007;;0;0;35
baseline_random_matched;happy_guided_article_short;happy;3;Q3_sales_growth;True;c3;True;0;0;0;0.666667;0.0005;;0;0;35
mcad;happy_guided_reordered;happy;1;Q1_sales_growth;True;c3;True;0;0;0;0.333333;0.6576;True;2;1;35
mcad;happy_guided_reordered;happy;2;Q2_margin_month;True;c1;True;0;0;0;0.666667;0.4544;True;1;1;35
mcad;happy_guided_reordered;happy;3;Q3_stockout_store;True;c2;True;0;0;0;1.0;0.4621;True;1;1;35
baseline_naive;happy_guided_reordered;happy;1;Q1_sales_growth;True;c3;True;0;0;0;0.333333;0.0017;;0;0;35
baseline_naive;happy_guided_reordered;happy;2;Q2_margin_month;True;c1;True;0;0;0;0.666667;0.0008;;0;0;35
baseline_naive;happy_guided_reordered;happy;3;Q3_stockout_store;True;c2;True;0;0;0;1.0;0.0006;;0;0;35
baseline_measure_overlap;happy_guided_reordered;happy;1;Q1_sales_growth;True;c3;True;0;0;0;0.333333;0.0256;;0;0;35
baseline_measure_overlap;happy_guided_reordered;happy;2;Q2_margin_month;True;c1;True;0;0;0;0.666667;0.0094;;0;0;35
baseline_measure_overlap;happy_guided_reordered;happy;3;Q3_stockout_store;True;c2;True;0;0;0;1.0;0.0078;;0;0;35
ablation_no_sat;happy_guided_reordered;happy;1;Q1_sales_growth;True;c3;True;0;0;0;0.333333;0.3891;True;2;1;35
ablation_no_sat;happy_guided_reordered;happy;2;Q2_margin_month;True;c1;True;0;0;0;0.666667;0.2767;True;1;1;35
ablation_no_sat;happy_guided_reordered;happy;3;Q3_stockout_store;True;c2;True;0;0;0;1.0;0.2513;True;1;1;35
ablation_no_real;happy_guided_reordered;happy;1;Q1_sales_growth;True;c3;True;0;0;0;0.333333;0.3887;True;2;1;35
ablation_no_real;happy_guided_reordered;happy;2;Q2_margin_month;True;c1;True;0;0;0;0.666667;0.2513;True;1;1;35
ablation_no_real;happy_guided_reordered;happy;3;Q3_stockout_store;True;c2;True;0;0;0;1.0;0.2461;True;1;1;35
ablation_ceval_any_intersection;happy_guided_reordered;happy;1;Q1_sales_growth;True;c3;True;0;0;0;0.333333;0.3625;True;2;1;35
ablation_ceval_any_intersection;happy_guided_reordered;happy;2;Q2_margin_month;True;c1;True;0;0;0;0.666667;0.2457;True;1;1;35
ablation_ceval_any_intersection;happy_guided_reordered;happy;3;Q3_stockout_store;True;c2;True;0;0;0;1.0;0.2455;True;1;1;35
baseline_random_matched;happy_guided_reordered;happy;1;Q1_sales_growth;True;c3;True;0;0;0;0.333333;0.0031;;0;0;35
baseline_random_matched;happy_guided_reordered;happy;2;Q2_margin_month;True;c1;True;0;0;0;0.666667;0.0006;;0;0;35
baseline_random_matched;happy_guided_reordered;happy;3;Q3_stockout_store;True;c2;False;0;1;0;0.666667;0.0005;;0;0;35
mcad;happy_guided_compact;happy;1;Q1_margin_month;True;c1;True;0;0;0;0.333333;0.2872;True;1;1;35
mcad;happy_guided_compact;happy;2;Q2_sales_growth;True;c3;True;0;0;0;0.666667;0.3383;True;2;1;35
mcad;happy_guided_compact;happy;3;Q3_stockout_store;True;c2;True;0;0;0;1.0;0.2436;True;1;1;35
baseline_naive;happy_guided_compact;happy;1;Q1_margin_month;True;c1;True;0;0;0;0.333333;0.0009;;0;0;35
baseline_naive;happy_guided_compact;happy;2;Q2_sales_growth;True;c3;True;0;0;0;0.666667;0.0005;;0;0;35
baseline_naive;happy_guided_compact;happy;3;Q3_stockout_store;True;c2;True;0;0;0;1.0;0.0004;;0;0;35
baseline_measure_overlap;happy_guided_compact;happy;1;Q1_margin_month;True;c1;True;0;0;0;0.333333;0.0147;;0;0;35
baseline_measure_overlap;happy_guided_compact;happy;2;Q2_sales_growth;True;c3;True;0;0;0;0.666667;0.0053;;0;0;35
baseline_measure_overlap;happy_guided_compact;happy;3;Q3_stockout_store;True;c2;True;0;0;0;1.0;0.0045;;0;0;35
ablation_no_sat;happy_guided_compact;happy;1;Q1_margin_month;True;c1;True;0;0;0;0.333333;0.2812;True;1;1;35
ablation_no_sat;happy_guided_compact;happy;2;Q2_sales_growth;True;c3;True;0;0;0;0.666667;0.3371;True;2;1;35
ablation_no_sat;happy_guided_compact;happy;3;Q3_stockout_store;True;c2;True;0;0;0;1.0;0.2479;True;1;1;35
ablation_no_real;happy_guided_compact;happy;1;Q1_margin_month;True;c1;True;0;0;0;0.333333;0.2834;True;1;1;35
ablation_no_real;happy_guided_compact;happy;2;Q2_sales_growth;True;c3;True;0;0;0;0.666667;0.3399;True;2;1;35
ablation_no_real;happy_guided_compact;happy;3;Q3_stockout_store;True;c2;True;0;0;0;1.0;0.2457;True;1;1;35
ablation_ceval_any_intersection;happy_guided_compact;happy;1;Q1_margin_month;True;c1;True;0;0;0;0.333333;0.2843;True;1;1;35
ablation_ceval_any_intersection;happy_guided_compact;happy;2;Q2_sales_growth;True;c3;True;0;0;0;0.666667;0.3288;True;2;1;35
ablation_ceval_any_intersection;happy_guided_compact;happy;3;Q3_stockout_store;True;c2;True;0;0;0;1.0;0.2353;True;1;1;35
baseline_random_matched;happy_guided_compact;happy;1;Q1_margin_month;True;c1;False;0;1;0;0.0;0.003;;0;0;35
baseline_random_matched;happy_guided_compact;happy;2;Q2_sales_growth;True;c3;True;0;0;0;0.333333;0.0006;;0;0;35
baseline_random_matched;happy_guided_compact;happy;3;Q3_stockout_store;True;c2;True;0;0;0;0.666667;0.0005;;0;0;35
mcad;border_growth_partial_1998_only;border;1;Q1_sales_1998_only;False;;False;0;0;0;0.0;0.3356;True;1;0;35
baseline_naive;border_growth_partial_1998_only;border;1;Q1_sales_1998_only;False;;True;1;0;1;0.0;0.0009;;0;0;35
baseline_measure_overlap;border_growth_partial_1998_only;border;1;Q1_sales_1998_only;False;;True;1;0;1;0.0;0.02;;0;0;35
ablation_no_sat;border_growth_partial_1998_only;border;1;Q1_sales_1998_only;False;;False;0;0;0;0.0;0.334;True;1;0;35
ablation_no_real;border_growth_partial_1998_only;border;1;Q1_sales_1998_only;False;;True;1;0;1;0.0;0.6774;True;1;0;35
ablation_ceval_any_intersection;border_growth_partial_1998_only;border;1;Q1_sales_1998_only;False;;True;1;0;1;0.0;0.3765;True;1;1;35
baseline_random_matched;border_growth_partial_1998_only;border;1;Q1_sales_1998_only;False;;True;1;0;1;0.0;0.003;;0;0;35
mcad;border_margin_wrong_grain;border;1;Q1_margin_quarter_only;False;;False;0;0;0;0.0;0.3098;False;0;0;35
baseline_naive;border_margin_wrong_grain;border;1;Q1_margin_quarter_only;False;;True;1;0;1;0.0;0.0009;;0;0;35
baseline_measure_overlap;border_margin_wrong_grain;border;1;Q1_margin_quarter_only;False;;True;1;0;1;0.0;0.013;;0;0;35
ablation_no_sat;border_margin_wrong_grain;border;1;Q1_margin_quarter_only;False;;False;0;0;0;0.0;0.2592;False;0;0;35
ablation_no_real;border_margin_wrong_grain;border;1;Q1_margin_quarter_only;False;;False;0;0;0;0.0;0.2047;False;0;0;35
ablation_ceval_any_intersection;border_margin_wrong_grain;border;1;Q1_margin_quarter_only;False;;False;0;0;0;0.0;0.3563;False;0;0;35
baseline_random_matched;border_margin_wrong_grain;border;1;Q1_margin_quarter_only;False;;True;1;0;1;0.0;0.003;;0;0;35
mcad;border_stockout_missing_store;border;1;Q1_stockout_category_only;False;;False;0;0;0;0.0;0.345;False;0;0;35
baseline_naive;border_stockout_missing_store;border;1;Q1_stockout_category_only;False;;True;1;0;1;0.0;0.0009;;0;0;35
baseline_measure_overlap;border_stockout_missing_store;border;1;Q1_stockout_category_only;False;;True;1;0;1;0.0;0.0141;;0;0;35
ablation_no_sat;border_stockout_missing_store;border;1;Q1_stockout_category_only;False;;False;0;0;0;0.0;0.2592;False;0;0;35
ablation_no_real;border_stockout_missing_store;border;1;Q1_stockout_category_only;False;;False;0;0;0;0.0;0.1978;False;0;0;35
ablation_ceval_any_intersection;border_stockout_missing_store;border;1;Q1_stockout_category_only;False;;False;0;0;0;0.0;0.1922;False;0;0;35
baseline_random_matched;border_stockout_missing_store;border;1;Q1_stockout_category_only;False;;False;0;0;0;0.0;0.003;;0;0;35
mcad;adversarial_wrong_region;adversarial;1;Q1_margin_south;False;;False;0;0;0;0.0;0.1748;False;0;0;35
baseline_naive;adversarial_wrong_region;adversarial;1;Q1_margin_south;False;;True;1;0;1;0.0;0.0009;;0;0;35
baseline_measure_overlap;adversarial_wrong_region;adversarial;1;Q1_margin_south;False;;True;1;0;1;0.0;0.0132;;0;0;35
ablation_no_sat;adversarial_wrong_region;adversarial;1;Q1_margin_south;False;;False;0;0;0;0.0;0.2053;False;0;0;35
ablation_no_real;adversarial_wrong_region;adversarial;1;Q1_margin_south;False;;False;0;0;0;0.0;0.1945;False;0;0;35
ablation_ceval_any_intersection;adversarial_wrong_region;adversarial;1;Q1_margin_south;False;;False;0;0;0;0.0;0.1655;False;0;0;35
baseline_random_matched;adversarial_wrong_region;adversarial;1;Q1_margin_south;False;;True;1;0;1;0.0;0.0031;;0;0;35
mcad;adversarial_wrong_year;adversarial;1;Q1_stockout_1997;False;;False;0;0;0;0.0;0.1622;False;0;0;35
baseline_naive;adversarial_wrong_year;adversarial;1;Q1_stockout_1997;False;;True;1;0;1;0.0;0.0015;;0;0;35
baseline_measure_overlap;adversarial_wrong_year;adversarial;1;Q1_stockout_1997;False;;True;1;0;1;0.0;0.0136;;0;0;35
ablation_no_sat;adversarial_wrong_year;adversarial;1;Q1_stockout_1997;False;;False;0;0;0;0.0;0.2023;False;0;0;35
ablation_no_real;adversarial_wrong_year;adversarial;1;Q1_stockout_1997;False;;False;0;0;0;0.0;0.1702;False;0;0;35
ablation_ceval_any_intersection;adversarial_wrong_year;adversarial;1;Q1_stockout_1997;False;;False;0;0;0;0.0;0.1607;False;0;0;35
baseline_random_matched;adversarial_wrong_year;adversarial;1;Q1_stockout_1997;False;;True;1;0;1;0.0;0.0027;;0;0;35
mcad;adversarial_invalid_no_measures;adversarial;1;Q1_invalid_no_measure;False;;False;0;0;0;0.0;0.1057;False;0;0;35
baseline_naive;adversarial_invalid_no_measures;adversarial;1;Q1_invalid_no_measure;False;;True;1;0;1;0.0;0.0009;;0;0;35
baseline_measure_overlap;adversarial_invalid_no_measures;adversarial;1;Q1_invalid_no_measure;False;;False;0;0;0;0.0;0.0187;;0;0;35
ablation_no_sat;adversarial_invalid_no_measures;adversarial;1;Q1_invalid_no_measure;False;;False;0;0;0;0.0;0.0881;False;0;0;35
ablation_no_real;adversarial_invalid_no_measures;adversarial;1;Q1_invalid_no_measure;False;;False;0;0;0;0.0;0.079;False;0;0;35
ablation_ceval_any_intersection;adversarial_invalid_no_measures;adversarial;1;Q1_invalid_no_measure;False;;False;0;0;0;0.0;0.0712;False;0;0;35
baseline_random_matched;adversarial_invalid_no_measures;adversarial;1;Q1_invalid_no_measure;False;;False;0;0;0;0.0;0.0027;;0;0;35
mcad;stress_exploratory_then_useful;stress;1;Q1_noise_region;False;;False;0;0;0;0.0;0.2068;False;0;0;35
mcad;stress_exploratory_then_useful;stress;2;Q2_noise_margin_all;False;;False;0;0;0;0.0;0.1435;False;0;0;35
mcad;stress_exploratory_then_useful;stress;3;Q3_useful_margin;True;c1;True;0;0;0;0.333333;0.2477;True;1;1;35
baseline_naive;stress_exploratory_then_useful;stress;1;Q1_noise_region;False;;True;1;0;1;0.0;0.0009;;0;0;35
baseline_naive;stress_exploratory_then_useful;stress;2;Q2_noise_margin_all;False;;True;1;0;1;0.0;0.0005;;0;0;35
baseline_naive;stress_exploratory_then_useful;stress;3;Q3_useful_margin;True;c1;True;0;0;0;0.333333;0.0003;;0;0;35
baseline_measure_overlap;stress_exploratory_then_useful;stress;1;Q1_noise_region;False;;True;1;0;1;0.0;0.0196;;0;0;35
baseline_measure_overlap;stress_exploratory_then_useful;stress;2;Q2_noise_margin_all;False;;True;1;0;1;0.0;0.0091;;0;0;35
baseline_measure_overlap;stress_exploratory_then_useful;stress;3;Q3_useful_margin;True;c1;True;0;0;0;0.333333;0.0073;;0;0;35
ablation_no_sat;stress_exploratory_then_useful;stress;1;Q1_noise_region;False;;False;0;0;0;0.0;0.2359;False;0;0;35
ablation_no_sat;stress_exploratory_then_useful;stress;2;Q2_noise_margin_all;False;;False;0;0;0;0.0;0.1697;False;0;0;35
ablation_no_sat;stress_exploratory_then_useful;stress;3;Q3_useful_margin;True;c1;True;0;0;0;0.333333;0.2433;True;1;1;35
ablation_no_real;stress_exploratory_then_useful;stress;1;Q1_noise_region;False;;False;0;0;0;0.0;0.2035;False;0;0;35
ablation_no_real;stress_exploratory_then_useful;stress;2;Q2_noise_margin_all;False;;False;0;0;0;0.0;0.1466;False;0;0;35
ablation_no_real;stress_exploratory_then_useful;stress;3;Q3_useful_margin;True;c1;True;0;0;0;0.333333;0.2646;True;1;1;35
ablation_ceval_any_intersection;stress_exploratory_then_useful;stress;1;Q1_noise_region;False;;False;0;0;0;0.0;0.1935;False;0;0;35
ablation_ceval_any_intersection;stress_exploratory_then_useful;stress;2;Q2_noise_margin_all;False;;False;0;0;0;0.0;0.1413;False;0;0;35
ablation_ceval_any_intersection;stress_exploratory_then_useful;stress;3;Q3_useful_margin;True;c1;True;0;0;0;0.333333;0.396;True;1;1;35
baseline_random_matched;stress_exploratory_then_useful;stress;1;Q1_noise_region;False;;False;0;0;0;0.0;0.003;;0;0;35
baseline_random_matched;stress_exploratory_then_useful;stress;2;Q2_noise_margin_all;False;;False;0;0;0;0.0;0.0006;;0;0;35
baseline_random_matched;stress_exploratory_then_useful;stress;3;Q3_useful_margin;True;c1;False;0;1;0;0.0;0.0005;;0;0;35
mcad;happy_guided_article_short;happy;1;Q1_margin_month;True;c1;True;0;0;0;0.333333;0.2818;True;1;1;36
mcad;happy_guided_article_short;happy;2;Q2_stockout_store;True;c2;True;0;0;0;0.666667;0.2446;True;1;1;36
mcad;happy_guided_article_short;happy;3;Q3_sales_growth;True;c3;True;0;0;0;1.0;0.3433;True;2;1;36
baseline_naive;happy_guided_article_short;happy;1;Q1_margin_month;True;c1;True;0;0;0;0.333333;0.0009;;0;0;36
baseline_naive;happy_guided_article_short;happy;2;Q2_stockout_store;True;c2;True;0;0;0;0.666667;0.0005;;0;0;36
baseline_naive;happy_guided_article_short;happy;3;Q3_sales_growth;True;c3;True;0;0;0;1.0;0.0004;;0;0;36
baseline_measure_overlap;happy_guided_article_short;happy;1;Q1_margin_month;True;c1;True;0;0;0;0.333333;0.0192;;0;0;36
baseline_measure_overlap;happy_guided_article_short;happy;2;Q2_stockout_store;True;c2;True;0;0;0;0.666667;0.0093;;0;0;36
baseline_measure_overlap;happy_guided_article_short;happy;3;Q3_sales_growth;True;c3;True;0;0;0;1.0;0.0083;;0;0;36
ablation_no_sat;happy_guided_article_short;happy;1;Q1_margin_month;True;c1;True;0;0;0;0.333333;0.2958;True;1;1;36
ablation_no_sat;happy_guided_article_short;happy;2;Q2_stockout_store;True;c2;True;0;0;0;0.666667;0.2571;True;1;1;36
ablation_no_sat;happy_guided_article_short;happy;3;Q3_sales_growth;True;c3;True;0;0;0;1.0;0.333;True;2;1;36
ablation_no_real;happy_guided_article_short;happy;1;Q1_margin_month;True;c1;True;0;0;0;0.333333;0.2992;True;1;1;36
ablation_no_real;happy_guided_article_short;happy;2;Q2_stockout_store;True;c2;True;0;0;0;0.666667;0.2511;True;1;1;36
ablation_no_real;happy_guided_article_short;happy;3;Q3_sales_growth;True;c3;True;0;0;0;1.0;0.3303;True;2;1;36
ablation_ceval_any_intersection;happy_guided_article_short;happy;1;Q1_margin_month;True;c1;True;0;0;0;0.333333;0.2892;True;1;1;36
ablation_ceval_any_intersection;happy_guided_article_short;happy;2;Q2_stockout_store;True;c2;True;0;0;0;0.666667;0.2443;True;1;1;36
ablation_ceval_any_intersection;happy_guided_article_short;happy;3;Q3_sales_growth;True;c3;True;0;0;0;1.0;0.3232;True;2;1;36
baseline_random_matched;happy_guided_article_short;happy;1;Q1_margin_month;True;c1;False;0;1;0;0.0;0.003;;0;0;36
baseline_random_matched;happy_guided_article_short;happy;2;Q2_stockout_store;True;c2;True;0;0;0;0.333333;0.0006;;0;0;36
baseline_random_matched;happy_guided_article_short;happy;3;Q3_sales_growth;True;c3;False;0;1;0;0.333333;0.0004;;0;0;36
mcad;happy_guided_reordered;happy;1;Q1_sales_growth;True;c3;True;0;0;0;0.333333;0.5297;True;2;1;36
mcad;happy_guided_reordered;happy;2;Q2_margin_month;True;c1;True;0;0;0;0.666667;0.2474;True;1;1;36
mcad;happy_guided_reordered;happy;3;Q3_stockout_store;True;c2;True;0;0;0;1.0;0.2392;True;1;1;36
baseline_naive;happy_guided_reordered;happy;1;Q1_sales_growth;True;c3;True;0;0;0;0.333333;0.0011;;0;0;36
baseline_naive;happy_guided_reordered;happy;2;Q2_margin_month;True;c1;True;0;0;0;0.666667;0.0005;;0;0;36
baseline_naive;happy_guided_reordered;happy;3;Q3_stockout_store;True;c2;True;0;0;0;1.0;0.0004;;0;0;36
baseline_measure_overlap;happy_guided_reordered;happy;1;Q1_sales_growth;True;c3;True;0;0;0;0.333333;0.0145;;0;0;36
baseline_measure_overlap;happy_guided_reordered;happy;2;Q2_margin_month;True;c1;True;0;0;0;0.666667;0.005;;0;0;36
baseline_measure_overlap;happy_guided_reordered;happy;3;Q3_stockout_store;True;c2;True;0;0;0;1.0;0.0043;;0;0;36
ablation_no_sat;happy_guided_reordered;happy;1;Q1_sales_growth;True;c3;True;0;0;0;0.333333;0.3719;True;2;1;36
ablation_no_sat;happy_guided_reordered;happy;2;Q2_margin_month;True;c1;True;0;0;0;0.666667;0.2574;True;1;1;36
ablation_no_sat;happy_guided_reordered;happy;3;Q3_stockout_store;True;c2;True;0;0;0;1.0;0.2396;True;1;1;36
ablation_no_real;happy_guided_reordered;happy;1;Q1_sales_growth;True;c3;True;0;0;0;0.333333;0.3712;True;2;1;36
ablation_no_real;happy_guided_reordered;happy;2;Q2_margin_month;True;c1;True;0;0;0;0.666667;0.251;True;1;1;36
ablation_no_real;happy_guided_reordered;happy;3;Q3_stockout_store;True;c2;True;0;0;0;1.0;0.2437;True;1;1;36
ablation_ceval_any_intersection;happy_guided_reordered;happy;1;Q1_sales_growth;True;c3;True;0;0;0;0.333333;0.3725;True;2;1;36
ablation_ceval_any_intersection;happy_guided_reordered;happy;2;Q2_margin_month;True;c1;True;0;0;0;0.666667;0.241;True;1;1;36
ablation_ceval_any_intersection;happy_guided_reordered;happy;3;Q3_stockout_store;True;c2;True;0;0;0;1.0;0.2365;True;1;1;36
baseline_random_matched;happy_guided_reordered;happy;1;Q1_sales_growth;True;c3;True;0;0;0;0.333333;0.0029;;0;0;36
baseline_random_matched;happy_guided_reordered;happy;2;Q2_margin_month;True;c1;False;0;1;0;0.333333;0.0007;;0;0;36
baseline_random_matched;happy_guided_reordered;happy;3;Q3_stockout_store;True;c2;True;0;0;0;0.666667;0.0005;;0;0;36
mcad;happy_guided_compact;happy;1;Q1_margin_month;True;c1;True;0;0;0;0.333333;0.7344;True;1;1;36
mcad;happy_guided_compact;happy;2;Q2_sales_growth;True;c3;True;0;0;0;0.666667;0.6815;True;2;1;36
mcad;happy_guided_compact;happy;3;Q3_stockout_store;True;c2;True;0;0;0;1.0;0.5013;True;1;1;36
baseline_naive;happy_guided_compact;happy;1;Q1_margin_month;True;c1;True;0;0;0;0.333333;0.001;;0;0;36
baseline_naive;happy_guided_compact;happy;2;Q2_sales_growth;True;c3;True;0;0;0;0.666667;0.0005;;0;0;36
baseline_naive;happy_guided_compact;happy;3;Q3_stockout_store;True;c2;True;0;0;0;1.0;0.0004;;0;0;36
baseline_measure_overlap;happy_guided_compact;happy;1;Q1_margin_month;True;c1;True;0;0;0;0.333333;0.016;;0;0;36
baseline_measure_overlap;happy_guided_compact;happy;2;Q2_sales_growth;True;c3;True;0;0;0;0.666667;0.0053;;0;0;36
baseline_measure_overlap;happy_guided_compact;happy;3;Q3_stockout_store;True;c2;True;0;0;0;1.0;0.0046;;0;0;36
ablation_no_sat;happy_guided_compact;happy;1;Q1_margin_month;True;c1;True;0;0;0;0.333333;0.287;True;1;1;36
ablation_no_sat;happy_guided_compact;happy;2;Q2_sales_growth;True;c3;True;0;0;0;0.666667;0.3358;True;2;1;36
ablation_no_sat;happy_guided_compact;happy;3;Q3_stockout_store;True;c2;True;0;0;0;1.0;0.2413;True;1;1;36
ablation_no_real;happy_guided_compact;happy;1;Q1_margin_month;True;c1;True;0;0;0;0.333333;0.2844;True;1;1;36
ablation_no_real;happy_guided_compact;happy;2;Q2_sales_growth;True;c3;True;0;0;0;0.666667;0.3466;True;2;1;36
ablation_no_real;happy_guided_compact;happy;3;Q3_stockout_store;True;c2;True;0;0;0;1.0;0.2465;True;1;1;36
ablation_ceval_any_intersection;happy_guided_compact;happy;1;Q1_margin_month;True;c1;True;0;0;0;0.333333;0.2752;True;1;1;36
ablation_ceval_any_intersection;happy_guided_compact;happy;2;Q2_sales_growth;True;c3;True;0;0;0;0.666667;0.3467;True;2;1;36
ablation_ceval_any_intersection;happy_guided_compact;happy;3;Q3_stockout_store;True;c2;True;0;0;0;1.0;0.2385;True;1;1;36
baseline_random_matched;happy_guided_compact;happy;1;Q1_margin_month;True;c1;True;0;0;0;0.333333;0.0029;;0;0;36
baseline_random_matched;happy_guided_compact;happy;2;Q2_sales_growth;True;c3;False;0;1;0;0.333333;0.0007;;0;0;36
baseline_random_matched;happy_guided_compact;happy;3;Q3_stockout_store;True;c2;False;0;1;0;0.333333;0.0005;;0;0;36
mcad;border_growth_partial_1998_only;border;1;Q1_sales_1998_only;False;;False;0;0;0;0.0;0.63;True;1;0;36
baseline_naive;border_growth_partial_1998_only;border;1;Q1_sales_1998_only;False;;True;1;0;1;0.0;0.001;;0;0;36
baseline_measure_overlap;border_growth_partial_1998_only;border;1;Q1_sales_1998_only;False;;True;1;0;1;0.0;0.013;;0;0;36
ablation_no_sat;border_growth_partial_1998_only;border;1;Q1_sales_1998_only;False;;False;0;0;0;0.0;0.3473;True;1;0;36
ablation_no_real;border_growth_partial_1998_only;border;1;Q1_sales_1998_only;False;;True;1;0;1;0.0;0.3485;True;1;0;36
ablation_ceval_any_intersection;border_growth_partial_1998_only;border;1;Q1_sales_1998_only;False;;True;1;0;1;0.0;0.3341;True;1;1;36
baseline_random_matched;border_growth_partial_1998_only;border;1;Q1_sales_1998_only;False;;True;1;0;1;0.0;0.0028;;0;0;36
mcad;border_margin_wrong_grain;border;1;Q1_margin_quarter_only;False;;False;0;0;0;0.0;0.2043;False;0;0;36
baseline_naive;border_margin_wrong_grain;border;1;Q1_margin_quarter_only;False;;True;1;0;1;0.0;0.0009;;0;0;36
baseline_measure_overlap;border_margin_wrong_grain;border;1;Q1_margin_quarter_only;False;;True;1;0;1;0.0;0.0134;;0;0;36
ablation_no_sat;border_margin_wrong_grain;border;1;Q1_margin_quarter_only;False;;False;0;0;0;0.0;0.2704;False;0;0;36
ablation_no_real;border_margin_wrong_grain;border;1;Q1_margin_quarter_only;False;;False;0;0;0;0.0;0.2028;False;0;0;36
ablation_ceval_any_intersection;border_margin_wrong_grain;border;1;Q1_margin_quarter_only;False;;False;0;0;0;0.0;0.2093;False;0;0;36
baseline_random_matched;border_margin_wrong_grain;border;1;Q1_margin_quarter_only;False;;True;1;0;1;0.0;0.0028;;0;0;36
mcad;border_stockout_missing_store;border;1;Q1_stockout_category_only;False;;False;0;0;0;0.0;0.2028;False;0;0;36
baseline_naive;border_stockout_missing_store;border;1;Q1_stockout_category_only;False;;True;1;0;1;0.0;0.001;;0;0;36
baseline_measure_overlap;border_stockout_missing_store;border;1;Q1_stockout_category_only;False;;True;1;0;1;0.0;0.0134;;0;0;36
ablation_no_sat;border_stockout_missing_store;border;1;Q1_stockout_category_only;False;;False;0;0;0;0.0;0.2548;False;0;0;36
ablation_no_real;border_stockout_missing_store;border;1;Q1_stockout_category_only;False;;False;0;0;0;0.0;0.2017;False;0;0;36
ablation_ceval_any_intersection;border_stockout_missing_store;border;1;Q1_stockout_category_only;False;;False;0;0;0;0.0;0.1903;False;0;0;36
baseline_random_matched;border_stockout_missing_store;border;1;Q1_stockout_category_only;False;;False;0;0;0;0.0;0.0032;;0;0;36
mcad;adversarial_wrong_region;adversarial;1;Q1_margin_south;False;;False;0;0;0;0.0;0.1779;False;0;0;36
baseline_naive;adversarial_wrong_region;adversarial;1;Q1_margin_south;False;;True;1;0;1;0.0;0.0013;;0;0;36
baseline_measure_overlap;adversarial_wrong_region;adversarial;1;Q1_margin_south;False;;True;1;0;1;0.0;0.0137;;0;0;36
ablation_no_sat;adversarial_wrong_region;adversarial;1;Q1_margin_south;False;;False;0;0;0;0.0;0.2413;False;0;0;36
ablation_no_real;adversarial_wrong_region;adversarial;1;Q1_margin_south;False;;False;0;0;0;0.0;0.1761;False;0;0;36
ablation_ceval_any_intersection;adversarial_wrong_region;adversarial;1;Q1_margin_south;False;;False;0;0;0;0.0;0.1692;False;0;0;36
baseline_random_matched;adversarial_wrong_region;adversarial;1;Q1_margin_south;False;;True;1;0;1;0.0;0.0032;;0;0;36
mcad;adversarial_wrong_year;adversarial;1;Q1_stockout_1997;False;;False;0;0;0;0.0;0.1672;False;0;0;36
baseline_naive;adversarial_wrong_year;adversarial;1;Q1_stockout_1997;False;;True;1;0;1;0.0;0.0009;;0;0;36
baseline_measure_overlap;adversarial_wrong_year;adversarial;1;Q1_stockout_1997;False;;True;1;0;1;0.0;0.0134;;0;0;36
ablation_no_sat;adversarial_wrong_year;adversarial;1;Q1_stockout_1997;False;;False;0;0;0;0.0;0.1893;False;0;0;36
ablation_no_real;adversarial_wrong_year;adversarial;1;Q1_stockout_1997;False;;False;0;0;0;0.0;0.1709;False;0;0;36
ablation_ceval_any_intersection;adversarial_wrong_year;adversarial;1;Q1_stockout_1997;False;;False;0;0;0;0.0;0.1614;False;0;0;36
baseline_random_matched;adversarial_wrong_year;adversarial;1;Q1_stockout_1997;False;;False;0;0;0;0.0;0.0028;;0;0;36
mcad;adversarial_invalid_no_measures;adversarial;1;Q1_invalid_no_measure;False;;False;0;0;0;0.0;0.0742;False;0;0;36
baseline_naive;adversarial_invalid_no_measures;adversarial;1;Q1_invalid_no_measure;False;;True;1;0;1;0.0;0.001;;0;0;36
baseline_measure_overlap;adversarial_invalid_no_measures;adversarial;1;Q1_invalid_no_measure;False;;False;0;0;0;0.0;0.02;;0;0;36
ablation_no_sat;adversarial_invalid_no_measures;adversarial;1;Q1_invalid_no_measure;False;;False;0;0;0;0.0;0.1044;False;0;0;36
ablation_no_real;adversarial_invalid_no_measures;adversarial;1;Q1_invalid_no_measure;False;;False;0;0;0;0.0;0.0938;False;0;0;36
ablation_ceval_any_intersection;adversarial_invalid_no_measures;adversarial;1;Q1_invalid_no_measure;False;;False;0;0;0;0.0;0.0757;False;0;0;36
baseline_random_matched;adversarial_invalid_no_measures;adversarial;1;Q1_invalid_no_measure;False;;False;0;0;0;0.0;0.0032;;0;0;36
mcad;stress_exploratory_then_useful;stress;1;Q1_noise_region;False;;False;0;0;0;0.0;0.2003;False;0;0;36
mcad;stress_exploratory_then_useful;stress;2;Q2_noise_margin_all;False;;False;0;0;0;0.0;0.1564;False;0;0;36
mcad;stress_exploratory_then_useful;stress;3;Q3_useful_margin;True;c1;True;0;0;0;0.333333;0.2801;True;1;1;36
baseline_naive;stress_exploratory_then_useful;stress;1;Q1_noise_region;False;;True;1;0;1;0.0;0.0014;;0;0;36
baseline_naive;stress_exploratory_then_useful;stress;2;Q2_noise_margin_all;False;;True;1;0;1;0.0;0.0007;;0;0;36
baseline_naive;stress_exploratory_then_useful;stress;3;Q3_useful_margin;True;c1;True;0;0;0;0.333333;0.0006;;0;0;36
baseline_measure_overlap;stress_exploratory_then_useful;stress;1;Q1_noise_region;False;;True;1;0;1;0.0;0.0213;;0;0;36
baseline_measure_overlap;stress_exploratory_then_useful;stress;2;Q2_noise_margin_all;False;;True;1;0;1;0.0;0.0098;;0;0;36
baseline_measure_overlap;stress_exploratory_then_useful;stress;3;Q3_useful_margin;True;c1;True;0;0;0;0.333333;0.0077;;0;0;36
ablation_no_sat;stress_exploratory_then_useful;stress;1;Q1_noise_region;False;;False;0;0;0;0.0;0.4435;False;0;0;36
ablation_no_sat;stress_exploratory_then_useful;stress;2;Q2_noise_margin_all;False;;False;0;0;0;0.0;0.352;False;0;0;36
ablation_no_sat;stress_exploratory_then_useful;stress;3;Q3_useful_margin;True;c1;True;0;0;0;0.333333;0.5213;True;1;1;36
ablation_no_real;stress_exploratory_then_useful;stress;1;Q1_noise_region;False;;False;0;0;0;0.0;0.3716;False;0;0;36
ablation_no_real;stress_exploratory_then_useful;stress;2;Q2_noise_margin_all;False;;False;0;0;0;0.0;0.2678;False;0;0;36
ablation_no_real;stress_exploratory_then_useful;stress;3;Q3_useful_margin;True;c1;True;0;0;0;0.333333;0.4684;True;1;1;36
ablation_ceval_any_intersection;stress_exploratory_then_useful;stress;1;Q1_noise_region;False;;False;0;0;0;0.0;0.3659;False;0;0;36
ablation_ceval_any_intersection;stress_exploratory_then_useful;stress;2;Q2_noise_margin_all;False;;False;0;0;0;0.0;0.2766;False;0;0;36
ablation_ceval_any_intersection;stress_exploratory_then_useful;stress;3;Q3_useful_margin;True;c1;True;0;0;0;0.333333;0.5091;True;1;1;36
baseline_random_matched;stress_exploratory_then_useful;stress;1;Q1_noise_region;False;;True;1;0;1;0.0;0.0041;;0;0;36
baseline_random_matched;stress_exploratory_then_useful;stress;2;Q2_noise_margin_all;False;;False;0;0;0;0.0;0.001;;0;0;36
baseline_random_matched;stress_exploratory_then_useful;stress;3;Q3_useful_margin;True;c1;True;0;0;0;0.333333;0.0006;;0;0;36
mcad;happy_guided_article_short;happy;1;Q1_margin_month;True;c1;True;0;0;0;0.333333;0.2842;True;1;1;37
mcad;happy_guided_article_short;happy;2;Q2_stockout_store;True;c2;True;0;0;0;0.666667;0.2459;True;1;1;37
mcad;happy_guided_article_short;happy;3;Q3_sales_growth;True;c3;True;0;0;0;1.0;0.3574;True;2;1;37
baseline_naive;happy_guided_article_short;happy;1;Q1_margin_month;True;c1;True;0;0;0;0.333333;0.0011;;0;0;37
baseline_naive;happy_guided_article_short;happy;2;Q2_stockout_store;True;c2;True;0;0;0;0.666667;0.0004;;0;0;37
baseline_naive;happy_guided_article_short;happy;3;Q3_sales_growth;True;c3;True;0;0;0;1.0;0.0004;;0;0;37
baseline_measure_overlap;happy_guided_article_short;happy;1;Q1_margin_month;True;c1;True;0;0;0;0.333333;0.014;;0;0;37
baseline_measure_overlap;happy_guided_article_short;happy;2;Q2_stockout_store;True;c2;True;0;0;0;0.666667;0.0058;;0;0;37
baseline_measure_overlap;happy_guided_article_short;happy;3;Q3_sales_growth;True;c3;True;0;0;0;1.0;0.0044;;0;0;37
ablation_no_sat;happy_guided_article_short;happy;1;Q1_margin_month;True;c1;True;0;0;0;0.333333;0.2785;True;1;1;37
ablation_no_sat;happy_guided_article_short;happy;2;Q2_stockout_store;True;c2;True;0;0;0;0.666667;0.2614;True;1;1;37
ablation_no_sat;happy_guided_article_short;happy;3;Q3_sales_growth;True;c3;True;0;0;0;1.0;0.3326;True;2;1;37
ablation_no_real;happy_guided_article_short;happy;1;Q1_margin_month;True;c1;True;0;0;0;0.333333;0.2883;True;1;1;37
ablation_no_real;happy_guided_article_short;happy;2;Q2_stockout_store;True;c2;True;0;0;0;0.666667;0.2544;True;1;1;37
ablation_no_real;happy_guided_article_short;happy;3;Q3_sales_growth;True;c3;True;0;0;0;1.0;0.3523;True;2;1;37
ablation_ceval_any_intersection;happy_guided_article_short;happy;1;Q1_margin_month;True;c1;True;0;0;0;0.333333;0.2861;True;1;1;37
ablation_ceval_any_intersection;happy_guided_article_short;happy;2;Q2_stockout_store;True;c2;True;0;0;0;0.666667;0.2427;True;1;1;37
ablation_ceval_any_intersection;happy_guided_article_short;happy;3;Q3_sales_growth;True;c3;True;0;0;0;1.0;0.3462;True;2;1;37
baseline_random_matched;happy_guided_article_short;happy;1;Q1_margin_month;True;c1;False;0;1;0;0.0;0.004;;0;0;37
baseline_random_matched;happy_guided_article_short;happy;2;Q2_stockout_store;True;c2;False;0;1;0;0.0;0.0008;;0;0;37
baseline_random_matched;happy_guided_article_short;happy;3;Q3_sales_growth;True;c3;True;0;0;0;0.333333;0.0007;;0;0;37
mcad;happy_guided_reordered;happy;1;Q1_sales_growth;True;c3;True;0;0;0;0.333333;0.433;True;2;1;37
mcad;happy_guided_reordered;happy;2;Q2_margin_month;True;c1;True;0;0;0;0.666667;0.2533;True;1;1;37
mcad;happy_guided_reordered;happy;3;Q3_stockout_store;True;c2;True;0;0;0;1.0;0.2453;True;1;1;37
baseline_naive;happy_guided_reordered;happy;1;Q1_sales_growth;True;c3;True;0;0;0;0.333333;0.0012;;0;0;37
baseline_naive;happy_guided_reordered;happy;2;Q2_margin_month;True;c1;True;0;0;0;0.666667;0.0004;;0;0;37
baseline_naive;happy_guided_reordered;happy;3;Q3_stockout_store;True;c2;True;0;0;0;1.0;0.0003;;0;0;37
baseline_measure_overlap;happy_guided_reordered;happy;1;Q1_sales_growth;True;c3;True;0;0;0;0.333333;0.0149;;0;0;37
baseline_measure_overlap;happy_guided_reordered;happy;2;Q2_margin_month;True;c1;True;0;0;0;0.666667;0.0054;;0;0;37
baseline_measure_overlap;happy_guided_reordered;happy;3;Q3_stockout_store;True;c2;True;0;0;0;1.0;0.0045;;0;0;37
ablation_no_sat;happy_guided_reordered;happy;1;Q1_sales_growth;True;c3;True;0;0;0;0.333333;0.6841;True;2;1;37
ablation_no_sat;happy_guided_reordered;happy;2;Q2_margin_month;True;c1;True;0;0;0;0.666667;0.4689;True;1;1;37
ablation_no_sat;happy_guided_reordered;happy;3;Q3_stockout_store;True;c2;True;0;0;0;1.0;0.4773;True;1;1;37
ablation_no_real;happy_guided_reordered;happy;1;Q1_sales_growth;True;c3;True;0;0;0;0.333333;0.3938;True;2;1;37
ablation_no_real;happy_guided_reordered;happy;2;Q2_margin_month;True;c1;True;0;0;0;0.666667;0.2559;True;1;1;37
ablation_no_real;happy_guided_reordered;happy;3;Q3_stockout_store;True;c2;True;0;0;0;1.0;0.2495;True;1;1;37
ablation_ceval_any_intersection;happy_guided_reordered;happy;1;Q1_sales_growth;True;c3;True;0;0;0;0.333333;0.3753;True;2;1;37
ablation_ceval_any_intersection;happy_guided_reordered;happy;2;Q2_margin_month;True;c1;True;0;0;0;0.666667;0.2482;True;1;1;37
ablation_ceval_any_intersection;happy_guided_reordered;happy;3;Q3_stockout_store;True;c2;True;0;0;0;1.0;0.2383;True;1;1;37
baseline_random_matched;happy_guided_reordered;happy;1;Q1_sales_growth;True;c3;True;0;0;0;0.333333;0.0031;;0;0;37
baseline_random_matched;happy_guided_reordered;happy;2;Q2_margin_month;True;c1;True;0;0;0;0.666667;0.0006;;0;0;37
baseline_random_matched;happy_guided_reordered;happy;3;Q3_stockout_store;True;c2;True;0;0;0;1.0;0.0004;;0;0;37
mcad;happy_guided_compact;happy;1;Q1_margin_month;True;c1;True;0;0;0;0.333333;0.4975;True;1;1;37
mcad;happy_guided_compact;happy;2;Q2_sales_growth;True;c3;True;0;0;0;0.666667;0.6173;True;2;1;37
mcad;happy_guided_compact;happy;3;Q3_stockout_store;True;c2;True;0;0;0;1.0;0.4702;True;1;1;37
baseline_naive;happy_guided_compact;happy;1;Q1_margin_month;True;c1;True;0;0;0;0.333333;0.0012;;0;0;37
baseline_naive;happy_guided_compact;happy;2;Q2_sales_growth;True;c3;True;0;0;0;0.666667;0.0004;;0;0;37
baseline_naive;happy_guided_compact;happy;3;Q3_stockout_store;True;c2;True;0;0;0;1.0;0.0003;;0;0;37
baseline_measure_overlap;happy_guided_compact;happy;1;Q1_margin_month;True;c1;True;0;0;0;0.333333;0.0163;;0;0;37
baseline_measure_overlap;happy_guided_compact;happy;2;Q2_sales_growth;True;c3;True;0;0;0;0.666667;0.0056;;0;0;37
baseline_measure_overlap;happy_guided_compact;happy;3;Q3_stockout_store;True;c2;True;0;0;0;1.0;0.0043;;0;0;37
ablation_no_sat;happy_guided_compact;happy;1;Q1_margin_month;True;c1;True;0;0;0;0.333333;0.5387;True;1;1;37
ablation_no_sat;happy_guided_compact;happy;2;Q2_sales_growth;True;c3;True;0;0;0;0.666667;0.622;True;2;1;37
ablation_no_sat;happy_guided_compact;happy;3;Q3_stockout_store;True;c2;True;0;0;0;1.0;0.4864;True;1;1;37
ablation_no_real;happy_guided_compact;happy;1;Q1_margin_month;True;c1;True;0;0;0;0.333333;0.2959;True;1;1;37
ablation_no_real;happy_guided_compact;happy;2;Q2_sales_growth;True;c3;True;0;0;0;0.666667;0.3447;True;2;1;37
ablation_no_real;happy_guided_compact;happy;3;Q3_stockout_store;True;c2;True;0;0;0;1.0;0.2615;True;1;1;37
ablation_ceval_any_intersection;happy_guided_compact;happy;1;Q1_margin_month;True;c1;True;0;0;0;0.333333;0.2888;True;1;1;37
ablation_ceval_any_intersection;happy_guided_compact;happy;2;Q2_sales_growth;True;c3;True;0;0;0;0.666667;0.3696;True;2;1;37
ablation_ceval_any_intersection;happy_guided_compact;happy;3;Q3_stockout_store;True;c2;True;0;0;0;1.0;0.2444;True;1;1;37
baseline_random_matched;happy_guided_compact;happy;1;Q1_margin_month;True;c1;False;0;1;0;0.0;0.0029;;0;0;37
baseline_random_matched;happy_guided_compact;happy;2;Q2_sales_growth;True;c3;True;0;0;0;0.333333;0.0006;;0;0;37
baseline_random_matched;happy_guided_compact;happy;3;Q3_stockout_store;True;c2;False;0;1;0;0.333333;0.0004;;0;0;37
mcad;border_growth_partial_1998_only;border;1;Q1_sales_1998_only;False;;False;0;0;0;0.0;0.341;True;1;0;37
baseline_naive;border_growth_partial_1998_only;border;1;Q1_sales_1998_only;False;;True;1;0;1;0.0;0.001;;0;0;37
baseline_measure_overlap;border_growth_partial_1998_only;border;1;Q1_sales_1998_only;False;;True;1;0;1;0.0;0.0142;;0;0;37
ablation_no_sat;border_growth_partial_1998_only;border;1;Q1_sales_1998_only;False;;False;0;0;0;0.0;0.6449;True;1;0;37
ablation_no_real;border_growth_partial_1998_only;border;1;Q1_sales_1998_only;False;;True;1;0;1;0.0;0.3971;True;1;0;37
ablation_ceval_any_intersection;border_growth_partial_1998_only;border;1;Q1_sales_1998_only;False;;True;1;0;1;0.0;0.3539;True;1;1;37
baseline_random_matched;border_growth_partial_1998_only;border;1;Q1_sales_1998_only;False;;True;1;0;1;0.0;0.0032;;0;0;37
mcad;border_margin_wrong_grain;border;1;Q1_margin_quarter_only;False;;False;0;0;0;0.0;0.2019;False;0;0;37
baseline_naive;border_margin_wrong_grain;border;1;Q1_margin_quarter_only;False;;True;1;0;1;0.0;0.0014;;0;0;37
baseline_measure_overlap;border_margin_wrong_grain;border;1;Q1_margin_quarter_only;False;;True;1;0;1;0.0;0.0148;;0;0;37
ablation_no_sat;border_margin_wrong_grain;border;1;Q1_margin_quarter_only;False;;False;0;0;0;0.0;0.271;False;0;0;37
ablation_no_real;border_margin_wrong_grain;border;1;Q1_margin_quarter_only;False;;False;0;0;0;0.0;0.2065;False;0;0;37
ablation_ceval_any_intersection;border_margin_wrong_grain;border;1;Q1_margin_quarter_only;False;;False;0;0;0;0.0;0.1964;False;0;0;37
baseline_random_matched;border_margin_wrong_grain;border;1;Q1_margin_quarter_only;False;;False;0;0;0;0.0;0.0033;;0;0;37
mcad;border_stockout_missing_store;border;1;Q1_stockout_category_only;False;;False;0;0;0;0.0;0.1948;False;0;0;37
baseline_naive;border_stockout_missing_store;border;1;Q1_stockout_category_only;False;;True;1;0;1;0.0;0.0014;;0;0;37
baseline_measure_overlap;border_stockout_missing_store;border;1;Q1_stockout_category_only;False;;True;1;0;1;0.0;0.0144;;0;0;37
ablation_no_sat;border_stockout_missing_store;border;1;Q1_stockout_category_only;False;;False;0;0;0;0.0;0.2599;False;0;0;37
ablation_no_real;border_stockout_missing_store;border;1;Q1_stockout_category_only;False;;False;0;0;0;0.0;0.2035;False;0;0;37
ablation_ceval_any_intersection;border_stockout_missing_store;border;1;Q1_stockout_category_only;False;;False;0;0;0;0.0;0.1937;False;0;0;37
baseline_random_matched;border_stockout_missing_store;border;1;Q1_stockout_category_only;False;;True;1;0;1;0.0;0.0029;;0;0;37
mcad;adversarial_wrong_region;adversarial;1;Q1_margin_south;False;;False;0;0;0;0.0;0.1697;False;0;0;37
baseline_naive;adversarial_wrong_region;adversarial;1;Q1_margin_south;False;;True;1;0;1;0.0;0.0009;;0;0;37
baseline_measure_overlap;adversarial_wrong_region;adversarial;1;Q1_margin_south;False;;True;1;0;1;0.0;0.0207;;0;0;37
ablation_no_sat;adversarial_wrong_region;adversarial;1;Q1_margin_south;False;;False;0;0;0;0.0;0.2093;False;0;0;37
ablation_no_real;adversarial_wrong_region;adversarial;1;Q1_margin_south;False;;False;0;0;0;0.0;0.1745;False;0;0;37
ablation_ceval_any_intersection;adversarial_wrong_region;adversarial;1;Q1_margin_south;False;;False;0;0;0;0.0;0.1683;False;0;0;37
baseline_random_matched;adversarial_wrong_region;adversarial;1;Q1_margin_south;False;;True;1;0;1;0.0;0.0027;;0;0;37
mcad;adversarial_wrong_year;adversarial;1;Q1_stockout_1997;False;;False;0;0;0;0.0;0.1657;False;0;0;37
baseline_naive;adversarial_wrong_year;adversarial;1;Q1_stockout_1997;False;;True;1;0;1;0.0;0.001;;0;0;37
baseline_measure_overlap;adversarial_wrong_year;adversarial;1;Q1_stockout_1997;False;;True;1;0;1;0.0;0.0131;;0;0;37
ablation_no_sat;adversarial_wrong_year;adversarial;1;Q1_stockout_1997;False;;False;0;0;0;0.0;0.1935;False;0;0;37
ablation_no_real;adversarial_wrong_year;adversarial;1;Q1_stockout_1997;False;;False;0;0;0;0.0;0.1694;False;0;0;37
ablation_ceval_any_intersection;adversarial_wrong_year;adversarial;1;Q1_stockout_1997;False;;False;0;0;0;0.0;0.1624;False;0;0;37
baseline_random_matched;adversarial_wrong_year;adversarial;1;Q1_stockout_1997;False;;True;1;0;1;0.0;0.0027;;0;0;37
mcad;adversarial_invalid_no_measures;adversarial;1;Q1_invalid_no_measure;False;;False;0;0;0;0.0;0.072;False;0;0;37
baseline_naive;adversarial_invalid_no_measures;adversarial;1;Q1_invalid_no_measure;False;;True;1;0;1;0.0;0.0009;;0;0;37
baseline_measure_overlap;adversarial_invalid_no_measures;adversarial;1;Q1_invalid_no_measure;False;;False;0;0;0;0.0;0.0125;;0;0;37
ablation_no_sat;adversarial_invalid_no_measures;adversarial;1;Q1_invalid_no_measure;False;;False;0;0;0;0.0;0.1375;False;0;0;37
ablation_no_real;adversarial_invalid_no_measures;adversarial;1;Q1_invalid_no_measure;False;;False;0;0;0;0.0;0.0822;False;0;0;37
ablation_ceval_any_intersection;adversarial_invalid_no_measures;adversarial;1;Q1_invalid_no_measure;False;;False;0;0;0;0.0;0.0734;False;0;0;37
baseline_random_matched;adversarial_invalid_no_measures;adversarial;1;Q1_invalid_no_measure;False;;True;1;0;1;0.0;0.0032;;0;0;37
mcad;stress_exploratory_then_useful;stress;1;Q1_noise_region;False;;False;0;0;0;0.0;0.1999;False;0;0;37
mcad;stress_exploratory_then_useful;stress;2;Q2_noise_margin_all;False;;False;0;0;0;0.0;0.1442;False;0;0;37
mcad;stress_exploratory_then_useful;stress;3;Q3_useful_margin;True;c1;True;0;0;0;0.333333;0.2513;True;1;1;37
baseline_naive;stress_exploratory_then_useful;stress;1;Q1_noise_region;False;;True;1;0;1;0.0;0.0013;;0;0;37
baseline_naive;stress_exploratory_then_useful;stress;2;Q2_noise_margin_all;False;;True;1;0;1;0.0;0.0006;;0;0;37
baseline_naive;stress_exploratory_then_useful;stress;3;Q3_useful_margin;True;c1;True;0;0;0;0.333333;0.0005;;0;0;37
baseline_measure_overlap;stress_exploratory_then_useful;stress;1;Q1_noise_region;False;;True;1;0;1;0.0;0.0225;;0;0;37
baseline_measure_overlap;stress_exploratory_then_useful;stress;2;Q2_noise_margin_all;False;;True;1;0;1;0.0;0.0095;;0;0;37
baseline_measure_overlap;stress_exploratory_then_useful;stress;3;Q3_useful_margin;True;c1;True;0;0;0;0.333333;0.0077;;0;0;37
ablation_no_sat;stress_exploratory_then_useful;stress;1;Q1_noise_region;False;;False;0;0;0;0.0;0.7531;False;0;0;37
ablation_no_sat;stress_exploratory_then_useful;stress;2;Q2_noise_margin_all;False;;False;0;0;0;0.0;0.3119;False;0;0;37
ablation_no_sat;stress_exploratory_then_useful;stress;3;Q3_useful_margin;True;c1;True;0;0;0;0.333333;0.4716;True;1;1;37
ablation_no_real;stress_exploratory_then_useful;stress;1;Q1_noise_region;False;;False;0;0;0;0.0;0.4931;False;0;0;37
ablation_no_real;stress_exploratory_then_useful;stress;2;Q2_noise_margin_all;False;;False;0;0;0;0.0;0.3493;False;0;0;37
ablation_no_real;stress_exploratory_then_useful;stress;3;Q3_useful_margin;True;c1;True;0;0;0;0.333333;0.5374;True;1;1;37
ablation_ceval_any_intersection;stress_exploratory_then_useful;stress;1;Q1_noise_region;False;;False;0;0;0;0.0;0.4165;False;0;0;37
ablation_ceval_any_intersection;stress_exploratory_then_useful;stress;2;Q2_noise_margin_all;False;;False;0;0;0;0.0;0.305;False;0;0;37
ablation_ceval_any_intersection;stress_exploratory_then_useful;stress;3;Q3_useful_margin;True;c1;True;0;0;0;0.333333;0.5731;True;1;1;37
baseline_random_matched;stress_exploratory_then_useful;stress;1;Q1_noise_region;False;;False;0;0;0;0.0;0.0055;;0;0;37
baseline_random_matched;stress_exploratory_then_useful;stress;2;Q2_noise_margin_all;False;;True;1;0;1;0.0;0.0011;;0;0;37
baseline_random_matched;stress_exploratory_then_useful;stress;3;Q3_useful_margin;True;c1;False;0;1;0;0.0;0.0007;;0;0;37
mcad;happy_guided_article_short;happy;1;Q1_margin_month;True;c1;True;0;0;0;0.333333;0.6439;True;1;1;38
mcad;happy_guided_article_short;happy;2;Q2_stockout_store;True;c2;True;0;0;0;0.666667;0.749;True;1;1;38
mcad;happy_guided_article_short;happy;3;Q3_sales_growth;True;c3;True;0;0;0;1.0;0.9927;True;2;1;38
baseline_naive;happy_guided_article_short;happy;1;Q1_margin_month;True;c1;True;0;0;0;0.333333;0.0017;;0;0;38
baseline_naive;happy_guided_article_short;happy;2;Q2_stockout_store;True;c2;True;0;0;0;0.666667;0.0008;;0;0;38
baseline_naive;happy_guided_article_short;happy;3;Q3_sales_growth;True;c3;True;0;0;0;1.0;0.0005;;0;0;38
baseline_measure_overlap;happy_guided_article_short;happy;1;Q1_margin_month;True;c1;True;0;0;0;0.333333;0.0273;;0;0;38
baseline_measure_overlap;happy_guided_article_short;happy;2;Q2_stockout_store;True;c2;True;0;0;0;0.666667;0.0093;;0;0;38
baseline_measure_overlap;happy_guided_article_short;happy;3;Q3_sales_growth;True;c3;True;0;0;0;1.0;0.0083;;0;0;38
ablation_no_sat;happy_guided_article_short;happy;1;Q1_margin_month;True;c1;True;0;0;0;0.333333;0.2995;True;1;1;38
ablation_no_sat;happy_guided_article_short;happy;2;Q2_stockout_store;True;c2;True;0;0;0;0.666667;0.2457;True;1;1;38
ablation_no_sat;happy_guided_article_short;happy;3;Q3_sales_growth;True;c3;True;0;0;0;1.0;0.3299;True;2;1;38
ablation_no_real;happy_guided_article_short;happy;1;Q1_margin_month;True;c1;True;0;0;0;0.333333;0.3457;True;1;1;38
ablation_no_real;happy_guided_article_short;happy;2;Q2_stockout_store;True;c2;True;0;0;0;0.666667;0.28;True;1;1;38
ablation_no_real;happy_guided_article_short;happy;3;Q3_sales_growth;True;c3;True;0;0;0;1.0;0.375;True;2;1;38
ablation_ceval_any_intersection;happy_guided_article_short;happy;1;Q1_margin_month;True;c1;True;0;0;0;0.333333;0.3019;True;1;1;38
ablation_ceval_any_intersection;happy_guided_article_short;happy;2;Q2_stockout_store;True;c2;True;0;0;0;0.666667;0.2419;True;1;1;38
ablation_ceval_any_intersection;happy_guided_article_short;happy;3;Q3_sales_growth;True;c3;True;0;0;0;1.0;0.3214;True;2;1;38
baseline_random_matched;happy_guided_article_short;happy;1;Q1_margin_month;True;c1;True;0;0;0;0.333333;0.0035;;0;0;38
baseline_random_matched;happy_guided_article_short;happy;2;Q2_stockout_store;True;c2;False;0;1;0;0.333333;0.0006;;0;0;38
baseline_random_matched;happy_guided_article_short;happy;3;Q3_sales_growth;True;c3;False;0;1;0;0.333333;0.0005;;0;0;38
mcad;happy_guided_reordered;happy;1;Q1_sales_growth;True;c3;True;0;0;0;0.333333;0.364;True;2;1;38
mcad;happy_guided_reordered;happy;2;Q2_margin_month;True;c1;True;0;0;0;0.666667;0.2446;True;1;1;38
mcad;happy_guided_reordered;happy;3;Q3_stockout_store;True;c2;True;0;0;0;1.0;0.2497;True;1;1;38
baseline_naive;happy_guided_reordered;happy;1;Q1_sales_growth;True;c3;True;0;0;0;0.333333;0.001;;0;0;38
baseline_naive;happy_guided_reordered;happy;2;Q2_margin_month;True;c1;True;0;0;0;0.666667;0.0005;;0;0;38
baseline_naive;happy_guided_reordered;happy;3;Q3_stockout_store;True;c2;True;0;0;0;1.0;0.0003;;0;0;38
baseline_measure_overlap;happy_guided_reordered;happy;1;Q1_sales_growth;True;c3;True;0;0;0;0.333333;0.0209;;0;0;38
baseline_measure_overlap;happy_guided_reordered;happy;2;Q2_margin_month;True;c1;True;0;0;0;0.666667;0.0088;;0;0;38
baseline_measure_overlap;happy_guided_reordered;happy;3;Q3_stockout_store;True;c2;True;0;0;0;1.0;0.0078;;0;0;38
ablation_no_sat;happy_guided_reordered;happy;1;Q1_sales_growth;True;c3;True;0;0;0;0.333333;0.372;True;2;1;38
ablation_no_sat;happy_guided_reordered;happy;2;Q2_margin_month;True;c1;True;0;0;0;0.666667;0.2479;True;1;1;38
ablation_no_sat;happy_guided_reordered;happy;3;Q3_stockout_store;True;c2;True;0;0;0;1.0;0.2352;True;1;1;38
ablation_no_real;happy_guided_reordered;happy;1;Q1_sales_growth;True;c3;True;0;0;0;0.333333;0.3805;True;2;1;38
ablation_no_real;happy_guided_reordered;happy;2;Q2_margin_month;True;c1;True;0;0;0;0.666667;0.254;True;1;1;38
ablation_no_real;happy_guided_reordered;happy;3;Q3_stockout_store;True;c2;True;0;0;0;1.0;0.2457;True;1;1;38
ablation_ceval_any_intersection;happy_guided_reordered;happy;1;Q1_sales_growth;True;c3;True;0;0;0;0.333333;0.3586;True;2;1;38
ablation_ceval_any_intersection;happy_guided_reordered;happy;2;Q2_margin_month;True;c1;True;0;0;0;0.666667;0.2567;True;1;1;38
ablation_ceval_any_intersection;happy_guided_reordered;happy;3;Q3_stockout_store;True;c2;True;0;0;0;1.0;0.2366;True;1;1;38
baseline_random_matched;happy_guided_reordered;happy;1;Q1_sales_growth;True;c3;False;0;1;0;0.0;0.0028;;0;0;38
baseline_random_matched;happy_guided_reordered;happy;2;Q2_margin_month;True;c1;True;0;0;0;0.333333;0.0007;;0;0;38
baseline_random_matched;happy_guided_reordered;happy;3;Q3_stockout_store;True;c2;False;0;1;0;0.333333;0.0005;;0;0;38
mcad;happy_guided_compact;happy;1;Q1_margin_month;True;c1;True;0;0;0;0.333333;0.2796;True;1;1;38
mcad;happy_guided_compact;happy;2;Q2_sales_growth;True;c3;True;0;0;0;0.666667;0.3313;True;2;1;38
mcad;happy_guided_compact;happy;3;Q3_stockout_store;True;c2;True;0;0;0;1.0;0.2508;True;1;1;38
baseline_naive;happy_guided_compact;happy;1;Q1_margin_month;True;c1;True;0;0;0;0.333333;0.001;;0;0;38
baseline_naive;happy_guided_compact;happy;2;Q2_sales_growth;True;c3;True;0;0;0;0.666667;0.0005;;0;0;38
baseline_naive;happy_guided_compact;happy;3;Q3_stockout_store;True;c2;True;0;0;0;1.0;0.0003;;0;0;38
baseline_measure_overlap;happy_guided_compact;happy;1;Q1_margin_month;True;c1;True;0;0;0;0.333333;0.0235;;0;0;38
baseline_measure_overlap;happy_guided_compact;happy;2;Q2_sales_growth;True;c3;True;0;0;0;0.666667;0.0087;;0;0;38
baseline_measure_overlap;happy_guided_compact;happy;3;Q3_stockout_store;True;c2;True;0;0;0;1.0;0.0079;;0;0;38
ablation_no_sat;happy_guided_compact;happy;1;Q1_margin_month;True;c1;True;0;0;0;0.333333;0.3347;True;1;1;38
ablation_no_sat;happy_guided_compact;happy;2;Q2_sales_growth;True;c3;True;0;0;0;0.666667;0.3353;True;2;1;38
ablation_no_sat;happy_guided_compact;happy;3;Q3_stockout_store;True;c2;True;0;0;0;1.0;0.2807;True;1;1;38
ablation_no_real;happy_guided_compact;happy;1;Q1_margin_month;True;c1;True;0;0;0;0.333333;0.2979;True;1;1;38
ablation_no_real;happy_guided_compact;happy;2;Q2_sales_growth;True;c3;True;0;0;0;0.666667;0.3501;True;2;1;38
ablation_no_real;happy_guided_compact;happy;3;Q3_stockout_store;True;c2;True;0;0;0;1.0;0.2467;True;1;1;38
ablation_ceval_any_intersection;happy_guided_compact;happy;1;Q1_margin_month;True;c1;True;0;0;0;0.333333;0.2773;True;1;1;38
ablation_ceval_any_intersection;happy_guided_compact;happy;2;Q2_sales_growth;True;c3;True;0;0;0;0.666667;0.3269;True;2;1;38
ablation_ceval_any_intersection;happy_guided_compact;happy;3;Q3_stockout_store;True;c2;True;0;0;0;1.0;0.2499;True;1;1;38
baseline_random_matched;happy_guided_compact;happy;1;Q1_margin_month;True;c1;True;0;0;0;0.333333;0.0036;;0;0;38
baseline_random_matched;happy_guided_compact;happy;2;Q2_sales_growth;True;c3;True;0;0;0;0.666667;0.0006;;0;0;38
baseline_random_matched;happy_guided_compact;happy;3;Q3_stockout_store;True;c2;False;0;1;0;0.666667;0.0005;;0;0;38
mcad;border_growth_partial_1998_only;border;1;Q1_sales_1998_only;False;;False;0;0;0;0.0;0.3526;True;1;0;38
baseline_naive;border_growth_partial_1998_only;border;1;Q1_sales_1998_only;False;;True;1;0;1;0.0;0.001;;0;0;38
baseline_measure_overlap;border_growth_partial_1998_only;border;1;Q1_sales_1998_only;False;;True;1;0;1;0.0;0.0201;;0;0;38
ablation_no_sat;border_growth_partial_1998_only;border;1;Q1_sales_1998_only;False;;False;0;0;0;0.0;0.5483;True;1;0;38
ablation_no_real;border_growth_partial_1998_only;border;1;Q1_sales_1998_only;False;;True;1;0;1;0.0;0.376;True;1;0;38
ablation_ceval_any_intersection;border_growth_partial_1998_only;border;1;Q1_sales_1998_only;False;;True;1;0;1;0.0;0.3451;True;1;1;38
baseline_random_matched;border_growth_partial_1998_only;border;1;Q1_sales_1998_only;False;;True;1;0;1;0.0;0.0032;;0;0;38
mcad;border_margin_wrong_grain;border;1;Q1_margin_quarter_only;False;;False;0;0;0;0.0;0.1992;False;0;0;38
baseline_naive;border_margin_wrong_grain;border;1;Q1_margin_quarter_only;False;;True;1;0;1;0.0;0.001;;0;0;38
baseline_measure_overlap;border_margin_wrong_grain;border;1;Q1_margin_quarter_only;False;;True;1;0;1;0.0;0.0212;;0;0;38
ablation_no_sat;border_margin_wrong_grain;border;1;Q1_margin_quarter_only;False;;False;0;0;0;0.0;0.2741;False;0;0;38
ablation_no_real;border_margin_wrong_grain;border;1;Q1_margin_quarter_only;False;;False;0;0;0;0.0;0.2051;False;0;0;38
ablation_ceval_any_intersection;border_margin_wrong_grain;border;1;Q1_margin_quarter_only;False;;False;0;0;0;0.0;0.1976;False;0;0;38
baseline_random_matched;border_margin_wrong_grain;border;1;Q1_margin_quarter_only;False;;True;1;0;1;0.0;0.0031;;0;0;38
mcad;border_stockout_missing_store;border;1;Q1_stockout_category_only;False;;False;0;0;0;0.0;0.1999;False;0;0;38
baseline_naive;border_stockout_missing_store;border;1;Q1_stockout_category_only;False;;True;1;0;1;0.0;0.0012;;0;0;38
baseline_measure_overlap;border_stockout_missing_store;border;1;Q1_stockout_category_only;False;;True;1;0;1;0.0;0.0139;;0;0;38
ablation_no_sat;border_stockout_missing_store;border;1;Q1_stockout_category_only;False;;False;0;0;0;0.0;0.4647;False;0;0;38
ablation_no_real;border_stockout_missing_store;border;1;Q1_stockout_category_only;False;;False;0;0;0;0.0;0.2046;False;0;0;38
ablation_ceval_any_intersection;border_stockout_missing_store;border;1;Q1_stockout_category_only;False;;False;0;0;0;0.0;0.193;False;0;0;38
baseline_random_matched;border_stockout_missing_store;border;1;Q1_stockout_category_only;False;;False;0;0;0;0.0;0.003;;0;0;38
mcad;adversarial_wrong_region;adversarial;1;Q1_margin_south;False;;False;0;0;0;0.0;0.2775;False;0;0;38
baseline_naive;adversarial_wrong_region;adversarial;1;Q1_margin_south;False;;True;1;0;1;0.0;0.0019;;0;0;38
baseline_measure_overlap;adversarial_wrong_region;adversarial;1;Q1_margin_south;False;;True;1;0;1;0.0;0.0243;;0;0;38
ablation_no_sat;adversarial_wrong_region;adversarial;1;Q1_margin_south;False;;False;0;0;0;0.0;0.2218;False;0;0;38
ablation_no_real;adversarial_wrong_region;adversarial;1;Q1_margin_south;False;;False;0;0;0;0.0;0.1808;False;0;0;38
ablation_ceval_any_intersection;adversarial_wrong_region;adversarial;1;Q1_margin_south;False;;False;0;0;0;0.0;0.1688;False;0;0;38
baseline_random_matched;adversarial_wrong_region;adversarial;1;Q1_margin_south;False;;True;1;0;1;0.0;0.003;;0;0;38
mcad;adversarial_wrong_year;adversarial;1;Q1_stockout_1997;False;;False;0;0;0;0.0;0.1665;False;0;0;38
baseline_naive;adversarial_wrong_year;adversarial;1;Q1_stockout_1997;False;;True;1;0;1;0.0;0.0012;;0;0;38
baseline_measure_overlap;adversarial_wrong_year;adversarial;1;Q1_stockout_1997;False;;True;1;0;1;0.0;0.0164;;0;0;38
ablation_no_sat;adversarial_wrong_year;adversarial;1;Q1_stockout_1997;False;;False;0;0;0;0.0;0.1977;False;0;0;38
ablation_no_real;adversarial_wrong_year;adversarial;1;Q1_stockout_1997;False;;False;0;0;0;0.0;0.1728;False;0;0;38
ablation_ceval_any_intersection;adversarial_wrong_year;adversarial;1;Q1_stockout_1997;False;;False;0;0;0;0.0;0.1638;False;0;0;38
baseline_random_matched;adversarial_wrong_year;adversarial;1;Q1_stockout_1997;False;;True;1;0;1;0.0;0.0027;;0;0;38
mcad;adversarial_invalid_no_measures;adversarial;1;Q1_invalid_no_measure;False;;False;0;0;0;0.0;0.0739;False;0;0;38
baseline_naive;adversarial_invalid_no_measures;adversarial;1;Q1_invalid_no_measure;False;;True;1;0;1;0.0;0.0012;;0;0;38
baseline_measure_overlap;adversarial_invalid_no_measures;adversarial;1;Q1_invalid_no_measure;False;;False;0;0;0;0.0;0.0136;;0;0;38
ablation_no_sat;adversarial_invalid_no_measures;adversarial;1;Q1_invalid_no_measure;False;;False;0;0;0;0.0;0.1464;False;0;0;38
ablation_no_real;adversarial_invalid_no_measures;adversarial;1;Q1_invalid_no_measure;False;;False;0;0;0;0.0;0.0861;False;0;0;38
ablation_ceval_any_intersection;adversarial_invalid_no_measures;adversarial;1;Q1_invalid_no_measure;False;;False;0;0;0;0.0;0.0737;False;0;0;38
baseline_random_matched;adversarial_invalid_no_measures;adversarial;1;Q1_invalid_no_measure;False;;False;0;0;0;0.0;0.0029;;0;0;38
mcad;stress_exploratory_then_useful;stress;1;Q1_noise_region;False;;False;0;0;0;0.0;0.1992;False;0;0;38
mcad;stress_exploratory_then_useful;stress;2;Q2_noise_margin_all;False;;False;0;0;0;0.0;0.1859;False;0;0;38
mcad;stress_exploratory_then_useful;stress;3;Q3_useful_margin;True;c1;True;0;0;0;0.333333;0.4607;True;1;1;38
baseline_naive;stress_exploratory_then_useful;stress;1;Q1_noise_region;False;;True;1;0;1;0.0;0.0009;;0;0;38
baseline_naive;stress_exploratory_then_useful;stress;2;Q2_noise_margin_all;False;;True;1;0;1;0.0;0.0005;;0;0;38
baseline_naive;stress_exploratory_then_useful;stress;3;Q3_useful_margin;True;c1;True;0;0;0;0.333333;0.0004;;0;0;38
baseline_measure_overlap;stress_exploratory_then_useful;stress;1;Q1_noise_region;False;;True;1;0;1;0.0;0.014;;0;0;38
baseline_measure_overlap;stress_exploratory_then_useful;stress;2;Q2_noise_margin_all;False;;True;1;0;1;0.0;0.005;;0;0;38
baseline_measure_overlap;stress_exploratory_then_useful;stress;3;Q3_useful_margin;True;c1;True;0;0;0;0.333333;0.0042;;0;0;38
ablation_no_sat;stress_exploratory_then_useful;stress;1;Q1_noise_region;False;;False;0;0;0;0.0;0.2432;False;0;0;38
ablation_no_sat;stress_exploratory_then_useful;stress;2;Q2_noise_margin_all;False;;False;0;0;0;0.0;0.1696;False;0;0;38
ablation_no_sat;stress_exploratory_then_useful;stress;3;Q3_useful_margin;True;c1;True;0;0;0;0.333333;0.2469;True;1;1;38
ablation_no_real;stress_exploratory_then_useful;stress;1;Q1_noise_region;False;;False;0;0;0;0.0;0.2172;False;0;0;38
ablation_no_real;stress_exploratory_then_useful;stress;2;Q2_noise_margin_all;False;;False;0;0;0;0.0;0.1476;False;0;0;38
ablation_no_real;stress_exploratory_then_useful;stress;3;Q3_useful_margin;True;c1;True;0;0;0;0.333333;0.2591;True;1;1;38
ablation_ceval_any_intersection;stress_exploratory_then_useful;stress;1;Q1_noise_region;False;;False;0;0;0;0.0;0.5548;False;0;0;38
ablation_ceval_any_intersection;stress_exploratory_then_useful;stress;2;Q2_noise_margin_all;False;;False;0;0;0;0.0;0.2819;False;0;0;38
ablation_ceval_any_intersection;stress_exploratory_then_useful;stress;3;Q3_useful_margin;True;c1;True;0;0;0;0.333333;0.4367;True;1;1;38
baseline_random_matched;stress_exploratory_then_useful;stress;1;Q1_noise_region;False;;True;1;0;1;0.0;0.0081;;0;0;38
baseline_random_matched;stress_exploratory_then_useful;stress;2;Q2_noise_margin_all;False;;True;1;0;1;0.0;0.0012;;0;0;38
baseline_random_matched;stress_exploratory_then_useful;stress;3;Q3_useful_margin;True;c1;True;0;0;0;0.333333;0.001;;0;0;38
mcad;happy_guided_article_short;happy;1;Q1_margin_month;True;c1;True;0;0;0;0.333333;0.6662;True;1;1;39
mcad;happy_guided_article_short;happy;2;Q2_stockout_store;True;c2;True;0;0;0;0.666667;0.4967;True;1;1;39
mcad;happy_guided_article_short;happy;3;Q3_sales_growth;True;c3;True;0;0;0;1.0;0.657;True;2;1;39
baseline_naive;happy_guided_article_short;happy;1;Q1_margin_month;True;c1;True;0;0;0;0.333333;0.0011;;0;0;39
baseline_naive;happy_guided_article_short;happy;2;Q2_stockout_store;True;c2;True;0;0;0;0.666667;0.0005;;0;0;39
baseline_naive;happy_guided_article_short;happy;3;Q3_sales_growth;True;c3;True;0;0;0;1.0;0.0003;;0;0;39
baseline_measure_overlap;happy_guided_article_short;happy;1;Q1_margin_month;True;c1;True;0;0;0;0.333333;0.0249;;0;0;39
baseline_measure_overlap;happy_guided_article_short;happy;2;Q2_stockout_store;True;c2;True;0;0;0;0.666667;0.0088;;0;0;39
baseline_measure_overlap;happy_guided_article_short;happy;3;Q3_sales_growth;True;c3;True;0;0;0;1.0;0.0078;;0;0;39
ablation_no_sat;happy_guided_article_short;happy;1;Q1_margin_month;True;c1;True;0;0;0;0.333333;0.2883;True;1;1;39
ablation_no_sat;happy_guided_article_short;happy;2;Q2_stockout_store;True;c2;True;0;0;0;0.666667;0.257;True;1;1;39
ablation_no_sat;happy_guided_article_short;happy;3;Q3_sales_growth;True;c3;True;0;0;0;1.0;0.3351;True;2;1;39
ablation_no_real;happy_guided_article_short;happy;1;Q1_margin_month;True;c1;True;0;0;0;0.333333;0.285;True;1;1;39
ablation_no_real;happy_guided_article_short;happy;2;Q2_stockout_store;True;c2;True;0;0;0;0.666667;0.2493;True;1;1;39
ablation_no_real;happy_guided_article_short;happy;3;Q3_sales_growth;True;c3;True;0;0;0;1.0;0.3445;True;2;1;39
ablation_ceval_any_intersection;happy_guided_article_short;happy;1;Q1_margin_month;True;c1;True;0;0;0;0.333333;0.28;True;1;1;39
ablation_ceval_any_intersection;happy_guided_article_short;happy;2;Q2_stockout_store;True;c2;True;0;0;0;0.666667;0.2438;True;1;1;39
ablation_ceval_any_intersection;happy_guided_article_short;happy;3;Q3_sales_growth;True;c3;True;0;0;0;1.0;0.338;True;2;1;39
baseline_random_matched;happy_guided_article_short;happy;1;Q1_margin_month;True;c1;False;0;1;0;0.0;0.0031;;0;0;39
baseline_random_matched;happy_guided_article_short;happy;2;Q2_stockout_store;True;c2;False;0;1;0;0.0;0.0006;;0;0;39
baseline_random_matched;happy_guided_article_short;happy;3;Q3_sales_growth;True;c3;False;0;1;0;0.0;0.0005;;0;0;39
mcad;happy_guided_reordered;happy;1;Q1_sales_growth;True;c3;True;0;0;0;0.333333;0.4068;True;2;1;39
mcad;happy_guided_reordered;happy;2;Q2_margin_month;True;c1;True;0;0;0;0.666667;0.2476;True;1;1;39
mcad;happy_guided_reordered;happy;3;Q3_stockout_store;True;c2;True;0;0;0;1.0;0.2415;True;1;1;39
baseline_naive;happy_guided_reordered;happy;1;Q1_sales_growth;True;c3;True;0;0;0;0.333333;0.0009;;0;0;39
baseline_naive;happy_guided_reordered;happy;2;Q2_margin_month;True;c1;True;0;0;0;0.666667;0.0005;;0;0;39
baseline_naive;happy_guided_reordered;happy;3;Q3_stockout_store;True;c2;True;0;0;0;1.0;0.0004;;0;0;39
baseline_measure_overlap;happy_guided_reordered;happy;1;Q1_sales_growth;True;c3;True;0;0;0;0.333333;0.0201;;0;0;39
baseline_measure_overlap;happy_guided_reordered;happy;2;Q2_margin_month;True;c1;True;0;0;0;0.666667;0.0092;;0;0;39
baseline_measure_overlap;happy_guided_reordered;happy;3;Q3_stockout_store;True;c2;True;0;0;0;1.0;0.0087;;0;0;39
ablation_no_sat;happy_guided_reordered;happy;1;Q1_sales_growth;True;c3;True;0;0;0;0.333333;0.3688;True;2;1;39
ablation_no_sat;happy_guided_reordered;happy;2;Q2_margin_month;True;c1;True;0;0;0;0.666667;0.2512;True;1;1;39
ablation_no_sat;happy_guided_reordered;happy;3;Q3_stockout_store;True;c2;True;0;0;0;1.0;0.2469;True;1;1;39
ablation_no_real;happy_guided_reordered;happy;1;Q1_sales_growth;True;c3;True;0;0;0;0.333333;0.3717;True;2;1;39
ablation_no_real;happy_guided_reordered;happy;2;Q2_margin_month;True;c1;True;0;0;0;0.666667;0.2631;True;1;1;39
ablation_no_real;happy_guided_reordered;happy;3;Q3_stockout_store;True;c2;True;0;0;0;1.0;0.2461;True;1;1;39
ablation_ceval_any_intersection;happy_guided_reordered;happy;1;Q1_sales_growth;True;c3;True;0;0;0;0.333333;0.3604;True;2;1;39
ablation_ceval_any_intersection;happy_guided_reordered;happy;2;Q2_margin_month;True;c1;True;0;0;0;0.666667;0.2449;True;1;1;39
ablation_ceval_any_intersection;happy_guided_reordered;happy;3;Q3_stockout_store;True;c2;True;0;0;0;1.0;0.2545;True;1;1;39
baseline_random_matched;happy_guided_reordered;happy;1;Q1_sales_growth;True;c3;False;0;1;0;0.0;0.0028;;0;0;39
baseline_random_matched;happy_guided_reordered;happy;2;Q2_margin_month;True;c1;False;0;1;0;0.0;0.0007;;0;0;39
baseline_random_matched;happy_guided_reordered;happy;3;Q3_stockout_store;True;c2;True;0;0;0;0.333333;0.0004;;0;0;39
mcad;happy_guided_compact;happy;1;Q1_margin_month;True;c1;True;0;0;0;0.333333;0.2757;True;1;1;39
mcad;happy_guided_compact;happy;2;Q2_sales_growth;True;c3;True;0;0;0;0.666667;0.3367;True;2;1;39
mcad;happy_guided_compact;happy;3;Q3_stockout_store;True;c2;True;0;0;0;1.0;0.2371;True;1;1;39
baseline_naive;happy_guided_compact;happy;1;Q1_margin_month;True;c1;True;0;0;0;0.333333;0.0009;;0;0;39
baseline_naive;happy_guided_compact;happy;2;Q2_sales_growth;True;c3;True;0;0;0;0.666667;0.0005;;0;0;39
baseline_naive;happy_guided_compact;happy;3;Q3_stockout_store;True;c2;True;0;0;0;1.0;0.0003;;0;0;39
baseline_measure_overlap;happy_guided_compact;happy;1;Q1_margin_month;True;c1;True;0;0;0;0.333333;0.0206;;0;0;39
baseline_measure_overlap;happy_guided_compact;happy;2;Q2_sales_growth;True;c3;True;0;0;0;0.666667;0.009;;0;0;39
baseline_measure_overlap;happy_guided_compact;happy;3;Q3_stockout_store;True;c2;True;0;0;0;1.0;0.008;;0;0;39
ablation_no_sat;happy_guided_compact;happy;1;Q1_margin_month;True;c1;True;0;0;0;0.333333;0.484;True;1;1;39
ablation_no_sat;happy_guided_compact;happy;2;Q2_sales_growth;True;c3;True;0;0;0;0.666667;0.6199;True;2;1;39
ablation_no_sat;happy_guided_compact;happy;3;Q3_stockout_store;True;c2;True;0;0;0;1.0;0.5211;True;1;1;39
ablation_no_real;happy_guided_compact;happy;1;Q1_margin_month;True;c1;True;0;0;0;0.333333;0.2905;True;1;1;39
ablation_no_real;happy_guided_compact;happy;2;Q2_sales_growth;True;c3;True;0;0;0;0.666667;0.3523;True;2;1;39
ablation_no_real;happy_guided_compact;happy;3;Q3_stockout_store;True;c2;True;0;0;0;1.0;0.2471;True;1;1;39
ablation_ceval_any_intersection;happy_guided_compact;happy;1;Q1_margin_month;True;c1;True;0;0;0;0.333333;0.274;True;1;1;39
ablation_ceval_any_intersection;happy_guided_compact;happy;2;Q2_sales_growth;True;c3;True;0;0;0;0.666667;0.3302;True;2;1;39
ablation_ceval_any_intersection;happy_guided_compact;happy;3;Q3_stockout_store;True;c2;True;0;0;0;1.0;0.2489;True;1;1;39
baseline_random_matched;happy_guided_compact;happy;1;Q1_margin_month;True;c1;True;0;0;0;0.333333;0.0031;;0;0;39
baseline_random_matched;happy_guided_compact;happy;2;Q2_sales_growth;True;c3;True;0;0;0;0.666667;0.0007;;0;0;39
baseline_random_matched;happy_guided_compact;happy;3;Q3_stockout_store;True;c2;True;0;0;0;1.0;0.0005;;0;0;39
mcad;border_growth_partial_1998_only;border;1;Q1_sales_1998_only;False;;False;0;0;0;0.0;0.3462;True;1;0;39
baseline_naive;border_growth_partial_1998_only;border;1;Q1_sales_1998_only;False;;True;1;0;1;0.0;0.0009;;0;0;39
baseline_measure_overlap;border_growth_partial_1998_only;border;1;Q1_sales_1998_only;False;;True;1;0;1;0.0;0.0196;;0;0;39
ablation_no_sat;border_growth_partial_1998_only;border;1;Q1_sales_1998_only;False;;False;0;0;0;0.0;0.343;True;1;0;39
ablation_no_real;border_growth_partial_1998_only;border;1;Q1_sales_1998_only;False;;True;1;0;1;0.0;0.3432;True;1;0;39
ablation_ceval_any_intersection;border_growth_partial_1998_only;border;1;Q1_sales_1998_only;False;;True;1;0;1;0.0;0.345;True;1;1;39
baseline_random_matched;border_growth_partial_1998_only;border;1;Q1_sales_1998_only;False;;False;0;0;0;0.0;0.003;;0;0;39
mcad;border_margin_wrong_grain;border;1;Q1_margin_quarter_only;False;;False;0;0;0;0.0;0.1948;False;0;0;39
baseline_naive;border_margin_wrong_grain;border;1;Q1_margin_quarter_only;False;;True;1;0;1;0.0;0.001;;0;0;39
baseline_measure_overlap;border_margin_wrong_grain;border;1;Q1_margin_quarter_only;False;;True;1;0;1;0.0;0.0197;;0;0;39
ablation_no_sat;border_margin_wrong_grain;border;1;Q1_margin_quarter_only;False;;False;0;0;0;0.0;0.4668;False;0;0;39
ablation_no_real;border_margin_wrong_grain;border;1;Q1_margin_quarter_only;False;;False;0;0;0;0.0;0.205;False;0;0;39
ablation_ceval_any_intersection;border_margin_wrong_grain;border;1;Q1_margin_quarter_only;False;;False;0;0;0;0.0;0.1957;False;0;0;39
baseline_random_matched;border_margin_wrong_grain;border;1;Q1_margin_quarter_only;False;;False;0;0;0;0.0;0.0036;;0;0;39
mcad;border_stockout_missing_store;border;1;Q1_stockout_category_only;False;;False;0;0;0;0.0;0.1955;False;0;0;39
baseline_naive;border_stockout_missing_store;border;1;Q1_stockout_category_only;False;;True;1;0;1;0.0;0.0011;;0;0;39
baseline_measure_overlap;border_stockout_missing_store;border;1;Q1_stockout_category_only;False;;True;1;0;1;0.0;0.0205;;0;0;39
ablation_no_sat;border_stockout_missing_store;border;1;Q1_stockout_category_only;False;;False;0;0;0;0.0;0.264;False;0;0;39
ablation_no_real;border_stockout_missing_store;border;1;Q1_stockout_category_only;False;;False;0;0;0;0.0;0.2069;False;0;0;39
ablation_ceval_any_intersection;border_stockout_missing_store;border;1;Q1_stockout_category_only;False;;False;0;0;0;0.0;0.2079;False;0;0;39
baseline_random_matched;border_stockout_missing_store;border;1;Q1_stockout_category_only;False;;True;1;0;1;0.0;0.0027;;0;0;39
mcad;adversarial_wrong_region;adversarial;1;Q1_margin_south;False;;False;0;0;0;0.0;0.1869;False;0;0;39
baseline_naive;adversarial_wrong_region;adversarial;1;Q1_margin_south;False;;True;1;0;1;0.0;0.0012;;0;0;39
baseline_measure_overlap;adversarial_wrong_region;adversarial;1;Q1_margin_south;False;;True;1;0;1;0.0;0.0159;;0;0;39
ablation_no_sat;adversarial_wrong_region;adversarial;1;Q1_margin_south;False;;False;0;0;0;0.0;0.3976;False;0;0;39
ablation_no_real;adversarial_wrong_region;adversarial;1;Q1_margin_south;False;;False;0;0;0;0.0;0.2027;False;0;0;39
ablation_ceval_any_intersection;adversarial_wrong_region;adversarial;1;Q1_margin_south;False;;False;0;0;0;0.0;0.1725;False;0;0;39
baseline_random_matched;adversarial_wrong_region;adversarial;1;Q1_margin_south;False;;True;1;0;1;0.0;0.003;;0;0;39
mcad;adversarial_wrong_year;adversarial;1;Q1_stockout_1997;False;;False;0;0;0;0.0;0.1656;False;0;0;39
baseline_naive;adversarial_wrong_year;adversarial;1;Q1_stockout_1997;False;;True;1;0;1;0.0;0.001;;0;0;39
baseline_measure_overlap;adversarial_wrong_year;adversarial;1;Q1_stockout_1997;False;;True;1;0;1;0.0;0.0147;;0;0;39
ablation_no_sat;adversarial_wrong_year;adversarial;1;Q1_stockout_1997;False;;False;0;0;0;0.0;0.3351;False;0;0;39
ablation_no_real;adversarial_wrong_year;adversarial;1;Q1_stockout_1997;False;;False;0;0;0;0.0;0.1747;False;0;0;39
ablation_ceval_any_intersection;adversarial_wrong_year;adversarial;1;Q1_stockout_1997;False;;False;0;0;0;0.0;0.1633;False;0;0;39
baseline_random_matched;adversarial_wrong_year;adversarial;1;Q1_stockout_1997;False;;True;1;0;1;0.0;0.0026;;0;0;39
mcad;adversarial_invalid_no_measures;adversarial;1;Q1_invalid_no_measure;False;;False;0;0;0;0.0;0.0717;False;0;0;39
baseline_naive;adversarial_invalid_no_measures;adversarial;1;Q1_invalid_no_measure;False;;True;1;0;1;0.0;0.001;;0;0;39
baseline_measure_overlap;adversarial_invalid_no_measures;adversarial;1;Q1_invalid_no_measure;False;;False;0;0;0;0.0;0.0127;;0;0;39
ablation_no_sat;adversarial_invalid_no_measures;adversarial;1;Q1_invalid_no_measure;False;;False;0;0;0;0.0;0.1385;False;0;0;39
ablation_no_real;adversarial_invalid_no_measures;adversarial;1;Q1_invalid_no_measure;False;;False;0;0;0;0.0;0.0837;False;0;0;39
ablation_ceval_any_intersection;adversarial_invalid_no_measures;adversarial;1;Q1_invalid_no_measure;False;;False;0;0;0;0.0;0.0719;False;0;0;39
baseline_random_matched;adversarial_invalid_no_measures;adversarial;1;Q1_invalid_no_measure;False;;False;0;0;0;0.0;0.0032;;0;0;39
mcad;stress_exploratory_then_useful;stress;1;Q1_noise_region;False;;False;0;0;0;0.0;0.197;False;0;0;39
mcad;stress_exploratory_then_useful;stress;2;Q2_noise_margin_all;False;;False;0;0;0;0.0;0.1419;False;0;0;39
mcad;stress_exploratory_then_useful;stress;3;Q3_useful_margin;True;c1;True;0;0;0;0.333333;0.2625;True;1;1;39
baseline_naive;stress_exploratory_then_useful;stress;1;Q1_noise_region;False;;True;1;0;1;0.0;0.0009;;0;0;39
baseline_naive;stress_exploratory_then_useful;stress;2;Q2_noise_margin_all;False;;True;1;0;1;0.0;0.0005;;0;0;39
baseline_naive;stress_exploratory_then_useful;stress;3;Q3_useful_margin;True;c1;True;0;0;0;0.333333;0.0004;;0;0;39
baseline_measure_overlap;stress_exploratory_then_useful;stress;1;Q1_noise_region;False;;True;1;0;1;0.0;0.0143;;0;0;39
baseline_measure_overlap;stress_exploratory_then_useful;stress;2;Q2_noise_margin_all;False;;True;1;0;1;0.0;0.0055;;0;0;39
baseline_measure_overlap;stress_exploratory_then_useful;stress;3;Q3_useful_margin;True;c1;True;0;0;0;0.333333;0.0045;;0;0;39
ablation_no_sat;stress_exploratory_then_useful;stress;1;Q1_noise_region;False;;False;0;0;0;0.0;0.3912;False;0;0;39
ablation_no_sat;stress_exploratory_then_useful;stress;2;Q2_noise_margin_all;False;;False;0;0;0;0.0;0.3055;False;0;0;39
ablation_no_sat;stress_exploratory_then_useful;stress;3;Q3_useful_margin;True;c1;True;0;0;0;0.333333;0.4489;True;1;1;39
ablation_no_real;stress_exploratory_then_useful;stress;1;Q1_noise_region;False;;False;0;0;0;0.0;0.2081;False;0;0;39
ablation_no_real;stress_exploratory_then_useful;stress;2;Q2_noise_margin_all;False;;False;0;0;0;0.0;0.1545;False;0;0;39
ablation_no_real;stress_exploratory_then_useful;stress;3;Q3_useful_margin;True;c1;True;0;0;0;0.333333;0.2952;True;1;1;39
ablation_ceval_any_intersection;stress_exploratory_then_useful;stress;1;Q1_noise_region;False;;False;0;0;0;0.0;0.1941;False;0;0;39
ablation_ceval_any_intersection;stress_exploratory_then_useful;stress;2;Q2_noise_margin_all;False;;False;0;0;0;0.0;0.1453;False;0;0;39
ablation_ceval_any_intersection;stress_exploratory_then_useful;stress;3;Q3_useful_margin;True;c1;True;0;0;0;0.333333;0.2423;True;1;1;39
baseline_random_matched;stress_exploratory_then_useful;stress;1;Q1_noise_region;False;;False;0;0;0;0.0;0.0029;;0;0;39
baseline_random_matched;stress_exploratory_then_useful;stress;2;Q2_noise_margin_all;False;;True;1;0;1;0.0;0.0006;;0;0;39
baseline_random_matched;stress_exploratory_then_useful;stress;3;Q3_useful_margin;True;c1;False;0;1;0;0.0;0.0004;;0;0;39
mcad;happy_guided_article_short;happy;1;Q1_margin_month;True;c1;True;0;0;0;0.333333;0.2758;True;1;1;40
mcad;happy_guided_article_short;happy;2;Q2_stockout_store;True;c2;True;0;0;0;0.666667;0.2523;True;1;1;40
mcad;happy_guided_article_short;happy;3;Q3_sales_growth;True;c3;True;0;0;0;1.0;0.357;True;2;1;40
baseline_naive;happy_guided_article_short;happy;1;Q1_margin_month;True;c1;True;0;0;0;0.333333;0.0015;;0;0;40
baseline_naive;happy_guided_article_short;happy;2;Q2_stockout_store;True;c2;True;0;0;0;0.666667;0.0008;;0;0;40
baseline_naive;happy_guided_article_short;happy;3;Q3_sales_growth;True;c3;True;0;0;0;1.0;0.0006;;0;0;40
baseline_measure_overlap;happy_guided_article_short;happy;1;Q1_margin_month;True;c1;True;0;0;0;0.333333;0.0192;;0;0;40
baseline_measure_overlap;happy_guided_article_short;happy;2;Q2_stockout_store;True;c2;True;0;0;0;0.666667;0.0053;;0;0;40
baseline_measure_overlap;happy_guided_article_short;happy;3;Q3_sales_growth;True;c3;True;0;0;0;1.0;0.0044;;0;0;40
ablation_no_sat;happy_guided_article_short;happy;1;Q1_margin_month;True;c1;True;0;0;0;0.333333;0.3051;True;1;1;40
ablation_no_sat;happy_guided_article_short;happy;2;Q2_stockout_store;True;c2;True;0;0;0;0.666667;0.2535;True;1;1;40
ablation_no_sat;happy_guided_article_short;happy;3;Q3_sales_growth;True;c3;True;0;0;0;1.0;0.3298;True;2;1;40
ablation_no_real;happy_guided_article_short;happy;1;Q1_margin_month;True;c1;True;0;0;0;0.333333;0.3167;True;1;1;40
ablation_no_real;happy_guided_article_short;happy;2;Q2_stockout_store;True;c2;True;0;0;0;0.666667;0.2495;True;1;1;40
ablation_no_real;happy_guided_article_short;happy;3;Q3_sales_growth;True;c3;True;0;0;0;1.0;0.3352;True;2;1;40
ablation_ceval_any_intersection;happy_guided_article_short;happy;1;Q1_margin_month;True;c1;True;0;0;0;0.333333;0.3022;True;1;1;40
ablation_ceval_any_intersection;happy_guided_article_short;happy;2;Q2_stockout_store;True;c2;True;0;0;0;0.666667;0.2411;True;1;1;40
ablation_ceval_any_intersection;happy_guided_article_short;happy;3;Q3_sales_growth;True;c3;True;0;0;0;1.0;0.3316;True;2;1;40
baseline_random_matched;happy_guided_article_short;happy;1;Q1_margin_month;True;c1;True;0;0;0;0.333333;0.0035;;0;0;40
baseline_random_matched;happy_guided_article_short;happy;2;Q2_stockout_store;True;c2;False;0;1;0;0.333333;0.0006;;0;0;40
baseline_random_matched;happy_guided_article_short;happy;3;Q3_sales_growth;True;c3;True;0;0;0;0.666667;0.0005;;0;0;40
mcad;happy_guided_reordered;happy;1;Q1_sales_growth;True;c3;True;0;0;0;0.333333;0.7293;True;2;1;40
mcad;happy_guided_reordered;happy;2;Q2_margin_month;True;c1;True;0;0;0;0.666667;0.7236;True;1;1;40
mcad;happy_guided_reordered;happy;3;Q3_stockout_store;True;c2;True;0;0;0;1.0;0.8546;True;1;1;40
baseline_naive;happy_guided_reordered;happy;1;Q1_sales_growth;True;c3;True;0;0;0;0.333333;0.0019;;0;0;40
baseline_naive;happy_guided_reordered;happy;2;Q2_margin_month;True;c1;True;0;0;0;0.666667;0.0008;;0;0;40
baseline_naive;happy_guided_reordered;happy;3;Q3_stockout_store;True;c2;True;0;0;0;1.0;0.0007;;0;0;40
baseline_measure_overlap;happy_guided_reordered;happy;1;Q1_sales_growth;True;c3;True;0;0;0;0.333333;0.0214;;0;0;40
baseline_measure_overlap;happy_guided_reordered;happy;2;Q2_margin_month;True;c1;True;0;0;0;0.666667;0.0058;;0;0;40
baseline_measure_overlap;happy_guided_reordered;happy;3;Q3_stockout_store;True;c2;True;0;0;0;1.0;0.0046;;0;0;40
ablation_no_sat;happy_guided_reordered;happy;1;Q1_sales_growth;True;c3;True;0;0;0;0.333333;0.4108;True;2;1;40
ablation_no_sat;happy_guided_reordered;happy;2;Q2_margin_month;True;c1;True;0;0;0;0.666667;0.2513;True;1;1;40
ablation_no_sat;happy_guided_reordered;happy;3;Q3_stockout_store;True;c2;True;0;0;0;1.0;0.2462;True;1;1;40
ablation_no_real;happy_guided_reordered;happy;1;Q1_sales_growth;True;c3;True;0;0;0;0.333333;0.3965;True;2;1;40
ablation_no_real;happy_guided_reordered;happy;2;Q2_margin_month;True;c1;True;0;0;0;0.666667;0.2508;True;1;1;40
ablation_no_real;happy_guided_reordered;happy;3;Q3_stockout_store;True;c2;True;0;0;0;1.0;0.2437;True;1;1;40
ablation_ceval_any_intersection;happy_guided_reordered;happy;1;Q1_sales_growth;True;c3;True;0;0;0;0.333333;0.4533;True;2;1;40
ablation_ceval_any_intersection;happy_guided_reordered;happy;2;Q2_margin_month;True;c1;True;0;0;0;0.666667;0.2445;True;1;1;40
ablation_ceval_any_intersection;happy_guided_reordered;happy;3;Q3_stockout_store;True;c2;True;0;0;0;1.0;0.2384;True;1;1;40
baseline_random_matched;happy_guided_reordered;happy;1;Q1_sales_growth;True;c3;True;0;0;0;0.333333;0.0042;;0;0;40
baseline_random_matched;happy_guided_reordered;happy;2;Q2_margin_month;True;c1;False;0;1;0;0.333333;0.0011;;0;0;40
baseline_random_matched;happy_guided_reordered;happy;3;Q3_stockout_store;True;c2;False;0;1;0;0.333333;0.0008;;0;0;40
mcad;happy_guided_compact;happy;1;Q1_margin_month;True;c1;True;0;0;0;0.333333;0.2897;True;1;1;40
mcad;happy_guided_compact;happy;2;Q2_sales_growth;True;c3;True;0;0;0;0.666667;0.3448;True;2;1;40
mcad;happy_guided_compact;happy;3;Q3_stockout_store;True;c2;True;0;0;0;1.0;0.2375;True;1;1;40
baseline_naive;happy_guided_compact;happy;1;Q1_margin_month;True;c1;True;0;0;0;0.333333;0.001;;0;0;40
baseline_naive;happy_guided_compact;happy;2;Q2_sales_growth;True;c3;True;0;0;0;0.666667;0.0005;;0;0;40
baseline_naive;happy_guided_compact;happy;3;Q3_stockout_store;True;c2;True;0;0;0;1.0;0.0004;;0;0;40
baseline_measure_overlap;happy_guided_compact;happy;1;Q1_margin_month;True;c1;True;0;0;0;0.333333;0.0154;;0;0;40
baseline_measure_overlap;happy_guided_compact;happy;2;Q2_sales_growth;True;c3;True;0;0;0;0.666667;0.0057;;0;0;40
baseline_measure_overlap;happy_guided_compact;happy;3;Q3_stockout_store;True;c2;True;0;0;0;1.0;0.0046;;0;0;40
ablation_no_sat;happy_guided_compact;happy;1;Q1_margin_month;True;c1;True;0;0;0;0.333333;0.2891;True;1;1;40
ablation_no_sat;happy_guided_compact;happy;2;Q2_sales_growth;True;c3;True;0;0;0;0.666667;0.3352;True;2;1;40
ablation_no_sat;happy_guided_compact;happy;3;Q3_stockout_store;True;c2;True;0;0;0;1.0;0.2524;True;1;1;40
ablation_no_real;happy_guided_compact;happy;1;Q1_margin_month;True;c1;True;0;0;0;0.333333;0.2874;True;1;1;40
ablation_no_real;happy_guided_compact;happy;2;Q2_sales_growth;True;c3;True;0;0;0;0.666667;0.3424;True;2;1;40
ablation_no_real;happy_guided_compact;happy;3;Q3_stockout_store;True;c2;True;0;0;0;1.0;0.243;True;1;1;40
ablation_ceval_any_intersection;happy_guided_compact;happy;1;Q1_margin_month;True;c1;True;0;0;0;0.333333;0.2838;True;1;1;40
ablation_ceval_any_intersection;happy_guided_compact;happy;2;Q2_sales_growth;True;c3;True;0;0;0;0.666667;0.3293;True;2;1;40
ablation_ceval_any_intersection;happy_guided_compact;happy;3;Q3_stockout_store;True;c2;True;0;0;0;1.0;0.2361;True;1;1;40
baseline_random_matched;happy_guided_compact;happy;1;Q1_margin_month;True;c1;True;0;0;0;0.333333;0.0043;;0;0;40
baseline_random_matched;happy_guided_compact;happy;2;Q2_sales_growth;True;c3;True;0;0;0;0.666667;0.001;;0;0;40
baseline_random_matched;happy_guided_compact;happy;3;Q3_stockout_store;True;c2;False;0;1;0;0.666667;0.0009;;0;0;40
mcad;border_growth_partial_1998_only;border;1;Q1_sales_1998_only;False;;False;0;0;0;0.0;0.3549;True;1;0;40
baseline_naive;border_growth_partial_1998_only;border;1;Q1_sales_1998_only;False;;True;1;0;1;0.0;0.001;;0;0;40
baseline_measure_overlap;border_growth_partial_1998_only;border;1;Q1_sales_1998_only;False;;True;1;0;1;0.0;0.0142;;0;0;40
ablation_no_sat;border_growth_partial_1998_only;border;1;Q1_sales_1998_only;False;;False;0;0;0;0.0;0.3409;True;1;0;40
ablation_no_real;border_growth_partial_1998_only;border;1;Q1_sales_1998_only;False;;True;1;0;1;0.0;0.3459;True;1;0;40
ablation_ceval_any_intersection;border_growth_partial_1998_only;border;1;Q1_sales_1998_only;False;;True;1;0;1;0.0;0.3317;True;1;1;40
baseline_random_matched;border_growth_partial_1998_only;border;1;Q1_sales_1998_only;False;;False;0;0;0;0.0;0.0041;;0;0;40
mcad;border_margin_wrong_grain;border;1;Q1_margin_quarter_only;False;;False;0;0;0;0.0;0.2227;False;0;0;40
baseline_naive;border_margin_wrong_grain;border;1;Q1_margin_quarter_only;False;;True;1;0;1;0.0;0.001;;0;0;40
baseline_measure_overlap;border_margin_wrong_grain;border;1;Q1_margin_quarter_only;False;;True;1;0;1;0.0;0.013;;0;0;40
ablation_no_sat;border_margin_wrong_grain;border;1;Q1_margin_quarter_only;False;;False;0;0;0;0.0;0.2566;False;0;0;40
ablation_no_real;border_margin_wrong_grain;border;1;Q1_margin_quarter_only;False;;False;0;0;0;0.0;0.2015;False;0;0;40
ablation_ceval_any_intersection;border_margin_wrong_grain;border;1;Q1_margin_quarter_only;False;;False;0;0;0;0.0;0.1952;False;0;0;40
baseline_random_matched;border_margin_wrong_grain;border;1;Q1_margin_quarter_only;False;;True;1;0;1;0.0;0.0027;;0;0;40
mcad;border_stockout_missing_store;border;1;Q1_stockout_category_only;False;;False;0;0;0;0.0;0.3257;False;0;0;40
baseline_naive;border_stockout_missing_store;border;1;Q1_stockout_category_only;False;;True;1;0;1;0.0;0.0009;;0;0;40
baseline_measure_overlap;border_stockout_missing_store;border;1;Q1_stockout_category_only;False;;True;1;0;1;0.0;0.0132;;0;0;40
ablation_no_sat;border_stockout_missing_store;border;1;Q1_stockout_category_only;False;;False;0;0;0;0.0;0.2582;False;0;0;40
ablation_no_real;border_stockout_missing_store;border;1;Q1_stockout_category_only;False;;False;0;0;0;0.0;0.2008;False;0;0;40
ablation_ceval_any_intersection;border_stockout_missing_store;border;1;Q1_stockout_category_only;False;;False;0;0;0;0.0;0.1932;False;0;0;40
baseline_random_matched;border_stockout_missing_store;border;1;Q1_stockout_category_only;False;;True;1;0;1;0.0;0.0027;;0;0;40
mcad;adversarial_wrong_region;adversarial;1;Q1_margin_south;False;;False;0;0;0;0.0;0.3039;False;0;0;40
baseline_naive;adversarial_wrong_region;adversarial;1;Q1_margin_south;False;;True;1;0;1;0.0;0.001;;0;0;40
baseline_measure_overlap;adversarial_wrong_region;adversarial;1;Q1_margin_south;False;;True;1;0;1;0.0;0.0134;;0;0;40
ablation_no_sat;adversarial_wrong_region;adversarial;1;Q1_margin_south;False;;False;0;0;0;0.0;0.2075;False;0;0;40
ablation_no_real;adversarial_wrong_region;adversarial;1;Q1_margin_south;False;;False;0;0;0;0.0;0.1742;False;0;0;40
ablation_ceval_any_intersection;adversarial_wrong_region;adversarial;1;Q1_margin_south;False;;False;0;0;0;0.0;0.1668;False;0;0;40
baseline_random_matched;adversarial_wrong_region;adversarial;1;Q1_margin_south;False;;False;0;0;0;0.0;0.0029;;0;0;40
mcad;adversarial_wrong_year;adversarial;1;Q1_stockout_1997;False;;False;0;0;0;0.0;0.2893;False;0;0;40
baseline_naive;adversarial_wrong_year;adversarial;1;Q1_stockout_1997;False;;True;1;0;1;0.0;0.0009;;0;0;40
baseline_measure_overlap;adversarial_wrong_year;adversarial;1;Q1_stockout_1997;False;;True;1;0;1;0.0;0.014;;0;0;40
ablation_no_sat;adversarial_wrong_year;adversarial;1;Q1_stockout_1997;False;;False;0;0;0;0.0;0.1902;False;0;0;40
ablation_no_real;adversarial_wrong_year;adversarial;1;Q1_stockout_1997;False;;False;0;0;0;0.0;0.1705;False;0;0;40
ablation_ceval_any_intersection;adversarial_wrong_year;adversarial;1;Q1_stockout_1997;False;;False;0;0;0;0.0;0.1747;False;0;0;40
baseline_random_matched;adversarial_wrong_year;adversarial;1;Q1_stockout_1997;False;;False;0;0;0;0.0;0.0028;;0;0;40
mcad;adversarial_invalid_no_measures;adversarial;1;Q1_invalid_no_measure;False;;False;0;0;0;0.0;0.0729;False;0;0;40
baseline_naive;adversarial_invalid_no_measures;adversarial;1;Q1_invalid_no_measure;False;;True;1;0;1;0.0;0.0013;;0;0;40
baseline_measure_overlap;adversarial_invalid_no_measures;adversarial;1;Q1_invalid_no_measure;False;;False;0;0;0;0.0;0.0143;;0;0;40
ablation_no_sat;adversarial_invalid_no_measures;adversarial;1;Q1_invalid_no_measure;False;;False;0;0;0;0.0;0.0894;False;0;0;40
ablation_no_real;adversarial_invalid_no_measures;adversarial;1;Q1_invalid_no_measure;False;;False;0;0;0;0.0;0.086;False;0;0;40
ablation_ceval_any_intersection;adversarial_invalid_no_measures;adversarial;1;Q1_invalid_no_measure;False;;False;0;0;0;0.0;0.0729;False;0;0;40
baseline_random_matched;adversarial_invalid_no_measures;adversarial;1;Q1_invalid_no_measure;False;;False;0;0;0;0.0;0.0034;;0;0;40
mcad;stress_exploratory_then_useful;stress;1;Q1_noise_region;False;;False;0;0;0;0.0;0.1984;False;0;0;40
mcad;stress_exploratory_then_useful;stress;2;Q2_noise_margin_all;False;;False;0;0;0;0.0;0.1421;False;0;0;40
mcad;stress_exploratory_then_useful;stress;3;Q3_useful_margin;True;c1;True;0;0;0;0.333333;0.2619;True;1;1;40
baseline_naive;stress_exploratory_then_useful;stress;1;Q1_noise_region;False;;True;1;0;1;0.0;0.0009;;0;0;40
baseline_naive;stress_exploratory_then_useful;stress;2;Q2_noise_margin_all;False;;True;1;0;1;0.0;0.0005;;0;0;40
baseline_naive;stress_exploratory_then_useful;stress;3;Q3_useful_margin;True;c1;True;0;0;0;0.333333;0.0004;;0;0;40
baseline_measure_overlap;stress_exploratory_then_useful;stress;1;Q1_noise_region;False;;True;1;0;1;0.0;0.0143;;0;0;40
baseline_measure_overlap;stress_exploratory_then_useful;stress;2;Q2_noise_margin_all;False;;True;1;0;1;0.0;0.0053;;0;0;40
baseline_measure_overlap;stress_exploratory_then_useful;stress;3;Q3_useful_margin;True;c1;True;0;0;0;0.333333;0.0044;;0;0;40
ablation_no_sat;stress_exploratory_then_useful;stress;1;Q1_noise_region;False;;False;0;0;0;0.0;0.4095;False;0;0;40
ablation_no_sat;stress_exploratory_then_useful;stress;2;Q2_noise_margin_all;False;;False;0;0;0;0.0;0.3501;False;0;0;40
ablation_no_sat;stress_exploratory_then_useful;stress;3;Q3_useful_margin;True;c1;True;0;0;0;0.333333;0.4911;True;1;1;40
ablation_no_real;stress_exploratory_then_useful;stress;1;Q1_noise_region;False;;False;0;0;0;0.0;0.2138;False;0;0;40
ablation_no_real;stress_exploratory_then_useful;stress;2;Q2_noise_margin_all;False;;False;0;0;0;0.0;0.1812;False;0;0;40
ablation_no_real;stress_exploratory_then_useful;stress;3;Q3_useful_margin;True;c1;True;0;0;0;0.333333;0.2545;True;1;1;40
ablation_ceval_any_intersection;stress_exploratory_then_useful;stress;1;Q1_noise_region;False;;False;0;0;0;0.0;0.3439;False;0;0;40
ablation_ceval_any_intersection;stress_exploratory_then_useful;stress;2;Q2_noise_margin_all;False;;False;0;0;0;0.0;0.2614;False;0;0;40
ablation_ceval_any_intersection;stress_exploratory_then_useful;stress;3;Q3_useful_margin;True;c1;True;0;0;0;0.333333;0.4619;True;1;1;40
baseline_random_matched;stress_exploratory_then_useful;stress;1;Q1_noise_region;False;;False;0;0;0;0.0;0.0032;;0;0;40
baseline_random_matched;stress_exploratory_then_useful;stress;2;Q2_noise_margin_all;False;;True;1;0;1;0.0;0.0006;;0;0;40
baseline_random_matched;stress_exploratory_then_useful;stress;3;Q3_useful_margin;True;c1;True;0;0;0;0.333333;0.0005;;0;0;40
mcad;happy_guided_article_short;happy;1;Q1_margin_month;True;c1;True;0;0;0;0.333333;0.2873;True;1;1;41
mcad;happy_guided_article_short;happy;2;Q2_stockout_store;True;c2;True;0;0;0;0.666667;0.2394;True;1;1;41
mcad;happy_guided_article_short;happy;3;Q3_sales_growth;True;c3;True;0;0;0;1.0;0.3298;True;2;1;41
baseline_naive;happy_guided_article_short;happy;1;Q1_margin_month;True;c1;True;0;0;0;0.333333;0.0009;;0;0;41
baseline_naive;happy_guided_article_short;happy;2;Q2_stockout_store;True;c2;True;0;0;0;0.666667;0.0004;;0;0;41
baseline_naive;happy_guided_article_short;happy;3;Q3_sales_growth;True;c3;True;0;0;0;1.0;0.0003;;0;0;41
baseline_measure_overlap;happy_guided_article_short;happy;1;Q1_margin_month;True;c1;True;0;0;0;0.333333;0.0137;;0;0;41
baseline_measure_overlap;happy_guided_article_short;happy;2;Q2_stockout_store;True;c2;True;0;0;0;0.666667;0.0056;;0;0;41
baseline_measure_overlap;happy_guided_article_short;happy;3;Q3_sales_growth;True;c3;True;0;0;0;1.0;0.0044;;0;0;41
ablation_no_sat;happy_guided_article_short;happy;1;Q1_margin_month;True;c1;True;0;0;0;0.333333;0.2791;True;1;1;41
ablation_no_sat;happy_guided_article_short;happy;2;Q2_stockout_store;True;c2;True;0;0;0;0.666667;0.2573;True;1;1;41
ablation_no_sat;happy_guided_article_short;happy;3;Q3_sales_growth;True;c3;True;0;0;0;1.0;0.3305;True;2;1;41
ablation_no_real;happy_guided_article_short;happy;1;Q1_margin_month;True;c1;True;0;0;0;0.333333;0.2799;True;1;1;41
ablation_no_real;happy_guided_article_short;happy;2;Q2_stockout_store;True;c2;True;0;0;0;0.666667;0.247;True;1;1;41
ablation_no_real;happy_guided_article_short;happy;3;Q3_sales_growth;True;c3;True;0;0;0;1.0;0.3467;True;2;1;41
ablation_ceval_any_intersection;happy_guided_article_short;happy;1;Q1_margin_month;True;c1;True;0;0;0;0.333333;0.2749;True;1;1;41
ablation_ceval_any_intersection;happy_guided_article_short;happy;2;Q2_stockout_store;True;c2;True;0;0;0;0.666667;0.238;True;1;1;41
ablation_ceval_any_intersection;happy_guided_article_short;happy;3;Q3_sales_growth;True;c3;True;0;0;0;1.0;0.3242;True;2;1;41
baseline_random_matched;happy_guided_article_short;happy;1;Q1_margin_month;True;c1;True;0;0;0;0.333333;0.0032;;0;0;41
baseline_random_matched;happy_guided_article_short;happy;2;Q2_stockout_store;True;c2;False;0;1;0;0.333333;0.0007;;0;0;41
baseline_random_matched;happy_guided_article_short;happy;3;Q3_sales_growth;True;c3;False;0;1;0;0.333333;0.0005;;0;0;41
mcad;happy_guided_reordered;happy;1;Q1_sales_growth;True;c3;True;0;0;0;0.333333;0.3784;True;2;1;41
mcad;happy_guided_reordered;happy;2;Q2_margin_month;True;c1;True;0;0;0;0.666667;0.293;True;1;1;41
mcad;happy_guided_reordered;happy;3;Q3_stockout_store;True;c2;True;0;0;0;1.0;0.2516;True;1;1;41
baseline_naive;happy_guided_reordered;happy;1;Q1_sales_growth;True;c3;True;0;0;0;0.333333;0.0009;;0;0;41
baseline_naive;happy_guided_reordered;happy;2;Q2_margin_month;True;c1;True;0;0;0;0.666667;0.0004;;0;0;41
baseline_naive;happy_guided_reordered;happy;3;Q3_stockout_store;True;c2;True;0;0;0;1.0;0.0003;;0;0;41
baseline_measure_overlap;happy_guided_reordered;happy;1;Q1_sales_growth;True;c3;True;0;0;0;0.333333;0.0132;;0;0;41
baseline_measure_overlap;happy_guided_reordered;happy;2;Q2_margin_month;True;c1;True;0;0;0;0.666667;0.0053;;0;0;41
baseline_measure_overlap;happy_guided_reordered;happy;3;Q3_stockout_store;True;c2;True;0;0;0;1.0;0.0046;;0;0;41
ablation_no_sat;happy_guided_reordered;happy;1;Q1_sales_growth;True;c3;True;0;0;0;0.333333;0.376;True;2;1;41
ablation_no_sat;happy_guided_reordered;happy;2;Q2_margin_month;True;c1;True;0;0;0;0.666667;0.2489;True;1;1;41
ablation_no_sat;happy_guided_reordered;happy;3;Q3_stockout_store;True;c2;True;0;0;0;1.0;0.2418;True;1;1;41
ablation_no_real;happy_guided_reordered;happy;1;Q1_sales_growth;True;c3;True;0;0;0;0.333333;0.3709;True;2;1;41
ablation_no_real;happy_guided_reordered;happy;2;Q2_margin_month;True;c1;True;0;0;0;0.666667;0.2525;True;1;1;41
ablation_no_real;happy_guided_reordered;happy;3;Q3_stockout_store;True;c2;True;0;0;0;1.0;0.2396;True;1;1;41
ablation_ceval_any_intersection;happy_guided_reordered;happy;1;Q1_sales_growth;True;c3;True;0;0;0;0.333333;0.37;True;2;1;41
ablation_ceval_any_intersection;happy_guided_reordered;happy;2;Q2_margin_month;True;c1;True;0;0;0;0.666667;0.2437;True;1;1;41
ablation_ceval_any_intersection;happy_guided_reordered;happy;3;Q3_stockout_store;True;c2;True;0;0;0;1.0;0.2363;True;1;1;41
baseline_random_matched;happy_guided_reordered;happy;1;Q1_sales_growth;True;c3;False;0;1;0;0.0;0.0047;;0;0;41
baseline_random_matched;happy_guided_reordered;happy;2;Q2_margin_month;True;c1;True;0;0;0;0.333333;0.001;;0;0;41
baseline_random_matched;happy_guided_reordered;happy;3;Q3_stockout_store;True;c2;True;0;0;0;0.666667;0.0008;;0;0;41
mcad;happy_guided_compact;happy;1;Q1_margin_month;True;c1;True;0;0;0;0.333333;0.2925;True;1;1;41
mcad;happy_guided_compact;happy;2;Q2_sales_growth;True;c3;True;0;0;0;0.666667;0.3355;True;2;1;41
mcad;happy_guided_compact;happy;3;Q3_stockout_store;True;c2;True;0;0;0;1.0;0.2389;True;1;1;41
baseline_naive;happy_guided_compact;happy;1;Q1_margin_month;True;c1;True;0;0;0;0.333333;0.001;;0;0;41
baseline_naive;happy_guided_compact;happy;2;Q2_sales_growth;True;c3;True;0;0;0;0.666667;0.0005;;0;0;41
baseline_naive;happy_guided_compact;happy;3;Q3_stockout_store;True;c2;True;0;0;0;1.0;0.0004;;0;0;41
baseline_measure_overlap;happy_guided_compact;happy;1;Q1_margin_month;True;c1;True;0;0;0;0.333333;0.0189;;0;0;41
baseline_measure_overlap;happy_guided_compact;happy;2;Q2_sales_growth;True;c3;True;0;0;0;0.666667;0.0081;;0;0;41
baseline_measure_overlap;happy_guided_compact;happy;3;Q3_stockout_store;True;c2;True;0;0;0;1.0;0.0048;;0;0;41
ablation_no_sat;happy_guided_compact;happy;1;Q1_margin_month;True;c1;True;0;0;0;0.333333;0.2842;True;1;1;41
ablation_no_sat;happy_guided_compact;happy;2;Q2_sales_growth;True;c3;True;0;0;0;0.666667;0.3525;True;2;1;41
ablation_no_sat;happy_guided_compact;happy;3;Q3_stockout_store;True;c2;True;0;0;0;1.0;0.2424;True;1;1;41
ablation_no_real;happy_guided_compact;happy;1;Q1_margin_month;True;c1;True;0;0;0;0.333333;0.2934;True;1;1;41
ablation_no_real;happy_guided_compact;happy;2;Q2_sales_growth;True;c3;True;0;0;0;0.666667;0.3568;True;2;1;41
ablation_no_real;happy_guided_compact;happy;3;Q3_stockout_store;True;c2;True;0;0;0;1.0;0.2463;True;1;1;41
ablation_ceval_any_intersection;happy_guided_compact;happy;1;Q1_margin_month;True;c1;True;0;0;0;0.333333;0.2768;True;1;1;41
ablation_ceval_any_intersection;happy_guided_compact;happy;2;Q2_sales_growth;True;c3;True;0;0;0;0.666667;0.3356;True;2;1;41
ablation_ceval_any_intersection;happy_guided_compact;happy;3;Q3_stockout_store;True;c2;True;0;0;0;1.0;0.2515;True;1;1;41
baseline_random_matched;happy_guided_compact;happy;1;Q1_margin_month;True;c1;True;0;0;0;0.333333;0.004;;0;0;41
baseline_random_matched;happy_guided_compact;happy;2;Q2_sales_growth;True;c3;False;0;1;0;0.333333;0.0009;;0;0;41
baseline_random_matched;happy_guided_compact;happy;3;Q3_stockout_store;True;c2;True;0;0;0;0.666667;0.0007;;0;0;41
mcad;border_growth_partial_1998_only;border;1;Q1_sales_1998_only;False;;False;0;0;0;0.0;0.674;True;1;0;41
baseline_naive;border_growth_partial_1998_only;border;1;Q1_sales_1998_only;False;;True;1;0;1;0.0;0.0019;;0;0;41
baseline_measure_overlap;border_growth_partial_1998_only;border;1;Q1_sales_1998_only;False;;True;1;0;1;0.0;0.0194;;0;0;41
ablation_no_sat;border_growth_partial_1998_only;border;1;Q1_sales_1998_only;False;;False;0;0;0;0.0;0.6457;True;1;0;41
ablation_no_real;border_growth_partial_1998_only;border;1;Q1_sales_1998_only;False;;True;1;0;1;0.0;0.4381;True;1;0;41
ablation_ceval_any_intersection;border_growth_partial_1998_only;border;1;Q1_sales_1998_only;False;;True;1;0;1;0.0;0.3525;True;1;1;41
baseline_random_matched;border_growth_partial_1998_only;border;1;Q1_sales_1998_only;False;;True;1;0;1;0.0;0.0032;;0;0;41
mcad;border_margin_wrong_grain;border;1;Q1_margin_quarter_only;False;;False;0;0;0;0.0;0.205;False;0;0;41
baseline_naive;border_margin_wrong_grain;border;1;Q1_margin_quarter_only;False;;True;1;0;1;0.0;0.0009;;0;0;41
baseline_measure_overlap;border_margin_wrong_grain;border;1;Q1_margin_quarter_only;False;;True;1;0;1;0.0;0.0139;;0;0;41
ablation_no_sat;border_margin_wrong_grain;border;1;Q1_margin_quarter_only;False;;False;0;0;0;0.0;0.268;False;0;0;41
ablation_no_real;border_margin_wrong_grain;border;1;Q1_margin_quarter_only;False;;False;0;0;0;0.0;0.3627;False;0;0;41
ablation_ceval_any_intersection;border_margin_wrong_grain;border;1;Q1_margin_quarter_only;False;;False;0;0;0;0.0;0.2058;False;0;0;41
baseline_random_matched;border_margin_wrong_grain;border;1;Q1_margin_quarter_only;False;;True;1;0;1;0.0;0.0035;;0;0;41
mcad;border_stockout_missing_store;border;1;Q1_stockout_category_only;False;;False;0;0;0;0.0;0.2032;False;0;0;41
baseline_naive;border_stockout_missing_store;border;1;Q1_stockout_category_only;False;;True;1;0;1;0.0;0.001;;0;0;41
baseline_measure_overlap;border_stockout_missing_store;border;1;Q1_stockout_category_only;False;;True;1;0;1;0.0;0.0136;;0;0;41
ablation_no_sat;border_stockout_missing_store;border;1;Q1_stockout_category_only;False;;False;0;0;0;0.0;0.2645;False;0;0;41
ablation_no_real;border_stockout_missing_store;border;1;Q1_stockout_category_only;False;;False;0;0;0;0.0;0.3807;False;0;0;41
ablation_ceval_any_intersection;border_stockout_missing_store;border;1;Q1_stockout_category_only;False;;False;0;0;0;0.0;0.1998;False;0;0;41
baseline_random_matched;border_stockout_missing_store;border;1;Q1_stockout_category_only;False;;False;0;0;0;0.0;0.0028;;0;0;41
mcad;adversarial_wrong_region;adversarial;1;Q1_margin_south;False;;False;0;0;0;0.0;0.1725;False;0;0;41
baseline_naive;adversarial_wrong_region;adversarial;1;Q1_margin_south;False;;True;1;0;1;0.0;0.0009;;0;0;41
baseline_measure_overlap;adversarial_wrong_region;adversarial;1;Q1_margin_south;False;;True;1;0;1;0.0;0.0135;;0;0;41
ablation_no_sat;adversarial_wrong_region;adversarial;1;Q1_margin_south;False;;False;0;0;0;0.0;0.2096;False;0;0;41
ablation_no_real;adversarial_wrong_region;adversarial;1;Q1_margin_south;False;;False;0;0;0;0.0;0.1768;False;0;0;41
ablation_ceval_any_intersection;adversarial_wrong_region;adversarial;1;Q1_margin_south;False;;False;0;0;0;0.0;0.2988;False;0;0;41
baseline_random_matched;adversarial_wrong_region;adversarial;1;Q1_margin_south;False;;True;1;0;1;0.0;0.0039;;0;0;41
mcad;adversarial_wrong_year;adversarial;1;Q1_stockout_1997;False;;False;0;0;0;0.0;0.3133;False;0;0;41
baseline_naive;adversarial_wrong_year;adversarial;1;Q1_stockout_1997;False;;True;1;0;1;0.0;0.0018;;0;0;41
baseline_measure_overlap;adversarial_wrong_year;adversarial;1;Q1_stockout_1997;False;;True;1;0;1;0.0;0.0218;;0;0;41
ablation_no_sat;adversarial_wrong_year;adversarial;1;Q1_stockout_1997;False;;False;0;0;0;0.0;0.2013;False;0;0;41
ablation_no_real;adversarial_wrong_year;adversarial;1;Q1_stockout_1997;False;;False;0;0;0;0.0;0.2934;False;0;0;41
ablation_ceval_any_intersection;adversarial_wrong_year;adversarial;1;Q1_stockout_1997;False;;False;0;0;0;0.0;0.1674;False;0;0;41
baseline_random_matched;adversarial_wrong_year;adversarial;1;Q1_stockout_1997;False;;False;0;0;0;0.0;0.0033;;0;0;41
mcad;adversarial_invalid_no_measures;adversarial;1;Q1_invalid_no_measure;False;;False;0;0;0;0.0;0.0737;False;0;0;41
baseline_naive;adversarial_invalid_no_measures;adversarial;1;Q1_invalid_no_measure;False;;True;1;0;1;0.0;0.0009;;0;0;41
baseline_measure_overlap;adversarial_invalid_no_measures;adversarial;1;Q1_invalid_no_measure;False;;False;0;0;0;0.0;0.0171;;0;0;41
ablation_no_sat;adversarial_invalid_no_measures;adversarial;1;Q1_invalid_no_measure;False;;False;0;0;0;0.0;0.0897;False;0;0;41
ablation_no_real;adversarial_invalid_no_measures;adversarial;1;Q1_invalid_no_measure;False;;False;0;0;0;0.0;0.0796;False;0;0;41
ablation_ceval_any_intersection;adversarial_invalid_no_measures;adversarial;1;Q1_invalid_no_measure;False;;False;0;0;0;0.0;0.0712;False;0;0;41
baseline_random_matched;adversarial_invalid_no_measures;adversarial;1;Q1_invalid_no_measure;False;;True;1;0;1;0.0;0.0032;;0;0;41
mcad;stress_exploratory_then_useful;stress;1;Q1_noise_region;False;;False;0;0;0;0.0;0.2212;False;0;0;41
mcad;stress_exploratory_then_useful;stress;2;Q2_noise_margin_all;False;;False;0;0;0;0.0;0.1447;False;0;0;41
mcad;stress_exploratory_then_useful;stress;3;Q3_useful_margin;True;c1;True;0;0;0;0.333333;0.253;True;1;1;41
baseline_naive;stress_exploratory_then_useful;stress;1;Q1_noise_region;False;;True;1;0;1;0.0;0.0009;;0;0;41
baseline_naive;stress_exploratory_then_useful;stress;2;Q2_noise_margin_all;False;;True;1;0;1;0.0;0.0005;;0;0;41
baseline_naive;stress_exploratory_then_useful;stress;3;Q3_useful_margin;True;c1;True;0;0;0;0.333333;0.0003;;0;0;41
baseline_measure_overlap;stress_exploratory_then_useful;stress;1;Q1_noise_region;False;;True;1;0;1;0.0;0.0209;;0;0;41
baseline_measure_overlap;stress_exploratory_then_useful;stress;2;Q2_noise_margin_all;False;;True;1;0;1;0.0;0.0094;;0;0;41
baseline_measure_overlap;stress_exploratory_then_useful;stress;3;Q3_useful_margin;True;c1;True;0;0;0;0.333333;0.0079;;0;0;41
ablation_no_sat;stress_exploratory_then_useful;stress;1;Q1_noise_region;False;;False;0;0;0;0.0;0.2429;False;0;0;41
ablation_no_sat;stress_exploratory_then_useful;stress;2;Q2_noise_margin_all;False;;False;0;0;0;0.0;0.1769;False;0;0;41
ablation_no_sat;stress_exploratory_then_useful;stress;3;Q3_useful_margin;True;c1;True;0;0;0;0.333333;0.2615;True;1;1;41
ablation_no_real;stress_exploratory_then_useful;stress;1;Q1_noise_region;False;;False;0;0;0;0.0;0.2023;False;0;0;41
ablation_no_real;stress_exploratory_then_useful;stress;2;Q2_noise_margin_all;False;;False;0;0;0;0.0;0.1485;False;0;0;41
ablation_no_real;stress_exploratory_then_useful;stress;3;Q3_useful_margin;True;c1;True;0;0;0;0.333333;0.2575;True;1;1;41
ablation_ceval_any_intersection;stress_exploratory_then_useful;stress;1;Q1_noise_region;False;;False;0;0;0;0.0;0.1953;False;0;0;41
ablation_ceval_any_intersection;stress_exploratory_then_useful;stress;2;Q2_noise_margin_all;False;;False;0;0;0;0.0;0.1418;False;0;0;41
ablation_ceval_any_intersection;stress_exploratory_then_useful;stress;3;Q3_useful_margin;True;c1;True;0;0;0;0.333333;0.2559;True;1;1;41
baseline_random_matched;stress_exploratory_then_useful;stress;1;Q1_noise_region;False;;False;0;0;0;0.0;0.0029;;0;0;41
baseline_random_matched;stress_exploratory_then_useful;stress;2;Q2_noise_margin_all;False;;False;0;0;0;0.0;0.0007;;0;0;41
baseline_random_matched;stress_exploratory_then_useful;stress;3;Q3_useful_margin;True;c1;False;0;1;0;0.0;0.0005;;0;0;41
mcad;happy_guided_article_short;happy;1;Q1_margin_month;True;c1;True;0;0;0;0.333333;0.2922;True;1;1;42
mcad;happy_guided_article_short;happy;2;Q2_stockout_store;True;c2;True;0;0;0;0.666667;0.2481;True;1;1;42
mcad;happy_guided_article_short;happy;3;Q3_sales_growth;True;c3;True;0;0;0;1.0;0.3307;True;2;1;42
baseline_naive;happy_guided_article_short;happy;1;Q1_margin_month;True;c1;True;0;0;0;0.333333;0.001;;0;0;42
baseline_naive;happy_guided_article_short;happy;2;Q2_stockout_store;True;c2;True;0;0;0;0.666667;0.0004;;0;0;42
baseline_naive;happy_guided_article_short;happy;3;Q3_sales_growth;True;c3;True;0;0;0;1.0;0.0004;;0;0;42
baseline_measure_overlap;happy_guided_article_short;happy;1;Q1_margin_month;True;c1;True;0;0;0;0.333333;0.0192;;0;0;42
baseline_measure_overlap;happy_guided_article_short;happy;2;Q2_stockout_store;True;c2;True;0;0;0;0.666667;0.0089;;0;0;42
baseline_measure_overlap;happy_guided_article_short;happy;3;Q3_sales_growth;True;c3;True;0;0;0;1.0;0.0068;;0;0;42
ablation_no_sat;happy_guided_article_short;happy;1;Q1_margin_month;True;c1;True;0;0;0;0.333333;0.283;True;1;1;42
ablation_no_sat;happy_guided_article_short;happy;2;Q2_stockout_store;True;c2;True;0;0;0;0.666667;0.2595;True;1;1;42
ablation_no_sat;happy_guided_article_short;happy;3;Q3_sales_growth;True;c3;True;0;0;0;1.0;0.3713;True;2;1;42
ablation_no_real;happy_guided_article_short;happy;1;Q1_margin_month;True;c1;True;0;0;0;0.333333;0.2875;True;1;1;42
ablation_no_real;happy_guided_article_short;happy;2;Q2_stockout_store;True;c2;True;0;0;0;0.666667;0.303;True;1;1;42
ablation_no_real;happy_guided_article_short;happy;3;Q3_sales_growth;True;c3;True;0;0;0;1.0;0.339;True;2;1;42
ablation_ceval_any_intersection;happy_guided_article_short;happy;1;Q1_margin_month;True;c1;True;0;0;0;0.333333;0.2737;True;1;1;42
ablation_ceval_any_intersection;happy_guided_article_short;happy;2;Q2_stockout_store;True;c2;True;0;0;0;0.666667;0.2871;True;1;1;42
ablation_ceval_any_intersection;happy_guided_article_short;happy;3;Q3_sales_growth;True;c3;True;0;0;0;1.0;0.3432;True;2;1;42
baseline_random_matched;happy_guided_article_short;happy;1;Q1_margin_month;True;c1;False;0;1;0;0.0;0.0026;;0;0;42
baseline_random_matched;happy_guided_article_short;happy;2;Q2_stockout_store;True;c2;True;0;0;0;0.333333;0.0006;;0;0;42
baseline_random_matched;happy_guided_article_short;happy;3;Q3_sales_growth;True;c3;False;0;1;0;0.333333;0.0005;;0;0;42
mcad;happy_guided_reordered;happy;1;Q1_sales_growth;True;c3;True;0;0;0;0.333333;0.3784;True;2;1;42
mcad;happy_guided_reordered;happy;2;Q2_margin_month;True;c1;True;0;0;0;0.666667;0.2809;True;1;1;42
mcad;happy_guided_reordered;happy;3;Q3_stockout_store;True;c2;True;0;0;0;1.0;0.2401;True;1;1;42
baseline_naive;happy_guided_reordered;happy;1;Q1_sales_growth;True;c3;True;0;0;0;0.333333;0.001;;0;0;42
baseline_naive;happy_guided_reordered;happy;2;Q2_margin_month;True;c1;True;0;0;0;0.666667;0.0005;;0;0;42
baseline_naive;happy_guided_reordered;happy;3;Q3_stockout_store;True;c2;True;0;0;0;1.0;0.0004;;0;0;42
baseline_measure_overlap;happy_guided_reordered;happy;1;Q1_sales_growth;True;c3;True;0;0;0;0.333333;0.0184;;0;0;42
baseline_measure_overlap;happy_guided_reordered;happy;2;Q2_margin_month;True;c1;True;0;0;0;0.666667;0.0092;;0;0;42
baseline_measure_overlap;happy_guided_reordered;happy;3;Q3_stockout_store;True;c2;True;0;0;0;1.0;0.0077;;0;0;42
ablation_no_sat;happy_guided_reordered;happy;1;Q1_sales_growth;True;c3;True;0;0;0;0.333333;0.3983;True;2;1;42
ablation_no_sat;happy_guided_reordered;happy;2;Q2_margin_month;True;c1;True;0;0;0;0.666667;0.252;True;1;1;42
ablation_no_sat;happy_guided_reordered;happy;3;Q3_stockout_store;True;c2;True;0;0;0;1.0;0.2535;True;1;1;42
ablation_no_real;happy_guided_reordered;happy;1;Q1_sales_growth;True;c3;True;0;0;0;0.333333;0.3748;True;2;1;42
ablation_no_real;happy_guided_reordered;happy;2;Q2_margin_month;True;c1;True;0;0;0;0.666667;0.2545;True;1;1;42
ablation_no_real;happy_guided_reordered;happy;3;Q3_stockout_store;True;c2;True;0;0;0;1.0;0.2477;True;1;1;42
ablation_ceval_any_intersection;happy_guided_reordered;happy;1;Q1_sales_growth;True;c3;True;0;0;0;0.333333;0.4102;True;2;1;42
ablation_ceval_any_intersection;happy_guided_reordered;happy;2;Q2_margin_month;True;c1;True;0;0;0;0.666667;0.2474;True;1;1;42
ablation_ceval_any_intersection;happy_guided_reordered;happy;3;Q3_stockout_store;True;c2;True;0;0;0;1.0;0.2379;True;1;1;42
baseline_random_matched;happy_guided_reordered;happy;1;Q1_sales_growth;True;c3;False;0;1;0;0.0;0.0041;;0;0;42
baseline_random_matched;happy_guided_reordered;happy;2;Q2_margin_month;True;c1;True;0;0;0;0.333333;0.0011;;0;0;42
baseline_random_matched;happy_guided_reordered;happy;3;Q3_stockout_store;True;c2;True;0;0;0;0.666667;0.0009;;0;0;42
mcad;happy_guided_compact;happy;1;Q1_margin_month;True;c1;True;0;0;0;0.333333;0.2776;True;1;1;42
mcad;happy_guided_compact;happy;2;Q2_sales_growth;True;c3;True;0;0;0;0.666667;0.3503;True;2;1;42
mcad;happy_guided_compact;happy;3;Q3_stockout_store;True;c2;True;0;0;0;1.0;0.2407;True;1;1;42
baseline_naive;happy_guided_compact;happy;1;Q1_margin_month;True;c1;True;0;0;0;0.333333;0.0009;;0;0;42
baseline_naive;happy_guided_compact;happy;2;Q2_sales_growth;True;c3;True;0;0;0;0.666667;0.0005;;0;0;42
baseline_naive;happy_guided_compact;happy;3;Q3_stockout_store;True;c2;True;0;0;0;1.0;0.0003;;0;0;42
baseline_measure_overlap;happy_guided_compact;happy;1;Q1_margin_month;True;c1;True;0;0;0;0.333333;0.0148;;0;0;42
baseline_measure_overlap;happy_guided_compact;happy;2;Q2_sales_growth;True;c3;True;0;0;0;0.666667;0.0056;;0;0;42
baseline_measure_overlap;happy_guided_compact;happy;3;Q3_stockout_store;True;c2;True;0;0;0;1.0;0.0047;;0;0;42
ablation_no_sat;happy_guided_compact;happy;1;Q1_margin_month;True;c1;True;0;0;0;0.333333;0.2934;True;1;1;42
ablation_no_sat;happy_guided_compact;happy;2;Q2_sales_growth;True;c3;True;0;0;0;0.666667;0.3378;True;2;1;42
ablation_no_sat;happy_guided_compact;happy;3;Q3_stockout_store;True;c2;True;0;0;0;1.0;0.2413;True;1;1;42
ablation_no_real;happy_guided_compact;happy;1;Q1_margin_month;True;c1;True;0;0;0;0.333333;0.6211;True;1;1;42
ablation_no_real;happy_guided_compact;happy;2;Q2_sales_growth;True;c3;True;0;0;0;0.666667;1.1167;True;2;1;42
ablation_no_real;happy_guided_compact;happy;3;Q3_stockout_store;True;c2;True;0;0;0;1.0;0.4656;True;1;1;42
ablation_ceval_any_intersection;happy_guided_compact;happy;1;Q1_margin_month;True;c1;True;0;0;0;0.333333;0.2928;True;1;1;42
ablation_ceval_any_intersection;happy_guided_compact;happy;2;Q2_sales_growth;True;c3;True;0;0;0;0.666667;0.3348;True;2;1;42
ablation_ceval_any_intersection;happy_guided_compact;happy;3;Q3_stockout_store;True;c2;True;0;0;0;1.0;0.27;True;1;1;42
baseline_random_matched;happy_guided_compact;happy;1;Q1_margin_month;True;c1;False;0;1;0;0.0;0.0033;;0;0;42
baseline_random_matched;happy_guided_compact;happy;2;Q2_sales_growth;True;c3;False;0;1;0;0.0;0.0006;;0;0;42
baseline_random_matched;happy_guided_compact;happy;3;Q3_stockout_store;True;c2;False;0;1;0;0.0;0.0005;;0;0;42
mcad;border_growth_partial_1998_only;border;1;Q1_sales_1998_only;False;;False;0;0;0;0.0;0.3454;True;1;0;42
baseline_naive;border_growth_partial_1998_only;border;1;Q1_sales_1998_only;False;;True;1;0;1;0.0;0.0009;;0;0;42
baseline_measure_overlap;border_growth_partial_1998_only;border;1;Q1_sales_1998_only;False;;True;1;0;1;0.0;0.021;;0;0;42
ablation_no_sat;border_growth_partial_1998_only;border;1;Q1_sales_1998_only;False;;False;0;0;0;0.0;0.3524;True;1;0;42
ablation_no_real;border_growth_partial_1998_only;border;1;Q1_sales_1998_only;False;;True;1;0;1;0.0;0.3543;True;1;0;42
ablation_ceval_any_intersection;border_growth_partial_1998_only;border;1;Q1_sales_1998_only;False;;True;1;0;1;0.0;0.3441;True;1;1;42
baseline_random_matched;border_growth_partial_1998_only;border;1;Q1_sales_1998_only;False;;False;0;0;0;0.0;0.0034;;0;0;42
mcad;border_margin_wrong_grain;border;1;Q1_margin_quarter_only;False;;False;0;0;0;0.0;0.2147;False;0;0;42
baseline_naive;border_margin_wrong_grain;border;1;Q1_margin_quarter_only;False;;True;1;0;1;0.0;0.001;;0;0;42
baseline_measure_overlap;border_margin_wrong_grain;border;1;Q1_margin_quarter_only;False;;True;1;0;1;0.0;0.0136;;0;0;42
ablation_no_sat;border_margin_wrong_grain;border;1;Q1_margin_quarter_only;False;;False;0;0;0;0.0;0.2682;False;0;0;42
ablation_no_real;border_margin_wrong_grain;border;1;Q1_margin_quarter_only;False;;False;0;0;0;0.0;0.2076;False;0;0;42
ablation_ceval_any_intersection;border_margin_wrong_grain;border;1;Q1_margin_quarter_only;False;;False;0;0;0;0.0;0.1952;False;0;0;42
baseline_random_matched;border_margin_wrong_grain;border;1;Q1_margin_quarter_only;False;;True;1;0;1;0.0;0.0032;;0;0;42
mcad;border_stockout_missing_store;border;1;Q1_stockout_category_only;False;;False;0;0;0;0.0;0.1944;False;0;0;42
baseline_naive;border_stockout_missing_store;border;1;Q1_stockout_category_only;False;;True;1;0;1;0.0;0.0011;;0;0;42
baseline_measure_overlap;border_stockout_missing_store;border;1;Q1_stockout_category_only;False;;True;1;0;1;0.0;0.0146;;0;0;42
ablation_no_sat;border_stockout_missing_store;border;1;Q1_stockout_category_only;False;;False;0;0;0;0.0;0.4555;False;0;0;42
ablation_no_real;border_stockout_missing_store;border;1;Q1_stockout_category_only;False;;False;0;0;0;0.0;0.2028;False;0;0;42
ablation_ceval_any_intersection;border_stockout_missing_store;border;1;Q1_stockout_category_only;False;;False;0;0;0;0.0;0.2048;False;0;0;42
baseline_random_matched;border_stockout_missing_store;border;1;Q1_stockout_category_only;False;;True;1;0;1;0.0;0.0029;;0;0;42
mcad;adversarial_wrong_region;adversarial;1;Q1_margin_south;False;;False;0;0;0;0.0;0.1702;False;0;0;42
baseline_naive;adversarial_wrong_region;adversarial;1;Q1_margin_south;False;;True;1;0;1;0.0;0.0009;;0;0;42
baseline_measure_overlap;adversarial_wrong_region;adversarial;1;Q1_margin_south;False;;True;1;0;1;0.0;0.0138;;0;0;42
ablation_no_sat;adversarial_wrong_region;adversarial;1;Q1_margin_south;False;;False;0;0;0;0.0;0.2293;False;0;0;42
ablation_no_real;adversarial_wrong_region;adversarial;1;Q1_margin_south;False;;False;0;0;0;0.0;0.1805;False;0;0;42
ablation_ceval_any_intersection;adversarial_wrong_region;adversarial;1;Q1_margin_south;False;;False;0;0;0;0.0;0.1698;False;0;0;42
baseline_random_matched;adversarial_wrong_region;adversarial;1;Q1_margin_south;False;;False;0;0;0;0.0;0.0029;;0;0;42
mcad;adversarial_wrong_year;adversarial;1;Q1_stockout_1997;False;;False;0;0;0;0.0;0.1661;False;0;0;42
baseline_naive;adversarial_wrong_year;adversarial;1;Q1_stockout_1997;False;;True;1;0;1;0.0;0.0009;;0;0;42
baseline_measure_overlap;adversarial_wrong_year;adversarial;1;Q1_stockout_1997;False;;True;1;0;1;0.0;0.0137;;0;0;42
ablation_no_sat;adversarial_wrong_year;adversarial;1;Q1_stockout_1997;False;;False;0;0;0;0.0;0.1906;False;0;0;42
ablation_no_real;adversarial_wrong_year;adversarial;1;Q1_stockout_1997;False;;False;0;0;0;0.0;0.2928;False;0;0;42
ablation_ceval_any_intersection;adversarial_wrong_year;adversarial;1;Q1_stockout_1997;False;;False;0;0;0;0.0;0.1666;False;0;0;42
baseline_random_matched;adversarial_wrong_year;adversarial;1;Q1_stockout_1997;False;;False;0;0;0;0.0;0.0032;;0;0;42
mcad;adversarial_invalid_no_measures;adversarial;1;Q1_invalid_no_measure;False;;False;0;0;0;0.0;0.1225;False;0;0;42
baseline_naive;adversarial_invalid_no_measures;adversarial;1;Q1_invalid_no_measure;False;;True;1;0;1;0.0;0.001;;0;0;42
baseline_measure_overlap;adversarial_invalid_no_measures;adversarial;1;Q1_invalid_no_measure;False;;False;0;0;0;0.0;0.0131;;0;0;42
ablation_no_sat;adversarial_invalid_no_measures;adversarial;1;Q1_invalid_no_measure;False;;False;0;0;0;0.0;0.0861;False;0;0;42
ablation_no_real;adversarial_invalid_no_measures;adversarial;1;Q1_invalid_no_measure;False;;False;0;0;0;0.0;0.1307;False;0;0;42
ablation_ceval_any_intersection;adversarial_invalid_no_measures;adversarial;1;Q1_invalid_no_measure;False;;False;0;0;0;0.0;0.0732;False;0;0;42
baseline_random_matched;adversarial_invalid_no_measures;adversarial;1;Q1_invalid_no_measure;False;;False;0;0;0;0.0;0.0028;;0;0;42
mcad;stress_exploratory_then_useful;stress;1;Q1_noise_region;False;;False;0;0;0;0.0;0.1998;False;0;0;42
mcad;stress_exploratory_then_useful;stress;2;Q2_noise_margin_all;False;;False;0;0;0;0.0;0.1418;False;0;0;42
mcad;stress_exploratory_then_useful;stress;3;Q3_useful_margin;True;c1;True;0;0;0;0.333333;0.2464;True;1;1;42
baseline_naive;stress_exploratory_then_useful;stress;1;Q1_noise_region;False;;True;1;0;1;0.0;0.001;;0;0;42
baseline_naive;stress_exploratory_then_useful;stress;2;Q2_noise_margin_all;False;;True;1;0;1;0.0;0.0005;;0;0;42
baseline_naive;stress_exploratory_then_useful;stress;3;Q3_useful_margin;True;c1;True;0;0;0;0.333333;0.0004;;0;0;42
baseline_measure_overlap;stress_exploratory_then_useful;stress;1;Q1_noise_region;False;;True;1;0;1;0.0;0.013;;0;0;42
baseline_measure_overlap;stress_exploratory_then_useful;stress;2;Q2_noise_margin_all;False;;True;1;0;1;0.0;0.0054;;0;0;42
baseline_measure_overlap;stress_exploratory_then_useful;stress;3;Q3_useful_margin;True;c1;True;0;0;0;0.333333;0.0043;;0;0;42
ablation_no_sat;stress_exploratory_then_useful;stress;1;Q1_noise_region;False;;False;0;0;0;0.0;0.2309;False;0;0;42
ablation_no_sat;stress_exploratory_then_useful;stress;2;Q2_noise_margin_all;False;;False;0;0;0;0.0;0.1671;False;0;0;42
ablation_no_sat;stress_exploratory_then_useful;stress;3;Q3_useful_margin;True;c1;True;0;0;0;0.333333;0.2542;True;1;1;42
ablation_no_real;stress_exploratory_then_useful;stress;1;Q1_noise_region;False;;False;0;0;0;0.0;0.4079;False;0;0;42
ablation_no_real;stress_exploratory_then_useful;stress;2;Q2_noise_margin_all;False;;False;0;0;0;0.0;0.2848;False;0;0;42
ablation_no_real;stress_exploratory_then_useful;stress;3;Q3_useful_margin;True;c1;True;0;0;0;0.333333;0.4862;True;1;1;42
ablation_ceval_any_intersection;stress_exploratory_then_useful;stress;1;Q1_noise_region;False;;False;0;0;0;0.0;0.2056;False;0;0;42
ablation_ceval_any_intersection;stress_exploratory_then_useful;stress;2;Q2_noise_margin_all;False;;False;0;0;0;0.0;0.1714;False;0;0;42
ablation_ceval_any_intersection;stress_exploratory_then_useful;stress;3;Q3_useful_margin;True;c1;True;0;0;0;0.333333;0.2501;True;1;1;42
baseline_random_matched;stress_exploratory_then_useful;stress;1;Q1_noise_region;False;;True;1;0;1;0.0;0.0033;;0;0;42
baseline_random_matched;stress_exploratory_then_useful;stress;2;Q2_noise_margin_all;False;;False;0;0;0;0.0;0.0006;;0;0;42
baseline_random_matched;stress_exploratory_then_useful;stress;3;Q3_useful_margin;True;c1;True;0;0;0;0.333333;0.0005;;0;0;42
mcad;happy_guided_article_short;happy;1;Q1_margin_month;True;c1;True;0;0;0;0.333333;0.2833;True;1;1;43
mcad;happy_guided_article_short;happy;2;Q2_stockout_store;True;c2;True;0;0;0;0.666667;0.2438;True;1;1;43
mcad;happy_guided_article_short;happy;3;Q3_sales_growth;True;c3;True;0;0;0;1.0;0.3336;True;2;1;43
baseline_naive;happy_guided_article_short;happy;1;Q1_margin_month;True;c1;True;0;0;0;0.333333;0.001;;0;0;43
baseline_naive;happy_guided_article_short;happy;2;Q2_stockout_store;True;c2;True;0;0;0;0.666667;0.0005;;0;0;43
baseline_naive;happy_guided_article_short;happy;3;Q3_sales_growth;True;c3;True;0;0;0;1.0;0.0003;;0;0;43
baseline_measure_overlap;happy_guided_article_short;happy;1;Q1_margin_month;True;c1;True;0;0;0;0.333333;0.0199;;0;0;43
baseline_measure_overlap;happy_guided_article_short;happy;2;Q2_stockout_store;True;c2;True;0;0;0;0.666667;0.0096;;0;0;43
baseline_measure_overlap;happy_guided_article_short;happy;3;Q3_sales_growth;True;c3;True;0;0;0;1.0;0.0075;;0;0;43
ablation_no_sat;happy_guided_article_short;happy;1;Q1_margin_month;True;c1;True;0;0;0;0.333333;0.2793;True;1;1;43
ablation_no_sat;happy_guided_article_short;happy;2;Q2_stockout_store;True;c2;True;0;0;0;0.666667;0.2443;True;1;1;43
ablation_no_sat;happy_guided_article_short;happy;3;Q3_sales_growth;True;c3;True;0;0;0;1.0;0.3627;True;2;1;43
ablation_no_real;happy_guided_article_short;happy;1;Q1_margin_month;True;c1;True;0;0;0;0.333333;0.2919;True;1;1;43
ablation_no_real;happy_guided_article_short;happy;2;Q2_stockout_store;True;c2;True;0;0;0;0.666667;0.2614;True;1;1;43
ablation_no_real;happy_guided_article_short;happy;3;Q3_sales_growth;True;c3;True;0;0;0;1.0;0.3989;True;2;1;43
ablation_ceval_any_intersection;happy_guided_article_short;happy;1;Q1_margin_month;True;c1;True;0;0;0;0.333333;0.2816;True;1;1;43
ablation_ceval_any_intersection;happy_guided_article_short;happy;2;Q2_stockout_store;True;c2;True;0;0;0;0.666667;0.2398;True;1;1;43
ablation_ceval_any_intersection;happy_guided_article_short;happy;3;Q3_sales_growth;True;c3;True;0;0;0;1.0;0.3268;True;2;1;43
baseline_random_matched;happy_guided_article_short;happy;1;Q1_margin_month;True;c1;True;0;0;0;0.333333;0.0034;;0;0;43
baseline_random_matched;happy_guided_article_short;happy;2;Q2_stockout_store;True;c2;True;0;0;0;0.666667;0.0007;;0;0;43
baseline_random_matched;happy_guided_article_short;happy;3;Q3_sales_growth;True;c3;True;0;0;0;1.0;0.0006;;0;0;43
mcad;happy_guided_reordered;happy;1;Q1_sales_growth;True;c3;True;0;0;0;0.333333;0.3962;True;2;1;43
mcad;happy_guided_reordered;happy;2;Q2_margin_month;True;c1;True;0;0;0;0.666667;0.2476;True;1;1;43
mcad;happy_guided_reordered;happy;3;Q3_stockout_store;True;c2;True;0;0;0;1.0;0.2386;True;1;1;43
baseline_naive;happy_guided_reordered;happy;1;Q1_sales_growth;True;c3;True;0;0;0;0.333333;0.001;;0;0;43
baseline_naive;happy_guided_reordered;happy;2;Q2_margin_month;True;c1;True;0;0;0;0.666667;0.0005;;0;0;43
baseline_naive;happy_guided_reordered;happy;3;Q3_stockout_store;True;c2;True;0;0;0;1.0;0.0004;;0;0;43
baseline_measure_overlap;happy_guided_reordered;happy;1;Q1_sales_growth;True;c3;True;0;0;0;0.333333;0.014;;0;0;43
baseline_measure_overlap;happy_guided_reordered;happy;2;Q2_margin_month;True;c1;True;0;0;0;0.666667;0.0054;;0;0;43
baseline_measure_overlap;happy_guided_reordered;happy;3;Q3_stockout_store;True;c2;True;0;0;0;1.0;0.0045;;0;0;43
ablation_no_sat;happy_guided_reordered;happy;1;Q1_sales_growth;True;c3;True;0;0;0;0.333333;0.3791;True;2;1;43
ablation_no_sat;happy_guided_reordered;happy;2;Q2_margin_month;True;c1;True;0;0;0;0.666667;0.246;True;1;1;43
ablation_no_sat;happy_guided_reordered;happy;3;Q3_stockout_store;True;c2;True;0;0;0;1.0;0.2371;True;1;1;43
ablation_no_real;happy_guided_reordered;happy;1;Q1_sales_growth;True;c3;True;0;0;0;0.333333;0.3735;True;2;1;43
ablation_no_real;happy_guided_reordered;happy;2;Q2_margin_month;True;c1;True;0;0;0;0.666667;0.2564;True;1;1;43
ablation_no_real;happy_guided_reordered;happy;3;Q3_stockout_store;True;c2;True;0;0;0;1.0;0.2568;True;1;1;43
ablation_ceval_any_intersection;happy_guided_reordered;happy;1;Q1_sales_growth;True;c3;True;0;0;0;0.333333;0.3709;True;2;1;43
ablation_ceval_any_intersection;happy_guided_reordered;happy;2;Q2_margin_month;True;c1;True;0;0;0;0.666667;0.243;True;1;1;43
ablation_ceval_any_intersection;happy_guided_reordered;happy;3;Q3_stockout_store;True;c2;True;0;0;0;1.0;0.2361;True;1;1;43
baseline_random_matched;happy_guided_reordered;happy;1;Q1_sales_growth;True;c3;True;0;0;0;0.333333;0.0031;;0;0;43
baseline_random_matched;happy_guided_reordered;happy;2;Q2_margin_month;True;c1;False;0;1;0;0.333333;0.0006;;0;0;43
baseline_random_matched;happy_guided_reordered;happy;3;Q3_stockout_store;True;c2;False;0;1;0;0.333333;0.0005;;0;0;43
mcad;happy_guided_compact;happy;1;Q1_margin_month;True;c1;True;0;0;0;0.333333;0.2781;True;1;1;43
mcad;happy_guided_compact;happy;2;Q2_sales_growth;True;c3;True;0;0;0;0.666667;0.3462;True;2;1;43
mcad;happy_guided_compact;happy;3;Q3_stockout_store;True;c2;True;0;0;0;1.0;0.2408;True;1;1;43
baseline_naive;happy_guided_compact;happy;1;Q1_margin_month;True;c1;True;0;0;0;0.333333;0.0009;;0;0;43
baseline_naive;happy_guided_compact;happy;2;Q2_sales_growth;True;c3;True;0;0;0;0.666667;0.0004;;0;0;43
baseline_naive;happy_guided_compact;happy;3;Q3_stockout_store;True;c2;True;0;0;0;1.0;0.0004;;0;0;43
baseline_measure_overlap;happy_guided_compact;happy;1;Q1_margin_month;True;c1;True;0;0;0;0.333333;0.0132;;0;0;43
baseline_measure_overlap;happy_guided_compact;happy;2;Q2_sales_growth;True;c3;True;0;0;0;0.666667;0.0051;;0;0;43
baseline_measure_overlap;happy_guided_compact;happy;3;Q3_stockout_store;True;c2;True;0;0;0;1.0;0.0043;;0;0;43
ablation_no_sat;happy_guided_compact;happy;1;Q1_margin_month;True;c1;True;0;0;0;0.333333;0.5168;True;1;1;43
ablation_no_sat;happy_guided_compact;happy;2;Q2_sales_growth;True;c3;True;0;0;0;0.666667;0.6857;True;2;1;43
ablation_no_sat;happy_guided_compact;happy;3;Q3_stockout_store;True;c2;True;0;0;0;1.0;0.4788;True;1;1;43
ablation_no_real;happy_guided_compact;happy;1;Q1_margin_month;True;c1;True;0;0;0;0.333333;0.2933;True;1;1;43
ablation_no_real;happy_guided_compact;happy;2;Q2_sales_growth;True;c3;True;0;0;0;0.666667;0.3349;True;2;1;43
ablation_no_real;happy_guided_compact;happy;3;Q3_stockout_store;True;c2;True;0;0;0;1.0;0.2402;True;1;1;43
ablation_ceval_any_intersection;happy_guided_compact;happy;1;Q1_margin_month;True;c1;True;0;0;0;0.333333;0.2736;True;1;1;43
ablation_ceval_any_intersection;happy_guided_compact;happy;2;Q2_sales_growth;True;c3;True;0;0;0;0.666667;0.3393;True;2;1;43
ablation_ceval_any_intersection;happy_guided_compact;happy;3;Q3_stockout_store;True;c2;True;0;0;0;1.0;0.2516;True;1;1;43
baseline_random_matched;happy_guided_compact;happy;1;Q1_margin_month;True;c1;False;0;1;0;0.0;0.0034;;0;0;43
baseline_random_matched;happy_guided_compact;happy;2;Q2_sales_growth;True;c3;True;0;0;0;0.333333;0.0007;;0;0;43
baseline_random_matched;happy_guided_compact;happy;3;Q3_stockout_store;True;c2;False;0;1;0;0.333333;0.0005;;0;0;43
mcad;border_growth_partial_1998_only;border;1;Q1_sales_1998_only;False;;False;0;0;0;0.0;0.3561;True;1;0;43
baseline_naive;border_growth_partial_1998_only;border;1;Q1_sales_1998_only;False;;True;1;0;1;0.0;0.0009;;0;0;43
baseline_measure_overlap;border_growth_partial_1998_only;border;1;Q1_sales_1998_only;False;;True;1;0;1;0.0;0.0132;;0;0;43
ablation_no_sat;border_growth_partial_1998_only;border;1;Q1_sales_1998_only;False;;False;0;0;0;0.0;0.3382;True;1;0;43
ablation_no_real;border_growth_partial_1998_only;border;1;Q1_sales_1998_only;False;;True;1;0;1;0.0;0.3534;True;1;0;43
ablation_ceval_any_intersection;border_growth_partial_1998_only;border;1;Q1_sales_1998_only;False;;True;1;0;1;0.0;0.33;True;1;1;43
baseline_random_matched;border_growth_partial_1998_only;border;1;Q1_sales_1998_only;False;;False;0;0;0;0.0;0.0025;;0;0;43
mcad;border_margin_wrong_grain;border;1;Q1_margin_quarter_only;False;;False;0;0;0;0.0;0.2032;False;0;0;43
baseline_naive;border_margin_wrong_grain;border;1;Q1_margin_quarter_only;False;;True;1;0;1;0.0;0.0009;;0;0;43
baseline_measure_overlap;border_margin_wrong_grain;border;1;Q1_margin_quarter_only;False;;True;1;0;1;0.0;0.0126;;0;0;43
ablation_no_sat;border_margin_wrong_grain;border;1;Q1_margin_quarter_only;False;;False;0;0;0;0.0;0.4984;False;0;0;43
ablation_no_real;border_margin_wrong_grain;border;1;Q1_margin_quarter_only;False;;False;0;0;0;0.0;0.1995;False;0;0;43
ablation_ceval_any_intersection;border_margin_wrong_grain;border;1;Q1_margin_quarter_only;False;;False;0;0;0;0.0;0.193;False;0;0;43
baseline_random_matched;border_margin_wrong_grain;border;1;Q1_margin_quarter_only;False;;False;0;0;0;0.0;0.0027;;0;0;43
mcad;border_stockout_missing_store;border;1;Q1_stockout_category_only;False;;False;0;0;0;0.0;0.1936;False;0;0;43
baseline_naive;border_stockout_missing_store;border;1;Q1_stockout_category_only;False;;True;1;0;1;0.0;0.0009;;0;0;43
baseline_measure_overlap;border_stockout_missing_store;border;1;Q1_stockout_category_only;False;;True;1;0;1;0.0;0.0175;;0;0;43
ablation_no_sat;border_stockout_missing_store;border;1;Q1_stockout_category_only;False;;False;0;0;0;0.0;0.4724;False;0;0;43
ablation_no_real;border_stockout_missing_store;border;1;Q1_stockout_category_only;False;;False;0;0;0;0.0;0.2083;False;0;0;43
ablation_ceval_any_intersection;border_stockout_missing_store;border;1;Q1_stockout_category_only;False;;False;0;0;0;0.0;0.1975;False;0;0;43
baseline_random_matched;border_stockout_missing_store;border;1;Q1_stockout_category_only;False;;True;1;0;1;0.0;0.0034;;0;0;43
mcad;adversarial_wrong_region;adversarial;1;Q1_margin_south;False;;False;0;0;0;0.0;0.1739;False;0;0;43
baseline_naive;adversarial_wrong_region;adversarial;1;Q1_margin_south;False;;True;1;0;1;0.0;0.0013;;0;0;43
baseline_measure_overlap;adversarial_wrong_region;adversarial;1;Q1_margin_south;False;;True;1;0;1;0.0;0.0141;;0;0;43
ablation_no_sat;adversarial_wrong_region;adversarial;1;Q1_margin_south;False;;False;0;0;0;0.0;0.3356;False;0;0;43
ablation_no_real;adversarial_wrong_region;adversarial;1;Q1_margin_south;False;;False;0;0;0;0.0;0.1776;False;0;0;43
ablation_ceval_any_intersection;adversarial_wrong_region;adversarial;1;Q1_margin_south;False;;False;0;0;0;0.0;0.1676;False;0;0;43
baseline_random_matched;adversarial_wrong_region;adversarial;1;Q1_margin_south;False;;True;1;0;1;0.0;0.0031;;0;0;43
mcad;adversarial_wrong_year;adversarial;1;Q1_stockout_1997;False;;False;0;0;0;0.0;0.1656;False;0;0;43
baseline_naive;adversarial_wrong_year;adversarial;1;Q1_stockout_1997;False;;True;1;0;1;0.0;0.0009;;0;0;43
baseline_measure_overlap;adversarial_wrong_year;adversarial;1;Q1_stockout_1997;False;;True;1;0;1;0.0;0.0131;;0;0;43
ablation_no_sat;adversarial_wrong_year;adversarial;1;Q1_stockout_1997;False;;False;0;0;0;0.0;0.1867;False;0;0;43
ablation_no_real;adversarial_wrong_year;adversarial;1;Q1_stockout_1997;False;;False;0;0;0;0.0;0.2942;False;0;0;43
ablation_ceval_any_intersection;adversarial_wrong_year;adversarial;1;Q1_stockout_1997;False;;False;0;0;0;0.0;0.1763;False;0;0;43
baseline_random_matched;adversarial_wrong_year;adversarial;1;Q1_stockout_1997;False;;False;0;0;0;0.0;0.0029;;0;0;43
mcad;adversarial_invalid_no_measures;adversarial;1;Q1_invalid_no_measure;False;;False;0;0;0;0.0;0.0722;False;0;0;43
baseline_naive;adversarial_invalid_no_measures;adversarial;1;Q1_invalid_no_measure;False;;True;1;0;1;0.0;0.001;;0;0;43
baseline_measure_overlap;adversarial_invalid_no_measures;adversarial;1;Q1_invalid_no_measure;False;;False;0;0;0;0.0;0.0178;;0;0;43
ablation_no_sat;adversarial_invalid_no_measures;adversarial;1;Q1_invalid_no_measure;False;;False;0;0;0;0.0;0.0908;False;0;0;43
ablation_no_real;adversarial_invalid_no_measures;adversarial;1;Q1_invalid_no_measure;False;;False;0;0;0;0.0;0.1154;False;0;0;43
ablation_ceval_any_intersection;adversarial_invalid_no_measures;adversarial;1;Q1_invalid_no_measure;False;;False;0;0;0;0.0;0.0732;False;0;0;43
baseline_random_matched;adversarial_invalid_no_measures;adversarial;1;Q1_invalid_no_measure;False;;False;0;0;0;0.0;0.0029;;0;0;43
mcad;stress_exploratory_then_useful;stress;1;Q1_noise_region;False;;False;0;0;0;0.0;0.2091;False;0;0;43
mcad;stress_exploratory_then_useful;stress;2;Q2_noise_margin_all;False;;False;0;0;0;0.0;0.1403;False;0;0;43
mcad;stress_exploratory_then_useful;stress;3;Q3_useful_margin;True;c1;True;0;0;0;0.333333;0.248;True;1;1;43
baseline_naive;stress_exploratory_then_useful;stress;1;Q1_noise_region;False;;True;1;0;1;0.0;0.0009;;0;0;43
baseline_naive;stress_exploratory_then_useful;stress;2;Q2_noise_margin_all;False;;True;1;0;1;0.0;0.0005;;0;0;43
baseline_naive;stress_exploratory_then_useful;stress;3;Q3_useful_margin;True;c1;True;0;0;0;0.333333;0.0004;;0;0;43
baseline_measure_overlap;stress_exploratory_then_useful;stress;1;Q1_noise_region;False;;True;1;0;1;0.0;0.0132;;0;0;43
baseline_measure_overlap;stress_exploratory_then_useful;stress;2;Q2_noise_margin_all;False;;True;1;0;1;0.0;0.0053;;0;0;43
baseline_measure_overlap;stress_exploratory_then_useful;stress;3;Q3_useful_margin;True;c1;True;0;0;0;0.333333;0.0044;;0;0;43
ablation_no_sat;stress_exploratory_then_useful;stress;1;Q1_noise_region;False;;False;0;0;0;0.0;0.2348;False;0;0;43
ablation_no_sat;stress_exploratory_then_useful;stress;2;Q2_noise_margin_all;False;;False;0;0;0;0.0;0.1715;False;0;0;43
ablation_no_sat;stress_exploratory_then_useful;stress;3;Q3_useful_margin;True;c1;True;0;0;0;0.333333;0.2656;True;1;1;43
ablation_no_real;stress_exploratory_then_useful;stress;1;Q1_noise_region;False;;False;0;0;0;0.0;0.3497;False;0;0;43
ablation_no_real;stress_exploratory_then_useful;stress;2;Q2_noise_margin_all;False;;False;0;0;0;0.0;0.2676;False;0;0;43
ablation_no_real;stress_exploratory_then_useful;stress;3;Q3_useful_margin;True;c1;True;0;0;0;0.333333;0.4968;True;1;1;43
ablation_ceval_any_intersection;stress_exploratory_then_useful;stress;1;Q1_noise_region;False;;False;0;0;0;0.0;0.2343;False;0;0;43
ablation_ceval_any_intersection;stress_exploratory_then_useful;stress;2;Q2_noise_margin_all;False;;False;0;0;0;0.0;0.1429;False;0;0;43
ablation_ceval_any_intersection;stress_exploratory_then_useful;stress;3;Q3_useful_margin;True;c1;True;0;0;0;0.333333;0.2666;True;1;1;43
baseline_random_matched;stress_exploratory_then_useful;stress;1;Q1_noise_region;False;;True;1;0;1;0.0;0.0041;;0;0;43
baseline_random_matched;stress_exploratory_then_useful;stress;2;Q2_noise_margin_all;False;;False;0;0;0;0.0;0.0006;;0;0;43
baseline_random_matched;stress_exploratory_then_useful;stress;3;Q3_useful_margin;True;c1;False;0;1;0;0.0;0.0005;;0;0;43
mcad;happy_guided_article_short;happy;1;Q1_margin_month;True;c1;True;0;0;0;0.333333;0.4803;True;1;1;44
mcad;happy_guided_article_short;happy;2;Q2_stockout_store;True;c2;True;0;0;0;0.666667;0.4258;True;1;1;44
mcad;happy_guided_article_short;happy;3;Q3_sales_growth;True;c3;True;0;0;0;1.0;0.5716;True;2;1;44
baseline_naive;happy_guided_article_short;happy;1;Q1_margin_month;True;c1;True;0;0;0;0.333333;0.0011;;0;0;44
baseline_naive;happy_guided_article_short;happy;2;Q2_stockout_store;True;c2;True;0;0;0;0.666667;0.0005;;0;0;44
baseline_naive;happy_guided_article_short;happy;3;Q3_sales_growth;True;c3;True;0;0;0;1.0;0.0004;;0;0;44
baseline_measure_overlap;happy_guided_article_short;happy;1;Q1_margin_month;True;c1;True;0;0;0;0.333333;0.0165;;0;0;44
baseline_measure_overlap;happy_guided_article_short;happy;2;Q2_stockout_store;True;c2;True;0;0;0;0.666667;0.0054;;0;0;44
baseline_measure_overlap;happy_guided_article_short;happy;3;Q3_sales_growth;True;c3;True;0;0;0;1.0;0.0041;;0;0;44
ablation_no_sat;happy_guided_article_short;happy;1;Q1_margin_month;True;c1;True;0;0;0;0.333333;0.283;True;1;1;44
ablation_no_sat;happy_guided_article_short;happy;2;Q2_stockout_store;True;c2;True;0;0;0;0.666667;0.2549;True;1;1;44
ablation_no_sat;happy_guided_article_short;happy;3;Q3_sales_growth;True;c3;True;0;0;0;1.0;0.3309;True;2;1;44
ablation_no_real;happy_guided_article_short;happy;1;Q1_margin_month;True;c1;True;0;0;0;0.333333;0.2858;True;1;1;44
ablation_no_real;happy_guided_article_short;happy;2;Q2_stockout_store;True;c2;True;0;0;0;0.666667;0.2608;True;1;1;44
ablation_no_real;happy_guided_article_short;happy;3;Q3_sales_growth;True;c3;True;0;0;0;1.0;0.5007;True;2;1;44
ablation_ceval_any_intersection;happy_guided_article_short;happy;1;Q1_margin_month;True;c1;True;0;0;0;0.333333;0.2734;True;1;1;44
ablation_ceval_any_intersection;happy_guided_article_short;happy;2;Q2_stockout_store;True;c2;True;0;0;0;0.666667;0.2409;True;1;1;44
ablation_ceval_any_intersection;happy_guided_article_short;happy;3;Q3_sales_growth;True;c3;True;0;0;0;1.0;0.3349;True;2;1;44
baseline_random_matched;happy_guided_article_short;happy;1;Q1_margin_month;True;c1;True;0;0;0;0.333333;0.0034;;0;0;44
baseline_random_matched;happy_guided_article_short;happy;2;Q2_stockout_store;True;c2;False;0;1;0;0.333333;0.0007;;0;0;44
baseline_random_matched;happy_guided_article_short;happy;3;Q3_sales_growth;True;c3;False;0;1;0;0.333333;0.0005;;0;0;44
mcad;happy_guided_reordered;happy;1;Q1_sales_growth;True;c3;True;0;0;0;0.333333;0.6654;True;2;1;44
mcad;happy_guided_reordered;happy;2;Q2_margin_month;True;c1;True;0;0;0;0.666667;0.4544;True;1;1;44
mcad;happy_guided_reordered;happy;3;Q3_stockout_store;True;c2;True;0;0;0;1.0;0.4565;True;1;1;44
baseline_naive;happy_guided_reordered;happy;1;Q1_sales_growth;True;c3;True;0;0;0;0.333333;0.0009;;0;0;44
baseline_naive;happy_guided_reordered;happy;2;Q2_margin_month;True;c1;True;0;0;0;0.666667;0.0005;;0;0;44
baseline_naive;happy_guided_reordered;happy;3;Q3_stockout_store;True;c2;True;0;0;0;1.0;0.0003;;0;0;44
baseline_measure_overlap;happy_guided_reordered;happy;1;Q1_sales_growth;True;c3;True;0;0;0;0.333333;0.0138;;0;0;44
baseline_measure_overlap;happy_guided_reordered;happy;2;Q2_margin_month;True;c1;True;0;0;0;0.666667;0.0052;;0;0;44
baseline_measure_overlap;happy_guided_reordered;happy;3;Q3_stockout_store;True;c2;True;0;0;0;1.0;0.0043;;0;0;44
ablation_no_sat;happy_guided_reordered;happy;1;Q1_sales_growth;True;c3;True;0;0;0;0.333333;0.3694;True;2;1;44
ablation_no_sat;happy_guided_reordered;happy;2;Q2_margin_month;True;c1;True;0;0;0;0.666667;0.2557;True;1;1;44
ablation_no_sat;happy_guided_reordered;happy;3;Q3_stockout_store;True;c2;True;0;0;0;1.0;0.2389;True;1;1;44
ablation_no_real;happy_guided_reordered;happy;1;Q1_sales_growth;True;c3;True;0;0;0;0.333333;0.5263;True;2;1;44
ablation_no_real;happy_guided_reordered;happy;2;Q2_margin_month;True;c1;True;0;0;0;0.666667;0.4634;True;1;1;44
ablation_no_real;happy_guided_reordered;happy;3;Q3_stockout_store;True;c2;True;0;0;0;1.0;0.4077;True;1;1;44
ablation_ceval_any_intersection;happy_guided_reordered;happy;1;Q1_sales_growth;True;c3;True;0;0;0;0.333333;0.7405;True;2;1;44
ablation_ceval_any_intersection;happy_guided_reordered;happy;2;Q2_margin_month;True;c1;True;0;0;0;0.666667;0.4986;True;1;1;44
ablation_ceval_any_intersection;happy_guided_reordered;happy;3;Q3_stockout_store;True;c2;True;0;0;0;1.0;0.4968;True;1;1;44
baseline_random_matched;happy_guided_reordered;happy;1;Q1_sales_growth;True;c3;True;0;0;0;0.333333;0.0049;;0;0;44
baseline_random_matched;happy_guided_reordered;happy;2;Q2_margin_month;True;c1;True;0;0;0;0.666667;0.001;;0;0;44
baseline_random_matched;happy_guided_reordered;happy;3;Q3_stockout_store;True;c2;True;0;0;0;1.0;0.0009;;0;0;44
mcad;happy_guided_compact;happy;1;Q1_margin_month;True;c1;True;0;0;0;0.333333;0.3088;True;1;1;44
mcad;happy_guided_compact;happy;2;Q2_sales_growth;True;c3;True;0;0;0;0.666667;0.3346;True;2;1;44
mcad;happy_guided_compact;happy;3;Q3_stockout_store;True;c2;True;0;0;0;1.0;0.2409;True;1;1;44
baseline_naive;happy_guided_compact;happy;1;Q1_margin_month;True;c1;True;0;0;0;0.333333;0.001;;0;0;44
baseline_naive;happy_guided_compact;happy;2;Q2_sales_growth;True;c3;True;0;0;0;0.666667;0.0005;;0;0;44
baseline_naive;happy_guided_compact;happy;3;Q3_stockout_store;True;c2;True;0;0;0;1.0;0.0003;;0;0;44
baseline_measure_overlap;happy_guided_compact;happy;1;Q1_margin_month;True;c1;True;0;0;0;0.333333;0.0148;;0;0;44
baseline_measure_overlap;happy_guided_compact;happy;2;Q2_sales_growth;True;c3;True;0;0;0;0.666667;0.0053;;0;0;44
baseline_measure_overlap;happy_guided_compact;happy;3;Q3_stockout_store;True;c2;True;0;0;0;1.0;0.0043;;0;0;44
ablation_no_sat;happy_guided_compact;happy;1;Q1_margin_month;True;c1;True;0;0;0;0.333333;0.2855;True;1;1;44
ablation_no_sat;happy_guided_compact;happy;2;Q2_sales_growth;True;c3;True;0;0;0;0.666667;0.3344;True;2;1;44
ablation_no_sat;happy_guided_compact;happy;3;Q3_stockout_store;True;c2;True;0;0;0;1.0;0.2443;True;1;1;44
ablation_no_real;happy_guided_compact;happy;1;Q1_margin_month;True;c1;True;0;0;0;0.333333;0.2867;True;1;1;44
ablation_no_real;happy_guided_compact;happy;2;Q2_sales_growth;True;c3;True;0;0;0;0.666667;0.3447;True;2;1;44
ablation_no_real;happy_guided_compact;happy;3;Q3_stockout_store;True;c2;True;0;0;0;1.0;0.2581;True;1;1;44
ablation_ceval_any_intersection;happy_guided_compact;happy;1;Q1_margin_month;True;c1;True;0;0;0;0.333333;0.4858;True;1;1;44
ablation_ceval_any_intersection;happy_guided_compact;happy;2;Q2_sales_growth;True;c3;True;0;0;0;0.666667;0.6424;True;2;1;44
ablation_ceval_any_intersection;happy_guided_compact;happy;3;Q3_stockout_store;True;c2;True;0;0;0;1.0;0.425;True;1;1;44
baseline_random_matched;happy_guided_compact;happy;1;Q1_margin_month;True;c1;True;0;0;0;0.333333;0.0041;;0;0;44
baseline_random_matched;happy_guided_compact;happy;2;Q2_sales_growth;True;c3;True;0;0;0;0.666667;0.0011;;0;0;44
baseline_random_matched;happy_guided_compact;happy;3;Q3_stockout_store;True;c2;False;0;1;0;0.666667;0.0008;;0;0;44
mcad;border_growth_partial_1998_only;border;1;Q1_sales_1998_only;False;;False;0;0;0;0.0;0.3475;True;1;0;44
baseline_naive;border_growth_partial_1998_only;border;1;Q1_sales_1998_only;False;;True;1;0;1;0.0;0.0009;;0;0;44
baseline_measure_overlap;border_growth_partial_1998_only;border;1;Q1_sales_1998_only;False;;True;1;0;1;0.0;0.0204;;0;0;44
ablation_no_sat;border_growth_partial_1998_only;border;1;Q1_sales_1998_only;False;;False;0;0;0;0.0;0.6631;True;1;0;44
ablation_no_real;border_growth_partial_1998_only;border;1;Q1_sales_1998_only;False;;True;1;0;1;0.0;0.6675;True;1;0;44
ablation_ceval_any_intersection;border_growth_partial_1998_only;border;1;Q1_sales_1998_only;False;;True;1;0;1;0.0;0.3407;True;1;1;44
baseline_random_matched;border_growth_partial_1998_only;border;1;Q1_sales_1998_only;False;;True;1;0;1;0.0;0.0034;;0;0;44
mcad;border_margin_wrong_grain;border;1;Q1_margin_quarter_only;False;;False;0;0;0;0.0;0.2018;False;0;0;44
baseline_naive;border_margin_wrong_grain;border;1;Q1_margin_quarter_only;False;;True;1;0;1;0.0;0.001;;0;0;44
baseline_measure_overlap;border_margin_wrong_grain;border;1;Q1_margin_quarter_only;False;;True;1;0;1;0.0;0.0164;;0;0;44
ablation_no_sat;border_margin_wrong_grain;border;1;Q1_margin_quarter_only;False;;False;0;0;0;0.0;0.2696;False;0;0;44
ablation_no_real;border_margin_wrong_grain;border;1;Q1_margin_quarter_only;False;;False;0;0;0;0.0;0.2173;False;0;0;44
ablation_ceval_any_intersection;border_margin_wrong_grain;border;1;Q1_margin_quarter_only;False;;False;0;0;0;0.0;0.1978;False;0;0;44
baseline_random_matched;border_margin_wrong_grain;border;1;Q1_margin_quarter_only;False;;False;0;0;0;0.0;0.0031;;0;0;44
mcad;border_stockout_missing_store;border;1;Q1_stockout_category_only;False;;False;0;0;0;0.0;0.21;False;0;0;44
baseline_naive;border_stockout_missing_store;border;1;Q1_stockout_category_only;False;;True;1;0;1;0.0;0.001;;0;0;44
baseline_measure_overlap;border_stockout_missing_store;border;1;Q1_stockout_category_only;False;;True;1;0;1;0.0;0.015;;0;0;44
ablation_no_sat;border_stockout_missing_store;border;1;Q1_stockout_category_only;False;;False;0;0;0;0.0;0.2716;False;0;0;44
ablation_no_real;border_stockout_missing_store;border;1;Q1_stockout_category_only;False;;False;0;0;0;0.0;0.3611;False;0;0;44
ablation_ceval_any_intersection;border_stockout_missing_store;border;1;Q1_stockout_category_only;False;;False;0;0;0;0.0;0.1928;False;0;0;44
baseline_random_matched;border_stockout_missing_store;border;1;Q1_stockout_category_only;False;;True;1;0;1;0.0;0.0036;;0;0;44
mcad;adversarial_wrong_region;adversarial;1;Q1_margin_south;False;;False;0;0;0;0.0;0.1694;False;0;0;44
baseline_naive;adversarial_wrong_region;adversarial;1;Q1_margin_south;False;;True;1;0;1;0.0;0.001;;0;0;44
baseline_measure_overlap;adversarial_wrong_region;adversarial;1;Q1_margin_south;False;;True;1;0;1;0.0;0.0138;;0;0;44
ablation_no_sat;adversarial_wrong_region;adversarial;1;Q1_margin_south;False;;False;0;0;0;0.0;0.2117;False;0;0;44
ablation_no_real;adversarial_wrong_region;adversarial;1;Q1_margin_south;False;;False;0;0;0;0.0;0.271;False;0;0;44
ablation_ceval_any_intersection;adversarial_wrong_region;adversarial;1;Q1_margin_south;False;;False;0;0;0;0.0;0.1819;False;0;0;44
baseline_random_matched;adversarial_wrong_region;adversarial;1;Q1_margin_south;False;;True;1;0;1;0.0;0.0029;;0;0;44
mcad;adversarial_wrong_year;adversarial;1;Q1_stockout_1997;False;;False;0;0;0;0.0;0.166;False;0;0;44
baseline_naive;adversarial_wrong_year;adversarial;1;Q1_stockout_1997;False;;True;1;0;1;0.0;0.001;;0;0;44
baseline_measure_overlap;adversarial_wrong_year;adversarial;1;Q1_stockout_1997;False;;True;1;0;1;0.0;0.0147;;0;0;44
ablation_no_sat;adversarial_wrong_year;adversarial;1;Q1_stockout_1997;False;;False;0;0;0;0.0;0.1932;False;0;0;44
ablation_no_real;adversarial_wrong_year;adversarial;1;Q1_stockout_1997;False;;False;0;0;0;0.0;0.3013;False;0;0;44
ablation_ceval_any_intersection;adversarial_wrong_year;adversarial;1;Q1_stockout_1997;False;;False;0;0;0;0.0;0.1659;False;0;0;44
baseline_random_matched;adversarial_wrong_year;adversarial;1;Q1_stockout_1997;False;;True;1;0;1;0.0;0.0034;;0;0;44
mcad;adversarial_invalid_no_measures;adversarial;1;Q1_invalid_no_measure;False;;False;0;0;0;0.0;0.0716;False;0;0;44
baseline_naive;adversarial_invalid_no_measures;adversarial;1;Q1_invalid_no_measure;False;;True;1;0;1;0.0;0.001;;0;0;44
baseline_measure_overlap;adversarial_invalid_no_measures;adversarial;1;Q1_invalid_no_measure;False;;False;0;0;0;0.0;0.013;;0;0;44
ablation_no_sat;adversarial_invalid_no_measures;adversarial;1;Q1_invalid_no_measure;False;;False;0;0;0;0.0;0.0973;False;0;0;44
ablation_no_real;adversarial_invalid_no_measures;adversarial;1;Q1_invalid_no_measure;False;;False;0;0;0;0.0;0.086;False;0;0;44
ablation_ceval_any_intersection;adversarial_invalid_no_measures;adversarial;1;Q1_invalid_no_measure;False;;False;0;0;0;0.0;0.1045;False;0;0;44
baseline_random_matched;adversarial_invalid_no_measures;adversarial;1;Q1_invalid_no_measure;False;;True;1;0;1;0.0;0.0029;;0;0;44
mcad;stress_exploratory_then_useful;stress;1;Q1_noise_region;False;;False;0;0;0;0.0;0.195;False;0;0;44
mcad;stress_exploratory_then_useful;stress;2;Q2_noise_margin_all;False;;False;0;0;0;0.0;0.1408;False;0;0;44
mcad;stress_exploratory_then_useful;stress;3;Q3_useful_margin;True;c1;True;0;0;0;0.333333;0.2599;True;1;1;44
baseline_naive;stress_exploratory_then_useful;stress;1;Q1_noise_region;False;;True;1;0;1;0.0;0.0014;;0;0;44
baseline_naive;stress_exploratory_then_useful;stress;2;Q2_noise_margin_all;False;;True;1;0;1;0.0;0.0007;;0;0;44
baseline_naive;stress_exploratory_then_useful;stress;3;Q3_useful_margin;True;c1;True;0;0;0;0.333333;0.0006;;0;0;44
baseline_measure_overlap;stress_exploratory_then_useful;stress;1;Q1_noise_region;False;;True;1;0;1;0.0;0.0207;;0;0;44
baseline_measure_overlap;stress_exploratory_then_useful;stress;2;Q2_noise_margin_all;False;;True;1;0;1;0.0;0.0091;;0;0;44
baseline_measure_overlap;stress_exploratory_then_useful;stress;3;Q3_useful_margin;True;c1;True;0;0;0;0.333333;0.0073;;0;0;44
ablation_no_sat;stress_exploratory_then_useful;stress;1;Q1_noise_region;False;;False;0;0;0;0.0;0.7922;False;0;0;44
ablation_no_sat;stress_exploratory_then_useful;stress;2;Q2_noise_margin_all;False;;False;0;0;0;0.0;0.3537;False;0;0;44
ablation_no_sat;stress_exploratory_then_useful;stress;3;Q3_useful_margin;True;c1;True;0;0;0;0.333333;0.5084;True;1;1;44
ablation_no_real;stress_exploratory_then_useful;stress;1;Q1_noise_region;False;;False;0;0;0;0.0;0.3583;False;0;0;44
ablation_no_real;stress_exploratory_then_useful;stress;2;Q2_noise_margin_all;False;;False;0;0;0;0.0;0.3007;False;0;0;44
ablation_no_real;stress_exploratory_then_useful;stress;3;Q3_useful_margin;True;c1;True;0;0;0;0.333333;0.4983;True;1;1;44
ablation_ceval_any_intersection;stress_exploratory_then_useful;stress;1;Q1_noise_region;False;;False;0;0;0;0.0;0.3579;False;0;0;44
ablation_ceval_any_intersection;stress_exploratory_then_useful;stress;2;Q2_noise_margin_all;False;;False;0;0;0;0.0;0.2972;False;0;0;44
ablation_ceval_any_intersection;stress_exploratory_then_useful;stress;3;Q3_useful_margin;True;c1;True;0;0;0;0.333333;0.489;True;1;1;44
baseline_random_matched;stress_exploratory_then_useful;stress;1;Q1_noise_region;False;;True;1;0;1;0.0;0.0055;;0;0;44
baseline_random_matched;stress_exploratory_then_useful;stress;2;Q2_noise_margin_all;False;;True;1;0;1;0.0;0.0011;;0;0;44
baseline_random_matched;stress_exploratory_then_useful;stress;3;Q3_useful_margin;True;c1;False;0;1;0;0.0;0.0009;;0;0;44
mcad;happy_guided_article_short;happy;1;Q1_margin_month;True;c1;True;0;0;0;0.333333;0.5086;True;1;1;45
mcad;happy_guided_article_short;happy;2;Q2_stockout_store;True;c2;True;0;0;0;0.666667;0.4549;True;1;1;45
mcad;happy_guided_article_short;happy;3;Q3_sales_growth;True;c3;True;0;0;0;1.0;0.6352;True;2;1;45
baseline_naive;happy_guided_article_short;happy;1;Q1_margin_month;True;c1;True;0;0;0;0.333333;0.0014;;0;0;45
baseline_naive;happy_guided_article_short;happy;2;Q2_stockout_store;True;c2;True;0;0;0;0.666667;0.0007;;0;0;45
baseline_naive;happy_guided_article_short;happy;3;Q3_sales_growth;True;c3;True;0;0;0;1.0;0.0006;;0;0;45
baseline_measure_overlap;happy_guided_article_short;happy;1;Q1_margin_month;True;c1;True;0;0;0;0.333333;0.0221;;0;0;45
baseline_measure_overlap;happy_guided_article_short;happy;2;Q2_stockout_store;True;c2;True;0;0;0;0.666667;0.0085;;0;0;45
baseline_measure_overlap;happy_guided_article_short;happy;3;Q3_sales_growth;True;c3;True;0;0;0;1.0;0.0071;;0;0;45
ablation_no_sat;happy_guided_article_short;happy;1;Q1_margin_month;True;c1;True;0;0;0;0.333333;0.4975;True;1;1;45
ablation_no_sat;happy_guided_article_short;happy;2;Q2_stockout_store;True;c2;True;0;0;0;0.666667;0.4769;True;1;1;45
ablation_no_sat;happy_guided_article_short;happy;3;Q3_sales_growth;True;c3;True;0;0;0;1.0;0.765;True;2;1;45
ablation_no_real;happy_guided_article_short;happy;1;Q1_margin_month;True;c1;True;0;0;0;0.333333;0.5405;True;1;1;45
ablation_no_real;happy_guided_article_short;happy;2;Q2_stockout_store;True;c2;True;0;0;0;0.666667;0.4847;True;1;1;45
ablation_no_real;happy_guided_article_short;happy;3;Q3_sales_growth;True;c3;True;0;0;0;1.0;0.6532;True;2;1;45
ablation_ceval_any_intersection;happy_guided_article_short;happy;1;Q1_margin_month;True;c1;True;0;0;0;0.333333;0.5026;True;1;1;45
ablation_ceval_any_intersection;happy_guided_article_short;happy;2;Q2_stockout_store;True;c2;True;0;0;0;0.666667;0.4543;True;1;1;45
ablation_ceval_any_intersection;happy_guided_article_short;happy;3;Q3_sales_growth;True;c3;True;0;0;0;1.0;0.6405;True;2;1;45
baseline_random_matched;happy_guided_article_short;happy;1;Q1_margin_month;True;c1;True;0;0;0;0.333333;0.0039;;0;0;45
baseline_random_matched;happy_guided_article_short;happy;2;Q2_stockout_store;True;c2;True;0;0;0;0.666667;0.001;;0;0;45
baseline_random_matched;happy_guided_article_short;happy;3;Q3_sales_growth;True;c3;True;0;0;0;1.0;0.0009;;0;0;45
mcad;happy_guided_reordered;happy;1;Q1_sales_growth;True;c3;True;0;0;0;0.333333;0.679;True;2;1;45
mcad;happy_guided_reordered;happy;2;Q2_margin_month;True;c1;True;0;0;0;0.666667;0.4999;True;1;1;45
mcad;happy_guided_reordered;happy;3;Q3_stockout_store;True;c2;True;0;0;0;1.0;0.4543;True;1;1;45
baseline_naive;happy_guided_reordered;happy;1;Q1_sales_growth;True;c3;True;0;0;0;0.333333;0.0016;;0;0;45
baseline_naive;happy_guided_reordered;happy;2;Q2_margin_month;True;c1;True;0;0;0;0.666667;0.0008;;0;0;45
baseline_naive;happy_guided_reordered;happy;3;Q3_stockout_store;True;c2;True;0;0;0;1.0;0.0005;;0;0;45
baseline_measure_overlap;happy_guided_reordered;happy;1;Q1_sales_growth;True;c3;True;0;0;0;0.333333;0.0318;;0;0;45
baseline_measure_overlap;happy_guided_reordered;happy;2;Q2_margin_month;True;c1;True;0;0;0;0.666667;0.0103;;0;0;45
baseline_measure_overlap;happy_guided_reordered;happy;3;Q3_stockout_store;True;c2;True;0;0;0;1.0;0.0088;;0;0;45
ablation_no_sat;happy_guided_reordered;happy;1;Q1_sales_growth;True;c3;True;0;0;0;0.333333;0.4187;True;2;1;45
ablation_no_sat;happy_guided_reordered;happy;2;Q2_margin_month;True;c1;True;0;0;0;0.666667;0.2496;True;1;1;45
ablation_no_sat;happy_guided_reordered;happy;3;Q3_stockout_store;True;c2;True;0;0;0;1.0;0.2368;True;1;1;45
ablation_no_real;happy_guided_reordered;happy;1;Q1_sales_growth;True;c3;True;0;0;0;0.333333;0.4008;True;2;1;45
ablation_no_real;happy_guided_reordered;happy;2;Q2_margin_month;True;c1;True;0;0;0;0.666667;0.2524;True;1;1;45
ablation_no_real;happy_guided_reordered;happy;3;Q3_stockout_store;True;c2;True;0;0;0;1.0;0.2421;True;1;1;45
ablation_ceval_any_intersection;happy_guided_reordered;happy;1;Q1_sales_growth;True;c3;True;0;0;0;0.333333;0.3693;True;2;1;45
ablation_ceval_any_intersection;happy_guided_reordered;happy;2;Q2_margin_month;True;c1;True;0;0;0;0.666667;0.364;True;1;1;45
ablation_ceval_any_intersection;happy_guided_reordered;happy;3;Q3_stockout_store;True;c2;True;0;0;0;1.0;0.2553;True;1;1;45
baseline_random_matched;happy_guided_reordered;happy;1;Q1_sales_growth;True;c3;True;0;0;0;0.333333;0.0046;;0;0;45
baseline_random_matched;happy_guided_reordered;happy;2;Q2_margin_month;True;c1;True;0;0;0;0.666667;0.0011;;0;0;45
baseline_random_matched;happy_guided_reordered;happy;3;Q3_stockout_store;True;c2;True;0;0;0;1.0;0.0009;;0;0;45
mcad;happy_guided_compact;happy;1;Q1_margin_month;True;c1;True;0;0;0;0.333333;0.2951;True;1;1;45
mcad;happy_guided_compact;happy;2;Q2_sales_growth;True;c3;True;0;0;0;0.666667;0.3469;True;2;1;45
mcad;happy_guided_compact;happy;3;Q3_stockout_store;True;c2;True;0;0;0;1.0;0.249;True;1;1;45
baseline_naive;happy_guided_compact;happy;1;Q1_margin_month;True;c1;True;0;0;0;0.333333;0.001;;0;0;45
baseline_naive;happy_guided_compact;happy;2;Q2_sales_growth;True;c3;True;0;0;0;0.666667;0.0005;;0;0;45
baseline_naive;happy_guided_compact;happy;3;Q3_stockout_store;True;c2;True;0;0;0;1.0;0.0003;;0;0;45
baseline_measure_overlap;happy_guided_compact;happy;1;Q1_margin_month;True;c1;True;0;0;0;0.333333;0.0223;;0;0;45
baseline_measure_overlap;happy_guided_compact;happy;2;Q2_sales_growth;True;c3;True;0;0;0;0.666667;0.0075;;0;0;45
baseline_measure_overlap;happy_guided_compact;happy;3;Q3_stockout_store;True;c2;True;0;0;0;1.0;0.007;;0;0;45
ablation_no_sat;happy_guided_compact;happy;1;Q1_margin_month;True;c1;True;0;0;0;0.333333;0.281;True;1;1;45
ablation_no_sat;happy_guided_compact;happy;2;Q2_sales_growth;True;c3;True;0;0;0;0.666667;0.3355;True;2;1;45
ablation_no_sat;happy_guided_compact;happy;3;Q3_stockout_store;True;c2;True;0;0;0;1.0;0.2482;True;1;1;45
ablation_no_real;happy_guided_compact;happy;1;Q1_margin_month;True;c1;True;0;0;0;0.333333;0.2898;True;1;1;45
ablation_no_real;happy_guided_compact;happy;2;Q2_sales_growth;True;c3;True;0;0;0;0.666667;0.34;True;2;1;45
ablation_no_real;happy_guided_compact;happy;3;Q3_stockout_store;True;c2;True;0;0;0;1.0;0.2541;True;1;1;45
ablation_ceval_any_intersection;happy_guided_compact;happy;1;Q1_margin_month;True;c1;True;0;0;0;0.333333;0.5237;True;1;1;45
ablation_ceval_any_intersection;happy_guided_compact;happy;2;Q2_sales_growth;True;c3;True;0;0;0;0.666667;0.6053;True;2;1;45
ablation_ceval_any_intersection;happy_guided_compact;happy;3;Q3_stockout_store;True;c2;True;0;0;0;1.0;0.4455;True;1;1;45
baseline_random_matched;happy_guided_compact;happy;1;Q1_margin_month;True;c1;True;0;0;0;0.333333;0.004;;0;0;45
baseline_random_matched;happy_guided_compact;happy;2;Q2_sales_growth;True;c3;True;0;0;0;0.666667;0.0006;;0;0;45
baseline_random_matched;happy_guided_compact;happy;3;Q3_stockout_store;True;c2;False;0;1;0;0.666667;0.0005;;0;0;45
mcad;border_growth_partial_1998_only;border;1;Q1_sales_1998_only;False;;False;0;0;0;0.0;0.3543;True;1;0;45
baseline_naive;border_growth_partial_1998_only;border;1;Q1_sales_1998_only;False;;True;1;0;1;0.0;0.0009;;0;0;45
baseline_measure_overlap;border_growth_partial_1998_only;border;1;Q1_sales_1998_only;False;;True;1;0;1;0.0;0.016;;0;0;45
ablation_no_sat;border_growth_partial_1998_only;border;1;Q1_sales_1998_only;False;;False;0;0;0;0.0;0.3463;True;1;0;45
ablation_no_real;border_growth_partial_1998_only;border;1;Q1_sales_1998_only;False;;True;1;0;1;0.0;0.353;True;1;0;45
ablation_ceval_any_intersection;border_growth_partial_1998_only;border;1;Q1_sales_1998_only;False;;True;1;0;1;0.0;0.6211;True;1;1;45
baseline_random_matched;border_growth_partial_1998_only;border;1;Q1_sales_1998_only;False;;True;1;0;1;0.0;0.0036;;0;0;45
mcad;border_margin_wrong_grain;border;1;Q1_margin_quarter_only;False;;False;0;0;0;0.0;0.196;False;0;0;45
baseline_naive;border_margin_wrong_grain;border;1;Q1_margin_quarter_only;False;;True;1;0;1;0.0;0.0009;;0;0;45
baseline_measure_overlap;border_margin_wrong_grain;border;1;Q1_margin_quarter_only;False;;True;1;0;1;0.0;0.0135;;0;0;45
ablation_no_sat;border_margin_wrong_grain;border;1;Q1_margin_quarter_only;False;;False;0;0;0;0.0;0.2647;False;0;0;45
ablation_no_real;border_margin_wrong_grain;border;1;Q1_margin_quarter_only;False;;False;0;0;0;0.0;0.2003;False;0;0;45
ablation_ceval_any_intersection;border_margin_wrong_grain;border;1;Q1_margin_quarter_only;False;;False;0;0;0;0.0;0.1954;False;0;0;45
baseline_random_matched;border_margin_wrong_grain;border;1;Q1_margin_quarter_only;False;;True;1;0;1;0.0;0.0041;;0;0;45
mcad;border_stockout_missing_store;border;1;Q1_stockout_category_only;False;;False;0;0;0;0.0;0.1936;False;0;0;45
baseline_naive;border_stockout_missing_store;border;1;Q1_stockout_category_only;False;;True;1;0;1;0.0;0.0009;;0;0;45
baseline_measure_overlap;border_stockout_missing_store;border;1;Q1_stockout_category_only;False;;True;1;0;1;0.0;0.0138;;0;0;45
ablation_no_sat;border_stockout_missing_store;border;1;Q1_stockout_category_only;False;;False;0;0;0;0.0;0.2588;False;0;0;45
ablation_no_real;border_stockout_missing_store;border;1;Q1_stockout_category_only;False;;False;0;0;0;0.0;0.2242;False;0;0;45
ablation_ceval_any_intersection;border_stockout_missing_store;border;1;Q1_stockout_category_only;False;;False;0;0;0;0.0;0.324;False;0;0;45
baseline_random_matched;border_stockout_missing_store;border;1;Q1_stockout_category_only;False;;False;0;0;0;0.0;0.004;;0;0;45
mcad;adversarial_wrong_region;adversarial;1;Q1_margin_south;False;;False;0;0;0;0.0;0.1726;False;0;0;45
baseline_naive;adversarial_wrong_region;adversarial;1;Q1_margin_south;False;;True;1;0;1;0.0;0.0009;;0;0;45
baseline_measure_overlap;adversarial_wrong_region;adversarial;1;Q1_margin_south;False;;True;1;0;1;0.0;0.0139;;0;0;45
ablation_no_sat;adversarial_wrong_region;adversarial;1;Q1_margin_south;False;;False;0;0;0;0.0;0.233;False;0;0;45
ablation_no_real;adversarial_wrong_region;adversarial;1;Q1_margin_south;False;;False;0;0;0;0.0;0.184;False;0;0;45
ablation_ceval_any_intersection;adversarial_wrong_region;adversarial;1;Q1_margin_south;False;;False;0;0;0;0.0;0.2641;False;0;0;45
baseline_random_matched;adversarial_wrong_region;adversarial;1;Q1_margin_south;False;;True;1;0;1;0.0;0.0042;;0;0;45
mcad;adversarial_wrong_year;adversarial;1;Q1_stockout_1997;False;;False;0;0;0;0.0;0.169;False;0;0;45
baseline_naive;adversarial_wrong_year;adversarial;1;Q1_stockout_1997;False;;True;1;0;1;0.0;0.0009;;0;0;45
baseline_measure_overlap;adversarial_wrong_year;adversarial;1;Q1_stockout_1997;False;;True;1;0;1;0.0;0.0141;;0;0;45
ablation_no_sat;adversarial_wrong_year;adversarial;1;Q1_stockout_1997;False;;False;0;0;0;0.0;0.2222;False;0;0;45
ablation_no_real;adversarial_wrong_year;adversarial;1;Q1_stockout_1997;False;;False;0;0;0;0.0;0.3485;False;0;0;45
ablation_ceval_any_intersection;adversarial_wrong_year;adversarial;1;Q1_stockout_1997;False;;False;0;0;0;0.0;0.1708;False;0;0;45
baseline_random_matched;adversarial_wrong_year;adversarial;1;Q1_stockout_1997;False;;False;0;0;0;0.0;0.0036;;0;0;45
mcad;adversarial_invalid_no_measures;adversarial;1;Q1_invalid_no_measure;False;;False;0;0;0;0.0;0.0738;False;0;0;45
baseline_naive;adversarial_invalid_no_measures;adversarial;1;Q1_invalid_no_measure;False;;True;1;0;1;0.0;0.0009;;0;0;45
baseline_measure_overlap;adversarial_invalid_no_measures;adversarial;1;Q1_invalid_no_measure;False;;False;0;0;0;0.0;0.0131;;0;0;45
ablation_no_sat;adversarial_invalid_no_measures;adversarial;1;Q1_invalid_no_measure;False;;False;0;0;0;0.0;0.1167;False;0;0;45
ablation_no_real;adversarial_invalid_no_measures;adversarial;1;Q1_invalid_no_measure;False;;False;0;0;0;0.0;0.1282;False;0;0;45
ablation_ceval_any_intersection;adversarial_invalid_no_measures;adversarial;1;Q1_invalid_no_measure;False;;False;0;0;0;0.0;0.1205;False;0;0;45
baseline_random_matched;adversarial_invalid_no_measures;adversarial;1;Q1_invalid_no_measure;False;;True;1;0;1;0.0;0.0028;;0;0;45
mcad;stress_exploratory_then_useful;stress;1;Q1_noise_region;False;;False;0;0;0;0.0;0.1969;False;0;0;45
mcad;stress_exploratory_then_useful;stress;2;Q2_noise_margin_all;False;;False;0;0;0;0.0;0.144;False;0;0;45
mcad;stress_exploratory_then_useful;stress;3;Q3_useful_margin;True;c1;True;0;0;0;0.333333;0.2602;True;1;1;45
baseline_naive;stress_exploratory_then_useful;stress;1;Q1_noise_region;False;;True;1;0;1;0.0;0.001;;0;0;45
baseline_naive;stress_exploratory_then_useful;stress;2;Q2_noise_margin_all;False;;True;1;0;1;0.0;0.0005;;0;0;45
baseline_naive;stress_exploratory_then_useful;stress;3;Q3_useful_margin;True;c1;True;0;0;0;0.333333;0.0004;;0;0;45
baseline_measure_overlap;stress_exploratory_then_useful;stress;1;Q1_noise_region;False;;True;1;0;1;0.0;0.0135;;0;0;45
baseline_measure_overlap;stress_exploratory_then_useful;stress;2;Q2_noise_margin_all;False;;True;1;0;1;0.0;0.0052;;0;0;45
baseline_measure_overlap;stress_exploratory_then_useful;stress;3;Q3_useful_margin;True;c1;True;0;0;0;0.333333;0.0043;;0;0;45
ablation_no_sat;stress_exploratory_then_useful;stress;1;Q1_noise_region;False;;False;0;0;0;0.0;0.2453;False;0;0;45
ablation_no_sat;stress_exploratory_then_useful;stress;2;Q2_noise_margin_all;False;;False;0;0;0;0.0;0.1701;False;0;0;45
ablation_no_sat;stress_exploratory_then_useful;stress;3;Q3_useful_margin;True;c1;True;0;0;0;0.333333;0.2452;True;1;1;45
ablation_no_real;stress_exploratory_then_useful;stress;1;Q1_noise_region;False;;False;0;0;0;0.0;0.354;False;0;0;45
ablation_no_real;stress_exploratory_then_useful;stress;2;Q2_noise_margin_all;False;;False;0;0;0;0.0;0.3446;False;0;0;45
ablation_no_real;stress_exploratory_then_useful;stress;3;Q3_useful_margin;True;c1;True;0;0;0;0.333333;0.5216;True;1;1;45
ablation_ceval_any_intersection;stress_exploratory_then_useful;stress;1;Q1_noise_region;False;;False;0;0;0;0.0;0.1974;False;0;0;45
ablation_ceval_any_intersection;stress_exploratory_then_useful;stress;2;Q2_noise_margin_all;False;;False;0;0;0;0.0;0.1423;False;0;0;45
ablation_ceval_any_intersection;stress_exploratory_then_useful;stress;3;Q3_useful_margin;True;c1;True;0;0;0;0.333333;0.2915;True;1;1;45
baseline_random_matched;stress_exploratory_then_useful;stress;1;Q1_noise_region;False;;False;0;0;0;0.0;0.0031;;0;0;45
baseline_random_matched;stress_exploratory_then_useful;stress;2;Q2_noise_margin_all;False;;True;1;0;1;0.0;0.0007;;0;0;45
baseline_random_matched;stress_exploratory_then_useful;stress;3;Q3_useful_margin;True;c1;False;0;1;0;0.0;0.0005;;0;0;45
mcad;happy_guided_article_short;happy;1;Q1_margin_month;True;c1;True;0;0;0;0.333333;0.283;True;1;1;46
mcad;happy_guided_article_short;happy;2;Q2_stockout_store;True;c2;True;0;0;0;0.666667;0.2446;True;1;1;46
mcad;happy_guided_article_short;happy;3;Q3_sales_growth;True;c3;True;0;0;0;1.0;0.326;True;2;1;46
baseline_naive;happy_guided_article_short;happy;1;Q1_margin_month;True;c1;True;0;0;0;0.333333;0.0009;;0;0;46
baseline_naive;happy_guided_article_short;happy;2;Q2_stockout_store;True;c2;True;0;0;0;0.666667;0.0004;;0;0;46
baseline_naive;happy_guided_article_short;happy;3;Q3_sales_growth;True;c3;True;0;0;0;1.0;0.0003;;0;0;46
baseline_measure_overlap;happy_guided_article_short;happy;1;Q1_margin_month;True;c1;True;0;0;0;0.333333;0.0129;;0;0;46
baseline_measure_overlap;happy_guided_article_short;happy;2;Q2_stockout_store;True;c2;True;0;0;0;0.666667;0.0055;;0;0;46
baseline_measure_overlap;happy_guided_article_short;happy;3;Q3_sales_growth;True;c3;True;0;0;0;1.0;0.0041;;0;0;46
ablation_no_sat;happy_guided_article_short;happy;1;Q1_margin_month;True;c1;True;0;0;0;0.333333;0.4976;True;1;1;46
ablation_no_sat;happy_guided_article_short;happy;2;Q2_stockout_store;True;c2;True;0;0;0;0.666667;0.4549;True;1;1;46
ablation_no_sat;happy_guided_article_short;happy;3;Q3_sales_growth;True;c3;True;0;0;0;1.0;0.6682;True;2;1;46
ablation_no_real;happy_guided_article_short;happy;1;Q1_margin_month;True;c1;True;0;0;0;0.333333;0.4375;True;1;1;46
ablation_no_real;happy_guided_article_short;happy;2;Q2_stockout_store;True;c2;True;0;0;0;0.666667;0.2602;True;1;1;46
ablation_no_real;happy_guided_article_short;happy;3;Q3_sales_growth;True;c3;True;0;0;0;1.0;0.3487;True;2;1;46
ablation_ceval_any_intersection;happy_guided_article_short;happy;1;Q1_margin_month;True;c1;True;0;0;0;0.333333;0.2874;True;1;1;46
ablation_ceval_any_intersection;happy_guided_article_short;happy;2;Q2_stockout_store;True;c2;True;0;0;0;0.666667;0.2434;True;1;1;46
ablation_ceval_any_intersection;happy_guided_article_short;happy;3;Q3_sales_growth;True;c3;True;0;0;0;1.0;0.3274;True;2;1;46
baseline_random_matched;happy_guided_article_short;happy;1;Q1_margin_month;True;c1;False;0;1;0;0.0;0.0026;;0;0;46
baseline_random_matched;happy_guided_article_short;happy;2;Q2_stockout_store;True;c2;False;0;1;0;0.0;0.0007;;0;0;46
baseline_random_matched;happy_guided_article_short;happy;3;Q3_sales_growth;True;c3;True;0;0;0;0.333333;0.0005;;0;0;46
mcad;happy_guided_reordered;happy;1;Q1_sales_growth;True;c3;True;0;0;0;0.333333;0.3656;True;2;1;46
mcad;happy_guided_reordered;happy;2;Q2_margin_month;True;c1;True;0;0;0;0.666667;0.2532;True;1;1;46
mcad;happy_guided_reordered;happy;3;Q3_stockout_store;True;c2;True;0;0;0;1.0;0.2462;True;1;1;46
baseline_naive;happy_guided_reordered;happy;1;Q1_sales_growth;True;c3;True;0;0;0;0.333333;0.0009;;0;0;46
baseline_naive;happy_guided_reordered;happy;2;Q2_margin_month;True;c1;True;0;0;0;0.666667;0.0004;;0;0;46
baseline_naive;happy_guided_reordered;happy;3;Q3_stockout_store;True;c2;True;0;0;0;1.0;0.0003;;0;0;46
baseline_measure_overlap;happy_guided_reordered;happy;1;Q1_sales_growth;True;c3;True;0;0;0;0.333333;0.0202;;0;0;46
baseline_measure_overlap;happy_guided_reordered;happy;2;Q2_margin_month;True;c1;True;0;0;0;0.666667;0.0085;;0;0;46
baseline_measure_overlap;happy_guided_reordered;happy;3;Q3_stockout_store;True;c2;True;0;0;0;1.0;0.0075;;0;0;46
ablation_no_sat;happy_guided_reordered;happy;1;Q1_sales_growth;True;c3;True;0;0;0;0.333333;0.3695;True;2;1;46
ablation_no_sat;happy_guided_reordered;happy;2;Q2_margin_month;True;c1;True;0;0;0;0.666667;0.2484;True;1;1;46
ablation_no_sat;happy_guided_reordered;happy;3;Q3_stockout_store;True;c2;True;0;0;0;1.0;0.2482;True;1;1;46
ablation_no_real;happy_guided_reordered;happy;1;Q1_sales_growth;True;c3;True;0;0;0;0.333333;0.3761;True;2;1;46
ablation_no_real;happy_guided_reordered;happy;2;Q2_margin_month;True;c1;True;0;0;0;0.666667;0.2555;True;1;1;46
ablation_no_real;happy_guided_reordered;happy;3;Q3_stockout_store;True;c2;True;0;0;0;1.0;0.4139;True;1;1;46
ablation_ceval_any_intersection;happy_guided_reordered;happy;1;Q1_sales_growth;True;c3;True;0;0;0;0.333333;0.3659;True;2;1;46
ablation_ceval_any_intersection;happy_guided_reordered;happy;2;Q2_margin_month;True;c1;True;0;0;0;0.666667;0.2437;True;1;1;46
ablation_ceval_any_intersection;happy_guided_reordered;happy;3;Q3_stockout_store;True;c2;True;0;0;0;1.0;0.2364;True;1;1;46
baseline_random_matched;happy_guided_reordered;happy;1;Q1_sales_growth;True;c3;True;0;0;0;0.333333;0.0032;;0;0;46
baseline_random_matched;happy_guided_reordered;happy;2;Q2_margin_month;True;c1;False;0;1;0;0.333333;0.0006;;0;0;46
baseline_random_matched;happy_guided_reordered;happy;3;Q3_stockout_store;True;c2;True;0;0;0;0.666667;0.0006;;0;0;46
mcad;happy_guided_compact;happy;1;Q1_margin_month;True;c1;True;0;0;0;0.333333;0.2892;True;1;1;46
mcad;happy_guided_compact;happy;2;Q2_sales_growth;True;c3;True;0;0;0;0.666667;0.3322;True;2;1;46
mcad;happy_guided_compact;happy;3;Q3_stockout_store;True;c2;True;0;0;0;1.0;0.2383;True;1;1;46
baseline_naive;happy_guided_compact;happy;1;Q1_margin_month;True;c1;True;0;0;0;0.333333;0.001;;0;0;46
baseline_naive;happy_guided_compact;happy;2;Q2_sales_growth;True;c3;True;0;0;0;0.666667;0.0005;;0;0;46
baseline_naive;happy_guided_compact;happy;3;Q3_stockout_store;True;c2;True;0;0;0;1.0;0.0004;;0;0;46
baseline_measure_overlap;happy_guided_compact;happy;1;Q1_margin_month;True;c1;True;0;0;0;0.333333;0.027;;0;0;46
baseline_measure_overlap;happy_guided_compact;happy;2;Q2_sales_growth;True;c3;True;0;0;0;0.666667;0.0092;;0;0;46
baseline_measure_overlap;happy_guided_compact;happy;3;Q3_stockout_store;True;c2;True;0;0;0;1.0;0.0078;;0;0;46
ablation_no_sat;happy_guided_compact;happy;1;Q1_margin_month;True;c1;True;0;0;0;0.333333;0.3041;True;1;1;46
ablation_no_sat;happy_guided_compact;happy;2;Q2_sales_growth;True;c3;True;0;0;0;0.666667;0.3618;True;2;1;46
ablation_no_sat;happy_guided_compact;happy;3;Q3_stockout_store;True;c2;True;0;0;0;1.0;0.2663;True;1;1;46
ablation_no_real;happy_guided_compact;happy;1;Q1_margin_month;True;c1;True;0;0;0;0.333333;0.3224;True;1;1;46
ablation_no_real;happy_guided_compact;happy;2;Q2_sales_growth;True;c3;True;0;0;0;0.666667;0.6142;True;2;1;46
ablation_no_real;happy_guided_compact;happy;3;Q3_stockout_store;True;c2;True;0;0;0;1.0;0.4963;True;1;1;46
ablation_ceval_any_intersection;happy_guided_compact;happy;1;Q1_margin_month;True;c1;True;0;0;0;0.333333;0.2797;True;1;1;46
ablation_ceval_any_intersection;happy_guided_compact;happy;2;Q2_sales_growth;True;c3;True;0;0;0;0.666667;0.3329;True;2;1;46
ablation_ceval_any_intersection;happy_guided_compact;happy;3;Q3_stockout_store;True;c2;True;0;0;0;1.0;0.2509;True;1;1;46
baseline_random_matched;happy_guided_compact;happy;1;Q1_margin_month;True;c1;True;0;0;0;0.333333;0.0032;;0;0;46
baseline_random_matched;happy_guided_compact;happy;2;Q2_sales_growth;True;c3;True;0;0;0;0.666667;0.0006;;0;0;46
baseline_random_matched;happy_guided_compact;happy;3;Q3_stockout_store;True;c2;True;0;0;0;1.0;0.0004;;0;0;46
mcad;border_growth_partial_1998_only;border;1;Q1_sales_1998_only;False;;False;0;0;0;0.0;0.3364;True;1;0;46
baseline_naive;border_growth_partial_1998_only;border;1;Q1_sales_1998_only;False;;True;1;0;1;0.0;0.0013;;0;0;46
baseline_measure_overlap;border_growth_partial_1998_only;border;1;Q1_sales_1998_only;False;;True;1;0;1;0.0;0.0205;;0;0;46
ablation_no_sat;border_growth_partial_1998_only;border;1;Q1_sales_1998_only;False;;False;0;0;0;0.0;0.346;True;1;0;46
ablation_no_real;border_growth_partial_1998_only;border;1;Q1_sales_1998_only;False;;True;1;0;1;0.0;0.3487;True;1;0;46
ablation_ceval_any_intersection;border_growth_partial_1998_only;border;1;Q1_sales_1998_only;False;;True;1;0;1;0.0;0.3526;True;1;1;46
baseline_random_matched;border_growth_partial_1998_only;border;1;Q1_sales_1998_only;False;;False;0;0;0;0.0;0.003;;0;0;46
mcad;border_margin_wrong_grain;border;1;Q1_margin_quarter_only;False;;False;0;0;0;0.0;0.1967;False;0;0;46
baseline_naive;border_margin_wrong_grain;border;1;Q1_margin_quarter_only;False;;True;1;0;1;0.0;0.0016;;0;0;46
baseline_measure_overlap;border_margin_wrong_grain;border;1;Q1_margin_quarter_only;False;;True;1;0;1;0.0;0.0257;;0;0;46
ablation_no_sat;border_margin_wrong_grain;border;1;Q1_margin_quarter_only;False;;False;0;0;0;0.0;0.6609;False;0;0;46
ablation_no_real;border_margin_wrong_grain;border;1;Q1_margin_quarter_only;False;;False;0;0;0;0.0;0.3936;False;0;0;46
ablation_ceval_any_intersection;border_margin_wrong_grain;border;1;Q1_margin_quarter_only;False;;False;0;0;0;0.0;0.2096;False;0;0;46
baseline_random_matched;border_margin_wrong_grain;border;1;Q1_margin_quarter_only;False;;True;1;0;1;0.0;0.0037;;0;0;46
mcad;border_stockout_missing_store;border;1;Q1_stockout_category_only;False;;False;0;0;0;0.0;0.2028;False;0;0;46
baseline_naive;border_stockout_missing_store;border;1;Q1_stockout_category_only;False;;True;1;0;1;0.0;0.0011;;0;0;46
baseline_measure_overlap;border_stockout_missing_store;border;1;Q1_stockout_category_only;False;;True;1;0;1;0.0;0.0145;;0;0;46
ablation_no_sat;border_stockout_missing_store;border;1;Q1_stockout_category_only;False;;False;0;0;0;0.0;0.2608;False;0;0;46
ablation_no_real;border_stockout_missing_store;border;1;Q1_stockout_category_only;False;;False;0;0;0;0.0;0.3702;False;0;0;46
ablation_ceval_any_intersection;border_stockout_missing_store;border;1;Q1_stockout_category_only;False;;False;0;0;0;0.0;0.2089;False;0;0;46
baseline_random_matched;border_stockout_missing_store;border;1;Q1_stockout_category_only;False;;True;1;0;1;0.0;0.0033;;0;0;46
mcad;adversarial_wrong_region;adversarial;1;Q1_margin_south;False;;False;0;0;0;0.0;0.1835;False;0;0;46
baseline_naive;adversarial_wrong_region;adversarial;1;Q1_margin_south;False;;True;1;0;1;0.0;0.001;;0;0;46
baseline_measure_overlap;adversarial_wrong_region;adversarial;1;Q1_margin_south;False;;True;1;0;1;0.0;0.0135;;0;0;46
ablation_no_sat;adversarial_wrong_region;adversarial;1;Q1_margin_south;False;;False;0;0;0;0.0;0.2232;False;0;0;46
ablation_no_real;adversarial_wrong_region;adversarial;1;Q1_margin_south;False;;False;0;0;0;0.0;0.2964;False;0;0;46
ablation_ceval_any_intersection;adversarial_wrong_region;adversarial;1;Q1_margin_south;False;;False;0;0;0;0.0;0.3175;False;0;0;46
baseline_random_matched;adversarial_wrong_region;adversarial;1;Q1_margin_south;False;;True;1;0;1;0.0;0.0053;;0;0;46
mcad;adversarial_wrong_year;adversarial;1;Q1_stockout_1997;False;;False;0;0;0;0.0;0.1923;False;0;0;46
baseline_naive;adversarial_wrong_year;adversarial;1;Q1_stockout_1997;False;;True;1;0;1;0.0;0.0015;;0;0;46
baseline_measure_overlap;adversarial_wrong_year;adversarial;1;Q1_stockout_1997;False;;True;1;0;1;0.0;0.0208;;0;0;46
ablation_no_sat;adversarial_wrong_year;adversarial;1;Q1_stockout_1997;False;;False;0;0;0;0.0;0.2223;False;0;0;46
ablation_no_real;adversarial_wrong_year;adversarial;1;Q1_stockout_1997;False;;False;0;0;0;0.0;0.3206;False;0;0;46
ablation_ceval_any_intersection;adversarial_wrong_year;adversarial;1;Q1_stockout_1997;False;;False;0;0;0;0.0;0.1708;False;0;0;46
baseline_random_matched;adversarial_wrong_year;adversarial;1;Q1_stockout_1997;False;;True;1;0;1;0.0;0.0035;;0;0;46
mcad;adversarial_invalid_no_measures;adversarial;1;Q1_invalid_no_measure;False;;False;0;0;0;0.0;0.0763;False;0;0;46
baseline_naive;adversarial_invalid_no_measures;adversarial;1;Q1_invalid_no_measure;False;;True;1;0;1;0.0;0.0013;;0;0;46
baseline_measure_overlap;adversarial_invalid_no_measures;adversarial;1;Q1_invalid_no_measure;False;;False;0;0;0;0.0;0.015;;0;0;46
ablation_no_sat;adversarial_invalid_no_measures;adversarial;1;Q1_invalid_no_measure;False;;False;0;0;0;0.0;0.0927;False;0;0;46
ablation_no_real;adversarial_invalid_no_measures;adversarial;1;Q1_invalid_no_measure;False;;False;0;0;0;0.0;0.0935;False;0;0;46
ablation_ceval_any_intersection;adversarial_invalid_no_measures;adversarial;1;Q1_invalid_no_measure;False;;False;0;0;0;0.0;0.072;False;0;0;46
baseline_random_matched;adversarial_invalid_no_measures;adversarial;1;Q1_invalid_no_measure;False;;True;1;0;1;0.0;0.0031;;0;0;46
mcad;stress_exploratory_then_useful;stress;1;Q1_noise_region;False;;False;0;0;0;0.0;0.2068;False;0;0;46
mcad;stress_exploratory_then_useful;stress;2;Q2_noise_margin_all;False;;False;0;0;0;0.0;0.1442;False;0;0;46
mcad;stress_exploratory_then_useful;stress;3;Q3_useful_margin;True;c1;True;0;0;0;0.333333;0.2695;True;1;1;46
baseline_naive;stress_exploratory_then_useful;stress;1;Q1_noise_region;False;;True;1;0;1;0.0;0.0009;;0;0;46
baseline_naive;stress_exploratory_then_useful;stress;2;Q2_noise_margin_all;False;;True;1;0;1;0.0;0.0005;;0;0;46
baseline_naive;stress_exploratory_then_useful;stress;3;Q3_useful_margin;True;c1;True;0;0;0;0.333333;0.0004;;0;0;46
baseline_measure_overlap;stress_exploratory_then_useful;stress;1;Q1_noise_region;False;;True;1;0;1;0.0;0.0143;;0;0;46
baseline_measure_overlap;stress_exploratory_then_useful;stress;2;Q2_noise_margin_all;False;;True;1;0;1;0.0;0.0052;;0;0;46
baseline_measure_overlap;stress_exploratory_then_useful;stress;3;Q3_useful_margin;True;c1;True;0;0;0;0.333333;0.0045;;0;0;46
ablation_no_sat;stress_exploratory_then_useful;stress;1;Q1_noise_region;False;;False;0;0;0;0.0;0.4245;False;0;0;46
ablation_no_sat;stress_exploratory_then_useful;stress;2;Q2_noise_margin_all;False;;False;0;0;0;0.0;0.2469;False;0;0;46
ablation_no_sat;stress_exploratory_then_useful;stress;3;Q3_useful_margin;True;c1;True;0;0;0;0.333333;0.3176;True;1;1;46
ablation_no_real;stress_exploratory_then_useful;stress;1;Q1_noise_region;False;;False;0;0;0;0.0;0.2181;False;0;0;46
ablation_no_real;stress_exploratory_then_useful;stress;2;Q2_noise_margin_all;False;;False;0;0;0;0.0;0.148;False;0;0;46
ablation_no_real;stress_exploratory_then_useful;stress;3;Q3_useful_margin;True;c1;True;0;0;0;0.333333;0.2551;True;1;1;46
ablation_ceval_any_intersection;stress_exploratory_then_useful;stress;1;Q1_noise_region;False;;False;0;0;0;0.0;0.1951;False;0;0;46
ablation_ceval_any_intersection;stress_exploratory_then_useful;stress;2;Q2_noise_margin_all;False;;False;0;0;0;0.0;0.1426;False;0;0;46
ablation_ceval_any_intersection;stress_exploratory_then_useful;stress;3;Q3_useful_margin;True;c1;True;0;0;0;0.333333;0.246;True;1;1;46
baseline_random_matched;stress_exploratory_then_useful;stress;1;Q1_noise_region;False;;False;0;0;0;0.0;0.003;;0;0;46
baseline_random_matched;stress_exploratory_then_useful;stress;2;Q2_noise_margin_all;False;;False;0;0;0;0.0;0.0006;;0;0;46
baseline_random_matched;stress_exploratory_then_useful;stress;3;Q3_useful_margin;True;c1;True;0;0;0;0.333333;0.0005;;0;0;46
mcad;happy_guided_article_short;happy;1;Q1_margin_month;True;c1;True;0;0;0;0.333333;0.2797;True;1;1;47
mcad;happy_guided_article_short;happy;2;Q2_stockout_store;True;c2;True;0;0;0;0.666667;0.2585;True;1;1;47
mcad;happy_guided_article_short;happy;3;Q3_sales_growth;True;c3;True;0;0;0;1.0;0.3405;True;2;1;47
baseline_naive;happy_guided_article_short;happy;1;Q1_margin_month;True;c1;True;0;0;0;0.333333;0.0009;;0;0;47
baseline_naive;happy_guided_article_short;happy;2;Q2_stockout_store;True;c2;True;0;0;0;0.666667;0.0005;;0;0;47
baseline_naive;happy_guided_article_short;happy;3;Q3_sales_growth;True;c3;True;0;0;0;1.0;0.0004;;0;0;47
baseline_measure_overlap;happy_guided_article_short;happy;1;Q1_margin_month;True;c1;True;0;0;0;0.333333;0.0128;;0;0;47
baseline_measure_overlap;happy_guided_article_short;happy;2;Q2_stockout_store;True;c2;True;0;0;0;0.666667;0.0053;;0;0;47
baseline_measure_overlap;happy_guided_article_short;happy;3;Q3_sales_growth;True;c3;True;0;0;0;1.0;0.0044;;0;0;47
ablation_no_sat;happy_guided_article_short;happy;1;Q1_margin_month;True;c1;True;0;0;0;0.333333;0.2855;True;1;1;47
ablation_no_sat;happy_guided_article_short;happy;2;Q2_stockout_store;True;c2;True;0;0;0;0.666667;0.2661;True;1;1;47
ablation_no_sat;happy_guided_article_short;happy;3;Q3_sales_growth;True;c3;True;0;0;0;1.0;0.336;True;2;1;47
ablation_no_real;happy_guided_article_short;happy;1;Q1_margin_month;True;c1;True;0;0;0;0.333333;0.2866;True;1;1;47
ablation_no_real;happy_guided_article_short;happy;2;Q2_stockout_store;True;c2;True;0;0;0;0.666667;0.2491;True;1;1;47
ablation_no_real;happy_guided_article_short;happy;3;Q3_sales_growth;True;c3;True;0;0;0;1.0;0.3511;True;2;1;47
ablation_ceval_any_intersection;happy_guided_article_short;happy;1;Q1_margin_month;True;c1;True;0;0;0;0.333333;0.2775;True;1;1;47
ablation_ceval_any_intersection;happy_guided_article_short;happy;2;Q2_stockout_store;True;c2;True;0;0;0;0.666667;0.245;True;1;1;47
ablation_ceval_any_intersection;happy_guided_article_short;happy;3;Q3_sales_growth;True;c3;True;0;0;0;1.0;0.3441;True;2;1;47
baseline_random_matched;happy_guided_article_short;happy;1;Q1_margin_month;True;c1;True;0;0;0;0.333333;0.0029;;0;0;47
baseline_random_matched;happy_guided_article_short;happy;2;Q2_stockout_store;True;c2;True;0;0;0;0.666667;0.0007;;0;0;47
baseline_random_matched;happy_guided_article_short;happy;3;Q3_sales_growth;True;c3;False;0;1;0;0.666667;0.0004;;0;0;47
mcad;happy_guided_reordered;happy;1;Q1_sales_growth;True;c3;True;0;0;0;0.333333;0.3852;True;2;1;47
mcad;happy_guided_reordered;happy;2;Q2_margin_month;True;c1;True;0;0;0;0.666667;0.255;True;1;1;47
mcad;happy_guided_reordered;happy;3;Q3_stockout_store;True;c2;True;0;0;0;1.0;0.2409;True;1;1;47
baseline_naive;happy_guided_reordered;happy;1;Q1_sales_growth;True;c3;True;0;0;0;0.333333;0.0011;;0;0;47
baseline_naive;happy_guided_reordered;happy;2;Q2_margin_month;True;c1;True;0;0;0;0.666667;0.0004;;0;0;47
baseline_naive;happy_guided_reordered;happy;3;Q3_stockout_store;True;c2;True;0;0;0;1.0;0.0004;;0;0;47
baseline_measure_overlap;happy_guided_reordered;happy;1;Q1_sales_growth;True;c3;True;0;0;0;0.333333;0.0203;;0;0;47
baseline_measure_overlap;happy_guided_reordered;happy;2;Q2_margin_month;True;c1;True;0;0;0;0.666667;0.0104;;0;0;47
baseline_measure_overlap;happy_guided_reordered;happy;3;Q3_stockout_store;True;c2;True;0;0;0;1.0;0.0078;;0;0;47
ablation_no_sat;happy_guided_reordered;happy;1;Q1_sales_growth;True;c3;True;0;0;0;0.333333;0.3788;True;2;1;47
ablation_no_sat;happy_guided_reordered;happy;2;Q2_margin_month;True;c1;True;0;0;0;0.666667;0.2693;True;1;1;47
ablation_no_sat;happy_guided_reordered;happy;3;Q3_stockout_store;True;c2;True;0;0;0;1.0;0.242;True;1;1;47
ablation_no_real;happy_guided_reordered;happy;1;Q1_sales_growth;True;c3;True;0;0;0;0.333333;0.3803;True;2;1;47
ablation_no_real;happy_guided_reordered;happy;2;Q2_margin_month;True;c1;True;0;0;0;0.666667;0.2567;True;1;1;47
ablation_no_real;happy_guided_reordered;happy;3;Q3_stockout_store;True;c2;True;0;0;0;1.0;0.2584;True;1;1;47
ablation_ceval_any_intersection;happy_guided_reordered;happy;1;Q1_sales_growth;True;c3;True;0;0;0;0.333333;0.3683;True;2;1;47
ablation_ceval_any_intersection;happy_guided_reordered;happy;2;Q2_margin_month;True;c1;True;0;0;0;0.666667;0.2497;True;1;1;47
ablation_ceval_any_intersection;happy_guided_reordered;happy;3;Q3_stockout_store;True;c2;True;0;0;0;1.0;0.2526;True;1;1;47
baseline_random_matched;happy_guided_reordered;happy;1;Q1_sales_growth;True;c3;True;0;0;0;0.333333;0.003;;0;0;47
baseline_random_matched;happy_guided_reordered;happy;2;Q2_margin_month;True;c1;False;0;1;0;0.333333;0.0006;;0;0;47
baseline_random_matched;happy_guided_reordered;happy;3;Q3_stockout_store;True;c2;False;0;1;0;0.333333;0.0004;;0;0;47
mcad;happy_guided_compact;happy;1;Q1_margin_month;True;c1;True;0;0;0;0.333333;0.2787;True;1;1;47
mcad;happy_guided_compact;happy;2;Q2_sales_growth;True;c3;True;0;0;0;0.666667;0.3376;True;2;1;47
mcad;happy_guided_compact;happy;3;Q3_stockout_store;True;c2;True;0;0;0;1.0;0.2528;True;1;1;47
baseline_naive;happy_guided_compact;happy;1;Q1_margin_month;True;c1;True;0;0;0;0.333333;0.001;;0;0;47
baseline_naive;happy_guided_compact;happy;2;Q2_sales_growth;True;c3;True;0;0;0;0.666667;0.0005;;0;0;47
baseline_naive;happy_guided_compact;happy;3;Q3_stockout_store;True;c2;True;0;0;0;1.0;0.0004;;0;0;47
baseline_measure_overlap;happy_guided_compact;happy;1;Q1_margin_month;True;c1;True;0;0;0;0.333333;0.0126;;0;0;47
baseline_measure_overlap;happy_guided_compact;happy;2;Q2_sales_growth;True;c3;True;0;0;0;0.666667;0.0051;;0;0;47
baseline_measure_overlap;happy_guided_compact;happy;3;Q3_stockout_store;True;c2;True;0;0;0;1.0;0.0142;;0;0;47
ablation_no_sat;happy_guided_compact;happy;1;Q1_margin_month;True;c1;True;0;0;0;0.333333;0.5354;True;1;1;47
ablation_no_sat;happy_guided_compact;happy;2;Q2_sales_growth;True;c3;True;0;0;0;0.666667;0.6503;True;2;1;47
ablation_no_sat;happy_guided_compact;happy;3;Q3_stockout_store;True;c2;True;0;0;0;1.0;0.4618;True;1;1;47
ablation_no_real;happy_guided_compact;happy;1;Q1_margin_month;True;c1;True;0;0;0;0.333333;0.2921;True;1;1;47
ablation_no_real;happy_guided_compact;happy;2;Q2_sales_growth;True;c3;True;0;0;0;0.666667;0.5002;True;2;1;47
ablation_no_real;happy_guided_compact;happy;3;Q3_stockout_store;True;c2;True;0;0;0;1.0;0.2558;True;1;1;47
ablation_ceval_any_intersection;happy_guided_compact;happy;1;Q1_margin_month;True;c1;True;0;0;0;0.333333;0.2901;True;1;1;47
ablation_ceval_any_intersection;happy_guided_compact;happy;2;Q2_sales_growth;True;c3;True;0;0;0;0.666667;0.3369;True;2;1;47
ablation_ceval_any_intersection;happy_guided_compact;happy;3;Q3_stockout_store;True;c2;True;0;0;0;1.0;0.2389;True;1;1;47
baseline_random_matched;happy_guided_compact;happy;1;Q1_margin_month;True;c1;True;0;0;0;0.333333;0.0031;;0;0;47
baseline_random_matched;happy_guided_compact;happy;2;Q2_sales_growth;True;c3;False;0;1;0;0.333333;0.0006;;0;0;47
baseline_random_matched;happy_guided_compact;happy;3;Q3_stockout_store;True;c2;True;0;0;0;0.666667;0.0004;;0;0;47
mcad;border_growth_partial_1998_only;border;1;Q1_sales_1998_only;False;;False;0;0;0;0.0;0.3701;True;1;0;47
baseline_naive;border_growth_partial_1998_only;border;1;Q1_sales_1998_only;False;;True;1;0;1;0.0;0.0011;;0;0;47
baseline_measure_overlap;border_growth_partial_1998_only;border;1;Q1_sales_1998_only;False;;True;1;0;1;0.0;0.0188;;0;0;47
ablation_no_sat;border_growth_partial_1998_only;border;1;Q1_sales_1998_only;False;;False;0;0;0;0.0;0.4564;True;1;0;47
ablation_no_real;border_growth_partial_1998_only;border;1;Q1_sales_1998_only;False;;True;1;0;1;0.0;0.385;True;1;0;47
ablation_ceval_any_intersection;border_growth_partial_1998_only;border;1;Q1_sales_1998_only;False;;True;1;0;1;0.0;0.352;True;1;1;47
baseline_random_matched;border_growth_partial_1998_only;border;1;Q1_sales_1998_only;False;;True;1;0;1;0.0;0.0043;;0;0;47
mcad;border_margin_wrong_grain;border;1;Q1_margin_quarter_only;False;;False;0;0;0;0.0;0.218;False;0;0;47
baseline_naive;border_margin_wrong_grain;border;1;Q1_margin_quarter_only;False;;True;1;0;1;0.0;0.001;;0;0;47
baseline_measure_overlap;border_margin_wrong_grain;border;1;Q1_margin_quarter_only;False;;True;1;0;1;0.0;0.0236;;0;0;47
ablation_no_sat;border_margin_wrong_grain;border;1;Q1_margin_quarter_only;False;;False;0;0;0;0.0;0.5344;False;0;0;47
ablation_no_real;border_margin_wrong_grain;border;1;Q1_margin_quarter_only;False;;False;0;0;0;0.0;0.3531;False;0;0;47
ablation_ceval_any_intersection;border_margin_wrong_grain;border;1;Q1_margin_quarter_only;False;;False;0;0;0;0.0;0.4053;False;0;0;47
baseline_random_matched;border_margin_wrong_grain;border;1;Q1_margin_quarter_only;False;;True;1;0;1;0.0;0.0067;;0;0;47
mcad;border_stockout_missing_store;border;1;Q1_stockout_category_only;False;;False;0;0;0;0.0;0.4089;False;0;0;47
baseline_naive;border_stockout_missing_store;border;1;Q1_stockout_category_only;False;;True;1;0;1;0.0;0.0017;;0;0;47
baseline_measure_overlap;border_stockout_missing_store;border;1;Q1_stockout_category_only;False;;True;1;0;1;0.0;0.0292;;0;0;47
ablation_no_sat;border_stockout_missing_store;border;1;Q1_stockout_category_only;False;;False;0;0;0;0.0;0.4918;False;0;0;47
ablation_no_real;border_stockout_missing_store;border;1;Q1_stockout_category_only;False;;False;0;0;0;0.0;0.407;False;0;0;47
ablation_ceval_any_intersection;border_stockout_missing_store;border;1;Q1_stockout_category_only;False;;False;0;0;0;0.0;0.2172;False;0;0;47
baseline_random_matched;border_stockout_missing_store;border;1;Q1_stockout_category_only;False;;True;1;0;1;0.0;0.0038;;0;0;47
mcad;adversarial_wrong_region;adversarial;1;Q1_margin_south;False;;False;0;0;0;0.0;0.1802;False;0;0;47
baseline_naive;adversarial_wrong_region;adversarial;1;Q1_margin_south;False;;True;1;0;1;0.0;0.001;;0;0;47
baseline_measure_overlap;adversarial_wrong_region;adversarial;1;Q1_margin_south;False;;True;1;0;1;0.0;0.0149;;0;0;47
ablation_no_sat;adversarial_wrong_region;adversarial;1;Q1_margin_south;False;;False;0;0;0;0.0;0.2571;False;0;0;47
ablation_no_real;adversarial_wrong_region;adversarial;1;Q1_margin_south;False;;False;0;0;0;0.0;0.2048;False;0;0;47
ablation_ceval_any_intersection;adversarial_wrong_region;adversarial;1;Q1_margin_south;False;;False;0;0;0;0.0;0.1814;False;0;0;47
baseline_random_matched;adversarial_wrong_region;adversarial;1;Q1_margin_south;False;;True;1;0;1;0.0;0.0034;;0;0;47
mcad;adversarial_wrong_year;adversarial;1;Q1_stockout_1997;False;;False;0;0;0;0.0;0.1802;False;0;0;47
baseline_naive;adversarial_wrong_year;adversarial;1;Q1_stockout_1997;False;;True;1;0;1;0.0;0.0009;;0;0;47
baseline_measure_overlap;adversarial_wrong_year;adversarial;1;Q1_stockout_1997;False;;True;1;0;1;0.0;0.019;;0;0;47
ablation_no_sat;adversarial_wrong_year;adversarial;1;Q1_stockout_1997;False;;False;0;0;0;0.0;0.3384;False;0;0;47
ablation_no_real;adversarial_wrong_year;adversarial;1;Q1_stockout_1997;False;;False;0;0;0;0.0;0.315;False;0;0;47
ablation_ceval_any_intersection;adversarial_wrong_year;adversarial;1;Q1_stockout_1997;False;;False;0;0;0;0.0;0.1972;False;0;0;47
baseline_random_matched;adversarial_wrong_year;adversarial;1;Q1_stockout_1997;False;;False;0;0;0;0.0;0.0032;;0;0;47
mcad;adversarial_invalid_no_measures;adversarial;1;Q1_invalid_no_measure;False;;False;0;0;0;0.0;0.0759;False;0;0;47
baseline_naive;adversarial_invalid_no_measures;adversarial;1;Q1_invalid_no_measure;False;;True;1;0;1;0.0;0.001;;0;0;47
baseline_measure_overlap;adversarial_invalid_no_measures;adversarial;1;Q1_invalid_no_measure;False;;False;0;0;0;0.0;0.0134;;0;0;47
ablation_no_sat;adversarial_invalid_no_measures;adversarial;1;Q1_invalid_no_measure;False;;False;0;0;0;0.0;0.1467;False;0;0;47
ablation_no_real;adversarial_invalid_no_measures;adversarial;1;Q1_invalid_no_measure;False;;False;0;0;0;0.0;0.0839;False;0;0;47
ablation_ceval_any_intersection;adversarial_invalid_no_measures;adversarial;1;Q1_invalid_no_measure;False;;False;0;0;0;0.0;0.108;False;0;0;47
baseline_random_matched;adversarial_invalid_no_measures;adversarial;1;Q1_invalid_no_measure;False;;True;1;0;1;0.0;0.0033;;0;0;47
mcad;stress_exploratory_then_useful;stress;1;Q1_noise_region;False;;False;0;0;0;0.0;0.2007;False;0;0;47
mcad;stress_exploratory_then_useful;stress;2;Q2_noise_margin_all;False;;False;0;0;0;0.0;0.1413;False;0;0;47
mcad;stress_exploratory_then_useful;stress;3;Q3_useful_margin;True;c1;True;0;0;0;0.333333;0.3605;True;1;1;47
baseline_naive;stress_exploratory_then_useful;stress;1;Q1_noise_region;False;;True;1;0;1;0.0;0.0013;;0;0;47
baseline_naive;stress_exploratory_then_useful;stress;2;Q2_noise_margin_all;False;;True;1;0;1;0.0;0.0006;;0;0;47
baseline_naive;stress_exploratory_then_useful;stress;3;Q3_useful_margin;True;c1;True;0;0;0;0.333333;0.0006;;0;0;47
baseline_measure_overlap;stress_exploratory_then_useful;stress;1;Q1_noise_region;False;;True;1;0;1;0.0;0.0238;;0;0;47
baseline_measure_overlap;stress_exploratory_then_useful;stress;2;Q2_noise_margin_all;False;;True;1;0;1;0.0;0.0088;;0;0;47
baseline_measure_overlap;stress_exploratory_then_useful;stress;3;Q3_useful_margin;True;c1;True;0;0;0;0.333333;0.0072;;0;0;47
ablation_no_sat;stress_exploratory_then_useful;stress;1;Q1_noise_region;False;;False;0;0;0;0.0;0.2565;False;0;0;47
ablation_no_sat;stress_exploratory_then_useful;stress;2;Q2_noise_margin_all;False;;False;0;0;0;0.0;0.1704;False;0;0;47
ablation_no_sat;stress_exploratory_then_useful;stress;3;Q3_useful_margin;True;c1;True;0;0;0;0.333333;0.2543;True;1;1;47
ablation_no_real;stress_exploratory_then_useful;stress;1;Q1_noise_region;False;;False;0;0;0;0.0;0.2258;False;0;0;47
ablation_no_real;stress_exploratory_then_useful;stress;2;Q2_noise_margin_all;False;;False;0;0;0;0.0;0.1468;False;0;0;47
ablation_no_real;stress_exploratory_then_useful;stress;3;Q3_useful_margin;True;c1;True;0;0;0;0.333333;0.2566;True;1;1;47
ablation_ceval_any_intersection;stress_exploratory_then_useful;stress;1;Q1_noise_region;False;;False;0;0;0;0.0;0.2116;False;0;0;47
ablation_ceval_any_intersection;stress_exploratory_then_useful;stress;2;Q2_noise_margin_all;False;;False;0;0;0;0.0;0.1408;False;0;0;47
ablation_ceval_any_intersection;stress_exploratory_then_useful;stress;3;Q3_useful_margin;True;c1;True;0;0;0;0.333333;0.2526;True;1;1;47
baseline_random_matched;stress_exploratory_then_useful;stress;1;Q1_noise_region;False;;False;0;0;0;0.0;0.0032;;0;0;47
baseline_random_matched;stress_exploratory_then_useful;stress;2;Q2_noise_margin_all;False;;False;0;0;0;0.0;0.0006;;0;0;47
baseline_random_matched;stress_exploratory_then_useful;stress;3;Q3_useful_margin;True;c1;True;0;0;0;0.333333;0.0005;;0;0;47
mcad;happy_guided_article_short;happy;1;Q1_margin_month;True;c1;True;0;0;0;0.333333;0.2887;True;1;1;48
mcad;happy_guided_article_short;happy;2;Q2_stockout_store;True;c2;True;0;0;0;0.666667;0.2638;True;1;1;48
mcad;happy_guided_article_short;happy;3;Q3_sales_growth;True;c3;True;0;0;0;1.0;0.353;True;2;1;48
baseline_naive;happy_guided_article_short;happy;1;Q1_margin_month;True;c1;True;0;0;0;0.333333;0.001;;0;0;48
baseline_naive;happy_guided_article_short;happy;2;Q2_stockout_store;True;c2;True;0;0;0;0.666667;0.0005;;0;0;48
baseline_naive;happy_guided_article_short;happy;3;Q3_sales_growth;True;c3;True;0;0;0;1.0;0.0004;;0;0;48
baseline_measure_overlap;happy_guided_article_short;happy;1;Q1_margin_month;True;c1;True;0;0;0;0.333333;0.0138;;0;0;48
baseline_measure_overlap;happy_guided_article_short;happy;2;Q2_stockout_store;True;c2;True;0;0;0;0.666667;0.0054;;0;0;48
baseline_measure_overlap;happy_guided_article_short;happy;3;Q3_sales_growth;True;c3;True;0;0;0;1.0;0.0041;;0;0;48
ablation_no_sat;happy_guided_article_short;happy;1;Q1_margin_month;True;c1;True;0;0;0;0.333333;0.279;True;1;1;48
ablation_no_sat;happy_guided_article_short;happy;2;Q2_stockout_store;True;c2;True;0;0;0;0.666667;0.2449;True;1;1;48
ablation_no_sat;happy_guided_article_short;happy;3;Q3_sales_growth;True;c3;True;0;0;0;1.0;0.3395;True;2;1;48
ablation_no_real;happy_guided_article_short;happy;1;Q1_margin_month;True;c1;True;0;0;0;0.333333;0.2834;True;1;1;48
ablation_no_real;happy_guided_article_short;happy;2;Q2_stockout_store;True;c2;True;0;0;0;0.666667;0.2495;True;1;1;48
ablation_no_real;happy_guided_article_short;happy;3;Q3_sales_growth;True;c3;True;0;0;0;1.0;0.3445;True;2;1;48
ablation_ceval_any_intersection;happy_guided_article_short;happy;1;Q1_margin_month;True;c1;True;0;0;0;0.333333;0.3014;True;1;1;48
ablation_ceval_any_intersection;happy_guided_article_short;happy;2;Q2_stockout_store;True;c2;True;0;0;0;0.666667;0.2423;True;1;1;48
ablation_ceval_any_intersection;happy_guided_article_short;happy;3;Q3_sales_growth;True;c3;True;0;0;0;1.0;0.3384;True;2;1;48
baseline_random_matched;happy_guided_article_short;happy;1;Q1_margin_month;True;c1;True;0;0;0;0.333333;0.0035;;0;0;48
baseline_random_matched;happy_guided_article_short;happy;2;Q2_stockout_store;True;c2;False;0;1;0;0.333333;0.0008;;0;0;48
baseline_random_matched;happy_guided_article_short;happy;3;Q3_sales_growth;True;c3;False;0;1;0;0.333333;0.0005;;0;0;48
mcad;happy_guided_reordered;happy;1;Q1_sales_growth;True;c3;True;0;0;0;0.333333;0.3796;True;2;1;48
mcad;happy_guided_reordered;happy;2;Q2_margin_month;True;c1;True;0;0;0;0.666667;0.2494;True;1;1;48
mcad;happy_guided_reordered;happy;3;Q3_stockout_store;True;c2;True;0;0;0;1.0;0.2456;True;1;1;48
baseline_naive;happy_guided_reordered;happy;1;Q1_sales_growth;True;c3;True;0;0;0;0.333333;0.0009;;0;0;48
baseline_naive;happy_guided_reordered;happy;2;Q2_margin_month;True;c1;True;0;0;0;0.666667;0.0004;;0;0;48
baseline_naive;happy_guided_reordered;happy;3;Q3_stockout_store;True;c2;True;0;0;0;1.0;0.0003;;0;0;48
baseline_measure_overlap;happy_guided_reordered;happy;1;Q1_sales_growth;True;c3;True;0;0;0;0.333333;0.0129;;0;0;48
baseline_measure_overlap;happy_guided_reordered;happy;2;Q2_margin_month;True;c1;True;0;0;0;0.666667;0.0053;;0;0;48
baseline_measure_overlap;happy_guided_reordered;happy;3;Q3_stockout_store;True;c2;True;0;0;0;1.0;0.0044;;0;0;48
ablation_no_sat;happy_guided_reordered;happy;1;Q1_sales_growth;True;c3;True;0;0;0;0.333333;0.402;True;2;1;48
ablation_no_sat;happy_guided_reordered;happy;2;Q2_margin_month;True;c1;True;0;0;0;0.666667;0.2506;True;1;1;48
ablation_no_sat;happy_guided_reordered;happy;3;Q3_stockout_store;True;c2;True;0;0;0;1.0;0.2433;True;1;1;48
ablation_no_real;happy_guided_reordered;happy;1;Q1_sales_growth;True;c3;True;0;0;0;0.333333;0.3815;True;2;1;48
ablation_no_real;happy_guided_reordered;happy;2;Q2_margin_month;True;c1;True;0;0;0;0.666667;0.2542;True;1;1;48
ablation_no_real;happy_guided_reordered;happy;3;Q3_stockout_store;True;c2;True;0;0;0;1.0;0.2405;True;1;1;48
ablation_ceval_any_intersection;happy_guided_reordered;happy;1;Q1_sales_growth;True;c3;True;0;0;0;0.333333;0.359;True;2;1;48
ablation_ceval_any_intersection;happy_guided_reordered;happy;2;Q2_margin_month;True;c1;True;0;0;0;0.666667;0.2449;True;1;1;48
ablation_ceval_any_intersection;happy_guided_reordered;happy;3;Q3_stockout_store;True;c2;True;0;0;0;1.0;0.2353;True;1;1;48
baseline_random_matched;happy_guided_reordered;happy;1;Q1_sales_growth;True;c3;False;0;1;0;0.0;0.0024;;0;0;48
baseline_random_matched;happy_guided_reordered;happy;2;Q2_margin_month;True;c1;True;0;0;0;0.333333;0.0006;;0;0;48
baseline_random_matched;happy_guided_reordered;happy;3;Q3_stockout_store;True;c2;True;0;0;0;0.666667;0.0005;;0;0;48
mcad;happy_guided_compact;happy;1;Q1_margin_month;True;c1;True;0;0;0;0.333333;0.2753;True;1;1;48
mcad;happy_guided_compact;happy;2;Q2_sales_growth;True;c3;True;0;0;0;0.666667;0.345;True;2;1;48
mcad;happy_guided_compact;happy;3;Q3_stockout_store;True;c2;True;0;0;0;1.0;0.2399;True;1;1;48
baseline_naive;happy_guided_compact;happy;1;Q1_margin_month;True;c1;True;0;0;0;0.333333;0.001;;0;0;48
baseline_naive;happy_guided_compact;happy;2;Q2_sales_growth;True;c3;True;0;0;0;0.666667;0.0005;;0;0;48
baseline_naive;happy_guided_compact;happy;3;Q3_stockout_store;True;c2;True;0;0;0;1.0;0.0003;;0;0;48
baseline_measure_overlap;happy_guided_compact;happy;1;Q1_margin_month;True;c1;True;0;0;0;0.333333;0.0129;;0;0;48
baseline_measure_overlap;happy_guided_compact;happy;2;Q2_sales_growth;True;c3;True;0;0;0;0.666667;0.0055;;0;0;48
baseline_measure_overlap;happy_guided_compact;happy;3;Q3_stockout_store;True;c2;True;0;0;0;1.0;0.0043;;0;0;48
ablation_no_sat;happy_guided_compact;happy;1;Q1_margin_month;True;c1;True;0;0;0;0.333333;0.276;True;1;1;48
ablation_no_sat;happy_guided_compact;happy;2;Q2_sales_growth;True;c3;True;0;0;0;0.666667;0.3426;True;2;1;48
ablation_no_sat;happy_guided_compact;happy;3;Q3_stockout_store;True;c2;True;0;0;0;1.0;0.241;True;1;1;48
ablation_no_real;happy_guided_compact;happy;1;Q1_margin_month;True;c1;True;0;0;0;0.333333;0.2983;True;1;1;48
ablation_no_real;happy_guided_compact;happy;2;Q2_sales_growth;True;c3;True;0;0;0;0.666667;0.3391;True;2;1;48
ablation_no_real;happy_guided_compact;happy;3;Q3_stockout_store;True;c2;True;0;0;0;1.0;0.242;True;1;1;48
ablation_ceval_any_intersection;happy_guided_compact;happy;1;Q1_margin_month;True;c1;True;0;0;0;0.333333;0.2967;True;1;1;48
ablation_ceval_any_intersection;happy_guided_compact;happy;2;Q2_sales_growth;True;c3;True;0;0;0;0.666667;0.3302;True;2;1;48
ablation_ceval_any_intersection;happy_guided_compact;happy;3;Q3_stockout_store;True;c2;True;0;0;0;1.0;0.2364;True;1;1;48
baseline_random_matched;happy_guided_compact;happy;1;Q1_margin_month;True;c1;True;0;0;0;0.333333;0.0027;;0;0;48
baseline_random_matched;happy_guided_compact;happy;2;Q2_sales_growth;True;c3;True;0;0;0;0.666667;0.0007;;0;0;48
baseline_random_matched;happy_guided_compact;happy;3;Q3_stockout_store;True;c2;False;0;1;0;0.666667;0.0005;;0;0;48
mcad;border_growth_partial_1998_only;border;1;Q1_sales_1998_only;False;;False;0;0;0;0.0;0.3354;True;1;0;48
baseline_naive;border_growth_partial_1998_only;border;1;Q1_sales_1998_only;False;;True;1;0;1;0.0;0.0009;;0;0;48
baseline_measure_overlap;border_growth_partial_1998_only;border;1;Q1_sales_1998_only;False;;True;1;0;1;0.0;0.0144;;0;0;48
ablation_no_sat;border_growth_partial_1998_only;border;1;Q1_sales_1998_only;False;;False;0;0;0;0.0;0.3474;True;1;0;48
ablation_no_real;border_growth_partial_1998_only;border;1;Q1_sales_1998_only;False;;True;1;0;1;0.0;0.3439;True;1;0;48
ablation_ceval_any_intersection;border_growth_partial_1998_only;border;1;Q1_sales_1998_only;False;;True;1;0;1;0.0;0.364;True;1;1;48
baseline_random_matched;border_growth_partial_1998_only;border;1;Q1_sales_1998_only;False;;True;1;0;1;0.0;0.0026;;0;0;48
mcad;border_margin_wrong_grain;border;1;Q1_margin_quarter_only;False;;False;0;0;0;0.0;0.1991;False;0;0;48
baseline_naive;border_margin_wrong_grain;border;1;Q1_margin_quarter_only;False;;True;1;0;1;0.0;0.0009;;0;0;48
baseline_measure_overlap;border_margin_wrong_grain;border;1;Q1_margin_quarter_only;False;;True;1;0;1;0.0;0.0129;;0;0;48
ablation_no_sat;border_margin_wrong_grain;border;1;Q1_margin_quarter_only;False;;False;0;0;0;0.0;0.2587;False;0;0;48
ablation_no_real;border_margin_wrong_grain;border;1;Q1_margin_quarter_only;False;;False;0;0;0;0.0;0.2031;False;0;0;48
ablation_ceval_any_intersection;border_margin_wrong_grain;border;1;Q1_margin_quarter_only;False;;False;0;0;0;0.0;0.1929;False;0;0;48
baseline_random_matched;border_margin_wrong_grain;border;1;Q1_margin_quarter_only;False;;False;0;0;0;0.0;0.0028;;0;0;48
mcad;border_stockout_missing_store;border;1;Q1_stockout_category_only;False;;False;0;0;0;0.0;0.1952;False;0;0;48
baseline_naive;border_stockout_missing_store;border;1;Q1_stockout_category_only;False;;True;1;0;1;0.0;0.001;;0;0;48
baseline_measure_overlap;border_stockout_missing_store;border;1;Q1_stockout_category_only;False;;True;1;0;1;0.0;0.0124;;0;0;48
ablation_no_sat;border_stockout_missing_store;border;1;Q1_stockout_category_only;False;;False;0;0;0;0.0;0.4899;False;0;0;48
ablation_no_real;border_stockout_missing_store;border;1;Q1_stockout_category_only;False;;False;0;0;0;0.0;0.2139;False;0;0;48
ablation_ceval_any_intersection;border_stockout_missing_store;border;1;Q1_stockout_category_only;False;;False;0;0;0;0.0;0.1945;False;0;0;48
baseline_random_matched;border_stockout_missing_store;border;1;Q1_stockout_category_only;False;;False;0;0;0;0.0;0.0026;;0;0;48
mcad;adversarial_wrong_region;adversarial;1;Q1_margin_south;False;;False;0;0;0;0.0;0.1684;False;0;0;48
baseline_naive;adversarial_wrong_region;adversarial;1;Q1_margin_south;False;;True;1;0;1;0.0;0.0009;;0;0;48
baseline_measure_overlap;adversarial_wrong_region;adversarial;1;Q1_margin_south;False;;True;1;0;1;0.0;0.0178;;0;0;48
ablation_no_sat;adversarial_wrong_region;adversarial;1;Q1_margin_south;False;;False;0;0;0;0.0;0.3661;False;0;0;48
ablation_no_real;adversarial_wrong_region;adversarial;1;Q1_margin_south;False;;False;0;0;0;0.0;0.205;False;0;0;48
ablation_ceval_any_intersection;adversarial_wrong_region;adversarial;1;Q1_margin_south;False;;False;0;0;0;0.0;0.1741;False;0;0;48
baseline_random_matched;adversarial_wrong_region;adversarial;1;Q1_margin_south;False;;True;1;0;1;0.0;0.0036;;0;0;48
mcad;adversarial_wrong_year;adversarial;1;Q1_stockout_1997;False;;False;0;0;0;0.0;0.1765;False;0;0;48
baseline_naive;adversarial_wrong_year;adversarial;1;Q1_stockout_1997;False;;True;1;0;1;0.0;0.0013;;0;0;48
baseline_measure_overlap;adversarial_wrong_year;adversarial;1;Q1_stockout_1997;False;;True;1;0;1;0.0;0.0157;;0;0;48
ablation_no_sat;adversarial_wrong_year;adversarial;1;Q1_stockout_1997;False;;False;0;0;0;0.0;0.2023;False;0;0;48
ablation_no_real;adversarial_wrong_year;adversarial;1;Q1_stockout_1997;False;;False;0;0;0;0.0;0.1786;False;0;0;48
ablation_ceval_any_intersection;adversarial_wrong_year;adversarial;1;Q1_stockout_1997;False;;False;0;0;0;0.0;0.1637;False;0;0;48
baseline_random_matched;adversarial_wrong_year;adversarial;1;Q1_stockout_1997;False;;True;1;0;1;0.0;0.0031;;0;0;48
mcad;adversarial_invalid_no_measures;adversarial;1;Q1_invalid_no_measure;False;;False;0;0;0;0.0;0.0756;False;0;0;48
baseline_naive;adversarial_invalid_no_measures;adversarial;1;Q1_invalid_no_measure;False;;True;1;0;1;0.0;0.001;;0;0;48
baseline_measure_overlap;adversarial_invalid_no_measures;adversarial;1;Q1_invalid_no_measure;False;;False;0;0;0;0.0;0.0215;;0;0;48
ablation_no_sat;adversarial_invalid_no_measures;adversarial;1;Q1_invalid_no_measure;False;;False;0;0;0;0.0;0.0918;False;0;0;48
ablation_no_real;adversarial_invalid_no_measures;adversarial;1;Q1_invalid_no_measure;False;;False;0;0;0;0.0;0.0873;False;0;0;48
ablation_ceval_any_intersection;adversarial_invalid_no_measures;adversarial;1;Q1_invalid_no_measure;False;;False;0;0;0;0.0;0.074;False;0;0;48
baseline_random_matched;adversarial_invalid_no_measures;adversarial;1;Q1_invalid_no_measure;False;;True;1;0;1;0.0;0.0033;;0;0;48
mcad;stress_exploratory_then_useful;stress;1;Q1_noise_region;False;;False;0;0;0;0.0;0.2129;False;0;0;48
mcad;stress_exploratory_then_useful;stress;2;Q2_noise_margin_all;False;;False;0;0;0;0.0;0.1472;False;0;0;48
mcad;stress_exploratory_then_useful;stress;3;Q3_useful_margin;True;c1;True;0;0;0;0.333333;0.2484;True;1;1;48
baseline_naive;stress_exploratory_then_useful;stress;1;Q1_noise_region;False;;True;1;0;1;0.0;0.0012;;0;0;48
baseline_naive;stress_exploratory_then_useful;stress;2;Q2_noise_margin_all;False;;True;1;0;1;0.0;0.0008;;0;0;48
baseline_naive;stress_exploratory_then_useful;stress;3;Q3_useful_margin;True;c1;True;0;0;0;0.333333;0.0007;;0;0;48
baseline_measure_overlap;stress_exploratory_then_useful;stress;1;Q1_noise_region;False;;True;1;0;1;0.0;0.0222;;0;0;48
baseline_measure_overlap;stress_exploratory_then_useful;stress;2;Q2_noise_margin_all;False;;True;1;0;1;0.0;0.0076;;0;0;48
baseline_measure_overlap;stress_exploratory_then_useful;stress;3;Q3_useful_margin;True;c1;True;0;0;0;0.333333;0.0068;;0;0;48
ablation_no_sat;stress_exploratory_then_useful;stress;1;Q1_noise_region;False;;False;0;0;0;0.0;0.5004;False;0;0;48
ablation_no_sat;stress_exploratory_then_useful;stress;2;Q2_noise_margin_all;False;;False;0;0;0;0.0;0.3716;False;0;0;48
ablation_no_sat;stress_exploratory_then_useful;stress;3;Q3_useful_margin;True;c1;True;0;0;0;0.333333;1.4772;True;1;1;48
ablation_no_real;stress_exploratory_then_useful;stress;1;Q1_noise_region;False;;False;0;0;0;0.0;0.3642;False;0;0;48
ablation_no_real;stress_exploratory_then_useful;stress;2;Q2_noise_margin_all;False;;False;0;0;0;0.0;1.1838;False;0;0;48
ablation_no_real;stress_exploratory_then_useful;stress;3;Q3_useful_margin;True;c1;True;0;0;0;0.333333;0.2986;True;1;1;48
ablation_ceval_any_intersection;stress_exploratory_then_useful;stress;1;Q1_noise_region;False;;False;0;0;0;0.0;0.1966;False;0;0;48
ablation_ceval_any_intersection;stress_exploratory_then_useful;stress;2;Q2_noise_margin_all;False;;False;0;0;0;0.0;0.1396;False;0;0;48
ablation_ceval_any_intersection;stress_exploratory_then_useful;stress;3;Q3_useful_margin;True;c1;True;0;0;0;0.333333;0.2423;True;1;1;48
baseline_random_matched;stress_exploratory_then_useful;stress;1;Q1_noise_region;False;;False;0;0;0;0.0;0.0043;;0;0;48
baseline_random_matched;stress_exploratory_then_useful;stress;2;Q2_noise_margin_all;False;;True;1;0;1;0.0;0.001;;0;0;48
baseline_random_matched;stress_exploratory_then_useful;stress;3;Q3_useful_margin;True;c1;True;0;0;0;0.333333;0.0008;;0;0;48
mcad;happy_guided_article_short;happy;1;Q1_margin_month;True;c1;True;0;0;0;0.333333;0.2975;True;1;1;49
mcad;happy_guided_article_short;happy;2;Q2_stockout_store;True;c2;True;0;0;0;0.666667;0.2455;True;1;1;49
mcad;happy_guided_article_short;happy;3;Q3_sales_growth;True;c3;True;0;0;0;1.0;0.3281;True;2;1;49
baseline_naive;happy_guided_article_short;happy;1;Q1_margin_month;True;c1;True;0;0;0;0.333333;0.001;;0;0;49
baseline_naive;happy_guided_article_short;happy;2;Q2_stockout_store;True;c2;True;0;0;0;0.666667;0.0005;;0;0;49
baseline_naive;happy_guided_article_short;happy;3;Q3_sales_growth;True;c3;True;0;0;0;1.0;0.0004;;0;0;49
baseline_measure_overlap;happy_guided_article_short;happy;1;Q1_margin_month;True;c1;True;0;0;0;0.333333;0.0214;;0;0;49
baseline_measure_overlap;happy_guided_article_short;happy;2;Q2_stockout_store;True;c2;True;0;0;0;0.666667;0.0093;;0;0;49
baseline_measure_overlap;happy_guided_article_short;happy;3;Q3_sales_growth;True;c3;True;0;0;0;1.0;0.0079;;0;0;49
ablation_no_sat;happy_guided_article_short;happy;1;Q1_margin_month;True;c1;True;0;0;0;0.333333;0.292;True;1;1;49
ablation_no_sat;happy_guided_article_short;happy;2;Q2_stockout_store;True;c2;True;0;0;0;0.666667;0.2415;True;1;1;49
ablation_no_sat;happy_guided_article_short;happy;3;Q3_sales_growth;True;c3;True;0;0;0;1.0;0.3266;True;2;1;49
ablation_no_real;happy_guided_article_short;happy;1;Q1_margin_month;True;c1;True;0;0;0;0.333333;0.2807;True;1;1;49
ablation_no_real;happy_guided_article_short;happy;2;Q2_stockout_store;True;c2;True;0;0;0;0.666667;0.4202;True;1;1;49
ablation_no_real;happy_guided_article_short;happy;3;Q3_sales_growth;True;c3;True;0;0;0;1.0;0.6109;True;2;1;49
ablation_ceval_any_intersection;happy_guided_article_short;happy;1;Q1_margin_month;True;c1;True;0;0;0;0.333333;0.2746;True;1;1;49
ablation_ceval_any_intersection;happy_guided_article_short;happy;2;Q2_stockout_store;True;c2;True;0;0;0;0.666667;0.2684;True;1;1;49
ablation_ceval_any_intersection;happy_guided_article_short;happy;3;Q3_sales_growth;True;c3;True;0;0;0;1.0;0.3339;True;2;1;49
baseline_random_matched;happy_guided_article_short;happy;1;Q1_margin_month;True;c1;True;0;0;0;0.333333;0.0044;;0;0;49
baseline_random_matched;happy_guided_article_short;happy;2;Q2_stockout_store;True;c2;False;0;1;0;0.333333;0.0012;;0;0;49
baseline_random_matched;happy_guided_article_short;happy;3;Q3_sales_growth;True;c3;False;0;1;0;0.333333;0.0008;;0;0;49
mcad;happy_guided_reordered;happy;1;Q1_sales_growth;True;c3;True;0;0;0;0.333333;0.3634;True;2;1;49
mcad;happy_guided_reordered;happy;2;Q2_margin_month;True;c1;True;0;0;0;0.666667;0.2588;True;1;1;49
mcad;happy_guided_reordered;happy;3;Q3_stockout_store;True;c2;True;0;0;0;1.0;0.2377;True;1;1;49
baseline_naive;happy_guided_reordered;happy;1;Q1_sales_growth;True;c3;True;0;0;0;0.333333;0.0009;;0;0;49
baseline_naive;happy_guided_reordered;happy;2;Q2_margin_month;True;c1;True;0;0;0;0.666667;0.0005;;0;0;49
baseline_naive;happy_guided_reordered;happy;3;Q3_stockout_store;True;c2;True;0;0;0;1.0;0.0003;;0;0;49
baseline_measure_overlap;happy_guided_reordered;happy;1;Q1_sales_growth;True;c3;True;0;0;0;0.333333;0.0132;;0;0;49
baseline_measure_overlap;happy_guided_reordered;happy;2;Q2_margin_month;True;c1;True;0;0;0;0.666667;0.0051;;0;0;49
baseline_measure_overlap;happy_guided_reordered;happy;3;Q3_stockout_store;True;c2;True;0;0;0;1.0;0.005;;0;0;49
ablation_no_sat;happy_guided_reordered;happy;1;Q1_sales_growth;True;c3;True;0;0;0;0.333333;0.3612;True;2;1;49
ablation_no_sat;happy_guided_reordered;happy;2;Q2_margin_month;True;c1;True;0;0;0;0.666667;0.2434;True;1;1;49
ablation_no_sat;happy_guided_reordered;happy;3;Q3_stockout_store;True;c2;True;0;0;0;1.0;0.2495;True;1;1;49
ablation_no_real;happy_guided_reordered;happy;1;Q1_sales_growth;True;c3;True;0;0;0;0.333333;0.3723;True;2;1;49
ablation_no_real;happy_guided_reordered;happy;2;Q2_margin_month;True;c1;True;0;0;0;0.666667;0.2589;True;1;1;49
ablation_no_real;happy_guided_reordered;happy;3;Q3_stockout_store;True;c2;True;0;0;0;1.0;0.2527;True;1;1;49
ablation_ceval_any_intersection;happy_guided_reordered;happy;1;Q1_sales_growth;True;c3;True;0;0;0;0.333333;0.6541;True;2;1;49
ablation_ceval_any_intersection;happy_guided_reordered;happy;2;Q2_margin_month;True;c1;True;0;0;0;0.666667;0.4402;True;1;1;49
ablation_ceval_any_intersection;happy_guided_reordered;happy;3;Q3_stockout_store;True;c2;True;0;0;0;1.0;0.4742;True;1;1;49
baseline_random_matched;happy_guided_reordered;happy;1;Q1_sales_growth;True;c3;True;0;0;0;0.333333;0.0037;;0;0;49
baseline_random_matched;happy_guided_reordered;happy;2;Q2_margin_month;True;c1;False;0;1;0;0.333333;0.0007;;0;0;49
baseline_random_matched;happy_guided_reordered;happy;3;Q3_stockout_store;True;c2;False;0;1;0;0.333333;0.0004;;0;0;49
mcad;happy_guided_compact;happy;1;Q1_margin_month;True;c1;True;0;0;0;0.333333;0.2813;True;1;1;49
mcad;happy_guided_compact;happy;2;Q2_sales_growth;True;c3;True;0;0;0;0.666667;0.3476;True;2;1;49
mcad;happy_guided_compact;happy;3;Q3_stockout_store;True;c2;True;0;0;0;1.0;0.2404;True;1;1;49
baseline_naive;happy_guided_compact;happy;1;Q1_margin_month;True;c1;True;0;0;0;0.333333;0.0009;;0;0;49
baseline_naive;happy_guided_compact;happy;2;Q2_sales_growth;True;c3;True;0;0;0;0.666667;0.0005;;0;0;49
baseline_naive;happy_guided_compact;happy;3;Q3_stockout_store;True;c2;True;0;0;0;1.0;0.0004;;0;0;49
baseline_measure_overlap;happy_guided_compact;happy;1;Q1_margin_month;True;c1;True;0;0;0;0.333333;0.0161;;0;0;49
baseline_measure_overlap;happy_guided_compact;happy;2;Q2_sales_growth;True;c3;True;0;0;0;0.666667;0.0051;;0;0;49
baseline_measure_overlap;happy_guided_compact;happy;3;Q3_stockout_store;True;c2;True;0;0;0;1.0;0.0043;;0;0;49
ablation_no_sat;happy_guided_compact;happy;1;Q1_margin_month;True;c1;True;0;0;0;0.333333;0.5408;True;1;1;49
ablation_no_sat;happy_guided_compact;happy;2;Q2_sales_growth;True;c3;True;0;0;0;0.666667;0.684;True;2;1;49
ablation_no_sat;happy_guided_compact;happy;3;Q3_stockout_store;True;c2;True;0;0;0;1.0;0.4567;True;1;1;49
ablation_no_real;happy_guided_compact;happy;1;Q1_margin_month;True;c1;True;0;0;0;0.333333;0.2869;True;1;1;49
ablation_no_real;happy_guided_compact;happy;2;Q2_sales_growth;True;c3;True;0;0;0;0.666667;0.3393;True;2;1;49
ablation_no_real;happy_guided_compact;happy;3;Q3_stockout_store;True;c2;True;0;0;0;1.0;0.2539;True;1;1;49
ablation_ceval_any_intersection;happy_guided_compact;happy;1;Q1_margin_month;True;c1;True;0;0;0;0.333333;0.2819;True;1;1;49
ablation_ceval_any_intersection;happy_guided_compact;happy;2;Q2_sales_growth;True;c3;True;0;0;0;0.666667;0.3344;True;2;1;49
ablation_ceval_any_intersection;happy_guided_compact;happy;3;Q3_stockout_store;True;c2;True;0;0;0;1.0;0.2351;True;1;1;49
baseline_random_matched;happy_guided_compact;happy;1;Q1_margin_month;True;c1;True;0;0;0;0.333333;0.0033;;0;0;49
baseline_random_matched;happy_guided_compact;happy;2;Q2_sales_growth;True;c3;True;0;0;0;0.666667;0.0006;;0;0;49
baseline_random_matched;happy_guided_compact;happy;3;Q3_stockout_store;True;c2;False;0;1;0;0.666667;0.0005;;0;0;49
mcad;border_growth_partial_1998_only;border;1;Q1_sales_1998_only;False;;False;0;0;0;0.0;0.3363;True;1;0;49
baseline_naive;border_growth_partial_1998_only;border;1;Q1_sales_1998_only;False;;True;1;0;1;0.0;0.0013;;0;0;49
baseline_measure_overlap;border_growth_partial_1998_only;border;1;Q1_sales_1998_only;False;;True;1;0;1;0.0;0.0215;;0;0;49
ablation_no_sat;border_growth_partial_1998_only;border;1;Q1_sales_1998_only;False;;False;0;0;0;0.0;0.6575;True;1;0;49
ablation_no_real;border_growth_partial_1998_only;border;1;Q1_sales_1998_only;False;;True;1;0;1;0.0;0.6815;True;1;0;49
ablation_ceval_any_intersection;border_growth_partial_1998_only;border;1;Q1_sales_1998_only;False;;True;1;0;1;0.0;0.3364;True;1;1;49
baseline_random_matched;border_growth_partial_1998_only;border;1;Q1_sales_1998_only;False;;False;0;0;0;0.0;0.0034;;0;0;49
mcad;border_margin_wrong_grain;border;1;Q1_margin_quarter_only;False;;False;0;0;0;0.0;0.2017;False;0;0;49
baseline_naive;border_margin_wrong_grain;border;1;Q1_margin_quarter_only;False;;True;1;0;1;0.0;0.001;;0;0;49
baseline_measure_overlap;border_margin_wrong_grain;border;1;Q1_margin_quarter_only;False;;True;1;0;1;0.0;0.0139;;0;0;49
ablation_no_sat;border_margin_wrong_grain;border;1;Q1_margin_quarter_only;False;;False;0;0;0;0.0;0.2749;False;0;0;49
ablation_no_real;border_margin_wrong_grain;border;1;Q1_margin_quarter_only;False;;False;0;0;0;0.0;0.2142;False;0;0;49
ablation_ceval_any_intersection;border_margin_wrong_grain;border;1;Q1_margin_quarter_only;False;;False;0;0;0;0.0;0.1954;False;0;0;49
baseline_random_matched;border_margin_wrong_grain;border;1;Q1_margin_quarter_only;False;;False;0;0;0;0.0;0.0035;;0;0;49
mcad;border_stockout_missing_store;border;1;Q1_stockout_category_only;False;;False;0;0;0;0.0;0.1945;False;0;0;49
baseline_naive;border_stockout_missing_store;border;1;Q1_stockout_category_only;False;;True;1;0;1;0.0;0.0017;;0;0;49
baseline_measure_overlap;border_stockout_missing_store;border;1;Q1_stockout_category_only;False;;True;1;0;1;0.0;0.0199;;0;0;49
ablation_no_sat;border_stockout_missing_store;border;1;Q1_stockout_category_only;False;;False;0;0;0;0.0;0.2961;False;0;0;49
ablation_no_real;border_stockout_missing_store;border;1;Q1_stockout_category_only;False;;False;0;0;0;0.0;0.2052;False;0;0;49
ablation_ceval_any_intersection;border_stockout_missing_store;border;1;Q1_stockout_category_only;False;;False;0;0;0;0.0;0.1952;False;0;0;49
baseline_random_matched;border_stockout_missing_store;border;1;Q1_stockout_category_only;False;;True;1;0;1;0.0;0.0041;;0;0;49
mcad;adversarial_wrong_region;adversarial;1;Q1_margin_south;False;;False;0;0;0;0.0;0.1728;False;0;0;49
baseline_naive;adversarial_wrong_region;adversarial;1;Q1_margin_south;False;;True;1;0;1;0.0;0.0009;;0;0;49
baseline_measure_overlap;adversarial_wrong_region;adversarial;1;Q1_margin_south;False;;True;1;0;1;0.0;0.0132;;0;0;49
ablation_no_sat;adversarial_wrong_region;adversarial;1;Q1_margin_south;False;;False;0;0;0;0.0;0.206;False;0;0;49
ablation_no_real;adversarial_wrong_region;adversarial;1;Q1_margin_south;False;;False;0;0;0;0.0;0.1735;False;0;0;49
ablation_ceval_any_intersection;adversarial_wrong_region;adversarial;1;Q1_margin_south;False;;False;0;0;0;0.0;0.1684;False;0;0;49
baseline_random_matched;adversarial_wrong_region;adversarial;1;Q1_margin_south;False;;False;0;0;0;0.0;0.0029;;0;0;49
mcad;adversarial_wrong_year;adversarial;1;Q1_stockout_1997;False;;False;0;0;0;0.0;0.2846;False;0;0;49
baseline_naive;adversarial_wrong_year;adversarial;1;Q1_stockout_1997;False;;True;1;0;1;0.0;0.001;;0;0;49
baseline_measure_overlap;adversarial_wrong_year;adversarial;1;Q1_stockout_1997;False;;True;1;0;1;0.0;0.0126;;0;0;49
ablation_no_sat;adversarial_wrong_year;adversarial;1;Q1_stockout_1997;False;;False;0;0;0;0.0;0.3209;False;0;0;49
ablation_no_real;adversarial_wrong_year;adversarial;1;Q1_stockout_1997;False;;False;0;0;0;0.0;0.1712;False;0;0;49
ablation_ceval_any_intersection;adversarial_wrong_year;adversarial;1;Q1_stockout_1997;False;;False;0;0;0;0.0;0.1612;False;0;0;49
baseline_random_matched;adversarial_wrong_year;adversarial;1;Q1_stockout_1997;False;;True;1;0;1;0.0;0.0029;;0;0;49
mcad;adversarial_invalid_no_measures;adversarial;1;Q1_invalid_no_measure;False;;False;0;0;0;0.0;0.115;False;0;0;49
baseline_naive;adversarial_invalid_no_measures;adversarial;1;Q1_invalid_no_measure;False;;True;1;0;1;0.0;0.001;;0;0;49
baseline_measure_overlap;adversarial_invalid_no_measures;adversarial;1;Q1_invalid_no_measure;False;;False;0;0;0;0.0;0.013;;0;0;49
ablation_no_sat;adversarial_invalid_no_measures;adversarial;1;Q1_invalid_no_measure;False;;False;0;0;0;0.0;0.0875;False;0;0;49
ablation_no_real;adversarial_invalid_no_measures;adversarial;1;Q1_invalid_no_measure;False;;False;0;0;0;0.0;0.0802;False;0;0;49
ablation_ceval_any_intersection;adversarial_invalid_no_measures;adversarial;1;Q1_invalid_no_measure;False;;False;0;0;0;0.0;0.0805;False;0;0;49
baseline_random_matched;adversarial_invalid_no_measures;adversarial;1;Q1_invalid_no_measure;False;;True;1;0;1;0.0;0.0029;;0;0;49
mcad;stress_exploratory_then_useful;stress;1;Q1_noise_region;False;;False;0;0;0;0.0;0.3768;False;0;0;49
mcad;stress_exploratory_then_useful;stress;2;Q2_noise_margin_all;False;;False;0;0;0;0.0;0.2747;False;0;0;49
mcad;stress_exploratory_then_useful;stress;3;Q3_useful_margin;True;c1;True;0;0;0;0.333333;0.5035;True;1;1;49
baseline_naive;stress_exploratory_then_useful;stress;1;Q1_noise_region;False;;True;1;0;1;0.0;0.0009;;0;0;49
baseline_naive;stress_exploratory_then_useful;stress;2;Q2_noise_margin_all;False;;True;1;0;1;0.0;0.0005;;0;0;49
baseline_naive;stress_exploratory_then_useful;stress;3;Q3_useful_margin;True;c1;True;0;0;0;0.333333;0.0004;;0;0;49
baseline_measure_overlap;stress_exploratory_then_useful;stress;1;Q1_noise_region;False;;True;1;0;1;0.0;0.0132;;0;0;49
baseline_measure_overlap;stress_exploratory_then_useful;stress;2;Q2_noise_margin_all;False;;True;1;0;1;0.0;0.0053;;0;0;49
baseline_measure_overlap;stress_exploratory_then_useful;stress;3;Q3_useful_margin;True;c1;True;0;0;0;0.333333;0.004;;0;0;49
ablation_no_sat;stress_exploratory_then_useful;stress;1;Q1_noise_region;False;;False;0;0;0;0.0;0.2361;False;0;0;49
ablation_no_sat;stress_exploratory_then_useful;stress;2;Q2_noise_margin_all;False;;False;0;0;0;0.0;0.1797;False;0;0;49
ablation_no_sat;stress_exploratory_then_useful;stress;3;Q3_useful_margin;True;c1;True;0;0;0;0.333333;0.2438;True;1;1;49
ablation_no_real;stress_exploratory_then_useful;stress;1;Q1_noise_region;False;;False;0;0;0;0.0;0.2032;False;0;0;49
ablation_no_real;stress_exploratory_then_useful;stress;2;Q2_noise_margin_all;False;;False;0;0;0;0.0;0.1462;False;0;0;49
ablation_no_real;stress_exploratory_then_useful;stress;3;Q3_useful_margin;True;c1;True;0;0;0;0.333333;0.2535;True;1;1;49
ablation_ceval_any_intersection;stress_exploratory_then_useful;stress;1;Q1_noise_region;False;;False;0;0;0;0.0;0.1925;False;0;0;49
ablation_ceval_any_intersection;stress_exploratory_then_useful;stress;2;Q2_noise_margin_all;False;;False;0;0;0;0.0;0.1402;False;0;0;49
ablation_ceval_any_intersection;stress_exploratory_then_useful;stress;3;Q3_useful_margin;True;c1;True;0;0;0;0.333333;0.2512;True;1;1;49
baseline_random_matched;stress_exploratory_then_useful;stress;1;Q1_noise_region;False;;True;1;0;1;0.0;0.0028;;0;0;49
baseline_random_matched;stress_exploratory_then_useful;stress;2;Q2_noise_margin_all;False;;True;1;0;1;0.0;0.0006;;0;0;49
baseline_random_matched;stress_exploratory_then_useful;stress;3;Q3_useful_margin;True;c1;False;0;1;0;0.0;0.0004;;0;0;49
