policy;scenario_id;scenario_type;step_idx;step_name;oracle_allow;oracle_ceval;allow;false_allow;false_block;executed_non_contrib;phi_leq_t;latency_ms;sat;real_size;ceval_size;repeat_id
mcad;happy_guided_article_short;happy;1;Q1_margin_month;True;c1;True;0;0;0;0.333333;0.3077;True;1;1;0
mcad;happy_guided_article_short;happy;2;Q2_stockout_store;True;c2;True;0;0;0;0.666667;0.2603;True;1;1;0
mcad;happy_guided_article_short;happy;3;Q3_sales_growth;True;c3;True;0;0;0;1.0;0.3331;True;2;1;0
baseline_naive;happy_guided_article_short;happy;1;Q1_margin_month;True;c1;True;0;0;0;0.333333;0.002;;0;0;0
baseline_naive;happy_guided_article_short;happy;2;Q2_stockout_store;True;c2;True;0;0;0;0.666667;0.0005;;0;0;0
baseline_naive;happy_guided_article_short;happy;3;Q3_sales_growth;True;c3;True;0;0;0;1.0;0.0004;;0;0;0
baseline_measure_overlap;happy_guided_article_short;happy;1;Q1_margin_month;True;c1;True;0;0;0;0.333333;0.0267;;0;0;0
baseline_measure_overlap;happy_guided_article_short;happy;2;Q2_stockout_store;True;c2;True;0;0;0;0.666667;0.0071;;0;0;0
baseline_measure_overlap;happy_guided_article_short;happy;3;Q3_sales_growth;True;c3;True;0;0;0;1.0;0.0054;;0;0;0
ablation_no_sat;happy_guided_article_short;happy;1;Q1_margin_month;True;c1;True;0;0;0;0.333333;0.3112;True;1;1;0
ablation_no_sat;happy_guided_article_short;happy;2;Q2_stockout_store;True;c2;True;0;0;0;0.666667;0.2467;True;1;1;0
ablation_no_sat;happy_guided_article_short;happy;3;Q3_sales_growth;True;c3;True;0;0;0;1.0;0.3606;True;2;1;0
ablation_no_real;happy_guided_article_short;happy;1;Q1_margin_month;True;c1;True;0;0;0;0.333333;0.3447;True;1;1;0
ablation_no_real;happy_guided_article_short;happy;2;Q2_stockout_store;True;c2;True;0;0;0;0.666667;0.255;True;1;1;0
ablation_no_real;happy_guided_article_short;happy;3;Q3_sales_growth;True;c3;True;0;0;0;1.0;0.378;True;2;1;0
ablation_ceval_any_intersection;happy_guided_article_short;happy;1;Q1_margin_month;True;c1;True;0;0;0;0.333333;0.5883;True;1;1;0
ablation_ceval_any_intersection;happy_guided_article_short;happy;2;Q2_stockout_store;True;c2;True;0;0;0;0.666667;0.4698;True;1;1;0
ablation_ceval_any_intersection;happy_guided_article_short;happy;3;Q3_sales_growth;True;c3;True;0;0;0;1.0;0.6368;True;2;1;0
baseline_random_matched;happy_guided_article_short;happy;1;Q1_margin_month;True;c1;False;0;1;0;0.0;0.0077;;0;0;0
baseline_random_matched;happy_guided_article_short;happy;2;Q2_stockout_store;True;c2;True;0;0;0;0.333333;0.0024;;0;0;0
baseline_random_matched;happy_guided_article_short;happy;3;Q3_sales_growth;True;c3;True;0;0;0;0.666667;0.0011;;0;0;0
mcad;happy_guided_reordered;happy;1;Q1_sales_growth;True;c3;True;0;0;0;0.333333;0.7098;True;2;1;0
mcad;happy_guided_reordered;happy;2;Q2_margin_month;True;c1;True;0;0;0;0.666667;0.4414;True;1;1;0
mcad;happy_guided_reordered;happy;3;Q3_stockout_store;True;c2;True;0;0;0;1.0;0.4209;True;1;1;0
baseline_naive;happy_guided_reordered;happy;1;Q1_sales_growth;True;c3;True;0;0;0;0.333333;0.0017;;0;0;0
baseline_naive;happy_guided_reordered;happy;2;Q2_margin_month;True;c1;True;0;0;0;0.666667;0.0005;;0;0;0
baseline_naive;happy_guided_reordered;happy;3;Q3_stockout_store;True;c2;True;0;0;0;1.0;0.0003;;0;0;0
baseline_measure_overlap;happy_guided_reordered;happy;1;Q1_sales_growth;True;c3;True;0;0;0;0.333333;0.0191;;0;0;0
baseline_measure_overlap;happy_guided_reordered;happy;2;Q2_margin_month;True;c1;True;0;0;0;0.666667;0.0056;;0;0;0
baseline_measure_overlap;happy_guided_reordered;happy;3;Q3_stockout_store;True;c2;True;0;0;0;1.0;0.0044;;0;0;0
ablation_no_sat;happy_guided_reordered;happy;1;Q1_sales_growth;True;c3;True;0;0;0;0.333333;0.3961;True;2;1;0
ablation_no_sat;happy_guided_reordered;happy;2;Q2_margin_month;True;c1;True;0;0;0;0.666667;0.2591;True;1;1;0
ablation_no_sat;happy_guided_reordered;happy;3;Q3_stockout_store;True;c2;True;0;0;0;1.0;0.2412;True;1;1;0
ablation_no_real;happy_guided_reordered;happy;1;Q1_sales_growth;True;c3;True;0;0;0;0.333333;0.3999;True;2;1;0
ablation_no_real;happy_guided_reordered;happy;2;Q2_margin_month;True;c1;True;0;0;0;0.666667;0.2635;True;1;1;0
ablation_no_real;happy_guided_reordered;happy;3;Q3_stockout_store;True;c2;True;0;0;0;1.0;0.2456;True;1;1;0
ablation_ceval_any_intersection;happy_guided_reordered;happy;1;Q1_sales_growth;True;c3;True;0;0;0;0.333333;0.4257;True;2;1;0
ablation_ceval_any_intersection;happy_guided_reordered;happy;2;Q2_margin_month;True;c1;True;0;0;0;0.666667;0.2975;True;1;1;0
ablation_ceval_any_intersection;happy_guided_reordered;happy;3;Q3_stockout_store;True;c2;True;0;0;0;1.0;0.2401;True;1;1;0
baseline_random_matched;happy_guided_reordered;happy;1;Q1_sales_growth;True;c3;True;0;0;0;0.333333;0.0041;;0;0;0
baseline_random_matched;happy_guided_reordered;happy;2;Q2_margin_month;True;c1;False;0;1;0;0.333333;0.0009;;0;0;0
baseline_random_matched;happy_guided_reordered;happy;3;Q3_stockout_store;True;c2;True;0;0;0;0.666667;0.0005;;0;0;0
mcad;happy_guided_compact;happy;1;Q1_margin_month;True;c1;True;0;0;0;0.333333;0.3178;True;1;1;0
mcad;happy_guided_compact;happy;2;Q2_sales_growth;True;c3;True;0;0;0;0.666667;0.3349;True;2;1;0
mcad;happy_guided_compact;happy;3;Q3_stockout_store;True;c2;True;0;0;0;1.0;0.2382;True;1;1;0
baseline_naive;happy_guided_compact;happy;1;Q1_margin_month;True;c1;True;0;0;0;0.333333;0.0014;;0;0;0
baseline_naive;happy_guided_compact;happy;2;Q2_sales_growth;True;c3;True;0;0;0;0.666667;0.0005;;0;0;0
baseline_naive;happy_guided_compact;happy;3;Q3_stockout_store;True;c2;True;0;0;0;1.0;0.0004;;0;0;0
baseline_measure_overlap;happy_guided_compact;happy;1;Q1_margin_month;True;c1;True;0;0;0;0.333333;0.0286;;0;0;0
baseline_measure_overlap;happy_guided_compact;happy;2;Q2_sales_growth;True;c3;True;0;0;0;0.666667;0.0101;;0;0;0
baseline_measure_overlap;happy_guided_compact;happy;3;Q3_stockout_store;True;c2;True;0;0;0;1.0;0.0084;;0;0;0
ablation_no_sat;happy_guided_compact;happy;1;Q1_margin_month;True;c1;True;0;0;0;0.333333;0.5698;True;1;1;0
ablation_no_sat;happy_guided_compact;happy;2;Q2_sales_growth;True;c3;True;0;0;0;0.666667;0.6803;True;2;1;0
ablation_no_sat;happy_guided_compact;happy;3;Q3_stockout_store;True;c2;True;0;0;0;1.0;0.4936;True;1;1;0
ablation_no_real;happy_guided_compact;happy;1;Q1_margin_month;True;c1;True;0;0;0;0.333333;0.3224;True;1;1;0
ablation_no_real;happy_guided_compact;happy;2;Q2_sales_growth;True;c3;True;0;0;0;0.666667;0.3441;True;2;1;0
ablation_no_real;happy_guided_compact;happy;3;Q3_stockout_store;True;c2;True;0;0;0;1.0;0.2456;True;1;1;0
ablation_ceval_any_intersection;happy_guided_compact;happy;1;Q1_margin_month;True;c1;True;0;0;0;0.333333;0.3152;True;1;1;0
ablation_ceval_any_intersection;happy_guided_compact;happy;2;Q2_sales_growth;True;c3;True;0;0;0;0.666667;0.3342;True;2;1;0
ablation_ceval_any_intersection;happy_guided_compact;happy;3;Q3_stockout_store;True;c2;True;0;0;0;1.0;0.2388;True;1;1;0
baseline_random_matched;happy_guided_compact;happy;1;Q1_margin_month;True;c1;True;0;0;0;0.333333;0.0051;;0;0;0
baseline_random_matched;happy_guided_compact;happy;2;Q2_sales_growth;True;c3;True;0;0;0;0.666667;0.0006;;0;0;0
baseline_random_matched;happy_guided_compact;happy;3;Q3_stockout_store;True;c2;False;0;1;0;0.666667;0.0005;;0;0;0
mcad;border_growth_partial_1998_only;border;1;Q1_sales_1998_only;False;;False;0;0;0;0.0;0.3827;True;1;0;0
baseline_naive;border_growth_partial_1998_only;border;1;Q1_sales_1998_only;False;;True;1;0;1;0.0;0.0016;;0;0;0
baseline_measure_overlap;border_growth_partial_1998_only;border;1;Q1_sales_1998_only;False;;True;1;0;1;0.0;0.0178;;0;0;0
ablation_no_sat;border_growth_partial_1998_only;border;1;Q1_sales_1998_only;False;;False;0;0;0;0.0;0.3776;True;1;0;0
ablation_no_real;border_growth_partial_1998_only;border;1;Q1_sales_1998_only;False;;True;1;0;1;0.0;0.3686;True;1;0;0
ablation_ceval_any_intersection;border_growth_partial_1998_only;border;1;Q1_sales_1998_only;False;;True;1;0;1;0.0;0.3662;True;1;1;0
baseline_random_matched;border_growth_partial_1998_only;border;1;Q1_sales_1998_only;False;;True;1;0;1;0.0;0.004;;0;0;0
mcad;border_margin_wrong_grain;border;1;Q1_margin_quarter_only;False;;False;0;0;0;0.0;0.2344;False;0;0;0
baseline_naive;border_margin_wrong_grain;border;1;Q1_margin_quarter_only;False;;True;1;0;1;0.0;0.0014;;0;0;0
baseline_measure_overlap;border_margin_wrong_grain;border;1;Q1_margin_quarter_only;False;;True;1;0;1;0.0;0.0185;;0;0;0
ablation_no_sat;border_margin_wrong_grain;border;1;Q1_margin_quarter_only;False;;False;0;0;0;0.0;0.2952;False;0;0;0
ablation_no_real;border_margin_wrong_grain;border;1;Q1_margin_quarter_only;False;;False;0;0;0;0.0;0.2302;False;0;0;0
ablation_ceval_any_intersection;border_margin_wrong_grain;border;1;Q1_margin_quarter_only;False;;False;0;0;0;0.0;0.2388;False;0;0;0
baseline_random_matched;border_margin_wrong_grain;border;1;Q1_margin_quarter_only;False;;False;0;0;0;0.0;0.0043;;0;0;0
mcad;border_stockout_missing_store;border;1;Q1_stockout_category_only;False;;False;0;0;0;0.0;0.2213;False;0;0;0
baseline_naive;border_stockout_missing_store;border;1;Q1_stockout_category_only;False;;True;1;0;1;0.0;0.0013;;0;0;0
baseline_measure_overlap;border_stockout_missing_store;border;1;Q1_stockout_category_only;False;;True;1;0;1;0.0;0.0189;;0;0;0
ablation_no_sat;border_stockout_missing_store;border;1;Q1_stockout_category_only;False;;False;0;0;0;0.0;0.2825;False;0;0;0
ablation_no_real;border_stockout_missing_store;border;1;Q1_stockout_category_only;False;;False;0;0;0;0.0;0.227;False;0;0;0
ablation_ceval_any_intersection;border_stockout_missing_store;border;1;Q1_stockout_category_only;False;;False;0;0;0;0.0;0.2318;False;0;0;0
baseline_random_matched;border_stockout_missing_store;border;1;Q1_stockout_category_only;False;;True;1;0;1;0.0;0.0035;;0;0;0
mcad;adversarial_wrong_region;adversarial;1;Q1_margin_south;False;;False;0;0;0;0.0;0.1944;False;0;0;0
baseline_naive;adversarial_wrong_region;adversarial;1;Q1_margin_south;False;;True;1;0;1;0.0;0.0021;;0;0;0
baseline_measure_overlap;adversarial_wrong_region;adversarial;1;Q1_margin_south;False;;True;1;0;1;0.0;0.0198;;0;0;0
ablation_no_sat;adversarial_wrong_region;adversarial;1;Q1_margin_south;False;;False;0;0;0;0.0;0.233;False;0;0;0
ablation_no_real;adversarial_wrong_region;adversarial;1;Q1_margin_south;False;;False;0;0;0;0.0;0.2173;False;0;0;0
ablation_ceval_any_intersection;adversarial_wrong_region;adversarial;1;Q1_margin_south;False;;False;0;0;0;0.0;0.2005;False;0;0;0
baseline_random_matched;adversarial_wrong_region;adversarial;1;Q1_margin_south;False;;True;1;0;1;0.0;0.0041;;0;0;0
mcad;adversarial_wrong_year;adversarial;1;Q1_stockout_1997;False;;False;0;0;0;0.0;0.1915;False;0;0;0
baseline_naive;adversarial_wrong_year;adversarial;1;Q1_stockout_1997;False;;True;1;0;1;0.0;0.0016;;0;0;0
baseline_measure_overlap;adversarial_wrong_year;adversarial;1;Q1_stockout_1997;False;;True;1;0;1;0.0;0.0192;;0;0;0
ablation_no_sat;adversarial_wrong_year;adversarial;1;Q1_stockout_1997;False;;False;0;0;0;0.0;0.219;False;0;0;0
ablation_no_real;adversarial_wrong_year;adversarial;1;Q1_stockout_1997;False;;False;0;0;0;0.0;0.2067;False;0;0;0
ablation_ceval_any_intersection;adversarial_wrong_year;adversarial;1;Q1_stockout_1997;False;;False;0;0;0;0.0;0.2001;False;0;0;0
baseline_random_matched;adversarial_wrong_year;adversarial;1;Q1_stockout_1997;False;;True;1;0;1;0.0;0.0043;;0;0;0
mcad;adversarial_invalid_no_measures;adversarial;1;Q1_invalid_no_measure;False;;False;0;0;0;0.0;0.0946;False;0;0;0
baseline_naive;adversarial_invalid_no_measures;adversarial;1;Q1_invalid_no_measure;False;;True;1;0;1;0.0;0.0014;;0;0;0
baseline_measure_overlap;adversarial_invalid_no_measures;adversarial;1;Q1_invalid_no_measure;False;;False;0;0;0;0.0;0.0188;;0;0;0
ablation_no_sat;adversarial_invalid_no_measures;adversarial;1;Q1_invalid_no_measure;False;;False;0;0;0;0.0;0.109;False;0;0;0
ablation_no_real;adversarial_invalid_no_measures;adversarial;1;Q1_invalid_no_measure;False;;False;0;0;0;0.0;0.1011;False;0;0;0
ablation_ceval_any_intersection;adversarial_invalid_no_measures;adversarial;1;Q1_invalid_no_measure;False;;False;0;0;0;0.0;0.0928;False;0;0;0
baseline_random_matched;adversarial_invalid_no_measures;adversarial;1;Q1_invalid_no_measure;False;;True;1;0;1;0.0;0.0044;;0;0;0
mcad;stress_exploratory_then_useful;stress;1;Q1_noise_region;False;;False;0;0;0;0.0;0.2254;False;0;0;0
mcad;stress_exploratory_then_useful;stress;2;Q2_noise_margin_all;False;;False;0;0;0;0.0;0.1442;False;0;0;0
mcad;stress_exploratory_then_useful;stress;3;Q3_useful_margin;True;c1;True;0;0;0;0.333333;0.2532;True;1;1;0
baseline_naive;stress_exploratory_then_useful;stress;1;Q1_noise_region;False;;True;1;0;1;0.0;0.0018;;0;0;0
baseline_naive;stress_exploratory_then_useful;stress;2;Q2_noise_margin_all;False;;True;1;0;1;0.0;0.0005;;0;0;0
baseline_naive;stress_exploratory_then_useful;stress;3;Q3_useful_margin;True;c1;True;0;0;0;0.333333;0.0004;;0;0;0
baseline_measure_overlap;stress_exploratory_then_useful;stress;1;Q1_noise_region;False;;True;1;0;1;0.0;0.0206;;0;0;0
baseline_measure_overlap;stress_exploratory_then_useful;stress;2;Q2_noise_margin_all;False;;True;1;0;1;0.0;0.0052;;0;0;0
baseline_measure_overlap;stress_exploratory_then_useful;stress;3;Q3_useful_margin;True;c1;True;0;0;0;0.333333;0.0045;;0;0;0
ablation_no_sat;stress_exploratory_then_useful;stress;1;Q1_noise_region;False;;False;0;0;0;0.0;0.2653;False;0;0;0
ablation_no_sat;stress_exploratory_then_useful;stress;2;Q2_noise_margin_all;False;;False;0;0;0;0.0;0.1723;False;0;0;0
ablation_no_sat;stress_exploratory_then_useful;stress;3;Q3_useful_margin;True;c1;True;0;0;0;0.333333;0.2475;True;1;1;0
ablation_no_real;stress_exploratory_then_useful;stress;1;Q1_noise_region;False;;False;0;0;0;0.0;0.3994;False;0;0;0
ablation_no_real;stress_exploratory_then_useful;stress;2;Q2_noise_margin_all;False;;False;0;0;0;0.0;0.3107;False;0;0;0
ablation_no_real;stress_exploratory_then_useful;stress;3;Q3_useful_margin;True;c1;True;0;0;0;0.333333;0.5102;True;1;1;0
ablation_ceval_any_intersection;stress_exploratory_then_useful;stress;1;Q1_noise_region;False;;False;0;0;0;0.0;0.3838;False;0;0;0
ablation_ceval_any_intersection;stress_exploratory_then_useful;stress;2;Q2_noise_margin_all;False;;False;0;0;0;0.0;0.2597;False;0;0;0
ablation_ceval_any_intersection;stress_exploratory_then_useful;stress;3;Q3_useful_margin;True;c1;True;0;0;0;0.333333;0.4757;True;1;1;0
baseline_random_matched;stress_exploratory_then_useful;stress;1;Q1_noise_region;False;;True;1;0;1;0.0;0.0061;;0;0;0
baseline_random_matched;stress_exploratory_then_useful;stress;2;Q2_noise_margin_all;False;;True;1;0;1;0.0;0.0012;;0;0;0
baseline_random_matched;stress_exploratory_then_useful;stress;3;Q3_useful_margin;True;c1;True;0;0;0;0.333333;0.001;;0;0;0
mcad;happy_guided_article_short;happy;1;Q1_margin_month;True;c1;True;0;0;0;0.333333;0.3273;True;1;1;1
mcad;happy_guided_article_short;happy;2;Q2_stockout_store;True;c2;True;0;0;0;0.666667;0.2617;True;1;1;1
mcad;happy_guided_article_short;happy;3;Q3_sales_growth;True;c3;True;0;0;0;1.0;0.3685;True;2;1;1
baseline_naive;happy_guided_article_short;happy;1;Q1_margin_month;True;c1;True;0;0;0;0.333333;0.0016;;0;0;1
baseline_naive;happy_guided_article_short;happy;2;Q2_stockout_store;True;c2;True;0;0;0;0.666667;0.0005;;0;0;1
baseline_naive;happy_guided_article_short;happy;3;Q3_sales_growth;True;c3;True;0;0;0;1.0;0.0003;;0;0;1
baseline_measure_overlap;happy_guided_article_short;happy;1;Q1_margin_month;True;c1;True;0;0;0;0.333333;0.0197;;0;0;1
baseline_measure_overlap;happy_guided_article_short;happy;2;Q2_stockout_store;True;c2;True;0;0;0;0.666667;0.0053;;0;0;1
baseline_measure_overlap;happy_guided_article_short;happy;3;Q3_sales_growth;True;c3;True;0;0;0;1.0;0.0042;;0;0;1
ablation_no_sat;happy_guided_article_short;happy;1;Q1_margin_month;True;c1;True;0;0;0;0.333333;0.3097;True;1;1;1
ablation_no_sat;happy_guided_article_short;happy;2;Q2_stockout_store;True;c2;True;0;0;0;0.666667;0.2438;True;1;1;1
ablation_no_sat;happy_guided_article_short;happy;3;Q3_sales_growth;True;c3;True;0;0;0;1.0;0.3392;True;2;1;1
ablation_no_real;happy_guided_article_short;happy;1;Q1_margin_month;True;c1;True;0;0;0;0.333333;0.3135;True;1;1;1
ablation_no_real;happy_guided_article_short;happy;2;Q2_stockout_store;True;c2;True;0;0;0;0.666667;0.2492;True;1;1;1
ablation_no_real;happy_guided_article_short;happy;3;Q3_sales_growth;True;c3;True;0;0;0;1.0;0.377;True;2;1;1
ablation_ceval_any_intersection;happy_guided_article_short;happy;1;Q1_margin_month;True;c1;True;0;0;0;0.333333;0.308;True;1;1;1
ablation_ceval_any_intersection;happy_guided_article_short;happy;2;Q2_stockout_store;True;c2;True;0;0;0;0.666667;0.3254;True;1;1;1
ablation_ceval_any_intersection;happy_guided_article_short;happy;3;Q3_sales_growth;True;c3;True;0;0;0;1.0;0.3619;True;2;1;1
baseline_random_matched;happy_guided_article_short;happy;1;Q1_margin_month;True;c1;True;0;0;0;0.333333;0.004;;0;0;1
baseline_random_matched;happy_guided_article_short;happy;2;Q2_stockout_store;True;c2;True;0;0;0;0.666667;0.0007;;0;0;1
baseline_random_matched;happy_guided_article_short;happy;3;Q3_sales_growth;True;c3;False;0;1;0;0.666667;0.0005;;0;0;1
mcad;happy_guided_reordered;happy;1;Q1_sales_growth;True;c3;True;0;0;0;0.333333;0.3889;True;2;1;1
mcad;happy_guided_reordered;happy;2;Q2_margin_month;True;c1;True;0;0;0;0.666667;0.2579;True;1;1;1
mcad;happy_guided_reordered;happy;3;Q3_stockout_store;True;c2;True;0;0;0;1.0;0.2374;True;1;1;1
baseline_naive;happy_guided_reordered;happy;1;Q1_sales_growth;True;c3;True;0;0;0;0.333333;0.0014;;0;0;1
baseline_naive;happy_guided_reordered;happy;2;Q2_margin_month;True;c1;True;0;0;0;0.666667;0.0006;;0;0;1
baseline_naive;happy_guided_reordered;happy;3;Q3_stockout_store;True;c2;True;0;0;0;1.0;0.0004;;0;0;1
baseline_measure_overlap;happy_guided_reordered;happy;1;Q1_sales_growth;True;c3;True;0;0;0;0.333333;0.019;;0;0;1
baseline_measure_overlap;happy_guided_reordered;happy;2;Q2_margin_month;True;c1;True;0;0;0;0.666667;0.0055;;0;0;1
baseline_measure_overlap;happy_guided_reordered;happy;3;Q3_stockout_store;True;c2;True;0;0;0;1.0;0.0043;;0;0;1
ablation_no_sat;happy_guided_reordered;happy;1;Q1_sales_growth;True;c3;True;0;0;0;0.333333;0.3955;True;2;1;1
ablation_no_sat;happy_guided_reordered;happy;2;Q2_margin_month;True;c1;True;0;0;0;0.666667;0.2585;True;1;1;1
ablation_no_sat;happy_guided_reordered;happy;3;Q3_stockout_store;True;c2;True;0;0;0;1.0;0.2403;True;1;1;1
ablation_no_real;happy_guided_reordered;happy;1;Q1_sales_growth;True;c3;True;0;0;0;0.333333;0.3969;True;2;1;1
ablation_no_real;happy_guided_reordered;happy;2;Q2_margin_month;True;c1;True;0;0;0;0.666667;0.2609;True;1;1;1
ablation_no_real;happy_guided_reordered;happy;3;Q3_stockout_store;True;c2;True;0;0;0;1.0;0.2405;True;1;1;1
ablation_ceval_any_intersection;happy_guided_reordered;happy;1;Q1_sales_growth;True;c3;True;0;0;0;0.333333;0.3877;True;2;1;1
ablation_ceval_any_intersection;happy_guided_reordered;happy;2;Q2_margin_month;True;c1;True;0;0;0;0.666667;0.283;True;1;1;1
ablation_ceval_any_intersection;happy_guided_reordered;happy;3;Q3_stockout_store;True;c2;True;0;0;0;1.0;0.2381;True;1;1;1
baseline_random_matched;happy_guided_reordered;happy;1;Q1_sales_growth;True;c3;False;0;1;0;0.0;0.004;;0;0;1
baseline_random_matched;happy_guided_reordered;happy;2;Q2_margin_month;True;c1;True;0;0;0;0.333333;0.0006;;0;0;1
baseline_random_matched;happy_guided_reordered;happy;3;Q3_stockout_store;True;c2;True;0;0;0;0.666667;0.0004;;0;0;1
mcad;happy_guided_compact;happy;1;Q1_margin_month;True;c1;True;0;0;0;0.333333;0.3184;True;1;1;1
mcad;happy_guided_compact;happy;2;Q2_sales_growth;True;c3;True;0;0;0;0.666667;0.3516;True;2;1;1
mcad;happy_guided_compact;happy;3;Q3_stockout_store;True;c2;True;0;0;0;1.0;0.2409;True;1;1;1
baseline_naive;happy_guided_compact;happy;1;Q1_margin_month;True;c1;True;0;0;0;0.333333;0.0016;;0;0;1
baseline_naive;happy_guided_compact;happy;2;Q2_sales_growth;True;c3;True;0;0;0;0.666667;0.0008;;0;0;1
baseline_naive;happy_guided_compact;happy;3;Q3_stockout_store;True;c2;True;0;0;0;1.0;0.0006;;0;0;1
baseline_measure_overlap;happy_guided_compact;happy;1;Q1_margin_month;True;c1;True;0;0;0;0.333333;0.02;;0;0;1
baseline_measure_overlap;happy_guided_compact;happy;2;Q2_sales_growth;True;c3;True;0;0;0;0.666667;0.0053;;0;0;1
baseline_measure_overlap;happy_guided_compact;happy;3;Q3_stockout_store;True;c2;True;0;0;0;1.0;0.0043;;0;0;1
ablation_no_sat;happy_guided_compact;happy;1;Q1_margin_month;True;c1;True;0;0;0;0.333333;0.3065;True;1;1;1
ablation_no_sat;happy_guided_compact;happy;2;Q2_sales_growth;True;c3;True;0;0;0;0.666667;0.3334;True;2;1;1
ablation_no_sat;happy_guided_compact;happy;3;Q3_stockout_store;True;c2;True;0;0;0;1.0;0.2401;True;1;1;1
ablation_no_real;happy_guided_compact;happy;1;Q1_margin_month;True;c1;True;0;0;0;0.333333;0.3229;True;1;1;1
ablation_no_real;happy_guided_compact;happy;2;Q2_sales_growth;True;c3;True;0;0;0;0.666667;0.3391;True;2;1;1
ablation_no_real;happy_guided_compact;happy;3;Q3_stockout_store;True;c2;True;0;0;0;1.0;0.2436;True;1;1;1
ablation_ceval_any_intersection;happy_guided_compact;happy;1;Q1_margin_month;True;c1;True;0;0;0;0.333333;0.3373;True;1;1;1
ablation_ceval_any_intersection;happy_guided_compact;happy;2;Q2_sales_growth;True;c3;True;0;0;0;0.666667;0.3332;True;2;1;1
ablation_ceval_any_intersection;happy_guided_compact;happy;3;Q3_stockout_store;True;c2;True;0;0;0;1.0;0.238;True;1;1;1
baseline_random_matched;happy_guided_compact;happy;1;Q1_margin_month;True;c1;False;0;1;0;0.0;0.0048;;0;0;1
baseline_random_matched;happy_guided_compact;happy;2;Q2_sales_growth;True;c3;True;0;0;0;0.333333;0.0007;;0;0;1
baseline_random_matched;happy_guided_compact;happy;3;Q3_stockout_store;True;c2;False;0;1;0;0.333333;0.0006;;0;0;1
mcad;border_growth_partial_1998_only;border;1;Q1_sales_1998_only;False;;False;0;0;0;0.0;0.3746;True;1;0;1
baseline_naive;border_growth_partial_1998_only;border;1;Q1_sales_1998_only;False;;True;1;0;1;0.0;0.0019;;0;0;1
baseline_measure_overlap;border_growth_partial_1998_only;border;1;Q1_sales_1998_only;False;;True;1;0;1;0.0;0.0193;;0;0;1
ablation_no_sat;border_growth_partial_1998_only;border;1;Q1_sales_1998_only;False;;False;0;0;0;0.0;0.3607;True;1;0;1
ablation_no_real;border_growth_partial_1998_only;border;1;Q1_sales_1998_only;False;;True;1;0;1;0.0;0.3784;True;1;0;1
ablation_ceval_any_intersection;border_growth_partial_1998_only;border;1;Q1_sales_1998_only;False;;True;1;0;1;0.0;0.3687;True;1;1;1
baseline_random_matched;border_growth_partial_1998_only;border;1;Q1_sales_1998_only;False;;False;0;0;0;0.0;0.004;;0;0;1
mcad;border_margin_wrong_grain;border;1;Q1_margin_quarter_only;False;;False;0;0;0;0.0;0.2351;False;0;0;1
baseline_naive;border_margin_wrong_grain;border;1;Q1_margin_quarter_only;False;;True;1;0;1;0.0;0.0016;;0;0;1
baseline_measure_overlap;border_margin_wrong_grain;border;1;Q1_margin_quarter_only;False;;True;1;0;1;0.0;0.0201;;0;0;1
ablation_no_sat;border_margin_wrong_grain;border;1;Q1_margin_quarter_only;False;;False;0;0;0;0.0;0.2872;False;0;0;1
ablation_no_real;border_margin_wrong_grain;border;1;Q1_margin_quarter_only;False;;False;0;0;0;0.0;0.2319;False;0;0;1
ablation_ceval_any_intersection;border_margin_wrong_grain;border;1;Q1_margin_quarter_only;False;;False;0;0;0;0.0;0.231;False;0;0;1
baseline_random_matched;border_margin_wrong_grain;border;1;Q1_margin_quarter_only;False;;True;1;0;1;0.0;0.0043;;0;0;1
mcad;border_stockout_missing_store;border;1;Q1_stockout_category_only;False;;False;0;0;0;0.0;0.2193;False;0;0;1
baseline_naive;border_stockout_missing_store;border;1;Q1_stockout_category_only;False;;True;1;0;1;0.0;0.0017;;0;0;1
baseline_measure_overlap;border_stockout_missing_store;border;1;Q1_stockout_category_only;False;;True;1;0;1;0.0;0.0197;;0;0;1
ablation_no_sat;border_stockout_missing_store;border;1;Q1_stockout_category_only;False;;False;0;0;0;0.0;0.283;False;0;0;1
ablation_no_real;border_stockout_missing_store;border;1;Q1_stockout_category_only;False;;False;0;0;0;0.0;0.23;False;0;0;1
ablation_ceval_any_intersection;border_stockout_missing_store;border;1;Q1_stockout_category_only;False;;False;0;0;0;0.0;0.2202;False;0;0;1
baseline_random_matched;border_stockout_missing_store;border;1;Q1_stockout_category_only;False;;True;1;0;1;0.0;0.0043;;0;0;1
mcad;adversarial_wrong_region;adversarial;1;Q1_margin_south;False;;False;0;0;0;0.0;0.1951;False;0;0;1
baseline_naive;adversarial_wrong_region;adversarial;1;Q1_margin_south;False;;True;1;0;1;0.0;0.0018;;0;0;1
baseline_measure_overlap;adversarial_wrong_region;adversarial;1;Q1_margin_south;False;;True;1;0;1;0.0;0.0198;;0;0;1
ablation_no_sat;adversarial_wrong_region;adversarial;1;Q1_margin_south;False;;False;0;0;0;0.0;0.249;False;0;0;1
ablation_no_real;adversarial_wrong_region;adversarial;1;Q1_margin_south;False;;False;0;0;0;0.0;0.3448;False;0;0;1
ablation_ceval_any_intersection;adversarial_wrong_region;adversarial;1;Q1_margin_south;False;;False;0;0;0;0.0;0.1942;False;0;0;1
baseline_random_matched;adversarial_wrong_region;adversarial;1;Q1_margin_south;False;;True;1;0;1;0.0;0.005;;0;0;1
mcad;adversarial_wrong_year;adversarial;1;Q1_stockout_1997;False;;False;0;0;0;0.0;0.1929;False;0;0;1
baseline_naive;adversarial_wrong_year;adversarial;1;Q1_stockout_1997;False;;True;1;0;1;0.0;0.0016;;0;0;1
baseline_measure_overlap;adversarial_wrong_year;adversarial;1;Q1_stockout_1997;False;;True;1;0;1;0.0;0.0187;;0;0;1
ablation_no_sat;adversarial_wrong_year;adversarial;1;Q1_stockout_1997;False;;False;0;0;0;0.0;0.213;False;0;0;1
ablation_no_real;adversarial_wrong_year;adversarial;1;Q1_stockout_1997;False;;False;0;0;0;0.0;0.1979;False;0;0;1
ablation_ceval_any_intersection;adversarial_wrong_year;adversarial;1;Q1_stockout_1997;False;;False;0;0;0;0.0;0.1909;False;0;0;1
baseline_random_matched;adversarial_wrong_year;adversarial;1;Q1_stockout_1997;False;;False;0;0;0;0.0;0.0042;;0;0;1
mcad;adversarial_invalid_no_measures;adversarial;1;Q1_invalid_no_measure;False;;False;0;0;0;0.0;0.0961;False;0;0;1
baseline_naive;adversarial_invalid_no_measures;adversarial;1;Q1_invalid_no_measure;False;;True;1;0;1;0.0;0.0022;;0;0;1
baseline_measure_overlap;adversarial_invalid_no_measures;adversarial;1;Q1_invalid_no_measure;False;;False;0;0;0;0.0;0.0213;;0;0;1
ablation_no_sat;adversarial_invalid_no_measures;adversarial;1;Q1_invalid_no_measure;False;;False;0;0;0;0.0;0.114;False;0;0;1
ablation_no_real;adversarial_invalid_no_measures;adversarial;1;Q1_invalid_no_measure;False;;False;0;0;0;0.0;0.103;False;0;0;1
ablation_ceval_any_intersection;adversarial_invalid_no_measures;adversarial;1;Q1_invalid_no_measure;False;;False;0;0;0;0.0;0.0946;False;0;0;1
baseline_random_matched;adversarial_invalid_no_measures;adversarial;1;Q1_invalid_no_measure;False;;True;1;0;1;0.0;0.0043;;0;0;1
mcad;stress_exploratory_then_useful;stress;1;Q1_noise_region;False;;False;0;0;0;0.0;0.2213;False;0;0;1
mcad;stress_exploratory_then_useful;stress;2;Q2_noise_margin_all;False;;False;0;0;0;0.0;0.1418;False;0;0;1
mcad;stress_exploratory_then_useful;stress;3;Q3_useful_margin;True;c1;True;0;0;0;0.333333;0.2603;True;1;1;1
baseline_naive;stress_exploratory_then_useful;stress;1;Q1_noise_region;False;;True;1;0;1;0.0;0.0015;;0;0;1
baseline_naive;stress_exploratory_then_useful;stress;2;Q2_noise_margin_all;False;;True;1;0;1;0.0;0.0005;;0;0;1
baseline_naive;stress_exploratory_then_useful;stress;3;Q3_useful_margin;True;c1;True;0;0;0;0.333333;0.0003;;0;0;1
baseline_measure_overlap;stress_exploratory_then_useful;stress;1;Q1_noise_region;False;;True;1;0;1;0.0;0.0197;;0;0;1
baseline_measure_overlap;stress_exploratory_then_useful;stress;2;Q2_noise_margin_all;False;;True;1;0;1;0.0;0.0053;;0;0;1
baseline_measure_overlap;stress_exploratory_then_useful;stress;3;Q3_useful_margin;True;c1;True;0;0;0;0.333333;0.0041;;0;0;1
ablation_no_sat;stress_exploratory_then_useful;stress;1;Q1_noise_region;False;;False;0;0;0;0.0;0.2596;False;0;0;1
ablation_no_sat;stress_exploratory_then_useful;stress;2;Q2_noise_margin_all;False;;False;0;0;0;0.0;0.1671;False;0;0;1
ablation_no_sat;stress_exploratory_then_useful;stress;3;Q3_useful_margin;True;c1;True;0;0;0;0.333333;0.2551;True;1;1;1
ablation_no_real;stress_exploratory_then_useful;stress;1;Q1_noise_region;False;;False;0;0;0;0.0;0.2313;False;0;0;1
ablation_no_real;stress_exploratory_then_useful;stress;2;Q2_noise_margin_all;False;;False;0;0;0;0.0;0.1498;False;0;0;1
ablation_no_real;stress_exploratory_then_useful;stress;3;Q3_useful_margin;True;c1;True;0;0;0;0.333333;0.2535;True;1;1;1
ablation_ceval_any_intersection;stress_exploratory_then_useful;stress;1;Q1_noise_region;False;;False;0;0;0;0.0;0.2188;False;0;0;1
ablation_ceval_any_intersection;stress_exploratory_then_useful;stress;2;Q2_noise_margin_all;False;;False;0;0;0;0.0;0.155;False;0;0;1
ablation_ceval_any_intersection;stress_exploratory_then_useful;stress;3;Q3_useful_margin;True;c1;True;0;0;0;0.333333;0.2472;True;1;1;1
baseline_random_matched;stress_exploratory_then_useful;stress;1;Q1_noise_region;False;;True;1;0;1;0.0;0.0043;;0;0;1
baseline_random_matched;stress_exploratory_then_useful;stress;2;Q2_noise_margin_all;False;;True;1;0;1;0.0;0.0006;;0;0;1
baseline_random_matched;stress_exploratory_then_useful;stress;3;Q3_useful_margin;True;c1;True;0;0;0;0.333333;0.0004;;0;0;1
mcad;happy_guided_article_short;happy;1;Q1_margin_month;True;c1;True;0;0;0;0.333333;0.3061;True;1;1;2
mcad;happy_guided_article_short;happy;2;Q2_stockout_store;True;c2;True;0;0;0;0.666667;0.2413;True;1;1;2
mcad;happy_guided_article_short;happy;3;Q3_sales_growth;True;c3;True;0;0;0;1.0;0.3367;True;2;1;2
baseline_naive;happy_guided_article_short;happy;1;Q1_margin_month;True;c1;True;0;0;0;0.333333;0.0014;;0;0;2
baseline_naive;happy_guided_article_short;happy;2;Q2_stockout_store;True;c2;True;0;0;0;0.666667;0.0005;;0;0;2
baseline_naive;happy_guided_article_short;happy;3;Q3_sales_growth;True;c3;True;0;0;0;1.0;0.0003;;0;0;2
baseline_measure_overlap;happy_guided_article_short;happy;1;Q1_margin_month;True;c1;True;0;0;0;0.333333;0.021;;0;0;2
baseline_measure_overlap;happy_guided_article_short;happy;2;Q2_stockout_store;True;c2;True;0;0;0;0.666667;0.0051;;0;0;2
baseline_measure_overlap;happy_guided_article_short;happy;3;Q3_sales_growth;True;c3;True;0;0;0;1.0;0.0045;;0;0;2
ablation_no_sat;happy_guided_article_short;happy;1;Q1_margin_month;True;c1;True;0;0;0;0.333333;0.3125;True;1;1;2
ablation_no_sat;happy_guided_article_short;happy;2;Q2_stockout_store;True;c2;True;0;0;0;0.666667;0.2429;True;1;1;2
ablation_no_sat;happy_guided_article_short;happy;3;Q3_sales_growth;True;c3;True;0;0;0;1.0;0.3369;True;2;1;2
ablation_no_real;happy_guided_article_short;happy;1;Q1_margin_month;True;c1;True;0;0;0;0.333333;0.3298;True;1;1;2
ablation_no_real;happy_guided_article_short;happy;2;Q2_stockout_store;True;c2;True;0;0;0;0.666667;0.2875;True;1;1;2
ablation_no_real;happy_guided_article_short;happy;3;Q3_sales_growth;True;c3;True;0;0;0;1.0;0.3369;True;2;1;2
ablation_ceval_any_intersection;happy_guided_article_short;happy;1;Q1_margin_month;True;c1;True;0;0;0;0.333333;0.3018;True;1;1;2
ablation_ceval_any_intersection;happy_guided_article_short;happy;2;Q2_stockout_store;True;c2;True;0;0;0;0.666667;0.2507;True;1;1;2
ablation_ceval_any_intersection;happy_guided_article_short;happy;3;Q3_sales_growth;True;c3;True;0;0;0;1.0;0.322;True;2;1;2
baseline_random_matched;happy_guided_article_short;happy;1;Q1_margin_month;True;c1;False;0;1;0;0.0;0.0039;;0;0;2
baseline_random_matched;happy_guided_article_short;happy;2;Q2_stockout_store;True;c2;False;0;1;0;0.0;0.0007;;0;0;2
baseline_random_matched;happy_guided_article_short;happy;3;Q3_sales_growth;True;c3;True;0;0;0;0.333333;0.0005;;0;0;2
mcad;happy_guided_reordered;happy;1;Q1_sales_growth;True;c3;True;0;0;0;0.333333;0.4046;True;2;1;2
mcad;happy_guided_reordered;happy;2;Q2_margin_month;True;c1;True;0;0;0;0.666667;0.2473;True;1;1;2
mcad;happy_guided_reordered;happy;3;Q3_stockout_store;True;c2;True;0;0;0;1.0;0.2385;True;1;1;2
baseline_naive;happy_guided_reordered;happy;1;Q1_sales_growth;True;c3;True;0;0;0;0.333333;0.0013;;0;0;2
baseline_naive;happy_guided_reordered;happy;2;Q2_margin_month;True;c1;True;0;0;0;0.666667;0.0005;;0;0;2
baseline_naive;happy_guided_reordered;happy;3;Q3_stockout_store;True;c2;True;0;0;0;1.0;0.0003;;0;0;2
baseline_measure_overlap;happy_guided_reordered;happy;1;Q1_sales_growth;True;c3;True;0;0;0;0.333333;0.0205;;0;0;2
baseline_measure_overlap;happy_guided_reordered;happy;2;Q2_margin_month;True;c1;True;0;0;0;0.666667;0.0051;;0;0;2
baseline_measure_overlap;happy_guided_reordered;happy;3;Q3_stockout_store;True;c2;True;0;0;0;1.0;0.0044;;0;0;2
ablation_no_sat;happy_guided_reordered;happy;1;Q1_sales_growth;True;c3;True;0;0;0;0.333333;0.4124;True;2;1;2
ablation_no_sat;happy_guided_reordered;happy;2;Q2_margin_month;True;c1;True;0;0;0;0.666667;0.2494;True;1;1;2
ablation_no_sat;happy_guided_reordered;happy;3;Q3_stockout_store;True;c2;True;0;0;0;1.0;0.2374;True;1;1;2
ablation_no_real;happy_guided_reordered;happy;1;Q1_sales_growth;True;c3;True;0;0;0;0.333333;0.4128;True;2;1;2
ablation_no_real;happy_guided_reordered;happy;2;Q2_margin_month;True;c1;True;0;0;0;0.666667;0.2546;True;1;1;2
ablation_no_real;happy_guided_reordered;happy;3;Q3_stockout_store;True;c2;True;0;0;0;1.0;0.2487;True;1;1;2
ablation_ceval_any_intersection;happy_guided_reordered;happy;1;Q1_sales_growth;True;c3;True;0;0;0;0.333333;0.3981;True;2;1;2
ablation_ceval_any_intersection;happy_guided_reordered;happy;2;Q2_margin_month;True;c1;True;0;0;0;0.666667;0.2441;True;1;1;2
ablation_ceval_any_intersection;happy_guided_reordered;happy;3;Q3_stockout_store;True;c2;True;0;0;0;1.0;0.2355;True;1;1;2
baseline_random_matched;happy_guided_reordered;happy;1;Q1_sales_growth;True;c3;True;0;0;0;0.333333;0.0035;;0;0;2
baseline_random_matched;happy_guided_reordered;happy;2;Q2_margin_month;True;c1;False;0;1;0;0.333333;0.0008;;0;0;2
baseline_random_matched;happy_guided_reordered;happy;3;Q3_stockout_store;True;c2;False;0;1;0;0.333333;0.0005;;0;0;2
mcad;happy_guided_compact;happy;1;Q1_margin_month;True;c1;True;0;0;0;0.333333;0.3149;True;1;1;2
mcad;happy_guided_compact;happy;2;Q2_sales_growth;True;c3;True;0;0;0;0.666667;0.3328;True;2;1;2
mcad;happy_guided_compact;happy;3;Q3_stockout_store;True;c2;True;0;0;0;1.0;0.2405;True;1;1;2
baseline_naive;happy_guided_compact;happy;1;Q1_margin_month;True;c1;True;0;0;0;0.333333;0.0015;;0;0;2
baseline_naive;happy_guided_compact;happy;2;Q2_sales_growth;True;c3;True;0;0;0;0.666667;0.0006;;0;0;2
baseline_naive;happy_guided_compact;happy;3;Q3_stockout_store;True;c2;True;0;0;0;1.0;0.0003;;0;0;2
baseline_measure_overlap;happy_guided_compact;happy;1;Q1_margin_month;True;c1;True;0;0;0;0.333333;0.0273;;0;0;2
baseline_measure_overlap;happy_guided_compact;happy;2;Q2_sales_growth;True;c3;True;0;0;0;0.666667;0.007;;0;0;2
baseline_measure_overlap;happy_guided_compact;happy;3;Q3_stockout_store;True;c2;True;0;0;0;1.0;0.0062;;0;0;2
ablation_no_sat;happy_guided_compact;happy;1;Q1_margin_month;True;c1;True;0;0;0;0.333333;0.3131;True;1;1;2
ablation_no_sat;happy_guided_compact;happy;2;Q2_sales_growth;True;c3;True;0;0;0;0.666667;0.3318;True;2;1;2
ablation_no_sat;happy_guided_compact;happy;3;Q3_stockout_store;True;c2;True;0;0;0;1.0;0.2527;True;1;1;2
ablation_no_real;happy_guided_compact;happy;1;Q1_margin_month;True;c1;True;0;0;0;0.333333;0.3174;True;1;1;2
ablation_no_real;happy_guided_compact;happy;2;Q2_sales_growth;True;c3;True;0;0;0;0.666667;0.3394;True;2;1;2
ablation_no_real;happy_guided_compact;happy;3;Q3_stockout_store;True;c2;True;0;0;0;1.0;0.2544;True;1;1;2
ablation_ceval_any_intersection;happy_guided_compact;happy;1;Q1_margin_month;True;c1;True;0;0;0;0.333333;0.3202;True;1;1;2
ablation_ceval_any_intersection;happy_guided_compact;happy;2;Q2_sales_growth;True;c3;True;0;0;0;0.666667;0.337;True;2;1;2
ablation_ceval_any_intersection;happy_guided_compact;happy;3;Q3_stockout_store;True;c2;True;0;0;0;1.0;0.2407;True;1;1;2
baseline_random_matched;happy_guided_compact;happy;1;Q1_margin_month;True;c1;False;0;1;0;0.0;0.0043;;0;0;2
baseline_random_matched;happy_guided_compact;happy;2;Q2_sales_growth;True;c3;False;0;1;0;0.0;0.0007;;0;0;2
baseline_random_matched;happy_guided_compact;happy;3;Q3_stockout_store;True;c2;True;0;0;0;0.333333;0.0005;;0;0;2
mcad;border_growth_partial_1998_only;border;1;Q1_sales_1998_only;False;;False;0;0;0;0.0;0.3617;True;1;0;2
baseline_naive;border_growth_partial_1998_only;border;1;Q1_sales_1998_only;False;;True;1;0;1;0.0;0.0014;;0;0;2
baseline_measure_overlap;border_growth_partial_1998_only;border;1;Q1_sales_1998_only;False;;True;1;0;1;0.0;0.0191;;0;0;2
ablation_no_sat;border_growth_partial_1998_only;border;1;Q1_sales_1998_only;False;;False;0;0;0;0.0;0.3972;True;1;0;2
ablation_no_real;border_growth_partial_1998_only;border;1;Q1_sales_1998_only;False;;True;1;0;1;0.0;0.3703;True;1;0;2
ablation_ceval_any_intersection;border_growth_partial_1998_only;border;1;Q1_sales_1998_only;False;;True;1;0;1;0.0;0.3676;True;1;1;2
baseline_random_matched;border_growth_partial_1998_only;border;1;Q1_sales_1998_only;False;;False;0;0;0;0.0;0.0039;;0;0;2
mcad;border_margin_wrong_grain;border;1;Q1_margin_quarter_only;False;;False;0;0;0;0.0;0.2219;False;0;0;2
baseline_naive;border_margin_wrong_grain;border;1;Q1_margin_quarter_only;False;;True;1;0;1;0.0;0.0014;;0;0;2
baseline_measure_overlap;border_margin_wrong_grain;border;1;Q1_margin_quarter_only;False;;True;1;0;1;0.0;0.0199;;0;0;2
ablation_no_sat;border_margin_wrong_grain;border;1;Q1_margin_quarter_only;False;;False;0;0;0;0.0;0.286;False;0;0;2
ablation_no_real;border_margin_wrong_grain;border;1;Q1_margin_quarter_only;False;;False;0;0;0;0.0;0.2335;False;0;0;2
ablation_ceval_any_intersection;border_margin_wrong_grain;border;1;Q1_margin_quarter_only;False;;False;0;0;0;0.0;0.2239;False;0;0;2
baseline_random_matched;border_margin_wrong_grain;border;1;Q1_margin_quarter_only;False;;False;0;0;0;0.0;0.0038;;0;0;2
mcad;border_stockout_missing_store;border;1;Q1_stockout_category_only;False;;False;0;0;0;0.0;0.2185;False;0;0;2
baseline_naive;border_stockout_missing_store;border;1;Q1_stockout_category_only;False;;True;1;0;1;0.0;0.0017;;0;0;2
baseline_measure_overlap;border_stockout_missing_store;border;1;Q1_stockout_category_only;False;;True;1;0;1;0.0;0.0202;;0;0;2
ablation_no_sat;border_stockout_missing_store;border;1;Q1_stockout_category_only;False;;False;0;0;0;0.0;0.2931;False;0;0;2
ablation_no_real;border_stockout_missing_store;border;1;Q1_stockout_category_only;False;;False;0;0;0;0.0;0.228;False;0;0;2
ablation_ceval_any_intersection;border_stockout_missing_store;border;1;Q1_stockout_category_only;False;;False;0;0;0;0.0;0.2166;False;0;0;2
baseline_random_matched;border_stockout_missing_store;border;1;Q1_stockout_category_only;False;;False;0;0;0;0.0;0.0046;;0;0;2
mcad;adversarial_wrong_region;adversarial;1;Q1_margin_south;False;;False;0;0;0;0.0;0.1951;False;0;0;2
baseline_naive;adversarial_wrong_region;adversarial;1;Q1_margin_south;False;;True;1;0;1;0.0;0.0019;;0;0;2
baseline_measure_overlap;adversarial_wrong_region;adversarial;1;Q1_margin_south;False;;True;1;0;1;0.0;0.0189;;0;0;2
ablation_no_sat;adversarial_wrong_region;adversarial;1;Q1_margin_south;False;;False;0;0;0;0.0;0.2324;False;0;0;2
ablation_no_real;adversarial_wrong_region;adversarial;1;Q1_margin_south;False;;False;0;0;0;0.0;0.2003;False;0;0;2
ablation_ceval_any_intersection;adversarial_wrong_region;adversarial;1;Q1_margin_south;False;;False;0;0;0;0.0;0.2048;False;0;0;2
baseline_random_matched;adversarial_wrong_region;adversarial;1;Q1_margin_south;False;;True;1;0;1;0.0;0.0044;;0;0;2
mcad;adversarial_wrong_year;adversarial;1;Q1_stockout_1997;False;;False;0;0;0;0.0;0.1911;False;0;0;2
baseline_naive;adversarial_wrong_year;adversarial;1;Q1_stockout_1997;False;;True;1;0;1;0.0;0.0014;;0;0;2
baseline_measure_overlap;adversarial_wrong_year;adversarial;1;Q1_stockout_1997;False;;True;1;0;1;0.0;0.0192;;0;0;2
ablation_no_sat;adversarial_wrong_year;adversarial;1;Q1_stockout_1997;False;;False;0;0;0;0.0;0.2157;False;0;0;2
ablation_no_real;adversarial_wrong_year;adversarial;1;Q1_stockout_1997;False;;False;0;0;0;0.0;0.2017;False;0;0;2
ablation_ceval_any_intersection;adversarial_wrong_year;adversarial;1;Q1_stockout_1997;False;;False;0;0;0;0.0;0.1915;False;0;0;2
baseline_random_matched;adversarial_wrong_year;adversarial;1;Q1_stockout_1997;False;;True;1;0;1;0.0;0.0043;;0;0;2
mcad;adversarial_invalid_no_measures;adversarial;1;Q1_invalid_no_measure;False;;False;0;0;0;0.0;0.0952;False;0;0;2
baseline_naive;adversarial_invalid_no_measures;adversarial;1;Q1_invalid_no_measure;False;;True;1;0;1;0.0;0.0015;;0;0;2
baseline_measure_overlap;adversarial_invalid_no_measures;adversarial;1;Q1_invalid_no_measure;False;;False;0;0;0;0.0;0.019;;0;0;2
ablation_no_sat;adversarial_invalid_no_measures;adversarial;1;Q1_invalid_no_measure;False;;False;0;0;0;0.0;0.1081;False;0;0;2
ablation_no_real;adversarial_invalid_no_measures;adversarial;1;Q1_invalid_no_measure;False;;False;0;0;0;0.0;0.101;False;0;0;2
ablation_ceval_any_intersection;adversarial_invalid_no_measures;adversarial;1;Q1_invalid_no_measure;False;;False;0;0;0;0.0;0.0943;False;0;0;2
baseline_random_matched;adversarial_invalid_no_measures;adversarial;1;Q1_invalid_no_measure;False;;False;0;0;0;0.0;0.0038;;0;0;2
mcad;stress_exploratory_then_useful;stress;1;Q1_noise_region;False;;False;0;0;0;0.0;0.2687;False;0;0;2
mcad;stress_exploratory_then_useful;stress;2;Q2_noise_margin_all;False;;False;0;0;0;0.0;0.1445;False;0;0;2
mcad;stress_exploratory_then_useful;stress;3;Q3_useful_margin;True;c1;True;0;0;0;0.333333;0.2633;True;1;1;2
baseline_naive;stress_exploratory_then_useful;stress;1;Q1_noise_region;False;;True;1;0;1;0.0;0.0016;;0;0;2
baseline_naive;stress_exploratory_then_useful;stress;2;Q2_noise_margin_all;False;;True;1;0;1;0.0;0.0005;;0;0;2
baseline_naive;stress_exploratory_then_useful;stress;3;Q3_useful_margin;True;c1;True;0;0;0;0.333333;0.0004;;0;0;2
baseline_measure_overlap;stress_exploratory_then_useful;stress;1;Q1_noise_region;False;;True;1;0;1;0.0;0.0201;;0;0;2
baseline_measure_overlap;stress_exploratory_then_useful;stress;2;Q2_noise_margin_all;False;;True;1;0;1;0.0;0.0054;;0;0;2
baseline_measure_overlap;stress_exploratory_then_useful;stress;3;Q3_useful_margin;True;c1;True;0;0;0;0.333333;0.0041;;0;0;2
ablation_no_sat;stress_exploratory_then_useful;stress;1;Q1_noise_region;False;;False;0;0;0;0.0;0.4515;False;0;0;2
ablation_no_sat;stress_exploratory_then_useful;stress;2;Q2_noise_margin_all;False;;False;0;0;0;0.0;0.3273;False;0;0;2
ablation_no_sat;stress_exploratory_then_useful;stress;3;Q3_useful_margin;True;c1;True;0;0;0;0.333333;0.3895;True;1;1;2
ablation_no_real;stress_exploratory_then_useful;stress;1;Q1_noise_region;False;;False;0;0;0;0.0;0.2345;False;0;0;2
ablation_no_real;stress_exploratory_then_useful;stress;2;Q2_noise_margin_all;False;;False;0;0;0;0.0;0.1469;False;0;0;2
ablation_no_real;stress_exploratory_then_useful;stress;3;Q3_useful_margin;True;c1;True;0;0;0;0.333333;0.2543;True;1;1;2
ablation_ceval_any_intersection;stress_exploratory_then_useful;stress;1;Q1_noise_region;False;;False;0;0;0;0.0;0.2189;False;0;0;2
ablation_ceval_any_intersection;stress_exploratory_then_useful;stress;2;Q2_noise_margin_all;False;;False;0;0;0;0.0;0.1425;False;0;0;2
ablation_ceval_any_intersection;stress_exploratory_then_useful;stress;3;Q3_useful_margin;True;c1;True;0;0;0;0.333333;0.2446;True;1;1;2
baseline_random_matched;stress_exploratory_then_useful;stress;1;Q1_noise_region;False;;True;1;0;1;0.0;0.0043;;0;0;2
baseline_random_matched;stress_exploratory_then_useful;stress;2;Q2_noise_margin_all;False;;True;1;0;1;0.0;0.0007;;0;0;2
baseline_random_matched;stress_exploratory_then_useful;stress;3;Q3_useful_margin;True;c1;True;0;0;0;0.333333;0.0006;;0;0;2
mcad;happy_guided_article_short;happy;1;Q1_margin_month;True;c1;True;0;0;0;0.333333;0.3162;True;1;1;3
mcad;happy_guided_article_short;happy;2;Q2_stockout_store;True;c2;True;0;0;0;0.666667;0.2435;True;1;1;3
mcad;happy_guided_article_short;happy;3;Q3_sales_growth;True;c3;True;0;0;0;1.0;0.3257;True;2;1;3
baseline_naive;happy_guided_article_short;happy;1;Q1_margin_month;True;c1;True;0;0;0;0.333333;0.0017;;0;0;3
baseline_naive;happy_guided_article_short;happy;2;Q2_stockout_store;True;c2;True;0;0;0;0.666667;0.0006;;0;0;3
baseline_naive;happy_guided_article_short;happy;3;Q3_sales_growth;True;c3;True;0;0;0;1.0;0.0004;;0;0;3
baseline_measure_overlap;happy_guided_article_short;happy;1;Q1_margin_month;True;c1;True;0;0;0;0.333333;0.0209;;0;0;3
baseline_measure_overlap;happy_guided_article_short;happy;2;Q2_stockout_store;True;c2;True;0;0;0;0.666667;0.0054;;0;0;3
baseline_measure_overlap;happy_guided_article_short;happy;3;Q3_sales_growth;True;c3;True;0;0;0;1.0;0.0044;;0;0;3
ablation_no_sat;happy_guided_article_short;happy;1;Q1_margin_month;True;c1;True;0;0;0;0.333333;0.318;True;1;1;3
ablation_no_sat;happy_guided_article_short;happy;2;Q2_stockout_store;True;c2;True;0;0;0;0.666667;0.2469;True;1;1;3
ablation_no_sat;happy_guided_article_short;happy;3;Q3_sales_growth;True;c3;True;0;0;0;1.0;0.329;True;2;1;3
ablation_no_real;happy_guided_article_short;happy;1;Q1_margin_month;True;c1;True;0;0;0;0.333333;0.3212;True;1;1;3
ablation_no_real;happy_guided_article_short;happy;2;Q2_stockout_store;True;c2;True;0;0;0;0.666667;0.2521;True;1;1;3
ablation_no_real;happy_guided_article_short;happy;3;Q3_sales_growth;True;c3;True;0;0;0;1.0;0.333;True;2;1;3
ablation_ceval_any_intersection;happy_guided_article_short;happy;1;Q1_margin_month;True;c1;True;0;0;0;0.333333;0.3025;True;1;1;3
ablation_ceval_any_intersection;happy_guided_article_short;happy;2;Q2_stockout_store;True;c2;True;0;0;0;0.666667;0.2523;True;1;1;3
ablation_ceval_any_intersection;happy_guided_article_short;happy;3;Q3_sales_growth;True;c3;True;0;0;0;1.0;0.3261;True;2;1;3
baseline_random_matched;happy_guided_article_short;happy;1;Q1_margin_month;True;c1;True;0;0;0;0.333333;0.0042;;0;0;3
baseline_random_matched;happy_guided_article_short;happy;2;Q2_stockout_store;True;c2;True;0;0;0;0.666667;0.0007;;0;0;3
baseline_random_matched;happy_guided_article_short;happy;3;Q3_sales_growth;True;c3;True;0;0;0;1.0;0.0005;;0;0;3
mcad;happy_guided_reordered;happy;1;Q1_sales_growth;True;c3;True;0;0;0;0.333333;0.3926;True;2;1;3
mcad;happy_guided_reordered;happy;2;Q2_margin_month;True;c1;True;0;0;0;0.666667;0.2561;True;1;1;3
mcad;happy_guided_reordered;happy;3;Q3_stockout_store;True;c2;True;0;0;0;1.0;0.2373;True;1;1;3
baseline_naive;happy_guided_reordered;happy;1;Q1_sales_growth;True;c3;True;0;0;0;0.333333;0.0014;;0;0;3
baseline_naive;happy_guided_reordered;happy;2;Q2_margin_month;True;c1;True;0;0;0;0.666667;0.0007;;0;0;3
baseline_naive;happy_guided_reordered;happy;3;Q3_stockout_store;True;c2;True;0;0;0;1.0;0.0004;;0;0;3
baseline_measure_overlap;happy_guided_reordered;happy;1;Q1_sales_growth;True;c3;True;0;0;0;0.333333;0.0196;;0;0;3
baseline_measure_overlap;happy_guided_reordered;happy;2;Q2_margin_month;True;c1;True;0;0;0;0.666667;0.0052;;0;0;3
baseline_measure_overlap;happy_guided_reordered;happy;3;Q3_stockout_store;True;c2;True;0;0;0;1.0;0.0043;;0;0;3
ablation_no_sat;happy_guided_reordered;happy;1;Q1_sales_growth;True;c3;True;0;0;0;0.333333;0.3886;True;2;1;3
ablation_no_sat;happy_guided_reordered;happy;2;Q2_margin_month;True;c1;True;0;0;0;0.666667;0.2551;True;1;1;3
ablation_no_sat;happy_guided_reordered;happy;3;Q3_stockout_store;True;c2;True;0;0;0;1.0;0.2408;True;1;1;3
ablation_no_real;happy_guided_reordered;happy;1;Q1_sales_growth;True;c3;True;0;0;0;0.333333;0.398;True;2;1;3
ablation_no_real;happy_guided_reordered;happy;2;Q2_margin_month;True;c1;True;0;0;0;0.666667;0.2626;True;1;1;3
ablation_no_real;happy_guided_reordered;happy;3;Q3_stockout_store;True;c2;True;0;0;0;1.0;0.2449;True;1;1;3
ablation_ceval_any_intersection;happy_guided_reordered;happy;1;Q1_sales_growth;True;c3;True;0;0;0;0.333333;0.3879;True;2;1;3
ablation_ceval_any_intersection;happy_guided_reordered;happy;2;Q2_margin_month;True;c1;True;0;0;0;0.666667;0.2529;True;1;1;3
ablation_ceval_any_intersection;happy_guided_reordered;happy;3;Q3_stockout_store;True;c2;True;0;0;0;1.0;0.2359;True;1;1;3
baseline_random_matched;happy_guided_reordered;happy;1;Q1_sales_growth;True;c3;False;0;1;0;0.0;0.004;;0;0;3
baseline_random_matched;happy_guided_reordered;happy;2;Q2_margin_month;True;c1;False;0;1;0;0.0;0.0009;;0;0;3
baseline_random_matched;happy_guided_reordered;happy;3;Q3_stockout_store;True;c2;False;0;1;0;0.0;0.0005;;0;0;3
mcad;happy_guided_compact;happy;1;Q1_margin_month;True;c1;True;0;0;0;0.333333;0.311;True;1;1;3
mcad;happy_guided_compact;happy;2;Q2_sales_growth;True;c3;True;0;0;0;0.666667;0.3348;True;2;1;3
mcad;happy_guided_compact;happy;3;Q3_stockout_store;True;c2;True;0;0;0;1.0;0.2484;True;1;1;3
baseline_naive;happy_guided_compact;happy;1;Q1_margin_month;True;c1;True;0;0;0;0.333333;0.0015;;0;0;3
baseline_naive;happy_guided_compact;happy;2;Q2_sales_growth;True;c3;True;0;0;0;0.666667;0.0005;;0;0;3
baseline_naive;happy_guided_compact;happy;3;Q3_stockout_store;True;c2;True;0;0;0;1.0;0.0004;;0;0;3
baseline_measure_overlap;happy_guided_compact;happy;1;Q1_margin_month;True;c1;True;0;0;0;0.333333;0.0195;;0;0;3
baseline_measure_overlap;happy_guided_compact;happy;2;Q2_sales_growth;True;c3;True;0;0;0;0.666667;0.0052;;0;0;3
baseline_measure_overlap;happy_guided_compact;happy;3;Q3_stockout_store;True;c2;True;0;0;0;1.0;0.0045;;0;0;3
ablation_no_sat;happy_guided_compact;happy;1;Q1_margin_month;True;c1;True;0;0;0;0.333333;0.3039;True;1;1;3
ablation_no_sat;happy_guided_compact;happy;2;Q2_sales_growth;True;c3;True;0;0;0;0.666667;0.3328;True;2;1;3
ablation_no_sat;happy_guided_compact;happy;3;Q3_stockout_store;True;c2;True;0;0;0;1.0;0.2474;True;1;1;3
ablation_no_real;happy_guided_compact;happy;1;Q1_margin_month;True;c1;True;0;0;0;0.333333;0.3097;True;1;1;3
ablation_no_real;happy_guided_compact;happy;2;Q2_sales_growth;True;c3;True;0;0;0;0.666667;0.3367;True;2;1;3
ablation_no_real;happy_guided_compact;happy;3;Q3_stockout_store;True;c2;True;0;0;0;1.0;0.2442;True;1;1;3
ablation_ceval_any_intersection;happy_guided_compact;happy;1;Q1_margin_month;True;c1;True;0;0;0;0.333333;0.3017;True;1;1;3
ablation_ceval_any_intersection;happy_guided_compact;happy;2;Q2_sales_growth;True;c3;True;0;0;0;0.666667;0.3289;True;2;1;3
ablation_ceval_any_intersection;happy_guided_compact;happy;3;Q3_stockout_store;True;c2;True;0;0;0;1.0;0.2344;True;1;1;3
baseline_random_matched;happy_guided_compact;happy;1;Q1_margin_month;True;c1;True;0;0;0;0.333333;0.0043;;0;0;3
baseline_random_matched;happy_guided_compact;happy;2;Q2_sales_growth;True;c3;False;0;1;0;0.333333;0.0007;;0;0;3
baseline_random_matched;happy_guided_compact;happy;3;Q3_stockout_store;True;c2;True;0;0;0;0.666667;0.0004;;0;0;3
mcad;border_growth_partial_1998_only;border;1;Q1_sales_1998_only;False;;False;0;0;0;0.0;0.3675;True;1;0;3
baseline_naive;border_growth_partial_1998_only;border;1;Q1_sales_1998_only;False;;True;1;0;1;0.0;0.002;;0;0;3
baseline_measure_overlap;border_growth_partial_1998_only;border;1;Q1_sales_1998_only;False;;True;1;0;1;0.0;0.0191;;0;0;3
ablation_no_sat;border_growth_partial_1998_only;border;1;Q1_sales_1998_only;False;;False;0;0;0;0.0;0.369;True;1;0;3
ablation_no_real;border_growth_partial_1998_only;border;1;Q1_sales_1998_only;False;;True;1;0;1;0.0;0.3797;True;1;0;3
ablation_ceval_any_intersection;border_growth_partial_1998_only;border;1;Q1_sales_1998_only;False;;True;1;0;1;0.0;0.3624;True;1;1;3
baseline_random_matched;border_growth_partial_1998_only;border;1;Q1_sales_1998_only;False;;True;1;0;1;0.0;0.0039;;0;0;3
mcad;border_margin_wrong_grain;border;1;Q1_margin_quarter_only;False;;False;0;0;0;0.0;0.2214;False;0;0;3
baseline_naive;border_margin_wrong_grain;border;1;Q1_margin_quarter_only;False;;True;1;0;1;0.0;0.0015;;0;0;3
baseline_measure_overlap;border_margin_wrong_grain;border;1;Q1_margin_quarter_only;False;;True;1;0;1;0.0;0.0188;;0;0;3
ablation_no_sat;border_margin_wrong_grain;border;1;Q1_margin_quarter_only;False;;False;0;0;0;0.0;0.2854;False;0;0;3
ablation_no_real;border_margin_wrong_grain;border;1;Q1_margin_quarter_only;False;;False;0;0;0;0.0;0.2286;False;0;0;3
ablation_ceval_any_intersection;border_margin_wrong_grain;border;1;Q1_margin_quarter_only;False;;False;0;0;0;0.0;0.2277;False;0;0;3
baseline_random_matched;border_margin_wrong_grain;border;1;Q1_margin_quarter_only;False;;True;1;0;1;0.0;0.0044;;0;0;3
mcad;border_stockout_missing_store;border;1;Q1_stockout_category_only;False;;False;0;0;0;0.0;0.235;False;0;0;3
baseline_naive;border_stockout_missing_store;border;1;Q1_stockout_category_only;False;;True;1;0;1;0.0;0.0018;;0;0;3
baseline_measure_overlap;border_stockout_missing_store;border;1;Q1_stockout_category_only;False;;True;1;0;1;0.0;0.0197;;0;0;3
ablation_no_sat;border_stockout_missing_store;border;1;Q1_stockout_category_only;False;;False;0;0;0;0.0;0.2883;False;0;0;3
ablation_no_real;border_stockout_missing_store;border;1;Q1_stockout_category_only;False;;False;0;0;0;0.0;0.4442;False;0;0;3
ablation_ceval_any_intersection;border_stockout_missing_store;border;1;Q1_stockout_category_only;False;;False;0;0;0;0.0;0.4234;False;0;0;3
baseline_random_matched;border_stockout_missing_store;border;1;Q1_stockout_category_only;False;;True;1;0;1;0.0;0.0042;;0;0;3
mcad;adversarial_wrong_region;adversarial;1;Q1_margin_south;False;;False;0;0;0;0.0;0.1977;False;0;0;3
baseline_naive;adversarial_wrong_region;adversarial;1;Q1_margin_south;False;;True;1;0;1;0.0;0.0015;;0;0;3
baseline_measure_overlap;adversarial_wrong_region;adversarial;1;Q1_margin_south;False;;True;1;0;1;0.0;0.0195;;0;0;3
ablation_no_sat;adversarial_wrong_region;adversarial;1;Q1_margin_south;False;;False;0;0;0;0.0;0.2323;False;0;0;3
ablation_no_real;adversarial_wrong_region;adversarial;1;Q1_margin_south;False;;False;0;0;0;0.0;0.2016;False;0;0;3
ablation_ceval_any_intersection;adversarial_wrong_region;adversarial;1;Q1_margin_south;False;;False;0;0;0;0.0;0.2061;False;0;0;3
baseline_random_matched;adversarial_wrong_region;adversarial;1;Q1_margin_south;False;;True;1;0;1;0.0;0.0033;;0;0;3
mcad;adversarial_wrong_year;adversarial;1;Q1_stockout_1997;False;;False;0;0;0;0.0;0.1995;False;0;0;3
baseline_naive;adversarial_wrong_year;adversarial;1;Q1_stockout_1997;False;;True;1;0;1;0.0;0.0015;;0;0;3
baseline_measure_overlap;adversarial_wrong_year;adversarial;1;Q1_stockout_1997;False;;True;1;0;1;0.0;0.0196;;0;0;3
ablation_no_sat;adversarial_wrong_year;adversarial;1;Q1_stockout_1997;False;;False;0;0;0;0.0;0.2238;False;0;0;3
ablation_no_real;adversarial_wrong_year;adversarial;1;Q1_stockout_1997;False;;False;0;0;0;0.0;0.1952;False;0;0;3
ablation_ceval_any_intersection;adversarial_wrong_year;adversarial;1;Q1_stockout_1997;False;;False;0;0;0;0.0;0.1872;False;0;0;3
baseline_random_matched;adversarial_wrong_year;adversarial;1;Q1_stockout_1997;False;;True;1;0;1;0.0;0.0041;;0;0;3
mcad;adversarial_invalid_no_measures;adversarial;1;Q1_invalid_no_measure;False;;False;0;0;0;0.0;0.0938;False;0;0;3
baseline_naive;adversarial_invalid_no_measures;adversarial;1;Q1_invalid_no_measure;False;;True;1;0;1;0.0;0.0015;;0;0;3
baseline_measure_overlap;adversarial_invalid_no_measures;adversarial;1;Q1_invalid_no_measure;False;;False;0;0;0;0.0;0.0199;;0;0;3
ablation_no_sat;adversarial_invalid_no_measures;adversarial;1;Q1_invalid_no_measure;False;;False;0;0;0;0.0;0.1083;False;0;0;3
ablation_no_real;adversarial_invalid_no_measures;adversarial;1;Q1_invalid_no_measure;False;;False;0;0;0;0.0;0.1051;False;0;0;3
ablation_ceval_any_intersection;adversarial_invalid_no_measures;adversarial;1;Q1_invalid_no_measure;False;;False;0;0;0;0.0;0.0963;False;0;0;3
baseline_random_matched;adversarial_invalid_no_measures;adversarial;1;Q1_invalid_no_measure;False;;True;1;0;1;0.0;0.0037;;0;0;3
mcad;stress_exploratory_then_useful;stress;1;Q1_noise_region;False;;False;0;0;0;0.0;0.221;False;0;0;3
mcad;stress_exploratory_then_useful;stress;2;Q2_noise_margin_all;False;;False;0;0;0;0.0;0.1393;False;0;0;3
mcad;stress_exploratory_then_useful;stress;3;Q3_useful_margin;True;c1;True;0;0;0;0.333333;0.2473;True;1;1;3
baseline_naive;stress_exploratory_then_useful;stress;1;Q1_noise_region;False;;True;1;0;1;0.0;0.0017;;0;0;3
baseline_naive;stress_exploratory_then_useful;stress;2;Q2_noise_margin_all;False;;True;1;0;1;0.0;0.0006;;0;0;3
baseline_naive;stress_exploratory_then_useful;stress;3;Q3_useful_margin;True;c1;True;0;0;0;0.333333;0.0004;;0;0;3
baseline_measure_overlap;stress_exploratory_then_useful;stress;1;Q1_noise_region;False;;True;1;0;1;0.0;0.02;;0;0;3
baseline_measure_overlap;stress_exploratory_then_useful;stress;2;Q2_noise_margin_all;False;;True;1;0;1;0.0;0.0051;;0;0;3
baseline_measure_overlap;stress_exploratory_then_useful;stress;3;Q3_useful_margin;True;c1;True;0;0;0;0.333333;0.0039;;0;0;3
ablation_no_sat;stress_exploratory_then_useful;stress;1;Q1_noise_region;False;;False;0;0;0;0.0;0.2605;False;0;0;3
ablation_no_sat;stress_exploratory_then_useful;stress;2;Q2_noise_margin_all;False;;False;0;0;0;0.0;0.1692;False;0;0;3
ablation_no_sat;stress_exploratory_then_useful;stress;3;Q3_useful_margin;True;c1;True;0;0;0;0.333333;0.2533;True;1;1;3
ablation_no_real;stress_exploratory_then_useful;stress;1;Q1_noise_region;False;;False;0;0;0;0.0;0.2288;False;0;0;3
ablation_no_real;stress_exploratory_then_useful;stress;2;Q2_noise_margin_all;False;;False;0;0;0;0.0;0.1465;False;0;0;3
ablation_no_real;stress_exploratory_then_useful;stress;3;Q3_useful_margin;True;c1;True;0;0;0;0.333333;0.2518;True;1;1;3
ablation_ceval_any_intersection;stress_exploratory_then_useful;stress;1;Q1_noise_region;False;;False;0;0;0;0.0;0.2208;False;0;0;3
ablation_ceval_any_intersection;stress_exploratory_then_useful;stress;2;Q2_noise_margin_all;False;;False;0;0;0;0.0;0.1409;False;0;0;3
ablation_ceval_any_intersection;stress_exploratory_then_useful;stress;3;Q3_useful_margin;True;c1;True;0;0;0;0.333333;0.2476;True;1;1;3
baseline_random_matched;stress_exploratory_then_useful;stress;1;Q1_noise_region;False;;False;0;0;0;0.0;0.0041;;0;0;3
baseline_random_matched;stress_exploratory_then_useful;stress;2;Q2_noise_margin_all;False;;False;0;0;0;0.0;0.0007;;0;0;3
baseline_random_matched;stress_exploratory_then_useful;stress;3;Q3_useful_margin;True;c1;True;0;0;0;0.333333;0.0005;;0;0;3
mcad;happy_guided_article_short;happy;1;Q1_margin_month;True;c1;True;0;0;0;0.333333;0.3065;True;1;1;4
mcad;happy_guided_article_short;happy;2;Q2_stockout_store;True;c2;True;0;0;0;0.666667;0.2434;True;1;1;4
mcad;happy_guided_article_short;happy;3;Q3_sales_growth;True;c3;True;0;0;0;1.0;0.3264;True;2;1;4
baseline_naive;happy_guided_article_short;happy;1;Q1_margin_month;True;c1;True;0;0;0;0.333333;0.0013;;0;0;4
baseline_naive;happy_guided_article_short;happy;2;Q2_stockout_store;True;c2;True;0;0;0;0.666667;0.0005;;0;0;4
baseline_naive;happy_guided_article_short;happy;3;Q3_sales_growth;True;c3;True;0;0;0;1.0;0.0003;;0;0;4
baseline_measure_overlap;happy_guided_article_short;happy;1;Q1_margin_month;True;c1;True;0;0;0;0.333333;0.0185;;0;0;4
baseline_measure_overlap;happy_guided_article_short;happy;2;Q2_stockout_store;True;c2;True;0;0;0;0.666667;0.0053;;0;0;4
baseline_measure_overlap;happy_guided_article_short;happy;3;Q3_sales_growth;True;c3;True;0;0;0;1.0;0.0042;;0;0;4
ablation_no_sat;happy_guided_article_short;happy;1;Q1_margin_month;True;c1;True;0;0;0;0.333333;0.3086;True;1;1;4
ablation_no_sat;happy_guided_article_short;happy;2;Q2_stockout_store;True;c2;True;0;0;0;0.666667;0.2459;True;1;1;4
ablation_no_sat;happy_guided_article_short;happy;3;Q3_sales_growth;True;c3;True;0;0;0;1.0;0.3594;True;2;1;4
ablation_no_real;happy_guided_article_short;happy;1;Q1_margin_month;True;c1;True;0;0;0;0.333333;0.323;True;1;1;4
ablation_no_real;happy_guided_article_short;happy;2;Q2_stockout_store;True;c2;True;0;0;0;0.666667;0.2502;True;1;1;4
ablation_no_real;happy_guided_article_short;happy;3;Q3_sales_growth;True;c3;True;0;0;0;1.0;0.3329;True;2;1;4
ablation_ceval_any_intersection;happy_guided_article_short;happy;1;Q1_margin_month;True;c1;True;0;0;0;0.333333;0.3194;True;1;1;4
ablation_ceval_any_intersection;happy_guided_article_short;happy;2;Q2_stockout_store;True;c2;True;0;0;0;0.666667;0.284;True;1;1;4
ablation_ceval_any_intersection;happy_guided_article_short;happy;3;Q3_sales_growth;True;c3;True;0;0;0;1.0;0.3529;True;2;1;4
baseline_random_matched;happy_guided_article_short;happy;1;Q1_margin_month;True;c1;False;0;1;0;0.0;0.0039;;0;0;4
baseline_random_matched;happy_guided_article_short;happy;2;Q2_stockout_store;True;c2;True;0;0;0;0.333333;0.0006;;0;0;4
baseline_random_matched;happy_guided_article_short;happy;3;Q3_sales_growth;True;c3;False;0;1;0;0.333333;0.0006;;0;0;4
mcad;happy_guided_reordered;happy;1;Q1_sales_growth;True;c3;True;0;0;0;0.333333;0.4151;True;2;1;4
mcad;happy_guided_reordered;happy;2;Q2_margin_month;True;c1;True;0;0;0;0.666667;0.2567;True;1;1;4
mcad;happy_guided_reordered;happy;3;Q3_stockout_store;True;c2;True;0;0;0;1.0;0.2434;True;1;1;4
baseline_naive;happy_guided_reordered;happy;1;Q1_sales_growth;True;c3;True;0;0;0;0.333333;0.0015;;0;0;4
baseline_naive;happy_guided_reordered;happy;2;Q2_margin_month;True;c1;True;0;0;0;0.666667;0.0005;;0;0;4
baseline_naive;happy_guided_reordered;happy;3;Q3_stockout_store;True;c2;True;0;0;0;1.0;0.0004;;0;0;4
baseline_measure_overlap;happy_guided_reordered;happy;1;Q1_sales_growth;True;c3;True;0;0;0;0.333333;0.0198;;0;0;4
baseline_measure_overlap;happy_guided_reordered;happy;2;Q2_margin_month;True;c1;True;0;0;0;0.666667;0.0057;;0;0;4
baseline_measure_overlap;happy_guided_reordered;happy;3;Q3_stockout_store;True;c2;True;0;0;0;1.0;0.0044;;0;0;4
ablation_no_sat;happy_guided_reordered;happy;1;Q1_sales_growth;True;c3;True;0;0;0;0.333333;0.3902;True;2;1;4
ablation_no_sat;happy_guided_reordered;happy;2;Q2_margin_month;True;c1;True;0;0;0;0.666667;0.2464;True;1;1;4
ablation_no_sat;happy_guided_reordered;happy;3;Q3_stockout_store;True;c2;True;0;0;0;1.0;0.2477;True;1;1;4
ablation_no_real;happy_guided_reordered;happy;1;Q1_sales_growth;True;c3;True;0;0;0;0.333333;0.4078;True;2;1;4
ablation_no_real;happy_guided_reordered;happy;2;Q2_margin_month;True;c1;True;0;0;0;0.666667;0.2594;True;1;1;4
ablation_no_real;happy_guided_reordered;happy;3;Q3_stockout_store;True;c2;True;0;0;0;1.0;0.245;True;1;1;4
ablation_ceval_any_intersection;happy_guided_reordered;happy;1;Q1_sales_growth;True;c3;True;0;0;0;0.333333;0.3879;True;2;1;4
ablation_ceval_any_intersection;happy_guided_reordered;happy;2;Q2_margin_month;True;c1;True;0;0;0;0.666667;0.2466;True;1;1;4
ablation_ceval_any_intersection;happy_guided_reordered;happy;3;Q3_stockout_store;True;c2;True;0;0;0;1.0;0.277;True;1;1;4
baseline_random_matched;happy_guided_reordered;happy;1;Q1_sales_growth;True;c3;True;0;0;0;0.333333;0.004;;0;0;4
baseline_random_matched;happy_guided_reordered;happy;2;Q2_margin_month;True;c1;False;0;1;0;0.333333;0.0006;;0;0;4
baseline_random_matched;happy_guided_reordered;happy;3;Q3_stockout_store;True;c2;False;0;1;0;0.333333;0.0005;;0;0;4
mcad;happy_guided_compact;happy;1;Q1_margin_month;True;c1;True;0;0;0;0.333333;0.3084;True;1;1;4
mcad;happy_guided_compact;happy;2;Q2_sales_growth;True;c3;True;0;0;0;0.666667;0.3335;True;2;1;4
mcad;happy_guided_compact;happy;3;Q3_stockout_store;True;c2;True;0;0;0;1.0;0.2589;True;1;1;4
baseline_naive;happy_guided_compact;happy;1;Q1_margin_month;True;c1;True;0;0;0;0.333333;0.0014;;0;0;4
baseline_naive;happy_guided_compact;happy;2;Q2_sales_growth;True;c3;True;0;0;0;0.666667;0.0005;;0;0;4
baseline_naive;happy_guided_compact;happy;3;Q3_stockout_store;True;c2;True;0;0;0;1.0;0.0004;;0;0;4
baseline_measure_overlap;happy_guided_compact;happy;1;Q1_margin_month;True;c1;True;0;0;0;0.333333;0.0179;;0;0;4
baseline_measure_overlap;happy_guided_compact;happy;2;Q2_sales_growth;True;c3;True;0;0;0;0.666667;0.005;;0;0;4
baseline_measure_overlap;happy_guided_compact;happy;3;Q3_stockout_store;True;c2;True;0;0;0;1.0;0.0043;;0;0;4
ablation_no_sat;happy_guided_compact;happy;1;Q1_margin_month;True;c1;True;0;0;0;0.333333;0.3069;True;1;1;4
ablation_no_sat;happy_guided_compact;happy;2;Q2_sales_growth;True;c3;True;0;0;0;0.666667;0.3346;True;2;1;4
ablation_no_sat;happy_guided_compact;happy;3;Q3_stockout_store;True;c2;True;0;0;0;1.0;0.24;True;1;1;4
ablation_no_real;happy_guided_compact;happy;1;Q1_margin_month;True;c1;True;0;0;0;0.333333;0.3165;True;1;1;4
ablation_no_real;happy_guided_compact;happy;2;Q2_sales_growth;True;c3;True;0;0;0;0.666667;0.3363;True;2;1;4
ablation_no_real;happy_guided_compact;happy;3;Q3_stockout_store;True;c2;True;0;0;0;1.0;0.2423;True;1;1;4
ablation_ceval_any_intersection;happy_guided_compact;happy;1;Q1_margin_month;True;c1;True;0;0;0;0.333333;0.3091;True;1;1;4
ablation_ceval_any_intersection;happy_guided_compact;happy;2;Q2_sales_growth;True;c3;True;0;0;0;0.666667;0.3308;True;2;1;4
ablation_ceval_any_intersection;happy_guided_compact;happy;3;Q3_stockout_store;True;c2;True;0;0;0;1.0;0.2375;True;1;1;4
baseline_random_matched;happy_guided_compact;happy;1;Q1_margin_month;True;c1;False;0;1;0;0.0;0.0036;;0;0;4
baseline_random_matched;happy_guided_compact;happy;2;Q2_sales_growth;True;c3;False;0;1;0;0.0;0.0007;;0;0;4
baseline_random_matched;happy_guided_compact;happy;3;Q3_stockout_store;True;c2;True;0;0;0;0.333333;0.0004;;0;0;4
mcad;border_growth_partial_1998_only;border;1;Q1_sales_1998_only;False;;False;0;0;0;0.0;0.4154;True;1;0;4
baseline_naive;border_growth_partial_1998_only;border;1;Q1_sales_1998_only;False;;True;1;0;1;0.0;0.0016;;0;0;4
baseline_measure_overlap;border_growth_partial_1998_only;border;1;Q1_sales_1998_only;False;;True;1;0;1;0.0;0.0208;;0;0;4
ablation_no_sat;border_growth_partial_1998_only;border;1;Q1_sales_1998_only;False;;False;0;0;0;0.0;0.3751;True;1;0;4
ablation_no_real;border_growth_partial_1998_only;border;1;Q1_sales_1998_only;False;;True;1;0;1;0.0;0.3716;True;1;0;4
ablation_ceval_any_intersection;border_growth_partial_1998_only;border;1;Q1_sales_1998_only;False;;True;1;0;1;0.0;0.369;True;1;1;4
baseline_random_matched;border_growth_partial_1998_only;border;1;Q1_sales_1998_only;False;;True;1;0;1;0.0;0.0048;;0;0;4
mcad;border_margin_wrong_grain;border;1;Q1_margin_quarter_only;False;;False;0;0;0;0.0;0.2289;False;0;0;4
baseline_naive;border_margin_wrong_grain;border;1;Q1_margin_quarter_only;False;;True;1;0;1;0.0;0.0014;;0;0;4
baseline_measure_overlap;border_margin_wrong_grain;border;1;Q1_margin_quarter_only;False;;True;1;0;1;0.0;0.0195;;0;0;4
ablation_no_sat;border_margin_wrong_grain;border;1;Q1_margin_quarter_only;False;;False;0;0;0;0.0;0.295;False;0;0;4
ablation_no_real;border_margin_wrong_grain;border;1;Q1_margin_quarter_only;False;;False;0;0;0;0.0;0.2324;False;0;0;4
ablation_ceval_any_intersection;border_margin_wrong_grain;border;1;Q1_margin_quarter_only;False;;False;0;0;0;0.0;0.3875;False;0;0;4
baseline_random_matched;border_margin_wrong_grain;border;1;Q1_margin_quarter_only;False;;False;0;0;0;0.0;0.0062;;0;0;4
mcad;border_stockout_missing_store;border;1;Q1_stockout_category_only;False;;False;0;0;0;0.0;0.2426;False;0;0;4
baseline_naive;border_stockout_missing_store;border;1;Q1_stockout_category_only;False;;True;1;0;1;0.0;0.0014;;0;0;4
baseline_measure_overlap;border_stockout_missing_store;border;1;Q1_stockout_category_only;False;;True;1;0;1;0.0;0.0195;;0;0;4
ablation_no_sat;border_stockout_missing_store;border;1;Q1_stockout_category_only;False;;False;0;0;0;0.0;0.287;False;0;0;4
ablation_no_real;border_stockout_missing_store;border;1;Q1_stockout_category_only;False;;False;0;0;0;0.0;0.2286;False;0;0;4
ablation_ceval_any_intersection;border_stockout_missing_store;border;1;Q1_stockout_category_only;False;;False;0;0;0;0.0;0.2297;False;0;0;4
baseline_random_matched;border_stockout_missing_store;border;1;Q1_stockout_category_only;False;;True;1;0;1;0.0;0.0047;;0;0;4
mcad;adversarial_wrong_region;adversarial;1;Q1_margin_south;False;;False;0;0;0;0.0;0.2019;False;0;0;4
baseline_naive;adversarial_wrong_region;adversarial;1;Q1_margin_south;False;;True;1;0;1;0.0;0.0021;;0;0;4
baseline_measure_overlap;adversarial_wrong_region;adversarial;1;Q1_margin_south;False;;True;1;0;1;0.0;0.0199;;0;0;4
ablation_no_sat;adversarial_wrong_region;adversarial;1;Q1_margin_south;False;;False;0;0;0;0.0;0.2358;False;0;0;4
ablation_no_real;adversarial_wrong_region;adversarial;1;Q1_margin_south;False;;False;0;0;0;0.0;0.2139;False;0;0;4
ablation_ceval_any_intersection;adversarial_wrong_region;adversarial;1;Q1_margin_south;False;;False;0;0;0;0.0;0.1991;False;0;0;4
baseline_random_matched;adversarial_wrong_region;adversarial;1;Q1_margin_south;False;;False;0;0;0;0.0;0.0046;;0;0;4
mcad;adversarial_wrong_year;adversarial;1;Q1_stockout_1997;False;;False;0;0;0;0.0;0.1904;False;0;0;4
baseline_naive;adversarial_wrong_year;adversarial;1;Q1_stockout_1997;False;;True;1;0;1;0.0;0.0015;;0;0;4
baseline_measure_overlap;adversarial_wrong_year;adversarial;1;Q1_stockout_1997;False;;True;1;0;1;0.0;0.0195;;0;0;4
ablation_no_sat;adversarial_wrong_year;adversarial;1;Q1_stockout_1997;False;;False;0;0;0;0.0;0.2152;False;0;0;4
ablation_no_real;adversarial_wrong_year;adversarial;1;Q1_stockout_1997;False;;False;0;0;0;0.0;0.2017;False;0;0;4
ablation_ceval_any_intersection;adversarial_wrong_year;adversarial;1;Q1_stockout_1997;False;;False;0;0;0;0.0;0.1863;False;0;0;4
baseline_random_matched;adversarial_wrong_year;adversarial;1;Q1_stockout_1997;False;;False;0;0;0;0.0;0.0037;;0;0;4
mcad;adversarial_invalid_no_measures;adversarial;1;Q1_invalid_no_measure;False;;False;0;0;0;0.0;0.0977;False;0;0;4
baseline_naive;adversarial_invalid_no_measures;adversarial;1;Q1_invalid_no_measure;False;;True;1;0;1;0.0;0.0014;;0;0;4
baseline_measure_overlap;adversarial_invalid_no_measures;adversarial;1;Q1_invalid_no_measure;False;;False;0;0;0;0.0;0.0193;;0;0;4
ablation_no_sat;adversarial_invalid_no_measures;adversarial;1;Q1_invalid_no_measure;False;;False;0;0;0;0.0;0.1179;False;0;0;4
ablation_no_real;adversarial_invalid_no_measures;adversarial;1;Q1_invalid_no_measure;False;;False;0;0;0;0.0;0.1024;False;0;0;4
ablation_ceval_any_intersection;adversarial_invalid_no_measures;adversarial;1;Q1_invalid_no_measure;False;;False;0;0;0;0.0;0.094;False;0;0;4
baseline_random_matched;adversarial_invalid_no_measures;adversarial;1;Q1_invalid_no_measure;False;;True;1;0;1;0.0;0.0046;;0;0;4
mcad;stress_exploratory_then_useful;stress;1;Q1_noise_region;False;;False;0;0;0;0.0;0.2195;False;0;0;4
mcad;stress_exploratory_then_useful;stress;2;Q2_noise_margin_all;False;;False;0;0;0;0.0;0.1409;False;0;0;4
mcad;stress_exploratory_then_useful;stress;3;Q3_useful_margin;True;c1;True;0;0;0;0.333333;0.2473;True;1;1;4
baseline_naive;stress_exploratory_then_useful;stress;1;Q1_noise_region;False;;True;1;0;1;0.0;0.0016;;0;0;4
baseline_naive;stress_exploratory_then_useful;stress;2;Q2_noise_margin_all;False;;True;1;0;1;0.0;0.0005;;0;0;4
baseline_naive;stress_exploratory_then_useful;stress;3;Q3_useful_margin;True;c1;True;0;0;0;0.333333;0.0003;;0;0;4
baseline_measure_overlap;stress_exploratory_then_useful;stress;1;Q1_noise_region;False;;True;1;0;1;0.0;0.0202;;0;0;4
baseline_measure_overlap;stress_exploratory_then_useful;stress;2;Q2_noise_margin_all;False;;True;1;0;1;0.0;0.0053;;0;0;4
baseline_measure_overlap;stress_exploratory_then_useful;stress;3;Q3_useful_margin;True;c1;True;0;0;0;0.333333;0.0043;;0;0;4
ablation_no_sat;stress_exploratory_then_useful;stress;1;Q1_noise_region;False;;False;0;0;0;0.0;0.2707;False;0;0;4
ablation_no_sat;stress_exploratory_then_useful;stress;2;Q2_noise_margin_all;False;;False;0;0;0;0.0;0.1688;False;0;0;4
ablation_no_sat;stress_exploratory_then_useful;stress;3;Q3_useful_margin;True;c1;True;0;0;0;0.333333;0.2437;True;1;1;4
ablation_no_real;stress_exploratory_then_useful;stress;1;Q1_noise_region;False;;False;0;0;0;0.0;0.2309;False;0;0;4
ablation_no_real;stress_exploratory_then_useful;stress;2;Q2_noise_margin_all;False;;False;0;0;0;0.0;0.1578;False;0;0;4
ablation_no_real;stress_exploratory_then_useful;stress;3;Q3_useful_margin;True;c1;True;0;0;0;0.333333;0.2529;True;1;1;4
ablation_ceval_any_intersection;stress_exploratory_then_useful;stress;1;Q1_noise_region;False;;False;0;0;0;0.0;0.2234;False;0;0;4
ablation_ceval_any_intersection;stress_exploratory_then_useful;stress;2;Q2_noise_margin_all;False;;False;0;0;0;0.0;0.1426;False;0;0;4
ablation_ceval_any_intersection;stress_exploratory_then_useful;stress;3;Q3_useful_margin;True;c1;True;0;0;0;0.333333;0.2589;True;1;1;4
baseline_random_matched;stress_exploratory_then_useful;stress;1;Q1_noise_region;False;;True;1;0;1;0.0;0.0035;;0;0;4
baseline_random_matched;stress_exploratory_then_useful;stress;2;Q2_noise_margin_all;False;;True;1;0;1;0.0;0.0007;;0;0;4
baseline_random_matched;stress_exploratory_then_useful;stress;3;Q3_useful_margin;True;c1;True;0;0;0;0.333333;0.0004;;0;0;4
mcad;happy_guided_article_short;happy;1;Q1_margin_month;True;c1;True;0;0;0;0.333333;0.3046;True;1;1;5
mcad;happy_guided_article_short;happy;2;Q2_stockout_store;True;c2;True;0;0;0;0.666667;0.2412;True;1;1;5
mcad;happy_guided_article_short;happy;3;Q3_sales_growth;True;c3;True;0;0;0;1.0;0.3359;True;2;1;5
baseline_naive;happy_guided_article_short;happy;1;Q1_margin_month;True;c1;True;0;0;0;0.333333;0.0016;;0;0;5
baseline_naive;happy_guided_article_short;happy;2;Q2_stockout_store;True;c2;True;0;0;0;0.666667;0.0005;;0;0;5
baseline_naive;happy_guided_article_short;happy;3;Q3_sales_growth;True;c3;True;0;0;0;1.0;0.0003;;0;0;5
baseline_measure_overlap;happy_guided_article_short;happy;1;Q1_margin_month;True;c1;True;0;0;0;0.333333;0.0199;;0;0;5
baseline_measure_overlap;happy_guided_article_short;happy;2;Q2_stockout_store;True;c2;True;0;0;0;0.666667;0.0052;;0;0;5
baseline_measure_overlap;happy_guided_article_short;happy;3;Q3_sales_growth;True;c3;True;0;0;0;1.0;0.0042;;0;0;5
ablation_no_sat;happy_guided_article_short;happy;1;Q1_margin_month;True;c1;True;0;0;0;0.333333;0.311;True;1;1;5
ablation_no_sat;happy_guided_article_short;happy;2;Q2_stockout_store;True;c2;True;0;0;0;0.666667;0.2567;True;1;1;5
ablation_no_sat;happy_guided_article_short;happy;3;Q3_sales_growth;True;c3;True;0;0;0;1.0;0.3302;True;2;1;5
ablation_no_real;happy_guided_article_short;happy;1;Q1_margin_month;True;c1;True;0;0;0;0.333333;0.3113;True;1;1;5
ablation_no_real;happy_guided_article_short;happy;2;Q2_stockout_store;True;c2;True;0;0;0;0.666667;0.2506;True;1;1;5
ablation_no_real;happy_guided_article_short;happy;3;Q3_sales_growth;True;c3;True;0;0;0;1.0;0.3443;True;2;1;5
ablation_ceval_any_intersection;happy_guided_article_short;happy;1;Q1_margin_month;True;c1;True;0;0;0;0.333333;0.2998;True;1;1;5
ablation_ceval_any_intersection;happy_guided_article_short;happy;2;Q2_stockout_store;True;c2;True;0;0;0;0.666667;0.2419;True;1;1;5
ablation_ceval_any_intersection;happy_guided_article_short;happy;3;Q3_sales_growth;True;c3;True;0;0;0;1.0;0.3348;True;2;1;5
baseline_random_matched;happy_guided_article_short;happy;1;Q1_margin_month;True;c1;True;0;0;0;0.333333;0.0043;;0;0;5
baseline_random_matched;happy_guided_article_short;happy;2;Q2_stockout_store;True;c2;False;0;1;0;0.333333;0.0006;;0;0;5
baseline_random_matched;happy_guided_article_short;happy;3;Q3_sales_growth;True;c3;True;0;0;0;0.666667;0.0005;;0;0;5
mcad;happy_guided_reordered;happy;1;Q1_sales_growth;True;c3;True;0;0;0;0.333333;0.3874;True;2;1;5
mcad;happy_guided_reordered;happy;2;Q2_margin_month;True;c1;True;0;0;0;0.666667;0.2463;True;1;1;5
mcad;happy_guided_reordered;happy;3;Q3_stockout_store;True;c2;True;0;0;0;1.0;0.2479;True;1;1;5
baseline_naive;happy_guided_reordered;happy;1;Q1_sales_growth;True;c3;True;0;0;0;0.333333;0.0017;;0;0;5
baseline_naive;happy_guided_reordered;happy;2;Q2_margin_month;True;c1;True;0;0;0;0.666667;0.0005;;0;0;5
baseline_naive;happy_guided_reordered;happy;3;Q3_stockout_store;True;c2;True;0;0;0;1.0;0.0003;;0;0;5
baseline_measure_overlap;happy_guided_reordered;happy;1;Q1_sales_growth;True;c3;True;0;0;0;0.333333;0.0204;;0;0;5
baseline_measure_overlap;happy_guided_reordered;happy;2;Q2_margin_month;True;c1;True;0;0;0;0.666667;0.0053;;0;0;5
baseline_measure_overlap;happy_guided_reordered;happy;3;Q3_stockout_store;True;c2;True;0;0;0;1.0;0.0042;;0;0;5
ablation_no_sat;happy_guided_reordered;happy;1;Q1_sales_growth;True;c3;True;0;0;0;0.333333;0.4188;True;2;1;5
ablation_no_sat;happy_guided_reordered;happy;2;Q2_margin_month;True;c1;True;0;0;0;0.666667;0.2459;True;1;1;5
ablation_no_sat;happy_guided_reordered;happy;3;Q3_stockout_store;True;c2;True;0;0;0;1.0;0.2654;True;1;1;5
ablation_no_real;happy_guided_reordered;happy;1;Q1_sales_growth;True;c3;True;0;0;0;0.333333;0.7749;True;2;1;5
ablation_no_real;happy_guided_reordered;happy;2;Q2_margin_month;True;c1;True;0;0;0;0.666667;0.4901;True;1;1;5
ablation_no_real;happy_guided_reordered;happy;3;Q3_stockout_store;True;c2;True;0;0;0;1.0;0.4777;True;1;1;5
ablation_ceval_any_intersection;happy_guided_reordered;happy;1;Q1_sales_growth;True;c3;True;0;0;0;0.333333;0.3959;True;2;1;5
ablation_ceval_any_intersection;happy_guided_reordered;happy;2;Q2_margin_month;True;c1;True;0;0;0;0.666667;0.2449;True;1;1;5
ablation_ceval_any_intersection;happy_guided_reordered;happy;3;Q3_stockout_store;True;c2;True;0;0;0;1.0;0.2355;True;1;1;5
baseline_random_matched;happy_guided_reordered;happy;1;Q1_sales_growth;True;c3;True;0;0;0;0.333333;0.0043;;0;0;5
baseline_random_matched;happy_guided_reordered;happy;2;Q2_margin_month;True;c1;False;0;1;0;0.333333;0.0007;;0;0;5
baseline_random_matched;happy_guided_reordered;happy;3;Q3_stockout_store;True;c2;True;0;0;0;0.666667;0.0004;;0;0;5
mcad;happy_guided_compact;happy;1;Q1_margin_month;True;c1;True;0;0;0;0.333333;0.3164;True;1;1;5
mcad;happy_guided_compact;happy;2;Q2_sales_growth;True;c3;True;0;0;0;0.666667;0.3376;True;2;1;5
mcad;happy_guided_compact;happy;3;Q3_stockout_store;True;c2;True;0;0;0;1.0;0.239;True;1;1;5
baseline_naive;happy_guided_compact;happy;1;Q1_margin_month;True;c1;True;0;0;0;0.333333;0.0016;;0;0;5
baseline_naive;happy_guided_compact;happy;2;Q2_sales_growth;True;c3;True;0;0;0;0.666667;0.0005;;0;0;5
baseline_naive;happy_guided_compact;happy;3;Q3_stockout_store;True;c2;True;0;0;0;1.0;0.0004;;0;0;5
baseline_measure_overlap;happy_guided_compact;happy;1;Q1_margin_month;True;c1;True;0;0;0;0.333333;0.0189;;0;0;5
baseline_measure_overlap;happy_guided_compact;happy;2;Q2_sales_growth;True;c3;True;0;0;0;0.666667;0.0056;;0;0;5
baseline_measure_overlap;happy_guided_compact;happy;3;Q3_stockout_store;True;c2;True;0;0;0;1.0;0.0044;;0;0;5
ablation_no_sat;happy_guided_compact;happy;1;Q1_margin_month;True;c1;True;0;0;0;0.333333;0.319;True;1;1;5
ablation_no_sat;happy_guided_compact;happy;2;Q2_sales_growth;True;c3;True;0;0;0;0.666667;0.3368;True;2;1;5
ablation_no_sat;happy_guided_compact;happy;3;Q3_stockout_store;True;c2;True;0;0;0;1.0;0.2441;True;1;1;5
ablation_no_real;happy_guided_compact;happy;1;Q1_margin_month;True;c1;True;0;0;0;0.333333;0.3184;True;1;1;5
ablation_no_real;happy_guided_compact;happy;2;Q2_sales_growth;True;c3;True;0;0;0;0.666667;0.3495;True;2;1;5
ablation_no_real;happy_guided_compact;happy;3;Q3_stockout_store;True;c2;True;0;0;0;1.0;0.2574;True;1;1;5
ablation_ceval_any_intersection;happy_guided_compact;happy;1;Q1_margin_month;True;c1;True;0;0;0;0.333333;0.3337;True;1;1;5
ablation_ceval_any_intersection;happy_guided_compact;happy;2;Q2_sales_growth;True;c3;True;0;0;0;0.666667;0.3409;True;2;1;5
ablation_ceval_any_intersection;happy_guided_compact;happy;3;Q3_stockout_store;True;c2;True;0;0;0;1.0;0.2388;True;1;1;5
baseline_random_matched;happy_guided_compact;happy;1;Q1_margin_month;True;c1;True;0;0;0;0.333333;0.0044;;0;0;5
baseline_random_matched;happy_guided_compact;happy;2;Q2_sales_growth;True;c3;False;0;1;0;0.333333;0.0006;;0;0;5
baseline_random_matched;happy_guided_compact;happy;3;Q3_stockout_store;True;c2;False;0;1;0;0.333333;0.0005;;0;0;5
mcad;border_growth_partial_1998_only;border;1;Q1_sales_1998_only;False;;False;0;0;0;0.0;0.3698;True;1;0;5
baseline_naive;border_growth_partial_1998_only;border;1;Q1_sales_1998_only;False;;True;1;0;1;0.0;0.0014;;0;0;5
baseline_measure_overlap;border_growth_partial_1998_only;border;1;Q1_sales_1998_only;False;;True;1;0;1;0.0;0.0193;;0;0;5
ablation_no_sat;border_growth_partial_1998_only;border;1;Q1_sales_1998_only;False;;False;0;0;0;0.0;0.3655;True;1;0;5
ablation_no_real;border_growth_partial_1998_only;border;1;Q1_sales_1998_only;False;;True;1;0;1;0.0;0.3701;True;1;0;5
ablation_ceval_any_intersection;border_growth_partial_1998_only;border;1;Q1_sales_1998_only;False;;True;1;0;1;0.0;0.3721;True;1;1;5
baseline_random_matched;border_growth_partial_1998_only;border;1;Q1_sales_1998_only;False;;True;1;0;1;0.0;0.0037;;0;0;5
mcad;border_margin_wrong_grain;border;1;Q1_margin_quarter_only;False;;False;0;0;0;0.0;0.2188;False;0;0;5
baseline_naive;border_margin_wrong_grain;border;1;Q1_margin_quarter_only;False;;True;1;0;1;0.0;0.0015;;0;0;5
baseline_measure_overlap;border_margin_wrong_grain;border;1;Q1_margin_quarter_only;False;;True;1;0;1;0.0;0.0201;;0;0;5
ablation_no_sat;border_margin_wrong_grain;border;1;Q1_margin_quarter_only;False;;False;0;0;0;0.0;0.2926;False;0;0;5
ablation_no_real;border_margin_wrong_grain;border;1;Q1_margin_quarter_only;False;;False;0;0;0;0.0;0.2713;False;0;0;5
ablation_ceval_any_intersection;border_margin_wrong_grain;border;1;Q1_margin_quarter_only;False;;False;0;0;0;0.0;0.2289;False;0;0;5
baseline_random_matched;border_margin_wrong_grain;border;1;Q1_margin_quarter_only;False;;True;1;0;1;0.0;0.0049;;0;0;5
mcad;border_stockout_missing_store;border;1;Q1_stockout_category_only;False;;False;0;0;0;0.0;0.2242;False;0;0;5
baseline_naive;border_stockout_missing_store;border;1;Q1_stockout_category_only;False;;True;1;0;1;0.0;0.0014;;0;0;5
baseline_measure_overlap;border_stockout_missing_store;border;1;Q1_stockout_category_only;False;;True;1;0;1;0.0;0.0188;;0;0;5
ablation_no_sat;border_stockout_missing_store;border;1;Q1_stockout_category_only;False;;False;0;0;0;0.0;0.2867;False;0;0;5
ablation_no_real;border_stockout_missing_store;border;1;Q1_stockout_category_only;False;;False;0;0;0;0.0;0.2293;False;0;0;5
ablation_ceval_any_intersection;border_stockout_missing_store;border;1;Q1_stockout_category_only;False;;False;0;0;0;0.0;0.2299;False;0;0;5
baseline_random_matched;border_stockout_missing_store;border;1;Q1_stockout_category_only;False;;False;0;0;0;0.0;0.0036;;0;0;5
mcad;adversarial_wrong_region;adversarial;1;Q1_margin_south;False;;False;0;0;0;0.0;0.1969;False;0;0;5
baseline_naive;adversarial_wrong_region;adversarial;1;Q1_margin_south;False;;True;1;0;1;0.0;0.0014;;0;0;5
baseline_measure_overlap;adversarial_wrong_region;adversarial;1;Q1_margin_south;False;;True;1;0;1;0.0;0.0196;;0;0;5
ablation_no_sat;adversarial_wrong_region;adversarial;1;Q1_margin_south;False;;False;0;0;0;0.0;0.2374;False;0;0;5
ablation_no_real;adversarial_wrong_region;adversarial;1;Q1_margin_south;False;;False;0;0;0;0.0;0.2028;False;0;0;5
ablation_ceval_any_intersection;adversarial_wrong_region;adversarial;1;Q1_margin_south;False;;False;0;0;0;0.0;0.1954;False;0;0;5
baseline_random_matched;adversarial_wrong_region;adversarial;1;Q1_margin_south;False;;False;0;0;0;0.0;0.0043;;0;0;5
mcad;adversarial_wrong_year;adversarial;1;Q1_stockout_1997;False;;False;0;0;0;0.0;0.3381;False;0;0;5
baseline_naive;adversarial_wrong_year;adversarial;1;Q1_stockout_1997;False;;True;1;0;1;0.0;0.0026;;0;0;5
baseline_measure_overlap;adversarial_wrong_year;adversarial;1;Q1_stockout_1997;False;;True;1;0;1;0.0;0.0204;;0;0;5
ablation_no_sat;adversarial_wrong_year;adversarial;1;Q1_stockout_1997;False;;False;0;0;0;0.0;0.2216;False;0;0;5
ablation_no_real;adversarial_wrong_year;adversarial;1;Q1_stockout_1997;False;;False;0;0;0;0.0;0.202;False;0;0;5
ablation_ceval_any_intersection;adversarial_wrong_year;adversarial;1;Q1_stockout_1997;False;;False;0;0;0;0.0;0.1901;False;0;0;5
baseline_random_matched;adversarial_wrong_year;adversarial;1;Q1_stockout_1997;False;;True;1;0;1;0.0;0.0043;;0;0;5
mcad;adversarial_invalid_no_measures;adversarial;1;Q1_invalid_no_measure;False;;False;0;0;0;0.0;0.0959;False;0;0;5
baseline_naive;adversarial_invalid_no_measures;adversarial;1;Q1_invalid_no_measure;False;;True;1;0;1;0.0;0.0018;;0;0;5
baseline_measure_overlap;adversarial_invalid_no_measures;adversarial;1;Q1_invalid_no_measure;False;;False;0;0;0;0.0;0.0185;;0;0;5
ablation_no_sat;adversarial_invalid_no_measures;adversarial;1;Q1_invalid_no_measure;False;;False;0;0;0;0.0;0.1105;False;0;0;5
ablation_no_real;adversarial_invalid_no_measures;adversarial;1;Q1_invalid_no_measure;False;;False;0;0;0;0.0;0.1056;False;0;0;5
ablation_ceval_any_intersection;adversarial_invalid_no_measures;adversarial;1;Q1_invalid_no_measure;False;;False;0;0;0;0.0;0.0927;False;0;0;5
baseline_random_matched;adversarial_invalid_no_measures;adversarial;1;Q1_invalid_no_measure;False;;False;0;0;0;0.0;0.0045;;0;0;5
mcad;stress_exploratory_then_useful;stress;1;Q1_noise_region;False;;False;0;0;0;0.0;0.2793;False;0;0;5
mcad;stress_exploratory_then_useful;stress;2;Q2_noise_margin_all;False;;False;0;0;0;0.0;0.1424;False;0;0;5
mcad;stress_exploratory_then_useful;stress;3;Q3_useful_margin;True;c1;True;0;0;0;0.333333;0.2523;True;1;1;5
baseline_naive;stress_exploratory_then_useful;stress;1;Q1_noise_region;False;;True;1;0;1;0.0;0.0013;;0;0;5
baseline_naive;stress_exploratory_then_useful;stress;2;Q2_noise_margin_all;False;;True;1;0;1;0.0;0.0005;;0;0;5
baseline_naive;stress_exploratory_then_useful;stress;3;Q3_useful_margin;True;c1;True;0;0;0;0.333333;0.0004;;0;0;5
baseline_measure_overlap;stress_exploratory_then_useful;stress;1;Q1_noise_region;False;;True;1;0;1;0.0;0.0206;;0;0;5
baseline_measure_overlap;stress_exploratory_then_useful;stress;2;Q2_noise_margin_all;False;;True;1;0;1;0.0;0.0054;;0;0;5
baseline_measure_overlap;stress_exploratory_then_useful;stress;3;Q3_useful_margin;True;c1;True;0;0;0;0.333333;0.004;;0;0;5
ablation_no_sat;stress_exploratory_then_useful;stress;1;Q1_noise_region;False;;False;0;0;0;0.0;0.2654;False;0;0;5
ablation_no_sat;stress_exploratory_then_useful;stress;2;Q2_noise_margin_all;False;;False;0;0;0;0.0;0.1684;False;0;0;5
ablation_no_sat;stress_exploratory_then_useful;stress;3;Q3_useful_margin;True;c1;True;0;0;0;0.333333;0.2437;True;1;1;5
ablation_no_real;stress_exploratory_then_useful;stress;1;Q1_noise_region;False;;False;0;0;0;0.0;0.7698;False;0;0;5
ablation_no_real;stress_exploratory_then_useful;stress;2;Q2_noise_margin_all;False;;False;0;0;0;0.0;0.357;False;0;0;5
ablation_no_real;stress_exploratory_then_useful;stress;3;Q3_useful_margin;True;c1;True;0;0;0;0.333333;0.4726;True;1;1;5
ablation_ceval_any_intersection;stress_exploratory_then_useful;stress;1;Q1_noise_region;False;;False;0;0;0;0.0;0.225;False;0;0;5
ablation_ceval_any_intersection;stress_exploratory_then_useful;stress;2;Q2_noise_margin_all;False;;False;0;0;0;0.0;0.1426;False;0;0;5
ablation_ceval_any_intersection;stress_exploratory_then_useful;stress;3;Q3_useful_margin;True;c1;True;0;0;0;0.333333;0.2449;True;1;1;5
baseline_random_matched;stress_exploratory_then_useful;stress;1;Q1_noise_region;False;;True;1;0;1;0.0;0.0042;;0;0;5
baseline_random_matched;stress_exploratory_then_useful;stress;2;Q2_noise_margin_all;False;;False;0;0;0;0.0;0.0007;;0;0;5
baseline_random_matched;stress_exploratory_then_useful;stress;3;Q3_useful_margin;True;c1;False;0;1;0;0.0;0.0005;;0;0;5
mcad;happy_guided_article_short;happy;1;Q1_margin_month;True;c1;True;0;0;0;0.333333;0.3079;True;1;1;6
mcad;happy_guided_article_short;happy;2;Q2_stockout_store;True;c2;True;0;0;0;0.666667;0.2432;True;1;1;6
mcad;happy_guided_article_short;happy;3;Q3_sales_growth;True;c3;True;0;0;0;1.0;0.327;True;2;1;6
baseline_naive;happy_guided_article_short;happy;1;Q1_margin_month;True;c1;True;0;0;0;0.333333;0.0016;;0;0;6
baseline_naive;happy_guided_article_short;happy;2;Q2_stockout_store;True;c2;True;0;0;0;0.666667;0.0006;;0;0;6
baseline_naive;happy_guided_article_short;happy;3;Q3_sales_growth;True;c3;True;0;0;0;1.0;0.0004;;0;0;6
baseline_measure_overlap;happy_guided_article_short;happy;1;Q1_margin_month;True;c1;True;0;0;0;0.333333;0.0207;;0;0;6
baseline_measure_overlap;happy_guided_article_short;happy;2;Q2_stockout_store;True;c2;True;0;0;0;0.666667;0.0057;;0;0;6
baseline_measure_overlap;happy_guided_article_short;happy;3;Q3_sales_growth;True;c3;True;0;0;0;1.0;0.0045;;0;0;6
ablation_no_sat;happy_guided_article_short;happy;1;Q1_margin_month;True;c1;True;0;0;0;0.333333;0.3107;True;1;1;6
ablation_no_sat;happy_guided_article_short;happy;2;Q2_stockout_store;True;c2;True;0;0;0;0.666667;0.2481;True;1;1;6
ablation_no_sat;happy_guided_article_short;happy;3;Q3_sales_growth;True;c3;True;0;0;0;1.0;0.3423;True;2;1;6
ablation_no_real;happy_guided_article_short;happy;1;Q1_margin_month;True;c1;True;0;0;0;0.333333;0.3245;True;1;1;6
ablation_no_real;happy_guided_article_short;happy;2;Q2_stockout_store;True;c2;True;0;0;0;0.666667;0.2523;True;1;1;6
ablation_no_real;happy_guided_article_short;happy;3;Q3_sales_growth;True;c3;True;0;0;0;1.0;0.3486;True;2;1;6
ablation_ceval_any_intersection;happy_guided_article_short;happy;1;Q1_margin_month;True;c1;True;0;0;0;0.333333;0.3103;True;1;1;6
ablation_ceval_any_intersection;happy_guided_article_short;happy;2;Q2_stockout_store;True;c2;True;0;0;0;0.666667;0.3559;True;1;1;6
ablation_ceval_any_intersection;happy_guided_article_short;happy;3;Q3_sales_growth;True;c3;True;0;0;0;1.0;0.6695;True;2;1;6
baseline_random_matched;happy_guided_article_short;happy;1;Q1_margin_month;True;c1;False;0;1;0;0.0;0.0043;;0;0;6
baseline_random_matched;happy_guided_article_short;happy;2;Q2_stockout_store;True;c2;True;0;0;0;0.333333;0.0007;;0;0;6
baseline_random_matched;happy_guided_article_short;happy;3;Q3_sales_growth;True;c3;True;0;0;0;0.666667;0.0005;;0;0;6
mcad;happy_guided_reordered;happy;1;Q1_sales_growth;True;c3;True;0;0;0;0.333333;0.4086;True;2;1;6
mcad;happy_guided_reordered;happy;2;Q2_margin_month;True;c1;True;0;0;0;0.666667;0.2514;True;1;1;6
mcad;happy_guided_reordered;happy;3;Q3_stockout_store;True;c2;True;0;0;0;1.0;0.2407;True;1;1;6
baseline_naive;happy_guided_reordered;happy;1;Q1_sales_growth;True;c3;True;0;0;0;0.333333;0.0018;;0;0;6
baseline_naive;happy_guided_reordered;happy;2;Q2_margin_month;True;c1;True;0;0;0;0.666667;0.0004;;0;0;6
baseline_naive;happy_guided_reordered;happy;3;Q3_stockout_store;True;c2;True;0;0;0;1.0;0.0003;;0;0;6
baseline_measure_overlap;happy_guided_reordered;happy;1;Q1_sales_growth;True;c3;True;0;0;0;0.333333;0.0208;;0;0;6
baseline_measure_overlap;happy_guided_reordered;happy;2;Q2_margin_month;True;c1;True;0;0;0;0.666667;0.005;;0;0;6
baseline_measure_overlap;happy_guided_reordered;happy;3;Q3_stockout_store;True;c2;True;0;0;0;1.0;0.0047;;0;0;6
ablation_no_sat;happy_guided_reordered;happy;1;Q1_sales_growth;True;c3;True;0;0;0;0.333333;0.7292;True;2;1;6
ablation_no_sat;happy_guided_reordered;happy;2;Q2_margin_month;True;c1;True;0;0;0;0.666667;0.509;True;1;1;6
ablation_no_sat;happy_guided_reordered;happy;3;Q3_stockout_store;True;c2;True;0;0;0;1.0;0.5097;True;1;1;6
ablation_no_real;happy_guided_reordered;happy;1;Q1_sales_growth;True;c3;True;0;0;0;0.333333;0.7448;True;2;1;6
ablation_no_real;happy_guided_reordered;happy;2;Q2_margin_month;True;c1;True;0;0;0;0.666667;0.5129;True;1;1;6
ablation_no_real;happy_guided_reordered;happy;3;Q3_stockout_store;True;c2;True;0;0;0;1.0;0.4668;True;1;1;6
ablation_ceval_any_intersection;happy_guided_reordered;happy;1;Q1_sales_growth;True;c3;True;0;0;0;0.333333;0.3926;True;2;1;6
ablation_ceval_any_intersection;happy_guided_reordered;happy;2;Q2_margin_month;True;c1;True;0;0;0;0.666667;0.2448;True;1;1;6
ablation_ceval_any_intersection;happy_guided_reordered;happy;3;Q3_stockout_store;True;c2;True;0;0;0;1.0;0.2594;True;1;1;6
baseline_random_matched;happy_guided_reordered;happy;1;Q1_sales_growth;True;c3;True;0;0;0;0.333333;0.0038;;0;0;6
baseline_random_matched;happy_guided_reordered;happy;2;Q2_margin_month;True;c1;True;0;0;0;0.666667;0.0007;;0;0;6
baseline_random_matched;happy_guided_reordered;happy;3;Q3_stockout_store;True;c2;False;0;1;0;0.666667;0.0005;;0;0;6
mcad;happy_guided_compact;happy;1;Q1_margin_month;True;c1;True;0;0;0;0.333333;0.6099;True;1;1;6
mcad;happy_guided_compact;happy;2;Q2_sales_growth;True;c3;True;0;0;0;0.666667;0.6783;True;2;1;6
mcad;happy_guided_compact;happy;3;Q3_stockout_store;True;c2;True;0;0;0;1.0;0.4923;True;1;1;6
baseline_naive;happy_guided_compact;happy;1;Q1_margin_month;True;c1;True;0;0;0;0.333333;0.0017;;0;0;6
baseline_naive;happy_guided_compact;happy;2;Q2_sales_growth;True;c3;True;0;0;0;0.666667;0.0005;;0;0;6
baseline_naive;happy_guided_compact;happy;3;Q3_stockout_store;True;c2;True;0;0;0;1.0;0.0003;;0;0;6
baseline_measure_overlap;happy_guided_compact;happy;1;Q1_margin_month;True;c1;True;0;0;0;0.333333;0.0209;;0;0;6
baseline_measure_overlap;happy_guided_compact;happy;2;Q2_sales_growth;True;c3;True;0;0;0;0.666667;0.0053;;0;0;6
baseline_measure_overlap;happy_guided_compact;happy;3;Q3_stockout_store;True;c2;True;0;0;0;1.0;0.0045;;0;0;6
ablation_no_sat;happy_guided_compact;happy;1;Q1_margin_month;True;c1;True;0;0;0;0.333333;0.3122;True;1;1;6
ablation_no_sat;happy_guided_compact;happy;2;Q2_sales_growth;True;c3;True;0;0;0;0.666667;0.343;True;2;1;6
ablation_no_sat;happy_guided_compact;happy;3;Q3_stockout_store;True;c2;True;0;0;0;1.0;0.2786;True;1;1;6
ablation_no_real;happy_guided_compact;happy;1;Q1_margin_month;True;c1;True;0;0;0;0.333333;0.3102;True;1;1;6
ablation_no_real;happy_guided_compact;happy;2;Q2_sales_growth;True;c3;True;0;0;0;0.666667;0.3377;True;2;1;6
ablation_no_real;happy_guided_compact;happy;3;Q3_stockout_store;True;c2;True;0;0;0;1.0;0.2513;True;1;1;6
ablation_ceval_any_intersection;happy_guided_compact;happy;1;Q1_margin_month;True;c1;True;0;0;0;0.333333;0.3203;True;1;1;6
ablation_ceval_any_intersection;happy_guided_compact;happy;2;Q2_sales_growth;True;c3;True;0;0;0;0.666667;0.3285;True;2;1;6
ablation_ceval_any_intersection;happy_guided_compact;happy;3;Q3_stockout_store;True;c2;True;0;0;0;1.0;0.2389;True;1;1;6
baseline_random_matched;happy_guided_compact;happy;1;Q1_margin_month;True;c1;False;0;1;0;0.0;0.0043;;0;0;6
baseline_random_matched;happy_guided_compact;happy;2;Q2_sales_growth;True;c3;True;0;0;0;0.333333;0.0007;;0;0;6
baseline_random_matched;happy_guided_compact;happy;3;Q3_stockout_store;True;c2;False;0;1;0;0.333333;0.0005;;0;0;6
mcad;border_growth_partial_1998_only;border;1;Q1_sales_1998_only;False;;False;0;0;0;0.0;0.3732;True;1;0;6
baseline_naive;border_growth_partial_1998_only;border;1;Q1_sales_1998_only;False;;True;1;0;1;0.0;0.0015;;0;0;6
baseline_measure_overlap;border_growth_partial_1998_only;border;1;Q1_sales_1998_only;False;;True;1;0;1;0.0;0.0214;;0;0;6
ablation_no_sat;border_growth_partial_1998_only;border;1;Q1_sales_1998_only;False;;False;0;0;0;0.0;0.3673;True;1;0;6
ablation_no_real;border_growth_partial_1998_only;border;1;Q1_sales_1998_only;False;;True;1;0;1;0.0;0.3747;True;1;0;6
ablation_ceval_any_intersection;border_growth_partial_1998_only;border;1;Q1_sales_1998_only;False;;True;1;0;1;0.0;0.3685;True;1;1;6
baseline_random_matched;border_growth_partial_1998_only;border;1;Q1_sales_1998_only;False;;False;0;0;0;0.0;0.0041;;0;0;6
mcad;border_margin_wrong_grain;border;1;Q1_margin_quarter_only;False;;False;0;0;0;0.0;0.2248;False;0;0;6
baseline_naive;border_margin_wrong_grain;border;1;Q1_margin_quarter_only;False;;True;1;0;1;0.0;0.0017;;0;0;6
baseline_measure_overlap;border_margin_wrong_grain;border;1;Q1_margin_quarter_only;False;;True;1;0;1;0.0;0.0186;;0;0;6
ablation_no_sat;border_margin_wrong_grain;border;1;Q1_margin_quarter_only;False;;False;0;0;0;0.0;0.5199;False;0;0;6
ablation_no_real;border_margin_wrong_grain;border;1;Q1_margin_quarter_only;False;;False;0;0;0;0.0;0.4121;False;0;0;6
ablation_ceval_any_intersection;border_margin_wrong_grain;border;1;Q1_margin_quarter_only;False;;False;0;0;0;0.0;0.4098;False;0;0;6
baseline_random_matched;border_margin_wrong_grain;border;1;Q1_margin_quarter_only;False;;True;1;0;1;0.0;0.004;;0;0;6
mcad;border_stockout_missing_store;border;1;Q1_stockout_category_only;False;;False;0;0;0;0.0;0.2226;False;0;0;6
baseline_naive;border_stockout_missing_store;border;1;Q1_stockout_category_only;False;;True;1;0;1;0.0;0.0018;;0;0;6
baseline_measure_overlap;border_stockout_missing_store;border;1;Q1_stockout_category_only;False;;True;1;0;1;0.0;0.0202;;0;0;6
ablation_no_sat;border_stockout_missing_store;border;1;Q1_stockout_category_only;False;;False;0;0;0;0.0;0.2883;False;0;0;6
ablation_no_real;border_stockout_missing_store;border;1;Q1_stockout_category_only;False;;False;0;0;0;0.0;0.2316;False;0;0;6
ablation_ceval_any_intersection;border_stockout_missing_store;border;1;Q1_stockout_category_only;False;;False;0;0;0;0.0;0.2305;False;0;0;6
baseline_random_matched;border_stockout_missing_store;border;1;Q1_stockout_category_only;False;;True;1;0;1;0.0;0.0045;;0;0;6
mcad;adversarial_wrong_region;adversarial;1;Q1_margin_south;False;;False;0;0;0;0.0;0.1968;False;0;0;6
baseline_naive;adversarial_wrong_region;adversarial;1;Q1_margin_south;False;;True;1;0;1;0.0;0.0017;;0;0;6
baseline_measure_overlap;adversarial_wrong_region;adversarial;1;Q1_margin_south;False;;True;1;0;1;0.0;0.0272;;0;0;6
ablation_no_sat;adversarial_wrong_region;adversarial;1;Q1_margin_south;False;;False;0;0;0;0.0;0.4011;False;0;0;6
ablation_no_real;adversarial_wrong_region;adversarial;1;Q1_margin_south;False;;False;0;0;0;0.0;0.2223;False;0;0;6
ablation_ceval_any_intersection;adversarial_wrong_region;adversarial;1;Q1_margin_south;False;;False;0;0;0;0.0;0.195;False;0;0;6
baseline_random_matched;adversarial_wrong_region;adversarial;1;Q1_margin_south;False;;False;0;0;0;0.0;0.0039;;0;0;6
mcad;adversarial_wrong_year;adversarial;1;Q1_stockout_1997;False;;False;0;0;0;0.0;0.1923;False;0;0;6
baseline_naive;adversarial_wrong_year;adversarial;1;Q1_stockout_1997;False;;True;1;0;1;0.0;0.0015;;0;0;6
baseline_measure_overlap;adversarial_wrong_year;adversarial;1;Q1_stockout_1997;False;;True;1;0;1;0.0;0.0198;;0;0;6
ablation_no_sat;adversarial_wrong_year;adversarial;1;Q1_stockout_1997;False;;False;0;0;0;0.0;0.2148;False;0;0;6
ablation_no_real;adversarial_wrong_year;adversarial;1;Q1_stockout_1997;False;;False;0;0;0;0.0;0.2118;False;0;0;6
ablation_ceval_any_intersection;adversarial_wrong_year;adversarial;1;Q1_stockout_1997;False;;False;0;0;0;0.0;0.1936;False;0;0;6
baseline_random_matched;adversarial_wrong_year;adversarial;1;Q1_stockout_1997;False;;True;1;0;1;0.0;0.0041;;0;0;6
mcad;adversarial_invalid_no_measures;adversarial;1;Q1_invalid_no_measure;False;;False;0;0;0;0.0;0.0958;False;0;0;6
baseline_naive;adversarial_invalid_no_measures;adversarial;1;Q1_invalid_no_measure;False;;True;1;0;1;0.0;0.0016;;0;0;6
baseline_measure_overlap;adversarial_invalid_no_measures;adversarial;1;Q1_invalid_no_measure;False;;False;0;0;0;0.0;0.0199;;0;0;6
ablation_no_sat;adversarial_invalid_no_measures;adversarial;1;Q1_invalid_no_measure;False;;False;0;0;0;0.0;0.1128;False;0;0;6
ablation_no_real;adversarial_invalid_no_measures;adversarial;1;Q1_invalid_no_measure;False;;False;0;0;0;0.0;0.1088;False;0;0;6
ablation_ceval_any_intersection;adversarial_invalid_no_measures;adversarial;1;Q1_invalid_no_measure;False;;False;0;0;0;0.0;0.1085;False;0;0;6
baseline_random_matched;adversarial_invalid_no_measures;adversarial;1;Q1_invalid_no_measure;False;;True;1;0;1;0.0;0.0044;;0;0;6
mcad;stress_exploratory_then_useful;stress;1;Q1_noise_region;False;;False;0;0;0;0.0;0.2226;False;0;0;6
mcad;stress_exploratory_then_useful;stress;2;Q2_noise_margin_all;False;;False;0;0;0;0.0;0.1409;False;0;0;6
mcad;stress_exploratory_then_useful;stress;3;Q3_useful_margin;True;c1;True;0;0;0;0.333333;0.2483;True;1;1;6
baseline_naive;stress_exploratory_then_useful;stress;1;Q1_noise_region;False;;True;1;0;1;0.0;0.0022;;0;0;6
baseline_naive;stress_exploratory_then_useful;stress;2;Q2_noise_margin_all;False;;True;1;0;1;0.0;0.0007;;0;0;6
baseline_naive;stress_exploratory_then_useful;stress;3;Q3_useful_margin;True;c1;True;0;0;0;0.333333;0.0006;;0;0;6
baseline_measure_overlap;stress_exploratory_then_useful;stress;1;Q1_noise_region;False;;True;1;0;1;0.0;0.0205;;0;0;6
baseline_measure_overlap;stress_exploratory_then_useful;stress;2;Q2_noise_margin_all;False;;True;1;0;1;0.0;0.0054;;0;0;6
baseline_measure_overlap;stress_exploratory_then_useful;stress;3;Q3_useful_margin;True;c1;True;0;0;0;0.333333;0.004;;0;0;6
ablation_no_sat;stress_exploratory_then_useful;stress;1;Q1_noise_region;False;;False;0;0;0;0.0;0.2591;False;0;0;6
ablation_no_sat;stress_exploratory_then_useful;stress;2;Q2_noise_margin_all;False;;False;0;0;0;0.0;0.1798;False;0;0;6
ablation_no_sat;stress_exploratory_then_useful;stress;3;Q3_useful_margin;True;c1;True;0;0;0;0.333333;0.2487;True;1;1;6
ablation_no_real;stress_exploratory_then_useful;stress;1;Q1_noise_region;False;;False;0;0;0;0.0;0.2297;False;0;0;6
ablation_no_real;stress_exploratory_then_useful;stress;2;Q2_noise_margin_all;False;;False;0;0;0;0.0;0.1483;False;0;0;6
ablation_no_real;stress_exploratory_then_useful;stress;3;Q3_useful_margin;True;c1;True;0;0;0;0.333333;0.2561;True;1;1;6
ablation_ceval_any_intersection;stress_exploratory_then_useful;stress;1;Q1_noise_region;False;;False;0;0;0;0.0;0.2183;False;0;0;6
ablation_ceval_any_intersection;stress_exploratory_then_useful;stress;2;Q2_noise_margin_all;False;;False;0;0;0;0.0;0.1522;False;0;0;6
ablation_ceval_any_intersection;stress_exploratory_then_useful;stress;3;Q3_useful_margin;True;c1;True;0;0;0;0.333333;0.2499;True;1;1;6
baseline_random_matched;stress_exploratory_then_useful;stress;1;Q1_noise_region;False;;False;0;0;0;0.0;0.0041;;0;0;6
baseline_random_matched;stress_exploratory_then_useful;stress;2;Q2_noise_margin_all;False;;True;1;0;1;0.0;0.0006;;0;0;6
baseline_random_matched;stress_exploratory_then_useful;stress;3;Q3_useful_margin;True;c1;True;0;0;0;0.333333;0.0005;;0;0;6
mcad;happy_guided_article_short;happy;1;Q1_margin_month;True;c1;True;0;0;0;0.333333;0.3103;True;1;1;7
mcad;happy_guided_article_short;happy;2;Q2_stockout_store;True;c2;True;0;0;0;0.666667;0.2452;True;1;1;7
mcad;happy_guided_article_short;happy;3;Q3_sales_growth;True;c3;True;0;0;0;1.0;0.3409;True;2;1;7
baseline_naive;happy_guided_article_short;happy;1;Q1_margin_month;True;c1;True;0;0;0;0.333333;0.0015;;0;0;7
baseline_naive;happy_guided_article_short;happy;2;Q2_stockout_store;True;c2;True;0;0;0;0.666667;0.0005;;0;0;7
baseline_naive;happy_guided_article_short;happy;3;Q3_sales_growth;True;c3;True;0;0;0;1.0;0.0003;;0;0;7
baseline_measure_overlap;happy_guided_article_short;happy;1;Q1_margin_month;True;c1;True;0;0;0;0.333333;0.0201;;0;0;7
baseline_measure_overlap;happy_guided_article_short;happy;2;Q2_stockout_store;True;c2;True;0;0;0;0.666667;0.0056;;0;0;7
baseline_measure_overlap;happy_guided_article_short;happy;3;Q3_sales_growth;True;c3;True;0;0;0;1.0;0.0045;;0;0;7
ablation_no_sat;happy_guided_article_short;happy;1;Q1_margin_month;True;c1;True;0;0;0;0.333333;0.3109;True;1;1;7
ablation_no_sat;happy_guided_article_short;happy;2;Q2_stockout_store;True;c2;True;0;0;0;0.666667;0.2545;True;1;1;7
ablation_no_sat;happy_guided_article_short;happy;3;Q3_sales_growth;True;c3;True;0;0;0;1.0;0.3294;True;2;1;7
ablation_no_real;happy_guided_article_short;happy;1;Q1_margin_month;True;c1;True;0;0;0;0.333333;0.3118;True;1;1;7
ablation_no_real;happy_guided_article_short;happy;2;Q2_stockout_store;True;c2;True;0;0;0;0.666667;0.252;True;1;1;7
ablation_no_real;happy_guided_article_short;happy;3;Q3_sales_growth;True;c3;True;0;0;0;1.0;0.3432;True;2;1;7
ablation_ceval_any_intersection;happy_guided_article_short;happy;1;Q1_margin_month;True;c1;True;0;0;0;0.333333;0.3032;True;1;1;7
ablation_ceval_any_intersection;happy_guided_article_short;happy;2;Q2_stockout_store;True;c2;True;0;0;0;0.666667;0.2394;True;1;1;7
ablation_ceval_any_intersection;happy_guided_article_short;happy;3;Q3_sales_growth;True;c3;True;0;0;0;1.0;0.335;True;2;1;7
baseline_random_matched;happy_guided_article_short;happy;1;Q1_margin_month;True;c1;False;0;1;0;0.0;0.0121;;0;0;7
baseline_random_matched;happy_guided_article_short;happy;2;Q2_stockout_store;True;c2;True;0;0;0;0.333333;0.0006;;0;0;7
baseline_random_matched;happy_guided_article_short;happy;3;Q3_sales_growth;True;c3;True;0;0;0;0.666667;0.0005;;0;0;7
mcad;happy_guided_reordered;happy;1;Q1_sales_growth;True;c3;True;0;0;0;0.333333;0.3912;True;2;1;7
mcad;happy_guided_reordered;happy;2;Q2_margin_month;True;c1;True;0;0;0;0.666667;0.2479;True;1;1;7
mcad;happy_guided_reordered;happy;3;Q3_stockout_store;True;c2;True;0;0;0;1.0;0.2904;True;1;1;7
baseline_naive;happy_guided_reordered;happy;1;Q1_sales_growth;True;c3;True;0;0;0;0.333333;0.0015;;0;0;7
baseline_naive;happy_guided_reordered;happy;2;Q2_margin_month;True;c1;True;0;0;0;0.666667;0.0005;;0;0;7
baseline_naive;happy_guided_reordered;happy;3;Q3_stockout_store;True;c2;True;0;0;0;1.0;0.0004;;0;0;7
baseline_measure_overlap;happy_guided_reordered;happy;1;Q1_sales_growth;True;c3;True;0;0;0;0.333333;0.02;;0;0;7
baseline_measure_overlap;happy_guided_reordered;happy;2;Q2_margin_month;True;c1;True;0;0;0;0.666667;0.0054;;0;0;7
baseline_measure_overlap;happy_guided_reordered;happy;3;Q3_stockout_store;True;c2;True;0;0;0;1.0;0.0046;;0;0;7
ablation_no_sat;happy_guided_reordered;happy;1;Q1_sales_growth;True;c3;True;0;0;0;0.333333;0.3918;True;2;1;7
ablation_no_sat;happy_guided_reordered;happy;2;Q2_margin_month;True;c1;True;0;0;0;0.666667;0.2561;True;1;1;7
ablation_no_sat;happy_guided_reordered;happy;3;Q3_stockout_store;True;c2;True;0;0;0;1.0;0.2379;True;1;1;7
ablation_no_real;happy_guided_reordered;happy;1;Q1_sales_growth;True;c3;True;0;0;0;0.333333;0.4115;True;2;1;7
ablation_no_real;happy_guided_reordered;happy;2;Q2_margin_month;True;c1;True;0;0;0;0.666667;0.2526;True;1;1;7
ablation_no_real;happy_guided_reordered;happy;3;Q3_stockout_store;True;c2;True;0;0;0;1.0;0.2464;True;1;1;7
ablation_ceval_any_intersection;happy_guided_reordered;happy;1;Q1_sales_growth;True;c3;True;0;0;0;0.333333;0.4239;True;2;1;7
ablation_ceval_any_intersection;happy_guided_reordered;happy;2;Q2_margin_month;True;c1;True;0;0;0;0.666667;0.2465;True;1;1;7
ablation_ceval_any_intersection;happy_guided_reordered;happy;3;Q3_stockout_store;True;c2;True;0;0;0;1.0;0.2389;True;1;1;7
baseline_random_matched;happy_guided_reordered;happy;1;Q1_sales_growth;True;c3;True;0;0;0;0.333333;0.0043;;0;0;7
baseline_random_matched;happy_guided_reordered;happy;2;Q2_margin_month;True;c1;True;0;0;0;0.666667;0.0007;;0;0;7
baseline_random_matched;happy_guided_reordered;happy;3;Q3_stockout_store;True;c2;True;0;0;0;1.0;0.0005;;0;0;7
mcad;happy_guided_compact;happy;1;Q1_margin_month;True;c1;True;0;0;0;0.333333;0.3028;True;1;1;7
mcad;happy_guided_compact;happy;2;Q2_sales_growth;True;c3;True;0;0;0;0.666667;0.3296;True;2;1;7
mcad;happy_guided_compact;happy;3;Q3_stockout_store;True;c2;True;0;0;0;1.0;0.2498;True;1;1;7
baseline_naive;happy_guided_compact;happy;1;Q1_margin_month;True;c1;True;0;0;0;0.333333;0.0019;;0;0;7
baseline_naive;happy_guided_compact;happy;2;Q2_sales_growth;True;c3;True;0;0;0;0.666667;0.0006;;0;0;7
baseline_naive;happy_guided_compact;happy;3;Q3_stockout_store;True;c2;True;0;0;0;1.0;0.0004;;0;0;7
baseline_measure_overlap;happy_guided_compact;happy;1;Q1_margin_month;True;c1;True;0;0;0;0.333333;0.0186;;0;0;7
baseline_measure_overlap;happy_guided_compact;happy;2;Q2_sales_growth;True;c3;True;0;0;0;0.666667;0.0053;;0;0;7
baseline_measure_overlap;happy_guided_compact;happy;3;Q3_stockout_store;True;c2;True;0;0;0;1.0;0.0041;;0;0;7
ablation_no_sat;happy_guided_compact;happy;1;Q1_margin_month;True;c1;True;0;0;0;0.333333;0.3475;True;1;1;7
ablation_no_sat;happy_guided_compact;happy;2;Q2_sales_growth;True;c3;True;0;0;0;0.666667;0.3418;True;2;1;7
ablation_no_sat;happy_guided_compact;happy;3;Q3_stockout_store;True;c2;True;0;0;0;1.0;0.2417;True;1;1;7
ablation_no_real;happy_guided_compact;happy;1;Q1_margin_month;True;c1;True;0;0;0;0.333333;0.3212;True;1;1;7
ablation_no_real;happy_guided_compact;happy;2;Q2_sales_growth;True;c3;True;0;0;0;0.666667;0.3494;True;2;1;7
ablation_no_real;happy_guided_compact;happy;3;Q3_stockout_store;True;c2;True;0;0;0;1.0;0.2452;True;1;1;7
ablation_ceval_any_intersection;happy_guided_compact;happy;1;Q1_margin_month;True;c1;True;0;0;0;0.333333;0.306;True;1;1;7
ablation_ceval_any_intersection;happy_guided_compact;happy;2;Q2_sales_growth;True;c3;True;0;0;0;0.666667;0.341;True;2;1;7
ablation_ceval_any_intersection;happy_guided_compact;happy;3;Q3_stockout_store;True;c2;True;0;0;0;1.0;0.2381;True;1;1;7
baseline_random_matched;happy_guided_compact;happy;1;Q1_margin_month;True;c1;False;0;1;0;0.0;0.0039;;0;0;7
baseline_random_matched;happy_guided_compact;happy;2;Q2_sales_growth;True;c3;False;0;1;0;0.0;0.0006;;0;0;7
baseline_random_matched;happy_guided_compact;happy;3;Q3_stockout_store;True;c2;True;0;0;0;0.333333;0.0004;;0;0;7
mcad;border_growth_partial_1998_only;border;1;Q1_sales_1998_only;False;;False;0;0;0;0.0;0.3667;True;1;0;7
baseline_naive;border_growth_partial_1998_only;border;1;Q1_sales_1998_only;False;;True;1;0;1;0.0;0.0015;;0;0;7
baseline_measure_overlap;border_growth_partial_1998_only;border;1;Q1_sales_1998_only;False;;True;1;0;1;0.0;0.0189;;0;0;7
ablation_no_sat;border_growth_partial_1998_only;border;1;Q1_sales_1998_only;False;;False;0;0;0;0.0;0.3746;True;1;0;7
ablation_no_real;border_growth_partial_1998_only;border;1;Q1_sales_1998_only;False;;True;1;0;1;0.0;0.3758;True;1;0;7
ablation_ceval_any_intersection;border_growth_partial_1998_only;border;1;Q1_sales_1998_only;False;;True;1;0;1;0.0;0.3608;True;1;1;7
baseline_random_matched;border_growth_partial_1998_only;border;1;Q1_sales_1998_only;False;;True;1;0;1;0.0;0.0041;;0;0;7
mcad;border_margin_wrong_grain;border;1;Q1_margin_quarter_only;False;;False;0;0;0;0.0;0.229;False;0;0;7
baseline_naive;border_margin_wrong_grain;border;1;Q1_margin_quarter_only;False;;True;1;0;1;0.0;0.0014;;0;0;7
baseline_measure_overlap;border_margin_wrong_grain;border;1;Q1_margin_quarter_only;False;;True;1;0;1;0.0;0.019;;0;0;7
ablation_no_sat;border_margin_wrong_grain;border;1;Q1_margin_quarter_only;False;;False;0;0;0;0.0;0.2969;False;0;0;7
ablation_no_real;border_margin_wrong_grain;border;1;Q1_margin_quarter_only;False;;False;0;0;0;0.0;0.2337;False;0;0;7
ablation_ceval_any_intersection;border_margin_wrong_grain;border;1;Q1_margin_quarter_only;False;;False;0;0;0;0.0;0.2228;False;0;0;7
baseline_random_matched;border_margin_wrong_grain;border;1;Q1_margin_quarter_only;False;;True;1;0;1;0.0;0.0041;;0;0;7
mcad;border_stockout_missing_store;border;1;Q1_stockout_category_only;False;;False;0;0;0;0.0;0.2206;False;0;0;7
baseline_naive;border_stockout_missing_store;border;1;Q1_stockout_category_only;False;;True;1;0;1;0.0;0.0018;;0;0;7
baseline_measure_overlap;border_stockout_missing_store;border;1;Q1_stockout_category_only;False;;True;1;0;1;0.0;0.0215;;0;0;7
ablation_no_sat;border_stockout_missing_store;border;1;Q1_stockout_category_only;False;;False;0;0;0;0.0;0.2973;False;0;0;7
ablation_no_real;border_stockout_missing_store;border;1;Q1_stockout_category_only;False;;False;0;0;0;0.0;0.2391;False;0;0;7
ablation_ceval_any_intersection;border_stockout_missing_store;border;1;Q1_stockout_category_only;False;;False;0;0;0;0.0;0.2209;False;0;0;7
baseline_random_matched;border_stockout_missing_store;border;1;Q1_stockout_category_only;False;;True;1;0;1;0.0;0.0042;;0;0;7
mcad;adversarial_wrong_region;adversarial;1;Q1_margin_south;False;;False;0;0;0;0.0;0.199;False;0;0;7
baseline_naive;adversarial_wrong_region;adversarial;1;Q1_margin_south;False;;True;1;0;1;0.0;0.0015;;0;0;7
baseline_measure_overlap;adversarial_wrong_region;adversarial;1;Q1_margin_south;False;;True;1;0;1;0.0;0.02;;0;0;7
ablation_no_sat;adversarial_wrong_region;adversarial;1;Q1_margin_south;False;;False;0;0;0;0.0;0.2469;False;0;0;7
ablation_no_real;adversarial_wrong_region;adversarial;1;Q1_margin_south;False;;False;0;0;0;0.0;0.211;False;0;0;7
ablation_ceval_any_intersection;adversarial_wrong_region;adversarial;1;Q1_margin_south;False;;False;0;0;0;0.0;0.1962;False;0;0;7
baseline_random_matched;adversarial_wrong_region;adversarial;1;Q1_margin_south;False;;True;1;0;1;0.0;0.0046;;0;0;7
mcad;adversarial_wrong_year;adversarial;1;Q1_stockout_1997;False;;False;0;0;0;0.0;0.1935;False;0;0;7
baseline_naive;adversarial_wrong_year;adversarial;1;Q1_stockout_1997;False;;True;1;0;1;0.0;0.0015;;0;0;7
baseline_measure_overlap;adversarial_wrong_year;adversarial;1;Q1_stockout_1997;False;;True;1;0;1;0.0;0.0192;;0;0;7
ablation_no_sat;adversarial_wrong_year;adversarial;1;Q1_stockout_1997;False;;False;0;0;0;0.0;0.2199;False;0;0;7
ablation_no_real;adversarial_wrong_year;adversarial;1;Q1_stockout_1997;False;;False;0;0;0;0.0;0.198;False;0;0;7
ablation_ceval_any_intersection;adversarial_wrong_year;adversarial;1;Q1_stockout_1997;False;;False;0;0;0;0.0;0.1929;False;0;0;7
baseline_random_matched;adversarial_wrong_year;adversarial;1;Q1_stockout_1997;False;;False;0;0;0;0.0;0.004;;0;0;7
mcad;adversarial_invalid_no_measures;adversarial;1;Q1_invalid_no_measure;False;;False;0;0;0;0.0;0.0966;False;0;0;7
baseline_naive;adversarial_invalid_no_measures;adversarial;1;Q1_invalid_no_measure;False;;True;1;0;1;0.0;0.0021;;0;0;7
baseline_measure_overlap;adversarial_invalid_no_measures;adversarial;1;Q1_invalid_no_measure;False;;False;0;0;0;0.0;0.0186;;0;0;7
ablation_no_sat;adversarial_invalid_no_measures;adversarial;1;Q1_invalid_no_measure;False;;False;0;0;0;0.0;0.109;False;0;0;7
ablation_no_real;adversarial_invalid_no_measures;adversarial;1;Q1_invalid_no_measure;False;;False;0;0;0;0.0;0.1012;False;0;0;7
ablation_ceval_any_intersection;adversarial_invalid_no_measures;adversarial;1;Q1_invalid_no_measure;False;;False;0;0;0;0.0;0.0977;False;0;0;7
baseline_random_matched;adversarial_invalid_no_measures;adversarial;1;Q1_invalid_no_measure;False;;False;0;0;0;0.0;0.004;;0;0;7
mcad;stress_exploratory_then_useful;stress;1;Q1_noise_region;False;;False;0;0;0;0.0;0.2307;False;0;0;7
mcad;stress_exploratory_then_useful;stress;2;Q2_noise_margin_all;False;;False;0;0;0;0.0;0.1436;False;0;0;7
mcad;stress_exploratory_then_useful;stress;3;Q3_useful_margin;True;c1;True;0;0;0;0.333333;0.2471;True;1;1;7
baseline_naive;stress_exploratory_then_useful;stress;1;Q1_noise_region;False;;True;1;0;1;0.0;0.0016;;0;0;7
baseline_naive;stress_exploratory_then_useful;stress;2;Q2_noise_margin_all;False;;True;1;0;1;0.0;0.0005;;0;0;7
baseline_naive;stress_exploratory_then_useful;stress;3;Q3_useful_margin;True;c1;True;0;0;0;0.333333;0.0003;;0;0;7
baseline_measure_overlap;stress_exploratory_then_useful;stress;1;Q1_noise_region;False;;True;1;0;1;0.0;0.0203;;0;0;7
baseline_measure_overlap;stress_exploratory_then_useful;stress;2;Q2_noise_margin_all;False;;True;1;0;1;0.0;0.0053;;0;0;7
baseline_measure_overlap;stress_exploratory_then_useful;stress;3;Q3_useful_margin;True;c1;True;0;0;0;0.333333;0.0042;;0;0;7
ablation_no_sat;stress_exploratory_then_useful;stress;1;Q1_noise_region;False;;False;0;0;0;0.0;0.2549;False;0;0;7
ablation_no_sat;stress_exploratory_then_useful;stress;2;Q2_noise_margin_all;False;;False;0;0;0;0.0;0.1693;False;0;0;7
ablation_no_sat;stress_exploratory_then_useful;stress;3;Q3_useful_margin;True;c1;True;0;0;0;0.333333;0.2582;True;1;1;7
ablation_no_real;stress_exploratory_then_useful;stress;1;Q1_noise_region;False;;False;0;0;0;0.0;0.2349;False;0;0;7
ablation_no_real;stress_exploratory_then_useful;stress;2;Q2_noise_margin_all;False;;False;0;0;0;0.0;0.1475;False;0;0;7
ablation_no_real;stress_exploratory_then_useful;stress;3;Q3_useful_margin;True;c1;True;0;0;0;0.333333;0.2524;True;1;1;7
ablation_ceval_any_intersection;stress_exploratory_then_useful;stress;1;Q1_noise_region;False;;False;0;0;0;0.0;0.2199;False;0;0;7
ablation_ceval_any_intersection;stress_exploratory_then_useful;stress;2;Q2_noise_margin_all;False;;False;0;0;0;0.0;0.1421;False;0;0;7
ablation_ceval_any_intersection;stress_exploratory_then_useful;stress;3;Q3_useful_margin;True;c1;True;0;0;0;0.333333;0.2575;True;1;1;7
baseline_random_matched;stress_exploratory_then_useful;stress;1;Q1_noise_region;False;;True;1;0;1;0.0;0.0044;;0;0;7
baseline_random_matched;stress_exploratory_then_useful;stress;2;Q2_noise_margin_all;False;;False;0;0;0;0.0;0.0006;;0;0;7
baseline_random_matched;stress_exploratory_then_useful;stress;3;Q3_useful_margin;True;c1;False;0;1;0;0.0;0.0004;;0;0;7
mcad;happy_guided_article_short;happy;1;Q1_margin_month;True;c1;True;0;0;0;0.333333;0.3069;True;1;1;8
mcad;happy_guided_article_short;happy;2;Q2_stockout_store;True;c2;True;0;0;0;0.666667;0.2469;True;1;1;8
mcad;happy_guided_article_short;happy;3;Q3_sales_growth;True;c3;True;0;0;0;1.0;0.3293;True;2;1;8
baseline_naive;happy_guided_article_short;happy;1;Q1_margin_month;True;c1;True;0;0;0;0.333333;0.0013;;0;0;8
baseline_naive;happy_guided_article_short;happy;2;Q2_stockout_store;True;c2;True;0;0;0;0.666667;0.0005;;0;0;8
baseline_naive;happy_guided_article_short;happy;3;Q3_sales_growth;True;c3;True;0;0;0;1.0;0.0003;;0;0;8
baseline_measure_overlap;happy_guided_article_short;happy;1;Q1_margin_month;True;c1;True;0;0;0;0.333333;0.0177;;0;0;8
baseline_measure_overlap;happy_guided_article_short;happy;2;Q2_stockout_store;True;c2;True;0;0;0;0.666667;0.0055;;0;0;8
baseline_measure_overlap;happy_guided_article_short;happy;3;Q3_sales_growth;True;c3;True;0;0;0;1.0;0.0042;;0;0;8
ablation_no_sat;happy_guided_article_short;happy;1;Q1_margin_month;True;c1;True;0;0;0;0.333333;0.3194;True;1;1;8
ablation_no_sat;happy_guided_article_short;happy;2;Q2_stockout_store;True;c2;True;0;0;0;0.666667;0.2441;True;1;1;8
ablation_no_sat;happy_guided_article_short;happy;3;Q3_sales_growth;True;c3;True;0;0;0;1.0;0.3265;True;2;1;8
ablation_no_real;happy_guided_article_short;happy;1;Q1_margin_month;True;c1;True;0;0;0;0.333333;0.3145;True;1;1;8
ablation_no_real;happy_guided_article_short;happy;2;Q2_stockout_store;True;c2;True;0;0;0;0.666667;0.2582;True;1;1;8
ablation_no_real;happy_guided_article_short;happy;3;Q3_sales_growth;True;c3;True;0;0;0;1.0;0.3309;True;2;1;8
ablation_ceval_any_intersection;happy_guided_article_short;happy;1;Q1_margin_month;True;c1;True;0;0;0;0.333333;0.3087;True;1;1;8
ablation_ceval_any_intersection;happy_guided_article_short;happy;2;Q2_stockout_store;True;c2;True;0;0;0;0.666667;0.2528;True;1;1;8
ablation_ceval_any_intersection;happy_guided_article_short;happy;3;Q3_sales_growth;True;c3;True;0;0;0;1.0;0.3264;True;2;1;8
baseline_random_matched;happy_guided_article_short;happy;1;Q1_margin_month;True;c1;True;0;0;0;0.333333;0.0044;;0;0;8
baseline_random_matched;happy_guided_article_short;happy;2;Q2_stockout_store;True;c2;False;0;1;0;0.333333;0.0007;;0;0;8
baseline_random_matched;happy_guided_article_short;happy;3;Q3_sales_growth;True;c3;True;0;0;0;0.666667;0.0005;;0;0;8
mcad;happy_guided_reordered;happy;1;Q1_sales_growth;True;c3;True;0;0;0;0.333333;0.3912;True;2;1;8
mcad;happy_guided_reordered;happy;2;Q2_margin_month;True;c1;True;0;0;0;0.666667;0.2495;True;1;1;8
mcad;happy_guided_reordered;happy;3;Q3_stockout_store;True;c2;True;0;0;0;1.0;0.2494;True;1;1;8
baseline_naive;happy_guided_reordered;happy;1;Q1_sales_growth;True;c3;True;0;0;0;0.333333;0.0016;;0;0;8
baseline_naive;happy_guided_reordered;happy;2;Q2_margin_month;True;c1;True;0;0;0;0.666667;0.0005;;0;0;8
baseline_naive;happy_guided_reordered;happy;3;Q3_stockout_store;True;c2;True;0;0;0;1.0;0.0003;;0;0;8
baseline_measure_overlap;happy_guided_reordered;happy;1;Q1_sales_growth;True;c3;True;0;0;0;0.333333;0.0192;;0;0;8
baseline_measure_overlap;happy_guided_reordered;happy;2;Q2_margin_month;True;c1;True;0;0;0;0.666667;0.0051;;0;0;8
baseline_measure_overlap;happy_guided_reordered;happy;3;Q3_stockout_store;True;c2;True;0;0;0;1.0;0.0042;;0;0;8
ablation_no_sat;happy_guided_reordered;happy;1;Q1_sales_growth;True;c3;True;0;0;0;0.333333;0.3906;True;2;1;8
ablation_no_sat;happy_guided_reordered;happy;2;Q2_margin_month;True;c1;True;0;0;0;0.666667;0.2449;True;1;1;8
ablation_no_sat;happy_guided_reordered;happy;3;Q3_stockout_store;True;c2;True;0;0;0;1.0;0.2467;True;1;1;8
ablation_no_real;happy_guided_reordered;happy;1;Q1_sales_growth;True;c3;True;0;0;0;0.333333;0.3974;True;2;1;8
ablation_no_real;happy_guided_reordered;happy;2;Q2_margin_month;True;c1;True;0;0;0;0.666667;0.2506;True;1;1;8
ablation_no_real;happy_guided_reordered;happy;3;Q3_stockout_store;True;c2;True;0;0;0;1.0;0.2422;True;1;1;8
ablation_ceval_any_intersection;happy_guided_reordered;happy;1;Q1_sales_growth;True;c3;True;0;0;0;0.333333;0.3878;True;2;1;8
ablation_ceval_any_intersection;happy_guided_reordered;happy;2;Q2_margin_month;True;c1;True;0;0;0;0.666667;0.2421;True;1;1;8
ablation_ceval_any_intersection;happy_guided_reordered;happy;3;Q3_stockout_store;True;c2;True;0;0;0;1.0;0.2366;True;1;1;8
baseline_random_matched;happy_guided_reordered;happy;1;Q1_sales_growth;True;c3;False;0;1;0;0.0;0.0039;;0;0;8
baseline_random_matched;happy_guided_reordered;happy;2;Q2_margin_month;True;c1;True;0;0;0;0.333333;0.0007;;0;0;8
baseline_random_matched;happy_guided_reordered;happy;3;Q3_stockout_store;True;c2;True;0;0;0;0.666667;0.0004;;0;0;8
mcad;happy_guided_compact;happy;1;Q1_margin_month;True;c1;True;0;0;0;0.333333;0.3103;True;1;1;8
mcad;happy_guided_compact;happy;2;Q2_sales_growth;True;c3;True;0;0;0;0.666667;0.3369;True;2;1;8
mcad;happy_guided_compact;happy;3;Q3_stockout_store;True;c2;True;0;0;0;1.0;0.2491;True;1;1;8
baseline_naive;happy_guided_compact;happy;1;Q1_margin_month;True;c1;True;0;0;0;0.333333;0.0017;;0;0;8
baseline_naive;happy_guided_compact;happy;2;Q2_sales_growth;True;c3;True;0;0;0;0.666667;0.0005;;0;0;8
baseline_naive;happy_guided_compact;happy;3;Q3_stockout_store;True;c2;True;0;0;0;1.0;0.0003;;0;0;8
baseline_measure_overlap;happy_guided_compact;happy;1;Q1_margin_month;True;c1;True;0;0;0;0.333333;0.0186;;0;0;8
baseline_measure_overlap;happy_guided_compact;happy;2;Q2_sales_growth;True;c3;True;0;0;0;0.666667;0.0054;;0;0;8
baseline_measure_overlap;happy_guided_compact;happy;3;Q3_stockout_store;True;c2;True;0;0;0;1.0;0.0045;;0;0;8
ablation_no_sat;happy_guided_compact;happy;1;Q1_margin_month;True;c1;True;0;0;0;0.333333;0.3096;True;1;1;8
ablation_no_sat;happy_guided_compact;happy;2;Q2_sales_growth;True;c3;True;0;0;0;0.666667;0.3417;True;2;1;8
ablation_no_sat;happy_guided_compact;happy;3;Q3_stockout_store;True;c2;True;0;0;0;1.0;0.2389;True;1;1;8
ablation_no_real;happy_guided_compact;happy;1;Q1_margin_month;True;c1;True;0;0;0;0.333333;0.3129;True;1;1;8
ablation_no_real;happy_guided_compact;happy;2;Q2_sales_growth;True;c3;True;0;0;0;0.666667;0.3463;True;2;1;8
ablation_no_real;happy_guided_compact;happy;3;Q3_stockout_store;True;c2;True;0;0;0;1.0;0.2461;True;1;1;8
ablation_ceval_any_intersection;happy_guided_compact;happy;1;Q1_margin_month;True;c1;True;0;0;0;0.333333;0.3031;True;1;1;8
ablation_ceval_any_intersection;happy_guided_compact;happy;2;Q2_sales_growth;True;c3;True;0;0;0;0.666667;0.3332;True;2;1;8
ablation_ceval_any_intersection;happy_guided_compact;happy;3;Q3_stockout_store;True;c2;True;0;0;0;1.0;0.2773;True;1;1;8
baseline_random_matched;happy_guided_compact;happy;1;Q1_margin_month;True;c1;True;0;0;0;0.333333;0.0044;;0;0;8
baseline_random_matched;happy_guided_compact;happy;2;Q2_sales_growth;True;c3;False;0;1;0;0.333333;0.0006;;0;0;8
baseline_random_matched;happy_guided_compact;happy;3;Q3_stockout_store;True;c2;True;0;0;0;0.666667;0.0004;;0;0;8
mcad;border_growth_partial_1998_only;border;1;Q1_sales_1998_only;False;;False;0;0;0;0.0;0.3586;True;1;0;8
baseline_naive;border_growth_partial_1998_only;border;1;Q1_sales_1998_only;False;;True;1;0;1;0.0;0.0019;;0;0;8
baseline_measure_overlap;border_growth_partial_1998_only;border;1;Q1_sales_1998_only;False;;True;1;0;1;0.0;0.0183;;0;0;8
ablation_no_sat;border_growth_partial_1998_only;border;1;Q1_sales_1998_only;False;;False;0;0;0;0.0;0.361;True;1;0;8
ablation_no_real;border_growth_partial_1998_only;border;1;Q1_sales_1998_only;False;;True;1;0;1;0.0;0.6991;True;1;0;8
ablation_ceval_any_intersection;border_growth_partial_1998_only;border;1;Q1_sales_1998_only;False;;True;1;0;1;0.0;0.3647;True;1;1;8
baseline_random_matched;border_growth_partial_1998_only;border;1;Q1_sales_1998_only;False;;True;1;0;1;0.0;0.0038;;0;0;8
mcad;border_margin_wrong_grain;border;1;Q1_margin_quarter_only;False;;False;0;0;0;0.0;0.2211;False;0;0;8
baseline_naive;border_margin_wrong_grain;border;1;Q1_margin_quarter_only;False;;True;1;0;1;0.0;0.0017;;0;0;8
baseline_measure_overlap;border_margin_wrong_grain;border;1;Q1_margin_quarter_only;False;;True;1;0;1;0.0;0.0194;;0;0;8
ablation_no_sat;border_margin_wrong_grain;border;1;Q1_margin_quarter_only;False;;False;0;0;0;0.0;0.2873;False;0;0;8
ablation_no_real;border_margin_wrong_grain;border;1;Q1_margin_quarter_only;False;;False;0;0;0;0.0;0.243;False;0;0;8
ablation_ceval_any_intersection;border_margin_wrong_grain;border;1;Q1_margin_quarter_only;False;;False;0;0;0;0.0;0.2216;False;0;0;8
baseline_random_matched;border_margin_wrong_grain;border;1;Q1_margin_quarter_only;False;;True;1;0;1;0.0;0.0035;;0;0;8
mcad;border_stockout_missing_store;border;1;Q1_stockout_category_only;False;;False;0;0;0;0.0;0.2218;False;0;0;8
baseline_naive;border_stockout_missing_store;border;1;Q1_stockout_category_only;False;;True;1;0;1;0.0;0.0016;;0;0;8
baseline_measure_overlap;border_stockout_missing_store;border;1;Q1_stockout_category_only;False;;True;1;0;1;0.0;0.0191;;0;0;8
ablation_no_sat;border_stockout_missing_store;border;1;Q1_stockout_category_only;False;;False;0;0;0;0.0;0.2794;False;0;0;8
ablation_no_real;border_stockout_missing_store;border;1;Q1_stockout_category_only;False;;False;0;0;0;0.0;0.2276;False;0;0;8
ablation_ceval_any_intersection;border_stockout_missing_store;border;1;Q1_stockout_category_only;False;;False;0;0;0;0.0;0.2176;False;0;0;8
baseline_random_matched;border_stockout_missing_store;border;1;Q1_stockout_category_only;False;;True;1;0;1;0.0;0.0044;;0;0;8
mcad;adversarial_wrong_region;adversarial;1;Q1_margin_south;False;;False;0;0;0;0.0;0.1946;False;0;0;8
baseline_naive;adversarial_wrong_region;adversarial;1;Q1_margin_south;False;;True;1;0;1;0.0;0.0016;;0;0;8
baseline_measure_overlap;adversarial_wrong_region;adversarial;1;Q1_margin_south;False;;True;1;0;1;0.0;0.0201;;0;0;8
ablation_no_sat;adversarial_wrong_region;adversarial;1;Q1_margin_south;False;;False;0;0;0;0.0;0.2436;False;0;0;8
ablation_no_real;adversarial_wrong_region;adversarial;1;Q1_margin_south;False;;False;0;0;0;0.0;0.2081;False;0;0;8
ablation_ceval_any_intersection;adversarial_wrong_region;adversarial;1;Q1_margin_south;False;;False;0;0;0;0.0;0.1921;False;0;0;8
baseline_random_matched;adversarial_wrong_region;adversarial;1;Q1_margin_south;False;;True;1;0;1;0.0;0.0042;;0;0;8
mcad;adversarial_wrong_year;adversarial;1;Q1_stockout_1997;False;;False;0;0;0;0.0;0.1872;False;0;0;8
baseline_naive;adversarial_wrong_year;adversarial;1;Q1_stockout_1997;False;;True;1;0;1;0.0;0.0015;;0;0;8
baseline_measure_overlap;adversarial_wrong_year;adversarial;1;Q1_stockout_1997;False;;True;1;0;1;0.0;0.019;;0;0;8
ablation_no_sat;adversarial_wrong_year;adversarial;1;Q1_stockout_1997;False;;False;0;0;0;0.0;0.2582;False;0;0;8
ablation_no_real;adversarial_wrong_year;adversarial;1;Q1_stockout_1997;False;;False;0;0;0;0.0;0.211;False;0;0;8
ablation_ceval_any_intersection;adversarial_wrong_year;adversarial;1;Q1_stockout_1997;False;;False;0;0;0;0.0;0.197;False;0;0;8
baseline_random_matched;adversarial_wrong_year;adversarial;1;Q1_stockout_1997;False;;True;1;0;1;0.0;0.0044;;0;0;8
mcad;adversarial_invalid_no_measures;adversarial;1;Q1_invalid_no_measure;False;;False;0;0;0;0.0;0.0942;False;0;0;8
baseline_naive;adversarial_invalid_no_measures;adversarial;1;Q1_invalid_no_measure;False;;True;1;0;1;0.0;0.0015;;0;0;8
baseline_measure_overlap;adversarial_invalid_no_measures;adversarial;1;Q1_invalid_no_measure;False;;False;0;0;0;0.0;0.0192;;0;0;8
ablation_no_sat;adversarial_invalid_no_measures;adversarial;1;Q1_invalid_no_measure;False;;False;0;0;0;0.0;0.1114;False;0;0;8
ablation_no_real;adversarial_invalid_no_measures;adversarial;1;Q1_invalid_no_measure;False;;False;0;0;0;0.0;0.1131;False;0;0;8
ablation_ceval_any_intersection;adversarial_invalid_no_measures;adversarial;1;Q1_invalid_no_measure;False;;False;0;0;0;0.0;0.0941;False;0;0;8
baseline_random_matched;adversarial_invalid_no_measures;adversarial;1;Q1_invalid_no_measure;False;;True;1;0;1;0.0;0.0042;;0;0;8
mcad;stress_exploratory_then_useful;stress;1;Q1_noise_region;False;;False;0;0;0;0.0;0.2293;False;0;0;8
mcad;stress_exploratory_then_useful;stress;2;Q2_noise_margin_all;False;;False;0;0;0;0.0;0.1399;False;0;0;8
mcad;stress_exploratory_then_useful;stress;3;Q3_useful_margin;True;c1;True;0;0;0;0.333333;0.3013;True;1;1;8
baseline_naive;stress_exploratory_then_useful;stress;1;Q1_noise_region;False;;True;1;0;1;0.0;0.0015;;0;0;8
baseline_naive;stress_exploratory_then_useful;stress;2;Q2_noise_margin_all;False;;True;1;0;1;0.0;0.0005;;0;0;8
baseline_naive;stress_exploratory_then_useful;stress;3;Q3_useful_margin;True;c1;True;0;0;0;0.333333;0.0004;;0;0;8
baseline_measure_overlap;stress_exploratory_then_useful;stress;1;Q1_noise_region;False;;True;1;0;1;0.0;0.03;;0;0;8
baseline_measure_overlap;stress_exploratory_then_useful;stress;2;Q2_noise_margin_all;False;;True;1;0;1;0.0;0.0105;;0;0;8
baseline_measure_overlap;stress_exploratory_then_useful;stress;3;Q3_useful_margin;True;c1;True;0;0;0;0.333333;0.0077;;0;0;8
ablation_no_sat;stress_exploratory_then_useful;stress;1;Q1_noise_region;False;;False;0;0;0;0.0;0.396;False;0;0;8
ablation_no_sat;stress_exploratory_then_useful;stress;2;Q2_noise_margin_all;False;;False;0;0;0;0.0;0.2643;False;0;0;8
ablation_no_sat;stress_exploratory_then_useful;stress;3;Q3_useful_margin;True;c1;True;0;0;0;0.333333;0.3797;True;1;1;8
ablation_no_real;stress_exploratory_then_useful;stress;1;Q1_noise_region;False;;False;0;0;0;0.0;0.268;False;0;0;8
ablation_no_real;stress_exploratory_then_useful;stress;2;Q2_noise_margin_all;False;;False;0;0;0;0.0;0.149;False;0;0;8
ablation_no_real;stress_exploratory_then_useful;stress;3;Q3_useful_margin;True;c1;True;0;0;0;0.333333;0.2535;True;1;1;8
ablation_ceval_any_intersection;stress_exploratory_then_useful;stress;1;Q1_noise_region;False;;False;0;0;0;0.0;0.2255;False;0;0;8
ablation_ceval_any_intersection;stress_exploratory_then_useful;stress;2;Q2_noise_margin_all;False;;False;0;0;0;0.0;0.155;False;0;0;8
ablation_ceval_any_intersection;stress_exploratory_then_useful;stress;3;Q3_useful_margin;True;c1;True;0;0;0;0.333333;0.2484;True;1;1;8
baseline_random_matched;stress_exploratory_then_useful;stress;1;Q1_noise_region;False;;True;1;0;1;0.0;0.0061;;0;0;8
baseline_random_matched;stress_exploratory_then_useful;stress;2;Q2_noise_margin_all;False;;True;1;0;1;0.0;0.001;;0;0;8
baseline_random_matched;stress_exploratory_then_useful;stress;3;Q3_useful_margin;True;c1;False;0;1;0;0.0;0.001;;0;0;8
mcad;happy_guided_article_short;happy;1;Q1_margin_month;True;c1;True;0;0;0;0.333333;0.5826;True;1;1;9
mcad;happy_guided_article_short;happy;2;Q2_stockout_store;True;c2;True;0;0;0;0.666667;0.8142;True;1;1;9
mcad;happy_guided_article_short;happy;3;Q3_sales_growth;True;c3;True;0;0;0;1.0;0.6502;True;2;1;9
baseline_naive;happy_guided_article_short;happy;1;Q1_margin_month;True;c1;True;0;0;0;0.333333;0.0015;;0;0;9
baseline_naive;happy_guided_article_short;happy;2;Q2_stockout_store;True;c2;True;0;0;0;0.666667;0.0005;;0;0;9
baseline_naive;happy_guided_article_short;happy;3;Q3_sales_growth;True;c3;True;0;0;0;1.0;0.0003;;0;0;9
baseline_measure_overlap;happy_guided_article_short;happy;1;Q1_margin_month;True;c1;True;0;0;0;0.333333;0.0199;;0;0;9
baseline_measure_overlap;happy_guided_article_short;happy;2;Q2_stockout_store;True;c2;True;0;0;0;0.666667;0.0053;;0;0;9
baseline_measure_overlap;happy_guided_article_short;happy;3;Q3_sales_growth;True;c3;True;0;0;0;1.0;0.0045;;0;0;9
ablation_no_sat;happy_guided_article_short;happy;1;Q1_margin_month;True;c1;True;0;0;0;0.333333;0.3172;True;1;1;9
ablation_no_sat;happy_guided_article_short;happy;2;Q2_stockout_store;True;c2;True;0;0;0;0.666667;0.2435;True;1;1;9
ablation_no_sat;happy_guided_article_short;happy;3;Q3_sales_growth;True;c3;True;0;0;0;1.0;0.328;True;2;1;9
ablation_no_real;happy_guided_article_short;happy;1;Q1_margin_month;True;c1;True;0;0;0;0.333333;0.3188;True;1;1;9
ablation_no_real;happy_guided_article_short;happy;2;Q2_stockout_store;True;c2;True;0;0;0;0.666667;0.2486;True;1;1;9
ablation_no_real;happy_guided_article_short;happy;3;Q3_sales_growth;True;c3;True;0;0;0;1.0;0.3299;True;2;1;9
ablation_ceval_any_intersection;happy_guided_article_short;happy;1;Q1_margin_month;True;c1;True;0;0;0;0.333333;0.3013;True;1;1;9
ablation_ceval_any_intersection;happy_guided_article_short;happy;2;Q2_stockout_store;True;c2;True;0;0;0;0.666667;0.2521;True;1;1;9
ablation_ceval_any_intersection;happy_guided_article_short;happy;3;Q3_sales_growth;True;c3;True;0;0;0;1.0;0.3284;True;2;1;9
baseline_random_matched;happy_guided_article_short;happy;1;Q1_margin_month;True;c1;True;0;0;0;0.333333;0.0041;;0;0;9
baseline_random_matched;happy_guided_article_short;happy;2;Q2_stockout_store;True;c2;True;0;0;0;0.666667;0.0007;;0;0;9
baseline_random_matched;happy_guided_article_short;happy;3;Q3_sales_growth;True;c3;True;0;0;0;1.0;0.0005;;0;0;9
mcad;happy_guided_reordered;happy;1;Q1_sales_growth;True;c3;True;0;0;0;0.333333;0.3929;True;2;1;9
mcad;happy_guided_reordered;happy;2;Q2_margin_month;True;c1;True;0;0;0;0.666667;0.261;True;1;1;9
mcad;happy_guided_reordered;happy;3;Q3_stockout_store;True;c2;True;0;0;0;1.0;0.2372;True;1;1;9
baseline_naive;happy_guided_reordered;happy;1;Q1_sales_growth;True;c3;True;0;0;0;0.333333;0.0016;;0;0;9
baseline_naive;happy_guided_reordered;happy;2;Q2_margin_month;True;c1;True;0;0;0;0.666667;0.0005;;0;0;9
baseline_naive;happy_guided_reordered;happy;3;Q3_stockout_store;True;c2;True;0;0;0;1.0;0.0004;;0;0;9
baseline_measure_overlap;happy_guided_reordered;happy;1;Q1_sales_growth;True;c3;True;0;0;0;0.333333;0.0203;;0;0;9
baseline_measure_overlap;happy_guided_reordered;happy;2;Q2_margin_month;True;c1;True;0;0;0;0.666667;0.005;;0;0;9
baseline_measure_overlap;happy_guided_reordered;happy;3;Q3_stockout_store;True;c2;True;0;0;0;1.0;0.0042;;0;0;9
ablation_no_sat;happy_guided_reordered;happy;1;Q1_sales_growth;True;c3;True;0;0;0;0.333333;0.3905;True;2;1;9
ablation_no_sat;happy_guided_reordered;happy;2;Q2_margin_month;True;c1;True;0;0;0;0.666667;0.2544;True;1;1;9
ablation_no_sat;happy_guided_reordered;happy;3;Q3_stockout_store;True;c2;True;0;0;0;1.0;0.2376;True;1;1;9
ablation_no_real;happy_guided_reordered;happy;1;Q1_sales_growth;True;c3;True;0;0;0;0.333333;0.3952;True;2;1;9
ablation_no_real;happy_guided_reordered;happy;2;Q2_margin_month;True;c1;True;0;0;0;0.666667;0.2517;True;1;1;9
ablation_no_real;happy_guided_reordered;happy;3;Q3_stockout_store;True;c2;True;0;0;0;1.0;0.2529;True;1;1;9
ablation_ceval_any_intersection;happy_guided_reordered;happy;1;Q1_sales_growth;True;c3;True;0;0;0;0.333333;0.4261;True;2;1;9
ablation_ceval_any_intersection;happy_guided_reordered;happy;2;Q2_margin_month;True;c1;True;0;0;0;0.666667;0.244;True;1;1;9
ablation_ceval_any_intersection;happy_guided_reordered;happy;3;Q3_stockout_store;True;c2;True;0;0;0;1.0;0.2389;True;1;1;9
baseline_random_matched;happy_guided_reordered;happy;1;Q1_sales_growth;True;c3;True;0;0;0;0.333333;0.0036;;0;0;9
baseline_random_matched;happy_guided_reordered;happy;2;Q2_margin_month;True;c1;True;0;0;0;0.666667;0.0008;;0;0;9
baseline_random_matched;happy_guided_reordered;happy;3;Q3_stockout_store;True;c2;False;0;1;0;0.666667;0.0006;;0;0;9
mcad;happy_guided_compact;happy;1;Q1_margin_month;True;c1;True;0;0;0;0.333333;0.311;True;1;1;9
mcad;happy_guided_compact;happy;2;Q2_sales_growth;True;c3;True;0;0;0;0.666667;0.3333;True;2;1;9
mcad;happy_guided_compact;happy;3;Q3_stockout_store;True;c2;True;0;0;0;1.0;0.2478;True;1;1;9
baseline_naive;happy_guided_compact;happy;1;Q1_margin_month;True;c1;True;0;0;0;0.333333;0.0016;;0;0;9
baseline_naive;happy_guided_compact;happy;2;Q2_sales_growth;True;c3;True;0;0;0;0.666667;0.0005;;0;0;9
baseline_naive;happy_guided_compact;happy;3;Q3_stockout_store;True;c2;True;0;0;0;1.0;0.0004;;0;0;9
baseline_measure_overlap;happy_guided_compact;happy;1;Q1_margin_month;True;c1;True;0;0;0;0.333333;0.019;;0;0;9
baseline_measure_overlap;happy_guided_compact;happy;2;Q2_sales_growth;True;c3;True;0;0;0;0.666667;0.0052;;0;0;9
baseline_measure_overlap;happy_guided_compact;happy;3;Q3_stockout_store;True;c2;True;0;0;0;1.0;0.0043;;0;0;9
ablation_no_sat;happy_guided_compact;happy;1;Q1_margin_month;True;c1;True;0;0;0;0.333333;0.307;True;1;1;9
ablation_no_sat;happy_guided_compact;happy;2;Q2_sales_growth;True;c3;True;0;0;0;0.666667;0.3338;True;2;1;9
ablation_no_sat;happy_guided_compact;happy;3;Q3_stockout_store;True;c2;True;0;0;0;1.0;0.2476;True;1;1;9
ablation_no_real;happy_guided_compact;happy;1;Q1_margin_month;True;c1;True;0;0;0;0.333333;0.3267;True;1;1;9
ablation_no_real;happy_guided_compact;happy;2;Q2_sales_growth;True;c3;True;0;0;0;0.666667;0.3391;True;2;1;9
ablation_no_real;happy_guided_compact;happy;3;Q3_stockout_store;True;c2;True;0;0;0;1.0;0.246;True;1;1;9
ablation_ceval_any_intersection;happy_guided_compact;happy;1;Q1_margin_month;True;c1;True;0;0;0;0.333333;0.3123;True;1;1;9
ablation_ceval_any_intersection;happy_guided_compact;happy;2;Q2_sales_growth;True;c3;True;0;0;0;0.666667;0.3316;True;2;1;9
ablation_ceval_any_intersection;happy_guided_compact;happy;3;Q3_stockout_store;True;c2;True;0;0;0;1.0;0.2365;True;1;1;9
baseline_random_matched;happy_guided_compact;happy;1;Q1_margin_month;True;c1;False;0;1;0;0.0;0.0043;;0;0;9
baseline_random_matched;happy_guided_compact;happy;2;Q2_sales_growth;True;c3;False;0;1;0;0.0;0.0007;;0;0;9
baseline_random_matched;happy_guided_compact;happy;3;Q3_stockout_store;True;c2;False;0;1;0;0.0;0.0005;;0;0;9
mcad;border_growth_partial_1998_only;border;1;Q1_sales_1998_only;False;;False;0;0;0;0.0;0.6734;True;1;0;9
baseline_naive;border_growth_partial_1998_only;border;1;Q1_sales_1998_only;False;;True;1;0;1;0.0;0.0019;;0;0;9
baseline_measure_overlap;border_growth_partial_1998_only;border;1;Q1_sales_1998_only;False;;True;1;0;1;0.0;0.0286;;0;0;9
ablation_no_sat;border_growth_partial_1998_only;border;1;Q1_sales_1998_only;False;;False;0;0;0;0.0;0.6885;True;1;0;9
ablation_no_real;border_growth_partial_1998_only;border;1;Q1_sales_1998_only;False;;True;1;0;1;0.0;0.6635;True;1;0;9
ablation_ceval_any_intersection;border_growth_partial_1998_only;border;1;Q1_sales_1998_only;False;;True;1;0;1;0.0;0.6024;True;1;1;9
baseline_random_matched;border_growth_partial_1998_only;border;1;Q1_sales_1998_only;False;;False;0;0;0;0.0;0.0043;;0;0;9
mcad;border_margin_wrong_grain;border;1;Q1_margin_quarter_only;False;;False;0;0;0;0.0;0.3706;False;0;0;9
baseline_naive;border_margin_wrong_grain;border;1;Q1_margin_quarter_only;False;;True;1;0;1;0.0;0.0014;;0;0;9
baseline_measure_overlap;border_margin_wrong_grain;border;1;Q1_margin_quarter_only;False;;True;1;0;1;0.0;0.0186;;0;0;9
ablation_no_sat;border_margin_wrong_grain;border;1;Q1_margin_quarter_only;False;;False;0;0;0;0.0;0.2874;False;0;0;9
ablation_no_real;border_margin_wrong_grain;border;1;Q1_margin_quarter_only;False;;False;0;0;0;0.0;0.2326;False;0;0;9
ablation_ceval_any_intersection;border_margin_wrong_grain;border;1;Q1_margin_quarter_only;False;;False;0;0;0;0.0;0.2206;False;0;0;9
baseline_random_matched;border_margin_wrong_grain;border;1;Q1_margin_quarter_only;False;;True;1;0;1;0.0;0.004;;0;0;9
mcad;border_stockout_missing_store;border;1;Q1_stockout_category_only;False;;False;0;0;0;0.0;0.2164;False;0;0;9
baseline_naive;border_stockout_missing_store;border;1;Q1_stockout_category_only;False;;True;1;0;1;0.0;0.0017;;0;0;9
baseline_measure_overlap;border_stockout_missing_store;border;1;Q1_stockout_category_only;False;;True;1;0;1;0.0;0.0197;;0;0;9
ablation_no_sat;border_stockout_missing_store;border;1;Q1_stockout_category_only;False;;False;0;0;0;0.0;0.2835;False;0;0;9
ablation_no_real;border_stockout_missing_store;border;1;Q1_stockout_category_only;False;;False;0;0;0;0.0;0.2327;False;0;0;9
ablation_ceval_any_intersection;border_stockout_missing_store;border;1;Q1_stockout_category_only;False;;False;0;0;0;0.0;0.2222;False;0;0;9
baseline_random_matched;border_stockout_missing_store;border;1;Q1_stockout_category_only;False;;True;1;0;1;0.0;0.0047;;0;0;9
mcad;adversarial_wrong_region;adversarial;1;Q1_margin_south;False;;False;0;0;0;0.0;0.1958;False;0;0;9
baseline_naive;adversarial_wrong_region;adversarial;1;Q1_margin_south;False;;True;1;0;1;0.0;0.0013;;0;0;9
baseline_measure_overlap;adversarial_wrong_region;adversarial;1;Q1_margin_south;False;;True;1;0;1;0.0;0.0207;;0;0;9
ablation_no_sat;adversarial_wrong_region;adversarial;1;Q1_margin_south;False;;False;0;0;0;0.0;0.2357;False;0;0;9
ablation_no_real;adversarial_wrong_region;adversarial;1;Q1_margin_south;False;;False;0;0;0;0.0;0.2079;False;0;0;9
ablation_ceval_any_intersection;adversarial_wrong_region;adversarial;1;Q1_margin_south;False;;False;0;0;0;0.0;0.1955;False;0;0;9
baseline_random_matched;adversarial_wrong_region;adversarial;1;Q1_margin_south;False;;True;1;0;1;0.0;0.004;;0;0;9
mcad;adversarial_wrong_year;adversarial;1;Q1_stockout_1997;False;;False;0;0;0;0.0;0.1919;False;0;0;9
baseline_naive;adversarial_wrong_year;adversarial;1;Q1_stockout_1997;False;;True;1;0;1;0.0;0.0013;;0;0;9
baseline_measure_overlap;adversarial_wrong_year;adversarial;1;Q1_stockout_1997;False;;True;1;0;1;0.0;0.019;;0;0;9
ablation_no_sat;adversarial_wrong_year;adversarial;1;Q1_stockout_1997;False;;False;0;0;0;0.0;0.2134;False;0;0;9
ablation_no_real;adversarial_wrong_year;adversarial;1;Q1_stockout_1997;False;;False;0;0;0;0.0;0.2005;False;0;0;9
ablation_ceval_any_intersection;adversarial_wrong_year;adversarial;1;Q1_stockout_1997;False;;False;0;0;0;0.0;0.1867;False;0;0;9
baseline_random_matched;adversarial_wrong_year;adversarial;1;Q1_stockout_1997;False;;False;0;0;0;0.0;0.0049;;0;0;9
mcad;adversarial_invalid_no_measures;adversarial;1;Q1_invalid_no_measure;False;;False;0;0;0;0.0;0.0931;False;0;0;9
baseline_naive;adversarial_invalid_no_measures;adversarial;1;Q1_invalid_no_measure;False;;True;1;0;1;0.0;0.0016;;0;0;9
baseline_measure_overlap;adversarial_invalid_no_measures;adversarial;1;Q1_invalid_no_measure;False;;False;0;0;0;0.0;0.0183;;0;0;9
ablation_no_sat;adversarial_invalid_no_measures;adversarial;1;Q1_invalid_no_measure;False;;False;0;0;0;0.0;0.1108;False;0;0;9
ablation_no_real;adversarial_invalid_no_measures;adversarial;1;Q1_invalid_no_measure;False;;False;0;0;0;0.0;0.1042;False;0;0;9
ablation_ceval_any_intersection;adversarial_invalid_no_measures;adversarial;1;Q1_invalid_no_measure;False;;False;0;0;0;0.0;0.0956;False;0;0;9
baseline_random_matched;adversarial_invalid_no_measures;adversarial;1;Q1_invalid_no_measure;False;;True;1;0;1;0.0;0.0042;;0;0;9
mcad;stress_exploratory_then_useful;stress;1;Q1_noise_region;False;;False;0;0;0;0.0;0.2311;False;0;0;9
mcad;stress_exploratory_then_useful;stress;2;Q2_noise_margin_all;False;;False;0;0;0;0.0;0.141;False;0;0;9
mcad;stress_exploratory_then_useful;stress;3;Q3_useful_margin;True;c1;True;0;0;0;0.333333;0.2472;True;1;1;9
baseline_naive;stress_exploratory_then_useful;stress;1;Q1_noise_region;False;;True;1;0;1;0.0;0.0015;;0;0;9
baseline_naive;stress_exploratory_then_useful;stress;2;Q2_noise_margin_all;False;;True;1;0;1;0.0;0.0004;;0;0;9
baseline_naive;stress_exploratory_then_useful;stress;3;Q3_useful_margin;True;c1;True;0;0;0;0.333333;0.0003;;0;0;9
baseline_measure_overlap;stress_exploratory_then_useful;stress;1;Q1_noise_region;False;;True;1;0;1;0.0;0.0211;;0;0;9
baseline_measure_overlap;stress_exploratory_then_useful;stress;2;Q2_noise_margin_all;False;;True;1;0;1;0.0;0.0055;;0;0;9
baseline_measure_overlap;stress_exploratory_then_useful;stress;3;Q3_useful_margin;True;c1;True;0;0;0;0.333333;0.0045;;0;0;9
ablation_no_sat;stress_exploratory_then_useful;stress;1;Q1_noise_region;False;;False;0;0;0;0.0;0.2627;False;0;0;9
ablation_no_sat;stress_exploratory_then_useful;stress;2;Q2_noise_margin_all;False;;False;0;0;0;0.0;0.1845;False;0;0;9
ablation_no_sat;stress_exploratory_then_useful;stress;3;Q3_useful_margin;True;c1;True;0;0;0;0.333333;0.2496;True;1;1;9
ablation_no_real;stress_exploratory_then_useful;stress;1;Q1_noise_region;False;;False;0;0;0;0.0;0.2306;False;0;0;9
ablation_no_real;stress_exploratory_then_useful;stress;2;Q2_noise_margin_all;False;;False;0;0;0;0.0;0.1472;False;0;0;9
ablation_no_real;stress_exploratory_then_useful;stress;3;Q3_useful_margin;True;c1;True;0;0;0;0.333333;0.2694;True;1;1;9
ablation_ceval_any_intersection;stress_exploratory_then_useful;stress;1;Q1_noise_region;False;;False;0;0;0;0.0;0.2281;False;0;0;9
ablation_ceval_any_intersection;stress_exploratory_then_useful;stress;2;Q2_noise_margin_all;False;;False;0;0;0;0.0;0.1419;False;0;0;9
ablation_ceval_any_intersection;stress_exploratory_then_useful;stress;3;Q3_useful_margin;True;c1;True;0;0;0;0.333333;0.2456;True;1;1;9
baseline_random_matched;stress_exploratory_then_useful;stress;1;Q1_noise_region;False;;True;1;0;1;0.0;0.0044;;0;0;9
baseline_random_matched;stress_exploratory_then_useful;stress;2;Q2_noise_margin_all;False;;False;0;0;0;0.0;0.0007;;0;0;9
baseline_random_matched;stress_exploratory_then_useful;stress;3;Q3_useful_margin;True;c1;True;0;0;0;0.333333;0.0005;;0;0;9
mcad;happy_guided_article_short;happy;1;Q1_margin_month;True;c1;True;0;0;0;0.333333;0.3102;True;1;1;10
mcad;happy_guided_article_short;happy;2;Q2_stockout_store;True;c2;True;0;0;0;0.666667;0.2448;True;1;1;10
mcad;happy_guided_article_short;happy;3;Q3_sales_growth;True;c3;True;0;0;0;1.0;0.3305;True;2;1;10
baseline_naive;happy_guided_article_short;happy;1;Q1_margin_month;True;c1;True;0;0;0;0.333333;0.0016;;0;0;10
baseline_naive;happy_guided_article_short;happy;2;Q2_stockout_store;True;c2;True;0;0;0;0.666667;0.0005;;0;0;10
baseline_naive;happy_guided_article_short;happy;3;Q3_sales_growth;True;c3;True;0;0;0;1.0;0.0003;;0;0;10
baseline_measure_overlap;happy_guided_article_short;happy;1;Q1_margin_month;True;c1;True;0;0;0;0.333333;0.0202;;0;0;10
baseline_measure_overlap;happy_guided_article_short;happy;2;Q2_stockout_store;True;c2;True;0;0;0;0.666667;0.0054;;0;0;10
baseline_measure_overlap;happy_guided_article_short;happy;3;Q3_sales_growth;True;c3;True;0;0;0;1.0;0.0044;;0;0;10
ablation_no_sat;happy_guided_article_short;happy;1;Q1_margin_month;True;c1;True;0;0;0;0.333333;0.3185;True;1;1;10
ablation_no_sat;happy_guided_article_short;happy;2;Q2_stockout_store;True;c2;True;0;0;0;0.666667;0.2451;True;1;1;10
ablation_no_sat;happy_guided_article_short;happy;3;Q3_sales_growth;True;c3;True;0;0;0;1.0;0.3298;True;2;1;10
ablation_no_real;happy_guided_article_short;happy;1;Q1_margin_month;True;c1;True;0;0;0;0.333333;0.3089;True;1;1;10
ablation_no_real;happy_guided_article_short;happy;2;Q2_stockout_store;True;c2;True;0;0;0;0.666667;0.2592;True;1;1;10
ablation_no_real;happy_guided_article_short;happy;3;Q3_sales_growth;True;c3;True;0;0;0;1.0;0.333;True;2;1;10
ablation_ceval_any_intersection;happy_guided_article_short;happy;1;Q1_margin_month;True;c1;True;0;0;0;0.333333;0.3039;True;1;1;10
ablation_ceval_any_intersection;happy_guided_article_short;happy;2;Q2_stockout_store;True;c2;True;0;0;0;0.666667;0.2507;True;1;1;10
ablation_ceval_any_intersection;happy_guided_article_short;happy;3;Q3_sales_growth;True;c3;True;0;0;0;1.0;0.3276;True;2;1;10
baseline_random_matched;happy_guided_article_short;happy;1;Q1_margin_month;True;c1;True;0;0;0;0.333333;0.0057;;0;0;10
baseline_random_matched;happy_guided_article_short;happy;2;Q2_stockout_store;True;c2;True;0;0;0;0.666667;0.0008;;0;0;10
baseline_random_matched;happy_guided_article_short;happy;3;Q3_sales_growth;True;c3;True;0;0;0;1.0;0.0004;;0;0;10
mcad;happy_guided_reordered;happy;1;Q1_sales_growth;True;c3;True;0;0;0;0.333333;0.3903;True;2;1;10
mcad;happy_guided_reordered;happy;2;Q2_margin_month;True;c1;True;0;0;0;0.666667;0.2765;True;1;1;10
mcad;happy_guided_reordered;happy;3;Q3_stockout_store;True;c2;True;0;0;0;1.0;0.238;True;1;1;10
baseline_naive;happy_guided_reordered;happy;1;Q1_sales_growth;True;c3;True;0;0;0;0.333333;0.0018;;0;0;10
baseline_naive;happy_guided_reordered;happy;2;Q2_margin_month;True;c1;True;0;0;0;0.666667;0.0006;;0;0;10
baseline_naive;happy_guided_reordered;happy;3;Q3_stockout_store;True;c2;True;0;0;0;1.0;0.0003;;0;0;10
baseline_measure_overlap;happy_guided_reordered;happy;1;Q1_sales_growth;True;c3;True;0;0;0;0.333333;0.0205;;0;0;10
baseline_measure_overlap;happy_guided_reordered;happy;2;Q2_margin_month;True;c1;True;0;0;0;0.666667;0.0053;;0;0;10
baseline_measure_overlap;happy_guided_reordered;happy;3;Q3_stockout_store;True;c2;True;0;0;0;1.0;0.0042;;0;0;10
ablation_no_sat;happy_guided_reordered;happy;1;Q1_sales_growth;True;c3;True;0;0;0;0.333333;0.3924;True;2;1;10
ablation_no_sat;happy_guided_reordered;happy;2;Q2_margin_month;True;c1;True;0;0;0;0.666667;0.2458;True;1;1;10
ablation_no_sat;happy_guided_reordered;happy;3;Q3_stockout_store;True;c2;True;0;0;0;1.0;0.2476;True;1;1;10
ablation_no_real;happy_guided_reordered;happy;1;Q1_sales_growth;True;c3;True;0;0;0;0.333333;0.3953;True;2;1;10
ablation_no_real;happy_guided_reordered;happy;2;Q2_margin_month;True;c1;True;0;0;0;0.666667;0.2502;True;1;1;10
ablation_no_real;happy_guided_reordered;happy;3;Q3_stockout_store;True;c2;True;0;0;0;1.0;0.2432;True;1;1;10
ablation_ceval_any_intersection;happy_guided_reordered;happy;1;Q1_sales_growth;True;c3;True;0;0;0;0.333333;0.4438;True;2;1;10
ablation_ceval_any_intersection;happy_guided_reordered;happy;2;Q2_margin_month;True;c1;True;0;0;0;0.666667;0.2452;True;1;1;10
ablation_ceval_any_intersection;happy_guided_reordered;happy;3;Q3_stockout_store;True;c2;True;0;0;0;1.0;0.2477;True;1;1;10
baseline_random_matched;happy_guided_reordered;happy;1;Q1_sales_growth;True;c3;True;0;0;0;0.333333;0.0043;;0;0;10
baseline_random_matched;happy_guided_reordered;happy;2;Q2_margin_month;True;c1;True;0;0;0;0.666667;0.0006;;0;0;10
baseline_random_matched;happy_guided_reordered;happy;3;Q3_stockout_store;True;c2;True;0;0;0;1.0;0.0092;;0;0;10
mcad;happy_guided_compact;happy;1;Q1_margin_month;True;c1;True;0;0;0;0.333333;0.3095;True;1;1;10
mcad;happy_guided_compact;happy;2;Q2_sales_growth;True;c3;True;0;0;0;0.666667;0.3331;True;2;1;10
mcad;happy_guided_compact;happy;3;Q3_stockout_store;True;c2;True;0;0;0;1.0;0.2395;True;1;1;10
baseline_naive;happy_guided_compact;happy;1;Q1_margin_month;True;c1;True;0;0;0;0.333333;0.0012;;0;0;10
baseline_naive;happy_guided_compact;happy;2;Q2_sales_growth;True;c3;True;0;0;0;0.666667;0.0005;;0;0;10
baseline_naive;happy_guided_compact;happy;3;Q3_stockout_store;True;c2;True;0;0;0;1.0;0.0004;;0;0;10
baseline_measure_overlap;happy_guided_compact;happy;1;Q1_margin_month;True;c1;True;0;0;0;0.333333;0.0186;;0;0;10
baseline_measure_overlap;happy_guided_compact;happy;2;Q2_sales_growth;True;c3;True;0;0;0;0.666667;0.0052;;0;0;10
baseline_measure_overlap;happy_guided_compact;happy;3;Q3_stockout_store;True;c2;True;0;0;0;1.0;0.0044;;0;0;10
ablation_no_sat;happy_guided_compact;happy;1;Q1_margin_month;True;c1;True;0;0;0;0.333333;0.3055;True;1;1;10
ablation_no_sat;happy_guided_compact;happy;2;Q2_sales_growth;True;c3;True;0;0;0;0.666667;0.3309;True;2;1;10
ablation_no_sat;happy_guided_compact;happy;3;Q3_stockout_store;True;c2;True;0;0;0;1.0;0.2501;True;1;1;10
ablation_no_real;happy_guided_compact;happy;1;Q1_margin_month;True;c1;True;0;0;0;0.333333;0.3153;True;1;1;10
ablation_no_real;happy_guided_compact;happy;2;Q2_sales_growth;True;c3;True;0;0;0;0.666667;0.3368;True;2;1;10
ablation_no_real;happy_guided_compact;happy;3;Q3_stockout_store;True;c2;True;0;0;0;1.0;0.2522;True;1;1;10
ablation_ceval_any_intersection;happy_guided_compact;happy;1;Q1_margin_month;True;c1;True;0;0;0;0.333333;0.3097;True;1;1;10
ablation_ceval_any_intersection;happy_guided_compact;happy;2;Q2_sales_growth;True;c3;True;0;0;0;0.666667;0.3315;True;2;1;10
ablation_ceval_any_intersection;happy_guided_compact;happy;3;Q3_stockout_store;True;c2;True;0;0;0;1.0;0.2357;True;1;1;10
baseline_random_matched;happy_guided_compact;happy;1;Q1_margin_month;True;c1;True;0;0;0;0.333333;0.0047;;0;0;10
baseline_random_matched;happy_guided_compact;happy;2;Q2_sales_growth;True;c3;True;0;0;0;0.666667;0.0007;;0;0;10
baseline_random_matched;happy_guided_compact;happy;3;Q3_stockout_store;True;c2;False;0;1;0;0.666667;0.0005;;0;0;10
mcad;border_growth_partial_1998_only;border;1;Q1_sales_1998_only;False;;False;0;0;0;0.0;0.3687;True;1;0;10
baseline_naive;border_growth_partial_1998_only;border;1;Q1_sales_1998_only;False;;True;1;0;1;0.0;0.0015;;0;0;10
baseline_measure_overlap;border_growth_partial_1998_only;border;1;Q1_sales_1998_only;False;;True;1;0;1;0.0;0.019;;0;0;10
ablation_no_sat;border_growth_partial_1998_only;border;1;Q1_sales_1998_only;False;;False;0;0;0;0.0;0.3604;True;1;0;10
ablation_no_real;border_growth_partial_1998_only;border;1;Q1_sales_1998_only;False;;True;1;0;1;0.0;0.3667;True;1;0;10
ablation_ceval_any_intersection;border_growth_partial_1998_only;border;1;Q1_sales_1998_only;False;;True;1;0;1;0.0;0.3964;True;1;1;10
baseline_random_matched;border_growth_partial_1998_only;border;1;Q1_sales_1998_only;False;;True;1;0;1;0.0;0.0043;;0;0;10
mcad;border_margin_wrong_grain;border;1;Q1_margin_quarter_only;False;;False;0;0;0;0.0;0.2308;False;0;0;10
baseline_naive;border_margin_wrong_grain;border;1;Q1_margin_quarter_only;False;;True;1;0;1;0.0;0.0014;;0;0;10
baseline_measure_overlap;border_margin_wrong_grain;border;1;Q1_margin_quarter_only;False;;True;1;0;1;0.0;0.0192;;0;0;10
ablation_no_sat;border_margin_wrong_grain;border;1;Q1_margin_quarter_only;False;;False;0;0;0;0.0;0.8825;False;0;0;10
ablation_no_real;border_margin_wrong_grain;border;1;Q1_margin_quarter_only;False;;False;0;0;0;0.0;0.2341;False;0;0;10
ablation_ceval_any_intersection;border_margin_wrong_grain;border;1;Q1_margin_quarter_only;False;;False;0;0;0;0.0;0.2207;False;0;0;10
baseline_random_matched;border_margin_wrong_grain;border;1;Q1_margin_quarter_only;False;;True;1;0;1;0.0;0.0047;;0;0;10
mcad;border_stockout_missing_store;border;1;Q1_stockout_category_only;False;;False;0;0;0;0.0;0.2317;False;0;0;10
baseline_naive;border_stockout_missing_store;border;1;Q1_stockout_category_only;False;;True;1;0;1;0.0;0.0016;;0;0;10
baseline_measure_overlap;border_stockout_missing_store;border;1;Q1_stockout_category_only;False;;True;1;0;1;0.0;0.0199;;0;0;10
ablation_no_sat;border_stockout_missing_store;border;1;Q1_stockout_category_only;False;;False;0;0;0;0.0;0.2859;False;0;0;10
ablation_no_real;border_stockout_missing_store;border;1;Q1_stockout_category_only;False;;False;0;0;0;0.0;0.2274;False;0;0;10
ablation_ceval_any_intersection;border_stockout_missing_store;border;1;Q1_stockout_category_only;False;;False;0;0;0;0.0;0.2288;False;0;0;10
baseline_random_matched;border_stockout_missing_store;border;1;Q1_stockout_category_only;False;;True;1;0;1;0.0;0.0041;;0;0;10
mcad;adversarial_wrong_region;adversarial;1;Q1_margin_south;False;;False;0;0;0;0.0;0.1967;False;0;0;10
baseline_naive;adversarial_wrong_region;adversarial;1;Q1_margin_south;False;;True;1;0;1;0.0;0.0014;;0;0;10
baseline_measure_overlap;adversarial_wrong_region;adversarial;1;Q1_margin_south;False;;True;1;0;1;0.0;0.0187;;0;0;10
ablation_no_sat;adversarial_wrong_region;adversarial;1;Q1_margin_south;False;;False;0;0;0;0.0;0.2338;False;0;0;10
ablation_no_real;adversarial_wrong_region;adversarial;1;Q1_margin_south;False;;False;0;0;0;0.0;0.2082;False;0;0;10
ablation_ceval_any_intersection;adversarial_wrong_region;adversarial;1;Q1_margin_south;False;;False;0;0;0;0.0;0.1977;False;0;0;10
baseline_random_matched;adversarial_wrong_region;adversarial;1;Q1_margin_south;False;;False;0;0;0;0.0;0.0053;;0;0;10
mcad;adversarial_wrong_year;adversarial;1;Q1_stockout_1997;False;;False;0;0;0;0.0;0.2042;False;0;0;10
baseline_naive;adversarial_wrong_year;adversarial;1;Q1_stockout_1997;False;;True;1;0;1;0.0;0.0017;;0;0;10
baseline_measure_overlap;adversarial_wrong_year;adversarial;1;Q1_stockout_1997;False;;True;1;0;1;0.0;0.0205;;0;0;10
ablation_no_sat;adversarial_wrong_year;adversarial;1;Q1_stockout_1997;False;;False;0;0;0;0.0;0.2173;False;0;0;10
ablation_no_real;adversarial_wrong_year;adversarial;1;Q1_stockout_1997;False;;False;0;0;0;0.0;0.2025;False;0;0;10
ablation_ceval_any_intersection;adversarial_wrong_year;adversarial;1;Q1_stockout_1997;False;;False;0;0;0;0.0;0.2007;False;0;0;10
baseline_random_matched;adversarial_wrong_year;adversarial;1;Q1_stockout_1997;False;;True;1;0;1;0.0;0.0047;;0;0;10
mcad;adversarial_invalid_no_measures;adversarial;1;Q1_invalid_no_measure;False;;False;0;0;0;0.0;0.0945;False;0;0;10
baseline_naive;adversarial_invalid_no_measures;adversarial;1;Q1_invalid_no_measure;False;;True;1;0;1;0.0;0.0019;;0;0;10
baseline_measure_overlap;adversarial_invalid_no_measures;adversarial;1;Q1_invalid_no_measure;False;;False;0;0;0;0.0;0.0191;;0;0;10
ablation_no_sat;adversarial_invalid_no_measures;adversarial;1;Q1_invalid_no_measure;False;;False;0;0;0;0.0;0.1126;False;0;0;10
ablation_no_real;adversarial_invalid_no_measures;adversarial;1;Q1_invalid_no_measure;False;;False;0;0;0;0.0;0.1037;False;0;0;10
ablation_ceval_any_intersection;adversarial_invalid_no_measures;adversarial;1;Q1_invalid_no_measure;False;;False;0;0;0;0.0;0.0917;False;0;0;10
baseline_random_matched;adversarial_invalid_no_measures;adversarial;1;Q1_invalid_no_measure;False;;True;1;0;1;0.0;0.0038;;0;0;10
mcad;stress_exploratory_then_useful;stress;1;Q1_noise_region;False;;False;0;0;0;0.0;0.2228;False;0;0;10
mcad;stress_exploratory_then_useful;stress;2;Q2_noise_margin_all;False;;False;0;0;0;0.0;0.1432;False;0;0;10
mcad;stress_exploratory_then_useful;stress;3;Q3_useful_margin;True;c1;True;0;0;0;0.333333;0.2595;True;1;1;10
baseline_naive;stress_exploratory_then_useful;stress;1;Q1_noise_region;False;;True;1;0;1;0.0;0.0018;;0;0;10
baseline_naive;stress_exploratory_then_useful;stress;2;Q2_noise_margin_all;False;;True;1;0;1;0.0;0.0005;;0;0;10
baseline_naive;stress_exploratory_then_useful;stress;3;Q3_useful_margin;True;c1;True;0;0;0;0.333333;0.0003;;0;0;10
baseline_measure_overlap;stress_exploratory_then_useful;stress;1;Q1_noise_region;False;;True;1;0;1;0.0;0.0186;;0;0;10
baseline_measure_overlap;stress_exploratory_then_useful;stress;2;Q2_noise_margin_all;False;;True;1;0;1;0.0;0.0053;;0;0;10
baseline_measure_overlap;stress_exploratory_then_useful;stress;3;Q3_useful_margin;True;c1;True;0;0;0;0.333333;0.0042;;0;0;10
ablation_no_sat;stress_exploratory_then_useful;stress;1;Q1_noise_region;False;;False;0;0;0;0.0;0.2845;False;0;0;10
ablation_no_sat;stress_exploratory_then_useful;stress;2;Q2_noise_margin_all;False;;False;0;0;0;0.0;0.1834;False;0;0;10
ablation_no_sat;stress_exploratory_then_useful;stress;3;Q3_useful_margin;True;c1;True;0;0;0;0.333333;0.2467;True;1;1;10
ablation_no_real;stress_exploratory_then_useful;stress;1;Q1_noise_region;False;;False;0;0;0;0.0;0.2377;False;0;0;10
ablation_no_real;stress_exploratory_then_useful;stress;2;Q2_noise_margin_all;False;;False;0;0;0;0.0;0.1468;False;0;0;10
ablation_no_real;stress_exploratory_then_useful;stress;3;Q3_useful_margin;True;c1;True;0;0;0;0.333333;0.2652;True;1;1;10
ablation_ceval_any_intersection;stress_exploratory_then_useful;stress;1;Q1_noise_region;False;;False;0;0;0;0.0;0.2207;False;0;0;10
ablation_ceval_any_intersection;stress_exploratory_then_useful;stress;2;Q2_noise_margin_all;False;;False;0;0;0;0.0;0.1432;False;0;0;10
ablation_ceval_any_intersection;stress_exploratory_then_useful;stress;3;Q3_useful_margin;True;c1;True;0;0;0;0.333333;0.2433;True;1;1;10
baseline_random_matched;stress_exploratory_then_useful;stress;1;Q1_noise_region;False;;True;1;0;1;0.0;0.0041;;0;0;10
baseline_random_matched;stress_exploratory_then_useful;stress;2;Q2_noise_margin_all;False;;False;0;0;0;0.0;0.0007;;0;0;10
baseline_random_matched;stress_exploratory_then_useful;stress;3;Q3_useful_margin;True;c1;False;0;1;0;0.0;0.0004;;0;0;10
mcad;happy_guided_article_short;happy;1;Q1_margin_month;True;c1;True;0;0;0;0.333333;0.3498;True;1;1;11
mcad;happy_guided_article_short;happy;2;Q2_stockout_store;True;c2;True;0;0;0;0.666667;0.2556;True;1;1;11
mcad;happy_guided_article_short;happy;3;Q3_sales_growth;True;c3;True;0;0;0;1.0;0.3259;True;2;1;11
baseline_naive;happy_guided_article_short;happy;1;Q1_margin_month;True;c1;True;0;0;0;0.333333;0.0016;;0;0;11
baseline_naive;happy_guided_article_short;happy;2;Q2_stockout_store;True;c2;True;0;0;0;0.666667;0.0004;;0;0;11
baseline_naive;happy_guided_article_short;happy;3;Q3_sales_growth;True;c3;True;0;0;0;1.0;0.0006;;0;0;11
baseline_measure_overlap;happy_guided_article_short;happy;1;Q1_margin_month;True;c1;True;0;0;0;0.333333;0.019;;0;0;11
baseline_measure_overlap;happy_guided_article_short;happy;2;Q2_stockout_store;True;c2;True;0;0;0;0.666667;0.0053;;0;0;11
baseline_measure_overlap;happy_guided_article_short;happy;3;Q3_sales_growth;True;c3;True;0;0;0;1.0;0.0044;;0;0;11
ablation_no_sat;happy_guided_article_short;happy;1;Q1_margin_month;True;c1;True;0;0;0;0.333333;0.3178;True;1;1;11
ablation_no_sat;happy_guided_article_short;happy;2;Q2_stockout_store;True;c2;True;0;0;0;0.666667;0.2427;True;1;1;11
ablation_no_sat;happy_guided_article_short;happy;3;Q3_sales_growth;True;c3;True;0;0;0;1.0;0.3272;True;2;1;11
ablation_no_real;happy_guided_article_short;happy;1;Q1_margin_month;True;c1;True;0;0;0;0.333333;0.3622;True;1;1;11
ablation_no_real;happy_guided_article_short;happy;2;Q2_stockout_store;True;c2;True;0;0;0;0.666667;0.2615;True;1;1;11
ablation_no_real;happy_guided_article_short;happy;3;Q3_sales_growth;True;c3;True;0;0;0;1.0;0.3323;True;2;1;11
ablation_ceval_any_intersection;happy_guided_article_short;happy;1;Q1_margin_month;True;c1;True;0;0;0;0.333333;0.5365;True;1;1;11
ablation_ceval_any_intersection;happy_guided_article_short;happy;2;Q2_stockout_store;True;c2;True;0;0;0;0.666667;1.309;True;1;1;11
ablation_ceval_any_intersection;happy_guided_article_short;happy;3;Q3_sales_growth;True;c3;True;0;0;0;1.0;0.6505;True;2;1;11
baseline_random_matched;happy_guided_article_short;happy;1;Q1_margin_month;True;c1;True;0;0;0;0.333333;0.0045;;0;0;11
baseline_random_matched;happy_guided_article_short;happy;2;Q2_stockout_store;True;c2;False;0;1;0;0.333333;0.0008;;0;0;11
baseline_random_matched;happy_guided_article_short;happy;3;Q3_sales_growth;True;c3;True;0;0;0;0.666667;0.0005;;0;0;11
mcad;happy_guided_reordered;happy;1;Q1_sales_growth;True;c3;True;0;0;0;0.333333;0.3978;True;2;1;11
mcad;happy_guided_reordered;happy;2;Q2_margin_month;True;c1;True;0;0;0;0.666667;0.2578;True;1;1;11
mcad;happy_guided_reordered;happy;3;Q3_stockout_store;True;c2;True;0;0;0;1.0;0.243;True;1;1;11
baseline_naive;happy_guided_reordered;happy;1;Q1_sales_growth;True;c3;True;0;0;0;0.333333;0.0014;;0;0;11
baseline_naive;happy_guided_reordered;happy;2;Q2_margin_month;True;c1;True;0;0;0;0.666667;0.0006;;0;0;11
baseline_naive;happy_guided_reordered;happy;3;Q3_stockout_store;True;c2;True;0;0;0;1.0;0.0004;;0;0;11
baseline_measure_overlap;happy_guided_reordered;happy;1;Q1_sales_growth;True;c3;True;0;0;0;0.333333;0.0194;;0;0;11
baseline_measure_overlap;happy_guided_reordered;happy;2;Q2_margin_month;True;c1;True;0;0;0;0.666667;0.0054;;0;0;11
baseline_measure_overlap;happy_guided_reordered;happy;3;Q3_stockout_store;True;c2;True;0;0;0;1.0;0.0044;;0;0;11
ablation_no_sat;happy_guided_reordered;happy;1;Q1_sales_growth;True;c3;True;0;0;0;0.333333;0.3996;True;2;1;11
ablation_no_sat;happy_guided_reordered;happy;2;Q2_margin_month;True;c1;True;0;0;0;0.666667;0.2507;True;1;1;11
ablation_no_sat;happy_guided_reordered;happy;3;Q3_stockout_store;True;c2;True;0;0;0;1.0;0.2508;True;1;1;11
ablation_no_real;happy_guided_reordered;happy;1;Q1_sales_growth;True;c3;True;0;0;0;0.333333;0.4055;True;2;1;11
ablation_no_real;happy_guided_reordered;happy;2;Q2_margin_month;True;c1;True;0;0;0;0.666667;0.253;True;1;1;11
ablation_no_real;happy_guided_reordered;happy;3;Q3_stockout_store;True;c2;True;0;0;0;1.0;0.2552;True;1;1;11
ablation_ceval_any_intersection;happy_guided_reordered;happy;1;Q1_sales_growth;True;c3;True;0;0;0;0.333333;0.4009;True;2;1;11
ablation_ceval_any_intersection;happy_guided_reordered;happy;2;Q2_margin_month;True;c1;True;0;0;0;0.666667;0.2479;True;1;1;11
ablation_ceval_any_intersection;happy_guided_reordered;happy;3;Q3_stockout_store;True;c2;True;0;0;0;1.0;0.239;True;1;1;11
baseline_random_matched;happy_guided_reordered;happy;1;Q1_sales_growth;True;c3;True;0;0;0;0.333333;0.0044;;0;0;11
baseline_random_matched;happy_guided_reordered;happy;2;Q2_margin_month;True;c1;True;0;0;0;0.666667;0.0006;;0;0;11
baseline_random_matched;happy_guided_reordered;happy;3;Q3_stockout_store;True;c2;False;0;1;0;0.666667;0.0005;;0;0;11
mcad;happy_guided_compact;happy;1;Q1_margin_month;True;c1;True;0;0;0;0.333333;0.3219;True;1;1;11
mcad;happy_guided_compact;happy;2;Q2_sales_growth;True;c3;True;0;0;0;0.666667;0.3367;True;2;1;11
mcad;happy_guided_compact;happy;3;Q3_stockout_store;True;c2;True;0;0;0;1.0;0.2402;True;1;1;11
baseline_naive;happy_guided_compact;happy;1;Q1_margin_month;True;c1;True;0;0;0;0.333333;0.0015;;0;0;11
baseline_naive;happy_guided_compact;happy;2;Q2_sales_growth;True;c3;True;0;0;0;0.666667;0.0004;;0;0;11
baseline_naive;happy_guided_compact;happy;3;Q3_stockout_store;True;c2;True;0;0;0;1.0;0.0005;;0;0;11
baseline_measure_overlap;happy_guided_compact;happy;1;Q1_margin_month;True;c1;True;0;0;0;0.333333;0.0186;;0;0;11
baseline_measure_overlap;happy_guided_compact;happy;2;Q2_sales_growth;True;c3;True;0;0;0;0.666667;0.0051;;0;0;11
baseline_measure_overlap;happy_guided_compact;happy;3;Q3_stockout_store;True;c2;True;0;0;0;1.0;0.0044;;0;0;11
ablation_no_sat;happy_guided_compact;happy;1;Q1_margin_month;True;c1;True;0;0;0;0.333333;0.3124;True;1;1;11
ablation_no_sat;happy_guided_compact;happy;2;Q2_sales_growth;True;c3;True;0;0;0;0.666667;0.3474;True;2;1;11
ablation_no_sat;happy_guided_compact;happy;3;Q3_stockout_store;True;c2;True;0;0;0;1.0;0.2462;True;1;1;11
ablation_no_real;happy_guided_compact;happy;1;Q1_margin_month;True;c1;True;0;0;0;0.333333;0.3164;True;1;1;11
ablation_no_real;happy_guided_compact;happy;2;Q2_sales_growth;True;c3;True;0;0;0;0.666667;0.3996;True;2;1;11
ablation_no_real;happy_guided_compact;happy;3;Q3_stockout_store;True;c2;True;0;0;0;1.0;0.2961;True;1;1;11
ablation_ceval_any_intersection;happy_guided_compact;happy;1;Q1_margin_month;True;c1;True;0;0;0;0.333333;0.305;True;1;1;11
ablation_ceval_any_intersection;happy_guided_compact;happy;2;Q2_sales_growth;True;c3;True;0;0;0;0.666667;0.3447;True;2;1;11
ablation_ceval_any_intersection;happy_guided_compact;happy;3;Q3_stockout_store;True;c2;True;0;0;0;1.0;0.2392;True;1;1;11
baseline_random_matched;happy_guided_compact;happy;1;Q1_margin_month;True;c1;False;0;1;0;0.0;0.0042;;0;0;11
baseline_random_matched;happy_guided_compact;happy;2;Q2_sales_growth;True;c3;False;0;1;0;0.0;0.0006;;0;0;11
baseline_random_matched;happy_guided_compact;happy;3;Q3_stockout_store;True;c2;True;0;0;0;0.333333;0.0005;;0;0;11
mcad;border_growth_partial_1998_only;border;1;Q1_sales_1998_only;False;;False;0;0;0;0.0;0.3617;True;1;0;11
baseline_naive;border_growth_partial_1998_only;border;1;Q1_sales_1998_only;False;;True;1;0;1;0.0;0.0017;;0;0;11
baseline_measure_overlap;border_growth_partial_1998_only;border;1;Q1_sales_1998_only;False;;True;1;0;1;0.0;0.0202;;0;0;11
ablation_no_sat;border_growth_partial_1998_only;border;1;Q1_sales_1998_only;False;;False;0;0;0;0.0;0.3742;True;1;0;11
ablation_no_real;border_growth_partial_1998_only;border;1;Q1_sales_1998_only;False;;True;1;0;1;0.0;0.3682;True;1;0;11
ablation_ceval_any_intersection;border_growth_partial_1998_only;border;1;Q1_sales_1998_only;False;;True;1;0;1;0.0;0.3653;True;1;1;11
baseline_random_matched;border_growth_partial_1998_only;border;1;Q1_sales_1998_only;False;;True;1;0;1;0.0;0.004;;0;0;11
mcad;border_margin_wrong_grain;border;1;Q1_margin_quarter_only;False;;False;0;0;0;0.0;0.3102;False;0;0;11
baseline_naive;border_margin_wrong_grain;border;1;Q1_margin_quarter_only;False;;True;1;0;1;0.0;0.0014;;0;0;11
baseline_measure_overlap;border_margin_wrong_grain;border;1;Q1_margin_quarter_only;False;;True;1;0;1;0.0;0.0195;;0;0;11
ablation_no_sat;border_margin_wrong_grain;border;1;Q1_margin_quarter_only;False;;False;0;0;0;0.0;0.2964;False;0;0;11
ablation_no_real;border_margin_wrong_grain;border;1;Q1_margin_quarter_only;False;;False;0;0;0;0.0;0.2296;False;0;0;11
ablation_ceval_any_intersection;border_margin_wrong_grain;border;1;Q1_margin_quarter_only;False;;False;0;0;0;0.0;0.2184;False;0;0;11
baseline_random_matched;border_margin_wrong_grain;border;1;Q1_margin_quarter_only;False;;True;1;0;1;0.0;0.0043;;0;0;11
mcad;border_stockout_missing_store;border;1;Q1_stockout_category_only;False;;False;0;0;0;0.0;0.2205;False;0;0;11
baseline_naive;border_stockout_missing_store;border;1;Q1_stockout_category_only;False;;True;1;0;1;0.0;0.0015;;0;0;11
baseline_measure_overlap;border_stockout_missing_store;border;1;Q1_stockout_category_only;False;;True;1;0;1;0.0;0.0197;;0;0;11
ablation_no_sat;border_stockout_missing_store;border;1;Q1_stockout_category_only;False;;False;0;0;0;0.0;0.4629;False;0;0;11
ablation_no_real;border_stockout_missing_store;border;1;Q1_stockout_category_only;False;;False;0;0;0;0.0;0.4463;False;0;0;11
ablation_ceval_any_intersection;border_stockout_missing_store;border;1;Q1_stockout_category_only;False;;False;0;0;0;0.0;0.4808;False;0;0;11
baseline_random_matched;border_stockout_missing_store;border;1;Q1_stockout_category_only;False;;False;0;0;0;0.0;0.0038;;0;0;11
mcad;adversarial_wrong_region;adversarial;1;Q1_margin_south;False;;False;0;0;0;0.0;0.3037;False;0;0;11
baseline_naive;adversarial_wrong_region;adversarial;1;Q1_margin_south;False;;True;1;0;1;0.0;0.0014;;0;0;11
baseline_measure_overlap;adversarial_wrong_region;adversarial;1;Q1_margin_south;False;;True;1;0;1;0.0;0.0207;;0;0;11
ablation_no_sat;adversarial_wrong_region;adversarial;1;Q1_margin_south;False;;False;0;0;0;0.0;0.2443;False;0;0;11
ablation_no_real;adversarial_wrong_region;adversarial;1;Q1_margin_south;False;;False;0;0;0;0.0;0.2028;False;0;0;11
ablation_ceval_any_intersection;adversarial_wrong_region;adversarial;1;Q1_margin_south;False;;False;0;0;0;0.0;0.1949;False;0;0;11
baseline_random_matched;adversarial_wrong_region;adversarial;1;Q1_margin_south;False;;True;1;0;1;0.0;0.0059;;0;0;11
mcad;adversarial_wrong_year;adversarial;1;Q1_stockout_1997;False;;False;0;0;0;0.0;0.1922;False;0;0;11
baseline_naive;adversarial_wrong_year;adversarial;1;Q1_stockout_1997;False;;True;1;0;1;0.0;0.0021;;0;0;11
baseline_measure_overlap;adversarial_wrong_year;adversarial;1;Q1_stockout_1997;False;;True;1;0;1;0.0;0.0197;;0;0;11
ablation_no_sat;adversarial_wrong_year;adversarial;1;Q1_stockout_1997;False;;False;0;0;0;0.0;0.2151;False;0;0;11
ablation_no_real;adversarial_wrong_year;adversarial;1;Q1_stockout_1997;False;;False;0;0;0;0.0;0.2022;False;0;0;11
ablation_ceval_any_intersection;adversarial_wrong_year;adversarial;1;Q1_stockout_1997;False;;False;0;0;0;0.0;0.1887;False;0;0;11
baseline_random_matched;adversarial_wrong_year;adversarial;1;Q1_stockout_1997;False;;False;0;0;0;0.0;0.0039;;0;0;11
mcad;adversarial_invalid_no_measures;adversarial;1;Q1_invalid_no_measure;False;;False;0;0;0;0.0;0.0947;False;0;0;11
baseline_naive;adversarial_invalid_no_measures;adversarial;1;Q1_invalid_no_measure;False;;True;1;0;1;0.0;0.0024;;0;0;11
baseline_measure_overlap;adversarial_invalid_no_measures;adversarial;1;Q1_invalid_no_measure;False;;False;0;0;0;0.0;0.0211;;0;0;11
ablation_no_sat;adversarial_invalid_no_measures;adversarial;1;Q1_invalid_no_measure;False;;False;0;0;0;0.0;0.176;False;0;0;11
ablation_no_real;adversarial_invalid_no_measures;adversarial;1;Q1_invalid_no_measure;False;;False;0;0;0;0.0;0.1625;False;0;0;11
ablation_ceval_any_intersection;adversarial_invalid_no_measures;adversarial;1;Q1_invalid_no_measure;False;;False;0;0;0;0.0;0.1534;False;0;0;11
baseline_random_matched;adversarial_invalid_no_measures;adversarial;1;Q1_invalid_no_measure;False;;True;1;0;1;0.0;0.0061;;0;0;11
mcad;stress_exploratory_then_useful;stress;1;Q1_noise_region;False;;False;0;0;0;0.0;0.2564;False;0;0;11
mcad;stress_exploratory_then_useful;stress;2;Q2_noise_margin_all;False;;False;0;0;0;0.0;0.1712;False;0;0;11
mcad;stress_exploratory_then_useful;stress;3;Q3_useful_margin;True;c1;True;0;0;0;0.333333;0.2527;True;1;1;11
baseline_naive;stress_exploratory_then_useful;stress;1;Q1_noise_region;False;;True;1;0;1;0.0;0.0017;;0;0;11
baseline_naive;stress_exploratory_then_useful;stress;2;Q2_noise_margin_all;False;;True;1;0;1;0.0;0.0005;;0;0;11
baseline_naive;stress_exploratory_then_useful;stress;3;Q3_useful_margin;True;c1;True;0;0;0;0.333333;0.0003;;0;0;11
baseline_measure_overlap;stress_exploratory_then_useful;stress;1;Q1_noise_region;False;;True;1;0;1;0.0;0.0199;;0;0;11
baseline_measure_overlap;stress_exploratory_then_useful;stress;2;Q2_noise_margin_all;False;;True;1;0;1;0.0;0.0053;;0;0;11
baseline_measure_overlap;stress_exploratory_then_useful;stress;3;Q3_useful_margin;True;c1;True;0;0;0;0.333333;0.0043;;0;0;11
ablation_no_sat;stress_exploratory_then_useful;stress;1;Q1_noise_region;False;;False;0;0;0;0.0;0.2595;False;0;0;11
ablation_no_sat;stress_exploratory_then_useful;stress;2;Q2_noise_margin_all;False;;False;0;0;0;0.0;0.1706;False;0;0;11
ablation_no_sat;stress_exploratory_then_useful;stress;3;Q3_useful_margin;True;c1;True;0;0;0;0.333333;0.2581;True;1;1;11
ablation_no_real;stress_exploratory_then_useful;stress;1;Q1_noise_region;False;;False;0;0;0;0.0;0.4242;False;0;0;11
ablation_no_real;stress_exploratory_then_useful;stress;2;Q2_noise_margin_all;False;;False;0;0;0;0.0;0.288;False;0;0;11
ablation_no_real;stress_exploratory_then_useful;stress;3;Q3_useful_margin;True;c1;True;0;0;0;0.333333;0.6057;True;1;1;11
ablation_ceval_any_intersection;stress_exploratory_then_useful;stress;1;Q1_noise_region;False;;False;0;0;0;0.0;0.4198;False;0;0;11
ablation_ceval_any_intersection;stress_exploratory_then_useful;stress;2;Q2_noise_margin_all;False;;False;0;0;0;0.0;0.2848;False;0;0;11
ablation_ceval_any_intersection;stress_exploratory_then_useful;stress;3;Q3_useful_margin;True;c1;True;0;0;0;0.333333;0.4817;True;1;1;11
baseline_random_matched;stress_exploratory_then_useful;stress;1;Q1_noise_region;False;;False;0;0;0;0.0;0.0047;;0;0;11
baseline_random_matched;stress_exploratory_then_useful;stress;2;Q2_noise_margin_all;False;;False;0;0;0;0.0;0.0007;;0;0;11
baseline_random_matched;stress_exploratory_then_useful;stress;3;Q3_useful_margin;True;c1;True;0;0;0;0.333333;0.0005;;0;0;11
mcad;happy_guided_article_short;happy;1;Q1_margin_month;True;c1;True;0;0;0;0.333333;0.3121;True;1;1;12
mcad;happy_guided_article_short;happy;2;Q2_stockout_store;True;c2;True;0;0;0;0.666667;0.2557;True;1;1;12
mcad;happy_guided_article_short;happy;3;Q3_sales_growth;True;c3;True;0;0;0;1.0;0.3254;True;2;1;12
baseline_naive;happy_guided_article_short;happy;1;Q1_margin_month;True;c1;True;0;0;0;0.333333;0.0015;;0;0;12
baseline_naive;happy_guided_article_short;happy;2;Q2_stockout_store;True;c2;True;0;0;0;0.666667;0.0005;;0;0;12
baseline_naive;happy_guided_article_short;happy;3;Q3_sales_growth;True;c3;True;0;0;0;1.0;0.0003;;0;0;12
baseline_measure_overlap;happy_guided_article_short;happy;1;Q1_margin_month;True;c1;True;0;0;0;0.333333;0.02;;0;0;12
baseline_measure_overlap;happy_guided_article_short;happy;2;Q2_stockout_store;True;c2;True;0;0;0;0.666667;0.0054;;0;0;12
baseline_measure_overlap;happy_guided_article_short;happy;3;Q3_sales_growth;True;c3;True;0;0;0;1.0;0.0043;;0;0;12
ablation_no_sat;happy_guided_article_short;happy;1;Q1_margin_month;True;c1;True;0;0;0;0.333333;0.3154;True;1;1;12
ablation_no_sat;happy_guided_article_short;happy;2;Q2_stockout_store;True;c2;True;0;0;0;0.666667;0.2445;True;1;1;12
ablation_no_sat;happy_guided_article_short;happy;3;Q3_sales_growth;True;c3;True;0;0;0;1.0;0.3259;True;2;1;12
ablation_no_real;happy_guided_article_short;happy;1;Q1_margin_month;True;c1;True;0;0;0;0.333333;0.3359;True;1;1;12
ablation_no_real;happy_guided_article_short;happy;2;Q2_stockout_store;True;c2;True;0;0;0;0.666667;0.2476;True;1;1;12
ablation_no_real;happy_guided_article_short;happy;3;Q3_sales_growth;True;c3;True;0;0;0;1.0;0.3297;True;2;1;12
ablation_ceval_any_intersection;happy_guided_article_short;happy;1;Q1_margin_month;True;c1;True;0;0;0;0.333333;0.2976;True;1;1;12
ablation_ceval_any_intersection;happy_guided_article_short;happy;2;Q2_stockout_store;True;c2;True;0;0;0;0.666667;0.3307;True;1;1;12
ablation_ceval_any_intersection;happy_guided_article_short;happy;3;Q3_sales_growth;True;c3;True;0;0;0;1.0;0.3295;True;2;1;12
baseline_random_matched;happy_guided_article_short;happy;1;Q1_margin_month;True;c1;True;0;0;0;0.333333;0.0039;;0;0;12
baseline_random_matched;happy_guided_article_short;happy;2;Q2_stockout_store;True;c2;False;0;1;0;0.333333;0.0007;;0;0;12
baseline_random_matched;happy_guided_article_short;happy;3;Q3_sales_growth;True;c3;True;0;0;0;0.666667;0.0005;;0;0;12
mcad;happy_guided_reordered;happy;1;Q1_sales_growth;True;c3;True;0;0;0;0.333333;0.3981;True;2;1;12
mcad;happy_guided_reordered;happy;2;Q2_margin_month;True;c1;True;0;0;0;0.666667;0.2693;True;1;1;12
mcad;happy_guided_reordered;happy;3;Q3_stockout_store;True;c2;True;0;0;0;1.0;0.2399;True;1;1;12
baseline_naive;happy_guided_reordered;happy;1;Q1_sales_growth;True;c3;True;0;0;0;0.333333;0.0015;;0;0;12
baseline_naive;happy_guided_reordered;happy;2;Q2_margin_month;True;c1;True;0;0;0;0.666667;0.0005;;0;0;12
baseline_naive;happy_guided_reordered;happy;3;Q3_stockout_store;True;c2;True;0;0;0;1.0;0.0005;;0;0;12
baseline_measure_overlap;happy_guided_reordered;happy;1;Q1_sales_growth;True;c3;True;0;0;0;0.333333;0.0193;;0;0;12
baseline_measure_overlap;happy_guided_reordered;happy;2;Q2_margin_month;True;c1;True;0;0;0;0.666667;0.005;;0;0;12
baseline_measure_overlap;happy_guided_reordered;happy;3;Q3_stockout_store;True;c2;True;0;0;0;1.0;0.0043;;0;0;12
ablation_no_sat;happy_guided_reordered;happy;1;Q1_sales_growth;True;c3;True;0;0;0;0.333333;0.3893;True;2;1;12
ablation_no_sat;happy_guided_reordered;happy;2;Q2_margin_month;True;c1;True;0;0;0;0.666667;0.2437;True;1;1;12
ablation_no_sat;happy_guided_reordered;happy;3;Q3_stockout_store;True;c2;True;0;0;0;1.0;0.245;True;1;1;12
ablation_no_real;happy_guided_reordered;happy;1;Q1_sales_growth;True;c3;True;0;0;0;0.333333;0.4052;True;2;1;12
ablation_no_real;happy_guided_reordered;happy;2;Q2_margin_month;True;c1;True;0;0;0;0.666667;0.2531;True;1;1;12
ablation_no_real;happy_guided_reordered;happy;3;Q3_stockout_store;True;c2;True;0;0;0;1.0;0.2418;True;1;1;12
ablation_ceval_any_intersection;happy_guided_reordered;happy;1;Q1_sales_growth;True;c3;True;0;0;0;0.333333;0.3913;True;2;1;12
ablation_ceval_any_intersection;happy_guided_reordered;happy;2;Q2_margin_month;True;c1;True;0;0;0;0.666667;0.2449;True;1;1;12
ablation_ceval_any_intersection;happy_guided_reordered;happy;3;Q3_stockout_store;True;c2;True;0;0;0;1.0;0.2384;True;1;1;12
baseline_random_matched;happy_guided_reordered;happy;1;Q1_sales_growth;True;c3;False;0;1;0;0.0;0.0044;;0;0;12
baseline_random_matched;happy_guided_reordered;happy;2;Q2_margin_month;True;c1;True;0;0;0;0.333333;0.0006;;0;0;12
baseline_random_matched;happy_guided_reordered;happy;3;Q3_stockout_store;True;c2;False;0;1;0;0.333333;0.0005;;0;0;12
mcad;happy_guided_compact;happy;1;Q1_margin_month;True;c1;True;0;0;0;0.333333;0.3052;True;1;1;12
mcad;happy_guided_compact;happy;2;Q2_sales_growth;True;c3;True;0;0;0;0.666667;0.3429;True;2;1;12
mcad;happy_guided_compact;happy;3;Q3_stockout_store;True;c2;True;0;0;0;1.0;0.239;True;1;1;12
baseline_naive;happy_guided_compact;happy;1;Q1_margin_month;True;c1;True;0;0;0;0.333333;0.0017;;0;0;12
baseline_naive;happy_guided_compact;happy;2;Q2_sales_growth;True;c3;True;0;0;0;0.666667;0.0006;;0;0;12
baseline_naive;happy_guided_compact;happy;3;Q3_stockout_store;True;c2;True;0;0;0;1.0;0.0003;;0;0;12
baseline_measure_overlap;happy_guided_compact;happy;1;Q1_margin_month;True;c1;True;0;0;0;0.333333;0.0199;;0;0;12
baseline_measure_overlap;happy_guided_compact;happy;2;Q2_sales_growth;True;c3;True;0;0;0;0.666667;0.0053;;0;0;12
baseline_measure_overlap;happy_guided_compact;happy;3;Q3_stockout_store;True;c2;True;0;0;0;1.0;0.0045;;0;0;12
ablation_no_sat;happy_guided_compact;happy;1;Q1_margin_month;True;c1;True;0;0;0;0.333333;0.3166;True;1;1;12
ablation_no_sat;happy_guided_compact;happy;2;Q2_sales_growth;True;c3;True;0;0;0;0.666667;0.3321;True;2;1;12
ablation_no_sat;happy_guided_compact;happy;3;Q3_stockout_store;True;c2;True;0;0;0;1.0;0.2389;True;1;1;12
ablation_no_real;happy_guided_compact;happy;1;Q1_margin_month;True;c1;True;0;0;0;0.333333;0.3213;True;1;1;12
ablation_no_real;happy_guided_compact;happy;2;Q2_sales_growth;True;c3;True;0;0;0;0.666667;0.3372;True;2;1;12
ablation_no_real;happy_guided_compact;happy;3;Q3_stockout_store;True;c2;True;0;0;0;1.0;0.2429;True;1;1;12
ablation_ceval_any_intersection;happy_guided_compact;happy;1;Q1_margin_month;True;c1;True;0;0;0;0.333333;0.3008;True;1;1;12
ablation_ceval_any_intersection;happy_guided_compact;happy;2;Q2_sales_growth;True;c3;True;0;0;0;0.666667;0.3388;True;2;1;12
ablation_ceval_any_intersection;happy_guided_compact;happy;3;Q3_stockout_store;True;c2;True;0;0;0;1.0;0.2378;True;1;1;12
baseline_random_matched;happy_guided_compact;happy;1;Q1_margin_month;True;c1;True;0;0;0;0.333333;0.0041;;0;0;12
baseline_random_matched;happy_guided_compact;happy;2;Q2_sales_growth;True;c3;True;0;0;0;0.666667;0.001;;0;0;12
baseline_random_matched;happy_guided_compact;happy;3;Q3_stockout_store;True;c2;True;0;0;0;1.0;0.0005;;0;0;12
mcad;border_growth_partial_1998_only;border;1;Q1_sales_1998_only;False;;False;0;0;0;0.0;0.3643;True;1;0;12
baseline_naive;border_growth_partial_1998_only;border;1;Q1_sales_1998_only;False;;True;1;0;1;0.0;0.0015;;0;0;12
baseline_measure_overlap;border_growth_partial_1998_only;border;1;Q1_sales_1998_only;False;;True;1;0;1;0.0;0.0187;;0;0;12
ablation_no_sat;border_growth_partial_1998_only;border;1;Q1_sales_1998_only;False;;False;0;0;0;0.0;0.3716;True;1;0;12
ablation_no_real;border_growth_partial_1998_only;border;1;Q1_sales_1998_only;False;;True;1;0;1;0.0;0.3837;True;1;0;12
ablation_ceval_any_intersection;border_growth_partial_1998_only;border;1;Q1_sales_1998_only;False;;True;1;0;1;0.0;0.3646;True;1;1;12
baseline_random_matched;border_growth_partial_1998_only;border;1;Q1_sales_1998_only;False;;True;1;0;1;0.0;0.0044;;0;0;12
mcad;border_margin_wrong_grain;border;1;Q1_margin_quarter_only;False;;False;0;0;0;0.0;0.2497;False;0;0;12
baseline_naive;border_margin_wrong_grain;border;1;Q1_margin_quarter_only;False;;True;1;0;1;0.0;0.0016;;0;0;12
baseline_measure_overlap;border_margin_wrong_grain;border;1;Q1_margin_quarter_only;False;;True;1;0;1;0.0;0.02;;0;0;12
ablation_no_sat;border_margin_wrong_grain;border;1;Q1_margin_quarter_only;False;;False;0;0;0;0.0;0.3005;False;0;0;12
ablation_no_real;border_margin_wrong_grain;border;1;Q1_margin_quarter_only;False;;False;0;0;0;0.0;0.2425;False;0;0;12
ablation_ceval_any_intersection;border_margin_wrong_grain;border;1;Q1_margin_quarter_only;False;;False;0;0;0;0.0;0.2249;False;0;0;12
baseline_random_matched;border_margin_wrong_grain;border;1;Q1_margin_quarter_only;False;;False;0;0;0;0.0;0.0041;;0;0;12
mcad;border_stockout_missing_store;border;1;Q1_stockout_category_only;False;;False;0;0;0;0.0;0.2276;False;0;0;12
baseline_naive;border_stockout_missing_store;border;1;Q1_stockout_category_only;False;;True;1;0;1;0.0;0.0015;;0;0;12
baseline_measure_overlap;border_stockout_missing_store;border;1;Q1_stockout_category_only;False;;True;1;0;1;0.0;0.0189;;0;0;12
ablation_no_sat;border_stockout_missing_store;border;1;Q1_stockout_category_only;False;;False;0;0;0;0.0;0.2883;False;0;0;12
ablation_no_real;border_stockout_missing_store;border;1;Q1_stockout_category_only;False;;False;0;0;0;0.0;0.2609;False;0;0;12
ablation_ceval_any_intersection;border_stockout_missing_store;border;1;Q1_stockout_category_only;False;;False;0;0;0;0.0;0.227;False;0;0;12
baseline_random_matched;border_stockout_missing_store;border;1;Q1_stockout_category_only;False;;True;1;0;1;0.0;0.0051;;0;0;12
mcad;adversarial_wrong_region;adversarial;1;Q1_margin_south;False;;False;0;0;0;0.0;0.1947;False;0;0;12
baseline_naive;adversarial_wrong_region;adversarial;1;Q1_margin_south;False;;True;1;0;1;0.0;0.0013;;0;0;12
baseline_measure_overlap;adversarial_wrong_region;adversarial;1;Q1_margin_south;False;;True;1;0;1;0.0;0.0287;;0;0;12
ablation_no_sat;adversarial_wrong_region;adversarial;1;Q1_margin_south;False;;False;0;0;0;0.0;0.2479;False;0;0;12
ablation_no_real;adversarial_wrong_region;adversarial;1;Q1_margin_south;False;;False;0;0;0;0.0;0.2064;False;0;0;12
ablation_ceval_any_intersection;adversarial_wrong_region;adversarial;1;Q1_margin_south;False;;False;0;0;0;0.0;0.1922;False;0;0;12
baseline_random_matched;adversarial_wrong_region;adversarial;1;Q1_margin_south;False;;True;1;0;1;0.0;0.0046;;0;0;12
mcad;adversarial_wrong_year;adversarial;1;Q1_stockout_1997;False;;False;0;0;0;0.0;0.1881;False;0;0;12
baseline_naive;adversarial_wrong_year;adversarial;1;Q1_stockout_1997;False;;True;1;0;1;0.0;0.0015;;0;0;12
baseline_measure_overlap;adversarial_wrong_year;adversarial;1;Q1_stockout_1997;False;;True;1;0;1;0.0;0.0201;;0;0;12
ablation_no_sat;adversarial_wrong_year;adversarial;1;Q1_stockout_1997;False;;False;0;0;0;0.0;0.216;False;0;0;12
ablation_no_real;adversarial_wrong_year;adversarial;1;Q1_stockout_1997;False;;False;0;0;0;0.0;0.2099;False;0;0;12
ablation_ceval_any_intersection;adversarial_wrong_year;adversarial;1;Q1_stockout_1997;False;;False;0;0;0;0.0;0.1901;False;0;0;12
baseline_random_matched;adversarial_wrong_year;adversarial;1;Q1_stockout_1997;False;;False;0;0;0;0.0;0.0041;;0;0;12
mcad;adversarial_invalid_no_measures;adversarial;1;Q1_invalid_no_measure;False;;False;0;0;0;0.0;0.0954;False;0;0;12
baseline_naive;adversarial_invalid_no_measures;adversarial;1;Q1_invalid_no_measure;False;;True;1;0;1;0.0;0.0019;;0;0;12
baseline_measure_overlap;adversarial_invalid_no_measures;adversarial;1;Q1_invalid_no_measure;False;;False;0;0;0;0.0;0.0202;;0;0;12
ablation_no_sat;adversarial_invalid_no_measures;adversarial;1;Q1_invalid_no_measure;False;;False;0;0;0;0.0;0.1099;False;0;0;12
ablation_no_real;adversarial_invalid_no_measures;adversarial;1;Q1_invalid_no_measure;False;;False;0;0;0;0.0;0.1115;False;0;0;12
ablation_ceval_any_intersection;adversarial_invalid_no_measures;adversarial;1;Q1_invalid_no_measure;False;;False;0;0;0;0.0;0.0952;False;0;0;12
baseline_random_matched;adversarial_invalid_no_measures;adversarial;1;Q1_invalid_no_measure;False;;True;1;0;1;0.0;0.0049;;0;0;12
mcad;stress_exploratory_then_useful;stress;1;Q1_noise_region;False;;False;0;0;0;0.0;0.221;False;0;0;12
mcad;stress_exploratory_then_useful;stress;2;Q2_noise_margin_all;False;;False;0;0;0;0.0;0.14;False;0;0;12
mcad;stress_exploratory_then_useful;stress;3;Q3_useful_margin;True;c1;True;0;0;0;0.333333;0.2472;True;1;1;12
baseline_naive;stress_exploratory_then_useful;stress;1;Q1_noise_region;False;;True;1;0;1;0.0;0.0013;;0;0;12
baseline_naive;stress_exploratory_then_useful;stress;2;Q2_noise_margin_all;False;;True;1;0;1;0.0;0.0006;;0;0;12
baseline_naive;stress_exploratory_then_useful;stress;3;Q3_useful_margin;True;c1;True;0;0;0;0.333333;0.0003;;0;0;12
baseline_measure_overlap;stress_exploratory_then_useful;stress;1;Q1_noise_region;False;;True;1;0;1;0.0;0.019;;0;0;12
baseline_measure_overlap;stress_exploratory_then_useful;stress;2;Q2_noise_margin_all;False;;True;1;0;1;0.0;0.0055;;0;0;12
baseline_measure_overlap;stress_exploratory_then_useful;stress;3;Q3_useful_margin;True;c1;True;0;0;0;0.333333;0.0042;;0;0;12
ablation_no_sat;stress_exploratory_then_useful;stress;1;Q1_noise_region;False;;False;0;0;0;0.0;0.2664;False;0;0;12
ablation_no_sat;stress_exploratory_then_useful;stress;2;Q2_noise_margin_all;False;;False;0;0;0;0.0;0.1686;False;0;0;12
ablation_no_sat;stress_exploratory_then_useful;stress;3;Q3_useful_margin;True;c1;True;0;0;0;0.333333;0.2432;True;1;1;12
ablation_no_real;stress_exploratory_then_useful;stress;1;Q1_noise_region;False;;False;0;0;0;0.0;0.2484;False;0;0;12
ablation_no_real;stress_exploratory_then_useful;stress;2;Q2_noise_margin_all;False;;False;0;0;0;0.0;0.147;False;0;0;12
ablation_no_real;stress_exploratory_then_useful;stress;3;Q3_useful_margin;True;c1;True;0;0;0;0.333333;0.2523;True;1;1;12
ablation_ceval_any_intersection;stress_exploratory_then_useful;stress;1;Q1_noise_region;False;;False;0;0;0;0.0;0.2627;False;0;0;12
ablation_ceval_any_intersection;stress_exploratory_then_useful;stress;2;Q2_noise_margin_all;False;;False;0;0;0;0.0;0.158;False;0;0;12
ablation_ceval_any_intersection;stress_exploratory_then_useful;stress;3;Q3_useful_margin;True;c1;True;0;0;0;0.333333;0.2528;True;1;1;12
baseline_random_matched;stress_exploratory_then_useful;stress;1;Q1_noise_region;False;;False;0;0;0;0.0;0.0041;;0;0;12
baseline_random_matched;stress_exploratory_then_useful;stress;2;Q2_noise_margin_all;False;;False;0;0;0;0.0;0.0007;;0;0;12
baseline_random_matched;stress_exploratory_then_useful;stress;3;Q3_useful_margin;True;c1;False;0;1;0;0.0;0.0004;;0;0;12
mcad;happy_guided_article_short;happy;1;Q1_margin_month;True;c1;True;0;0;0;0.333333;0.3064;True;1;1;13
mcad;happy_guided_article_short;happy;2;Q2_stockout_store;True;c2;True;0;0;0;0.666667;0.243;True;1;1;13
mcad;happy_guided_article_short;happy;3;Q3_sales_growth;True;c3;True;0;0;0;1.0;0.3568;True;2;1;13
baseline_naive;happy_guided_article_short;happy;1;Q1_margin_month;True;c1;True;0;0;0;0.333333;0.0015;;0;0;13
baseline_naive;happy_guided_article_short;happy;2;Q2_stockout_store;True;c2;True;0;0;0;0.666667;0.0005;;0;0;13
baseline_naive;happy_guided_article_short;happy;3;Q3_sales_growth;True;c3;True;0;0;0;1.0;0.0004;;0;0;13
baseline_measure_overlap;happy_guided_article_short;happy;1;Q1_margin_month;True;c1;True;0;0;0;0.333333;0.0198;;0;0;13
baseline_measure_overlap;happy_guided_article_short;happy;2;Q2_stockout_store;True;c2;True;0;0;0;0.666667;0.0055;;0;0;13
baseline_measure_overlap;happy_guided_article_short;happy;3;Q3_sales_growth;True;c3;True;0;0;0;1.0;0.0046;;0;0;13
ablation_no_sat;happy_guided_article_short;happy;1;Q1_margin_month;True;c1;True;0;0;0;0.333333;0.3131;True;1;1;13
ablation_no_sat;happy_guided_article_short;happy;2;Q2_stockout_store;True;c2;True;0;0;0;0.666667;0.2447;True;1;1;13
ablation_no_sat;happy_guided_article_short;happy;3;Q3_sales_growth;True;c3;True;0;0;0;1.0;0.3273;True;2;1;13
ablation_no_real;happy_guided_article_short;happy;1;Q1_margin_month;True;c1;True;0;0;0;0.333333;0.3228;True;1;1;13
ablation_no_real;happy_guided_article_short;happy;2;Q2_stockout_store;True;c2;True;0;0;0;0.666667;0.2747;True;1;1;13
ablation_no_real;happy_guided_article_short;happy;3;Q3_sales_growth;True;c3;True;0;0;0;1.0;0.3346;True;2;1;13
ablation_ceval_any_intersection;happy_guided_article_short;happy;1;Q1_margin_month;True;c1;True;0;0;0;0.333333;0.315;True;1;1;13
ablation_ceval_any_intersection;happy_guided_article_short;happy;2;Q2_stockout_store;True;c2;True;0;0;0;0.666667;0.2533;True;1;1;13
ablation_ceval_any_intersection;happy_guided_article_short;happy;3;Q3_sales_growth;True;c3;True;0;0;0;1.0;0.3273;True;2;1;13
baseline_random_matched;happy_guided_article_short;happy;1;Q1_margin_month;True;c1;True;0;0;0;0.333333;0.0046;;0;0;13
baseline_random_matched;happy_guided_article_short;happy;2;Q2_stockout_store;True;c2;True;0;0;0;0.666667;0.0007;;0;0;13
baseline_random_matched;happy_guided_article_short;happy;3;Q3_sales_growth;True;c3;True;0;0;0;1.0;0.0004;;0;0;13
mcad;happy_guided_reordered;happy;1;Q1_sales_growth;True;c3;True;0;0;0;0.333333;0.4022;True;2;1;13
mcad;happy_guided_reordered;happy;2;Q2_margin_month;True;c1;True;0;0;0;0.666667;0.2477;True;1;1;13
mcad;happy_guided_reordered;happy;3;Q3_stockout_store;True;c2;True;0;0;0;1.0;0.2388;True;1;1;13
baseline_naive;happy_guided_reordered;happy;1;Q1_sales_growth;True;c3;True;0;0;0;0.333333;0.0018;;0;0;13
baseline_naive;happy_guided_reordered;happy;2;Q2_margin_month;True;c1;True;0;0;0;0.666667;0.0006;;0;0;13
baseline_naive;happy_guided_reordered;happy;3;Q3_stockout_store;True;c2;True;0;0;0;1.0;0.0003;;0;0;13
baseline_measure_overlap;happy_guided_reordered;happy;1;Q1_sales_growth;True;c3;True;0;0;0;0.333333;0.0197;;0;0;13
baseline_measure_overlap;happy_guided_reordered;happy;2;Q2_margin_month;True;c1;True;0;0;0;0.666667;0.0051;;0;0;13
baseline_measure_overlap;happy_guided_reordered;happy;3;Q3_stockout_store;True;c2;True;0;0;0;1.0;0.0047;;0;0;13
ablation_no_sat;happy_guided_reordered;happy;1;Q1_sales_growth;True;c3;True;0;0;0;0.333333;0.4062;True;2;1;13
ablation_no_sat;happy_guided_reordered;happy;2;Q2_margin_month;True;c1;True;0;0;0;0.666667;0.2981;True;1;1;13
ablation_no_sat;happy_guided_reordered;happy;3;Q3_stockout_store;True;c2;True;0;0;0;1.0;0.2407;True;1;1;13
ablation_no_real;happy_guided_reordered;happy;1;Q1_sales_growth;True;c3;True;0;0;0;0.333333;0.4107;True;2;1;13
ablation_no_real;happy_guided_reordered;happy;2;Q2_margin_month;True;c1;True;0;0;0;0.666667;0.2537;True;1;1;13
ablation_no_real;happy_guided_reordered;happy;3;Q3_stockout_store;True;c2;True;0;0;0;1.0;0.2439;True;1;1;13
ablation_ceval_any_intersection;happy_guided_reordered;happy;1;Q1_sales_growth;True;c3;True;0;0;0;0.333333;0.3878;True;2;1;13
ablation_ceval_any_intersection;happy_guided_reordered;happy;2;Q2_margin_month;True;c1;True;0;0;0;0.666667;0.2549;True;1;1;13
ablation_ceval_any_intersection;happy_guided_reordered;happy;3;Q3_stockout_store;True;c2;True;0;0;0;1.0;0.2347;True;1;1;13
baseline_random_matched;happy_guided_reordered;happy;1;Q1_sales_growth;True;c3;True;0;0;0;0.333333;0.0045;;0;0;13
baseline_random_matched;happy_guided_reordered;happy;2;Q2_margin_month;True;c1;True;0;0;0;0.666667;0.0006;;0;0;13
baseline_random_matched;happy_guided_reordered;happy;3;Q3_stockout_store;True;c2;True;0;0;0;1.0;0.0004;;0;0;13
mcad;happy_guided_compact;happy;1;Q1_margin_month;True;c1;True;0;0;0;0.333333;0.5469;True;1;1;13
mcad;happy_guided_compact;happy;2;Q2_sales_growth;True;c3;True;0;0;0;0.666667;0.5507;True;2;1;13
mcad;happy_guided_compact;happy;3;Q3_stockout_store;True;c2;True;0;0;0;1.0;0.4035;True;1;1;13
baseline_naive;happy_guided_compact;happy;1;Q1_margin_month;True;c1;True;0;0;0;0.333333;0.0026;;0;0;13
baseline_naive;happy_guided_compact;happy;2;Q2_sales_growth;True;c3;True;0;0;0;0.666667;0.0009;;0;0;13
baseline_naive;happy_guided_compact;happy;3;Q3_stockout_store;True;c2;True;0;0;0;1.0;0.0006;;0;0;13
baseline_measure_overlap;happy_guided_compact;happy;1;Q1_margin_month;True;c1;True;0;0;0;0.333333;0.0198;;0;0;13
baseline_measure_overlap;happy_guided_compact;happy;2;Q2_sales_growth;True;c3;True;0;0;0;0.666667;0.0054;;0;0;13
baseline_measure_overlap;happy_guided_compact;happy;3;Q3_stockout_store;True;c2;True;0;0;0;1.0;0.0045;;0;0;13
ablation_no_sat;happy_guided_compact;happy;1;Q1_margin_month;True;c1;True;0;0;0;0.333333;0.3067;True;1;1;13
ablation_no_sat;happy_guided_compact;happy;2;Q2_sales_growth;True;c3;True;0;0;0;0.666667;0.3441;True;2;1;13
ablation_no_sat;happy_guided_compact;happy;3;Q3_stockout_store;True;c2;True;0;0;0;1.0;0.2406;True;1;1;13
ablation_no_real;happy_guided_compact;happy;1;Q1_margin_month;True;c1;True;0;0;0;0.333333;0.312;True;1;1;13
ablation_no_real;happy_guided_compact;happy;2;Q2_sales_growth;True;c3;True;0;0;0;0.666667;0.3477;True;2;1;13
ablation_no_real;happy_guided_compact;happy;3;Q3_stockout_store;True;c2;True;0;0;0;1.0;0.2467;True;1;1;13
ablation_ceval_any_intersection;happy_guided_compact;happy;1;Q1_margin_month;True;c1;True;0;0;0;0.333333;0.3041;True;1;1;13
ablation_ceval_any_intersection;happy_guided_compact;happy;2;Q2_sales_growth;True;c3;True;0;0;0;0.666667;0.3315;True;2;1;13
ablation_ceval_any_intersection;happy_guided_compact;happy;3;Q3_stockout_store;True;c2;True;0;0;0;1.0;0.2467;True;1;1;13
baseline_random_matched;happy_guided_compact;happy;1;Q1_margin_month;True;c1;True;0;0;0;0.333333;0.0045;;0;0;13
baseline_random_matched;happy_guided_compact;happy;2;Q2_sales_growth;True;c3;False;0;1;0;0.333333;0.0007;;0;0;13
baseline_random_matched;happy_guided_compact;happy;3;Q3_stockout_store;True;c2;False;0;1;0;0.333333;0.0004;;0;0;13
mcad;border_growth_partial_1998_only;border;1;Q1_sales_1998_only;False;;False;0;0;0;0.0;0.3659;True;1;0;13
baseline_naive;border_growth_partial_1998_only;border;1;Q1_sales_1998_only;False;;True;1;0;1;0.0;0.0017;;0;0;13
baseline_measure_overlap;border_growth_partial_1998_only;border;1;Q1_sales_1998_only;False;;True;1;0;1;0.0;0.0202;;0;0;13
ablation_no_sat;border_growth_partial_1998_only;border;1;Q1_sales_1998_only;False;;False;0;0;0;0.0;0.3829;True;1;0;13
ablation_no_real;border_growth_partial_1998_only;border;1;Q1_sales_1998_only;False;;True;1;0;1;0.0;0.368;True;1;0;13
ablation_ceval_any_intersection;border_growth_partial_1998_only;border;1;Q1_sales_1998_only;False;;True;1;0;1;0.0;0.3614;True;1;1;13
baseline_random_matched;border_growth_partial_1998_only;border;1;Q1_sales_1998_only;False;;True;1;0;1;0.0;0.0045;;0;0;13
mcad;border_margin_wrong_grain;border;1;Q1_margin_quarter_only;False;;False;0;0;0;0.0;0.2208;False;0;0;13
baseline_naive;border_margin_wrong_grain;border;1;Q1_margin_quarter_only;False;;True;1;0;1;0.0;0.0019;;0;0;13
baseline_measure_overlap;border_margin_wrong_grain;border;1;Q1_margin_quarter_only;False;;True;1;0;1;0.0;0.0195;;0;0;13
ablation_no_sat;border_margin_wrong_grain;border;1;Q1_margin_quarter_only;False;;False;0;0;0;0.0;0.2869;False;0;0;13
ablation_no_real;border_margin_wrong_grain;border;1;Q1_margin_quarter_only;False;;False;0;0;0;0.0;0.229;False;0;0;13
ablation_ceval_any_intersection;border_margin_wrong_grain;border;1;Q1_margin_quarter_only;False;;False;0;0;0;0.0;0.2183;False;0;0;13
baseline_random_matched;border_margin_wrong_grain;border;1;Q1_margin_quarter_only;False;;False;0;0;0;0.0;0.0051;;0;0;13
mcad;border_stockout_missing_store;border;1;Q1_stockout_category_only;False;;False;0;0;0;0.0;0.2236;False;0;0;13
baseline_naive;border_stockout_missing_store;border;1;Q1_stockout_category_only;False;;True;1;0;1;0.0;0.0014;;0;0;13
baseline_measure_overlap;border_stockout_missing_store;border;1;Q1_stockout_category_only;False;;True;1;0;1;0.0;0.0201;;0;0;13
ablation_no_sat;border_stockout_missing_store;border;1;Q1_stockout_category_only;False;;False;0;0;0;0.0;0.2844;False;0;0;13
ablation_no_real;border_stockout_missing_store;border;1;Q1_stockout_category_only;False;;False;0;0;0;0.0;0.2234;False;0;0;13
ablation_ceval_any_intersection;border_stockout_missing_store;border;1;Q1_stockout_category_only;False;;False;0;0;0;0.0;0.2233;False;0;0;13
baseline_random_matched;border_stockout_missing_store;border;1;Q1_stockout_category_only;False;;True;1;0;1;0.0;0.0041;;0;0;13
mcad;adversarial_wrong_region;adversarial;1;Q1_margin_south;False;;False;0;0;0;0.0;0.2053;False;0;0;13
baseline_naive;adversarial_wrong_region;adversarial;1;Q1_margin_south;False;;True;1;0;1;0.0;0.0024;;0;0;13
baseline_measure_overlap;adversarial_wrong_region;adversarial;1;Q1_margin_south;False;;True;1;0;1;0.0;0.0201;;0;0;13
ablation_no_sat;adversarial_wrong_region;adversarial;1;Q1_margin_south;False;;False;0;0;0;0.0;0.2348;False;0;0;13
ablation_no_real;adversarial_wrong_region;adversarial;1;Q1_margin_south;False;;False;0;0;0;0.0;0.204;False;0;0;13
ablation_ceval_any_intersection;adversarial_wrong_region;adversarial;1;Q1_margin_south;False;;False;0;0;0;0.0;0.1936;False;0;0;13
baseline_random_matched;adversarial_wrong_region;adversarial;1;Q1_margin_south;False;;True;1;0;1;0.0;0.0038;;0;0;13
mcad;adversarial_wrong_year;adversarial;1;Q1_stockout_1997;False;;False;0;0;0;0.0;0.2006;False;0;0;13
baseline_naive;adversarial_wrong_year;adversarial;1;Q1_stockout_1997;False;;True;1;0;1;0.0;0.0016;;0;0;13
baseline_measure_overlap;adversarial_wrong_year;adversarial;1;Q1_stockout_1997;False;;True;1;0;1;0.0;0.0204;;0;0;13
ablation_no_sat;adversarial_wrong_year;adversarial;1;Q1_stockout_1997;False;;False;0;0;0;0.0;0.2302;False;0;0;13
ablation_no_real;adversarial_wrong_year;adversarial;1;Q1_stockout_1997;False;;False;0;0;0;0.0;0.1995;False;0;0;13
ablation_ceval_any_intersection;adversarial_wrong_year;adversarial;1;Q1_stockout_1997;False;;False;0;0;0;0.0;0.1957;False;0;0;13
baseline_random_matched;adversarial_wrong_year;adversarial;1;Q1_stockout_1997;False;;False;0;0;0;0.0;0.0045;;0;0;13
mcad;adversarial_invalid_no_measures;adversarial;1;Q1_invalid_no_measure;False;;False;0;0;0;0.0;0.0962;False;0;0;13
baseline_naive;adversarial_invalid_no_measures;adversarial;1;Q1_invalid_no_measure;False;;True;1;0;1;0.0;0.0015;;0;0;13
baseline_measure_overlap;adversarial_invalid_no_measures;adversarial;1;Q1_invalid_no_measure;False;;False;0;0;0;0.0;0.0197;;0;0;13
ablation_no_sat;adversarial_invalid_no_measures;adversarial;1;Q1_invalid_no_measure;False;;False;0;0;0;0.0;0.115;False;0;0;13
ablation_no_real;adversarial_invalid_no_measures;adversarial;1;Q1_invalid_no_measure;False;;False;0;0;0;0.0;0.1044;False;0;0;13
ablation_ceval_any_intersection;adversarial_invalid_no_measures;adversarial;1;Q1_invalid_no_measure;False;;False;0;0;0;0.0;0.0954;False;0;0;13
baseline_random_matched;adversarial_invalid_no_measures;adversarial;1;Q1_invalid_no_measure;False;;False;0;0;0;0.0;0.0043;;0;0;13
mcad;stress_exploratory_then_useful;stress;1;Q1_noise_region;False;;False;0;0;0;0.0;0.2312;False;0;0;13
mcad;stress_exploratory_then_useful;stress;2;Q2_noise_margin_all;False;;False;0;0;0;0.0;0.1418;False;0;0;13
mcad;stress_exploratory_then_useful;stress;3;Q3_useful_margin;True;c1;True;0;0;0;0.333333;0.2497;True;1;1;13
baseline_naive;stress_exploratory_then_useful;stress;1;Q1_noise_region;False;;True;1;0;1;0.0;0.0016;;0;0;13
baseline_naive;stress_exploratory_then_useful;stress;2;Q2_noise_margin_all;False;;True;1;0;1;0.0;0.0009;;0;0;13
baseline_naive;stress_exploratory_then_useful;stress;3;Q3_useful_margin;True;c1;True;0;0;0;0.333333;0.0003;;0;0;13
baseline_measure_overlap;stress_exploratory_then_useful;stress;1;Q1_noise_region;False;;True;1;0;1;0.0;0.0237;;0;0;13
baseline_measure_overlap;stress_exploratory_then_useful;stress;2;Q2_noise_margin_all;False;;True;1;0;1;0.0;0.0055;;0;0;13
baseline_measure_overlap;stress_exploratory_then_useful;stress;3;Q3_useful_margin;True;c1;True;0;0;0;0.333333;0.0041;;0;0;13
ablation_no_sat;stress_exploratory_then_useful;stress;1;Q1_noise_region;False;;False;0;0;0;0.0;0.2631;False;0;0;13
ablation_no_sat;stress_exploratory_then_useful;stress;2;Q2_noise_margin_all;False;;False;0;0;0;0.0;0.181;False;0;0;13
ablation_no_sat;stress_exploratory_then_useful;stress;3;Q3_useful_margin;True;c1;True;0;0;0;0.333333;0.2486;True;1;1;13
ablation_no_real;stress_exploratory_then_useful;stress;1;Q1_noise_region;False;;False;0;0;0;0.0;0.2309;False;0;0;13
ablation_no_real;stress_exploratory_then_useful;stress;2;Q2_noise_margin_all;False;;False;0;0;0;0.0;0.1612;False;0;0;13
ablation_no_real;stress_exploratory_then_useful;stress;3;Q3_useful_margin;True;c1;True;0;0;0;0.333333;0.2575;True;1;1;13
ablation_ceval_any_intersection;stress_exploratory_then_useful;stress;1;Q1_noise_region;False;;False;0;0;0;0.0;0.2299;False;0;0;13
ablation_ceval_any_intersection;stress_exploratory_then_useful;stress;2;Q2_noise_margin_all;False;;False;0;0;0;0.0;0.1461;False;0;0;13
ablation_ceval_any_intersection;stress_exploratory_then_useful;stress;3;Q3_useful_margin;True;c1;True;0;0;0;0.333333;0.2656;True;1;1;13
baseline_random_matched;stress_exploratory_then_useful;stress;1;Q1_noise_region;False;;False;0;0;0;0.0;0.0038;;0;0;13
baseline_random_matched;stress_exploratory_then_useful;stress;2;Q2_noise_margin_all;False;;True;1;0;1;0.0;0.0007;;0;0;13
baseline_random_matched;stress_exploratory_then_useful;stress;3;Q3_useful_margin;True;c1;True;0;0;0;0.333333;0.0005;;0;0;13
mcad;happy_guided_article_short;happy;1;Q1_margin_month;True;c1;True;0;0;0;0.333333;0.3108;True;1;1;14
mcad;happy_guided_article_short;happy;2;Q2_stockout_store;True;c2;True;0;0;0;0.666667;0.244;True;1;1;14
mcad;happy_guided_article_short;happy;3;Q3_sales_growth;True;c3;True;0;0;0;1.0;0.3375;True;2;1;14
baseline_naive;happy_guided_article_short;happy;1;Q1_margin_month;True;c1;True;0;0;0;0.333333;0.0019;;0;0;14
baseline_naive;happy_guided_article_short;happy;2;Q2_stockout_store;True;c2;True;0;0;0;0.666667;0.0005;;0;0;14
baseline_naive;happy_guided_article_short;happy;3;Q3_sales_growth;True;c3;True;0;0;0;1.0;0.0004;;0;0;14
baseline_measure_overlap;happy_guided_article_short;happy;1;Q1_margin_month;True;c1;True;0;0;0;0.333333;0.0243;;0;0;14
baseline_measure_overlap;happy_guided_article_short;happy;2;Q2_stockout_store;True;c2;True;0;0;0;0.666667;0.0052;;0;0;14
baseline_measure_overlap;happy_guided_article_short;happy;3;Q3_sales_growth;True;c3;True;0;0;0;1.0;0.0044;;0;0;14
ablation_no_sat;happy_guided_article_short;happy;1;Q1_margin_month;True;c1;True;0;0;0;0.333333;0.3086;True;1;1;14
ablation_no_sat;happy_guided_article_short;happy;2;Q2_stockout_store;True;c2;True;0;0;0;0.666667;0.2425;True;1;1;14
ablation_no_sat;happy_guided_article_short;happy;3;Q3_sales_growth;True;c3;True;0;0;0;1.0;0.334;True;2;1;14
ablation_no_real;happy_guided_article_short;happy;1;Q1_margin_month;True;c1;True;0;0;0;0.333333;0.3154;True;1;1;14
ablation_no_real;happy_guided_article_short;happy;2;Q2_stockout_store;True;c2;True;0;0;0;0.666667;0.2465;True;1;1;14
ablation_no_real;happy_guided_article_short;happy;3;Q3_sales_growth;True;c3;True;0;0;0;1.0;0.3712;True;2;1;14
ablation_ceval_any_intersection;happy_guided_article_short;happy;1;Q1_margin_month;True;c1;True;0;0;0;0.333333;0.3075;True;1;1;14
ablation_ceval_any_intersection;happy_guided_article_short;happy;2;Q2_stockout_store;True;c2;True;0;0;0;0.666667;0.2407;True;1;1;14
ablation_ceval_any_intersection;happy_guided_article_short;happy;3;Q3_sales_growth;True;c3;True;0;0;0;1.0;0.3392;True;2;1;14
baseline_random_matched;happy_guided_article_short;happy;1;Q1_margin_month;True;c1;True;0;0;0;0.333333;0.0037;;0;0;14
baseline_random_matched;happy_guided_article_short;happy;2;Q2_stockout_store;True;c2;False;0;1;0;0.333333;0.0007;;0;0;14
baseline_random_matched;happy_guided_article_short;happy;3;Q3_sales_growth;True;c3;False;0;1;0;0.333333;0.0004;;0;0;14
mcad;happy_guided_reordered;happy;1;Q1_sales_growth;True;c3;True;0;0;0;0.333333;0.3938;True;2;1;14
mcad;happy_guided_reordered;happy;2;Q2_margin_month;True;c1;True;0;0;0;0.666667;0.2497;True;1;1;14
mcad;happy_guided_reordered;happy;3;Q3_stockout_store;True;c2;True;0;0;0;1.0;0.2391;True;1;1;14
baseline_naive;happy_guided_reordered;happy;1;Q1_sales_growth;True;c3;True;0;0;0;0.333333;0.0015;;0;0;14
baseline_naive;happy_guided_reordered;happy;2;Q2_margin_month;True;c1;True;0;0;0;0.666667;0.0005;;0;0;14
baseline_naive;happy_guided_reordered;happy;3;Q3_stockout_store;True;c2;True;0;0;0;1.0;0.0003;;0;0;14
baseline_measure_overlap;happy_guided_reordered;happy;1;Q1_sales_growth;True;c3;True;0;0;0;0.333333;0.0203;;0;0;14
baseline_measure_overlap;happy_guided_reordered;happy;2;Q2_margin_month;True;c1;True;0;0;0;0.666667;0.0056;;0;0;14
baseline_measure_overlap;happy_guided_reordered;happy;3;Q3_stockout_store;True;c2;True;0;0;0;1.0;0.0044;;0;0;14
ablation_no_sat;happy_guided_reordered;happy;1;Q1_sales_growth;True;c3;True;0;0;0;0.333333;0.4077;True;2;1;14
ablation_no_sat;happy_guided_reordered;happy;2;Q2_margin_month;True;c1;True;0;0;0;0.666667;0.2481;True;1;1;14
ablation_no_sat;happy_guided_reordered;happy;3;Q3_stockout_store;True;c2;True;0;0;0;1.0;0.241;True;1;1;14
ablation_no_real;happy_guided_reordered;happy;1;Q1_sales_growth;True;c3;True;0;0;0;0.333333;0.4142;True;2;1;14
ablation_no_real;happy_guided_reordered;happy;2;Q2_margin_month;True;c1;True;0;0;0;0.666667;0.2576;True;1;1;14
ablation_no_real;happy_guided_reordered;happy;3;Q3_stockout_store;True;c2;True;0;0;0;1.0;0.2449;True;1;1;14
ablation_ceval_any_intersection;happy_guided_reordered;happy;1;Q1_sales_growth;True;c3;True;0;0;0;0.333333;0.4021;True;2;1;14
ablation_ceval_any_intersection;happy_guided_reordered;happy;2;Q2_margin_month;True;c1;True;0;0;0;0.666667;0.2476;True;1;1;14
ablation_ceval_any_intersection;happy_guided_reordered;happy;3;Q3_stockout_store;True;c2;True;0;0;0;1.0;0.2402;True;1;1;14
baseline_random_matched;happy_guided_reordered;happy;1;Q1_sales_growth;True;c3;True;0;0;0;0.333333;0.0042;;0;0;14
baseline_random_matched;happy_guided_reordered;happy;2;Q2_margin_month;True;c1;True;0;0;0;0.666667;0.0007;;0;0;14
baseline_random_matched;happy_guided_reordered;happy;3;Q3_stockout_store;True;c2;True;0;0;0;1.0;0.0005;;0;0;14
mcad;happy_guided_compact;happy;1;Q1_margin_month;True;c1;True;0;0;0;0.333333;0.317;True;1;1;14
mcad;happy_guided_compact;happy;2;Q2_sales_growth;True;c3;True;0;0;0;0.666667;0.3377;True;2;1;14
mcad;happy_guided_compact;happy;3;Q3_stockout_store;True;c2;True;0;0;0;1.0;0.2411;True;1;1;14
baseline_naive;happy_guided_compact;happy;1;Q1_margin_month;True;c1;True;0;0;0;0.333333;0.0015;;0;0;14
baseline_naive;happy_guided_compact;happy;2;Q2_sales_growth;True;c3;True;0;0;0;0.666667;0.0005;;0;0;14
baseline_naive;happy_guided_compact;happy;3;Q3_stockout_store;True;c2;True;0;0;0;1.0;0.0003;;0;0;14
baseline_measure_overlap;happy_guided_compact;happy;1;Q1_margin_month;True;c1;True;0;0;0;0.333333;0.0211;;0;0;14
baseline_measure_overlap;happy_guided_compact;happy;2;Q2_sales_growth;True;c3;True;0;0;0;0.666667;0.0052;;0;0;14
baseline_measure_overlap;happy_guided_compact;happy;3;Q3_stockout_store;True;c2;True;0;0;0;1.0;0.0044;;0;0;14
ablation_no_sat;happy_guided_compact;happy;1;Q1_margin_month;True;c1;True;0;0;0;0.333333;0.3106;True;1;1;14
ablation_no_sat;happy_guided_compact;happy;2;Q2_sales_growth;True;c3;True;0;0;0;0.666667;0.3459;True;2;1;14
ablation_no_sat;happy_guided_compact;happy;3;Q3_stockout_store;True;c2;True;0;0;0;1.0;0.2467;True;1;1;14
ablation_no_real;happy_guided_compact;happy;1;Q1_margin_month;True;c1;True;0;0;0;0.333333;0.3135;True;1;1;14
ablation_no_real;happy_guided_compact;happy;2;Q2_sales_growth;True;c3;True;0;0;0;0.666667;0.3391;True;2;1;14
ablation_no_real;happy_guided_compact;happy;3;Q3_stockout_store;True;c2;True;0;0;0;1.0;0.2533;True;1;1;14
ablation_ceval_any_intersection;happy_guided_compact;happy;1;Q1_margin_month;True;c1;True;0;0;0;0.333333;0.3061;True;1;1;14
ablation_ceval_any_intersection;happy_guided_compact;happy;2;Q2_sales_growth;True;c3;True;0;0;0;0.666667;0.3359;True;2;1;14
ablation_ceval_any_intersection;happy_guided_compact;happy;3;Q3_stockout_store;True;c2;True;0;0;0;1.0;0.2559;True;1;1;14
baseline_random_matched;happy_guided_compact;happy;1;Q1_margin_month;True;c1;True;0;0;0;0.333333;0.0046;;0;0;14
baseline_random_matched;happy_guided_compact;happy;2;Q2_sales_growth;True;c3;True;0;0;0;0.666667;0.0006;;0;0;14
baseline_random_matched;happy_guided_compact;happy;3;Q3_stockout_store;True;c2;True;0;0;0;1.0;0.0004;;0;0;14
mcad;border_growth_partial_1998_only;border;1;Q1_sales_1998_only;False;;False;0;0;0;0.0;0.366;True;1;0;14
baseline_naive;border_growth_partial_1998_only;border;1;Q1_sales_1998_only;False;;True;1;0;1;0.0;0.0022;;0;0;14
baseline_measure_overlap;border_growth_partial_1998_only;border;1;Q1_sales_1998_only;False;;True;1;0;1;0.0;0.0295;;0;0;14
ablation_no_sat;border_growth_partial_1998_only;border;1;Q1_sales_1998_only;False;;False;0;0;0;0.0;0.6881;True;1;0;14
ablation_no_real;border_growth_partial_1998_only;border;1;Q1_sales_1998_only;False;;True;1;0;1;0.0;0.3824;True;1;0;14
ablation_ceval_any_intersection;border_growth_partial_1998_only;border;1;Q1_sales_1998_only;False;;True;1;0;1;0.0;0.3642;True;1;1;14
baseline_random_matched;border_growth_partial_1998_only;border;1;Q1_sales_1998_only;False;;False;0;0;0;0.0;0.005;;0;0;14
mcad;border_margin_wrong_grain;border;1;Q1_margin_quarter_only;False;;False;0;0;0;0.0;0.2232;False;0;0;14
baseline_naive;border_margin_wrong_grain;border;1;Q1_margin_quarter_only;False;;True;1;0;1;0.0;0.0013;;0;0;14
baseline_measure_overlap;border_margin_wrong_grain;border;1;Q1_margin_quarter_only;False;;True;1;0;1;0.0;0.0191;;0;0;14
ablation_no_sat;border_margin_wrong_grain;border;1;Q1_margin_quarter_only;False;;False;0;0;0;0.0;0.3256;False;0;0;14
ablation_no_real;border_margin_wrong_grain;border;1;Q1_margin_quarter_only;False;;False;0;0;0;0.0;0.2442;False;0;0;14
ablation_ceval_any_intersection;border_margin_wrong_grain;border;1;Q1_margin_quarter_only;False;;False;0;0;0;0.0;0.2257;False;0;0;14
baseline_random_matched;border_margin_wrong_grain;border;1;Q1_margin_quarter_only;False;;False;0;0;0;0.0;0.0047;;0;0;14
mcad;border_stockout_missing_store;border;1;Q1_stockout_category_only;False;;False;0;0;0;0.0;0.2201;False;0;0;14
baseline_naive;border_stockout_missing_store;border;1;Q1_stockout_category_only;False;;True;1;0;1;0.0;0.0015;;0;0;14
baseline_measure_overlap;border_stockout_missing_store;border;1;Q1_stockout_category_only;False;;True;1;0;1;0.0;0.0367;;0;0;14
ablation_no_sat;border_stockout_missing_store;border;1;Q1_stockout_category_only;False;;False;0;0;0;0.0;0.285;False;0;0;14
ablation_no_real;border_stockout_missing_store;border;1;Q1_stockout_category_only;False;;False;0;0;0;0.0;0.2313;False;0;0;14
ablation_ceval_any_intersection;border_stockout_missing_store;border;1;Q1_stockout_category_only;False;;False;0;0;0;0.0;0.2214;False;0;0;14
baseline_random_matched;border_stockout_missing_store;border;1;Q1_stockout_category_only;False;;True;1;0;1;0.0;0.0041;;0;0;14
mcad;adversarial_wrong_region;adversarial;1;Q1_margin_south;False;;False;0;0;0;0.0;0.1926;False;0;0;14
baseline_naive;adversarial_wrong_region;adversarial;1;Q1_margin_south;False;;True;1;0;1;0.0;0.0016;;0;0;14
baseline_measure_overlap;adversarial_wrong_region;adversarial;1;Q1_margin_south;False;;True;1;0;1;0.0;0.0178;;0;0;14
ablation_no_sat;adversarial_wrong_region;adversarial;1;Q1_margin_south;False;;False;0;0;0;0.0;0.2341;False;0;0;14
ablation_no_real;adversarial_wrong_region;adversarial;1;Q1_margin_south;False;;False;0;0;0;0.0;0.2056;False;0;0;14
ablation_ceval_any_intersection;adversarial_wrong_region;adversarial;1;Q1_margin_south;False;;False;0;0;0;0.0;0.192;False;0;0;14
baseline_random_matched;adversarial_wrong_region;adversarial;1;Q1_margin_south;False;;True;1;0;1;0.0;0.0037;;0;0;14
mcad;adversarial_wrong_year;adversarial;1;Q1_stockout_1997;False;;False;0;0;0;0.0;0.1977;False;0;0;14
baseline_naive;adversarial_wrong_year;adversarial;1;Q1_stockout_1997;False;;True;1;0;1;0.0;0.0015;;0;0;14
baseline_measure_overlap;adversarial_wrong_year;adversarial;1;Q1_stockout_1997;False;;True;1;0;1;0.0;0.0263;;0;0;14
ablation_no_sat;adversarial_wrong_year;adversarial;1;Q1_stockout_1997;False;;False;0;0;0;0.0;0.2141;False;0;0;14
ablation_no_real;adversarial_wrong_year;adversarial;1;Q1_stockout_1997;False;;False;0;0;0;0.0;0.198;False;0;0;14
ablation_ceval_any_intersection;adversarial_wrong_year;adversarial;1;Q1_stockout_1997;False;;False;0;0;0;0.0;0.1977;False;0;0;14
baseline_random_matched;adversarial_wrong_year;adversarial;1;Q1_stockout_1997;False;;False;0;0;0;0.0;0.0038;;0;0;14
mcad;adversarial_invalid_no_measures;adversarial;1;Q1_invalid_no_measure;False;;False;0;0;0;0.0;0.0933;False;0;0;14
baseline_naive;adversarial_invalid_no_measures;adversarial;1;Q1_invalid_no_measure;False;;True;1;0;1;0.0;0.0015;;0;0;14
baseline_measure_overlap;adversarial_invalid_no_measures;adversarial;1;Q1_invalid_no_measure;False;;False;0;0;0;0.0;0.0202;;0;0;14
ablation_no_sat;adversarial_invalid_no_measures;adversarial;1;Q1_invalid_no_measure;False;;False;0;0;0;0.0;0.1712;False;0;0;14
ablation_no_real;adversarial_invalid_no_measures;adversarial;1;Q1_invalid_no_measure;False;;False;0;0;0;0.0;0.1131;False;0;0;14
ablation_ceval_any_intersection;adversarial_invalid_no_measures;adversarial;1;Q1_invalid_no_measure;False;;False;0;0;0;0.0;0.1028;False;0;0;14
baseline_random_matched;adversarial_invalid_no_measures;adversarial;1;Q1_invalid_no_measure;False;;False;0;0;0;0.0;0.0043;;0;0;14
mcad;stress_exploratory_then_useful;stress;1;Q1_noise_region;False;;False;0;0;0;0.0;0.2291;False;0;0;14
mcad;stress_exploratory_then_useful;stress;2;Q2_noise_margin_all;False;;False;0;0;0;0.0;0.1416;False;0;0;14
mcad;stress_exploratory_then_useful;stress;3;Q3_useful_margin;True;c1;True;0;0;0;0.333333;0.2477;True;1;1;14
baseline_naive;stress_exploratory_then_useful;stress;1;Q1_noise_region;False;;True;1;0;1;0.0;0.0016;;0;0;14
baseline_naive;stress_exploratory_then_useful;stress;2;Q2_noise_margin_all;False;;True;1;0;1;0.0;0.0004;;0;0;14
baseline_naive;stress_exploratory_then_useful;stress;3;Q3_useful_margin;True;c1;True;0;0;0;0.333333;0.0003;;0;0;14
baseline_measure_overlap;stress_exploratory_then_useful;stress;1;Q1_noise_region;False;;True;1;0;1;0.0;0.0197;;0;0;14
baseline_measure_overlap;stress_exploratory_then_useful;stress;2;Q2_noise_margin_all;False;;True;1;0;1;0.0;0.0051;;0;0;14
baseline_measure_overlap;stress_exploratory_then_useful;stress;3;Q3_useful_margin;True;c1;True;0;0;0;0.333333;0.0041;;0;0;14
ablation_no_sat;stress_exploratory_then_useful;stress;1;Q1_noise_region;False;;False;0;0;0;0.0;0.2776;False;0;0;14
ablation_no_sat;stress_exploratory_then_useful;stress;2;Q2_noise_margin_all;False;;False;0;0;0;0.0;0.1685;False;0;0;14
ablation_no_sat;stress_exploratory_then_useful;stress;3;Q3_useful_margin;True;c1;True;0;0;0;0.333333;0.2444;True;1;1;14
ablation_no_real;stress_exploratory_then_useful;stress;1;Q1_noise_region;False;;False;0;0;0;0.0;0.2288;False;0;0;14
ablation_no_real;stress_exploratory_then_useful;stress;2;Q2_noise_margin_all;False;;False;0;0;0;0.0;0.1494;False;0;0;14
ablation_no_real;stress_exploratory_then_useful;stress;3;Q3_useful_margin;True;c1;True;0;0;0;0.333333;0.2667;True;1;1;14
ablation_ceval_any_intersection;stress_exploratory_then_useful;stress;1;Q1_noise_region;False;;False;0;0;0;0.0;0.2232;False;0;0;14
ablation_ceval_any_intersection;stress_exploratory_then_useful;stress;2;Q2_noise_margin_all;False;;False;0;0;0;0.0;0.1428;False;0;0;14
ablation_ceval_any_intersection;stress_exploratory_then_useful;stress;3;Q3_useful_margin;True;c1;True;0;0;0;0.333333;0.2442;True;1;1;14
baseline_random_matched;stress_exploratory_then_useful;stress;1;Q1_noise_region;False;;False;0;0;0;0.0;0.0047;;0;0;14
baseline_random_matched;stress_exploratory_then_useful;stress;2;Q2_noise_margin_all;False;;True;1;0;1;0.0;0.0006;;0;0;14
baseline_random_matched;stress_exploratory_then_useful;stress;3;Q3_useful_margin;True;c1;True;0;0;0;0.333333;0.0005;;0;0;14
mcad;happy_guided_article_short;happy;1;Q1_margin_month;True;c1;True;0;0;0;0.333333;0.3081;True;1;1;15
mcad;happy_guided_article_short;happy;2;Q2_stockout_store;True;c2;True;0;0;0;0.666667;0.2562;True;1;1;15
mcad;happy_guided_article_short;happy;3;Q3_sales_growth;True;c3;True;0;0;0;1.0;0.331;True;2;1;15
baseline_naive;happy_guided_article_short;happy;1;Q1_margin_month;True;c1;True;0;0;0;0.333333;0.0014;;0;0;15
baseline_naive;happy_guided_article_short;happy;2;Q2_stockout_store;True;c2;True;0;0;0;0.666667;0.0006;;0;0;15
baseline_naive;happy_guided_article_short;happy;3;Q3_sales_growth;True;c3;True;0;0;0;1.0;0.0004;;0;0;15
baseline_measure_overlap;happy_guided_article_short;happy;1;Q1_margin_month;True;c1;True;0;0;0;0.333333;0.0193;;0;0;15
baseline_measure_overlap;happy_guided_article_short;happy;2;Q2_stockout_store;True;c2;True;0;0;0;0.666667;0.0052;;0;0;15
baseline_measure_overlap;happy_guided_article_short;happy;3;Q3_sales_growth;True;c3;True;0;0;0;1.0;0.0044;;0;0;15
ablation_no_sat;happy_guided_article_short;happy;1;Q1_margin_month;True;c1;True;0;0;0;0.333333;0.3087;True;1;1;15
ablation_no_sat;happy_guided_article_short;happy;2;Q2_stockout_store;True;c2;True;0;0;0;0.666667;0.2454;True;1;1;15
ablation_no_sat;happy_guided_article_short;happy;3;Q3_sales_growth;True;c3;True;0;0;0;1.0;0.3372;True;2;1;15
ablation_no_real;happy_guided_article_short;happy;1;Q1_margin_month;True;c1;True;0;0;0;0.333333;0.33;True;1;1;15
ablation_no_real;happy_guided_article_short;happy;2;Q2_stockout_store;True;c2;True;0;0;0;0.666667;0.2542;True;1;1;15
ablation_no_real;happy_guided_article_short;happy;3;Q3_sales_growth;True;c3;True;0;0;0;1.0;0.3327;True;2;1;15
ablation_ceval_any_intersection;happy_guided_article_short;happy;1;Q1_margin_month;True;c1;True;0;0;0;0.333333;0.3075;True;1;1;15
ablation_ceval_any_intersection;happy_guided_article_short;happy;2;Q2_stockout_store;True;c2;True;0;0;0;0.666667;0.2506;True;1;1;15
ablation_ceval_any_intersection;happy_guided_article_short;happy;3;Q3_sales_growth;True;c3;True;0;0;0;1.0;0.3931;True;2;1;15
baseline_random_matched;happy_guided_article_short;happy;1;Q1_margin_month;True;c1;True;0;0;0;0.333333;0.0046;;0;0;15
baseline_random_matched;happy_guided_article_short;happy;2;Q2_stockout_store;True;c2;True;0;0;0;0.666667;0.0006;;0;0;15
baseline_random_matched;happy_guided_article_short;happy;3;Q3_sales_growth;True;c3;True;0;0;0;1.0;0.0004;;0;0;15
mcad;happy_guided_reordered;happy;1;Q1_sales_growth;True;c3;True;0;0;0;0.333333;0.3939;True;2;1;15
mcad;happy_guided_reordered;happy;2;Q2_margin_month;True;c1;True;0;0;0;0.666667;0.2575;True;1;1;15
mcad;happy_guided_reordered;happy;3;Q3_stockout_store;True;c2;True;0;0;0;1.0;0.2418;True;1;1;15
baseline_naive;happy_guided_reordered;happy;1;Q1_sales_growth;True;c3;True;0;0;0;0.333333;0.0017;;0;0;15
baseline_naive;happy_guided_reordered;happy;2;Q2_margin_month;True;c1;True;0;0;0;0.666667;0.0004;;0;0;15
baseline_naive;happy_guided_reordered;happy;3;Q3_stockout_store;True;c2;True;0;0;0;1.0;0.0003;;0;0;15
baseline_measure_overlap;happy_guided_reordered;happy;1;Q1_sales_growth;True;c3;True;0;0;0;0.333333;0.0202;;0;0;15
baseline_measure_overlap;happy_guided_reordered;happy;2;Q2_margin_month;True;c1;True;0;0;0;0.666667;0.0049;;0;0;15
baseline_measure_overlap;happy_guided_reordered;happy;3;Q3_stockout_store;True;c2;True;0;0;0;1.0;0.0041;;0;0;15
ablation_no_sat;happy_guided_reordered;happy;1;Q1_sales_growth;True;c3;True;0;0;0;0.333333;0.3988;True;2;1;15
ablation_no_sat;happy_guided_reordered;happy;2;Q2_margin_month;True;c1;True;0;0;0;0.666667;0.2649;True;1;1;15
ablation_no_sat;happy_guided_reordered;happy;3;Q3_stockout_store;True;c2;True;0;0;0;1.0;0.2391;True;1;1;15
ablation_no_real;happy_guided_reordered;happy;1;Q1_sales_growth;True;c3;True;0;0;0;0.333333;0.4035;True;2;1;15
ablation_no_real;happy_guided_reordered;happy;2;Q2_margin_month;True;c1;True;0;0;0;0.666667;0.2621;True;1;1;15
ablation_no_real;happy_guided_reordered;happy;3;Q3_stockout_store;True;c2;True;0;0;0;1.0;0.2464;True;1;1;15
ablation_ceval_any_intersection;happy_guided_reordered;happy;1;Q1_sales_growth;True;c3;True;0;0;0;0.333333;0.395;True;2;1;15
ablation_ceval_any_intersection;happy_guided_reordered;happy;2;Q2_margin_month;True;c1;True;0;0;0;0.666667;0.2527;True;1;1;15
ablation_ceval_any_intersection;happy_guided_reordered;happy;3;Q3_stockout_store;True;c2;True;0;0;0;1.0;0.2363;True;1;1;15
baseline_random_matched;happy_guided_reordered;happy;1;Q1_sales_growth;True;c3;False;0;1;0;0.0;0.0055;;0;0;15
baseline_random_matched;happy_guided_reordered;happy;2;Q2_margin_month;True;c1;False;0;1;0;0.0;0.0015;;0;0;15
baseline_random_matched;happy_guided_reordered;happy;3;Q3_stockout_store;True;c2;False;0;1;0;0.0;0.0005;;0;0;15
mcad;happy_guided_compact;happy;1;Q1_margin_month;True;c1;True;0;0;0;0.333333;0.307;True;1;1;15
mcad;happy_guided_compact;happy;2;Q2_sales_growth;True;c3;True;0;0;0;0.666667;0.3434;True;2;1;15
mcad;happy_guided_compact;happy;3;Q3_stockout_store;True;c2;True;0;0;0;1.0;0.2384;True;1;1;15
baseline_naive;happy_guided_compact;happy;1;Q1_margin_month;True;c1;True;0;0;0;0.333333;0.002;;0;0;15
baseline_naive;happy_guided_compact;happy;2;Q2_sales_growth;True;c3;True;0;0;0;0.666667;0.0004;;0;0;15
baseline_naive;happy_guided_compact;happy;3;Q3_stockout_store;True;c2;True;0;0;0;1.0;0.0003;;0;0;15
baseline_measure_overlap;happy_guided_compact;happy;1;Q1_margin_month;True;c1;True;0;0;0;0.333333;0.0206;;0;0;15
baseline_measure_overlap;happy_guided_compact;happy;2;Q2_sales_growth;True;c3;True;0;0;0;0.666667;0.0054;;0;0;15
baseline_measure_overlap;happy_guided_compact;happy;3;Q3_stockout_store;True;c2;True;0;0;0;1.0;0.0043;;0;0;15
ablation_no_sat;happy_guided_compact;happy;1;Q1_margin_month;True;c1;True;0;0;0;0.333333;0.3169;True;1;1;15
ablation_no_sat;happy_guided_compact;happy;2;Q2_sales_growth;True;c3;True;0;0;0;0.666667;0.3347;True;2;1;15
ablation_no_sat;happy_guided_compact;happy;3;Q3_stockout_store;True;c2;True;0;0;0;1.0;0.238;True;1;1;15
ablation_no_real;happy_guided_compact;happy;1;Q1_margin_month;True;c1;True;0;0;0;0.333333;0.332;True;1;1;15
ablation_no_real;happy_guided_compact;happy;2;Q2_sales_growth;True;c3;True;0;0;0;0.666667;0.3409;True;2;1;15
ablation_no_real;happy_guided_compact;happy;3;Q3_stockout_store;True;c2;True;0;0;0;1.0;0.2889;True;1;1;15
ablation_ceval_any_intersection;happy_guided_compact;happy;1;Q1_margin_month;True;c1;True;0;0;0;0.333333;0.3023;True;1;1;15
ablation_ceval_any_intersection;happy_guided_compact;happy;2;Q2_sales_growth;True;c3;True;0;0;0;0.666667;0.3388;True;2;1;15
ablation_ceval_any_intersection;happy_guided_compact;happy;3;Q3_stockout_store;True;c2;True;0;0;0;1.0;0.2362;True;1;1;15
baseline_random_matched;happy_guided_compact;happy;1;Q1_margin_month;True;c1;True;0;0;0;0.333333;0.004;;0;0;15
baseline_random_matched;happy_guided_compact;happy;2;Q2_sales_growth;True;c3;False;0;1;0;0.333333;0.0007;;0;0;15
baseline_random_matched;happy_guided_compact;happy;3;Q3_stockout_store;True;c2;False;0;1;0;0.333333;0.0005;;0;0;15
mcad;border_growth_partial_1998_only;border;1;Q1_sales_1998_only;False;;False;0;0;0;0.0;0.3777;True;1;0;15
baseline_naive;border_growth_partial_1998_only;border;1;Q1_sales_1998_only;False;;True;1;0;1;0.0;0.0014;;0;0;15
baseline_measure_overlap;border_growth_partial_1998_only;border;1;Q1_sales_1998_only;False;;True;1;0;1;0.0;0.019;;0;0;15
ablation_no_sat;border_growth_partial_1998_only;border;1;Q1_sales_1998_only;False;;False;0;0;0;0.0;0.3636;True;1;0;15
ablation_no_real;border_growth_partial_1998_only;border;1;Q1_sales_1998_only;False;;True;1;0;1;0.0;0.3709;True;1;0;15
ablation_ceval_any_intersection;border_growth_partial_1998_only;border;1;Q1_sales_1998_only;False;;True;1;0;1;0.0;0.3927;True;1;1;15
baseline_random_matched;border_growth_partial_1998_only;border;1;Q1_sales_1998_only;False;;False;0;0;0;0.0;0.0046;;0;0;15
mcad;border_margin_wrong_grain;border;1;Q1_margin_quarter_only;False;;False;0;0;0;0.0;0.2315;False;0;0;15
baseline_naive;border_margin_wrong_grain;border;1;Q1_margin_quarter_only;False;;True;1;0;1;0.0;0.0014;;0;0;15
baseline_measure_overlap;border_margin_wrong_grain;border;1;Q1_margin_quarter_only;False;;True;1;0;1;0.0;0.0197;;0;0;15
ablation_no_sat;border_margin_wrong_grain;border;1;Q1_margin_quarter_only;False;;False;0;0;0;0.0;0.2853;False;0;0;15
ablation_no_real;border_margin_wrong_grain;border;1;Q1_margin_quarter_only;False;;False;0;0;0;0.0;0.3514;False;0;0;15
ablation_ceval_any_intersection;border_margin_wrong_grain;border;1;Q1_margin_quarter_only;False;;False;0;0;0;0.0;0.3853;False;0;0;15
baseline_random_matched;border_margin_wrong_grain;border;1;Q1_margin_quarter_only;False;;False;0;0;0;0.0;0.006;;0;0;15
mcad;border_stockout_missing_store;border;1;Q1_stockout_category_only;False;;False;0;0;0;0.0;0.2218;False;0;0;15
baseline_naive;border_stockout_missing_store;border;1;Q1_stockout_category_only;False;;True;1;0;1;0.0;0.0016;;0;0;15
baseline_measure_overlap;border_stockout_missing_store;border;1;Q1_stockout_category_only;False;;True;1;0;1;0.0;0.02;;0;0;15
ablation_no_sat;border_stockout_missing_store;border;1;Q1_stockout_category_only;False;;False;0;0;0;0.0;0.2856;False;0;0;15
ablation_no_real;border_stockout_missing_store;border;1;Q1_stockout_category_only;False;;False;0;0;0;0.0;0.2313;False;0;0;15
ablation_ceval_any_intersection;border_stockout_missing_store;border;1;Q1_stockout_category_only;False;;False;0;0;0;0.0;0.2349;False;0;0;15
baseline_random_matched;border_stockout_missing_store;border;1;Q1_stockout_category_only;False;;False;0;0;0;0.0;0.0038;;0;0;15
mcad;adversarial_wrong_region;adversarial;1;Q1_margin_south;False;;False;0;0;0;0.0;0.1929;False;0;0;15
baseline_naive;adversarial_wrong_region;adversarial;1;Q1_margin_south;False;;True;1;0;1;0.0;0.0016;;0;0;15
baseline_measure_overlap;adversarial_wrong_region;adversarial;1;Q1_margin_south;False;;True;1;0;1;0.0;0.0206;;0;0;15
ablation_no_sat;adversarial_wrong_region;adversarial;1;Q1_margin_south;False;;False;0;0;0;0.0;0.2958;False;0;0;15
ablation_no_real;adversarial_wrong_region;adversarial;1;Q1_margin_south;False;;False;0;0;0;0.0;0.2027;False;0;0;15
ablation_ceval_any_intersection;adversarial_wrong_region;adversarial;1;Q1_margin_south;False;;False;0;0;0;0.0;0.1938;False;0;0;15
baseline_random_matched;adversarial_wrong_region;adversarial;1;Q1_margin_south;False;;True;1;0;1;0.0;0.0044;;0;0;15
mcad;adversarial_wrong_year;adversarial;1;Q1_stockout_1997;False;;False;0;0;0;0.0;0.1906;False;0;0;15
baseline_naive;adversarial_wrong_year;adversarial;1;Q1_stockout_1997;False;;True;1;0;1;0.0;0.0014;;0;0;15
baseline_measure_overlap;adversarial_wrong_year;adversarial;1;Q1_stockout_1997;False;;True;1;0;1;0.0;0.0202;;0;0;15
ablation_no_sat;adversarial_wrong_year;adversarial;1;Q1_stockout_1997;False;;False;0;0;0;0.0;0.231;False;0;0;15
ablation_no_real;adversarial_wrong_year;adversarial;1;Q1_stockout_1997;False;;False;0;0;0;0.0;0.2021;False;0;0;15
ablation_ceval_any_intersection;adversarial_wrong_year;adversarial;1;Q1_stockout_1997;False;;False;0;0;0;0.0;0.1893;False;0;0;15
baseline_random_matched;adversarial_wrong_year;adversarial;1;Q1_stockout_1997;False;;True;1;0;1;0.0;0.0044;;0;0;15
mcad;adversarial_invalid_no_measures;adversarial;1;Q1_invalid_no_measure;False;;False;0;0;0;0.0;0.0969;False;0;0;15
baseline_naive;adversarial_invalid_no_measures;adversarial;1;Q1_invalid_no_measure;False;;True;1;0;1;0.0;0.0014;;0;0;15
baseline_measure_overlap;adversarial_invalid_no_measures;adversarial;1;Q1_invalid_no_measure;False;;False;0;0;0;0.0;0.0197;;0;0;15
ablation_no_sat;adversarial_invalid_no_measures;adversarial;1;Q1_invalid_no_measure;False;;False;0;0;0;0.0;0.1063;False;0;0;15
ablation_no_real;adversarial_invalid_no_measures;adversarial;1;Q1_invalid_no_measure;False;;False;0;0;0;0.0;0.1072;False;0;0;15
ablation_ceval_any_intersection;adversarial_invalid_no_measures;adversarial;1;Q1_invalid_no_measure;False;;False;0;0;0;0.0;0.0928;False;0;0;15
baseline_random_matched;adversarial_invalid_no_measures;adversarial;1;Q1_invalid_no_measure;False;;True;1;0;1;0.0;0.0039;;0;0;15
mcad;stress_exploratory_then_useful;stress;1;Q1_noise_region;False;;False;0;0;0;0.0;0.2225;False;0;0;15
mcad;stress_exploratory_then_useful;stress;2;Q2_noise_margin_all;False;;False;0;0;0;0.0;0.1417;False;0;0;15
mcad;stress_exploratory_then_useful;stress;3;Q3_useful_margin;True;c1;True;0;0;0;0.333333;0.2775;True;1;1;15
baseline_naive;stress_exploratory_then_useful;stress;1;Q1_noise_region;False;;True;1;0;1;0.0;0.0014;;0;0;15
baseline_naive;stress_exploratory_then_useful;stress;2;Q2_noise_margin_all;False;;True;1;0;1;0.0;0.0005;;0;0;15
baseline_naive;stress_exploratory_then_useful;stress;3;Q3_useful_margin;True;c1;True;0;0;0;0.333333;0.0003;;0;0;15
baseline_measure_overlap;stress_exploratory_then_useful;stress;1;Q1_noise_region;False;;True;1;0;1;0.0;0.0209;;0;0;15
baseline_measure_overlap;stress_exploratory_then_useful;stress;2;Q2_noise_margin_all;False;;True;1;0;1;0.0;0.0054;;0;0;15
baseline_measure_overlap;stress_exploratory_then_useful;stress;3;Q3_useful_margin;True;c1;True;0;0;0;0.333333;0.0042;;0;0;15
ablation_no_sat;stress_exploratory_then_useful;stress;1;Q1_noise_region;False;;False;0;0;0;0.0;0.2617;False;0;0;15
ablation_no_sat;stress_exploratory_then_useful;stress;2;Q2_noise_margin_all;False;;False;0;0;0;0.0;0.1679;False;0;0;15
ablation_no_sat;stress_exploratory_then_useful;stress;3;Q3_useful_margin;True;c1;True;0;0;0;0.333333;0.2448;True;1;1;15
ablation_no_real;stress_exploratory_then_useful;stress;1;Q1_noise_region;False;;False;0;0;0;0.0;0.2563;False;0;0;15
ablation_no_real;stress_exploratory_then_useful;stress;2;Q2_noise_margin_all;False;;False;0;0;0;0.0;0.1492;False;0;0;15
ablation_no_real;stress_exploratory_then_useful;stress;3;Q3_useful_margin;True;c1;True;0;0;0;0.333333;0.2531;True;1;1;15
ablation_ceval_any_intersection;stress_exploratory_then_useful;stress;1;Q1_noise_region;False;;False;0;0;0;0.0;0.3147;False;0;0;15
ablation_ceval_any_intersection;stress_exploratory_then_useful;stress;2;Q2_noise_margin_all;False;;False;0;0;0;0.0;0.1782;False;0;0;15
ablation_ceval_any_intersection;stress_exploratory_then_useful;stress;3;Q3_useful_margin;True;c1;True;0;0;0;0.333333;0.257;True;1;1;15
baseline_random_matched;stress_exploratory_then_useful;stress;1;Q1_noise_region;False;;True;1;0;1;0.0;0.0043;;0;0;15
baseline_random_matched;stress_exploratory_then_useful;stress;2;Q2_noise_margin_all;False;;False;0;0;0;0.0;0.0006;;0;0;15
baseline_random_matched;stress_exploratory_then_useful;stress;3;Q3_useful_margin;True;c1;False;0;1;0;0.0;0.0005;;0;0;15
mcad;happy_guided_article_short;happy;1;Q1_margin_month;True;c1;True;0;0;0;0.333333;0.308;True;1;1;16
mcad;happy_guided_article_short;happy;2;Q2_stockout_store;True;c2;True;0;0;0;0.666667;0.2463;True;1;1;16
mcad;happy_guided_article_short;happy;3;Q3_sales_growth;True;c3;True;0;0;0;1.0;0.3403;True;2;1;16
baseline_naive;happy_guided_article_short;happy;1;Q1_margin_month;True;c1;True;0;0;0;0.333333;0.0014;;0;0;16
baseline_naive;happy_guided_article_short;happy;2;Q2_stockout_store;True;c2;True;0;0;0;0.666667;0.0006;;0;0;16
baseline_naive;happy_guided_article_short;happy;3;Q3_sales_growth;True;c3;True;0;0;0;1.0;0.0003;;0;0;16
baseline_measure_overlap;happy_guided_article_short;happy;1;Q1_margin_month;True;c1;True;0;0;0;0.333333;0.02;;0;0;16
baseline_measure_overlap;happy_guided_article_short;happy;2;Q2_stockout_store;True;c2;True;0;0;0;0.666667;0.0054;;0;0;16
baseline_measure_overlap;happy_guided_article_short;happy;3;Q3_sales_growth;True;c3;True;0;0;0;1.0;0.0043;;0;0;16
ablation_no_sat;happy_guided_article_short;happy;1;Q1_margin_month;True;c1;True;0;0;0;0.333333;0.3169;True;1;1;16
ablation_no_sat;happy_guided_article_short;happy;2;Q2_stockout_store;True;c2;True;0;0;0;0.666667;0.2518;True;1;1;16
ablation_no_sat;happy_guided_article_short;happy;3;Q3_sales_growth;True;c3;True;0;0;0;1.0;0.3434;True;2;1;16
ablation_no_real;happy_guided_article_short;happy;1;Q1_margin_month;True;c1;True;0;0;0;0.333333;0.3183;True;1;1;16
ablation_no_real;happy_guided_article_short;happy;2;Q2_stockout_store;True;c2;True;0;0;0;0.666667;0.2506;True;1;1;16
ablation_no_real;happy_guided_article_short;happy;3;Q3_sales_growth;True;c3;True;0;0;0;1.0;0.3449;True;2;1;16
ablation_ceval_any_intersection;happy_guided_article_short;happy;1;Q1_margin_month;True;c1;True;0;0;0;0.333333;0.3093;True;1;1;16
ablation_ceval_any_intersection;happy_guided_article_short;happy;2;Q2_stockout_store;True;c2;True;0;0;0;0.666667;0.247;True;1;1;16
ablation_ceval_any_intersection;happy_guided_article_short;happy;3;Q3_sales_growth;True;c3;True;0;0;0;1.0;0.3414;True;2;1;16
baseline_random_matched;happy_guided_article_short;happy;1;Q1_margin_month;True;c1;True;0;0;0;0.333333;0.0043;;0;0;16
baseline_random_matched;happy_guided_article_short;happy;2;Q2_stockout_store;True;c2;True;0;0;0;0.666667;0.0007;;0;0;16
baseline_random_matched;happy_guided_article_short;happy;3;Q3_sales_growth;True;c3;False;0;1;0;0.666667;0.0004;;0;0;16
mcad;happy_guided_reordered;happy;1;Q1_sales_growth;True;c3;True;0;0;0;0.333333;0.3984;True;2;1;16
mcad;happy_guided_reordered;happy;2;Q2_margin_month;True;c1;True;0;0;0;0.666667;0.249;True;1;1;16
mcad;happy_guided_reordered;happy;3;Q3_stockout_store;True;c2;True;0;0;0;1.0;0.2511;True;1;1;16
baseline_naive;happy_guided_reordered;happy;1;Q1_sales_growth;True;c3;True;0;0;0;0.333333;0.0014;;0;0;16
baseline_naive;happy_guided_reordered;happy;2;Q2_margin_month;True;c1;True;0;0;0;0.666667;0.0004;;0;0;16
baseline_naive;happy_guided_reordered;happy;3;Q3_stockout_store;True;c2;True;0;0;0;1.0;0.0003;;0;0;16
baseline_measure_overlap;happy_guided_reordered;happy;1;Q1_sales_growth;True;c3;True;0;0;0;0.333333;0.0212;;0;0;16
baseline_measure_overlap;happy_guided_reordered;happy;2;Q2_margin_month;True;c1;True;0;0;0;0.666667;0.0052;;0;0;16
baseline_measure_overlap;happy_guided_reordered;happy;3;Q3_stockout_store;True;c2;True;0;0;0;1.0;0.0043;;0;0;16
ablation_no_sat;happy_guided_reordered;happy;1;Q1_sales_growth;True;c3;True;0;0;0;0.333333;0.3939;True;2;1;16
ablation_no_sat;happy_guided_reordered;happy;2;Q2_margin_month;True;c1;True;0;0;0;0.666667;0.2488;True;1;1;16
ablation_no_sat;happy_guided_reordered;happy;3;Q3_stockout_store;True;c2;True;0;0;0;1.0;0.2524;True;1;1;16
ablation_no_real;happy_guided_reordered;happy;1;Q1_sales_growth;True;c3;True;0;0;0;0.333333;0.4053;True;2;1;16
ablation_no_real;happy_guided_reordered;happy;2;Q2_margin_month;True;c1;True;0;0;0;0.666667;0.2562;True;1;1;16
ablation_no_real;happy_guided_reordered;happy;3;Q3_stockout_store;True;c2;True;0;0;0;1.0;0.2556;True;1;1;16
ablation_ceval_any_intersection;happy_guided_reordered;happy;1;Q1_sales_growth;True;c3;True;0;0;0;0.333333;0.423;True;2;1;16
ablation_ceval_any_intersection;happy_guided_reordered;happy;2;Q2_margin_month;True;c1;True;0;0;0;0.666667;0.2582;True;1;1;16
ablation_ceval_any_intersection;happy_guided_reordered;happy;3;Q3_stockout_store;True;c2;True;0;0;0;1.0;0.2394;True;1;1;16
baseline_random_matched;happy_guided_reordered;happy;1;Q1_sales_growth;True;c3;True;0;0;0;0.333333;0.0043;;0;0;16
baseline_random_matched;happy_guided_reordered;happy;2;Q2_margin_month;True;c1;True;0;0;0;0.666667;0.0007;;0;0;16
baseline_random_matched;happy_guided_reordered;happy;3;Q3_stockout_store;True;c2;False;0;1;0;0.666667;0.0006;;0;0;16
mcad;happy_guided_compact;happy;1;Q1_margin_month;True;c1;True;0;0;0;0.333333;0.3112;True;1;1;16
mcad;happy_guided_compact;happy;2;Q2_sales_growth;True;c3;True;0;0;0;0.666667;0.3472;True;2;1;16
mcad;happy_guided_compact;happy;3;Q3_stockout_store;True;c2;True;0;0;0;1.0;0.2448;True;1;1;16
baseline_naive;happy_guided_compact;happy;1;Q1_margin_month;True;c1;True;0;0;0;0.333333;0.0016;;0;0;16
baseline_naive;happy_guided_compact;happy;2;Q2_sales_growth;True;c3;True;0;0;0;0.666667;0.0005;;0;0;16
baseline_naive;happy_guided_compact;happy;3;Q3_stockout_store;True;c2;True;0;0;0;1.0;0.0003;;0;0;16
baseline_measure_overlap;happy_guided_compact;happy;1;Q1_margin_month;True;c1;True;0;0;0;0.333333;0.0202;;0;0;16
baseline_measure_overlap;happy_guided_compact;happy;2;Q2_sales_growth;True;c3;True;0;0;0;0.666667;0.0054;;0;0;16
baseline_measure_overlap;happy_guided_compact;happy;3;Q3_stockout_store;True;c2;True;0;0;0;1.0;0.0045;;0;0;16
ablation_no_sat;happy_guided_compact;happy;1;Q1_margin_month;True;c1;True;0;0;0;0.333333;0.311;True;1;1;16
ablation_no_sat;happy_guided_compact;happy;2;Q2_sales_growth;True;c3;True;0;0;0;0.666667;0.3482;True;2;1;16
ablation_no_sat;happy_guided_compact;happy;3;Q3_stockout_store;True;c2;True;0;0;0;1.0;0.2423;True;1;1;16
ablation_no_real;happy_guided_compact;happy;1;Q1_margin_month;True;c1;True;0;0;0;0.333333;0.3139;True;1;1;16
ablation_no_real;happy_guided_compact;happy;2;Q2_sales_growth;True;c3;True;0;0;0;0.666667;0.3572;True;2;1;16
ablation_no_real;happy_guided_compact;happy;3;Q3_stockout_store;True;c2;True;0;0;0;1.0;0.2521;True;1;1;16
ablation_ceval_any_intersection;happy_guided_compact;happy;1;Q1_margin_month;True;c1;True;0;0;0;0.333333;0.3094;True;1;1;16
ablation_ceval_any_intersection;happy_guided_compact;happy;2;Q2_sales_growth;True;c3;True;0;0;0;0.666667;0.3494;True;2;1;16
ablation_ceval_any_intersection;happy_guided_compact;happy;3;Q3_stockout_store;True;c2;True;0;0;0;1.0;0.2422;True;1;1;16
baseline_random_matched;happy_guided_compact;happy;1;Q1_margin_month;True;c1;False;0;1;0;0.0;0.0037;;0;0;16
baseline_random_matched;happy_guided_compact;happy;2;Q2_sales_growth;True;c3;True;0;0;0;0.333333;0.0007;;0;0;16
baseline_random_matched;happy_guided_compact;happy;3;Q3_stockout_store;True;c2;False;0;1;0;0.333333;0.0004;;0;0;16
mcad;border_growth_partial_1998_only;border;1;Q1_sales_1998_only;False;;False;0;0;0;0.0;0.3673;True;1;0;16
baseline_naive;border_growth_partial_1998_only;border;1;Q1_sales_1998_only;False;;True;1;0;1;0.0;0.0014;;0;0;16
baseline_measure_overlap;border_growth_partial_1998_only;border;1;Q1_sales_1998_only;False;;True;1;0;1;0.0;0.0201;;0;0;16
ablation_no_sat;border_growth_partial_1998_only;border;1;Q1_sales_1998_only;False;;False;0;0;0;0.0;0.3657;True;1;0;16
ablation_no_real;border_growth_partial_1998_only;border;1;Q1_sales_1998_only;False;;True;1;0;1;0.0;0.3824;True;1;0;16
ablation_ceval_any_intersection;border_growth_partial_1998_only;border;1;Q1_sales_1998_only;False;;True;1;0;1;0.0;0.393;True;1;1;16
baseline_random_matched;border_growth_partial_1998_only;border;1;Q1_sales_1998_only;False;;True;1;0;1;0.0;0.0046;;0;0;16
mcad;border_margin_wrong_grain;border;1;Q1_margin_quarter_only;False;;False;0;0;0;0.0;0.2295;False;0;0;16
baseline_naive;border_margin_wrong_grain;border;1;Q1_margin_quarter_only;False;;True;1;0;1;0.0;0.0016;;0;0;16
baseline_measure_overlap;border_margin_wrong_grain;border;1;Q1_margin_quarter_only;False;;True;1;0;1;0.0;0.0225;;0;0;16
ablation_no_sat;border_margin_wrong_grain;border;1;Q1_margin_quarter_only;False;;False;0;0;0;0.0;0.2863;False;0;0;16
ablation_no_real;border_margin_wrong_grain;border;1;Q1_margin_quarter_only;False;;False;0;0;0;0.0;0.265;False;0;0;16
ablation_ceval_any_intersection;border_margin_wrong_grain;border;1;Q1_margin_quarter_only;False;;False;0;0;0;0.0;0.2277;False;0;0;16
baseline_random_matched;border_margin_wrong_grain;border;1;Q1_margin_quarter_only;False;;False;0;0;0;0.0;0.0044;;0;0;16
mcad;border_stockout_missing_store;border;1;Q1_stockout_category_only;False;;False;0;0;0;0.0;0.2232;False;0;0;16
baseline_naive;border_stockout_missing_store;border;1;Q1_stockout_category_only;False;;True;1;0;1;0.0;0.0016;;0;0;16
baseline_measure_overlap;border_stockout_missing_store;border;1;Q1_stockout_category_only;False;;True;1;0;1;0.0;0.02;;0;0;16
ablation_no_sat;border_stockout_missing_store;border;1;Q1_stockout_category_only;False;;False;0;0;0;0.0;0.2869;False;0;0;16
ablation_no_real;border_stockout_missing_store;border;1;Q1_stockout_category_only;False;;False;0;0;0;0.0;0.2424;False;0;0;16
ablation_ceval_any_intersection;border_stockout_missing_store;border;1;Q1_stockout_category_only;False;;False;0;0;0;0.0;0.2289;False;0;0;16
baseline_random_matched;border_stockout_missing_store;border;1;Q1_stockout_category_only;False;;True;1;0;1;0.0;0.0047;;0;0;16
mcad;adversarial_wrong_region;adversarial;1;Q1_margin_south;False;;False;0;0;0;0.0;0.23;False;0;0;16
baseline_naive;adversarial_wrong_region;adversarial;1;Q1_margin_south;False;;True;1;0;1;0.0;0.0013;;0;0;16
baseline_measure_overlap;adversarial_wrong_region;adversarial;1;Q1_margin_south;False;;True;1;0;1;0.0;0.0199;;0;0;16
ablation_no_sat;adversarial_wrong_region;adversarial;1;Q1_margin_south;False;;False;0;0;0;0.0;0.2346;False;0;0;16
ablation_no_real;adversarial_wrong_region;adversarial;1;Q1_margin_south;False;;False;0;0;0;0.0;0.2039;False;0;0;16
ablation_ceval_any_intersection;adversarial_wrong_region;adversarial;1;Q1_margin_south;False;;False;0;0;0;0.0;0.1927;False;0;0;16
baseline_random_matched;adversarial_wrong_region;adversarial;1;Q1_margin_south;False;;True;1;0;1;0.0;0.004;;0;0;16
mcad;adversarial_wrong_year;adversarial;1;Q1_stockout_1997;False;;False;0;0;0;0.0;0.192;False;0;0;16
baseline_naive;adversarial_wrong_year;adversarial;1;Q1_stockout_1997;False;;True;1;0;1;0.0;0.0014;;0;0;16
baseline_measure_overlap;adversarial_wrong_year;adversarial;1;Q1_stockout_1997;False;;True;1;0;1;0.0;0.0214;;0;0;16
ablation_no_sat;adversarial_wrong_year;adversarial;1;Q1_stockout_1997;False;;False;0;0;0;0.0;0.2162;False;0;0;16
ablation_no_real;adversarial_wrong_year;adversarial;1;Q1_stockout_1997;False;;False;0;0;0;0.0;0.1979;False;0;0;16
ablation_ceval_any_intersection;adversarial_wrong_year;adversarial;1;Q1_stockout_1997;False;;False;0;0;0;0.0;0.1917;False;0;0;16
baseline_random_matched;adversarial_wrong_year;adversarial;1;Q1_stockout_1997;False;;True;1;0;1;0.0;0.0042;;0;0;16
mcad;adversarial_invalid_no_measures;adversarial;1;Q1_invalid_no_measure;False;;False;0;0;0;0.0;0.0966;False;0;0;16
baseline_naive;adversarial_invalid_no_measures;adversarial;1;Q1_invalid_no_measure;False;;True;1;0;1;0.0;0.0013;;0;0;16
baseline_measure_overlap;adversarial_invalid_no_measures;adversarial;1;Q1_invalid_no_measure;False;;False;0;0;0;0.0;0.0202;;0;0;16
ablation_no_sat;adversarial_invalid_no_measures;adversarial;1;Q1_invalid_no_measure;False;;False;0;0;0;0.0;0.1122;False;0;0;16
ablation_no_real;adversarial_invalid_no_measures;adversarial;1;Q1_invalid_no_measure;False;;False;0;0;0;0.0;0.1035;False;0;0;16
ablation_ceval_any_intersection;adversarial_invalid_no_measures;adversarial;1;Q1_invalid_no_measure;False;;False;0;0;0;0.0;0.0908;False;0;0;16
baseline_random_matched;adversarial_invalid_no_measures;adversarial;1;Q1_invalid_no_measure;False;;True;1;0;1;0.0;0.0044;;0;0;16
mcad;stress_exploratory_then_useful;stress;1;Q1_noise_region;False;;False;0;0;0;0.0;0.2225;False;0;0;16
mcad;stress_exploratory_then_useful;stress;2;Q2_noise_margin_all;False;;False;0;0;0;0.0;0.1411;False;0;0;16
mcad;stress_exploratory_then_useful;stress;3;Q3_useful_margin;True;c1;True;0;0;0;0.333333;0.2498;True;1;1;16
baseline_naive;stress_exploratory_then_useful;stress;1;Q1_noise_region;False;;True;1;0;1;0.0;0.0014;;0;0;16
baseline_naive;stress_exploratory_then_useful;stress;2;Q2_noise_margin_all;False;;True;1;0;1;0.0;0.0004;;0;0;16
baseline_naive;stress_exploratory_then_useful;stress;3;Q3_useful_margin;True;c1;True;0;0;0;0.333333;0.0004;;0;0;16
baseline_measure_overlap;stress_exploratory_then_useful;stress;1;Q1_noise_region;False;;True;1;0;1;0.0;0.0193;;0;0;16
baseline_measure_overlap;stress_exploratory_then_useful;stress;2;Q2_noise_margin_all;False;;True;1;0;1;0.0;0.0054;;0;0;16
baseline_measure_overlap;stress_exploratory_then_useful;stress;3;Q3_useful_margin;True;c1;True;0;0;0;0.333333;0.0042;;0;0;16
ablation_no_sat;stress_exploratory_then_useful;stress;1;Q1_noise_region;False;;False;0;0;0;0.0;0.2892;False;0;0;16
ablation_no_sat;stress_exploratory_then_useful;stress;2;Q2_noise_margin_all;False;;False;0;0;0;0.0;0.1922;False;0;0;16
ablation_no_sat;stress_exploratory_then_useful;stress;3;Q3_useful_margin;True;c1;True;0;0;0;0.333333;0.2466;True;1;1;16
ablation_no_real;stress_exploratory_then_useful;stress;1;Q1_noise_region;False;;False;0;0;0;0.0;0.2345;False;0;0;16
ablation_no_real;stress_exploratory_then_useful;stress;2;Q2_noise_margin_all;False;;False;0;0;0;0.0;0.147;False;0;0;16
ablation_no_real;stress_exploratory_then_useful;stress;3;Q3_useful_margin;True;c1;True;0;0;0;0.333333;0.2534;True;1;1;16
ablation_ceval_any_intersection;stress_exploratory_then_useful;stress;1;Q1_noise_region;False;;False;0;0;0;0.0;0.6535;False;0;0;16
ablation_ceval_any_intersection;stress_exploratory_then_useful;stress;2;Q2_noise_margin_all;False;;False;0;0;0;0.0;0.1501;False;0;0;16
ablation_ceval_any_intersection;stress_exploratory_then_useful;stress;3;Q3_useful_margin;True;c1;True;0;0;0;0.333333;0.2496;True;1;1;16
baseline_random_matched;stress_exploratory_then_useful;stress;1;Q1_noise_region;False;;True;1;0;1;0.0;0.0057;;0;0;16
baseline_random_matched;stress_exploratory_then_useful;stress;2;Q2_noise_margin_all;False;;True;1;0;1;0.0;0.0012;;0;0;16
baseline_random_matched;stress_exploratory_then_useful;stress;3;Q3_useful_margin;True;c1;False;0;1;0;0.0;0.001;;0;0;16
mcad;happy_guided_article_short;happy;1;Q1_margin_month;True;c1;True;0;0;0;0.333333;0.3395;True;1;1;17
mcad;happy_guided_article_short;happy;2;Q2_stockout_store;True;c2;True;0;0;0;0.666667;0.2468;True;1;1;17
mcad;happy_guided_article_short;happy;3;Q3_sales_growth;True;c3;True;0;0;0;1.0;0.3309;True;2;1;17
baseline_naive;happy_guided_article_short;happy;1;Q1_margin_month;True;c1;True;0;0;0;0.333333;0.0015;;0;0;17
baseline_naive;happy_guided_article_short;happy;2;Q2_stockout_store;True;c2;True;0;0;0;0.666667;0.0005;;0;0;17
baseline_naive;happy_guided_article_short;happy;3;Q3_sales_growth;True;c3;True;0;0;0;1.0;0.0003;;0;0;17
baseline_measure_overlap;happy_guided_article_short;happy;1;Q1_margin_month;True;c1;True;0;0;0;0.333333;0.0194;;0;0;17
baseline_measure_overlap;happy_guided_article_short;happy;2;Q2_stockout_store;True;c2;True;0;0;0;0.666667;0.0058;;0;0;17
baseline_measure_overlap;happy_guided_article_short;happy;3;Q3_sales_growth;True;c3;True;0;0;0;1.0;0.0046;;0;0;17
ablation_no_sat;happy_guided_article_short;happy;1;Q1_margin_month;True;c1;True;0;0;0;0.333333;0.3074;True;1;1;17
ablation_no_sat;happy_guided_article_short;happy;2;Q2_stockout_store;True;c2;True;0;0;0;0.666667;0.2555;True;1;1;17
ablation_no_sat;happy_guided_article_short;happy;3;Q3_sales_growth;True;c3;True;0;0;0;1.0;0.3284;True;2;1;17
ablation_no_real;happy_guided_article_short;happy;1;Q1_margin_month;True;c1;True;0;0;0;0.333333;0.3183;True;1;1;17
ablation_no_real;happy_guided_article_short;happy;2;Q2_stockout_store;True;c2;True;0;0;0;0.666667;0.2629;True;1;1;17
ablation_no_real;happy_guided_article_short;happy;3;Q3_sales_growth;True;c3;True;0;0;0;1.0;0.3341;True;2;1;17
ablation_ceval_any_intersection;happy_guided_article_short;happy;1;Q1_margin_month;True;c1;True;0;0;0;0.333333;0.3041;True;1;1;17
ablation_ceval_any_intersection;happy_guided_article_short;happy;2;Q2_stockout_store;True;c2;True;0;0;0;0.666667;0.2491;True;1;1;17
ablation_ceval_any_intersection;happy_guided_article_short;happy;3;Q3_sales_growth;True;c3;True;0;0;0;1.0;0.3255;True;2;1;17
baseline_random_matched;happy_guided_article_short;happy;1;Q1_margin_month;True;c1;True;0;0;0;0.333333;0.006;;0;0;17
baseline_random_matched;happy_guided_article_short;happy;2;Q2_stockout_store;True;c2;False;0;1;0;0.333333;0.0011;;0;0;17
baseline_random_matched;happy_guided_article_short;happy;3;Q3_sales_growth;True;c3;True;0;0;0;0.666667;0.0007;;0;0;17
mcad;happy_guided_reordered;happy;1;Q1_sales_growth;True;c3;True;0;0;0;0.333333;0.4094;True;2;1;17
mcad;happy_guided_reordered;happy;2;Q2_margin_month;True;c1;True;0;0;0;0.666667;0.2467;True;1;1;17
mcad;happy_guided_reordered;happy;3;Q3_stockout_store;True;c2;True;0;0;0;1.0;0.2445;True;1;1;17
baseline_naive;happy_guided_reordered;happy;1;Q1_sales_growth;True;c3;True;0;0;0;0.333333;0.0015;;0;0;17
baseline_naive;happy_guided_reordered;happy;2;Q2_margin_month;True;c1;True;0;0;0;0.666667;0.0006;;0;0;17
baseline_naive;happy_guided_reordered;happy;3;Q3_stockout_store;True;c2;True;0;0;0;1.0;0.0003;;0;0;17
baseline_measure_overlap;happy_guided_reordered;happy;1;Q1_sales_growth;True;c3;True;0;0;0;0.333333;0.0196;;0;0;17
baseline_measure_overlap;happy_guided_reordered;happy;2;Q2_margin_month;True;c1;True;0;0;0;0.666667;0.0048;;0;0;17
baseline_measure_overlap;happy_guided_reordered;happy;3;Q3_stockout_store;True;c2;True;0;0;0;1.0;0.0042;;0;0;17
ablation_no_sat;happy_guided_reordered;happy;1;Q1_sales_growth;True;c3;True;0;0;0;0.333333;0.407;True;2;1;17
ablation_no_sat;happy_guided_reordered;happy;2;Q2_margin_month;True;c1;True;0;0;0;0.666667;0.2451;True;1;1;17
ablation_no_sat;happy_guided_reordered;happy;3;Q3_stockout_store;True;c2;True;0;0;0;1.0;0.2375;True;1;1;17
ablation_no_real;happy_guided_reordered;happy;1;Q1_sales_growth;True;c3;True;0;0;0;0.333333;0.398;True;2;1;17
ablation_no_real;happy_guided_reordered;happy;2;Q2_margin_month;True;c1;True;0;0;0;0.666667;0.2611;True;1;1;17
ablation_no_real;happy_guided_reordered;happy;3;Q3_stockout_store;True;c2;True;0;0;0;1.0;0.244;True;1;1;17
ablation_ceval_any_intersection;happy_guided_reordered;happy;1;Q1_sales_growth;True;c3;True;0;0;0;0.333333;0.3956;True;2;1;17
ablation_ceval_any_intersection;happy_guided_reordered;happy;2;Q2_margin_month;True;c1;True;0;0;0;0.666667;0.2457;True;1;1;17
ablation_ceval_any_intersection;happy_guided_reordered;happy;3;Q3_stockout_store;True;c2;True;0;0;0;1.0;0.2367;True;1;1;17
baseline_random_matched;happy_guided_reordered;happy;1;Q1_sales_growth;True;c3;False;0;1;0;0.0;0.0049;;0;0;17
baseline_random_matched;happy_guided_reordered;happy;2;Q2_margin_month;True;c1;True;0;0;0;0.333333;0.0007;;0;0;17
baseline_random_matched;happy_guided_reordered;happy;3;Q3_stockout_store;True;c2;False;0;1;0;0.333333;0.0004;;0;0;17
mcad;happy_guided_compact;happy;1;Q1_margin_month;True;c1;True;0;0;0;0.333333;0.3051;True;1;1;17
mcad;happy_guided_compact;happy;2;Q2_sales_growth;True;c3;True;0;0;0;0.666667;0.3454;True;2;1;17
mcad;happy_guided_compact;happy;3;Q3_stockout_store;True;c2;True;0;0;0;1.0;0.2396;True;1;1;17
baseline_naive;happy_guided_compact;happy;1;Q1_margin_month;True;c1;True;0;0;0;0.333333;0.0015;;0;0;17
baseline_naive;happy_guided_compact;happy;2;Q2_sales_growth;True;c3;True;0;0;0;0.666667;0.0005;;0;0;17
baseline_naive;happy_guided_compact;happy;3;Q3_stockout_store;True;c2;True;0;0;0;1.0;0.0004;;0;0;17
baseline_measure_overlap;happy_guided_compact;happy;1;Q1_margin_month;True;c1;True;0;0;0;0.333333;0.0206;;0;0;17
baseline_measure_overlap;happy_guided_compact;happy;2;Q2_sales_growth;True;c3;True;0;0;0;0.666667;0.0053;;0;0;17
baseline_measure_overlap;happy_guided_compact;happy;3;Q3_stockout_store;True;c2;True;0;0;0;1.0;0.0045;;0;0;17
ablation_no_sat;happy_guided_compact;happy;1;Q1_margin_month;True;c1;True;0;0;0;0.333333;0.3068;True;1;1;17
ablation_no_sat;happy_guided_compact;happy;2;Q2_sales_growth;True;c3;True;0;0;0;0.666667;0.3472;True;2;1;17
ablation_no_sat;happy_guided_compact;happy;3;Q3_stockout_store;True;c2;True;0;0;0;1.0;0.2394;True;1;1;17
ablation_no_real;happy_guided_compact;happy;1;Q1_margin_month;True;c1;True;0;0;0;0.333333;0.3201;True;1;1;17
ablation_no_real;happy_guided_compact;happy;2;Q2_sales_growth;True;c3;True;0;0;0;0.666667;0.352;True;2;1;17
ablation_no_real;happy_guided_compact;happy;3;Q3_stockout_store;True;c2;True;0;0;0;1.0;0.2476;True;1;1;17
ablation_ceval_any_intersection;happy_guided_compact;happy;1;Q1_margin_month;True;c1;True;0;0;0;0.333333;0.5414;True;1;1;17
ablation_ceval_any_intersection;happy_guided_compact;happy;2;Q2_sales_growth;True;c3;True;0;0;0;0.666667;0.3689;True;2;1;17
ablation_ceval_any_intersection;happy_guided_compact;happy;3;Q3_stockout_store;True;c2;True;0;0;0;1.0;0.2405;True;1;1;17
baseline_random_matched;happy_guided_compact;happy;1;Q1_margin_month;True;c1;True;0;0;0;0.333333;0.0043;;0;0;17
baseline_random_matched;happy_guided_compact;happy;2;Q2_sales_growth;True;c3;True;0;0;0;0.666667;0.0008;;0;0;17
baseline_random_matched;happy_guided_compact;happy;3;Q3_stockout_store;True;c2;False;0;1;0;0.666667;0.0005;;0;0;17
mcad;border_growth_partial_1998_only;border;1;Q1_sales_1998_only;False;;False;0;0;0;0.0;0.3751;True;1;0;17
baseline_naive;border_growth_partial_1998_only;border;1;Q1_sales_1998_only;False;;True;1;0;1;0.0;0.0017;;0;0;17
baseline_measure_overlap;border_growth_partial_1998_only;border;1;Q1_sales_1998_only;False;;True;1;0;1;0.0;0.0192;;0;0;17
ablation_no_sat;border_growth_partial_1998_only;border;1;Q1_sales_1998_only;False;;False;0;0;0;0.0;0.3745;True;1;0;17
ablation_no_real;border_growth_partial_1998_only;border;1;Q1_sales_1998_only;False;;True;1;0;1;0.0;0.3671;True;1;0;17
ablation_ceval_any_intersection;border_growth_partial_1998_only;border;1;Q1_sales_1998_only;False;;True;1;0;1;0.0;0.6993;True;1;1;17
baseline_random_matched;border_growth_partial_1998_only;border;1;Q1_sales_1998_only;False;;True;1;0;1;0.0;0.006;;0;0;17
mcad;border_margin_wrong_grain;border;1;Q1_margin_quarter_only;False;;False;0;0;0;0.0;0.4154;False;0;0;17
baseline_naive;border_margin_wrong_grain;border;1;Q1_margin_quarter_only;False;;True;1;0;1;0.0;0.0014;;0;0;17
baseline_measure_overlap;border_margin_wrong_grain;border;1;Q1_margin_quarter_only;False;;True;1;0;1;0.0;0.0199;;0;0;17
ablation_no_sat;border_margin_wrong_grain;border;1;Q1_margin_quarter_only;False;;False;0;0;0;0.0;0.5751;False;0;0;17
ablation_no_real;border_margin_wrong_grain;border;1;Q1_margin_quarter_only;False;;False;0;0;0;0.0;0.4239;False;0;0;17
ablation_ceval_any_intersection;border_margin_wrong_grain;border;1;Q1_margin_quarter_only;False;;False;0;0;0;0.0;0.2299;False;0;0;17
baseline_random_matched;border_margin_wrong_grain;border;1;Q1_margin_quarter_only;False;;True;1;0;1;0.0;0.0047;;0;0;17
mcad;border_stockout_missing_store;border;1;Q1_stockout_category_only;False;;False;0;0;0;0.0;0.2186;False;0;0;17
baseline_naive;border_stockout_missing_store;border;1;Q1_stockout_category_only;False;;True;1;0;1;0.0;0.0013;;0;0;17
baseline_measure_overlap;border_stockout_missing_store;border;1;Q1_stockout_category_only;False;;True;1;0;1;0.0;0.0201;;0;0;17
ablation_no_sat;border_stockout_missing_store;border;1;Q1_stockout_category_only;False;;False;0;0;0;0.0;0.2849;False;0;0;17
ablation_no_real;border_stockout_missing_store;border;1;Q1_stockout_category_only;False;;False;0;0;0;0.0;0.2283;False;0;0;17
ablation_ceval_any_intersection;border_stockout_missing_store;border;1;Q1_stockout_category_only;False;;False;0;0;0;0.0;0.2348;False;0;0;17
baseline_random_matched;border_stockout_missing_store;border;1;Q1_stockout_category_only;False;;False;0;0;0;0.0;0.0036;;0;0;17
mcad;adversarial_wrong_region;adversarial;1;Q1_margin_south;False;;False;0;0;0;0.0;0.1929;False;0;0;17
baseline_naive;adversarial_wrong_region;adversarial;1;Q1_margin_south;False;;True;1;0;1;0.0;0.0016;;0;0;17
baseline_measure_overlap;adversarial_wrong_region;adversarial;1;Q1_margin_south;False;;True;1;0;1;0.0;0.0203;;0;0;17
ablation_no_sat;adversarial_wrong_region;adversarial;1;Q1_margin_south;False;;False;0;0;0;0.0;0.427;False;0;0;17
ablation_no_real;adversarial_wrong_region;adversarial;1;Q1_margin_south;False;;False;0;0;0;0.0;0.367;False;0;0;17
ablation_ceval_any_intersection;adversarial_wrong_region;adversarial;1;Q1_margin_south;False;;False;0;0;0;0.0;0.2015;False;0;0;17
baseline_random_matched;adversarial_wrong_region;adversarial;1;Q1_margin_south;False;;True;1;0;1;0.0;0.0039;;0;0;17
mcad;adversarial_wrong_year;adversarial;1;Q1_stockout_1997;False;;False;0;0;0;0.0;0.3231;False;0;0;17
baseline_naive;adversarial_wrong_year;adversarial;1;Q1_stockout_1997;False;;True;1;0;1;0.0;0.0019;;0;0;17
baseline_measure_overlap;adversarial_wrong_year;adversarial;1;Q1_stockout_1997;False;;True;1;0;1;0.0;0.0194;;0;0;17
ablation_no_sat;adversarial_wrong_year;adversarial;1;Q1_stockout_1997;False;;False;0;0;0;0.0;0.3594;False;0;0;17
ablation_no_real;adversarial_wrong_year;adversarial;1;Q1_stockout_1997;False;;False;0;0;0;0.0;0.2133;False;0;0;17
ablation_ceval_any_intersection;adversarial_wrong_year;adversarial;1;Q1_stockout_1997;False;;False;0;0;0;0.0;0.1944;False;0;0;17
baseline_random_matched;adversarial_wrong_year;adversarial;1;Q1_stockout_1997;False;;True;1;0;1;0.0;0.005;;0;0;17
mcad;adversarial_invalid_no_measures;adversarial;1;Q1_invalid_no_measure;False;;False;0;0;0;0.0;0.1485;False;0;0;17
baseline_naive;adversarial_invalid_no_measures;adversarial;1;Q1_invalid_no_measure;False;;True;1;0;1;0.0;0.0026;;0;0;17
baseline_measure_overlap;adversarial_invalid_no_measures;adversarial;1;Q1_invalid_no_measure;False;;False;0;0;0;0.0;0.0275;;0;0;17
ablation_no_sat;adversarial_invalid_no_measures;adversarial;1;Q1_invalid_no_measure;False;;False;0;0;0;0.0;0.1328;False;0;0;17
ablation_no_real;adversarial_invalid_no_measures;adversarial;1;Q1_invalid_no_measure;False;;False;0;0;0;0.0;0.109;False;0;0;17
ablation_ceval_any_intersection;adversarial_invalid_no_measures;adversarial;1;Q1_invalid_no_measure;False;;False;0;0;0;0.0;0.0966;False;0;0;17
baseline_random_matched;adversarial_invalid_no_measures;adversarial;1;Q1_invalid_no_measure;False;;False;0;0;0;0.0;0.0038;;0;0;17
mcad;stress_exploratory_then_useful;stress;1;Q1_noise_region;False;;False;0;0;0;0.0;0.2202;False;0;0;17
mcad;stress_exploratory_then_useful;stress;2;Q2_noise_margin_all;False;;False;0;0;0;0.0;0.1541;False;0;0;17
mcad;stress_exploratory_then_useful;stress;3;Q3_useful_margin;True;c1;True;0;0;0;0.333333;0.2526;True;1;1;17
baseline_naive;stress_exploratory_then_useful;stress;1;Q1_noise_region;False;;True;1;0;1;0.0;0.0015;;0;0;17
baseline_naive;stress_exploratory_then_useful;stress;2;Q2_noise_margin_all;False;;True;1;0;1;0.0;0.0005;;0;0;17
baseline_naive;stress_exploratory_then_useful;stress;3;Q3_useful_margin;True;c1;True;0;0;0;0.333333;0.0003;;0;0;17
baseline_measure_overlap;stress_exploratory_then_useful;stress;1;Q1_noise_region;False;;True;1;0;1;0.0;0.0192;;0;0;17
baseline_measure_overlap;stress_exploratory_then_useful;stress;2;Q2_noise_margin_all;False;;True;1;0;1;0.0;0.0054;;0;0;17
baseline_measure_overlap;stress_exploratory_then_useful;stress;3;Q3_useful_margin;True;c1;True;0;0;0;0.333333;0.0042;;0;0;17
ablation_no_sat;stress_exploratory_then_useful;stress;1;Q1_noise_region;False;;False;0;0;0;0.0;0.2724;False;0;0;17
ablation_no_sat;stress_exploratory_then_useful;stress;2;Q2_noise_margin_all;False;;False;0;0;0;0.0;0.168;False;0;0;17
ablation_no_sat;stress_exploratory_then_useful;stress;3;Q3_useful_margin;True;c1;True;0;0;0;0.333333;0.2609;True;1;1;17
ablation_no_real;stress_exploratory_then_useful;stress;1;Q1_noise_region;False;;False;0;0;0;0.0;0.2291;False;0;0;17
ablation_no_real;stress_exploratory_then_useful;stress;2;Q2_noise_margin_all;False;;False;0;0;0;0.0;0.1475;False;0;0;17
ablation_no_real;stress_exploratory_then_useful;stress;3;Q3_useful_margin;True;c1;True;0;0;0;0.333333;0.2546;True;1;1;17
ablation_ceval_any_intersection;stress_exploratory_then_useful;stress;1;Q1_noise_region;False;;False;0;0;0;0.0;0.2417;False;0;0;17
ablation_ceval_any_intersection;stress_exploratory_then_useful;stress;2;Q2_noise_margin_all;False;;False;0;0;0;0.0;0.1446;False;0;0;17
ablation_ceval_any_intersection;stress_exploratory_then_useful;stress;3;Q3_useful_margin;True;c1;True;0;0;0;0.333333;0.2461;True;1;1;17
baseline_random_matched;stress_exploratory_then_useful;stress;1;Q1_noise_region;False;;True;1;0;1;0.0;0.0054;;0;0;17
baseline_random_matched;stress_exploratory_then_useful;stress;2;Q2_noise_margin_all;False;;False;0;0;0;0.0;0.0013;;0;0;17
baseline_random_matched;stress_exploratory_then_useful;stress;3;Q3_useful_margin;True;c1;False;0;1;0;0.0;0.001;;0;0;17
mcad;happy_guided_article_short;happy;1;Q1_margin_month;True;c1;True;0;0;0;0.333333;0.3102;True;1;1;18
mcad;happy_guided_article_short;happy;2;Q2_stockout_store;True;c2;True;0;0;0;0.666667;0.2524;True;1;1;18
mcad;happy_guided_article_short;happy;3;Q3_sales_growth;True;c3;True;0;0;0;1.0;0.3282;True;2;1;18
baseline_naive;happy_guided_article_short;happy;1;Q1_margin_month;True;c1;True;0;0;0;0.333333;0.0016;;0;0;18
baseline_naive;happy_guided_article_short;happy;2;Q2_stockout_store;True;c2;True;0;0;0;0.666667;0.0006;;0;0;18
baseline_naive;happy_guided_article_short;happy;3;Q3_sales_growth;True;c3;True;0;0;0;1.0;0.0003;;0;0;18
baseline_measure_overlap;happy_guided_article_short;happy;1;Q1_margin_month;True;c1;True;0;0;0;0.333333;0.0196;;0;0;18
baseline_measure_overlap;happy_guided_article_short;happy;2;Q2_stockout_store;True;c2;True;0;0;0;0.666667;0.0053;;0;0;18
baseline_measure_overlap;happy_guided_article_short;happy;3;Q3_sales_growth;True;c3;True;0;0;0;1.0;0.0043;;0;0;18
ablation_no_sat;happy_guided_article_short;happy;1;Q1_margin_month;True;c1;True;0;0;0;0.333333;0.3118;True;1;1;18
ablation_no_sat;happy_guided_article_short;happy;2;Q2_stockout_store;True;c2;True;0;0;0;0.666667;0.2567;True;1;1;18
ablation_no_sat;happy_guided_article_short;happy;3;Q3_sales_growth;True;c3;True;0;0;0;1.0;0.3324;True;2;1;18
ablation_no_real;happy_guided_article_short;happy;1;Q1_margin_month;True;c1;True;0;0;0;0.333333;0.317;True;1;1;18
ablation_no_real;happy_guided_article_short;happy;2;Q2_stockout_store;True;c2;True;0;0;0;0.666667;0.2495;True;1;1;18
ablation_no_real;happy_guided_article_short;happy;3;Q3_sales_growth;True;c3;True;0;0;0;1.0;0.3496;True;2;1;18
ablation_ceval_any_intersection;happy_guided_article_short;happy;1;Q1_margin_month;True;c1;True;0;0;0;0.333333;0.3094;True;1;1;18
ablation_ceval_any_intersection;happy_guided_article_short;happy;2;Q2_stockout_store;True;c2;True;0;0;0;0.666667;0.2559;True;1;1;18
ablation_ceval_any_intersection;happy_guided_article_short;happy;3;Q3_sales_growth;True;c3;True;0;0;0;1.0;0.332;True;2;1;18
baseline_random_matched;happy_guided_article_short;happy;1;Q1_margin_month;True;c1;True;0;0;0;0.333333;0.004;;0;0;18
baseline_random_matched;happy_guided_article_short;happy;2;Q2_stockout_store;True;c2;True;0;0;0;0.666667;0.0007;;0;0;18
baseline_random_matched;happy_guided_article_short;happy;3;Q3_sales_growth;True;c3;True;0;0;0;1.0;0.0004;;0;0;18
mcad;happy_guided_reordered;happy;1;Q1_sales_growth;True;c3;True;0;0;0;0.333333;0.3963;True;2;1;18
mcad;happy_guided_reordered;happy;2;Q2_margin_month;True;c1;True;0;0;0;0.666667;0.2617;True;1;1;18
mcad;happy_guided_reordered;happy;3;Q3_stockout_store;True;c2;True;0;0;0;1.0;0.2412;True;1;1;18
baseline_naive;happy_guided_reordered;happy;1;Q1_sales_growth;True;c3;True;0;0;0;0.333333;0.0014;;0;0;18
baseline_naive;happy_guided_reordered;happy;2;Q2_margin_month;True;c1;True;0;0;0;0.666667;0.0004;;0;0;18
baseline_naive;happy_guided_reordered;happy;3;Q3_stockout_store;True;c2;True;0;0;0;1.0;0.0004;;0;0;18
baseline_measure_overlap;happy_guided_reordered;happy;1;Q1_sales_growth;True;c3;True;0;0;0;0.333333;0.0202;;0;0;18
baseline_measure_overlap;happy_guided_reordered;happy;2;Q2_margin_month;True;c1;True;0;0;0;0.666667;0.0056;;0;0;18
baseline_measure_overlap;happy_guided_reordered;happy;3;Q3_stockout_store;True;c2;True;0;0;0;1.0;0.0046;;0;0;18
ablation_no_sat;happy_guided_reordered;happy;1;Q1_sales_growth;True;c3;True;0;0;0;0.333333;0.3986;True;2;1;18
ablation_no_sat;happy_guided_reordered;happy;2;Q2_margin_month;True;c1;True;0;0;0;0.666667;0.2604;True;1;1;18
ablation_no_sat;happy_guided_reordered;happy;3;Q3_stockout_store;True;c2;True;0;0;0;1.0;0.2399;True;1;1;18
ablation_no_real;happy_guided_reordered;happy;1;Q1_sales_growth;True;c3;True;0;0;0;0.333333;0.4059;True;2;1;18
ablation_no_real;happy_guided_reordered;happy;2;Q2_margin_month;True;c1;True;0;0;0;0.666667;0.265;True;1;1;18
ablation_no_real;happy_guided_reordered;happy;3;Q3_stockout_store;True;c2;True;0;0;0;1.0;0.246;True;1;1;18
ablation_ceval_any_intersection;happy_guided_reordered;happy;1;Q1_sales_growth;True;c3;True;0;0;0;0.333333;0.4598;True;2;1;18
ablation_ceval_any_intersection;happy_guided_reordered;happy;2;Q2_margin_month;True;c1;True;0;0;0;0.666667;0.254;True;1;1;18
ablation_ceval_any_intersection;happy_guided_reordered;happy;3;Q3_stockout_store;True;c2;True;0;0;0;1.0;0.2409;True;1;1;18
baseline_random_matched;happy_guided_reordered;happy;1;Q1_sales_growth;True;c3;False;0;1;0;0.0;0.0045;;0;0;18
baseline_random_matched;happy_guided_reordered;happy;2;Q2_margin_month;True;c1;True;0;0;0;0.333333;0.0006;;0;0;18
baseline_random_matched;happy_guided_reordered;happy;3;Q3_stockout_store;True;c2;True;0;0;0;0.666667;0.0005;;0;0;18
mcad;happy_guided_compact;happy;1;Q1_margin_month;True;c1;True;0;0;0;0.333333;0.3232;True;1;1;18
mcad;happy_guided_compact;happy;2;Q2_sales_growth;True;c3;True;0;0;0;0.666667;0.3388;True;2;1;18
mcad;happy_guided_compact;happy;3;Q3_stockout_store;True;c2;True;0;0;0;1.0;0.2449;True;1;1;18
baseline_naive;happy_guided_compact;happy;1;Q1_margin_month;True;c1;True;0;0;0;0.333333;0.0016;;0;0;18
baseline_naive;happy_guided_compact;happy;2;Q2_sales_growth;True;c3;True;0;0;0;0.666667;0.0005;;0;0;18
baseline_naive;happy_guided_compact;happy;3;Q3_stockout_store;True;c2;True;0;0;0;1.0;0.0004;;0;0;18
baseline_measure_overlap;happy_guided_compact;happy;1;Q1_margin_month;True;c1;True;0;0;0;0.333333;0.0206;;0;0;18
baseline_measure_overlap;happy_guided_compact;happy;2;Q2_sales_growth;True;c3;True;0;0;0;0.666667;0.0051;;0;0;18
baseline_measure_overlap;happy_guided_compact;happy;3;Q3_stockout_store;True;c2;True;0;0;0;1.0;0.0043;;0;0;18
ablation_no_sat;happy_guided_compact;happy;1;Q1_margin_month;True;c1;True;0;0;0;0.333333;0.3167;True;1;1;18
ablation_no_sat;happy_guided_compact;happy;2;Q2_sales_growth;True;c3;True;0;0;0;0.666667;0.3375;True;2;1;18
ablation_no_sat;happy_guided_compact;happy;3;Q3_stockout_store;True;c2;True;0;0;0;1.0;0.2508;True;1;1;18
ablation_no_real;happy_guided_compact;happy;1;Q1_margin_month;True;c1;True;0;0;0;0.333333;0.3166;True;1;1;18
ablation_no_real;happy_guided_compact;happy;2;Q2_sales_growth;True;c3;True;0;0;0;0.666667;0.3425;True;2;1;18
ablation_no_real;happy_guided_compact;happy;3;Q3_stockout_store;True;c2;True;0;0;0;1.0;0.2554;True;1;1;18
ablation_ceval_any_intersection;happy_guided_compact;happy;1;Q1_margin_month;True;c1;True;0;0;0;0.333333;0.3087;True;1;1;18
ablation_ceval_any_intersection;happy_guided_compact;happy;2;Q2_sales_growth;True;c3;True;0;0;0;0.666667;0.3296;True;2;1;18
ablation_ceval_any_intersection;happy_guided_compact;happy;3;Q3_stockout_store;True;c2;True;0;0;0;1.0;0.2485;True;1;1;18
baseline_random_matched;happy_guided_compact;happy;1;Q1_margin_month;True;c1;False;0;1;0;0.0;0.0044;;0;0;18
baseline_random_matched;happy_guided_compact;happy;2;Q2_sales_growth;True;c3;True;0;0;0;0.333333;0.0007;;0;0;18
baseline_random_matched;happy_guided_compact;happy;3;Q3_stockout_store;True;c2;False;0;1;0;0.333333;0.0004;;0;0;18
mcad;border_growth_partial_1998_only;border;1;Q1_sales_1998_only;False;;False;0;0;0;0.0;0.3728;True;1;0;18
baseline_naive;border_growth_partial_1998_only;border;1;Q1_sales_1998_only;False;;True;1;0;1;0.0;0.0014;;0;0;18
baseline_measure_overlap;border_growth_partial_1998_only;border;1;Q1_sales_1998_only;False;;True;1;0;1;0.0;0.02;;0;0;18
ablation_no_sat;border_growth_partial_1998_only;border;1;Q1_sales_1998_only;False;;False;0;0;0;0.0;0.3636;True;1;0;18
ablation_no_real;border_growth_partial_1998_only;border;1;Q1_sales_1998_only;False;;True;1;0;1;0.0;0.373;True;1;0;18
ablation_ceval_any_intersection;border_growth_partial_1998_only;border;1;Q1_sales_1998_only;False;;True;1;0;1;0.0;0.363;True;1;1;18
baseline_random_matched;border_growth_partial_1998_only;border;1;Q1_sales_1998_only;False;;True;1;0;1;0.0;0.0041;;0;0;18
mcad;border_margin_wrong_grain;border;1;Q1_margin_quarter_only;False;;False;0;0;0;0.0;0.2439;False;0;0;18
baseline_naive;border_margin_wrong_grain;border;1;Q1_margin_quarter_only;False;;True;1;0;1;0.0;0.0015;;0;0;18
baseline_measure_overlap;border_margin_wrong_grain;border;1;Q1_margin_quarter_only;False;;True;1;0;1;0.0;0.0205;;0;0;18
ablation_no_sat;border_margin_wrong_grain;border;1;Q1_margin_quarter_only;False;;False;0;0;0;0.0;0.2885;False;0;0;18
ablation_no_real;border_margin_wrong_grain;border;1;Q1_margin_quarter_only;False;;False;0;0;0;0.0;0.2327;False;0;0;18
ablation_ceval_any_intersection;border_margin_wrong_grain;border;1;Q1_margin_quarter_only;False;;False;0;0;0;0.0;0.2194;False;0;0;18
baseline_random_matched;border_margin_wrong_grain;border;1;Q1_margin_quarter_only;False;;True;1;0;1;0.0;0.0045;;0;0;18
mcad;border_stockout_missing_store;border;1;Q1_stockout_category_only;False;;False;0;0;0;0.0;0.2231;False;0;0;18
baseline_naive;border_stockout_missing_store;border;1;Q1_stockout_category_only;False;;True;1;0;1;0.0;0.0017;;0;0;18
baseline_measure_overlap;border_stockout_missing_store;border;1;Q1_stockout_category_only;False;;True;1;0;1;0.0;0.0208;;0;0;18
ablation_no_sat;border_stockout_missing_store;border;1;Q1_stockout_category_only;False;;False;0;0;0;0.0;0.2918;False;0;0;18
ablation_no_real;border_stockout_missing_store;border;1;Q1_stockout_category_only;False;;False;0;0;0;0.0;0.2288;False;0;0;18
ablation_ceval_any_intersection;border_stockout_missing_store;border;1;Q1_stockout_category_only;False;;False;0;0;0;0.0;0.2265;False;0;0;18
baseline_random_matched;border_stockout_missing_store;border;1;Q1_stockout_category_only;False;;True;1;0;1;0.0;0.0046;;0;0;18
mcad;adversarial_wrong_region;adversarial;1;Q1_margin_south;False;;False;0;0;0;0.0;0.1943;False;0;0;18
baseline_naive;adversarial_wrong_region;adversarial;1;Q1_margin_south;False;;True;1;0;1;0.0;0.0015;;0;0;18
baseline_measure_overlap;adversarial_wrong_region;adversarial;1;Q1_margin_south;False;;True;1;0;1;0.0;0.0203;;0;0;18
ablation_no_sat;adversarial_wrong_region;adversarial;1;Q1_margin_south;False;;False;0;0;0;0.0;0.2371;False;0;0;18
ablation_no_real;adversarial_wrong_region;adversarial;1;Q1_margin_south;False;;False;0;0;0;0.0;0.2061;False;0;0;18
ablation_ceval_any_intersection;adversarial_wrong_region;adversarial;1;Q1_margin_south;False;;False;0;0;0;0.0;0.1936;False;0;0;18
baseline_random_matched;adversarial_wrong_region;adversarial;1;Q1_margin_south;False;;False;0;0;0;0.0;0.0045;;0;0;18
mcad;adversarial_wrong_year;adversarial;1;Q1_stockout_1997;False;;False;0;0;0;0.0;0.1911;False;0;0;18
baseline_naive;adversarial_wrong_year;adversarial;1;Q1_stockout_1997;False;;True;1;0;1;0.0;0.0017;;0;0;18
baseline_measure_overlap;adversarial_wrong_year;adversarial;1;Q1_stockout_1997;False;;True;1;0;1;0.0;0.0356;;0;0;18
ablation_no_sat;adversarial_wrong_year;adversarial;1;Q1_stockout_1997;False;;False;0;0;0;0.0;0.2166;False;0;0;18
ablation_no_real;adversarial_wrong_year;adversarial;1;Q1_stockout_1997;False;;False;0;0;0;0.0;0.2008;False;0;0;18
ablation_ceval_any_intersection;adversarial_wrong_year;adversarial;1;Q1_stockout_1997;False;;False;0;0;0;0.0;0.3416;False;0;0;18
baseline_random_matched;adversarial_wrong_year;adversarial;1;Q1_stockout_1997;False;;False;0;0;0;0.0;0.0066;;0;0;18
mcad;adversarial_invalid_no_measures;adversarial;1;Q1_invalid_no_measure;False;;False;0;0;0;0.0;0.0955;False;0;0;18
baseline_naive;adversarial_invalid_no_measures;adversarial;1;Q1_invalid_no_measure;False;;True;1;0;1;0.0;0.0022;;0;0;18
baseline_measure_overlap;adversarial_invalid_no_measures;adversarial;1;Q1_invalid_no_measure;False;;False;0;0;0;0.0;0.0287;;0;0;18
ablation_no_sat;adversarial_invalid_no_measures;adversarial;1;Q1_invalid_no_measure;False;;False;0;0;0;0.0;0.1718;False;0;0;18
ablation_no_real;adversarial_invalid_no_measures;adversarial;1;Q1_invalid_no_measure;False;;False;0;0;0;0.0;0.17;False;0;0;18
ablation_ceval_any_intersection;adversarial_invalid_no_measures;adversarial;1;Q1_invalid_no_measure;False;;False;0;0;0;0.0;0.1442;False;0;0;18
baseline_random_matched;adversarial_invalid_no_measures;adversarial;1;Q1_invalid_no_measure;False;;False;0;0;0;0.0;0.0038;;0;0;18
mcad;stress_exploratory_then_useful;stress;1;Q1_noise_region;False;;False;0;0;0;0.0;0.2221;False;0;0;18
mcad;stress_exploratory_then_useful;stress;2;Q2_noise_margin_all;False;;False;0;0;0;0.0;0.1505;False;0;0;18
mcad;stress_exploratory_then_useful;stress;3;Q3_useful_margin;True;c1;True;0;0;0;0.333333;0.2467;True;1;1;18
baseline_naive;stress_exploratory_then_useful;stress;1;Q1_noise_region;False;;True;1;0;1;0.0;0.002;;0;0;18
baseline_naive;stress_exploratory_then_useful;stress;2;Q2_noise_margin_all;False;;True;1;0;1;0.0;0.0009;;0;0;18
baseline_naive;stress_exploratory_then_useful;stress;3;Q3_useful_margin;True;c1;True;0;0;0;0.333333;0.0007;;0;0;18
baseline_measure_overlap;stress_exploratory_then_useful;stress;1;Q1_noise_region;False;;True;1;0;1;0.0;0.0296;;0;0;18
baseline_measure_overlap;stress_exploratory_then_useful;stress;2;Q2_noise_margin_all;False;;True;1;0;1;0.0;0.0088;;0;0;18
baseline_measure_overlap;stress_exploratory_then_useful;stress;3;Q3_useful_margin;True;c1;True;0;0;0;0.333333;0.0076;;0;0;18
ablation_no_sat;stress_exploratory_then_useful;stress;1;Q1_noise_region;False;;False;0;0;0;0.0;0.4731;False;0;0;18
ablation_no_sat;stress_exploratory_then_useful;stress;2;Q2_noise_margin_all;False;;False;0;0;0;0.0;0.3395;False;0;0;18
ablation_no_sat;stress_exploratory_then_useful;stress;3;Q3_useful_margin;True;c1;True;0;0;0;0.333333;0.4577;True;1;1;18
ablation_no_real;stress_exploratory_then_useful;stress;1;Q1_noise_region;False;;False;0;0;0;0.0;0.4163;False;0;0;18
ablation_no_real;stress_exploratory_then_useful;stress;2;Q2_noise_margin_all;False;;False;0;0;0;0.0;0.3064;False;0;0;18
ablation_no_real;stress_exploratory_then_useful;stress;3;Q3_useful_margin;True;c1;True;0;0;0;0.333333;0.507;True;1;1;18
ablation_ceval_any_intersection;stress_exploratory_then_useful;stress;1;Q1_noise_region;False;;False;0;0;0;0.0;0.3874;False;0;0;18
ablation_ceval_any_intersection;stress_exploratory_then_useful;stress;2;Q2_noise_margin_all;False;;False;0;0;0;0.0;0.2974;False;0;0;18
ablation_ceval_any_intersection;stress_exploratory_then_useful;stress;3;Q3_useful_margin;True;c1;True;0;0;0;0.333333;0.4746;True;1;1;18
baseline_random_matched;stress_exploratory_then_useful;stress;1;Q1_noise_region;False;;True;1;0;1;0.0;0.0065;;0;0;18
baseline_random_matched;stress_exploratory_then_useful;stress;2;Q2_noise_margin_all;False;;False;0;0;0;0.0;0.0011;;0;0;18
baseline_random_matched;stress_exploratory_then_useful;stress;3;Q3_useful_margin;True;c1;False;0;1;0;0.0;0.001;;0;0;18
mcad;happy_guided_article_short;happy;1;Q1_margin_month;True;c1;True;0;0;0;0.333333;0.3294;True;1;1;19
mcad;happy_guided_article_short;happy;2;Q2_stockout_store;True;c2;True;0;0;0;0.666667;0.2459;True;1;1;19
mcad;happy_guided_article_short;happy;3;Q3_sales_growth;True;c3;True;0;0;0;1.0;0.3295;True;2;1;19
baseline_naive;happy_guided_article_short;happy;1;Q1_margin_month;True;c1;True;0;0;0;0.333333;0.0014;;0;0;19
baseline_naive;happy_guided_article_short;happy;2;Q2_stockout_store;True;c2;True;0;0;0;0.666667;0.0005;;0;0;19
baseline_naive;happy_guided_article_short;happy;3;Q3_sales_growth;True;c3;True;0;0;0;1.0;0.0003;;0;0;19
baseline_measure_overlap;happy_guided_article_short;happy;1;Q1_margin_month;True;c1;True;0;0;0;0.333333;0.0194;;0;0;19
baseline_measure_overlap;happy_guided_article_short;happy;2;Q2_stockout_store;True;c2;True;0;0;0;0.666667;0.0055;;0;0;19
baseline_measure_overlap;happy_guided_article_short;happy;3;Q3_sales_growth;True;c3;True;0;0;0;1.0;0.0046;;0;0;19
ablation_no_sat;happy_guided_article_short;happy;1;Q1_margin_month;True;c1;True;0;0;0;0.333333;0.3109;True;1;1;19
ablation_no_sat;happy_guided_article_short;happy;2;Q2_stockout_store;True;c2;True;0;0;0;0.666667;0.2549;True;1;1;19
ablation_no_sat;happy_guided_article_short;happy;3;Q3_sales_growth;True;c3;True;0;0;0;1.0;0.3284;True;2;1;19
ablation_no_real;happy_guided_article_short;happy;1;Q1_margin_month;True;c1;True;0;0;0;0.333333;0.318;True;1;1;19
ablation_no_real;happy_guided_article_short;happy;2;Q2_stockout_store;True;c2;True;0;0;0;0.666667;0.2485;True;1;1;19
ablation_no_real;happy_guided_article_short;happy;3;Q3_sales_growth;True;c3;True;0;0;0;1.0;0.3463;True;2;1;19
ablation_ceval_any_intersection;happy_guided_article_short;happy;1;Q1_margin_month;True;c1;True;0;0;0;0.333333;0.2987;True;1;1;19
ablation_ceval_any_intersection;happy_guided_article_short;happy;2;Q2_stockout_store;True;c2;True;0;0;0;0.666667;0.2397;True;1;1;19
ablation_ceval_any_intersection;happy_guided_article_short;happy;3;Q3_sales_growth;True;c3;True;0;0;0;1.0;0.3307;True;2;1;19
baseline_random_matched;happy_guided_article_short;happy;1;Q1_margin_month;True;c1;False;0;1;0;0.0;0.0043;;0;0;19
baseline_random_matched;happy_guided_article_short;happy;2;Q2_stockout_store;True;c2;False;0;1;0;0.0;0.0007;;0;0;19
baseline_random_matched;happy_guided_article_short;happy;3;Q3_sales_growth;True;c3;True;0;0;0;0.333333;0.0007;;0;0;19
mcad;happy_guided_reordered;happy;1;Q1_sales_growth;True;c3;True;0;0;0;0.333333;0.4032;True;2;1;19
mcad;happy_guided_reordered;happy;2;Q2_margin_month;True;c1;True;0;0;0;0.666667;0.2454;True;1;1;19
mcad;happy_guided_reordered;happy;3;Q3_stockout_store;True;c2;True;0;0;0;1.0;0.2753;True;1;1;19
baseline_naive;happy_guided_reordered;happy;1;Q1_sales_growth;True;c3;True;0;0;0;0.333333;0.0024;;0;0;19
baseline_naive;happy_guided_reordered;happy;2;Q2_margin_month;True;c1;True;0;0;0;0.666667;0.0008;;0;0;19
baseline_naive;happy_guided_reordered;happy;3;Q3_stockout_store;True;c2;True;0;0;0;1.0;0.0007;;0;0;19
baseline_measure_overlap;happy_guided_reordered;happy;1;Q1_sales_growth;True;c3;True;0;0;0;0.333333;0.0258;;0;0;19
baseline_measure_overlap;happy_guided_reordered;happy;2;Q2_margin_month;True;c1;True;0;0;0;0.666667;0.0087;;0;0;19
baseline_measure_overlap;happy_guided_reordered;happy;3;Q3_stockout_store;True;c2;True;0;0;0;1.0;0.0073;;0;0;19
ablation_no_sat;happy_guided_reordered;happy;1;Q1_sales_growth;True;c3;True;0;0;0;0.333333;0.7461;True;2;1;19
ablation_no_sat;happy_guided_reordered;happy;2;Q2_margin_month;True;c1;True;0;0;0;0.666667;0.4977;True;1;1;19
ablation_no_sat;happy_guided_reordered;happy;3;Q3_stockout_store;True;c2;True;0;0;0;1.0;0.4831;True;1;1;19
ablation_no_real;happy_guided_reordered;happy;1;Q1_sales_growth;True;c3;True;0;0;0;0.333333;1.122;True;2;1;19
ablation_no_real;happy_guided_reordered;happy;2;Q2_margin_month;True;c1;True;0;0;0;0.666667;0.7668;True;1;1;19
ablation_no_real;happy_guided_reordered;happy;3;Q3_stockout_store;True;c2;True;0;0;0;1.0;0.8606;True;1;1;19
ablation_ceval_any_intersection;happy_guided_reordered;happy;1;Q1_sales_growth;True;c3;True;0;0;0;0.333333;0.7568;True;2;1;19
ablation_ceval_any_intersection;happy_guided_reordered;happy;2;Q2_margin_month;True;c1;True;0;0;0;0.666667;0.4934;True;1;1;19
ablation_ceval_any_intersection;happy_guided_reordered;happy;3;Q3_stockout_store;True;c2;True;0;0;0;1.0;0.4674;True;1;1;19
baseline_random_matched;happy_guided_reordered;happy;1;Q1_sales_growth;True;c3;False;0;1;0;0.0;0.0064;;0;0;19
baseline_random_matched;happy_guided_reordered;happy;2;Q2_margin_month;True;c1;True;0;0;0;0.333333;0.0012;;0;0;19
baseline_random_matched;happy_guided_reordered;happy;3;Q3_stockout_store;True;c2;True;0;0;0;0.666667;0.0011;;0;0;19
mcad;happy_guided_compact;happy;1;Q1_margin_month;True;c1;True;0;0;0;0.333333;0.3097;True;1;1;19
mcad;happy_guided_compact;happy;2;Q2_sales_growth;True;c3;True;0;0;0;0.666667;0.3439;True;2;1;19
mcad;happy_guided_compact;happy;3;Q3_stockout_store;True;c2;True;0;0;0;1.0;0.2381;True;1;1;19
baseline_naive;happy_guided_compact;happy;1;Q1_margin_month;True;c1;True;0;0;0;0.333333;0.0011;;0;0;19
baseline_naive;happy_guided_compact;happy;2;Q2_sales_growth;True;c3;True;0;0;0;0.666667;0.0005;;0;0;19
baseline_naive;happy_guided_compact;happy;3;Q3_stockout_store;True;c2;True;0;0;0;1.0;0.0004;;0;0;19
baseline_measure_overlap;happy_guided_compact;happy;1;Q1_margin_month;True;c1;True;0;0;0;0.333333;0.0266;;0;0;19
baseline_measure_overlap;happy_guided_compact;happy;2;Q2_sales_growth;True;c3;True;0;0;0;0.666667;0.0094;;0;0;19
baseline_measure_overlap;happy_guided_compact;happy;3;Q3_stockout_store;True;c2;True;0;0;0;1.0;0.0077;;0;0;19
ablation_no_sat;happy_guided_compact;happy;1;Q1_margin_month;True;c1;True;0;0;0;0.333333;0.3207;True;1;1;19
ablation_no_sat;happy_guided_compact;happy;2;Q2_sales_growth;True;c3;True;0;0;0;0.666667;0.3586;True;2;1;19
ablation_no_sat;happy_guided_compact;happy;3;Q3_stockout_store;True;c2;True;0;0;0;1.0;0.2415;True;1;1;19
ablation_no_real;happy_guided_compact;happy;1;Q1_margin_month;True;c1;True;0;0;0;0.333333;0.3155;True;1;1;19
ablation_no_real;happy_guided_compact;happy;2;Q2_sales_growth;True;c3;True;0;0;0;0.666667;0.3472;True;2;1;19
ablation_no_real;happy_guided_compact;happy;3;Q3_stockout_store;True;c2;True;0;0;0;1.0;0.2471;True;1;1;19
ablation_ceval_any_intersection;happy_guided_compact;happy;1;Q1_margin_month;True;c1;True;0;0;0;0.333333;0.3015;True;1;1;19
ablation_ceval_any_intersection;happy_guided_compact;happy;2;Q2_sales_growth;True;c3;True;0;0;0;0.666667;0.3592;True;2;1;19
ablation_ceval_any_intersection;happy_guided_compact;happy;3;Q3_stockout_store;True;c2;True;0;0;0;1.0;0.237;True;1;1;19
baseline_random_matched;happy_guided_compact;happy;1;Q1_margin_month;True;c1;False;0;1;0;0.0;0.0048;;0;0;19
baseline_random_matched;happy_guided_compact;happy;2;Q2_sales_growth;True;c3;True;0;0;0;0.333333;0.0007;;0;0;19
baseline_random_matched;happy_guided_compact;happy;3;Q3_stockout_store;True;c2;True;0;0;0;0.666667;0.0005;;0;0;19
mcad;border_growth_partial_1998_only;border;1;Q1_sales_1998_only;False;;False;0;0;0;0.0;0.3726;True;1;0;19
baseline_naive;border_growth_partial_1998_only;border;1;Q1_sales_1998_only;False;;True;1;0;1;0.0;0.0013;;0;0;19
baseline_measure_overlap;border_growth_partial_1998_only;border;1;Q1_sales_1998_only;False;;True;1;0;1;0.0;0.0203;;0;0;19
ablation_no_sat;border_growth_partial_1998_only;border;1;Q1_sales_1998_only;False;;False;0;0;0;0.0;0.3785;True;1;0;19
ablation_no_real;border_growth_partial_1998_only;border;1;Q1_sales_1998_only;False;;True;1;0;1;0.0;0.3679;True;1;0;19
ablation_ceval_any_intersection;border_growth_partial_1998_only;border;1;Q1_sales_1998_only;False;;True;1;0;1;0.0;0.3705;True;1;1;19
baseline_random_matched;border_growth_partial_1998_only;border;1;Q1_sales_1998_only;False;;False;0;0;0;0.0;0.0043;;0;0;19
mcad;border_margin_wrong_grain;border;1;Q1_margin_quarter_only;False;;False;0;0;0;0.0;0.2367;False;0;0;19
baseline_naive;border_margin_wrong_grain;border;1;Q1_margin_quarter_only;False;;True;1;0;1;0.0;0.0014;;0;0;19
baseline_measure_overlap;border_margin_wrong_grain;border;1;Q1_margin_quarter_only;False;;True;1;0;1;0.0;0.0205;;0;0;19
ablation_no_sat;border_margin_wrong_grain;border;1;Q1_margin_quarter_only;False;;False;0;0;0;0.0;0.2868;False;0;0;19
ablation_no_real;border_margin_wrong_grain;border;1;Q1_margin_quarter_only;False;;False;0;0;0;0.0;0.3006;False;0;0;19
ablation_ceval_any_intersection;border_margin_wrong_grain;border;1;Q1_margin_quarter_only;False;;False;0;0;0;0.0;0.233;False;0;0;19
baseline_random_matched;border_margin_wrong_grain;border;1;Q1_margin_quarter_only;False;;False;0;0;0;0.0;0.0053;;0;0;19
mcad;border_stockout_missing_store;border;1;Q1_stockout_category_only;False;;False;0;0;0;0.0;0.3666;False;0;0;19
baseline_naive;border_stockout_missing_store;border;1;Q1_stockout_category_only;False;;True;1;0;1;0.0;0.0024;;0;0;19
baseline_measure_overlap;border_stockout_missing_store;border;1;Q1_stockout_category_only;False;;True;1;0;1;0.0;0.0263;;0;0;19
ablation_no_sat;border_stockout_missing_store;border;1;Q1_stockout_category_only;False;;False;0;0;0;0.0;0.2866;False;0;0;19
ablation_no_real;border_stockout_missing_store;border;1;Q1_stockout_category_only;False;;False;0;0;0;0.0;0.407;False;0;0;19
ablation_ceval_any_intersection;border_stockout_missing_store;border;1;Q1_stockout_category_only;False;;False;0;0;0;0.0;0.2257;False;0;0;19
baseline_random_matched;border_stockout_missing_store;border;1;Q1_stockout_category_only;False;;True;1;0;1;0.0;0.0046;;0;0;19
mcad;adversarial_wrong_region;adversarial;1;Q1_margin_south;False;;False;0;0;0;0.0;0.1975;False;0;0;19
baseline_naive;adversarial_wrong_region;adversarial;1;Q1_margin_south;False;;True;1;0;1;0.0;0.0015;;0;0;19
baseline_measure_overlap;adversarial_wrong_region;adversarial;1;Q1_margin_south;False;;True;1;0;1;0.0;0.0195;;0;0;19
ablation_no_sat;adversarial_wrong_region;adversarial;1;Q1_margin_south;False;;False;0;0;0;0.0;0.2323;False;0;0;19
ablation_no_real;adversarial_wrong_region;adversarial;1;Q1_margin_south;False;;False;0;0;0;0.0;0.2037;False;0;0;19
ablation_ceval_any_intersection;adversarial_wrong_region;adversarial;1;Q1_margin_south;False;;False;0;0;0;0.0;0.1905;False;0;0;19
baseline_random_matched;adversarial_wrong_region;adversarial;1;Q1_margin_south;False;;False;0;0;0;0.0;0.0043;;0;0;19
mcad;adversarial_wrong_year;adversarial;1;Q1_stockout_1997;False;;False;0;0;0;0.0;0.19;False;0;0;19
baseline_naive;adversarial_wrong_year;adversarial;1;Q1_stockout_1997;False;;True;1;0;1;0.0;0.0016;;0;0;19
baseline_measure_overlap;adversarial_wrong_year;adversarial;1;Q1_stockout_1997;False;;True;1;0;1;0.0;0.0186;;0;0;19
ablation_no_sat;adversarial_wrong_year;adversarial;1;Q1_stockout_1997;False;;False;0;0;0;0.0;0.2155;False;0;0;19
ablation_no_real;adversarial_wrong_year;adversarial;1;Q1_stockout_1997;False;;False;0;0;0;0.0;0.209;False;0;0;19
ablation_ceval_any_intersection;adversarial_wrong_year;adversarial;1;Q1_stockout_1997;False;;False;0;0;0;0.0;0.1919;False;0;0;19
baseline_random_matched;adversarial_wrong_year;adversarial;1;Q1_stockout_1997;False;;True;1;0;1;0.0;0.0046;;0;0;19
mcad;adversarial_invalid_no_measures;adversarial;1;Q1_invalid_no_measure;False;;False;0;0;0;0.0;0.0959;False;0;0;19
baseline_naive;adversarial_invalid_no_measures;adversarial;1;Q1_invalid_no_measure;False;;True;1;0;1;0.0;0.0019;;0;0;19
baseline_measure_overlap;adversarial_invalid_no_measures;adversarial;1;Q1_invalid_no_measure;False;;False;0;0;0;0.0;0.0931;;0;0;19
ablation_no_sat;adversarial_invalid_no_measures;adversarial;1;Q1_invalid_no_measure;False;;False;0;0;0;0.0;0.1744;False;0;0;19
ablation_no_real;adversarial_invalid_no_measures;adversarial;1;Q1_invalid_no_measure;False;;False;0;0;0;0.0;0.1622;False;0;0;19
ablation_ceval_any_intersection;adversarial_invalid_no_measures;adversarial;1;Q1_invalid_no_measure;False;;False;0;0;0;0.0;0.138;False;0;0;19
baseline_random_matched;adversarial_invalid_no_measures;adversarial;1;Q1_invalid_no_measure;False;;True;1;0;1;0.0;0.0062;;0;0;19
mcad;stress_exploratory_then_useful;stress;1;Q1_noise_region;False;;False;0;0;0;0.0;0.3455;False;0;0;19
mcad;stress_exploratory_then_useful;stress;2;Q2_noise_margin_all;False;;False;0;0;0;0.0;0.2276;False;0;0;19
mcad;stress_exploratory_then_useful;stress;3;Q3_useful_margin;True;c1;True;0;0;0;0.333333;0.4966;True;1;1;19
baseline_naive;stress_exploratory_then_useful;stress;1;Q1_noise_region;False;;True;1;0;1;0.0;0.0022;;0;0;19
baseline_naive;stress_exploratory_then_useful;stress;2;Q2_noise_margin_all;False;;True;1;0;1;0.0;0.0008;;0;0;19
baseline_naive;stress_exploratory_then_useful;stress;3;Q3_useful_margin;True;c1;True;0;0;0;0.333333;0.0005;;0;0;19
baseline_measure_overlap;stress_exploratory_then_useful;stress;1;Q1_noise_region;False;;True;1;0;1;0.0;0.037;;0;0;19
baseline_measure_overlap;stress_exploratory_then_useful;stress;2;Q2_noise_margin_all;False;;True;1;0;1;0.0;0.0059;;0;0;19
baseline_measure_overlap;stress_exploratory_then_useful;stress;3;Q3_useful_margin;True;c1;True;0;0;0;0.333333;0.0041;;0;0;19
ablation_no_sat;stress_exploratory_then_useful;stress;1;Q1_noise_region;False;;False;0;0;0;0.0;0.5124;False;0;0;19
ablation_no_sat;stress_exploratory_then_useful;stress;2;Q2_noise_margin_all;False;;False;0;0;0;0.0;0.3085;False;0;0;19
ablation_no_sat;stress_exploratory_then_useful;stress;3;Q3_useful_margin;True;c1;True;0;0;0;0.333333;0.4843;True;1;1;19
ablation_no_real;stress_exploratory_then_useful;stress;1;Q1_noise_region;False;;False;0;0;0;0.0;0.248;False;0;0;19
ablation_no_real;stress_exploratory_then_useful;stress;2;Q2_noise_margin_all;False;;False;0;0;0;0.0;0.1508;False;0;0;19
ablation_no_real;stress_exploratory_then_useful;stress;3;Q3_useful_margin;True;c1;True;0;0;0;0.333333;0.2546;True;1;1;19
ablation_ceval_any_intersection;stress_exploratory_then_useful;stress;1;Q1_noise_region;False;;False;0;0;0;0.0;0.2249;False;0;0;19
ablation_ceval_any_intersection;stress_exploratory_then_useful;stress;2;Q2_noise_margin_all;False;;False;0;0;0;0.0;0.1439;False;0;0;19
ablation_ceval_any_intersection;stress_exploratory_then_useful;stress;3;Q3_useful_margin;True;c1;True;0;0;0;0.333333;0.2601;True;1;1;19
baseline_random_matched;stress_exploratory_then_useful;stress;1;Q1_noise_region;False;;False;0;0;0;0.0;0.0045;;0;0;19
baseline_random_matched;stress_exploratory_then_useful;stress;2;Q2_noise_margin_all;False;;True;1;0;1;0.0;0.0007;;0;0;19
baseline_random_matched;stress_exploratory_then_useful;stress;3;Q3_useful_margin;True;c1;True;0;0;0;0.333333;0.0005;;0;0;19
mcad;happy_guided_article_short;happy;1;Q1_margin_month;True;c1;True;0;0;0;0.333333;0.3152;True;1;1;20
mcad;happy_guided_article_short;happy;2;Q2_stockout_store;True;c2;True;0;0;0;0.666667;0.256;True;1;1;20
mcad;happy_guided_article_short;happy;3;Q3_sales_growth;True;c3;True;0;0;0;1.0;0.329;True;2;1;20
baseline_naive;happy_guided_article_short;happy;1;Q1_margin_month;True;c1;True;0;0;0;0.333333;0.0014;;0;0;20
baseline_naive;happy_guided_article_short;happy;2;Q2_stockout_store;True;c2;True;0;0;0;0.666667;0.0006;;0;0;20
baseline_naive;happy_guided_article_short;happy;3;Q3_sales_growth;True;c3;True;0;0;0;1.0;0.0004;;0;0;20
baseline_measure_overlap;happy_guided_article_short;happy;1;Q1_margin_month;True;c1;True;0;0;0;0.333333;0.0204;;0;0;20
baseline_measure_overlap;happy_guided_article_short;happy;2;Q2_stockout_store;True;c2;True;0;0;0;0.666667;0.0053;;0;0;20
baseline_measure_overlap;happy_guided_article_short;happy;3;Q3_sales_growth;True;c3;True;0;0;0;1.0;0.0043;;0;0;20
ablation_no_sat;happy_guided_article_short;happy;1;Q1_margin_month;True;c1;True;0;0;0;0.333333;0.3069;True;1;1;20
ablation_no_sat;happy_guided_article_short;happy;2;Q2_stockout_store;True;c2;True;0;0;0;0.666667;0.2543;True;1;1;20
ablation_no_sat;happy_guided_article_short;happy;3;Q3_sales_growth;True;c3;True;0;0;0;1.0;0.3305;True;2;1;20
ablation_no_real;happy_guided_article_short;happy;1;Q1_margin_month;True;c1;True;0;0;0;0.333333;0.3178;True;1;1;20
ablation_no_real;happy_guided_article_short;happy;2;Q2_stockout_store;True;c2;True;0;0;0;0.666667;0.2563;True;1;1;20
ablation_no_real;happy_guided_article_short;happy;3;Q3_sales_growth;True;c3;True;0;0;0;1.0;0.3335;True;2;1;20
ablation_ceval_any_intersection;happy_guided_article_short;happy;1;Q1_margin_month;True;c1;True;0;0;0;0.333333;0.5308;True;1;1;20
ablation_ceval_any_intersection;happy_guided_article_short;happy;2;Q2_stockout_store;True;c2;True;0;0;0;0.666667;0.4285;True;1;1;20
ablation_ceval_any_intersection;happy_guided_article_short;happy;3;Q3_sales_growth;True;c3;True;0;0;0;1.0;0.3616;True;2;1;20
baseline_random_matched;happy_guided_article_short;happy;1;Q1_margin_month;True;c1;True;0;0;0;0.333333;0.0044;;0;0;20
baseline_random_matched;happy_guided_article_short;happy;2;Q2_stockout_store;True;c2;True;0;0;0;0.666667;0.0007;;0;0;20
baseline_random_matched;happy_guided_article_short;happy;3;Q3_sales_growth;True;c3;True;0;0;0;1.0;0.0004;;0;0;20
mcad;happy_guided_reordered;happy;1;Q1_sales_growth;True;c3;True;0;0;0;0.333333;0.399;True;2;1;20
mcad;happy_guided_reordered;happy;2;Q2_margin_month;True;c1;True;0;0;0;0.666667;0.2478;True;1;1;20
mcad;happy_guided_reordered;happy;3;Q3_stockout_store;True;c2;True;0;0;0;1.0;0.2498;True;1;1;20
baseline_naive;happy_guided_reordered;happy;1;Q1_sales_growth;True;c3;True;0;0;0;0.333333;0.0014;;0;0;20
baseline_naive;happy_guided_reordered;happy;2;Q2_margin_month;True;c1;True;0;0;0;0.666667;0.0005;;0;0;20
baseline_naive;happy_guided_reordered;happy;3;Q3_stockout_store;True;c2;True;0;0;0;1.0;0.0003;;0;0;20
baseline_measure_overlap;happy_guided_reordered;happy;1;Q1_sales_growth;True;c3;True;0;0;0;0.333333;0.0206;;0;0;20
baseline_measure_overlap;happy_guided_reordered;happy;2;Q2_margin_month;True;c1;True;0;0;0;0.666667;0.0055;;0;0;20
baseline_measure_overlap;happy_guided_reordered;happy;3;Q3_stockout_store;True;c2;True;0;0;0;1.0;0.0044;;0;0;20
ablation_no_sat;happy_guided_reordered;happy;1;Q1_sales_growth;True;c3;True;0;0;0;0.333333;0.4047;True;2;1;20
ablation_no_sat;happy_guided_reordered;happy;2;Q2_margin_month;True;c1;True;0;0;0;0.666667;0.2519;True;1;1;20
ablation_no_sat;happy_guided_reordered;happy;3;Q3_stockout_store;True;c2;True;0;0;0;1.0;0.2888;True;1;1;20
ablation_no_real;happy_guided_reordered;happy;1;Q1_sales_growth;True;c3;True;0;0;0;0.333333;0.409;True;2;1;20
ablation_no_real;happy_guided_reordered;happy;2;Q2_margin_month;True;c1;True;0;0;0;0.666667;0.2562;True;1;1;20
ablation_no_real;happy_guided_reordered;happy;3;Q3_stockout_store;True;c2;True;0;0;0;1.0;0.2584;True;1;1;20
ablation_ceval_any_intersection;happy_guided_reordered;happy;1;Q1_sales_growth;True;c3;True;0;0;0;0.333333;0.3979;True;2;1;20
ablation_ceval_any_intersection;happy_guided_reordered;happy;2;Q2_margin_month;True;c1;True;0;0;0;0.666667;0.2461;True;1;1;20
ablation_ceval_any_intersection;happy_guided_reordered;happy;3;Q3_stockout_store;True;c2;True;0;0;0;1.0;0.2458;True;1;1;20
baseline_random_matched;happy_guided_reordered;happy;1;Q1_sales_growth;True;c3;True;0;0;0;0.333333;0.0039;;0;0;20
baseline_random_matched;happy_guided_reordered;happy;2;Q2_margin_month;True;c1;True;0;0;0;0.666667;0.0006;;0;0;20
baseline_random_matched;happy_guided_reordered;happy;3;Q3_stockout_store;True;c2;False;0;1;0;0.666667;0.0006;;0;0;20
mcad;happy_guided_compact;happy;1;Q1_margin_month;True;c1;True;0;0;0;0.333333;0.314;True;1;1;20
mcad;happy_guided_compact;happy;2;Q2_sales_growth;True;c3;True;0;0;0;0.666667;0.3372;True;2;1;20
mcad;happy_guided_compact;happy;3;Q3_stockout_store;True;c2;True;0;0;0;1.0;0.2422;True;1;1;20
baseline_naive;happy_guided_compact;happy;1;Q1_margin_month;True;c1;True;0;0;0;0.333333;0.0016;;0;0;20
baseline_naive;happy_guided_compact;happy;2;Q2_sales_growth;True;c3;True;0;0;0;0.666667;0.0005;;0;0;20
baseline_naive;happy_guided_compact;happy;3;Q3_stockout_store;True;c2;True;0;0;0;1.0;0.0003;;0;0;20
baseline_measure_overlap;happy_guided_compact;happy;1;Q1_margin_month;True;c1;True;0;0;0;0.333333;0.0207;;0;0;20
baseline_measure_overlap;happy_guided_compact;happy;2;Q2_sales_growth;True;c3;True;0;0;0;0.666667;0.0053;;0;0;20
baseline_measure_overlap;happy_guided_compact;happy;3;Q3_stockout_store;True;c2;True;0;0;0;1.0;0.0045;;0;0;20
ablation_no_sat;happy_guided_compact;happy;1;Q1_margin_month;True;c1;True;0;0;0;0.333333;0.3275;True;1;1;20
ablation_no_sat;happy_guided_compact;happy;2;Q2_sales_growth;True;c3;True;0;0;0;0.666667;0.3365;True;2;1;20
ablation_no_sat;happy_guided_compact;happy;3;Q3_stockout_store;True;c2;True;0;0;0;1.0;0.2416;True;1;1;20
ablation_no_real;happy_guided_compact;happy;1;Q1_margin_month;True;c1;True;0;0;0;0.333333;0.3322;True;1;1;20
ablation_no_real;happy_guided_compact;happy;2;Q2_sales_growth;True;c3;True;0;0;0;0.666667;0.3414;True;2;1;20
ablation_no_real;happy_guided_compact;happy;3;Q3_stockout_store;True;c2;True;0;0;0;1.0;0.2478;True;1;1;20
ablation_ceval_any_intersection;happy_guided_compact;happy;1;Q1_margin_month;True;c1;True;0;0;0;0.333333;0.3145;True;1;1;20
ablation_ceval_any_intersection;happy_guided_compact;happy;2;Q2_sales_growth;True;c3;True;0;0;0;0.666667;0.3329;True;2;1;20
ablation_ceval_any_intersection;happy_guided_compact;happy;3;Q3_stockout_store;True;c2;True;0;0;0;1.0;0.239;True;1;1;20
baseline_random_matched;happy_guided_compact;happy;1;Q1_margin_month;True;c1;False;0;1;0;0.0;0.0044;;0;0;20
baseline_random_matched;happy_guided_compact;happy;2;Q2_sales_growth;True;c3;False;0;1;0;0.0;0.0007;;0;0;20
baseline_random_matched;happy_guided_compact;happy;3;Q3_stockout_store;True;c2;True;0;0;0;0.333333;0.0005;;0;0;20
mcad;border_growth_partial_1998_only;border;1;Q1_sales_1998_only;False;;False;0;0;0;0.0;0.3723;True;1;0;20
baseline_naive;border_growth_partial_1998_only;border;1;Q1_sales_1998_only;False;;True;1;0;1;0.0;0.0014;;0;0;20
baseline_measure_overlap;border_growth_partial_1998_only;border;1;Q1_sales_1998_only;False;;True;1;0;1;0.0;0.0195;;0;0;20
ablation_no_sat;border_growth_partial_1998_only;border;1;Q1_sales_1998_only;False;;False;0;0;0;0.0;0.3793;True;1;0;20
ablation_no_real;border_growth_partial_1998_only;border;1;Q1_sales_1998_only;False;;True;1;0;1;0.0;0.3914;True;1;0;20
ablation_ceval_any_intersection;border_growth_partial_1998_only;border;1;Q1_sales_1998_only;False;;True;1;0;1;0.0;0.3673;True;1;1;20
baseline_random_matched;border_growth_partial_1998_only;border;1;Q1_sales_1998_only;False;;True;1;0;1;0.0;0.0041;;0;0;20
mcad;border_margin_wrong_grain;border;1;Q1_margin_quarter_only;False;;False;0;0;0;0.0;0.2269;False;0;0;20
baseline_naive;border_margin_wrong_grain;border;1;Q1_margin_quarter_only;False;;True;1;0;1;0.0;0.0013;;0;0;20
baseline_measure_overlap;border_margin_wrong_grain;border;1;Q1_margin_quarter_only;False;;True;1;0;1;0.0;0.0204;;0;0;20
ablation_no_sat;border_margin_wrong_grain;border;1;Q1_margin_quarter_only;False;;False;0;0;0;0.0;0.3009;False;0;0;20
ablation_no_real;border_margin_wrong_grain;border;1;Q1_margin_quarter_only;False;;False;0;0;0;0.0;0.2603;False;0;0;20
ablation_ceval_any_intersection;border_margin_wrong_grain;border;1;Q1_margin_quarter_only;False;;False;0;0;0;0.0;0.2254;False;0;0;20
baseline_random_matched;border_margin_wrong_grain;border;1;Q1_margin_quarter_only;False;;True;1;0;1;0.0;0.0044;;0;0;20
mcad;border_stockout_missing_store;border;1;Q1_stockout_category_only;False;;False;0;0;0;0.0;0.2208;False;0;0;20
baseline_naive;border_stockout_missing_store;border;1;Q1_stockout_category_only;False;;True;1;0;1;0.0;0.0017;;0;0;20
baseline_measure_overlap;border_stockout_missing_store;border;1;Q1_stockout_category_only;False;;True;1;0;1;0.0;0.019;;0;0;20
ablation_no_sat;border_stockout_missing_store;border;1;Q1_stockout_category_only;False;;False;0;0;0;0.0;0.4482;False;0;0;20
ablation_no_real;border_stockout_missing_store;border;1;Q1_stockout_category_only;False;;False;0;0;0;0.0;0.2374;False;0;0;20
ablation_ceval_any_intersection;border_stockout_missing_store;border;1;Q1_stockout_category_only;False;;False;0;0;0;0.0;0.2313;False;0;0;20
baseline_random_matched;border_stockout_missing_store;border;1;Q1_stockout_category_only;False;;False;0;0;0;0.0;0.0039;;0;0;20
mcad;adversarial_wrong_region;adversarial;1;Q1_margin_south;False;;False;0;0;0;0.0;0.2068;False;0;0;20
baseline_naive;adversarial_wrong_region;adversarial;1;Q1_margin_south;False;;True;1;0;1;0.0;0.0016;;0;0;20
baseline_measure_overlap;adversarial_wrong_region;adversarial;1;Q1_margin_south;False;;True;1;0;1;0.0;0.0207;;0;0;20
ablation_no_sat;adversarial_wrong_region;adversarial;1;Q1_margin_south;False;;False;0;0;0;0.0;0.2407;False;0;0;20
ablation_no_real;adversarial_wrong_region;adversarial;1;Q1_margin_south;False;;False;0;0;0;0.0;0.2186;False;0;0;20
ablation_ceval_any_intersection;adversarial_wrong_region;adversarial;1;Q1_margin_south;False;;False;0;0;0;0.0;0.1949;False;0;0;20
baseline_random_matched;adversarial_wrong_region;adversarial;1;Q1_margin_south;False;;False;0;0;0;0.0;0.0038;;0;0;20
mcad;adversarial_wrong_year;adversarial;1;Q1_stockout_1997;False;;False;0;0;0;0.0;0.1917;False;0;0;20
baseline_naive;adversarial_wrong_year;adversarial;1;Q1_stockout_1997;False;;True;1;0;1;0.0;0.0014;;0;0;20
baseline_measure_overlap;adversarial_wrong_year;adversarial;1;Q1_stockout_1997;False;;True;1;0;1;0.0;0.0184;;0;0;20
ablation_no_sat;adversarial_wrong_year;adversarial;1;Q1_stockout_1997;False;;False;0;0;0;0.0;0.2266;False;0;0;20
ablation_no_real;adversarial_wrong_year;adversarial;1;Q1_stockout_1997;False;;False;0;0;0;0.0;0.2019;False;0;0;20
ablation_ceval_any_intersection;adversarial_wrong_year;adversarial;1;Q1_stockout_1997;False;;False;0;0;0;0.0;0.192;False;0;0;20
baseline_random_matched;adversarial_wrong_year;adversarial;1;Q1_stockout_1997;False;;True;1;0;1;0.0;0.0045;;0;0;20
mcad;adversarial_invalid_no_measures;adversarial;1;Q1_invalid_no_measure;False;;False;0;0;0;0.0;0.1051;False;0;0;20
baseline_naive;adversarial_invalid_no_measures;adversarial;1;Q1_invalid_no_measure;False;;True;1;0;1;0.0;0.0021;;0;0;20
baseline_measure_overlap;adversarial_invalid_no_measures;adversarial;1;Q1_invalid_no_measure;False;;False;0;0;0;0.0;0.0199;;0;0;20
ablation_no_sat;adversarial_invalid_no_measures;adversarial;1;Q1_invalid_no_measure;False;;False;0;0;0;0.0;0.1094;False;0;0;20
ablation_no_real;adversarial_invalid_no_measures;adversarial;1;Q1_invalid_no_measure;False;;False;0;0;0;0.0;0.1017;False;0;0;20
ablation_ceval_any_intersection;adversarial_invalid_no_measures;adversarial;1;Q1_invalid_no_measure;False;;False;0;0;0;0.0;0.0931;False;0;0;20
baseline_random_matched;adversarial_invalid_no_measures;adversarial;1;Q1_invalid_no_measure;False;;True;1;0;1;0.0;0.0043;;0;0;20
mcad;stress_exploratory_then_useful;stress;1;Q1_noise_region;False;;False;0;0;0;0.0;0.2294;False;0;0;20
mcad;stress_exploratory_then_useful;stress;2;Q2_noise_margin_all;False;;False;0;0;0;0.0;0.1463;False;0;0;20
mcad;stress_exploratory_then_useful;stress;3;Q3_useful_margin;True;c1;True;0;0;0;0.333333;0.2475;True;1;1;20
baseline_naive;stress_exploratory_then_useful;stress;1;Q1_noise_region;False;;True;1;0;1;0.0;0.0014;;0;0;20
baseline_naive;stress_exploratory_then_useful;stress;2;Q2_noise_margin_all;False;;True;1;0;1;0.0;0.0005;;0;0;20
baseline_naive;stress_exploratory_then_useful;stress;3;Q3_useful_margin;True;c1;True;0;0;0;0.333333;0.0003;;0;0;20
baseline_measure_overlap;stress_exploratory_then_useful;stress;1;Q1_noise_region;False;;True;1;0;1;0.0;0.0194;;0;0;20
baseline_measure_overlap;stress_exploratory_then_useful;stress;2;Q2_noise_margin_all;False;;True;1;0;1;0.0;0.0112;;0;0;20
baseline_measure_overlap;stress_exploratory_then_useful;stress;3;Q3_useful_margin;True;c1;True;0;0;0;0.333333;0.0069;;0;0;20
ablation_no_sat;stress_exploratory_then_useful;stress;1;Q1_noise_region;False;;False;0;0;0;0.0;0.2732;False;0;0;20
ablation_no_sat;stress_exploratory_then_useful;stress;2;Q2_noise_margin_all;False;;False;0;0;0;0.0;0.1702;False;0;0;20
ablation_no_sat;stress_exploratory_then_useful;stress;3;Q3_useful_margin;True;c1;True;0;0;0;0.333333;0.2448;True;1;1;20
ablation_no_real;stress_exploratory_then_useful;stress;1;Q1_noise_region;False;;False;0;0;0;0.0;0.2283;False;0;0;20
ablation_no_real;stress_exploratory_then_useful;stress;2;Q2_noise_margin_all;False;;False;0;0;0;0.0;0.1485;False;0;0;20
ablation_no_real;stress_exploratory_then_useful;stress;3;Q3_useful_margin;True;c1;True;0;0;0;0.333333;0.2663;True;1;1;20
ablation_ceval_any_intersection;stress_exploratory_then_useful;stress;1;Q1_noise_region;False;;False;0;0;0;0.0;0.227;False;0;0;20
ablation_ceval_any_intersection;stress_exploratory_then_useful;stress;2;Q2_noise_margin_all;False;;False;0;0;0;0.0;0.1431;False;0;0;20
ablation_ceval_any_intersection;stress_exploratory_then_useful;stress;3;Q3_useful_margin;True;c1;True;0;0;0;0.333333;0.2498;True;1;1;20
baseline_random_matched;stress_exploratory_then_useful;stress;1;Q1_noise_region;False;;True;1;0;1;0.0;0.0038;;0;0;20
baseline_random_matched;stress_exploratory_then_useful;stress;2;Q2_noise_margin_all;False;;True;1;0;1;0.0;0.0007;;0;0;20
baseline_random_matched;stress_exploratory_then_useful;stress;3;Q3_useful_margin;True;c1;False;0;1;0;0.0;0.0005;;0;0;20
mcad;happy_guided_article_short;happy;1;Q1_margin_month;True;c1;True;0;0;0;0.333333;0.3151;True;1;1;21
mcad;happy_guided_article_short;happy;2;Q2_stockout_store;True;c2;True;0;0;0;0.666667;0.2462;True;1;1;21
mcad;happy_guided_article_short;happy;3;Q3_sales_growth;True;c3;True;0;0;0;1.0;0.3298;True;2;1;21
baseline_naive;happy_guided_article_short;happy;1;Q1_margin_month;True;c1;True;0;0;0;0.333333;0.0014;;0;0;21
baseline_naive;happy_guided_article_short;happy;2;Q2_stockout_store;True;c2;True;0;0;0;0.666667;0.0005;;0;0;21
baseline_naive;happy_guided_article_short;happy;3;Q3_sales_growth;True;c3;True;0;0;0;1.0;0.0004;;0;0;21
baseline_measure_overlap;happy_guided_article_short;happy;1;Q1_margin_month;True;c1;True;0;0;0;0.333333;0.0194;;0;0;21
baseline_measure_overlap;happy_guided_article_short;happy;2;Q2_stockout_store;True;c2;True;0;0;0;0.666667;0.0056;;0;0;21
baseline_measure_overlap;happy_guided_article_short;happy;3;Q3_sales_growth;True;c3;True;0;0;0;1.0;0.0041;;0;0;21
ablation_no_sat;happy_guided_article_short;happy;1;Q1_margin_month;True;c1;True;0;0;0;0.333333;0.3101;True;1;1;21
ablation_no_sat;happy_guided_article_short;happy;2;Q2_stockout_store;True;c2;True;0;0;0;0.666667;0.2536;True;1;1;21
ablation_no_sat;happy_guided_article_short;happy;3;Q3_sales_growth;True;c3;True;0;0;0;1.0;0.3279;True;2;1;21
ablation_no_real;happy_guided_article_short;happy;1;Q1_margin_month;True;c1;True;0;0;0;0.333333;0.3155;True;1;1;21
ablation_no_real;happy_guided_article_short;happy;2;Q2_stockout_store;True;c2;True;0;0;0;0.666667;0.2674;True;1;1;21
ablation_no_real;happy_guided_article_short;happy;3;Q3_sales_growth;True;c3;True;0;0;0;1.0;0.5747;True;2;1;21
ablation_ceval_any_intersection;happy_guided_article_short;happy;1;Q1_margin_month;True;c1;True;0;0;0;0.333333;0.3173;True;1;1;21
ablation_ceval_any_intersection;happy_guided_article_short;happy;2;Q2_stockout_store;True;c2;True;0;0;0;0.666667;0.2407;True;1;1;21
ablation_ceval_any_intersection;happy_guided_article_short;happy;3;Q3_sales_growth;True;c3;True;0;0;0;1.0;0.3271;True;2;1;21
baseline_random_matched;happy_guided_article_short;happy;1;Q1_margin_month;True;c1;True;0;0;0;0.333333;0.0044;;0;0;21
baseline_random_matched;happy_guided_article_short;happy;2;Q2_stockout_store;True;c2;False;0;1;0;0.333333;0.0007;;0;0;21
baseline_random_matched;happy_guided_article_short;happy;3;Q3_sales_growth;True;c3;False;0;1;0;0.333333;0.0006;;0;0;21
mcad;happy_guided_reordered;happy;1;Q1_sales_growth;True;c3;True;0;0;0;0.333333;0.4002;True;2;1;21
mcad;happy_guided_reordered;happy;2;Q2_margin_month;True;c1;True;0;0;0;0.666667;0.2454;True;1;1;21
mcad;happy_guided_reordered;happy;3;Q3_stockout_store;True;c2;True;0;0;0;1.0;0.2377;True;1;1;21
baseline_naive;happy_guided_reordered;happy;1;Q1_sales_growth;True;c3;True;0;0;0;0.333333;0.0017;;0;0;21
baseline_naive;happy_guided_reordered;happy;2;Q2_margin_month;True;c1;True;0;0;0;0.666667;0.0005;;0;0;21
baseline_naive;happy_guided_reordered;happy;3;Q3_stockout_store;True;c2;True;0;0;0;1.0;0.0003;;0;0;21
baseline_measure_overlap;happy_guided_reordered;happy;1;Q1_sales_growth;True;c3;True;0;0;0;0.333333;0.0201;;0;0;21
baseline_measure_overlap;happy_guided_reordered;happy;2;Q2_margin_month;True;c1;True;0;0;0;0.666667;0.0051;;0;0;21
baseline_measure_overlap;happy_guided_reordered;happy;3;Q3_stockout_store;True;c2;True;0;0;0;1.0;0.0045;;0;0;21
ablation_no_sat;happy_guided_reordered;happy;1;Q1_sales_growth;True;c3;True;0;0;0;0.333333;0.3946;True;2;1;21
ablation_no_sat;happy_guided_reordered;happy;2;Q2_margin_month;True;c1;True;0;0;0;0.666667;0.2461;True;1;1;21
ablation_no_sat;happy_guided_reordered;happy;3;Q3_stockout_store;True;c2;True;0;0;0;1.0;0.2402;True;1;1;21
ablation_no_real;happy_guided_reordered;happy;1;Q1_sales_growth;True;c3;True;0;0;0;0.333333;0.4103;True;2;1;21
ablation_no_real;happy_guided_reordered;happy;2;Q2_margin_month;True;c1;True;0;0;0;0.666667;0.2552;True;1;1;21
ablation_no_real;happy_guided_reordered;happy;3;Q3_stockout_store;True;c2;True;0;0;0;1.0;0.2495;True;1;1;21
ablation_ceval_any_intersection;happy_guided_reordered;happy;1;Q1_sales_growth;True;c3;True;0;0;0;0.333333;0.4017;True;2;1;21
ablation_ceval_any_intersection;happy_guided_reordered;happy;2;Q2_margin_month;True;c1;True;0;0;0;0.666667;0.2475;True;1;1;21
ablation_ceval_any_intersection;happy_guided_reordered;happy;3;Q3_stockout_store;True;c2;True;0;0;0;1.0;0.2613;True;1;1;21
baseline_random_matched;happy_guided_reordered;happy;1;Q1_sales_growth;True;c3;False;0;1;0;0.0;0.0038;;0;0;21
baseline_random_matched;happy_guided_reordered;happy;2;Q2_margin_month;True;c1;False;0;1;0;0.0;0.0006;;0;0;21
baseline_random_matched;happy_guided_reordered;happy;3;Q3_stockout_store;True;c2;True;0;0;0;0.333333;0.0005;;0;0;21
mcad;happy_guided_compact;happy;1;Q1_margin_month;True;c1;True;0;0;0;0.333333;0.3215;True;1;1;21
mcad;happy_guided_compact;happy;2;Q2_sales_growth;True;c3;True;0;0;0;0.666667;0.3311;True;2;1;21
mcad;happy_guided_compact;happy;3;Q3_stockout_store;True;c2;True;0;0;0;1.0;0.2406;True;1;1;21
baseline_naive;happy_guided_compact;happy;1;Q1_margin_month;True;c1;True;0;0;0;0.333333;0.0014;;0;0;21
baseline_naive;happy_guided_compact;happy;2;Q2_sales_growth;True;c3;True;0;0;0;0.666667;0.0006;;0;0;21
baseline_naive;happy_guided_compact;happy;3;Q3_stockout_store;True;c2;True;0;0;0;1.0;0.0004;;0;0;21
baseline_measure_overlap;happy_guided_compact;happy;1;Q1_margin_month;True;c1;True;0;0;0;0.333333;0.0186;;0;0;21
baseline_measure_overlap;happy_guided_compact;happy;2;Q2_sales_growth;True;c3;True;0;0;0;0.666667;0.0051;;0;0;21
baseline_measure_overlap;happy_guided_compact;happy;3;Q3_stockout_store;True;c2;True;0;0;0;1.0;0.0045;;0;0;21
ablation_no_sat;happy_guided_compact;happy;1;Q1_margin_month;True;c1;True;0;0;0;0.333333;0.3056;True;1;1;21
ablation_no_sat;happy_guided_compact;happy;2;Q2_sales_growth;True;c3;True;0;0;0;0.666667;0.3437;True;2;1;21
ablation_no_sat;happy_guided_compact;happy;3;Q3_stockout_store;True;c2;True;0;0;0;1.0;0.2388;True;1;1;21
ablation_no_real;happy_guided_compact;happy;1;Q1_margin_month;True;c1;True;0;0;0;0.333333;0.3181;True;1;1;21
ablation_no_real;happy_guided_compact;happy;2;Q2_sales_growth;True;c3;True;0;0;0;0.666667;0.3356;True;2;1;21
ablation_no_real;happy_guided_compact;happy;3;Q3_stockout_store;True;c2;True;0;0;0;1.0;0.2527;True;1;1;21
ablation_ceval_any_intersection;happy_guided_compact;happy;1;Q1_margin_month;True;c1;True;0;0;0;0.333333;0.3067;True;1;1;21
ablation_ceval_any_intersection;happy_guided_compact;happy;2;Q2_sales_growth;True;c3;True;0;0;0;0.666667;0.3295;True;2;1;21
ablation_ceval_any_intersection;happy_guided_compact;happy;3;Q3_stockout_store;True;c2;True;0;0;0;1.0;0.2357;True;1;1;21
baseline_random_matched;happy_guided_compact;happy;1;Q1_margin_month;True;c1;True;0;0;0;0.333333;0.004;;0;0;21
baseline_random_matched;happy_guided_compact;happy;2;Q2_sales_growth;True;c3;False;0;1;0;0.333333;0.0007;;0;0;21
baseline_random_matched;happy_guided_compact;happy;3;Q3_stockout_store;True;c2;True;0;0;0;0.666667;0.0005;;0;0;21
mcad;border_growth_partial_1998_only;border;1;Q1_sales_1998_only;False;;False;0;0;0;0.0;0.3621;True;1;0;21
baseline_naive;border_growth_partial_1998_only;border;1;Q1_sales_1998_only;False;;True;1;0;1;0.0;0.0017;;0;0;21
baseline_measure_overlap;border_growth_partial_1998_only;border;1;Q1_sales_1998_only;False;;True;1;0;1;0.0;0.0181;;0;0;21
ablation_no_sat;border_growth_partial_1998_only;border;1;Q1_sales_1998_only;False;;False;0;0;0;0.0;0.3645;True;1;0;21
ablation_no_real;border_growth_partial_1998_only;border;1;Q1_sales_1998_only;False;;True;1;0;1;0.0;0.3794;True;1;0;21
ablation_ceval_any_intersection;border_growth_partial_1998_only;border;1;Q1_sales_1998_only;False;;True;1;0;1;0.0;0.3606;True;1;1;21
baseline_random_matched;border_growth_partial_1998_only;border;1;Q1_sales_1998_only;False;;False;0;0;0;0.0;0.004;;0;0;21
mcad;border_margin_wrong_grain;border;1;Q1_margin_quarter_only;False;;False;0;0;0;0.0;0.2213;False;0;0;21
baseline_naive;border_margin_wrong_grain;border;1;Q1_margin_quarter_only;False;;True;1;0;1;0.0;0.0014;;0;0;21
baseline_measure_overlap;border_margin_wrong_grain;border;1;Q1_margin_quarter_only;False;;True;1;0;1;0.0;0.0198;;0;0;21
ablation_no_sat;border_margin_wrong_grain;border;1;Q1_margin_quarter_only;False;;False;0;0;0;0.0;0.2987;False;0;0;21
ablation_no_real;border_margin_wrong_grain;border;1;Q1_margin_quarter_only;False;;False;0;0;0;0.0;0.2341;False;0;0;21
ablation_ceval_any_intersection;border_margin_wrong_grain;border;1;Q1_margin_quarter_only;False;;False;0;0;0;0.0;0.2232;False;0;0;21
baseline_random_matched;border_margin_wrong_grain;border;1;Q1_margin_quarter_only;False;;False;0;0;0;0.0;0.004;;0;0;21
mcad;border_stockout_missing_store;border;1;Q1_stockout_category_only;False;;False;0;0;0;0.0;0.2208;False;0;0;21
baseline_naive;border_stockout_missing_store;border;1;Q1_stockout_category_only;False;;True;1;0;1;0.0;0.0016;;0;0;21
baseline_measure_overlap;border_stockout_missing_store;border;1;Q1_stockout_category_only;False;;True;1;0;1;0.0;0.02;;0;0;21
ablation_no_sat;border_stockout_missing_store;border;1;Q1_stockout_category_only;False;;False;0;0;0;0.0;0.2811;False;0;0;21
ablation_no_real;border_stockout_missing_store;border;1;Q1_stockout_category_only;False;;False;0;0;0;0.0;0.2278;False;0;0;21
ablation_ceval_any_intersection;border_stockout_missing_store;border;1;Q1_stockout_category_only;False;;False;0;0;0;0.0;0.2202;False;0;0;21
baseline_random_matched;border_stockout_missing_store;border;1;Q1_stockout_category_only;False;;True;1;0;1;0.0;0.0044;;0;0;21
mcad;adversarial_wrong_region;adversarial;1;Q1_margin_south;False;;False;0;0;0;0.0;0.1953;False;0;0;21
baseline_naive;adversarial_wrong_region;adversarial;1;Q1_margin_south;False;;True;1;0;1;0.0;0.0014;;0;0;21
baseline_measure_overlap;adversarial_wrong_region;adversarial;1;Q1_margin_south;False;;True;1;0;1;0.0;0.0202;;0;0;21
ablation_no_sat;adversarial_wrong_region;adversarial;1;Q1_margin_south;False;;False;0;0;0;0.0;0.2386;False;0;0;21
ablation_no_real;adversarial_wrong_region;adversarial;1;Q1_margin_south;False;;False;0;0;0;0.0;0.4264;False;0;0;21
ablation_ceval_any_intersection;adversarial_wrong_region;adversarial;1;Q1_margin_south;False;;False;0;0;0;0.0;0.3298;False;0;0;21
baseline_random_matched;adversarial_wrong_region;adversarial;1;Q1_margin_south;False;;False;0;0;0;0.0;0.0053;;0;0;21
mcad;adversarial_wrong_year;adversarial;1;Q1_stockout_1997;False;;False;0;0;0;0.0;0.1957;False;0;0;21
baseline_naive;adversarial_wrong_year;adversarial;1;Q1_stockout_1997;False;;True;1;0;1;0.0;0.0016;;0;0;21
baseline_measure_overlap;adversarial_wrong_year;adversarial;1;Q1_stockout_1997;False;;True;1;0;1;0.0;0.0212;;0;0;21
ablation_no_sat;adversarial_wrong_year;adversarial;1;Q1_stockout_1997;False;;False;0;0;0;0.0;0.211;False;0;0;21
ablation_no_real;adversarial_wrong_year;adversarial;1;Q1_stockout_1997;False;;False;0;0;0;0.0;0.1962;False;0;0;21
ablation_ceval_any_intersection;adversarial_wrong_year;adversarial;1;Q1_stockout_1997;False;;False;0;0;0;0.0;0.19;False;0;0;21
baseline_random_matched;adversarial_wrong_year;adversarial;1;Q1_stockout_1997;False;;True;1;0;1;0.0;0.0039;;0;0;21
mcad;adversarial_invalid_no_measures;adversarial;1;Q1_invalid_no_measure;False;;False;0;0;0;0.0;0.1059;False;0;0;21
baseline_naive;adversarial_invalid_no_measures;adversarial;1;Q1_invalid_no_measure;False;;True;1;0;1;0.0;0.0016;;0;0;21
baseline_measure_overlap;adversarial_invalid_no_measures;adversarial;1;Q1_invalid_no_measure;False;;False;0;0;0;0.0;0.0278;;0;0;21
ablation_no_sat;adversarial_invalid_no_measures;adversarial;1;Q1_invalid_no_measure;False;;False;0;0;0;0.0;0.1124;False;0;0;21
ablation_no_real;adversarial_invalid_no_measures;adversarial;1;Q1_invalid_no_measure;False;;False;0;0;0;0.0;0.1;False;0;0;21
ablation_ceval_any_intersection;adversarial_invalid_no_measures;adversarial;1;Q1_invalid_no_measure;False;;False;0;0;0;0.0;0.0941;False;0;0;21
baseline_random_matched;adversarial_invalid_no_measures;adversarial;1;Q1_invalid_no_measure;False;;False;0;0;0;0.0;0.0042;;0;0;21
mcad;stress_exploratory_then_useful;stress;1;Q1_noise_region;False;;False;0;0;0;0.0;0.2206;False;0;0;21
mcad;stress_exploratory_then_useful;stress;2;Q2_noise_margin_all;False;;False;0;0;0;0.0;0.1598;False;0;0;21
mcad;stress_exploratory_then_useful;stress;3;Q3_useful_margin;True;c1;True;0;0;0;0.333333;0.2495;True;1;1;21
baseline_naive;stress_exploratory_then_useful;stress;1;Q1_noise_region;False;;True;1;0;1;0.0;0.0015;;0;0;21
baseline_naive;stress_exploratory_then_useful;stress;2;Q2_noise_margin_all;False;;True;1;0;1;0.0;0.0004;;0;0;21
baseline_naive;stress_exploratory_then_useful;stress;3;Q3_useful_margin;True;c1;True;0;0;0;0.333333;0.0003;;0;0;21
baseline_measure_overlap;stress_exploratory_then_useful;stress;1;Q1_noise_region;False;;True;1;0;1;0.0;0.0197;;0;0;21
baseline_measure_overlap;stress_exploratory_then_useful;stress;2;Q2_noise_margin_all;False;;True;1;0;1;0.0;0.0053;;0;0;21
baseline_measure_overlap;stress_exploratory_then_useful;stress;3;Q3_useful_margin;True;c1;True;0;0;0;0.333333;0.0043;;0;0;21
ablation_no_sat;stress_exploratory_then_useful;stress;1;Q1_noise_region;False;;False;0;0;0;0.0;0.2578;False;0;0;21
ablation_no_sat;stress_exploratory_then_useful;stress;2;Q2_noise_margin_all;False;;False;0;0;0;0.0;0.1828;False;0;0;21
ablation_no_sat;stress_exploratory_then_useful;stress;3;Q3_useful_margin;True;c1;True;0;0;0;0.333333;0.2462;True;1;1;21
ablation_no_real;stress_exploratory_then_useful;stress;1;Q1_noise_region;False;;False;0;0;0;0.0;0.2308;False;0;0;21
ablation_no_real;stress_exploratory_then_useful;stress;2;Q2_noise_margin_all;False;;False;0;0;0;0.0;0.1466;False;0;0;21
ablation_no_real;stress_exploratory_then_useful;stress;3;Q3_useful_margin;True;c1;True;0;0;0;0.333333;0.2534;True;1;1;21
ablation_ceval_any_intersection;stress_exploratory_then_useful;stress;1;Q1_noise_region;False;;False;0;0;0;0.0;0.2195;False;0;0;21
ablation_ceval_any_intersection;stress_exploratory_then_useful;stress;2;Q2_noise_margin_all;False;;False;0;0;0;0.0;0.1538;False;0;0;21
ablation_ceval_any_intersection;stress_exploratory_then_useful;stress;3;Q3_useful_margin;True;c1;True;0;0;0;0.333333;0.2457;True;1;1;21
baseline_random_matched;stress_exploratory_then_useful;stress;1;Q1_noise_region;False;;False;0;0;0;0.0;0.0045;;0;0;21
baseline_random_matched;stress_exploratory_then_useful;stress;2;Q2_noise_margin_all;False;;False;0;0;0;0.0;0.0007;;0;0;21
baseline_random_matched;stress_exploratory_then_useful;stress;3;Q3_useful_margin;True;c1;True;0;0;0;0.333333;0.0005;;0;0;21
mcad;happy_guided_article_short;happy;1;Q1_margin_month;True;c1;True;0;0;0;0.333333;0.3047;True;1;1;22
mcad;happy_guided_article_short;happy;2;Q2_stockout_store;True;c2;True;0;0;0;0.666667;0.3346;True;1;1;22
mcad;happy_guided_article_short;happy;3;Q3_sales_growth;True;c3;True;0;0;0;1.0;0.3948;True;2;1;22
baseline_naive;happy_guided_article_short;happy;1;Q1_margin_month;True;c1;True;0;0;0;0.333333;0.0018;;0;0;22
baseline_naive;happy_guided_article_short;happy;2;Q2_stockout_store;True;c2;True;0;0;0;0.666667;0.0004;;0;0;22
baseline_naive;happy_guided_article_short;happy;3;Q3_sales_growth;True;c3;True;0;0;0;1.0;0.0004;;0;0;22
baseline_measure_overlap;happy_guided_article_short;happy;1;Q1_margin_month;True;c1;True;0;0;0;0.333333;0.0197;;0;0;22
baseline_measure_overlap;happy_guided_article_short;happy;2;Q2_stockout_store;True;c2;True;0;0;0;0.666667;0.0051;;0;0;22
baseline_measure_overlap;happy_guided_article_short;happy;3;Q3_sales_growth;True;c3;True;0;0;0;1.0;0.0044;;0;0;22
ablation_no_sat;happy_guided_article_short;happy;1;Q1_margin_month;True;c1;True;0;0;0;0.333333;0.3207;True;1;1;22
ablation_no_sat;happy_guided_article_short;happy;2;Q2_stockout_store;True;c2;True;0;0;0;0.666667;0.2449;True;1;1;22
ablation_no_sat;happy_guided_article_short;happy;3;Q3_sales_growth;True;c3;True;0;0;0;1.0;0.328;True;2;1;22
ablation_no_real;happy_guided_article_short;happy;1;Q1_margin_month;True;c1;True;0;0;0;0.333333;0.3253;True;1;1;22
ablation_no_real;happy_guided_article_short;happy;2;Q2_stockout_store;True;c2;True;0;0;0;0.666667;0.2484;True;1;1;22
ablation_no_real;happy_guided_article_short;happy;3;Q3_sales_growth;True;c3;True;0;0;0;1.0;0.331;True;2;1;22
ablation_ceval_any_intersection;happy_guided_article_short;happy;1;Q1_margin_month;True;c1;True;0;0;0;0.333333;0.302;True;1;1;22
ablation_ceval_any_intersection;happy_guided_article_short;happy;2;Q2_stockout_store;True;c2;True;0;0;0;0.666667;0.2526;True;1;1;22
ablation_ceval_any_intersection;happy_guided_article_short;happy;3;Q3_sales_growth;True;c3;True;0;0;0;1.0;0.3296;True;2;1;22
baseline_random_matched;happy_guided_article_short;happy;1;Q1_margin_month;True;c1;False;0;1;0;0.0;0.0041;;0;0;22
baseline_random_matched;happy_guided_article_short;happy;2;Q2_stockout_store;True;c2;True;0;0;0;0.333333;0.0008;;0;0;22
baseline_random_matched;happy_guided_article_short;happy;3;Q3_sales_growth;True;c3;True;0;0;0;0.666667;0.0004;;0;0;22
mcad;happy_guided_reordered;happy;1;Q1_sales_growth;True;c3;True;0;0;0;0.333333;0.3876;True;2;1;22
mcad;happy_guided_reordered;happy;2;Q2_margin_month;True;c1;True;0;0;0;0.666667;0.2541;True;1;1;22
mcad;happy_guided_reordered;happy;3;Q3_stockout_store;True;c2;True;0;0;0;1.0;0.2366;True;1;1;22
baseline_naive;happy_guided_reordered;happy;1;Q1_sales_growth;True;c3;True;0;0;0;0.333333;0.0015;;0;0;22
baseline_naive;happy_guided_reordered;happy;2;Q2_margin_month;True;c1;True;0;0;0;0.666667;0.0005;;0;0;22
baseline_naive;happy_guided_reordered;happy;3;Q3_stockout_store;True;c2;True;0;0;0;1.0;0.0004;;0;0;22
baseline_measure_overlap;happy_guided_reordered;happy;1;Q1_sales_growth;True;c3;True;0;0;0;0.333333;0.0203;;0;0;22
baseline_measure_overlap;happy_guided_reordered;happy;2;Q2_margin_month;True;c1;True;0;0;0;0.666667;0.0053;;0;0;22
baseline_measure_overlap;happy_guided_reordered;happy;3;Q3_stockout_store;True;c2;True;0;0;0;1.0;0.0044;;0;0;22
ablation_no_sat;happy_guided_reordered;happy;1;Q1_sales_growth;True;c3;True;0;0;0;0.333333;0.4012;True;2;1;22
ablation_no_sat;happy_guided_reordered;happy;2;Q2_margin_month;True;c1;True;0;0;0;0.666667;0.245;True;1;1;22
ablation_no_sat;happy_guided_reordered;happy;3;Q3_stockout_store;True;c2;True;0;0;0;1.0;0.2365;True;1;1;22
ablation_no_real;happy_guided_reordered;happy;1;Q1_sales_growth;True;c3;True;0;0;0;0.333333;0.4115;True;2;1;22
ablation_no_real;happy_guided_reordered;happy;2;Q2_margin_month;True;c1;True;0;0;0;0.666667;0.2531;True;1;1;22
ablation_no_real;happy_guided_reordered;happy;3;Q3_stockout_store;True;c2;True;0;0;0;1.0;0.2447;True;1;1;22
ablation_ceval_any_intersection;happy_guided_reordered;happy;1;Q1_sales_growth;True;c3;True;0;0;0;0.333333;0.3889;True;2;1;22
ablation_ceval_any_intersection;happy_guided_reordered;happy;2;Q2_margin_month;True;c1;True;0;0;0;0.666667;0.2531;True;1;1;22
ablation_ceval_any_intersection;happy_guided_reordered;happy;3;Q3_stockout_store;True;c2;True;0;0;0;1.0;0.2361;True;1;1;22
baseline_random_matched;happy_guided_reordered;happy;1;Q1_sales_growth;True;c3;False;0;1;0;0.0;0.0036;;0;0;22
baseline_random_matched;happy_guided_reordered;happy;2;Q2_margin_month;True;c1;False;0;1;0;0.0;0.0007;;0;0;22
baseline_random_matched;happy_guided_reordered;happy;3;Q3_stockout_store;True;c2;True;0;0;0;0.333333;0.0005;;0;0;22
mcad;happy_guided_compact;happy;1;Q1_margin_month;True;c1;True;0;0;0;0.333333;0.3048;True;1;1;22
mcad;happy_guided_compact;happy;2;Q2_sales_growth;True;c3;True;0;0;0;0.666667;0.3316;True;2;1;22
mcad;happy_guided_compact;happy;3;Q3_stockout_store;True;c2;True;0;0;0;1.0;0.2467;True;1;1;22
baseline_naive;happy_guided_compact;happy;1;Q1_margin_month;True;c1;True;0;0;0;0.333333;0.0016;;0;0;22
baseline_naive;happy_guided_compact;happy;2;Q2_sales_growth;True;c3;True;0;0;0;0.666667;0.0007;;0;0;22
baseline_naive;happy_guided_compact;happy;3;Q3_stockout_store;True;c2;True;0;0;0;1.0;0.0003;;0;0;22
baseline_measure_overlap;happy_guided_compact;happy;1;Q1_margin_month;True;c1;True;0;0;0;0.333333;0.0284;;0;0;22
baseline_measure_overlap;happy_guided_compact;happy;2;Q2_sales_growth;True;c3;True;0;0;0;0.666667;0.0052;;0;0;22
baseline_measure_overlap;happy_guided_compact;happy;3;Q3_stockout_store;True;c2;True;0;0;0;1.0;0.0047;;0;0;22
ablation_no_sat;happy_guided_compact;happy;1;Q1_margin_month;True;c1;True;0;0;0;0.333333;0.3079;True;1;1;22
ablation_no_sat;happy_guided_compact;happy;2;Q2_sales_growth;True;c3;True;0;0;0;0.666667;0.3566;True;2;1;22
ablation_no_sat;happy_guided_compact;happy;3;Q3_stockout_store;True;c2;True;0;0;0;1.0;0.3114;True;1;1;22
ablation_no_real;happy_guided_compact;happy;1;Q1_margin_month;True;c1;True;0;0;0;0.333333;0.3142;True;1;1;22
ablation_no_real;happy_guided_compact;happy;2;Q2_sales_growth;True;c3;True;0;0;0;0.666667;0.3543;True;2;1;22
ablation_no_real;happy_guided_compact;happy;3;Q3_stockout_store;True;c2;True;0;0;0;1.0;0.2474;True;1;1;22
ablation_ceval_any_intersection;happy_guided_compact;happy;1;Q1_margin_month;True;c1;True;0;0;0;0.333333;0.3017;True;1;1;22
ablation_ceval_any_intersection;happy_guided_compact;happy;2;Q2_sales_growth;True;c3;True;0;0;0;0.666667;0.341;True;2;1;22
ablation_ceval_any_intersection;happy_guided_compact;happy;3;Q3_stockout_store;True;c2;True;0;0;0;1.0;0.2415;True;1;1;22
baseline_random_matched;happy_guided_compact;happy;1;Q1_margin_month;True;c1;True;0;0;0;0.333333;0.0042;;0;0;22
baseline_random_matched;happy_guided_compact;happy;2;Q2_sales_growth;True;c3;True;0;0;0;0.666667;0.0007;;0;0;22
baseline_random_matched;happy_guided_compact;happy;3;Q3_stockout_store;True;c2;True;0;0;0;1.0;0.0004;;0;0;22
mcad;border_growth_partial_1998_only;border;1;Q1_sales_1998_only;False;;False;0;0;0;0.0;0.3638;True;1;0;22
baseline_naive;border_growth_partial_1998_only;border;1;Q1_sales_1998_only;False;;True;1;0;1;0.0;0.0023;;0;0;22
baseline_measure_overlap;border_growth_partial_1998_only;border;1;Q1_sales_1998_only;False;;True;1;0;1;0.0;0.0295;;0;0;22
ablation_no_sat;border_growth_partial_1998_only;border;1;Q1_sales_1998_only;False;;False;0;0;0;0.0;0.6742;True;1;0;22
ablation_no_real;border_growth_partial_1998_only;border;1;Q1_sales_1998_only;False;;True;1;0;1;0.0;0.7159;True;1;0;22
ablation_ceval_any_intersection;border_growth_partial_1998_only;border;1;Q1_sales_1998_only;False;;True;1;0;1;0.0;0.3659;True;1;1;22
baseline_random_matched;border_growth_partial_1998_only;border;1;Q1_sales_1998_only;False;;False;0;0;0;0.0;0.0039;;0;0;22
mcad;border_margin_wrong_grain;border;1;Q1_margin_quarter_only;False;;False;0;0;0;0.0;0.222;False;0;0;22
baseline_naive;border_margin_wrong_grain;border;1;Q1_margin_quarter_only;False;;True;1;0;1;0.0;0.0019;;0;0;22
baseline_measure_overlap;border_margin_wrong_grain;border;1;Q1_margin_quarter_only;False;;True;1;0;1;0.0;0.0203;;0;0;22
ablation_no_sat;border_margin_wrong_grain;border;1;Q1_margin_quarter_only;False;;False;0;0;0;0.0;0.2883;False;0;0;22
ablation_no_real;border_margin_wrong_grain;border;1;Q1_margin_quarter_only;False;;False;0;0;0;0.0;0.228;False;0;0;22
ablation_ceval_any_intersection;border_margin_wrong_grain;border;1;Q1_margin_quarter_only;False;;False;0;0;0;0.0;0.2199;False;0;0;22
baseline_random_matched;border_margin_wrong_grain;border;1;Q1_margin_quarter_only;False;;False;0;0;0;0.0;0.0042;;0;0;22
mcad;border_stockout_missing_store;border;1;Q1_stockout_category_only;False;;False;0;0;0;0.0;0.2223;False;0;0;22
baseline_naive;border_stockout_missing_store;border;1;Q1_stockout_category_only;False;;True;1;0;1;0.0;0.0014;;0;0;22
baseline_measure_overlap;border_stockout_missing_store;border;1;Q1_stockout_category_only;False;;True;1;0;1;0.0;0.0205;;0;0;22
ablation_no_sat;border_stockout_missing_store;border;1;Q1_stockout_category_only;False;;False;0;0;0;0.0;0.283;False;0;0;22
ablation_no_real;border_stockout_missing_store;border;1;Q1_stockout_category_only;False;;False;0;0;0;0.0;0.239;False;0;0;22
ablation_ceval_any_intersection;border_stockout_missing_store;border;1;Q1_stockout_category_only;False;;False;0;0;0;0.0;0.219;False;0;0;22
baseline_random_matched;border_stockout_missing_store;border;1;Q1_stockout_category_only;False;;True;1;0;1;0.0;0.0048;;0;0;22
mcad;adversarial_wrong_region;adversarial;1;Q1_margin_south;False;;False;0;0;0;0.0;0.1959;False;0;0;22
baseline_naive;adversarial_wrong_region;adversarial;1;Q1_margin_south;False;;True;1;0;1;0.0;0.0015;;0;0;22
baseline_measure_overlap;adversarial_wrong_region;adversarial;1;Q1_margin_south;False;;True;1;0;1;0.0;0.0198;;0;0;22
ablation_no_sat;adversarial_wrong_region;adversarial;1;Q1_margin_south;False;;False;0;0;0;0.0;0.2562;False;0;0;22
ablation_no_real;adversarial_wrong_region;adversarial;1;Q1_margin_south;False;;False;0;0;0;0.0;0.2096;False;0;0;22
ablation_ceval_any_intersection;adversarial_wrong_region;adversarial;1;Q1_margin_south;False;;False;0;0;0;0.0;0.2243;False;0;0;22
baseline_random_matched;adversarial_wrong_region;adversarial;1;Q1_margin_south;False;;True;1;0;1;0.0;0.0042;;0;0;22
mcad;adversarial_wrong_year;adversarial;1;Q1_stockout_1997;False;;False;0;0;0;0.0;0.1938;False;0;0;22
baseline_naive;adversarial_wrong_year;adversarial;1;Q1_stockout_1997;False;;True;1;0;1;0.0;0.0022;;0;0;22
baseline_measure_overlap;adversarial_wrong_year;adversarial;1;Q1_stockout_1997;False;;True;1;0;1;0.0;0.0215;;0;0;22
ablation_no_sat;adversarial_wrong_year;adversarial;1;Q1_stockout_1997;False;;False;0;0;0;0.0;0.2153;False;0;0;22
ablation_no_real;adversarial_wrong_year;adversarial;1;Q1_stockout_1997;False;;False;0;0;0;0.0;0.2041;False;0;0;22
ablation_ceval_any_intersection;adversarial_wrong_year;adversarial;1;Q1_stockout_1997;False;;False;0;0;0;0.0;0.2359;False;0;0;22
baseline_random_matched;adversarial_wrong_year;adversarial;1;Q1_stockout_1997;False;;True;1;0;1;0.0;0.0046;;0;0;22
mcad;adversarial_invalid_no_measures;adversarial;1;Q1_invalid_no_measure;False;;False;0;0;0;0.0;0.0965;False;0;0;22
baseline_naive;adversarial_invalid_no_measures;adversarial;1;Q1_invalid_no_measure;False;;True;1;0;1;0.0;0.0014;;0;0;22
baseline_measure_overlap;adversarial_invalid_no_measures;adversarial;1;Q1_invalid_no_measure;False;;False;0;0;0;0.0;0.0178;;0;0;22
ablation_no_sat;adversarial_invalid_no_measures;adversarial;1;Q1_invalid_no_measure;False;;False;0;0;0;0.0;0.1097;False;0;0;22
ablation_no_real;adversarial_invalid_no_measures;adversarial;1;Q1_invalid_no_measure;False;;False;0;0;0;0.0;0.1029;False;0;0;22
ablation_ceval_any_intersection;adversarial_invalid_no_measures;adversarial;1;Q1_invalid_no_measure;False;;False;0;0;0;0.0;0.0937;False;0;0;22
baseline_random_matched;adversarial_invalid_no_measures;adversarial;1;Q1_invalid_no_measure;False;;False;0;0;0;0.0;0.0061;;0;0;22
mcad;stress_exploratory_then_useful;stress;1;Q1_noise_region;False;;False;0;0;0;0.0;0.3691;False;0;0;22
mcad;stress_exploratory_then_useful;stress;2;Q2_noise_margin_all;False;;False;0;0;0;0.0;0.2704;False;0;0;22
mcad;stress_exploratory_then_useful;stress;3;Q3_useful_margin;True;c1;True;0;0;0;0.333333;0.5207;True;1;1;22
baseline_naive;stress_exploratory_then_useful;stress;1;Q1_noise_region;False;;True;1;0;1;0.0;0.0023;;0;0;22
baseline_naive;stress_exploratory_then_useful;stress;2;Q2_noise_margin_all;False;;True;1;0;1;0.0;0.0008;;0;0;22
baseline_naive;stress_exploratory_then_useful;stress;3;Q3_useful_margin;True;c1;True;0;0;0;0.333333;0.0008;;0;0;22
baseline_measure_overlap;stress_exploratory_then_useful;stress;1;Q1_noise_region;False;;True;1;0;1;0.0;0.0203;;0;0;22
baseline_measure_overlap;stress_exploratory_then_useful;stress;2;Q2_noise_margin_all;False;;True;1;0;1;0.0;0.0053;;0;0;22
baseline_measure_overlap;stress_exploratory_then_useful;stress;3;Q3_useful_margin;True;c1;True;0;0;0;0.333333;0.004;;0;0;22
ablation_no_sat;stress_exploratory_then_useful;stress;1;Q1_noise_region;False;;False;0;0;0;0.0;0.2691;False;0;0;22
ablation_no_sat;stress_exploratory_then_useful;stress;2;Q2_noise_margin_all;False;;False;0;0;0;0.0;0.1712;False;0;0;22
ablation_no_sat;stress_exploratory_then_useful;stress;3;Q3_useful_margin;True;c1;True;0;0;0;0.333333;0.2586;True;1;1;22
ablation_no_real;stress_exploratory_then_useful;stress;1;Q1_noise_region;False;;False;0;0;0;0.0;0.2416;False;0;0;22
ablation_no_real;stress_exploratory_then_useful;stress;2;Q2_noise_margin_all;False;;False;0;0;0;0.0;0.1502;False;0;0;22
ablation_no_real;stress_exploratory_then_useful;stress;3;Q3_useful_margin;True;c1;True;0;0;0;0.333333;0.2567;True;1;1;22
ablation_ceval_any_intersection;stress_exploratory_then_useful;stress;1;Q1_noise_region;False;;False;0;0;0;0.0;0.2267;False;0;0;22
ablation_ceval_any_intersection;stress_exploratory_then_useful;stress;2;Q2_noise_margin_all;False;;False;0;0;0;0.0;0.1539;False;0;0;22
ablation_ceval_any_intersection;stress_exploratory_then_useful;stress;3;Q3_useful_margin;True;c1;True;0;0;0;0.333333;0.2476;True;1;1;22
baseline_random_matched;stress_exploratory_then_useful;stress;1;Q1_noise_region;False;;False;0;0;0;0.0;0.0042;;0;0;22
baseline_random_matched;stress_exploratory_then_useful;stress;2;Q2_noise_margin_all;False;;True;1;0;1;0.0;0.0007;;0;0;22
baseline_random_matched;stress_exploratory_then_useful;stress;3;Q3_useful_margin;True;c1;True;0;0;0;0.333333;0.0005;;0;0;22
mcad;happy_guided_article_short;happy;1;Q1_margin_month;True;c1;True;0;0;0;0.333333;0.3092;True;1;1;23
mcad;happy_guided_article_short;happy;2;Q2_stockout_store;True;c2;True;0;0;0;0.666667;0.2453;True;1;1;23
mcad;happy_guided_article_short;happy;3;Q3_sales_growth;True;c3;True;0;0;0;1.0;0.344;True;2;1;23
baseline_naive;happy_guided_article_short;happy;1;Q1_margin_month;True;c1;True;0;0;0;0.333333;0.0013;;0;0;23
baseline_naive;happy_guided_article_short;happy;2;Q2_stockout_store;True;c2;True;0;0;0;0.666667;0.0005;;0;0;23
baseline_naive;happy_guided_article_short;happy;3;Q3_sales_growth;True;c3;True;0;0;0;1.0;0.0003;;0;0;23
baseline_measure_overlap;happy_guided_article_short;happy;1;Q1_margin_month;True;c1;True;0;0;0;0.333333;0.0192;;0;0;23
baseline_measure_overlap;happy_guided_article_short;happy;2;Q2_stockout_store;True;c2;True;0;0;0;0.666667;0.0054;;0;0;23
baseline_measure_overlap;happy_guided_article_short;happy;3;Q3_sales_growth;True;c3;True;0;0;0;1.0;0.0046;;0;0;23
ablation_no_sat;happy_guided_article_short;happy;1;Q1_margin_month;True;c1;True;0;0;0;0.333333;0.3088;True;1;1;23
ablation_no_sat;happy_guided_article_short;happy;2;Q2_stockout_store;True;c2;True;0;0;0;0.666667;0.2522;True;1;1;23
ablation_no_sat;happy_guided_article_short;happy;3;Q3_sales_growth;True;c3;True;0;0;0;1.0;0.3412;True;2;1;23
ablation_no_real;happy_guided_article_short;happy;1;Q1_margin_month;True;c1;True;0;0;0;0.333333;0.327;True;1;1;23
ablation_no_real;happy_guided_article_short;happy;2;Q2_stockout_store;True;c2;True;0;0;0;0.666667;0.2514;True;1;1;23
ablation_no_real;happy_guided_article_short;happy;3;Q3_sales_growth;True;c3;True;0;0;0;1.0;0.3418;True;2;1;23
ablation_ceval_any_intersection;happy_guided_article_short;happy;1;Q1_margin_month;True;c1;True;0;0;0;0.333333;0.3092;True;1;1;23
ablation_ceval_any_intersection;happy_guided_article_short;happy;2;Q2_stockout_store;True;c2;True;0;0;0;0.666667;0.245;True;1;1;23
ablation_ceval_any_intersection;happy_guided_article_short;happy;3;Q3_sales_growth;True;c3;True;0;0;0;1.0;0.3304;True;2;1;23
baseline_random_matched;happy_guided_article_short;happy;1;Q1_margin_month;True;c1;True;0;0;0;0.333333;0.0043;;0;0;23
baseline_random_matched;happy_guided_article_short;happy;2;Q2_stockout_store;True;c2;True;0;0;0;0.666667;0.0007;;0;0;23
baseline_random_matched;happy_guided_article_short;happy;3;Q3_sales_growth;True;c3;True;0;0;0;1.0;0.0005;;0;0;23
mcad;happy_guided_reordered;happy;1;Q1_sales_growth;True;c3;True;0;0;0;0.333333;0.4073;True;2;1;23
mcad;happy_guided_reordered;happy;2;Q2_margin_month;True;c1;True;0;0;0;0.666667;0.2491;True;1;1;23
mcad;happy_guided_reordered;happy;3;Q3_stockout_store;True;c2;True;0;0;0;1.0;0.2407;True;1;1;23
baseline_naive;happy_guided_reordered;happy;1;Q1_sales_growth;True;c3;True;0;0;0;0.333333;0.0013;;0;0;23
baseline_naive;happy_guided_reordered;happy;2;Q2_margin_month;True;c1;True;0;0;0;0.666667;0.0005;;0;0;23
baseline_naive;happy_guided_reordered;happy;3;Q3_stockout_store;True;c2;True;0;0;0;1.0;0.0003;;0;0;23
baseline_measure_overlap;happy_guided_reordered;happy;1;Q1_sales_growth;True;c3;True;0;0;0;0.333333;0.0192;;0;0;23
baseline_measure_overlap;happy_guided_reordered;happy;2;Q2_margin_month;True;c1;True;0;0;0;0.666667;0.0053;;0;0;23
baseline_measure_overlap;happy_guided_reordered;happy;3;Q3_stockout_store;True;c2;True;0;0;0;1.0;0.0044;;0;0;23
ablation_no_sat;happy_guided_reordered;happy;1;Q1_sales_growth;True;c3;True;0;0;0;0.333333;0.72;True;2;1;23
ablation_no_sat;happy_guided_reordered;happy;2;Q2_margin_month;True;c1;True;0;0;0;0.666667;0.5013;True;1;1;23
ablation_no_sat;happy_guided_reordered;happy;3;Q3_stockout_store;True;c2;True;0;0;0;1.0;0.6732;True;1;1;23
ablation_no_real;happy_guided_reordered;happy;1;Q1_sales_growth;True;c3;True;0;0;0;0.333333;0.4325;True;2;1;23
ablation_no_real;happy_guided_reordered;happy;2;Q2_margin_month;True;c1;True;0;0;0;0.666667;0.2561;True;1;1;23
ablation_no_real;happy_guided_reordered;happy;3;Q3_stockout_store;True;c2;True;0;0;0;1.0;0.2474;True;1;1;23
ablation_ceval_any_intersection;happy_guided_reordered;happy;1;Q1_sales_growth;True;c3;True;0;0;0;0.333333;0.4043;True;2;1;23
ablation_ceval_any_intersection;happy_guided_reordered;happy;2;Q2_margin_month;True;c1;True;0;0;0;0.666667;0.2469;True;1;1;23
ablation_ceval_any_intersection;happy_guided_reordered;happy;3;Q3_stockout_store;True;c2;True;0;0;0;1.0;0.2404;True;1;1;23
baseline_random_matched;happy_guided_reordered;happy;1;Q1_sales_growth;True;c3;False;0;1;0;0.0;0.0045;;0;0;23
baseline_random_matched;happy_guided_reordered;happy;2;Q2_margin_month;True;c1;True;0;0;0;0.333333;0.0007;;0;0;23
baseline_random_matched;happy_guided_reordered;happy;3;Q3_stockout_store;True;c2;True;0;0;0;0.666667;0.0005;;0;0;23
mcad;happy_guided_compact;happy;1;Q1_margin_month;True;c1;True;0;0;0;0.333333;0.3241;True;1;1;23
mcad;happy_guided_compact;happy;2;Q2_sales_growth;True;c3;True;0;0;0;0.666667;0.3388;True;2;1;23
mcad;happy_guided_compact;happy;3;Q3_stockout_store;True;c2;True;0;0;0;1.0;0.243;True;1;1;23
baseline_naive;happy_guided_compact;happy;1;Q1_margin_month;True;c1;True;0;0;0;0.333333;0.0018;;0;0;23
baseline_naive;happy_guided_compact;happy;2;Q2_sales_growth;True;c3;True;0;0;0;0.666667;0.0005;;0;0;23
baseline_naive;happy_guided_compact;happy;3;Q3_stockout_store;True;c2;True;0;0;0;1.0;0.0004;;0;0;23
baseline_measure_overlap;happy_guided_compact;happy;1;Q1_margin_month;True;c1;True;0;0;0;0.333333;0.0182;;0;0;23
baseline_measure_overlap;happy_guided_compact;happy;2;Q2_sales_growth;True;c3;True;0;0;0;0.666667;0.0051;;0;0;23
baseline_measure_overlap;happy_guided_compact;happy;3;Q3_stockout_store;True;c2;True;0;0;0;1.0;0.0043;;0;0;23
ablation_no_sat;happy_guided_compact;happy;1;Q1_margin_month;True;c1;True;0;0;0;0.333333;0.3183;True;1;1;23
ablation_no_sat;happy_guided_compact;happy;2;Q2_sales_growth;True;c3;True;0;0;0;0.666667;0.3373;True;2;1;23
ablation_no_sat;happy_guided_compact;happy;3;Q3_stockout_store;True;c2;True;0;0;0;1.0;0.2455;True;1;1;23
ablation_no_real;happy_guided_compact;happy;1;Q1_margin_month;True;c1;True;0;0;0;0.333333;0.3193;True;1;1;23
ablation_no_real;happy_guided_compact;happy;2;Q2_sales_growth;True;c3;True;0;0;0;0.666667;0.3542;True;2;1;23
ablation_no_real;happy_guided_compact;happy;3;Q3_stockout_store;True;c2;True;0;0;0;1.0;0.2498;True;1;1;23
ablation_ceval_any_intersection;happy_guided_compact;happy;1;Q1_margin_month;True;c1;True;0;0;0;0.333333;0.3203;True;1;1;23
ablation_ceval_any_intersection;happy_guided_compact;happy;2;Q2_sales_growth;True;c3;True;0;0;0;0.666667;0.3342;True;2;1;23
ablation_ceval_any_intersection;happy_guided_compact;happy;3;Q3_stockout_store;True;c2;True;0;0;0;1.0;0.2401;True;1;1;23
baseline_random_matched;happy_guided_compact;happy;1;Q1_margin_month;True;c1;True;0;0;0;0.333333;0.0049;;0;0;23
baseline_random_matched;happy_guided_compact;happy;2;Q2_sales_growth;True;c3;True;0;0;0;0.666667;0.0007;;0;0;23
baseline_random_matched;happy_guided_compact;happy;3;Q3_stockout_store;True;c2;True;0;0;0;1.0;0.0006;;0;0;23
mcad;border_growth_partial_1998_only;border;1;Q1_sales_1998_only;False;;False;0;0;0;0.0;0.3803;True;1;0;23
baseline_naive;border_growth_partial_1998_only;border;1;Q1_sales_1998_only;False;;True;1;0;1;0.0;0.0019;;0;0;23
baseline_measure_overlap;border_growth_partial_1998_only;border;1;Q1_sales_1998_only;False;;True;1;0;1;0.0;0.0271;;0;0;23
ablation_no_sat;border_growth_partial_1998_only;border;1;Q1_sales_1998_only;False;;False;0;0;0;0.0;0.6834;True;1;0;23
ablation_no_real;border_growth_partial_1998_only;border;1;Q1_sales_1998_only;False;;True;1;0;1;0.0;0.7067;True;1;0;23
ablation_ceval_any_intersection;border_growth_partial_1998_only;border;1;Q1_sales_1998_only;False;;True;1;0;1;0.0;0.443;True;1;1;23
baseline_random_matched;border_growth_partial_1998_only;border;1;Q1_sales_1998_only;False;;True;1;0;1;0.0;0.0041;;0;0;23
mcad;border_margin_wrong_grain;border;1;Q1_margin_quarter_only;False;;False;0;0;0;0.0;0.2239;False;0;0;23
baseline_naive;border_margin_wrong_grain;border;1;Q1_margin_quarter_only;False;;True;1;0;1;0.0;0.0014;;0;0;23
baseline_measure_overlap;border_margin_wrong_grain;border;1;Q1_margin_quarter_only;False;;True;1;0;1;0.0;0.0196;;0;0;23
ablation_no_sat;border_margin_wrong_grain;border;1;Q1_margin_quarter_only;False;;False;0;0;0;0.0;0.2904;False;0;0;23
ablation_no_real;border_margin_wrong_grain;border;1;Q1_margin_quarter_only;False;;False;0;0;0;0.0;0.232;False;0;0;23
ablation_ceval_any_intersection;border_margin_wrong_grain;border;1;Q1_margin_quarter_only;False;;False;0;0;0;0.0;0.2335;False;0;0;23
baseline_random_matched;border_margin_wrong_grain;border;1;Q1_margin_quarter_only;False;;False;0;0;0;0.0;0.0043;;0;0;23
mcad;border_stockout_missing_store;border;1;Q1_stockout_category_only;False;;False;0;0;0;0.0;0.2328;False;0;0;23
baseline_naive;border_stockout_missing_store;border;1;Q1_stockout_category_only;False;;True;1;0;1;0.0;0.0016;;0;0;23
baseline_measure_overlap;border_stockout_missing_store;border;1;Q1_stockout_category_only;False;;True;1;0;1;0.0;0.0194;;0;0;23
ablation_no_sat;border_stockout_missing_store;border;1;Q1_stockout_category_only;False;;False;0;0;0;0.0;0.2873;False;0;0;23
ablation_no_real;border_stockout_missing_store;border;1;Q1_stockout_category_only;False;;False;0;0;0;0.0;0.2318;False;0;0;23
ablation_ceval_any_intersection;border_stockout_missing_store;border;1;Q1_stockout_category_only;False;;False;0;0;0;0.0;0.2209;False;0;0;23
baseline_random_matched;border_stockout_missing_store;border;1;Q1_stockout_category_only;False;;True;1;0;1;0.0;0.0041;;0;0;23
mcad;adversarial_wrong_region;adversarial;1;Q1_margin_south;False;;False;0;0;0;0.0;0.2067;False;0;0;23
baseline_naive;adversarial_wrong_region;adversarial;1;Q1_margin_south;False;;True;1;0;1;0.0;0.0015;;0;0;23
baseline_measure_overlap;adversarial_wrong_region;adversarial;1;Q1_margin_south;False;;True;1;0;1;0.0;0.0287;;0;0;23
ablation_no_sat;adversarial_wrong_region;adversarial;1;Q1_margin_south;False;;False;0;0;0;0.0;0.2489;False;0;0;23
ablation_no_real;adversarial_wrong_region;adversarial;1;Q1_margin_south;False;;False;0;0;0;0.0;0.2139;False;0;0;23
ablation_ceval_any_intersection;adversarial_wrong_region;adversarial;1;Q1_margin_south;False;;False;0;0;0;0.0;0.1957;False;0;0;23
baseline_random_matched;adversarial_wrong_region;adversarial;1;Q1_margin_south;False;;True;1;0;1;0.0;0.005;;0;0;23
mcad;adversarial_wrong_year;adversarial;1;Q1_stockout_1997;False;;False;0;0;0;0.0;0.1928;False;0;0;23
baseline_naive;adversarial_wrong_year;adversarial;1;Q1_stockout_1997;False;;True;1;0;1;0.0;0.0018;;0;0;23
baseline_measure_overlap;adversarial_wrong_year;adversarial;1;Q1_stockout_1997;False;;True;1;0;1;0.0;0.0207;;0;0;23
ablation_no_sat;adversarial_wrong_year;adversarial;1;Q1_stockout_1997;False;;False;0;0;0;0.0;0.2215;False;0;0;23
ablation_no_real;adversarial_wrong_year;adversarial;1;Q1_stockout_1997;False;;False;0;0;0;0.0;0.1986;False;0;0;23
ablation_ceval_any_intersection;adversarial_wrong_year;adversarial;1;Q1_stockout_1997;False;;False;0;0;0;0.0;0.2149;False;0;0;23
baseline_random_matched;adversarial_wrong_year;adversarial;1;Q1_stockout_1997;False;;True;1;0;1;0.0;0.0047;;0;0;23
mcad;adversarial_invalid_no_measures;adversarial;1;Q1_invalid_no_measure;False;;False;0;0;0;0.0;0.0941;False;0;0;23
baseline_naive;adversarial_invalid_no_measures;adversarial;1;Q1_invalid_no_measure;False;;True;1;0;1;0.0;0.002;;0;0;23
baseline_measure_overlap;adversarial_invalid_no_measures;adversarial;1;Q1_invalid_no_measure;False;;False;0;0;0;0.0;0.0271;;0;0;23
ablation_no_sat;adversarial_invalid_no_measures;adversarial;1;Q1_invalid_no_measure;False;;False;0;0;0;0.0;0.1147;False;0;0;23
ablation_no_real;adversarial_invalid_no_measures;adversarial;1;Q1_invalid_no_measure;False;;False;0;0;0;0.0;0.1031;False;0;0;23
ablation_ceval_any_intersection;adversarial_invalid_no_measures;adversarial;1;Q1_invalid_no_measure;False;;False;0;0;0;0.0;0.0984;False;0;0;23
baseline_random_matched;adversarial_invalid_no_measures;adversarial;1;Q1_invalid_no_measure;False;;False;0;0;0;0.0;0.0042;;0;0;23
mcad;stress_exploratory_then_useful;stress;1;Q1_noise_region;False;;False;0;0;0;0.0;0.234;False;0;0;23
mcad;stress_exploratory_then_useful;stress;2;Q2_noise_margin_all;False;;False;0;0;0;0.0;0.142;False;0;0;23
mcad;stress_exploratory_then_useful;stress;3;Q3_useful_margin;True;c1;True;0;0;0;0.333333;0.2475;True;1;1;23
baseline_naive;stress_exploratory_then_useful;stress;1;Q1_noise_region;False;;True;1;0;1;0.0;0.0016;;0;0;23
baseline_naive;stress_exploratory_then_useful;stress;2;Q2_noise_margin_all;False;;True;1;0;1;0.0;0.0005;;0;0;23
baseline_naive;stress_exploratory_then_useful;stress;3;Q3_useful_margin;True;c1;True;0;0;0;0.333333;0.0003;;0;0;23
baseline_measure_overlap;stress_exploratory_then_useful;stress;1;Q1_noise_region;False;;True;1;0;1;0.0;0.0198;;0;0;23
baseline_measure_overlap;stress_exploratory_then_useful;stress;2;Q2_noise_margin_all;False;;True;1;0;1;0.0;0.0057;;0;0;23
baseline_measure_overlap;stress_exploratory_then_useful;stress;3;Q3_useful_margin;True;c1;True;0;0;0;0.333333;0.0046;;0;0;23
ablation_no_sat;stress_exploratory_then_useful;stress;1;Q1_noise_region;False;;False;0;0;0;0.0;0.2629;False;0;0;23
ablation_no_sat;stress_exploratory_then_useful;stress;2;Q2_noise_margin_all;False;;False;0;0;0;0.0;0.1691;False;0;0;23
ablation_no_sat;stress_exploratory_then_useful;stress;3;Q3_useful_margin;True;c1;True;0;0;0;0.333333;0.2443;True;1;1;23
ablation_no_real;stress_exploratory_then_useful;stress;1;Q1_noise_region;False;;False;0;0;0;0.0;0.2295;False;0;0;23
ablation_no_real;stress_exploratory_then_useful;stress;2;Q2_noise_margin_all;False;;False;0;0;0;0.0;0.1595;False;0;0;23
ablation_no_real;stress_exploratory_then_useful;stress;3;Q3_useful_margin;True;c1;True;0;0;0;0.333333;0.2523;True;1;1;23
ablation_ceval_any_intersection;stress_exploratory_then_useful;stress;1;Q1_noise_region;False;;False;0;0;0;0.0;0.2222;False;0;0;23
ablation_ceval_any_intersection;stress_exploratory_then_useful;stress;2;Q2_noise_margin_all;False;;False;0;0;0;0.0;0.1425;False;0;0;23
ablation_ceval_any_intersection;stress_exploratory_then_useful;stress;3;Q3_useful_margin;True;c1;True;0;0;0;0.333333;0.2451;True;1;1;23
baseline_random_matched;stress_exploratory_then_useful;stress;1;Q1_noise_region;False;;True;1;0;1;0.0;0.0042;;0;0;23
baseline_random_matched;stress_exploratory_then_useful;stress;2;Q2_noise_margin_all;False;;True;1;0;1;0.0;0.0007;;0;0;23
baseline_random_matched;stress_exploratory_then_useful;stress;3;Q3_useful_margin;True;c1;True;0;0;0;0.333333;0.0005;;0;0;23
mcad;happy_guided_article_short;happy;1;Q1_margin_month;True;c1;True;0;0;0;0.333333;0.3229;True;1;1;24
mcad;happy_guided_article_short;happy;2;Q2_stockout_store;True;c2;True;0;0;0;0.666667;0.2469;True;1;1;24
mcad;happy_guided_article_short;happy;3;Q3_sales_growth;True;c3;True;0;0;0;1.0;0.33;True;2;1;24
baseline_naive;happy_guided_article_short;happy;1;Q1_margin_month;True;c1;True;0;0;0;0.333333;0.0015;;0;0;24
baseline_naive;happy_guided_article_short;happy;2;Q2_stockout_store;True;c2;True;0;0;0;0.666667;0.0006;;0;0;24
baseline_naive;happy_guided_article_short;happy;3;Q3_sales_growth;True;c3;True;0;0;0;1.0;0.0005;;0;0;24
baseline_measure_overlap;happy_guided_article_short;happy;1;Q1_margin_month;True;c1;True;0;0;0;0.333333;0.0199;;0;0;24
baseline_measure_overlap;happy_guided_article_short;happy;2;Q2_stockout_store;True;c2;True;0;0;0;0.666667;0.0053;;0;0;24
baseline_measure_overlap;happy_guided_article_short;happy;3;Q3_sales_growth;True;c3;True;0;0;0;1.0;0.0043;;0;0;24
ablation_no_sat;happy_guided_article_short;happy;1;Q1_margin_month;True;c1;True;0;0;0;0.333333;0.3195;True;1;1;24
ablation_no_sat;happy_guided_article_short;happy;2;Q2_stockout_store;True;c2;True;0;0;0;0.666667;0.2414;True;1;1;24
ablation_no_sat;happy_guided_article_short;happy;3;Q3_sales_growth;True;c3;True;0;0;0;1.0;0.3269;True;2;1;24
ablation_no_real;happy_guided_article_short;happy;1;Q1_margin_month;True;c1;True;0;0;0;0.333333;0.3157;True;1;1;24
ablation_no_real;happy_guided_article_short;happy;2;Q2_stockout_store;True;c2;True;0;0;0;0.666667;0.2489;True;1;1;24
ablation_no_real;happy_guided_article_short;happy;3;Q3_sales_growth;True;c3;True;0;0;0;1.0;0.3419;True;2;1;24
ablation_ceval_any_intersection;happy_guided_article_short;happy;1;Q1_margin_month;True;c1;True;0;0;0;0.333333;0.3163;True;1;1;24
ablation_ceval_any_intersection;happy_guided_article_short;happy;2;Q2_stockout_store;True;c2;True;0;0;0;0.666667;0.24;True;1;1;24
ablation_ceval_any_intersection;happy_guided_article_short;happy;3;Q3_sales_growth;True;c3;True;0;0;0;1.0;0.3243;True;2;1;24
baseline_random_matched;happy_guided_article_short;happy;1;Q1_margin_month;True;c1;True;0;0;0;0.333333;0.0039;;0;0;24
baseline_random_matched;happy_guided_article_short;happy;2;Q2_stockout_store;True;c2;True;0;0;0;0.666667;0.0006;;0;0;24
baseline_random_matched;happy_guided_article_short;happy;3;Q3_sales_growth;True;c3;False;0;1;0;0.666667;0.0005;;0;0;24
mcad;happy_guided_reordered;happy;1;Q1_sales_growth;True;c3;True;0;0;0;0.333333;0.4243;True;2;1;24
mcad;happy_guided_reordered;happy;2;Q2_margin_month;True;c1;True;0;0;0;0.666667;0.248;True;1;1;24
mcad;happy_guided_reordered;happy;3;Q3_stockout_store;True;c2;True;0;0;0;1.0;0.2379;True;1;1;24
baseline_naive;happy_guided_reordered;happy;1;Q1_sales_growth;True;c3;True;0;0;0;0.333333;0.0021;;0;0;24
baseline_naive;happy_guided_reordered;happy;2;Q2_margin_month;True;c1;True;0;0;0;0.666667;0.0004;;0;0;24
baseline_naive;happy_guided_reordered;happy;3;Q3_stockout_store;True;c2;True;0;0;0;1.0;0.0004;;0;0;24
baseline_measure_overlap;happy_guided_reordered;happy;1;Q1_sales_growth;True;c3;True;0;0;0;0.333333;0.0203;;0;0;24
baseline_measure_overlap;happy_guided_reordered;happy;2;Q2_margin_month;True;c1;True;0;0;0;0.666667;0.0051;;0;0;24
baseline_measure_overlap;happy_guided_reordered;happy;3;Q3_stockout_store;True;c2;True;0;0;0;1.0;0.0044;;0;0;24
ablation_no_sat;happy_guided_reordered;happy;1;Q1_sales_growth;True;c3;True;0;0;0;0.333333;0.7341;True;2;1;24
ablation_no_sat;happy_guided_reordered;happy;2;Q2_margin_month;True;c1;True;0;0;0;0.666667;0.473;True;1;1;24
ablation_no_sat;happy_guided_reordered;happy;3;Q3_stockout_store;True;c2;True;0;0;0;1.0;0.4732;True;1;1;24
ablation_no_real;happy_guided_reordered;happy;1;Q1_sales_growth;True;c3;True;0;0;0;0.333333;0.4042;True;2;1;24
ablation_no_real;happy_guided_reordered;happy;2;Q2_margin_month;True;c1;True;0;0;0;0.666667;0.2496;True;1;1;24
ablation_no_real;happy_guided_reordered;happy;3;Q3_stockout_store;True;c2;True;0;0;0;1.0;0.2504;True;1;1;24
ablation_ceval_any_intersection;happy_guided_reordered;happy;1;Q1_sales_growth;True;c3;True;0;0;0;0.333333;0.3879;True;2;1;24
ablation_ceval_any_intersection;happy_guided_reordered;happy;2;Q2_margin_month;True;c1;True;0;0;0;0.666667;0.2432;True;1;1;24
ablation_ceval_any_intersection;happy_guided_reordered;happy;3;Q3_stockout_store;True;c2;True;0;0;0;1.0;0.2372;True;1;1;24
baseline_random_matched;happy_guided_reordered;happy;1;Q1_sales_growth;True;c3;True;0;0;0;0.333333;0.0044;;0;0;24
baseline_random_matched;happy_guided_reordered;happy;2;Q2_margin_month;True;c1;False;0;1;0;0.333333;0.0008;;0;0;24
baseline_random_matched;happy_guided_reordered;happy;3;Q3_stockout_store;True;c2;True;0;0;0;0.666667;0.0005;;0;0;24
mcad;happy_guided_compact;happy;1;Q1_margin_month;True;c1;True;0;0;0;0.333333;0.3025;True;1;1;24
mcad;happy_guided_compact;happy;2;Q2_sales_growth;True;c3;True;0;0;0;0.666667;0.3315;True;2;1;24
mcad;happy_guided_compact;happy;3;Q3_stockout_store;True;c2;True;0;0;0;1.0;0.2464;True;1;1;24
baseline_naive;happy_guided_compact;happy;1;Q1_margin_month;True;c1;True;0;0;0;0.333333;0.0015;;0;0;24
baseline_naive;happy_guided_compact;happy;2;Q2_sales_growth;True;c3;True;0;0;0;0.666667;0.0005;;0;0;24
baseline_naive;happy_guided_compact;happy;3;Q3_stockout_store;True;c2;True;0;0;0;1.0;0.0003;;0;0;24
baseline_measure_overlap;happy_guided_compact;happy;1;Q1_margin_month;True;c1;True;0;0;0;0.333333;0.0195;;0;0;24
baseline_measure_overlap;happy_guided_compact;happy;2;Q2_sales_growth;True;c3;True;0;0;0;0.666667;0.0055;;0;0;24
baseline_measure_overlap;happy_guided_compact;happy;3;Q3_stockout_store;True;c2;True;0;0;0;1.0;0.0043;;0;0;24
ablation_no_sat;happy_guided_compact;happy;1;Q1_margin_month;True;c1;True;0;0;0;0.333333;0.3187;True;1;1;24
ablation_no_sat;happy_guided_compact;happy;2;Q2_sales_growth;True;c3;True;0;0;0;0.666667;0.3368;True;2;1;24
ablation_no_sat;happy_guided_compact;happy;3;Q3_stockout_store;True;c2;True;0;0;0;1.0;0.2396;True;1;1;24
ablation_no_real;happy_guided_compact;happy;1;Q1_margin_month;True;c1;True;0;0;0;0.333333;0.313;True;1;1;24
ablation_no_real;happy_guided_compact;happy;2;Q2_sales_growth;True;c3;True;0;0;0;0.666667;0.3489;True;2;1;24
ablation_no_real;happy_guided_compact;happy;3;Q3_stockout_store;True;c2;True;0;0;0;1.0;0.2431;True;1;1;24
ablation_ceval_any_intersection;happy_guided_compact;happy;1;Q1_margin_month;True;c1;True;0;0;0;0.333333;0.3032;True;1;1;24
ablation_ceval_any_intersection;happy_guided_compact;happy;2;Q2_sales_growth;True;c3;True;0;0;0;0.666667;0.3409;True;2;1;24
ablation_ceval_any_intersection;happy_guided_compact;happy;3;Q3_stockout_store;True;c2;True;0;0;0;1.0;0.2381;True;1;1;24
baseline_random_matched;happy_guided_compact;happy;1;Q1_margin_month;True;c1;True;0;0;0;0.333333;0.004;;0;0;24
baseline_random_matched;happy_guided_compact;happy;2;Q2_sales_growth;True;c3;True;0;0;0;0.666667;0.0007;;0;0;24
baseline_random_matched;happy_guided_compact;happy;3;Q3_stockout_store;True;c2;True;0;0;0;1.0;0.0004;;0;0;24
mcad;border_growth_partial_1998_only;border;1;Q1_sales_1998_only;False;;False;0;0;0;0.0;0.3748;True;1;0;24
baseline_naive;border_growth_partial_1998_only;border;1;Q1_sales_1998_only;False;;True;1;0;1;0.0;0.0013;;0;0;24
baseline_measure_overlap;border_growth_partial_1998_only;border;1;Q1_sales_1998_only;False;;True;1;0;1;0.0;0.0187;;0;0;24
ablation_no_sat;border_growth_partial_1998_only;border;1;Q1_sales_1998_only;False;;False;0;0;0;0.0;0.3656;True;1;0;24
ablation_no_real;border_growth_partial_1998_only;border;1;Q1_sales_1998_only;False;;True;1;0;1;0.0;0.3759;True;1;0;24
ablation_ceval_any_intersection;border_growth_partial_1998_only;border;1;Q1_sales_1998_only;False;;True;1;0;1;0.0;0.3756;True;1;1;24
baseline_random_matched;border_growth_partial_1998_only;border;1;Q1_sales_1998_only;False;;True;1;0;1;0.0;0.0044;;0;0;24
mcad;border_margin_wrong_grain;border;1;Q1_margin_quarter_only;False;;False;0;0;0;0.0;0.225;False;0;0;24
baseline_naive;border_margin_wrong_grain;border;1;Q1_margin_quarter_only;False;;True;1;0;1;0.0;0.0022;;0;0;24
baseline_measure_overlap;border_margin_wrong_grain;border;1;Q1_margin_quarter_only;False;;True;1;0;1;0.0;0.0285;;0;0;24
ablation_no_sat;border_margin_wrong_grain;border;1;Q1_margin_quarter_only;False;;False;0;0;0;0.0;0.5034;False;0;0;24
ablation_no_real;border_margin_wrong_grain;border;1;Q1_margin_quarter_only;False;;False;0;0;0;0.0;0.4073;False;0;0;24
ablation_ceval_any_intersection;border_margin_wrong_grain;border;1;Q1_margin_quarter_only;False;;False;0;0;0;0.0;0.3898;False;0;0;24
baseline_random_matched;border_margin_wrong_grain;border;1;Q1_margin_quarter_only;False;;True;1;0;1;0.0;0.0057;;0;0;24
mcad;border_stockout_missing_store;border;1;Q1_stockout_category_only;False;;False;0;0;0;0.0;0.3844;False;0;0;24
baseline_naive;border_stockout_missing_store;border;1;Q1_stockout_category_only;False;;True;1;0;1;0.0;0.0024;;0;0;24
baseline_measure_overlap;border_stockout_missing_store;border;1;Q1_stockout_category_only;False;;True;1;0;1;0.0;0.0286;;0;0;24
ablation_no_sat;border_stockout_missing_store;border;1;Q1_stockout_category_only;False;;False;0;0;0;0.0;0.6789;False;0;0;24
ablation_no_real;border_stockout_missing_store;border;1;Q1_stockout_category_only;False;;False;0;0;0;0.0;0.2319;False;0;0;24
ablation_ceval_any_intersection;border_stockout_missing_store;border;1;Q1_stockout_category_only;False;;False;0;0;0;0.0;0.2347;False;0;0;24
baseline_random_matched;border_stockout_missing_store;border;1;Q1_stockout_category_only;False;;False;0;0;0;0.0;0.0065;;0;0;24
mcad;adversarial_wrong_region;adversarial;1;Q1_margin_south;False;;False;0;0;0;0.0;0.2044;False;0;0;24
baseline_naive;adversarial_wrong_region;adversarial;1;Q1_margin_south;False;;True;1;0;1;0.0;0.0015;;0;0;24
baseline_measure_overlap;adversarial_wrong_region;adversarial;1;Q1_margin_south;False;;True;1;0;1;0.0;0.021;;0;0;24
ablation_no_sat;adversarial_wrong_region;adversarial;1;Q1_margin_south;False;;False;0;0;0;0.0;0.2345;False;0;0;24
ablation_no_real;adversarial_wrong_region;adversarial;1;Q1_margin_south;False;;False;0;0;0;0.0;0.2051;False;0;0;24
ablation_ceval_any_intersection;adversarial_wrong_region;adversarial;1;Q1_margin_south;False;;False;0;0;0;0.0;0.1963;False;0;0;24
baseline_random_matched;adversarial_wrong_region;adversarial;1;Q1_margin_south;False;;True;1;0;1;0.0;0.0038;;0;0;24
mcad;adversarial_wrong_year;adversarial;1;Q1_stockout_1997;False;;False;0;0;0;0.0;0.2014;False;0;0;24
baseline_naive;adversarial_wrong_year;adversarial;1;Q1_stockout_1997;False;;True;1;0;1;0.0;0.0016;;0;0;24
baseline_measure_overlap;adversarial_wrong_year;adversarial;1;Q1_stockout_1997;False;;True;1;0;1;0.0;0.0203;;0;0;24
ablation_no_sat;adversarial_wrong_year;adversarial;1;Q1_stockout_1997;False;;False;0;0;0;0.0;0.2269;False;0;0;24
ablation_no_real;adversarial_wrong_year;adversarial;1;Q1_stockout_1997;False;;False;0;0;0;0.0;0.1961;False;0;0;24
ablation_ceval_any_intersection;adversarial_wrong_year;adversarial;1;Q1_stockout_1997;False;;False;0;0;0;0.0;0.1868;False;0;0;24
baseline_random_matched;adversarial_wrong_year;adversarial;1;Q1_stockout_1997;False;;True;1;0;1;0.0;0.0043;;0;0;24
mcad;adversarial_invalid_no_measures;adversarial;1;Q1_invalid_no_measure;False;;False;0;0;0;0.0;0.0938;False;0;0;24
baseline_naive;adversarial_invalid_no_measures;adversarial;1;Q1_invalid_no_measure;False;;True;1;0;1;0.0;0.0015;;0;0;24
baseline_measure_overlap;adversarial_invalid_no_measures;adversarial;1;Q1_invalid_no_measure;False;;False;0;0;0;0.0;0.0195;;0;0;24
ablation_no_sat;adversarial_invalid_no_measures;adversarial;1;Q1_invalid_no_measure;False;;False;0;0;0;0.0;0.122;False;0;0;24
ablation_no_real;adversarial_invalid_no_measures;adversarial;1;Q1_invalid_no_measure;False;;False;0;0;0;0.0;0.1051;False;0;0;24
ablation_ceval_any_intersection;adversarial_invalid_no_measures;adversarial;1;Q1_invalid_no_measure;False;;False;0;0;0;0.0;0.1377;False;0;0;24
baseline_random_matched;adversarial_invalid_no_measures;adversarial;1;Q1_invalid_no_measure;False;;True;1;0;1;0.0;0.0047;;0;0;24
mcad;stress_exploratory_then_useful;stress;1;Q1_noise_region;False;;False;0;0;0;0.0;0.2289;False;0;0;24
mcad;stress_exploratory_then_useful;stress;2;Q2_noise_margin_all;False;;False;0;0;0;0.0;0.1409;False;0;0;24
mcad;stress_exploratory_then_useful;stress;3;Q3_useful_margin;True;c1;True;0;0;0;0.333333;0.2621;True;1;1;24
baseline_naive;stress_exploratory_then_useful;stress;1;Q1_noise_region;False;;True;1;0;1;0.0;0.0013;;0;0;24
baseline_naive;stress_exploratory_then_useful;stress;2;Q2_noise_margin_all;False;;True;1;0;1;0.0;0.0005;;0;0;24
baseline_naive;stress_exploratory_then_useful;stress;3;Q3_useful_margin;True;c1;True;0;0;0;0.333333;0.0003;;0;0;24
baseline_measure_overlap;stress_exploratory_then_useful;stress;1;Q1_noise_region;False;;True;1;0;1;0.0;0.0188;;0;0;24
baseline_measure_overlap;stress_exploratory_then_useful;stress;2;Q2_noise_margin_all;False;;True;1;0;1;0.0;0.0055;;0;0;24
baseline_measure_overlap;stress_exploratory_then_useful;stress;3;Q3_useful_margin;True;c1;True;0;0;0;0.333333;0.0041;;0;0;24
ablation_no_sat;stress_exploratory_then_useful;stress;1;Q1_noise_region;False;;False;0;0;0;0.0;0.2604;False;0;0;24
ablation_no_sat;stress_exploratory_then_useful;stress;2;Q2_noise_margin_all;False;;False;0;0;0;0.0;0.1695;False;0;0;24
ablation_no_sat;stress_exploratory_then_useful;stress;3;Q3_useful_margin;True;c1;True;0;0;0;0.333333;0.2534;True;1;1;24
ablation_no_real;stress_exploratory_then_useful;stress;1;Q1_noise_region;False;;False;0;0;0;0.0;0.231;False;0;0;24
ablation_no_real;stress_exploratory_then_useful;stress;2;Q2_noise_margin_all;False;;False;0;0;0;0.0;0.1455;False;0;0;24
ablation_no_real;stress_exploratory_then_useful;stress;3;Q3_useful_margin;True;c1;True;0;0;0;0.333333;0.2516;True;1;1;24
ablation_ceval_any_intersection;stress_exploratory_then_useful;stress;1;Q1_noise_region;False;;False;0;0;0;0.0;0.2206;False;0;0;24
ablation_ceval_any_intersection;stress_exploratory_then_useful;stress;2;Q2_noise_margin_all;False;;False;0;0;0;0.0;0.154;False;0;0;24
ablation_ceval_any_intersection;stress_exploratory_then_useful;stress;3;Q3_useful_margin;True;c1;True;0;0;0;0.333333;0.3119;True;1;1;24
baseline_random_matched;stress_exploratory_then_useful;stress;1;Q1_noise_region;False;;True;1;0;1;0.0;0.0045;;0;0;24
baseline_random_matched;stress_exploratory_then_useful;stress;2;Q2_noise_margin_all;False;;True;1;0;1;0.0;0.0007;;0;0;24
baseline_random_matched;stress_exploratory_then_useful;stress;3;Q3_useful_margin;True;c1;True;0;0;0;0.333333;0.0005;;0;0;24
mcad;happy_guided_article_short;happy;1;Q1_margin_month;True;c1;True;0;0;0;0.333333;0.3069;True;1;1;25
mcad;happy_guided_article_short;happy;2;Q2_stockout_store;True;c2;True;0;0;0;0.666667;0.2435;True;1;1;25
mcad;happy_guided_article_short;happy;3;Q3_sales_growth;True;c3;True;0;0;0;1.0;0.3611;True;2;1;25
baseline_naive;happy_guided_article_short;happy;1;Q1_margin_month;True;c1;True;0;0;0;0.333333;0.0014;;0;0;25
baseline_naive;happy_guided_article_short;happy;2;Q2_stockout_store;True;c2;True;0;0;0;0.666667;0.0005;;0;0;25
baseline_naive;happy_guided_article_short;happy;3;Q3_sales_growth;True;c3;True;0;0;0;1.0;0.0003;;0;0;25
baseline_measure_overlap;happy_guided_article_short;happy;1;Q1_margin_month;True;c1;True;0;0;0;0.333333;0.0185;;0;0;25
baseline_measure_overlap;happy_guided_article_short;happy;2;Q2_stockout_store;True;c2;True;0;0;0;0.666667;0.0057;;0;0;25
baseline_measure_overlap;happy_guided_article_short;happy;3;Q3_sales_growth;True;c3;True;0;0;0;1.0;0.0044;;0;0;25
ablation_no_sat;happy_guided_article_short;happy;1;Q1_margin_month;True;c1;True;0;0;0;0.333333;0.3199;True;1;1;25
ablation_no_sat;happy_guided_article_short;happy;2;Q2_stockout_store;True;c2;True;0;0;0;0.666667;0.2444;True;1;1;25
ablation_no_sat;happy_guided_article_short;happy;3;Q3_sales_growth;True;c3;True;0;0;0;1.0;0.3386;True;2;1;25
ablation_no_real;happy_guided_article_short;happy;1;Q1_margin_month;True;c1;True;0;0;0;0.333333;0.3213;True;1;1;25
ablation_no_real;happy_guided_article_short;happy;2;Q2_stockout_store;True;c2;True;0;0;0;0.666667;0.2535;True;1;1;25
ablation_no_real;happy_guided_article_short;happy;3;Q3_sales_growth;True;c3;True;0;0;0;1.0;0.3341;True;2;1;25
ablation_ceval_any_intersection;happy_guided_article_short;happy;1;Q1_margin_month;True;c1;True;0;0;0;0.333333;0.2991;True;1;1;25
ablation_ceval_any_intersection;happy_guided_article_short;happy;2;Q2_stockout_store;True;c2;True;0;0;0;0.666667;0.2519;True;1;1;25
ablation_ceval_any_intersection;happy_guided_article_short;happy;3;Q3_sales_growth;True;c3;True;0;0;0;1.0;0.3249;True;2;1;25
baseline_random_matched;happy_guided_article_short;happy;1;Q1_margin_month;True;c1;False;0;1;0;0.0;0.0041;;0;0;25
baseline_random_matched;happy_guided_article_short;happy;2;Q2_stockout_store;True;c2;True;0;0;0;0.333333;0.0007;;0;0;25
baseline_random_matched;happy_guided_article_short;happy;3;Q3_sales_growth;True;c3;False;0;1;0;0.333333;0.0005;;0;0;25
mcad;happy_guided_reordered;happy;1;Q1_sales_growth;True;c3;True;0;0;0;0.333333;0.4087;True;2;1;25
mcad;happy_guided_reordered;happy;2;Q2_margin_month;True;c1;True;0;0;0;0.666667;0.2629;True;1;1;25
mcad;happy_guided_reordered;happy;3;Q3_stockout_store;True;c2;True;0;0;0;1.0;0.2387;True;1;1;25
baseline_naive;happy_guided_reordered;happy;1;Q1_sales_growth;True;c3;True;0;0;0;0.333333;0.0016;;0;0;25
baseline_naive;happy_guided_reordered;happy;2;Q2_margin_month;True;c1;True;0;0;0;0.666667;0.0005;;0;0;25
baseline_naive;happy_guided_reordered;happy;3;Q3_stockout_store;True;c2;True;0;0;0;1.0;0.0004;;0;0;25
baseline_measure_overlap;happy_guided_reordered;happy;1;Q1_sales_growth;True;c3;True;0;0;0;0.333333;0.0196;;0;0;25
baseline_measure_overlap;happy_guided_reordered;happy;2;Q2_margin_month;True;c1;True;0;0;0;0.666667;0.0051;;0;0;25
baseline_measure_overlap;happy_guided_reordered;happy;3;Q3_stockout_store;True;c2;True;0;0;0;1.0;0.0046;;0;0;25
ablation_no_sat;happy_guided_reordered;happy;1;Q1_sales_growth;True;c3;True;0;0;0;0.333333;0.3891;True;2;1;25
ablation_no_sat;happy_guided_reordered;happy;2;Q2_margin_month;True;c1;True;0;0;0;0.666667;0.256;True;1;1;25
ablation_no_sat;happy_guided_reordered;happy;3;Q3_stockout_store;True;c2;True;0;0;0;1.0;0.2687;True;1;1;25
ablation_no_real;happy_guided_reordered;happy;1;Q1_sales_growth;True;c3;True;0;0;0;0.333333;0.395;True;2;1;25
ablation_no_real;happy_guided_reordered;happy;2;Q2_margin_month;True;c1;True;0;0;0;0.666667;0.2511;True;1;1;25
ablation_no_real;happy_guided_reordered;happy;3;Q3_stockout_store;True;c2;True;0;0;0;1.0;0.2509;True;1;1;25
ablation_ceval_any_intersection;happy_guided_reordered;happy;1;Q1_sales_growth;True;c3;True;0;0;0;0.333333;0.3868;True;2;1;25
ablation_ceval_any_intersection;happy_guided_reordered;happy;2;Q2_margin_month;True;c1;True;0;0;0;0.666667;0.4054;True;1;1;25
ablation_ceval_any_intersection;happy_guided_reordered;happy;3;Q3_stockout_store;True;c2;True;0;0;0;1.0;0.4573;True;1;1;25
baseline_random_matched;happy_guided_reordered;happy;1;Q1_sales_growth;True;c3;True;0;0;0;0.333333;0.0047;;0;0;25
baseline_random_matched;happy_guided_reordered;happy;2;Q2_margin_month;True;c1;True;0;0;0;0.666667;0.0008;;0;0;25
baseline_random_matched;happy_guided_reordered;happy;3;Q3_stockout_store;True;c2;True;0;0;0;1.0;0.0005;;0;0;25
mcad;happy_guided_compact;happy;1;Q1_margin_month;True;c1;True;0;0;0;0.333333;0.3175;True;1;1;25
mcad;happy_guided_compact;happy;2;Q2_sales_growth;True;c3;True;0;0;0;0.666667;0.3426;True;2;1;25
mcad;happy_guided_compact;happy;3;Q3_stockout_store;True;c2;True;0;0;0;1.0;0.2372;True;1;1;25
baseline_naive;happy_guided_compact;happy;1;Q1_margin_month;True;c1;True;0;0;0;0.333333;0.0018;;0;0;25
baseline_naive;happy_guided_compact;happy;2;Q2_sales_growth;True;c3;True;0;0;0;0.666667;0.0005;;0;0;25
baseline_naive;happy_guided_compact;happy;3;Q3_stockout_store;True;c2;True;0;0;0;1.0;0.0004;;0;0;25
baseline_measure_overlap;happy_guided_compact;happy;1;Q1_margin_month;True;c1;True;0;0;0;0.333333;0.0188;;0;0;25
baseline_measure_overlap;happy_guided_compact;happy;2;Q2_sales_growth;True;c3;True;0;0;0;0.666667;0.0053;;0;0;25
baseline_measure_overlap;happy_guided_compact;happy;3;Q3_stockout_store;True;c2;True;0;0;0;1.0;0.0044;;0;0;25
ablation_no_sat;happy_guided_compact;happy;1;Q1_margin_month;True;c1;True;0;0;0;0.333333;0.3043;True;1;1;25
ablation_no_sat;happy_guided_compact;happy;2;Q2_sales_growth;True;c3;True;0;0;0;0.666667;0.346;True;2;1;25
ablation_no_sat;happy_guided_compact;happy;3;Q3_stockout_store;True;c2;True;0;0;0;1.0;0.2412;True;1;1;25
ablation_no_real;happy_guided_compact;happy;1;Q1_margin_month;True;c1;True;0;0;0;0.333333;0.308;True;1;1;25
ablation_no_real;happy_guided_compact;happy;2;Q2_sales_growth;True;c3;True;0;0;0;0.666667;0.3367;True;2;1;25
ablation_no_real;happy_guided_compact;happy;3;Q3_stockout_store;True;c2;True;0;0;0;1.0;0.2532;True;1;1;25
ablation_ceval_any_intersection;happy_guided_compact;happy;1;Q1_margin_month;True;c1;True;0;0;0;0.333333;0.2973;True;1;1;25
ablation_ceval_any_intersection;happy_guided_compact;happy;2;Q2_sales_growth;True;c3;True;0;0;0;0.666667;0.3296;True;2;1;25
ablation_ceval_any_intersection;happy_guided_compact;happy;3;Q3_stockout_store;True;c2;True;0;0;0;1.0;0.247;True;1;1;25
baseline_random_matched;happy_guided_compact;happy;1;Q1_margin_month;True;c1;False;0;1;0;0.0;0.0114;;0;0;25
baseline_random_matched;happy_guided_compact;happy;2;Q2_sales_growth;True;c3;True;0;0;0;0.333333;0.0007;;0;0;25
baseline_random_matched;happy_guided_compact;happy;3;Q3_stockout_store;True;c2;True;0;0;0;0.666667;0.0004;;0;0;25
mcad;border_growth_partial_1998_only;border;1;Q1_sales_1998_only;False;;False;0;0;0;0.0;0.385;True;1;0;25
baseline_naive;border_growth_partial_1998_only;border;1;Q1_sales_1998_only;False;;True;1;0;1;0.0;0.0018;;0;0;25
baseline_measure_overlap;border_growth_partial_1998_only;border;1;Q1_sales_1998_only;False;;True;1;0;1;0.0;0.0186;;0;0;25
ablation_no_sat;border_growth_partial_1998_only;border;1;Q1_sales_1998_only;False;;False;0;0;0;0.0;0.3564;True;1;0;25
ablation_no_real;border_growth_partial_1998_only;border;1;Q1_sales_1998_only;False;;True;1;0;1;0.0;0.3606;True;1;0;25
ablation_ceval_any_intersection;border_growth_partial_1998_only;border;1;Q1_sales_1998_only;False;;True;1;0;1;0.0;0.3664;True;1;1;25
baseline_random_matched;border_growth_partial_1998_only;border;1;Q1_sales_1998_only;False;;False;0;0;0;0.0;0.0045;;0;0;25
mcad;border_margin_wrong_grain;border;1;Q1_margin_quarter_only;False;;False;0;0;0;0.0;0.2207;False;0;0;25
baseline_naive;border_margin_wrong_grain;border;1;Q1_margin_quarter_only;False;;True;1;0;1;0.0;0.0014;;0;0;25
baseline_measure_overlap;border_margin_wrong_grain;border;1;Q1_margin_quarter_only;False;;True;1;0;1;0.0;0.0199;;0;0;25
ablation_no_sat;border_margin_wrong_grain;border;1;Q1_margin_quarter_only;False;;False;0;0;0;0.0;0.287;False;0;0;25
ablation_no_real;border_margin_wrong_grain;border;1;Q1_margin_quarter_only;False;;False;0;0;0;0.0;0.2656;False;0;0;25
ablation_ceval_any_intersection;border_margin_wrong_grain;border;1;Q1_margin_quarter_only;False;;False;0;0;0;0.0;0.2244;False;0;0;25
baseline_random_matched;border_margin_wrong_grain;border;1;Q1_margin_quarter_only;False;;False;0;0;0;0.0;0.0039;;0;0;25
mcad;border_stockout_missing_store;border;1;Q1_stockout_category_only;False;;False;0;0;0;0.0;0.2369;False;0;0;25
baseline_naive;border_stockout_missing_store;border;1;Q1_stockout_category_only;False;;True;1;0;1;0.0;0.0015;;0;0;25
baseline_measure_overlap;border_stockout_missing_store;border;1;Q1_stockout_category_only;False;;True;1;0;1;0.0;0.0192;;0;0;25
ablation_no_sat;border_stockout_missing_store;border;1;Q1_stockout_category_only;False;;False;0;0;0;0.0;0.2919;False;0;0;25
ablation_no_real;border_stockout_missing_store;border;1;Q1_stockout_category_only;False;;False;0;0;0;0.0;0.2384;False;0;0;25
ablation_ceval_any_intersection;border_stockout_missing_store;border;1;Q1_stockout_category_only;False;;False;0;0;0;0.0;0.2193;False;0;0;25
baseline_random_matched;border_stockout_missing_store;border;1;Q1_stockout_category_only;False;;False;0;0;0;0.0;0.0036;;0;0;25
mcad;adversarial_wrong_region;adversarial;1;Q1_margin_south;False;;False;0;0;0;0.0;0.2014;False;0;0;25
baseline_naive;adversarial_wrong_region;adversarial;1;Q1_margin_south;False;;True;1;0;1;0.0;0.0015;;0;0;25
baseline_measure_overlap;adversarial_wrong_region;adversarial;1;Q1_margin_south;False;;True;1;0;1;0.0;0.0204;;0;0;25
ablation_no_sat;adversarial_wrong_region;adversarial;1;Q1_margin_south;False;;False;0;0;0;0.0;0.261;False;0;0;25
ablation_no_real;adversarial_wrong_region;adversarial;1;Q1_margin_south;False;;False;0;0;0;0.0;0.2052;False;0;0;25
ablation_ceval_any_intersection;adversarial_wrong_region;adversarial;1;Q1_margin_south;False;;False;0;0;0;0.0;0.1997;False;0;0;25
baseline_random_matched;adversarial_wrong_region;adversarial;1;Q1_margin_south;False;;True;1;0;1;0.0;0.0041;;0;0;25
mcad;adversarial_wrong_year;adversarial;1;Q1_stockout_1997;False;;False;0;0;0;0.0;0.1948;False;0;0;25
baseline_naive;adversarial_wrong_year;adversarial;1;Q1_stockout_1997;False;;True;1;0;1;0.0;0.0016;;0;0;25
baseline_measure_overlap;adversarial_wrong_year;adversarial;1;Q1_stockout_1997;False;;True;1;0;1;0.0;0.0196;;0;0;25
ablation_no_sat;adversarial_wrong_year;adversarial;1;Q1_stockout_1997;False;;False;0;0;0;0.0;0.2283;False;0;0;25
ablation_no_real;adversarial_wrong_year;adversarial;1;Q1_stockout_1997;False;;False;0;0;0;0.0;0.2035;False;0;0;25
ablation_ceval_any_intersection;adversarial_wrong_year;adversarial;1;Q1_stockout_1997;False;;False;0;0;0;0.0;0.1891;False;0;0;25
baseline_random_matched;adversarial_wrong_year;adversarial;1;Q1_stockout_1997;False;;True;1;0;1;0.0;0.0038;;0;0;25
mcad;adversarial_invalid_no_measures;adversarial;1;Q1_invalid_no_measure;False;;False;0;0;0;0.0;0.0981;False;0;0;25
baseline_naive;adversarial_invalid_no_measures;adversarial;1;Q1_invalid_no_measure;False;;True;1;0;1;0.0;0.0015;;0;0;25
baseline_measure_overlap;adversarial_invalid_no_measures;adversarial;1;Q1_invalid_no_measure;False;;False;0;0;0;0.0;0.0189;;0;0;25
ablation_no_sat;adversarial_invalid_no_measures;adversarial;1;Q1_invalid_no_measure;False;;False;0;0;0;0.0;0.1113;False;0;0;25
ablation_no_real;adversarial_invalid_no_measures;adversarial;1;Q1_invalid_no_measure;False;;False;0;0;0;0.0;0.1091;False;0;0;25
ablation_ceval_any_intersection;adversarial_invalid_no_measures;adversarial;1;Q1_invalid_no_measure;False;;False;0;0;0;0.0;0.1079;False;0;0;25
baseline_random_matched;adversarial_invalid_no_measures;adversarial;1;Q1_invalid_no_measure;False;;False;0;0;0;0.0;0.0044;;0;0;25
mcad;stress_exploratory_then_useful;stress;1;Q1_noise_region;False;;False;0;0;0;0.0;0.3941;False;0;0;25
mcad;stress_exploratory_then_useful;stress;2;Q2_noise_margin_all;False;;False;0;0;0;0.0;0.2817;False;0;0;25
mcad;stress_exploratory_then_useful;stress;3;Q3_useful_margin;True;c1;True;0;0;0;0.333333;0.515;True;1;1;25
baseline_naive;stress_exploratory_then_useful;stress;1;Q1_noise_region;False;;True;1;0;1;0.0;0.0018;;0;0;25
baseline_naive;stress_exploratory_then_useful;stress;2;Q2_noise_margin_all;False;;True;1;0;1;0.0;0.0005;;0;0;25
baseline_naive;stress_exploratory_then_useful;stress;3;Q3_useful_margin;True;c1;True;0;0;0;0.333333;0.0004;;0;0;25
baseline_measure_overlap;stress_exploratory_then_useful;stress;1;Q1_noise_region;False;;True;1;0;1;0.0;0.0186;;0;0;25
baseline_measure_overlap;stress_exploratory_then_useful;stress;2;Q2_noise_margin_all;False;;True;1;0;1;0.0;0.0055;;0;0;25
baseline_measure_overlap;stress_exploratory_then_useful;stress;3;Q3_useful_margin;True;c1;True;0;0;0;0.333333;0.0044;;0;0;25
ablation_no_sat;stress_exploratory_then_useful;stress;1;Q1_noise_region;False;;False;0;0;0;0.0;0.2673;False;0;0;25
ablation_no_sat;stress_exploratory_then_useful;stress;2;Q2_noise_margin_all;False;;False;0;0;0;0.0;0.1737;False;0;0;25
ablation_no_sat;stress_exploratory_then_useful;stress;3;Q3_useful_margin;True;c1;True;0;0;0;0.333333;0.263;True;1;1;25
ablation_no_real;stress_exploratory_then_useful;stress;1;Q1_noise_region;False;;False;0;0;0;0.0;0.2426;False;0;0;25
ablation_no_real;stress_exploratory_then_useful;stress;2;Q2_noise_margin_all;False;;False;0;0;0;0.0;0.1842;False;0;0;25
ablation_no_real;stress_exploratory_then_useful;stress;3;Q3_useful_margin;True;c1;True;0;0;0;0.333333;0.2868;True;1;1;25
ablation_ceval_any_intersection;stress_exploratory_then_useful;stress;1;Q1_noise_region;False;;False;0;0;0;0.0;0.2258;False;0;0;25
ablation_ceval_any_intersection;stress_exploratory_then_useful;stress;2;Q2_noise_margin_all;False;;False;0;0;0;0.0;0.1435;False;0;0;25
ablation_ceval_any_intersection;stress_exploratory_then_useful;stress;3;Q3_useful_margin;True;c1;True;0;0;0;0.333333;0.2632;True;1;1;25
baseline_random_matched;stress_exploratory_then_useful;stress;1;Q1_noise_region;False;;False;0;0;0;0.0;0.004;;0;0;25
baseline_random_matched;stress_exploratory_then_useful;stress;2;Q2_noise_margin_all;False;;True;1;0;1;0.0;0.0006;;0;0;25
baseline_random_matched;stress_exploratory_then_useful;stress;3;Q3_useful_margin;True;c1;False;0;1;0;0.0;0.0004;;0;0;25
mcad;happy_guided_article_short;happy;1;Q1_margin_month;True;c1;True;0;0;0;0.333333;0.3093;True;1;1;26
mcad;happy_guided_article_short;happy;2;Q2_stockout_store;True;c2;True;0;0;0;0.666667;0.2816;True;1;1;26
mcad;happy_guided_article_short;happy;3;Q3_sales_growth;True;c3;True;0;0;0;1.0;0.3494;True;2;1;26
baseline_naive;happy_guided_article_short;happy;1;Q1_margin_month;True;c1;True;0;0;0;0.333333;0.0016;;0;0;26
baseline_naive;happy_guided_article_short;happy;2;Q2_stockout_store;True;c2;True;0;0;0;0.666667;0.0004;;0;0;26
baseline_naive;happy_guided_article_short;happy;3;Q3_sales_growth;True;c3;True;0;0;0;1.0;0.0003;;0;0;26
baseline_measure_overlap;happy_guided_article_short;happy;1;Q1_margin_month;True;c1;True;0;0;0;0.333333;0.02;;0;0;26
baseline_measure_overlap;happy_guided_article_short;happy;2;Q2_stockout_store;True;c2;True;0;0;0;0.666667;0.0059;;0;0;26
baseline_measure_overlap;happy_guided_article_short;happy;3;Q3_sales_growth;True;c3;True;0;0;0;1.0;0.0042;;0;0;26
ablation_no_sat;happy_guided_article_short;happy;1;Q1_margin_month;True;c1;True;0;0;0;0.333333;0.3196;True;1;1;26
ablation_no_sat;happy_guided_article_short;happy;2;Q2_stockout_store;True;c2;True;0;0;0;0.666667;0.2474;True;1;1;26
ablation_no_sat;happy_guided_article_short;happy;3;Q3_sales_growth;True;c3;True;0;0;0;1.0;0.3445;True;2;1;26
ablation_no_real;happy_guided_article_short;happy;1;Q1_margin_month;True;c1;True;0;0;0;0.333333;0.3478;True;1;1;26
ablation_no_real;happy_guided_article_short;happy;2;Q2_stockout_store;True;c2;True;0;0;0;0.666667;0.2549;True;1;1;26
ablation_no_real;happy_guided_article_short;happy;3;Q3_sales_growth;True;c3;True;0;0;0;1.0;0.3488;True;2;1;26
ablation_ceval_any_intersection;happy_guided_article_short;happy;1;Q1_margin_month;True;c1;True;0;0;0;0.333333;0.3026;True;1;1;26
ablation_ceval_any_intersection;happy_guided_article_short;happy;2;Q2_stockout_store;True;c2;True;0;0;0;0.666667;0.2563;True;1;1;26
ablation_ceval_any_intersection;happy_guided_article_short;happy;3;Q3_sales_growth;True;c3;True;0;0;0;1.0;0.3409;True;2;1;26
baseline_random_matched;happy_guided_article_short;happy;1;Q1_margin_month;True;c1;False;0;1;0;0.0;0.004;;0;0;26
baseline_random_matched;happy_guided_article_short;happy;2;Q2_stockout_store;True;c2;True;0;0;0;0.333333;0.0008;;0;0;26
baseline_random_matched;happy_guided_article_short;happy;3;Q3_sales_growth;True;c3;False;0;1;0;0.333333;0.0005;;0;0;26
mcad;happy_guided_reordered;happy;1;Q1_sales_growth;True;c3;True;0;0;0;0.333333;0.4108;True;2;1;26
mcad;happy_guided_reordered;happy;2;Q2_margin_month;True;c1;True;0;0;0;0.666667;0.2481;True;1;1;26
mcad;happy_guided_reordered;happy;3;Q3_stockout_store;True;c2;True;0;0;0;1.0;0.2552;True;1;1;26
baseline_naive;happy_guided_reordered;happy;1;Q1_sales_growth;True;c3;True;0;0;0;0.333333;0.0015;;0;0;26
baseline_naive;happy_guided_reordered;happy;2;Q2_margin_month;True;c1;True;0;0;0;0.666667;0.0005;;0;0;26
baseline_naive;happy_guided_reordered;happy;3;Q3_stockout_store;True;c2;True;0;0;0;1.0;0.0003;;0;0;26
baseline_measure_overlap;happy_guided_reordered;happy;1;Q1_sales_growth;True;c3;True;0;0;0;0.333333;0.0185;;0;0;26
baseline_measure_overlap;happy_guided_reordered;happy;2;Q2_margin_month;True;c1;True;0;0;0;0.666667;0.0052;;0;0;26
baseline_measure_overlap;happy_guided_reordered;happy;3;Q3_stockout_store;True;c2;True;0;0;0;1.0;0.0042;;0;0;26
ablation_no_sat;happy_guided_reordered;happy;1;Q1_sales_growth;True;c3;True;0;0;0;0.333333;0.3972;True;2;1;26
ablation_no_sat;happy_guided_reordered;happy;2;Q2_margin_month;True;c1;True;0;0;0;0.666667;0.2532;True;1;1;26
ablation_no_sat;happy_guided_reordered;happy;3;Q3_stockout_store;True;c2;True;0;0;0;1.0;0.2547;True;1;1;26
ablation_no_real;happy_guided_reordered;happy;1;Q1_sales_growth;True;c3;True;0;0;0;0.333333;0.419;True;2;1;26
ablation_no_real;happy_guided_reordered;happy;2;Q2_margin_month;True;c1;True;0;0;0;0.666667;0.2593;True;1;1;26
ablation_no_real;happy_guided_reordered;happy;3;Q3_stockout_store;True;c2;True;0;0;0;1.0;0.2535;True;1;1;26
ablation_ceval_any_intersection;happy_guided_reordered;happy;1;Q1_sales_growth;True;c3;True;0;0;0;0.333333;0.3952;True;2;1;26
ablation_ceval_any_intersection;happy_guided_reordered;happy;2;Q2_margin_month;True;c1;True;0;0;0;0.666667;0.2478;True;1;1;26
ablation_ceval_any_intersection;happy_guided_reordered;happy;3;Q3_stockout_store;True;c2;True;0;0;0;1.0;0.2756;True;1;1;26
baseline_random_matched;happy_guided_reordered;happy;1;Q1_sales_growth;True;c3;False;0;1;0;0.0;0.0045;;0;0;26
baseline_random_matched;happy_guided_reordered;happy;2;Q2_margin_month;True;c1;True;0;0;0;0.333333;0.0007;;0;0;26
baseline_random_matched;happy_guided_reordered;happy;3;Q3_stockout_store;True;c2;True;0;0;0;0.666667;0.0006;;0;0;26
mcad;happy_guided_compact;happy;1;Q1_margin_month;True;c1;True;0;0;0;0.333333;0.3266;True;1;1;26
mcad;happy_guided_compact;happy;2;Q2_sales_growth;True;c3;True;0;0;0;0.666667;0.3395;True;2;1;26
mcad;happy_guided_compact;happy;3;Q3_stockout_store;True;c2;True;0;0;0;1.0;0.2425;True;1;1;26
baseline_naive;happy_guided_compact;happy;1;Q1_margin_month;True;c1;True;0;0;0;0.333333;0.0015;;0;0;26
baseline_naive;happy_guided_compact;happy;2;Q2_sales_growth;True;c3;True;0;0;0;0.666667;0.0006;;0;0;26
baseline_naive;happy_guided_compact;happy;3;Q3_stockout_store;True;c2;True;0;0;0;1.0;0.0004;;0;0;26
baseline_measure_overlap;happy_guided_compact;happy;1;Q1_margin_month;True;c1;True;0;0;0;0.333333;0.0203;;0;0;26
baseline_measure_overlap;happy_guided_compact;happy;2;Q2_sales_growth;True;c3;True;0;0;0;0.666667;0.0056;;0;0;26
baseline_measure_overlap;happy_guided_compact;happy;3;Q3_stockout_store;True;c2;True;0;0;0;1.0;0.0046;;0;0;26
ablation_no_sat;happy_guided_compact;happy;1;Q1_margin_month;True;c1;True;0;0;0;0.333333;0.3155;True;1;1;26
ablation_no_sat;happy_guided_compact;happy;2;Q2_sales_growth;True;c3;True;0;0;0;0.666667;0.3327;True;2;1;26
ablation_no_sat;happy_guided_compact;happy;3;Q3_stockout_store;True;c2;True;0;0;0;1.0;0.2388;True;1;1;26
ablation_no_real;happy_guided_compact;happy;1;Q1_margin_month;True;c1;True;0;0;0;0.333333;0.323;True;1;1;26
ablation_no_real;happy_guided_compact;happy;2;Q2_sales_growth;True;c3;True;0;0;0;0.666667;0.3352;True;2;1;26
ablation_no_real;happy_guided_compact;happy;3;Q3_stockout_store;True;c2;True;0;0;0;1.0;0.2428;True;1;1;26
ablation_ceval_any_intersection;happy_guided_compact;happy;1;Q1_margin_month;True;c1;True;0;0;0;0.333333;0.3161;True;1;1;26
ablation_ceval_any_intersection;happy_guided_compact;happy;2;Q2_sales_growth;True;c3;True;0;0;0;0.666667;0.3312;True;2;1;26
ablation_ceval_any_intersection;happy_guided_compact;happy;3;Q3_stockout_store;True;c2;True;0;0;0;1.0;0.2379;True;1;1;26
baseline_random_matched;happy_guided_compact;happy;1;Q1_margin_month;True;c1;True;0;0;0;0.333333;0.0042;;0;0;26
baseline_random_matched;happy_guided_compact;happy;2;Q2_sales_growth;True;c3;True;0;0;0;0.666667;0.0007;;0;0;26
baseline_random_matched;happy_guided_compact;happy;3;Q3_stockout_store;True;c2;True;0;0;0;1.0;0.0005;;0;0;26
mcad;border_growth_partial_1998_only;border;1;Q1_sales_1998_only;False;;False;0;0;0;0.0;0.3722;True;1;0;26
baseline_naive;border_growth_partial_1998_only;border;1;Q1_sales_1998_only;False;;True;1;0;1;0.0;0.0013;;0;0;26
baseline_measure_overlap;border_growth_partial_1998_only;border;1;Q1_sales_1998_only;False;;True;1;0;1;0.0;0.0193;;0;0;26
ablation_no_sat;border_growth_partial_1998_only;border;1;Q1_sales_1998_only;False;;False;0;0;0;0.0;0.3664;True;1;0;26
ablation_no_real;border_growth_partial_1998_only;border;1;Q1_sales_1998_only;False;;True;1;0;1;0.0;0.3966;True;1;0;26
ablation_ceval_any_intersection;border_growth_partial_1998_only;border;1;Q1_sales_1998_only;False;;True;1;0;1;0.0;0.366;True;1;1;26
baseline_random_matched;border_growth_partial_1998_only;border;1;Q1_sales_1998_only;False;;True;1;0;1;0.0;0.0047;;0;0;26
mcad;border_margin_wrong_grain;border;1;Q1_margin_quarter_only;False;;False;0;0;0;0.0;0.2183;False;0;0;26
baseline_naive;border_margin_wrong_grain;border;1;Q1_margin_quarter_only;False;;True;1;0;1;0.0;0.0019;;0;0;26
baseline_measure_overlap;border_margin_wrong_grain;border;1;Q1_margin_quarter_only;False;;True;1;0;1;0.0;0.0194;;0;0;26
ablation_no_sat;border_margin_wrong_grain;border;1;Q1_margin_quarter_only;False;;False;0;0;0;0.0;0.2855;False;0;0;26
ablation_no_real;border_margin_wrong_grain;border;1;Q1_margin_quarter_only;False;;False;0;0;0;0.0;0.2369;False;0;0;26
ablation_ceval_any_intersection;border_margin_wrong_grain;border;1;Q1_margin_quarter_only;False;;False;0;0;0;0.0;0.2164;False;0;0;26
baseline_random_matched;border_margin_wrong_grain;border;1;Q1_margin_quarter_only;False;;True;1;0;1;0.0;0.0039;;0;0;26
mcad;border_stockout_missing_store;border;1;Q1_stockout_category_only;False;;False;0;0;0;0.0;0.2516;False;0;0;26
baseline_naive;border_stockout_missing_store;border;1;Q1_stockout_category_only;False;;True;1;0;1;0.0;0.0015;;0;0;26
baseline_measure_overlap;border_stockout_missing_store;border;1;Q1_stockout_category_only;False;;True;1;0;1;0.0;0.0201;;0;0;26
ablation_no_sat;border_stockout_missing_store;border;1;Q1_stockout_category_only;False;;False;0;0;0;0.0;0.2822;False;0;0;26
ablation_no_real;border_stockout_missing_store;border;1;Q1_stockout_category_only;False;;False;0;0;0;0.0;0.2265;False;0;0;26
ablation_ceval_any_intersection;border_stockout_missing_store;border;1;Q1_stockout_category_only;False;;False;0;0;0;0.0;0.2265;False;0;0;26
baseline_random_matched;border_stockout_missing_store;border;1;Q1_stockout_category_only;False;;False;0;0;0;0.0;0.004;;0;0;26
mcad;adversarial_wrong_region;adversarial;1;Q1_margin_south;False;;False;0;0;0;0.0;0.2032;False;0;0;26
baseline_naive;adversarial_wrong_region;adversarial;1;Q1_margin_south;False;;True;1;0;1;0.0;0.0014;;0;0;26
baseline_measure_overlap;adversarial_wrong_region;adversarial;1;Q1_margin_south;False;;True;1;0;1;0.0;0.0218;;0;0;26
ablation_no_sat;adversarial_wrong_region;adversarial;1;Q1_margin_south;False;;False;0;0;0;0.0;0.2327;False;0;0;26
ablation_no_real;adversarial_wrong_region;adversarial;1;Q1_margin_south;False;;False;0;0;0;0.0;0.2014;False;0;0;26
ablation_ceval_any_intersection;adversarial_wrong_region;adversarial;1;Q1_margin_south;False;;False;0;0;0;0.0;0.1947;False;0;0;26
baseline_random_matched;adversarial_wrong_region;adversarial;1;Q1_margin_south;False;;False;0;0;0;0.0;0.0043;;0;0;26
mcad;adversarial_wrong_year;adversarial;1;Q1_stockout_1997;False;;False;0;0;0;0.0;0.1957;False;0;0;26
baseline_naive;adversarial_wrong_year;adversarial;1;Q1_stockout_1997;False;;True;1;0;1;0.0;0.0016;;0;0;26
baseline_measure_overlap;adversarial_wrong_year;adversarial;1;Q1_stockout_1997;False;;True;1;0;1;0.0;0.0201;;0;0;26
ablation_no_sat;adversarial_wrong_year;adversarial;1;Q1_stockout_1997;False;;False;0;0;0;0.0;0.213;False;0;0;26
ablation_no_real;adversarial_wrong_year;adversarial;1;Q1_stockout_1997;False;;False;0;0;0;0.0;0.237;False;0;0;26
ablation_ceval_any_intersection;adversarial_wrong_year;adversarial;1;Q1_stockout_1997;False;;False;0;0;0;0.0;0.1903;False;0;0;26
baseline_random_matched;adversarial_wrong_year;adversarial;1;Q1_stockout_1997;False;;True;1;0;1;0.0;0.0035;;0;0;26
mcad;adversarial_invalid_no_measures;adversarial;1;Q1_invalid_no_measure;False;;False;0;0;0;0.0;0.0954;False;0;0;26
baseline_naive;adversarial_invalid_no_measures;adversarial;1;Q1_invalid_no_measure;False;;True;1;0;1;0.0;0.0015;;0;0;26
baseline_measure_overlap;adversarial_invalid_no_measures;adversarial;1;Q1_invalid_no_measure;False;;False;0;0;0;0.0;0.0183;;0;0;26
ablation_no_sat;adversarial_invalid_no_measures;adversarial;1;Q1_invalid_no_measure;False;;False;0;0;0;0.0;0.1114;False;0;0;26
ablation_no_real;adversarial_invalid_no_measures;adversarial;1;Q1_invalid_no_measure;False;;False;0;0;0;0.0;0.1018;False;0;0;26
ablation_ceval_any_intersection;adversarial_invalid_no_measures;adversarial;1;Q1_invalid_no_measure;False;;False;0;0;0;0.0;0.095;False;0;0;26
baseline_random_matched;adversarial_invalid_no_measures;adversarial;1;Q1_invalid_no_measure;False;;True;1;0;1;0.0;0.0036;;0;0;26
mcad;stress_exploratory_then_useful;stress;1;Q1_noise_region;False;;False;0;0;0;0.0;0.3333;False;0;0;26
mcad;stress_exploratory_then_useful;stress;2;Q2_noise_margin_all;False;;False;0;0;0;0.0;0.1785;False;0;0;26
mcad;stress_exploratory_then_useful;stress;3;Q3_useful_margin;True;c1;True;0;0;0;0.333333;0.2588;True;1;1;26
baseline_naive;stress_exploratory_then_useful;stress;1;Q1_noise_region;False;;True;1;0;1;0.0;0.0016;;0;0;26
baseline_naive;stress_exploratory_then_useful;stress;2;Q2_noise_margin_all;False;;True;1;0;1;0.0;0.0004;;0;0;26
baseline_naive;stress_exploratory_then_useful;stress;3;Q3_useful_margin;True;c1;True;0;0;0;0.333333;0.0003;;0;0;26
baseline_measure_overlap;stress_exploratory_then_useful;stress;1;Q1_noise_region;False;;True;1;0;1;0.0;0.018;;0;0;26
baseline_measure_overlap;stress_exploratory_then_useful;stress;2;Q2_noise_margin_all;False;;True;1;0;1;0.0;0.0054;;0;0;26
baseline_measure_overlap;stress_exploratory_then_useful;stress;3;Q3_useful_margin;True;c1;True;0;0;0;0.333333;0.0041;;0;0;26
ablation_no_sat;stress_exploratory_then_useful;stress;1;Q1_noise_region;False;;False;0;0;0;0.0;0.261;False;0;0;26
ablation_no_sat;stress_exploratory_then_useful;stress;2;Q2_noise_margin_all;False;;False;0;0;0;0.0;0.17;False;0;0;26
ablation_no_sat;stress_exploratory_then_useful;stress;3;Q3_useful_margin;True;c1;True;0;0;0;0.333333;0.2823;True;1;1;26
ablation_no_real;stress_exploratory_then_useful;stress;1;Q1_noise_region;False;;False;0;0;0;0.0;0.2279;False;0;0;26
ablation_no_real;stress_exploratory_then_useful;stress;2;Q2_noise_margin_all;False;;False;0;0;0;0.0;0.1472;False;0;0;26
ablation_no_real;stress_exploratory_then_useful;stress;3;Q3_useful_margin;True;c1;True;0;0;0;0.333333;0.2533;True;1;1;26
ablation_ceval_any_intersection;stress_exploratory_then_useful;stress;1;Q1_noise_region;False;;False;0;0;0;0.0;0.223;False;0;0;26
ablation_ceval_any_intersection;stress_exploratory_then_useful;stress;2;Q2_noise_margin_all;False;;False;0;0;0;0.0;0.1427;False;0;0;26
ablation_ceval_any_intersection;stress_exploratory_then_useful;stress;3;Q3_useful_margin;True;c1;True;0;0;0;0.333333;0.2457;True;1;1;26
baseline_random_matched;stress_exploratory_then_useful;stress;1;Q1_noise_region;False;;False;0;0;0;0.0;0.0042;;0;0;26
baseline_random_matched;stress_exploratory_then_useful;stress;2;Q2_noise_margin_all;False;;False;0;0;0;0.0;0.0006;;0;0;26
baseline_random_matched;stress_exploratory_then_useful;stress;3;Q3_useful_margin;True;c1;True;0;0;0;0.333333;0.0005;;0;0;26
mcad;happy_guided_article_short;happy;1;Q1_margin_month;True;c1;True;0;0;0;0.333333;0.3034;True;1;1;27
mcad;happy_guided_article_short;happy;2;Q2_stockout_store;True;c2;True;0;0;0;0.666667;0.2434;True;1;1;27
mcad;happy_guided_article_short;happy;3;Q3_sales_growth;True;c3;True;0;0;0;1.0;0.3416;True;2;1;27
baseline_naive;happy_guided_article_short;happy;1;Q1_margin_month;True;c1;True;0;0;0;0.333333;0.0014;;0;0;27
baseline_naive;happy_guided_article_short;happy;2;Q2_stockout_store;True;c2;True;0;0;0;0.666667;0.0006;;0;0;27
baseline_naive;happy_guided_article_short;happy;3;Q3_sales_growth;True;c3;True;0;0;0;1.0;0.0003;;0;0;27
baseline_measure_overlap;happy_guided_article_short;happy;1;Q1_margin_month;True;c1;True;0;0;0;0.333333;0.0193;;0;0;27
baseline_measure_overlap;happy_guided_article_short;happy;2;Q2_stockout_store;True;c2;True;0;0;0;0.666667;0.0054;;0;0;27
baseline_measure_overlap;happy_guided_article_short;happy;3;Q3_sales_growth;True;c3;True;0;0;0;1.0;0.0042;;0;0;27
ablation_no_sat;happy_guided_article_short;happy;1;Q1_margin_month;True;c1;True;0;0;0;0.333333;0.3048;True;1;1;27
ablation_no_sat;happy_guided_article_short;happy;2;Q2_stockout_store;True;c2;True;0;0;0;0.666667;0.2432;True;1;1;27
ablation_no_sat;happy_guided_article_short;happy;3;Q3_sales_growth;True;c3;True;0;0;0;1.0;0.3408;True;2;1;27
ablation_no_real;happy_guided_article_short;happy;1;Q1_margin_month;True;c1;True;0;0;0;0.333333;0.3126;True;1;1;27
ablation_no_real;happy_guided_article_short;happy;2;Q2_stockout_store;True;c2;True;0;0;0;0.666667;0.2492;True;1;1;27
ablation_no_real;happy_guided_article_short;happy;3;Q3_sales_growth;True;c3;True;0;0;0;1.0;0.3391;True;2;1;27
ablation_ceval_any_intersection;happy_guided_article_short;happy;1;Q1_margin_month;True;c1;True;0;0;0;0.333333;0.3043;True;1;1;27
ablation_ceval_any_intersection;happy_guided_article_short;happy;2;Q2_stockout_store;True;c2;True;0;0;0;0.666667;0.2441;True;1;1;27
ablation_ceval_any_intersection;happy_guided_article_short;happy;3;Q3_sales_growth;True;c3;True;0;0;0;1.0;0.3238;True;2;1;27
baseline_random_matched;happy_guided_article_short;happy;1;Q1_margin_month;True;c1;False;0;1;0;0.0;0.0129;;0;0;27
baseline_random_matched;happy_guided_article_short;happy;2;Q2_stockout_store;True;c2;False;0;1;0;0.0;0.0007;;0;0;27
baseline_random_matched;happy_guided_article_short;happy;3;Q3_sales_growth;True;c3;True;0;0;0;0.333333;0.0005;;0;0;27
mcad;happy_guided_reordered;happy;1;Q1_sales_growth;True;c3;True;0;0;0;0.333333;0.805;True;2;1;27
mcad;happy_guided_reordered;happy;2;Q2_margin_month;True;c1;True;0;0;0;0.666667;0.5412;True;1;1;27
mcad;happy_guided_reordered;happy;3;Q3_stockout_store;True;c2;True;0;0;0;1.0;0.4763;True;1;1;27
baseline_naive;happy_guided_reordered;happy;1;Q1_sales_growth;True;c3;True;0;0;0;0.333333;0.0017;;0;0;27
baseline_naive;happy_guided_reordered;happy;2;Q2_margin_month;True;c1;True;0;0;0;0.666667;0.0004;;0;0;27
baseline_naive;happy_guided_reordered;happy;3;Q3_stockout_store;True;c2;True;0;0;0;1.0;0.0003;;0;0;27
baseline_measure_overlap;happy_guided_reordered;happy;1;Q1_sales_growth;True;c3;True;0;0;0;0.333333;0.0201;;0;0;27
baseline_measure_overlap;happy_guided_reordered;happy;2;Q2_margin_month;True;c1;True;0;0;0;0.666667;0.0052;;0;0;27
baseline_measure_overlap;happy_guided_reordered;happy;3;Q3_stockout_store;True;c2;True;0;0;0;1.0;0.0045;;0;0;27
ablation_no_sat;happy_guided_reordered;happy;1;Q1_sales_growth;True;c3;True;0;0;0;0.333333;0.4155;True;2;1;27
ablation_no_sat;happy_guided_reordered;happy;2;Q2_margin_month;True;c1;True;0;0;0;0.666667;0.2496;True;1;1;27
ablation_no_sat;happy_guided_reordered;happy;3;Q3_stockout_store;True;c2;True;0;0;0;1.0;0.2615;True;1;1;27
ablation_no_real;happy_guided_reordered;happy;1;Q1_sales_growth;True;c3;True;0;0;0;0.333333;0.402;True;2;1;27
ablation_no_real;happy_guided_reordered;happy;2;Q2_margin_month;True;c1;True;0;0;0;0.666667;0.2518;True;1;1;27
ablation_no_real;happy_guided_reordered;happy;3;Q3_stockout_store;True;c2;True;0;0;0;1.0;0.2423;True;1;1;27
ablation_ceval_any_intersection;happy_guided_reordered;happy;1;Q1_sales_growth;True;c3;True;0;0;0;0.333333;0.401;True;2;1;27
ablation_ceval_any_intersection;happy_guided_reordered;happy;2;Q2_margin_month;True;c1;True;0;0;0;0.666667;0.2448;True;1;1;27
ablation_ceval_any_intersection;happy_guided_reordered;happy;3;Q3_stockout_store;True;c2;True;0;0;0;1.0;0.2364;True;1;1;27
baseline_random_matched;happy_guided_reordered;happy;1;Q1_sales_growth;True;c3;False;0;1;0;0.0;0.0036;;0;0;27
baseline_random_matched;happy_guided_reordered;happy;2;Q2_margin_month;True;c1;False;0;1;0;0.0;0.0006;;0;0;27
baseline_random_matched;happy_guided_reordered;happy;3;Q3_stockout_store;True;c2;True;0;0;0;0.333333;0.0005;;0;0;27
mcad;happy_guided_compact;happy;1;Q1_margin_month;True;c1;True;0;0;0;0.333333;0.3158;True;1;1;27
mcad;happy_guided_compact;happy;2;Q2_sales_growth;True;c3;True;0;0;0;0.666667;0.3598;True;2;1;27
mcad;happy_guided_compact;happy;3;Q3_stockout_store;True;c2;True;0;0;0;1.0;0.2389;True;1;1;27
baseline_naive;happy_guided_compact;happy;1;Q1_margin_month;True;c1;True;0;0;0;0.333333;0.0013;;0;0;27
baseline_naive;happy_guided_compact;happy;2;Q2_sales_growth;True;c3;True;0;0;0;0.666667;0.0004;;0;0;27
baseline_naive;happy_guided_compact;happy;3;Q3_stockout_store;True;c2;True;0;0;0;1.0;0.0004;;0;0;27
baseline_measure_overlap;happy_guided_compact;happy;1;Q1_margin_month;True;c1;True;0;0;0;0.333333;0.0185;;0;0;27
baseline_measure_overlap;happy_guided_compact;happy;2;Q2_sales_growth;True;c3;True;0;0;0;0.666667;0.0056;;0;0;27
baseline_measure_overlap;happy_guided_compact;happy;3;Q3_stockout_store;True;c2;True;0;0;0;1.0;0.0042;;0;0;27
ablation_no_sat;happy_guided_compact;happy;1;Q1_margin_month;True;c1;True;0;0;0;0.333333;0.3116;True;1;1;27
ablation_no_sat;happy_guided_compact;happy;2;Q2_sales_growth;True;c3;True;0;0;0;0.666667;0.3417;True;2;1;27
ablation_no_sat;happy_guided_compact;happy;3;Q3_stockout_store;True;c2;True;0;0;0;1.0;0.2374;True;1;1;27
ablation_no_real;happy_guided_compact;happy;1;Q1_margin_month;True;c1;True;0;0;0;0.333333;0.3588;True;1;1;27
ablation_no_real;happy_guided_compact;happy;2;Q2_sales_growth;True;c3;True;0;0;0;0.666667;0.3412;True;2;1;27
ablation_no_real;happy_guided_compact;happy;3;Q3_stockout_store;True;c2;True;0;0;0;1.0;0.2541;True;1;1;27
ablation_ceval_any_intersection;happy_guided_compact;happy;1;Q1_margin_month;True;c1;True;0;0;0;0.333333;0.3033;True;1;1;27
ablation_ceval_any_intersection;happy_guided_compact;happy;2;Q2_sales_growth;True;c3;True;0;0;0;0.666667;0.3269;True;2;1;27
ablation_ceval_any_intersection;happy_guided_compact;happy;3;Q3_stockout_store;True;c2;True;0;0;0;1.0;0.2361;True;1;1;27
baseline_random_matched;happy_guided_compact;happy;1;Q1_margin_month;True;c1;False;0;1;0;0.0;0.004;;0;0;27
baseline_random_matched;happy_guided_compact;happy;2;Q2_sales_growth;True;c3;False;0;1;0;0.0;0.0006;;0;0;27
baseline_random_matched;happy_guided_compact;happy;3;Q3_stockout_store;True;c2;False;0;1;0;0.0;0.0004;;0;0;27
mcad;border_growth_partial_1998_only;border;1;Q1_sales_1998_only;False;;False;0;0;0;0.0;0.367;True;1;0;27
baseline_naive;border_growth_partial_1998_only;border;1;Q1_sales_1998_only;False;;True;1;0;1;0.0;0.0014;;0;0;27
baseline_measure_overlap;border_growth_partial_1998_only;border;1;Q1_sales_1998_only;False;;True;1;0;1;0.0;0.0199;;0;0;27
ablation_no_sat;border_growth_partial_1998_only;border;1;Q1_sales_1998_only;False;;False;0;0;0;0.0;0.3783;True;1;0;27
ablation_no_real;border_growth_partial_1998_only;border;1;Q1_sales_1998_only;False;;True;1;0;1;0.0;0.3708;True;1;0;27
ablation_ceval_any_intersection;border_growth_partial_1998_only;border;1;Q1_sales_1998_only;False;;True;1;0;1;0.0;0.3589;True;1;1;27
baseline_random_matched;border_growth_partial_1998_only;border;1;Q1_sales_1998_only;False;;False;0;0;0;0.0;0.005;;0;0;27
mcad;border_margin_wrong_grain;border;1;Q1_margin_quarter_only;False;;False;0;0;0;0.0;0.2243;False;0;0;27
baseline_naive;border_margin_wrong_grain;border;1;Q1_margin_quarter_only;False;;True;1;0;1;0.0;0.0014;;0;0;27
baseline_measure_overlap;border_margin_wrong_grain;border;1;Q1_margin_quarter_only;False;;True;1;0;1;0.0;0.0188;;0;0;27
ablation_no_sat;border_margin_wrong_grain;border;1;Q1_margin_quarter_only;False;;False;0;0;0;0.0;0.2887;False;0;0;27
ablation_no_real;border_margin_wrong_grain;border;1;Q1_margin_quarter_only;False;;False;0;0;0;0.0;0.2313;False;0;0;27
ablation_ceval_any_intersection;border_margin_wrong_grain;border;1;Q1_margin_quarter_only;False;;False;0;0;0;0.0;0.2198;False;0;0;27
baseline_random_matched;border_margin_wrong_grain;border;1;Q1_margin_quarter_only;False;;True;1;0;1;0.0;0.004;;0;0;27
mcad;border_stockout_missing_store;border;1;Q1_stockout_category_only;False;;False;0;0;0;0.0;0.2207;False;0;0;27
baseline_naive;border_stockout_missing_store;border;1;Q1_stockout_category_only;False;;True;1;0;1;0.0;0.0014;;0;0;27
baseline_measure_overlap;border_stockout_missing_store;border;1;Q1_stockout_category_only;False;;True;1;0;1;0.0;0.0192;;0;0;27
ablation_no_sat;border_stockout_missing_store;border;1;Q1_stockout_category_only;False;;False;0;0;0;0.0;0.2927;False;0;0;27
ablation_no_real;border_stockout_missing_store;border;1;Q1_stockout_category_only;False;;False;0;0;0;0.0;0.2265;False;0;0;27
ablation_ceval_any_intersection;border_stockout_missing_store;border;1;Q1_stockout_category_only;False;;False;0;0;0;0.0;0.2213;False;0;0;27
baseline_random_matched;border_stockout_missing_store;border;1;Q1_stockout_category_only;False;;True;1;0;1;0.0;0.004;;0;0;27
mcad;adversarial_wrong_region;adversarial;1;Q1_margin_south;False;;False;0;0;0;0.0;0.1961;False;0;0;27
baseline_naive;adversarial_wrong_region;adversarial;1;Q1_margin_south;False;;True;1;0;1;0.0;0.002;;0;0;27
baseline_measure_overlap;adversarial_wrong_region;adversarial;1;Q1_margin_south;False;;True;1;0;1;0.0;0.0187;;0;0;27
ablation_no_sat;adversarial_wrong_region;adversarial;1;Q1_margin_south;False;;False;0;0;0;0.0;0.2448;False;0;0;27
ablation_no_real;adversarial_wrong_region;adversarial;1;Q1_margin_south;False;;False;0;0;0;0.0;0.2125;False;0;0;27
ablation_ceval_any_intersection;adversarial_wrong_region;adversarial;1;Q1_margin_south;False;;False;0;0;0;0.0;0.1919;False;0;0;27
baseline_random_matched;adversarial_wrong_region;adversarial;1;Q1_margin_south;False;;False;0;0;0;0.0;0.0038;;0;0;27
mcad;adversarial_wrong_year;adversarial;1;Q1_stockout_1997;False;;False;0;0;0;0.0;0.3213;False;0;0;27
baseline_naive;adversarial_wrong_year;adversarial;1;Q1_stockout_1997;False;;True;1;0;1;0.0;0.002;;0;0;27
baseline_measure_overlap;adversarial_wrong_year;adversarial;1;Q1_stockout_1997;False;;True;1;0;1;0.0;0.0294;;0;0;27
ablation_no_sat;adversarial_wrong_year;adversarial;1;Q1_stockout_1997;False;;False;0;0;0;0.0;0.2161;False;0;0;27
ablation_no_real;adversarial_wrong_year;adversarial;1;Q1_stockout_1997;False;;False;0;0;0;0.0;0.207;False;0;0;27
ablation_ceval_any_intersection;adversarial_wrong_year;adversarial;1;Q1_stockout_1997;False;;False;0;0;0;0.0;0.1964;False;0;0;27
baseline_random_matched;adversarial_wrong_year;adversarial;1;Q1_stockout_1997;False;;True;1;0;1;0.0;0.0057;;0;0;27
mcad;adversarial_invalid_no_measures;adversarial;1;Q1_invalid_no_measure;False;;False;0;0;0;0.0;0.096;False;0;0;27
baseline_naive;adversarial_invalid_no_measures;adversarial;1;Q1_invalid_no_measure;False;;True;1;0;1;0.0;0.0016;;0;0;27
baseline_measure_overlap;adversarial_invalid_no_measures;adversarial;1;Q1_invalid_no_measure;False;;False;0;0;0;0.0;0.0194;;0;0;27
ablation_no_sat;adversarial_invalid_no_measures;adversarial;1;Q1_invalid_no_measure;False;;False;0;0;0;0.0;0.1116;False;0;0;27
ablation_no_real;adversarial_invalid_no_measures;adversarial;1;Q1_invalid_no_measure;False;;False;0;0;0;0.0;0.1138;False;0;0;27
ablation_ceval_any_intersection;adversarial_invalid_no_measures;adversarial;1;Q1_invalid_no_measure;False;;False;0;0;0;0.0;0.0979;False;0;0;27
baseline_random_matched;adversarial_invalid_no_measures;adversarial;1;Q1_invalid_no_measure;False;;True;1;0;1;0.0;0.004;;0;0;27
mcad;stress_exploratory_then_useful;stress;1;Q1_noise_region;False;;False;0;0;0;0.0;0.2351;False;0;0;27
mcad;stress_exploratory_then_useful;stress;2;Q2_noise_margin_all;False;;False;0;0;0;0.0;0.1409;False;0;0;27
mcad;stress_exploratory_then_useful;stress;3;Q3_useful_margin;True;c1;True;0;0;0;0.333333;0.248;True;1;1;27
baseline_naive;stress_exploratory_then_useful;stress;1;Q1_noise_region;False;;True;1;0;1;0.0;0.0015;;0;0;27
baseline_naive;stress_exploratory_then_useful;stress;2;Q2_noise_margin_all;False;;True;1;0;1;0.0;0.0006;;0;0;27
baseline_naive;stress_exploratory_then_useful;stress;3;Q3_useful_margin;True;c1;True;0;0;0;0.333333;0.0003;;0;0;27
baseline_measure_overlap;stress_exploratory_then_useful;stress;1;Q1_noise_region;False;;True;1;0;1;0.0;0.019;;0;0;27
baseline_measure_overlap;stress_exploratory_then_useful;stress;2;Q2_noise_margin_all;False;;True;1;0;1;0.0;0.0055;;0;0;27
baseline_measure_overlap;stress_exploratory_then_useful;stress;3;Q3_useful_margin;True;c1;True;0;0;0;0.333333;0.0042;;0;0;27
ablation_no_sat;stress_exploratory_then_useful;stress;1;Q1_noise_region;False;;False;0;0;0;0.0;0.2738;False;0;0;27
ablation_no_sat;stress_exploratory_then_useful;stress;2;Q2_noise_margin_all;False;;False;0;0;0;0.0;0.1683;False;0;0;27
ablation_no_sat;stress_exploratory_then_useful;stress;3;Q3_useful_margin;True;c1;True;0;0;0;0.333333;0.2451;True;1;1;27
ablation_no_real;stress_exploratory_then_useful;stress;1;Q1_noise_region;False;;False;0;0;0;0.0;0.233;False;0;0;27
ablation_no_real;stress_exploratory_then_useful;stress;2;Q2_noise_margin_all;False;;False;0;0;0;0.0;0.234;False;0;0;27
ablation_no_real;stress_exploratory_then_useful;stress;3;Q3_useful_margin;True;c1;True;0;0;0;0.333333;0.2657;True;1;1;27
ablation_ceval_any_intersection;stress_exploratory_then_useful;stress;1;Q1_noise_region;False;;False;0;0;0;0.0;0.2649;False;0;0;27
ablation_ceval_any_intersection;stress_exploratory_then_useful;stress;2;Q2_noise_margin_all;False;;False;0;0;0;0.0;0.1447;False;0;0;27
ablation_ceval_any_intersection;stress_exploratory_then_useful;stress;3;Q3_useful_margin;True;c1;True;0;0;0;0.333333;0.2552;True;1;1;27
baseline_random_matched;stress_exploratory_then_useful;stress;1;Q1_noise_region;False;;False;0;0;0;0.0;0.004;;0;0;27
baseline_random_matched;stress_exploratory_then_useful;stress;2;Q2_noise_margin_all;False;;True;1;0;1;0.0;0.0009;;0;0;27
baseline_random_matched;stress_exploratory_then_useful;stress;3;Q3_useful_margin;True;c1;False;0;1;0;0.0;0.0005;;0;0;27
mcad;happy_guided_article_short;happy;1;Q1_margin_month;True;c1;True;0;0;0;0.333333;0.3054;True;1;1;28
mcad;happy_guided_article_short;happy;2;Q2_stockout_store;True;c2;True;0;0;0;0.666667;0.2422;True;1;1;28
mcad;happy_guided_article_short;happy;3;Q3_sales_growth;True;c3;True;0;0;0;1.0;0.3382;True;2;1;28
baseline_naive;happy_guided_article_short;happy;1;Q1_margin_month;True;c1;True;0;0;0;0.333333;0.0016;;0;0;28
baseline_naive;happy_guided_article_short;happy;2;Q2_stockout_store;True;c2;True;0;0;0;0.666667;0.0005;;0;0;28
baseline_naive;happy_guided_article_short;happy;3;Q3_sales_growth;True;c3;True;0;0;0;1.0;0.0004;;0;0;28
baseline_measure_overlap;happy_guided_article_short;happy;1;Q1_margin_month;True;c1;True;0;0;0;0.333333;0.0208;;0;0;28
baseline_measure_overlap;happy_guided_article_short;happy;2;Q2_stockout_store;True;c2;True;0;0;0;0.666667;0.0052;;0;0;28
baseline_measure_overlap;happy_guided_article_short;happy;3;Q3_sales_growth;True;c3;True;0;0;0;1.0;0.0042;;0;0;28
ablation_no_sat;happy_guided_article_short;happy;1;Q1_margin_month;True;c1;True;0;0;0;0.333333;0.3235;True;1;1;28
ablation_no_sat;happy_guided_article_short;happy;2;Q2_stockout_store;True;c2;True;0;0;0;0.666667;0.2428;True;1;1;28
ablation_no_sat;happy_guided_article_short;happy;3;Q3_sales_growth;True;c3;True;0;0;0;1.0;0.3275;True;2;1;28
ablation_no_real;happy_guided_article_short;happy;1;Q1_margin_month;True;c1;True;0;0;0;0.333333;0.3168;True;1;1;28
ablation_no_real;happy_guided_article_short;happy;2;Q2_stockout_store;True;c2;True;0;0;0;0.666667;0.3034;True;1;1;28
ablation_no_real;happy_guided_article_short;happy;3;Q3_sales_growth;True;c3;True;0;0;0;1.0;0.3507;True;2;1;28
ablation_ceval_any_intersection;happy_guided_article_short;happy;1;Q1_margin_month;True;c1;True;0;0;0;0.333333;0.304;True;1;1;28
ablation_ceval_any_intersection;happy_guided_article_short;happy;2;Q2_stockout_store;True;c2;True;0;0;0;0.666667;0.2535;True;1;1;28
ablation_ceval_any_intersection;happy_guided_article_short;happy;3;Q3_sales_growth;True;c3;True;0;0;0;1.0;0.3285;True;2;1;28
baseline_random_matched;happy_guided_article_short;happy;1;Q1_margin_month;True;c1;False;0;1;0;0.0;0.0044;;0;0;28
baseline_random_matched;happy_guided_article_short;happy;2;Q2_stockout_store;True;c2;True;0;0;0;0.333333;0.0006;;0;0;28
baseline_random_matched;happy_guided_article_short;happy;3;Q3_sales_growth;True;c3;False;0;1;0;0.333333;0.0005;;0;0;28
mcad;happy_guided_reordered;happy;1;Q1_sales_growth;True;c3;True;0;0;0;0.333333;0.3887;True;2;1;28
mcad;happy_guided_reordered;happy;2;Q2_margin_month;True;c1;True;0;0;0;0.666667;0.2573;True;1;1;28
mcad;happy_guided_reordered;happy;3;Q3_stockout_store;True;c2;True;0;0;0;1.0;0.2481;True;1;1;28
baseline_naive;happy_guided_reordered;happy;1;Q1_sales_growth;True;c3;True;0;0;0;0.333333;0.0018;;0;0;28
baseline_naive;happy_guided_reordered;happy;2;Q2_margin_month;True;c1;True;0;0;0;0.666667;0.0006;;0;0;28
baseline_naive;happy_guided_reordered;happy;3;Q3_stockout_store;True;c2;True;0;0;0;1.0;0.0004;;0;0;28
baseline_measure_overlap;happy_guided_reordered;happy;1;Q1_sales_growth;True;c3;True;0;0;0;0.333333;0.019;;0;0;28
baseline_measure_overlap;happy_guided_reordered;happy;2;Q2_margin_month;True;c1;True;0;0;0;0.666667;0.0053;;0;0;28
baseline_measure_overlap;happy_guided_reordered;happy;3;Q3_stockout_store;True;c2;True;0;0;0;1.0;0.0044;;0;0;28
ablation_no_sat;happy_guided_reordered;happy;1;Q1_sales_growth;True;c3;True;0;0;0;0.333333;0.736;True;2;1;28
ablation_no_sat;happy_guided_reordered;happy;2;Q2_margin_month;True;c1;True;0;0;0;0.666667;0.4676;True;1;1;28
ablation_no_sat;happy_guided_reordered;happy;3;Q3_stockout_store;True;c2;True;0;0;0;1.0;0.447;True;1;1;28
ablation_no_real;happy_guided_reordered;happy;1;Q1_sales_growth;True;c3;True;0;0;0;0.333333;0.402;True;2;1;28
ablation_no_real;happy_guided_reordered;happy;2;Q2_margin_month;True;c1;True;0;0;0;0.666667;0.2689;True;1;1;28
ablation_no_real;happy_guided_reordered;happy;3;Q3_stockout_store;True;c2;True;0;0;0;1.0;0.244;True;1;1;28
ablation_ceval_any_intersection;happy_guided_reordered;happy;1;Q1_sales_growth;True;c3;True;0;0;0;0.333333;0.3896;True;2;1;28
ablation_ceval_any_intersection;happy_guided_reordered;happy;2;Q2_margin_month;True;c1;True;0;0;0;0.666667;0.2424;True;1;1;28
ablation_ceval_any_intersection;happy_guided_reordered;happy;3;Q3_stockout_store;True;c2;True;0;0;0;1.0;0.2494;True;1;1;28
baseline_random_matched;happy_guided_reordered;happy;1;Q1_sales_growth;True;c3;False;0;1;0;0.0;0.0042;;0;0;28
baseline_random_matched;happy_guided_reordered;happy;2;Q2_margin_month;True;c1;True;0;0;0;0.333333;0.0006;;0;0;28
baseline_random_matched;happy_guided_reordered;happy;3;Q3_stockout_store;True;c2;True;0;0;0;0.666667;0.0005;;0;0;28
mcad;happy_guided_compact;happy;1;Q1_margin_month;True;c1;True;0;0;0;0.333333;0.3039;True;1;1;28
mcad;happy_guided_compact;happy;2;Q2_sales_growth;True;c3;True;0;0;0;0.666667;0.3309;True;2;1;28
mcad;happy_guided_compact;happy;3;Q3_stockout_store;True;c2;True;0;0;0;1.0;0.2485;True;1;1;28
baseline_naive;happy_guided_compact;happy;1;Q1_margin_month;True;c1;True;0;0;0;0.333333;0.0012;;0;0;28
baseline_naive;happy_guided_compact;happy;2;Q2_sales_growth;True;c3;True;0;0;0;0.666667;0.0005;;0;0;28
baseline_naive;happy_guided_compact;happy;3;Q3_stockout_store;True;c2;True;0;0;0;1.0;0.0004;;0;0;28
baseline_measure_overlap;happy_guided_compact;happy;1;Q1_margin_month;True;c1;True;0;0;0;0.333333;0.0207;;0;0;28
baseline_measure_overlap;happy_guided_compact;happy;2;Q2_sales_growth;True;c3;True;0;0;0;0.666667;0.0053;;0;0;28
baseline_measure_overlap;happy_guided_compact;happy;3;Q3_stockout_store;True;c2;True;0;0;0;1.0;0.0045;;0;0;28
ablation_no_sat;happy_guided_compact;happy;1;Q1_margin_month;True;c1;True;0;0;0;0.333333;0.3035;True;1;1;28
ablation_no_sat;happy_guided_compact;happy;2;Q2_sales_growth;True;c3;True;0;0;0;0.666667;0.3309;True;2;1;28
ablation_no_sat;happy_guided_compact;happy;3;Q3_stockout_store;True;c2;True;0;0;0;1.0;0.2482;True;1;1;28
ablation_no_real;happy_guided_compact;happy;1;Q1_margin_month;True;c1;True;0;0;0;0.333333;0.313;True;1;1;28
ablation_no_real;happy_guided_compact;happy;2;Q2_sales_growth;True;c3;True;0;0;0;0.666667;0.3383;True;2;1;28
ablation_no_real;happy_guided_compact;happy;3;Q3_stockout_store;True;c2;True;0;0;0;1.0;0.2546;True;1;1;28
ablation_ceval_any_intersection;happy_guided_compact;happy;1;Q1_margin_month;True;c1;True;0;0;0;0.333333;0.3101;True;1;1;28
ablation_ceval_any_intersection;happy_guided_compact;happy;2;Q2_sales_growth;True;c3;True;0;0;0;0.666667;0.3296;True;2;1;28
ablation_ceval_any_intersection;happy_guided_compact;happy;3;Q3_stockout_store;True;c2;True;0;0;0;1.0;0.2381;True;1;1;28
baseline_random_matched;happy_guided_compact;happy;1;Q1_margin_month;True;c1;False;0;1;0;0.0;0.0034;;0;0;28
baseline_random_matched;happy_guided_compact;happy;2;Q2_sales_growth;True;c3;True;0;0;0;0.333333;0.0007;;0;0;28
baseline_random_matched;happy_guided_compact;happy;3;Q3_stockout_store;True;c2;False;0;1;0;0.333333;0.0005;;0;0;28
mcad;border_growth_partial_1998_only;border;1;Q1_sales_1998_only;False;;False;0;0;0;0.0;0.3603;True;1;0;28
baseline_naive;border_growth_partial_1998_only;border;1;Q1_sales_1998_only;False;;True;1;0;1;0.0;0.0018;;0;0;28
baseline_measure_overlap;border_growth_partial_1998_only;border;1;Q1_sales_1998_only;False;;True;1;0;1;0.0;0.0199;;0;0;28
ablation_no_sat;border_growth_partial_1998_only;border;1;Q1_sales_1998_only;False;;False;0;0;0;0.0;0.4058;True;1;0;28
ablation_no_real;border_growth_partial_1998_only;border;1;Q1_sales_1998_only;False;;True;1;0;1;0.0;0.3829;True;1;0;28
ablation_ceval_any_intersection;border_growth_partial_1998_only;border;1;Q1_sales_1998_only;False;;True;1;0;1;0.0;0.3631;True;1;1;28
baseline_random_matched;border_growth_partial_1998_only;border;1;Q1_sales_1998_only;False;;True;1;0;1;0.0;0.0044;;0;0;28
mcad;border_margin_wrong_grain;border;1;Q1_margin_quarter_only;False;;False;0;0;0;0.0;0.2239;False;0;0;28
baseline_naive;border_margin_wrong_grain;border;1;Q1_margin_quarter_only;False;;True;1;0;1;0.0;0.0015;;0;0;28
baseline_measure_overlap;border_margin_wrong_grain;border;1;Q1_margin_quarter_only;False;;True;1;0;1;0.0;0.0198;;0;0;28
ablation_no_sat;border_margin_wrong_grain;border;1;Q1_margin_quarter_only;False;;False;0;0;0;0.0;0.2839;False;0;0;28
ablation_no_real;border_margin_wrong_grain;border;1;Q1_margin_quarter_only;False;;False;0;0;0;0.0;0.231;False;0;0;28
ablation_ceval_any_intersection;border_margin_wrong_grain;border;1;Q1_margin_quarter_only;False;;False;0;0;0;0.0;0.2445;False;0;0;28
baseline_random_matched;border_margin_wrong_grain;border;1;Q1_margin_quarter_only;False;;True;1;0;1;0.0;0.0043;;0;0;28
mcad;border_stockout_missing_store;border;1;Q1_stockout_category_only;False;;False;0;0;0;0.0;0.22;False;0;0;28
baseline_naive;border_stockout_missing_store;border;1;Q1_stockout_category_only;False;;True;1;0;1;0.0;0.0014;;0;0;28
baseline_measure_overlap;border_stockout_missing_store;border;1;Q1_stockout_category_only;False;;True;1;0;1;0.0;0.0266;;0;0;28
ablation_no_sat;border_stockout_missing_store;border;1;Q1_stockout_category_only;False;;False;0;0;0;0.0;0.302;False;0;0;28
ablation_no_real;border_stockout_missing_store;border;1;Q1_stockout_category_only;False;;False;0;0;0;0.0;0.2294;False;0;0;28
ablation_ceval_any_intersection;border_stockout_missing_store;border;1;Q1_stockout_category_only;False;;False;0;0;0;0.0;0.2202;False;0;0;28
baseline_random_matched;border_stockout_missing_store;border;1;Q1_stockout_category_only;False;;False;0;0;0;0.0;0.0042;;0;0;28
mcad;adversarial_wrong_region;adversarial;1;Q1_margin_south;False;;False;0;0;0;0.0;0.1964;False;0;0;28
baseline_naive;adversarial_wrong_region;adversarial;1;Q1_margin_south;False;;True;1;0;1;0.0;0.0014;;0;0;28
baseline_measure_overlap;adversarial_wrong_region;adversarial;1;Q1_margin_south;False;;True;1;0;1;0.0;0.0199;;0;0;28
ablation_no_sat;adversarial_wrong_region;adversarial;1;Q1_margin_south;False;;False;0;0;0;0.0;0.2567;False;0;0;28
ablation_no_real;adversarial_wrong_region;adversarial;1;Q1_margin_south;False;;False;0;0;0;0.0;0.3439;False;0;0;28
ablation_ceval_any_intersection;adversarial_wrong_region;adversarial;1;Q1_margin_south;False;;False;0;0;0;0.0;0.4385;False;0;0;28
baseline_random_matched;adversarial_wrong_region;adversarial;1;Q1_margin_south;False;;True;1;0;1;0.0;0.0042;;0;0;28
mcad;adversarial_wrong_year;adversarial;1;Q1_stockout_1997;False;;False;0;0;0;0.0;0.1932;False;0;0;28
baseline_naive;adversarial_wrong_year;adversarial;1;Q1_stockout_1997;False;;True;1;0;1;0.0;0.0018;;0;0;28
baseline_measure_overlap;adversarial_wrong_year;adversarial;1;Q1_stockout_1997;False;;True;1;0;1;0.0;0.0194;;0;0;28
ablation_no_sat;adversarial_wrong_year;adversarial;1;Q1_stockout_1997;False;;False;0;0;0;0.0;0.2289;False;0;0;28
ablation_no_real;adversarial_wrong_year;adversarial;1;Q1_stockout_1997;False;;False;0;0;0;0.0;0.1981;False;0;0;28
ablation_ceval_any_intersection;adversarial_wrong_year;adversarial;1;Q1_stockout_1997;False;;False;0;0;0;0.0;0.1923;False;0;0;28
baseline_random_matched;adversarial_wrong_year;adversarial;1;Q1_stockout_1997;False;;True;1;0;1;0.0;0.0044;;0;0;28
mcad;adversarial_invalid_no_measures;adversarial;1;Q1_invalid_no_measure;False;;False;0;0;0;0.0;0.0983;False;0;0;28
baseline_naive;adversarial_invalid_no_measures;adversarial;1;Q1_invalid_no_measure;False;;True;1;0;1;0.0;0.0017;;0;0;28
baseline_measure_overlap;adversarial_invalid_no_measures;adversarial;1;Q1_invalid_no_measure;False;;False;0;0;0;0.0;0.0199;;0;0;28
ablation_no_sat;adversarial_invalid_no_measures;adversarial;1;Q1_invalid_no_measure;False;;False;0;0;0;0.0;0.11;False;0;0;28
ablation_no_real;adversarial_invalid_no_measures;adversarial;1;Q1_invalid_no_measure;False;;False;0;0;0;0.0;0.1041;False;0;0;28
ablation_ceval_any_intersection;adversarial_invalid_no_measures;adversarial;1;Q1_invalid_no_measure;False;;False;0;0;0;0.0;0.0941;False;0;0;28
baseline_random_matched;adversarial_invalid_no_measures;adversarial;1;Q1_invalid_no_measure;False;;True;1;0;1;0.0;0.0047;;0;0;28
mcad;stress_exploratory_then_useful;stress;1;Q1_noise_region;False;;False;0;0;0;0.0;0.2241;False;0;0;28
mcad;stress_exploratory_then_useful;stress;2;Q2_noise_margin_all;False;;False;0;0;0;0.0;0.1535;False;0;0;28
mcad;stress_exploratory_then_useful;stress;3;Q3_useful_margin;True;c1;True;0;0;0;0.333333;0.2551;True;1;1;28
baseline_naive;stress_exploratory_then_useful;stress;1;Q1_noise_region;False;;True;1;0;1;0.0;0.0028;;0;0;28
baseline_naive;stress_exploratory_then_useful;stress;2;Q2_noise_margin_all;False;;True;1;0;1;0.0;0.0006;;0;0;28
baseline_naive;stress_exploratory_then_useful;stress;3;Q3_useful_margin;True;c1;True;0;0;0;0.333333;0.0006;;0;0;28
baseline_measure_overlap;stress_exploratory_then_useful;stress;1;Q1_noise_region;False;;True;1;0;1;0.0;0.0284;;0;0;28
baseline_measure_overlap;stress_exploratory_then_useful;stress;2;Q2_noise_margin_all;False;;True;1;0;1;0.0;0.009;;0;0;28
baseline_measure_overlap;stress_exploratory_then_useful;stress;3;Q3_useful_margin;True;c1;True;0;0;0;0.333333;0.0078;;0;0;28
ablation_no_sat;stress_exploratory_then_useful;stress;1;Q1_noise_region;False;;False;0;0;0;0.0;0.2827;False;0;0;28
ablation_no_sat;stress_exploratory_then_useful;stress;2;Q2_noise_margin_all;False;;False;0;0;0;0.0;0.1847;False;0;0;28
ablation_no_sat;stress_exploratory_then_useful;stress;3;Q3_useful_margin;True;c1;True;0;0;0;0.333333;0.2504;True;1;1;28
ablation_no_real;stress_exploratory_then_useful;stress;1;Q1_noise_region;False;;False;0;0;0;0.0;0.2686;False;0;0;28
ablation_no_real;stress_exploratory_then_useful;stress;2;Q2_noise_margin_all;False;;False;0;0;0;0.0;0.1507;False;0;0;28
ablation_no_real;stress_exploratory_then_useful;stress;3;Q3_useful_margin;True;c1;True;0;0;0;0.333333;0.2669;True;1;1;28
ablation_ceval_any_intersection;stress_exploratory_then_useful;stress;1;Q1_noise_region;False;;False;0;0;0;0.0;0.2262;False;0;0;28
ablation_ceval_any_intersection;stress_exploratory_then_useful;stress;2;Q2_noise_margin_all;False;;False;0;0;0;0.0;0.1461;False;0;0;28
ablation_ceval_any_intersection;stress_exploratory_then_useful;stress;3;Q3_useful_margin;True;c1;True;0;0;0;0.333333;0.2595;True;1;1;28
baseline_random_matched;stress_exploratory_then_useful;stress;1;Q1_noise_region;False;;True;1;0;1;0.0;0.0046;;0;0;28
baseline_random_matched;stress_exploratory_then_useful;stress;2;Q2_noise_margin_all;False;;True;1;0;1;0.0;0.0006;;0;0;28
baseline_random_matched;stress_exploratory_then_useful;stress;3;Q3_useful_margin;True;c1;True;0;0;0;0.333333;0.0007;;0;0;28
mcad;happy_guided_article_short;happy;1;Q1_margin_month;True;c1;True;0;0;0;0.333333;0.3113;True;1;1;29
mcad;happy_guided_article_short;happy;2;Q2_stockout_store;True;c2;True;0;0;0;0.666667;0.2575;True;1;1;29
mcad;happy_guided_article_short;happy;3;Q3_sales_growth;True;c3;True;0;0;0;1.0;0.3338;True;2;1;29
baseline_naive;happy_guided_article_short;happy;1;Q1_margin_month;True;c1;True;0;0;0;0.333333;0.0019;;0;0;29
baseline_naive;happy_guided_article_short;happy;2;Q2_stockout_store;True;c2;True;0;0;0;0.666667;0.0004;;0;0;29
baseline_naive;happy_guided_article_short;happy;3;Q3_sales_growth;True;c3;True;0;0;0;1.0;0.0003;;0;0;29
baseline_measure_overlap;happy_guided_article_short;happy;1;Q1_margin_month;True;c1;True;0;0;0;0.333333;0.0192;;0;0;29
baseline_measure_overlap;happy_guided_article_short;happy;2;Q2_stockout_store;True;c2;True;0;0;0;0.666667;0.0057;;0;0;29
baseline_measure_overlap;happy_guided_article_short;happy;3;Q3_sales_growth;True;c3;True;0;0;0;1.0;0.0043;;0;0;29
ablation_no_sat;happy_guided_article_short;happy;1;Q1_margin_month;True;c1;True;0;0;0;0.333333;0.3081;True;1;1;29
ablation_no_sat;happy_guided_article_short;happy;2;Q2_stockout_store;True;c2;True;0;0;0;0.666667;0.2559;True;1;1;29
ablation_no_sat;happy_guided_article_short;happy;3;Q3_sales_growth;True;c3;True;0;0;0;1.0;0.3298;True;2;1;29
ablation_no_real;happy_guided_article_short;happy;1;Q1_margin_month;True;c1;True;0;0;0;0.333333;0.3145;True;1;1;29
ablation_no_real;happy_guided_article_short;happy;2;Q2_stockout_store;True;c2;True;0;0;0;0.666667;0.2614;True;1;1;29
ablation_no_real;happy_guided_article_short;happy;3;Q3_sales_growth;True;c3;True;0;0;0;1.0;0.3362;True;2;1;29
ablation_ceval_any_intersection;happy_guided_article_short;happy;1;Q1_margin_month;True;c1;True;0;0;0;0.333333;0.3035;True;1;1;29
ablation_ceval_any_intersection;happy_guided_article_short;happy;2;Q2_stockout_store;True;c2;True;0;0;0;0.666667;0.2423;True;1;1;29
ablation_ceval_any_intersection;happy_guided_article_short;happy;3;Q3_sales_growth;True;c3;True;0;0;0;1.0;0.3373;True;2;1;29
baseline_random_matched;happy_guided_article_short;happy;1;Q1_margin_month;True;c1;True;0;0;0;0.333333;0.0045;;0;0;29
baseline_random_matched;happy_guided_article_short;happy;2;Q2_stockout_store;True;c2;False;0;1;0;0.333333;0.0007;;0;0;29
baseline_random_matched;happy_guided_article_short;happy;3;Q3_sales_growth;True;c3;True;0;0;0;0.666667;0.0004;;0;0;29
mcad;happy_guided_reordered;happy;1;Q1_sales_growth;True;c3;True;0;0;0;0.333333;0.688;True;2;1;29
mcad;happy_guided_reordered;happy;2;Q2_margin_month;True;c1;True;0;0;0;0.666667;0.4997;True;1;1;29
mcad;happy_guided_reordered;happy;3;Q3_stockout_store;True;c2;True;0;0;0;1.0;0.4684;True;1;1;29
baseline_naive;happy_guided_reordered;happy;1;Q1_sales_growth;True;c3;True;0;0;0;0.333333;0.0022;;0;0;29
baseline_naive;happy_guided_reordered;happy;2;Q2_margin_month;True;c1;True;0;0;0;0.666667;0.0007;;0;0;29
baseline_naive;happy_guided_reordered;happy;3;Q3_stockout_store;True;c2;True;0;0;0;1.0;0.0005;;0;0;29
baseline_measure_overlap;happy_guided_reordered;happy;1;Q1_sales_growth;True;c3;True;0;0;0;0.333333;0.0277;;0;0;29
baseline_measure_overlap;happy_guided_reordered;happy;2;Q2_margin_month;True;c1;True;0;0;0;0.666667;0.0093;;0;0;29
baseline_measure_overlap;happy_guided_reordered;happy;3;Q3_stockout_store;True;c2;True;0;0;0;1.0;0.0089;;0;0;29
ablation_no_sat;happy_guided_reordered;happy;1;Q1_sales_growth;True;c3;True;0;0;0;0.333333;0.4018;True;2;1;29
ablation_no_sat;happy_guided_reordered;happy;2;Q2_margin_month;True;c1;True;0;0;0;0.666667;0.2482;True;1;1;29
ablation_no_sat;happy_guided_reordered;happy;3;Q3_stockout_store;True;c2;True;0;0;0;1.0;0.2524;True;1;1;29
ablation_no_real;happy_guided_reordered;happy;1;Q1_sales_growth;True;c3;True;0;0;0;0.333333;0.4023;True;2;1;29
ablation_no_real;happy_guided_reordered;happy;2;Q2_margin_month;True;c1;True;0;0;0;0.666667;0.2548;True;1;1;29
ablation_no_real;happy_guided_reordered;happy;3;Q3_stockout_store;True;c2;True;0;0;0;1.0;0.2524;True;1;1;29
ablation_ceval_any_intersection;happy_guided_reordered;happy;1;Q1_sales_growth;True;c3;True;0;0;0;0.333333;0.3882;True;2;1;29
ablation_ceval_any_intersection;happy_guided_reordered;happy;2;Q2_margin_month;True;c1;True;0;0;0;0.666667;0.2473;True;1;1;29
ablation_ceval_any_intersection;happy_guided_reordered;happy;3;Q3_stockout_store;True;c2;True;0;0;0;1.0;0.274;True;1;1;29
baseline_random_matched;happy_guided_reordered;happy;1;Q1_sales_growth;True;c3;False;0;1;0;0.0;0.0045;;0;0;29
baseline_random_matched;happy_guided_reordered;happy;2;Q2_margin_month;True;c1;True;0;0;0;0.333333;0.0008;;0;0;29
baseline_random_matched;happy_guided_reordered;happy;3;Q3_stockout_store;True;c2;True;0;0;0;0.666667;0.0005;;0;0;29
mcad;happy_guided_compact;happy;1;Q1_margin_month;True;c1;True;0;0;0;0.333333;0.3245;True;1;1;29
mcad;happy_guided_compact;happy;2;Q2_sales_growth;True;c3;True;0;0;0;0.666667;0.3407;True;2;1;29
mcad;happy_guided_compact;happy;3;Q3_stockout_store;True;c2;True;0;0;0;1.0;0.242;True;1;1;29
baseline_naive;happy_guided_compact;happy;1;Q1_margin_month;True;c1;True;0;0;0;0.333333;0.0021;;0;0;29
baseline_naive;happy_guided_compact;happy;2;Q2_sales_growth;True;c3;True;0;0;0;0.666667;0.0004;;0;0;29
baseline_naive;happy_guided_compact;happy;3;Q3_stockout_store;True;c2;True;0;0;0;1.0;0.0003;;0;0;29
baseline_measure_overlap;happy_guided_compact;happy;1;Q1_margin_month;True;c1;True;0;0;0;0.333333;0.0186;;0;0;29
baseline_measure_overlap;happy_guided_compact;happy;2;Q2_sales_growth;True;c3;True;0;0;0;0.666667;0.0055;;0;0;29
baseline_measure_overlap;happy_guided_compact;happy;3;Q3_stockout_store;True;c2;True;0;0;0;1.0;0.0044;;0;0;29
ablation_no_sat;happy_guided_compact;happy;1;Q1_margin_month;True;c1;True;0;0;0;0.333333;0.3111;True;1;1;29
ablation_no_sat;happy_guided_compact;happy;2;Q2_sales_growth;True;c3;True;0;0;0;0.666667;0.3484;True;2;1;29
ablation_no_sat;happy_guided_compact;happy;3;Q3_stockout_store;True;c2;True;0;0;0;1.0;0.2437;True;1;1;29
ablation_no_real;happy_guided_compact;happy;1;Q1_margin_month;True;c1;True;0;0;0;0.333333;0.3303;True;1;1;29
ablation_no_real;happy_guided_compact;happy;2;Q2_sales_growth;True;c3;True;0;0;0;0.666667;0.3583;True;2;1;29
ablation_no_real;happy_guided_compact;happy;3;Q3_stockout_store;True;c2;True;0;0;0;1.0;0.2484;True;1;1;29
ablation_ceval_any_intersection;happy_guided_compact;happy;1;Q1_margin_month;True;c1;True;0;0;0;0.333333;0.3033;True;1;1;29
ablation_ceval_any_intersection;happy_guided_compact;happy;2;Q2_sales_growth;True;c3;True;0;0;0;0.666667;0.3461;True;2;1;29
ablation_ceval_any_intersection;happy_guided_compact;happy;3;Q3_stockout_store;True;c2;True;0;0;0;1.0;0.2396;True;1;1;29
baseline_random_matched;happy_guided_compact;happy;1;Q1_margin_month;True;c1;True;0;0;0;0.333333;0.0044;;0;0;29
baseline_random_matched;happy_guided_compact;happy;2;Q2_sales_growth;True;c3;True;0;0;0;0.666667;0.0008;;0;0;29
baseline_random_matched;happy_guided_compact;happy;3;Q3_stockout_store;True;c2;False;0;1;0;0.666667;0.0005;;0;0;29
mcad;border_growth_partial_1998_only;border;1;Q1_sales_1998_only;False;;False;0;0;0;0.0;0.3773;True;1;0;29
baseline_naive;border_growth_partial_1998_only;border;1;Q1_sales_1998_only;False;;True;1;0;1;0.0;0.0014;;0;0;29
baseline_measure_overlap;border_growth_partial_1998_only;border;1;Q1_sales_1998_only;False;;True;1;0;1;0.0;0.019;;0;0;29
ablation_no_sat;border_growth_partial_1998_only;border;1;Q1_sales_1998_only;False;;False;0;0;0;0.0;0.3766;True;1;0;29
ablation_no_real;border_growth_partial_1998_only;border;1;Q1_sales_1998_only;False;;True;1;0;1;0.0;0.3681;True;1;0;29
ablation_ceval_any_intersection;border_growth_partial_1998_only;border;1;Q1_sales_1998_only;False;;True;1;0;1;0.0;0.359;True;1;1;29
baseline_random_matched;border_growth_partial_1998_only;border;1;Q1_sales_1998_only;False;;False;0;0;0;0.0;0.0034;;0;0;29
mcad;border_margin_wrong_grain;border;1;Q1_margin_quarter_only;False;;False;0;0;0;0.0;0.2247;False;0;0;29
baseline_naive;border_margin_wrong_grain;border;1;Q1_margin_quarter_only;False;;True;1;0;1;0.0;0.0014;;0;0;29
baseline_measure_overlap;border_margin_wrong_grain;border;1;Q1_margin_quarter_only;False;;True;1;0;1;0.0;0.0182;;0;0;29
ablation_no_sat;border_margin_wrong_grain;border;1;Q1_margin_quarter_only;False;;False;0;0;0;0.0;0.293;False;0;0;29
ablation_no_real;border_margin_wrong_grain;border;1;Q1_margin_quarter_only;False;;False;0;0;0;0.0;0.233;False;0;0;29
ablation_ceval_any_intersection;border_margin_wrong_grain;border;1;Q1_margin_quarter_only;False;;False;0;0;0;0.0;0.2327;False;0;0;29
baseline_random_matched;border_margin_wrong_grain;border;1;Q1_margin_quarter_only;False;;True;1;0;1;0.0;0.004;;0;0;29
mcad;border_stockout_missing_store;border;1;Q1_stockout_category_only;False;;False;0;0;0;0.0;0.222;False;0;0;29
baseline_naive;border_stockout_missing_store;border;1;Q1_stockout_category_only;False;;True;1;0;1;0.0;0.0016;;0;0;29
baseline_measure_overlap;border_stockout_missing_store;border;1;Q1_stockout_category_only;False;;True;1;0;1;0.0;0.0214;;0;0;29
ablation_no_sat;border_stockout_missing_store;border;1;Q1_stockout_category_only;False;;False;0;0;0;0.0;0.2814;False;0;0;29
ablation_no_real;border_stockout_missing_store;border;1;Q1_stockout_category_only;False;;False;0;0;0;0.0;0.244;False;0;0;29
ablation_ceval_any_intersection;border_stockout_missing_store;border;1;Q1_stockout_category_only;False;;False;0;0;0;0.0;0.2245;False;0;0;29
baseline_random_matched;border_stockout_missing_store;border;1;Q1_stockout_category_only;False;;False;0;0;0;0.0;0.0039;;0;0;29
mcad;adversarial_wrong_region;adversarial;1;Q1_margin_south;False;;False;0;0;0;0.0;0.2173;False;0;0;29
baseline_naive;adversarial_wrong_region;adversarial;1;Q1_margin_south;False;;True;1;0;1;0.0;0.0016;;0;0;29
baseline_measure_overlap;adversarial_wrong_region;adversarial;1;Q1_margin_south;False;;True;1;0;1;0.0;0.0191;;0;0;29
ablation_no_sat;adversarial_wrong_region;adversarial;1;Q1_margin_south;False;;False;0;0;0;0.0;0.2305;False;0;0;29
ablation_no_real;adversarial_wrong_region;adversarial;1;Q1_margin_south;False;;False;0;0;0;0.0;0.2315;False;0;0;29
ablation_ceval_any_intersection;adversarial_wrong_region;adversarial;1;Q1_margin_south;False;;False;0;0;0;0.0;0.1949;False;0;0;29
baseline_random_matched;adversarial_wrong_region;adversarial;1;Q1_margin_south;False;;False;0;0;0;0.0;0.0041;;0;0;29
mcad;adversarial_wrong_year;adversarial;1;Q1_stockout_1997;False;;False;0;0;0;0.0;0.1912;False;0;0;29
baseline_naive;adversarial_wrong_year;adversarial;1;Q1_stockout_1997;False;;True;1;0;1;0.0;0.0014;;0;0;29
baseline_measure_overlap;adversarial_wrong_year;adversarial;1;Q1_stockout_1997;False;;True;1;0;1;0.0;0.0208;;0;0;29
ablation_no_sat;adversarial_wrong_year;adversarial;1;Q1_stockout_1997;False;;False;0;0;0;0.0;0.2122;False;0;0;29
ablation_no_real;adversarial_wrong_year;adversarial;1;Q1_stockout_1997;False;;False;0;0;0;0.0;0.3213;False;0;0;29
ablation_ceval_any_intersection;adversarial_wrong_year;adversarial;1;Q1_stockout_1997;False;;False;0;0;0;0.0;0.194;False;0;0;29
baseline_random_matched;adversarial_wrong_year;adversarial;1;Q1_stockout_1997;False;;False;0;0;0;0.0;0.0042;;0;0;29
mcad;adversarial_invalid_no_measures;adversarial;1;Q1_invalid_no_measure;False;;False;0;0;0;0.0;0.096;False;0;0;29
baseline_naive;adversarial_invalid_no_measures;adversarial;1;Q1_invalid_no_measure;False;;True;1;0;1;0.0;0.0016;;0;0;29
baseline_measure_overlap;adversarial_invalid_no_measures;adversarial;1;Q1_invalid_no_measure;False;;False;0;0;0;0.0;0.0207;;0;0;29
ablation_no_sat;adversarial_invalid_no_measures;adversarial;1;Q1_invalid_no_measure;False;;False;0;0;0;0.0;0.1099;False;0;0;29
ablation_no_real;adversarial_invalid_no_measures;adversarial;1;Q1_invalid_no_measure;False;;False;0;0;0;0.0;0.1075;False;0;0;29
ablation_ceval_any_intersection;adversarial_invalid_no_measures;adversarial;1;Q1_invalid_no_measure;False;;False;0;0;0;0.0;0.097;False;0;0;29
baseline_random_matched;adversarial_invalid_no_measures;adversarial;1;Q1_invalid_no_measure;False;;False;0;0;0;0.0;0.0037;;0;0;29
mcad;stress_exploratory_then_useful;stress;1;Q1_noise_region;False;;False;0;0;0;0.0;0.3921;False;0;0;29
mcad;stress_exploratory_then_useful;stress;2;Q2_noise_margin_all;False;;False;0;0;0;0.0;0.1485;False;0;0;29
mcad;stress_exploratory_then_useful;stress;3;Q3_useful_margin;True;c1;True;0;0;0;0.333333;0.2538;True;1;1;29
baseline_naive;stress_exploratory_then_useful;stress;1;Q1_noise_region;False;;True;1;0;1;0.0;0.0014;;0;0;29
baseline_naive;stress_exploratory_then_useful;stress;2;Q2_noise_margin_all;False;;True;1;0;1;0.0;0.0005;;0;0;29
baseline_naive;stress_exploratory_then_useful;stress;3;Q3_useful_margin;True;c1;True;0;0;0;0.333333;0.0003;;0;0;29
baseline_measure_overlap;stress_exploratory_then_useful;stress;1;Q1_noise_region;False;;True;1;0;1;0.0;0.0191;;0;0;29
baseline_measure_overlap;stress_exploratory_then_useful;stress;2;Q2_noise_margin_all;False;;True;1;0;1;0.0;0.0052;;0;0;29
baseline_measure_overlap;stress_exploratory_then_useful;stress;3;Q3_useful_margin;True;c1;True;0;0;0;0.333333;0.0045;;0;0;29
ablation_no_sat;stress_exploratory_then_useful;stress;1;Q1_noise_region;False;;False;0;0;0;0.0;0.2596;False;0;0;29
ablation_no_sat;stress_exploratory_then_useful;stress;2;Q2_noise_margin_all;False;;False;0;0;0;0.0;0.1709;False;0;0;29
ablation_no_sat;stress_exploratory_then_useful;stress;3;Q3_useful_margin;True;c1;True;0;0;0;0.333333;0.257;True;1;1;29
ablation_no_real;stress_exploratory_then_useful;stress;1;Q1_noise_region;False;;False;0;0;0;0.0;0.2428;False;0;0;29
ablation_no_real;stress_exploratory_then_useful;stress;2;Q2_noise_margin_all;False;;False;0;0;0;0.0;0.1548;False;0;0;29
ablation_no_real;stress_exploratory_then_useful;stress;3;Q3_useful_margin;True;c1;True;0;0;0;0.333333;0.2757;True;1;1;29
ablation_ceval_any_intersection;stress_exploratory_then_useful;stress;1;Q1_noise_region;False;;False;0;0;0;0.0;0.2242;False;0;0;29
ablation_ceval_any_intersection;stress_exploratory_then_useful;stress;2;Q2_noise_margin_all;False;;False;0;0;0;0.0;0.1423;False;0;0;29
ablation_ceval_any_intersection;stress_exploratory_then_useful;stress;3;Q3_useful_margin;True;c1;True;0;0;0;0.333333;0.258;True;1;1;29
baseline_random_matched;stress_exploratory_then_useful;stress;1;Q1_noise_region;False;;True;1;0;1;0.0;0.0044;;0;0;29
baseline_random_matched;stress_exploratory_then_useful;stress;2;Q2_noise_margin_all;False;;False;0;0;0;0.0;0.0007;;0;0;29
baseline_random_matched;stress_exploratory_then_useful;stress;3;Q3_useful_margin;True;c1;True;0;0;0;0.333333;0.0005;;0;0;29
mcad;happy_guided_article_short;happy;1;Q1_margin_month;True;c1;True;0;0;0;0.333333;0.3078;True;1;1;30
mcad;happy_guided_article_short;happy;2;Q2_stockout_store;True;c2;True;0;0;0;0.666667;0.2441;True;1;1;30
mcad;happy_guided_article_short;happy;3;Q3_sales_growth;True;c3;True;0;0;0;1.0;0.3394;True;2;1;30
baseline_naive;happy_guided_article_short;happy;1;Q1_margin_month;True;c1;True;0;0;0;0.333333;0.0227;;0;0;30
baseline_naive;happy_guided_article_short;happy;2;Q2_stockout_store;True;c2;True;0;0;0;0.666667;0.0008;;0;0;30
baseline_naive;happy_guided_article_short;happy;3;Q3_sales_growth;True;c3;True;0;0;0;1.0;0.0006;;0;0;30
baseline_measure_overlap;happy_guided_article_short;happy;1;Q1_margin_month;True;c1;True;0;0;0;0.333333;0.0285;;0;0;30
baseline_measure_overlap;happy_guided_article_short;happy;2;Q2_stockout_store;True;c2;True;0;0;0;0.666667;0.0093;;0;0;30
baseline_measure_overlap;happy_guided_article_short;happy;3;Q3_sales_growth;True;c3;True;0;0;0;1.0;0.0073;;0;0;30
ablation_no_sat;happy_guided_article_short;happy;1;Q1_margin_month;True;c1;True;0;0;0;0.333333;0.3228;True;1;1;30
ablation_no_sat;happy_guided_article_short;happy;2;Q2_stockout_store;True;c2;True;0;0;0;0.666667;0.2451;True;1;1;30
ablation_no_sat;happy_guided_article_short;happy;3;Q3_sales_growth;True;c3;True;0;0;0;1.0;0.3316;True;2;1;30
ablation_no_real;happy_guided_article_short;happy;1;Q1_margin_month;True;c1;True;0;0;0;0.333333;0.3252;True;1;1;30
ablation_no_real;happy_guided_article_short;happy;2;Q2_stockout_store;True;c2;True;0;0;0;0.666667;0.2488;True;1;1;30
ablation_no_real;happy_guided_article_short;happy;3;Q3_sales_growth;True;c3;True;0;0;0;1.0;0.3336;True;2;1;30
ablation_ceval_any_intersection;happy_guided_article_short;happy;1;Q1_margin_month;True;c1;True;0;0;0;0.333333;0.3125;True;1;1;30
ablation_ceval_any_intersection;happy_guided_article_short;happy;2;Q2_stockout_store;True;c2;True;0;0;0;0.666667;0.2412;True;1;1;30
ablation_ceval_any_intersection;happy_guided_article_short;happy;3;Q3_sales_growth;True;c3;True;0;0;0;1.0;0.3261;True;2;1;30
baseline_random_matched;happy_guided_article_short;happy;1;Q1_margin_month;True;c1;True;0;0;0;0.333333;0.0044;;0;0;30
baseline_random_matched;happy_guided_article_short;happy;2;Q2_stockout_store;True;c2;False;0;1;0;0.333333;0.0007;;0;0;30
baseline_random_matched;happy_guided_article_short;happy;3;Q3_sales_growth;True;c3;True;0;0;0;0.666667;0.0004;;0;0;30
mcad;happy_guided_reordered;happy;1;Q1_sales_growth;True;c3;True;0;0;0;0.333333;0.3894;True;2;1;30
mcad;happy_guided_reordered;happy;2;Q2_margin_month;True;c1;True;0;0;0;0.666667;0.258;True;1;1;30
mcad;happy_guided_reordered;happy;3;Q3_stockout_store;True;c2;True;0;0;0;1.0;0.2377;True;1;1;30
baseline_naive;happy_guided_reordered;happy;1;Q1_sales_growth;True;c3;True;0;0;0;0.333333;0.0014;;0;0;30
baseline_naive;happy_guided_reordered;happy;2;Q2_margin_month;True;c1;True;0;0;0;0.666667;0.0005;;0;0;30
baseline_naive;happy_guided_reordered;happy;3;Q3_stockout_store;True;c2;True;0;0;0;1.0;0.0003;;0;0;30
baseline_measure_overlap;happy_guided_reordered;happy;1;Q1_sales_growth;True;c3;True;0;0;0;0.333333;0.018;;0;0;30
baseline_measure_overlap;happy_guided_reordered;happy;2;Q2_margin_month;True;c1;True;0;0;0;0.666667;0.0052;;0;0;30
baseline_measure_overlap;happy_guided_reordered;happy;3;Q3_stockout_store;True;c2;True;0;0;0;1.0;0.0047;;0;0;30
ablation_no_sat;happy_guided_reordered;happy;1;Q1_sales_growth;True;c3;True;0;0;0;0.333333;0.3947;True;2;1;30
ablation_no_sat;happy_guided_reordered;happy;2;Q2_margin_month;True;c1;True;0;0;0;0.666667;0.2787;True;1;1;30
ablation_no_sat;happy_guided_reordered;happy;3;Q3_stockout_store;True;c2;True;0;0;0;1.0;0.2389;True;1;1;30
ablation_no_real;happy_guided_reordered;happy;1;Q1_sales_growth;True;c3;True;0;0;0;0.333333;0.3961;True;2;1;30
ablation_no_real;happy_guided_reordered;happy;2;Q2_margin_month;True;c1;True;0;0;0;0.666667;0.3254;True;1;1;30
ablation_no_real;happy_guided_reordered;happy;3;Q3_stockout_store;True;c2;True;0;0;0;1.0;0.248;True;1;1;30
ablation_ceval_any_intersection;happy_guided_reordered;happy;1;Q1_sales_growth;True;c3;True;0;0;0;0.333333;0.3834;True;2;1;30
ablation_ceval_any_intersection;happy_guided_reordered;happy;2;Q2_margin_month;True;c1;True;0;0;0;0.666667;0.2441;True;1;1;30
ablation_ceval_any_intersection;happy_guided_reordered;happy;3;Q3_stockout_store;True;c2;True;0;0;0;1.0;0.2453;True;1;1;30
baseline_random_matched;happy_guided_reordered;happy;1;Q1_sales_growth;True;c3;True;0;0;0;0.333333;0.0041;;0;0;30
baseline_random_matched;happy_guided_reordered;happy;2;Q2_margin_month;True;c1;False;0;1;0;0.333333;0.0007;;0;0;30
baseline_random_matched;happy_guided_reordered;happy;3;Q3_stockout_store;True;c2;True;0;0;0;0.666667;0.0004;;0;0;30
mcad;happy_guided_compact;happy;1;Q1_margin_month;True;c1;True;0;0;0;0.333333;0.3672;True;1;1;30
mcad;happy_guided_compact;happy;2;Q2_sales_growth;True;c3;True;0;0;0;0.666667;0.4068;True;2;1;30
mcad;happy_guided_compact;happy;3;Q3_stockout_store;True;c2;True;0;0;0;1.0;0.241;True;1;1;30
baseline_naive;happy_guided_compact;happy;1;Q1_margin_month;True;c1;True;0;0;0;0.333333;0.0015;;0;0;30
baseline_naive;happy_guided_compact;happy;2;Q2_sales_growth;True;c3;True;0;0;0;0.666667;0.0005;;0;0;30
baseline_naive;happy_guided_compact;happy;3;Q3_stockout_store;True;c2;True;0;0;0;1.0;0.0003;;0;0;30
baseline_measure_overlap;happy_guided_compact;happy;1;Q1_margin_month;True;c1;True;0;0;0;0.333333;0.0188;;0;0;30
baseline_measure_overlap;happy_guided_compact;happy;2;Q2_sales_growth;True;c3;True;0;0;0;0.666667;0.0052;;0;0;30
baseline_measure_overlap;happy_guided_compact;happy;3;Q3_stockout_store;True;c2;True;0;0;0;1.0;0.0042;;0;0;30
ablation_no_sat;happy_guided_compact;happy;1;Q1_margin_month;True;c1;True;0;0;0;0.333333;0.3088;True;1;1;30
ablation_no_sat;happy_guided_compact;happy;2;Q2_sales_growth;True;c3;True;0;0;0;0.666667;0.3467;True;2;1;30
ablation_no_sat;happy_guided_compact;happy;3;Q3_stockout_store;True;c2;True;0;0;0;1.0;0.239;True;1;1;30
ablation_no_real;happy_guided_compact;happy;1;Q1_margin_month;True;c1;True;0;0;0;0.333333;0.3182;True;1;1;30
ablation_no_real;happy_guided_compact;happy;2;Q2_sales_growth;True;c3;True;0;0;0;0.666667;0.3803;True;2;1;30
ablation_no_real;happy_guided_compact;happy;3;Q3_stockout_store;True;c2;True;0;0;0;1.0;0.2465;True;1;1;30
ablation_ceval_any_intersection;happy_guided_compact;happy;1;Q1_margin_month;True;c1;True;0;0;0;0.333333;0.3027;True;1;1;30
ablation_ceval_any_intersection;happy_guided_compact;happy;2;Q2_sales_growth;True;c3;True;0;0;0;0.666667;0.3325;True;2;1;30
ablation_ceval_any_intersection;happy_guided_compact;happy;3;Q3_stockout_store;True;c2;True;0;0;0;1.0;0.2391;True;1;1;30
baseline_random_matched;happy_guided_compact;happy;1;Q1_margin_month;True;c1;False;0;1;0;0.0;0.0056;;0;0;30
baseline_random_matched;happy_guided_compact;happy;2;Q2_sales_growth;True;c3;False;0;1;0;0.0;0.0012;;0;0;30
baseline_random_matched;happy_guided_compact;happy;3;Q3_stockout_store;True;c2;True;0;0;0;0.333333;0.0009;;0;0;30
mcad;border_growth_partial_1998_only;border;1;Q1_sales_1998_only;False;;False;0;0;0;0.0;0.6172;True;1;0;30
baseline_naive;border_growth_partial_1998_only;border;1;Q1_sales_1998_only;False;;True;1;0;1;0.0;0.0014;;0;0;30
baseline_measure_overlap;border_growth_partial_1998_only;border;1;Q1_sales_1998_only;False;;True;1;0;1;0.0;0.0206;;0;0;30
ablation_no_sat;border_growth_partial_1998_only;border;1;Q1_sales_1998_only;False;;False;0;0;0;0.0;0.364;True;1;0;30
ablation_no_real;border_growth_partial_1998_only;border;1;Q1_sales_1998_only;False;;True;1;0;1;0.0;0.3752;True;1;0;30
ablation_ceval_any_intersection;border_growth_partial_1998_only;border;1;Q1_sales_1998_only;False;;True;1;0;1;0.0;0.361;True;1;1;30
baseline_random_matched;border_growth_partial_1998_only;border;1;Q1_sales_1998_only;False;;False;0;0;0;0.0;0.004;;0;0;30
mcad;border_margin_wrong_grain;border;1;Q1_margin_quarter_only;False;;False;0;0;0;0.0;0.2319;False;0;0;30
baseline_naive;border_margin_wrong_grain;border;1;Q1_margin_quarter_only;False;;True;1;0;1;0.0;0.0015;;0;0;30
baseline_measure_overlap;border_margin_wrong_grain;border;1;Q1_margin_quarter_only;False;;True;1;0;1;0.0;0.0214;;0;0;30
ablation_no_sat;border_margin_wrong_grain;border;1;Q1_margin_quarter_only;False;;False;0;0;0;0.0;0.3155;False;0;0;30
ablation_no_real;border_margin_wrong_grain;border;1;Q1_margin_quarter_only;False;;False;0;0;0;0.0;0.2301;False;0;0;30
ablation_ceval_any_intersection;border_margin_wrong_grain;border;1;Q1_margin_quarter_only;False;;False;0;0;0;0.0;0.2182;False;0;0;30
baseline_random_matched;border_margin_wrong_grain;border;1;Q1_margin_quarter_only;False;;False;0;0;0;0.0;0.0043;;0;0;30
mcad;border_stockout_missing_store;border;1;Q1_stockout_category_only;False;;False;0;0;0;0.0;0.4057;False;0;0;30
baseline_naive;border_stockout_missing_store;border;1;Q1_stockout_category_only;False;;True;1;0;1;0.0;0.0024;;0;0;30
baseline_measure_overlap;border_stockout_missing_store;border;1;Q1_stockout_category_only;False;;True;1;0;1;0.0;0.1171;;0;0;30
ablation_no_sat;border_stockout_missing_store;border;1;Q1_stockout_category_only;False;;False;0;0;0;0.0;0.6236;False;0;0;30
ablation_no_real;border_stockout_missing_store;border;1;Q1_stockout_category_only;False;;False;0;0;0;0.0;0.3614;False;0;0;30
ablation_ceval_any_intersection;border_stockout_missing_store;border;1;Q1_stockout_category_only;False;;False;0;0;0;0.0;0.3821;False;0;0;30
baseline_random_matched;border_stockout_missing_store;border;1;Q1_stockout_category_only;False;;True;1;0;1;0.0;0.0059;;0;0;30
mcad;adversarial_wrong_region;adversarial;1;Q1_margin_south;False;;False;0;0;0;0.0;0.3329;False;0;0;30
baseline_naive;adversarial_wrong_region;adversarial;1;Q1_margin_south;False;;True;1;0;1;0.0;0.0016;;0;0;30
baseline_measure_overlap;adversarial_wrong_region;adversarial;1;Q1_margin_south;False;;True;1;0;1;0.0;0.0201;;0;0;30
ablation_no_sat;adversarial_wrong_region;adversarial;1;Q1_margin_south;False;;False;0;0;0;0.0;0.2424;False;0;0;30
ablation_no_real;adversarial_wrong_region;adversarial;1;Q1_margin_south;False;;False;0;0;0;0.0;0.2022;False;0;0;30
ablation_ceval_any_intersection;adversarial_wrong_region;adversarial;1;Q1_margin_south;False;;False;0;0;0;0.0;0.1964;False;0;0;30
baseline_random_matched;adversarial_wrong_region;adversarial;1;Q1_margin_south;False;;True;1;0;1;0.0;0.004;;0;0;30
mcad;adversarial_wrong_year;adversarial;1;Q1_stockout_1997;False;;False;0;0;0;0.0;0.1933;False;0;0;30
baseline_naive;adversarial_wrong_year;adversarial;1;Q1_stockout_1997;False;;True;1;0;1;0.0;0.0016;;0;0;30
baseline_measure_overlap;adversarial_wrong_year;adversarial;1;Q1_stockout_1997;False;;True;1;0;1;0.0;0.0203;;0;0;30
ablation_no_sat;adversarial_wrong_year;adversarial;1;Q1_stockout_1997;False;;False;0;0;0;0.0;0.2158;False;0;0;30
ablation_no_real;adversarial_wrong_year;adversarial;1;Q1_stockout_1997;False;;False;0;0;0;0.0;0.2035;False;0;0;30
ablation_ceval_any_intersection;adversarial_wrong_year;adversarial;1;Q1_stockout_1997;False;;False;0;0;0;0.0;0.2011;False;0;0;30
baseline_random_matched;adversarial_wrong_year;adversarial;1;Q1_stockout_1997;False;;True;1;0;1;0.0;0.004;;0;0;30
mcad;adversarial_invalid_no_measures;adversarial;1;Q1_invalid_no_measure;False;;False;0;0;0;0.0;0.0964;False;0;0;30
baseline_naive;adversarial_invalid_no_measures;adversarial;1;Q1_invalid_no_measure;False;;True;1;0;1;0.0;0.0015;;0;0;30
baseline_measure_overlap;adversarial_invalid_no_measures;adversarial;1;Q1_invalid_no_measure;False;;False;0;0;0;0.0;0.0186;;0;0;30
ablation_no_sat;adversarial_invalid_no_measures;adversarial;1;Q1_invalid_no_measure;False;;False;0;0;0;0.0;0.1105;False;0;0;30
ablation_no_real;adversarial_invalid_no_measures;adversarial;1;Q1_invalid_no_measure;False;;False;0;0;0;0.0;0.1036;False;0;0;30
ablation_ceval_any_intersection;adversarial_invalid_no_measures;adversarial;1;Q1_invalid_no_measure;False;;False;0;0;0;0.0;0.0972;False;0;0;30
baseline_random_matched;adversarial_invalid_no_measures;adversarial;1;Q1_invalid_no_measure;False;;False;0;0;0;0.0;0.0038;;0;0;30
mcad;stress_exploratory_then_useful;stress;1;Q1_noise_region;False;;False;0;0;0;0.0;0.2222;False;0;0;30
mcad;stress_exploratory_then_useful;stress;2;Q2_noise_margin_all;False;;False;0;0;0;0.0;0.1394;False;0;0;30
mcad;stress_exploratory_then_useful;stress;3;Q3_useful_margin;True;c1;True;0;0;0;0.333333;0.2479;True;1;1;30
baseline_naive;stress_exploratory_then_useful;stress;1;Q1_noise_region;False;;True;1;0;1;0.0;0.0015;;0;0;30
baseline_naive;stress_exploratory_then_useful;stress;2;Q2_noise_margin_all;False;;True;1;0;1;0.0;0.0006;;0;0;30
baseline_naive;stress_exploratory_then_useful;stress;3;Q3_useful_margin;True;c1;True;0;0;0;0.333333;0.0004;;0;0;30
baseline_measure_overlap;stress_exploratory_then_useful;stress;1;Q1_noise_region;False;;True;1;0;1;0.0;0.0195;;0;0;30
baseline_measure_overlap;stress_exploratory_then_useful;stress;2;Q2_noise_margin_all;False;;True;1;0;1;0.0;0.0055;;0;0;30
baseline_measure_overlap;stress_exploratory_then_useful;stress;3;Q3_useful_margin;True;c1;True;0;0;0;0.333333;0.0043;;0;0;30
ablation_no_sat;stress_exploratory_then_useful;stress;1;Q1_noise_region;False;;False;0;0;0;0.0;0.2565;False;0;0;30
ablation_no_sat;stress_exploratory_then_useful;stress;2;Q2_noise_margin_all;False;;False;0;0;0;0.0;0.1687;False;0;0;30
ablation_no_sat;stress_exploratory_then_useful;stress;3;Q3_useful_margin;True;c1;True;0;0;0;0.333333;0.2535;True;1;1;30
ablation_no_real;stress_exploratory_then_useful;stress;1;Q1_noise_region;False;;False;0;0;0;0.0;0.276;False;0;0;30
ablation_no_real;stress_exploratory_then_useful;stress;2;Q2_noise_margin_all;False;;False;0;0;0;0.0;0.1502;False;0;0;30
ablation_no_real;stress_exploratory_then_useful;stress;3;Q3_useful_margin;True;c1;True;0;0;0;0.333333;0.2565;True;1;1;30
ablation_ceval_any_intersection;stress_exploratory_then_useful;stress;1;Q1_noise_region;False;;False;0;0;0;0.0;0.2329;False;0;0;30
ablation_ceval_any_intersection;stress_exploratory_then_useful;stress;2;Q2_noise_margin_all;False;;False;0;0;0;0.0;0.1425;False;0;0;30
ablation_ceval_any_intersection;stress_exploratory_then_useful;stress;3;Q3_useful_margin;True;c1;True;0;0;0;0.333333;0.2472;True;1;1;30
baseline_random_matched;stress_exploratory_then_useful;stress;1;Q1_noise_region;False;;True;1;0;1;0.0;0.0041;;0;0;30
baseline_random_matched;stress_exploratory_then_useful;stress;2;Q2_noise_margin_all;False;;True;1;0;1;0.0;0.0007;;0;0;30
baseline_random_matched;stress_exploratory_then_useful;stress;3;Q3_useful_margin;True;c1;False;0;1;0;0.0;0.0005;;0;0;30
mcad;happy_guided_article_short;happy;1;Q1_margin_month;True;c1;True;0;0;0;0.333333;0.3176;True;1;1;31
mcad;happy_guided_article_short;happy;2;Q2_stockout_store;True;c2;True;0;0;0;0.666667;0.2449;True;1;1;31
mcad;happy_guided_article_short;happy;3;Q3_sales_growth;True;c3;True;0;0;0;1.0;0.3309;True;2;1;31
baseline_naive;happy_guided_article_short;happy;1;Q1_margin_month;True;c1;True;0;0;0;0.333333;0.0016;;0;0;31
baseline_naive;happy_guided_article_short;happy;2;Q2_stockout_store;True;c2;True;0;0;0;0.666667;0.0005;;0;0;31
baseline_naive;happy_guided_article_short;happy;3;Q3_sales_growth;True;c3;True;0;0;0;1.0;0.0003;;0;0;31
baseline_measure_overlap;happy_guided_article_short;happy;1;Q1_margin_month;True;c1;True;0;0;0;0.333333;0.02;;0;0;31
baseline_measure_overlap;happy_guided_article_short;happy;2;Q2_stockout_store;True;c2;True;0;0;0;0.666667;0.0054;;0;0;31
baseline_measure_overlap;happy_guided_article_short;happy;3;Q3_sales_growth;True;c3;True;0;0;0;1.0;0.0044;;0;0;31
ablation_no_sat;happy_guided_article_short;happy;1;Q1_margin_month;True;c1;True;0;0;0;0.333333;0.309;True;1;1;31
ablation_no_sat;happy_guided_article_short;happy;2;Q2_stockout_store;True;c2;True;0;0;0;0.666667;0.2561;True;1;1;31
ablation_no_sat;happy_guided_article_short;happy;3;Q3_sales_growth;True;c3;True;0;0;0;1.0;0.4141;True;2;1;31
ablation_no_real;happy_guided_article_short;happy;1;Q1_margin_month;True;c1;True;0;0;0;0.333333;0.3129;True;1;1;31
ablation_no_real;happy_guided_article_short;happy;2;Q2_stockout_store;True;c2;True;0;0;0;0.666667;0.2601;True;1;1;31
ablation_no_real;happy_guided_article_short;happy;3;Q3_sales_growth;True;c3;True;0;0;0;1.0;0.3339;True;2;1;31
ablation_ceval_any_intersection;happy_guided_article_short;happy;1;Q1_margin_month;True;c1;True;0;0;0;0.333333;0.3071;True;1;1;31
ablation_ceval_any_intersection;happy_guided_article_short;happy;2;Q2_stockout_store;True;c2;True;0;0;0;0.666667;0.2611;True;1;1;31
ablation_ceval_any_intersection;happy_guided_article_short;happy;3;Q3_sales_growth;True;c3;True;0;0;0;1.0;0.4325;True;2;1;31
baseline_random_matched;happy_guided_article_short;happy;1;Q1_margin_month;True;c1;False;0;1;0;0.0;0.0036;;0;0;31
baseline_random_matched;happy_guided_article_short;happy;2;Q2_stockout_store;True;c2;False;0;1;0;0.0;0.0007;;0;0;31
baseline_random_matched;happy_guided_article_short;happy;3;Q3_sales_growth;True;c3;False;0;1;0;0.0;0.0004;;0;0;31
mcad;happy_guided_reordered;happy;1;Q1_sales_growth;True;c3;True;0;0;0;0.333333;0.3891;True;2;1;31
mcad;happy_guided_reordered;happy;2;Q2_margin_month;True;c1;True;0;0;0;0.666667;0.2562;True;1;1;31
mcad;happy_guided_reordered;happy;3;Q3_stockout_store;True;c2;True;0;0;0;1.0;0.2393;True;1;1;31
baseline_naive;happy_guided_reordered;happy;1;Q1_sales_growth;True;c3;True;0;0;0;0.333333;0.0015;;0;0;31
baseline_naive;happy_guided_reordered;happy;2;Q2_margin_month;True;c1;True;0;0;0;0.666667;0.0005;;0;0;31
baseline_naive;happy_guided_reordered;happy;3;Q3_stockout_store;True;c2;True;0;0;0;1.0;0.0003;;0;0;31
baseline_measure_overlap;happy_guided_reordered;happy;1;Q1_sales_growth;True;c3;True;0;0;0;0.333333;0.0192;;0;0;31
baseline_measure_overlap;happy_guided_reordered;happy;2;Q2_margin_month;True;c1;True;0;0;0;0.666667;0.0052;;0;0;31
baseline_measure_overlap;happy_guided_reordered;happy;3;Q3_stockout_store;True;c2;True;0;0;0;1.0;0.0044;;0;0;31
ablation_no_sat;happy_guided_reordered;happy;1;Q1_sales_growth;True;c3;True;0;0;0;0.333333;0.3921;True;2;1;31
ablation_no_sat;happy_guided_reordered;happy;2;Q2_margin_month;True;c1;True;0;0;0;0.666667;0.2579;True;1;1;31
ablation_no_sat;happy_guided_reordered;happy;3;Q3_stockout_store;True;c2;True;0;0;0;1.0;0.2405;True;1;1;31
ablation_no_real;happy_guided_reordered;happy;1;Q1_sales_growth;True;c3;True;0;0;0;0.333333;0.3961;True;2;1;31
ablation_no_real;happy_guided_reordered;happy;2;Q2_margin_month;True;c1;True;0;0;0;0.666667;0.252;True;1;1;31
ablation_no_real;happy_guided_reordered;happy;3;Q3_stockout_store;True;c2;True;0;0;0;1.0;0.2536;True;1;1;31
ablation_ceval_any_intersection;happy_guided_reordered;happy;1;Q1_sales_growth;True;c3;True;0;0;0;0.333333;0.3905;True;2;1;31
ablation_ceval_any_intersection;happy_guided_reordered;happy;2;Q2_margin_month;True;c1;True;0;0;0;0.666667;0.2464;True;1;1;31
ablation_ceval_any_intersection;happy_guided_reordered;happy;3;Q3_stockout_store;True;c2;True;0;0;0;1.0;0.2392;True;1;1;31
baseline_random_matched;happy_guided_reordered;happy;1;Q1_sales_growth;True;c3;False;0;1;0;0.0;0.0045;;0;0;31
baseline_random_matched;happy_guided_reordered;happy;2;Q2_margin_month;True;c1;True;0;0;0;0.333333;0.0007;;0;0;31
baseline_random_matched;happy_guided_reordered;happy;3;Q3_stockout_store;True;c2;True;0;0;0;0.666667;0.0004;;0;0;31
mcad;happy_guided_compact;happy;1;Q1_margin_month;True;c1;True;0;0;0;0.333333;0.3093;True;1;1;31
mcad;happy_guided_compact;happy;2;Q2_sales_growth;True;c3;True;0;0;0;0.666667;0.3337;True;2;1;31
mcad;happy_guided_compact;happy;3;Q3_stockout_store;True;c2;True;0;0;0;1.0;0.2672;True;1;1;31
baseline_naive;happy_guided_compact;happy;1;Q1_margin_month;True;c1;True;0;0;0;0.333333;0.0015;;0;0;31
baseline_naive;happy_guided_compact;happy;2;Q2_sales_growth;True;c3;True;0;0;0;0.666667;0.0005;;0;0;31
baseline_naive;happy_guided_compact;happy;3;Q3_stockout_store;True;c2;True;0;0;0;1.0;0.0003;;0;0;31
baseline_measure_overlap;happy_guided_compact;happy;1;Q1_margin_month;True;c1;True;0;0;0;0.333333;0.0193;;0;0;31
baseline_measure_overlap;happy_guided_compact;happy;2;Q2_sales_growth;True;c3;True;0;0;0;0.666667;0.0051;;0;0;31
baseline_measure_overlap;happy_guided_compact;happy;3;Q3_stockout_store;True;c2;True;0;0;0;1.0;0.0044;;0;0;31
ablation_no_sat;happy_guided_compact;happy;1;Q1_margin_month;True;c1;True;0;0;0;0.333333;0.3082;True;1;1;31
ablation_no_sat;happy_guided_compact;happy;2;Q2_sales_growth;True;c3;True;0;0;0;0.666667;0.3337;True;2;1;31
ablation_no_sat;happy_guided_compact;happy;3;Q3_stockout_store;True;c2;True;0;0;0;1.0;0.2491;True;1;1;31
ablation_no_real;happy_guided_compact;happy;1;Q1_margin_month;True;c1;True;0;0;0;0.333333;0.3145;True;1;1;31
ablation_no_real;happy_guided_compact;happy;2;Q2_sales_growth;True;c3;True;0;0;0;0.666667;0.3388;True;2;1;31
ablation_no_real;happy_guided_compact;happy;3;Q3_stockout_store;True;c2;True;0;0;0;1.0;0.2532;True;1;1;31
ablation_ceval_any_intersection;happy_guided_compact;happy;1;Q1_margin_month;True;c1;True;0;0;0;0.333333;0.3378;True;1;1;31
ablation_ceval_any_intersection;happy_guided_compact;happy;2;Q2_sales_growth;True;c3;True;0;0;0;0.666667;0.3333;True;2;1;31
ablation_ceval_any_intersection;happy_guided_compact;happy;3;Q3_stockout_store;True;c2;True;0;0;0;1.0;0.2367;True;1;1;31
baseline_random_matched;happy_guided_compact;happy;1;Q1_margin_month;True;c1;True;0;0;0;0.333333;0.0045;;0;0;31
baseline_random_matched;happy_guided_compact;happy;2;Q2_sales_growth;True;c3;False;0;1;0;0.333333;0.0007;;0;0;31
baseline_random_matched;happy_guided_compact;happy;3;Q3_stockout_store;True;c2;True;0;0;0;0.666667;0.0005;;0;0;31
mcad;border_growth_partial_1998_only;border;1;Q1_sales_1998_only;False;;False;0;0;0;0.0;0.3659;True;1;0;31
baseline_naive;border_growth_partial_1998_only;border;1;Q1_sales_1998_only;False;;True;1;0;1;0.0;0.0016;;0;0;31
baseline_measure_overlap;border_growth_partial_1998_only;border;1;Q1_sales_1998_only;False;;True;1;0;1;0.0;0.0189;;0;0;31
ablation_no_sat;border_growth_partial_1998_only;border;1;Q1_sales_1998_only;False;;False;0;0;0;0.0;0.3747;True;1;0;31
ablation_no_real;border_growth_partial_1998_only;border;1;Q1_sales_1998_only;False;;True;1;0;1;0.0;0.3778;True;1;0;31
ablation_ceval_any_intersection;border_growth_partial_1998_only;border;1;Q1_sales_1998_only;False;;True;1;0;1;0.0;0.3727;True;1;1;31
baseline_random_matched;border_growth_partial_1998_only;border;1;Q1_sales_1998_only;False;;True;1;0;1;0.0;0.004;;0;0;31
mcad;border_margin_wrong_grain;border;1;Q1_margin_quarter_only;False;;False;0;0;0;0.0;0.2233;False;0;0;31
baseline_naive;border_margin_wrong_grain;border;1;Q1_margin_quarter_only;False;;True;1;0;1;0.0;0.0015;;0;0;31
baseline_measure_overlap;border_margin_wrong_grain;border;1;Q1_margin_quarter_only;False;;True;1;0;1;0.0;0.0197;;0;0;31
ablation_no_sat;border_margin_wrong_grain;border;1;Q1_margin_quarter_only;False;;False;0;0;0;0.0;0.2834;False;0;0;31
ablation_no_real;border_margin_wrong_grain;border;1;Q1_margin_quarter_only;False;;False;0;0;0;0.0;0.2268;False;0;0;31
ablation_ceval_any_intersection;border_margin_wrong_grain;border;1;Q1_margin_quarter_only;False;;False;0;0;0;0.0;0.2215;False;0;0;31
baseline_random_matched;border_margin_wrong_grain;border;1;Q1_margin_quarter_only;False;;True;1;0;1;0.0;0.0041;;0;0;31
mcad;border_stockout_missing_store;border;1;Q1_stockout_category_only;False;;False;0;0;0;0.0;0.2215;False;0;0;31
baseline_naive;border_stockout_missing_store;border;1;Q1_stockout_category_only;False;;True;1;0;1;0.0;0.0013;;0;0;31
baseline_measure_overlap;border_stockout_missing_store;border;1;Q1_stockout_category_only;False;;True;1;0;1;0.0;0.0204;;0;0;31
ablation_no_sat;border_stockout_missing_store;border;1;Q1_stockout_category_only;False;;False;0;0;0;0.0;0.5401;False;0;0;31
ablation_no_real;border_stockout_missing_store;border;1;Q1_stockout_category_only;False;;False;0;0;0;0.0;0.2307;False;0;0;31
ablation_ceval_any_intersection;border_stockout_missing_store;border;1;Q1_stockout_category_only;False;;False;0;0;0;0.0;0.2343;False;0;0;31
baseline_random_matched;border_stockout_missing_store;border;1;Q1_stockout_category_only;False;;False;0;0;0;0.0;0.0051;;0;0;31
mcad;adversarial_wrong_region;adversarial;1;Q1_margin_south;False;;False;0;0;0;0.0;0.1988;False;0;0;31
baseline_naive;adversarial_wrong_region;adversarial;1;Q1_margin_south;False;;True;1;0;1;0.0;0.0022;;0;0;31
baseline_measure_overlap;adversarial_wrong_region;adversarial;1;Q1_margin_south;False;;True;1;0;1;0.0;0.02;;0;0;31
ablation_no_sat;adversarial_wrong_region;adversarial;1;Q1_margin_south;False;;False;0;0;0;0.0;0.2294;False;0;0;31
ablation_no_real;adversarial_wrong_region;adversarial;1;Q1_margin_south;False;;False;0;0;0;0.0;0.2054;False;0;0;31
ablation_ceval_any_intersection;adversarial_wrong_region;adversarial;1;Q1_margin_south;False;;False;0;0;0;0.0;0.1962;False;0;0;31
baseline_random_matched;adversarial_wrong_region;adversarial;1;Q1_margin_south;False;;True;1;0;1;0.0;0.0043;;0;0;31
mcad;adversarial_wrong_year;adversarial;1;Q1_stockout_1997;False;;False;0;0;0;0.0;0.2012;False;0;0;31
baseline_naive;adversarial_wrong_year;adversarial;1;Q1_stockout_1997;False;;True;1;0;1;0.0;0.0014;;0;0;31
baseline_measure_overlap;adversarial_wrong_year;adversarial;1;Q1_stockout_1997;False;;True;1;0;1;0.0;0.0197;;0;0;31
ablation_no_sat;adversarial_wrong_year;adversarial;1;Q1_stockout_1997;False;;False;0;0;0;0.0;0.2118;False;0;0;31
ablation_no_real;adversarial_wrong_year;adversarial;1;Q1_stockout_1997;False;;False;0;0;0;0.0;0.2076;False;0;0;31
ablation_ceval_any_intersection;adversarial_wrong_year;adversarial;1;Q1_stockout_1997;False;;False;0;0;0;0.0;0.1903;False;0;0;31
baseline_random_matched;adversarial_wrong_year;adversarial;1;Q1_stockout_1997;False;;False;0;0;0;0.0;0.0042;;0;0;31
mcad;adversarial_invalid_no_measures;adversarial;1;Q1_invalid_no_measure;False;;False;0;0;0;0.0;0.0953;False;0;0;31
baseline_naive;adversarial_invalid_no_measures;adversarial;1;Q1_invalid_no_measure;False;;True;1;0;1;0.0;0.0013;;0;0;31
baseline_measure_overlap;adversarial_invalid_no_measures;adversarial;1;Q1_invalid_no_measure;False;;False;0;0;0;0.0;0.0198;;0;0;31
ablation_no_sat;adversarial_invalid_no_measures;adversarial;1;Q1_invalid_no_measure;False;;False;0;0;0;0.0;0.1118;False;0;0;31
ablation_no_real;adversarial_invalid_no_measures;adversarial;1;Q1_invalid_no_measure;False;;False;0;0;0;0.0;0.1052;False;0;0;31
ablation_ceval_any_intersection;adversarial_invalid_no_measures;adversarial;1;Q1_invalid_no_measure;False;;False;0;0;0;0.0;0.0925;False;0;0;31
baseline_random_matched;adversarial_invalid_no_measures;adversarial;1;Q1_invalid_no_measure;False;;True;1;0;1;0.0;0.0042;;0;0;31
mcad;stress_exploratory_then_useful;stress;1;Q1_noise_region;False;;False;0;0;0;0.0;0.222;False;0;0;31
mcad;stress_exploratory_then_useful;stress;2;Q2_noise_margin_all;False;;False;0;0;0;0.0;0.1425;False;0;0;31
mcad;stress_exploratory_then_useful;stress;3;Q3_useful_margin;True;c1;True;0;0;0;0.333333;0.2511;True;1;1;31
baseline_naive;stress_exploratory_then_useful;stress;1;Q1_noise_region;False;;True;1;0;1;0.0;0.0017;;0;0;31
baseline_naive;stress_exploratory_then_useful;stress;2;Q2_noise_margin_all;False;;True;1;0;1;0.0;0.0006;;0;0;31
baseline_naive;stress_exploratory_then_useful;stress;3;Q3_useful_margin;True;c1;True;0;0;0;0.333333;0.0003;;0;0;31
baseline_measure_overlap;stress_exploratory_then_useful;stress;1;Q1_noise_region;False;;True;1;0;1;0.0;0.0191;;0;0;31
baseline_measure_overlap;stress_exploratory_then_useful;stress;2;Q2_noise_margin_all;False;;True;1;0;1;0.0;0.0052;;0;0;31
baseline_measure_overlap;stress_exploratory_then_useful;stress;3;Q3_useful_margin;True;c1;True;0;0;0;0.333333;0.0045;;0;0;31
ablation_no_sat;stress_exploratory_then_useful;stress;1;Q1_noise_region;False;;False;0;0;0;0.0;0.2654;False;0;0;31
ablation_no_sat;stress_exploratory_then_useful;stress;2;Q2_noise_margin_all;False;;False;0;0;0;0.0;0.1701;False;0;0;31
ablation_no_sat;stress_exploratory_then_useful;stress;3;Q3_useful_margin;True;c1;True;0;0;0;0.333333;0.247;True;1;1;31
ablation_no_real;stress_exploratory_then_useful;stress;1;Q1_noise_region;False;;False;0;0;0;0.0;0.2296;False;0;0;31
ablation_no_real;stress_exploratory_then_useful;stress;2;Q2_noise_margin_all;False;;False;0;0;0;0.0;0.1563;False;0;0;31
ablation_no_real;stress_exploratory_then_useful;stress;3;Q3_useful_margin;True;c1;True;0;0;0;0.333333;0.252;True;1;1;31
ablation_ceval_any_intersection;stress_exploratory_then_useful;stress;1;Q1_noise_region;False;;False;0;0;0;0.0;0.2231;False;0;0;31
ablation_ceval_any_intersection;stress_exploratory_then_useful;stress;2;Q2_noise_margin_all;False;;False;0;0;0;0.0;0.1419;False;0;0;31
ablation_ceval_any_intersection;stress_exploratory_then_useful;stress;3;Q3_useful_margin;True;c1;True;0;0;0;0.333333;0.2448;True;1;1;31
baseline_random_matched;stress_exploratory_then_useful;stress;1;Q1_noise_region;False;;True;1;0;1;0.0;0.0045;;0;0;31
baseline_random_matched;stress_exploratory_then_useful;stress;2;Q2_noise_margin_all;False;;True;1;0;1;0.0;0.0007;;0;0;31
baseline_random_matched;stress_exploratory_then_useful;stress;3;Q3_useful_margin;True;c1;False;0;1;0;0.0;0.0005;;0;0;31
mcad;happy_guided_article_short;happy;1;Q1_margin_month;True;c1;True;0;0;0;0.333333;0.3169;True;1;1;32
mcad;happy_guided_article_short;happy;2;Q2_stockout_store;True;c2;True;0;0;0;0.666667;0.2435;True;1;1;32
mcad;happy_guided_article_short;happy;3;Q3_sales_growth;True;c3;True;0;0;0;1.0;0.3256;True;2;1;32
baseline_naive;happy_guided_article_short;happy;1;Q1_margin_month;True;c1;True;0;0;0;0.333333;0.0015;;0;0;32
baseline_naive;happy_guided_article_short;happy;2;Q2_stockout_store;True;c2;True;0;0;0;0.666667;0.0005;;0;0;32
baseline_naive;happy_guided_article_short;happy;3;Q3_sales_growth;True;c3;True;0;0;0;1.0;0.0005;;0;0;32
baseline_measure_overlap;happy_guided_article_short;happy;1;Q1_margin_month;True;c1;True;0;0;0;0.333333;0.0186;;0;0;32
baseline_measure_overlap;happy_guided_article_short;happy;2;Q2_stockout_store;True;c2;True;0;0;0;0.666667;0.0055;;0;0;32
baseline_measure_overlap;happy_guided_article_short;happy;3;Q3_sales_growth;True;c3;True;0;0;0;1.0;0.0044;;0;0;32
ablation_no_sat;happy_guided_article_short;happy;1;Q1_margin_month;True;c1;True;0;0;0;0.333333;0.3112;True;1;1;32
ablation_no_sat;happy_guided_article_short;happy;2;Q2_stockout_store;True;c2;True;0;0;0;0.666667;0.2509;True;1;1;32
ablation_no_sat;happy_guided_article_short;happy;3;Q3_sales_growth;True;c3;True;0;0;0;1.0;0.3255;True;2;1;32
ablation_no_real;happy_guided_article_short;happy;1;Q1_margin_month;True;c1;True;0;0;0;0.333333;0.3214;True;1;1;32
ablation_no_real;happy_guided_article_short;happy;2;Q2_stockout_store;True;c2;True;0;0;0;0.666667;0.2739;True;1;1;32
ablation_no_real;happy_guided_article_short;happy;3;Q3_sales_growth;True;c3;True;0;0;0;1.0;0.3612;True;2;1;32
ablation_ceval_any_intersection;happy_guided_article_short;happy;1;Q1_margin_month;True;c1;True;0;0;0;0.333333;0.4003;True;1;1;32
ablation_ceval_any_intersection;happy_guided_article_short;happy;2;Q2_stockout_store;True;c2;True;0;0;0;0.666667;0.266;True;1;1;32
ablation_ceval_any_intersection;happy_guided_article_short;happy;3;Q3_sales_growth;True;c3;True;0;0;0;1.0;0.3429;True;2;1;32
baseline_random_matched;happy_guided_article_short;happy;1;Q1_margin_month;True;c1;True;0;0;0;0.333333;0.0044;;0;0;32
baseline_random_matched;happy_guided_article_short;happy;2;Q2_stockout_store;True;c2;False;0;1;0;0.333333;0.0007;;0;0;32
baseline_random_matched;happy_guided_article_short;happy;3;Q3_sales_growth;True;c3;False;0;1;0;0.333333;0.0005;;0;0;32
mcad;happy_guided_reordered;happy;1;Q1_sales_growth;True;c3;True;0;0;0;0.333333;0.3974;True;2;1;32
mcad;happy_guided_reordered;happy;2;Q2_margin_month;True;c1;True;0;0;0;0.666667;0.2557;True;1;1;32
mcad;happy_guided_reordered;happy;3;Q3_stockout_store;True;c2;True;0;0;0;1.0;0.2653;True;1;1;32
baseline_naive;happy_guided_reordered;happy;1;Q1_sales_growth;True;c3;True;0;0;0;0.333333;0.0021;;0;0;32
baseline_naive;happy_guided_reordered;happy;2;Q2_margin_month;True;c1;True;0;0;0;0.666667;0.0005;;0;0;32
baseline_naive;happy_guided_reordered;happy;3;Q3_stockout_store;True;c2;True;0;0;0;1.0;0.0004;;0;0;32
baseline_measure_overlap;happy_guided_reordered;happy;1;Q1_sales_growth;True;c3;True;0;0;0;0.333333;0.0202;;0;0;32
baseline_measure_overlap;happy_guided_reordered;happy;2;Q2_margin_month;True;c1;True;0;0;0;0.666667;0.0054;;0;0;32
baseline_measure_overlap;happy_guided_reordered;happy;3;Q3_stockout_store;True;c2;True;0;0;0;1.0;0.0044;;0;0;32
ablation_no_sat;happy_guided_reordered;happy;1;Q1_sales_growth;True;c3;True;0;0;0;0.333333;0.4044;True;2;1;32
ablation_no_sat;happy_guided_reordered;happy;2;Q2_margin_month;True;c1;True;0;0;0;0.666667;0.2461;True;1;1;32
ablation_no_sat;happy_guided_reordered;happy;3;Q3_stockout_store;True;c2;True;0;0;0;1.0;0.2381;True;1;1;32
ablation_no_real;happy_guided_reordered;happy;1;Q1_sales_growth;True;c3;True;0;0;0;0.333333;0.4142;True;2;1;32
ablation_no_real;happy_guided_reordered;happy;2;Q2_margin_month;True;c1;True;0;0;0;0.666667;0.2526;True;1;1;32
ablation_no_real;happy_guided_reordered;happy;3;Q3_stockout_store;True;c2;True;0;0;0;1.0;0.2426;True;1;1;32
ablation_ceval_any_intersection;happy_guided_reordered;happy;1;Q1_sales_growth;True;c3;True;0;0;0;0.333333;0.4045;True;2;1;32
ablation_ceval_any_intersection;happy_guided_reordered;happy;2;Q2_margin_month;True;c1;True;0;0;0;0.666667;0.2446;True;1;1;32
ablation_ceval_any_intersection;happy_guided_reordered;happy;3;Q3_stockout_store;True;c2;True;0;0;0;1.0;0.2373;True;1;1;32
baseline_random_matched;happy_guided_reordered;happy;1;Q1_sales_growth;True;c3;True;0;0;0;0.333333;0.0036;;0;0;32
baseline_random_matched;happy_guided_reordered;happy;2;Q2_margin_month;True;c1;True;0;0;0;0.666667;0.0006;;0;0;32
baseline_random_matched;happy_guided_reordered;happy;3;Q3_stockout_store;True;c2;True;0;0;0;1.0;0.0004;;0;0;32
mcad;happy_guided_compact;happy;1;Q1_margin_month;True;c1;True;0;0;0;0.333333;0.3214;True;1;1;32
mcad;happy_guided_compact;happy;2;Q2_sales_growth;True;c3;True;0;0;0;0.666667;0.3335;True;2;1;32
mcad;happy_guided_compact;happy;3;Q3_stockout_store;True;c2;True;0;0;0;1.0;0.2416;True;1;1;32
baseline_naive;happy_guided_compact;happy;1;Q1_margin_month;True;c1;True;0;0;0;0.333333;0.0022;;0;0;32
baseline_naive;happy_guided_compact;happy;2;Q2_sales_growth;True;c3;True;0;0;0;0.666667;0.0004;;0;0;32
baseline_naive;happy_guided_compact;happy;3;Q3_stockout_store;True;c2;True;0;0;0;1.0;0.0003;;0;0;32
baseline_measure_overlap;happy_guided_compact;happy;1;Q1_margin_month;True;c1;True;0;0;0;0.333333;0.0198;;0;0;32
baseline_measure_overlap;happy_guided_compact;happy;2;Q2_sales_growth;True;c3;True;0;0;0;0.666667;0.0052;;0;0;32
baseline_measure_overlap;happy_guided_compact;happy;3;Q3_stockout_store;True;c2;True;0;0;0;1.0;0.0045;;0;0;32
ablation_no_sat;happy_guided_compact;happy;1;Q1_margin_month;True;c1;True;0;0;0;0.333333;0.3107;True;1;1;32
ablation_no_sat;happy_guided_compact;happy;2;Q2_sales_growth;True;c3;True;0;0;0;0.666667;0.3435;True;2;1;32
ablation_no_sat;happy_guided_compact;happy;3;Q3_stockout_store;True;c2;True;0;0;0;1.0;0.2385;True;1;1;32
ablation_no_real;happy_guided_compact;happy;1;Q1_margin_month;True;c1;True;0;0;0;0.333333;0.3274;True;1;1;32
ablation_no_real;happy_guided_compact;happy;2;Q2_sales_growth;True;c3;True;0;0;0;0.666667;0.3391;True;2;1;32
ablation_no_real;happy_guided_compact;happy;3;Q3_stockout_store;True;c2;True;0;0;0;1.0;0.2437;True;1;1;32
ablation_ceval_any_intersection;happy_guided_compact;happy;1;Q1_margin_month;True;c1;True;0;0;0;0.333333;0.3074;True;1;1;32
ablation_ceval_any_intersection;happy_guided_compact;happy;2;Q2_sales_growth;True;c3;True;0;0;0;0.666667;0.3419;True;2;1;32
ablation_ceval_any_intersection;happy_guided_compact;happy;3;Q3_stockout_store;True;c2;True;0;0;0;1.0;0.2376;True;1;1;32
baseline_random_matched;happy_guided_compact;happy;1;Q1_margin_month;True;c1;False;0;1;0;0.0;0.0043;;0;0;32
baseline_random_matched;happy_guided_compact;happy;2;Q2_sales_growth;True;c3;False;0;1;0;0.0;0.0011;;0;0;32
baseline_random_matched;happy_guided_compact;happy;3;Q3_stockout_store;True;c2;True;0;0;0;0.333333;0.0004;;0;0;32
mcad;border_growth_partial_1998_only;border;1;Q1_sales_1998_only;False;;False;0;0;0;0.0;0.365;True;1;0;32
baseline_naive;border_growth_partial_1998_only;border;1;Q1_sales_1998_only;False;;True;1;0;1;0.0;0.0017;;0;0;32
baseline_measure_overlap;border_growth_partial_1998_only;border;1;Q1_sales_1998_only;False;;True;1;0;1;0.0;0.0215;;0;0;32
ablation_no_sat;border_growth_partial_1998_only;border;1;Q1_sales_1998_only;False;;False;0;0;0;0.0;0.3622;True;1;0;32
ablation_no_real;border_growth_partial_1998_only;border;1;Q1_sales_1998_only;False;;True;1;0;1;0.0;0.3725;True;1;0;32
ablation_ceval_any_intersection;border_growth_partial_1998_only;border;1;Q1_sales_1998_only;False;;True;1;0;1;0.0;0.3736;True;1;1;32
baseline_random_matched;border_growth_partial_1998_only;border;1;Q1_sales_1998_only;False;;False;0;0;0;0.0;0.0053;;0;0;32
mcad;border_margin_wrong_grain;border;1;Q1_margin_quarter_only;False;;False;0;0;0;0.0;0.4605;False;0;0;32
baseline_naive;border_margin_wrong_grain;border;1;Q1_margin_quarter_only;False;;True;1;0;1;0.0;0.0014;;0;0;32
baseline_measure_overlap;border_margin_wrong_grain;border;1;Q1_margin_quarter_only;False;;True;1;0;1;0.0;0.0202;;0;0;32
ablation_no_sat;border_margin_wrong_grain;border;1;Q1_margin_quarter_only;False;;False;0;0;0;0.0;0.2885;False;0;0;32
ablation_no_real;border_margin_wrong_grain;border;1;Q1_margin_quarter_only;False;;False;0;0;0;0.0;0.4218;False;0;0;32
ablation_ceval_any_intersection;border_margin_wrong_grain;border;1;Q1_margin_quarter_only;False;;False;0;0;0;0.0;0.3373;False;0;0;32
baseline_random_matched;border_margin_wrong_grain;border;1;Q1_margin_quarter_only;False;;False;0;0;0;0.0;0.0044;;0;0;32
mcad;border_stockout_missing_store;border;1;Q1_stockout_category_only;False;;False;0;0;0;0.0;0.2259;False;0;0;32
baseline_naive;border_stockout_missing_store;border;1;Q1_stockout_category_only;False;;True;1;0;1;0.0;0.0015;;0;0;32
baseline_measure_overlap;border_stockout_missing_store;border;1;Q1_stockout_category_only;False;;True;1;0;1;0.0;0.0196;;0;0;32
ablation_no_sat;border_stockout_missing_store;border;1;Q1_stockout_category_only;False;;False;0;0;0;0.0;0.2892;False;0;0;32
ablation_no_real;border_stockout_missing_store;border;1;Q1_stockout_category_only;False;;False;0;0;0;0.0;0.2375;False;0;0;32
ablation_ceval_any_intersection;border_stockout_missing_store;border;1;Q1_stockout_category_only;False;;False;0;0;0;0.0;0.2215;False;0;0;32
baseline_random_matched;border_stockout_missing_store;border;1;Q1_stockout_category_only;False;;True;1;0;1;0.0;0.0044;;0;0;32
mcad;adversarial_wrong_region;adversarial;1;Q1_margin_south;False;;False;0;0;0;0.0;0.1989;False;0;0;32
baseline_naive;adversarial_wrong_region;adversarial;1;Q1_margin_south;False;;True;1;0;1;0.0;0.0014;;0;0;32
baseline_measure_overlap;adversarial_wrong_region;adversarial;1;Q1_margin_south;False;;True;1;0;1;0.0;0.0189;;0;0;32
ablation_no_sat;adversarial_wrong_region;adversarial;1;Q1_margin_south;False;;False;0;0;0;0.0;0.2343;False;0;0;32
ablation_no_real;adversarial_wrong_region;adversarial;1;Q1_margin_south;False;;False;0;0;0;0.0;0.2036;False;0;0;32
ablation_ceval_any_intersection;adversarial_wrong_region;adversarial;1;Q1_margin_south;False;;False;0;0;0;0.0;0.2023;False;0;0;32
baseline_random_matched;adversarial_wrong_region;adversarial;1;Q1_margin_south;False;;True;1;0;1;0.0;0.0042;;0;0;32
mcad;adversarial_wrong_year;adversarial;1;Q1_stockout_1997;False;;False;0;0;0;0.0;0.2027;False;0;0;32
baseline_naive;adversarial_wrong_year;adversarial;1;Q1_stockout_1997;False;;True;1;0;1;0.0;0.0015;;0;0;32
baseline_measure_overlap;adversarial_wrong_year;adversarial;1;Q1_stockout_1997;False;;True;1;0;1;0.0;0.0198;;0;0;32
ablation_no_sat;adversarial_wrong_year;adversarial;1;Q1_stockout_1997;False;;False;0;0;0;0.0;0.2238;False;0;0;32
ablation_no_real;adversarial_wrong_year;adversarial;1;Q1_stockout_1997;False;;False;0;0;0;0.0;0.2012;False;0;0;32
ablation_ceval_any_intersection;adversarial_wrong_year;adversarial;1;Q1_stockout_1997;False;;False;0;0;0;0.0;0.1955;False;0;0;32
baseline_random_matched;adversarial_wrong_year;adversarial;1;Q1_stockout_1997;False;;True;1;0;1;0.0;0.0041;;0;0;32
mcad;adversarial_invalid_no_measures;adversarial;1;Q1_invalid_no_measure;False;;False;0;0;0;0.0;0.0947;False;0;0;32
baseline_naive;adversarial_invalid_no_measures;adversarial;1;Q1_invalid_no_measure;False;;True;1;0;1;0.0;0.0015;;0;0;32
baseline_measure_overlap;adversarial_invalid_no_measures;adversarial;1;Q1_invalid_no_measure;False;;False;0;0;0;0.0;0.0212;;0;0;32
ablation_no_sat;adversarial_invalid_no_measures;adversarial;1;Q1_invalid_no_measure;False;;False;0;0;0;0.0;0.1136;False;0;0;32
ablation_no_real;adversarial_invalid_no_measures;adversarial;1;Q1_invalid_no_measure;False;;False;0;0;0;0.0;0.1076;False;0;0;32
ablation_ceval_any_intersection;adversarial_invalid_no_measures;adversarial;1;Q1_invalid_no_measure;False;;False;0;0;0;0.0;0.0913;False;0;0;32
baseline_random_matched;adversarial_invalid_no_measures;adversarial;1;Q1_invalid_no_measure;False;;False;0;0;0;0.0;0.0041;;0;0;32
mcad;stress_exploratory_then_useful;stress;1;Q1_noise_region;False;;False;0;0;0;0.0;0.2214;False;0;0;32
mcad;stress_exploratory_then_useful;stress;2;Q2_noise_margin_all;False;;False;0;0;0;0.0;0.1525;False;0;0;32
mcad;stress_exploratory_then_useful;stress;3;Q3_useful_margin;True;c1;True;0;0;0;0.333333;0.2527;True;1;1;32
baseline_naive;stress_exploratory_then_useful;stress;1;Q1_noise_region;False;;True;1;0;1;0.0;0.0015;;0;0;32
baseline_naive;stress_exploratory_then_useful;stress;2;Q2_noise_margin_all;False;;True;1;0;1;0.0;0.0004;;0;0;32
baseline_naive;stress_exploratory_then_useful;stress;3;Q3_useful_margin;True;c1;True;0;0;0;0.333333;0.0003;;0;0;32
baseline_measure_overlap;stress_exploratory_then_useful;stress;1;Q1_noise_region;False;;True;1;0;1;0.0;0.0194;;0;0;32
baseline_measure_overlap;stress_exploratory_then_useful;stress;2;Q2_noise_margin_all;False;;True;1;0;1;0.0;0.0053;;0;0;32
baseline_measure_overlap;stress_exploratory_then_useful;stress;3;Q3_useful_margin;True;c1;True;0;0;0;0.333333;0.0042;;0;0;32
ablation_no_sat;stress_exploratory_then_useful;stress;1;Q1_noise_region;False;;False;0;0;0;0.0;0.2618;False;0;0;32
ablation_no_sat;stress_exploratory_then_useful;stress;2;Q2_noise_margin_all;False;;False;0;0;0;0.0;0.1815;False;0;0;32
ablation_no_sat;stress_exploratory_then_useful;stress;3;Q3_useful_margin;True;c1;True;0;0;0;0.333333;0.2484;True;1;1;32
ablation_no_real;stress_exploratory_then_useful;stress;1;Q1_noise_region;False;;False;0;0;0;0.0;0.2305;False;0;0;32
ablation_no_real;stress_exploratory_then_useful;stress;2;Q2_noise_margin_all;False;;False;0;0;0;0.0;0.1486;False;0;0;32
ablation_no_real;stress_exploratory_then_useful;stress;3;Q3_useful_margin;True;c1;True;0;0;0;0.333333;0.2707;True;1;1;32
ablation_ceval_any_intersection;stress_exploratory_then_useful;stress;1;Q1_noise_region;False;;False;0;0;0;0.0;0.2303;False;0;0;32
ablation_ceval_any_intersection;stress_exploratory_then_useful;stress;2;Q2_noise_margin_all;False;;False;0;0;0;0.0;0.1422;False;0;0;32
ablation_ceval_any_intersection;stress_exploratory_then_useful;stress;3;Q3_useful_margin;True;c1;True;0;0;0;0.333333;0.2491;True;1;1;32
baseline_random_matched;stress_exploratory_then_useful;stress;1;Q1_noise_region;False;;False;0;0;0;0.0;0.0044;;0;0;32
baseline_random_matched;stress_exploratory_then_useful;stress;2;Q2_noise_margin_all;False;;True;1;0;1;0.0;0.0006;;0;0;32
baseline_random_matched;stress_exploratory_then_useful;stress;3;Q3_useful_margin;True;c1;False;0;1;0;0.0;0.0005;;0;0;32
mcad;happy_guided_article_short;happy;1;Q1_margin_month;True;c1;True;0;0;0;0.333333;0.3117;True;1;1;33
mcad;happy_guided_article_short;happy;2;Q2_stockout_store;True;c2;True;0;0;0;0.666667;0.2488;True;1;1;33
mcad;happy_guided_article_short;happy;3;Q3_sales_growth;True;c3;True;0;0;0;1.0;0.3413;True;2;1;33
baseline_naive;happy_guided_article_short;happy;1;Q1_margin_month;True;c1;True;0;0;0;0.333333;0.0024;;0;0;33
baseline_naive;happy_guided_article_short;happy;2;Q2_stockout_store;True;c2;True;0;0;0;0.666667;0.0008;;0;0;33
baseline_naive;happy_guided_article_short;happy;3;Q3_sales_growth;True;c3;True;0;0;0;1.0;0.0007;;0;0;33
baseline_measure_overlap;happy_guided_article_short;happy;1;Q1_margin_month;True;c1;True;0;0;0;0.333333;0.0309;;0;0;33
baseline_measure_overlap;happy_guided_article_short;happy;2;Q2_stockout_store;True;c2;True;0;0;0;0.666667;0.0092;;0;0;33
baseline_measure_overlap;happy_guided_article_short;happy;3;Q3_sales_growth;True;c3;True;0;0;0;1.0;0.0078;;0;0;33
ablation_no_sat;happy_guided_article_short;happy;1;Q1_margin_month;True;c1;True;0;0;0;0.333333;0.5797;True;1;1;33
ablation_no_sat;happy_guided_article_short;happy;2;Q2_stockout_store;True;c2;True;0;0;0;0.666667;0.4946;True;1;1;33
ablation_no_sat;happy_guided_article_short;happy;3;Q3_sales_growth;True;c3;True;0;0;0;1.0;0.6611;True;2;1;33
ablation_no_real;happy_guided_article_short;happy;1;Q1_margin_month;True;c1;True;0;0;0;0.333333;0.3236;True;1;1;33
ablation_no_real;happy_guided_article_short;happy;2;Q2_stockout_store;True;c2;True;0;0;0;0.666667;0.2508;True;1;1;33
ablation_no_real;happy_guided_article_short;happy;3;Q3_sales_growth;True;c3;True;0;0;0;1.0;0.3601;True;2;1;33
ablation_ceval_any_intersection;happy_guided_article_short;happy;1;Q1_margin_month;True;c1;True;0;0;0;0.333333;0.3082;True;1;1;33
ablation_ceval_any_intersection;happy_guided_article_short;happy;2;Q2_stockout_store;True;c2;True;0;0;0;0.666667;0.2469;True;1;1;33
ablation_ceval_any_intersection;happy_guided_article_short;happy;3;Q3_sales_growth;True;c3;True;0;0;0;1.0;0.3502;True;2;1;33
baseline_random_matched;happy_guided_article_short;happy;1;Q1_margin_month;True;c1;False;0;1;0;0.0;0.0037;;0;0;33
baseline_random_matched;happy_guided_article_short;happy;2;Q2_stockout_store;True;c2;True;0;0;0;0.333333;0.0006;;0;0;33
baseline_random_matched;happy_guided_article_short;happy;3;Q3_sales_growth;True;c3;True;0;0;0;0.666667;0.0005;;0;0;33
mcad;happy_guided_reordered;happy;1;Q1_sales_growth;True;c3;True;0;0;0;0.333333;0.4095;True;2;1;33
mcad;happy_guided_reordered;happy;2;Q2_margin_month;True;c1;True;0;0;0;0.666667;0.2485;True;1;1;33
mcad;happy_guided_reordered;happy;3;Q3_stockout_store;True;c2;True;0;0;0;1.0;0.2404;True;1;1;33
baseline_naive;happy_guided_reordered;happy;1;Q1_sales_growth;True;c3;True;0;0;0;0.333333;0.002;;0;0;33
baseline_naive;happy_guided_reordered;happy;2;Q2_margin_month;True;c1;True;0;0;0;0.666667;0.0005;;0;0;33
baseline_naive;happy_guided_reordered;happy;3;Q3_stockout_store;True;c2;True;0;0;0;1.0;0.0003;;0;0;33
baseline_measure_overlap;happy_guided_reordered;happy;1;Q1_sales_growth;True;c3;True;0;0;0;0.333333;0.02;;0;0;33
baseline_measure_overlap;happy_guided_reordered;happy;2;Q2_margin_month;True;c1;True;0;0;0;0.666667;0.0054;;0;0;33
baseline_measure_overlap;happy_guided_reordered;happy;3;Q3_stockout_store;True;c2;True;0;0;0;1.0;0.0047;;0;0;33
ablation_no_sat;happy_guided_reordered;happy;1;Q1_sales_growth;True;c3;True;0;0;0;0.333333;0.399;True;2;1;33
ablation_no_sat;happy_guided_reordered;happy;2;Q2_margin_month;True;c1;True;0;0;0;0.666667;0.2597;True;1;1;33
ablation_no_sat;happy_guided_reordered;happy;3;Q3_stockout_store;True;c2;True;0;0;0;1.0;0.2418;True;1;1;33
ablation_no_real;happy_guided_reordered;happy;1;Q1_sales_growth;True;c3;True;0;0;0;0.333333;0.4056;True;2;1;33
ablation_no_real;happy_guided_reordered;happy;2;Q2_margin_month;True;c1;True;0;0;0;0.666667;0.2706;True;1;1;33
ablation_no_real;happy_guided_reordered;happy;3;Q3_stockout_store;True;c2;True;0;0;0;1.0;0.2474;True;1;1;33
ablation_ceval_any_intersection;happy_guided_reordered;happy;1;Q1_sales_growth;True;c3;True;0;0;0;0.333333;0.3953;True;2;1;33
ablation_ceval_any_intersection;happy_guided_reordered;happy;2;Q2_margin_month;True;c1;True;0;0;0;0.666667;0.2502;True;1;1;33
ablation_ceval_any_intersection;happy_guided_reordered;happy;3;Q3_stockout_store;True;c2;True;0;0;0;1.0;0.2451;True;1;1;33
baseline_random_matched;happy_guided_reordered;happy;1;Q1_sales_growth;True;c3;False;0;1;0;0.0;0.0038;;0;0;33
baseline_random_matched;happy_guided_reordered;happy;2;Q2_margin_month;True;c1;True;0;0;0;0.333333;0.0006;;0;0;33
baseline_random_matched;happy_guided_reordered;happy;3;Q3_stockout_store;True;c2;True;0;0;0;0.666667;0.0005;;0;0;33
mcad;happy_guided_compact;happy;1;Q1_margin_month;True;c1;True;0;0;0;0.333333;0.309;True;1;1;33
mcad;happy_guided_compact;happy;2;Q2_sales_growth;True;c3;True;0;0;0;0.666667;0.3482;True;2;1;33
mcad;happy_guided_compact;happy;3;Q3_stockout_store;True;c2;True;0;0;0;1.0;0.2416;True;1;1;33
baseline_naive;happy_guided_compact;happy;1;Q1_margin_month;True;c1;True;0;0;0;0.333333;0.0018;;0;0;33
baseline_naive;happy_guided_compact;happy;2;Q2_sales_growth;True;c3;True;0;0;0;0.666667;0.0006;;0;0;33
baseline_naive;happy_guided_compact;happy;3;Q3_stockout_store;True;c2;True;0;0;0;1.0;0.0003;;0;0;33
baseline_measure_overlap;happy_guided_compact;happy;1;Q1_margin_month;True;c1;True;0;0;0;0.333333;0.02;;0;0;33
baseline_measure_overlap;happy_guided_compact;happy;2;Q2_sales_growth;True;c3;True;0;0;0;0.666667;0.0057;;0;0;33
baseline_measure_overlap;happy_guided_compact;happy;3;Q3_stockout_store;True;c2;True;0;0;0;1.0;0.0044;;0;0;33
ablation_no_sat;happy_guided_compact;happy;1;Q1_margin_month;True;c1;True;0;0;0;0.333333;0.525;True;1;1;33
ablation_no_sat;happy_guided_compact;happy;2;Q2_sales_growth;True;c3;True;0;0;0;0.666667;0.5019;True;2;1;33
ablation_no_sat;happy_guided_compact;happy;3;Q3_stockout_store;True;c2;True;0;0;0;1.0;0.2926;True;1;1;33
ablation_no_real;happy_guided_compact;happy;1;Q1_margin_month;True;c1;True;0;0;0;0.333333;0.3319;True;1;1;33
ablation_no_real;happy_guided_compact;happy;2;Q2_sales_growth;True;c3;True;0;0;0;0.666667;0.3416;True;2;1;33
ablation_no_real;happy_guided_compact;happy;3;Q3_stockout_store;True;c2;True;0;0;0;1.0;0.2488;True;1;1;33
ablation_ceval_any_intersection;happy_guided_compact;happy;1;Q1_margin_month;True;c1;True;0;0;0;0.333333;0.3073;True;1;1;33
ablation_ceval_any_intersection;happy_guided_compact;happy;2;Q2_sales_growth;True;c3;True;0;0;0;0.666667;0.3318;True;2;1;33
ablation_ceval_any_intersection;happy_guided_compact;happy;3;Q3_stockout_store;True;c2;True;0;0;0;1.0;0.2423;True;1;1;33
baseline_random_matched;happy_guided_compact;happy;1;Q1_margin_month;True;c1;True;0;0;0;0.333333;0.004;;0;0;33
baseline_random_matched;happy_guided_compact;happy;2;Q2_sales_growth;True;c3;False;0;1;0;0.333333;0.0006;;0;0;33
baseline_random_matched;happy_guided_compact;happy;3;Q3_stockout_store;True;c2;True;0;0;0;0.666667;0.0004;;0;0;33
mcad;border_growth_partial_1998_only;border;1;Q1_sales_1998_only;False;;False;0;0;0;0.0;0.3649;True;1;0;33
baseline_naive;border_growth_partial_1998_only;border;1;Q1_sales_1998_only;False;;True;1;0;1;0.0;0.0015;;0;0;33
baseline_measure_overlap;border_growth_partial_1998_only;border;1;Q1_sales_1998_only;False;;True;1;0;1;0.0;0.0187;;0;0;33
ablation_no_sat;border_growth_partial_1998_only;border;1;Q1_sales_1998_only;False;;False;0;0;0;0.0;0.3639;True;1;0;33
ablation_no_real;border_growth_partial_1998_only;border;1;Q1_sales_1998_only;False;;True;1;0;1;0.0;0.3842;True;1;0;33
ablation_ceval_any_intersection;border_growth_partial_1998_only;border;1;Q1_sales_1998_only;False;;True;1;0;1;0.0;0.3633;True;1;1;33
baseline_random_matched;border_growth_partial_1998_only;border;1;Q1_sales_1998_only;False;;False;0;0;0;0.0;0.0041;;0;0;33
mcad;border_margin_wrong_grain;border;1;Q1_margin_quarter_only;False;;False;0;0;0;0.0;0.24;False;0;0;33
baseline_naive;border_margin_wrong_grain;border;1;Q1_margin_quarter_only;False;;True;1;0;1;0.0;0.0018;;0;0;33
baseline_measure_overlap;border_margin_wrong_grain;border;1;Q1_margin_quarter_only;False;;True;1;0;1;0.0;0.0188;;0;0;33
ablation_no_sat;border_margin_wrong_grain;border;1;Q1_margin_quarter_only;False;;False;0;0;0;0.0;0.2893;False;0;0;33
ablation_no_real;border_margin_wrong_grain;border;1;Q1_margin_quarter_only;False;;False;0;0;0;0.0;0.263;False;0;0;33
ablation_ceval_any_intersection;border_margin_wrong_grain;border;1;Q1_margin_quarter_only;False;;False;0;0;0;0.0;0.2401;False;0;0;33
baseline_random_matched;border_margin_wrong_grain;border;1;Q1_margin_quarter_only;False;;True;1;0;1;0.0;0.004;;0;0;33
mcad;border_stockout_missing_store;border;1;Q1_stockout_category_only;False;;False;0;0;0;0.0;0.23;False;0;0;33
baseline_naive;border_stockout_missing_store;border;1;Q1_stockout_category_only;False;;True;1;0;1;0.0;0.0013;;0;0;33
baseline_measure_overlap;border_stockout_missing_store;border;1;Q1_stockout_category_only;False;;True;1;0;1;0.0;0.0196;;0;0;33
ablation_no_sat;border_stockout_missing_store;border;1;Q1_stockout_category_only;False;;False;0;0;0;0.0;0.3024;False;0;0;33
ablation_no_real;border_stockout_missing_store;border;1;Q1_stockout_category_only;False;;False;0;0;0;0.0;0.2325;False;0;0;33
ablation_ceval_any_intersection;border_stockout_missing_store;border;1;Q1_stockout_category_only;False;;False;0;0;0;0.0;0.2174;False;0;0;33
baseline_random_matched;border_stockout_missing_store;border;1;Q1_stockout_category_only;False;;True;1;0;1;0.0;0.0044;;0;0;33
mcad;adversarial_wrong_region;adversarial;1;Q1_margin_south;False;;False;0;0;0;0.0;0.1918;False;0;0;33
baseline_naive;adversarial_wrong_region;adversarial;1;Q1_margin_south;False;;True;1;0;1;0.0;0.0014;;0;0;33
baseline_measure_overlap;adversarial_wrong_region;adversarial;1;Q1_margin_south;False;;True;1;0;1;0.0;0.02;;0;0;33
ablation_no_sat;adversarial_wrong_region;adversarial;1;Q1_margin_south;False;;False;0;0;0;0.0;0.2446;False;0;0;33
ablation_no_real;adversarial_wrong_region;adversarial;1;Q1_margin_south;False;;False;0;0;0;0.0;0.2711;False;0;0;33
ablation_ceval_any_intersection;adversarial_wrong_region;adversarial;1;Q1_margin_south;False;;False;0;0;0;0.0;0.1949;False;0;0;33
baseline_random_matched;adversarial_wrong_region;adversarial;1;Q1_margin_south;False;;True;1;0;1;0.0;0.0039;;0;0;33
mcad;adversarial_wrong_year;adversarial;1;Q1_stockout_1997;False;;False;0;0;0;0.0;0.3138;False;0;0;33
baseline_naive;adversarial_wrong_year;adversarial;1;Q1_stockout_1997;False;;True;1;0;1;0.0;0.0013;;0;0;33
baseline_measure_overlap;adversarial_wrong_year;adversarial;1;Q1_stockout_1997;False;;True;1;0;1;0.0;0.0196;;0;0;33
ablation_no_sat;adversarial_wrong_year;adversarial;1;Q1_stockout_1997;False;;False;0;0;0;0.0;0.2283;False;0;0;33
ablation_no_real;adversarial_wrong_year;adversarial;1;Q1_stockout_1997;False;;False;0;0;0;0.0;0.2061;False;0;0;33
ablation_ceval_any_intersection;adversarial_wrong_year;adversarial;1;Q1_stockout_1997;False;;False;0;0;0;0.0;0.188;False;0;0;33
baseline_random_matched;adversarial_wrong_year;adversarial;1;Q1_stockout_1997;False;;False;0;0;0;0.0;0.0034;;0;0;33
mcad;adversarial_invalid_no_measures;adversarial;1;Q1_invalid_no_measure;False;;False;0;0;0;0.0;0.0925;False;0;0;33
baseline_naive;adversarial_invalid_no_measures;adversarial;1;Q1_invalid_no_measure;False;;True;1;0;1;0.0;0.0014;;0;0;33
baseline_measure_overlap;adversarial_invalid_no_measures;adversarial;1;Q1_invalid_no_measure;False;;False;0;0;0;0.0;0.0185;;0;0;33
ablation_no_sat;adversarial_invalid_no_measures;adversarial;1;Q1_invalid_no_measure;False;;False;0;0;0;0.0;0.112;False;0;0;33
ablation_no_real;adversarial_invalid_no_measures;adversarial;1;Q1_invalid_no_measure;False;;False;0;0;0;0.0;0.1015;False;0;0;33
ablation_ceval_any_intersection;adversarial_invalid_no_measures;adversarial;1;Q1_invalid_no_measure;False;;False;0;0;0;0.0;0.0923;False;0;0;33
baseline_random_matched;adversarial_invalid_no_measures;adversarial;1;Q1_invalid_no_measure;False;;False;0;0;0;0.0;0.0042;;0;0;33
mcad;stress_exploratory_then_useful;stress;1;Q1_noise_region;False;;False;0;0;0;0.0;0.2225;False;0;0;33
mcad;stress_exploratory_then_useful;stress;2;Q2_noise_margin_all;False;;False;0;0;0;0.0;0.1429;False;0;0;33
mcad;stress_exploratory_then_useful;stress;3;Q3_useful_margin;True;c1;True;0;0;0;0.333333;0.2487;True;1;1;33
baseline_naive;stress_exploratory_then_useful;stress;1;Q1_noise_region;False;;True;1;0;1;0.0;0.0015;;0;0;33
baseline_naive;stress_exploratory_then_useful;stress;2;Q2_noise_margin_all;False;;True;1;0;1;0.0;0.0005;;0;0;33
baseline_naive;stress_exploratory_then_useful;stress;3;Q3_useful_margin;True;c1;True;0;0;0;0.333333;0.0004;;0;0;33
baseline_measure_overlap;stress_exploratory_then_useful;stress;1;Q1_noise_region;False;;True;1;0;1;0.0;0.0207;;0;0;33
baseline_measure_overlap;stress_exploratory_then_useful;stress;2;Q2_noise_margin_all;False;;True;1;0;1;0.0;0.0051;;0;0;33
baseline_measure_overlap;stress_exploratory_then_useful;stress;3;Q3_useful_margin;True;c1;True;0;0;0;0.333333;0.0043;;0;0;33
ablation_no_sat;stress_exploratory_then_useful;stress;1;Q1_noise_region;False;;False;0;0;0;0.0;0.2698;False;0;0;33
ablation_no_sat;stress_exploratory_then_useful;stress;2;Q2_noise_margin_all;False;;False;0;0;0;0.0;0.1706;False;0;0;33
ablation_no_sat;stress_exploratory_then_useful;stress;3;Q3_useful_margin;True;c1;True;0;0;0;0.333333;0.2437;True;1;1;33
ablation_no_real;stress_exploratory_then_useful;stress;1;Q1_noise_region;False;;False;0;0;0;0.0;0.2295;False;0;0;33
ablation_no_real;stress_exploratory_then_useful;stress;2;Q2_noise_margin_all;False;;False;0;0;0;0.0;0.1484;False;0;0;33
ablation_no_real;stress_exploratory_then_useful;stress;3;Q3_useful_margin;True;c1;True;0;0;0;0.333333;0.253;True;1;1;33
ablation_ceval_any_intersection;stress_exploratory_then_useful;stress;1;Q1_noise_region;False;;False;0;0;0;0.0;0.2302;False;0;0;33
ablation_ceval_any_intersection;stress_exploratory_then_useful;stress;2;Q2_noise_margin_all;False;;False;0;0;0;0.0;0.1439;False;0;0;33
ablation_ceval_any_intersection;stress_exploratory_then_useful;stress;3;Q3_useful_margin;True;c1;True;0;0;0;0.333333;0.2483;True;1;1;33
baseline_random_matched;stress_exploratory_then_useful;stress;1;Q1_noise_region;False;;False;0;0;0;0.0;0.0042;;0;0;33
baseline_random_matched;stress_exploratory_then_useful;stress;2;Q2_noise_margin_all;False;;False;0;0;0;0.0;0.0006;;0;0;33
baseline_random_matched;stress_exploratory_then_useful;stress;3;Q3_useful_margin;True;c1;True;0;0;0;0.333333;0.0005;;0;0;33
mcad;happy_guided_article_short;happy;1;Q1_margin_month;True;c1;True;0;0;0;0.333333;0.3084;True;1;1;34
mcad;happy_guided_article_short;happy;2;Q2_stockout_store;True;c2;True;0;0;0;0.666667;0.2438;True;1;1;34
mcad;happy_guided_article_short;happy;3;Q3_sales_growth;True;c3;True;0;0;0;1.0;0.3616;True;2;1;34
baseline_naive;happy_guided_article_short;happy;1;Q1_margin_month;True;c1;True;0;0;0;0.333333;0.0016;;0;0;34
baseline_naive;happy_guided_article_short;happy;2;Q2_stockout_store;True;c2;True;0;0;0;0.666667;0.0005;;0;0;34
baseline_naive;happy_guided_article_short;happy;3;Q3_sales_growth;True;c3;True;0;0;0;1.0;0.0003;;0;0;34
baseline_measure_overlap;happy_guided_article_short;happy;1;Q1_margin_month;True;c1;True;0;0;0;0.333333;0.0201;;0;0;34
baseline_measure_overlap;happy_guided_article_short;happy;2;Q2_stockout_store;True;c2;True;0;0;0;0.666667;0.0052;;0;0;34
baseline_measure_overlap;happy_guided_article_short;happy;3;Q3_sales_growth;True;c3;True;0;0;0;1.0;0.0042;;0;0;34
ablation_no_sat;happy_guided_article_short;happy;1;Q1_margin_month;True;c1;True;0;0;0;0.333333;0.3073;True;1;1;34
ablation_no_sat;happy_guided_article_short;happy;2;Q2_stockout_store;True;c2;True;0;0;0;0.666667;0.2449;True;1;1;34
ablation_no_sat;happy_guided_article_short;happy;3;Q3_sales_growth;True;c3;True;0;0;0;1.0;0.3365;True;2;1;34
ablation_no_real;happy_guided_article_short;happy;1;Q1_margin_month;True;c1;True;0;0;0;0.333333;0.3151;True;1;1;34
ablation_no_real;happy_guided_article_short;happy;2;Q2_stockout_store;True;c2;True;0;0;0;0.666667;0.2479;True;1;1;34
ablation_no_real;happy_guided_article_short;happy;3;Q3_sales_growth;True;c3;True;0;0;0;1.0;0.3315;True;2;1;34
ablation_ceval_any_intersection;happy_guided_article_short;happy;1;Q1_margin_month;True;c1;True;0;0;0;0.333333;0.3079;True;1;1;34
ablation_ceval_any_intersection;happy_guided_article_short;happy;2;Q2_stockout_store;True;c2;True;0;0;0;0.666667;0.2416;True;1;1;34
ablation_ceval_any_intersection;happy_guided_article_short;happy;3;Q3_sales_growth;True;c3;True;0;0;0;1.0;0.3263;True;2;1;34
baseline_random_matched;happy_guided_article_short;happy;1;Q1_margin_month;True;c1;True;0;0;0;0.333333;0.0048;;0;0;34
baseline_random_matched;happy_guided_article_short;happy;2;Q2_stockout_store;True;c2;False;0;1;0;0.333333;0.0007;;0;0;34
baseline_random_matched;happy_guided_article_short;happy;3;Q3_sales_growth;True;c3;True;0;0;0;0.666667;0.0009;;0;0;34
mcad;happy_guided_reordered;happy;1;Q1_sales_growth;True;c3;True;0;0;0;0.333333;0.401;True;2;1;34
mcad;happy_guided_reordered;happy;2;Q2_margin_month;True;c1;True;0;0;0;0.666667;0.2481;True;1;1;34
mcad;happy_guided_reordered;happy;3;Q3_stockout_store;True;c2;True;0;0;0;1.0;0.2389;True;1;1;34
baseline_naive;happy_guided_reordered;happy;1;Q1_sales_growth;True;c3;True;0;0;0;0.333333;0.0016;;0;0;34
baseline_naive;happy_guided_reordered;happy;2;Q2_margin_month;True;c1;True;0;0;0;0.666667;0.0005;;0;0;34
baseline_naive;happy_guided_reordered;happy;3;Q3_stockout_store;True;c2;True;0;0;0;1.0;0.0003;;0;0;34
baseline_measure_overlap;happy_guided_reordered;happy;1;Q1_sales_growth;True;c3;True;0;0;0;0.333333;0.0197;;0;0;34
baseline_measure_overlap;happy_guided_reordered;happy;2;Q2_margin_month;True;c1;True;0;0;0;0.666667;0.0053;;0;0;34
baseline_measure_overlap;happy_guided_reordered;happy;3;Q3_stockout_store;True;c2;True;0;0;0;1.0;0.0047;;0;0;34
ablation_no_sat;happy_guided_reordered;happy;1;Q1_sales_growth;True;c3;True;0;0;0;0.333333;0.421;True;2;1;34
ablation_no_sat;happy_guided_reordered;happy;2;Q2_margin_month;True;c1;True;0;0;0;0.666667;0.2487;True;1;1;34
ablation_no_sat;happy_guided_reordered;happy;3;Q3_stockout_store;True;c2;True;0;0;0;1.0;0.2378;True;1;1;34
ablation_no_real;happy_guided_reordered;happy;1;Q1_sales_growth;True;c3;True;0;0;0;0.333333;0.3986;True;2;1;34
ablation_no_real;happy_guided_reordered;happy;2;Q2_margin_month;True;c1;True;0;0;0;0.666667;0.2613;True;1;1;34
ablation_no_real;happy_guided_reordered;happy;3;Q3_stockout_store;True;c2;True;0;0;0;1.0;0.245;True;1;1;34
ablation_ceval_any_intersection;happy_guided_reordered;happy;1;Q1_sales_growth;True;c3;True;0;0;0;0.333333;0.384;True;2;1;34
ablation_ceval_any_intersection;happy_guided_reordered;happy;2;Q2_margin_month;True;c1;True;0;0;0;0.666667;0.2415;True;1;1;34
ablation_ceval_any_intersection;happy_guided_reordered;happy;3;Q3_stockout_store;True;c2;True;0;0;0;1.0;0.2479;True;1;1;34
baseline_random_matched;happy_guided_reordered;happy;1;Q1_sales_growth;True;c3;False;0;1;0;0.0;0.0044;;0;0;34
baseline_random_matched;happy_guided_reordered;happy;2;Q2_margin_month;True;c1;False;0;1;0;0.0;0.0006;;0;0;34
baseline_random_matched;happy_guided_reordered;happy;3;Q3_stockout_store;True;c2;True;0;0;0;0.333333;0.0004;;0;0;34
mcad;happy_guided_compact;happy;1;Q1_margin_month;True;c1;True;0;0;0;0.333333;0.3035;True;1;1;34
mcad;happy_guided_compact;happy;2;Q2_sales_growth;True;c3;True;0;0;0;0.666667;0.3367;True;2;1;34
mcad;happy_guided_compact;happy;3;Q3_stockout_store;True;c2;True;0;0;0;1.0;0.247;True;1;1;34
baseline_naive;happy_guided_compact;happy;1;Q1_margin_month;True;c1;True;0;0;0;0.333333;0.0016;;0;0;34
baseline_naive;happy_guided_compact;happy;2;Q2_sales_growth;True;c3;True;0;0;0;0.666667;0.0005;;0;0;34
baseline_naive;happy_guided_compact;happy;3;Q3_stockout_store;True;c2;True;0;0;0;1.0;0.0003;;0;0;34
baseline_measure_overlap;happy_guided_compact;happy;1;Q1_margin_month;True;c1;True;0;0;0;0.333333;0.019;;0;0;34
baseline_measure_overlap;happy_guided_compact;happy;2;Q2_sales_growth;True;c3;True;0;0;0;0.666667;0.0054;;0;0;34
baseline_measure_overlap;happy_guided_compact;happy;3;Q3_stockout_store;True;c2;True;0;0;0;1.0;0.0043;;0;0;34
ablation_no_sat;happy_guided_compact;happy;1;Q1_margin_month;True;c1;True;0;0;0;0.333333;0.3192;True;1;1;34
ablation_no_sat;happy_guided_compact;happy;2;Q2_sales_growth;True;c3;True;0;0;0;0.666667;0.3336;True;2;1;34
ablation_no_sat;happy_guided_compact;happy;3;Q3_stockout_store;True;c2;True;0;0;0;1.0;0.2401;True;1;1;34
ablation_no_real;happy_guided_compact;happy;1;Q1_margin_month;True;c1;True;0;0;0;0.333333;0.3241;True;1;1;34
ablation_no_real;happy_guided_compact;happy;2;Q2_sales_growth;True;c3;True;0;0;0;0.666667;0.336;True;2;1;34
ablation_no_real;happy_guided_compact;happy;3;Q3_stockout_store;True;c2;True;0;0;0;1.0;0.2437;True;1;1;34
ablation_ceval_any_intersection;happy_guided_compact;happy;1;Q1_margin_month;True;c1;True;0;0;0;0.333333;0.3147;True;1;1;34
ablation_ceval_any_intersection;happy_guided_compact;happy;2;Q2_sales_growth;True;c3;True;0;0;0;0.666667;0.333;True;2;1;34
ablation_ceval_any_intersection;happy_guided_compact;happy;3;Q3_stockout_store;True;c2;True;0;0;0;1.0;0.2382;True;1;1;34
baseline_random_matched;happy_guided_compact;happy;1;Q1_margin_month;True;c1;False;0;1;0;0.0;0.0049;;0;0;34
baseline_random_matched;happy_guided_compact;happy;2;Q2_sales_growth;True;c3;False;0;1;0;0.0;0.0006;;0;0;34
baseline_random_matched;happy_guided_compact;happy;3;Q3_stockout_store;True;c2;False;0;1;0;0.0;0.0004;;0;0;34
mcad;border_growth_partial_1998_only;border;1;Q1_sales_1998_only;False;;False;0;0;0;0.0;0.3746;True;1;0;34
baseline_naive;border_growth_partial_1998_only;border;1;Q1_sales_1998_only;False;;True;1;0;1;0.0;0.0016;;0;0;34
baseline_measure_overlap;border_growth_partial_1998_only;border;1;Q1_sales_1998_only;False;;True;1;0;1;0.0;0.02;;0;0;34
ablation_no_sat;border_growth_partial_1998_only;border;1;Q1_sales_1998_only;False;;False;0;0;0;0.0;0.3663;True;1;0;34
ablation_no_real;border_growth_partial_1998_only;border;1;Q1_sales_1998_only;False;;True;1;0;1;0.0;0.3851;True;1;0;34
ablation_ceval_any_intersection;border_growth_partial_1998_only;border;1;Q1_sales_1998_only;False;;True;1;0;1;0.0;0.4077;True;1;1;34
baseline_random_matched;border_growth_partial_1998_only;border;1;Q1_sales_1998_only;False;;False;0;0;0;0.0;0.0046;;0;0;34
mcad;border_margin_wrong_grain;border;1;Q1_margin_quarter_only;False;;False;0;0;0;0.0;0.2218;False;0;0;34
baseline_naive;border_margin_wrong_grain;border;1;Q1_margin_quarter_only;False;;True;1;0;1;0.0;0.0014;;0;0;34
baseline_measure_overlap;border_margin_wrong_grain;border;1;Q1_margin_quarter_only;False;;True;1;0;1;0.0;0.02;;0;0;34
ablation_no_sat;border_margin_wrong_grain;border;1;Q1_margin_quarter_only;False;;False;0;0;0;0.0;0.2858;False;0;0;34
ablation_no_real;border_margin_wrong_grain;border;1;Q1_margin_quarter_only;False;;False;0;0;0;0.0;0.2292;False;0;0;34
ablation_ceval_any_intersection;border_margin_wrong_grain;border;1;Q1_margin_quarter_only;False;;False;0;0;0;0.0;0.2561;False;0;0;34
baseline_random_matched;border_margin_wrong_grain;border;1;Q1_margin_quarter_only;False;;True;1;0;1;0.0;0.0064;;0;0;34
mcad;border_stockout_missing_store;border;1;Q1_stockout_category_only;False;;False;0;0;0;0.0;0.6068;False;0;0;34
baseline_naive;border_stockout_missing_store;border;1;Q1_stockout_category_only;False;;True;1;0;1;0.0;0.0016;;0;0;34
baseline_measure_overlap;border_stockout_missing_store;border;1;Q1_stockout_category_only;False;;True;1;0;1;0.0;0.0202;;0;0;34
ablation_no_sat;border_stockout_missing_store;border;1;Q1_stockout_category_only;False;;False;0;0;0;0.0;0.2855;False;0;0;34
ablation_no_real;border_stockout_missing_store;border;1;Q1_stockout_category_only;False;;False;0;0;0;0.0;0.2327;False;0;0;34
ablation_ceval_any_intersection;border_stockout_missing_store;border;1;Q1_stockout_category_only;False;;False;0;0;0;0.0;0.2193;False;0;0;34
baseline_random_matched;border_stockout_missing_store;border;1;Q1_stockout_category_only;False;;False;0;0;0;0.0;0.004;;0;0;34
mcad;adversarial_wrong_region;adversarial;1;Q1_margin_south;False;;False;0;0;0;0.0;0.1944;False;0;0;34
baseline_naive;adversarial_wrong_region;adversarial;1;Q1_margin_south;False;;True;1;0;1;0.0;0.0019;;0;0;34
baseline_measure_overlap;adversarial_wrong_region;adversarial;1;Q1_margin_south;False;;True;1;0;1;0.0;0.0194;;0;0;34
ablation_no_sat;adversarial_wrong_region;adversarial;1;Q1_margin_south;False;;False;0;0;0;0.0;0.2353;False;0;0;34
ablation_no_real;adversarial_wrong_region;adversarial;1;Q1_margin_south;False;;False;0;0;0;0.0;0.3206;False;0;0;34
ablation_ceval_any_intersection;adversarial_wrong_region;adversarial;1;Q1_margin_south;False;;False;0;0;0;0.0;0.201;False;0;0;34
baseline_random_matched;adversarial_wrong_region;adversarial;1;Q1_margin_south;False;;False;0;0;0;0.0;0.0047;;0;0;34
mcad;adversarial_wrong_year;adversarial;1;Q1_stockout_1997;False;;False;0;0;0;0.0;0.1926;False;0;0;34
baseline_naive;adversarial_wrong_year;adversarial;1;Q1_stockout_1997;False;;True;1;0;1;0.0;0.0022;;0;0;34
baseline_measure_overlap;adversarial_wrong_year;adversarial;1;Q1_stockout_1997;False;;True;1;0;1;0.0;0.0216;;0;0;34
ablation_no_sat;adversarial_wrong_year;adversarial;1;Q1_stockout_1997;False;;False;0;0;0;0.0;0.2158;False;0;0;34
ablation_no_real;adversarial_wrong_year;adversarial;1;Q1_stockout_1997;False;;False;0;0;0;0.0;0.2112;False;0;0;34
ablation_ceval_any_intersection;adversarial_wrong_year;adversarial;1;Q1_stockout_1997;False;;False;0;0;0;0.0;0.3337;False;0;0;34
baseline_random_matched;adversarial_wrong_year;adversarial;1;Q1_stockout_1997;False;;True;1;0;1;0.0;0.0048;;0;0;34
mcad;adversarial_invalid_no_measures;adversarial;1;Q1_invalid_no_measure;False;;False;0;0;0;0.0;0.1058;False;0;0;34
baseline_naive;adversarial_invalid_no_measures;adversarial;1;Q1_invalid_no_measure;False;;True;1;0;1;0.0;0.0014;;0;0;34
baseline_measure_overlap;adversarial_invalid_no_measures;adversarial;1;Q1_invalid_no_measure;False;;False;0;0;0;0.0;0.0195;;0;0;34
ablation_no_sat;adversarial_invalid_no_measures;adversarial;1;Q1_invalid_no_measure;False;;False;0;0;0;0.0;0.1123;False;0;0;34
ablation_no_real;adversarial_invalid_no_measures;adversarial;1;Q1_invalid_no_measure;False;;False;0;0;0;0.0;0.1124;False;0;0;34
ablation_ceval_any_intersection;adversarial_invalid_no_measures;adversarial;1;Q1_invalid_no_measure;False;;False;0;0;0;0.0;0.095;False;0;0;34
baseline_random_matched;adversarial_invalid_no_measures;adversarial;1;Q1_invalid_no_measure;False;;True;1;0;1;0.0;0.0041;;0;0;34
mcad;stress_exploratory_then_useful;stress;1;Q1_noise_region;False;;False;0;0;0;0.0;0.405;False;0;0;34
mcad;stress_exploratory_then_useful;stress;2;Q2_noise_margin_all;False;;False;0;0;0;0.0;0.282;False;0;0;34
mcad;stress_exploratory_then_useful;stress;3;Q3_useful_margin;True;c1;True;0;0;0;0.333333;0.4884;True;1;1;34
baseline_naive;stress_exploratory_then_useful;stress;1;Q1_noise_region;False;;True;1;0;1;0.0;0.0022;;0;0;34
baseline_naive;stress_exploratory_then_useful;stress;2;Q2_noise_margin_all;False;;True;1;0;1;0.0;0.0009;;0;0;34
baseline_naive;stress_exploratory_then_useful;stress;3;Q3_useful_margin;True;c1;True;0;0;0;0.333333;0.0009;;0;0;34
baseline_measure_overlap;stress_exploratory_then_useful;stress;1;Q1_noise_region;False;;True;1;0;1;0.0;0.02;;0;0;34
baseline_measure_overlap;stress_exploratory_then_useful;stress;2;Q2_noise_margin_all;False;;True;1;0;1;0.0;0.0055;;0;0;34
baseline_measure_overlap;stress_exploratory_then_useful;stress;3;Q3_useful_margin;True;c1;True;0;0;0;0.333333;0.0042;;0;0;34
ablation_no_sat;stress_exploratory_then_useful;stress;1;Q1_noise_region;False;;False;0;0;0;0.0;0.2608;False;0;0;34
ablation_no_sat;stress_exploratory_then_useful;stress;2;Q2_noise_margin_all;False;;False;0;0;0;0.0;0.1815;False;0;0;34
ablation_no_sat;stress_exploratory_then_useful;stress;3;Q3_useful_margin;True;c1;True;0;0;0;0.333333;0.2461;True;1;1;34
ablation_no_real;stress_exploratory_then_useful;stress;1;Q1_noise_region;False;;False;0;0;0;0.0;0.2257;False;0;0;34
ablation_no_real;stress_exploratory_then_useful;stress;2;Q2_noise_margin_all;False;;False;0;0;0;0.0;0.1573;False;0;0;34
ablation_no_real;stress_exploratory_then_useful;stress;3;Q3_useful_margin;True;c1;True;0;0;0;0.333333;0.2503;True;1;1;34
ablation_ceval_any_intersection;stress_exploratory_then_useful;stress;1;Q1_noise_region;False;;False;0;0;0;0.0;0.2465;False;0;0;34
ablation_ceval_any_intersection;stress_exploratory_then_useful;stress;2;Q2_noise_margin_all;False;;False;0;0;0;0.0;0.144;False;0;0;34
ablation_ceval_any_intersection;stress_exploratory_then_useful;stress;3;Q3_useful_margin;True;c1;True;0;0;0;0.333333;0.2454;True;1;1;34
baseline_random_matched;stress_exploratory_then_useful;stress;1;Q1_noise_region;False;;False;0;0;0;0.0;0.0048;;0;0;34
baseline_random_matched;stress_exploratory_then_useful;stress;2;Q2_noise_margin_all;False;;True;1;0;1;0.0;0.0006;;0;0;34
baseline_random_matched;stress_exploratory_then_useful;stress;3;Q3_useful_margin;True;c1;False;0;1;0;0.0;0.0004;;0;0;34
mcad;happy_guided_article_short;happy;1;Q1_margin_month;True;c1;True;0;0;0;0.333333;0.3075;True;1;1;35
mcad;happy_guided_article_short;happy;2;Q2_stockout_store;True;c2;True;0;0;0;0.666667;0.2531;True;1;1;35
mcad;happy_guided_article_short;happy;3;Q3_sales_growth;True;c3;True;0;0;0;1.0;0.3369;True;2;1;35
baseline_naive;happy_guided_article_short;happy;1;Q1_margin_month;True;c1;True;0;0;0;0.333333;0.0019;;0;0;35
baseline_naive;happy_guided_article_short;happy;2;Q2_stockout_store;True;c2;True;0;0;0;0.666667;0.0008;;0;0;35
baseline_naive;happy_guided_article_short;happy;3;Q3_sales_growth;True;c3;True;0;0;0;1.0;0.0006;;0;0;35
baseline_measure_overlap;happy_guided_article_short;happy;1;Q1_margin_month;True;c1;True;0;0;0;0.333333;0.0204;;0;0;35
baseline_measure_overlap;happy_guided_article_short;happy;2;Q2_stockout_store;True;c2;True;0;0;0;0.666667;0.0054;;0;0;35
baseline_measure_overlap;happy_guided_article_short;happy;3;Q3_sales_growth;True;c3;True;0;0;0;1.0;0.0043;;0;0;35
ablation_no_sat;happy_guided_article_short;happy;1;Q1_margin_month;True;c1;True;0;0;0;0.333333;0.3052;True;1;1;35
ablation_no_sat;happy_guided_article_short;happy;2;Q2_stockout_store;True;c2;True;0;0;0;0.666667;0.2518;True;1;1;35
ablation_no_sat;happy_guided_article_short;happy;3;Q3_sales_growth;True;c3;True;0;0;0;1.0;0.3285;True;2;1;35
ablation_no_real;happy_guided_article_short;happy;1;Q1_margin_month;True;c1;True;0;0;0;0.333333;0.311;True;1;1;35
ablation_no_real;happy_guided_article_short;happy;2;Q2_stockout_store;True;c2;True;0;0;0;0.666667;0.2504;True;1;1;35
ablation_no_real;happy_guided_article_short;happy;3;Q3_sales_growth;True;c3;True;0;0;0;1.0;0.3435;True;2;1;35
ablation_ceval_any_intersection;happy_guided_article_short;happy;1;Q1_margin_month;True;c1;True;0;0;0;0.333333;0.2992;True;1;1;35
ablation_ceval_any_intersection;happy_guided_article_short;happy;2;Q2_stockout_store;True;c2;True;0;0;0;0.666667;0.24;True;1;1;35
ablation_ceval_any_intersection;happy_guided_article_short;happy;3;Q3_sales_growth;True;c3;True;0;0;0;1.0;0.341;True;2;1;35
baseline_random_matched;happy_guided_article_short;happy;1;Q1_margin_month;True;c1;True;0;0;0;0.333333;0.004;;0;0;35
baseline_random_matched;happy_guided_article_short;happy;2;Q2_stockout_store;True;c2;False;0;1;0;0.333333;0.0006;;0;0;35
baseline_random_matched;happy_guided_article_short;happy;3;Q3_sales_growth;True;c3;True;0;0;0;0.666667;0.0005;;0;0;35
mcad;happy_guided_reordered;happy;1;Q1_sales_growth;True;c3;True;0;0;0;0.333333;0.4017;True;2;1;35
mcad;happy_guided_reordered;happy;2;Q2_margin_month;True;c1;True;0;0;0;0.666667;0.2549;True;1;1;35
mcad;happy_guided_reordered;happy;3;Q3_stockout_store;True;c2;True;0;0;0;1.0;0.2395;True;1;1;35
baseline_naive;happy_guided_reordered;happy;1;Q1_sales_growth;True;c3;True;0;0;0;0.333333;0.0019;;0;0;35
baseline_naive;happy_guided_reordered;happy;2;Q2_margin_month;True;c1;True;0;0;0;0.666667;0.0006;;0;0;35
baseline_naive;happy_guided_reordered;happy;3;Q3_stockout_store;True;c2;True;0;0;0;1.0;0.0003;;0;0;35
baseline_measure_overlap;happy_guided_reordered;happy;1;Q1_sales_growth;True;c3;True;0;0;0;0.333333;0.0198;;0;0;35
baseline_measure_overlap;happy_guided_reordered;happy;2;Q2_margin_month;True;c1;True;0;0;0;0.666667;0.0051;;0;0;35
baseline_measure_overlap;happy_guided_reordered;happy;3;Q3_stockout_store;True;c2;True;0;0;0;1.0;0.0043;;0;0;35
ablation_no_sat;happy_guided_reordered;happy;1;Q1_sales_growth;True;c3;True;0;0;0;0.333333;0.4486;True;2;1;35
ablation_no_sat;happy_guided_reordered;happy;2;Q2_margin_month;True;c1;True;0;0;0;0.666667;0.247;True;1;1;35
ablation_no_sat;happy_guided_reordered;happy;3;Q3_stockout_store;True;c2;True;0;0;0;1.0;0.2447;True;1;1;35
ablation_no_real;happy_guided_reordered;happy;1;Q1_sales_growth;True;c3;True;0;0;0;0.333333;0.4096;True;2;1;35
ablation_no_real;happy_guided_reordered;happy;2;Q2_margin_month;True;c1;True;0;0;0;0.666667;0.2528;True;1;1;35
ablation_no_real;happy_guided_reordered;happy;3;Q3_stockout_store;True;c2;True;0;0;0;1.0;0.2437;True;1;1;35
ablation_ceval_any_intersection;happy_guided_reordered;happy;1;Q1_sales_growth;True;c3;True;0;0;0;0.333333;0.3958;True;2;1;35
ablation_ceval_any_intersection;happy_guided_reordered;happy;2;Q2_margin_month;True;c1;True;0;0;0;0.666667;0.2479;True;1;1;35
ablation_ceval_any_intersection;happy_guided_reordered;happy;3;Q3_stockout_store;True;c2;True;0;0;0;1.0;0.237;True;1;1;35
baseline_random_matched;happy_guided_reordered;happy;1;Q1_sales_growth;True;c3;True;0;0;0;0.333333;0.0039;;0;0;35
baseline_random_matched;happy_guided_reordered;happy;2;Q2_margin_month;True;c1;True;0;0;0;0.666667;0.0006;;0;0;35
baseline_random_matched;happy_guided_reordered;happy;3;Q3_stockout_store;True;c2;False;0;1;0;0.666667;0.0005;;0;0;35
mcad;happy_guided_compact;happy;1;Q1_margin_month;True;c1;True;0;0;0;0.333333;0.3037;True;1;1;35
mcad;happy_guided_compact;happy;2;Q2_sales_growth;True;c3;True;0;0;0;0.666667;0.3412;True;2;1;35
mcad;happy_guided_compact;happy;3;Q3_stockout_store;True;c2;True;0;0;0;1.0;0.2498;True;1;1;35
baseline_naive;happy_guided_compact;happy;1;Q1_margin_month;True;c1;True;0;0;0;0.333333;0.0014;;0;0;35
baseline_naive;happy_guided_compact;happy;2;Q2_sales_growth;True;c3;True;0;0;0;0.666667;0.0005;;0;0;35
baseline_naive;happy_guided_compact;happy;3;Q3_stockout_store;True;c2;True;0;0;0;1.0;0.0004;;0;0;35
baseline_measure_overlap;happy_guided_compact;happy;1;Q1_margin_month;True;c1;True;0;0;0;0.333333;0.0207;;0;0;35
baseline_measure_overlap;happy_guided_compact;happy;2;Q2_sales_growth;True;c3;True;0;0;0;0.666667;0.0055;;0;0;35
baseline_measure_overlap;happy_guided_compact;happy;3;Q3_stockout_store;True;c2;True;0;0;0;1.0;0.0045;;0;0;35
ablation_no_sat;happy_guided_compact;happy;1;Q1_margin_month;True;c1;True;0;0;0;0.333333;0.444;True;1;1;35
ablation_no_sat;happy_guided_compact;happy;2;Q2_sales_growth;True;c3;True;0;0;0;0.666667;0.3485;True;2;1;35
ablation_no_sat;happy_guided_compact;happy;3;Q3_stockout_store;True;c2;True;0;0;0;1.0;0.2549;True;1;1;35
ablation_no_real;happy_guided_compact;happy;1;Q1_margin_month;True;c1;True;0;0;0;0.333333;0.3294;True;1;1;35
ablation_no_real;happy_guided_compact;happy;2;Q2_sales_growth;True;c3;True;0;0;0;0.666667;0.3408;True;2;1;35
ablation_no_real;happy_guided_compact;happy;3;Q3_stockout_store;True;c2;True;0;0;0;1.0;0.2444;True;1;1;35
ablation_ceval_any_intersection;happy_guided_compact;happy;1;Q1_margin_month;True;c1;True;0;0;0;0.333333;0.3116;True;1;1;35
ablation_ceval_any_intersection;happy_guided_compact;happy;2;Q2_sales_growth;True;c3;True;0;0;0;0.666667;0.3296;True;2;1;35
ablation_ceval_any_intersection;happy_guided_compact;happy;3;Q3_stockout_store;True;c2;True;0;0;0;1.0;0.2366;True;1;1;35
baseline_random_matched;happy_guided_compact;happy;1;Q1_margin_month;True;c1;False;0;1;0;0.0;0.004;;0;0;35
baseline_random_matched;happy_guided_compact;happy;2;Q2_sales_growth;True;c3;True;0;0;0;0.333333;0.0006;;0;0;35
baseline_random_matched;happy_guided_compact;happy;3;Q3_stockout_store;True;c2;True;0;0;0;0.666667;0.0006;;0;0;35
mcad;border_growth_partial_1998_only;border;1;Q1_sales_1998_only;False;;False;0;0;0;0.0;0.3652;True;1;0;35
baseline_naive;border_growth_partial_1998_only;border;1;Q1_sales_1998_only;False;;True;1;0;1;0.0;0.0014;;0;0;35
baseline_measure_overlap;border_growth_partial_1998_only;border;1;Q1_sales_1998_only;False;;True;1;0;1;0.0;0.0278;;0;0;35
ablation_no_sat;border_growth_partial_1998_only;border;1;Q1_sales_1998_only;False;;False;0;0;0;0.0;0.653;True;1;0;35
ablation_no_real;border_growth_partial_1998_only;border;1;Q1_sales_1998_only;False;;True;1;0;1;0.0;0.3954;True;1;0;35
ablation_ceval_any_intersection;border_growth_partial_1998_only;border;1;Q1_sales_1998_only;False;;True;1;0;1;0.0;0.3671;True;1;1;35
baseline_random_matched;border_growth_partial_1998_only;border;1;Q1_sales_1998_only;False;;True;1;0;1;0.0;0.0039;;0;0;35
mcad;border_margin_wrong_grain;border;1;Q1_margin_quarter_only;False;;False;0;0;0;0.0;0.2228;False;0;0;35
baseline_naive;border_margin_wrong_grain;border;1;Q1_margin_quarter_only;False;;True;1;0;1;0.0;0.0017;;0;0;35
baseline_measure_overlap;border_margin_wrong_grain;border;1;Q1_margin_quarter_only;False;;True;1;0;1;0.0;0.0195;;0;0;35
ablation_no_sat;border_margin_wrong_grain;border;1;Q1_margin_quarter_only;False;;False;0;0;0;0.0;0.287;False;0;0;35
ablation_no_real;border_margin_wrong_grain;border;1;Q1_margin_quarter_only;False;;False;0;0;0;0.0;0.2303;False;0;0;35
ablation_ceval_any_intersection;border_margin_wrong_grain;border;1;Q1_margin_quarter_only;False;;False;0;0;0;0.0;0.2216;False;0;0;35
baseline_random_matched;border_margin_wrong_grain;border;1;Q1_margin_quarter_only;False;;True;1;0;1;0.0;0.0038;;0;0;35
mcad;border_stockout_missing_store;border;1;Q1_stockout_category_only;False;;False;0;0;0;0.0;0.2246;False;0;0;35
baseline_naive;border_stockout_missing_store;border;1;Q1_stockout_category_only;False;;True;1;0;1;0.0;0.0015;;0;0;35
baseline_measure_overlap;border_stockout_missing_store;border;1;Q1_stockout_category_only;False;;True;1;0;1;0.0;0.0198;;0;0;35
ablation_no_sat;border_stockout_missing_store;border;1;Q1_stockout_category_only;False;;False;0;0;0;0.0;0.295;False;0;0;35
ablation_no_real;border_stockout_missing_store;border;1;Q1_stockout_category_only;False;;False;0;0;0;0.0;0.4225;False;0;0;35
ablation_ceval_any_intersection;border_stockout_missing_store;border;1;Q1_stockout_category_only;False;;False;0;0;0;0.0;0.2255;False;0;0;35
baseline_random_matched;border_stockout_missing_store;border;1;Q1_stockout_category_only;False;;False;0;0;0;0.0;0.0042;;0;0;35
mcad;adversarial_wrong_region;adversarial;1;Q1_margin_south;False;;False;0;0;0;0.0;0.2063;False;0;0;35
baseline_naive;adversarial_wrong_region;adversarial;1;Q1_margin_south;False;;True;1;0;1;0.0;0.0016;;0;0;35
baseline_measure_overlap;adversarial_wrong_region;adversarial;1;Q1_margin_south;False;;True;1;0;1;0.0;0.0187;;0;0;35
ablation_no_sat;adversarial_wrong_region;adversarial;1;Q1_margin_south;False;;False;0;0;0;0.0;0.2304;False;0;0;35
ablation_no_real;adversarial_wrong_region;adversarial;1;Q1_margin_south;False;;False;0;0;0;0.0;0.2059;False;0;0;35
ablation_ceval_any_intersection;adversarial_wrong_region;adversarial;1;Q1_margin_south;False;;False;0;0;0;0.0;0.1951;False;0;0;35
baseline_random_matched;adversarial_wrong_region;adversarial;1;Q1_margin_south;False;;True;1;0;1;0.0;0.0034;;0;0;35
mcad;adversarial_wrong_year;adversarial;1;Q1_stockout_1997;False;;False;0;0;0;0.0;0.1854;False;0;0;35
baseline_naive;adversarial_wrong_year;adversarial;1;Q1_stockout_1997;False;;True;1;0;1;0.0;0.0014;;0;0;35
baseline_measure_overlap;adversarial_wrong_year;adversarial;1;Q1_stockout_1997;False;;True;1;0;1;0.0;0.0192;;0;0;35
ablation_no_sat;adversarial_wrong_year;adversarial;1;Q1_stockout_1997;False;;False;0;0;0;0.0;0.2192;False;0;0;35
ablation_no_real;adversarial_wrong_year;adversarial;1;Q1_stockout_1997;False;;False;0;0;0;0.0;0.1998;False;0;0;35
ablation_ceval_any_intersection;adversarial_wrong_year;adversarial;1;Q1_stockout_1997;False;;False;0;0;0;0.0;0.2212;False;0;0;35
baseline_random_matched;adversarial_wrong_year;adversarial;1;Q1_stockout_1997;False;;True;1;0;1;0.0;0.0047;;0;0;35
mcad;adversarial_invalid_no_measures;adversarial;1;Q1_invalid_no_measure;False;;False;0;0;0;0.0;0.0975;False;0;0;35
baseline_naive;adversarial_invalid_no_measures;adversarial;1;Q1_invalid_no_measure;False;;True;1;0;1;0.0;0.002;;0;0;35
baseline_measure_overlap;adversarial_invalid_no_measures;adversarial;1;Q1_invalid_no_measure;False;;False;0;0;0;0.0;0.0207;;0;0;35
ablation_no_sat;adversarial_invalid_no_measures;adversarial;1;Q1_invalid_no_measure;False;;False;0;0;0;0.0;0.1109;False;0;0;35
ablation_no_real;adversarial_invalid_no_measures;adversarial;1;Q1_invalid_no_measure;False;;False;0;0;0;0.0;0.1047;False;0;0;35
ablation_ceval_any_intersection;adversarial_invalid_no_measures;adversarial;1;Q1_invalid_no_measure;False;;False;0;0;0;0.0;0.1352;False;0;0;35
baseline_random_matched;adversarial_invalid_no_measures;adversarial;1;Q1_invalid_no_measure;False;;False;0;0;0;0.0;0.0047;;0;0;35
mcad;stress_exploratory_then_useful;stress;1;Q1_noise_region;False;;False;0;0;0;0.0;0.2405;False;0;0;35
mcad;stress_exploratory_then_useful;stress;2;Q2_noise_margin_all;False;;False;0;0;0;0.0;0.1448;False;0;0;35
mcad;stress_exploratory_then_useful;stress;3;Q3_useful_margin;True;c1;True;0;0;0;0.333333;0.2514;True;1;1;35
baseline_naive;stress_exploratory_then_useful;stress;1;Q1_noise_region;False;;True;1;0;1;0.0;0.0016;;0;0;35
baseline_naive;stress_exploratory_then_useful;stress;2;Q2_noise_margin_all;False;;True;1;0;1;0.0;0.0005;;0;0;35
baseline_naive;stress_exploratory_then_useful;stress;3;Q3_useful_margin;True;c1;True;0;0;0;0.333333;0.0004;;0;0;35
baseline_measure_overlap;stress_exploratory_then_useful;stress;1;Q1_noise_region;False;;True;1;0;1;0.0;0.0206;;0;0;35
baseline_measure_overlap;stress_exploratory_then_useful;stress;2;Q2_noise_margin_all;False;;True;1;0;1;0.0;0.0052;;0;0;35
baseline_measure_overlap;stress_exploratory_then_useful;stress;3;Q3_useful_margin;True;c1;True;0;0;0;0.333333;0.0041;;0;0;35
ablation_no_sat;stress_exploratory_then_useful;stress;1;Q1_noise_region;False;;False;0;0;0;0.0;0.2625;False;0;0;35
ablation_no_sat;stress_exploratory_then_useful;stress;2;Q2_noise_margin_all;False;;False;0;0;0;0.0;0.1686;False;0;0;35
ablation_no_sat;stress_exploratory_then_useful;stress;3;Q3_useful_margin;True;c1;True;0;0;0;0.333333;0.253;True;1;1;35
ablation_no_real;stress_exploratory_then_useful;stress;1;Q1_noise_region;False;;False;0;0;0;0.0;0.2326;False;0;0;35
ablation_no_real;stress_exploratory_then_useful;stress;2;Q2_noise_margin_all;False;;False;0;0;0;0.0;0.148;False;0;0;35
ablation_no_real;stress_exploratory_then_useful;stress;3;Q3_useful_margin;True;c1;True;0;0;0;0.333333;0.2547;True;1;1;35
ablation_ceval_any_intersection;stress_exploratory_then_useful;stress;1;Q1_noise_region;False;;False;0;0;0;0.0;0.3373;False;0;0;35
ablation_ceval_any_intersection;stress_exploratory_then_useful;stress;2;Q2_noise_margin_all;False;;False;0;0;0;0.0;0.2448;False;0;0;35
ablation_ceval_any_intersection;stress_exploratory_then_useful;stress;3;Q3_useful_margin;True;c1;True;0;0;0;0.333333;0.3958;True;1;1;35
baseline_random_matched;stress_exploratory_then_useful;stress;1;Q1_noise_region;False;;False;0;0;0;0.0;0.0046;;0;0;35
baseline_random_matched;stress_exploratory_then_useful;stress;2;Q2_noise_margin_all;False;;False;0;0;0;0.0;0.0007;;0;0;35
baseline_random_matched;stress_exploratory_then_useful;stress;3;Q3_useful_margin;True;c1;False;0;1;0;0.0;0.0005;;0;0;35
mcad;happy_guided_article_short;happy;1;Q1_margin_month;True;c1;True;0;0;0;0.333333;0.4582;True;1;1;36
mcad;happy_guided_article_short;happy;2;Q2_stockout_store;True;c2;True;0;0;0;0.666667;0.3883;True;1;1;36
mcad;happy_guided_article_short;happy;3;Q3_sales_growth;True;c3;True;0;0;0;1.0;0.5027;True;2;1;36
baseline_naive;happy_guided_article_short;happy;1;Q1_margin_month;True;c1;True;0;0;0;0.333333;0.0018;;0;0;36
baseline_naive;happy_guided_article_short;happy;2;Q2_stockout_store;True;c2;True;0;0;0;0.666667;0.0011;;0;0;36
baseline_naive;happy_guided_article_short;happy;3;Q3_sales_growth;True;c3;True;0;0;0;1.0;0.0009;;0;0;36
baseline_measure_overlap;happy_guided_article_short;happy;1;Q1_margin_month;True;c1;True;0;0;0;0.333333;0.0201;;0;0;36
baseline_measure_overlap;happy_guided_article_short;happy;2;Q2_stockout_store;True;c2;True;0;0;0;0.666667;0.0053;;0;0;36
baseline_measure_overlap;happy_guided_article_short;happy;3;Q3_sales_growth;True;c3;True;0;0;0;1.0;0.0044;;0;0;36
ablation_no_sat;happy_guided_article_short;happy;1;Q1_margin_month;True;c1;True;0;0;0;0.333333;0.5617;True;1;1;36
ablation_no_sat;happy_guided_article_short;happy;2;Q2_stockout_store;True;c2;True;0;0;0;0.666667;0.4285;True;1;1;36
ablation_no_sat;happy_guided_article_short;happy;3;Q3_sales_growth;True;c3;True;0;0;0;1.0;0.5968;True;2;1;36
ablation_no_real;happy_guided_article_short;happy;1;Q1_margin_month;True;c1;True;0;0;0;0.333333;0.3224;True;1;1;36
ablation_no_real;happy_guided_article_short;happy;2;Q2_stockout_store;True;c2;True;0;0;0;0.666667;0.2529;True;1;1;36
ablation_no_real;happy_guided_article_short;happy;3;Q3_sales_growth;True;c3;True;0;0;0;1.0;0.348;True;2;1;36
ablation_ceval_any_intersection;happy_guided_article_short;happy;1;Q1_margin_month;True;c1;True;0;0;0;0.333333;0.3071;True;1;1;36
ablation_ceval_any_intersection;happy_guided_article_short;happy;2;Q2_stockout_store;True;c2;True;0;0;0;0.666667;0.2516;True;1;1;36
ablation_ceval_any_intersection;happy_guided_article_short;happy;3;Q3_sales_growth;True;c3;True;0;0;0;1.0;0.3249;True;2;1;36
baseline_random_matched;happy_guided_article_short;happy;1;Q1_margin_month;True;c1;False;0;1;0;0.0;0.0047;;0;0;36
baseline_random_matched;happy_guided_article_short;happy;2;Q2_stockout_store;True;c2;True;0;0;0;0.333333;0.0007;;0;0;36
baseline_random_matched;happy_guided_article_short;happy;3;Q3_sales_growth;True;c3;False;0;1;0;0.333333;0.0005;;0;0;36
mcad;happy_guided_reordered;happy;1;Q1_sales_growth;True;c3;True;0;0;0;0.333333;0.3961;True;2;1;36
mcad;happy_guided_reordered;happy;2;Q2_margin_month;True;c1;True;0;0;0;0.666667;0.2463;True;1;1;36
mcad;happy_guided_reordered;happy;3;Q3_stockout_store;True;c2;True;0;0;0;1.0;0.2371;True;1;1;36
baseline_naive;happy_guided_reordered;happy;1;Q1_sales_growth;True;c3;True;0;0;0;0.333333;0.0019;;0;0;36
baseline_naive;happy_guided_reordered;happy;2;Q2_margin_month;True;c1;True;0;0;0;0.666667;0.0005;;0;0;36
baseline_naive;happy_guided_reordered;happy;3;Q3_stockout_store;True;c2;True;0;0;0;1.0;0.0004;;0;0;36
baseline_measure_overlap;happy_guided_reordered;happy;1;Q1_sales_growth;True;c3;True;0;0;0;0.333333;0.0198;;0;0;36
baseline_measure_overlap;happy_guided_reordered;happy;2;Q2_margin_month;True;c1;True;0;0;0;0.666667;0.0053;;0;0;36
baseline_measure_overlap;happy_guided_reordered;happy;3;Q3_stockout_store;True;c2;True;0;0;0;1.0;0.0045;;0;0;36
ablation_no_sat;happy_guided_reordered;happy;1;Q1_sales_growth;True;c3;True;0;0;0;0.333333;0.3998;True;2;1;36
ablation_no_sat;happy_guided_reordered;happy;2;Q2_margin_month;True;c1;True;0;0;0;0.666667;0.2467;True;1;1;36
ablation_no_sat;happy_guided_reordered;happy;3;Q3_stockout_store;True;c2;True;0;0;0;1.0;0.2364;True;1;1;36
ablation_no_real;happy_guided_reordered;happy;1;Q1_sales_growth;True;c3;True;0;0;0;0.333333;0.4523;True;2;1;36
ablation_no_real;happy_guided_reordered;happy;2;Q2_margin_month;True;c1;True;0;0;0;0.666667;0.252;True;1;1;36
ablation_no_real;happy_guided_reordered;happy;3;Q3_stockout_store;True;c2;True;0;0;0;1.0;0.2446;True;1;1;36
ablation_ceval_any_intersection;happy_guided_reordered;happy;1;Q1_sales_growth;True;c3;True;0;0;0;0.333333;0.3972;True;2;1;36
ablation_ceval_any_intersection;happy_guided_reordered;happy;2;Q2_margin_month;True;c1;True;0;0;0;0.666667;0.2465;True;1;1;36
ablation_ceval_any_intersection;happy_guided_reordered;happy;3;Q3_stockout_store;True;c2;True;0;0;0;1.0;0.2371;True;1;1;36
baseline_random_matched;happy_guided_reordered;happy;1;Q1_sales_growth;True;c3;True;0;0;0;0.333333;0.0042;;0;0;36
baseline_random_matched;happy_guided_reordered;happy;2;Q2_margin_month;True;c1;False;0;1;0;0.333333;0.0007;;0;0;36
baseline_random_matched;happy_guided_reordered;happy;3;Q3_stockout_store;True;c2;True;0;0;0;0.666667;0.0004;;0;0;36
mcad;happy_guided_compact;happy;1;Q1_margin_month;True;c1;True;0;0;0;0.333333;0.3144;True;1;1;36
mcad;happy_guided_compact;happy;2;Q2_sales_growth;True;c3;True;0;0;0;0.666667;0.3334;True;2;1;36
mcad;happy_guided_compact;happy;3;Q3_stockout_store;True;c2;True;0;0;0;1.0;0.2379;True;1;1;36
baseline_naive;happy_guided_compact;happy;1;Q1_margin_month;True;c1;True;0;0;0;0.333333;0.0013;;0;0;36
baseline_naive;happy_guided_compact;happy;2;Q2_sales_growth;True;c3;True;0;0;0;0.666667;0.0005;;0;0;36
baseline_naive;happy_guided_compact;happy;3;Q3_stockout_store;True;c2;True;0;0;0;1.0;0.0003;;0;0;36
baseline_measure_overlap;happy_guided_compact;happy;1;Q1_margin_month;True;c1;True;0;0;0;0.333333;0.0197;;0;0;36
baseline_measure_overlap;happy_guided_compact;happy;2;Q2_sales_growth;True;c3;True;0;0;0;0.666667;0.0054;;0;0;36
baseline_measure_overlap;happy_guided_compact;happy;3;Q3_stockout_store;True;c2;True;0;0;0;1.0;0.0045;;0;0;36
ablation_no_sat;happy_guided_compact;happy;1;Q1_margin_month;True;c1;True;0;0;0;0.333333;0.3174;True;1;1;36
ablation_no_sat;happy_guided_compact;happy;2;Q2_sales_growth;True;c3;True;0;0;0;0.666667;0.3344;True;2;1;36
ablation_no_sat;happy_guided_compact;happy;3;Q3_stockout_store;True;c2;True;0;0;0;1.0;0.2401;True;1;1;36
ablation_no_real;happy_guided_compact;happy;1;Q1_margin_month;True;c1;True;0;0;0;0.333333;0.3285;True;1;1;36
ablation_no_real;happy_guided_compact;happy;2;Q2_sales_growth;True;c3;True;0;0;0;0.666667;0.3378;True;2;1;36
ablation_no_real;happy_guided_compact;happy;3;Q3_stockout_store;True;c2;True;0;0;0;1.0;0.2484;True;1;1;36
ablation_ceval_any_intersection;happy_guided_compact;happy;1;Q1_margin_month;True;c1;True;0;0;0;0.333333;0.3145;True;1;1;36
ablation_ceval_any_intersection;happy_guided_compact;happy;2;Q2_sales_growth;True;c3;True;0;0;0;0.666667;0.334;True;2;1;36
ablation_ceval_any_intersection;happy_guided_compact;happy;3;Q3_stockout_store;True;c2;True;0;0;0;1.0;0.2382;True;1;1;36
baseline_random_matched;happy_guided_compact;happy;1;Q1_margin_month;True;c1;True;0;0;0;0.333333;0.0043;;0;0;36
baseline_random_matched;happy_guided_compact;happy;2;Q2_sales_growth;True;c3;False;0;1;0;0.333333;0.0007;;0;0;36
baseline_random_matched;happy_guided_compact;happy;3;Q3_stockout_store;True;c2;False;0;1;0;0.333333;0.0004;;0;0;36
mcad;border_growth_partial_1998_only;border;1;Q1_sales_1998_only;False;;False;0;0;0;0.0;0.366;True;1;0;36
baseline_naive;border_growth_partial_1998_only;border;1;Q1_sales_1998_only;False;;True;1;0;1;0.0;0.0018;;0;0;36
baseline_measure_overlap;border_growth_partial_1998_only;border;1;Q1_sales_1998_only;False;;True;1;0;1;0.0;0.0204;;0;0;36
ablation_no_sat;border_growth_partial_1998_only;border;1;Q1_sales_1998_only;False;;False;0;0;0;0.0;0.3704;True;1;0;36
ablation_no_real;border_growth_partial_1998_only;border;1;Q1_sales_1998_only;False;;True;1;0;1;0.0;0.389;True;1;0;36
ablation_ceval_any_intersection;border_growth_partial_1998_only;border;1;Q1_sales_1998_only;False;;True;1;0;1;0.0;0.3581;True;1;1;36
baseline_random_matched;border_growth_partial_1998_only;border;1;Q1_sales_1998_only;False;;True;1;0;1;0.0;0.0049;;0;0;36
mcad;border_margin_wrong_grain;border;1;Q1_margin_quarter_only;False;;False;0;0;0;0.0;0.2292;False;0;0;36
baseline_naive;border_margin_wrong_grain;border;1;Q1_margin_quarter_only;False;;True;1;0;1;0.0;0.0023;;0;0;36
baseline_measure_overlap;border_margin_wrong_grain;border;1;Q1_margin_quarter_only;False;;True;1;0;1;0.0;0.0193;;0;0;36
ablation_no_sat;border_margin_wrong_grain;border;1;Q1_margin_quarter_only;False;;False;0;0;0;0.0;0.2911;False;0;0;36
ablation_no_real;border_margin_wrong_grain;border;1;Q1_margin_quarter_only;False;;False;0;0;0;0.0;0.2363;False;0;0;36
ablation_ceval_any_intersection;border_margin_wrong_grain;border;1;Q1_margin_quarter_only;False;;False;0;0;0;0.0;0.2199;False;0;0;36
baseline_random_matched;border_margin_wrong_grain;border;1;Q1_margin_quarter_only;False;;True;1;0;1;0.0;0.0041;;0;0;36
mcad;border_stockout_missing_store;border;1;Q1_stockout_category_only;False;;False;0;0;0;0.0;0.2208;False;0;0;36
baseline_naive;border_stockout_missing_store;border;1;Q1_stockout_category_only;False;;True;1;0;1;0.0;0.0015;;0;0;36
baseline_measure_overlap;border_stockout_missing_store;border;1;Q1_stockout_category_only;False;;True;1;0;1;0.0;0.0199;;0;0;36
ablation_no_sat;border_stockout_missing_store;border;1;Q1_stockout_category_only;False;;False;0;0;0;0.0;0.3246;False;0;0;36
ablation_no_real;border_stockout_missing_store;border;1;Q1_stockout_category_only;False;;False;0;0;0;0.0;0.2296;False;0;0;36
ablation_ceval_any_intersection;border_stockout_missing_store;border;1;Q1_stockout_category_only;False;;False;0;0;0;0.0;0.224;False;0;0;36
baseline_random_matched;border_stockout_missing_store;border;1;Q1_stockout_category_only;False;;False;0;0;0;0.0;0.0053;;0;0;36
mcad;adversarial_wrong_region;adversarial;1;Q1_margin_south;False;;False;0;0;0;0.0;0.197;False;0;0;36
baseline_naive;adversarial_wrong_region;adversarial;1;Q1_margin_south;False;;True;1;0;1;0.0;0.0016;;0;0;36
baseline_measure_overlap;adversarial_wrong_region;adversarial;1;Q1_margin_south;False;;True;1;0;1;0.0;0.0199;;0;0;36
ablation_no_sat;adversarial_wrong_region;adversarial;1;Q1_margin_south;False;;False;0;0;0;0.0;0.2407;False;0;0;36
ablation_no_real;adversarial_wrong_region;adversarial;1;Q1_margin_south;False;;False;0;0;0;0.0;0.2643;False;0;0;36
ablation_ceval_any_intersection;adversarial_wrong_region;adversarial;1;Q1_margin_south;False;;False;0;0;0;0.0;0.2074;False;0;0;36
baseline_random_matched;adversarial_wrong_region;adversarial;1;Q1_margin_south;False;;True;1;0;1;0.0;0.0045;;0;0;36
mcad;adversarial_wrong_year;adversarial;1;Q1_stockout_1997;False;;False;0;0;0;0.0;0.191;False;0;0;36
baseline_naive;adversarial_wrong_year;adversarial;1;Q1_stockout_1997;False;;True;1;0;1;0.0;0.0018;;0;0;36
baseline_measure_overlap;adversarial_wrong_year;adversarial;1;Q1_stockout_1997;False;;True;1;0;1;0.0;0.0189;;0;0;36
ablation_no_sat;adversarial_wrong_year;adversarial;1;Q1_stockout_1997;False;;False;0;0;0;0.0;0.2189;False;0;0;36
ablation_no_real;adversarial_wrong_year;adversarial;1;Q1_stockout_1997;False;;False;0;0;0;0.0;0.2223;False;0;0;36
ablation_ceval_any_intersection;adversarial_wrong_year;adversarial;1;Q1_stockout_1997;False;;False;0;0;0;0.0;0.2017;False;0;0;36
baseline_random_matched;adversarial_wrong_year;adversarial;1;Q1_stockout_1997;False;;False;0;0;0;0.0;0.0043;;0;0;36
mcad;adversarial_invalid_no_measures;adversarial;1;Q1_invalid_no_measure;False;;False;0;0;0;0.0;0.0943;False;0;0;36
baseline_naive;adversarial_invalid_no_measures;adversarial;1;Q1_invalid_no_measure;False;;True;1;0;1;0.0;0.0014;;0;0;36
baseline_measure_overlap;adversarial_invalid_no_measures;adversarial;1;Q1_invalid_no_measure;False;;False;0;0;0;0.0;0.0261;;0;0;36
ablation_no_sat;adversarial_invalid_no_measures;adversarial;1;Q1_invalid_no_measure;False;;False;0;0;0;0.0;0.1119;False;0;0;36
ablation_no_real;adversarial_invalid_no_measures;adversarial;1;Q1_invalid_no_measure;False;;False;0;0;0;0.0;0.1077;False;0;0;36
ablation_ceval_any_intersection;adversarial_invalid_no_measures;adversarial;1;Q1_invalid_no_measure;False;;False;0;0;0;0.0;0.0976;False;0;0;36
baseline_random_matched;adversarial_invalid_no_measures;adversarial;1;Q1_invalid_no_measure;False;;False;0;0;0;0.0;0.0045;;0;0;36
mcad;stress_exploratory_then_useful;stress;1;Q1_noise_region;False;;False;0;0;0;0.0;0.2255;False;0;0;36
mcad;stress_exploratory_then_useful;stress;2;Q2_noise_margin_all;False;;False;0;0;0;0.0;0.1526;False;0;0;36
mcad;stress_exploratory_then_useful;stress;3;Q3_useful_margin;True;c1;True;0;0;0;0.333333;0.2516;True;1;1;36
baseline_naive;stress_exploratory_then_useful;stress;1;Q1_noise_region;False;;True;1;0;1;0.0;0.0014;;0;0;36
baseline_naive;stress_exploratory_then_useful;stress;2;Q2_noise_margin_all;False;;True;1;0;1;0.0;0.0005;;0;0;36
baseline_naive;stress_exploratory_then_useful;stress;3;Q3_useful_margin;True;c1;True;0;0;0;0.333333;0.0004;;0;0;36
baseline_measure_overlap;stress_exploratory_then_useful;stress;1;Q1_noise_region;False;;True;1;0;1;0.0;0.02;;0;0;36
baseline_measure_overlap;stress_exploratory_then_useful;stress;2;Q2_noise_margin_all;False;;True;1;0;1;0.0;0.0054;;0;0;36
baseline_measure_overlap;stress_exploratory_then_useful;stress;3;Q3_useful_margin;True;c1;True;0;0;0;0.333333;0.0042;;0;0;36
ablation_no_sat;stress_exploratory_then_useful;stress;1;Q1_noise_region;False;;False;0;0;0;0.0;0.2661;False;0;0;36
ablation_no_sat;stress_exploratory_then_useful;stress;2;Q2_noise_margin_all;False;;False;0;0;0;0.0;0.1715;False;0;0;36
ablation_no_sat;stress_exploratory_then_useful;stress;3;Q3_useful_margin;True;c1;True;0;0;0;0.333333;0.2606;True;1;1;36
ablation_no_real;stress_exploratory_then_useful;stress;1;Q1_noise_region;False;;False;0;0;0;0.0;0.2353;False;0;0;36
ablation_no_real;stress_exploratory_then_useful;stress;2;Q2_noise_margin_all;False;;False;0;0;0;0.0;0.1496;False;0;0;36
ablation_no_real;stress_exploratory_then_useful;stress;3;Q3_useful_margin;True;c1;True;0;0;0;0.333333;0.2586;True;1;1;36
ablation_ceval_any_intersection;stress_exploratory_then_useful;stress;1;Q1_noise_region;False;;False;0;0;0;0.0;0.2394;False;0;0;36
ablation_ceval_any_intersection;stress_exploratory_then_useful;stress;2;Q2_noise_margin_all;False;;False;0;0;0;0.0;0.1433;False;0;0;36
ablation_ceval_any_intersection;stress_exploratory_then_useful;stress;3;Q3_useful_margin;True;c1;True;0;0;0;0.333333;0.2486;True;1;1;36
baseline_random_matched;stress_exploratory_then_useful;stress;1;Q1_noise_region;False;;True;1;0;1;0.0;0.0041;;0;0;36
baseline_random_matched;stress_exploratory_then_useful;stress;2;Q2_noise_margin_all;False;;False;0;0;0;0.0;0.0006;;0;0;36
baseline_random_matched;stress_exploratory_then_useful;stress;3;Q3_useful_margin;True;c1;True;0;0;0;0.333333;0.0006;;0;0;36
mcad;happy_guided_article_short;happy;1;Q1_margin_month;True;c1;True;0;0;0;0.333333;0.3083;True;1;1;37
mcad;happy_guided_article_short;happy;2;Q2_stockout_store;True;c2;True;0;0;0;0.666667;0.2562;True;1;1;37
mcad;happy_guided_article_short;happy;3;Q3_sales_growth;True;c3;True;0;0;0;1.0;0.3316;True;2;1;37
baseline_naive;happy_guided_article_short;happy;1;Q1_margin_month;True;c1;True;0;0;0;0.333333;0.0014;;0;0;37
baseline_naive;happy_guided_article_short;happy;2;Q2_stockout_store;True;c2;True;0;0;0;0.666667;0.0006;;0;0;37
baseline_naive;happy_guided_article_short;happy;3;Q3_sales_growth;True;c3;True;0;0;0;1.0;0.0003;;0;0;37
baseline_measure_overlap;happy_guided_article_short;happy;1;Q1_margin_month;True;c1;True;0;0;0;0.333333;0.0187;;0;0;37
baseline_measure_overlap;happy_guided_article_short;happy;2;Q2_stockout_store;True;c2;True;0;0;0;0.666667;0.0056;;0;0;37
baseline_measure_overlap;happy_guided_article_short;happy;3;Q3_sales_growth;True;c3;True;0;0;0;1.0;0.0044;;0;0;37
ablation_no_sat;happy_guided_article_short;happy;1;Q1_margin_month;True;c1;True;0;0;0;0.333333;0.3222;True;1;1;37
ablation_no_sat;happy_guided_article_short;happy;2;Q2_stockout_store;True;c2;True;0;0;0;0.666667;0.2508;True;1;1;37
ablation_no_sat;happy_guided_article_short;happy;3;Q3_sales_growth;True;c3;True;0;0;0;1.0;0.3346;True;2;1;37
ablation_no_real;happy_guided_article_short;happy;1;Q1_margin_month;True;c1;True;0;0;0;0.333333;0.3143;True;1;1;37
ablation_no_real;happy_guided_article_short;happy;2;Q2_stockout_store;True;c2;True;0;0;0;0.666667;0.2646;True;1;1;37
ablation_no_real;happy_guided_article_short;happy;3;Q3_sales_growth;True;c3;True;0;0;0;1.0;0.3377;True;2;1;37
ablation_ceval_any_intersection;happy_guided_article_short;happy;1;Q1_margin_month;True;c1;True;0;0;0;0.333333;0.3079;True;1;1;37
ablation_ceval_any_intersection;happy_guided_article_short;happy;2;Q2_stockout_store;True;c2;True;0;0;0;0.666667;0.2541;True;1;1;37
ablation_ceval_any_intersection;happy_guided_article_short;happy;3;Q3_sales_growth;True;c3;True;0;0;0;1.0;0.3361;True;2;1;37
baseline_random_matched;happy_guided_article_short;happy;1;Q1_margin_month;True;c1;False;0;1;0;0.0;0.0041;;0;0;37
baseline_random_matched;happy_guided_article_short;happy;2;Q2_stockout_store;True;c2;False;0;1;0;0.0;0.0006;;0;0;37
baseline_random_matched;happy_guided_article_short;happy;3;Q3_sales_growth;True;c3;True;0;0;0;0.333333;0.0005;;0;0;37
mcad;happy_guided_reordered;happy;1;Q1_sales_growth;True;c3;True;0;0;0;0.333333;0.399;True;2;1;37
mcad;happy_guided_reordered;happy;2;Q2_margin_month;True;c1;True;0;0;0;0.666667;0.2605;True;1;1;37
mcad;happy_guided_reordered;happy;3;Q3_stockout_store;True;c2;True;0;0;0;1.0;0.2412;True;1;1;37
baseline_naive;happy_guided_reordered;happy;1;Q1_sales_growth;True;c3;True;0;0;0;0.333333;0.0013;;0;0;37
baseline_naive;happy_guided_reordered;happy;2;Q2_margin_month;True;c1;True;0;0;0;0.666667;0.0005;;0;0;37
baseline_naive;happy_guided_reordered;happy;3;Q3_stockout_store;True;c2;True;0;0;0;1.0;0.0004;;0;0;37
baseline_measure_overlap;happy_guided_reordered;happy;1;Q1_sales_growth;True;c3;True;0;0;0;0.333333;0.0246;;0;0;37
baseline_measure_overlap;happy_guided_reordered;happy;2;Q2_margin_month;True;c1;True;0;0;0;0.666667;0.0061;;0;0;37
baseline_measure_overlap;happy_guided_reordered;happy;3;Q3_stockout_store;True;c2;True;0;0;0;1.0;0.0047;;0;0;37
ablation_no_sat;happy_guided_reordered;happy;1;Q1_sales_growth;True;c3;True;0;0;0;0.333333;0.4003;True;2;1;37
ablation_no_sat;happy_guided_reordered;happy;2;Q2_margin_month;True;c1;True;0;0;0;0.666667;0.2524;True;1;1;37
ablation_no_sat;happy_guided_reordered;happy;3;Q3_stockout_store;True;c2;True;0;0;0;1.0;0.2566;True;1;1;37
ablation_no_real;happy_guided_reordered;happy;1;Q1_sales_growth;True;c3;True;0;0;0;0.333333;0.4053;True;2;1;37
ablation_no_real;happy_guided_reordered;happy;2;Q2_margin_month;True;c1;True;0;0;0;0.666667;0.2588;True;1;1;37
ablation_no_real;happy_guided_reordered;happy;3;Q3_stockout_store;True;c2;True;0;0;0;1.0;0.2558;True;1;1;37
ablation_ceval_any_intersection;happy_guided_reordered;happy;1;Q1_sales_growth;True;c3;True;0;0;0;0.333333;0.4113;True;2;1;37
ablation_ceval_any_intersection;happy_guided_reordered;happy;2;Q2_margin_month;True;c1;True;0;0;0;0.666667;0.2483;True;1;1;37
ablation_ceval_any_intersection;happy_guided_reordered;happy;3;Q3_stockout_store;True;c2;True;0;0;0;1.0;0.2492;True;1;1;37
baseline_random_matched;happy_guided_reordered;happy;1;Q1_sales_growth;True;c3;True;0;0;0;0.333333;0.0034;;0;0;37
baseline_random_matched;happy_guided_reordered;happy;2;Q2_margin_month;True;c1;True;0;0;0;0.666667;0.0006;;0;0;37
baseline_random_matched;happy_guided_reordered;happy;3;Q3_stockout_store;True;c2;True;0;0;0;1.0;0.0005;;0;0;37
mcad;happy_guided_compact;happy;1;Q1_margin_month;True;c1;True;0;0;0;0.333333;0.3204;True;1;1;37
mcad;happy_guided_compact;happy;2;Q2_sales_growth;True;c3;True;0;0;0;0.666667;0.3395;True;2;1;37
mcad;happy_guided_compact;happy;3;Q3_stockout_store;True;c2;True;0;0;0;1.0;0.2448;True;1;1;37
baseline_naive;happy_guided_compact;happy;1;Q1_margin_month;True;c1;True;0;0;0;0.333333;0.0014;;0;0;37
baseline_naive;happy_guided_compact;happy;2;Q2_sales_growth;True;c3;True;0;0;0;0.666667;0.0006;;0;0;37
baseline_naive;happy_guided_compact;happy;3;Q3_stockout_store;True;c2;True;0;0;0;1.0;0.0003;;0;0;37
baseline_measure_overlap;happy_guided_compact;happy;1;Q1_margin_month;True;c1;True;0;0;0;0.333333;0.0211;;0;0;37
baseline_measure_overlap;happy_guided_compact;happy;2;Q2_sales_growth;True;c3;True;0;0;0;0.666667;0.0053;;0;0;37
baseline_measure_overlap;happy_guided_compact;happy;3;Q3_stockout_store;True;c2;True;0;0;0;1.0;0.0044;;0;0;37
ablation_no_sat;happy_guided_compact;happy;1;Q1_margin_month;True;c1;True;0;0;0;0.333333;0.3118;True;1;1;37
ablation_no_sat;happy_guided_compact;happy;2;Q2_sales_growth;True;c3;True;0;0;0;0.666667;0.3381;True;2;1;37
ablation_no_sat;happy_guided_compact;happy;3;Q3_stockout_store;True;c2;True;0;0;0;1.0;0.2443;True;1;1;37
ablation_no_real;happy_guided_compact;happy;1;Q1_margin_month;True;c1;True;0;0;0;0.333333;0.3291;True;1;1;37
ablation_no_real;happy_guided_compact;happy;2;Q2_sales_growth;True;c3;True;0;0;0;0.666667;0.3466;True;2;1;37
ablation_no_real;happy_guided_compact;happy;3;Q3_stockout_store;True;c2;True;0;0;0;1.0;0.2498;True;1;1;37
ablation_ceval_any_intersection;happy_guided_compact;happy;1;Q1_margin_month;True;c1;True;0;0;0;0.333333;0.3155;True;1;1;37
ablation_ceval_any_intersection;happy_guided_compact;happy;2;Q2_sales_growth;True;c3;True;0;0;0;0.666667;0.3335;True;2;1;37
ablation_ceval_any_intersection;happy_guided_compact;happy;3;Q3_stockout_store;True;c2;True;0;0;0;1.0;0.2407;True;1;1;37
baseline_random_matched;happy_guided_compact;happy;1;Q1_margin_month;True;c1;False;0;1;0;0.0;0.0039;;0;0;37
baseline_random_matched;happy_guided_compact;happy;2;Q2_sales_growth;True;c3;True;0;0;0;0.333333;0.0006;;0;0;37
baseline_random_matched;happy_guided_compact;happy;3;Q3_stockout_store;True;c2;False;0;1;0;0.333333;0.0004;;0;0;37
mcad;border_growth_partial_1998_only;border;1;Q1_sales_1998_only;False;;False;0;0;0;0.0;0.3744;True;1;0;37
baseline_naive;border_growth_partial_1998_only;border;1;Q1_sales_1998_only;False;;True;1;0;1;0.0;0.0017;;0;0;37
baseline_measure_overlap;border_growth_partial_1998_only;border;1;Q1_sales_1998_only;False;;True;1;0;1;0.0;0.029;;0;0;37
ablation_no_sat;border_growth_partial_1998_only;border;1;Q1_sales_1998_only;False;;False;0;0;0;0.0;0.3706;True;1;0;37
ablation_no_real;border_growth_partial_1998_only;border;1;Q1_sales_1998_only;False;;True;1;0;1;0.0;0.3778;True;1;0;37
ablation_ceval_any_intersection;border_growth_partial_1998_only;border;1;Q1_sales_1998_only;False;;True;1;0;1;0.0;0.3781;True;1;1;37
baseline_random_matched;border_growth_partial_1998_only;border;1;Q1_sales_1998_only;False;;True;1;0;1;0.0;0.0047;;0;0;37
mcad;border_margin_wrong_grain;border;1;Q1_margin_quarter_only;False;;False;0;0;0;0.0;0.2257;False;0;0;37
baseline_naive;border_margin_wrong_grain;border;1;Q1_margin_quarter_only;False;;True;1;0;1;0.0;0.0013;;0;0;37
baseline_measure_overlap;border_margin_wrong_grain;border;1;Q1_margin_quarter_only;False;;True;1;0;1;0.0;0.0196;;0;0;37
ablation_no_sat;border_margin_wrong_grain;border;1;Q1_margin_quarter_only;False;;False;0;0;0;0.0;0.2891;False;0;0;37
ablation_no_real;border_margin_wrong_grain;border;1;Q1_margin_quarter_only;False;;False;0;0;0;0.0;0.2395;False;0;0;37
ablation_ceval_any_intersection;border_margin_wrong_grain;border;1;Q1_margin_quarter_only;False;;False;0;0;0;0.0;0.2412;False;0;0;37
baseline_random_matched;border_margin_wrong_grain;border;1;Q1_margin_quarter_only;False;;False;0;0;0;0.0;0.0041;;0;0;37
mcad;border_stockout_missing_store;border;1;Q1_stockout_category_only;False;;False;0;0;0;0.0;0.221;False;0;0;37
baseline_naive;border_stockout_missing_store;border;1;Q1_stockout_category_only;False;;True;1;0;1;0.0;0.0014;;0;0;37
baseline_measure_overlap;border_stockout_missing_store;border;1;Q1_stockout_category_only;False;;True;1;0;1;0.0;0.0194;;0;0;37
ablation_no_sat;border_stockout_missing_store;border;1;Q1_stockout_category_only;False;;False;0;0;0;0.0;0.2835;False;0;0;37
ablation_no_real;border_stockout_missing_store;border;1;Q1_stockout_category_only;False;;False;0;0;0;0.0;0.2251;False;0;0;37
ablation_ceval_any_intersection;border_stockout_missing_store;border;1;Q1_stockout_category_only;False;;False;0;0;0;0.0;0.2279;False;0;0;37
baseline_random_matched;border_stockout_missing_store;border;1;Q1_stockout_category_only;False;;True;1;0;1;0.0;0.0047;;0;0;37
mcad;adversarial_wrong_region;adversarial;1;Q1_margin_south;False;;False;0;0;0;0.0;0.1986;False;0;0;37
baseline_naive;adversarial_wrong_region;adversarial;1;Q1_margin_south;False;;True;1;0;1;0.0;0.0014;;0;0;37
baseline_measure_overlap;adversarial_wrong_region;adversarial;1;Q1_margin_south;False;;True;1;0;1;0.0;0.0202;;0;0;37
ablation_no_sat;adversarial_wrong_region;adversarial;1;Q1_margin_south;False;;False;0;0;0;0.0;0.2326;False;0;0;37
ablation_no_real;adversarial_wrong_region;adversarial;1;Q1_margin_south;False;;False;0;0;0;0.0;0.2079;False;0;0;37
ablation_ceval_any_intersection;adversarial_wrong_region;adversarial;1;Q1_margin_south;False;;False;0;0;0;0.0;0.1991;False;0;0;37
baseline_random_matched;adversarial_wrong_region;adversarial;1;Q1_margin_south;False;;True;1;0;1;0.0;0.005;;0;0;37
mcad;adversarial_wrong_year;adversarial;1;Q1_stockout_1997;False;;False;0;0;0;0.0;0.222;False;0;0;37
baseline_naive;adversarial_wrong_year;adversarial;1;Q1_stockout_1997;False;;True;1;0;1;0.0;0.0014;;0;0;37
baseline_measure_overlap;adversarial_wrong_year;adversarial;1;Q1_stockout_1997;False;;True;1;0;1;0.0;0.0198;;0;0;37
ablation_no_sat;adversarial_wrong_year;adversarial;1;Q1_stockout_1997;False;;False;0;0;0;0.0;0.2249;False;0;0;37
ablation_no_real;adversarial_wrong_year;adversarial;1;Q1_stockout_1997;False;;False;0;0;0;0.0;0.2023;False;0;0;37
ablation_ceval_any_intersection;adversarial_wrong_year;adversarial;1;Q1_stockout_1997;False;;False;0;0;0;0.0;0.1931;False;0;0;37
baseline_random_matched;adversarial_wrong_year;adversarial;1;Q1_stockout_1997;False;;True;1;0;1;0.0;0.0039;;0;0;37
mcad;adversarial_invalid_no_measures;adversarial;1;Q1_invalid_no_measure;False;;False;0;0;0;0.0;0.093;False;0;0;37
baseline_naive;adversarial_invalid_no_measures;adversarial;1;Q1_invalid_no_measure;False;;True;1;0;1;0.0;0.0016;;0;0;37
baseline_measure_overlap;adversarial_invalid_no_measures;adversarial;1;Q1_invalid_no_measure;False;;False;0;0;0;0.0;0.0194;;0;0;37
ablation_no_sat;adversarial_invalid_no_measures;adversarial;1;Q1_invalid_no_measure;False;;False;0;0;0;0.0;0.11;False;0;0;37
ablation_no_real;adversarial_invalid_no_measures;adversarial;1;Q1_invalid_no_measure;False;;False;0;0;0;0.0;0.1036;False;0;0;37
ablation_ceval_any_intersection;adversarial_invalid_no_measures;adversarial;1;Q1_invalid_no_measure;False;;False;0;0;0;0.0;0.091;False;0;0;37
baseline_random_matched;adversarial_invalid_no_measures;adversarial;1;Q1_invalid_no_measure;False;;True;1;0;1;0.0;0.004;;0;0;37
mcad;stress_exploratory_then_useful;stress;1;Q1_noise_region;False;;False;0;0;0;0.0;0.2208;False;0;0;37
mcad;stress_exploratory_then_useful;stress;2;Q2_noise_margin_all;False;;False;0;0;0;0.0;0.144;False;0;0;37
mcad;stress_exploratory_then_useful;stress;3;Q3_useful_margin;True;c1;True;0;0;0;0.333333;0.2569;True;1;1;37
baseline_naive;stress_exploratory_then_useful;stress;1;Q1_noise_region;False;;True;1;0;1;0.0;0.0015;;0;0;37
baseline_naive;stress_exploratory_then_useful;stress;2;Q2_noise_margin_all;False;;True;1;0;1;0.0;0.0004;;0;0;37
baseline_naive;stress_exploratory_then_useful;stress;3;Q3_useful_margin;True;c1;True;0;0;0;0.333333;0.0003;;0;0;37
baseline_measure_overlap;stress_exploratory_then_useful;stress;1;Q1_noise_region;False;;True;1;0;1;0.0;0.0212;;0;0;37
baseline_measure_overlap;stress_exploratory_then_useful;stress;2;Q2_noise_margin_all;False;;True;1;0;1;0.0;0.0053;;0;0;37
baseline_measure_overlap;stress_exploratory_then_useful;stress;3;Q3_useful_margin;True;c1;True;0;0;0;0.333333;0.0044;;0;0;37
ablation_no_sat;stress_exploratory_then_useful;stress;1;Q1_noise_region;False;;False;0;0;0;0.0;0.2598;False;0;0;37
ablation_no_sat;stress_exploratory_then_useful;stress;2;Q2_noise_margin_all;False;;False;0;0;0;0.0;0.1691;False;0;0;37
ablation_no_sat;stress_exploratory_then_useful;stress;3;Q3_useful_margin;True;c1;True;0;0;0;0.333333;0.2468;True;1;1;37
ablation_no_real;stress_exploratory_then_useful;stress;1;Q1_noise_region;False;;False;0;0;0;0.0;0.2625;False;0;0;37
ablation_no_real;stress_exploratory_then_useful;stress;2;Q2_noise_margin_all;False;;False;0;0;0;0.0;0.1885;False;0;0;37
ablation_no_real;stress_exploratory_then_useful;stress;3;Q3_useful_margin;True;c1;True;0;0;0;0.333333;0.2929;True;1;1;37
ablation_ceval_any_intersection;stress_exploratory_then_useful;stress;1;Q1_noise_region;False;;False;0;0;0;0.0;0.2217;False;0;0;37
ablation_ceval_any_intersection;stress_exploratory_then_useful;stress;2;Q2_noise_margin_all;False;;False;0;0;0;0.0;0.1536;False;0;0;37
ablation_ceval_any_intersection;stress_exploratory_then_useful;stress;3;Q3_useful_margin;True;c1;True;0;0;0;0.333333;0.2482;True;1;1;37
baseline_random_matched;stress_exploratory_then_useful;stress;1;Q1_noise_region;False;;False;0;0;0;0.0;0.0042;;0;0;37
baseline_random_matched;stress_exploratory_then_useful;stress;2;Q2_noise_margin_all;False;;True;1;0;1;0.0;0.0007;;0;0;37
baseline_random_matched;stress_exploratory_then_useful;stress;3;Q3_useful_margin;True;c1;False;0;1;0;0.0;0.0005;;0;0;37
mcad;happy_guided_article_short;happy;1;Q1_margin_month;True;c1;True;0;0;0;0.333333;0.3279;True;1;1;38
mcad;happy_guided_article_short;happy;2;Q2_stockout_store;True;c2;True;0;0;0;0.666667;0.2457;True;1;1;38
mcad;happy_guided_article_short;happy;3;Q3_sales_growth;True;c3;True;0;0;0;1.0;0.3285;True;2;1;38
baseline_naive;happy_guided_article_short;happy;1;Q1_margin_month;True;c1;True;0;0;0;0.333333;0.0013;;0;0;38
baseline_naive;happy_guided_article_short;happy;2;Q2_stockout_store;True;c2;True;0;0;0;0.666667;0.0005;;0;0;38
baseline_naive;happy_guided_article_short;happy;3;Q3_sales_growth;True;c3;True;0;0;0;1.0;0.0004;;0;0;38
baseline_measure_overlap;happy_guided_article_short;happy;1;Q1_margin_month;True;c1;True;0;0;0;0.333333;0.0203;;0;0;38
baseline_measure_overlap;happy_guided_article_short;happy;2;Q2_stockout_store;True;c2;True;0;0;0;0.666667;0.0053;;0;0;38
baseline_measure_overlap;happy_guided_article_short;happy;3;Q3_sales_growth;True;c3;True;0;0;0;1.0;0.0043;;0;0;38
ablation_no_sat;happy_guided_article_short;happy;1;Q1_margin_month;True;c1;True;0;0;0;0.333333;0.3771;True;1;1;38
ablation_no_sat;happy_guided_article_short;happy;2;Q2_stockout_store;True;c2;True;0;0;0;0.666667;0.2481;True;1;1;38
ablation_no_sat;happy_guided_article_short;happy;3;Q3_sales_growth;True;c3;True;0;0;0;1.0;0.331;True;2;1;38
ablation_no_real;happy_guided_article_short;happy;1;Q1_margin_month;True;c1;True;0;0;0;0.333333;0.3194;True;1;1;38
ablation_no_real;happy_guided_article_short;happy;2;Q2_stockout_store;True;c2;True;0;0;0;0.666667;0.2476;True;1;1;38
ablation_no_real;happy_guided_article_short;happy;3;Q3_sales_growth;True;c3;True;0;0;0;1.0;0.3417;True;2;1;38
ablation_ceval_any_intersection;happy_guided_article_short;happy;1;Q1_margin_month;True;c1;True;0;0;0;0.333333;0.3033;True;1;1;38
ablation_ceval_any_intersection;happy_guided_article_short;happy;2;Q2_stockout_store;True;c2;True;0;0;0;0.666667;0.2429;True;1;1;38
ablation_ceval_any_intersection;happy_guided_article_short;happy;3;Q3_sales_growth;True;c3;True;0;0;0;1.0;0.3351;True;2;1;38
baseline_random_matched;happy_guided_article_short;happy;1;Q1_margin_month;True;c1;True;0;0;0;0.333333;0.0037;;0;0;38
baseline_random_matched;happy_guided_article_short;happy;2;Q2_stockout_store;True;c2;False;0;1;0;0.333333;0.001;;0;0;38
baseline_random_matched;happy_guided_article_short;happy;3;Q3_sales_growth;True;c3;False;0;1;0;0.333333;0.0005;;0;0;38
mcad;happy_guided_reordered;happy;1;Q1_sales_growth;True;c3;True;0;0;0;0.333333;0.3888;True;2;1;38
mcad;happy_guided_reordered;happy;2;Q2_margin_month;True;c1;True;0;0;0;0.666667;0.2465;True;1;1;38
mcad;happy_guided_reordered;happy;3;Q3_stockout_store;True;c2;True;0;0;0;1.0;0.2441;True;1;1;38
baseline_naive;happy_guided_reordered;happy;1;Q1_sales_growth;True;c3;True;0;0;0;0.333333;0.0019;;0;0;38
baseline_naive;happy_guided_reordered;happy;2;Q2_margin_month;True;c1;True;0;0;0;0.666667;0.0005;;0;0;38
baseline_naive;happy_guided_reordered;happy;3;Q3_stockout_store;True;c2;True;0;0;0;1.0;0.0003;;0;0;38
baseline_measure_overlap;happy_guided_reordered;happy;1;Q1_sales_growth;True;c3;True;0;0;0;0.333333;0.0208;;0;0;38
baseline_measure_overlap;happy_guided_reordered;happy;2;Q2_margin_month;True;c1;True;0;0;0;0.666667;0.0054;;0;0;38
baseline_measure_overlap;happy_guided_reordered;happy;3;Q3_stockout_store;True;c2;True;0;0;0;1.0;0.0046;;0;0;38
ablation_no_sat;happy_guided_reordered;happy;1;Q1_sales_growth;True;c3;True;0;0;0;0.333333;0.3938;True;2;1;38
ablation_no_sat;happy_guided_reordered;happy;2;Q2_margin_month;True;c1;True;0;0;0;0.666667;0.2466;True;1;1;38
ablation_no_sat;happy_guided_reordered;happy;3;Q3_stockout_store;True;c2;True;0;0;0;1.0;0.2394;True;1;1;38
ablation_no_real;happy_guided_reordered;happy;1;Q1_sales_growth;True;c3;True;0;0;0;0.333333;0.3989;True;2;1;38
ablation_no_real;happy_guided_reordered;happy;2;Q2_margin_month;True;c1;True;0;0;0;0.666667;0.2522;True;1;1;38
ablation_no_real;happy_guided_reordered;happy;3;Q3_stockout_store;True;c2;True;0;0;0;1.0;0.2533;True;1;1;38
ablation_ceval_any_intersection;happy_guided_reordered;happy;1;Q1_sales_growth;True;c3;True;0;0;0;0.333333;0.3848;True;2;1;38
ablation_ceval_any_intersection;happy_guided_reordered;happy;2;Q2_margin_month;True;c1;True;0;0;0;0.666667;0.244;True;1;1;38
ablation_ceval_any_intersection;happy_guided_reordered;happy;3;Q3_stockout_store;True;c2;True;0;0;0;1.0;0.2435;True;1;1;38
baseline_random_matched;happy_guided_reordered;happy;1;Q1_sales_growth;True;c3;False;0;1;0;0.0;0.004;;0;0;38
baseline_random_matched;happy_guided_reordered;happy;2;Q2_margin_month;True;c1;True;0;0;0;0.333333;0.0007;;0;0;38
baseline_random_matched;happy_guided_reordered;happy;3;Q3_stockout_store;True;c2;False;0;1;0;0.333333;0.0005;;0;0;38
mcad;happy_guided_compact;happy;1;Q1_margin_month;True;c1;True;0;0;0;0.333333;0.3103;True;1;1;38
mcad;happy_guided_compact;happy;2;Q2_sales_growth;True;c3;True;0;0;0;0.666667;0.3371;True;2;1;38
mcad;happy_guided_compact;happy;3;Q3_stockout_store;True;c2;True;0;0;0;1.0;0.2536;True;1;1;38
baseline_naive;happy_guided_compact;happy;1;Q1_margin_month;True;c1;True;0;0;0;0.333333;0.0017;;0;0;38
baseline_naive;happy_guided_compact;happy;2;Q2_sales_growth;True;c3;True;0;0;0;0.666667;0.0006;;0;0;38
baseline_naive;happy_guided_compact;happy;3;Q3_stockout_store;True;c2;True;0;0;0;1.0;0.0003;;0;0;38
baseline_measure_overlap;happy_guided_compact;happy;1;Q1_margin_month;True;c1;True;0;0;0;0.333333;0.02;;0;0;38
baseline_measure_overlap;happy_guided_compact;happy;2;Q2_sales_growth;True;c3;True;0;0;0;0.666667;0.0053;;0;0;38
baseline_measure_overlap;happy_guided_compact;happy;3;Q3_stockout_store;True;c2;True;0;0;0;1.0;0.0042;;0;0;38
ablation_no_sat;happy_guided_compact;happy;1;Q1_margin_month;True;c1;True;0;0;0;0.333333;0.3068;True;1;1;38
ablation_no_sat;happy_guided_compact;happy;2;Q2_sales_growth;True;c3;True;0;0;0;0.666667;0.3392;True;2;1;38
ablation_no_sat;happy_guided_compact;happy;3;Q3_stockout_store;True;c2;True;0;0;0;1.0;0.2402;True;1;1;38
ablation_no_real;happy_guided_compact;happy;1;Q1_margin_month;True;c1;True;0;0;0;0.333333;0.3127;True;1;1;38
ablation_no_real;happy_guided_compact;happy;2;Q2_sales_growth;True;c3;True;0;0;0;0.666667;0.3365;True;2;1;38
ablation_no_real;happy_guided_compact;happy;3;Q3_stockout_store;True;c2;True;0;0;0;1.0;0.2519;True;1;1;38
ablation_ceval_any_intersection;happy_guided_compact;happy;1;Q1_margin_month;True;c1;True;0;0;0;0.333333;0.3045;True;1;1;38
ablation_ceval_any_intersection;happy_guided_compact;happy;2;Q2_sales_growth;True;c3;True;0;0;0;0.666667;0.334;True;2;1;38
ablation_ceval_any_intersection;happy_guided_compact;happy;3;Q3_stockout_store;True;c2;True;0;0;0;1.0;0.246;True;1;1;38
baseline_random_matched;happy_guided_compact;happy;1;Q1_margin_month;True;c1;True;0;0;0;0.333333;0.0036;;0;0;38
baseline_random_matched;happy_guided_compact;happy;2;Q2_sales_growth;True;c3;True;0;0;0;0.666667;0.0007;;0;0;38
baseline_random_matched;happy_guided_compact;happy;3;Q3_stockout_store;True;c2;False;0;1;0;0.666667;0.0004;;0;0;38
mcad;border_growth_partial_1998_only;border;1;Q1_sales_1998_only;False;;False;0;0;0;0.0;0.3668;True;1;0;38
baseline_naive;border_growth_partial_1998_only;border;1;Q1_sales_1998_only;False;;True;1;0;1;0.0;0.0016;;0;0;38
baseline_measure_overlap;border_growth_partial_1998_only;border;1;Q1_sales_1998_only;False;;True;1;0;1;0.0;0.0187;;0;0;38
ablation_no_sat;border_growth_partial_1998_only;border;1;Q1_sales_1998_only;False;;False;0;0;0;0.0;0.3668;True;1;0;38
ablation_no_real;border_growth_partial_1998_only;border;1;Q1_sales_1998_only;False;;True;1;0;1;0.0;0.3717;True;1;0;38
ablation_ceval_any_intersection;border_growth_partial_1998_only;border;1;Q1_sales_1998_only;False;;True;1;0;1;0.0;0.3601;True;1;1;38
baseline_random_matched;border_growth_partial_1998_only;border;1;Q1_sales_1998_only;False;;True;1;0;1;0.0;0.0047;;0;0;38
mcad;border_margin_wrong_grain;border;1;Q1_margin_quarter_only;False;;False;0;0;0;0.0;0.2267;False;0;0;38
baseline_naive;border_margin_wrong_grain;border;1;Q1_margin_quarter_only;False;;True;1;0;1;0.0;0.0013;;0;0;38
baseline_measure_overlap;border_margin_wrong_grain;border;1;Q1_margin_quarter_only;False;;True;1;0;1;0.0;0.0204;;0;0;38
ablation_no_sat;border_margin_wrong_grain;border;1;Q1_margin_quarter_only;False;;False;0;0;0;0.0;0.2957;False;0;0;38
ablation_no_real;border_margin_wrong_grain;border;1;Q1_margin_quarter_only;False;;False;0;0;0;0.0;0.2313;False;0;0;38
ablation_ceval_any_intersection;border_margin_wrong_grain;border;1;Q1_margin_quarter_only;False;;False;0;0;0;0.0;0.7782;False;0;0;38
baseline_random_matched;border_margin_wrong_grain;border;1;Q1_margin_quarter_only;False;;True;1;0;1;0.0;0.0052;;0;0;38
mcad;border_stockout_missing_store;border;1;Q1_stockout_category_only;False;;False;0;0;0;0.0;0.4193;False;0;0;38
baseline_naive;border_stockout_missing_store;border;1;Q1_stockout_category_only;False;;True;1;0;1;0.0;0.0015;;0;0;38
baseline_measure_overlap;border_stockout_missing_store;border;1;Q1_stockout_category_only;False;;True;1;0;1;0.0;0.0202;;0;0;38
ablation_no_sat;border_stockout_missing_store;border;1;Q1_stockout_category_only;False;;False;0;0;0;0.0;0.2839;False;0;0;38
ablation_no_real;border_stockout_missing_store;border;1;Q1_stockout_category_only;False;;False;0;0;0;0.0;0.234;False;0;0;38
ablation_ceval_any_intersection;border_stockout_missing_store;border;1;Q1_stockout_category_only;False;;False;0;0;0;0.0;0.2343;False;0;0;38
baseline_random_matched;border_stockout_missing_store;border;1;Q1_stockout_category_only;False;;False;0;0;0;0.0;0.0041;;0;0;38
mcad;adversarial_wrong_region;adversarial;1;Q1_margin_south;False;;False;0;0;0;0.0;0.1976;False;0;0;38
baseline_naive;adversarial_wrong_region;adversarial;1;Q1_margin_south;False;;True;1;0;1;0.0;0.0017;;0;0;38
baseline_measure_overlap;adversarial_wrong_region;adversarial;1;Q1_margin_south;False;;True;1;0;1;0.0;0.0209;;0;0;38
ablation_no_sat;adversarial_wrong_region;adversarial;1;Q1_margin_south;False;;False;0;0;0;0.0;0.2546;False;0;0;38
ablation_no_real;adversarial_wrong_region;adversarial;1;Q1_margin_south;False;;False;0;0;0;0.0;0.2071;False;0;0;38
ablation_ceval_any_intersection;adversarial_wrong_region;adversarial;1;Q1_margin_south;False;;False;0;0;0;0.0;0.1943;False;0;0;38
baseline_random_matched;adversarial_wrong_region;adversarial;1;Q1_margin_south;False;;True;1;0;1;0.0;0.0038;;0;0;38
mcad;adversarial_wrong_year;adversarial;1;Q1_stockout_1997;False;;False;0;0;0;0.0;0.1905;False;0;0;38
baseline_naive;adversarial_wrong_year;adversarial;1;Q1_stockout_1997;False;;True;1;0;1;0.0;0.0014;;0;0;38
baseline_measure_overlap;adversarial_wrong_year;adversarial;1;Q1_stockout_1997;False;;True;1;0;1;0.0;0.0212;;0;0;38
ablation_no_sat;adversarial_wrong_year;adversarial;1;Q1_stockout_1997;False;;False;0;0;0;0.0;0.2266;False;0;0;38
ablation_no_real;adversarial_wrong_year;adversarial;1;Q1_stockout_1997;False;;False;0;0;0;0.0;0.201;False;0;0;38
ablation_ceval_any_intersection;adversarial_wrong_year;adversarial;1;Q1_stockout_1997;False;;False;0;0;0;0.0;0.1926;False;0;0;38
baseline_random_matched;adversarial_wrong_year;adversarial;1;Q1_stockout_1997;False;;True;1;0;1;0.0;0.0041;;0;0;38
mcad;adversarial_invalid_no_measures;adversarial;1;Q1_invalid_no_measure;False;;False;0;0;0;0.0;0.0951;False;0;0;38
baseline_naive;adversarial_invalid_no_measures;adversarial;1;Q1_invalid_no_measure;False;;True;1;0;1;0.0;0.0015;;0;0;38
baseline_measure_overlap;adversarial_invalid_no_measures;adversarial;1;Q1_invalid_no_measure;False;;False;0;0;0;0.0;0.02;;0;0;38
ablation_no_sat;adversarial_invalid_no_measures;adversarial;1;Q1_invalid_no_measure;False;;False;0;0;0;0.0;0.1114;False;0;0;38
ablation_no_real;adversarial_invalid_no_measures;adversarial;1;Q1_invalid_no_measure;False;;False;0;0;0;0.0;0.1055;False;0;0;38
ablation_ceval_any_intersection;adversarial_invalid_no_measures;adversarial;1;Q1_invalid_no_measure;False;;False;0;0;0;0.0;0.1356;False;0;0;38
baseline_random_matched;adversarial_invalid_no_measures;adversarial;1;Q1_invalid_no_measure;False;;False;0;0;0;0.0;0.0044;;0;0;38
mcad;stress_exploratory_then_useful;stress;1;Q1_noise_region;False;;False;0;0;0;0.0;0.2245;False;0;0;38
mcad;stress_exploratory_then_useful;stress;2;Q2_noise_margin_all;False;;False;0;0;0;0.0;0.1432;False;0;0;38
mcad;stress_exploratory_then_useful;stress;3;Q3_useful_margin;True;c1;True;0;0;0;0.333333;0.2527;True;1;1;38
baseline_naive;stress_exploratory_then_useful;stress;1;Q1_noise_region;False;;True;1;0;1;0.0;0.0016;;0;0;38
baseline_naive;stress_exploratory_then_useful;stress;2;Q2_noise_margin_all;False;;True;1;0;1;0.0;0.0005;;0;0;38
baseline_naive;stress_exploratory_then_useful;stress;3;Q3_useful_margin;True;c1;True;0;0;0;0.333333;0.0003;;0;0;38
baseline_measure_overlap;stress_exploratory_then_useful;stress;1;Q1_noise_region;False;;True;1;0;1;0.0;0.018;;0;0;38
baseline_measure_overlap;stress_exploratory_then_useful;stress;2;Q2_noise_margin_all;False;;True;1;0;1;0.0;0.0054;;0;0;38
baseline_measure_overlap;stress_exploratory_then_useful;stress;3;Q3_useful_margin;True;c1;True;0;0;0;0.333333;0.0041;;0;0;38
ablation_no_sat;stress_exploratory_then_useful;stress;1;Q1_noise_region;False;;False;0;0;0;0.0;0.2627;False;0;0;38
ablation_no_sat;stress_exploratory_then_useful;stress;2;Q2_noise_margin_all;False;;False;0;0;0;0.0;0.1697;False;0;0;38
ablation_no_sat;stress_exploratory_then_useful;stress;3;Q3_useful_margin;True;c1;True;0;0;0;0.333333;0.243;True;1;1;38
ablation_no_real;stress_exploratory_then_useful;stress;1;Q1_noise_region;False;;False;0;0;0;0.0;0.266;False;0;0;38
ablation_no_real;stress_exploratory_then_useful;stress;2;Q2_noise_margin_all;False;;False;0;0;0;0.0;0.1556;False;0;0;38
ablation_no_real;stress_exploratory_then_useful;stress;3;Q3_useful_margin;True;c1;True;0;0;0;0.333333;0.255;True;1;1;38
ablation_ceval_any_intersection;stress_exploratory_then_useful;stress;1;Q1_noise_region;False;;False;0;0;0;0.0;0.2284;False;0;0;38
ablation_ceval_any_intersection;stress_exploratory_then_useful;stress;2;Q2_noise_margin_all;False;;False;0;0;0;0.0;0.141;False;0;0;38
ablation_ceval_any_intersection;stress_exploratory_then_useful;stress;3;Q3_useful_margin;True;c1;True;0;0;0;0.333333;0.2457;True;1;1;38
baseline_random_matched;stress_exploratory_then_useful;stress;1;Q1_noise_region;False;;True;1;0;1;0.0;0.0037;;0;0;38
baseline_random_matched;stress_exploratory_then_useful;stress;2;Q2_noise_margin_all;False;;True;1;0;1;0.0;0.0007;;0;0;38
baseline_random_matched;stress_exploratory_then_useful;stress;3;Q3_useful_margin;True;c1;True;0;0;0;0.333333;0.0005;;0;0;38
mcad;happy_guided_article_short;happy;1;Q1_margin_month;True;c1;True;0;0;0;0.333333;0.3087;True;1;1;39
mcad;happy_guided_article_short;happy;2;Q2_stockout_store;True;c2;True;0;0;0;0.666667;0.2578;True;1;1;39
mcad;happy_guided_article_short;happy;3;Q3_sales_growth;True;c3;True;0;0;0;1.0;0.3292;True;2;1;39
baseline_naive;happy_guided_article_short;happy;1;Q1_margin_month;True;c1;True;0;0;0;0.333333;0.0016;;0;0;39
baseline_naive;happy_guided_article_short;happy;2;Q2_stockout_store;True;c2;True;0;0;0;0.666667;0.0005;;0;0;39
baseline_naive;happy_guided_article_short;happy;3;Q3_sales_growth;True;c3;True;0;0;0;1.0;0.0003;;0;0;39
baseline_measure_overlap;happy_guided_article_short;happy;1;Q1_margin_month;True;c1;True;0;0;0;0.333333;0.0218;;0;0;39
baseline_measure_overlap;happy_guided_article_short;happy;2;Q2_stockout_store;True;c2;True;0;0;0;0.666667;0.0054;;0;0;39
baseline_measure_overlap;happy_guided_article_short;happy;3;Q3_sales_growth;True;c3;True;0;0;0;1.0;0.0045;;0;0;39
ablation_no_sat;happy_guided_article_short;happy;1;Q1_margin_month;True;c1;True;0;0;0;0.333333;0.4001;True;1;1;39
ablation_no_sat;happy_guided_article_short;happy;2;Q2_stockout_store;True;c2;True;0;0;0;0.666667;0.4704;True;1;1;39
ablation_no_sat;happy_guided_article_short;happy;3;Q3_sales_growth;True;c3;True;0;0;0;1.0;0.5946;True;2;1;39
ablation_no_real;happy_guided_article_short;happy;1;Q1_margin_month;True;c1;True;0;0;0;0.333333;0.5684;True;1;1;39
ablation_no_real;happy_guided_article_short;happy;2;Q2_stockout_store;True;c2;True;0;0;0;0.666667;0.5149;True;1;1;39
ablation_no_real;happy_guided_article_short;happy;3;Q3_sales_growth;True;c3;True;0;0;0;1.0;0.7156;True;2;1;39
ablation_ceval_any_intersection;happy_guided_article_short;happy;1;Q1_margin_month;True;c1;True;0;0;0;0.333333;0.3067;True;1;1;39
ablation_ceval_any_intersection;happy_guided_article_short;happy;2;Q2_stockout_store;True;c2;True;0;0;0;0.666667;0.2608;True;1;1;39
ablation_ceval_any_intersection;happy_guided_article_short;happy;3;Q3_sales_growth;True;c3;True;0;0;0;1.0;0.3315;True;2;1;39
baseline_random_matched;happy_guided_article_short;happy;1;Q1_margin_month;True;c1;False;0;1;0;0.0;0.0035;;0;0;39
baseline_random_matched;happy_guided_article_short;happy;2;Q2_stockout_store;True;c2;False;0;1;0;0.0;0.0006;;0;0;39
baseline_random_matched;happy_guided_article_short;happy;3;Q3_sales_growth;True;c3;False;0;1;0;0.0;0.0004;;0;0;39
mcad;happy_guided_reordered;happy;1;Q1_sales_growth;True;c3;True;0;0;0;0.333333;0.3946;True;2;1;39
mcad;happy_guided_reordered;happy;2;Q2_margin_month;True;c1;True;0;0;0;0.666667;0.2573;True;1;1;39
mcad;happy_guided_reordered;happy;3;Q3_stockout_store;True;c2;True;0;0;0;1.0;0.2385;True;1;1;39
baseline_naive;happy_guided_reordered;happy;1;Q1_sales_growth;True;c3;True;0;0;0;0.333333;0.0021;;0;0;39
baseline_naive;happy_guided_reordered;happy;2;Q2_margin_month;True;c1;True;0;0;0;0.666667;0.0008;;0;0;39
baseline_naive;happy_guided_reordered;happy;3;Q3_stockout_store;True;c2;True;0;0;0;1.0;0.0006;;0;0;39
baseline_measure_overlap;happy_guided_reordered;happy;1;Q1_sales_growth;True;c3;True;0;0;0;0.333333;0.0194;;0;0;39
baseline_measure_overlap;happy_guided_reordered;happy;2;Q2_margin_month;True;c1;True;0;0;0;0.666667;0.0052;;0;0;39
baseline_measure_overlap;happy_guided_reordered;happy;3;Q3_stockout_store;True;c2;True;0;0;0;1.0;0.0045;;0;0;39
ablation_no_sat;happy_guided_reordered;happy;1;Q1_sales_growth;True;c3;True;0;0;0;0.333333;0.4295;True;2;1;39
ablation_no_sat;happy_guided_reordered;happy;2;Q2_margin_month;True;c1;True;0;0;0;0.666667;0.2486;True;1;1;39
ablation_no_sat;happy_guided_reordered;happy;3;Q3_stockout_store;True;c2;True;0;0;0;1.0;0.2388;True;1;1;39
ablation_no_real;happy_guided_reordered;happy;1;Q1_sales_growth;True;c3;True;0;0;0;0.333333;0.4003;True;2;1;39
ablation_no_real;happy_guided_reordered;happy;2;Q2_margin_month;True;c1;True;0;0;0;0.666667;0.2647;True;1;1;39
ablation_no_real;happy_guided_reordered;happy;3;Q3_stockout_store;True;c2;True;0;0;0;1.0;0.2461;True;1;1;39
ablation_ceval_any_intersection;happy_guided_reordered;happy;1;Q1_sales_growth;True;c3;True;0;0;0;0.333333;0.3906;True;2;1;39
ablation_ceval_any_intersection;happy_guided_reordered;happy;2;Q2_margin_month;True;c1;True;0;0;0;0.666667;0.2451;True;1;1;39
ablation_ceval_any_intersection;happy_guided_reordered;happy;3;Q3_stockout_store;True;c2;True;0;0;0;1.0;0.2405;True;1;1;39
baseline_random_matched;happy_guided_reordered;happy;1;Q1_sales_growth;True;c3;False;0;1;0;0.0;0.0039;;0;0;39
baseline_random_matched;happy_guided_reordered;happy;2;Q2_margin_month;True;c1;False;0;1;0;0.0;0.0007;;0;0;39
baseline_random_matched;happy_guided_reordered;happy;3;Q3_stockout_store;True;c2;True;0;0;0;0.333333;0.0004;;0;0;39
mcad;happy_guided_compact;happy;1;Q1_margin_month;True;c1;True;0;0;0;0.333333;0.303;True;1;1;39
mcad;happy_guided_compact;happy;2;Q2_sales_growth;True;c3;True;0;0;0;0.666667;0.3339;True;2;1;39
mcad;happy_guided_compact;happy;3;Q3_stockout_store;True;c2;True;0;0;0;1.0;0.2612;True;1;1;39
baseline_naive;happy_guided_compact;happy;1;Q1_margin_month;True;c1;True;0;0;0;0.333333;0.0024;;0;0;39
baseline_naive;happy_guided_compact;happy;2;Q2_sales_growth;True;c3;True;0;0;0;0.666667;0.0005;;0;0;39
baseline_naive;happy_guided_compact;happy;3;Q3_stockout_store;True;c2;True;0;0;0;1.0;0.0004;;0;0;39
baseline_measure_overlap;happy_guided_compact;happy;1;Q1_margin_month;True;c1;True;0;0;0;0.333333;0.0187;;0;0;39
baseline_measure_overlap;happy_guided_compact;happy;2;Q2_sales_growth;True;c3;True;0;0;0;0.666667;0.0053;;0;0;39
baseline_measure_overlap;happy_guided_compact;happy;3;Q3_stockout_store;True;c2;True;0;0;0;1.0;0.0046;;0;0;39
ablation_no_sat;happy_guided_compact;happy;1;Q1_margin_month;True;c1;True;0;0;0;0.333333;0.3108;True;1;1;39
ablation_no_sat;happy_guided_compact;happy;2;Q2_sales_growth;True;c3;True;0;0;0;0.666667;0.3345;True;2;1;39
ablation_no_sat;happy_guided_compact;happy;3;Q3_stockout_store;True;c2;True;0;0;0;1.0;0.2384;True;1;1;39
ablation_no_real;happy_guided_compact;happy;1;Q1_margin_month;True;c1;True;0;0;0;0.333333;0.3461;True;1;1;39
ablation_no_real;happy_guided_compact;happy;2;Q2_sales_growth;True;c3;True;0;0;0;0.666667;0.3416;True;2;1;39
ablation_no_real;happy_guided_compact;happy;3;Q3_stockout_store;True;c2;True;0;0;0;1.0;0.2543;True;1;1;39
ablation_ceval_any_intersection;happy_guided_compact;happy;1;Q1_margin_month;True;c1;True;0;0;0;0.333333;0.3054;True;1;1;39
ablation_ceval_any_intersection;happy_guided_compact;happy;2;Q2_sales_growth;True;c3;True;0;0;0;0.666667;0.327;True;2;1;39
ablation_ceval_any_intersection;happy_guided_compact;happy;3;Q3_stockout_store;True;c2;True;0;0;0;1.0;0.243;True;1;1;39
baseline_random_matched;happy_guided_compact;happy;1;Q1_margin_month;True;c1;True;0;0;0;0.333333;0.0041;;0;0;39
baseline_random_matched;happy_guided_compact;happy;2;Q2_sales_growth;True;c3;True;0;0;0;0.666667;0.0007;;0;0;39
baseline_random_matched;happy_guided_compact;happy;3;Q3_stockout_store;True;c2;True;0;0;0;1.0;0.0008;;0;0;39
mcad;border_growth_partial_1998_only;border;1;Q1_sales_1998_only;False;;False;0;0;0;0.0;0.3845;True;1;0;39
baseline_naive;border_growth_partial_1998_only;border;1;Q1_sales_1998_only;False;;True;1;0;1;0.0;0.0019;;0;0;39
baseline_measure_overlap;border_growth_partial_1998_only;border;1;Q1_sales_1998_only;False;;True;1;0;1;0.0;0.0194;;0;0;39
ablation_no_sat;border_growth_partial_1998_only;border;1;Q1_sales_1998_only;False;;False;0;0;0;0.0;0.3593;True;1;0;39
ablation_no_real;border_growth_partial_1998_only;border;1;Q1_sales_1998_only;False;;True;1;0;1;0.0;0.3964;True;1;0;39
ablation_ceval_any_intersection;border_growth_partial_1998_only;border;1;Q1_sales_1998_only;False;;True;1;0;1;0.0;0.3664;True;1;1;39
baseline_random_matched;border_growth_partial_1998_only;border;1;Q1_sales_1998_only;False;;False;0;0;0;0.0;0.0038;;0;0;39
mcad;border_margin_wrong_grain;border;1;Q1_margin_quarter_only;False;;False;0;0;0;0.0;0.2206;False;0;0;39
baseline_naive;border_margin_wrong_grain;border;1;Q1_margin_quarter_only;False;;True;1;0;1;0.0;0.0014;;0;0;39
baseline_measure_overlap;border_margin_wrong_grain;border;1;Q1_margin_quarter_only;False;;True;1;0;1;0.0;0.0187;;0;0;39
ablation_no_sat;border_margin_wrong_grain;border;1;Q1_margin_quarter_only;False;;False;0;0;0;0.0;0.2882;False;0;0;39
ablation_no_real;border_margin_wrong_grain;border;1;Q1_margin_quarter_only;False;;False;0;0;0;0.0;0.2283;False;0;0;39
ablation_ceval_any_intersection;border_margin_wrong_grain;border;1;Q1_margin_quarter_only;False;;False;0;0;0;0.0;0.217;False;0;0;39
baseline_random_matched;border_margin_wrong_grain;border;1;Q1_margin_quarter_only;False;;False;0;0;0;0.0;0.0049;;0;0;39
mcad;border_stockout_missing_store;border;1;Q1_stockout_category_only;False;;False;0;0;0;0.0;0.2197;False;0;0;39
baseline_naive;border_stockout_missing_store;border;1;Q1_stockout_category_only;False;;True;1;0;1;0.0;0.0016;;0;0;39
baseline_measure_overlap;border_stockout_missing_store;border;1;Q1_stockout_category_only;False;;True;1;0;1;0.0;0.0201;;0;0;39
ablation_no_sat;border_stockout_missing_store;border;1;Q1_stockout_category_only;False;;False;0;0;0;0.0;0.2846;False;0;0;39
ablation_no_real;border_stockout_missing_store;border;1;Q1_stockout_category_only;False;;False;0;0;0;0.0;0.2289;False;0;0;39
ablation_ceval_any_intersection;border_stockout_missing_store;border;1;Q1_stockout_category_only;False;;False;0;0;0;0.0;0.2175;False;0;0;39
baseline_random_matched;border_stockout_missing_store;border;1;Q1_stockout_category_only;False;;True;1;0;1;0.0;0.0041;;0;0;39
mcad;adversarial_wrong_region;adversarial;1;Q1_margin_south;False;;False;0;0;0;0.0;0.1999;False;0;0;39
baseline_naive;adversarial_wrong_region;adversarial;1;Q1_margin_south;False;;True;1;0;1;0.0;0.0014;;0;0;39
baseline_measure_overlap;adversarial_wrong_region;adversarial;1;Q1_margin_south;False;;True;1;0;1;0.0;0.02;;0;0;39
ablation_no_sat;adversarial_wrong_region;adversarial;1;Q1_margin_south;False;;False;0;0;0;0.0;0.2302;False;0;0;39
ablation_no_real;adversarial_wrong_region;adversarial;1;Q1_margin_south;False;;False;0;0;0;0.0;0.1987;False;0;0;39
ablation_ceval_any_intersection;adversarial_wrong_region;adversarial;1;Q1_margin_south;False;;False;0;0;0;0.0;0.1925;False;0;0;39
baseline_random_matched;adversarial_wrong_region;adversarial;1;Q1_margin_south;False;;True;1;0;1;0.0;0.0042;;0;0;39
mcad;adversarial_wrong_year;adversarial;1;Q1_stockout_1997;False;;False;0;0;0;0.0;0.1893;False;0;0;39
baseline_naive;adversarial_wrong_year;adversarial;1;Q1_stockout_1997;False;;True;1;0;1;0.0;0.0014;;0;0;39
baseline_measure_overlap;adversarial_wrong_year;adversarial;1;Q1_stockout_1997;False;;True;1;0;1;0.0;0.0219;;0;0;39
ablation_no_sat;adversarial_wrong_year;adversarial;1;Q1_stockout_1997;False;;False;0;0;0;0.0;0.2304;False;0;0;39
ablation_no_real;adversarial_wrong_year;adversarial;1;Q1_stockout_1997;False;;False;0;0;0;0.0;0.1967;False;0;0;39
ablation_ceval_any_intersection;adversarial_wrong_year;adversarial;1;Q1_stockout_1997;False;;False;0;0;0;0.0;0.1924;False;0;0;39
baseline_random_matched;adversarial_wrong_year;adversarial;1;Q1_stockout_1997;False;;True;1;0;1;0.0;0.0042;;0;0;39
mcad;adversarial_invalid_no_measures;adversarial;1;Q1_invalid_no_measure;False;;False;0;0;0;0.0;0.0943;False;0;0;39
baseline_naive;adversarial_invalid_no_measures;adversarial;1;Q1_invalid_no_measure;False;;True;1;0;1;0.0;0.002;;0;0;39
baseline_measure_overlap;adversarial_invalid_no_measures;adversarial;1;Q1_invalid_no_measure;False;;False;0;0;0;0.0;0.0294;;0;0;39
ablation_no_sat;adversarial_invalid_no_measures;adversarial;1;Q1_invalid_no_measure;False;;False;0;0;0;0.0;0.1122;False;0;0;39
ablation_no_real;adversarial_invalid_no_measures;adversarial;1;Q1_invalid_no_measure;False;;False;0;0;0;0.0;0.1057;False;0;0;39
ablation_ceval_any_intersection;adversarial_invalid_no_measures;adversarial;1;Q1_invalid_no_measure;False;;False;0;0;0;0.0;0.0956;False;0;0;39
baseline_random_matched;adversarial_invalid_no_measures;adversarial;1;Q1_invalid_no_measure;False;;False;0;0;0;0.0;0.004;;0;0;39
mcad;stress_exploratory_then_useful;stress;1;Q1_noise_region;False;;False;0;0;0;0.0;0.2231;False;0;0;39
mcad;stress_exploratory_then_useful;stress;2;Q2_noise_margin_all;False;;False;0;0;0;0.0;0.1535;False;0;0;39
mcad;stress_exploratory_then_useful;stress;3;Q3_useful_margin;True;c1;True;0;0;0;0.333333;0.2523;True;1;1;39
baseline_naive;stress_exploratory_then_useful;stress;1;Q1_noise_region;False;;True;1;0;1;0.0;0.0014;;0;0;39
baseline_naive;stress_exploratory_then_useful;stress;2;Q2_noise_margin_all;False;;True;1;0;1;0.0;0.0005;;0;0;39
baseline_naive;stress_exploratory_then_useful;stress;3;Q3_useful_margin;True;c1;True;0;0;0;0.333333;0.0003;;0;0;39
baseline_measure_overlap;stress_exploratory_then_useful;stress;1;Q1_noise_region;False;;True;1;0;1;0.0;0.0202;;0;0;39
baseline_measure_overlap;stress_exploratory_then_useful;stress;2;Q2_noise_margin_all;False;;True;1;0;1;0.0;0.0064;;0;0;39
baseline_measure_overlap;stress_exploratory_then_useful;stress;3;Q3_useful_margin;True;c1;True;0;0;0;0.333333;0.005;;0;0;39
ablation_no_sat;stress_exploratory_then_useful;stress;1;Q1_noise_region;False;;False;0;0;0;0.0;0.264;False;0;0;39
ablation_no_sat;stress_exploratory_then_useful;stress;2;Q2_noise_margin_all;False;;False;0;0;0;0.0;0.1813;False;0;0;39
ablation_no_sat;stress_exploratory_then_useful;stress;3;Q3_useful_margin;True;c1;True;0;0;0;0.333333;0.2457;True;1;1;39
ablation_no_real;stress_exploratory_then_useful;stress;1;Q1_noise_region;False;;False;0;0;0;0.0;0.2308;False;0;0;39
ablation_no_real;stress_exploratory_then_useful;stress;2;Q2_noise_margin_all;False;;False;0;0;0;0.0;0.1503;False;0;0;39
ablation_no_real;stress_exploratory_then_useful;stress;3;Q3_useful_margin;True;c1;True;0;0;0;0.333333;0.263;True;1;1;39
ablation_ceval_any_intersection;stress_exploratory_then_useful;stress;1;Q1_noise_region;False;;False;0;0;0;0.0;0.2202;False;0;0;39
ablation_ceval_any_intersection;stress_exploratory_then_useful;stress;2;Q2_noise_margin_all;False;;False;0;0;0;0.0;0.1424;False;0;0;39
ablation_ceval_any_intersection;stress_exploratory_then_useful;stress;3;Q3_useful_margin;True;c1;True;0;0;0;0.333333;0.2473;True;1;1;39
baseline_random_matched;stress_exploratory_then_useful;stress;1;Q1_noise_region;False;;False;0;0;0;0.0;0.0034;;0;0;39
baseline_random_matched;stress_exploratory_then_useful;stress;2;Q2_noise_margin_all;False;;True;1;0;1;0.0;0.0006;;0;0;39
baseline_random_matched;stress_exploratory_then_useful;stress;3;Q3_useful_margin;True;c1;False;0;1;0;0.0;0.0005;;0;0;39
mcad;happy_guided_article_short;happy;1;Q1_margin_month;True;c1;True;0;0;0;0.333333;0.33;True;1;1;40
mcad;happy_guided_article_short;happy;2;Q2_stockout_store;True;c2;True;0;0;0;0.666667;0.2606;True;1;1;40
mcad;happy_guided_article_short;happy;3;Q3_sales_growth;True;c3;True;0;0;0;1.0;0.3338;True;2;1;40
baseline_naive;happy_guided_article_short;happy;1;Q1_margin_month;True;c1;True;0;0;0;0.333333;0.0014;;0;0;40
baseline_naive;happy_guided_article_short;happy;2;Q2_stockout_store;True;c2;True;0;0;0;0.666667;0.0005;;0;0;40
baseline_naive;happy_guided_article_short;happy;3;Q3_sales_growth;True;c3;True;0;0;0;1.0;0.0004;;0;0;40
baseline_measure_overlap;happy_guided_article_short;happy;1;Q1_margin_month;True;c1;True;0;0;0;0.333333;0.0197;;0;0;40
baseline_measure_overlap;happy_guided_article_short;happy;2;Q2_stockout_store;True;c2;True;0;0;0;0.666667;0.0052;;0;0;40
baseline_measure_overlap;happy_guided_article_short;happy;3;Q3_sales_growth;True;c3;True;0;0;0;1.0;0.0042;;0;0;40
ablation_no_sat;happy_guided_article_short;happy;1;Q1_margin_month;True;c1;True;0;0;0;0.333333;0.3169;True;1;1;40
ablation_no_sat;happy_guided_article_short;happy;2;Q2_stockout_store;True;c2;True;0;0;0;0.666667;0.2425;True;1;1;40
ablation_no_sat;happy_guided_article_short;happy;3;Q3_sales_growth;True;c3;True;0;0;0;1.0;0.3281;True;2;1;40
ablation_no_real;happy_guided_article_short;happy;1;Q1_margin_month;True;c1;True;0;0;0;0.333333;0.3207;True;1;1;40
ablation_no_real;happy_guided_article_short;happy;2;Q2_stockout_store;True;c2;True;0;0;0;0.666667;0.25;True;1;1;40
ablation_no_real;happy_guided_article_short;happy;3;Q3_sales_growth;True;c3;True;0;0;0;1.0;0.334;True;2;1;40
ablation_ceval_any_intersection;happy_guided_article_short;happy;1;Q1_margin_month;True;c1;True;0;0;0;0.333333;0.3143;True;1;1;40
ablation_ceval_any_intersection;happy_guided_article_short;happy;2;Q2_stockout_store;True;c2;True;0;0;0;0.666667;0.2409;True;1;1;40
ablation_ceval_any_intersection;happy_guided_article_short;happy;3;Q3_sales_growth;True;c3;True;0;0;0;1.0;0.3252;True;2;1;40
baseline_random_matched;happy_guided_article_short;happy;1;Q1_margin_month;True;c1;True;0;0;0;0.333333;0.0046;;0;0;40
baseline_random_matched;happy_guided_article_short;happy;2;Q2_stockout_store;True;c2;False;0;1;0;0.333333;0.0006;;0;0;40
baseline_random_matched;happy_guided_article_short;happy;3;Q3_sales_growth;True;c3;True;0;0;0;0.666667;0.0004;;0;0;40
mcad;happy_guided_reordered;happy;1;Q1_sales_growth;True;c3;True;0;0;0;0.333333;0.4041;True;2;1;40
mcad;happy_guided_reordered;happy;2;Q2_margin_month;True;c1;True;0;0;0;0.666667;0.248;True;1;1;40
mcad;happy_guided_reordered;happy;3;Q3_stockout_store;True;c2;True;0;0;0;1.0;0.2399;True;1;1;40
baseline_naive;happy_guided_reordered;happy;1;Q1_sales_growth;True;c3;True;0;0;0;0.333333;0.0015;;0;0;40
baseline_naive;happy_guided_reordered;happy;2;Q2_margin_month;True;c1;True;0;0;0;0.666667;0.0005;;0;0;40
baseline_naive;happy_guided_reordered;happy;3;Q3_stockout_store;True;c2;True;0;0;0;1.0;0.0003;;0;0;40
baseline_measure_overlap;happy_guided_reordered;happy;1;Q1_sales_growth;True;c3;True;0;0;0;0.333333;0.0199;;0;0;40
baseline_measure_overlap;happy_guided_reordered;happy;2;Q2_margin_month;True;c1;True;0;0;0;0.666667;0.0053;;0;0;40
baseline_measure_overlap;happy_guided_reordered;happy;3;Q3_stockout_store;True;c2;True;0;0;0;1.0;0.0043;;0;0;40
ablation_no_sat;happy_guided_reordered;happy;1;Q1_sales_growth;True;c3;True;0;0;0;0.333333;0.3999;True;2;1;40
ablation_no_sat;happy_guided_reordered;happy;2;Q2_margin_month;True;c1;True;0;0;0;0.666667;0.2475;True;1;1;40
ablation_no_sat;happy_guided_reordered;happy;3;Q3_stockout_store;True;c2;True;0;0;0;1.0;0.2412;True;1;1;40
ablation_no_real;happy_guided_reordered;happy;1;Q1_sales_growth;True;c3;True;0;0;0;0.333333;0.6102;True;2;1;40
ablation_no_real;happy_guided_reordered;happy;2;Q2_margin_month;True;c1;True;0;0;0;0.666667;0.2655;True;1;1;40
ablation_no_real;happy_guided_reordered;happy;3;Q3_stockout_store;True;c2;True;0;0;0;1.0;0.2463;True;1;1;40
ablation_ceval_any_intersection;happy_guided_reordered;happy;1;Q1_sales_growth;True;c3;True;0;0;0;0.333333;0.3982;True;2;1;40
ablation_ceval_any_intersection;happy_guided_reordered;happy;2;Q2_margin_month;True;c1;True;0;0;0;0.666667;0.2441;True;1;1;40
ablation_ceval_any_intersection;happy_guided_reordered;happy;3;Q3_stockout_store;True;c2;True;0;0;0;1.0;0.2746;True;1;1;40
baseline_random_matched;happy_guided_reordered;happy;1;Q1_sales_growth;True;c3;True;0;0;0;0.333333;0.0041;;0;0;40
baseline_random_matched;happy_guided_reordered;happy;2;Q2_margin_month;True;c1;False;0;1;0;0.333333;0.0007;;0;0;40
baseline_random_matched;happy_guided_reordered;happy;3;Q3_stockout_store;True;c2;False;0;1;0;0.333333;0.0005;;0;0;40
mcad;happy_guided_compact;happy;1;Q1_margin_month;True;c1;True;0;0;0;0.333333;0.3152;True;1;1;40
mcad;happy_guided_compact;happy;2;Q2_sales_growth;True;c3;True;0;0;0;0.666667;0.3348;True;2;1;40
mcad;happy_guided_compact;happy;3;Q3_stockout_store;True;c2;True;0;0;0;1.0;0.2398;True;1;1;40
baseline_naive;happy_guided_compact;happy;1;Q1_margin_month;True;c1;True;0;0;0;0.333333;0.0016;;0;0;40
baseline_naive;happy_guided_compact;happy;2;Q2_sales_growth;True;c3;True;0;0;0;0.666667;0.0005;;0;0;40
baseline_naive;happy_guided_compact;happy;3;Q3_stockout_store;True;c2;True;0;0;0;1.0;0.0003;;0;0;40
baseline_measure_overlap;happy_guided_compact;happy;1;Q1_margin_month;True;c1;True;0;0;0;0.333333;0.0272;;0;0;40
baseline_measure_overlap;happy_guided_compact;happy;2;Q2_sales_growth;True;c3;True;0;0;0;0.666667;0.0085;;0;0;40
baseline_measure_overlap;happy_guided_compact;happy;3;Q3_stockout_store;True;c2;True;0;0;0;1.0;0.0071;;0;0;40
ablation_no_sat;happy_guided_compact;happy;1;Q1_margin_month;True;c1;True;0;0;0;0.333333;0.3154;True;1;1;40
ablation_no_sat;happy_guided_compact;happy;2;Q2_sales_growth;True;c3;True;0;0;0;0.666667;0.3337;True;2;1;40
ablation_no_sat;happy_guided_compact;happy;3;Q3_stockout_store;True;c2;True;0;0;0;1.0;0.2399;True;1;1;40
ablation_no_real;happy_guided_compact;happy;1;Q1_margin_month;True;c1;True;0;0;0;0.333333;0.3147;True;1;1;40
ablation_no_real;happy_guided_compact;happy;2;Q2_sales_growth;True;c3;True;0;0;0;0.666667;0.3521;True;2;1;40
ablation_no_real;happy_guided_compact;happy;3;Q3_stockout_store;True;c2;True;0;0;0;1.0;0.2463;True;1;1;40
ablation_ceval_any_intersection;happy_guided_compact;happy;1;Q1_margin_month;True;c1;True;0;0;0;0.333333;0.3025;True;1;1;40
ablation_ceval_any_intersection;happy_guided_compact;happy;2;Q2_sales_growth;True;c3;True;0;0;0;0.666667;0.3445;True;2;1;40
ablation_ceval_any_intersection;happy_guided_compact;happy;3;Q3_stockout_store;True;c2;True;0;0;0;1.0;0.2387;True;1;1;40
baseline_random_matched;happy_guided_compact;happy;1;Q1_margin_month;True;c1;True;0;0;0;0.333333;0.0039;;0;0;40
baseline_random_matched;happy_guided_compact;happy;2;Q2_sales_growth;True;c3;True;0;0;0;0.666667;0.0008;;0;0;40
baseline_random_matched;happy_guided_compact;happy;3;Q3_stockout_store;True;c2;False;0;1;0;0.666667;0.0004;;0;0;40
mcad;border_growth_partial_1998_only;border;1;Q1_sales_1998_only;False;;False;0;0;0;0.0;0.3623;True;1;0;40
baseline_naive;border_growth_partial_1998_only;border;1;Q1_sales_1998_only;False;;True;1;0;1;0.0;0.0014;;0;0;40
baseline_measure_overlap;border_growth_partial_1998_only;border;1;Q1_sales_1998_only;False;;True;1;0;1;0.0;0.0198;;0;0;40
ablation_no_sat;border_growth_partial_1998_only;border;1;Q1_sales_1998_only;False;;False;0;0;0;0.0;0.4236;True;1;0;40
ablation_no_real;border_growth_partial_1998_only;border;1;Q1_sales_1998_only;False;;True;1;0;1;0.0;0.6593;True;1;0;40
ablation_ceval_any_intersection;border_growth_partial_1998_only;border;1;Q1_sales_1998_only;False;;True;1;0;1;0.0;1.5752;True;1;1;40
baseline_random_matched;border_growth_partial_1998_only;border;1;Q1_sales_1998_only;False;;False;0;0;0;0.0;0.007;;0;0;40
mcad;border_margin_wrong_grain;border;1;Q1_margin_quarter_only;False;;False;0;0;0;0.0;0.2376;False;0;0;40
baseline_naive;border_margin_wrong_grain;border;1;Q1_margin_quarter_only;False;;True;1;0;1;0.0;0.0015;;0;0;40
baseline_measure_overlap;border_margin_wrong_grain;border;1;Q1_margin_quarter_only;False;;True;1;0;1;0.0;0.021;;0;0;40
ablation_no_sat;border_margin_wrong_grain;border;1;Q1_margin_quarter_only;False;;False;0;0;0;0.0;0.2989;False;0;0;40
ablation_no_real;border_margin_wrong_grain;border;1;Q1_margin_quarter_only;False;;False;0;0;0;0.0;0.2392;False;0;0;40
ablation_ceval_any_intersection;border_margin_wrong_grain;border;1;Q1_margin_quarter_only;False;;False;0;0;0;0.0;0.2262;False;0;0;40
baseline_random_matched;border_margin_wrong_grain;border;1;Q1_margin_quarter_only;False;;True;1;0;1;0.0;0.0043;;0;0;40
mcad;border_stockout_missing_store;border;1;Q1_stockout_category_only;False;;False;0;0;0;0.0;0.2213;False;0;0;40
baseline_naive;border_stockout_missing_store;border;1;Q1_stockout_category_only;False;;True;1;0;1;0.0;0.0015;;0;0;40
baseline_measure_overlap;border_stockout_missing_store;border;1;Q1_stockout_category_only;False;;True;1;0;1;0.0;0.0211;;0;0;40
ablation_no_sat;border_stockout_missing_store;border;1;Q1_stockout_category_only;False;;False;0;0;0;0.0;0.2852;False;0;0;40
ablation_no_real;border_stockout_missing_store;border;1;Q1_stockout_category_only;False;;False;0;0;0;0.0;0.2315;False;0;0;40
ablation_ceval_any_intersection;border_stockout_missing_store;border;1;Q1_stockout_category_only;False;;False;0;0;0;0.0;0.2204;False;0;0;40
baseline_random_matched;border_stockout_missing_store;border;1;Q1_stockout_category_only;False;;True;1;0;1;0.0;0.0049;;0;0;40
mcad;adversarial_wrong_region;adversarial;1;Q1_margin_south;False;;False;0;0;0;0.0;0.2021;False;0;0;40
baseline_naive;adversarial_wrong_region;adversarial;1;Q1_margin_south;False;;True;1;0;1;0.0;0.0015;;0;0;40
baseline_measure_overlap;adversarial_wrong_region;adversarial;1;Q1_margin_south;False;;True;1;0;1;0.0;0.0286;;0;0;40
ablation_no_sat;adversarial_wrong_region;adversarial;1;Q1_margin_south;False;;False;0;0;0;0.0;0.275;False;0;0;40
ablation_no_real;adversarial_wrong_region;adversarial;1;Q1_margin_south;False;;False;0;0;0;0.0;0.2028;False;0;0;40
ablation_ceval_any_intersection;adversarial_wrong_region;adversarial;1;Q1_margin_south;False;;False;0;0;0;0.0;0.1945;False;0;0;40
baseline_random_matched;adversarial_wrong_region;adversarial;1;Q1_margin_south;False;;False;0;0;0;0.0;0.0045;;0;0;40
mcad;adversarial_wrong_year;adversarial;1;Q1_stockout_1997;False;;False;0;0;0;0.0;0.1939;False;0;0;40
baseline_naive;adversarial_wrong_year;adversarial;1;Q1_stockout_1997;False;;True;1;0;1;0.0;0.0015;;0;0;40
baseline_measure_overlap;adversarial_wrong_year;adversarial;1;Q1_stockout_1997;False;;True;1;0;1;0.0;0.021;;0;0;40
ablation_no_sat;adversarial_wrong_year;adversarial;1;Q1_stockout_1997;False;;False;0;0;0;0.0;0.2162;False;0;0;40
ablation_no_real;adversarial_wrong_year;adversarial;1;Q1_stockout_1997;False;;False;0;0;0;0.0;0.1957;False;0;0;40
ablation_ceval_any_intersection;adversarial_wrong_year;adversarial;1;Q1_stockout_1997;False;;False;0;0;0;0.0;0.3419;False;0;0;40
baseline_random_matched;adversarial_wrong_year;adversarial;1;Q1_stockout_1997;False;;False;0;0;0;0.0;0.0062;;0;0;40
mcad;adversarial_invalid_no_measures;adversarial;1;Q1_invalid_no_measure;False;;False;0;0;0;0.0;0.1562;False;0;0;40
baseline_naive;adversarial_invalid_no_measures;adversarial;1;Q1_invalid_no_measure;False;;True;1;0;1;0.0;0.0023;;0;0;40
baseline_measure_overlap;adversarial_invalid_no_measures;adversarial;1;Q1_invalid_no_measure;False;;False;0;0;0;0.0;0.019;;0;0;40
ablation_no_sat;adversarial_invalid_no_measures;adversarial;1;Q1_invalid_no_measure;False;;False;0;0;0;0.0;0.1144;False;0;0;40
ablation_no_real;adversarial_invalid_no_measures;adversarial;1;Q1_invalid_no_measure;False;;False;0;0;0;0.0;0.1063;False;0;0;40
ablation_ceval_any_intersection;adversarial_invalid_no_measures;adversarial;1;Q1_invalid_no_measure;False;;False;0;0;0;0.0;0.0935;False;0;0;40
baseline_random_matched;adversarial_invalid_no_measures;adversarial;1;Q1_invalid_no_measure;False;;False;0;0;0;0.0;0.0042;;0;0;40
mcad;stress_exploratory_then_useful;stress;1;Q1_noise_region;False;;False;0;0;0;0.0;0.2202;False;0;0;40
mcad;stress_exploratory_then_useful;stress;2;Q2_noise_margin_all;False;;False;0;0;0;0.0;0.1635;False;0;0;40
mcad;stress_exploratory_then_useful;stress;3;Q3_useful_margin;True;c1;True;0;0;0;0.333333;0.2733;True;1;1;40
baseline_naive;stress_exploratory_then_useful;stress;1;Q1_noise_region;False;;True;1;0;1;0.0;0.0016;;0;0;40
baseline_naive;stress_exploratory_then_useful;stress;2;Q2_noise_margin_all;False;;True;1;0;1;0.0;0.0006;;0;0;40
baseline_naive;stress_exploratory_then_useful;stress;3;Q3_useful_margin;True;c1;True;0;0;0;0.333333;0.0003;;0;0;40
baseline_measure_overlap;stress_exploratory_then_useful;stress;1;Q1_noise_region;False;;True;1;0;1;0.0;0.0283;;0;0;40
baseline_measure_overlap;stress_exploratory_then_useful;stress;2;Q2_noise_margin_all;False;;True;1;0;1;0.0;0.0083;;0;0;40
baseline_measure_overlap;stress_exploratory_then_useful;stress;3;Q3_useful_margin;True;c1;True;0;0;0;0.333333;0.0078;;0;0;40
ablation_no_sat;stress_exploratory_then_useful;stress;1;Q1_noise_region;False;;False;0;0;0;0.0;0.2619;False;0;0;40
ablation_no_sat;stress_exploratory_then_useful;stress;2;Q2_noise_margin_all;False;;False;0;0;0;0.0;0.208;False;0;0;40
ablation_no_sat;stress_exploratory_then_useful;stress;3;Q3_useful_margin;True;c1;True;0;0;0;0.333333;0.248;True;1;1;40
ablation_no_real;stress_exploratory_then_useful;stress;1;Q1_noise_region;False;;False;0;0;0;0.0;0.2348;False;0;0;40
ablation_no_real;stress_exploratory_then_useful;stress;2;Q2_noise_margin_all;False;;False;0;0;0;0.0;0.1462;False;0;0;40
ablation_no_real;stress_exploratory_then_useful;stress;3;Q3_useful_margin;True;c1;True;0;0;0;0.333333;0.2534;True;1;1;40
ablation_ceval_any_intersection;stress_exploratory_then_useful;stress;1;Q1_noise_region;False;;False;0;0;0;0.0;0.2182;False;0;0;40
ablation_ceval_any_intersection;stress_exploratory_then_useful;stress;2;Q2_noise_margin_all;False;;False;0;0;0;0.0;0.143;False;0;0;40
ablation_ceval_any_intersection;stress_exploratory_then_useful;stress;3;Q3_useful_margin;True;c1;True;0;0;0;0.333333;0.262;True;1;1;40
baseline_random_matched;stress_exploratory_then_useful;stress;1;Q1_noise_region;False;;False;0;0;0;0.0;0.0037;;0;0;40
baseline_random_matched;stress_exploratory_then_useful;stress;2;Q2_noise_margin_all;False;;True;1;0;1;0.0;0.0007;;0;0;40
baseline_random_matched;stress_exploratory_then_useful;stress;3;Q3_useful_margin;True;c1;True;0;0;0;0.333333;0.0004;;0;0;40
mcad;happy_guided_article_short;happy;1;Q1_margin_month;True;c1;True;0;0;0;0.333333;0.3055;True;1;1;41
mcad;happy_guided_article_short;happy;2;Q2_stockout_store;True;c2;True;0;0;0;0.666667;0.2423;True;1;1;41
mcad;happy_guided_article_short;happy;3;Q3_sales_growth;True;c3;True;0;0;0;1.0;0.327;True;2;1;41
baseline_naive;happy_guided_article_short;happy;1;Q1_margin_month;True;c1;True;0;0;0;0.333333;0.0014;;0;0;41
baseline_naive;happy_guided_article_short;happy;2;Q2_stockout_store;True;c2;True;0;0;0;0.666667;0.0005;;0;0;41
baseline_naive;happy_guided_article_short;happy;3;Q3_sales_growth;True;c3;True;0;0;0;1.0;0.0003;;0;0;41
baseline_measure_overlap;happy_guided_article_short;happy;1;Q1_margin_month;True;c1;True;0;0;0;0.333333;0.0206;;0;0;41
baseline_measure_overlap;happy_guided_article_short;happy;2;Q2_stockout_store;True;c2;True;0;0;0;0.666667;0.0055;;0;0;41
baseline_measure_overlap;happy_guided_article_short;happy;3;Q3_sales_growth;True;c3;True;0;0;0;1.0;0.0044;;0;0;41
ablation_no_sat;happy_guided_article_short;happy;1;Q1_margin_month;True;c1;True;0;0;0;0.333333;0.316;True;1;1;41
ablation_no_sat;happy_guided_article_short;happy;2;Q2_stockout_store;True;c2;True;0;0;0;0.666667;0.2436;True;1;1;41
ablation_no_sat;happy_guided_article_short;happy;3;Q3_sales_growth;True;c3;True;0;0;0;1.0;0.362;True;2;1;41
ablation_no_real;happy_guided_article_short;happy;1;Q1_margin_month;True;c1;True;0;0;0;0.333333;0.3243;True;1;1;41
ablation_no_real;happy_guided_article_short;happy;2;Q2_stockout_store;True;c2;True;0;0;0;0.666667;0.2769;True;1;1;41
ablation_no_real;happy_guided_article_short;happy;3;Q3_sales_growth;True;c3;True;0;0;0;1.0;0.3376;True;2;1;41
ablation_ceval_any_intersection;happy_guided_article_short;happy;1;Q1_margin_month;True;c1;True;0;0;0;0.333333;0.314;True;1;1;41
ablation_ceval_any_intersection;happy_guided_article_short;happy;2;Q2_stockout_store;True;c2;True;0;0;0;0.666667;0.2396;True;1;1;41
ablation_ceval_any_intersection;happy_guided_article_short;happy;3;Q3_sales_growth;True;c3;True;0;0;0;1.0;0.3219;True;2;1;41
baseline_random_matched;happy_guided_article_short;happy;1;Q1_margin_month;True;c1;True;0;0;0;0.333333;0.0039;;0;0;41
baseline_random_matched;happy_guided_article_short;happy;2;Q2_stockout_store;True;c2;False;0;1;0;0.333333;0.0007;;0;0;41
baseline_random_matched;happy_guided_article_short;happy;3;Q3_sales_growth;True;c3;False;0;1;0;0.333333;0.0005;;0;0;41
mcad;happy_guided_reordered;happy;1;Q1_sales_growth;True;c3;True;0;0;0;0.333333;0.4046;True;2;1;41
mcad;happy_guided_reordered;happy;2;Q2_margin_month;True;c1;True;0;0;0;0.666667;0.249;True;1;1;41
mcad;happy_guided_reordered;happy;3;Q3_stockout_store;True;c2;True;0;0;0;1.0;0.2389;True;1;1;41
baseline_naive;happy_guided_reordered;happy;1;Q1_sales_growth;True;c3;True;0;0;0;0.333333;0.0013;;0;0;41
baseline_naive;happy_guided_reordered;happy;2;Q2_margin_month;True;c1;True;0;0;0;0.666667;0.0005;;0;0;41
baseline_naive;happy_guided_reordered;happy;3;Q3_stockout_store;True;c2;True;0;0;0;1.0;0.0003;;0;0;41
baseline_measure_overlap;happy_guided_reordered;happy;1;Q1_sales_growth;True;c3;True;0;0;0;0.333333;0.0197;;0;0;41
baseline_measure_overlap;happy_guided_reordered;happy;2;Q2_margin_month;True;c1;True;0;0;0;0.666667;0.0053;;0;0;41
baseline_measure_overlap;happy_guided_reordered;happy;3;Q3_stockout_store;True;c2;True;0;0;0;1.0;0.0044;;0;0;41
ablation_no_sat;happy_guided_reordered;happy;1;Q1_sales_growth;True;c3;True;0;0;0;0.333333;0.4071;True;2;1;41
ablation_no_sat;happy_guided_reordered;happy;2;Q2_margin_month;True;c1;True;0;0;0;0.666667;0.2464;True;1;1;41
ablation_no_sat;happy_guided_reordered;happy;3;Q3_stockout_store;True;c2;True;0;0;0;1.0;0.2386;True;1;1;41
ablation_no_real;happy_guided_reordered;happy;1;Q1_sales_growth;True;c3;True;0;0;0;0.333333;0.4144;True;2;1;41
ablation_no_real;happy_guided_reordered;happy;2;Q2_margin_month;True;c1;True;0;0;0;0.666667;0.2697;True;1;1;41
ablation_no_real;happy_guided_reordered;happy;3;Q3_stockout_store;True;c2;True;0;0;0;1.0;0.2437;True;1;1;41
ablation_ceval_any_intersection;happy_guided_reordered;happy;1;Q1_sales_growth;True;c3;True;0;0;0;0.333333;0.4007;True;2;1;41
ablation_ceval_any_intersection;happy_guided_reordered;happy;2;Q2_margin_month;True;c1;True;0;0;0;0.666667;0.2455;True;1;1;41
ablation_ceval_any_intersection;happy_guided_reordered;happy;3;Q3_stockout_store;True;c2;True;0;0;0;1.0;0.2366;True;1;1;41
baseline_random_matched;happy_guided_reordered;happy;1;Q1_sales_growth;True;c3;False;0;1;0;0.0;0.0043;;0;0;41
baseline_random_matched;happy_guided_reordered;happy;2;Q2_margin_month;True;c1;True;0;0;0;0.333333;0.0008;;0;0;41
baseline_random_matched;happy_guided_reordered;happy;3;Q3_stockout_store;True;c2;True;0;0;0;0.666667;0.0004;;0;0;41
mcad;happy_guided_compact;happy;1;Q1_margin_month;True;c1;True;0;0;0;0.333333;0.5691;True;1;1;41
mcad;happy_guided_compact;happy;2;Q2_sales_growth;True;c3;True;0;0;0;0.666667;0.6671;True;2;1;41
mcad;happy_guided_compact;happy;3;Q3_stockout_store;True;c2;True;0;0;0;1.0;0.4743;True;1;1;41
baseline_naive;happy_guided_compact;happy;1;Q1_margin_month;True;c1;True;0;0;0;0.333333;0.0015;;0;0;41
baseline_naive;happy_guided_compact;happy;2;Q2_sales_growth;True;c3;True;0;0;0;0.666667;0.0005;;0;0;41
baseline_naive;happy_guided_compact;happy;3;Q3_stockout_store;True;c2;True;0;0;0;1.0;0.0004;;0;0;41
baseline_measure_overlap;happy_guided_compact;happy;1;Q1_margin_month;True;c1;True;0;0;0;0.333333;0.0283;;0;0;41
baseline_measure_overlap;happy_guided_compact;happy;2;Q2_sales_growth;True;c3;True;0;0;0;0.666667;0.0096;;0;0;41
baseline_measure_overlap;happy_guided_compact;happy;3;Q3_stockout_store;True;c2;True;0;0;0;1.0;0.0082;;0;0;41
ablation_no_sat;happy_guided_compact;happy;1;Q1_margin_month;True;c1;True;0;0;0;0.333333;0.323;True;1;1;41
ablation_no_sat;happy_guided_compact;happy;2;Q2_sales_growth;True;c3;True;0;0;0;0.666667;0.3381;True;2;1;41
ablation_no_sat;happy_guided_compact;happy;3;Q3_stockout_store;True;c2;True;0;0;0;1.0;0.2442;True;1;1;41
ablation_no_real;happy_guided_compact;happy;1;Q1_margin_month;True;c1;True;0;0;0;0.333333;0.3288;True;1;1;41
ablation_no_real;happy_guided_compact;happy;2;Q2_sales_growth;True;c3;True;0;0;0;0.666667;0.3486;True;2;1;41
ablation_no_real;happy_guided_compact;happy;3;Q3_stockout_store;True;c2;True;0;0;0;1.0;0.2506;True;1;1;41
ablation_ceval_any_intersection;happy_guided_compact;happy;1;Q1_margin_month;True;c1;True;0;0;0;0.333333;0.3056;True;1;1;41
ablation_ceval_any_intersection;happy_guided_compact;happy;2;Q2_sales_growth;True;c3;True;0;0;0;0.666667;0.3462;True;2;1;41
ablation_ceval_any_intersection;happy_guided_compact;happy;3;Q3_stockout_store;True;c2;True;0;0;0;1.0;0.2399;True;1;1;41
baseline_random_matched;happy_guided_compact;happy;1;Q1_margin_month;True;c1;True;0;0;0;0.333333;0.0037;;0;0;41
baseline_random_matched;happy_guided_compact;happy;2;Q2_sales_growth;True;c3;False;0;1;0;0.333333;0.0007;;0;0;41
baseline_random_matched;happy_guided_compact;happy;3;Q3_stockout_store;True;c2;True;0;0;0;0.666667;0.0005;;0;0;41
mcad;border_growth_partial_1998_only;border;1;Q1_sales_1998_only;False;;False;0;0;0;0.0;0.3791;True;1;0;41
baseline_naive;border_growth_partial_1998_only;border;1;Q1_sales_1998_only;False;;True;1;0;1;0.0;0.002;;0;0;41
baseline_measure_overlap;border_growth_partial_1998_only;border;1;Q1_sales_1998_only;False;;True;1;0;1;0.0;0.0352;;0;0;41
ablation_no_sat;border_growth_partial_1998_only;border;1;Q1_sales_1998_only;False;;False;0;0;0;0.0;0.6763;True;1;0;41
ablation_no_real;border_growth_partial_1998_only;border;1;Q1_sales_1998_only;False;;True;1;0;1;0.0;0.6872;True;1;0;41
ablation_ceval_any_intersection;border_growth_partial_1998_only;border;1;Q1_sales_1998_only;False;;True;1;0;1;0.0;0.9296;True;1;1;41
baseline_random_matched;border_growth_partial_1998_only;border;1;Q1_sales_1998_only;False;;True;1;0;1;0.0;0.0062;;0;0;41
mcad;border_margin_wrong_grain;border;1;Q1_margin_quarter_only;False;;False;0;0;0;0.0;0.438;False;0;0;41
baseline_naive;border_margin_wrong_grain;border;1;Q1_margin_quarter_only;False;;True;1;0;1;0.0;0.0017;;0;0;41
baseline_measure_overlap;border_margin_wrong_grain;border;1;Q1_margin_quarter_only;False;;True;1;0;1;0.0;0.0206;;0;0;41
ablation_no_sat;border_margin_wrong_grain;border;1;Q1_margin_quarter_only;False;;False;0;0;0;0.0;0.3022;False;0;0;41
ablation_no_real;border_margin_wrong_grain;border;1;Q1_margin_quarter_only;False;;False;0;0;0;0.0;0.2335;False;0;0;41
ablation_ceval_any_intersection;border_margin_wrong_grain;border;1;Q1_margin_quarter_only;False;;False;0;0;0;0.0;0.2279;False;0;0;41
baseline_random_matched;border_margin_wrong_grain;border;1;Q1_margin_quarter_only;False;;True;1;0;1;0.0;0.0046;;0;0;41
mcad;border_stockout_missing_store;border;1;Q1_stockout_category_only;False;;False;0;0;0;0.0;0.2387;False;0;0;41
baseline_naive;border_stockout_missing_store;border;1;Q1_stockout_category_only;False;;True;1;0;1;0.0;0.0013;;0;0;41
baseline_measure_overlap;border_stockout_missing_store;border;1;Q1_stockout_category_only;False;;True;1;0;1;0.0;0.0208;;0;0;41
ablation_no_sat;border_stockout_missing_store;border;1;Q1_stockout_category_only;False;;False;0;0;0;0.0;0.3099;False;0;0;41
ablation_no_real;border_stockout_missing_store;border;1;Q1_stockout_category_only;False;;False;0;0;0;0.0;0.2401;False;0;0;41
ablation_ceval_any_intersection;border_stockout_missing_store;border;1;Q1_stockout_category_only;False;;False;0;0;0;0.0;0.2192;False;0;0;41
baseline_random_matched;border_stockout_missing_store;border;1;Q1_stockout_category_only;False;;False;0;0;0;0.0;0.0043;;0;0;41
mcad;adversarial_wrong_region;adversarial;1;Q1_margin_south;False;;False;0;0;0;0.0;0.1983;False;0;0;41
baseline_naive;adversarial_wrong_region;adversarial;1;Q1_margin_south;False;;True;1;0;1;0.0;0.0022;;0;0;41
baseline_measure_overlap;adversarial_wrong_region;adversarial;1;Q1_margin_south;False;;True;1;0;1;0.0;0.0203;;0;0;41
ablation_no_sat;adversarial_wrong_region;adversarial;1;Q1_margin_south;False;;False;0;0;0;0.0;0.2461;False;0;0;41
ablation_no_real;adversarial_wrong_region;adversarial;1;Q1_margin_south;False;;False;0;0;0;0.0;0.2034;False;0;0;41
ablation_ceval_any_intersection;adversarial_wrong_region;adversarial;1;Q1_margin_south;False;;False;0;0;0;0.0;0.206;False;0;0;41
baseline_random_matched;adversarial_wrong_region;adversarial;1;Q1_margin_south;False;;True;1;0;1;0.0;0.0043;;0;0;41
mcad;adversarial_wrong_year;adversarial;1;Q1_stockout_1997;False;;False;0;0;0;0.0;0.2027;False;0;0;41
baseline_naive;adversarial_wrong_year;adversarial;1;Q1_stockout_1997;False;;True;1;0;1;0.0;0.0014;;0;0;41
baseline_measure_overlap;adversarial_wrong_year;adversarial;1;Q1_stockout_1997;False;;True;1;0;1;0.0;0.0198;;0;0;41
ablation_no_sat;adversarial_wrong_year;adversarial;1;Q1_stockout_1997;False;;False;0;0;0;0.0;0.2234;False;0;0;41
ablation_no_real;adversarial_wrong_year;adversarial;1;Q1_stockout_1997;False;;False;0;0;0;0.0;0.2012;False;0;0;41
ablation_ceval_any_intersection;adversarial_wrong_year;adversarial;1;Q1_stockout_1997;False;;False;0;0;0;0.0;0.1968;False;0;0;41
baseline_random_matched;adversarial_wrong_year;adversarial;1;Q1_stockout_1997;False;;False;0;0;0;0.0;0.0041;;0;0;41
mcad;adversarial_invalid_no_measures;adversarial;1;Q1_invalid_no_measure;False;;False;0;0;0;0.0;0.0926;False;0;0;41
baseline_naive;adversarial_invalid_no_measures;adversarial;1;Q1_invalid_no_measure;False;;True;1;0;1;0.0;0.0016;;0;0;41
baseline_measure_overlap;adversarial_invalid_no_measures;adversarial;1;Q1_invalid_no_measure;False;;False;0;0;0;0.0;0.0196;;0;0;41
ablation_no_sat;adversarial_invalid_no_measures;adversarial;1;Q1_invalid_no_measure;False;;False;0;0;0;0.0;0.1104;False;0;0;41
ablation_no_real;adversarial_invalid_no_measures;adversarial;1;Q1_invalid_no_measure;False;;False;0;0;0;0.0;0.1016;False;0;0;41
ablation_ceval_any_intersection;adversarial_invalid_no_measures;adversarial;1;Q1_invalid_no_measure;False;;False;0;0;0;0.0;0.1049;False;0;0;41
baseline_random_matched;adversarial_invalid_no_measures;adversarial;1;Q1_invalid_no_measure;False;;True;1;0;1;0.0;0.0053;;0;0;41
mcad;stress_exploratory_then_useful;stress;1;Q1_noise_region;False;;False;0;0;0;0.0;0.2288;False;0;0;41
mcad;stress_exploratory_then_useful;stress;2;Q2_noise_margin_all;False;;False;0;0;0;0.0;0.1449;False;0;0;41
mcad;stress_exploratory_then_useful;stress;3;Q3_useful_margin;True;c1;True;0;0;0;0.333333;0.2632;True;1;1;41
baseline_naive;stress_exploratory_then_useful;stress;1;Q1_noise_region;False;;True;1;0;1;0.0;0.0013;;0;0;41
baseline_naive;stress_exploratory_then_useful;stress;2;Q2_noise_margin_all;False;;True;1;0;1;0.0;0.0005;;0;0;41
baseline_naive;stress_exploratory_then_useful;stress;3;Q3_useful_margin;True;c1;True;0;0;0;0.333333;0.0003;;0;0;41
baseline_measure_overlap;stress_exploratory_then_useful;stress;1;Q1_noise_region;False;;True;1;0;1;0.0;0.0286;;0;0;41
baseline_measure_overlap;stress_exploratory_then_useful;stress;2;Q2_noise_margin_all;False;;True;1;0;1;0.0;0.0057;;0;0;41
baseline_measure_overlap;stress_exploratory_then_useful;stress;3;Q3_useful_margin;True;c1;True;0;0;0;0.333333;0.0042;;0;0;41
ablation_no_sat;stress_exploratory_then_useful;stress;1;Q1_noise_region;False;;False;0;0;0;0.0;0.2718;False;0;0;41
ablation_no_sat;stress_exploratory_then_useful;stress;2;Q2_noise_margin_all;False;;False;0;0;0;0.0;0.1697;False;0;0;41
ablation_no_sat;stress_exploratory_then_useful;stress;3;Q3_useful_margin;True;c1;True;0;0;0;0.333333;0.2489;True;1;1;41
ablation_no_real;stress_exploratory_then_useful;stress;1;Q1_noise_region;False;;False;0;0;0;0.0;0.2298;False;0;0;41
ablation_no_real;stress_exploratory_then_useful;stress;2;Q2_noise_margin_all;False;;False;0;0;0;0.0;0.1511;False;0;0;41
ablation_no_real;stress_exploratory_then_useful;stress;3;Q3_useful_margin;True;c1;True;0;0;0;0.333333;0.2699;True;1;1;41
ablation_ceval_any_intersection;stress_exploratory_then_useful;stress;1;Q1_noise_region;False;;False;0;0;0;0.0;0.2202;False;0;0;41
ablation_ceval_any_intersection;stress_exploratory_then_useful;stress;2;Q2_noise_margin_all;False;;False;0;0;0;0.0;0.1454;False;0;0;41
ablation_ceval_any_intersection;stress_exploratory_then_useful;stress;3;Q3_useful_margin;True;c1;True;0;0;0;0.333333;0.2517;True;1;1;41
baseline_random_matched;stress_exploratory_then_useful;stress;1;Q1_noise_region;False;;False;0;0;0;0.0;0.0032;;0;0;41
baseline_random_matched;stress_exploratory_then_useful;stress;2;Q2_noise_margin_all;False;;False;0;0;0;0.0;0.0006;;0;0;41
baseline_random_matched;stress_exploratory_then_useful;stress;3;Q3_useful_margin;True;c1;False;0;1;0;0.0;0.0004;;0;0;41
mcad;happy_guided_article_short;happy;1;Q1_margin_month;True;c1;True;0;0;0;0.333333;0.3236;True;1;1;42
mcad;happy_guided_article_short;happy;2;Q2_stockout_store;True;c2;True;0;0;0;0.666667;0.2462;True;1;1;42
mcad;happy_guided_article_short;happy;3;Q3_sales_growth;True;c3;True;0;0;0;1.0;0.385;True;2;1;42
baseline_naive;happy_guided_article_short;happy;1;Q1_margin_month;True;c1;True;0;0;0;0.333333;0.0016;;0;0;42
baseline_naive;happy_guided_article_short;happy;2;Q2_stockout_store;True;c2;True;0;0;0;0.666667;0.0004;;0;0;42
baseline_naive;happy_guided_article_short;happy;3;Q3_sales_growth;True;c3;True;0;0;0;1.0;0.0003;;0;0;42
baseline_measure_overlap;happy_guided_article_short;happy;1;Q1_margin_month;True;c1;True;0;0;0;0.333333;0.02;;0;0;42
baseline_measure_overlap;happy_guided_article_short;happy;2;Q2_stockout_store;True;c2;True;0;0;0;0.666667;0.0053;;0;0;42
baseline_measure_overlap;happy_guided_article_short;happy;3;Q3_sales_growth;True;c3;True;0;0;0;1.0;0.0043;;0;0;42
ablation_no_sat;happy_guided_article_short;happy;1;Q1_margin_month;True;c1;True;0;0;0;0.333333;0.3218;True;1;1;42
ablation_no_sat;happy_guided_article_short;happy;2;Q2_stockout_store;True;c2;True;0;0;0;0.666667;0.2513;True;1;1;42
ablation_no_sat;happy_guided_article_short;happy;3;Q3_sales_growth;True;c3;True;0;0;0;1.0;0.3334;True;2;1;42
ablation_no_real;happy_guided_article_short;happy;1;Q1_margin_month;True;c1;True;0;0;0;0.333333;0.3291;True;1;1;42
ablation_no_real;happy_guided_article_short;happy;2;Q2_stockout_store;True;c2;True;0;0;0;0.666667;0.2512;True;1;1;42
ablation_no_real;happy_guided_article_short;happy;3;Q3_sales_growth;True;c3;True;0;0;0;1.0;0.3397;True;2;1;42
ablation_ceval_any_intersection;happy_guided_article_short;happy;1;Q1_margin_month;True;c1;True;0;0;0;0.333333;0.32;True;1;1;42
ablation_ceval_any_intersection;happy_guided_article_short;happy;2;Q2_stockout_store;True;c2;True;0;0;0;0.666667;0.248;True;1;1;42
ablation_ceval_any_intersection;happy_guided_article_short;happy;3;Q3_sales_growth;True;c3;True;0;0;0;1.0;0.3308;True;2;1;42
baseline_random_matched;happy_guided_article_short;happy;1;Q1_margin_month;True;c1;False;0;1;0;0.0;0.0046;;0;0;42
baseline_random_matched;happy_guided_article_short;happy;2;Q2_stockout_store;True;c2;True;0;0;0;0.333333;0.0006;;0;0;42
baseline_random_matched;happy_guided_article_short;happy;3;Q3_sales_growth;True;c3;False;0;1;0;0.333333;0.0005;;0;0;42
mcad;happy_guided_reordered;happy;1;Q1_sales_growth;True;c3;True;0;0;0;0.333333;0.4084;True;2;1;42
mcad;happy_guided_reordered;happy;2;Q2_margin_month;True;c1;True;0;0;0;0.666667;0.2488;True;1;1;42
mcad;happy_guided_reordered;happy;3;Q3_stockout_store;True;c2;True;0;0;0;1.0;0.2774;True;1;1;42
baseline_naive;happy_guided_reordered;happy;1;Q1_sales_growth;True;c3;True;0;0;0;0.333333;0.0022;;0;0;42
baseline_naive;happy_guided_reordered;happy;2;Q2_margin_month;True;c1;True;0;0;0;0.666667;0.0009;;0;0;42
baseline_naive;happy_guided_reordered;happy;3;Q3_stockout_store;True;c2;True;0;0;0;1.0;0.0004;;0;0;42
baseline_measure_overlap;happy_guided_reordered;happy;1;Q1_sales_growth;True;c3;True;0;0;0;0.333333;0.0199;;0;0;42
baseline_measure_overlap;happy_guided_reordered;happy;2;Q2_margin_month;True;c1;True;0;0;0;0.666667;0.0049;;0;0;42
baseline_measure_overlap;happy_guided_reordered;happy;3;Q3_stockout_store;True;c2;True;0;0;0;1.0;0.0042;;0;0;42
ablation_no_sat;happy_guided_reordered;happy;1;Q1_sales_growth;True;c3;True;0;0;0;0.333333;0.6503;True;2;1;42
ablation_no_sat;happy_guided_reordered;happy;2;Q2_margin_month;True;c1;True;0;0;0;0.666667;0.2564;True;1;1;42
ablation_no_sat;happy_guided_reordered;happy;3;Q3_stockout_store;True;c2;True;0;0;0;1.0;0.2421;True;1;1;42
ablation_no_real;happy_guided_reordered;happy;1;Q1_sales_growth;True;c3;True;0;0;0;0.333333;0.4184;True;2;1;42
ablation_no_real;happy_guided_reordered;happy;2;Q2_margin_month;True;c1;True;0;0;0;0.666667;0.2555;True;1;1;42
ablation_no_real;happy_guided_reordered;happy;3;Q3_stockout_store;True;c2;True;0;0;0;1.0;0.2861;True;1;1;42
ablation_ceval_any_intersection;happy_guided_reordered;happy;1;Q1_sales_growth;True;c3;True;0;0;0;0.333333;0.4205;True;2;1;42
ablation_ceval_any_intersection;happy_guided_reordered;happy;2;Q2_margin_month;True;c1;True;0;0;0;0.666667;0.245;True;1;1;42
ablation_ceval_any_intersection;happy_guided_reordered;happy;3;Q3_stockout_store;True;c2;True;0;0;0;1.0;0.2404;True;1;1;42
baseline_random_matched;happy_guided_reordered;happy;1;Q1_sales_growth;True;c3;False;0;1;0;0.0;0.004;;0;0;42
baseline_random_matched;happy_guided_reordered;happy;2;Q2_margin_month;True;c1;True;0;0;0;0.333333;0.0006;;0;0;42
baseline_random_matched;happy_guided_reordered;happy;3;Q3_stockout_store;True;c2;True;0;0;0;0.666667;0.0004;;0;0;42
mcad;happy_guided_compact;happy;1;Q1_margin_month;True;c1;True;0;0;0;0.333333;0.3136;True;1;1;42
mcad;happy_guided_compact;happy;2;Q2_sales_growth;True;c3;True;0;0;0;0.666667;0.3466;True;2;1;42
mcad;happy_guided_compact;happy;3;Q3_stockout_store;True;c2;True;0;0;0;1.0;0.2447;True;1;1;42
baseline_naive;happy_guided_compact;happy;1;Q1_margin_month;True;c1;True;0;0;0;0.333333;0.0014;;0;0;42
baseline_naive;happy_guided_compact;happy;2;Q2_sales_growth;True;c3;True;0;0;0;0.666667;0.0006;;0;0;42
baseline_naive;happy_guided_compact;happy;3;Q3_stockout_store;True;c2;True;0;0;0;1.0;0.0003;;0;0;42
baseline_measure_overlap;happy_guided_compact;happy;1;Q1_margin_month;True;c1;True;0;0;0;0.333333;0.0188;;0;0;42
baseline_measure_overlap;happy_guided_compact;happy;2;Q2_sales_growth;True;c3;True;0;0;0;0.666667;0.005;;0;0;42
baseline_measure_overlap;happy_guided_compact;happy;3;Q3_stockout_store;True;c2;True;0;0;0;1.0;0.0044;;0;0;42
ablation_no_sat;happy_guided_compact;happy;1;Q1_margin_month;True;c1;True;0;0;0;0.333333;0.5557;True;1;1;42
ablation_no_sat;happy_guided_compact;happy;2;Q2_sales_growth;True;c3;True;0;0;0;0.666667;0.6807;True;2;1;42
ablation_no_sat;happy_guided_compact;happy;3;Q3_stockout_store;True;c2;True;0;0;0;1.0;0.472;True;1;1;42
ablation_no_real;happy_guided_compact;happy;1;Q1_margin_month;True;c1;True;0;0;0;0.333333;0.3211;True;1;1;42
ablation_no_real;happy_guided_compact;happy;2;Q2_sales_growth;True;c3;True;0;0;0;0.666667;0.3421;True;2;1;42
ablation_no_real;happy_guided_compact;happy;3;Q3_stockout_store;True;c2;True;0;0;0;1.0;0.2486;True;1;1;42
ablation_ceval_any_intersection;happy_guided_compact;happy;1;Q1_margin_month;True;c1;True;0;0;0;0.333333;0.3199;True;1;1;42
ablation_ceval_any_intersection;happy_guided_compact;happy;2;Q2_sales_growth;True;c3;True;0;0;0;0.666667;0.3342;True;2;1;42
ablation_ceval_any_intersection;happy_guided_compact;happy;3;Q3_stockout_store;True;c2;True;0;0;0;1.0;0.2444;True;1;1;42
baseline_random_matched;happy_guided_compact;happy;1;Q1_margin_month;True;c1;False;0;1;0;0.0;0.0042;;0;0;42
baseline_random_matched;happy_guided_compact;happy;2;Q2_sales_growth;True;c3;False;0;1;0;0.0;0.001;;0;0;42
baseline_random_matched;happy_guided_compact;happy;3;Q3_stockout_store;True;c2;False;0;1;0;0.0;0.0005;;0;0;42
mcad;border_growth_partial_1998_only;border;1;Q1_sales_1998_only;False;;False;0;0;0;0.0;0.3747;True;1;0;42
baseline_naive;border_growth_partial_1998_only;border;1;Q1_sales_1998_only;False;;True;1;0;1;0.0;0.0015;;0;0;42
baseline_measure_overlap;border_growth_partial_1998_only;border;1;Q1_sales_1998_only;False;;True;1;0;1;0.0;0.0192;;0;0;42
ablation_no_sat;border_growth_partial_1998_only;border;1;Q1_sales_1998_only;False;;False;0;0;0;0.0;0.3703;True;1;0;42
ablation_no_real;border_growth_partial_1998_only;border;1;Q1_sales_1998_only;False;;True;1;0;1;0.0;0.3832;True;1;0;42
ablation_ceval_any_intersection;border_growth_partial_1998_only;border;1;Q1_sales_1998_only;False;;True;1;0;1;0.0;0.3603;True;1;1;42
baseline_random_matched;border_growth_partial_1998_only;border;1;Q1_sales_1998_only;False;;False;0;0;0;0.0;0.0047;;0;0;42
mcad;border_margin_wrong_grain;border;1;Q1_margin_quarter_only;False;;False;0;0;0;0.0;0.2253;False;0;0;42
baseline_naive;border_margin_wrong_grain;border;1;Q1_margin_quarter_only;False;;True;1;0;1;0.0;0.0014;;0;0;42
baseline_measure_overlap;border_margin_wrong_grain;border;1;Q1_margin_quarter_only;False;;True;1;0;1;0.0;0.0203;;0;0;42
ablation_no_sat;border_margin_wrong_grain;border;1;Q1_margin_quarter_only;False;;False;0;0;0;0.0;0.2927;False;0;0;42
ablation_no_real;border_margin_wrong_grain;border;1;Q1_margin_quarter_only;False;;False;0;0;0;0.0;0.2347;False;0;0;42
ablation_ceval_any_intersection;border_margin_wrong_grain;border;1;Q1_margin_quarter_only;False;;False;0;0;0;0.0;0.229;False;0;0;42
baseline_random_matched;border_margin_wrong_grain;border;1;Q1_margin_quarter_only;False;;True;1;0;1;0.0;0.0041;;0;0;42
mcad;border_stockout_missing_store;border;1;Q1_stockout_category_only;False;;False;0;0;0;0.0;0.2273;False;0;0;42
baseline_naive;border_stockout_missing_store;border;1;Q1_stockout_category_only;False;;True;1;0;1;0.0;0.0017;;0;0;42
baseline_measure_overlap;border_stockout_missing_store;border;1;Q1_stockout_category_only;False;;True;1;0;1;0.0;0.0282;;0;0;42
ablation_no_sat;border_stockout_missing_store;border;1;Q1_stockout_category_only;False;;False;0;0;0;0.0;0.2953;False;0;0;42
ablation_no_real;border_stockout_missing_store;border;1;Q1_stockout_category_only;False;;False;0;0;0;0.0;0.2322;False;0;0;42
ablation_ceval_any_intersection;border_stockout_missing_store;border;1;Q1_stockout_category_only;False;;False;0;0;0;0.0;0.2217;False;0;0;42
baseline_random_matched;border_stockout_missing_store;border;1;Q1_stockout_category_only;False;;True;1;0;1;0.0;0.0035;;0;0;42
mcad;adversarial_wrong_region;adversarial;1;Q1_margin_south;False;;False;0;0;0;0.0;0.208;False;0;0;42
baseline_naive;adversarial_wrong_region;adversarial;1;Q1_margin_south;False;;True;1;0;1;0.0;0.0014;;0;0;42
baseline_measure_overlap;adversarial_wrong_region;adversarial;1;Q1_margin_south;False;;True;1;0;1;0.0;0.0187;;0;0;42
ablation_no_sat;adversarial_wrong_region;adversarial;1;Q1_margin_south;False;;False;0;0;0;0.0;0.237;False;0;0;42
ablation_no_real;adversarial_wrong_region;adversarial;1;Q1_margin_south;False;;False;0;0;0;0.0;0.2027;False;0;0;42
ablation_ceval_any_intersection;adversarial_wrong_region;adversarial;1;Q1_margin_south;False;;False;0;0;0;0.0;0.193;False;0;0;42
baseline_random_matched;adversarial_wrong_region;adversarial;1;Q1_margin_south;False;;False;0;0;0;0.0;0.0039;;0;0;42
mcad;adversarial_wrong_year;adversarial;1;Q1_stockout_1997;False;;False;0;0;0;0.0;0.1915;False;0;0;42
baseline_naive;adversarial_wrong_year;adversarial;1;Q1_stockout_1997;False;;True;1;0;1;0.0;0.0021;;0;0;42
baseline_measure_overlap;adversarial_wrong_year;adversarial;1;Q1_stockout_1997;False;;True;1;0;1;0.0;0.0196;;0;0;42
ablation_no_sat;adversarial_wrong_year;adversarial;1;Q1_stockout_1997;False;;False;0;0;0;0.0;0.2181;False;0;0;42
ablation_no_real;adversarial_wrong_year;adversarial;1;Q1_stockout_1997;False;;False;0;0;0;0.0;0.2013;False;0;0;42
ablation_ceval_any_intersection;adversarial_wrong_year;adversarial;1;Q1_stockout_1997;False;;False;0;0;0;0.0;0.1892;False;0;0;42
baseline_random_matched;adversarial_wrong_year;adversarial;1;Q1_stockout_1997;False;;False;0;0;0;0.0;0.0046;;0;0;42
mcad;adversarial_invalid_no_measures;adversarial;1;Q1_invalid_no_measure;False;;False;0;0;0;0.0;0.0945;False;0;0;42
baseline_naive;adversarial_invalid_no_measures;adversarial;1;Q1_invalid_no_measure;False;;True;1;0;1;0.0;0.0021;;0;0;42
baseline_measure_overlap;adversarial_invalid_no_measures;adversarial;1;Q1_invalid_no_measure;False;;False;0;0;0;0.0;0.0191;;0;0;42
ablation_no_sat;adversarial_invalid_no_measures;adversarial;1;Q1_invalid_no_measure;False;;False;0;0;0;0.0;0.1062;False;0;0;42
ablation_no_real;adversarial_invalid_no_measures;adversarial;1;Q1_invalid_no_measure;False;;False;0;0;0;0.0;0.1041;False;0;0;42
ablation_ceval_any_intersection;adversarial_invalid_no_measures;adversarial;1;Q1_invalid_no_measure;False;;False;0;0;0;0.0;0.0926;False;0;0;42
baseline_random_matched;adversarial_invalid_no_measures;adversarial;1;Q1_invalid_no_measure;False;;False;0;0;0;0.0;0.0042;;0;0;42
mcad;stress_exploratory_then_useful;stress;1;Q1_noise_region;False;;False;0;0;0;0.0;0.225;False;0;0;42
mcad;stress_exploratory_then_useful;stress;2;Q2_noise_margin_all;False;;False;0;0;0;0.0;0.141;False;0;0;42
mcad;stress_exploratory_then_useful;stress;3;Q3_useful_margin;True;c1;True;0;0;0;0.333333;0.3087;True;1;1;42
baseline_naive;stress_exploratory_then_useful;stress;1;Q1_noise_region;False;;True;1;0;1;0.0;0.0014;;0;0;42
baseline_naive;stress_exploratory_then_useful;stress;2;Q2_noise_margin_all;False;;True;1;0;1;0.0;0.0005;;0;0;42
baseline_naive;stress_exploratory_then_useful;stress;3;Q3_useful_margin;True;c1;True;0;0;0;0.333333;0.0003;;0;0;42
baseline_measure_overlap;stress_exploratory_then_useful;stress;1;Q1_noise_region;False;;True;1;0;1;0.0;0.0194;;0;0;42
baseline_measure_overlap;stress_exploratory_then_useful;stress;2;Q2_noise_margin_all;False;;True;1;0;1;0.0;0.0053;;0;0;42
baseline_measure_overlap;stress_exploratory_then_useful;stress;3;Q3_useful_margin;True;c1;True;0;0;0;0.333333;0.0043;;0;0;42
ablation_no_sat;stress_exploratory_then_useful;stress;1;Q1_noise_region;False;;False;0;0;0;0.0;0.261;False;0;0;42
ablation_no_sat;stress_exploratory_then_useful;stress;2;Q2_noise_margin_all;False;;False;0;0;0;0.0;0.1684;False;0;0;42
ablation_no_sat;stress_exploratory_then_useful;stress;3;Q3_useful_margin;True;c1;True;0;0;0;0.333333;0.2544;True;1;1;42
ablation_no_real;stress_exploratory_then_useful;stress;1;Q1_noise_region;False;;False;0;0;0;0.0;0.2329;False;0;0;42
ablation_no_real;stress_exploratory_then_useful;stress;2;Q2_noise_margin_all;False;;False;0;0;0;0.0;0.1504;False;0;0;42
ablation_no_real;stress_exploratory_then_useful;stress;3;Q3_useful_margin;True;c1;True;0;0;0;0.333333;0.253;True;1;1;42
ablation_ceval_any_intersection;stress_exploratory_then_useful;stress;1;Q1_noise_region;False;;False;0;0;0;0.0;0.2323;False;0;0;42
ablation_ceval_any_intersection;stress_exploratory_then_useful;stress;2;Q2_noise_margin_all;False;;False;0;0;0;0.0;0.1425;False;0;0;42
ablation_ceval_any_intersection;stress_exploratory_then_useful;stress;3;Q3_useful_margin;True;c1;True;0;0;0;0.333333;0.243;True;1;1;42
baseline_random_matched;stress_exploratory_then_useful;stress;1;Q1_noise_region;False;;True;1;0;1;0.0;0.0047;;0;0;42
baseline_random_matched;stress_exploratory_then_useful;stress;2;Q2_noise_margin_all;False;;False;0;0;0;0.0;0.0007;;0;0;42
baseline_random_matched;stress_exploratory_then_useful;stress;3;Q3_useful_margin;True;c1;True;0;0;0;0.333333;0.0004;;0;0;42
mcad;happy_guided_article_short;happy;1;Q1_margin_month;True;c1;True;0;0;0;0.333333;0.3055;True;1;1;43
mcad;happy_guided_article_short;happy;2;Q2_stockout_store;True;c2;True;0;0;0;0.666667;0.2563;True;1;1;43
mcad;happy_guided_article_short;happy;3;Q3_sales_growth;True;c3;True;0;0;0;1.0;0.3269;True;2;1;43
baseline_naive;happy_guided_article_short;happy;1;Q1_margin_month;True;c1;True;0;0;0;0.333333;0.0013;;0;0;43
baseline_naive;happy_guided_article_short;happy;2;Q2_stockout_store;True;c2;True;0;0;0;0.666667;0.0005;;0;0;43
baseline_naive;happy_guided_article_short;happy;3;Q3_sales_growth;True;c3;True;0;0;0;1.0;0.0004;;0;0;43
baseline_measure_overlap;happy_guided_article_short;happy;1;Q1_margin_month;True;c1;True;0;0;0;0.333333;0.0212;;0;0;43
baseline_measure_overlap;happy_guided_article_short;happy;2;Q2_stockout_store;True;c2;True;0;0;0;0.666667;0.0056;;0;0;43
baseline_measure_overlap;happy_guided_article_short;happy;3;Q3_sales_growth;True;c3;True;0;0;0;1.0;0.0044;;0;0;43
ablation_no_sat;happy_guided_article_short;happy;1;Q1_margin_month;True;c1;True;0;0;0;0.333333;0.3087;True;1;1;43
ablation_no_sat;happy_guided_article_short;happy;2;Q2_stockout_store;True;c2;True;0;0;0;0.666667;0.2435;True;1;1;43
ablation_no_sat;happy_guided_article_short;happy;3;Q3_sales_growth;True;c3;True;0;0;0;1.0;0.3692;True;2;1;43
ablation_no_real;happy_guided_article_short;happy;1;Q1_margin_month;True;c1;True;0;0;0;0.333333;0.3131;True;1;1;43
ablation_no_real;happy_guided_article_short;happy;2;Q2_stockout_store;True;c2;True;0;0;0;0.666667;0.2492;True;1;1;43
ablation_no_real;happy_guided_article_short;happy;3;Q3_sales_growth;True;c3;True;0;0;0;1.0;0.3623;True;2;1;43
ablation_ceval_any_intersection;happy_guided_article_short;happy;1;Q1_margin_month;True;c1;True;0;0;0;0.333333;0.2983;True;1;1;43
ablation_ceval_any_intersection;happy_guided_article_short;happy;2;Q2_stockout_store;True;c2;True;0;0;0;0.666667;0.2427;True;1;1;43
ablation_ceval_any_intersection;happy_guided_article_short;happy;3;Q3_sales_growth;True;c3;True;0;0;0;1.0;0.3365;True;2;1;43
baseline_random_matched;happy_guided_article_short;happy;1;Q1_margin_month;True;c1;True;0;0;0;0.333333;0.0033;;0;0;43
baseline_random_matched;happy_guided_article_short;happy;2;Q2_stockout_store;True;c2;True;0;0;0;0.666667;0.0007;;0;0;43
baseline_random_matched;happy_guided_article_short;happy;3;Q3_sales_growth;True;c3;True;0;0;0;1.0;0.0005;;0;0;43
mcad;happy_guided_reordered;happy;1;Q1_sales_growth;True;c3;True;0;0;0;0.333333;0.3886;True;2;1;43
mcad;happy_guided_reordered;happy;2;Q2_margin_month;True;c1;True;0;0;0;0.666667;0.2468;True;1;1;43
mcad;happy_guided_reordered;happy;3;Q3_stockout_store;True;c2;True;0;0;0;1.0;0.2461;True;1;1;43
baseline_naive;happy_guided_reordered;happy;1;Q1_sales_growth;True;c3;True;0;0;0;0.333333;0.0013;;0;0;43
baseline_naive;happy_guided_reordered;happy;2;Q2_margin_month;True;c1;True;0;0;0;0.666667;0.0004;;0;0;43
baseline_naive;happy_guided_reordered;happy;3;Q3_stockout_store;True;c2;True;0;0;0;1.0;0.0003;;0;0;43
baseline_measure_overlap;happy_guided_reordered;happy;1;Q1_sales_growth;True;c3;True;0;0;0;0.333333;0.0201;;0;0;43
baseline_measure_overlap;happy_guided_reordered;happy;2;Q2_margin_month;True;c1;True;0;0;0;0.666667;0.0051;;0;0;43
baseline_measure_overlap;happy_guided_reordered;happy;3;Q3_stockout_store;True;c2;True;0;0;0;1.0;0.0044;;0;0;43
ablation_no_sat;happy_guided_reordered;happy;1;Q1_sales_growth;True;c3;True;0;0;0;0.333333;0.3918;True;2;1;43
ablation_no_sat;happy_guided_reordered;happy;2;Q2_margin_month;True;c1;True;0;0;0;0.666667;0.2495;True;1;1;43
ablation_no_sat;happy_guided_reordered;happy;3;Q3_stockout_store;True;c2;True;0;0;0;1.0;0.2372;True;1;1;43
ablation_no_real;happy_guided_reordered;happy;1;Q1_sales_growth;True;c3;True;0;0;0;0.333333;0.4091;True;2;1;43
ablation_no_real;happy_guided_reordered;happy;2;Q2_margin_month;True;c1;True;0;0;0;0.666667;0.2518;True;1;1;43
ablation_no_real;happy_guided_reordered;happy;3;Q3_stockout_store;True;c2;True;0;0;0;1.0;0.2421;True;1;1;43
ablation_ceval_any_intersection;happy_guided_reordered;happy;1;Q1_sales_growth;True;c3;True;0;0;0;0.333333;0.3904;True;2;1;43
ablation_ceval_any_intersection;happy_guided_reordered;happy;2;Q2_margin_month;True;c1;True;0;0;0;0.666667;0.247;True;1;1;43
ablation_ceval_any_intersection;happy_guided_reordered;happy;3;Q3_stockout_store;True;c2;True;0;0;0;1.0;0.2377;True;1;1;43
baseline_random_matched;happy_guided_reordered;happy;1;Q1_sales_growth;True;c3;True;0;0;0;0.333333;0.0049;;0;0;43
baseline_random_matched;happy_guided_reordered;happy;2;Q2_margin_month;True;c1;False;0;1;0;0.333333;0.0006;;0;0;43
baseline_random_matched;happy_guided_reordered;happy;3;Q3_stockout_store;True;c2;False;0;1;0;0.333333;0.0005;;0;0;43
mcad;happy_guided_compact;happy;1;Q1_margin_month;True;c1;True;0;0;0;0.333333;0.309;True;1;1;43
mcad;happy_guided_compact;happy;2;Q2_sales_growth;True;c3;True;0;0;0;0.666667;0.3317;True;2;1;43
mcad;happy_guided_compact;happy;3;Q3_stockout_store;True;c2;True;0;0;0;1.0;0.238;True;1;1;43
baseline_naive;happy_guided_compact;happy;1;Q1_margin_month;True;c1;True;0;0;0;0.333333;0.0014;;0;0;43
baseline_naive;happy_guided_compact;happy;2;Q2_sales_growth;True;c3;True;0;0;0;0.666667;0.0004;;0;0;43
baseline_naive;happy_guided_compact;happy;3;Q3_stockout_store;True;c2;True;0;0;0;1.0;0.0004;;0;0;43
baseline_measure_overlap;happy_guided_compact;happy;1;Q1_margin_month;True;c1;True;0;0;0;0.333333;0.0192;;0;0;43
baseline_measure_overlap;happy_guided_compact;happy;2;Q2_sales_growth;True;c3;True;0;0;0;0.666667;0.0053;;0;0;43
baseline_measure_overlap;happy_guided_compact;happy;3;Q3_stockout_store;True;c2;True;0;0;0;1.0;0.0042;;0;0;43
ablation_no_sat;happy_guided_compact;happy;1;Q1_margin_month;True;c1;True;0;0;0;0.333333;0.3162;True;1;1;43
ablation_no_sat;happy_guided_compact;happy;2;Q2_sales_growth;True;c3;True;0;0;0;0.666667;0.3346;True;2;1;43
ablation_no_sat;happy_guided_compact;happy;3;Q3_stockout_store;True;c2;True;0;0;0;1.0;0.2439;True;1;1;43
ablation_no_real;happy_guided_compact;happy;1;Q1_margin_month;True;c1;True;0;0;0;0.333333;0.3299;True;1;1;43
ablation_no_real;happy_guided_compact;happy;2;Q2_sales_growth;True;c3;True;0;0;0;0.666667;0.3375;True;2;1;43
ablation_no_real;happy_guided_compact;happy;3;Q3_stockout_store;True;c2;True;0;0;0;1.0;0.2455;True;1;1;43
ablation_ceval_any_intersection;happy_guided_compact;happy;1;Q1_margin_month;True;c1;True;0;0;0;0.333333;0.3125;True;1;1;43
ablation_ceval_any_intersection;happy_guided_compact;happy;2;Q2_sales_growth;True;c3;True;0;0;0;0.666667;0.3265;True;2;1;43
ablation_ceval_any_intersection;happy_guided_compact;happy;3;Q3_stockout_store;True;c2;True;0;0;0;1.0;0.2365;True;1;1;43
baseline_random_matched;happy_guided_compact;happy;1;Q1_margin_month;True;c1;False;0;1;0;0.0;0.0061;;0;0;43
baseline_random_matched;happy_guided_compact;happy;2;Q2_sales_growth;True;c3;True;0;0;0;0.333333;0.0011;;0;0;43
baseline_random_matched;happy_guided_compact;happy;3;Q3_stockout_store;True;c2;False;0;1;0;0.333333;0.0009;;0;0;43
mcad;border_growth_partial_1998_only;border;1;Q1_sales_1998_only;False;;False;0;0;0;0.0;0.3972;True;1;0;43
baseline_naive;border_growth_partial_1998_only;border;1;Q1_sales_1998_only;False;;True;1;0;1;0.0;0.0015;;0;0;43
baseline_measure_overlap;border_growth_partial_1998_only;border;1;Q1_sales_1998_only;False;;True;1;0;1;0.0;0.0181;;0;0;43
ablation_no_sat;border_growth_partial_1998_only;border;1;Q1_sales_1998_only;False;;False;0;0;0;0.0;0.374;True;1;0;43
ablation_no_real;border_growth_partial_1998_only;border;1;Q1_sales_1998_only;False;;True;1;0;1;0.0;0.757;True;1;0;43
ablation_ceval_any_intersection;border_growth_partial_1998_only;border;1;Q1_sales_1998_only;False;;True;1;0;1;0.0;0.6831;True;1;1;43
baseline_random_matched;border_growth_partial_1998_only;border;1;Q1_sales_1998_only;False;;False;0;0;0;0.0;0.0041;;0;0;43
mcad;border_margin_wrong_grain;border;1;Q1_margin_quarter_only;False;;False;0;0;0;0.0;0.2228;False;0;0;43
baseline_naive;border_margin_wrong_grain;border;1;Q1_margin_quarter_only;False;;True;1;0;1;0.0;0.0015;;0;0;43
baseline_measure_overlap;border_margin_wrong_grain;border;1;Q1_margin_quarter_only;False;;True;1;0;1;0.0;0.0201;;0;0;43
ablation_no_sat;border_margin_wrong_grain;border;1;Q1_margin_quarter_only;False;;False;0;0;0;0.0;0.2943;False;0;0;43
ablation_no_real;border_margin_wrong_grain;border;1;Q1_margin_quarter_only;False;;False;0;0;0;0.0;0.2442;False;0;0;43
ablation_ceval_any_intersection;border_margin_wrong_grain;border;1;Q1_margin_quarter_only;False;;False;0;0;0;0.0;0.227;False;0;0;43
baseline_random_matched;border_margin_wrong_grain;border;1;Q1_margin_quarter_only;False;;False;0;0;0;0.0;0.0044;;0;0;43
mcad;border_stockout_missing_store;border;1;Q1_stockout_category_only;False;;False;0;0;0;0.0;0.2336;False;0;0;43
baseline_naive;border_stockout_missing_store;border;1;Q1_stockout_category_only;False;;True;1;0;1;0.0;0.0014;;0;0;43
baseline_measure_overlap;border_stockout_missing_store;border;1;Q1_stockout_category_only;False;;True;1;0;1;0.0;0.0191;;0;0;43
ablation_no_sat;border_stockout_missing_store;border;1;Q1_stockout_category_only;False;;False;0;0;0;0.0;0.2829;False;0;0;43
ablation_no_real;border_stockout_missing_store;border;1;Q1_stockout_category_only;False;;False;0;0;0;0.0;0.2293;False;0;0;43
ablation_ceval_any_intersection;border_stockout_missing_store;border;1;Q1_stockout_category_only;False;;False;0;0;0;0.0;0.2488;False;0;0;43
baseline_random_matched;border_stockout_missing_store;border;1;Q1_stockout_category_only;False;;True;1;0;1;0.0;0.0054;;0;0;43
mcad;adversarial_wrong_region;adversarial;1;Q1_margin_south;False;;False;0;0;0;0.0;0.1999;False;0;0;43
baseline_naive;adversarial_wrong_region;adversarial;1;Q1_margin_south;False;;True;1;0;1;0.0;0.0014;;0;0;43
baseline_measure_overlap;adversarial_wrong_region;adversarial;1;Q1_margin_south;False;;True;1;0;1;0.0;0.0193;;0;0;43
ablation_no_sat;adversarial_wrong_region;adversarial;1;Q1_margin_south;False;;False;0;0;0;0.0;0.2389;False;0;0;43
ablation_no_real;adversarial_wrong_region;adversarial;1;Q1_margin_south;False;;False;0;0;0;0.0;0.208;False;0;0;43
ablation_ceval_any_intersection;adversarial_wrong_region;adversarial;1;Q1_margin_south;False;;False;0;0;0;0.0;0.2112;False;0;0;43
baseline_random_matched;adversarial_wrong_region;adversarial;1;Q1_margin_south;False;;True;1;0;1;0.0;0.0052;;0;0;43
mcad;adversarial_wrong_year;adversarial;1;Q1_stockout_1997;False;;False;0;0;0;0.0;0.202;False;0;0;43
baseline_naive;adversarial_wrong_year;adversarial;1;Q1_stockout_1997;False;;True;1;0;1;0.0;0.0012;;0;0;43
baseline_measure_overlap;adversarial_wrong_year;adversarial;1;Q1_stockout_1997;False;;True;1;0;1;0.0;0.0209;;0;0;43
ablation_no_sat;adversarial_wrong_year;adversarial;1;Q1_stockout_1997;False;;False;0;0;0;0.0;0.2263;False;0;0;43
ablation_no_real;adversarial_wrong_year;adversarial;1;Q1_stockout_1997;False;;False;0;0;0;0.0;0.2125;False;0;0;43
ablation_ceval_any_intersection;adversarial_wrong_year;adversarial;1;Q1_stockout_1997;False;;False;0;0;0;0.0;0.1947;False;0;0;43
baseline_random_matched;adversarial_wrong_year;adversarial;1;Q1_stockout_1997;False;;False;0;0;0;0.0;0.0054;;0;0;43
mcad;adversarial_invalid_no_measures;adversarial;1;Q1_invalid_no_measure;False;;False;0;0;0;0.0;0.0951;False;0;0;43
baseline_naive;adversarial_invalid_no_measures;adversarial;1;Q1_invalid_no_measure;False;;True;1;0;1;0.0;0.0025;;0;0;43
baseline_measure_overlap;adversarial_invalid_no_measures;adversarial;1;Q1_invalid_no_measure;False;;False;0;0;0;0.0;0.0289;;0;0;43
ablation_no_sat;adversarial_invalid_no_measures;adversarial;1;Q1_invalid_no_measure;False;;False;0;0;0;0.0;0.1816;False;0;0;43
ablation_no_real;adversarial_invalid_no_measures;adversarial;1;Q1_invalid_no_measure;False;;False;0;0;0;0.0;0.1659;False;0;0;43
ablation_ceval_any_intersection;adversarial_invalid_no_measures;adversarial;1;Q1_invalid_no_measure;False;;False;0;0;0;0.0;0.0998;False;0;0;43
baseline_random_matched;adversarial_invalid_no_measures;adversarial;1;Q1_invalid_no_measure;False;;False;0;0;0;0.0;0.0041;;0;0;43
mcad;stress_exploratory_then_useful;stress;1;Q1_noise_region;False;;False;0;0;0;0.0;0.222;False;0;0;43
mcad;stress_exploratory_then_useful;stress;2;Q2_noise_margin_all;False;;False;0;0;0;0.0;0.1408;False;0;0;43
mcad;stress_exploratory_then_useful;stress;3;Q3_useful_margin;True;c1;True;0;0;0;0.333333;0.2491;True;1;1;43
baseline_naive;stress_exploratory_then_useful;stress;1;Q1_noise_region;False;;True;1;0;1;0.0;0.0016;;0;0;43
baseline_naive;stress_exploratory_then_useful;stress;2;Q2_noise_margin_all;False;;True;1;0;1;0.0;0.0004;;0;0;43
baseline_naive;stress_exploratory_then_useful;stress;3;Q3_useful_margin;True;c1;True;0;0;0;0.333333;0.0003;;0;0;43
baseline_measure_overlap;stress_exploratory_then_useful;stress;1;Q1_noise_region;False;;True;1;0;1;0.0;0.0199;;0;0;43
baseline_measure_overlap;stress_exploratory_then_useful;stress;2;Q2_noise_margin_all;False;;True;1;0;1;0.0;0.0054;;0;0;43
baseline_measure_overlap;stress_exploratory_then_useful;stress;3;Q3_useful_margin;True;c1;True;0;0;0;0.333333;0.0044;;0;0;43
ablation_no_sat;stress_exploratory_then_useful;stress;1;Q1_noise_region;False;;False;0;0;0;0.0;0.26;False;0;0;43
ablation_no_sat;stress_exploratory_then_useful;stress;2;Q2_noise_margin_all;False;;False;0;0;0;0.0;0.1839;False;0;0;43
ablation_no_sat;stress_exploratory_then_useful;stress;3;Q3_useful_margin;True;c1;True;0;0;0;0.333333;0.2462;True;1;1;43
ablation_no_real;stress_exploratory_then_useful;stress;1;Q1_noise_region;False;;False;0;0;0;0.0;0.2298;False;0;0;43
ablation_no_real;stress_exploratory_then_useful;stress;2;Q2_noise_margin_all;False;;False;0;0;0;0.0;0.146;False;0;0;43
ablation_no_real;stress_exploratory_then_useful;stress;3;Q3_useful_margin;True;c1;True;0;0;0;0.333333;0.2516;True;1;1;43
ablation_ceval_any_intersection;stress_exploratory_then_useful;stress;1;Q1_noise_region;False;;False;0;0;0;0.0;0.2303;False;0;0;43
ablation_ceval_any_intersection;stress_exploratory_then_useful;stress;2;Q2_noise_margin_all;False;;False;0;0;0;0.0;0.1424;False;0;0;43
ablation_ceval_any_intersection;stress_exploratory_then_useful;stress;3;Q3_useful_margin;True;c1;True;0;0;0;0.333333;0.2538;True;1;1;43
baseline_random_matched;stress_exploratory_then_useful;stress;1;Q1_noise_region;False;;True;1;0;1;0.0;0.0042;;0;0;43
baseline_random_matched;stress_exploratory_then_useful;stress;2;Q2_noise_margin_all;False;;False;0;0;0;0.0;0.0007;;0;0;43
baseline_random_matched;stress_exploratory_then_useful;stress;3;Q3_useful_margin;True;c1;False;0;1;0;0.0;0.0005;;0;0;43
mcad;happy_guided_article_short;happy;1;Q1_margin_month;True;c1;True;0;0;0;0.333333;0.3105;True;1;1;44
mcad;happy_guided_article_short;happy;2;Q2_stockout_store;True;c2;True;0;0;0;0.666667;0.2425;True;1;1;44
mcad;happy_guided_article_short;happy;3;Q3_sales_growth;True;c3;True;0;0;0;1.0;0.3383;True;2;1;44
baseline_naive;happy_guided_article_short;happy;1;Q1_margin_month;True;c1;True;0;0;0;0.333333;0.0015;;0;0;44
baseline_naive;happy_guided_article_short;happy;2;Q2_stockout_store;True;c2;True;0;0;0;0.666667;0.0005;;0;0;44
baseline_naive;happy_guided_article_short;happy;3;Q3_sales_growth;True;c3;True;0;0;0;1.0;0.0004;;0;0;44
baseline_measure_overlap;happy_guided_article_short;happy;1;Q1_margin_month;True;c1;True;0;0;0;0.333333;0.0195;;0;0;44
baseline_measure_overlap;happy_guided_article_short;happy;2;Q2_stockout_store;True;c2;True;0;0;0;0.666667;0.0053;;0;0;44
baseline_measure_overlap;happy_guided_article_short;happy;3;Q3_sales_growth;True;c3;True;0;0;0;1.0;0.0045;;0;0;44
ablation_no_sat;happy_guided_article_short;happy;1;Q1_margin_month;True;c1;True;0;0;0;0.333333;0.311;True;1;1;44
ablation_no_sat;happy_guided_article_short;happy;2;Q2_stockout_store;True;c2;True;0;0;0;0.666667;0.2993;True;1;1;44
ablation_no_sat;happy_guided_article_short;happy;3;Q3_sales_growth;True;c3;True;0;0;0;1.0;0.3473;True;2;1;44
ablation_no_real;happy_guided_article_short;happy;1;Q1_margin_month;True;c1;True;0;0;0;0.333333;0.5701;True;1;1;44
ablation_no_real;happy_guided_article_short;happy;2;Q2_stockout_store;True;c2;True;0;0;0;0.666667;0.4986;True;1;1;44
ablation_no_real;happy_guided_article_short;happy;3;Q3_sales_growth;True;c3;True;0;0;0;1.0;0.6754;True;2;1;44
ablation_ceval_any_intersection;happy_guided_article_short;happy;1;Q1_margin_month;True;c1;True;0;0;0;0.333333;0.3161;True;1;1;44
ablation_ceval_any_intersection;happy_guided_article_short;happy;2;Q2_stockout_store;True;c2;True;0;0;0;0.666667;0.2438;True;1;1;44
ablation_ceval_any_intersection;happy_guided_article_short;happy;3;Q3_sales_growth;True;c3;True;0;0;0;1.0;0.325;True;2;1;44
baseline_random_matched;happy_guided_article_short;happy;1;Q1_margin_month;True;c1;True;0;0;0;0.333333;0.0047;;0;0;44
baseline_random_matched;happy_guided_article_short;happy;2;Q2_stockout_store;True;c2;False;0;1;0;0.333333;0.0007;;0;0;44
baseline_random_matched;happy_guided_article_short;happy;3;Q3_sales_growth;True;c3;False;0;1;0;0.333333;0.0004;;0;0;44
mcad;happy_guided_reordered;happy;1;Q1_sales_growth;True;c3;True;0;0;0;0.333333;0.4283;True;2;1;44
mcad;happy_guided_reordered;happy;2;Q2_margin_month;True;c1;True;0;0;0;0.666667;0.2468;True;1;1;44
mcad;happy_guided_reordered;happy;3;Q3_stockout_store;True;c2;True;0;0;0;1.0;0.2369;True;1;1;44
baseline_naive;happy_guided_reordered;happy;1;Q1_sales_growth;True;c3;True;0;0;0;0.333333;0.0012;;0;0;44
baseline_naive;happy_guided_reordered;happy;2;Q2_margin_month;True;c1;True;0;0;0;0.666667;0.0005;;0;0;44
baseline_naive;happy_guided_reordered;happy;3;Q3_stockout_store;True;c2;True;0;0;0;1.0;0.0004;;0;0;44
baseline_measure_overlap;happy_guided_reordered;happy;1;Q1_sales_growth;True;c3;True;0;0;0;0.333333;0.0187;;0;0;44
baseline_measure_overlap;happy_guided_reordered;happy;2;Q2_margin_month;True;c1;True;0;0;0;0.666667;0.0053;;0;0;44
baseline_measure_overlap;happy_guided_reordered;happy;3;Q3_stockout_store;True;c2;True;0;0;0;1.0;0.0044;;0;0;44
ablation_no_sat;happy_guided_reordered;happy;1;Q1_sales_growth;True;c3;True;0;0;0;0.333333;0.3945;True;2;1;44
ablation_no_sat;happy_guided_reordered;happy;2;Q2_margin_month;True;c1;True;0;0;0;0.666667;0.2573;True;1;1;44
ablation_no_sat;happy_guided_reordered;happy;3;Q3_stockout_store;True;c2;True;0;0;0;1.0;0.2379;True;1;1;44
ablation_no_real;happy_guided_reordered;happy;1;Q1_sales_growth;True;c3;True;0;0;0;0.333333;0.4518;True;2;1;44
ablation_no_real;happy_guided_reordered;happy;2;Q2_margin_month;True;c1;True;0;0;0;0.666667;0.2682;True;1;1;44
ablation_no_real;happy_guided_reordered;happy;3;Q3_stockout_store;True;c2;True;0;0;0;1.0;0.2479;True;1;1;44
ablation_ceval_any_intersection;happy_guided_reordered;happy;1;Q1_sales_growth;True;c3;True;0;0;0;0.333333;0.3834;True;2;1;44
ablation_ceval_any_intersection;happy_guided_reordered;happy;2;Q2_margin_month;True;c1;True;0;0;0;0.666667;0.2825;True;1;1;44
ablation_ceval_any_intersection;happy_guided_reordered;happy;3;Q3_stockout_store;True;c2;True;0;0;0;1.0;0.2751;True;1;1;44
baseline_random_matched;happy_guided_reordered;happy;1;Q1_sales_growth;True;c3;True;0;0;0;0.333333;0.0034;;0;0;44
baseline_random_matched;happy_guided_reordered;happy;2;Q2_margin_month;True;c1;True;0;0;0;0.666667;0.0006;;0;0;44
baseline_random_matched;happy_guided_reordered;happy;3;Q3_stockout_store;True;c2;True;0;0;0;1.0;0.0005;;0;0;44
mcad;happy_guided_compact;happy;1;Q1_margin_month;True;c1;True;0;0;0;0.333333;0.3037;True;1;1;44
mcad;happy_guided_compact;happy;2;Q2_sales_growth;True;c3;True;0;0;0;0.666667;0.3335;True;2;1;44
mcad;happy_guided_compact;happy;3;Q3_stockout_store;True;c2;True;0;0;0;1.0;0.2519;True;1;1;44
baseline_naive;happy_guided_compact;happy;1;Q1_margin_month;True;c1;True;0;0;0;0.333333;0.0015;;0;0;44
baseline_naive;happy_guided_compact;happy;2;Q2_sales_growth;True;c3;True;0;0;0;0.666667;0.0006;;0;0;44
baseline_naive;happy_guided_compact;happy;3;Q3_stockout_store;True;c2;True;0;0;0;1.0;0.0003;;0;0;44
baseline_measure_overlap;happy_guided_compact;happy;1;Q1_margin_month;True;c1;True;0;0;0;0.333333;0.0203;;0;0;44
baseline_measure_overlap;happy_guided_compact;happy;2;Q2_sales_growth;True;c3;True;0;0;0;0.666667;0.0053;;0;0;44
baseline_measure_overlap;happy_guided_compact;happy;3;Q3_stockout_store;True;c2;True;0;0;0;1.0;0.0044;;0;0;44
ablation_no_sat;happy_guided_compact;happy;1;Q1_margin_month;True;c1;True;0;0;0;0.333333;0.3036;True;1;1;44
ablation_no_sat;happy_guided_compact;happy;2;Q2_sales_growth;True;c3;True;0;0;0;0.666667;0.3305;True;2;1;44
ablation_no_sat;happy_guided_compact;happy;3;Q3_stockout_store;True;c2;True;0;0;0;1.0;0.249;True;1;1;44
ablation_no_real;happy_guided_compact;happy;1;Q1_margin_month;True;c1;True;0;0;0;0.333333;0.3145;True;1;1;44
ablation_no_real;happy_guided_compact;happy;2;Q2_sales_growth;True;c3;True;0;0;0;0.666667;0.3383;True;2;1;44
ablation_no_real;happy_guided_compact;happy;3;Q3_stockout_store;True;c2;True;0;0;0;1.0;0.2525;True;1;1;44
ablation_ceval_any_intersection;happy_guided_compact;happy;1;Q1_margin_month;True;c1;True;0;0;0;0.333333;0.301;True;1;1;44
ablation_ceval_any_intersection;happy_guided_compact;happy;2;Q2_sales_growth;True;c3;True;0;0;0;0.666667;0.3543;True;2;1;44
ablation_ceval_any_intersection;happy_guided_compact;happy;3;Q3_stockout_store;True;c2;True;0;0;0;1.0;0.2472;True;1;1;44
baseline_random_matched;happy_guided_compact;happy;1;Q1_margin_month;True;c1;True;0;0;0;0.333333;0.004;;0;0;44
baseline_random_matched;happy_guided_compact;happy;2;Q2_sales_growth;True;c3;True;0;0;0;0.666667;0.0007;;0;0;44
baseline_random_matched;happy_guided_compact;happy;3;Q3_stockout_store;True;c2;False;0;1;0;0.666667;0.0005;;0;0;44
mcad;border_growth_partial_1998_only;border;1;Q1_sales_1998_only;False;;False;0;0;0;0.0;0.3731;True;1;0;44
baseline_naive;border_growth_partial_1998_only;border;1;Q1_sales_1998_only;False;;True;1;0;1;0.0;0.0015;;0;0;44
baseline_measure_overlap;border_growth_partial_1998_only;border;1;Q1_sales_1998_only;False;;True;1;0;1;0.0;0.0206;;0;0;44
ablation_no_sat;border_growth_partial_1998_only;border;1;Q1_sales_1998_only;False;;False;0;0;0;0.0;0.3635;True;1;0;44
ablation_no_real;border_growth_partial_1998_only;border;1;Q1_sales_1998_only;False;;True;1;0;1;0.0;0.365;True;1;0;44
ablation_ceval_any_intersection;border_growth_partial_1998_only;border;1;Q1_sales_1998_only;False;;True;1;0;1;0.0;0.3651;True;1;1;44
baseline_random_matched;border_growth_partial_1998_only;border;1;Q1_sales_1998_only;False;;True;1;0;1;0.0;0.0043;;0;0;44
mcad;border_margin_wrong_grain;border;1;Q1_margin_quarter_only;False;;False;0;0;0;0.0;0.2238;False;0;0;44
baseline_naive;border_margin_wrong_grain;border;1;Q1_margin_quarter_only;False;;True;1;0;1;0.0;0.0019;;0;0;44
baseline_measure_overlap;border_margin_wrong_grain;border;1;Q1_margin_quarter_only;False;;True;1;0;1;0.0;0.0176;;0;0;44
ablation_no_sat;border_margin_wrong_grain;border;1;Q1_margin_quarter_only;False;;False;0;0;0;0.0;0.2868;False;0;0;44
ablation_no_real;border_margin_wrong_grain;border;1;Q1_margin_quarter_only;False;;False;0;0;0;0.0;0.2287;False;0;0;44
ablation_ceval_any_intersection;border_margin_wrong_grain;border;1;Q1_margin_quarter_only;False;;False;0;0;0;0.0;0.2162;False;0;0;44
baseline_random_matched;border_margin_wrong_grain;border;1;Q1_margin_quarter_only;False;;False;0;0;0;0.0;0.0035;;0;0;44
mcad;border_stockout_missing_store;border;1;Q1_stockout_category_only;False;;False;0;0;0;0.0;0.2443;False;0;0;44
baseline_naive;border_stockout_missing_store;border;1;Q1_stockout_category_only;False;;True;1;0;1;0.0;0.0016;;0;0;44
baseline_measure_overlap;border_stockout_missing_store;border;1;Q1_stockout_category_only;False;;True;1;0;1;0.0;0.0185;;0;0;44
ablation_no_sat;border_stockout_missing_store;border;1;Q1_stockout_category_only;False;;False;0;0;0;0.0;0.2821;False;0;0;44
ablation_no_real;border_stockout_missing_store;border;1;Q1_stockout_category_only;False;;False;0;0;0;0.0;0.2184;False;0;0;44
ablation_ceval_any_intersection;border_stockout_missing_store;border;1;Q1_stockout_category_only;False;;False;0;0;0;0.0;0.2182;False;0;0;44
baseline_random_matched;border_stockout_missing_store;border;1;Q1_stockout_category_only;False;;True;1;0;1;0.0;0.004;;0;0;44
mcad;adversarial_wrong_region;adversarial;1;Q1_margin_south;False;;False;0;0;0;0.0;0.2003;False;0;0;44
baseline_naive;adversarial_wrong_region;adversarial;1;Q1_margin_south;False;;True;1;0;1;0.0;0.0013;;0;0;44
baseline_measure_overlap;adversarial_wrong_region;adversarial;1;Q1_margin_south;False;;True;1;0;1;0.0;0.0187;;0;0;44
ablation_no_sat;adversarial_wrong_region;adversarial;1;Q1_margin_south;False;;False;0;0;0;0.0;0.2417;False;0;0;44
ablation_no_real;adversarial_wrong_region;adversarial;1;Q1_margin_south;False;;False;0;0;0;0.0;0.2261;False;0;0;44
ablation_ceval_any_intersection;adversarial_wrong_region;adversarial;1;Q1_margin_south;False;;False;0;0;0;0.0;0.2059;False;0;0;44
baseline_random_matched;adversarial_wrong_region;adversarial;1;Q1_margin_south;False;;True;1;0;1;0.0;0.0045;;0;0;44
mcad;adversarial_wrong_year;adversarial;1;Q1_stockout_1997;False;;False;0;0;0;0.0;0.1856;False;0;0;44
baseline_naive;adversarial_wrong_year;adversarial;1;Q1_stockout_1997;False;;True;1;0;1;0.0;0.0015;;0;0;44
baseline_measure_overlap;adversarial_wrong_year;adversarial;1;Q1_stockout_1997;False;;True;1;0;1;0.0;0.0186;;0;0;44
ablation_no_sat;adversarial_wrong_year;adversarial;1;Q1_stockout_1997;False;;False;0;0;0;0.0;0.2126;False;0;0;44
ablation_no_real;adversarial_wrong_year;adversarial;1;Q1_stockout_1997;False;;False;0;0;0;0.0;0.322;False;0;0;44
ablation_ceval_any_intersection;adversarial_wrong_year;adversarial;1;Q1_stockout_1997;False;;False;0;0;0;0.0;0.1849;False;0;0;44
baseline_random_matched;adversarial_wrong_year;adversarial;1;Q1_stockout_1997;False;;True;1;0;1;0.0;0.0037;;0;0;44
mcad;adversarial_invalid_no_measures;adversarial;1;Q1_invalid_no_measure;False;;False;0;0;0;0.0;0.0934;False;0;0;44
baseline_naive;adversarial_invalid_no_measures;adversarial;1;Q1_invalid_no_measure;False;;True;1;0;1;0.0;0.0022;;0;0;44
baseline_measure_overlap;adversarial_invalid_no_measures;adversarial;1;Q1_invalid_no_measure;False;;False;0;0;0;0.0;0.0277;;0;0;44
ablation_no_sat;adversarial_invalid_no_measures;adversarial;1;Q1_invalid_no_measure;False;;False;0;0;0;0.0;0.1153;False;0;0;44
ablation_no_real;adversarial_invalid_no_measures;adversarial;1;Q1_invalid_no_measure;False;;False;0;0;0;0.0;0.1031;False;0;0;44
ablation_ceval_any_intersection;adversarial_invalid_no_measures;adversarial;1;Q1_invalid_no_measure;False;;False;0;0;0;0.0;0.1168;False;0;0;44
baseline_random_matched;adversarial_invalid_no_measures;adversarial;1;Q1_invalid_no_measure;False;;True;1;0;1;0.0;0.0044;;0;0;44
mcad;stress_exploratory_then_useful;stress;1;Q1_noise_region;False;;False;0;0;0;0.0;0.2218;False;0;0;44
mcad;stress_exploratory_then_useful;stress;2;Q2_noise_margin_all;False;;False;0;0;0;0.0;0.142;False;0;0;44
mcad;stress_exploratory_then_useful;stress;3;Q3_useful_margin;True;c1;True;0;0;0;0.333333;0.2717;True;1;1;44
baseline_naive;stress_exploratory_then_useful;stress;1;Q1_noise_region;False;;True;1;0;1;0.0;0.0016;;0;0;44
baseline_naive;stress_exploratory_then_useful;stress;2;Q2_noise_margin_all;False;;True;1;0;1;0.0;0.0005;;0;0;44
baseline_naive;stress_exploratory_then_useful;stress;3;Q3_useful_margin;True;c1;True;0;0;0;0.333333;0.0003;;0;0;44
baseline_measure_overlap;stress_exploratory_then_useful;stress;1;Q1_noise_region;False;;True;1;0;1;0.0;0.0211;;0;0;44
baseline_measure_overlap;stress_exploratory_then_useful;stress;2;Q2_noise_margin_all;False;;True;1;0;1;0.0;0.0057;;0;0;44
baseline_measure_overlap;stress_exploratory_then_useful;stress;3;Q3_useful_margin;True;c1;True;0;0;0;0.333333;0.0042;;0;0;44
ablation_no_sat;stress_exploratory_then_useful;stress;1;Q1_noise_region;False;;False;0;0;0;0.0;0.2559;False;0;0;44
ablation_no_sat;stress_exploratory_then_useful;stress;2;Q2_noise_margin_all;False;;False;0;0;0;0.0;0.1684;False;0;0;44
ablation_no_sat;stress_exploratory_then_useful;stress;3;Q3_useful_margin;True;c1;True;0;0;0;0.333333;0.2442;True;1;1;44
ablation_no_real;stress_exploratory_then_useful;stress;1;Q1_noise_region;False;;False;0;0;0;0.0;0.2355;False;0;0;44
ablation_no_real;stress_exploratory_then_useful;stress;2;Q2_noise_margin_all;False;;False;0;0;0;0.0;0.1481;False;0;0;44
ablation_no_real;stress_exploratory_then_useful;stress;3;Q3_useful_margin;True;c1;True;0;0;0;0.333333;0.2546;True;1;1;44
ablation_ceval_any_intersection;stress_exploratory_then_useful;stress;1;Q1_noise_region;False;;False;0;0;0;0.0;0.2316;False;0;0;44
ablation_ceval_any_intersection;stress_exploratory_then_useful;stress;2;Q2_noise_margin_all;False;;False;0;0;0;0.0;0.1432;False;0;0;44
ablation_ceval_any_intersection;stress_exploratory_then_useful;stress;3;Q3_useful_margin;True;c1;True;0;0;0;0.333333;0.2454;True;1;1;44
baseline_random_matched;stress_exploratory_then_useful;stress;1;Q1_noise_region;False;;True;1;0;1;0.0;0.005;;0;0;44
baseline_random_matched;stress_exploratory_then_useful;stress;2;Q2_noise_margin_all;False;;True;1;0;1;0.0;0.0007;;0;0;44
baseline_random_matched;stress_exploratory_then_useful;stress;3;Q3_useful_margin;True;c1;False;0;1;0;0.0;0.0004;;0;0;44
mcad;happy_guided_article_short;happy;1;Q1_margin_month;True;c1;True;0;0;0;0.333333;0.3086;True;1;1;45
mcad;happy_guided_article_short;happy;2;Q2_stockout_store;True;c2;True;0;0;0;0.666667;0.2553;True;1;1;45
mcad;happy_guided_article_short;happy;3;Q3_sales_growth;True;c3;True;0;0;0;1.0;0.3314;True;2;1;45
baseline_naive;happy_guided_article_short;happy;1;Q1_margin_month;True;c1;True;0;0;0;0.333333;0.0018;;0;0;45
baseline_naive;happy_guided_article_short;happy;2;Q2_stockout_store;True;c2;True;0;0;0;0.666667;0.0005;;0;0;45
baseline_naive;happy_guided_article_short;happy;3;Q3_sales_growth;True;c3;True;0;0;0;1.0;0.0004;;0;0;45
baseline_measure_overlap;happy_guided_article_short;happy;1;Q1_margin_month;True;c1;True;0;0;0;0.333333;0.019;;0;0;45
baseline_measure_overlap;happy_guided_article_short;happy;2;Q2_stockout_store;True;c2;True;0;0;0;0.666667;0.0054;;0;0;45
baseline_measure_overlap;happy_guided_article_short;happy;3;Q3_sales_growth;True;c3;True;0;0;0;1.0;0.0042;;0;0;45
ablation_no_sat;happy_guided_article_short;happy;1;Q1_margin_month;True;c1;True;0;0;0;0.333333;0.3046;True;1;1;45
ablation_no_sat;happy_guided_article_short;happy;2;Q2_stockout_store;True;c2;True;0;0;0;0.666667;0.243;True;1;1;45
ablation_no_sat;happy_guided_article_short;happy;3;Q3_sales_growth;True;c3;True;0;0;0;1.0;0.3517;True;2;1;45
ablation_no_real;happy_guided_article_short;happy;1;Q1_margin_month;True;c1;True;0;0;0;0.333333;0.3225;True;1;1;45
ablation_no_real;happy_guided_article_short;happy;2;Q2_stockout_store;True;c2;True;0;0;0;0.666667;0.2479;True;1;1;45
ablation_no_real;happy_guided_article_short;happy;3;Q3_sales_growth;True;c3;True;0;0;0;1.0;0.3331;True;2;1;45
ablation_ceval_any_intersection;happy_guided_article_short;happy;1;Q1_margin_month;True;c1;True;0;0;0;0.333333;0.2963;True;1;1;45
ablation_ceval_any_intersection;happy_guided_article_short;happy;2;Q2_stockout_store;True;c2;True;0;0;0;0.666667;0.2493;True;1;1;45
ablation_ceval_any_intersection;happy_guided_article_short;happy;3;Q3_sales_growth;True;c3;True;0;0;0;1.0;0.3264;True;2;1;45
baseline_random_matched;happy_guided_article_short;happy;1;Q1_margin_month;True;c1;True;0;0;0;0.333333;0.0052;;0;0;45
baseline_random_matched;happy_guided_article_short;happy;2;Q2_stockout_store;True;c2;True;0;0;0;0.666667;0.001;;0;0;45
baseline_random_matched;happy_guided_article_short;happy;3;Q3_sales_growth;True;c3;True;0;0;0;1.0;0.0005;;0;0;45
mcad;happy_guided_reordered;happy;1;Q1_sales_growth;True;c3;True;0;0;0;0.333333;0.4029;True;2;1;45
mcad;happy_guided_reordered;happy;2;Q2_margin_month;True;c1;True;0;0;0;0.666667;0.2566;True;1;1;45
mcad;happy_guided_reordered;happy;3;Q3_stockout_store;True;c2;True;0;0;0;1.0;0.241;True;1;1;45
baseline_naive;happy_guided_reordered;happy;1;Q1_sales_growth;True;c3;True;0;0;0;0.333333;0.0015;;0;0;45
baseline_naive;happy_guided_reordered;happy;2;Q2_margin_month;True;c1;True;0;0;0;0.666667;0.0005;;0;0;45
baseline_naive;happy_guided_reordered;happy;3;Q3_stockout_store;True;c2;True;0;0;0;1.0;0.0004;;0;0;45
baseline_measure_overlap;happy_guided_reordered;happy;1;Q1_sales_growth;True;c3;True;0;0;0;0.333333;0.0202;;0;0;45
baseline_measure_overlap;happy_guided_reordered;happy;2;Q2_margin_month;True;c1;True;0;0;0;0.666667;0.005;;0;0;45
baseline_measure_overlap;happy_guided_reordered;happy;3;Q3_stockout_store;True;c2;True;0;0;0;1.0;0.0043;;0;0;45
ablation_no_sat;happy_guided_reordered;happy;1;Q1_sales_growth;True;c3;True;0;0;0;0.333333;0.3901;True;2;1;45
ablation_no_sat;happy_guided_reordered;happy;2;Q2_margin_month;True;c1;True;0;0;0;0.666667;0.254;True;1;1;45
ablation_no_sat;happy_guided_reordered;happy;3;Q3_stockout_store;True;c2;True;0;0;0;1.0;0.238;True;1;1;45
ablation_no_real;happy_guided_reordered;happy;1;Q1_sales_growth;True;c3;True;0;0;0;0.333333;0.4026;True;2;1;45
ablation_no_real;happy_guided_reordered;happy;2;Q2_margin_month;True;c1;True;0;0;0;0.666667;0.2621;True;1;1;45
ablation_no_real;happy_guided_reordered;happy;3;Q3_stockout_store;True;c2;True;0;0;0;1.0;0.2438;True;1;1;45
ablation_ceval_any_intersection;happy_guided_reordered;happy;1;Q1_sales_growth;True;c3;True;0;0;0;0.333333;0.385;True;2;1;45
ablation_ceval_any_intersection;happy_guided_reordered;happy;2;Q2_margin_month;True;c1;True;0;0;0;0.666667;0.2444;True;1;1;45
ablation_ceval_any_intersection;happy_guided_reordered;happy;3;Q3_stockout_store;True;c2;True;0;0;0;1.0;0.2502;True;1;1;45
baseline_random_matched;happy_guided_reordered;happy;1;Q1_sales_growth;True;c3;True;0;0;0;0.333333;0.0046;;0;0;45
baseline_random_matched;happy_guided_reordered;happy;2;Q2_margin_month;True;c1;True;0;0;0;0.666667;0.0007;;0;0;45
baseline_random_matched;happy_guided_reordered;happy;3;Q3_stockout_store;True;c2;True;0;0;0;1.0;0.0005;;0;0;45
mcad;happy_guided_compact;happy;1;Q1_margin_month;True;c1;True;0;0;0;0.333333;0.3063;True;1;1;45
mcad;happy_guided_compact;happy;2;Q2_sales_growth;True;c3;True;0;0;0;0.666667;0.333;True;2;1;45
mcad;happy_guided_compact;happy;3;Q3_stockout_store;True;c2;True;0;0;0;1.0;0.2475;True;1;1;45
baseline_naive;happy_guided_compact;happy;1;Q1_margin_month;True;c1;True;0;0;0;0.333333;0.0015;;0;0;45
baseline_naive;happy_guided_compact;happy;2;Q2_sales_growth;True;c3;True;0;0;0;0.666667;0.0005;;0;0;45
baseline_naive;happy_guided_compact;happy;3;Q3_stockout_store;True;c2;True;0;0;0;1.0;0.0004;;0;0;45
baseline_measure_overlap;happy_guided_compact;happy;1;Q1_margin_month;True;c1;True;0;0;0;0.333333;0.0187;;0;0;45
baseline_measure_overlap;happy_guided_compact;happy;2;Q2_sales_growth;True;c3;True;0;0;0;0.666667;0.0055;;0;0;45
baseline_measure_overlap;happy_guided_compact;happy;3;Q3_stockout_store;True;c2;True;0;0;0;1.0;0.0044;;0;0;45
ablation_no_sat;happy_guided_compact;happy;1;Q1_margin_month;True;c1;True;0;0;0;0.333333;0.3107;True;1;1;45
ablation_no_sat;happy_guided_compact;happy;2;Q2_sales_growth;True;c3;True;0;0;0;0.666667;0.3532;True;2;1;45
ablation_no_sat;happy_guided_compact;happy;3;Q3_stockout_store;True;c2;True;0;0;0;1.0;0.2412;True;1;1;45
ablation_no_real;happy_guided_compact;happy;1;Q1_margin_month;True;c1;True;0;0;0;0.333333;0.3267;True;1;1;45
ablation_no_real;happy_guided_compact;happy;2;Q2_sales_growth;True;c3;True;0;0;0;0.666667;0.3532;True;2;1;45
ablation_no_real;happy_guided_compact;happy;3;Q3_stockout_store;True;c2;True;0;0;0;1.0;0.2548;True;1;1;45
ablation_ceval_any_intersection;happy_guided_compact;happy;1;Q1_margin_month;True;c1;True;0;0;0;0.333333;0.3055;True;1;1;45
ablation_ceval_any_intersection;happy_guided_compact;happy;2;Q2_sales_growth;True;c3;True;0;0;0;0.666667;0.3411;True;2;1;45
ablation_ceval_any_intersection;happy_guided_compact;happy;3;Q3_stockout_store;True;c2;True;0;0;0;1.0;0.2399;True;1;1;45
baseline_random_matched;happy_guided_compact;happy;1;Q1_margin_month;True;c1;True;0;0;0;0.333333;0.0035;;0;0;45
baseline_random_matched;happy_guided_compact;happy;2;Q2_sales_growth;True;c3;True;0;0;0;0.666667;0.0007;;0;0;45
baseline_random_matched;happy_guided_compact;happy;3;Q3_stockout_store;True;c2;False;0;1;0;0.666667;0.0005;;0;0;45
mcad;border_growth_partial_1998_only;border;1;Q1_sales_1998_only;False;;False;0;0;0;0.0;0.3692;True;1;0;45
baseline_naive;border_growth_partial_1998_only;border;1;Q1_sales_1998_only;False;;True;1;0;1;0.0;0.0016;;0;0;45
baseline_measure_overlap;border_growth_partial_1998_only;border;1;Q1_sales_1998_only;False;;True;1;0;1;0.0;0.0192;;0;0;45
ablation_no_sat;border_growth_partial_1998_only;border;1;Q1_sales_1998_only;False;;False;0;0;0;0.0;0.3646;True;1;0;45
ablation_no_real;border_growth_partial_1998_only;border;1;Q1_sales_1998_only;False;;True;1;0;1;0.0;0.3796;True;1;0;45
ablation_ceval_any_intersection;border_growth_partial_1998_only;border;1;Q1_sales_1998_only;False;;True;1;0;1;0.0;0.3547;True;1;1;45
baseline_random_matched;border_growth_partial_1998_only;border;1;Q1_sales_1998_only;False;;True;1;0;1;0.0;0.0041;;0;0;45
mcad;border_margin_wrong_grain;border;1;Q1_margin_quarter_only;False;;False;0;0;0;0.0;0.2564;False;0;0;45
baseline_naive;border_margin_wrong_grain;border;1;Q1_margin_quarter_only;False;;True;1;0;1;0.0;0.0017;;0;0;45
baseline_measure_overlap;border_margin_wrong_grain;border;1;Q1_margin_quarter_only;False;;True;1;0;1;0.0;0.0184;;0;0;45
ablation_no_sat;border_margin_wrong_grain;border;1;Q1_margin_quarter_only;False;;False;0;0;0;0.0;0.2911;False;0;0;45
ablation_no_real;border_margin_wrong_grain;border;1;Q1_margin_quarter_only;False;;False;0;0;0;0.0;0.2545;False;0;0;45
ablation_ceval_any_intersection;border_margin_wrong_grain;border;1;Q1_margin_quarter_only;False;;False;0;0;0;0.0;0.2259;False;0;0;45
baseline_random_matched;border_margin_wrong_grain;border;1;Q1_margin_quarter_only;False;;True;1;0;1;0.0;0.0037;;0;0;45
mcad;border_stockout_missing_store;border;1;Q1_stockout_category_only;False;;False;0;0;0;0.0;0.2323;False;0;0;45
baseline_naive;border_stockout_missing_store;border;1;Q1_stockout_category_only;False;;True;1;0;1;0.0;0.0015;;0;0;45
baseline_measure_overlap;border_stockout_missing_store;border;1;Q1_stockout_category_only;False;;True;1;0;1;0.0;0.0198;;0;0;45
ablation_no_sat;border_stockout_missing_store;border;1;Q1_stockout_category_only;False;;False;0;0;0;0.0;0.2791;False;0;0;45
ablation_no_real;border_stockout_missing_store;border;1;Q1_stockout_category_only;False;;False;0;0;0;0.0;0.2246;False;0;0;45
ablation_ceval_any_intersection;border_stockout_missing_store;border;1;Q1_stockout_category_only;False;;False;0;0;0;0.0;0.2983;False;0;0;45
baseline_random_matched;border_stockout_missing_store;border;1;Q1_stockout_category_only;False;;False;0;0;0;0.0;0.0043;;0;0;45
mcad;adversarial_wrong_region;adversarial;1;Q1_margin_south;False;;False;0;0;0;0.0;0.2047;False;0;0;45
baseline_naive;adversarial_wrong_region;adversarial;1;Q1_margin_south;False;;True;1;0;1;0.0;0.0015;;0;0;45
baseline_measure_overlap;adversarial_wrong_region;adversarial;1;Q1_margin_south;False;;True;1;0;1;0.0;0.0197;;0;0;45
ablation_no_sat;adversarial_wrong_region;adversarial;1;Q1_margin_south;False;;False;0;0;0;0.0;0.2673;False;0;0;45
ablation_no_real;adversarial_wrong_region;adversarial;1;Q1_margin_south;False;;False;0;0;0;0.0;0.2089;False;0;0;45
ablation_ceval_any_intersection;adversarial_wrong_region;adversarial;1;Q1_margin_south;False;;False;0;0;0;0.0;0.1965;False;0;0;45
baseline_random_matched;adversarial_wrong_region;adversarial;1;Q1_margin_south;False;;True;1;0;1;0.0;0.0046;;0;0;45
mcad;adversarial_wrong_year;adversarial;1;Q1_stockout_1997;False;;False;0;0;0;0.0;0.1909;False;0;0;45
baseline_naive;adversarial_wrong_year;adversarial;1;Q1_stockout_1997;False;;True;1;0;1;0.0;0.0017;;0;0;45
baseline_measure_overlap;adversarial_wrong_year;adversarial;1;Q1_stockout_1997;False;;True;1;0;1;0.0;0.0202;;0;0;45
ablation_no_sat;adversarial_wrong_year;adversarial;1;Q1_stockout_1997;False;;False;0;0;0;0.0;0.2157;False;0;0;45
ablation_no_real;adversarial_wrong_year;adversarial;1;Q1_stockout_1997;False;;False;0;0;0;0.0;0.1991;False;0;0;45
ablation_ceval_any_intersection;adversarial_wrong_year;adversarial;1;Q1_stockout_1997;False;;False;0;0;0;0.0;0.1923;False;0;0;45
baseline_random_matched;adversarial_wrong_year;adversarial;1;Q1_stockout_1997;False;;False;0;0;0;0.0;0.0041;;0;0;45
mcad;adversarial_invalid_no_measures;adversarial;1;Q1_invalid_no_measure;False;;False;0;0;0;0.0;0.0931;False;0;0;45
baseline_naive;adversarial_invalid_no_measures;adversarial;1;Q1_invalid_no_measure;False;;True;1;0;1;0.0;0.0015;;0;0;45
baseline_measure_overlap;adversarial_invalid_no_measures;adversarial;1;Q1_invalid_no_measure;False;;False;0;0;0;0.0;0.0189;;0;0;45
ablation_no_sat;adversarial_invalid_no_measures;adversarial;1;Q1_invalid_no_measure;False;;False;0;0;0;0.0;0.1096;False;0;0;45
ablation_no_real;adversarial_invalid_no_measures;adversarial;1;Q1_invalid_no_measure;False;;False;0;0;0;0.0;0.1013;False;0;0;45
ablation_ceval_any_intersection;adversarial_invalid_no_measures;adversarial;1;Q1_invalid_no_measure;False;;False;0;0;0;0.0;0.1039;False;0;0;45
baseline_random_matched;adversarial_invalid_no_measures;adversarial;1;Q1_invalid_no_measure;False;;True;1;0;1;0.0;0.0033;;0;0;45
mcad;stress_exploratory_then_useful;stress;1;Q1_noise_region;False;;False;0;0;0;0.0;0.2192;False;0;0;45
mcad;stress_exploratory_then_useful;stress;2;Q2_noise_margin_all;False;;False;0;0;0;0.0;0.1507;False;0;0;45
mcad;stress_exploratory_then_useful;stress;3;Q3_useful_margin;True;c1;True;0;0;0;0.333333;0.2497;True;1;1;45
baseline_naive;stress_exploratory_then_useful;stress;1;Q1_noise_region;False;;True;1;0;1;0.0;0.0015;;0;0;45
baseline_naive;stress_exploratory_then_useful;stress;2;Q2_noise_margin_all;False;;True;1;0;1;0.0;0.0004;;0;0;45
baseline_naive;stress_exploratory_then_useful;stress;3;Q3_useful_margin;True;c1;True;0;0;0;0.333333;0.0004;;0;0;45
baseline_measure_overlap;stress_exploratory_then_useful;stress;1;Q1_noise_region;False;;True;1;0;1;0.0;0.0189;;0;0;45
baseline_measure_overlap;stress_exploratory_then_useful;stress;2;Q2_noise_margin_all;False;;True;1;0;1;0.0;0.0052;;0;0;45
baseline_measure_overlap;stress_exploratory_then_useful;stress;3;Q3_useful_margin;True;c1;True;0;0;0;0.333333;0.0043;;0;0;45
ablation_no_sat;stress_exploratory_then_useful;stress;1;Q1_noise_region;False;;False;0;0;0;0.0;0.2587;False;0;0;45
ablation_no_sat;stress_exploratory_then_useful;stress;2;Q2_noise_margin_all;False;;False;0;0;0;0.0;0.178;False;0;0;45
ablation_no_sat;stress_exploratory_then_useful;stress;3;Q3_useful_margin;True;c1;True;0;0;0;0.333333;0.2477;True;1;1;45
ablation_no_real;stress_exploratory_then_useful;stress;1;Q1_noise_region;False;;False;0;0;0;0.0;0.2324;False;0;0;45
ablation_no_real;stress_exploratory_then_useful;stress;2;Q2_noise_margin_all;False;;False;0;0;0;0.0;0.1482;False;0;0;45
ablation_no_real;stress_exploratory_then_useful;stress;3;Q3_useful_margin;True;c1;True;0;0;0;0.333333;0.2537;True;1;1;45
ablation_ceval_any_intersection;stress_exploratory_then_useful;stress;1;Q1_noise_region;False;;False;0;0;0;0.0;0.2214;False;0;0;45
ablation_ceval_any_intersection;stress_exploratory_then_useful;stress;2;Q2_noise_margin_all;False;;False;0;0;0;0.0;0.1538;False;0;0;45
ablation_ceval_any_intersection;stress_exploratory_then_useful;stress;3;Q3_useful_margin;True;c1;True;0;0;0;0.333333;0.251;True;1;1;45
baseline_random_matched;stress_exploratory_then_useful;stress;1;Q1_noise_region;False;;False;0;0;0;0.0;0.0052;;0;0;45
baseline_random_matched;stress_exploratory_then_useful;stress;2;Q2_noise_margin_all;False;;True;1;0;1;0.0;0.0006;;0;0;45
baseline_random_matched;stress_exploratory_then_useful;stress;3;Q3_useful_margin;True;c1;False;0;1;0;0.0;0.0005;;0;0;45
mcad;happy_guided_article_short;happy;1;Q1_margin_month;True;c1;True;0;0;0;0.333333;0.3209;True;1;1;46
mcad;happy_guided_article_short;happy;2;Q2_stockout_store;True;c2;True;0;0;0;0.666667;0.2423;True;1;1;46
mcad;happy_guided_article_short;happy;3;Q3_sales_growth;True;c3;True;0;0;0;1.0;0.3286;True;2;1;46
baseline_naive;happy_guided_article_short;happy;1;Q1_margin_month;True;c1;True;0;0;0;0.333333;0.0014;;0;0;46
baseline_naive;happy_guided_article_short;happy;2;Q2_stockout_store;True;c2;True;0;0;0;0.666667;0.0005;;0;0;46
baseline_naive;happy_guided_article_short;happy;3;Q3_sales_growth;True;c3;True;0;0;0;1.0;0.0004;;0;0;46
baseline_measure_overlap;happy_guided_article_short;happy;1;Q1_margin_month;True;c1;True;0;0;0;0.333333;0.0198;;0;0;46
baseline_measure_overlap;happy_guided_article_short;happy;2;Q2_stockout_store;True;c2;True;0;0;0;0.666667;0.0051;;0;0;46
baseline_measure_overlap;happy_guided_article_short;happy;3;Q3_sales_growth;True;c3;True;0;0;0;1.0;0.0043;;0;0;46
ablation_no_sat;happy_guided_article_short;happy;1;Q1_margin_month;True;c1;True;0;0;0;0.333333;0.3293;True;1;1;46
ablation_no_sat;happy_guided_article_short;happy;2;Q2_stockout_store;True;c2;True;0;0;0;0.666667;0.2914;True;1;1;46
ablation_no_sat;happy_guided_article_short;happy;3;Q3_sales_growth;True;c3;True;0;0;0;1.0;0.3285;True;2;1;46
ablation_no_real;happy_guided_article_short;happy;1;Q1_margin_month;True;c1;True;0;0;0;0.333333;0.331;True;1;1;46
ablation_no_real;happy_guided_article_short;happy;2;Q2_stockout_store;True;c2;True;0;0;0;0.666667;0.2486;True;1;1;46
ablation_no_real;happy_guided_article_short;happy;3;Q3_sales_growth;True;c3;True;0;0;0;1.0;0.3338;True;2;1;46
ablation_ceval_any_intersection;happy_guided_article_short;happy;1;Q1_margin_month;True;c1;True;0;0;0;0.333333;0.3081;True;1;1;46
ablation_ceval_any_intersection;happy_guided_article_short;happy;2;Q2_stockout_store;True;c2;True;0;0;0;0.666667;0.2404;True;1;1;46
ablation_ceval_any_intersection;happy_guided_article_short;happy;3;Q3_sales_growth;True;c3;True;0;0;0;1.0;0.3243;True;2;1;46
baseline_random_matched;happy_guided_article_short;happy;1;Q1_margin_month;True;c1;False;0;1;0;0.0;0.0042;;0;0;46
baseline_random_matched;happy_guided_article_short;happy;2;Q2_stockout_store;True;c2;False;0;1;0;0.0;0.0007;;0;0;46
baseline_random_matched;happy_guided_article_short;happy;3;Q3_sales_growth;True;c3;True;0;0;0;0.333333;0.0006;;0;0;46
mcad;happy_guided_reordered;happy;1;Q1_sales_growth;True;c3;True;0;0;0;0.333333;0.41;True;2;1;46
mcad;happy_guided_reordered;happy;2;Q2_margin_month;True;c1;True;0;0;0;0.666667;0.3615;True;1;1;46
mcad;happy_guided_reordered;happy;3;Q3_stockout_store;True;c2;True;0;0;0;1.0;0.243;True;1;1;46
baseline_naive;happy_guided_reordered;happy;1;Q1_sales_growth;True;c3;True;0;0;0;0.333333;0.0013;;0;0;46
baseline_naive;happy_guided_reordered;happy;2;Q2_margin_month;True;c1;True;0;0;0;0.666667;0.0005;;0;0;46
baseline_naive;happy_guided_reordered;happy;3;Q3_stockout_store;True;c2;True;0;0;0;1.0;0.0004;;0;0;46
baseline_measure_overlap;happy_guided_reordered;happy;1;Q1_sales_growth;True;c3;True;0;0;0;0.333333;0.0193;;0;0;46
baseline_measure_overlap;happy_guided_reordered;happy;2;Q2_margin_month;True;c1;True;0;0;0;0.666667;0.0051;;0;0;46
baseline_measure_overlap;happy_guided_reordered;happy;3;Q3_stockout_store;True;c2;True;0;0;0;1.0;0.0046;;0;0;46
ablation_no_sat;happy_guided_reordered;happy;1;Q1_sales_growth;True;c3;True;0;0;0;0.333333;0.3913;True;2;1;46
ablation_no_sat;happy_guided_reordered;happy;2;Q2_margin_month;True;c1;True;0;0;0;0.666667;0.2577;True;1;1;46
ablation_no_sat;happy_guided_reordered;happy;3;Q3_stockout_store;True;c2;True;0;0;0;1.0;0.2381;True;1;1;46
ablation_no_real;happy_guided_reordered;happy;1;Q1_sales_growth;True;c3;True;0;0;0;0.333333;0.7468;True;2;1;46
ablation_no_real;happy_guided_reordered;happy;2;Q2_margin_month;True;c1;True;0;0;0;0.666667;0.6431;True;1;1;46
ablation_no_real;happy_guided_reordered;happy;3;Q3_stockout_store;True;c2;True;0;0;0;1.0;0.5337;True;1;1;46
ablation_ceval_any_intersection;happy_guided_reordered;happy;1;Q1_sales_growth;True;c3;True;0;0;0;0.333333;1.2861;True;2;1;46
ablation_ceval_any_intersection;happy_guided_reordered;happy;2;Q2_margin_month;True;c1;True;0;0;0;0.666667;1.7124;True;1;1;46
ablation_ceval_any_intersection;happy_guided_reordered;happy;3;Q3_stockout_store;True;c2;True;0;0;0;1.0;0.7492;True;1;1;46
baseline_random_matched;happy_guided_reordered;happy;1;Q1_sales_growth;True;c3;True;0;0;0;0.333333;0.0057;;0;0;46
baseline_random_matched;happy_guided_reordered;happy;2;Q2_margin_month;True;c1;False;0;1;0;0.333333;0.0012;;0;0;46
baseline_random_matched;happy_guided_reordered;happy;3;Q3_stockout_store;True;c2;True;0;0;0;0.666667;0.001;;0;0;46
mcad;happy_guided_compact;happy;1;Q1_margin_month;True;c1;True;0;0;0;0.333333;0.6604;True;1;1;46
mcad;happy_guided_compact;happy;2;Q2_sales_growth;True;c3;True;0;0;0;0.666667;0.7932;True;2;1;46
mcad;happy_guided_compact;happy;3;Q3_stockout_store;True;c2;True;0;0;0;1.0;0.5665;True;1;1;46
baseline_naive;happy_guided_compact;happy;1;Q1_margin_month;True;c1;True;0;0;0;0.333333;0.0014;;0;0;46
baseline_naive;happy_guided_compact;happy;2;Q2_sales_growth;True;c3;True;0;0;0;0.666667;0.0005;;0;0;46
baseline_naive;happy_guided_compact;happy;3;Q3_stockout_store;True;c2;True;0;0;0;1.0;0.0003;;0;0;46
baseline_measure_overlap;happy_guided_compact;happy;1;Q1_margin_month;True;c1;True;0;0;0;0.333333;0.0205;;0;0;46
baseline_measure_overlap;happy_guided_compact;happy;2;Q2_sales_growth;True;c3;True;0;0;0;0.666667;0.0056;;0;0;46
baseline_measure_overlap;happy_guided_compact;happy;3;Q3_stockout_store;True;c2;True;0;0;0;1.0;0.0044;;0;0;46
ablation_no_sat;happy_guided_compact;happy;1;Q1_margin_month;True;c1;True;0;0;0;0.333333;0.3221;True;1;1;46
ablation_no_sat;happy_guided_compact;happy;2;Q2_sales_growth;True;c3;True;0;0;0;0.666667;0.3331;True;2;1;46
ablation_no_sat;happy_guided_compact;happy;3;Q3_stockout_store;True;c2;True;0;0;0;1.0;0.2375;True;1;1;46
ablation_no_real;happy_guided_compact;happy;1;Q1_margin_month;True;c1;True;0;0;0;0.333333;0.3316;True;1;1;46
ablation_no_real;happy_guided_compact;happy;2;Q2_sales_growth;True;c3;True;0;0;0;0.666667;0.3401;True;2;1;46
ablation_no_real;happy_guided_compact;happy;3;Q3_stockout_store;True;c2;True;0;0;0;1.0;0.2473;True;1;1;46
ablation_ceval_any_intersection;happy_guided_compact;happy;1;Q1_margin_month;True;c1;True;0;0;0;0.333333;0.3178;True;1;1;46
ablation_ceval_any_intersection;happy_guided_compact;happy;2;Q2_sales_growth;True;c3;True;0;0;0;0.666667;0.3282;True;2;1;46
ablation_ceval_any_intersection;happy_guided_compact;happy;3;Q3_stockout_store;True;c2;True;0;0;0;1.0;0.2377;True;1;1;46
baseline_random_matched;happy_guided_compact;happy;1;Q1_margin_month;True;c1;True;0;0;0;0.333333;0.0041;;0;0;46
baseline_random_matched;happy_guided_compact;happy;2;Q2_sales_growth;True;c3;True;0;0;0;0.666667;0.0007;;0;0;46
baseline_random_matched;happy_guided_compact;happy;3;Q3_stockout_store;True;c2;True;0;0;0;1.0;0.0005;;0;0;46
mcad;border_growth_partial_1998_only;border;1;Q1_sales_1998_only;False;;False;0;0;0;0.0;0.3728;True;1;0;46
baseline_naive;border_growth_partial_1998_only;border;1;Q1_sales_1998_only;False;;True;1;0;1;0.0;0.0014;;0;0;46
baseline_measure_overlap;border_growth_partial_1998_only;border;1;Q1_sales_1998_only;False;;True;1;0;1;0.0;0.0205;;0;0;46
ablation_no_sat;border_growth_partial_1998_only;border;1;Q1_sales_1998_only;False;;False;0;0;0;0.0;0.3618;True;1;0;46
ablation_no_real;border_growth_partial_1998_only;border;1;Q1_sales_1998_only;False;;True;1;0;1;0.0;0.374;True;1;0;46
ablation_ceval_any_intersection;border_growth_partial_1998_only;border;1;Q1_sales_1998_only;False;;True;1;0;1;0.0;0.3735;True;1;1;46
baseline_random_matched;border_growth_partial_1998_only;border;1;Q1_sales_1998_only;False;;False;0;0;0;0.0;0.004;;0;0;46
mcad;border_margin_wrong_grain;border;1;Q1_margin_quarter_only;False;;False;0;0;0;0.0;0.2193;False;0;0;46
baseline_naive;border_margin_wrong_grain;border;1;Q1_margin_quarter_only;False;;True;1;0;1;0.0;0.0014;;0;0;46
baseline_measure_overlap;border_margin_wrong_grain;border;1;Q1_margin_quarter_only;False;;True;1;0;1;0.0;0.0191;;0;0;46
ablation_no_sat;border_margin_wrong_grain;border;1;Q1_margin_quarter_only;False;;False;0;0;0;0.0;0.5312;False;0;0;46
ablation_no_real;border_margin_wrong_grain;border;1;Q1_margin_quarter_only;False;;False;0;0;0;0.0;0.2361;False;0;0;46
ablation_ceval_any_intersection;border_margin_wrong_grain;border;1;Q1_margin_quarter_only;False;;False;0;0;0;0.0;0.23;False;0;0;46
baseline_random_matched;border_margin_wrong_grain;border;1;Q1_margin_quarter_only;False;;True;1;0;1;0.0;0.0049;;0;0;46
mcad;border_stockout_missing_store;border;1;Q1_stockout_category_only;False;;False;0;0;0;0.0;0.2263;False;0;0;46
baseline_naive;border_stockout_missing_store;border;1;Q1_stockout_category_only;False;;True;1;0;1;0.0;0.0021;;0;0;46
baseline_measure_overlap;border_stockout_missing_store;border;1;Q1_stockout_category_only;False;;True;1;0;1;0.0;0.0195;;0;0;46
ablation_no_sat;border_stockout_missing_store;border;1;Q1_stockout_category_only;False;;False;0;0;0;0.0;0.2875;False;0;0;46
ablation_no_real;border_stockout_missing_store;border;1;Q1_stockout_category_only;False;;False;0;0;0;0.0;0.2435;False;0;0;46
ablation_ceval_any_intersection;border_stockout_missing_store;border;1;Q1_stockout_category_only;False;;False;0;0;0;0.0;0.2215;False;0;0;46
baseline_random_matched;border_stockout_missing_store;border;1;Q1_stockout_category_only;False;;True;1;0;1;0.0;0.0035;;0;0;46
mcad;adversarial_wrong_region;adversarial;1;Q1_margin_south;False;;False;0;0;0;0.0;0.1999;False;0;0;46
baseline_naive;adversarial_wrong_region;adversarial;1;Q1_margin_south;False;;True;1;0;1;0.0;0.0015;;0;0;46
baseline_measure_overlap;adversarial_wrong_region;adversarial;1;Q1_margin_south;False;;True;1;0;1;0.0;0.0307;;0;0;46
ablation_no_sat;adversarial_wrong_region;adversarial;1;Q1_margin_south;False;;False;0;0;0;0.0;0.4308;False;0;0;46
ablation_no_real;adversarial_wrong_region;adversarial;1;Q1_margin_south;False;;False;0;0;0;0.0;0.2174;False;0;0;46
ablation_ceval_any_intersection;adversarial_wrong_region;adversarial;1;Q1_margin_south;False;;False;0;0;0;0.0;0.1976;False;0;0;46
baseline_random_matched;adversarial_wrong_region;adversarial;1;Q1_margin_south;False;;True;1;0;1;0.0;0.0042;;0;0;46
mcad;adversarial_wrong_year;adversarial;1;Q1_stockout_1997;False;;False;0;0;0;0.0;0.1937;False;0;0;46
baseline_naive;adversarial_wrong_year;adversarial;1;Q1_stockout_1997;False;;True;1;0;1;0.0;0.0015;;0;0;46
baseline_measure_overlap;adversarial_wrong_year;adversarial;1;Q1_stockout_1997;False;;True;1;0;1;0.0;0.0269;;0;0;46
ablation_no_sat;adversarial_wrong_year;adversarial;1;Q1_stockout_1997;False;;False;0;0;0;0.0;0.2215;False;0;0;46
ablation_no_real;adversarial_wrong_year;adversarial;1;Q1_stockout_1997;False;;False;0;0;0;0.0;0.2014;False;0;0;46
ablation_ceval_any_intersection;adversarial_wrong_year;adversarial;1;Q1_stockout_1997;False;;False;0;0;0;0.0;0.1905;False;0;0;46
baseline_random_matched;adversarial_wrong_year;adversarial;1;Q1_stockout_1997;False;;True;1;0;1;0.0;0.0039;;0;0;46
mcad;adversarial_invalid_no_measures;adversarial;1;Q1_invalid_no_measure;False;;False;0;0;0;0.0;0.0963;False;0;0;46
baseline_naive;adversarial_invalid_no_measures;adversarial;1;Q1_invalid_no_measure;False;;True;1;0;1;0.0;0.0015;;0;0;46
baseline_measure_overlap;adversarial_invalid_no_measures;adversarial;1;Q1_invalid_no_measure;False;;False;0;0;0;0.0;0.0193;;0;0;46
ablation_no_sat;adversarial_invalid_no_measures;adversarial;1;Q1_invalid_no_measure;False;;False;0;0;0;0.0;0.1133;False;0;0;46
ablation_no_real;adversarial_invalid_no_measures;adversarial;1;Q1_invalid_no_measure;False;;False;0;0;0;0.0;0.115;False;0;0;46
ablation_ceval_any_intersection;adversarial_invalid_no_measures;adversarial;1;Q1_invalid_no_measure;False;;False;0;0;0;0.0;0.095;False;0;0;46
baseline_random_matched;adversarial_invalid_no_measures;adversarial;1;Q1_invalid_no_measure;False;;True;1;0;1;0.0;0.004;;0;0;46
mcad;stress_exploratory_then_useful;stress;1;Q1_noise_region;False;;False;0;0;0;0.0;0.2246;False;0;0;46
mcad;stress_exploratory_then_useful;stress;2;Q2_noise_margin_all;False;;False;0;0;0;0.0;0.1453;False;0;0;46
mcad;stress_exploratory_then_useful;stress;3;Q3_useful_margin;True;c1;True;0;0;0;0.333333;0.2539;True;1;1;46
baseline_naive;stress_exploratory_then_useful;stress;1;Q1_noise_region;False;;True;1;0;1;0.0;0.0018;;0;0;46
baseline_naive;stress_exploratory_then_useful;stress;2;Q2_noise_margin_all;False;;True;1;0;1;0.0;0.0005;;0;0;46
baseline_naive;stress_exploratory_then_useful;stress;3;Q3_useful_margin;True;c1;True;0;0;0;0.333333;0.0004;;0;0;46
baseline_measure_overlap;stress_exploratory_then_useful;stress;1;Q1_noise_region;False;;True;1;0;1;0.0;0.0193;;0;0;46
baseline_measure_overlap;stress_exploratory_then_useful;stress;2;Q2_noise_margin_all;False;;True;1;0;1;0.0;0.0052;;0;0;46
baseline_measure_overlap;stress_exploratory_then_useful;stress;3;Q3_useful_margin;True;c1;True;0;0;0;0.333333;0.0042;;0;0;46
ablation_no_sat;stress_exploratory_then_useful;stress;1;Q1_noise_region;False;;False;0;0;0;0.0;0.2728;False;0;0;46
ablation_no_sat;stress_exploratory_then_useful;stress;2;Q2_noise_margin_all;False;;False;0;0;0;0.0;0.1731;False;0;0;46
ablation_no_sat;stress_exploratory_then_useful;stress;3;Q3_useful_margin;True;c1;True;0;0;0;0.333333;0.2517;True;1;1;46
ablation_no_real;stress_exploratory_then_useful;stress;1;Q1_noise_region;False;;False;0;0;0;0.0;0.2301;False;0;0;46
ablation_no_real;stress_exploratory_then_useful;stress;2;Q2_noise_margin_all;False;;False;0;0;0;0.0;0.1488;False;0;0;46
ablation_no_real;stress_exploratory_then_useful;stress;3;Q3_useful_margin;True;c1;True;0;0;0;0.333333;0.2673;True;1;1;46
ablation_ceval_any_intersection;stress_exploratory_then_useful;stress;1;Q1_noise_region;False;;False;0;0;0;0.0;0.2197;False;0;0;46
ablation_ceval_any_intersection;stress_exploratory_then_useful;stress;2;Q2_noise_margin_all;False;;False;0;0;0;0.0;0.1413;False;0;0;46
ablation_ceval_any_intersection;stress_exploratory_then_useful;stress;3;Q3_useful_margin;True;c1;True;0;0;0;0.333333;0.247;True;1;1;46
baseline_random_matched;stress_exploratory_then_useful;stress;1;Q1_noise_region;False;;False;0;0;0;0.0;0.0046;;0;0;46
baseline_random_matched;stress_exploratory_then_useful;stress;2;Q2_noise_margin_all;False;;False;0;0;0;0.0;0.0006;;0;0;46
baseline_random_matched;stress_exploratory_then_useful;stress;3;Q3_useful_margin;True;c1;True;0;0;0;0.333333;0.0005;;0;0;46
mcad;happy_guided_article_short;happy;1;Q1_margin_month;True;c1;True;0;0;0;0.333333;0.3071;True;1;1;47
mcad;happy_guided_article_short;happy;2;Q2_stockout_store;True;c2;True;0;0;0;0.666667;0.2461;True;1;1;47
mcad;happy_guided_article_short;happy;3;Q3_sales_growth;True;c3;True;0;0;0;1.0;0.5104;True;2;1;47
baseline_naive;happy_guided_article_short;happy;1;Q1_margin_month;True;c1;True;0;0;0;0.333333;0.0014;;0;0;47
baseline_naive;happy_guided_article_short;happy;2;Q2_stockout_store;True;c2;True;0;0;0;0.666667;0.0005;;0;0;47
baseline_naive;happy_guided_article_short;happy;3;Q3_sales_growth;True;c3;True;0;0;0;1.0;0.0004;;0;0;47
baseline_measure_overlap;happy_guided_article_short;happy;1;Q1_margin_month;True;c1;True;0;0;0;0.333333;0.0195;;0;0;47
baseline_measure_overlap;happy_guided_article_short;happy;2;Q2_stockout_store;True;c2;True;0;0;0;0.666667;0.0052;;0;0;47
baseline_measure_overlap;happy_guided_article_short;happy;3;Q3_sales_growth;True;c3;True;0;0;0;1.0;0.0041;;0;0;47
ablation_no_sat;happy_guided_article_short;happy;1;Q1_margin_month;True;c1;True;0;0;0;0.333333;0.3098;True;1;1;47
ablation_no_sat;happy_guided_article_short;happy;2;Q2_stockout_store;True;c2;True;0;0;0;0.666667;0.2471;True;1;1;47
ablation_no_sat;happy_guided_article_short;happy;3;Q3_sales_growth;True;c3;True;0;0;0;1.0;0.3431;True;2;1;47
ablation_no_real;happy_guided_article_short;happy;1;Q1_margin_month;True;c1;True;0;0;0;0.333333;0.3215;True;1;1;47
ablation_no_real;happy_guided_article_short;happy;2;Q2_stockout_store;True;c2;True;0;0;0;0.666667;0.2628;True;1;1;47
ablation_no_real;happy_guided_article_short;happy;3;Q3_sales_growth;True;c3;True;0;0;0;1.0;0.3385;True;2;1;47
ablation_ceval_any_intersection;happy_guided_article_short;happy;1;Q1_margin_month;True;c1;True;0;0;0;0.333333;0.3052;True;1;1;47
ablation_ceval_any_intersection;happy_guided_article_short;happy;2;Q2_stockout_store;True;c2;True;0;0;0;0.666667;0.2437;True;1;1;47
ablation_ceval_any_intersection;happy_guided_article_short;happy;3;Q3_sales_growth;True;c3;True;0;0;0;1.0;0.338;True;2;1;47
baseline_random_matched;happy_guided_article_short;happy;1;Q1_margin_month;True;c1;True;0;0;0;0.333333;0.0046;;0;0;47
baseline_random_matched;happy_guided_article_short;happy;2;Q2_stockout_store;True;c2;True;0;0;0;0.666667;0.0006;;0;0;47
baseline_random_matched;happy_guided_article_short;happy;3;Q3_sales_growth;True;c3;False;0;1;0;0.666667;0.0004;;0;0;47
mcad;happy_guided_reordered;happy;1;Q1_sales_growth;True;c3;True;0;0;0;0.333333;0.3964;True;2;1;47
mcad;happy_guided_reordered;happy;2;Q2_margin_month;True;c1;True;0;0;0;0.666667;0.2575;True;1;1;47
mcad;happy_guided_reordered;happy;3;Q3_stockout_store;True;c2;True;0;0;0;1.0;0.2442;True;1;1;47
baseline_naive;happy_guided_reordered;happy;1;Q1_sales_growth;True;c3;True;0;0;0;0.333333;0.0014;;0;0;47
baseline_naive;happy_guided_reordered;happy;2;Q2_margin_month;True;c1;True;0;0;0;0.666667;0.0005;;0;0;47
baseline_naive;happy_guided_reordered;happy;3;Q3_stockout_store;True;c2;True;0;0;0;1.0;0.0003;;0;0;47
baseline_measure_overlap;happy_guided_reordered;happy;1;Q1_sales_growth;True;c3;True;0;0;0;0.333333;0.0203;;0;0;47
baseline_measure_overlap;happy_guided_reordered;happy;2;Q2_margin_month;True;c1;True;0;0;0;0.666667;0.0051;;0;0;47
baseline_measure_overlap;happy_guided_reordered;happy;3;Q3_stockout_store;True;c2;True;0;0;0;1.0;0.0048;;0;0;47
ablation_no_sat;happy_guided_reordered;happy;1;Q1_sales_growth;True;c3;True;0;0;0;0.333333;0.4565;True;2;1;47
ablation_no_sat;happy_guided_reordered;happy;2;Q2_margin_month;True;c1;True;0;0;0;0.666667;0.2512;True;1;1;47
ablation_no_sat;happy_guided_reordered;happy;3;Q3_stockout_store;True;c2;True;0;0;0;1.0;0.2521;True;1;1;47
ablation_no_real;happy_guided_reordered;happy;1;Q1_sales_growth;True;c3;True;0;0;0;0.333333;0.4029;True;2;1;47
ablation_no_real;happy_guided_reordered;happy;2;Q2_margin_month;True;c1;True;0;0;0;0.666667;0.2651;True;1;1;47
ablation_no_real;happy_guided_reordered;happy;3;Q3_stockout_store;True;c2;True;0;0;0;1.0;0.248;True;1;1;47
ablation_ceval_any_intersection;happy_guided_reordered;happy;1;Q1_sales_growth;True;c3;True;0;0;0;0.333333;0.3871;True;2;1;47
ablation_ceval_any_intersection;happy_guided_reordered;happy;2;Q2_margin_month;True;c1;True;0;0;0;0.666667;0.247;True;1;1;47
ablation_ceval_any_intersection;happy_guided_reordered;happy;3;Q3_stockout_store;True;c2;True;0;0;0;1.0;0.2821;True;1;1;47
baseline_random_matched;happy_guided_reordered;happy;1;Q1_sales_growth;True;c3;True;0;0;0;0.333333;0.0037;;0;0;47
baseline_random_matched;happy_guided_reordered;happy;2;Q2_margin_month;True;c1;False;0;1;0;0.333333;0.0007;;0;0;47
baseline_random_matched;happy_guided_reordered;happy;3;Q3_stockout_store;True;c2;False;0;1;0;0.333333;0.0005;;0;0;47
mcad;happy_guided_compact;happy;1;Q1_margin_month;True;c1;True;0;0;0;0.333333;0.3173;True;1;1;47
mcad;happy_guided_compact;happy;2;Q2_sales_growth;True;c3;True;0;0;0;0.666667;0.3707;True;2;1;47
mcad;happy_guided_compact;happy;3;Q3_stockout_store;True;c2;True;0;0;0;1.0;0.2452;True;1;1;47
baseline_naive;happy_guided_compact;happy;1;Q1_margin_month;True;c1;True;0;0;0;0.333333;0.0013;;0;0;47
baseline_naive;happy_guided_compact;happy;2;Q2_sales_growth;True;c3;True;0;0;0;0.666667;0.0005;;0;0;47
baseline_naive;happy_guided_compact;happy;3;Q3_stockout_store;True;c2;True;0;0;0;1.0;0.0003;;0;0;47
baseline_measure_overlap;happy_guided_compact;happy;1;Q1_margin_month;True;c1;True;0;0;0;0.333333;0.0187;;0;0;47
baseline_measure_overlap;happy_guided_compact;happy;2;Q2_sales_growth;True;c3;True;0;0;0;0.666667;0.0052;;0;0;47
baseline_measure_overlap;happy_guided_compact;happy;3;Q3_stockout_store;True;c2;True;0;0;0;1.0;0.0045;;0;0;47
ablation_no_sat;happy_guided_compact;happy;1;Q1_margin_month;True;c1;True;0;0;0;0.333333;0.3181;True;1;1;47
ablation_no_sat;happy_guided_compact;happy;2;Q2_sales_growth;True;c3;True;0;0;0;0.666667;0.3386;True;2;1;47
ablation_no_sat;happy_guided_compact;happy;3;Q3_stockout_store;True;c2;True;0;0;0;1.0;0.2546;True;1;1;47
ablation_no_real;happy_guided_compact;happy;1;Q1_margin_month;True;c1;True;0;0;0;0.333333;0.3613;True;1;1;47
ablation_no_real;happy_guided_compact;happy;2;Q2_sales_growth;True;c3;True;0;0;0;0.666667;0.3457;True;2;1;47
ablation_no_real;happy_guided_compact;happy;3;Q3_stockout_store;True;c2;True;0;0;0;1.0;0.2572;True;1;1;47
ablation_ceval_any_intersection;happy_guided_compact;happy;1;Q1_margin_month;True;c1;True;0;0;0;0.333333;0.3038;True;1;1;47
ablation_ceval_any_intersection;happy_guided_compact;happy;2;Q2_sales_growth;True;c3;True;0;0;0;0.666667;0.3343;True;2;1;47
ablation_ceval_any_intersection;happy_guided_compact;happy;3;Q3_stockout_store;True;c2;True;0;0;0;1.0;0.2398;True;1;1;47
baseline_random_matched;happy_guided_compact;happy;1;Q1_margin_month;True;c1;True;0;0;0;0.333333;0.0039;;0;0;47
baseline_random_matched;happy_guided_compact;happy;2;Q2_sales_growth;True;c3;False;0;1;0;0.333333;0.0006;;0;0;47
baseline_random_matched;happy_guided_compact;happy;3;Q3_stockout_store;True;c2;True;0;0;0;0.666667;0.0005;;0;0;47
mcad;border_growth_partial_1998_only;border;1;Q1_sales_1998_only;False;;False;0;0;0;0.0;0.3732;True;1;0;47
baseline_naive;border_growth_partial_1998_only;border;1;Q1_sales_1998_only;False;;True;1;0;1;0.0;0.0017;;0;0;47
baseline_measure_overlap;border_growth_partial_1998_only;border;1;Q1_sales_1998_only;False;;True;1;0;1;0.0;0.0195;;0;0;47
ablation_no_sat;border_growth_partial_1998_only;border;1;Q1_sales_1998_only;False;;False;0;0;0;0.0;0.3718;True;1;0;47
ablation_no_real;border_growth_partial_1998_only;border;1;Q1_sales_1998_only;False;;True;1;0;1;0.0;0.3906;True;1;0;47
ablation_ceval_any_intersection;border_growth_partial_1998_only;border;1;Q1_sales_1998_only;False;;True;1;0;1;0.0;0.3642;True;1;1;47
baseline_random_matched;border_growth_partial_1998_only;border;1;Q1_sales_1998_only;False;;True;1;0;1;0.0;0.004;;0;0;47
mcad;border_margin_wrong_grain;border;1;Q1_margin_quarter_only;False;;False;0;0;0;0.0;0.2256;False;0;0;47
baseline_naive;border_margin_wrong_grain;border;1;Q1_margin_quarter_only;False;;True;1;0;1;0.0;0.0014;;0;0;47
baseline_measure_overlap;border_margin_wrong_grain;border;1;Q1_margin_quarter_only;False;;True;1;0;1;0.0;0.0187;;0;0;47
ablation_no_sat;border_margin_wrong_grain;border;1;Q1_margin_quarter_only;False;;False;0;0;0;0.0;0.2877;False;0;0;47
ablation_no_real;border_margin_wrong_grain;border;1;Q1_margin_quarter_only;False;;False;0;0;0;0.0;0.2321;False;0;0;47
ablation_ceval_any_intersection;border_margin_wrong_grain;border;1;Q1_margin_quarter_only;False;;False;0;0;0;0.0;0.2178;False;0;0;47
baseline_random_matched;border_margin_wrong_grain;border;1;Q1_margin_quarter_only;False;;True;1;0;1;0.0;0.0044;;0;0;47
mcad;border_stockout_missing_store;border;1;Q1_stockout_category_only;False;;False;0;0;0;0.0;0.2327;False;0;0;47
baseline_naive;border_stockout_missing_store;border;1;Q1_stockout_category_only;False;;True;1;0;1;0.0;0.0013;;0;0;47
baseline_measure_overlap;border_stockout_missing_store;border;1;Q1_stockout_category_only;False;;True;1;0;1;0.0;0.0184;;0;0;47
ablation_no_sat;border_stockout_missing_store;border;1;Q1_stockout_category_only;False;;False;0;0;0;0.0;0.2832;False;0;0;47
ablation_no_real;border_stockout_missing_store;border;1;Q1_stockout_category_only;False;;False;0;0;0;0.0;0.2488;False;0;0;47
ablation_ceval_any_intersection;border_stockout_missing_store;border;1;Q1_stockout_category_only;False;;False;0;0;0;0.0;0.2206;False;0;0;47
baseline_random_matched;border_stockout_missing_store;border;1;Q1_stockout_category_only;False;;True;1;0;1;0.0;0.0041;;0;0;47
mcad;adversarial_wrong_region;adversarial;1;Q1_margin_south;False;;False;0;0;0;0.0;0.1958;False;0;0;47
baseline_naive;adversarial_wrong_region;adversarial;1;Q1_margin_south;False;;True;1;0;1;0.0;0.0014;;0;0;47
baseline_measure_overlap;adversarial_wrong_region;adversarial;1;Q1_margin_south;False;;True;1;0;1;0.0;0.0203;;0;0;47
ablation_no_sat;adversarial_wrong_region;adversarial;1;Q1_margin_south;False;;False;0;0;0;0.0;0.2354;False;0;0;47
ablation_no_real;adversarial_wrong_region;adversarial;1;Q1_margin_south;False;;False;0;0;0;0.0;0.1988;False;0;0;47
ablation_ceval_any_intersection;adversarial_wrong_region;adversarial;1;Q1_margin_south;False;;False;0;0;0;0.0;0.2001;False;0;0;47
baseline_random_matched;adversarial_wrong_region;adversarial;1;Q1_margin_south;False;;True;1;0;1;0.0;0.0043;;0;0;47
mcad;adversarial_wrong_year;adversarial;1;Q1_stockout_1997;False;;False;0;0;0;0.0;0.1992;False;0;0;47
baseline_naive;adversarial_wrong_year;adversarial;1;Q1_stockout_1997;False;;True;1;0;1;0.0;0.0015;;0;0;47
baseline_measure_overlap;adversarial_wrong_year;adversarial;1;Q1_stockout_1997;False;;True;1;0;1;0.0;0.0185;;0;0;47
ablation_no_sat;adversarial_wrong_year;adversarial;1;Q1_stockout_1997;False;;False;0;0;0;0.0;0.2148;False;0;0;47
ablation_no_real;adversarial_wrong_year;adversarial;1;Q1_stockout_1997;False;;False;0;0;0;0.0;0.1986;False;0;0;47
ablation_ceval_any_intersection;adversarial_wrong_year;adversarial;1;Q1_stockout_1997;False;;False;0;0;0;0.0;0.19;False;0;0;47
baseline_random_matched;adversarial_wrong_year;adversarial;1;Q1_stockout_1997;False;;False;0;0;0;0.0;0.0055;;0;0;47
mcad;adversarial_invalid_no_measures;adversarial;1;Q1_invalid_no_measure;False;;False;0;0;0;0.0;0.1402;False;0;0;47
baseline_naive;adversarial_invalid_no_measures;adversarial;1;Q1_invalid_no_measure;False;;True;1;0;1;0.0;0.0018;;0;0;47
baseline_measure_overlap;adversarial_invalid_no_measures;adversarial;1;Q1_invalid_no_measure;False;;False;0;0;0;0.0;0.0195;;0;0;47
ablation_no_sat;adversarial_invalid_no_measures;adversarial;1;Q1_invalid_no_measure;False;;False;0;0;0;0.0;0.1121;False;0;0;47
ablation_no_real;adversarial_invalid_no_measures;adversarial;1;Q1_invalid_no_measure;False;;False;0;0;0;0.0;0.1081;False;0;0;47
ablation_ceval_any_intersection;adversarial_invalid_no_measures;adversarial;1;Q1_invalid_no_measure;False;;False;0;0;0;0.0;0.0978;False;0;0;47
baseline_random_matched;adversarial_invalid_no_measures;adversarial;1;Q1_invalid_no_measure;False;;True;1;0;1;0.0;0.0045;;0;0;47
mcad;stress_exploratory_then_useful;stress;1;Q1_noise_region;False;;False;0;0;0;0.0;0.2243;False;0;0;47
mcad;stress_exploratory_then_useful;stress;2;Q2_noise_margin_all;False;;False;0;0;0;0.0;0.1427;False;0;0;47
mcad;stress_exploratory_then_useful;stress;3;Q3_useful_margin;True;c1;True;0;0;0;0.333333;0.26;True;1;1;47
baseline_naive;stress_exploratory_then_useful;stress;1;Q1_noise_region;False;;True;1;0;1;0.0;0.0016;;0;0;47
baseline_naive;stress_exploratory_then_useful;stress;2;Q2_noise_margin_all;False;;True;1;0;1;0.0;0.0005;;0;0;47
baseline_naive;stress_exploratory_then_useful;stress;3;Q3_useful_margin;True;c1;True;0;0;0;0.333333;0.0003;;0;0;47
baseline_measure_overlap;stress_exploratory_then_useful;stress;1;Q1_noise_region;False;;True;1;0;1;0.0;0.0199;;0;0;47
baseline_measure_overlap;stress_exploratory_then_useful;stress;2;Q2_noise_margin_all;False;;True;1;0;1;0.0;0.0054;;0;0;47
baseline_measure_overlap;stress_exploratory_then_useful;stress;3;Q3_useful_margin;True;c1;True;0;0;0;0.333333;0.0042;;0;0;47
ablation_no_sat;stress_exploratory_then_useful;stress;1;Q1_noise_region;False;;False;0;0;0;0.0;0.2622;False;0;0;47
ablation_no_sat;stress_exploratory_then_useful;stress;2;Q2_noise_margin_all;False;;False;0;0;0;0.0;0.1822;False;0;0;47
ablation_no_sat;stress_exploratory_then_useful;stress;3;Q3_useful_margin;True;c1;True;0;0;0;0.333333;0.2798;True;1;1;47
ablation_no_real;stress_exploratory_then_useful;stress;1;Q1_noise_region;False;;False;0;0;0;0.0;0.2354;False;0;0;47
ablation_no_real;stress_exploratory_then_useful;stress;2;Q2_noise_margin_all;False;;False;0;0;0;0.0;0.1474;False;0;0;47
ablation_no_real;stress_exploratory_then_useful;stress;3;Q3_useful_margin;True;c1;True;0;0;0;0.333333;0.2556;True;1;1;47
ablation_ceval_any_intersection;stress_exploratory_then_useful;stress;1;Q1_noise_region;False;;False;0;0;0;0.0;0.2183;False;0;0;47
ablation_ceval_any_intersection;stress_exploratory_then_useful;stress;2;Q2_noise_margin_all;False;;False;0;0;0;0.0;0.1521;False;0;0;47
ablation_ceval_any_intersection;stress_exploratory_then_useful;stress;3;Q3_useful_margin;True;c1;True;0;0;0;0.333333;0.2473;True;1;1;47
baseline_random_matched;stress_exploratory_then_useful;stress;1;Q1_noise_region;False;;False;0;0;0;0.0;0.0042;;0;0;47
baseline_random_matched;stress_exploratory_then_useful;stress;2;Q2_noise_margin_all;False;;False;0;0;0;0.0;0.0007;;0;0;47
baseline_random_matched;stress_exploratory_then_useful;stress;3;Q3_useful_margin;True;c1;True;0;0;0;0.333333;0.0004;;0;0;47
mcad;happy_guided_article_short;happy;1;Q1_margin_month;True;c1;True;0;0;0;0.333333;0.3077;True;1;1;48
mcad;happy_guided_article_short;happy;2;Q2_stockout_store;True;c2;True;0;0;0;0.666667;0.277;True;1;1;48
mcad;happy_guided_article_short;happy;3;Q3_sales_growth;True;c3;True;0;0;0;1.0;0.343;True;2;1;48
baseline_naive;happy_guided_article_short;happy;1;Q1_margin_month;True;c1;True;0;0;0;0.333333;0.0015;;0;0;48
baseline_naive;happy_guided_article_short;happy;2;Q2_stockout_store;True;c2;True;0;0;0;0.666667;0.0004;;0;0;48
baseline_naive;happy_guided_article_short;happy;3;Q3_sales_growth;True;c3;True;0;0;0;1.0;0.0004;;0;0;48
baseline_measure_overlap;happy_guided_article_short;happy;1;Q1_margin_month;True;c1;True;0;0;0;0.333333;0.02;;0;0;48
baseline_measure_overlap;happy_guided_article_short;happy;2;Q2_stockout_store;True;c2;True;0;0;0;0.666667;0.0053;;0;0;48
baseline_measure_overlap;happy_guided_article_short;happy;3;Q3_sales_growth;True;c3;True;0;0;0;1.0;0.0046;;0;0;48
ablation_no_sat;happy_guided_article_short;happy;1;Q1_margin_month;True;c1;True;0;0;0;0.333333;0.3162;True;1;1;48
ablation_no_sat;happy_guided_article_short;happy;2;Q2_stockout_store;True;c2;True;0;0;0;0.666667;0.2436;True;1;1;48
ablation_no_sat;happy_guided_article_short;happy;3;Q3_sales_growth;True;c3;True;0;0;0;1.0;0.3355;True;2;1;48
ablation_no_real;happy_guided_article_short;happy;1;Q1_margin_month;True;c1;True;0;0;0;0.333333;0.3506;True;1;1;48
ablation_no_real;happy_guided_article_short;happy;2;Q2_stockout_store;True;c2;True;0;0;0;0.666667;0.2505;True;1;1;48
ablation_no_real;happy_guided_article_short;happy;3;Q3_sales_growth;True;c3;True;0;0;0;1.0;0.3491;True;2;1;48
ablation_ceval_any_intersection;happy_guided_article_short;happy;1;Q1_margin_month;True;c1;True;0;0;0;0.333333;0.3065;True;1;1;48
ablation_ceval_any_intersection;happy_guided_article_short;happy;2;Q2_stockout_store;True;c2;True;0;0;0;0.666667;0.2457;True;1;1;48
ablation_ceval_any_intersection;happy_guided_article_short;happy;3;Q3_sales_growth;True;c3;True;0;0;0;1.0;0.5215;True;2;1;48
baseline_random_matched;happy_guided_article_short;happy;1;Q1_margin_month;True;c1;True;0;0;0;0.333333;0.0055;;0;0;48
baseline_random_matched;happy_guided_article_short;happy;2;Q2_stockout_store;True;c2;False;0;1;0;0.333333;0.0006;;0;0;48
baseline_random_matched;happy_guided_article_short;happy;3;Q3_sales_growth;True;c3;False;0;1;0;0.333333;0.0006;;0;0;48
mcad;happy_guided_reordered;happy;1;Q1_sales_growth;True;c3;True;0;0;0;0.333333;0.3967;True;2;1;48
mcad;happy_guided_reordered;happy;2;Q2_margin_month;True;c1;True;0;0;0;0.666667;0.2472;True;1;1;48
mcad;happy_guided_reordered;happy;3;Q3_stockout_store;True;c2;True;0;0;0;1.0;0.2656;True;1;1;48
baseline_naive;happy_guided_reordered;happy;1;Q1_sales_growth;True;c3;True;0;0;0;0.333333;0.0016;;0;0;48
baseline_naive;happy_guided_reordered;happy;2;Q2_margin_month;True;c1;True;0;0;0;0.666667;0.0005;;0;0;48
baseline_naive;happy_guided_reordered;happy;3;Q3_stockout_store;True;c2;True;0;0;0;1.0;0.0003;;0;0;48
baseline_measure_overlap;happy_guided_reordered;happy;1;Q1_sales_growth;True;c3;True;0;0;0;0.333333;0.0207;;0;0;48
baseline_measure_overlap;happy_guided_reordered;happy;2;Q2_margin_month;True;c1;True;0;0;0;0.666667;0.0056;;0;0;48
baseline_measure_overlap;happy_guided_reordered;happy;3;Q3_stockout_store;True;c2;True;0;0;0;1.0;0.0045;;0;0;48
ablation_no_sat;happy_guided_reordered;happy;1;Q1_sales_growth;True;c3;True;0;0;0;0.333333;0.3968;True;2;1;48
ablation_no_sat;happy_guided_reordered;happy;2;Q2_margin_month;True;c1;True;0;0;0;0.666667;0.2479;True;1;1;48
ablation_no_sat;happy_guided_reordered;happy;3;Q3_stockout_store;True;c2;True;0;0;0;1.0;0.2504;True;1;1;48
ablation_no_real;happy_guided_reordered;happy;1;Q1_sales_growth;True;c3;True;0;0;0;0.333333;0.4036;True;2;1;48
ablation_no_real;happy_guided_reordered;happy;2;Q2_margin_month;True;c1;True;0;0;0;0.666667;0.2534;True;1;1;48
ablation_no_real;happy_guided_reordered;happy;3;Q3_stockout_store;True;c2;True;0;0;0;1.0;0.2539;True;1;1;48
ablation_ceval_any_intersection;happy_guided_reordered;happy;1;Q1_sales_growth;True;c3;True;0;0;0;0.333333;0.3868;True;2;1;48
ablation_ceval_any_intersection;happy_guided_reordered;happy;2;Q2_margin_month;True;c1;True;0;0;0;0.666667;0.2445;True;1;1;48
ablation_ceval_any_intersection;happy_guided_reordered;happy;3;Q3_stockout_store;True;c2;True;0;0;0;1.0;0.2456;True;1;1;48
baseline_random_matched;happy_guided_reordered;happy;1;Q1_sales_growth;True;c3;False;0;1;0;0.0;0.0047;;0;0;48
baseline_random_matched;happy_guided_reordered;happy;2;Q2_margin_month;True;c1;True;0;0;0;0.333333;0.0007;;0;0;48
baseline_random_matched;happy_guided_reordered;happy;3;Q3_stockout_store;True;c2;True;0;0;0;0.666667;0.0005;;0;0;48
mcad;happy_guided_compact;happy;1;Q1_margin_month;True;c1;True;0;0;0;0.333333;0.3062;True;1;1;48
mcad;happy_guided_compact;happy;2;Q2_sales_growth;True;c3;True;0;0;0;0.666667;0.3316;True;2;1;48
mcad;happy_guided_compact;happy;3;Q3_stockout_store;True;c2;True;0;0;0;1.0;0.237;True;1;1;48
baseline_naive;happy_guided_compact;happy;1;Q1_margin_month;True;c1;True;0;0;0;0.333333;0.0019;;0;0;48
baseline_naive;happy_guided_compact;happy;2;Q2_sales_growth;True;c3;True;0;0;0;0.666667;0.0005;;0;0;48
baseline_naive;happy_guided_compact;happy;3;Q3_stockout_store;True;c2;True;0;0;0;1.0;0.0004;;0;0;48
baseline_measure_overlap;happy_guided_compact;happy;1;Q1_margin_month;True;c1;True;0;0;0;0.333333;0.0193;;0;0;48
baseline_measure_overlap;happy_guided_compact;happy;2;Q2_sales_growth;True;c3;True;0;0;0;0.666667;0.0053;;0;0;48
baseline_measure_overlap;happy_guided_compact;happy;3;Q3_stockout_store;True;c2;True;0;0;0;1.0;0.0044;;0;0;48
ablation_no_sat;happy_guided_compact;happy;1;Q1_margin_month;True;c1;True;0;0;0;0.333333;0.3027;True;1;1;48
ablation_no_sat;happy_guided_compact;happy;2;Q2_sales_growth;True;c3;True;0;0;0;0.666667;0.3406;True;2;1;48
ablation_no_sat;happy_guided_compact;happy;3;Q3_stockout_store;True;c2;True;0;0;0;1.0;0.2376;True;1;1;48
ablation_no_real;happy_guided_compact;happy;1;Q1_margin_month;True;c1;True;0;0;0;0.333333;0.3131;True;1;1;48
ablation_no_real;happy_guided_compact;happy;2;Q2_sales_growth;True;c3;True;0;0;0;0.666667;0.3478;True;2;1;48
ablation_no_real;happy_guided_compact;happy;3;Q3_stockout_store;True;c2;True;0;0;0;1.0;0.244;True;1;1;48
ablation_ceval_any_intersection;happy_guided_compact;happy;1;Q1_margin_month;True;c1;True;0;0;0;0.333333;0.3024;True;1;1;48
ablation_ceval_any_intersection;happy_guided_compact;happy;2;Q2_sales_growth;True;c3;True;0;0;0;0.666667;0.3392;True;2;1;48
ablation_ceval_any_intersection;happy_guided_compact;happy;3;Q3_stockout_store;True;c2;True;0;0;0;1.0;0.2382;True;1;1;48
baseline_random_matched;happy_guided_compact;happy;1;Q1_margin_month;True;c1;True;0;0;0;0.333333;0.0047;;0;0;48
baseline_random_matched;happy_guided_compact;happy;2;Q2_sales_growth;True;c3;True;0;0;0;0.666667;0.0007;;0;0;48
baseline_random_matched;happy_guided_compact;happy;3;Q3_stockout_store;True;c2;False;0;1;0;0.666667;0.0004;;0;0;48
mcad;border_growth_partial_1998_only;border;1;Q1_sales_1998_only;False;;False;0;0;0;0.0;0.3813;True;1;0;48
baseline_naive;border_growth_partial_1998_only;border;1;Q1_sales_1998_only;False;;True;1;0;1;0.0;0.0014;;0;0;48
baseline_measure_overlap;border_growth_partial_1998_only;border;1;Q1_sales_1998_only;False;;True;1;0;1;0.0;0.0196;;0;0;48
ablation_no_sat;border_growth_partial_1998_only;border;1;Q1_sales_1998_only;False;;False;0;0;0;0.0;0.3716;True;1;0;48
ablation_no_real;border_growth_partial_1998_only;border;1;Q1_sales_1998_only;False;;True;1;0;1;0.0;0.3671;True;1;0;48
ablation_ceval_any_intersection;border_growth_partial_1998_only;border;1;Q1_sales_1998_only;False;;True;1;0;1;0.0;0.4527;True;1;1;48
baseline_random_matched;border_growth_partial_1998_only;border;1;Q1_sales_1998_only;False;;True;1;0;1;0.0;0.0045;;0;0;48
mcad;border_margin_wrong_grain;border;1;Q1_margin_quarter_only;False;;False;0;0;0;0.0;0.353;False;0;0;48
baseline_naive;border_margin_wrong_grain;border;1;Q1_margin_quarter_only;False;;True;1;0;1;0.0;0.0014;;0;0;48
baseline_measure_overlap;border_margin_wrong_grain;border;1;Q1_margin_quarter_only;False;;True;1;0;1;0.0;0.0181;;0;0;48
ablation_no_sat;border_margin_wrong_grain;border;1;Q1_margin_quarter_only;False;;False;0;0;0;0.0;0.289;False;0;0;48
ablation_no_real;border_margin_wrong_grain;border;1;Q1_margin_quarter_only;False;;False;0;0;0;0.0;0.2295;False;0;0;48
ablation_ceval_any_intersection;border_margin_wrong_grain;border;1;Q1_margin_quarter_only;False;;False;0;0;0;0.0;0.2163;False;0;0;48
baseline_random_matched;border_margin_wrong_grain;border;1;Q1_margin_quarter_only;False;;False;0;0;0;0.0;0.0045;;0;0;48
mcad;border_stockout_missing_store;border;1;Q1_stockout_category_only;False;;False;0;0;0;0.0;0.2208;False;0;0;48
baseline_naive;border_stockout_missing_store;border;1;Q1_stockout_category_only;False;;True;1;0;1;0.0;0.0017;;0;0;48
baseline_measure_overlap;border_stockout_missing_store;border;1;Q1_stockout_category_only;False;;True;1;0;1;0.0;0.028;;0;0;48
ablation_no_sat;border_stockout_missing_store;border;1;Q1_stockout_category_only;False;;False;0;0;0;0.0;0.2853;False;0;0;48
ablation_no_real;border_stockout_missing_store;border;1;Q1_stockout_category_only;False;;False;0;0;0;0.0;0.2273;False;0;0;48
ablation_ceval_any_intersection;border_stockout_missing_store;border;1;Q1_stockout_category_only;False;;False;0;0;0;0.0;0.222;False;0;0;48
baseline_random_matched;border_stockout_missing_store;border;1;Q1_stockout_category_only;False;;False;0;0;0;0.0;0.0042;;0;0;48
mcad;adversarial_wrong_region;adversarial;1;Q1_margin_south;False;;False;0;0;0;0.0;0.1958;False;0;0;48
baseline_naive;adversarial_wrong_region;adversarial;1;Q1_margin_south;False;;True;1;0;1;0.0;0.0013;;0;0;48
baseline_measure_overlap;adversarial_wrong_region;adversarial;1;Q1_margin_south;False;;True;1;0;1;0.0;0.0189;;0;0;48
ablation_no_sat;adversarial_wrong_region;adversarial;1;Q1_margin_south;False;;False;0;0;0;0.0;0.2417;False;0;0;48
ablation_no_real;adversarial_wrong_region;adversarial;1;Q1_margin_south;False;;False;0;0;0;0.0;0.2319;False;0;0;48
ablation_ceval_any_intersection;adversarial_wrong_region;adversarial;1;Q1_margin_south;False;;False;0;0;0;0.0;0.2136;False;0;0;48
baseline_random_matched;adversarial_wrong_region;adversarial;1;Q1_margin_south;False;;True;1;0;1;0.0;0.0039;;0;0;48
mcad;adversarial_wrong_year;adversarial;1;Q1_stockout_1997;False;;False;0;0;0;0.0;0.1924;False;0;0;48
baseline_naive;adversarial_wrong_year;adversarial;1;Q1_stockout_1997;False;;True;1;0;1;0.0;0.0018;;0;0;48
baseline_measure_overlap;adversarial_wrong_year;adversarial;1;Q1_stockout_1997;False;;True;1;0;1;0.0;0.02;;0;0;48
ablation_no_sat;adversarial_wrong_year;adversarial;1;Q1_stockout_1997;False;;False;0;0;0;0.0;0.2116;False;0;0;48
ablation_no_real;adversarial_wrong_year;adversarial;1;Q1_stockout_1997;False;;False;0;0;0;0.0;0.2026;False;0;0;48
ablation_ceval_any_intersection;adversarial_wrong_year;adversarial;1;Q1_stockout_1997;False;;False;0;0;0;0.0;0.1874;False;0;0;48
baseline_random_matched;adversarial_wrong_year;adversarial;1;Q1_stockout_1997;False;;True;1;0;1;0.0;0.0047;;0;0;48
mcad;adversarial_invalid_no_measures;adversarial;1;Q1_invalid_no_measure;False;;False;0;0;0;0.0;0.0958;False;0;0;48
baseline_naive;adversarial_invalid_no_measures;adversarial;1;Q1_invalid_no_measure;False;;True;1;0;1;0.0;0.0016;;0;0;48
baseline_measure_overlap;adversarial_invalid_no_measures;adversarial;1;Q1_invalid_no_measure;False;;False;0;0;0;0.0;0.0183;;0;0;48
ablation_no_sat;adversarial_invalid_no_measures;adversarial;1;Q1_invalid_no_measure;False;;False;0;0;0;0.0;0.1071;False;0;0;48
ablation_no_real;adversarial_invalid_no_measures;adversarial;1;Q1_invalid_no_measure;False;;False;0;0;0;0.0;0.1065;False;0;0;48
ablation_ceval_any_intersection;adversarial_invalid_no_measures;adversarial;1;Q1_invalid_no_measure;False;;False;0;0;0;0.0;0.0952;False;0;0;48
baseline_random_matched;adversarial_invalid_no_measures;adversarial;1;Q1_invalid_no_measure;False;;True;1;0;1;0.0;0.0042;;0;0;48
mcad;stress_exploratory_then_useful;stress;1;Q1_noise_region;False;;False;0;0;0;0.0;0.3956;False;0;0;48
mcad;stress_exploratory_then_useful;stress;2;Q2_noise_margin_all;False;;False;0;0;0;0.0;0.2482;False;0;0;48
mcad;stress_exploratory_then_useful;stress;3;Q3_useful_margin;True;c1;True;0;0;0;0.333333;0.4615;True;1;1;48
baseline_naive;stress_exploratory_then_useful;stress;1;Q1_noise_region;False;;True;1;0;1;0.0;0.0015;;0;0;48
baseline_naive;stress_exploratory_then_useful;stress;2;Q2_noise_margin_all;False;;True;1;0;1;0.0;0.0009;;0;0;48
baseline_naive;stress_exploratory_then_useful;stress;3;Q3_useful_margin;True;c1;True;0;0;0;0.333333;0.0003;;0;0;48
baseline_measure_overlap;stress_exploratory_then_useful;stress;1;Q1_noise_region;False;;True;1;0;1;0.0;0.0217;;0;0;48
baseline_measure_overlap;stress_exploratory_then_useful;stress;2;Q2_noise_margin_all;False;;True;1;0;1;0.0;0.0057;;0;0;48
baseline_measure_overlap;stress_exploratory_then_useful;stress;3;Q3_useful_margin;True;c1;True;0;0;0;0.333333;0.0042;;0;0;48
ablation_no_sat;stress_exploratory_then_useful;stress;1;Q1_noise_region;False;;False;0;0;0;0.0;0.2619;False;0;0;48
ablation_no_sat;stress_exploratory_then_useful;stress;2;Q2_noise_margin_all;False;;False;0;0;0;0.0;0.1702;False;0;0;48
ablation_no_sat;stress_exploratory_then_useful;stress;3;Q3_useful_margin;True;c1;True;0;0;0;0.333333;0.2469;True;1;1;48
ablation_no_real;stress_exploratory_then_useful;stress;1;Q1_noise_region;False;;False;0;0;0;0.0;0.2378;False;0;0;48
ablation_no_real;stress_exploratory_then_useful;stress;2;Q2_noise_margin_all;False;;False;0;0;0;0.0;0.1462;False;0;0;48
ablation_no_real;stress_exploratory_then_useful;stress;3;Q3_useful_margin;True;c1;True;0;0;0;0.333333;0.2533;True;1;1;48
ablation_ceval_any_intersection;stress_exploratory_then_useful;stress;1;Q1_noise_region;False;;False;0;0;0;0.0;0.2218;False;0;0;48
ablation_ceval_any_intersection;stress_exploratory_then_useful;stress;2;Q2_noise_margin_all;False;;False;0;0;0;0.0;0.1426;False;0;0;48
ablation_ceval_any_intersection;stress_exploratory_then_useful;stress;3;Q3_useful_margin;True;c1;True;0;0;0;0.333333;0.2566;True;1;1;48
baseline_random_matched;stress_exploratory_then_useful;stress;1;Q1_noise_region;False;;False;0;0;0;0.0;0.004;;0;0;48
baseline_random_matched;stress_exploratory_then_useful;stress;2;Q2_noise_margin_all;False;;True;1;0;1;0.0;0.0007;;0;0;48
baseline_random_matched;stress_exploratory_then_useful;stress;3;Q3_useful_margin;True;c1;True;0;0;0;0.333333;0.0004;;0;0;48
mcad;happy_guided_article_short;happy;1;Q1_margin_month;True;c1;True;0;0;0;0.333333;0.3067;True;1;1;49
mcad;happy_guided_article_short;happy;2;Q2_stockout_store;True;c2;True;0;0;0;0.666667;0.2441;True;1;1;49
mcad;happy_guided_article_short;happy;3;Q3_sales_growth;True;c3;True;0;0;0;1.0;0.3708;True;2;1;49
baseline_naive;happy_guided_article_short;happy;1;Q1_margin_month;True;c1;True;0;0;0;0.333333;0.0019;;0;0;49
baseline_naive;happy_guided_article_short;happy;2;Q2_stockout_store;True;c2;True;0;0;0;0.666667;0.0005;;0;0;49
baseline_naive;happy_guided_article_short;happy;3;Q3_sales_growth;True;c3;True;0;0;0;1.0;0.0004;;0;0;49
baseline_measure_overlap;happy_guided_article_short;happy;1;Q1_margin_month;True;c1;True;0;0;0;0.333333;0.0202;;0;0;49
baseline_measure_overlap;happy_guided_article_short;happy;2;Q2_stockout_store;True;c2;True;0;0;0;0.666667;0.0054;;0;0;49
baseline_measure_overlap;happy_guided_article_short;happy;3;Q3_sales_growth;True;c3;True;0;0;0;1.0;0.0044;;0;0;49
ablation_no_sat;happy_guided_article_short;happy;1;Q1_margin_month;True;c1;True;0;0;0;0.333333;0.3102;True;1;1;49
ablation_no_sat;happy_guided_article_short;happy;2;Q2_stockout_store;True;c2;True;0;0;0;0.666667;0.2441;True;1;1;49
ablation_no_sat;happy_guided_article_short;happy;3;Q3_sales_growth;True;c3;True;0;0;0;1.0;0.3286;True;2;1;49
ablation_no_real;happy_guided_article_short;happy;1;Q1_margin_month;True;c1;True;0;0;0;0.333333;0.3206;True;1;1;49
ablation_no_real;happy_guided_article_short;happy;2;Q2_stockout_store;True;c2;True;0;0;0;0.666667;0.248;True;1;1;49
ablation_no_real;happy_guided_article_short;happy;3;Q3_sales_growth;True;c3;True;0;0;0;1.0;0.3323;True;2;1;49
ablation_ceval_any_intersection;happy_guided_article_short;happy;1;Q1_margin_month;True;c1;True;0;0;0;0.333333;0.3029;True;1;1;49
ablation_ceval_any_intersection;happy_guided_article_short;happy;2;Q2_stockout_store;True;c2;True;0;0;0;0.666667;0.252;True;1;1;49
ablation_ceval_any_intersection;happy_guided_article_short;happy;3;Q3_sales_growth;True;c3;True;0;0;0;1.0;0.3349;True;2;1;49
baseline_random_matched;happy_guided_article_short;happy;1;Q1_margin_month;True;c1;True;0;0;0;0.333333;0.0038;;0;0;49
baseline_random_matched;happy_guided_article_short;happy;2;Q2_stockout_store;True;c2;False;0;1;0;0.333333;0.0006;;0;0;49
baseline_random_matched;happy_guided_article_short;happy;3;Q3_sales_growth;True;c3;False;0;1;0;0.333333;0.0005;;0;0;49
mcad;happy_guided_reordered;happy;1;Q1_sales_growth;True;c3;True;0;0;0;0.333333;0.3933;True;2;1;49
mcad;happy_guided_reordered;happy;2;Q2_margin_month;True;c1;True;0;0;0;0.666667;0.2556;True;1;1;49
mcad;happy_guided_reordered;happy;3;Q3_stockout_store;True;c2;True;0;0;0;1.0;0.2393;True;1;1;49
baseline_naive;happy_guided_reordered;happy;1;Q1_sales_growth;True;c3;True;0;0;0;0.333333;0.0015;;0;0;49
baseline_naive;happy_guided_reordered;happy;2;Q2_margin_month;True;c1;True;0;0;0;0.666667;0.0006;;0;0;49
baseline_naive;happy_guided_reordered;happy;3;Q3_stockout_store;True;c2;True;0;0;0;1.0;0.0003;;0;0;49
baseline_measure_overlap;happy_guided_reordered;happy;1;Q1_sales_growth;True;c3;True;0;0;0;0.333333;0.0204;;0;0;49
baseline_measure_overlap;happy_guided_reordered;happy;2;Q2_margin_month;True;c1;True;0;0;0;0.666667;0.0053;;0;0;49
baseline_measure_overlap;happy_guided_reordered;happy;3;Q3_stockout_store;True;c2;True;0;0;0;1.0;0.0045;;0;0;49
ablation_no_sat;happy_guided_reordered;happy;1;Q1_sales_growth;True;c3;True;0;0;0;0.333333;0.389;True;2;1;49
ablation_no_sat;happy_guided_reordered;happy;2;Q2_margin_month;True;c1;True;0;0;0;0.666667;0.2454;True;1;1;49
ablation_no_sat;happy_guided_reordered;happy;3;Q3_stockout_store;True;c2;True;0;0;0;1.0;0.2445;True;1;1;49
ablation_no_real;happy_guided_reordered;happy;1;Q1_sales_growth;True;c3;True;0;0;0;0.333333;0.4129;True;2;1;49
ablation_no_real;happy_guided_reordered;happy;2;Q2_margin_month;True;c1;True;0;0;0;0.666667;0.2538;True;1;1;49
ablation_no_real;happy_guided_reordered;happy;3;Q3_stockout_store;True;c2;True;0;0;0;1.0;0.2452;True;1;1;49
ablation_ceval_any_intersection;happy_guided_reordered;happy;1;Q1_sales_growth;True;c3;True;0;0;0;0.333333;0.3969;True;2;1;49
ablation_ceval_any_intersection;happy_guided_reordered;happy;2;Q2_margin_month;True;c1;True;0;0;0;0.666667;0.2471;True;1;1;49
ablation_ceval_any_intersection;happy_guided_reordered;happy;3;Q3_stockout_store;True;c2;True;0;0;0;1.0;0.2366;True;1;1;49
baseline_random_matched;happy_guided_reordered;happy;1;Q1_sales_growth;True;c3;True;0;0;0;0.333333;0.0045;;0;0;49
baseline_random_matched;happy_guided_reordered;happy;2;Q2_margin_month;True;c1;False;0;1;0;0.333333;0.0006;;0;0;49
baseline_random_matched;happy_guided_reordered;happy;3;Q3_stockout_store;True;c2;False;0;1;0;0.333333;0.0004;;0;0;49
mcad;happy_guided_compact;happy;1;Q1_margin_month;True;c1;True;0;0;0;0.333333;0.3051;True;1;1;49
mcad;happy_guided_compact;happy;2;Q2_sales_growth;True;c3;True;0;0;0;0.666667;0.3444;True;2;1;49
mcad;happy_guided_compact;happy;3;Q3_stockout_store;True;c2;True;0;0;0;1.0;0.2397;True;1;1;49
baseline_naive;happy_guided_compact;happy;1;Q1_margin_month;True;c1;True;0;0;0;0.333333;0.0015;;0;0;49
baseline_naive;happy_guided_compact;happy;2;Q2_sales_growth;True;c3;True;0;0;0;0.666667;0.0005;;0;0;49
baseline_naive;happy_guided_compact;happy;3;Q3_stockout_store;True;c2;True;0;0;0;1.0;0.0004;;0;0;49
baseline_measure_overlap;happy_guided_compact;happy;1;Q1_margin_month;True;c1;True;0;0;0;0.333333;0.0186;;0;0;49
baseline_measure_overlap;happy_guided_compact;happy;2;Q2_sales_growth;True;c3;True;0;0;0;0.666667;0.0053;;0;0;49
baseline_measure_overlap;happy_guided_compact;happy;3;Q3_stockout_store;True;c2;True;0;0;0;1.0;0.0044;;0;0;49
ablation_no_sat;happy_guided_compact;happy;1;Q1_margin_month;True;c1;True;0;0;0;0.333333;0.3071;True;1;1;49
ablation_no_sat;happy_guided_compact;happy;2;Q2_sales_growth;True;c3;True;0;0;0;0.666667;0.4939;True;2;1;49
ablation_no_sat;happy_guided_compact;happy;3;Q3_stockout_store;True;c2;True;0;0;0;1.0;0.2467;True;1;1;49
ablation_no_real;happy_guided_compact;happy;1;Q1_margin_month;True;c1;True;0;0;0;0.333333;0.3119;True;1;1;49
ablation_no_real;happy_guided_compact;happy;2;Q2_sales_growth;True;c3;True;0;0;0;0.666667;0.3445;True;2;1;49
ablation_no_real;happy_guided_compact;happy;3;Q3_stockout_store;True;c2;True;0;0;0;1.0;0.2447;True;1;1;49
ablation_ceval_any_intersection;happy_guided_compact;happy;1;Q1_margin_month;True;c1;True;0;0;0;0.333333;0.3048;True;1;1;49
ablation_ceval_any_intersection;happy_guided_compact;happy;2;Q2_sales_growth;True;c3;True;0;0;0;0.666667;0.3343;True;2;1;49
ablation_ceval_any_intersection;happy_guided_compact;happy;3;Q3_stockout_store;True;c2;True;0;0;0;1.0;0.2482;True;1;1;49
baseline_random_matched;happy_guided_compact;happy;1;Q1_margin_month;True;c1;True;0;0;0;0.333333;0.0064;;0;0;49
baseline_random_matched;happy_guided_compact;happy;2;Q2_sales_growth;True;c3;True;0;0;0;0.666667;0.0011;;0;0;49
baseline_random_matched;happy_guided_compact;happy;3;Q3_stockout_store;True;c2;False;0;1;0;0.666667;0.0009;;0;0;49
mcad;border_growth_partial_1998_only;border;1;Q1_sales_1998_only;False;;False;0;0;0;0.0;0.6695;True;1;0;49
baseline_naive;border_growth_partial_1998_only;border;1;Q1_sales_1998_only;False;;True;1;0;1;0.0;0.002;;0;0;49
baseline_measure_overlap;border_growth_partial_1998_only;border;1;Q1_sales_1998_only;False;;True;1;0;1;0.0;0.0298;;0;0;49
ablation_no_sat;border_growth_partial_1998_only;border;1;Q1_sales_1998_only;False;;False;0;0;0;0.0;0.3779;True;1;0;49
ablation_no_real;border_growth_partial_1998_only;border;1;Q1_sales_1998_only;False;;True;1;0;1;0.0;0.374;True;1;0;49
ablation_ceval_any_intersection;border_growth_partial_1998_only;border;1;Q1_sales_1998_only;False;;True;1;0;1;0.0;0.3638;True;1;1;49
baseline_random_matched;border_growth_partial_1998_only;border;1;Q1_sales_1998_only;False;;False;0;0;0;0.0;0.0038;;0;0;49
mcad;border_margin_wrong_grain;border;1;Q1_margin_quarter_only;False;;False;0;0;0;0.0;0.2466;False;0;0;49
baseline_naive;border_margin_wrong_grain;border;1;Q1_margin_quarter_only;False;;True;1;0;1;0.0;0.0013;;0;0;49
baseline_measure_overlap;border_margin_wrong_grain;border;1;Q1_margin_quarter_only;False;;True;1;0;1;0.0;0.0181;;0;0;49
ablation_no_sat;border_margin_wrong_grain;border;1;Q1_margin_quarter_only;False;;False;0;0;0;0.0;0.2967;False;0;0;49
ablation_no_real;border_margin_wrong_grain;border;1;Q1_margin_quarter_only;False;;False;0;0;0;0.0;0.229;False;0;0;49
ablation_ceval_any_intersection;border_margin_wrong_grain;border;1;Q1_margin_quarter_only;False;;False;0;0;0;0.0;0.2212;False;0;0;49
baseline_random_matched;border_margin_wrong_grain;border;1;Q1_margin_quarter_only;False;;False;0;0;0;0.0;0.0046;;0;0;49
mcad;border_stockout_missing_store;border;1;Q1_stockout_category_only;False;;False;0;0;0;0.0;0.2217;False;0;0;49
baseline_naive;border_stockout_missing_store;border;1;Q1_stockout_category_only;False;;True;1;0;1;0.0;0.0014;;0;0;49
baseline_measure_overlap;border_stockout_missing_store;border;1;Q1_stockout_category_only;False;;True;1;0;1;0.0;0.0199;;0;0;49
ablation_no_sat;border_stockout_missing_store;border;1;Q1_stockout_category_only;False;;False;0;0;0;0.0;0.2926;False;0;0;49
ablation_no_real;border_stockout_missing_store;border;1;Q1_stockout_category_only;False;;False;0;0;0;0.0;0.2289;False;0;0;49
ablation_ceval_any_intersection;border_stockout_missing_store;border;1;Q1_stockout_category_only;False;;False;0;0;0;0.0;0.2155;False;0;0;49
baseline_random_matched;border_stockout_missing_store;border;1;Q1_stockout_category_only;False;;True;1;0;1;0.0;0.0038;;0;0;49
mcad;adversarial_wrong_region;adversarial;1;Q1_margin_south;False;;False;0;0;0;0.0;0.241;False;0;0;49
baseline_naive;adversarial_wrong_region;adversarial;1;Q1_margin_south;False;;True;1;0;1;0.0;0.0014;;0;0;49
baseline_measure_overlap;adversarial_wrong_region;adversarial;1;Q1_margin_south;False;;True;1;0;1;0.0;0.0208;;0;0;49
ablation_no_sat;adversarial_wrong_region;adversarial;1;Q1_margin_south;False;;False;0;0;0;0.0;0.2336;False;0;0;49
ablation_no_real;adversarial_wrong_region;adversarial;1;Q1_margin_south;False;;False;0;0;0;0.0;0.1995;False;0;0;49
ablation_ceval_any_intersection;adversarial_wrong_region;adversarial;1;Q1_margin_south;False;;False;0;0;0;0.0;0.1929;False;0;0;49
baseline_random_matched;adversarial_wrong_region;adversarial;1;Q1_margin_south;False;;False;0;0;0;0.0;0.0037;;0;0;49
mcad;adversarial_wrong_year;adversarial;1;Q1_stockout_1997;False;;False;0;0;0;0.0;0.1874;False;0;0;49
baseline_naive;adversarial_wrong_year;adversarial;1;Q1_stockout_1997;False;;True;1;0;1;0.0;0.0015;;0;0;49
baseline_measure_overlap;adversarial_wrong_year;adversarial;1;Q1_stockout_1997;False;;True;1;0;1;0.0;0.0194;;0;0;49
ablation_no_sat;adversarial_wrong_year;adversarial;1;Q1_stockout_1997;False;;False;0;0;0;0.0;0.2183;False;0;0;49
ablation_no_real;adversarial_wrong_year;adversarial;1;Q1_stockout_1997;False;;False;0;0;0;0.0;0.202;False;0;0;49
ablation_ceval_any_intersection;adversarial_wrong_year;adversarial;1;Q1_stockout_1997;False;;False;0;0;0;0.0;0.1899;False;0;0;49
baseline_random_matched;adversarial_wrong_year;adversarial;1;Q1_stockout_1997;False;;True;1;0;1;0.0;0.0038;;0;0;49
mcad;adversarial_invalid_no_measures;adversarial;1;Q1_invalid_no_measure;False;;False;0;0;0;0.0;0.0953;False;0;0;49
baseline_naive;adversarial_invalid_no_measures;adversarial;1;Q1_invalid_no_measure;False;;True;1;0;1;0.0;0.0015;;0;0;49
baseline_measure_overlap;adversarial_invalid_no_measures;adversarial;1;Q1_invalid_no_measure;False;;False;0;0;0;0.0;0.0216;;0;0;49
ablation_no_sat;adversarial_invalid_no_measures;adversarial;1;Q1_invalid_no_measure;False;;False;0;0;0;0.0;0.1213;False;0;0;49
ablation_no_real;adversarial_invalid_no_measures;adversarial;1;Q1_invalid_no_measure;False;;False;0;0;0;0.0;0.1001;False;0;0;49
ablation_ceval_any_intersection;adversarial_invalid_no_measures;adversarial;1;Q1_invalid_no_measure;False;;False;0;0;0;0.0;0.1046;False;0;0;49
baseline_random_matched;adversarial_invalid_no_measures;adversarial;1;Q1_invalid_no_measure;False;;True;1;0;1;0.0;0.0043;;0;0;49
mcad;stress_exploratory_then_useful;stress;1;Q1_noise_region;False;;False;0;0;0;0.0;0.2308;False;0;0;49
mcad;stress_exploratory_then_useful;stress;2;Q2_noise_margin_all;False;;False;0;0;0;0.0;0.1411;False;0;0;49
mcad;stress_exploratory_then_useful;stress;3;Q3_useful_margin;True;c1;True;0;0;0;0.333333;0.2486;True;1;1;49
baseline_naive;stress_exploratory_then_useful;stress;1;Q1_noise_region;False;;True;1;0;1;0.0;0.0014;;0;0;49
baseline_naive;stress_exploratory_then_useful;stress;2;Q2_noise_margin_all;False;;True;1;0;1;0.0;0.0004;;0;0;49
baseline_naive;stress_exploratory_then_useful;stress;3;Q3_useful_margin;True;c1;True;0;0;0;0.333333;0.0003;;0;0;49
baseline_measure_overlap;stress_exploratory_then_useful;stress;1;Q1_noise_region;False;;True;1;0;1;0.0;0.0209;;0;0;49
baseline_measure_overlap;stress_exploratory_then_useful;stress;2;Q2_noise_margin_all;False;;True;1;0;1;0.0;0.0057;;0;0;49
baseline_measure_overlap;stress_exploratory_then_useful;stress;3;Q3_useful_margin;True;c1;True;0;0;0;0.333333;0.0042;;0;0;49
ablation_no_sat;stress_exploratory_then_useful;stress;1;Q1_noise_region;False;;False;0;0;0;0.0;0.2581;False;0;0;49
ablation_no_sat;stress_exploratory_then_useful;stress;2;Q2_noise_margin_all;False;;False;0;0;0;0.0;0.1798;False;0;0;49
ablation_no_sat;stress_exploratory_then_useful;stress;3;Q3_useful_margin;True;c1;True;0;0;0;0.333333;0.2452;True;1;1;49
ablation_no_real;stress_exploratory_then_useful;stress;1;Q1_noise_region;False;;False;0;0;0;0.0;0.2273;False;0;0;49
ablation_no_real;stress_exploratory_then_useful;stress;2;Q2_noise_margin_all;False;;False;0;0;0;0.0;0.1476;False;0;0;49
ablation_no_real;stress_exploratory_then_useful;stress;3;Q3_useful_margin;True;c1;True;0;0;0;0.333333;0.2527;True;1;1;49
ablation_ceval_any_intersection;stress_exploratory_then_useful;stress;1;Q1_noise_region;False;;False;0;0;0;0.0;0.2327;False;0;0;49
ablation_ceval_any_intersection;stress_exploratory_then_useful;stress;2;Q2_noise_margin_all;False;;False;0;0;0;0.0;0.1407;False;0;0;49
ablation_ceval_any_intersection;stress_exploratory_then_useful;stress;3;Q3_useful_margin;True;c1;True;0;0;0;0.333333;0.2437;True;1;1;49
baseline_random_matched;stress_exploratory_then_useful;stress;1;Q1_noise_region;False;;True;1;0;1;0.0;0.0043;;0;0;49
baseline_random_matched;stress_exploratory_then_useful;stress;2;Q2_noise_margin_all;False;;True;1;0;1;0.0;0.0007;;0;0;49
baseline_random_matched;stress_exploratory_then_useful;stress;3;Q3_useful_margin;True;c1;False;0;1;0;0.0;0.0005;;0;0;49
