phase,phase_round,order_position,observation_index,cell_id,canonical_instance_id,factor_level,replication_index,seed,step_position,step_index,step_id,prefix_step_count,fresh_state,wall_latency_ns,wall_latency_ms,cpu_latency_ns,cpu_latency_ms,semantic_digest,semantic_match
warmup,0,0,1,level_000006/rep_001_seed_202::step_0002,level_000006/rep_001_seed_202,6,1,202,1,2,step-0002-sales-sum-region-08-2012,1,True,314705,0.314705,317852,0.317852,7a6190b9a582b50b404818edc40487315f9855c4241a5d4aebf59eddc93162d6,True
warmup,0,1,2,level_000006/rep_001_seed_202::step_0001,level_000006/rep_001_seed_202,6,1,202,0,1,step-0001-sales-sum-region-04-2013,0,True,351345,0.351345,353870,0.35387,974bbcf9621910fcaf553e1107be6a17afd5da550f8209444277fda2e35a691d,True
warmup,0,2,3,level_000012/rep_001_seed_202::step_0001,level_000012/rep_001_seed_202,12,1,202,0,1,step-0001-sales-sum-region-04-2013,0,True,404675,0.404675,407220,0.40722,146ee7ee7fa2e7d5f9061cb980ec0093e8608ce8582242d7f47f2f5c28dc8ada,True
warmup,0,3,4,level_000024/rep_001_seed_202::step_0001,level_000024/rep_001_seed_202,24,1,202,0,1,step-0001-sales-sum-region-04-2013,0,True,516018,0.516018,518246,0.518246,77c210043d7c539665beebecdedb29f1a1452bedf16598411334fca91fbf173c,True
warmup,0,4,5,level_000024/rep_001_seed_202::step_0002,level_000024/rep_001_seed_202,24,1,202,1,2,step-0002-sales-sum-region-08-2012,1,True,473104,0.473104,475826,0.475826,64a10fe2cfc6e40c19c7e90de6d4aa9298107f33f69aa8e4ea4124d3042078bf,True
warmup,0,5,6,level_000012/rep_001_seed_202::step_0002,level_000012/rep_001_seed_202,12,1,202,1,2,step-0002-sales-sum-region-08-2012,1,True,660714,0.660714,665144,0.665144,55950104bc77972d4cd81a4b111e687f4d99306092ce2ee31e5fd57f0036fff2,True
warmup,1,0,7,level_000006/rep_001_seed_202::step_0001,level_000006/rep_001_seed_202,6,1,202,0,1,step-0001-sales-sum-region-04-2013,0,True,340882,0.340882,343210,0.34321,974bbcf9621910fcaf553e1107be6a17afd5da550f8209444277fda2e35a691d,True
warmup,1,1,8,level_000012/rep_001_seed_202::step_0001,level_000012/rep_001_seed_202,12,1,202,0,1,step-0001-sales-sum-region-04-2013,0,True,645291,0.645291,649632,0.649632,146ee7ee7fa2e7d5f9061cb980ec0093e8608ce8582242d7f47f2f5c28dc8ada,True
warmup,1,2,9,level_000024/rep_001_seed_202::step_0001,level_000024/rep_001_seed_202,24,1,202,0,1,step-0001-sales-sum-region-04-2013,0,True,544949,0.544949,547637,0.547637,77c210043d7c539665beebecdedb29f1a1452bedf16598411334fca91fbf173c,True
warmup,1,3,10,level_000024/rep_001_seed_202::step_0002,level_000024/rep_001_seed_202,24,1,202,1,2,step-0002-sales-sum-region-08-2012,1,True,475185,0.475185,477426,0.477426,64a10fe2cfc6e40c19c7e90de6d4aa9298107f33f69aa8e4ea4124d3042078bf,True
warmup,1,4,11,level_000012/rep_001_seed_202::step_0002,level_000012/rep_001_seed_202,12,1,202,1,2,step-0002-sales-sum-region-08-2012,1,True,561053,0.561053,565288,0.565288,55950104bc77972d4cd81a4b111e687f4d99306092ce2ee31e5fd57f0036fff2,True
warmup,1,5,12,level_000006/rep_001_seed_202::step_0002,level_000006/rep_001_seed_202,6,1,202,1,2,step-0002-sales-sum-region-08-2012,1,True,290225,0.290225,292644,0.292644,7a6190b9a582b50b404818edc40487315f9855c4241a5d4aebf59eddc93162d6,True
warmup,2,0,13,level_000012/rep_001_seed_202::step_0001,level_000012/rep_001_seed_202,12,1,202,0,1,step-0001-sales-sum-region-04-2013,0,True,399696,0.399696,402620,0.40262,146ee7ee7fa2e7d5f9061cb980ec0093e8608ce8582242d7f47f2f5c28dc8ada,True
warmup,2,1,14,level_000024/rep_001_seed_202::step_0001,level_000024/rep_001_seed_202,24,1,202,0,1,step-0001-sales-sum-region-04-2013,0,True,522429,0.522429,525525,0.525525,77c210043d7c539665beebecdedb29f1a1452bedf16598411334fca91fbf173c,True
warmup,2,2,15,level_000024/rep_001_seed_202::step_0002,level_000024/rep_001_seed_202,24,1,202,1,2,step-0002-sales-sum-region-08-2012,1,True,472515,0.472515,475016,0.475016,64a10fe2cfc6e40c19c7e90de6d4aa9298107f33f69aa8e4ea4124d3042078bf,True
warmup,2,3,16,level_000012/rep_001_seed_202::step_0002,level_000012/rep_001_seed_202,12,1,202,1,2,step-0002-sales-sum-region-08-2012,1,True,332487,0.332487,334785,0.334785,55950104bc77972d4cd81a4b111e687f4d99306092ce2ee31e5fd57f0036fff2,True
warmup,2,4,17,level_000006/rep_001_seed_202::step_0002,level_000006/rep_001_seed_202,6,1,202,1,2,step-0002-sales-sum-region-08-2012,1,True,517165,0.517165,521033,0.521033,7a6190b9a582b50b404818edc40487315f9855c4241a5d4aebf59eddc93162d6,True
warmup,2,5,18,level_000006/rep_001_seed_202::step_0001,level_000006/rep_001_seed_202,6,1,202,0,1,step-0001-sales-sum-region-04-2013,0,True,339729,0.339729,342281,0.342281,974bbcf9621910fcaf553e1107be6a17afd5da550f8209444277fda2e35a691d,True
warmup,3,0,19,level_000024/rep_001_seed_202::step_0001,level_000024/rep_001_seed_202,24,1,202,0,1,step-0001-sales-sum-region-04-2013,0,True,526462,0.526462,529024,0.529024,77c210043d7c539665beebecdedb29f1a1452bedf16598411334fca91fbf173c,True
warmup,3,1,20,level_000024/rep_001_seed_202::step_0002,level_000024/rep_001_seed_202,24,1,202,1,2,step-0002-sales-sum-region-08-2012,1,True,911316,0.911316,916257,0.916257,64a10fe2cfc6e40c19c7e90de6d4aa9298107f33f69aa8e4ea4124d3042078bf,True
warmup,3,2,21,level_000012/rep_001_seed_202::step_0002,level_000012/rep_001_seed_202,12,1,202,1,2,step-0002-sales-sum-region-08-2012,1,True,377423,0.377423,380875,0.380875,55950104bc77972d4cd81a4b111e687f4d99306092ce2ee31e5fd57f0036fff2,True
warmup,3,3,22,level_000006/rep_001_seed_202::step_0002,level_000006/rep_001_seed_202,6,1,202,1,2,step-0002-sales-sum-region-08-2012,1,True,293376,0.293376,295781,0.295781,7a6190b9a582b50b404818edc40487315f9855c4241a5d4aebf59eddc93162d6,True
warmup,3,4,23,level_000006/rep_001_seed_202::step_0001,level_000006/rep_001_seed_202,6,1,202,0,1,step-0001-sales-sum-region-04-2013,0,True,341983,0.341983,344298,0.344298,974bbcf9621910fcaf553e1107be6a17afd5da550f8209444277fda2e35a691d,True
warmup,3,5,24,level_000012/rep_001_seed_202::step_0001,level_000012/rep_001_seed_202,12,1,202,0,1,step-0001-sales-sum-region-04-2013,0,True,447010,0.44701,449650,0.44965,146ee7ee7fa2e7d5f9061cb980ec0093e8608ce8582242d7f47f2f5c28dc8ada,True
warmup,4,0,25,level_000024/rep_001_seed_202::step_0002,level_000024/rep_001_seed_202,24,1,202,1,2,step-0002-sales-sum-region-08-2012,1,True,482217,0.482217,485208,0.485208,64a10fe2cfc6e40c19c7e90de6d4aa9298107f33f69aa8e4ea4124d3042078bf,True
warmup,4,1,26,level_000012/rep_001_seed_202::step_0002,level_000012/rep_001_seed_202,12,1,202,1,2,step-0002-sales-sum-region-08-2012,1,True,341175,0.341175,343704,0.343704,55950104bc77972d4cd81a4b111e687f4d99306092ce2ee31e5fd57f0036fff2,True
warmup,4,2,27,level_000006/rep_001_seed_202::step_0002,level_000006/rep_001_seed_202,6,1,202,1,2,step-0002-sales-sum-region-08-2012,1,True,279873,0.279873,282638,0.282638,7a6190b9a582b50b404818edc40487315f9855c4241a5d4aebf59eddc93162d6,True
warmup,4,3,28,level_000006/rep_001_seed_202::step_0001,level_000006/rep_001_seed_202,6,1,202,0,1,step-0001-sales-sum-region-04-2013,0,True,532905,0.532905,536403,0.536403,974bbcf9621910fcaf553e1107be6a17afd5da550f8209444277fda2e35a691d,True
warmup,4,4,29,level_000012/rep_001_seed_202::step_0001,level_000012/rep_001_seed_202,12,1,202,0,1,step-0001-sales-sum-region-04-2013,0,True,403994,0.403994,406178,0.406178,146ee7ee7fa2e7d5f9061cb980ec0093e8608ce8582242d7f47f2f5c28dc8ada,True
warmup,4,5,30,level_000024/rep_001_seed_202::step_0001,level_000024/rep_001_seed_202,24,1,202,0,1,step-0001-sales-sum-region-04-2013,0,True,527116,0.527116,529651,0.529651,77c210043d7c539665beebecdedb29f1a1452bedf16598411334fca91fbf173c,True
warmup,5,0,31,level_000012/rep_001_seed_202::step_0002,level_000012/rep_001_seed_202,12,1,202,1,2,step-0002-sales-sum-region-08-2012,1,True,331233,0.331233,333724,0.333724,55950104bc77972d4cd81a4b111e687f4d99306092ce2ee31e5fd57f0036fff2,True
warmup,5,1,32,level_000006/rep_001_seed_202::step_0002,level_000006/rep_001_seed_202,6,1,202,1,2,step-0002-sales-sum-region-08-2012,1,True,283791,0.283791,286304,0.286304,7a6190b9a582b50b404818edc40487315f9855c4241a5d4aebf59eddc93162d6,True
warmup,5,2,33,level_000006/rep_001_seed_202::step_0001,level_000006/rep_001_seed_202,6,1,202,0,1,step-0001-sales-sum-region-04-2013,0,True,337488,0.337488,340042,0.340042,974bbcf9621910fcaf553e1107be6a17afd5da550f8209444277fda2e35a691d,True
warmup,5,3,34,level_000012/rep_001_seed_202::step_0001,level_000012/rep_001_seed_202,12,1,202,0,1,step-0001-sales-sum-region-04-2013,0,True,416053,0.416053,421293,0.421293,146ee7ee7fa2e7d5f9061cb980ec0093e8608ce8582242d7f47f2f5c28dc8ada,True
warmup,5,4,35,level_000024/rep_001_seed_202::step_0001,level_000024/rep_001_seed_202,24,1,202,0,1,step-0001-sales-sum-region-04-2013,0,True,507659,0.507659,509931,0.509931,77c210043d7c539665beebecdedb29f1a1452bedf16598411334fca91fbf173c,True
warmup,5,5,36,level_000024/rep_001_seed_202::step_0002,level_000024/rep_001_seed_202,24,1,202,1,2,step-0002-sales-sum-region-08-2012,1,True,465357,0.465357,467886,0.467886,64a10fe2cfc6e40c19c7e90de6d4aa9298107f33f69aa8e4ea4124d3042078bf,True
warmup,6,0,37,level_000012/rep_001_seed_202::step_0002,level_000012/rep_001_seed_202,12,1,202,1,2,step-0002-sales-sum-region-08-2012,1,True,387572,0.387572,390329,0.390329,55950104bc77972d4cd81a4b111e687f4d99306092ce2ee31e5fd57f0036fff2,True
warmup,6,1,38,level_000024/rep_001_seed_202::step_0002,level_000024/rep_001_seed_202,24,1,202,1,2,step-0002-sales-sum-region-08-2012,1,True,468553,0.468553,471483,0.471483,64a10fe2cfc6e40c19c7e90de6d4aa9298107f33f69aa8e4ea4124d3042078bf,True
warmup,6,2,39,level_000024/rep_001_seed_202::step_0001,level_000024/rep_001_seed_202,24,1,202,0,1,step-0001-sales-sum-region-04-2013,0,True,519083,0.519083,521394,0.521394,77c210043d7c539665beebecdedb29f1a1452bedf16598411334fca91fbf173c,True
warmup,6,3,40,level_000012/rep_001_seed_202::step_0001,level_000012/rep_001_seed_202,12,1,202,0,1,step-0001-sales-sum-region-04-2013,0,True,405294,0.405294,407557,0.407557,146ee7ee7fa2e7d5f9061cb980ec0093e8608ce8582242d7f47f2f5c28dc8ada,True
warmup,6,4,41,level_000006/rep_001_seed_202::step_0001,level_000006/rep_001_seed_202,6,1,202,0,1,step-0001-sales-sum-region-04-2013,0,True,336431,0.336431,339215,0.339215,974bbcf9621910fcaf553e1107be6a17afd5da550f8209444277fda2e35a691d,True
warmup,6,5,42,level_000006/rep_001_seed_202::step_0002,level_000006/rep_001_seed_202,6,1,202,1,2,step-0002-sales-sum-region-08-2012,1,True,468798,0.468798,473032,0.473032,7a6190b9a582b50b404818edc40487315f9855c4241a5d4aebf59eddc93162d6,True
warmup,7,0,43,level_000006/rep_001_seed_202::step_0002,level_000006/rep_001_seed_202,6,1,202,1,2,step-0002-sales-sum-region-08-2012,1,True,296606,0.296606,299336,0.299336,7a6190b9a582b50b404818edc40487315f9855c4241a5d4aebf59eddc93162d6,True
warmup,7,1,44,level_000012/rep_001_seed_202::step_0002,level_000012/rep_001_seed_202,12,1,202,1,2,step-0002-sales-sum-region-08-2012,1,True,342013,0.342013,344545,0.344545,55950104bc77972d4cd81a4b111e687f4d99306092ce2ee31e5fd57f0036fff2,True
warmup,7,2,45,level_000024/rep_001_seed_202::step_0002,level_000024/rep_001_seed_202,24,1,202,1,2,step-0002-sales-sum-region-08-2012,1,True,892976,0.892976,896852,0.896852,64a10fe2cfc6e40c19c7e90de6d4aa9298107f33f69aa8e4ea4124d3042078bf,True
warmup,7,3,46,level_000024/rep_001_seed_202::step_0001,level_000024/rep_001_seed_202,24,1,202,0,1,step-0001-sales-sum-region-04-2013,0,True,538315,0.538315,540893,0.540893,77c210043d7c539665beebecdedb29f1a1452bedf16598411334fca91fbf173c,True
warmup,7,4,47,level_000012/rep_001_seed_202::step_0001,level_000012/rep_001_seed_202,12,1,202,0,1,step-0001-sales-sum-region-04-2013,0,True,398697,0.398697,400871,0.400871,146ee7ee7fa2e7d5f9061cb980ec0093e8608ce8582242d7f47f2f5c28dc8ada,True
warmup,7,5,48,level_000006/rep_001_seed_202::step_0001,level_000006/rep_001_seed_202,6,1,202,0,1,step-0001-sales-sum-region-04-2013,0,True,571370,0.57137,574825,0.574825,974bbcf9621910fcaf553e1107be6a17afd5da550f8209444277fda2e35a691d,True
warmup,8,0,49,level_000006/rep_001_seed_202::step_0001,level_000006/rep_001_seed_202,6,1,202,0,1,step-0001-sales-sum-region-04-2013,0,True,345109,0.345109,348005,0.348005,974bbcf9621910fcaf553e1107be6a17afd5da550f8209444277fda2e35a691d,True
warmup,8,1,50,level_000006/rep_001_seed_202::step_0002,level_000006/rep_001_seed_202,6,1,202,1,2,step-0002-sales-sum-region-08-2012,1,True,288782,0.288782,291285,0.291285,7a6190b9a582b50b404818edc40487315f9855c4241a5d4aebf59eddc93162d6,True
warmup,8,2,51,level_000012/rep_001_seed_202::step_0002,level_000012/rep_001_seed_202,12,1,202,1,2,step-0002-sales-sum-region-08-2012,1,True,329823,0.329823,332171,0.332171,55950104bc77972d4cd81a4b111e687f4d99306092ce2ee31e5fd57f0036fff2,True
warmup,8,3,52,level_000024/rep_001_seed_202::step_0002,level_000024/rep_001_seed_202,24,1,202,1,2,step-0002-sales-sum-region-08-2012,1,True,935921,0.935921,940299,0.940299,64a10fe2cfc6e40c19c7e90de6d4aa9298107f33f69aa8e4ea4124d3042078bf,True
warmup,8,4,53,level_000024/rep_001_seed_202::step_0001,level_000024/rep_001_seed_202,24,1,202,0,1,step-0001-sales-sum-region-04-2013,0,True,555263,0.555263,558463,0.558463,77c210043d7c539665beebecdedb29f1a1452bedf16598411334fca91fbf173c,True
warmup,8,5,54,level_000012/rep_001_seed_202::step_0001,level_000012/rep_001_seed_202,12,1,202,0,1,step-0001-sales-sum-region-04-2013,0,True,677684,0.677684,681441,0.681441,146ee7ee7fa2e7d5f9061cb980ec0093e8608ce8582242d7f47f2f5c28dc8ada,True
warmup,9,0,55,level_000012/rep_001_seed_202::step_0001,level_000012/rep_001_seed_202,12,1,202,0,1,step-0001-sales-sum-region-04-2013,0,True,394058,0.394058,396518,0.396518,146ee7ee7fa2e7d5f9061cb980ec0093e8608ce8582242d7f47f2f5c28dc8ada,True
warmup,9,1,56,level_000006/rep_001_seed_202::step_0001,level_000006/rep_001_seed_202,6,1,202,0,1,step-0001-sales-sum-region-04-2013,0,True,353755,0.353755,356177,0.356177,974bbcf9621910fcaf553e1107be6a17afd5da550f8209444277fda2e35a691d,True
warmup,9,2,57,level_000006/rep_001_seed_202::step_0002,level_000006/rep_001_seed_202,6,1,202,1,2,step-0002-sales-sum-region-08-2012,1,True,293808,0.293808,296088,0.296088,7a6190b9a582b50b404818edc40487315f9855c4241a5d4aebf59eddc93162d6,True
warmup,9,3,58,level_000012/rep_001_seed_202::step_0002,level_000012/rep_001_seed_202,12,1,202,1,2,step-0002-sales-sum-region-08-2012,1,True,331400,0.3314,333857,0.333857,55950104bc77972d4cd81a4b111e687f4d99306092ce2ee31e5fd57f0036fff2,True
warmup,9,4,59,level_000024/rep_001_seed_202::step_0002,level_000024/rep_001_seed_202,24,1,202,1,2,step-0002-sales-sum-region-08-2012,1,True,472335,0.472335,474672,0.474672,64a10fe2cfc6e40c19c7e90de6d4aa9298107f33f69aa8e4ea4124d3042078bf,True
warmup,9,5,60,level_000024/rep_001_seed_202::step_0001,level_000024/rep_001_seed_202,24,1,202,0,1,step-0001-sales-sum-region-04-2013,0,True,515673,0.515673,518291,0.518291,77c210043d7c539665beebecdedb29f1a1452bedf16598411334fca91fbf173c,True
measurement,0,0,61,level_000006/rep_001_seed_202::step_0002,level_000006/rep_001_seed_202,6,1,202,1,2,step-0002-sales-sum-region-08-2012,1,True,315316,0.315316,318430,0.31843,7a6190b9a582b50b404818edc40487315f9855c4241a5d4aebf59eddc93162d6,True
measurement,0,1,62,level_000006/rep_001_seed_202::step_0001,level_000006/rep_001_seed_202,6,1,202,0,1,step-0001-sales-sum-region-04-2013,0,True,342863,0.342863,345225,0.345225,974bbcf9621910fcaf553e1107be6a17afd5da550f8209444277fda2e35a691d,True
measurement,0,2,63,level_000012/rep_001_seed_202::step_0001,level_000012/rep_001_seed_202,12,1,202,0,1,step-0001-sales-sum-region-04-2013,0,True,407813,0.407813,410735,0.410735,146ee7ee7fa2e7d5f9061cb980ec0093e8608ce8582242d7f47f2f5c28dc8ada,True
measurement,0,3,64,level_000024/rep_001_seed_202::step_0001,level_000024/rep_001_seed_202,24,1,202,0,1,step-0001-sales-sum-region-04-2013,0,True,527958,0.527958,531467,0.531467,77c210043d7c539665beebecdedb29f1a1452bedf16598411334fca91fbf173c,True
measurement,0,4,65,level_000024/rep_001_seed_202::step_0002,level_000024/rep_001_seed_202,24,1,202,1,2,step-0002-sales-sum-region-08-2012,1,True,786438,0.786438,791290,0.79129,64a10fe2cfc6e40c19c7e90de6d4aa9298107f33f69aa8e4ea4124d3042078bf,True
measurement,0,5,66,level_000012/rep_001_seed_202::step_0002,level_000012/rep_001_seed_202,12,1,202,1,2,step-0002-sales-sum-region-08-2012,1,True,328960,0.32896,332093,0.332093,55950104bc77972d4cd81a4b111e687f4d99306092ce2ee31e5fd57f0036fff2,True
measurement,1,0,67,level_000006/rep_001_seed_202::step_0001,level_000006/rep_001_seed_202,6,1,202,0,1,step-0001-sales-sum-region-04-2013,0,True,343523,0.343523,345812,0.345812,974bbcf9621910fcaf553e1107be6a17afd5da550f8209444277fda2e35a691d,True
measurement,1,1,68,level_000012/rep_001_seed_202::step_0001,level_000012/rep_001_seed_202,12,1,202,0,1,step-0001-sales-sum-region-04-2013,0,True,394155,0.394155,396327,0.396327,146ee7ee7fa2e7d5f9061cb980ec0093e8608ce8582242d7f47f2f5c28dc8ada,True
measurement,1,2,69,level_000024/rep_001_seed_202::step_0001,level_000024/rep_001_seed_202,24,1,202,0,1,step-0001-sales-sum-region-04-2013,0,True,523950,0.52395,527110,0.52711,77c210043d7c539665beebecdedb29f1a1452bedf16598411334fca91fbf173c,True
measurement,1,3,70,level_000024/rep_001_seed_202::step_0002,level_000024/rep_001_seed_202,24,1,202,1,2,step-0002-sales-sum-region-08-2012,1,True,476156,0.476156,478835,0.478835,64a10fe2cfc6e40c19c7e90de6d4aa9298107f33f69aa8e4ea4124d3042078bf,True
measurement,1,4,71,level_000012/rep_001_seed_202::step_0002,level_000012/rep_001_seed_202,12,1,202,1,2,step-0002-sales-sum-region-08-2012,1,True,331201,0.331201,333784,0.333784,55950104bc77972d4cd81a4b111e687f4d99306092ce2ee31e5fd57f0036fff2,True
measurement,1,5,72,level_000006/rep_001_seed_202::step_0002,level_000006/rep_001_seed_202,6,1,202,1,2,step-0002-sales-sum-region-08-2012,1,True,316050,0.31605,318961,0.318961,7a6190b9a582b50b404818edc40487315f9855c4241a5d4aebf59eddc93162d6,True
measurement,2,0,73,level_000012/rep_001_seed_202::step_0001,level_000012/rep_001_seed_202,12,1,202,0,1,step-0001-sales-sum-region-04-2013,0,True,390448,0.390448,392719,0.392719,146ee7ee7fa2e7d5f9061cb980ec0093e8608ce8582242d7f47f2f5c28dc8ada,True
measurement,2,1,74,level_000024/rep_001_seed_202::step_0001,level_000024/rep_001_seed_202,24,1,202,0,1,step-0001-sales-sum-region-04-2013,0,True,528173,0.528173,531075,0.531075,77c210043d7c539665beebecdedb29f1a1452bedf16598411334fca91fbf173c,True
measurement,2,2,75,level_000024/rep_001_seed_202::step_0002,level_000024/rep_001_seed_202,24,1,202,1,2,step-0002-sales-sum-region-08-2012,1,True,776979,0.776979,781398,0.781398,64a10fe2cfc6e40c19c7e90de6d4aa9298107f33f69aa8e4ea4124d3042078bf,True
measurement,2,3,76,level_000012/rep_001_seed_202::step_0002,level_000012/rep_001_seed_202,12,1,202,1,2,step-0002-sales-sum-region-08-2012,1,True,331231,0.331231,333780,0.33378,55950104bc77972d4cd81a4b111e687f4d99306092ce2ee31e5fd57f0036fff2,True
measurement,2,4,77,level_000006/rep_001_seed_202::step_0002,level_000006/rep_001_seed_202,6,1,202,1,2,step-0002-sales-sum-region-08-2012,1,True,286352,0.286352,288943,0.288943,7a6190b9a582b50b404818edc40487315f9855c4241a5d4aebf59eddc93162d6,True
measurement,2,5,78,level_000006/rep_001_seed_202::step_0001,level_000006/rep_001_seed_202,6,1,202,0,1,step-0001-sales-sum-region-04-2013,0,True,617738,0.617738,621352,0.621352,974bbcf9621910fcaf553e1107be6a17afd5da550f8209444277fda2e35a691d,True
measurement,3,0,79,level_000024/rep_001_seed_202::step_0001,level_000024/rep_001_seed_202,24,1,202,0,1,step-0001-sales-sum-region-04-2013,0,True,590147,0.590147,593319,0.593319,77c210043d7c539665beebecdedb29f1a1452bedf16598411334fca91fbf173c,True
measurement,3,1,80,level_000024/rep_001_seed_202::step_0002,level_000024/rep_001_seed_202,24,1,202,1,2,step-0002-sales-sum-region-08-2012,1,True,471642,0.471642,474192,0.474192,64a10fe2cfc6e40c19c7e90de6d4aa9298107f33f69aa8e4ea4124d3042078bf,True
measurement,3,2,81,level_000012/rep_001_seed_202::step_0002,level_000012/rep_001_seed_202,12,1,202,1,2,step-0002-sales-sum-region-08-2012,1,True,616268,0.616268,620358,0.620358,55950104bc77972d4cd81a4b111e687f4d99306092ce2ee31e5fd57f0036fff2,True
measurement,3,3,82,level_000006/rep_001_seed_202::step_0002,level_000006/rep_001_seed_202,6,1,202,1,2,step-0002-sales-sum-region-08-2012,1,True,298843,0.298843,301168,0.301168,7a6190b9a582b50b404818edc40487315f9855c4241a5d4aebf59eddc93162d6,True
measurement,3,4,83,level_000006/rep_001_seed_202::step_0001,level_000006/rep_001_seed_202,6,1,202,0,1,step-0001-sales-sum-region-04-2013,0,True,337295,0.337295,339433,0.339433,974bbcf9621910fcaf553e1107be6a17afd5da550f8209444277fda2e35a691d,True
measurement,3,5,84,level_000012/rep_001_seed_202::step_0001,level_000012/rep_001_seed_202,12,1,202,0,1,step-0001-sales-sum-region-04-2013,0,True,409840,0.40984,412434,0.412434,146ee7ee7fa2e7d5f9061cb980ec0093e8608ce8582242d7f47f2f5c28dc8ada,True
measurement,4,0,85,level_000024/rep_001_seed_202::step_0002,level_000024/rep_001_seed_202,24,1,202,1,2,step-0002-sales-sum-region-08-2012,1,True,502750,0.50275,506012,0.506012,64a10fe2cfc6e40c19c7e90de6d4aa9298107f33f69aa8e4ea4124d3042078bf,True
measurement,4,1,86,level_000012/rep_001_seed_202::step_0002,level_000012/rep_001_seed_202,12,1,202,1,2,step-0002-sales-sum-region-08-2012,1,True,342302,0.342302,344816,0.344816,55950104bc77972d4cd81a4b111e687f4d99306092ce2ee31e5fd57f0036fff2,True
measurement,4,2,87,level_000006/rep_001_seed_202::step_0002,level_000006/rep_001_seed_202,6,1,202,1,2,step-0002-sales-sum-region-08-2012,1,True,285642,0.285642,288327,0.288327,7a6190b9a582b50b404818edc40487315f9855c4241a5d4aebf59eddc93162d6,True
measurement,4,3,88,level_000006/rep_001_seed_202::step_0001,level_000006/rep_001_seed_202,6,1,202,0,1,step-0001-sales-sum-region-04-2013,0,True,351029,0.351029,353230,0.35323,974bbcf9621910fcaf553e1107be6a17afd5da550f8209444277fda2e35a691d,True
measurement,4,4,89,level_000012/rep_001_seed_202::step_0001,level_000012/rep_001_seed_202,12,1,202,0,1,step-0001-sales-sum-region-04-2013,0,True,673299,0.673299,676616,0.676616,146ee7ee7fa2e7d5f9061cb980ec0093e8608ce8582242d7f47f2f5c28dc8ada,True
measurement,4,5,90,level_000024/rep_001_seed_202::step_0001,level_000024/rep_001_seed_202,24,1,202,0,1,step-0001-sales-sum-region-04-2013,0,True,530822,0.530822,533483,0.533483,77c210043d7c539665beebecdedb29f1a1452bedf16598411334fca91fbf173c,True
measurement,5,0,91,level_000012/rep_001_seed_202::step_0002,level_000012/rep_001_seed_202,12,1,202,1,2,step-0002-sales-sum-region-08-2012,1,True,332025,0.332025,334492,0.334492,55950104bc77972d4cd81a4b111e687f4d99306092ce2ee31e5fd57f0036fff2,True
measurement,5,1,92,level_000006/rep_001_seed_202::step_0002,level_000006/rep_001_seed_202,6,1,202,1,2,step-0002-sales-sum-region-08-2012,1,True,292150,0.29215,294508,0.294508,7a6190b9a582b50b404818edc40487315f9855c4241a5d4aebf59eddc93162d6,True
measurement,5,2,93,level_000006/rep_001_seed_202::step_0001,level_000006/rep_001_seed_202,6,1,202,0,1,step-0001-sales-sum-region-04-2013,0,True,643745,0.643745,648546,0.648546,974bbcf9621910fcaf553e1107be6a17afd5da550f8209444277fda2e35a691d,True
measurement,5,3,94,level_000012/rep_001_seed_202::step_0001,level_000012/rep_001_seed_202,12,1,202,0,1,step-0001-sales-sum-region-04-2013,0,True,747793,0.747793,751895,0.751895,146ee7ee7fa2e7d5f9061cb980ec0093e8608ce8582242d7f47f2f5c28dc8ada,True
measurement,5,4,95,level_000024/rep_001_seed_202::step_0001,level_000024/rep_001_seed_202,24,1,202,0,1,step-0001-sales-sum-region-04-2013,0,True,524202,0.524202,526800,0.5268,77c210043d7c539665beebecdedb29f1a1452bedf16598411334fca91fbf173c,True
measurement,5,5,96,level_000024/rep_001_seed_202::step_0002,level_000024/rep_001_seed_202,24,1,202,1,2,step-0002-sales-sum-region-08-2012,1,True,485218,0.485218,487917,0.487917,64a10fe2cfc6e40c19c7e90de6d4aa9298107f33f69aa8e4ea4124d3042078bf,True
measurement,6,0,97,level_000012/rep_001_seed_202::step_0002,level_000012/rep_001_seed_202,12,1,202,1,2,step-0002-sales-sum-region-08-2012,1,True,326922,0.326922,329715,0.329715,55950104bc77972d4cd81a4b111e687f4d99306092ce2ee31e5fd57f0036fff2,True
measurement,6,1,98,level_000024/rep_001_seed_202::step_0002,level_000024/rep_001_seed_202,24,1,202,1,2,step-0002-sales-sum-region-08-2012,1,True,481166,0.481166,484015,0.484015,64a10fe2cfc6e40c19c7e90de6d4aa9298107f33f69aa8e4ea4124d3042078bf,True
measurement,6,2,99,level_000024/rep_001_seed_202::step_0001,level_000024/rep_001_seed_202,24,1,202,0,1,step-0001-sales-sum-region-04-2013,0,True,530882,0.530882,533280,0.53328,77c210043d7c539665beebecdedb29f1a1452bedf16598411334fca91fbf173c,True
measurement,6,3,100,level_000012/rep_001_seed_202::step_0001,level_000012/rep_001_seed_202,12,1,202,0,1,step-0001-sales-sum-region-04-2013,0,True,389844,0.389844,392180,0.39218,146ee7ee7fa2e7d5f9061cb980ec0093e8608ce8582242d7f47f2f5c28dc8ada,True
measurement,6,4,101,level_000006/rep_001_seed_202::step_0001,level_000006/rep_001_seed_202,6,1,202,0,1,step-0001-sales-sum-region-04-2013,0,True,574495,0.574495,577730,0.57773,974bbcf9621910fcaf553e1107be6a17afd5da550f8209444277fda2e35a691d,True
measurement,6,5,102,level_000006/rep_001_seed_202::step_0002,level_000006/rep_001_seed_202,6,1,202,1,2,step-0002-sales-sum-region-08-2012,1,True,284597,0.284597,290148,0.290148,7a6190b9a582b50b404818edc40487315f9855c4241a5d4aebf59eddc93162d6,True
measurement,7,0,103,level_000006/rep_001_seed_202::step_0002,level_000006/rep_001_seed_202,6,1,202,1,2,step-0002-sales-sum-region-08-2012,1,True,284061,0.284061,286608,0.286608,7a6190b9a582b50b404818edc40487315f9855c4241a5d4aebf59eddc93162d6,True
measurement,7,1,104,level_000012/rep_001_seed_202::step_0002,level_000012/rep_001_seed_202,12,1,202,1,2,step-0002-sales-sum-region-08-2012,1,True,338562,0.338562,340902,0.340902,55950104bc77972d4cd81a4b111e687f4d99306092ce2ee31e5fd57f0036fff2,True
measurement,7,2,105,level_000024/rep_001_seed_202::step_0002,level_000024/rep_001_seed_202,24,1,202,1,2,step-0002-sales-sum-region-08-2012,1,True,493971,0.493971,497115,0.497115,64a10fe2cfc6e40c19c7e90de6d4aa9298107f33f69aa8e4ea4124d3042078bf,True
measurement,7,3,106,level_000024/rep_001_seed_202::step_0001,level_000024/rep_001_seed_202,24,1,202,0,1,step-0001-sales-sum-region-04-2013,0,True,526842,0.526842,529160,0.52916,77c210043d7c539665beebecdedb29f1a1452bedf16598411334fca91fbf173c,True
measurement,7,4,107,level_000012/rep_001_seed_202::step_0001,level_000012/rep_001_seed_202,12,1,202,0,1,step-0001-sales-sum-region-04-2013,0,True,711679,0.711679,716065,0.716065,146ee7ee7fa2e7d5f9061cb980ec0093e8608ce8582242d7f47f2f5c28dc8ada,True
measurement,7,5,108,level_000006/rep_001_seed_202::step_0001,level_000006/rep_001_seed_202,6,1,202,0,1,step-0001-sales-sum-region-04-2013,0,True,596102,0.596102,599863,0.599863,974bbcf9621910fcaf553e1107be6a17afd5da550f8209444277fda2e35a691d,True
measurement,8,0,109,level_000006/rep_001_seed_202::step_0001,level_000006/rep_001_seed_202,6,1,202,0,1,step-0001-sales-sum-region-04-2013,0,True,342131,0.342131,344512,0.344512,974bbcf9621910fcaf553e1107be6a17afd5da550f8209444277fda2e35a691d,True
measurement,8,1,110,level_000006/rep_001_seed_202::step_0002,level_000006/rep_001_seed_202,6,1,202,1,2,step-0002-sales-sum-region-08-2012,1,True,284408,0.284408,286769,0.286769,7a6190b9a582b50b404818edc40487315f9855c4241a5d4aebf59eddc93162d6,True
measurement,8,2,111,level_000012/rep_001_seed_202::step_0002,level_000012/rep_001_seed_202,12,1,202,1,2,step-0002-sales-sum-region-08-2012,1,True,344666,0.344666,347174,0.347174,55950104bc77972d4cd81a4b111e687f4d99306092ce2ee31e5fd57f0036fff2,True
measurement,8,3,112,level_000024/rep_001_seed_202::step_0002,level_000024/rep_001_seed_202,24,1,202,1,2,step-0002-sales-sum-region-08-2012,1,True,477111,0.477111,480445,0.480445,64a10fe2cfc6e40c19c7e90de6d4aa9298107f33f69aa8e4ea4124d3042078bf,True
measurement,8,4,113,level_000024/rep_001_seed_202::step_0001,level_000024/rep_001_seed_202,24,1,202,0,1,step-0001-sales-sum-region-04-2013,0,True,521729,0.521729,524137,0.524137,77c210043d7c539665beebecdedb29f1a1452bedf16598411334fca91fbf173c,True
measurement,8,5,114,level_000012/rep_001_seed_202::step_0001,level_000012/rep_001_seed_202,12,1,202,0,1,step-0001-sales-sum-region-04-2013,0,True,400868,0.400868,403165,0.403165,146ee7ee7fa2e7d5f9061cb980ec0093e8608ce8582242d7f47f2f5c28dc8ada,True
measurement,9,0,115,level_000012/rep_001_seed_202::step_0001,level_000012/rep_001_seed_202,12,1,202,0,1,step-0001-sales-sum-region-04-2013,0,True,396590,0.39659,398928,0.398928,146ee7ee7fa2e7d5f9061cb980ec0093e8608ce8582242d7f47f2f5c28dc8ada,True
measurement,9,1,116,level_000006/rep_001_seed_202::step_0001,level_000006/rep_001_seed_202,6,1,202,0,1,step-0001-sales-sum-region-04-2013,0,True,355256,0.355256,357797,0.357797,974bbcf9621910fcaf553e1107be6a17afd5da550f8209444277fda2e35a691d,True
measurement,9,2,117,level_000006/rep_001_seed_202::step_0002,level_000006/rep_001_seed_202,6,1,202,1,2,step-0002-sales-sum-region-08-2012,1,True,284601,0.284601,287188,0.287188,7a6190b9a582b50b404818edc40487315f9855c4241a5d4aebf59eddc93162d6,True
measurement,9,3,118,level_000012/rep_001_seed_202::step_0002,level_000012/rep_001_seed_202,12,1,202,1,2,step-0002-sales-sum-region-08-2012,1,True,605370,0.60537,609676,0.609676,55950104bc77972d4cd81a4b111e687f4d99306092ce2ee31e5fd57f0036fff2,True
measurement,9,4,119,level_000024/rep_001_seed_202::step_0002,level_000024/rep_001_seed_202,24,1,202,1,2,step-0002-sales-sum-region-08-2012,1,True,475532,0.475532,478156,0.478156,64a10fe2cfc6e40c19c7e90de6d4aa9298107f33f69aa8e4ea4124d3042078bf,True
measurement,9,5,120,level_000024/rep_001_seed_202::step_0001,level_000024/rep_001_seed_202,24,1,202,0,1,step-0001-sales-sum-region-04-2013,0,True,1012402,1.012402,979881,0.979881,77c210043d7c539665beebecdedb29f1a1452bedf16598411334fca91fbf173c,True
measurement,10,0,121,level_000024/rep_001_seed_202::step_0001,level_000024/rep_001_seed_202,24,1,202,0,1,step-0001-sales-sum-region-04-2013,0,True,543918,0.543918,546536,0.546536,77c210043d7c539665beebecdedb29f1a1452bedf16598411334fca91fbf173c,True
measurement,10,1,122,level_000012/rep_001_seed_202::step_0001,level_000012/rep_001_seed_202,12,1,202,0,1,step-0001-sales-sum-region-04-2013,0,True,404586,0.404586,406948,0.406948,146ee7ee7fa2e7d5f9061cb980ec0093e8608ce8582242d7f47f2f5c28dc8ada,True
measurement,10,2,123,level_000006/rep_001_seed_202::step_0001,level_000006/rep_001_seed_202,6,1,202,0,1,step-0001-sales-sum-region-04-2013,0,True,343348,0.343348,346162,0.346162,974bbcf9621910fcaf553e1107be6a17afd5da550f8209444277fda2e35a691d,True
measurement,10,3,124,level_000006/rep_001_seed_202::step_0002,level_000006/rep_001_seed_202,6,1,202,1,2,step-0002-sales-sum-region-08-2012,1,True,295802,0.295802,298794,0.298794,7a6190b9a582b50b404818edc40487315f9855c4241a5d4aebf59eddc93162d6,True
measurement,10,4,125,level_000012/rep_001_seed_202::step_0002,level_000012/rep_001_seed_202,12,1,202,1,2,step-0002-sales-sum-region-08-2012,1,True,340628,0.340628,343506,0.343506,55950104bc77972d4cd81a4b111e687f4d99306092ce2ee31e5fd57f0036fff2,True
measurement,10,5,126,level_000024/rep_001_seed_202::step_0002,level_000024/rep_001_seed_202,24,1,202,1,2,step-0002-sales-sum-region-08-2012,1,True,503315,0.503315,506306,0.506306,64a10fe2cfc6e40c19c7e90de6d4aa9298107f33f69aa8e4ea4124d3042078bf,True
measurement,11,0,127,level_000024/rep_001_seed_202::step_0002,level_000024/rep_001_seed_202,24,1,202,1,2,step-0002-sales-sum-region-08-2012,1,True,483728,0.483728,486710,0.48671,64a10fe2cfc6e40c19c7e90de6d4aa9298107f33f69aa8e4ea4124d3042078bf,True
measurement,11,1,128,level_000024/rep_001_seed_202::step_0001,level_000024/rep_001_seed_202,24,1,202,0,1,step-0001-sales-sum-region-04-2013,0,True,536419,0.536419,539017,0.539017,77c210043d7c539665beebecdedb29f1a1452bedf16598411334fca91fbf173c,True
measurement,11,2,129,level_000012/rep_001_seed_202::step_0001,level_000012/rep_001_seed_202,12,1,202,0,1,step-0001-sales-sum-region-04-2013,0,True,396597,0.396597,399036,0.399036,146ee7ee7fa2e7d5f9061cb980ec0093e8608ce8582242d7f47f2f5c28dc8ada,True
measurement,11,3,130,level_000006/rep_001_seed_202::step_0001,level_000006/rep_001_seed_202,6,1,202,0,1,step-0001-sales-sum-region-04-2013,0,True,585645,0.585645,589852,0.589852,974bbcf9621910fcaf553e1107be6a17afd5da550f8209444277fda2e35a691d,True
measurement,11,4,131,level_000006/rep_001_seed_202::step_0002,level_000006/rep_001_seed_202,6,1,202,1,2,step-0002-sales-sum-region-08-2012,1,True,298181,0.298181,300696,0.300696,7a6190b9a582b50b404818edc40487315f9855c4241a5d4aebf59eddc93162d6,True
measurement,11,5,132,level_000012/rep_001_seed_202::step_0002,level_000012/rep_001_seed_202,12,1,202,1,2,step-0002-sales-sum-region-08-2012,1,True,331012,0.331012,333541,0.333541,55950104bc77972d4cd81a4b111e687f4d99306092ce2ee31e5fd57f0036fff2,True
measurement,12,0,133,level_000006/rep_001_seed_202::step_0002,level_000006/rep_001_seed_202,6,1,202,1,2,step-0002-sales-sum-region-08-2012,1,True,279568,0.279568,281880,0.28188,7a6190b9a582b50b404818edc40487315f9855c4241a5d4aebf59eddc93162d6,True
measurement,12,1,134,level_000006/rep_001_seed_202::step_0001,level_000006/rep_001_seed_202,6,1,202,0,1,step-0001-sales-sum-region-04-2013,0,True,347964,0.347964,350235,0.350235,974bbcf9621910fcaf553e1107be6a17afd5da550f8209444277fda2e35a691d,True
measurement,12,2,135,level_000012/rep_001_seed_202::step_0001,level_000012/rep_001_seed_202,12,1,202,0,1,step-0001-sales-sum-region-04-2013,0,True,398266,0.398266,400588,0.400588,146ee7ee7fa2e7d5f9061cb980ec0093e8608ce8582242d7f47f2f5c28dc8ada,True
measurement,12,3,136,level_000024/rep_001_seed_202::step_0001,level_000024/rep_001_seed_202,24,1,202,0,1,step-0001-sales-sum-region-04-2013,0,True,518053,0.518053,520492,0.520492,77c210043d7c539665beebecdedb29f1a1452bedf16598411334fca91fbf173c,True
measurement,12,4,137,level_000024/rep_001_seed_202::step_0002,level_000024/rep_001_seed_202,24,1,202,1,2,step-0002-sales-sum-region-08-2012,1,True,467263,0.467263,470197,0.470197,64a10fe2cfc6e40c19c7e90de6d4aa9298107f33f69aa8e4ea4124d3042078bf,True
measurement,12,5,138,level_000012/rep_001_seed_202::step_0002,level_000012/rep_001_seed_202,12,1,202,1,2,step-0002-sales-sum-region-08-2012,1,True,328985,0.328985,331645,0.331645,55950104bc77972d4cd81a4b111e687f4d99306092ce2ee31e5fd57f0036fff2,True
measurement,13,0,139,level_000006/rep_001_seed_202::step_0001,level_000006/rep_001_seed_202,6,1,202,0,1,step-0001-sales-sum-region-04-2013,0,True,341113,0.341113,343350,0.34335,974bbcf9621910fcaf553e1107be6a17afd5da550f8209444277fda2e35a691d,True
measurement,13,1,140,level_000012/rep_001_seed_202::step_0001,level_000012/rep_001_seed_202,12,1,202,0,1,step-0001-sales-sum-region-04-2013,0,True,400088,0.400088,403019,0.403019,146ee7ee7fa2e7d5f9061cb980ec0093e8608ce8582242d7f47f2f5c28dc8ada,True
measurement,13,2,141,level_000024/rep_001_seed_202::step_0001,level_000024/rep_001_seed_202,24,1,202,0,1,step-0001-sales-sum-region-04-2013,0,True,886188,0.886188,890337,0.890337,77c210043d7c539665beebecdedb29f1a1452bedf16598411334fca91fbf173c,True
measurement,13,3,142,level_000024/rep_001_seed_202::step_0002,level_000024/rep_001_seed_202,24,1,202,1,2,step-0002-sales-sum-region-08-2012,1,True,480529,0.480529,483272,0.483272,64a10fe2cfc6e40c19c7e90de6d4aa9298107f33f69aa8e4ea4124d3042078bf,True
measurement,13,4,143,level_000012/rep_001_seed_202::step_0002,level_000012/rep_001_seed_202,12,1,202,1,2,step-0002-sales-sum-region-08-2012,1,True,331873,0.331873,334243,0.334243,55950104bc77972d4cd81a4b111e687f4d99306092ce2ee31e5fd57f0036fff2,True
measurement,13,5,144,level_000006/rep_001_seed_202::step_0002,level_000006/rep_001_seed_202,6,1,202,1,2,step-0002-sales-sum-region-08-2012,1,True,295617,0.295617,298196,0.298196,7a6190b9a582b50b404818edc40487315f9855c4241a5d4aebf59eddc93162d6,True
measurement,14,0,145,level_000012/rep_001_seed_202::step_0001,level_000012/rep_001_seed_202,12,1,202,0,1,step-0001-sales-sum-region-04-2013,0,True,708346,0.708346,711841,0.711841,146ee7ee7fa2e7d5f9061cb980ec0093e8608ce8582242d7f47f2f5c28dc8ada,True
measurement,14,1,146,level_000024/rep_001_seed_202::step_0001,level_000024/rep_001_seed_202,24,1,202,0,1,step-0001-sales-sum-region-04-2013,0,True,524914,0.524914,527653,0.527653,77c210043d7c539665beebecdedb29f1a1452bedf16598411334fca91fbf173c,True
measurement,14,2,147,level_000024/rep_001_seed_202::step_0002,level_000024/rep_001_seed_202,24,1,202,1,2,step-0002-sales-sum-region-08-2012,1,True,467200,0.4672,470274,0.470274,64a10fe2cfc6e40c19c7e90de6d4aa9298107f33f69aa8e4ea4124d3042078bf,True
measurement,14,3,148,level_000012/rep_001_seed_202::step_0002,level_000012/rep_001_seed_202,12,1,202,1,2,step-0002-sales-sum-region-08-2012,1,True,329031,0.329031,331516,0.331516,55950104bc77972d4cd81a4b111e687f4d99306092ce2ee31e5fd57f0036fff2,True
measurement,14,4,149,level_000006/rep_001_seed_202::step_0002,level_000006/rep_001_seed_202,6,1,202,1,2,step-0002-sales-sum-region-08-2012,1,True,520883,0.520883,525081,0.525081,7a6190b9a582b50b404818edc40487315f9855c4241a5d4aebf59eddc93162d6,True
measurement,14,5,150,level_000006/rep_001_seed_202::step_0001,level_000006/rep_001_seed_202,6,1,202,0,1,step-0001-sales-sum-region-04-2013,0,True,580901,0.580901,584494,0.584494,974bbcf9621910fcaf553e1107be6a17afd5da550f8209444277fda2e35a691d,True
measurement,15,0,151,level_000024/rep_001_seed_202::step_0001,level_000024/rep_001_seed_202,24,1,202,0,1,step-0001-sales-sum-region-04-2013,0,True,1179241,1.179241,1031382,1.031382,77c210043d7c539665beebecdedb29f1a1452bedf16598411334fca91fbf173c,True
measurement,15,1,152,level_000024/rep_001_seed_202::step_0002,level_000024/rep_001_seed_202,24,1,202,1,2,step-0002-sales-sum-region-08-2012,1,True,491055,0.491055,494094,0.494094,64a10fe2cfc6e40c19c7e90de6d4aa9298107f33f69aa8e4ea4124d3042078bf,True
measurement,15,2,153,level_000012/rep_001_seed_202::step_0002,level_000012/rep_001_seed_202,12,1,202,1,2,step-0002-sales-sum-region-08-2012,1,True,336483,0.336483,338920,0.33892,55950104bc77972d4cd81a4b111e687f4d99306092ce2ee31e5fd57f0036fff2,True
measurement,15,3,154,level_000006/rep_001_seed_202::step_0002,level_000006/rep_001_seed_202,6,1,202,1,2,step-0002-sales-sum-region-08-2012,1,True,571717,0.571717,576414,0.576414,7a6190b9a582b50b404818edc40487315f9855c4241a5d4aebf59eddc93162d6,True
measurement,15,4,155,level_000006/rep_001_seed_202::step_0001,level_000006/rep_001_seed_202,6,1,202,0,1,step-0001-sales-sum-region-04-2013,0,True,375466,0.375466,378680,0.37868,974bbcf9621910fcaf553e1107be6a17afd5da550f8209444277fda2e35a691d,True
measurement,15,5,156,level_000012/rep_001_seed_202::step_0001,level_000012/rep_001_seed_202,12,1,202,0,1,step-0001-sales-sum-region-04-2013,0,True,648918,0.648918,652565,0.652565,146ee7ee7fa2e7d5f9061cb980ec0093e8608ce8582242d7f47f2f5c28dc8ada,True
measurement,16,0,157,level_000024/rep_001_seed_202::step_0002,level_000024/rep_001_seed_202,24,1,202,1,2,step-0002-sales-sum-region-08-2012,1,True,475578,0.475578,478264,0.478264,64a10fe2cfc6e40c19c7e90de6d4aa9298107f33f69aa8e4ea4124d3042078bf,True
measurement,16,1,158,level_000012/rep_001_seed_202::step_0002,level_000012/rep_001_seed_202,12,1,202,1,2,step-0002-sales-sum-region-08-2012,1,True,348100,0.3481,351031,0.351031,55950104bc77972d4cd81a4b111e687f4d99306092ce2ee31e5fd57f0036fff2,True
measurement,16,2,159,level_000006/rep_001_seed_202::step_0002,level_000006/rep_001_seed_202,6,1,202,1,2,step-0002-sales-sum-region-08-2012,1,True,297957,0.297957,300572,0.300572,7a6190b9a582b50b404818edc40487315f9855c4241a5d4aebf59eddc93162d6,True
measurement,16,3,160,level_000006/rep_001_seed_202::step_0001,level_000006/rep_001_seed_202,6,1,202,0,1,step-0001-sales-sum-region-04-2013,0,True,344081,0.344081,346794,0.346794,974bbcf9621910fcaf553e1107be6a17afd5da550f8209444277fda2e35a691d,True
measurement,16,4,161,level_000012/rep_001_seed_202::step_0001,level_000012/rep_001_seed_202,12,1,202,0,1,step-0001-sales-sum-region-04-2013,0,True,408747,0.408747,411419,0.411419,146ee7ee7fa2e7d5f9061cb980ec0093e8608ce8582242d7f47f2f5c28dc8ada,True
measurement,16,5,162,level_000024/rep_001_seed_202::step_0001,level_000024/rep_001_seed_202,24,1,202,0,1,step-0001-sales-sum-region-04-2013,0,True,933904,0.933904,938209,0.938209,77c210043d7c539665beebecdedb29f1a1452bedf16598411334fca91fbf173c,True
measurement,17,0,163,level_000012/rep_001_seed_202::step_0002,level_000012/rep_001_seed_202,12,1,202,1,2,step-0002-sales-sum-region-08-2012,1,True,334424,0.334424,337330,0.33733,55950104bc77972d4cd81a4b111e687f4d99306092ce2ee31e5fd57f0036fff2,True
measurement,17,1,164,level_000006/rep_001_seed_202::step_0002,level_000006/rep_001_seed_202,6,1,202,1,2,step-0002-sales-sum-region-08-2012,1,True,286592,0.286592,288896,0.288896,7a6190b9a582b50b404818edc40487315f9855c4241a5d4aebf59eddc93162d6,True
measurement,17,2,165,level_000006/rep_001_seed_202::step_0001,level_000006/rep_001_seed_202,6,1,202,0,1,step-0001-sales-sum-region-04-2013,0,True,613369,0.613369,617708,0.617708,974bbcf9621910fcaf553e1107be6a17afd5da550f8209444277fda2e35a691d,True
measurement,17,3,166,level_000012/rep_001_seed_202::step_0001,level_000012/rep_001_seed_202,12,1,202,0,1,step-0001-sales-sum-region-04-2013,0,True,394508,0.394508,396781,0.396781,146ee7ee7fa2e7d5f9061cb980ec0093e8608ce8582242d7f47f2f5c28dc8ada,True
measurement,17,4,167,level_000024/rep_001_seed_202::step_0001,level_000024/rep_001_seed_202,24,1,202,0,1,step-0001-sales-sum-region-04-2013,0,True,523022,0.523022,525641,0.525641,77c210043d7c539665beebecdedb29f1a1452bedf16598411334fca91fbf173c,True
measurement,17,5,168,level_000024/rep_001_seed_202::step_0002,level_000024/rep_001_seed_202,24,1,202,1,2,step-0002-sales-sum-region-08-2012,1,True,877104,0.877104,881219,0.881219,64a10fe2cfc6e40c19c7e90de6d4aa9298107f33f69aa8e4ea4124d3042078bf,True
measurement,18,0,169,level_000012/rep_001_seed_202::step_0002,level_000012/rep_001_seed_202,12,1,202,1,2,step-0002-sales-sum-region-08-2012,1,True,344608,0.344608,347221,0.347221,55950104bc77972d4cd81a4b111e687f4d99306092ce2ee31e5fd57f0036fff2,True
measurement,18,1,170,level_000024/rep_001_seed_202::step_0002,level_000024/rep_001_seed_202,24,1,202,1,2,step-0002-sales-sum-region-08-2012,1,True,1272261,1.272261,950198,0.950198,64a10fe2cfc6e40c19c7e90de6d4aa9298107f33f69aa8e4ea4124d3042078bf,True
measurement,18,2,171,level_000024/rep_001_seed_202::step_0001,level_000024/rep_001_seed_202,24,1,202,0,1,step-0001-sales-sum-region-04-2013,0,True,524522,0.524522,527221,0.527221,77c210043d7c539665beebecdedb29f1a1452bedf16598411334fca91fbf173c,True
measurement,18,3,172,level_000012/rep_001_seed_202::step_0001,level_000012/rep_001_seed_202,12,1,202,0,1,step-0001-sales-sum-region-04-2013,0,True,412668,0.412668,415059,0.415059,146ee7ee7fa2e7d5f9061cb980ec0093e8608ce8582242d7f47f2f5c28dc8ada,True
measurement,18,4,173,level_000006/rep_001_seed_202::step_0001,level_000006/rep_001_seed_202,6,1,202,0,1,step-0001-sales-sum-region-04-2013,0,True,348551,0.348551,350924,0.350924,974bbcf9621910fcaf553e1107be6a17afd5da550f8209444277fda2e35a691d,True
measurement,18,5,174,level_000006/rep_001_seed_202::step_0002,level_000006/rep_001_seed_202,6,1,202,1,2,step-0002-sales-sum-region-08-2012,1,True,505907,0.505907,509504,0.509504,7a6190b9a582b50b404818edc40487315f9855c4241a5d4aebf59eddc93162d6,True
measurement,19,0,175,level_000006/rep_001_seed_202::step_0002,level_000006/rep_001_seed_202,6,1,202,1,2,step-0002-sales-sum-region-08-2012,1,True,292813,0.292813,295469,0.295469,7a6190b9a582b50b404818edc40487315f9855c4241a5d4aebf59eddc93162d6,True
measurement,19,1,176,level_000012/rep_001_seed_202::step_0002,level_000012/rep_001_seed_202,12,1,202,1,2,step-0002-sales-sum-region-08-2012,1,True,392303,0.392303,397040,0.39704,55950104bc77972d4cd81a4b111e687f4d99306092ce2ee31e5fd57f0036fff2,True
measurement,19,2,177,level_000024/rep_001_seed_202::step_0002,level_000024/rep_001_seed_202,24,1,202,1,2,step-0002-sales-sum-region-08-2012,1,True,468992,0.468992,472360,0.47236,64a10fe2cfc6e40c19c7e90de6d4aa9298107f33f69aa8e4ea4124d3042078bf,True
measurement,19,3,178,level_000024/rep_001_seed_202::step_0001,level_000024/rep_001_seed_202,24,1,202,0,1,step-0001-sales-sum-region-04-2013,0,True,524033,0.524033,526781,0.526781,77c210043d7c539665beebecdedb29f1a1452bedf16598411334fca91fbf173c,True
measurement,19,4,179,level_000012/rep_001_seed_202::step_0001,level_000012/rep_001_seed_202,12,1,202,0,1,step-0001-sales-sum-region-04-2013,0,True,696189,0.696189,699944,0.699944,146ee7ee7fa2e7d5f9061cb980ec0093e8608ce8582242d7f47f2f5c28dc8ada,True
measurement,19,5,180,level_000006/rep_001_seed_202::step_0001,level_000006/rep_001_seed_202,6,1,202,0,1,step-0001-sales-sum-region-04-2013,0,True,419397,0.419397,402523,0.402523,974bbcf9621910fcaf553e1107be6a17afd5da550f8209444277fda2e35a691d,True
measurement,20,0,181,level_000006/rep_001_seed_202::step_0001,level_000006/rep_001_seed_202,6,1,202,0,1,step-0001-sales-sum-region-04-2013,0,True,339957,0.339957,342258,0.342258,974bbcf9621910fcaf553e1107be6a17afd5da550f8209444277fda2e35a691d,True
measurement,20,1,182,level_000006/rep_001_seed_202::step_0002,level_000006/rep_001_seed_202,6,1,202,1,2,step-0002-sales-sum-region-08-2012,1,True,291050,0.29105,293347,0.293347,7a6190b9a582b50b404818edc40487315f9855c4241a5d4aebf59eddc93162d6,True
measurement,20,2,183,level_000012/rep_001_seed_202::step_0002,level_000012/rep_001_seed_202,12,1,202,1,2,step-0002-sales-sum-region-08-2012,1,True,590905,0.590905,595071,0.595071,55950104bc77972d4cd81a4b111e687f4d99306092ce2ee31e5fd57f0036fff2,True
measurement,20,3,184,level_000024/rep_001_seed_202::step_0002,level_000024/rep_001_seed_202,24,1,202,1,2,step-0002-sales-sum-region-08-2012,1,True,1167531,1.167531,1062226,1.062226,64a10fe2cfc6e40c19c7e90de6d4aa9298107f33f69aa8e4ea4124d3042078bf,True
measurement,20,4,185,level_000024/rep_001_seed_202::step_0001,level_000024/rep_001_seed_202,24,1,202,0,1,step-0001-sales-sum-region-04-2013,0,True,630277,0.630277,613009,0.613009,77c210043d7c539665beebecdedb29f1a1452bedf16598411334fca91fbf173c,True
measurement,20,5,186,level_000012/rep_001_seed_202::step_0001,level_000012/rep_001_seed_202,12,1,202,0,1,step-0001-sales-sum-region-04-2013,0,True,396934,0.396934,399891,0.399891,146ee7ee7fa2e7d5f9061cb980ec0093e8608ce8582242d7f47f2f5c28dc8ada,True
measurement,21,0,187,level_000012/rep_001_seed_202::step_0001,level_000012/rep_001_seed_202,12,1,202,0,1,step-0001-sales-sum-region-04-2013,0,True,688170,0.68817,692161,0.692161,146ee7ee7fa2e7d5f9061cb980ec0093e8608ce8582242d7f47f2f5c28dc8ada,True
measurement,21,1,188,level_000006/rep_001_seed_202::step_0001,level_000006/rep_001_seed_202,6,1,202,0,1,step-0001-sales-sum-region-04-2013,0,True,355139,0.355139,357433,0.357433,974bbcf9621910fcaf553e1107be6a17afd5da550f8209444277fda2e35a691d,True
measurement,21,2,189,level_000006/rep_001_seed_202::step_0002,level_000006/rep_001_seed_202,6,1,202,1,2,step-0002-sales-sum-region-08-2012,1,True,295690,0.29569,298225,0.298225,7a6190b9a582b50b404818edc40487315f9855c4241a5d4aebf59eddc93162d6,True
measurement,21,3,190,level_000012/rep_001_seed_202::step_0002,level_000012/rep_001_seed_202,12,1,202,1,2,step-0002-sales-sum-region-08-2012,1,True,334707,0.334707,337192,0.337192,55950104bc77972d4cd81a4b111e687f4d99306092ce2ee31e5fd57f0036fff2,True
measurement,21,4,191,level_000024/rep_001_seed_202::step_0002,level_000024/rep_001_seed_202,24,1,202,1,2,step-0002-sales-sum-region-08-2012,1,True,488828,0.488828,491375,0.491375,64a10fe2cfc6e40c19c7e90de6d4aa9298107f33f69aa8e4ea4124d3042078bf,True
measurement,21,5,192,level_000024/rep_001_seed_202::step_0001,level_000024/rep_001_seed_202,24,1,202,0,1,step-0001-sales-sum-region-04-2013,0,True,537812,0.537812,540989,0.540989,77c210043d7c539665beebecdedb29f1a1452bedf16598411334fca91fbf173c,True
measurement,22,0,193,level_000024/rep_001_seed_202::step_0001,level_000024/rep_001_seed_202,24,1,202,0,1,step-0001-sales-sum-region-04-2013,0,True,540192,0.540192,542526,0.542526,77c210043d7c539665beebecdedb29f1a1452bedf16598411334fca91fbf173c,True
measurement,22,1,194,level_000012/rep_001_seed_202::step_0001,level_000012/rep_001_seed_202,12,1,202,0,1,step-0001-sales-sum-region-04-2013,0,True,408686,0.408686,411289,0.411289,146ee7ee7fa2e7d5f9061cb980ec0093e8608ce8582242d7f47f2f5c28dc8ada,True
measurement,22,2,195,level_000006/rep_001_seed_202::step_0001,level_000006/rep_001_seed_202,6,1,202,0,1,step-0001-sales-sum-region-04-2013,0,True,344165,0.344165,346440,0.34644,974bbcf9621910fcaf553e1107be6a17afd5da550f8209444277fda2e35a691d,True
measurement,22,3,196,level_000006/rep_001_seed_202::step_0002,level_000006/rep_001_seed_202,6,1,202,1,2,step-0002-sales-sum-region-08-2012,1,True,284998,0.284998,287386,0.287386,7a6190b9a582b50b404818edc40487315f9855c4241a5d4aebf59eddc93162d6,True
measurement,22,4,197,level_000012/rep_001_seed_202::step_0002,level_000012/rep_001_seed_202,12,1,202,1,2,step-0002-sales-sum-region-08-2012,1,True,629780,0.62978,633744,0.633744,55950104bc77972d4cd81a4b111e687f4d99306092ce2ee31e5fd57f0036fff2,True
measurement,22,5,198,level_000024/rep_001_seed_202::step_0002,level_000024/rep_001_seed_202,24,1,202,1,2,step-0002-sales-sum-region-08-2012,1,True,479190,0.47919,481809,0.481809,64a10fe2cfc6e40c19c7e90de6d4aa9298107f33f69aa8e4ea4124d3042078bf,True
measurement,23,0,199,level_000024/rep_001_seed_202::step_0002,level_000024/rep_001_seed_202,24,1,202,1,2,step-0002-sales-sum-region-08-2012,1,True,472708,0.472708,475182,0.475182,64a10fe2cfc6e40c19c7e90de6d4aa9298107f33f69aa8e4ea4124d3042078bf,True
measurement,23,1,200,level_000024/rep_001_seed_202::step_0001,level_000024/rep_001_seed_202,24,1,202,0,1,step-0001-sales-sum-region-04-2013,0,True,538716,0.538716,541114,0.541114,77c210043d7c539665beebecdedb29f1a1452bedf16598411334fca91fbf173c,True
measurement,23,2,201,level_000012/rep_001_seed_202::step_0001,level_000012/rep_001_seed_202,12,1,202,0,1,step-0001-sales-sum-region-04-2013,0,True,411256,0.411256,413708,0.413708,146ee7ee7fa2e7d5f9061cb980ec0093e8608ce8582242d7f47f2f5c28dc8ada,True
measurement,23,3,202,level_000006/rep_001_seed_202::step_0001,level_000006/rep_001_seed_202,6,1,202,0,1,step-0001-sales-sum-region-04-2013,0,True,341351,0.341351,344233,0.344233,974bbcf9621910fcaf553e1107be6a17afd5da550f8209444277fda2e35a691d,True
measurement,23,4,203,level_000006/rep_001_seed_202::step_0002,level_000006/rep_001_seed_202,6,1,202,1,2,step-0002-sales-sum-region-08-2012,1,True,324631,0.324631,328007,0.328007,7a6190b9a582b50b404818edc40487315f9855c4241a5d4aebf59eddc93162d6,True
measurement,23,5,204,level_000012/rep_001_seed_202::step_0002,level_000012/rep_001_seed_202,12,1,202,1,2,step-0002-sales-sum-region-08-2012,1,True,331848,0.331848,334334,0.334334,55950104bc77972d4cd81a4b111e687f4d99306092ce2ee31e5fd57f0036fff2,True
measurement,24,0,205,level_000006/rep_001_seed_202::step_0002,level_000006/rep_001_seed_202,6,1,202,1,2,step-0002-sales-sum-region-08-2012,1,True,631511,0.631511,573973,0.573973,7a6190b9a582b50b404818edc40487315f9855c4241a5d4aebf59eddc93162d6,True
measurement,24,1,206,level_000006/rep_001_seed_202::step_0001,level_000006/rep_001_seed_202,6,1,202,0,1,step-0001-sales-sum-region-04-2013,0,True,611845,0.611845,615789,0.615789,974bbcf9621910fcaf553e1107be6a17afd5da550f8209444277fda2e35a691d,True
measurement,24,2,207,level_000012/rep_001_seed_202::step_0001,level_000012/rep_001_seed_202,12,1,202,0,1,step-0001-sales-sum-region-04-2013,0,True,688508,0.688508,692524,0.692524,146ee7ee7fa2e7d5f9061cb980ec0093e8608ce8582242d7f47f2f5c28dc8ada,True
measurement,24,3,208,level_000024/rep_001_seed_202::step_0001,level_000024/rep_001_seed_202,24,1,202,0,1,step-0001-sales-sum-region-04-2013,0,True,521742,0.521742,524393,0.524393,77c210043d7c539665beebecdedb29f1a1452bedf16598411334fca91fbf173c,True
measurement,24,4,209,level_000024/rep_001_seed_202::step_0002,level_000024/rep_001_seed_202,24,1,202,1,2,step-0002-sales-sum-region-08-2012,1,True,480200,0.4802,483339,0.483339,64a10fe2cfc6e40c19c7e90de6d4aa9298107f33f69aa8e4ea4124d3042078bf,True
measurement,24,5,210,level_000012/rep_001_seed_202::step_0002,level_000012/rep_001_seed_202,12,1,202,1,2,step-0002-sales-sum-region-08-2012,1,True,615668,0.615668,619674,0.619674,55950104bc77972d4cd81a4b111e687f4d99306092ce2ee31e5fd57f0036fff2,True
measurement,25,0,211,level_000006/rep_001_seed_202::step_0001,level_000006/rep_001_seed_202,6,1,202,0,1,step-0001-sales-sum-region-04-2013,0,True,343467,0.343467,346094,0.346094,974bbcf9621910fcaf553e1107be6a17afd5da550f8209444277fda2e35a691d,True
measurement,25,1,212,level_000012/rep_001_seed_202::step_0001,level_000012/rep_001_seed_202,12,1,202,0,1,step-0001-sales-sum-region-04-2013,0,True,399647,0.399647,402180,0.40218,146ee7ee7fa2e7d5f9061cb980ec0093e8608ce8582242d7f47f2f5c28dc8ada,True
measurement,25,2,213,level_000024/rep_001_seed_202::step_0001,level_000024/rep_001_seed_202,24,1,202,0,1,step-0001-sales-sum-region-04-2013,0,True,527374,0.527374,529867,0.529867,77c210043d7c539665beebecdedb29f1a1452bedf16598411334fca91fbf173c,True
measurement,25,3,214,level_000024/rep_001_seed_202::step_0002,level_000024/rep_001_seed_202,24,1,202,1,2,step-0002-sales-sum-region-08-2012,1,True,481049,0.481049,484026,0.484026,64a10fe2cfc6e40c19c7e90de6d4aa9298107f33f69aa8e4ea4124d3042078bf,True
measurement,25,4,215,level_000012/rep_001_seed_202::step_0002,level_000012/rep_001_seed_202,12,1,202,1,2,step-0002-sales-sum-region-08-2012,1,True,336977,0.336977,339318,0.339318,55950104bc77972d4cd81a4b111e687f4d99306092ce2ee31e5fd57f0036fff2,True
measurement,25,5,216,level_000006/rep_001_seed_202::step_0002,level_000006/rep_001_seed_202,6,1,202,1,2,step-0002-sales-sum-region-08-2012,1,True,294941,0.294941,297020,0.29702,7a6190b9a582b50b404818edc40487315f9855c4241a5d4aebf59eddc93162d6,True
measurement,26,0,217,level_000012/rep_001_seed_202::step_0001,level_000012/rep_001_seed_202,12,1,202,0,1,step-0001-sales-sum-region-04-2013,0,True,721755,0.721755,725888,0.725888,146ee7ee7fa2e7d5f9061cb980ec0093e8608ce8582242d7f47f2f5c28dc8ada,True
measurement,26,1,218,level_000024/rep_001_seed_202::step_0001,level_000024/rep_001_seed_202,24,1,202,0,1,step-0001-sales-sum-region-04-2013,0,True,523487,0.523487,527344,0.527344,77c210043d7c539665beebecdedb29f1a1452bedf16598411334fca91fbf173c,True
measurement,26,2,219,level_000024/rep_001_seed_202::step_0002,level_000024/rep_001_seed_202,24,1,202,1,2,step-0002-sales-sum-region-08-2012,1,True,468015,0.468015,470855,0.470855,64a10fe2cfc6e40c19c7e90de6d4aa9298107f33f69aa8e4ea4124d3042078bf,True
measurement,26,3,220,level_000012/rep_001_seed_202::step_0002,level_000012/rep_001_seed_202,12,1,202,1,2,step-0002-sales-sum-region-08-2012,1,True,607737,0.607737,611688,0.611688,55950104bc77972d4cd81a4b111e687f4d99306092ce2ee31e5fd57f0036fff2,True
measurement,26,4,221,level_000006/rep_001_seed_202::step_0002,level_000006/rep_001_seed_202,6,1,202,1,2,step-0002-sales-sum-region-08-2012,1,True,282129,0.282129,284420,0.28442,7a6190b9a582b50b404818edc40487315f9855c4241a5d4aebf59eddc93162d6,True
measurement,26,5,222,level_000006/rep_001_seed_202::step_0001,level_000006/rep_001_seed_202,6,1,202,0,1,step-0001-sales-sum-region-04-2013,0,True,341348,0.341348,343861,0.343861,974bbcf9621910fcaf553e1107be6a17afd5da550f8209444277fda2e35a691d,True
measurement,27,0,223,level_000024/rep_001_seed_202::step_0001,level_000024/rep_001_seed_202,24,1,202,0,1,step-0001-sales-sum-region-04-2013,0,True,514989,0.514989,518200,0.5182,77c210043d7c539665beebecdedb29f1a1452bedf16598411334fca91fbf173c,True
measurement,27,1,224,level_000024/rep_001_seed_202::step_0002,level_000024/rep_001_seed_202,24,1,202,1,2,step-0002-sales-sum-region-08-2012,1,True,478761,0.478761,481477,0.481477,64a10fe2cfc6e40c19c7e90de6d4aa9298107f33f69aa8e4ea4124d3042078bf,True
measurement,27,2,225,level_000012/rep_001_seed_202::step_0002,level_000012/rep_001_seed_202,12,1,202,1,2,step-0002-sales-sum-region-08-2012,1,True,337819,0.337819,340648,0.340648,55950104bc77972d4cd81a4b111e687f4d99306092ce2ee31e5fd57f0036fff2,True
measurement,27,3,226,level_000006/rep_001_seed_202::step_0002,level_000006/rep_001_seed_202,6,1,202,1,2,step-0002-sales-sum-region-08-2012,1,True,288098,0.288098,290728,0.290728,7a6190b9a582b50b404818edc40487315f9855c4241a5d4aebf59eddc93162d6,True
measurement,27,4,227,level_000006/rep_001_seed_202::step_0001,level_000006/rep_001_seed_202,6,1,202,0,1,step-0001-sales-sum-region-04-2013,0,True,572167,0.572167,589804,0.589804,974bbcf9621910fcaf553e1107be6a17afd5da550f8209444277fda2e35a691d,True
measurement,27,5,228,level_000012/rep_001_seed_202::step_0001,level_000012/rep_001_seed_202,12,1,202,0,1,step-0001-sales-sum-region-04-2013,0,True,402674,0.402674,414173,0.414173,146ee7ee7fa2e7d5f9061cb980ec0093e8608ce8582242d7f47f2f5c28dc8ada,True
measurement,28,0,229,level_000024/rep_001_seed_202::step_0002,level_000024/rep_001_seed_202,24,1,202,1,2,step-0002-sales-sum-region-08-2012,1,True,463533,0.463533,466672,0.466672,64a10fe2cfc6e40c19c7e90de6d4aa9298107f33f69aa8e4ea4124d3042078bf,True
measurement,28,1,230,level_000012/rep_001_seed_202::step_0002,level_000012/rep_001_seed_202,12,1,202,1,2,step-0002-sales-sum-region-08-2012,1,True,371385,0.371385,374375,0.374375,55950104bc77972d4cd81a4b111e687f4d99306092ce2ee31e5fd57f0036fff2,True
measurement,28,2,231,level_000006/rep_001_seed_202::step_0002,level_000006/rep_001_seed_202,6,1,202,1,2,step-0002-sales-sum-region-08-2012,1,True,285172,0.285172,288010,0.28801,7a6190b9a582b50b404818edc40487315f9855c4241a5d4aebf59eddc93162d6,True
measurement,28,3,232,level_000006/rep_001_seed_202::step_0001,level_000006/rep_001_seed_202,6,1,202,0,1,step-0001-sales-sum-region-04-2013,0,True,356625,0.356625,359221,0.359221,974bbcf9621910fcaf553e1107be6a17afd5da550f8209444277fda2e35a691d,True
measurement,28,4,233,level_000012/rep_001_seed_202::step_0001,level_000012/rep_001_seed_202,12,1,202,0,1,step-0001-sales-sum-region-04-2013,0,True,396484,0.396484,398883,0.398883,146ee7ee7fa2e7d5f9061cb980ec0093e8608ce8582242d7f47f2f5c28dc8ada,True
measurement,28,5,234,level_000024/rep_001_seed_202::step_0001,level_000024/rep_001_seed_202,24,1,202,0,1,step-0001-sales-sum-region-04-2013,0,True,526863,0.526863,529517,0.529517,77c210043d7c539665beebecdedb29f1a1452bedf16598411334fca91fbf173c,True
measurement,29,0,235,level_000012/rep_001_seed_202::step_0002,level_000012/rep_001_seed_202,12,1,202,1,2,step-0002-sales-sum-region-08-2012,1,True,383890,0.38389,386644,0.386644,55950104bc77972d4cd81a4b111e687f4d99306092ce2ee31e5fd57f0036fff2,True
measurement,29,1,236,level_000006/rep_001_seed_202::step_0002,level_000006/rep_001_seed_202,6,1,202,1,2,step-0002-sales-sum-region-08-2012,1,True,286427,0.286427,289266,0.289266,7a6190b9a582b50b404818edc40487315f9855c4241a5d4aebf59eddc93162d6,True
measurement,29,2,237,level_000006/rep_001_seed_202::step_0001,level_000006/rep_001_seed_202,6,1,202,0,1,step-0001-sales-sum-region-04-2013,0,True,346011,0.346011,349092,0.349092,974bbcf9621910fcaf553e1107be6a17afd5da550f8209444277fda2e35a691d,True
measurement,29,3,238,level_000012/rep_001_seed_202::step_0001,level_000012/rep_001_seed_202,12,1,202,0,1,step-0001-sales-sum-region-04-2013,0,True,396765,0.396765,399232,0.399232,146ee7ee7fa2e7d5f9061cb980ec0093e8608ce8582242d7f47f2f5c28dc8ada,True
measurement,29,4,239,level_000024/rep_001_seed_202::step_0001,level_000024/rep_001_seed_202,24,1,202,0,1,step-0001-sales-sum-region-04-2013,0,True,530466,0.530466,533795,0.533795,77c210043d7c539665beebecdedb29f1a1452bedf16598411334fca91fbf173c,True
measurement,29,5,240,level_000024/rep_001_seed_202::step_0002,level_000024/rep_001_seed_202,24,1,202,1,2,step-0002-sales-sum-region-08-2012,1,True,486489,0.486489,489163,0.489163,64a10fe2cfc6e40c19c7e90de6d4aa9298107f33f69aa8e4ea4124d3042078bf,True
measurement,30,0,241,level_000012/rep_001_seed_202::step_0002,level_000012/rep_001_seed_202,12,1,202,1,2,step-0002-sales-sum-region-08-2012,1,True,607278,0.607278,611732,0.611732,55950104bc77972d4cd81a4b111e687f4d99306092ce2ee31e5fd57f0036fff2,True
measurement,30,1,242,level_000024/rep_001_seed_202::step_0002,level_000024/rep_001_seed_202,24,1,202,1,2,step-0002-sales-sum-region-08-2012,1,True,476781,0.476781,479507,0.479507,64a10fe2cfc6e40c19c7e90de6d4aa9298107f33f69aa8e4ea4124d3042078bf,True
measurement,30,2,243,level_000024/rep_001_seed_202::step_0001,level_000024/rep_001_seed_202,24,1,202,0,1,step-0001-sales-sum-region-04-2013,0,True,528774,0.528774,531659,0.531659,77c210043d7c539665beebecdedb29f1a1452bedf16598411334fca91fbf173c,True
measurement,30,3,244,level_000012/rep_001_seed_202::step_0001,level_000012/rep_001_seed_202,12,1,202,0,1,step-0001-sales-sum-region-04-2013,0,True,914018,0.914018,917422,0.917422,146ee7ee7fa2e7d5f9061cb980ec0093e8608ce8582242d7f47f2f5c28dc8ada,True
measurement,30,4,245,level_000006/rep_001_seed_202::step_0001,level_000006/rep_001_seed_202,6,1,202,0,1,step-0001-sales-sum-region-04-2013,0,True,348926,0.348926,351734,0.351734,974bbcf9621910fcaf553e1107be6a17afd5da550f8209444277fda2e35a691d,True
measurement,30,5,246,level_000006/rep_001_seed_202::step_0002,level_000006/rep_001_seed_202,6,1,202,1,2,step-0002-sales-sum-region-08-2012,1,True,371228,0.371228,374490,0.37449,7a6190b9a582b50b404818edc40487315f9855c4241a5d4aebf59eddc93162d6,True
measurement,31,0,247,level_000006/rep_001_seed_202::step_0002,level_000006/rep_001_seed_202,6,1,202,1,2,step-0002-sales-sum-region-08-2012,1,True,296405,0.296405,298998,0.298998,7a6190b9a582b50b404818edc40487315f9855c4241a5d4aebf59eddc93162d6,True
measurement,31,1,248,level_000012/rep_001_seed_202::step_0002,level_000012/rep_001_seed_202,12,1,202,1,2,step-0002-sales-sum-region-08-2012,1,True,335902,0.335902,338357,0.338357,55950104bc77972d4cd81a4b111e687f4d99306092ce2ee31e5fd57f0036fff2,True
measurement,31,2,249,level_000024/rep_001_seed_202::step_0002,level_000024/rep_001_seed_202,24,1,202,1,2,step-0002-sales-sum-region-08-2012,1,True,475173,0.475173,477688,0.477688,64a10fe2cfc6e40c19c7e90de6d4aa9298107f33f69aa8e4ea4124d3042078bf,True
measurement,31,3,250,level_000024/rep_001_seed_202::step_0001,level_000024/rep_001_seed_202,24,1,202,0,1,step-0001-sales-sum-region-04-2013,0,True,534372,0.534372,537359,0.537359,77c210043d7c539665beebecdedb29f1a1452bedf16598411334fca91fbf173c,True
measurement,31,4,251,level_000012/rep_001_seed_202::step_0001,level_000012/rep_001_seed_202,12,1,202,0,1,step-0001-sales-sum-region-04-2013,0,True,388274,0.388274,390671,0.390671,146ee7ee7fa2e7d5f9061cb980ec0093e8608ce8582242d7f47f2f5c28dc8ada,True
measurement,31,5,252,level_000006/rep_001_seed_202::step_0001,level_000006/rep_001_seed_202,6,1,202,0,1,step-0001-sales-sum-region-04-2013,0,True,345054,0.345054,347703,0.347703,974bbcf9621910fcaf553e1107be6a17afd5da550f8209444277fda2e35a691d,True
measurement,32,0,253,level_000006/rep_001_seed_202::step_0001,level_000006/rep_001_seed_202,6,1,202,0,1,step-0001-sales-sum-region-04-2013,0,True,349315,0.349315,351960,0.35196,974bbcf9621910fcaf553e1107be6a17afd5da550f8209444277fda2e35a691d,True
measurement,32,1,254,level_000006/rep_001_seed_202::step_0002,level_000006/rep_001_seed_202,6,1,202,1,2,step-0002-sales-sum-region-08-2012,1,True,447243,0.447243,451206,0.451206,7a6190b9a582b50b404818edc40487315f9855c4241a5d4aebf59eddc93162d6,True
measurement,32,2,255,level_000012/rep_001_seed_202::step_0002,level_000012/rep_001_seed_202,12,1,202,1,2,step-0002-sales-sum-region-08-2012,1,True,650672,0.650672,655405,0.655405,55950104bc77972d4cd81a4b111e687f4d99306092ce2ee31e5fd57f0036fff2,True
measurement,32,3,256,level_000024/rep_001_seed_202::step_0002,level_000024/rep_001_seed_202,24,1,202,1,2,step-0002-sales-sum-region-08-2012,1,True,838930,0.83893,843666,0.843666,64a10fe2cfc6e40c19c7e90de6d4aa9298107f33f69aa8e4ea4124d3042078bf,True
measurement,32,4,257,level_000024/rep_001_seed_202::step_0001,level_000024/rep_001_seed_202,24,1,202,0,1,step-0001-sales-sum-region-04-2013,0,True,526514,0.526514,529255,0.529255,77c210043d7c539665beebecdedb29f1a1452bedf16598411334fca91fbf173c,True
measurement,32,5,258,level_000012/rep_001_seed_202::step_0001,level_000012/rep_001_seed_202,12,1,202,0,1,step-0001-sales-sum-region-04-2013,0,True,395846,0.395846,398571,0.398571,146ee7ee7fa2e7d5f9061cb980ec0093e8608ce8582242d7f47f2f5c28dc8ada,True
measurement,33,0,259,level_000012/rep_001_seed_202::step_0001,level_000012/rep_001_seed_202,12,1,202,0,1,step-0001-sales-sum-region-04-2013,0,True,394747,0.394747,397226,0.397226,146ee7ee7fa2e7d5f9061cb980ec0093e8608ce8582242d7f47f2f5c28dc8ada,True
measurement,33,1,260,level_000006/rep_001_seed_202::step_0001,level_000006/rep_001_seed_202,6,1,202,0,1,step-0001-sales-sum-region-04-2013,0,True,345097,0.345097,347802,0.347802,974bbcf9621910fcaf553e1107be6a17afd5da550f8209444277fda2e35a691d,True
measurement,33,2,261,level_000006/rep_001_seed_202::step_0002,level_000006/rep_001_seed_202,6,1,202,1,2,step-0002-sales-sum-region-08-2012,1,True,282327,0.282327,284614,0.284614,7a6190b9a582b50b404818edc40487315f9855c4241a5d4aebf59eddc93162d6,True
measurement,33,3,262,level_000012/rep_001_seed_202::step_0002,level_000012/rep_001_seed_202,12,1,202,1,2,step-0002-sales-sum-region-08-2012,1,True,339141,0.339141,342218,0.342218,55950104bc77972d4cd81a4b111e687f4d99306092ce2ee31e5fd57f0036fff2,True
measurement,33,4,263,level_000024/rep_001_seed_202::step_0002,level_000024/rep_001_seed_202,24,1,202,1,2,step-0002-sales-sum-region-08-2012,1,True,490192,0.490192,493030,0.49303,64a10fe2cfc6e40c19c7e90de6d4aa9298107f33f69aa8e4ea4124d3042078bf,True
measurement,33,5,264,level_000024/rep_001_seed_202::step_0001,level_000024/rep_001_seed_202,24,1,202,0,1,step-0001-sales-sum-region-04-2013,0,True,532994,0.532994,535662,0.535662,77c210043d7c539665beebecdedb29f1a1452bedf16598411334fca91fbf173c,True
measurement,34,0,265,level_000024/rep_001_seed_202::step_0001,level_000024/rep_001_seed_202,24,1,202,0,1,step-0001-sales-sum-region-04-2013,0,True,525929,0.525929,528715,0.528715,77c210043d7c539665beebecdedb29f1a1452bedf16598411334fca91fbf173c,True
measurement,34,1,266,level_000012/rep_001_seed_202::step_0001,level_000012/rep_001_seed_202,12,1,202,0,1,step-0001-sales-sum-region-04-2013,0,True,758097,0.758097,762414,0.762414,146ee7ee7fa2e7d5f9061cb980ec0093e8608ce8582242d7f47f2f5c28dc8ada,True
measurement,34,2,267,level_000006/rep_001_seed_202::step_0001,level_000006/rep_001_seed_202,6,1,202,0,1,step-0001-sales-sum-region-04-2013,0,True,636549,0.636549,640676,0.640676,974bbcf9621910fcaf553e1107be6a17afd5da550f8209444277fda2e35a691d,True
measurement,34,3,268,level_000006/rep_001_seed_202::step_0002,level_000006/rep_001_seed_202,6,1,202,1,2,step-0002-sales-sum-region-08-2012,1,True,290854,0.290854,293045,0.293045,7a6190b9a582b50b404818edc40487315f9855c4241a5d4aebf59eddc93162d6,True
measurement,34,4,269,level_000012/rep_001_seed_202::step_0002,level_000012/rep_001_seed_202,12,1,202,1,2,step-0002-sales-sum-region-08-2012,1,True,369297,0.369297,372696,0.372696,55950104bc77972d4cd81a4b111e687f4d99306092ce2ee31e5fd57f0036fff2,True
measurement,34,5,270,level_000024/rep_001_seed_202::step_0002,level_000024/rep_001_seed_202,24,1,202,1,2,step-0002-sales-sum-region-08-2012,1,True,470169,0.470169,472880,0.47288,64a10fe2cfc6e40c19c7e90de6d4aa9298107f33f69aa8e4ea4124d3042078bf,True
measurement,35,0,271,level_000024/rep_001_seed_202::step_0002,level_000024/rep_001_seed_202,24,1,202,1,2,step-0002-sales-sum-region-08-2012,1,True,859468,0.859468,862808,0.862808,64a10fe2cfc6e40c19c7e90de6d4aa9298107f33f69aa8e4ea4124d3042078bf,True
measurement,35,1,272,level_000024/rep_001_seed_202::step_0001,level_000024/rep_001_seed_202,24,1,202,0,1,step-0001-sales-sum-region-04-2013,0,True,537119,0.537119,539995,0.539995,77c210043d7c539665beebecdedb29f1a1452bedf16598411334fca91fbf173c,True
measurement,35,2,273,level_000012/rep_001_seed_202::step_0001,level_000012/rep_001_seed_202,12,1,202,0,1,step-0001-sales-sum-region-04-2013,0,True,396383,0.396383,398651,0.398651,146ee7ee7fa2e7d5f9061cb980ec0093e8608ce8582242d7f47f2f5c28dc8ada,True
measurement,35,3,274,level_000006/rep_001_seed_202::step_0001,level_000006/rep_001_seed_202,6,1,202,0,1,step-0001-sales-sum-region-04-2013,0,True,350576,0.350576,352977,0.352977,974bbcf9621910fcaf553e1107be6a17afd5da550f8209444277fda2e35a691d,True
measurement,35,4,275,level_000006/rep_001_seed_202::step_0002,level_000006/rep_001_seed_202,6,1,202,1,2,step-0002-sales-sum-region-08-2012,1,True,295747,0.295747,298094,0.298094,7a6190b9a582b50b404818edc40487315f9855c4241a5d4aebf59eddc93162d6,True
measurement,35,5,276,level_000012/rep_001_seed_202::step_0002,level_000012/rep_001_seed_202,12,1,202,1,2,step-0002-sales-sum-region-08-2012,1,True,330830,0.33083,333718,0.333718,55950104bc77972d4cd81a4b111e687f4d99306092ce2ee31e5fd57f0036fff2,True
measurement,36,0,277,level_000006/rep_001_seed_202::step_0002,level_000006/rep_001_seed_202,6,1,202,1,2,step-0002-sales-sum-region-08-2012,1,True,285063,0.285063,287433,0.287433,7a6190b9a582b50b404818edc40487315f9855c4241a5d4aebf59eddc93162d6,True
measurement,36,1,278,level_000006/rep_001_seed_202::step_0001,level_000006/rep_001_seed_202,6,1,202,0,1,step-0001-sales-sum-region-04-2013,0,True,343047,0.343047,345531,0.345531,974bbcf9621910fcaf553e1107be6a17afd5da550f8209444277fda2e35a691d,True
measurement,36,2,279,level_000012/rep_001_seed_202::step_0001,level_000012/rep_001_seed_202,12,1,202,0,1,step-0001-sales-sum-region-04-2013,0,True,392501,0.392501,394834,0.394834,146ee7ee7fa2e7d5f9061cb980ec0093e8608ce8582242d7f47f2f5c28dc8ada,True
measurement,36,3,280,level_000024/rep_001_seed_202::step_0001,level_000024/rep_001_seed_202,24,1,202,0,1,step-0001-sales-sum-region-04-2013,0,True,528872,0.528872,531805,0.531805,77c210043d7c539665beebecdedb29f1a1452bedf16598411334fca91fbf173c,True
measurement,36,4,281,level_000024/rep_001_seed_202::step_0002,level_000024/rep_001_seed_202,24,1,202,1,2,step-0002-sales-sum-region-08-2012,1,True,465035,0.465035,467636,0.467636,64a10fe2cfc6e40c19c7e90de6d4aa9298107f33f69aa8e4ea4124d3042078bf,True
measurement,36,5,282,level_000012/rep_001_seed_202::step_0002,level_000012/rep_001_seed_202,12,1,202,1,2,step-0002-sales-sum-region-08-2012,1,True,364979,0.364979,367649,0.367649,55950104bc77972d4cd81a4b111e687f4d99306092ce2ee31e5fd57f0036fff2,True
measurement,37,0,283,level_000006/rep_001_seed_202::step_0001,level_000006/rep_001_seed_202,6,1,202,0,1,step-0001-sales-sum-region-04-2013,0,True,362908,0.362908,365549,0.365549,974bbcf9621910fcaf553e1107be6a17afd5da550f8209444277fda2e35a691d,True
measurement,37,1,284,level_000012/rep_001_seed_202::step_0001,level_000012/rep_001_seed_202,12,1,202,0,1,step-0001-sales-sum-region-04-2013,0,True,394594,0.394594,397100,0.3971,146ee7ee7fa2e7d5f9061cb980ec0093e8608ce8582242d7f47f2f5c28dc8ada,True
measurement,37,2,285,level_000024/rep_001_seed_202::step_0001,level_000024/rep_001_seed_202,24,1,202,0,1,step-0001-sales-sum-region-04-2013,0,True,520863,0.520863,523578,0.523578,77c210043d7c539665beebecdedb29f1a1452bedf16598411334fca91fbf173c,True
measurement,37,3,286,level_000024/rep_001_seed_202::step_0002,level_000024/rep_001_seed_202,24,1,202,1,2,step-0002-sales-sum-region-08-2012,1,True,808068,0.808068,812537,0.812537,64a10fe2cfc6e40c19c7e90de6d4aa9298107f33f69aa8e4ea4124d3042078bf,True
measurement,37,4,287,level_000012/rep_001_seed_202::step_0002,level_000012/rep_001_seed_202,12,1,202,1,2,step-0002-sales-sum-region-08-2012,1,True,332161,0.332161,334392,0.334392,55950104bc77972d4cd81a4b111e687f4d99306092ce2ee31e5fd57f0036fff2,True
measurement,37,5,288,level_000006/rep_001_seed_202::step_0002,level_000006/rep_001_seed_202,6,1,202,1,2,step-0002-sales-sum-region-08-2012,1,True,281964,0.281964,284365,0.284365,7a6190b9a582b50b404818edc40487315f9855c4241a5d4aebf59eddc93162d6,True
measurement,38,0,289,level_000012/rep_001_seed_202::step_0001,level_000012/rep_001_seed_202,12,1,202,0,1,step-0001-sales-sum-region-04-2013,0,True,399873,0.399873,402118,0.402118,146ee7ee7fa2e7d5f9061cb980ec0093e8608ce8582242d7f47f2f5c28dc8ada,True
measurement,38,1,290,level_000024/rep_001_seed_202::step_0001,level_000024/rep_001_seed_202,24,1,202,0,1,step-0001-sales-sum-region-04-2013,0,True,521991,0.521991,524392,0.524392,77c210043d7c539665beebecdedb29f1a1452bedf16598411334fca91fbf173c,True
measurement,38,2,291,level_000024/rep_001_seed_202::step_0002,level_000024/rep_001_seed_202,24,1,202,1,2,step-0002-sales-sum-region-08-2012,1,True,465518,0.465518,468125,0.468125,64a10fe2cfc6e40c19c7e90de6d4aa9298107f33f69aa8e4ea4124d3042078bf,True
measurement,38,3,292,level_000012/rep_001_seed_202::step_0002,level_000012/rep_001_seed_202,12,1,202,1,2,step-0002-sales-sum-region-08-2012,1,True,326014,0.326014,328580,0.32858,55950104bc77972d4cd81a4b111e687f4d99306092ce2ee31e5fd57f0036fff2,True
measurement,38,4,293,level_000006/rep_001_seed_202::step_0002,level_000006/rep_001_seed_202,6,1,202,1,2,step-0002-sales-sum-region-08-2012,1,True,531399,0.531399,535508,0.535508,7a6190b9a582b50b404818edc40487315f9855c4241a5d4aebf59eddc93162d6,True
measurement,38,5,294,level_000006/rep_001_seed_202::step_0001,level_000006/rep_001_seed_202,6,1,202,0,1,step-0001-sales-sum-region-04-2013,0,True,340239,0.340239,343107,0.343107,974bbcf9621910fcaf553e1107be6a17afd5da550f8209444277fda2e35a691d,True
measurement,39,0,295,level_000024/rep_001_seed_202::step_0001,level_000024/rep_001_seed_202,24,1,202,0,1,step-0001-sales-sum-region-04-2013,0,True,520531,0.520531,523013,0.523013,77c210043d7c539665beebecdedb29f1a1452bedf16598411334fca91fbf173c,True
measurement,39,1,296,level_000024/rep_001_seed_202::step_0002,level_000024/rep_001_seed_202,24,1,202,1,2,step-0002-sales-sum-region-08-2012,1,True,811675,0.811675,816704,0.816704,64a10fe2cfc6e40c19c7e90de6d4aa9298107f33f69aa8e4ea4124d3042078bf,True
measurement,39,2,297,level_000012/rep_001_seed_202::step_0002,level_000012/rep_001_seed_202,12,1,202,1,2,step-0002-sales-sum-region-08-2012,1,True,331220,0.33122,334116,0.334116,55950104bc77972d4cd81a4b111e687f4d99306092ce2ee31e5fd57f0036fff2,True
measurement,39,3,298,level_000006/rep_001_seed_202::step_0002,level_000006/rep_001_seed_202,6,1,202,1,2,step-0002-sales-sum-region-08-2012,1,True,292568,0.292568,295323,0.295323,7a6190b9a582b50b404818edc40487315f9855c4241a5d4aebf59eddc93162d6,True
measurement,39,4,299,level_000006/rep_001_seed_202::step_0001,level_000006/rep_001_seed_202,6,1,202,0,1,step-0001-sales-sum-region-04-2013,0,True,353290,0.35329,355795,0.355795,974bbcf9621910fcaf553e1107be6a17afd5da550f8209444277fda2e35a691d,True
measurement,39,5,300,level_000012/rep_001_seed_202::step_0001,level_000012/rep_001_seed_202,12,1,202,0,1,step-0001-sales-sum-region-04-2013,0,True,407030,0.40703,409628,0.409628,146ee7ee7fa2e7d5f9061cb980ec0093e8608ce8582242d7f47f2f5c28dc8ada,True
measurement,40,0,301,level_000024/rep_001_seed_202::step_0002,level_000024/rep_001_seed_202,24,1,202,1,2,step-0002-sales-sum-region-08-2012,1,True,475515,0.475515,478482,0.478482,64a10fe2cfc6e40c19c7e90de6d4aa9298107f33f69aa8e4ea4124d3042078bf,True
measurement,40,1,302,level_000012/rep_001_seed_202::step_0002,level_000012/rep_001_seed_202,12,1,202,1,2,step-0002-sales-sum-region-08-2012,1,True,341723,0.341723,344900,0.3449,55950104bc77972d4cd81a4b111e687f4d99306092ce2ee31e5fd57f0036fff2,True
measurement,40,2,303,level_000006/rep_001_seed_202::step_0002,level_000006/rep_001_seed_202,6,1,202,1,2,step-0002-sales-sum-region-08-2012,1,True,504999,0.504999,509622,0.509622,7a6190b9a582b50b404818edc40487315f9855c4241a5d4aebf59eddc93162d6,True
measurement,40,3,304,level_000006/rep_001_seed_202::step_0001,level_000006/rep_001_seed_202,6,1,202,0,1,step-0001-sales-sum-region-04-2013,0,True,341275,0.341275,343781,0.343781,974bbcf9621910fcaf553e1107be6a17afd5da550f8209444277fda2e35a691d,True
measurement,40,4,305,level_000012/rep_001_seed_202::step_0001,level_000012/rep_001_seed_202,12,1,202,0,1,step-0001-sales-sum-region-04-2013,0,True,418432,0.418432,421668,0.421668,146ee7ee7fa2e7d5f9061cb980ec0093e8608ce8582242d7f47f2f5c28dc8ada,True
measurement,40,5,306,level_000024/rep_001_seed_202::step_0001,level_000024/rep_001_seed_202,24,1,202,0,1,step-0001-sales-sum-region-04-2013,0,True,520833,0.520833,523324,0.523324,77c210043d7c539665beebecdedb29f1a1452bedf16598411334fca91fbf173c,True
measurement,41,0,307,level_000012/rep_001_seed_202::step_0002,level_000012/rep_001_seed_202,12,1,202,1,2,step-0002-sales-sum-region-08-2012,1,True,332513,0.332513,335714,0.335714,55950104bc77972d4cd81a4b111e687f4d99306092ce2ee31e5fd57f0036fff2,True
measurement,41,1,308,level_000006/rep_001_seed_202::step_0002,level_000006/rep_001_seed_202,6,1,202,1,2,step-0002-sales-sum-region-08-2012,1,True,294904,0.294904,297425,0.297425,7a6190b9a582b50b404818edc40487315f9855c4241a5d4aebf59eddc93162d6,True
measurement,41,2,309,level_000006/rep_001_seed_202::step_0001,level_000006/rep_001_seed_202,6,1,202,0,1,step-0001-sales-sum-region-04-2013,0,True,330699,0.330699,333067,0.333067,974bbcf9621910fcaf553e1107be6a17afd5da550f8209444277fda2e35a691d,True
measurement,41,3,310,level_000012/rep_001_seed_202::step_0001,level_000012/rep_001_seed_202,12,1,202,0,1,step-0001-sales-sum-region-04-2013,0,True,389533,0.389533,392044,0.392044,146ee7ee7fa2e7d5f9061cb980ec0093e8608ce8582242d7f47f2f5c28dc8ada,True
measurement,41,4,311,level_000024/rep_001_seed_202::step_0001,level_000024/rep_001_seed_202,24,1,202,0,1,step-0001-sales-sum-region-04-2013,0,True,528404,0.528404,531537,0.531537,77c210043d7c539665beebecdedb29f1a1452bedf16598411334fca91fbf173c,True
measurement,41,5,312,level_000024/rep_001_seed_202::step_0002,level_000024/rep_001_seed_202,24,1,202,1,2,step-0002-sales-sum-region-08-2012,1,True,464102,0.464102,467055,0.467055,64a10fe2cfc6e40c19c7e90de6d4aa9298107f33f69aa8e4ea4124d3042078bf,True
measurement,42,0,313,level_000012/rep_001_seed_202::step_0002,level_000012/rep_001_seed_202,12,1,202,1,2,step-0002-sales-sum-region-08-2012,1,True,327932,0.327932,330332,0.330332,55950104bc77972d4cd81a4b111e687f4d99306092ce2ee31e5fd57f0036fff2,True
measurement,42,1,314,level_000024/rep_001_seed_202::step_0002,level_000024/rep_001_seed_202,24,1,202,1,2,step-0002-sales-sum-region-08-2012,1,True,464337,0.464337,466498,0.466498,64a10fe2cfc6e40c19c7e90de6d4aa9298107f33f69aa8e4ea4124d3042078bf,True
measurement,42,2,315,level_000024/rep_001_seed_202::step_0001,level_000024/rep_001_seed_202,24,1,202,0,1,step-0001-sales-sum-region-04-2013,0,True,526237,0.526237,528616,0.528616,77c210043d7c539665beebecdedb29f1a1452bedf16598411334fca91fbf173c,True
measurement,42,3,316,level_000012/rep_001_seed_202::step_0001,level_000012/rep_001_seed_202,12,1,202,0,1,step-0001-sales-sum-region-04-2013,0,True,389670,0.38967,391930,0.39193,146ee7ee7fa2e7d5f9061cb980ec0093e8608ce8582242d7f47f2f5c28dc8ada,True
measurement,42,4,317,level_000006/rep_001_seed_202::step_0001,level_000006/rep_001_seed_202,6,1,202,0,1,step-0001-sales-sum-region-04-2013,0,True,607925,0.607925,612193,0.612193,974bbcf9621910fcaf553e1107be6a17afd5da550f8209444277fda2e35a691d,True
measurement,42,5,318,level_000006/rep_001_seed_202::step_0002,level_000006/rep_001_seed_202,6,1,202,1,2,step-0002-sales-sum-region-08-2012,1,True,297375,0.297375,299917,0.299917,7a6190b9a582b50b404818edc40487315f9855c4241a5d4aebf59eddc93162d6,True
measurement,43,0,319,level_000006/rep_001_seed_202::step_0002,level_000006/rep_001_seed_202,6,1,202,1,2,step-0002-sales-sum-region-08-2012,1,True,290330,0.29033,293613,0.293613,7a6190b9a582b50b404818edc40487315f9855c4241a5d4aebf59eddc93162d6,True
measurement,43,1,320,level_000012/rep_001_seed_202::step_0002,level_000012/rep_001_seed_202,12,1,202,1,2,step-0002-sales-sum-region-08-2012,1,True,338687,0.338687,341222,0.341222,55950104bc77972d4cd81a4b111e687f4d99306092ce2ee31e5fd57f0036fff2,True
measurement,43,2,321,level_000024/rep_001_seed_202::step_0002,level_000024/rep_001_seed_202,24,1,202,1,2,step-0002-sales-sum-region-08-2012,1,True,903402,0.903402,908578,0.908578,64a10fe2cfc6e40c19c7e90de6d4aa9298107f33f69aa8e4ea4124d3042078bf,True
measurement,43,3,322,level_000024/rep_001_seed_202::step_0001,level_000024/rep_001_seed_202,24,1,202,0,1,step-0001-sales-sum-region-04-2013,0,True,529478,0.529478,532292,0.532292,77c210043d7c539665beebecdedb29f1a1452bedf16598411334fca91fbf173c,True
measurement,43,4,323,level_000012/rep_001_seed_202::step_0001,level_000012/rep_001_seed_202,12,1,202,0,1,step-0001-sales-sum-region-04-2013,0,True,672498,0.672498,676889,0.676889,146ee7ee7fa2e7d5f9061cb980ec0093e8608ce8582242d7f47f2f5c28dc8ada,True
measurement,43,5,324,level_000006/rep_001_seed_202::step_0001,level_000006/rep_001_seed_202,6,1,202,0,1,step-0001-sales-sum-region-04-2013,0,True,555713,0.555713,559591,0.559591,974bbcf9621910fcaf553e1107be6a17afd5da550f8209444277fda2e35a691d,True
measurement,44,0,325,level_000006/rep_001_seed_202::step_0001,level_000006/rep_001_seed_202,6,1,202,0,1,step-0001-sales-sum-region-04-2013,0,True,342104,0.342104,344639,0.344639,974bbcf9621910fcaf553e1107be6a17afd5da550f8209444277fda2e35a691d,True
measurement,44,1,326,level_000006/rep_001_seed_202::step_0002,level_000006/rep_001_seed_202,6,1,202,1,2,step-0002-sales-sum-region-08-2012,1,True,285787,0.285787,288402,0.288402,7a6190b9a582b50b404818edc40487315f9855c4241a5d4aebf59eddc93162d6,True
measurement,44,2,327,level_000012/rep_001_seed_202::step_0002,level_000012/rep_001_seed_202,12,1,202,1,2,step-0002-sales-sum-region-08-2012,1,True,586503,0.586503,591005,0.591005,55950104bc77972d4cd81a4b111e687f4d99306092ce2ee31e5fd57f0036fff2,True
measurement,44,3,328,level_000024/rep_001_seed_202::step_0002,level_000024/rep_001_seed_202,24,1,202,1,2,step-0002-sales-sum-region-08-2012,1,True,531101,0.531101,533852,0.533852,64a10fe2cfc6e40c19c7e90de6d4aa9298107f33f69aa8e4ea4124d3042078bf,True
measurement,44,4,329,level_000024/rep_001_seed_202::step_0001,level_000024/rep_001_seed_202,24,1,202,0,1,step-0001-sales-sum-region-04-2013,0,True,533870,0.53387,536464,0.536464,77c210043d7c539665beebecdedb29f1a1452bedf16598411334fca91fbf173c,True
measurement,44,5,330,level_000012/rep_001_seed_202::step_0001,level_000012/rep_001_seed_202,12,1,202,0,1,step-0001-sales-sum-region-04-2013,0,True,398758,0.398758,401844,0.401844,146ee7ee7fa2e7d5f9061cb980ec0093e8608ce8582242d7f47f2f5c28dc8ada,True
measurement,45,0,331,level_000012/rep_001_seed_202::step_0001,level_000012/rep_001_seed_202,12,1,202,0,1,step-0001-sales-sum-region-04-2013,0,True,411054,0.411054,414171,0.414171,146ee7ee7fa2e7d5f9061cb980ec0093e8608ce8582242d7f47f2f5c28dc8ada,True
measurement,45,1,332,level_000006/rep_001_seed_202::step_0001,level_000006/rep_001_seed_202,6,1,202,0,1,step-0001-sales-sum-region-04-2013,0,True,349511,0.349511,351868,0.351868,974bbcf9621910fcaf553e1107be6a17afd5da550f8209444277fda2e35a691d,True
measurement,45,2,333,level_000006/rep_001_seed_202::step_0002,level_000006/rep_001_seed_202,6,1,202,1,2,step-0002-sales-sum-region-08-2012,1,True,292677,0.292677,295237,0.295237,7a6190b9a582b50b404818edc40487315f9855c4241a5d4aebf59eddc93162d6,True
measurement,45,3,334,level_000012/rep_001_seed_202::step_0002,level_000012/rep_001_seed_202,12,1,202,1,2,step-0002-sales-sum-region-08-2012,1,True,581033,0.581033,585277,0.585277,55950104bc77972d4cd81a4b111e687f4d99306092ce2ee31e5fd57f0036fff2,True
measurement,45,4,335,level_000024/rep_001_seed_202::step_0002,level_000024/rep_001_seed_202,24,1,202,1,2,step-0002-sales-sum-region-08-2012,1,True,496060,0.49606,499098,0.499098,64a10fe2cfc6e40c19c7e90de6d4aa9298107f33f69aa8e4ea4124d3042078bf,True
measurement,45,5,336,level_000024/rep_001_seed_202::step_0001,level_000024/rep_001_seed_202,24,1,202,0,1,step-0001-sales-sum-region-04-2013,0,True,523344,0.523344,525898,0.525898,77c210043d7c539665beebecdedb29f1a1452bedf16598411334fca91fbf173c,True
measurement,46,0,337,level_000024/rep_001_seed_202::step_0001,level_000024/rep_001_seed_202,24,1,202,0,1,step-0001-sales-sum-region-04-2013,0,True,540595,0.540595,543473,0.543473,77c210043d7c539665beebecdedb29f1a1452bedf16598411334fca91fbf173c,True
measurement,46,1,338,level_000012/rep_001_seed_202::step_0001,level_000012/rep_001_seed_202,12,1,202,0,1,step-0001-sales-sum-region-04-2013,0,True,399488,0.399488,412153,0.412153,146ee7ee7fa2e7d5f9061cb980ec0093e8608ce8582242d7f47f2f5c28dc8ada,True
measurement,46,2,339,level_000006/rep_001_seed_202::step_0001,level_000006/rep_001_seed_202,6,1,202,0,1,step-0001-sales-sum-region-04-2013,0,True,346855,0.346855,349346,0.349346,974bbcf9621910fcaf553e1107be6a17afd5da550f8209444277fda2e35a691d,True
measurement,46,3,340,level_000006/rep_001_seed_202::step_0002,level_000006/rep_001_seed_202,6,1,202,1,2,step-0002-sales-sum-region-08-2012,1,True,516275,0.516275,520392,0.520392,7a6190b9a582b50b404818edc40487315f9855c4241a5d4aebf59eddc93162d6,True
measurement,46,4,341,level_000012/rep_001_seed_202::step_0002,level_000012/rep_001_seed_202,12,1,202,1,2,step-0002-sales-sum-region-08-2012,1,True,338320,0.33832,341966,0.341966,55950104bc77972d4cd81a4b111e687f4d99306092ce2ee31e5fd57f0036fff2,True
measurement,46,5,342,level_000024/rep_001_seed_202::step_0002,level_000024/rep_001_seed_202,24,1,202,1,2,step-0002-sales-sum-region-08-2012,1,True,490775,0.490775,493584,0.493584,64a10fe2cfc6e40c19c7e90de6d4aa9298107f33f69aa8e4ea4124d3042078bf,True
measurement,47,0,343,level_000024/rep_001_seed_202::step_0002,level_000024/rep_001_seed_202,24,1,202,1,2,step-0002-sales-sum-region-08-2012,1,True,897688,0.897688,901721,0.901721,64a10fe2cfc6e40c19c7e90de6d4aa9298107f33f69aa8e4ea4124d3042078bf,True
measurement,47,1,344,level_000024/rep_001_seed_202::step_0001,level_000024/rep_001_seed_202,24,1,202,0,1,step-0001-sales-sum-region-04-2013,0,True,544510,0.54451,547613,0.547613,77c210043d7c539665beebecdedb29f1a1452bedf16598411334fca91fbf173c,True
measurement,47,2,345,level_000012/rep_001_seed_202::step_0001,level_000012/rep_001_seed_202,12,1,202,0,1,step-0001-sales-sum-region-04-2013,0,True,400222,0.400222,402718,0.402718,146ee7ee7fa2e7d5f9061cb980ec0093e8608ce8582242d7f47f2f5c28dc8ada,True
measurement,47,3,346,level_000006/rep_001_seed_202::step_0001,level_000006/rep_001_seed_202,6,1,202,0,1,step-0001-sales-sum-region-04-2013,0,True,346433,0.346433,348725,0.348725,974bbcf9621910fcaf553e1107be6a17afd5da550f8209444277fda2e35a691d,True
measurement,47,4,347,level_000006/rep_001_seed_202::step_0002,level_000006/rep_001_seed_202,6,1,202,1,2,step-0002-sales-sum-region-08-2012,1,True,301988,0.301988,304541,0.304541,7a6190b9a582b50b404818edc40487315f9855c4241a5d4aebf59eddc93162d6,True
measurement,47,5,348,level_000012/rep_001_seed_202::step_0002,level_000012/rep_001_seed_202,12,1,202,1,2,step-0002-sales-sum-region-08-2012,1,True,347212,0.347212,350314,0.350314,55950104bc77972d4cd81a4b111e687f4d99306092ce2ee31e5fd57f0036fff2,True
measurement,48,0,349,level_000006/rep_001_seed_202::step_0002,level_000006/rep_001_seed_202,6,1,202,1,2,step-0002-sales-sum-region-08-2012,1,True,294899,0.294899,297174,0.297174,7a6190b9a582b50b404818edc40487315f9855c4241a5d4aebf59eddc93162d6,True
measurement,48,1,350,level_000006/rep_001_seed_202::step_0001,level_000006/rep_001_seed_202,6,1,202,0,1,step-0001-sales-sum-region-04-2013,0,True,353069,0.353069,355856,0.355856,974bbcf9621910fcaf553e1107be6a17afd5da550f8209444277fda2e35a691d,True
measurement,48,2,351,level_000012/rep_001_seed_202::step_0001,level_000012/rep_001_seed_202,12,1,202,0,1,step-0001-sales-sum-region-04-2013,0,True,618176,0.618176,621325,0.621325,146ee7ee7fa2e7d5f9061cb980ec0093e8608ce8582242d7f47f2f5c28dc8ada,True
measurement,48,3,352,level_000024/rep_001_seed_202::step_0001,level_000024/rep_001_seed_202,24,1,202,0,1,step-0001-sales-sum-region-04-2013,0,True,530336,0.530336,532894,0.532894,77c210043d7c539665beebecdedb29f1a1452bedf16598411334fca91fbf173c,True
measurement,48,4,353,level_000024/rep_001_seed_202::step_0002,level_000024/rep_001_seed_202,24,1,202,1,2,step-0002-sales-sum-region-08-2012,1,True,482686,0.482686,485934,0.485934,64a10fe2cfc6e40c19c7e90de6d4aa9298107f33f69aa8e4ea4124d3042078bf,True
measurement,48,5,354,level_000012/rep_001_seed_202::step_0002,level_000012/rep_001_seed_202,12,1,202,1,2,step-0002-sales-sum-region-08-2012,1,True,360510,0.36051,363350,0.36335,55950104bc77972d4cd81a4b111e687f4d99306092ce2ee31e5fd57f0036fff2,True
measurement,49,0,355,level_000006/rep_001_seed_202::step_0001,level_000006/rep_001_seed_202,6,1,202,0,1,step-0001-sales-sum-region-04-2013,0,True,351731,0.351731,353977,0.353977,974bbcf9621910fcaf553e1107be6a17afd5da550f8209444277fda2e35a691d,True
measurement,49,1,356,level_000012/rep_001_seed_202::step_0001,level_000012/rep_001_seed_202,12,1,202,0,1,step-0001-sales-sum-region-04-2013,0,True,695462,0.695462,699044,0.699044,146ee7ee7fa2e7d5f9061cb980ec0093e8608ce8582242d7f47f2f5c28dc8ada,True
measurement,49,2,357,level_000024/rep_001_seed_202::step_0001,level_000024/rep_001_seed_202,24,1,202,0,1,step-0001-sales-sum-region-04-2013,0,True,532103,0.532103,534549,0.534549,77c210043d7c539665beebecdedb29f1a1452bedf16598411334fca91fbf173c,True
measurement,49,3,358,level_000024/rep_001_seed_202::step_0002,level_000024/rep_001_seed_202,24,1,202,1,2,step-0002-sales-sum-region-08-2012,1,True,941427,0.941427,946076,0.946076,64a10fe2cfc6e40c19c7e90de6d4aa9298107f33f69aa8e4ea4124d3042078bf,True
measurement,49,4,359,level_000012/rep_001_seed_202::step_0002,level_000012/rep_001_seed_202,12,1,202,1,2,step-0002-sales-sum-region-08-2012,1,True,344778,0.344778,347532,0.347532,55950104bc77972d4cd81a4b111e687f4d99306092ce2ee31e5fd57f0036fff2,True
measurement,49,5,360,level_000006/rep_001_seed_202::step_0002,level_000006/rep_001_seed_202,6,1,202,1,2,step-0002-sales-sum-region-08-2012,1,True,314413,0.314413,317225,0.317225,7a6190b9a582b50b404818edc40487315f9855c4241a5d4aebf59eddc93162d6,True
measurement,50,0,361,level_000012/rep_001_seed_202::step_0001,level_000012/rep_001_seed_202,12,1,202,0,1,step-0001-sales-sum-region-04-2013,0,True,407987,0.407987,411175,0.411175,146ee7ee7fa2e7d5f9061cb980ec0093e8608ce8582242d7f47f2f5c28dc8ada,True
measurement,50,1,362,level_000024/rep_001_seed_202::step_0001,level_000024/rep_001_seed_202,24,1,202,0,1,step-0001-sales-sum-region-04-2013,0,True,910107,0.910107,913763,0.913763,77c210043d7c539665beebecdedb29f1a1452bedf16598411334fca91fbf173c,True
measurement,50,2,363,level_000024/rep_001_seed_202::step_0002,level_000024/rep_001_seed_202,24,1,202,1,2,step-0002-sales-sum-region-08-2012,1,True,465696,0.465696,468441,0.468441,64a10fe2cfc6e40c19c7e90de6d4aa9298107f33f69aa8e4ea4124d3042078bf,True
measurement,50,3,364,level_000012/rep_001_seed_202::step_0002,level_000012/rep_001_seed_202,12,1,202,1,2,step-0002-sales-sum-region-08-2012,1,True,659780,0.65978,664475,0.664475,55950104bc77972d4cd81a4b111e687f4d99306092ce2ee31e5fd57f0036fff2,True
measurement,50,4,365,level_000006/rep_001_seed_202::step_0002,level_000006/rep_001_seed_202,6,1,202,1,2,step-0002-sales-sum-region-08-2012,1,True,517019,0.517019,521324,0.521324,7a6190b9a582b50b404818edc40487315f9855c4241a5d4aebf59eddc93162d6,True
measurement,50,5,366,level_000006/rep_001_seed_202::step_0001,level_000006/rep_001_seed_202,6,1,202,0,1,step-0001-sales-sum-region-04-2013,0,True,362087,0.362087,364592,0.364592,974bbcf9621910fcaf553e1107be6a17afd5da550f8209444277fda2e35a691d,True
measurement,51,0,367,level_000024/rep_001_seed_202::step_0001,level_000024/rep_001_seed_202,24,1,202,0,1,step-0001-sales-sum-region-04-2013,0,True,530208,0.530208,532723,0.532723,77c210043d7c539665beebecdedb29f1a1452bedf16598411334fca91fbf173c,True
measurement,51,1,368,level_000024/rep_001_seed_202::step_0002,level_000024/rep_001_seed_202,24,1,202,1,2,step-0002-sales-sum-region-08-2012,1,True,890979,0.890979,895229,0.895229,64a10fe2cfc6e40c19c7e90de6d4aa9298107f33f69aa8e4ea4124d3042078bf,True
measurement,51,2,369,level_000012/rep_001_seed_202::step_0002,level_000012/rep_001_seed_202,12,1,202,1,2,step-0002-sales-sum-region-08-2012,1,True,333122,0.333122,335925,0.335925,55950104bc77972d4cd81a4b111e687f4d99306092ce2ee31e5fd57f0036fff2,True
measurement,51,3,370,level_000006/rep_001_seed_202::step_0002,level_000006/rep_001_seed_202,6,1,202,1,2,step-0002-sales-sum-region-08-2012,1,True,288212,0.288212,290629,0.290629,7a6190b9a582b50b404818edc40487315f9855c4241a5d4aebf59eddc93162d6,True
measurement,51,4,371,level_000006/rep_001_seed_202::step_0001,level_000006/rep_001_seed_202,6,1,202,0,1,step-0001-sales-sum-region-04-2013,0,True,349256,0.349256,351865,0.351865,974bbcf9621910fcaf553e1107be6a17afd5da550f8209444277fda2e35a691d,True
measurement,51,5,372,level_000012/rep_001_seed_202::step_0001,level_000012/rep_001_seed_202,12,1,202,0,1,step-0001-sales-sum-region-04-2013,0,True,407510,0.40751,410718,0.410718,146ee7ee7fa2e7d5f9061cb980ec0093e8608ce8582242d7f47f2f5c28dc8ada,True
measurement,52,0,373,level_000024/rep_001_seed_202::step_0002,level_000024/rep_001_seed_202,24,1,202,1,2,step-0002-sales-sum-region-08-2012,1,True,475301,0.475301,478168,0.478168,64a10fe2cfc6e40c19c7e90de6d4aa9298107f33f69aa8e4ea4124d3042078bf,True
measurement,52,1,374,level_000012/rep_001_seed_202::step_0002,level_000012/rep_001_seed_202,12,1,202,1,2,step-0002-sales-sum-region-08-2012,1,True,335057,0.335057,338527,0.338527,55950104bc77972d4cd81a4b111e687f4d99306092ce2ee31e5fd57f0036fff2,True
measurement,52,2,375,level_000006/rep_001_seed_202::step_0002,level_000006/rep_001_seed_202,6,1,202,1,2,step-0002-sales-sum-region-08-2012,1,True,301543,0.301543,304643,0.304643,7a6190b9a582b50b404818edc40487315f9855c4241a5d4aebf59eddc93162d6,True
measurement,52,3,376,level_000006/rep_001_seed_202::step_0001,level_000006/rep_001_seed_202,6,1,202,0,1,step-0001-sales-sum-region-04-2013,0,True,346445,0.346445,348962,0.348962,974bbcf9621910fcaf553e1107be6a17afd5da550f8209444277fda2e35a691d,True
measurement,52,4,377,level_000012/rep_001_seed_202::step_0001,level_000012/rep_001_seed_202,12,1,202,0,1,step-0001-sales-sum-region-04-2013,0,True,421498,0.421498,424219,0.424219,146ee7ee7fa2e7d5f9061cb980ec0093e8608ce8582242d7f47f2f5c28dc8ada,True
measurement,52,5,378,level_000024/rep_001_seed_202::step_0001,level_000024/rep_001_seed_202,24,1,202,0,1,step-0001-sales-sum-region-04-2013,0,True,550214,0.550214,552583,0.552583,77c210043d7c539665beebecdedb29f1a1452bedf16598411334fca91fbf173c,True
measurement,53,0,379,level_000012/rep_001_seed_202::step_0002,level_000012/rep_001_seed_202,12,1,202,1,2,step-0002-sales-sum-region-08-2012,1,True,350029,0.350029,352517,0.352517,55950104bc77972d4cd81a4b111e687f4d99306092ce2ee31e5fd57f0036fff2,True
measurement,53,1,380,level_000006/rep_001_seed_202::step_0002,level_000006/rep_001_seed_202,6,1,202,1,2,step-0002-sales-sum-region-08-2012,1,True,299499,0.299499,302285,0.302285,7a6190b9a582b50b404818edc40487315f9855c4241a5d4aebf59eddc93162d6,True
measurement,53,2,381,level_000006/rep_001_seed_202::step_0001,level_000006/rep_001_seed_202,6,1,202,0,1,step-0001-sales-sum-region-04-2013,0,True,343951,0.343951,346187,0.346187,974bbcf9621910fcaf553e1107be6a17afd5da550f8209444277fda2e35a691d,True
measurement,53,3,382,level_000012/rep_001_seed_202::step_0001,level_000012/rep_001_seed_202,12,1,202,0,1,step-0001-sales-sum-region-04-2013,0,True,390611,0.390611,392683,0.392683,146ee7ee7fa2e7d5f9061cb980ec0093e8608ce8582242d7f47f2f5c28dc8ada,True
measurement,53,4,383,level_000024/rep_001_seed_202::step_0001,level_000024/rep_001_seed_202,24,1,202,0,1,step-0001-sales-sum-region-04-2013,0,True,534573,0.534573,537117,0.537117,77c210043d7c539665beebecdedb29f1a1452bedf16598411334fca91fbf173c,True
measurement,53,5,384,level_000024/rep_001_seed_202::step_0002,level_000024/rep_001_seed_202,24,1,202,1,2,step-0002-sales-sum-region-08-2012,1,True,477347,0.477347,480021,0.480021,64a10fe2cfc6e40c19c7e90de6d4aa9298107f33f69aa8e4ea4124d3042078bf,True
measurement,54,0,385,level_000012/rep_001_seed_202::step_0002,level_000012/rep_001_seed_202,12,1,202,1,2,step-0002-sales-sum-region-08-2012,1,True,335930,0.33593,338474,0.338474,55950104bc77972d4cd81a4b111e687f4d99306092ce2ee31e5fd57f0036fff2,True
measurement,54,1,386,level_000024/rep_001_seed_202::step_0002,level_000024/rep_001_seed_202,24,1,202,1,2,step-0002-sales-sum-region-08-2012,1,True,483223,0.483223,486306,0.486306,64a10fe2cfc6e40c19c7e90de6d4aa9298107f33f69aa8e4ea4124d3042078bf,True
measurement,54,2,387,level_000024/rep_001_seed_202::step_0001,level_000024/rep_001_seed_202,24,1,202,0,1,step-0001-sales-sum-region-04-2013,0,True,528910,0.52891,532583,0.532583,77c210043d7c539665beebecdedb29f1a1452bedf16598411334fca91fbf173c,True
measurement,54,3,388,level_000012/rep_001_seed_202::step_0001,level_000012/rep_001_seed_202,12,1,202,0,1,step-0001-sales-sum-region-04-2013,0,True,732855,0.732855,737036,0.737036,146ee7ee7fa2e7d5f9061cb980ec0093e8608ce8582242d7f47f2f5c28dc8ada,True
measurement,54,4,389,level_000006/rep_001_seed_202::step_0001,level_000006/rep_001_seed_202,6,1,202,0,1,step-0001-sales-sum-region-04-2013,0,True,364569,0.364569,367250,0.36725,974bbcf9621910fcaf553e1107be6a17afd5da550f8209444277fda2e35a691d,True
measurement,54,5,390,level_000006/rep_001_seed_202::step_0002,level_000006/rep_001_seed_202,6,1,202,1,2,step-0002-sales-sum-region-08-2012,1,True,285369,0.285369,287885,0.287885,7a6190b9a582b50b404818edc40487315f9855c4241a5d4aebf59eddc93162d6,True
measurement,55,0,391,level_000006/rep_001_seed_202::step_0002,level_000006/rep_001_seed_202,6,1,202,1,2,step-0002-sales-sum-region-08-2012,1,True,282532,0.282532,284743,0.284743,7a6190b9a582b50b404818edc40487315f9855c4241a5d4aebf59eddc93162d6,True
measurement,55,1,392,level_000012/rep_001_seed_202::step_0002,level_000012/rep_001_seed_202,12,1,202,1,2,step-0002-sales-sum-region-08-2012,1,True,334362,0.334362,336617,0.336617,55950104bc77972d4cd81a4b111e687f4d99306092ce2ee31e5fd57f0036fff2,True
measurement,55,2,393,level_000024/rep_001_seed_202::step_0002,level_000024/rep_001_seed_202,24,1,202,1,2,step-0002-sales-sum-region-08-2012,1,True,475106,0.475106,477868,0.477868,64a10fe2cfc6e40c19c7e90de6d4aa9298107f33f69aa8e4ea4124d3042078bf,True
measurement,55,3,394,level_000024/rep_001_seed_202::step_0001,level_000024/rep_001_seed_202,24,1,202,0,1,step-0001-sales-sum-region-04-2013,0,True,530907,0.530907,533434,0.533434,77c210043d7c539665beebecdedb29f1a1452bedf16598411334fca91fbf173c,True
measurement,55,4,395,level_000012/rep_001_seed_202::step_0001,level_000012/rep_001_seed_202,12,1,202,0,1,step-0001-sales-sum-region-04-2013,0,True,410012,0.410012,413278,0.413278,146ee7ee7fa2e7d5f9061cb980ec0093e8608ce8582242d7f47f2f5c28dc8ada,True
measurement,55,5,396,level_000006/rep_001_seed_202::step_0001,level_000006/rep_001_seed_202,6,1,202,0,1,step-0001-sales-sum-region-04-2013,0,True,337423,0.337423,340234,0.340234,974bbcf9621910fcaf553e1107be6a17afd5da550f8209444277fda2e35a691d,True
measurement,56,0,397,level_000006/rep_001_seed_202::step_0001,level_000006/rep_001_seed_202,6,1,202,0,1,step-0001-sales-sum-region-04-2013,0,True,346149,0.346149,348705,0.348705,974bbcf9621910fcaf553e1107be6a17afd5da550f8209444277fda2e35a691d,True
measurement,56,1,398,level_000006/rep_001_seed_202::step_0002,level_000006/rep_001_seed_202,6,1,202,1,2,step-0002-sales-sum-region-08-2012,1,True,288595,0.288595,290910,0.29091,7a6190b9a582b50b404818edc40487315f9855c4241a5d4aebf59eddc93162d6,True
measurement,56,2,399,level_000012/rep_001_seed_202::step_0002,level_000012/rep_001_seed_202,12,1,202,1,2,step-0002-sales-sum-region-08-2012,1,True,329155,0.329155,331613,0.331613,55950104bc77972d4cd81a4b111e687f4d99306092ce2ee31e5fd57f0036fff2,True
measurement,56,3,400,level_000024/rep_001_seed_202::step_0002,level_000024/rep_001_seed_202,24,1,202,1,2,step-0002-sales-sum-region-08-2012,1,True,466285,0.466285,469154,0.469154,64a10fe2cfc6e40c19c7e90de6d4aa9298107f33f69aa8e4ea4124d3042078bf,True
measurement,56,4,401,level_000024/rep_001_seed_202::step_0001,level_000024/rep_001_seed_202,24,1,202,0,1,step-0001-sales-sum-region-04-2013,0,True,519884,0.519884,522500,0.5225,77c210043d7c539665beebecdedb29f1a1452bedf16598411334fca91fbf173c,True
measurement,56,5,402,level_000012/rep_001_seed_202::step_0001,level_000012/rep_001_seed_202,12,1,202,0,1,step-0001-sales-sum-region-04-2013,0,True,684863,0.684863,688557,0.688557,146ee7ee7fa2e7d5f9061cb980ec0093e8608ce8582242d7f47f2f5c28dc8ada,True
measurement,57,0,403,level_000012/rep_001_seed_202::step_0001,level_000012/rep_001_seed_202,12,1,202,0,1,step-0001-sales-sum-region-04-2013,0,True,398594,0.398594,401150,0.40115,146ee7ee7fa2e7d5f9061cb980ec0093e8608ce8582242d7f47f2f5c28dc8ada,True
measurement,57,1,404,level_000006/rep_001_seed_202::step_0001,level_000006/rep_001_seed_202,6,1,202,0,1,step-0001-sales-sum-region-04-2013,0,True,354183,0.354183,356819,0.356819,974bbcf9621910fcaf553e1107be6a17afd5da550f8209444277fda2e35a691d,True
measurement,57,2,405,level_000006/rep_001_seed_202::step_0002,level_000006/rep_001_seed_202,6,1,202,1,2,step-0002-sales-sum-region-08-2012,1,True,486357,0.486357,489900,0.4899,7a6190b9a582b50b404818edc40487315f9855c4241a5d4aebf59eddc93162d6,True
measurement,57,3,406,level_000012/rep_001_seed_202::step_0002,level_000012/rep_001_seed_202,12,1,202,1,2,step-0002-sales-sum-region-08-2012,1,True,341857,0.341857,345214,0.345214,55950104bc77972d4cd81a4b111e687f4d99306092ce2ee31e5fd57f0036fff2,True
measurement,57,4,407,level_000024/rep_001_seed_202::step_0002,level_000024/rep_001_seed_202,24,1,202,1,2,step-0002-sales-sum-region-08-2012,1,True,471719,0.471719,474447,0.474447,64a10fe2cfc6e40c19c7e90de6d4aa9298107f33f69aa8e4ea4124d3042078bf,True
measurement,57,5,408,level_000024/rep_001_seed_202::step_0001,level_000024/rep_001_seed_202,24,1,202,0,1,step-0001-sales-sum-region-04-2013,0,True,994152,0.994152,1000448,1.000448,77c210043d7c539665beebecdedb29f1a1452bedf16598411334fca91fbf173c,True
measurement,58,0,409,level_000024/rep_001_seed_202::step_0001,level_000024/rep_001_seed_202,24,1,202,0,1,step-0001-sales-sum-region-04-2013,0,True,532545,0.532545,534904,0.534904,77c210043d7c539665beebecdedb29f1a1452bedf16598411334fca91fbf173c,True
measurement,58,1,410,level_000012/rep_001_seed_202::step_0001,level_000012/rep_001_seed_202,12,1,202,0,1,step-0001-sales-sum-region-04-2013,0,True,398400,0.3984,400977,0.400977,146ee7ee7fa2e7d5f9061cb980ec0093e8608ce8582242d7f47f2f5c28dc8ada,True
measurement,58,2,411,level_000006/rep_001_seed_202::step_0001,level_000006/rep_001_seed_202,6,1,202,0,1,step-0001-sales-sum-region-04-2013,0,True,578478,0.578478,581454,0.581454,974bbcf9621910fcaf553e1107be6a17afd5da550f8209444277fda2e35a691d,True
measurement,58,3,412,level_000006/rep_001_seed_202::step_0002,level_000006/rep_001_seed_202,6,1,202,1,2,step-0002-sales-sum-region-08-2012,1,True,290670,0.29067,293464,0.293464,7a6190b9a582b50b404818edc40487315f9855c4241a5d4aebf59eddc93162d6,True
measurement,58,4,413,level_000012/rep_001_seed_202::step_0002,level_000012/rep_001_seed_202,12,1,202,1,2,step-0002-sales-sum-region-08-2012,1,True,336979,0.336979,339716,0.339716,55950104bc77972d4cd81a4b111e687f4d99306092ce2ee31e5fd57f0036fff2,True
measurement,58,5,414,level_000024/rep_001_seed_202::step_0002,level_000024/rep_001_seed_202,24,1,202,1,2,step-0002-sales-sum-region-08-2012,1,True,486952,0.486952,490151,0.490151,64a10fe2cfc6e40c19c7e90de6d4aa9298107f33f69aa8e4ea4124d3042078bf,True
measurement,59,0,415,level_000024/rep_001_seed_202::step_0002,level_000024/rep_001_seed_202,24,1,202,1,2,step-0002-sales-sum-region-08-2012,1,True,492039,0.492039,495216,0.495216,64a10fe2cfc6e40c19c7e90de6d4aa9298107f33f69aa8e4ea4124d3042078bf,True
measurement,59,1,416,level_000024/rep_001_seed_202::step_0001,level_000024/rep_001_seed_202,24,1,202,0,1,step-0001-sales-sum-region-04-2013,0,True,539150,0.53915,541596,0.541596,77c210043d7c539665beebecdedb29f1a1452bedf16598411334fca91fbf173c,True
measurement,59,2,417,level_000012/rep_001_seed_202::step_0001,level_000012/rep_001_seed_202,12,1,202,0,1,step-0001-sales-sum-region-04-2013,0,True,407536,0.407536,410064,0.410064,146ee7ee7fa2e7d5f9061cb980ec0093e8608ce8582242d7f47f2f5c28dc8ada,True
measurement,59,3,418,level_000006/rep_001_seed_202::step_0001,level_000006/rep_001_seed_202,6,1,202,0,1,step-0001-sales-sum-region-04-2013,0,True,580068,0.580068,584326,0.584326,974bbcf9621910fcaf553e1107be6a17afd5da550f8209444277fda2e35a691d,True
measurement,59,4,419,level_000006/rep_001_seed_202::step_0002,level_000006/rep_001_seed_202,6,1,202,1,2,step-0002-sales-sum-region-08-2012,1,True,289617,0.289617,291821,0.291821,7a6190b9a582b50b404818edc40487315f9855c4241a5d4aebf59eddc93162d6,True
measurement,59,5,420,level_000012/rep_001_seed_202::step_0002,level_000012/rep_001_seed_202,12,1,202,1,2,step-0002-sales-sum-region-08-2012,1,True,335926,0.335926,338699,0.338699,55950104bc77972d4cd81a4b111e687f4d99306092ce2ee31e5fd57f0036fff2,True
measurement,60,0,421,level_000006/rep_001_seed_202::step_0002,level_000006/rep_001_seed_202,6,1,202,1,2,step-0002-sales-sum-region-08-2012,1,True,286687,0.286687,289744,0.289744,7a6190b9a582b50b404818edc40487315f9855c4241a5d4aebf59eddc93162d6,True
measurement,60,1,422,level_000006/rep_001_seed_202::step_0001,level_000006/rep_001_seed_202,6,1,202,0,1,step-0001-sales-sum-region-04-2013,0,True,648647,0.648647,652705,0.652705,974bbcf9621910fcaf553e1107be6a17afd5da550f8209444277fda2e35a691d,True
measurement,60,2,423,level_000012/rep_001_seed_202::step_0001,level_000012/rep_001_seed_202,12,1,202,0,1,step-0001-sales-sum-region-04-2013,0,True,744567,0.744567,748552,0.748552,146ee7ee7fa2e7d5f9061cb980ec0093e8608ce8582242d7f47f2f5c28dc8ada,True
measurement,60,3,424,level_000024/rep_001_seed_202::step_0001,level_000024/rep_001_seed_202,24,1,202,0,1,step-0001-sales-sum-region-04-2013,0,True,956719,0.956719,961344,0.961344,77c210043d7c539665beebecdedb29f1a1452bedf16598411334fca91fbf173c,True
measurement,60,4,425,level_000024/rep_001_seed_202::step_0002,level_000024/rep_001_seed_202,24,1,202,1,2,step-0002-sales-sum-region-08-2012,1,True,464338,0.464338,466626,0.466626,64a10fe2cfc6e40c19c7e90de6d4aa9298107f33f69aa8e4ea4124d3042078bf,True
measurement,60,5,426,level_000012/rep_001_seed_202::step_0002,level_000012/rep_001_seed_202,12,1,202,1,2,step-0002-sales-sum-region-08-2012,1,True,332304,0.332304,334863,0.334863,55950104bc77972d4cd81a4b111e687f4d99306092ce2ee31e5fd57f0036fff2,True
measurement,61,0,427,level_000006/rep_001_seed_202::step_0001,level_000006/rep_001_seed_202,6,1,202,0,1,step-0001-sales-sum-region-04-2013,0,True,340944,0.340944,343311,0.343311,974bbcf9621910fcaf553e1107be6a17afd5da550f8209444277fda2e35a691d,True
measurement,61,1,428,level_000012/rep_001_seed_202::step_0001,level_000012/rep_001_seed_202,12,1,202,0,1,step-0001-sales-sum-region-04-2013,0,True,398063,0.398063,400507,0.400507,146ee7ee7fa2e7d5f9061cb980ec0093e8608ce8582242d7f47f2f5c28dc8ada,True
measurement,61,2,429,level_000024/rep_001_seed_202::step_0001,level_000024/rep_001_seed_202,24,1,202,0,1,step-0001-sales-sum-region-04-2013,0,True,520594,0.520594,523152,0.523152,77c210043d7c539665beebecdedb29f1a1452bedf16598411334fca91fbf173c,True
measurement,61,3,430,level_000024/rep_001_seed_202::step_0002,level_000024/rep_001_seed_202,24,1,202,1,2,step-0002-sales-sum-region-08-2012,1,True,477009,0.477009,479759,0.479759,64a10fe2cfc6e40c19c7e90de6d4aa9298107f33f69aa8e4ea4124d3042078bf,True
measurement,61,4,431,level_000012/rep_001_seed_202::step_0002,level_000012/rep_001_seed_202,12,1,202,1,2,step-0002-sales-sum-region-08-2012,1,True,344382,0.344382,346848,0.346848,55950104bc77972d4cd81a4b111e687f4d99306092ce2ee31e5fd57f0036fff2,True
measurement,61,5,432,level_000006/rep_001_seed_202::step_0002,level_000006/rep_001_seed_202,6,1,202,1,2,step-0002-sales-sum-region-08-2012,1,True,283194,0.283194,285466,0.285466,7a6190b9a582b50b404818edc40487315f9855c4241a5d4aebf59eddc93162d6,True
measurement,62,0,433,level_000012/rep_001_seed_202::step_0001,level_000012/rep_001_seed_202,12,1,202,0,1,step-0001-sales-sum-region-04-2013,0,True,392859,0.392859,395035,0.395035,146ee7ee7fa2e7d5f9061cb980ec0093e8608ce8582242d7f47f2f5c28dc8ada,True
measurement,62,1,434,level_000024/rep_001_seed_202::step_0001,level_000024/rep_001_seed_202,24,1,202,0,1,step-0001-sales-sum-region-04-2013,0,True,971107,0.971107,938337,0.938337,77c210043d7c539665beebecdedb29f1a1452bedf16598411334fca91fbf173c,True
measurement,62,2,435,level_000024/rep_001_seed_202::step_0002,level_000024/rep_001_seed_202,24,1,202,1,2,step-0002-sales-sum-region-08-2012,1,True,473374,0.473374,475972,0.475972,64a10fe2cfc6e40c19c7e90de6d4aa9298107f33f69aa8e4ea4124d3042078bf,True
measurement,62,3,436,level_000012/rep_001_seed_202::step_0002,level_000012/rep_001_seed_202,12,1,202,1,2,step-0002-sales-sum-region-08-2012,1,True,351313,0.351313,353773,0.353773,55950104bc77972d4cd81a4b111e687f4d99306092ce2ee31e5fd57f0036fff2,True
measurement,62,4,437,level_000006/rep_001_seed_202::step_0002,level_000006/rep_001_seed_202,6,1,202,1,2,step-0002-sales-sum-region-08-2012,1,True,289170,0.28917,292597,0.292597,7a6190b9a582b50b404818edc40487315f9855c4241a5d4aebf59eddc93162d6,True
measurement,62,5,438,level_000006/rep_001_seed_202::step_0001,level_000006/rep_001_seed_202,6,1,202,0,1,step-0001-sales-sum-region-04-2013,0,True,351657,0.351657,353978,0.353978,974bbcf9621910fcaf553e1107be6a17afd5da550f8209444277fda2e35a691d,True
measurement,63,0,439,level_000024/rep_001_seed_202::step_0001,level_000024/rep_001_seed_202,24,1,202,0,1,step-0001-sales-sum-region-04-2013,0,True,524696,0.524696,527305,0.527305,77c210043d7c539665beebecdedb29f1a1452bedf16598411334fca91fbf173c,True
measurement,63,1,440,level_000024/rep_001_seed_202::step_0002,level_000024/rep_001_seed_202,24,1,202,1,2,step-0002-sales-sum-region-08-2012,1,True,486176,0.486176,489252,0.489252,64a10fe2cfc6e40c19c7e90de6d4aa9298107f33f69aa8e4ea4124d3042078bf,True
measurement,63,2,441,level_000012/rep_001_seed_202::step_0002,level_000012/rep_001_seed_202,12,1,202,1,2,step-0002-sales-sum-region-08-2012,1,True,333699,0.333699,335979,0.335979,55950104bc77972d4cd81a4b111e687f4d99306092ce2ee31e5fd57f0036fff2,True
measurement,63,3,442,level_000006/rep_001_seed_202::step_0002,level_000006/rep_001_seed_202,6,1,202,1,2,step-0002-sales-sum-region-08-2012,1,True,294407,0.294407,297133,0.297133,7a6190b9a582b50b404818edc40487315f9855c4241a5d4aebf59eddc93162d6,True
measurement,63,4,443,level_000006/rep_001_seed_202::step_0001,level_000006/rep_001_seed_202,6,1,202,0,1,step-0001-sales-sum-region-04-2013,0,True,607808,0.607808,611772,0.611772,974bbcf9621910fcaf553e1107be6a17afd5da550f8209444277fda2e35a691d,True
measurement,63,5,444,level_000012/rep_001_seed_202::step_0001,level_000012/rep_001_seed_202,12,1,202,0,1,step-0001-sales-sum-region-04-2013,0,True,396220,0.39622,398333,0.398333,146ee7ee7fa2e7d5f9061cb980ec0093e8608ce8582242d7f47f2f5c28dc8ada,True
measurement,64,0,445,level_000024/rep_001_seed_202::step_0002,level_000024/rep_001_seed_202,24,1,202,1,2,step-0002-sales-sum-region-08-2012,1,True,477070,0.47707,480333,0.480333,64a10fe2cfc6e40c19c7e90de6d4aa9298107f33f69aa8e4ea4124d3042078bf,True
measurement,64,1,446,level_000012/rep_001_seed_202::step_0002,level_000012/rep_001_seed_202,12,1,202,1,2,step-0002-sales-sum-region-08-2012,1,True,332083,0.332083,334403,0.334403,55950104bc77972d4cd81a4b111e687f4d99306092ce2ee31e5fd57f0036fff2,True
measurement,64,2,447,level_000006/rep_001_seed_202::step_0002,level_000006/rep_001_seed_202,6,1,202,1,2,step-0002-sales-sum-region-08-2012,1,True,286196,0.286196,288341,0.288341,7a6190b9a582b50b404818edc40487315f9855c4241a5d4aebf59eddc93162d6,True
measurement,64,3,448,level_000006/rep_001_seed_202::step_0001,level_000006/rep_001_seed_202,6,1,202,0,1,step-0001-sales-sum-region-04-2013,0,True,338052,0.338052,340453,0.340453,974bbcf9621910fcaf553e1107be6a17afd5da550f8209444277fda2e35a691d,True
measurement,64,4,449,level_000012/rep_001_seed_202::step_0001,level_000012/rep_001_seed_202,12,1,202,0,1,step-0001-sales-sum-region-04-2013,0,True,421680,0.42168,424167,0.424167,146ee7ee7fa2e7d5f9061cb980ec0093e8608ce8582242d7f47f2f5c28dc8ada,True
measurement,64,5,450,level_000024/rep_001_seed_202::step_0001,level_000024/rep_001_seed_202,24,1,202,0,1,step-0001-sales-sum-region-04-2013,0,True,522125,0.522125,524823,0.524823,77c210043d7c539665beebecdedb29f1a1452bedf16598411334fca91fbf173c,True
measurement,65,0,451,level_000012/rep_001_seed_202::step_0002,level_000012/rep_001_seed_202,12,1,202,1,2,step-0002-sales-sum-region-08-2012,1,True,340395,0.340395,343483,0.343483,55950104bc77972d4cd81a4b111e687f4d99306092ce2ee31e5fd57f0036fff2,True
measurement,65,1,452,level_000006/rep_001_seed_202::step_0002,level_000006/rep_001_seed_202,6,1,202,1,2,step-0002-sales-sum-region-08-2012,1,True,291351,0.291351,293886,0.293886,7a6190b9a582b50b404818edc40487315f9855c4241a5d4aebf59eddc93162d6,True
measurement,65,2,453,level_000006/rep_001_seed_202::step_0001,level_000006/rep_001_seed_202,6,1,202,0,1,step-0001-sales-sum-region-04-2013,0,True,342275,0.342275,344644,0.344644,974bbcf9621910fcaf553e1107be6a17afd5da550f8209444277fda2e35a691d,True
measurement,65,3,454,level_000012/rep_001_seed_202::step_0001,level_000012/rep_001_seed_202,12,1,202,0,1,step-0001-sales-sum-region-04-2013,0,True,400631,0.400631,402943,0.402943,146ee7ee7fa2e7d5f9061cb980ec0093e8608ce8582242d7f47f2f5c28dc8ada,True
measurement,65,4,455,level_000024/rep_001_seed_202::step_0001,level_000024/rep_001_seed_202,24,1,202,0,1,step-0001-sales-sum-region-04-2013,0,True,939865,0.939865,943419,0.943419,77c210043d7c539665beebecdedb29f1a1452bedf16598411334fca91fbf173c,True
measurement,65,5,456,level_000024/rep_001_seed_202::step_0002,level_000024/rep_001_seed_202,24,1,202,1,2,step-0002-sales-sum-region-08-2012,1,True,924737,0.924737,930055,0.930055,64a10fe2cfc6e40c19c7e90de6d4aa9298107f33f69aa8e4ea4124d3042078bf,True
measurement,66,0,457,level_000012/rep_001_seed_202::step_0002,level_000012/rep_001_seed_202,12,1,202,1,2,step-0002-sales-sum-region-08-2012,1,True,330265,0.330265,332734,0.332734,55950104bc77972d4cd81a4b111e687f4d99306092ce2ee31e5fd57f0036fff2,True
measurement,66,1,458,level_000024/rep_001_seed_202::step_0002,level_000024/rep_001_seed_202,24,1,202,1,2,step-0002-sales-sum-region-08-2012,1,True,471237,0.471237,474406,0.474406,64a10fe2cfc6e40c19c7e90de6d4aa9298107f33f69aa8e4ea4124d3042078bf,True
measurement,66,2,459,level_000024/rep_001_seed_202::step_0001,level_000024/rep_001_seed_202,24,1,202,0,1,step-0001-sales-sum-region-04-2013,0,True,922642,0.922642,927256,0.927256,77c210043d7c539665beebecdedb29f1a1452bedf16598411334fca91fbf173c,True
measurement,66,3,460,level_000012/rep_001_seed_202::step_0001,level_000012/rep_001_seed_202,12,1,202,0,1,step-0001-sales-sum-region-04-2013,0,True,398272,0.398272,401302,0.401302,146ee7ee7fa2e7d5f9061cb980ec0093e8608ce8582242d7f47f2f5c28dc8ada,True
measurement,66,4,461,level_000006/rep_001_seed_202::step_0001,level_000006/rep_001_seed_202,6,1,202,0,1,step-0001-sales-sum-region-04-2013,0,True,350711,0.350711,353255,0.353255,974bbcf9621910fcaf553e1107be6a17afd5da550f8209444277fda2e35a691d,True
measurement,66,5,462,level_000006/rep_001_seed_202::step_0002,level_000006/rep_001_seed_202,6,1,202,1,2,step-0002-sales-sum-region-08-2012,1,True,284296,0.284296,286436,0.286436,7a6190b9a582b50b404818edc40487315f9855c4241a5d4aebf59eddc93162d6,True
measurement,67,0,463,level_000006/rep_001_seed_202::step_0002,level_000006/rep_001_seed_202,6,1,202,1,2,step-0002-sales-sum-region-08-2012,1,True,289479,0.289479,291858,0.291858,7a6190b9a582b50b404818edc40487315f9855c4241a5d4aebf59eddc93162d6,True
measurement,67,1,464,level_000012/rep_001_seed_202::step_0002,level_000012/rep_001_seed_202,12,1,202,1,2,step-0002-sales-sum-region-08-2012,1,True,349932,0.349932,353293,0.353293,55950104bc77972d4cd81a4b111e687f4d99306092ce2ee31e5fd57f0036fff2,True
measurement,67,2,465,level_000024/rep_001_seed_202::step_0002,level_000024/rep_001_seed_202,24,1,202,1,2,step-0002-sales-sum-region-08-2012,1,True,510232,0.510232,513226,0.513226,64a10fe2cfc6e40c19c7e90de6d4aa9298107f33f69aa8e4ea4124d3042078bf,True
measurement,67,3,466,level_000024/rep_001_seed_202::step_0001,level_000024/rep_001_seed_202,24,1,202,0,1,step-0001-sales-sum-region-04-2013,0,True,532505,0.532505,534999,0.534999,77c210043d7c539665beebecdedb29f1a1452bedf16598411334fca91fbf173c,True
measurement,67,4,467,level_000012/rep_001_seed_202::step_0001,level_000012/rep_001_seed_202,12,1,202,0,1,step-0001-sales-sum-region-04-2013,0,True,444109,0.444109,446878,0.446878,146ee7ee7fa2e7d5f9061cb980ec0093e8608ce8582242d7f47f2f5c28dc8ada,True
measurement,67,5,468,level_000006/rep_001_seed_202::step_0001,level_000006/rep_001_seed_202,6,1,202,0,1,step-0001-sales-sum-region-04-2013,0,True,339173,0.339173,341650,0.34165,974bbcf9621910fcaf553e1107be6a17afd5da550f8209444277fda2e35a691d,True
measurement,68,0,469,level_000006/rep_001_seed_202::step_0001,level_000006/rep_001_seed_202,6,1,202,0,1,step-0001-sales-sum-region-04-2013,0,True,357199,0.357199,359568,0.359568,974bbcf9621910fcaf553e1107be6a17afd5da550f8209444277fda2e35a691d,True
measurement,68,1,470,level_000006/rep_001_seed_202::step_0002,level_000006/rep_001_seed_202,6,1,202,1,2,step-0002-sales-sum-region-08-2012,1,True,284534,0.284534,286667,0.286667,7a6190b9a582b50b404818edc40487315f9855c4241a5d4aebf59eddc93162d6,True
measurement,68,2,471,level_000012/rep_001_seed_202::step_0002,level_000012/rep_001_seed_202,12,1,202,1,2,step-0002-sales-sum-region-08-2012,1,True,334923,0.334923,337436,0.337436,55950104bc77972d4cd81a4b111e687f4d99306092ce2ee31e5fd57f0036fff2,True
measurement,68,3,472,level_000024/rep_001_seed_202::step_0002,level_000024/rep_001_seed_202,24,1,202,1,2,step-0002-sales-sum-region-08-2012,1,True,485138,0.485138,487893,0.487893,64a10fe2cfc6e40c19c7e90de6d4aa9298107f33f69aa8e4ea4124d3042078bf,True
measurement,68,4,473,level_000024/rep_001_seed_202::step_0001,level_000024/rep_001_seed_202,24,1,202,0,1,step-0001-sales-sum-region-04-2013,0,True,518843,0.518843,521779,0.521779,77c210043d7c539665beebecdedb29f1a1452bedf16598411334fca91fbf173c,True
measurement,68,5,474,level_000012/rep_001_seed_202::step_0001,level_000012/rep_001_seed_202,12,1,202,0,1,step-0001-sales-sum-region-04-2013,0,True,391856,0.391856,394168,0.394168,146ee7ee7fa2e7d5f9061cb980ec0093e8608ce8582242d7f47f2f5c28dc8ada,True
measurement,69,0,475,level_000012/rep_001_seed_202::step_0001,level_000012/rep_001_seed_202,12,1,202,0,1,step-0001-sales-sum-region-04-2013,0,True,405418,0.405418,407904,0.407904,146ee7ee7fa2e7d5f9061cb980ec0093e8608ce8582242d7f47f2f5c28dc8ada,True
measurement,69,1,476,level_000006/rep_001_seed_202::step_0001,level_000006/rep_001_seed_202,6,1,202,0,1,step-0001-sales-sum-region-04-2013,0,True,337152,0.337152,340110,0.34011,974bbcf9621910fcaf553e1107be6a17afd5da550f8209444277fda2e35a691d,True
measurement,69,2,477,level_000006/rep_001_seed_202::step_0002,level_000006/rep_001_seed_202,6,1,202,1,2,step-0002-sales-sum-region-08-2012,1,True,287198,0.287198,289974,0.289974,7a6190b9a582b50b404818edc40487315f9855c4241a5d4aebf59eddc93162d6,True
measurement,69,3,478,level_000012/rep_001_seed_202::step_0002,level_000012/rep_001_seed_202,12,1,202,1,2,step-0002-sales-sum-region-08-2012,1,True,328714,0.328714,331393,0.331393,55950104bc77972d4cd81a4b111e687f4d99306092ce2ee31e5fd57f0036fff2,True
measurement,69,4,479,level_000024/rep_001_seed_202::step_0002,level_000024/rep_001_seed_202,24,1,202,1,2,step-0002-sales-sum-region-08-2012,1,True,928328,0.928328,932404,0.932404,64a10fe2cfc6e40c19c7e90de6d4aa9298107f33f69aa8e4ea4124d3042078bf,True
measurement,69,5,480,level_000024/rep_001_seed_202::step_0001,level_000024/rep_001_seed_202,24,1,202,0,1,step-0001-sales-sum-region-04-2013,0,True,944737,0.944737,948294,0.948294,77c210043d7c539665beebecdedb29f1a1452bedf16598411334fca91fbf173c,True
measurement,70,0,481,level_000024/rep_001_seed_202::step_0001,level_000024/rep_001_seed_202,24,1,202,0,1,step-0001-sales-sum-region-04-2013,0,True,559812,0.559812,562882,0.562882,77c210043d7c539665beebecdedb29f1a1452bedf16598411334fca91fbf173c,True
measurement,70,1,482,level_000012/rep_001_seed_202::step_0001,level_000012/rep_001_seed_202,12,1,202,0,1,step-0001-sales-sum-region-04-2013,0,True,433574,0.433574,436262,0.436262,146ee7ee7fa2e7d5f9061cb980ec0093e8608ce8582242d7f47f2f5c28dc8ada,True
measurement,70,2,483,level_000006/rep_001_seed_202::step_0001,level_000006/rep_001_seed_202,6,1,202,0,1,step-0001-sales-sum-region-04-2013,0,True,342433,0.342433,344531,0.344531,974bbcf9621910fcaf553e1107be6a17afd5da550f8209444277fda2e35a691d,True
measurement,70,3,484,level_000006/rep_001_seed_202::step_0002,level_000006/rep_001_seed_202,6,1,202,1,2,step-0002-sales-sum-region-08-2012,1,True,286804,0.286804,289964,0.289964,7a6190b9a582b50b404818edc40487315f9855c4241a5d4aebf59eddc93162d6,True
measurement,70,4,485,level_000012/rep_001_seed_202::step_0002,level_000012/rep_001_seed_202,12,1,202,1,2,step-0002-sales-sum-region-08-2012,1,True,332589,0.332589,334967,0.334967,55950104bc77972d4cd81a4b111e687f4d99306092ce2ee31e5fd57f0036fff2,True
measurement,70,5,486,level_000024/rep_001_seed_202::step_0002,level_000024/rep_001_seed_202,24,1,202,1,2,step-0002-sales-sum-region-08-2012,1,True,463417,0.463417,466144,0.466144,64a10fe2cfc6e40c19c7e90de6d4aa9298107f33f69aa8e4ea4124d3042078bf,True
measurement,71,0,487,level_000024/rep_001_seed_202::step_0002,level_000024/rep_001_seed_202,24,1,202,1,2,step-0002-sales-sum-region-08-2012,1,True,485901,0.485901,488389,0.488389,64a10fe2cfc6e40c19c7e90de6d4aa9298107f33f69aa8e4ea4124d3042078bf,True
measurement,71,1,488,level_000024/rep_001_seed_202::step_0001,level_000024/rep_001_seed_202,24,1,202,0,1,step-0001-sales-sum-region-04-2013,0,True,516783,0.516783,518977,0.518977,77c210043d7c539665beebecdedb29f1a1452bedf16598411334fca91fbf173c,True
measurement,71,2,489,level_000012/rep_001_seed_202::step_0001,level_000012/rep_001_seed_202,12,1,202,0,1,step-0001-sales-sum-region-04-2013,0,True,395991,0.395991,406160,0.40616,146ee7ee7fa2e7d5f9061cb980ec0093e8608ce8582242d7f47f2f5c28dc8ada,True
measurement,71,3,490,level_000006/rep_001_seed_202::step_0001,level_000006/rep_001_seed_202,6,1,202,0,1,step-0001-sales-sum-region-04-2013,0,True,588420,0.58842,591751,0.591751,974bbcf9621910fcaf553e1107be6a17afd5da550f8209444277fda2e35a691d,True
measurement,71,4,491,level_000006/rep_001_seed_202::step_0002,level_000006/rep_001_seed_202,6,1,202,1,2,step-0002-sales-sum-region-08-2012,1,True,283930,0.28393,286293,0.286293,7a6190b9a582b50b404818edc40487315f9855c4241a5d4aebf59eddc93162d6,True
measurement,71,5,492,level_000012/rep_001_seed_202::step_0002,level_000012/rep_001_seed_202,12,1,202,1,2,step-0002-sales-sum-region-08-2012,1,True,331440,0.33144,334043,0.334043,55950104bc77972d4cd81a4b111e687f4d99306092ce2ee31e5fd57f0036fff2,True
measurement,72,0,493,level_000006/rep_001_seed_202::step_0002,level_000006/rep_001_seed_202,6,1,202,1,2,step-0002-sales-sum-region-08-2012,1,True,287630,0.28763,290249,0.290249,7a6190b9a582b50b404818edc40487315f9855c4241a5d4aebf59eddc93162d6,True
measurement,72,1,494,level_000006/rep_001_seed_202::step_0001,level_000006/rep_001_seed_202,6,1,202,0,1,step-0001-sales-sum-region-04-2013,0,True,351801,0.351801,354120,0.35412,974bbcf9621910fcaf553e1107be6a17afd5da550f8209444277fda2e35a691d,True
measurement,72,2,495,level_000012/rep_001_seed_202::step_0001,level_000012/rep_001_seed_202,12,1,202,0,1,step-0001-sales-sum-region-04-2013,0,True,414276,0.414276,416974,0.416974,146ee7ee7fa2e7d5f9061cb980ec0093e8608ce8582242d7f47f2f5c28dc8ada,True
measurement,72,3,496,level_000024/rep_001_seed_202::step_0001,level_000024/rep_001_seed_202,24,1,202,0,1,step-0001-sales-sum-region-04-2013,0,True,520700,0.5207,523553,0.523553,77c210043d7c539665beebecdedb29f1a1452bedf16598411334fca91fbf173c,True
measurement,72,4,497,level_000024/rep_001_seed_202::step_0002,level_000024/rep_001_seed_202,24,1,202,1,2,step-0002-sales-sum-region-08-2012,1,True,512327,0.512327,515413,0.515413,64a10fe2cfc6e40c19c7e90de6d4aa9298107f33f69aa8e4ea4124d3042078bf,True
measurement,72,5,498,level_000012/rep_001_seed_202::step_0002,level_000012/rep_001_seed_202,12,1,202,1,2,step-0002-sales-sum-region-08-2012,1,True,335125,0.335125,337450,0.33745,55950104bc77972d4cd81a4b111e687f4d99306092ce2ee31e5fd57f0036fff2,True
measurement,73,0,499,level_000006/rep_001_seed_202::step_0001,level_000006/rep_001_seed_202,6,1,202,0,1,step-0001-sales-sum-region-04-2013,0,True,349656,0.349656,352194,0.352194,974bbcf9621910fcaf553e1107be6a17afd5da550f8209444277fda2e35a691d,True
measurement,73,1,500,level_000012/rep_001_seed_202::step_0001,level_000012/rep_001_seed_202,12,1,202,0,1,step-0001-sales-sum-region-04-2013,0,True,399227,0.399227,401684,0.401684,146ee7ee7fa2e7d5f9061cb980ec0093e8608ce8582242d7f47f2f5c28dc8ada,True
measurement,73,2,501,level_000024/rep_001_seed_202::step_0001,level_000024/rep_001_seed_202,24,1,202,0,1,step-0001-sales-sum-region-04-2013,0,True,953414,0.953414,957900,0.9579,77c210043d7c539665beebecdedb29f1a1452bedf16598411334fca91fbf173c,True
measurement,73,3,502,level_000024/rep_001_seed_202::step_0002,level_000024/rep_001_seed_202,24,1,202,1,2,step-0002-sales-sum-region-08-2012,1,True,483935,0.483935,486587,0.486587,64a10fe2cfc6e40c19c7e90de6d4aa9298107f33f69aa8e4ea4124d3042078bf,True
measurement,73,4,503,level_000012/rep_001_seed_202::step_0002,level_000012/rep_001_seed_202,12,1,202,1,2,step-0002-sales-sum-region-08-2012,1,True,332847,0.332847,336003,0.336003,55950104bc77972d4cd81a4b111e687f4d99306092ce2ee31e5fd57f0036fff2,True
measurement,73,5,504,level_000006/rep_001_seed_202::step_0002,level_000006/rep_001_seed_202,6,1,202,1,2,step-0002-sales-sum-region-08-2012,1,True,285468,0.285468,288104,0.288104,7a6190b9a582b50b404818edc40487315f9855c4241a5d4aebf59eddc93162d6,True
measurement,74,0,505,level_000012/rep_001_seed_202::step_0001,level_000012/rep_001_seed_202,12,1,202,0,1,step-0001-sales-sum-region-04-2013,0,True,399797,0.399797,402096,0.402096,146ee7ee7fa2e7d5f9061cb980ec0093e8608ce8582242d7f47f2f5c28dc8ada,True
measurement,74,1,506,level_000024/rep_001_seed_202::step_0001,level_000024/rep_001_seed_202,24,1,202,0,1,step-0001-sales-sum-region-04-2013,0,True,521775,0.521775,524366,0.524366,77c210043d7c539665beebecdedb29f1a1452bedf16598411334fca91fbf173c,True
measurement,74,2,507,level_000024/rep_001_seed_202::step_0002,level_000024/rep_001_seed_202,24,1,202,1,2,step-0002-sales-sum-region-08-2012,1,True,491598,0.491598,494274,0.494274,64a10fe2cfc6e40c19c7e90de6d4aa9298107f33f69aa8e4ea4124d3042078bf,True
measurement,74,3,508,level_000012/rep_001_seed_202::step_0002,level_000012/rep_001_seed_202,12,1,202,1,2,step-0002-sales-sum-region-08-2012,1,True,346836,0.346836,349446,0.349446,55950104bc77972d4cd81a4b111e687f4d99306092ce2ee31e5fd57f0036fff2,True
measurement,74,4,509,level_000006/rep_001_seed_202::step_0002,level_000006/rep_001_seed_202,6,1,202,1,2,step-0002-sales-sum-region-08-2012,1,True,290079,0.290079,292777,0.292777,7a6190b9a582b50b404818edc40487315f9855c4241a5d4aebf59eddc93162d6,True
measurement,74,5,510,level_000006/rep_001_seed_202::step_0001,level_000006/rep_001_seed_202,6,1,202,0,1,step-0001-sales-sum-region-04-2013,0,True,346954,0.346954,349303,0.349303,974bbcf9621910fcaf553e1107be6a17afd5da550f8209444277fda2e35a691d,True
measurement,75,0,511,level_000024/rep_001_seed_202::step_0001,level_000024/rep_001_seed_202,24,1,202,0,1,step-0001-sales-sum-region-04-2013,0,True,934227,0.934227,938140,0.93814,77c210043d7c539665beebecdedb29f1a1452bedf16598411334fca91fbf173c,True
measurement,75,1,512,level_000024/rep_001_seed_202::step_0002,level_000024/rep_001_seed_202,24,1,202,1,2,step-0002-sales-sum-region-08-2012,1,True,469221,0.469221,471861,0.471861,64a10fe2cfc6e40c19c7e90de6d4aa9298107f33f69aa8e4ea4124d3042078bf,True
measurement,75,2,513,level_000012/rep_001_seed_202::step_0002,level_000012/rep_001_seed_202,12,1,202,1,2,step-0002-sales-sum-region-08-2012,1,True,344721,0.344721,347550,0.34755,55950104bc77972d4cd81a4b111e687f4d99306092ce2ee31e5fd57f0036fff2,True
measurement,75,3,514,level_000006/rep_001_seed_202::step_0002,level_000006/rep_001_seed_202,6,1,202,1,2,step-0002-sales-sum-region-08-2012,1,True,301887,0.301887,304413,0.304413,7a6190b9a582b50b404818edc40487315f9855c4241a5d4aebf59eddc93162d6,True
measurement,75,4,515,level_000006/rep_001_seed_202::step_0001,level_000006/rep_001_seed_202,6,1,202,0,1,step-0001-sales-sum-region-04-2013,0,True,566885,0.566885,570574,0.570574,974bbcf9621910fcaf553e1107be6a17afd5da550f8209444277fda2e35a691d,True
measurement,75,5,516,level_000012/rep_001_seed_202::step_0001,level_000012/rep_001_seed_202,12,1,202,0,1,step-0001-sales-sum-region-04-2013,0,True,389438,0.389438,391731,0.391731,146ee7ee7fa2e7d5f9061cb980ec0093e8608ce8582242d7f47f2f5c28dc8ada,True
measurement,76,0,517,level_000024/rep_001_seed_202::step_0002,level_000024/rep_001_seed_202,24,1,202,1,2,step-0002-sales-sum-region-08-2012,1,True,479871,0.479871,482560,0.48256,64a10fe2cfc6e40c19c7e90de6d4aa9298107f33f69aa8e4ea4124d3042078bf,True
measurement,76,1,518,level_000012/rep_001_seed_202::step_0002,level_000012/rep_001_seed_202,12,1,202,1,2,step-0002-sales-sum-region-08-2012,1,True,384518,0.384518,387955,0.387955,55950104bc77972d4cd81a4b111e687f4d99306092ce2ee31e5fd57f0036fff2,True
measurement,76,2,519,level_000006/rep_001_seed_202::step_0002,level_000006/rep_001_seed_202,6,1,202,1,2,step-0002-sales-sum-region-08-2012,1,True,283302,0.283302,285673,0.285673,7a6190b9a582b50b404818edc40487315f9855c4241a5d4aebf59eddc93162d6,True
measurement,76,3,520,level_000006/rep_001_seed_202::step_0001,level_000006/rep_001_seed_202,6,1,202,0,1,step-0001-sales-sum-region-04-2013,0,True,347713,0.347713,350208,0.350208,974bbcf9621910fcaf553e1107be6a17afd5da550f8209444277fda2e35a691d,True
measurement,76,4,521,level_000012/rep_001_seed_202::step_0001,level_000012/rep_001_seed_202,12,1,202,0,1,step-0001-sales-sum-region-04-2013,0,True,731614,0.731614,735618,0.735618,146ee7ee7fa2e7d5f9061cb980ec0093e8608ce8582242d7f47f2f5c28dc8ada,True
measurement,76,5,522,level_000024/rep_001_seed_202::step_0001,level_000024/rep_001_seed_202,24,1,202,0,1,step-0001-sales-sum-region-04-2013,0,True,523331,0.523331,526023,0.526023,77c210043d7c539665beebecdedb29f1a1452bedf16598411334fca91fbf173c,True
measurement,77,0,523,level_000012/rep_001_seed_202::step_0002,level_000012/rep_001_seed_202,12,1,202,1,2,step-0002-sales-sum-region-08-2012,1,True,329161,0.329161,332389,0.332389,55950104bc77972d4cd81a4b111e687f4d99306092ce2ee31e5fd57f0036fff2,True
measurement,77,1,524,level_000006/rep_001_seed_202::step_0002,level_000006/rep_001_seed_202,6,1,202,1,2,step-0002-sales-sum-region-08-2012,1,True,485624,0.485624,490443,0.490443,7a6190b9a582b50b404818edc40487315f9855c4241a5d4aebf59eddc93162d6,True
measurement,77,2,525,level_000006/rep_001_seed_202::step_0001,level_000006/rep_001_seed_202,6,1,202,0,1,step-0001-sales-sum-region-04-2013,0,True,334899,0.334899,337219,0.337219,974bbcf9621910fcaf553e1107be6a17afd5da550f8209444277fda2e35a691d,True
measurement,77,3,526,level_000012/rep_001_seed_202::step_0001,level_000012/rep_001_seed_202,12,1,202,0,1,step-0001-sales-sum-region-04-2013,0,True,389477,0.389477,392402,0.392402,146ee7ee7fa2e7d5f9061cb980ec0093e8608ce8582242d7f47f2f5c28dc8ada,True
measurement,77,4,527,level_000024/rep_001_seed_202::step_0001,level_000024/rep_001_seed_202,24,1,202,0,1,step-0001-sales-sum-region-04-2013,0,True,524052,0.524052,526488,0.526488,77c210043d7c539665beebecdedb29f1a1452bedf16598411334fca91fbf173c,True
measurement,77,5,528,level_000024/rep_001_seed_202::step_0002,level_000024/rep_001_seed_202,24,1,202,1,2,step-0002-sales-sum-region-08-2012,1,True,874537,0.874537,878428,0.878428,64a10fe2cfc6e40c19c7e90de6d4aa9298107f33f69aa8e4ea4124d3042078bf,True
measurement,78,0,529,level_000012/rep_001_seed_202::step_0002,level_000012/rep_001_seed_202,12,1,202,1,2,step-0002-sales-sum-region-08-2012,1,True,335916,0.335916,338420,0.33842,55950104bc77972d4cd81a4b111e687f4d99306092ce2ee31e5fd57f0036fff2,True
measurement,78,1,530,level_000024/rep_001_seed_202::step_0002,level_000024/rep_001_seed_202,24,1,202,1,2,step-0002-sales-sum-region-08-2012,1,True,477961,0.477961,480573,0.480573,64a10fe2cfc6e40c19c7e90de6d4aa9298107f33f69aa8e4ea4124d3042078bf,True
measurement,78,2,531,level_000024/rep_001_seed_202::step_0001,level_000024/rep_001_seed_202,24,1,202,0,1,step-0001-sales-sum-region-04-2013,0,True,513132,0.513132,515575,0.515575,77c210043d7c539665beebecdedb29f1a1452bedf16598411334fca91fbf173c,True
measurement,78,3,532,level_000012/rep_001_seed_202::step_0001,level_000012/rep_001_seed_202,12,1,202,0,1,step-0001-sales-sum-region-04-2013,0,True,461134,0.461134,463854,0.463854,146ee7ee7fa2e7d5f9061cb980ec0093e8608ce8582242d7f47f2f5c28dc8ada,True
measurement,78,4,533,level_000006/rep_001_seed_202::step_0001,level_000006/rep_001_seed_202,6,1,202,0,1,step-0001-sales-sum-region-04-2013,0,True,593685,0.593685,597057,0.597057,974bbcf9621910fcaf553e1107be6a17afd5da550f8209444277fda2e35a691d,True
measurement,78,5,534,level_000006/rep_001_seed_202::step_0002,level_000006/rep_001_seed_202,6,1,202,1,2,step-0002-sales-sum-region-08-2012,1,True,294973,0.294973,297403,0.297403,7a6190b9a582b50b404818edc40487315f9855c4241a5d4aebf59eddc93162d6,True
measurement,79,0,535,level_000006/rep_001_seed_202::step_0002,level_000006/rep_001_seed_202,6,1,202,1,2,step-0002-sales-sum-region-08-2012,1,True,291981,0.291981,294350,0.29435,7a6190b9a582b50b404818edc40487315f9855c4241a5d4aebf59eddc93162d6,True
measurement,79,1,536,level_000012/rep_001_seed_202::step_0002,level_000012/rep_001_seed_202,12,1,202,1,2,step-0002-sales-sum-region-08-2012,1,True,710471,0.710471,714317,0.714317,55950104bc77972d4cd81a4b111e687f4d99306092ce2ee31e5fd57f0036fff2,True
measurement,79,2,537,level_000024/rep_001_seed_202::step_0002,level_000024/rep_001_seed_202,24,1,202,1,2,step-0002-sales-sum-region-08-2012,1,True,472735,0.472735,475348,0.475348,64a10fe2cfc6e40c19c7e90de6d4aa9298107f33f69aa8e4ea4124d3042078bf,True
measurement,79,3,538,level_000024/rep_001_seed_202::step_0001,level_000024/rep_001_seed_202,24,1,202,0,1,step-0001-sales-sum-region-04-2013,0,True,513058,0.513058,515576,0.515576,77c210043d7c539665beebecdedb29f1a1452bedf16598411334fca91fbf173c,True
measurement,79,4,539,level_000012/rep_001_seed_202::step_0001,level_000012/rep_001_seed_202,12,1,202,0,1,step-0001-sales-sum-region-04-2013,0,True,506241,0.506241,509631,0.509631,146ee7ee7fa2e7d5f9061cb980ec0093e8608ce8582242d7f47f2f5c28dc8ada,True
measurement,79,5,540,level_000006/rep_001_seed_202::step_0001,level_000006/rep_001_seed_202,6,1,202,0,1,step-0001-sales-sum-region-04-2013,0,True,344467,0.344467,346823,0.346823,974bbcf9621910fcaf553e1107be6a17afd5da550f8209444277fda2e35a691d,True
measurement,80,0,541,level_000006/rep_001_seed_202::step_0001,level_000006/rep_001_seed_202,6,1,202,0,1,step-0001-sales-sum-region-04-2013,0,True,351236,0.351236,353770,0.35377,974bbcf9621910fcaf553e1107be6a17afd5da550f8209444277fda2e35a691d,True
measurement,80,1,542,level_000006/rep_001_seed_202::step_0002,level_000006/rep_001_seed_202,6,1,202,1,2,step-0002-sales-sum-region-08-2012,1,True,574122,0.574122,578948,0.578948,7a6190b9a582b50b404818edc40487315f9855c4241a5d4aebf59eddc93162d6,True
measurement,80,2,543,level_000012/rep_001_seed_202::step_0002,level_000012/rep_001_seed_202,12,1,202,1,2,step-0002-sales-sum-region-08-2012,1,True,670562,0.670562,675021,0.675021,55950104bc77972d4cd81a4b111e687f4d99306092ce2ee31e5fd57f0036fff2,True
measurement,80,3,544,level_000024/rep_001_seed_202::step_0002,level_000024/rep_001_seed_202,24,1,202,1,2,step-0002-sales-sum-region-08-2012,1,True,484870,0.48487,487832,0.487832,64a10fe2cfc6e40c19c7e90de6d4aa9298107f33f69aa8e4ea4124d3042078bf,True
measurement,80,4,545,level_000024/rep_001_seed_202::step_0001,level_000024/rep_001_seed_202,24,1,202,0,1,step-0001-sales-sum-region-04-2013,0,True,522037,0.522037,524503,0.524503,77c210043d7c539665beebecdedb29f1a1452bedf16598411334fca91fbf173c,True
measurement,80,5,546,level_000012/rep_001_seed_202::step_0001,level_000012/rep_001_seed_202,12,1,202,0,1,step-0001-sales-sum-region-04-2013,0,True,415005,0.415005,417511,0.417511,146ee7ee7fa2e7d5f9061cb980ec0093e8608ce8582242d7f47f2f5c28dc8ada,True
measurement,81,0,547,level_000012/rep_001_seed_202::step_0001,level_000012/rep_001_seed_202,12,1,202,0,1,step-0001-sales-sum-region-04-2013,0,True,396785,0.396785,399446,0.399446,146ee7ee7fa2e7d5f9061cb980ec0093e8608ce8582242d7f47f2f5c28dc8ada,True
measurement,81,1,548,level_000006/rep_001_seed_202::step_0001,level_000006/rep_001_seed_202,6,1,202,0,1,step-0001-sales-sum-region-04-2013,0,True,479324,0.479324,483540,0.48354,974bbcf9621910fcaf553e1107be6a17afd5da550f8209444277fda2e35a691d,True
measurement,81,2,549,level_000006/rep_001_seed_202::step_0002,level_000006/rep_001_seed_202,6,1,202,1,2,step-0002-sales-sum-region-08-2012,1,True,288484,0.288484,291218,0.291218,7a6190b9a582b50b404818edc40487315f9855c4241a5d4aebf59eddc93162d6,True
measurement,81,3,550,level_000012/rep_001_seed_202::step_0002,level_000012/rep_001_seed_202,12,1,202,1,2,step-0002-sales-sum-region-08-2012,1,True,334529,0.334529,337494,0.337494,55950104bc77972d4cd81a4b111e687f4d99306092ce2ee31e5fd57f0036fff2,True
measurement,81,4,551,level_000024/rep_001_seed_202::step_0002,level_000024/rep_001_seed_202,24,1,202,1,2,step-0002-sales-sum-region-08-2012,1,True,504944,0.504944,507858,0.507858,64a10fe2cfc6e40c19c7e90de6d4aa9298107f33f69aa8e4ea4124d3042078bf,True
measurement,81,5,552,level_000024/rep_001_seed_202::step_0001,level_000024/rep_001_seed_202,24,1,202,0,1,step-0001-sales-sum-region-04-2013,0,True,917217,0.917217,921873,0.921873,77c210043d7c539665beebecdedb29f1a1452bedf16598411334fca91fbf173c,True
measurement,82,0,553,level_000024/rep_001_seed_202::step_0001,level_000024/rep_001_seed_202,24,1,202,0,1,step-0001-sales-sum-region-04-2013,0,True,612886,0.612886,616770,0.61677,77c210043d7c539665beebecdedb29f1a1452bedf16598411334fca91fbf173c,True
measurement,82,1,554,level_000012/rep_001_seed_202::step_0001,level_000012/rep_001_seed_202,12,1,202,0,1,step-0001-sales-sum-region-04-2013,0,True,410784,0.410784,413351,0.413351,146ee7ee7fa2e7d5f9061cb980ec0093e8608ce8582242d7f47f2f5c28dc8ada,True
measurement,82,2,555,level_000006/rep_001_seed_202::step_0001,level_000006/rep_001_seed_202,6,1,202,0,1,step-0001-sales-sum-region-04-2013,0,True,347600,0.3476,350352,0.350352,974bbcf9621910fcaf553e1107be6a17afd5da550f8209444277fda2e35a691d,True
measurement,82,3,556,level_000006/rep_001_seed_202::step_0002,level_000006/rep_001_seed_202,6,1,202,1,2,step-0002-sales-sum-region-08-2012,1,True,556485,0.556485,567785,0.567785,7a6190b9a582b50b404818edc40487315f9855c4241a5d4aebf59eddc93162d6,True
measurement,82,4,557,level_000012/rep_001_seed_202::step_0002,level_000012/rep_001_seed_202,12,1,202,1,2,step-0002-sales-sum-region-08-2012,1,True,333228,0.333228,335645,0.335645,55950104bc77972d4cd81a4b111e687f4d99306092ce2ee31e5fd57f0036fff2,True
measurement,82,5,558,level_000024/rep_001_seed_202::step_0002,level_000024/rep_001_seed_202,24,1,202,1,2,step-0002-sales-sum-region-08-2012,1,True,467089,0.467089,469477,0.469477,64a10fe2cfc6e40c19c7e90de6d4aa9298107f33f69aa8e4ea4124d3042078bf,True
measurement,83,0,559,level_000024/rep_001_seed_202::step_0002,level_000024/rep_001_seed_202,24,1,202,1,2,step-0002-sales-sum-region-08-2012,1,True,475167,0.475167,477999,0.477999,64a10fe2cfc6e40c19c7e90de6d4aa9298107f33f69aa8e4ea4124d3042078bf,True
measurement,83,1,560,level_000024/rep_001_seed_202::step_0001,level_000024/rep_001_seed_202,24,1,202,0,1,step-0001-sales-sum-region-04-2013,0,True,519088,0.519088,521394,0.521394,77c210043d7c539665beebecdedb29f1a1452bedf16598411334fca91fbf173c,True
measurement,83,2,561,level_000012/rep_001_seed_202::step_0001,level_000012/rep_001_seed_202,12,1,202,0,1,step-0001-sales-sum-region-04-2013,0,True,396054,0.396054,398355,0.398355,146ee7ee7fa2e7d5f9061cb980ec0093e8608ce8582242d7f47f2f5c28dc8ada,True
measurement,83,3,562,level_000006/rep_001_seed_202::step_0001,level_000006/rep_001_seed_202,6,1,202,0,1,step-0001-sales-sum-region-04-2013,0,True,337601,0.337601,340169,0.340169,974bbcf9621910fcaf553e1107be6a17afd5da550f8209444277fda2e35a691d,True
measurement,83,4,563,level_000006/rep_001_seed_202::step_0002,level_000006/rep_001_seed_202,6,1,202,1,2,step-0002-sales-sum-region-08-2012,1,True,299156,0.299156,301874,0.301874,7a6190b9a582b50b404818edc40487315f9855c4241a5d4aebf59eddc93162d6,True
measurement,83,5,564,level_000012/rep_001_seed_202::step_0002,level_000012/rep_001_seed_202,12,1,202,1,2,step-0002-sales-sum-region-08-2012,1,True,337221,0.337221,340031,0.340031,55950104bc77972d4cd81a4b111e687f4d99306092ce2ee31e5fd57f0036fff2,True
measurement,84,0,565,level_000006/rep_001_seed_202::step_0002,level_000006/rep_001_seed_202,6,1,202,1,2,step-0002-sales-sum-region-08-2012,1,True,294541,0.294541,297575,0.297575,7a6190b9a582b50b404818edc40487315f9855c4241a5d4aebf59eddc93162d6,True
measurement,84,1,566,level_000006/rep_001_seed_202::step_0001,level_000006/rep_001_seed_202,6,1,202,0,1,step-0001-sales-sum-region-04-2013,0,True,448587,0.448587,451609,0.451609,974bbcf9621910fcaf553e1107be6a17afd5da550f8209444277fda2e35a691d,True
measurement,84,2,567,level_000012/rep_001_seed_202::step_0001,level_000012/rep_001_seed_202,12,1,202,0,1,step-0001-sales-sum-region-04-2013,0,True,393270,0.39327,396234,0.396234,146ee7ee7fa2e7d5f9061cb980ec0093e8608ce8582242d7f47f2f5c28dc8ada,True
measurement,84,3,568,level_000024/rep_001_seed_202::step_0001,level_000024/rep_001_seed_202,24,1,202,0,1,step-0001-sales-sum-region-04-2013,0,True,518259,0.518259,520732,0.520732,77c210043d7c539665beebecdedb29f1a1452bedf16598411334fca91fbf173c,True
measurement,84,4,569,level_000024/rep_001_seed_202::step_0002,level_000024/rep_001_seed_202,24,1,202,1,2,step-0002-sales-sum-region-08-2012,1,True,479102,0.479102,481538,0.481538,64a10fe2cfc6e40c19c7e90de6d4aa9298107f33f69aa8e4ea4124d3042078bf,True
measurement,84,5,570,level_000012/rep_001_seed_202::step_0002,level_000012/rep_001_seed_202,12,1,202,1,2,step-0002-sales-sum-region-08-2012,1,True,333238,0.333238,335612,0.335612,55950104bc77972d4cd81a4b111e687f4d99306092ce2ee31e5fd57f0036fff2,True
measurement,85,0,571,level_000006/rep_001_seed_202::step_0001,level_000006/rep_001_seed_202,6,1,202,0,1,step-0001-sales-sum-region-04-2013,0,True,347272,0.347272,349734,0.349734,974bbcf9621910fcaf553e1107be6a17afd5da550f8209444277fda2e35a691d,True
measurement,85,1,572,level_000012/rep_001_seed_202::step_0001,level_000012/rep_001_seed_202,12,1,202,0,1,step-0001-sales-sum-region-04-2013,0,True,393023,0.393023,395354,0.395354,146ee7ee7fa2e7d5f9061cb980ec0093e8608ce8582242d7f47f2f5c28dc8ada,True
measurement,85,2,573,level_000024/rep_001_seed_202::step_0001,level_000024/rep_001_seed_202,24,1,202,0,1,step-0001-sales-sum-region-04-2013,0,True,938087,0.938087,941948,0.941948,77c210043d7c539665beebecdedb29f1a1452bedf16598411334fca91fbf173c,True
measurement,85,3,574,level_000024/rep_001_seed_202::step_0002,level_000024/rep_001_seed_202,24,1,202,1,2,step-0002-sales-sum-region-08-2012,1,True,519533,0.519533,522426,0.522426,64a10fe2cfc6e40c19c7e90de6d4aa9298107f33f69aa8e4ea4124d3042078bf,True
measurement,85,4,575,level_000012/rep_001_seed_202::step_0002,level_000012/rep_001_seed_202,12,1,202,1,2,step-0002-sales-sum-region-08-2012,1,True,347379,0.347379,349778,0.349778,55950104bc77972d4cd81a4b111e687f4d99306092ce2ee31e5fd57f0036fff2,True
measurement,85,5,576,level_000006/rep_001_seed_202::step_0002,level_000006/rep_001_seed_202,6,1,202,1,2,step-0002-sales-sum-region-08-2012,1,True,293851,0.293851,296180,0.29618,7a6190b9a582b50b404818edc40487315f9855c4241a5d4aebf59eddc93162d6,True
measurement,86,0,577,level_000012/rep_001_seed_202::step_0001,level_000012/rep_001_seed_202,12,1,202,0,1,step-0001-sales-sum-region-04-2013,0,True,394015,0.394015,396795,0.396795,146ee7ee7fa2e7d5f9061cb980ec0093e8608ce8582242d7f47f2f5c28dc8ada,True
measurement,86,1,578,level_000024/rep_001_seed_202::step_0001,level_000024/rep_001_seed_202,24,1,202,0,1,step-0001-sales-sum-region-04-2013,0,True,507186,0.507186,509420,0.50942,77c210043d7c539665beebecdedb29f1a1452bedf16598411334fca91fbf173c,True
measurement,86,2,579,level_000024/rep_001_seed_202::step_0002,level_000024/rep_001_seed_202,24,1,202,1,2,step-0002-sales-sum-region-08-2012,1,True,482725,0.482725,485843,0.485843,64a10fe2cfc6e40c19c7e90de6d4aa9298107f33f69aa8e4ea4124d3042078bf,True
measurement,86,3,580,level_000012/rep_001_seed_202::step_0002,level_000012/rep_001_seed_202,12,1,202,1,2,step-0002-sales-sum-region-08-2012,1,True,344519,0.344519,347227,0.347227,55950104bc77972d4cd81a4b111e687f4d99306092ce2ee31e5fd57f0036fff2,True
measurement,86,4,581,level_000006/rep_001_seed_202::step_0002,level_000006/rep_001_seed_202,6,1,202,1,2,step-0002-sales-sum-region-08-2012,1,True,293746,0.293746,296173,0.296173,7a6190b9a582b50b404818edc40487315f9855c4241a5d4aebf59eddc93162d6,True
measurement,86,5,582,level_000006/rep_001_seed_202::step_0001,level_000006/rep_001_seed_202,6,1,202,0,1,step-0001-sales-sum-region-04-2013,0,True,330104,0.330104,332486,0.332486,974bbcf9621910fcaf553e1107be6a17afd5da550f8209444277fda2e35a691d,True
measurement,87,0,583,level_000024/rep_001_seed_202::step_0001,level_000024/rep_001_seed_202,24,1,202,0,1,step-0001-sales-sum-region-04-2013,0,True,520859,0.520859,523344,0.523344,77c210043d7c539665beebecdedb29f1a1452bedf16598411334fca91fbf173c,True
measurement,87,1,584,level_000024/rep_001_seed_202::step_0002,level_000024/rep_001_seed_202,24,1,202,1,2,step-0002-sales-sum-region-08-2012,1,True,465084,0.465084,467688,0.467688,64a10fe2cfc6e40c19c7e90de6d4aa9298107f33f69aa8e4ea4124d3042078bf,True
measurement,87,2,585,level_000012/rep_001_seed_202::step_0002,level_000012/rep_001_seed_202,12,1,202,1,2,step-0002-sales-sum-region-08-2012,1,True,331473,0.331473,333877,0.333877,55950104bc77972d4cd81a4b111e687f4d99306092ce2ee31e5fd57f0036fff2,True
measurement,87,3,586,level_000006/rep_001_seed_202::step_0002,level_000006/rep_001_seed_202,6,1,202,1,2,step-0002-sales-sum-region-08-2012,1,True,547508,0.547508,552127,0.552127,7a6190b9a582b50b404818edc40487315f9855c4241a5d4aebf59eddc93162d6,True
measurement,87,4,587,level_000006/rep_001_seed_202::step_0001,level_000006/rep_001_seed_202,6,1,202,0,1,step-0001-sales-sum-region-04-2013,0,True,2649519,2.649519,655944,0.655944,974bbcf9621910fcaf553e1107be6a17afd5da550f8209444277fda2e35a691d,True
measurement,87,5,588,level_000012/rep_001_seed_202::step_0001,level_000012/rep_001_seed_202,12,1,202,0,1,step-0001-sales-sum-region-04-2013,0,True,854466,0.854466,792384,0.792384,146ee7ee7fa2e7d5f9061cb980ec0093e8608ce8582242d7f47f2f5c28dc8ada,True
measurement,88,0,589,level_000024/rep_001_seed_202::step_0002,level_000024/rep_001_seed_202,24,1,202,1,2,step-0002-sales-sum-region-08-2012,1,True,478592,0.478592,481531,0.481531,64a10fe2cfc6e40c19c7e90de6d4aa9298107f33f69aa8e4ea4124d3042078bf,True
measurement,88,1,590,level_000012/rep_001_seed_202::step_0002,level_000012/rep_001_seed_202,12,1,202,1,2,step-0002-sales-sum-region-08-2012,1,True,345845,0.345845,348232,0.348232,55950104bc77972d4cd81a4b111e687f4d99306092ce2ee31e5fd57f0036fff2,True
measurement,88,2,591,level_000006/rep_001_seed_202::step_0002,level_000006/rep_001_seed_202,6,1,202,1,2,step-0002-sales-sum-region-08-2012,1,True,493943,0.493943,498064,0.498064,7a6190b9a582b50b404818edc40487315f9855c4241a5d4aebf59eddc93162d6,True
measurement,88,3,592,level_000006/rep_001_seed_202::step_0001,level_000006/rep_001_seed_202,6,1,202,0,1,step-0001-sales-sum-region-04-2013,0,True,353483,0.353483,356016,0.356016,974bbcf9621910fcaf553e1107be6a17afd5da550f8209444277fda2e35a691d,True
measurement,88,4,593,level_000012/rep_001_seed_202::step_0001,level_000012/rep_001_seed_202,12,1,202,0,1,step-0001-sales-sum-region-04-2013,0,True,387476,0.387476,389942,0.389942,146ee7ee7fa2e7d5f9061cb980ec0093e8608ce8582242d7f47f2f5c28dc8ada,True
measurement,88,5,594,level_000024/rep_001_seed_202::step_0001,level_000024/rep_001_seed_202,24,1,202,0,1,step-0001-sales-sum-region-04-2013,0,True,516886,0.516886,519381,0.519381,77c210043d7c539665beebecdedb29f1a1452bedf16598411334fca91fbf173c,True
measurement,89,0,595,level_000012/rep_001_seed_202::step_0002,level_000012/rep_001_seed_202,12,1,202,1,2,step-0002-sales-sum-region-08-2012,1,True,340826,0.340826,343257,0.343257,55950104bc77972d4cd81a4b111e687f4d99306092ce2ee31e5fd57f0036fff2,True
measurement,89,1,596,level_000006/rep_001_seed_202::step_0002,level_000006/rep_001_seed_202,6,1,202,1,2,step-0002-sales-sum-region-08-2012,1,True,282612,0.282612,285040,0.28504,7a6190b9a582b50b404818edc40487315f9855c4241a5d4aebf59eddc93162d6,True
measurement,89,2,597,level_000006/rep_001_seed_202::step_0001,level_000006/rep_001_seed_202,6,1,202,0,1,step-0001-sales-sum-region-04-2013,0,True,354494,0.354494,357037,0.357037,974bbcf9621910fcaf553e1107be6a17afd5da550f8209444277fda2e35a691d,True
measurement,89,3,598,level_000012/rep_001_seed_202::step_0001,level_000012/rep_001_seed_202,12,1,202,0,1,step-0001-sales-sum-region-04-2013,0,True,401561,0.401561,404125,0.404125,146ee7ee7fa2e7d5f9061cb980ec0093e8608ce8582242d7f47f2f5c28dc8ada,True
measurement,89,4,599,level_000024/rep_001_seed_202::step_0001,level_000024/rep_001_seed_202,24,1,202,0,1,step-0001-sales-sum-region-04-2013,0,True,567776,0.567776,570840,0.57084,77c210043d7c539665beebecdedb29f1a1452bedf16598411334fca91fbf173c,True
measurement,89,5,600,level_000024/rep_001_seed_202::step_0002,level_000024/rep_001_seed_202,24,1,202,1,2,step-0002-sales-sum-region-08-2012,1,True,479058,0.479058,481601,0.481601,64a10fe2cfc6e40c19c7e90de6d4aa9298107f33f69aa8e4ea4124d3042078bf,True
measurement,90,0,601,level_000012/rep_001_seed_202::step_0002,level_000012/rep_001_seed_202,12,1,202,1,2,step-0002-sales-sum-region-08-2012,1,True,332458,0.332458,334903,0.334903,55950104bc77972d4cd81a4b111e687f4d99306092ce2ee31e5fd57f0036fff2,True
measurement,90,1,602,level_000024/rep_001_seed_202::step_0002,level_000024/rep_001_seed_202,24,1,202,1,2,step-0002-sales-sum-region-08-2012,1,True,508562,0.508562,511600,0.5116,64a10fe2cfc6e40c19c7e90de6d4aa9298107f33f69aa8e4ea4124d3042078bf,True
measurement,90,2,603,level_000024/rep_001_seed_202::step_0001,level_000024/rep_001_seed_202,24,1,202,0,1,step-0001-sales-sum-region-04-2013,0,True,533617,0.533617,536191,0.536191,77c210043d7c539665beebecdedb29f1a1452bedf16598411334fca91fbf173c,True
measurement,90,3,604,level_000012/rep_001_seed_202::step_0001,level_000012/rep_001_seed_202,12,1,202,0,1,step-0001-sales-sum-region-04-2013,0,True,397440,0.39744,400516,0.400516,146ee7ee7fa2e7d5f9061cb980ec0093e8608ce8582242d7f47f2f5c28dc8ada,True
measurement,90,4,605,level_000006/rep_001_seed_202::step_0001,level_000006/rep_001_seed_202,6,1,202,0,1,step-0001-sales-sum-region-04-2013,0,True,334524,0.334524,336489,0.336489,974bbcf9621910fcaf553e1107be6a17afd5da550f8209444277fda2e35a691d,True
measurement,90,5,606,level_000006/rep_001_seed_202::step_0002,level_000006/rep_001_seed_202,6,1,202,1,2,step-0002-sales-sum-region-08-2012,1,True,284001,0.284001,286184,0.286184,7a6190b9a582b50b404818edc40487315f9855c4241a5d4aebf59eddc93162d6,True
measurement,91,0,607,level_000006/rep_001_seed_202::step_0002,level_000006/rep_001_seed_202,6,1,202,1,2,step-0002-sales-sum-region-08-2012,1,True,285442,0.285442,287894,0.287894,7a6190b9a582b50b404818edc40487315f9855c4241a5d4aebf59eddc93162d6,True
measurement,91,1,608,level_000012/rep_001_seed_202::step_0002,level_000012/rep_001_seed_202,12,1,202,1,2,step-0002-sales-sum-region-08-2012,1,True,332241,0.332241,335821,0.335821,55950104bc77972d4cd81a4b111e687f4d99306092ce2ee31e5fd57f0036fff2,True
measurement,91,2,609,level_000024/rep_001_seed_202::step_0002,level_000024/rep_001_seed_202,24,1,202,1,2,step-0002-sales-sum-region-08-2012,1,True,472236,0.472236,475035,0.475035,64a10fe2cfc6e40c19c7e90de6d4aa9298107f33f69aa8e4ea4124d3042078bf,True
measurement,91,3,610,level_000024/rep_001_seed_202::step_0001,level_000024/rep_001_seed_202,24,1,202,0,1,step-0001-sales-sum-region-04-2013,0,True,514333,0.514333,516661,0.516661,77c210043d7c539665beebecdedb29f1a1452bedf16598411334fca91fbf173c,True
measurement,91,4,611,level_000012/rep_001_seed_202::step_0001,level_000012/rep_001_seed_202,12,1,202,0,1,step-0001-sales-sum-region-04-2013,0,True,701998,0.701998,705517,0.705517,146ee7ee7fa2e7d5f9061cb980ec0093e8608ce8582242d7f47f2f5c28dc8ada,True
measurement,91,5,612,level_000006/rep_001_seed_202::step_0001,level_000006/rep_001_seed_202,6,1,202,0,1,step-0001-sales-sum-region-04-2013,0,True,335502,0.335502,337461,0.337461,974bbcf9621910fcaf553e1107be6a17afd5da550f8209444277fda2e35a691d,True
measurement,92,0,613,level_000006/rep_001_seed_202::step_0001,level_000006/rep_001_seed_202,6,1,202,0,1,step-0001-sales-sum-region-04-2013,0,True,344753,0.344753,346985,0.346985,974bbcf9621910fcaf553e1107be6a17afd5da550f8209444277fda2e35a691d,True
measurement,92,1,614,level_000006/rep_001_seed_202::step_0002,level_000006/rep_001_seed_202,6,1,202,1,2,step-0002-sales-sum-region-08-2012,1,True,285406,0.285406,287561,0.287561,7a6190b9a582b50b404818edc40487315f9855c4241a5d4aebf59eddc93162d6,True
measurement,92,2,615,level_000012/rep_001_seed_202::step_0002,level_000012/rep_001_seed_202,12,1,202,1,2,step-0002-sales-sum-region-08-2012,1,True,632416,0.632416,636729,0.636729,55950104bc77972d4cd81a4b111e687f4d99306092ce2ee31e5fd57f0036fff2,True
measurement,92,3,616,level_000024/rep_001_seed_202::step_0002,level_000024/rep_001_seed_202,24,1,202,1,2,step-0002-sales-sum-region-08-2012,1,True,474587,0.474587,477370,0.47737,64a10fe2cfc6e40c19c7e90de6d4aa9298107f33f69aa8e4ea4124d3042078bf,True
measurement,92,4,617,level_000024/rep_001_seed_202::step_0001,level_000024/rep_001_seed_202,24,1,202,0,1,step-0001-sales-sum-region-04-2013,0,True,518470,0.51847,520991,0.520991,77c210043d7c539665beebecdedb29f1a1452bedf16598411334fca91fbf173c,True
measurement,92,5,618,level_000012/rep_001_seed_202::step_0001,level_000012/rep_001_seed_202,12,1,202,0,1,step-0001-sales-sum-region-04-2013,0,True,575354,0.575354,578369,0.578369,146ee7ee7fa2e7d5f9061cb980ec0093e8608ce8582242d7f47f2f5c28dc8ada,True
measurement,93,0,619,level_000012/rep_001_seed_202::step_0001,level_000012/rep_001_seed_202,12,1,202,0,1,step-0001-sales-sum-region-04-2013,0,True,392176,0.392176,394708,0.394708,146ee7ee7fa2e7d5f9061cb980ec0093e8608ce8582242d7f47f2f5c28dc8ada,True
measurement,93,1,620,level_000006/rep_001_seed_202::step_0001,level_000006/rep_001_seed_202,6,1,202,0,1,step-0001-sales-sum-region-04-2013,0,True,335395,0.335395,337604,0.337604,974bbcf9621910fcaf553e1107be6a17afd5da550f8209444277fda2e35a691d,True
measurement,93,2,621,level_000006/rep_001_seed_202::step_0002,level_000006/rep_001_seed_202,6,1,202,1,2,step-0002-sales-sum-region-08-2012,1,True,286531,0.286531,288809,0.288809,7a6190b9a582b50b404818edc40487315f9855c4241a5d4aebf59eddc93162d6,True
measurement,93,3,622,level_000012/rep_001_seed_202::step_0002,level_000012/rep_001_seed_202,12,1,202,1,2,step-0002-sales-sum-region-08-2012,1,True,339326,0.339326,341952,0.341952,55950104bc77972d4cd81a4b111e687f4d99306092ce2ee31e5fd57f0036fff2,True
measurement,93,4,623,level_000024/rep_001_seed_202::step_0002,level_000024/rep_001_seed_202,24,1,202,1,2,step-0002-sales-sum-region-08-2012,1,True,518820,0.51882,522203,0.522203,64a10fe2cfc6e40c19c7e90de6d4aa9298107f33f69aa8e4ea4124d3042078bf,True
measurement,93,5,624,level_000024/rep_001_seed_202::step_0001,level_000024/rep_001_seed_202,24,1,202,0,1,step-0001-sales-sum-region-04-2013,0,True,521663,0.521663,524042,0.524042,77c210043d7c539665beebecdedb29f1a1452bedf16598411334fca91fbf173c,True
measurement,94,0,625,level_000024/rep_001_seed_202::step_0001,level_000024/rep_001_seed_202,24,1,202,0,1,step-0001-sales-sum-region-04-2013,0,True,524011,0.524011,526454,0.526454,77c210043d7c539665beebecdedb29f1a1452bedf16598411334fca91fbf173c,True
measurement,94,1,626,level_000012/rep_001_seed_202::step_0001,level_000012/rep_001_seed_202,12,1,202,0,1,step-0001-sales-sum-region-04-2013,0,True,395403,0.395403,397973,0.397973,146ee7ee7fa2e7d5f9061cb980ec0093e8608ce8582242d7f47f2f5c28dc8ada,True
measurement,94,2,627,level_000006/rep_001_seed_202::step_0001,level_000006/rep_001_seed_202,6,1,202,0,1,step-0001-sales-sum-region-04-2013,0,True,355222,0.355222,358019,0.358019,974bbcf9621910fcaf553e1107be6a17afd5da550f8209444277fda2e35a691d,True
measurement,94,3,628,level_000006/rep_001_seed_202::step_0002,level_000006/rep_001_seed_202,6,1,202,1,2,step-0002-sales-sum-region-08-2012,1,True,296164,0.296164,298794,0.298794,7a6190b9a582b50b404818edc40487315f9855c4241a5d4aebf59eddc93162d6,True
measurement,94,4,629,level_000012/rep_001_seed_202::step_0002,level_000012/rep_001_seed_202,12,1,202,1,2,step-0002-sales-sum-region-08-2012,1,True,326559,0.326559,329490,0.32949,55950104bc77972d4cd81a4b111e687f4d99306092ce2ee31e5fd57f0036fff2,True
measurement,94,5,630,level_000024/rep_001_seed_202::step_0002,level_000024/rep_001_seed_202,24,1,202,1,2,step-0002-sales-sum-region-08-2012,1,True,467979,0.467979,470783,0.470783,64a10fe2cfc6e40c19c7e90de6d4aa9298107f33f69aa8e4ea4124d3042078bf,True
measurement,95,0,631,level_000024/rep_001_seed_202::step_0002,level_000024/rep_001_seed_202,24,1,202,1,2,step-0002-sales-sum-region-08-2012,1,True,468030,0.46803,470488,0.470488,64a10fe2cfc6e40c19c7e90de6d4aa9298107f33f69aa8e4ea4124d3042078bf,True
measurement,95,1,632,level_000024/rep_001_seed_202::step_0001,level_000024/rep_001_seed_202,24,1,202,0,1,step-0001-sales-sum-region-04-2013,0,True,525911,0.525911,528523,0.528523,77c210043d7c539665beebecdedb29f1a1452bedf16598411334fca91fbf173c,True
measurement,95,2,633,level_000012/rep_001_seed_202::step_0001,level_000012/rep_001_seed_202,12,1,202,0,1,step-0001-sales-sum-region-04-2013,0,True,400281,0.400281,403080,0.40308,146ee7ee7fa2e7d5f9061cb980ec0093e8608ce8582242d7f47f2f5c28dc8ada,True
measurement,95,3,634,level_000006/rep_001_seed_202::step_0001,level_000006/rep_001_seed_202,6,1,202,0,1,step-0001-sales-sum-region-04-2013,0,True,331954,0.331954,334004,0.334004,974bbcf9621910fcaf553e1107be6a17afd5da550f8209444277fda2e35a691d,True
measurement,95,4,635,level_000006/rep_001_seed_202::step_0002,level_000006/rep_001_seed_202,6,1,202,1,2,step-0002-sales-sum-region-08-2012,1,True,585393,0.585393,589739,0.589739,7a6190b9a582b50b404818edc40487315f9855c4241a5d4aebf59eddc93162d6,True
measurement,95,5,636,level_000012/rep_001_seed_202::step_0002,level_000012/rep_001_seed_202,12,1,202,1,2,step-0002-sales-sum-region-08-2012,1,True,333804,0.333804,336523,0.336523,55950104bc77972d4cd81a4b111e687f4d99306092ce2ee31e5fd57f0036fff2,True
measurement,96,0,637,level_000006/rep_001_seed_202::step_0002,level_000006/rep_001_seed_202,6,1,202,1,2,step-0002-sales-sum-region-08-2012,1,True,282755,0.282755,285678,0.285678,7a6190b9a582b50b404818edc40487315f9855c4241a5d4aebf59eddc93162d6,True
measurement,96,1,638,level_000006/rep_001_seed_202::step_0001,level_000006/rep_001_seed_202,6,1,202,0,1,step-0001-sales-sum-region-04-2013,0,True,334088,0.334088,336511,0.336511,974bbcf9621910fcaf553e1107be6a17afd5da550f8209444277fda2e35a691d,True
measurement,96,2,639,level_000012/rep_001_seed_202::step_0001,level_000012/rep_001_seed_202,12,1,202,0,1,step-0001-sales-sum-region-04-2013,0,True,675109,0.675109,678655,0.678655,146ee7ee7fa2e7d5f9061cb980ec0093e8608ce8582242d7f47f2f5c28dc8ada,True
measurement,96,3,640,level_000024/rep_001_seed_202::step_0001,level_000024/rep_001_seed_202,24,1,202,0,1,step-0001-sales-sum-region-04-2013,0,True,528012,0.528012,530973,0.530973,77c210043d7c539665beebecdedb29f1a1452bedf16598411334fca91fbf173c,True
measurement,96,4,641,level_000024/rep_001_seed_202::step_0002,level_000024/rep_001_seed_202,24,1,202,1,2,step-0002-sales-sum-region-08-2012,1,True,467915,0.467915,470737,0.470737,64a10fe2cfc6e40c19c7e90de6d4aa9298107f33f69aa8e4ea4124d3042078bf,True
measurement,96,5,642,level_000012/rep_001_seed_202::step_0002,level_000012/rep_001_seed_202,12,1,202,1,2,step-0002-sales-sum-region-08-2012,1,True,329425,0.329425,332330,0.33233,55950104bc77972d4cd81a4b111e687f4d99306092ce2ee31e5fd57f0036fff2,True
measurement,97,0,643,level_000006/rep_001_seed_202::step_0001,level_000006/rep_001_seed_202,6,1,202,0,1,step-0001-sales-sum-region-04-2013,0,True,349997,0.349997,352566,0.352566,974bbcf9621910fcaf553e1107be6a17afd5da550f8209444277fda2e35a691d,True
measurement,97,1,644,level_000012/rep_001_seed_202::step_0001,level_000012/rep_001_seed_202,12,1,202,0,1,step-0001-sales-sum-region-04-2013,0,True,401387,0.401387,403818,0.403818,146ee7ee7fa2e7d5f9061cb980ec0093e8608ce8582242d7f47f2f5c28dc8ada,True
measurement,97,2,645,level_000024/rep_001_seed_202::step_0001,level_000024/rep_001_seed_202,24,1,202,0,1,step-0001-sales-sum-region-04-2013,0,True,525716,0.525716,528445,0.528445,77c210043d7c539665beebecdedb29f1a1452bedf16598411334fca91fbf173c,True
measurement,97,3,646,level_000024/rep_001_seed_202::step_0002,level_000024/rep_001_seed_202,24,1,202,1,2,step-0002-sales-sum-region-08-2012,1,True,469965,0.469965,472913,0.472913,64a10fe2cfc6e40c19c7e90de6d4aa9298107f33f69aa8e4ea4124d3042078bf,True
measurement,97,4,647,level_000012/rep_001_seed_202::step_0002,level_000012/rep_001_seed_202,12,1,202,1,2,step-0002-sales-sum-region-08-2012,1,True,327179,0.327179,329555,0.329555,55950104bc77972d4cd81a4b111e687f4d99306092ce2ee31e5fd57f0036fff2,True
measurement,97,5,648,level_000006/rep_001_seed_202::step_0002,level_000006/rep_001_seed_202,6,1,202,1,2,step-0002-sales-sum-region-08-2012,1,True,279523,0.279523,281900,0.2819,7a6190b9a582b50b404818edc40487315f9855c4241a5d4aebf59eddc93162d6,True
measurement,98,0,649,level_000012/rep_001_seed_202::step_0001,level_000012/rep_001_seed_202,12,1,202,0,1,step-0001-sales-sum-region-04-2013,0,True,648561,0.648561,651635,0.651635,146ee7ee7fa2e7d5f9061cb980ec0093e8608ce8582242d7f47f2f5c28dc8ada,True
measurement,98,1,650,level_000024/rep_001_seed_202::step_0001,level_000024/rep_001_seed_202,24,1,202,0,1,step-0001-sales-sum-region-04-2013,0,True,523755,0.523755,526304,0.526304,77c210043d7c539665beebecdedb29f1a1452bedf16598411334fca91fbf173c,True
measurement,98,2,651,level_000024/rep_001_seed_202::step_0002,level_000024/rep_001_seed_202,24,1,202,1,2,step-0002-sales-sum-region-08-2012,1,True,895489,0.895489,899640,0.89964,64a10fe2cfc6e40c19c7e90de6d4aa9298107f33f69aa8e4ea4124d3042078bf,True
measurement,98,3,652,level_000012/rep_001_seed_202::step_0002,level_000012/rep_001_seed_202,12,1,202,1,2,step-0002-sales-sum-region-08-2012,1,True,610384,0.610384,614358,0.614358,55950104bc77972d4cd81a4b111e687f4d99306092ce2ee31e5fd57f0036fff2,True
measurement,98,4,653,level_000006/rep_001_seed_202::step_0002,level_000006/rep_001_seed_202,6,1,202,1,2,step-0002-sales-sum-region-08-2012,1,True,286911,0.286911,288930,0.28893,7a6190b9a582b50b404818edc40487315f9855c4241a5d4aebf59eddc93162d6,True
measurement,98,5,654,level_000006/rep_001_seed_202::step_0001,level_000006/rep_001_seed_202,6,1,202,0,1,step-0001-sales-sum-region-04-2013,0,True,355159,0.355159,357879,0.357879,974bbcf9621910fcaf553e1107be6a17afd5da550f8209444277fda2e35a691d,True
measurement,99,0,655,level_000024/rep_001_seed_202::step_0001,level_000024/rep_001_seed_202,24,1,202,0,1,step-0001-sales-sum-region-04-2013,0,True,514841,0.514841,517144,0.517144,77c210043d7c539665beebecdedb29f1a1452bedf16598411334fca91fbf173c,True
measurement,99,1,656,level_000024/rep_001_seed_202::step_0002,level_000024/rep_001_seed_202,24,1,202,1,2,step-0002-sales-sum-region-08-2012,1,True,480057,0.480057,482809,0.482809,64a10fe2cfc6e40c19c7e90de6d4aa9298107f33f69aa8e4ea4124d3042078bf,True
measurement,99,2,657,level_000012/rep_001_seed_202::step_0002,level_000012/rep_001_seed_202,12,1,202,1,2,step-0002-sales-sum-region-08-2012,1,True,784964,0.784964,716661,0.716661,55950104bc77972d4cd81a4b111e687f4d99306092ce2ee31e5fd57f0036fff2,True
measurement,99,3,658,level_000006/rep_001_seed_202::step_0002,level_000006/rep_001_seed_202,6,1,202,1,2,step-0002-sales-sum-region-08-2012,1,True,458206,0.458206,462632,0.462632,7a6190b9a582b50b404818edc40487315f9855c4241a5d4aebf59eddc93162d6,True
measurement,99,4,659,level_000006/rep_001_seed_202::step_0001,level_000006/rep_001_seed_202,6,1,202,0,1,step-0001-sales-sum-region-04-2013,0,True,340567,0.340567,343197,0.343197,974bbcf9621910fcaf553e1107be6a17afd5da550f8209444277fda2e35a691d,True
measurement,99,5,660,level_000012/rep_001_seed_202::step_0001,level_000012/rep_001_seed_202,12,1,202,0,1,step-0001-sales-sum-region-04-2013,0,True,388683,0.388683,390982,0.390982,146ee7ee7fa2e7d5f9061cb980ec0093e8608ce8582242d7f47f2f5c28dc8ada,True
