session_id,split,candidate_index,query_id,class,reason,evidence_atoms,treatment_action,counterfactual_action,backend_binding_status
NH2-SINGLE-ORDERED-R001,dev,12,NH2-SINGLE-ORDERED-R001-Q12-INAD_0,INADMISSIBLE,SAT_FALSE,NH2-SINGLE-ORDERED-R001_inad_0,REJECT_INADMISSIBLE,EXECUTE_ONLY_IF_R3_MEASURES_INADMISSIBLE_COST,NEEDS_WAREHOUSE_BINDING_R3
NH2-SINGLE-ORDERED-R001,dev,13,NH2-SINGLE-ORDERED-R001-Q13-INAD_1,INADMISSIBLE,SAT_FALSE,NH2-SINGLE-ORDERED-R001_inad_1,REJECT_INADMISSIBLE,EXECUTE_ONLY_IF_R3_MEASURES_INADMISSIBLE_COST,NEEDS_WAREHOUSE_BINDING_R3
NH2-SINGLE-ORDERED-R002,dev,12,NH2-SINGLE-ORDERED-R002-Q12-INAD_0,INADMISSIBLE,SAT_FALSE,NH2-SINGLE-ORDERED-R002_inad_0,REJECT_INADMISSIBLE,EXECUTE_ONLY_IF_R3_MEASURES_INADMISSIBLE_COST,NEEDS_WAREHOUSE_BINDING_R3
NH2-SINGLE-ORDERED-R002,dev,13,NH2-SINGLE-ORDERED-R002-Q13-INAD_1,INADMISSIBLE,SAT_FALSE,NH2-SINGLE-ORDERED-R002_inad_1,REJECT_INADMISSIBLE,EXECUTE_ONLY_IF_R3_MEASURES_INADMISSIBLE_COST,NEEDS_WAREHOUSE_BINDING_R3
NH2-SINGLE-ORDERED-R003,dev,12,NH2-SINGLE-ORDERED-R003-Q12-INAD_0,INADMISSIBLE,SAT_FALSE,NH2-SINGLE-ORDERED-R003_inad_0,REJECT_INADMISSIBLE,EXECUTE_ONLY_IF_R3_MEASURES_INADMISSIBLE_COST,NEEDS_WAREHOUSE_BINDING_R3
NH2-SINGLE-ORDERED-R003,dev,13,NH2-SINGLE-ORDERED-R003-Q13-INAD_1,INADMISSIBLE,SAT_FALSE,NH2-SINGLE-ORDERED-R003_inad_1,REJECT_INADMISSIBLE,EXECUTE_ONLY_IF_R3_MEASURES_INADMISSIBLE_COST,NEEDS_WAREHOUSE_BINDING_R3
NH2-SINGLE-ORDERED-R004,dev,12,NH2-SINGLE-ORDERED-R004-Q12-INAD_0,INADMISSIBLE,SAT_FALSE,NH2-SINGLE-ORDERED-R004_inad_0,REJECT_INADMISSIBLE,EXECUTE_ONLY_IF_R3_MEASURES_INADMISSIBLE_COST,NEEDS_WAREHOUSE_BINDING_R3
NH2-SINGLE-ORDERED-R004,dev,13,NH2-SINGLE-ORDERED-R004-Q13-INAD_1,INADMISSIBLE,SAT_FALSE,NH2-SINGLE-ORDERED-R004_inad_1,REJECT_INADMISSIBLE,EXECUTE_ONLY_IF_R3_MEASURES_INADMISSIBLE_COST,NEEDS_WAREHOUSE_BINDING_R3
NH2-SINGLE-ORDERED-R005,dev,12,NH2-SINGLE-ORDERED-R005-Q12-INAD_0,INADMISSIBLE,SAT_FALSE,NH2-SINGLE-ORDERED-R005_inad_0,REJECT_INADMISSIBLE,EXECUTE_ONLY_IF_R3_MEASURES_INADMISSIBLE_COST,NEEDS_WAREHOUSE_BINDING_R3
NH2-SINGLE-ORDERED-R005,dev,13,NH2-SINGLE-ORDERED-R005-Q13-INAD_1,INADMISSIBLE,SAT_FALSE,NH2-SINGLE-ORDERED-R005_inad_1,REJECT_INADMISSIBLE,EXECUTE_ONLY_IF_R3_MEASURES_INADMISSIBLE_COST,NEEDS_WAREHOUSE_BINDING_R3
NH2-SINGLE-ORDERED-R006,dev,12,NH2-SINGLE-ORDERED-R006-Q12-INAD_0,INADMISSIBLE,SAT_FALSE,NH2-SINGLE-ORDERED-R006_inad_0,REJECT_INADMISSIBLE,EXECUTE_ONLY_IF_R3_MEASURES_INADMISSIBLE_COST,NEEDS_WAREHOUSE_BINDING_R3
NH2-SINGLE-ORDERED-R006,dev,13,NH2-SINGLE-ORDERED-R006-Q13-INAD_1,INADMISSIBLE,SAT_FALSE,NH2-SINGLE-ORDERED-R006_inad_1,REJECT_INADMISSIBLE,EXECUTE_ONLY_IF_R3_MEASURES_INADMISSIBLE_COST,NEEDS_WAREHOUSE_BINDING_R3
NH2-SINGLE-ORDERED-R007,dev,12,NH2-SINGLE-ORDERED-R007-Q12-INAD_0,INADMISSIBLE,SAT_FALSE,NH2-SINGLE-ORDERED-R007_inad_0,REJECT_INADMISSIBLE,EXECUTE_ONLY_IF_R3_MEASURES_INADMISSIBLE_COST,NEEDS_WAREHOUSE_BINDING_R3
NH2-SINGLE-ORDERED-R007,dev,13,NH2-SINGLE-ORDERED-R007-Q13-INAD_1,INADMISSIBLE,SAT_FALSE,NH2-SINGLE-ORDERED-R007_inad_1,REJECT_INADMISSIBLE,EXECUTE_ONLY_IF_R3_MEASURES_INADMISSIBLE_COST,NEEDS_WAREHOUSE_BINDING_R3
NH2-SINGLE-ORDERED-R008,dev,12,NH2-SINGLE-ORDERED-R008-Q12-INAD_0,INADMISSIBLE,SAT_FALSE,NH2-SINGLE-ORDERED-R008_inad_0,REJECT_INADMISSIBLE,EXECUTE_ONLY_IF_R3_MEASURES_INADMISSIBLE_COST,NEEDS_WAREHOUSE_BINDING_R3
NH2-SINGLE-ORDERED-R008,dev,13,NH2-SINGLE-ORDERED-R008-Q13-INAD_1,INADMISSIBLE,SAT_FALSE,NH2-SINGLE-ORDERED-R008_inad_1,REJECT_INADMISSIBLE,EXECUTE_ONLY_IF_R3_MEASURES_INADMISSIBLE_COST,NEEDS_WAREHOUSE_BINDING_R3
NH2-SINGLE-ORDERED-R009,dev,12,NH2-SINGLE-ORDERED-R009-Q12-INAD_0,INADMISSIBLE,SAT_FALSE,NH2-SINGLE-ORDERED-R009_inad_0,REJECT_INADMISSIBLE,EXECUTE_ONLY_IF_R3_MEASURES_INADMISSIBLE_COST,NEEDS_WAREHOUSE_BINDING_R3
NH2-SINGLE-ORDERED-R009,dev,13,NH2-SINGLE-ORDERED-R009-Q13-INAD_1,INADMISSIBLE,SAT_FALSE,NH2-SINGLE-ORDERED-R009_inad_1,REJECT_INADMISSIBLE,EXECUTE_ONLY_IF_R3_MEASURES_INADMISSIBLE_COST,NEEDS_WAREHOUSE_BINDING_R3
NH2-SINGLE-ORDERED-R010,dev,12,NH2-SINGLE-ORDERED-R010-Q12-INAD_0,INADMISSIBLE,SAT_FALSE,NH2-SINGLE-ORDERED-R010_inad_0,REJECT_INADMISSIBLE,EXECUTE_ONLY_IF_R3_MEASURES_INADMISSIBLE_COST,NEEDS_WAREHOUSE_BINDING_R3
NH2-SINGLE-ORDERED-R010,dev,13,NH2-SINGLE-ORDERED-R010-Q13-INAD_1,INADMISSIBLE,SAT_FALSE,NH2-SINGLE-ORDERED-R010_inad_1,REJECT_INADMISSIBLE,EXECUTE_ONLY_IF_R3_MEASURES_INADMISSIBLE_COST,NEEDS_WAREHOUSE_BINDING_R3
NH2-SINGLE-ORDERED-R011,dev,12,NH2-SINGLE-ORDERED-R011-Q12-INAD_0,INADMISSIBLE,SAT_FALSE,NH2-SINGLE-ORDERED-R011_inad_0,REJECT_INADMISSIBLE,EXECUTE_ONLY_IF_R3_MEASURES_INADMISSIBLE_COST,NEEDS_WAREHOUSE_BINDING_R3
NH2-SINGLE-ORDERED-R011,dev,13,NH2-SINGLE-ORDERED-R011-Q13-INAD_1,INADMISSIBLE,SAT_FALSE,NH2-SINGLE-ORDERED-R011_inad_1,REJECT_INADMISSIBLE,EXECUTE_ONLY_IF_R3_MEASURES_INADMISSIBLE_COST,NEEDS_WAREHOUSE_BINDING_R3
NH2-SINGLE-ORDERED-R012,dev,12,NH2-SINGLE-ORDERED-R012-Q12-INAD_0,INADMISSIBLE,SAT_FALSE,NH2-SINGLE-ORDERED-R012_inad_0,REJECT_INADMISSIBLE,EXECUTE_ONLY_IF_R3_MEASURES_INADMISSIBLE_COST,NEEDS_WAREHOUSE_BINDING_R3
NH2-SINGLE-ORDERED-R012,dev,13,NH2-SINGLE-ORDERED-R012-Q13-INAD_1,INADMISSIBLE,SAT_FALSE,NH2-SINGLE-ORDERED-R012_inad_1,REJECT_INADMISSIBLE,EXECUTE_ONLY_IF_R3_MEASURES_INADMISSIBLE_COST,NEEDS_WAREHOUSE_BINDING_R3
NH2-SINGLE-ORDERED-R013,dev,12,NH2-SINGLE-ORDERED-R013-Q12-INAD_0,INADMISSIBLE,SAT_FALSE,NH2-SINGLE-ORDERED-R013_inad_0,REJECT_INADMISSIBLE,EXECUTE_ONLY_IF_R3_MEASURES_INADMISSIBLE_COST,NEEDS_WAREHOUSE_BINDING_R3
NH2-SINGLE-ORDERED-R013,dev,13,NH2-SINGLE-ORDERED-R013-Q13-INAD_1,INADMISSIBLE,SAT_FALSE,NH2-SINGLE-ORDERED-R013_inad_1,REJECT_INADMISSIBLE,EXECUTE_ONLY_IF_R3_MEASURES_INADMISSIBLE_COST,NEEDS_WAREHOUSE_BINDING_R3
NH2-SINGLE-ORDERED-R014,dev,12,NH2-SINGLE-ORDERED-R014-Q12-INAD_0,INADMISSIBLE,SAT_FALSE,NH2-SINGLE-ORDERED-R014_inad_0,REJECT_INADMISSIBLE,EXECUTE_ONLY_IF_R3_MEASURES_INADMISSIBLE_COST,NEEDS_WAREHOUSE_BINDING_R3
NH2-SINGLE-ORDERED-R014,dev,13,NH2-SINGLE-ORDERED-R014-Q13-INAD_1,INADMISSIBLE,SAT_FALSE,NH2-SINGLE-ORDERED-R014_inad_1,REJECT_INADMISSIBLE,EXECUTE_ONLY_IF_R3_MEASURES_INADMISSIBLE_COST,NEEDS_WAREHOUSE_BINDING_R3
NH2-SINGLE-ORDERED-R015,dev,12,NH2-SINGLE-ORDERED-R015-Q12-INAD_0,INADMISSIBLE,SAT_FALSE,NH2-SINGLE-ORDERED-R015_inad_0,REJECT_INADMISSIBLE,EXECUTE_ONLY_IF_R3_MEASURES_INADMISSIBLE_COST,NEEDS_WAREHOUSE_BINDING_R3
NH2-SINGLE-ORDERED-R015,dev,13,NH2-SINGLE-ORDERED-R015-Q13-INAD_1,INADMISSIBLE,SAT_FALSE,NH2-SINGLE-ORDERED-R015_inad_1,REJECT_INADMISSIBLE,EXECUTE_ONLY_IF_R3_MEASURES_INADMISSIBLE_COST,NEEDS_WAREHOUSE_BINDING_R3
NH2-SINGLE-ORDERED-R016,dev,12,NH2-SINGLE-ORDERED-R016-Q12-INAD_0,INADMISSIBLE,SAT_FALSE,NH2-SINGLE-ORDERED-R016_inad_0,REJECT_INADMISSIBLE,EXECUTE_ONLY_IF_R3_MEASURES_INADMISSIBLE_COST,NEEDS_WAREHOUSE_BINDING_R3
NH2-SINGLE-ORDERED-R016,dev,13,NH2-SINGLE-ORDERED-R016-Q13-INAD_1,INADMISSIBLE,SAT_FALSE,NH2-SINGLE-ORDERED-R016_inad_1,REJECT_INADMISSIBLE,EXECUTE_ONLY_IF_R3_MEASURES_INADMISSIBLE_COST,NEEDS_WAREHOUSE_BINDING_R3
NH2-SINGLE-ORDERED-R017,dev,12,NH2-SINGLE-ORDERED-R017-Q12-INAD_0,INADMISSIBLE,SAT_FALSE,NH2-SINGLE-ORDERED-R017_inad_0,REJECT_INADMISSIBLE,EXECUTE_ONLY_IF_R3_MEASURES_INADMISSIBLE_COST,NEEDS_WAREHOUSE_BINDING_R3
NH2-SINGLE-ORDERED-R017,dev,13,NH2-SINGLE-ORDERED-R017-Q13-INAD_1,INADMISSIBLE,SAT_FALSE,NH2-SINGLE-ORDERED-R017_inad_1,REJECT_INADMISSIBLE,EXECUTE_ONLY_IF_R3_MEASURES_INADMISSIBLE_COST,NEEDS_WAREHOUSE_BINDING_R3
NH2-SINGLE-ORDERED-R018,dev,12,NH2-SINGLE-ORDERED-R018-Q12-INAD_0,INADMISSIBLE,SAT_FALSE,NH2-SINGLE-ORDERED-R018_inad_0,REJECT_INADMISSIBLE,EXECUTE_ONLY_IF_R3_MEASURES_INADMISSIBLE_COST,NEEDS_WAREHOUSE_BINDING_R3
NH2-SINGLE-ORDERED-R018,dev,13,NH2-SINGLE-ORDERED-R018-Q13-INAD_1,INADMISSIBLE,SAT_FALSE,NH2-SINGLE-ORDERED-R018_inad_1,REJECT_INADMISSIBLE,EXECUTE_ONLY_IF_R3_MEASURES_INADMISSIBLE_COST,NEEDS_WAREHOUSE_BINDING_R3
NH2-SINGLE-ORDERED-R019,dev,12,NH2-SINGLE-ORDERED-R019-Q12-INAD_0,INADMISSIBLE,SAT_FALSE,NH2-SINGLE-ORDERED-R019_inad_0,REJECT_INADMISSIBLE,EXECUTE_ONLY_IF_R3_MEASURES_INADMISSIBLE_COST,NEEDS_WAREHOUSE_BINDING_R3
NH2-SINGLE-ORDERED-R019,dev,13,NH2-SINGLE-ORDERED-R019-Q13-INAD_1,INADMISSIBLE,SAT_FALSE,NH2-SINGLE-ORDERED-R019_inad_1,REJECT_INADMISSIBLE,EXECUTE_ONLY_IF_R3_MEASURES_INADMISSIBLE_COST,NEEDS_WAREHOUSE_BINDING_R3
NH2-SINGLE-ORDERED-R020,dev,12,NH2-SINGLE-ORDERED-R020-Q12-INAD_0,INADMISSIBLE,SAT_FALSE,NH2-SINGLE-ORDERED-R020_inad_0,REJECT_INADMISSIBLE,EXECUTE_ONLY_IF_R3_MEASURES_INADMISSIBLE_COST,NEEDS_WAREHOUSE_BINDING_R3
NH2-SINGLE-ORDERED-R020,dev,13,NH2-SINGLE-ORDERED-R020-Q13-INAD_1,INADMISSIBLE,SAT_FALSE,NH2-SINGLE-ORDERED-R020_inad_1,REJECT_INADMISSIBLE,EXECUTE_ONLY_IF_R3_MEASURES_INADMISSIBLE_COST,NEEDS_WAREHOUSE_BINDING_R3
NH2-SINGLE-ORDERED-R021,dev,12,NH2-SINGLE-ORDERED-R021-Q12-INAD_0,INADMISSIBLE,SAT_FALSE,NH2-SINGLE-ORDERED-R021_inad_0,REJECT_INADMISSIBLE,EXECUTE_ONLY_IF_R3_MEASURES_INADMISSIBLE_COST,NEEDS_WAREHOUSE_BINDING_R3
NH2-SINGLE-ORDERED-R021,dev,13,NH2-SINGLE-ORDERED-R021-Q13-INAD_1,INADMISSIBLE,SAT_FALSE,NH2-SINGLE-ORDERED-R021_inad_1,REJECT_INADMISSIBLE,EXECUTE_ONLY_IF_R3_MEASURES_INADMISSIBLE_COST,NEEDS_WAREHOUSE_BINDING_R3
NH2-SINGLE-ORDERED-R022,dev,12,NH2-SINGLE-ORDERED-R022-Q12-INAD_0,INADMISSIBLE,SAT_FALSE,NH2-SINGLE-ORDERED-R022_inad_0,REJECT_INADMISSIBLE,EXECUTE_ONLY_IF_R3_MEASURES_INADMISSIBLE_COST,NEEDS_WAREHOUSE_BINDING_R3
NH2-SINGLE-ORDERED-R022,dev,13,NH2-SINGLE-ORDERED-R022-Q13-INAD_1,INADMISSIBLE,SAT_FALSE,NH2-SINGLE-ORDERED-R022_inad_1,REJECT_INADMISSIBLE,EXECUTE_ONLY_IF_R3_MEASURES_INADMISSIBLE_COST,NEEDS_WAREHOUSE_BINDING_R3
NH2-SINGLE-ORDERED-R023,dev,12,NH2-SINGLE-ORDERED-R023-Q12-INAD_0,INADMISSIBLE,SAT_FALSE,NH2-SINGLE-ORDERED-R023_inad_0,REJECT_INADMISSIBLE,EXECUTE_ONLY_IF_R3_MEASURES_INADMISSIBLE_COST,NEEDS_WAREHOUSE_BINDING_R3
NH2-SINGLE-ORDERED-R023,dev,13,NH2-SINGLE-ORDERED-R023-Q13-INAD_1,INADMISSIBLE,SAT_FALSE,NH2-SINGLE-ORDERED-R023_inad_1,REJECT_INADMISSIBLE,EXECUTE_ONLY_IF_R3_MEASURES_INADMISSIBLE_COST,NEEDS_WAREHOUSE_BINDING_R3
NH2-SINGLE-ORDERED-R024,dev,12,NH2-SINGLE-ORDERED-R024-Q12-INAD_0,INADMISSIBLE,SAT_FALSE,NH2-SINGLE-ORDERED-R024_inad_0,REJECT_INADMISSIBLE,EXECUTE_ONLY_IF_R3_MEASURES_INADMISSIBLE_COST,NEEDS_WAREHOUSE_BINDING_R3
NH2-SINGLE-ORDERED-R024,dev,13,NH2-SINGLE-ORDERED-R024-Q13-INAD_1,INADMISSIBLE,SAT_FALSE,NH2-SINGLE-ORDERED-R024_inad_1,REJECT_INADMISSIBLE,EXECUTE_ONLY_IF_R3_MEASURES_INADMISSIBLE_COST,NEEDS_WAREHOUSE_BINDING_R3
NH2-SINGLE-ORDERED-R025,dev,12,NH2-SINGLE-ORDERED-R025-Q12-INAD_0,INADMISSIBLE,SAT_FALSE,NH2-SINGLE-ORDERED-R025_inad_0,REJECT_INADMISSIBLE,EXECUTE_ONLY_IF_R3_MEASURES_INADMISSIBLE_COST,NEEDS_WAREHOUSE_BINDING_R3
NH2-SINGLE-ORDERED-R025,dev,13,NH2-SINGLE-ORDERED-R025-Q13-INAD_1,INADMISSIBLE,SAT_FALSE,NH2-SINGLE-ORDERED-R025_inad_1,REJECT_INADMISSIBLE,EXECUTE_ONLY_IF_R3_MEASURES_INADMISSIBLE_COST,NEEDS_WAREHOUSE_BINDING_R3
NH2-SINGLE-ORDERED-R026,dev,12,NH2-SINGLE-ORDERED-R026-Q12-INAD_0,INADMISSIBLE,SAT_FALSE,NH2-SINGLE-ORDERED-R026_inad_0,REJECT_INADMISSIBLE,EXECUTE_ONLY_IF_R3_MEASURES_INADMISSIBLE_COST,NEEDS_WAREHOUSE_BINDING_R3
NH2-SINGLE-ORDERED-R026,dev,13,NH2-SINGLE-ORDERED-R026-Q13-INAD_1,INADMISSIBLE,SAT_FALSE,NH2-SINGLE-ORDERED-R026_inad_1,REJECT_INADMISSIBLE,EXECUTE_ONLY_IF_R3_MEASURES_INADMISSIBLE_COST,NEEDS_WAREHOUSE_BINDING_R3
NH2-SINGLE-ORDERED-R027,dev,12,NH2-SINGLE-ORDERED-R027-Q12-INAD_0,INADMISSIBLE,SAT_FALSE,NH2-SINGLE-ORDERED-R027_inad_0,REJECT_INADMISSIBLE,EXECUTE_ONLY_IF_R3_MEASURES_INADMISSIBLE_COST,NEEDS_WAREHOUSE_BINDING_R3
NH2-SINGLE-ORDERED-R027,dev,13,NH2-SINGLE-ORDERED-R027-Q13-INAD_1,INADMISSIBLE,SAT_FALSE,NH2-SINGLE-ORDERED-R027_inad_1,REJECT_INADMISSIBLE,EXECUTE_ONLY_IF_R3_MEASURES_INADMISSIBLE_COST,NEEDS_WAREHOUSE_BINDING_R3
NH2-SINGLE-ORDERED-R028,dev,12,NH2-SINGLE-ORDERED-R028-Q12-INAD_0,INADMISSIBLE,SAT_FALSE,NH2-SINGLE-ORDERED-R028_inad_0,REJECT_INADMISSIBLE,EXECUTE_ONLY_IF_R3_MEASURES_INADMISSIBLE_COST,NEEDS_WAREHOUSE_BINDING_R3
NH2-SINGLE-ORDERED-R028,dev,13,NH2-SINGLE-ORDERED-R028-Q13-INAD_1,INADMISSIBLE,SAT_FALSE,NH2-SINGLE-ORDERED-R028_inad_1,REJECT_INADMISSIBLE,EXECUTE_ONLY_IF_R3_MEASURES_INADMISSIBLE_COST,NEEDS_WAREHOUSE_BINDING_R3
NH2-SINGLE-ORDERED-R029,dev,12,NH2-SINGLE-ORDERED-R029-Q12-INAD_0,INADMISSIBLE,SAT_FALSE,NH2-SINGLE-ORDERED-R029_inad_0,REJECT_INADMISSIBLE,EXECUTE_ONLY_IF_R3_MEASURES_INADMISSIBLE_COST,NEEDS_WAREHOUSE_BINDING_R3
NH2-SINGLE-ORDERED-R029,dev,13,NH2-SINGLE-ORDERED-R029-Q13-INAD_1,INADMISSIBLE,SAT_FALSE,NH2-SINGLE-ORDERED-R029_inad_1,REJECT_INADMISSIBLE,EXECUTE_ONLY_IF_R3_MEASURES_INADMISSIBLE_COST,NEEDS_WAREHOUSE_BINDING_R3
NH2-SINGLE-ORDERED-R030,dev,12,NH2-SINGLE-ORDERED-R030-Q12-INAD_0,INADMISSIBLE,SAT_FALSE,NH2-SINGLE-ORDERED-R030_inad_0,REJECT_INADMISSIBLE,EXECUTE_ONLY_IF_R3_MEASURES_INADMISSIBLE_COST,NEEDS_WAREHOUSE_BINDING_R3
NH2-SINGLE-ORDERED-R030,dev,13,NH2-SINGLE-ORDERED-R030-Q13-INAD_1,INADMISSIBLE,SAT_FALSE,NH2-SINGLE-ORDERED-R030_inad_1,REJECT_INADMISSIBLE,EXECUTE_ONLY_IF_R3_MEASURES_INADMISSIBLE_COST,NEEDS_WAREHOUSE_BINDING_R3
NH2-SINGLE-ORDERED-R031,val,12,NH2-SINGLE-ORDERED-R031-Q12-INAD_0,INADMISSIBLE,SAT_FALSE,NH2-SINGLE-ORDERED-R031_inad_0,REJECT_INADMISSIBLE,EXECUTE_ONLY_IF_R3_MEASURES_INADMISSIBLE_COST,NEEDS_WAREHOUSE_BINDING_R3
NH2-SINGLE-ORDERED-R031,val,13,NH2-SINGLE-ORDERED-R031-Q13-INAD_1,INADMISSIBLE,SAT_FALSE,NH2-SINGLE-ORDERED-R031_inad_1,REJECT_INADMISSIBLE,EXECUTE_ONLY_IF_R3_MEASURES_INADMISSIBLE_COST,NEEDS_WAREHOUSE_BINDING_R3
NH2-SINGLE-ORDERED-R032,val,12,NH2-SINGLE-ORDERED-R032-Q12-INAD_0,INADMISSIBLE,SAT_FALSE,NH2-SINGLE-ORDERED-R032_inad_0,REJECT_INADMISSIBLE,EXECUTE_ONLY_IF_R3_MEASURES_INADMISSIBLE_COST,NEEDS_WAREHOUSE_BINDING_R3
NH2-SINGLE-ORDERED-R032,val,13,NH2-SINGLE-ORDERED-R032-Q13-INAD_1,INADMISSIBLE,SAT_FALSE,NH2-SINGLE-ORDERED-R032_inad_1,REJECT_INADMISSIBLE,EXECUTE_ONLY_IF_R3_MEASURES_INADMISSIBLE_COST,NEEDS_WAREHOUSE_BINDING_R3
NH2-SINGLE-ORDERED-R033,val,12,NH2-SINGLE-ORDERED-R033-Q12-INAD_0,INADMISSIBLE,SAT_FALSE,NH2-SINGLE-ORDERED-R033_inad_0,REJECT_INADMISSIBLE,EXECUTE_ONLY_IF_R3_MEASURES_INADMISSIBLE_COST,NEEDS_WAREHOUSE_BINDING_R3
NH2-SINGLE-ORDERED-R033,val,13,NH2-SINGLE-ORDERED-R033-Q13-INAD_1,INADMISSIBLE,SAT_FALSE,NH2-SINGLE-ORDERED-R033_inad_1,REJECT_INADMISSIBLE,EXECUTE_ONLY_IF_R3_MEASURES_INADMISSIBLE_COST,NEEDS_WAREHOUSE_BINDING_R3
NH2-SINGLE-ORDERED-R034,val,12,NH2-SINGLE-ORDERED-R034-Q12-INAD_0,INADMISSIBLE,SAT_FALSE,NH2-SINGLE-ORDERED-R034_inad_0,REJECT_INADMISSIBLE,EXECUTE_ONLY_IF_R3_MEASURES_INADMISSIBLE_COST,NEEDS_WAREHOUSE_BINDING_R3
NH2-SINGLE-ORDERED-R034,val,13,NH2-SINGLE-ORDERED-R034-Q13-INAD_1,INADMISSIBLE,SAT_FALSE,NH2-SINGLE-ORDERED-R034_inad_1,REJECT_INADMISSIBLE,EXECUTE_ONLY_IF_R3_MEASURES_INADMISSIBLE_COST,NEEDS_WAREHOUSE_BINDING_R3
NH2-SINGLE-ORDERED-R035,val,12,NH2-SINGLE-ORDERED-R035-Q12-INAD_0,INADMISSIBLE,SAT_FALSE,NH2-SINGLE-ORDERED-R035_inad_0,REJECT_INADMISSIBLE,EXECUTE_ONLY_IF_R3_MEASURES_INADMISSIBLE_COST,NEEDS_WAREHOUSE_BINDING_R3
NH2-SINGLE-ORDERED-R035,val,13,NH2-SINGLE-ORDERED-R035-Q13-INAD_1,INADMISSIBLE,SAT_FALSE,NH2-SINGLE-ORDERED-R035_inad_1,REJECT_INADMISSIBLE,EXECUTE_ONLY_IF_R3_MEASURES_INADMISSIBLE_COST,NEEDS_WAREHOUSE_BINDING_R3
NH2-SINGLE-ORDERED-R036,val,12,NH2-SINGLE-ORDERED-R036-Q12-INAD_0,INADMISSIBLE,SAT_FALSE,NH2-SINGLE-ORDERED-R036_inad_0,REJECT_INADMISSIBLE,EXECUTE_ONLY_IF_R3_MEASURES_INADMISSIBLE_COST,NEEDS_WAREHOUSE_BINDING_R3
NH2-SINGLE-ORDERED-R036,val,13,NH2-SINGLE-ORDERED-R036-Q13-INAD_1,INADMISSIBLE,SAT_FALSE,NH2-SINGLE-ORDERED-R036_inad_1,REJECT_INADMISSIBLE,EXECUTE_ONLY_IF_R3_MEASURES_INADMISSIBLE_COST,NEEDS_WAREHOUSE_BINDING_R3
NH2-SINGLE-ORDERED-R037,val,12,NH2-SINGLE-ORDERED-R037-Q12-INAD_0,INADMISSIBLE,SAT_FALSE,NH2-SINGLE-ORDERED-R037_inad_0,REJECT_INADMISSIBLE,EXECUTE_ONLY_IF_R3_MEASURES_INADMISSIBLE_COST,NEEDS_WAREHOUSE_BINDING_R3
NH2-SINGLE-ORDERED-R037,val,13,NH2-SINGLE-ORDERED-R037-Q13-INAD_1,INADMISSIBLE,SAT_FALSE,NH2-SINGLE-ORDERED-R037_inad_1,REJECT_INADMISSIBLE,EXECUTE_ONLY_IF_R3_MEASURES_INADMISSIBLE_COST,NEEDS_WAREHOUSE_BINDING_R3
NH2-SINGLE-ORDERED-R038,val,12,NH2-SINGLE-ORDERED-R038-Q12-INAD_0,INADMISSIBLE,SAT_FALSE,NH2-SINGLE-ORDERED-R038_inad_0,REJECT_INADMISSIBLE,EXECUTE_ONLY_IF_R3_MEASURES_INADMISSIBLE_COST,NEEDS_WAREHOUSE_BINDING_R3
NH2-SINGLE-ORDERED-R038,val,13,NH2-SINGLE-ORDERED-R038-Q13-INAD_1,INADMISSIBLE,SAT_FALSE,NH2-SINGLE-ORDERED-R038_inad_1,REJECT_INADMISSIBLE,EXECUTE_ONLY_IF_R3_MEASURES_INADMISSIBLE_COST,NEEDS_WAREHOUSE_BINDING_R3
NH2-SINGLE-ORDERED-R039,val,12,NH2-SINGLE-ORDERED-R039-Q12-INAD_0,INADMISSIBLE,SAT_FALSE,NH2-SINGLE-ORDERED-R039_inad_0,REJECT_INADMISSIBLE,EXECUTE_ONLY_IF_R3_MEASURES_INADMISSIBLE_COST,NEEDS_WAREHOUSE_BINDING_R3
NH2-SINGLE-ORDERED-R039,val,13,NH2-SINGLE-ORDERED-R039-Q13-INAD_1,INADMISSIBLE,SAT_FALSE,NH2-SINGLE-ORDERED-R039_inad_1,REJECT_INADMISSIBLE,EXECUTE_ONLY_IF_R3_MEASURES_INADMISSIBLE_COST,NEEDS_WAREHOUSE_BINDING_R3
NH2-SINGLE-ORDERED-R040,val,12,NH2-SINGLE-ORDERED-R040-Q12-INAD_0,INADMISSIBLE,SAT_FALSE,NH2-SINGLE-ORDERED-R040_inad_0,REJECT_INADMISSIBLE,EXECUTE_ONLY_IF_R3_MEASURES_INADMISSIBLE_COST,NEEDS_WAREHOUSE_BINDING_R3
NH2-SINGLE-ORDERED-R040,val,13,NH2-SINGLE-ORDERED-R040-Q13-INAD_1,INADMISSIBLE,SAT_FALSE,NH2-SINGLE-ORDERED-R040_inad_1,REJECT_INADMISSIBLE,EXECUTE_ONLY_IF_R3_MEASURES_INADMISSIBLE_COST,NEEDS_WAREHOUSE_BINDING_R3
NH2-SINGLE-ORDERED-R041,val,12,NH2-SINGLE-ORDERED-R041-Q12-INAD_0,INADMISSIBLE,SAT_FALSE,NH2-SINGLE-ORDERED-R041_inad_0,REJECT_INADMISSIBLE,EXECUTE_ONLY_IF_R3_MEASURES_INADMISSIBLE_COST,NEEDS_WAREHOUSE_BINDING_R3
NH2-SINGLE-ORDERED-R041,val,13,NH2-SINGLE-ORDERED-R041-Q13-INAD_1,INADMISSIBLE,SAT_FALSE,NH2-SINGLE-ORDERED-R041_inad_1,REJECT_INADMISSIBLE,EXECUTE_ONLY_IF_R3_MEASURES_INADMISSIBLE_COST,NEEDS_WAREHOUSE_BINDING_R3
NH2-SINGLE-ORDERED-R042,val,12,NH2-SINGLE-ORDERED-R042-Q12-INAD_0,INADMISSIBLE,SAT_FALSE,NH2-SINGLE-ORDERED-R042_inad_0,REJECT_INADMISSIBLE,EXECUTE_ONLY_IF_R3_MEASURES_INADMISSIBLE_COST,NEEDS_WAREHOUSE_BINDING_R3
NH2-SINGLE-ORDERED-R042,val,13,NH2-SINGLE-ORDERED-R042-Q13-INAD_1,INADMISSIBLE,SAT_FALSE,NH2-SINGLE-ORDERED-R042_inad_1,REJECT_INADMISSIBLE,EXECUTE_ONLY_IF_R3_MEASURES_INADMISSIBLE_COST,NEEDS_WAREHOUSE_BINDING_R3
NH2-SINGLE-ORDERED-R043,val,12,NH2-SINGLE-ORDERED-R043-Q12-INAD_0,INADMISSIBLE,SAT_FALSE,NH2-SINGLE-ORDERED-R043_inad_0,REJECT_INADMISSIBLE,EXECUTE_ONLY_IF_R3_MEASURES_INADMISSIBLE_COST,NEEDS_WAREHOUSE_BINDING_R3
NH2-SINGLE-ORDERED-R043,val,13,NH2-SINGLE-ORDERED-R043-Q13-INAD_1,INADMISSIBLE,SAT_FALSE,NH2-SINGLE-ORDERED-R043_inad_1,REJECT_INADMISSIBLE,EXECUTE_ONLY_IF_R3_MEASURES_INADMISSIBLE_COST,NEEDS_WAREHOUSE_BINDING_R3
NH2-SINGLE-ORDERED-R044,val,12,NH2-SINGLE-ORDERED-R044-Q12-INAD_0,INADMISSIBLE,SAT_FALSE,NH2-SINGLE-ORDERED-R044_inad_0,REJECT_INADMISSIBLE,EXECUTE_ONLY_IF_R3_MEASURES_INADMISSIBLE_COST,NEEDS_WAREHOUSE_BINDING_R3
NH2-SINGLE-ORDERED-R044,val,13,NH2-SINGLE-ORDERED-R044-Q13-INAD_1,INADMISSIBLE,SAT_FALSE,NH2-SINGLE-ORDERED-R044_inad_1,REJECT_INADMISSIBLE,EXECUTE_ONLY_IF_R3_MEASURES_INADMISSIBLE_COST,NEEDS_WAREHOUSE_BINDING_R3
NH2-SINGLE-ORDERED-R045,val,12,NH2-SINGLE-ORDERED-R045-Q12-INAD_0,INADMISSIBLE,SAT_FALSE,NH2-SINGLE-ORDERED-R045_inad_0,REJECT_INADMISSIBLE,EXECUTE_ONLY_IF_R3_MEASURES_INADMISSIBLE_COST,NEEDS_WAREHOUSE_BINDING_R3
NH2-SINGLE-ORDERED-R045,val,13,NH2-SINGLE-ORDERED-R045-Q13-INAD_1,INADMISSIBLE,SAT_FALSE,NH2-SINGLE-ORDERED-R045_inad_1,REJECT_INADMISSIBLE,EXECUTE_ONLY_IF_R3_MEASURES_INADMISSIBLE_COST,NEEDS_WAREHOUSE_BINDING_R3
NH2-SINGLE-ORDERED-R046,test,12,NH2-SINGLE-ORDERED-R046-Q12-INAD_0,INADMISSIBLE,SAT_FALSE,NH2-SINGLE-ORDERED-R046_inad_0,REJECT_INADMISSIBLE,EXECUTE_ONLY_IF_R3_MEASURES_INADMISSIBLE_COST,NEEDS_WAREHOUSE_BINDING_R3
NH2-SINGLE-ORDERED-R046,test,13,NH2-SINGLE-ORDERED-R046-Q13-INAD_1,INADMISSIBLE,SAT_FALSE,NH2-SINGLE-ORDERED-R046_inad_1,REJECT_INADMISSIBLE,EXECUTE_ONLY_IF_R3_MEASURES_INADMISSIBLE_COST,NEEDS_WAREHOUSE_BINDING_R3
NH2-SINGLE-ORDERED-R047,test,12,NH2-SINGLE-ORDERED-R047-Q12-INAD_0,INADMISSIBLE,SAT_FALSE,NH2-SINGLE-ORDERED-R047_inad_0,REJECT_INADMISSIBLE,EXECUTE_ONLY_IF_R3_MEASURES_INADMISSIBLE_COST,NEEDS_WAREHOUSE_BINDING_R3
NH2-SINGLE-ORDERED-R047,test,13,NH2-SINGLE-ORDERED-R047-Q13-INAD_1,INADMISSIBLE,SAT_FALSE,NH2-SINGLE-ORDERED-R047_inad_1,REJECT_INADMISSIBLE,EXECUTE_ONLY_IF_R3_MEASURES_INADMISSIBLE_COST,NEEDS_WAREHOUSE_BINDING_R3
NH2-SINGLE-ORDERED-R048,test,12,NH2-SINGLE-ORDERED-R048-Q12-INAD_0,INADMISSIBLE,SAT_FALSE,NH2-SINGLE-ORDERED-R048_inad_0,REJECT_INADMISSIBLE,EXECUTE_ONLY_IF_R3_MEASURES_INADMISSIBLE_COST,NEEDS_WAREHOUSE_BINDING_R3
NH2-SINGLE-ORDERED-R048,test,13,NH2-SINGLE-ORDERED-R048-Q13-INAD_1,INADMISSIBLE,SAT_FALSE,NH2-SINGLE-ORDERED-R048_inad_1,REJECT_INADMISSIBLE,EXECUTE_ONLY_IF_R3_MEASURES_INADMISSIBLE_COST,NEEDS_WAREHOUSE_BINDING_R3
NH2-SINGLE-ORDERED-R049,test,12,NH2-SINGLE-ORDERED-R049-Q12-INAD_0,INADMISSIBLE,SAT_FALSE,NH2-SINGLE-ORDERED-R049_inad_0,REJECT_INADMISSIBLE,EXECUTE_ONLY_IF_R3_MEASURES_INADMISSIBLE_COST,NEEDS_WAREHOUSE_BINDING_R3
NH2-SINGLE-ORDERED-R049,test,13,NH2-SINGLE-ORDERED-R049-Q13-INAD_1,INADMISSIBLE,SAT_FALSE,NH2-SINGLE-ORDERED-R049_inad_1,REJECT_INADMISSIBLE,EXECUTE_ONLY_IF_R3_MEASURES_INADMISSIBLE_COST,NEEDS_WAREHOUSE_BINDING_R3
NH2-SINGLE-ORDERED-R050,test,12,NH2-SINGLE-ORDERED-R050-Q12-INAD_0,INADMISSIBLE,SAT_FALSE,NH2-SINGLE-ORDERED-R050_inad_0,REJECT_INADMISSIBLE,EXECUTE_ONLY_IF_R3_MEASURES_INADMISSIBLE_COST,NEEDS_WAREHOUSE_BINDING_R3
NH2-SINGLE-ORDERED-R050,test,13,NH2-SINGLE-ORDERED-R050-Q13-INAD_1,INADMISSIBLE,SAT_FALSE,NH2-SINGLE-ORDERED-R050_inad_1,REJECT_INADMISSIBLE,EXECUTE_ONLY_IF_R3_MEASURES_INADMISSIBLE_COST,NEEDS_WAREHOUSE_BINDING_R3
NH2-SINGLE-ORDERED-R051,test,12,NH2-SINGLE-ORDERED-R051-Q12-INAD_0,INADMISSIBLE,SAT_FALSE,NH2-SINGLE-ORDERED-R051_inad_0,REJECT_INADMISSIBLE,EXECUTE_ONLY_IF_R3_MEASURES_INADMISSIBLE_COST,NEEDS_WAREHOUSE_BINDING_R3
NH2-SINGLE-ORDERED-R051,test,13,NH2-SINGLE-ORDERED-R051-Q13-INAD_1,INADMISSIBLE,SAT_FALSE,NH2-SINGLE-ORDERED-R051_inad_1,REJECT_INADMISSIBLE,EXECUTE_ONLY_IF_R3_MEASURES_INADMISSIBLE_COST,NEEDS_WAREHOUSE_BINDING_R3
NH2-SINGLE-ORDERED-R052,test,12,NH2-SINGLE-ORDERED-R052-Q12-INAD_0,INADMISSIBLE,SAT_FALSE,NH2-SINGLE-ORDERED-R052_inad_0,REJECT_INADMISSIBLE,EXECUTE_ONLY_IF_R3_MEASURES_INADMISSIBLE_COST,NEEDS_WAREHOUSE_BINDING_R3
NH2-SINGLE-ORDERED-R052,test,13,NH2-SINGLE-ORDERED-R052-Q13-INAD_1,INADMISSIBLE,SAT_FALSE,NH2-SINGLE-ORDERED-R052_inad_1,REJECT_INADMISSIBLE,EXECUTE_ONLY_IF_R3_MEASURES_INADMISSIBLE_COST,NEEDS_WAREHOUSE_BINDING_R3
NH2-SINGLE-ORDERED-R053,test,12,NH2-SINGLE-ORDERED-R053-Q12-INAD_0,INADMISSIBLE,SAT_FALSE,NH2-SINGLE-ORDERED-R053_inad_0,REJECT_INADMISSIBLE,EXECUTE_ONLY_IF_R3_MEASURES_INADMISSIBLE_COST,NEEDS_WAREHOUSE_BINDING_R3
NH2-SINGLE-ORDERED-R053,test,13,NH2-SINGLE-ORDERED-R053-Q13-INAD_1,INADMISSIBLE,SAT_FALSE,NH2-SINGLE-ORDERED-R053_inad_1,REJECT_INADMISSIBLE,EXECUTE_ONLY_IF_R3_MEASURES_INADMISSIBLE_COST,NEEDS_WAREHOUSE_BINDING_R3
NH2-SINGLE-ORDERED-R054,test,12,NH2-SINGLE-ORDERED-R054-Q12-INAD_0,INADMISSIBLE,SAT_FALSE,NH2-SINGLE-ORDERED-R054_inad_0,REJECT_INADMISSIBLE,EXECUTE_ONLY_IF_R3_MEASURES_INADMISSIBLE_COST,NEEDS_WAREHOUSE_BINDING_R3
NH2-SINGLE-ORDERED-R054,test,13,NH2-SINGLE-ORDERED-R054-Q13-INAD_1,INADMISSIBLE,SAT_FALSE,NH2-SINGLE-ORDERED-R054_inad_1,REJECT_INADMISSIBLE,EXECUTE_ONLY_IF_R3_MEASURES_INADMISSIBLE_COST,NEEDS_WAREHOUSE_BINDING_R3
NH2-SINGLE-ORDERED-R055,test,12,NH2-SINGLE-ORDERED-R055-Q12-INAD_0,INADMISSIBLE,SAT_FALSE,NH2-SINGLE-ORDERED-R055_inad_0,REJECT_INADMISSIBLE,EXECUTE_ONLY_IF_R3_MEASURES_INADMISSIBLE_COST,NEEDS_WAREHOUSE_BINDING_R3
NH2-SINGLE-ORDERED-R055,test,13,NH2-SINGLE-ORDERED-R055-Q13-INAD_1,INADMISSIBLE,SAT_FALSE,NH2-SINGLE-ORDERED-R055_inad_1,REJECT_INADMISSIBLE,EXECUTE_ONLY_IF_R3_MEASURES_INADMISSIBLE_COST,NEEDS_WAREHOUSE_BINDING_R3
NH2-SINGLE-ORDERED-R056,test,12,NH2-SINGLE-ORDERED-R056-Q12-INAD_0,INADMISSIBLE,SAT_FALSE,NH2-SINGLE-ORDERED-R056_inad_0,REJECT_INADMISSIBLE,EXECUTE_ONLY_IF_R3_MEASURES_INADMISSIBLE_COST,NEEDS_WAREHOUSE_BINDING_R3
NH2-SINGLE-ORDERED-R056,test,13,NH2-SINGLE-ORDERED-R056-Q13-INAD_1,INADMISSIBLE,SAT_FALSE,NH2-SINGLE-ORDERED-R056_inad_1,REJECT_INADMISSIBLE,EXECUTE_ONLY_IF_R3_MEASURES_INADMISSIBLE_COST,NEEDS_WAREHOUSE_BINDING_R3
NH2-SINGLE-ORDERED-R057,test,12,NH2-SINGLE-ORDERED-R057-Q12-INAD_0,INADMISSIBLE,SAT_FALSE,NH2-SINGLE-ORDERED-R057_inad_0,REJECT_INADMISSIBLE,EXECUTE_ONLY_IF_R3_MEASURES_INADMISSIBLE_COST,NEEDS_WAREHOUSE_BINDING_R3
NH2-SINGLE-ORDERED-R057,test,13,NH2-SINGLE-ORDERED-R057-Q13-INAD_1,INADMISSIBLE,SAT_FALSE,NH2-SINGLE-ORDERED-R057_inad_1,REJECT_INADMISSIBLE,EXECUTE_ONLY_IF_R3_MEASURES_INADMISSIBLE_COST,NEEDS_WAREHOUSE_BINDING_R3
NH2-SINGLE-ORDERED-R058,test,12,NH2-SINGLE-ORDERED-R058-Q12-INAD_0,INADMISSIBLE,SAT_FALSE,NH2-SINGLE-ORDERED-R058_inad_0,REJECT_INADMISSIBLE,EXECUTE_ONLY_IF_R3_MEASURES_INADMISSIBLE_COST,NEEDS_WAREHOUSE_BINDING_R3
NH2-SINGLE-ORDERED-R058,test,13,NH2-SINGLE-ORDERED-R058-Q13-INAD_1,INADMISSIBLE,SAT_FALSE,NH2-SINGLE-ORDERED-R058_inad_1,REJECT_INADMISSIBLE,EXECUTE_ONLY_IF_R3_MEASURES_INADMISSIBLE_COST,NEEDS_WAREHOUSE_BINDING_R3
NH2-SINGLE-ORDERED-R059,test,12,NH2-SINGLE-ORDERED-R059-Q12-INAD_0,INADMISSIBLE,SAT_FALSE,NH2-SINGLE-ORDERED-R059_inad_0,REJECT_INADMISSIBLE,EXECUTE_ONLY_IF_R3_MEASURES_INADMISSIBLE_COST,NEEDS_WAREHOUSE_BINDING_R3
NH2-SINGLE-ORDERED-R059,test,13,NH2-SINGLE-ORDERED-R059-Q13-INAD_1,INADMISSIBLE,SAT_FALSE,NH2-SINGLE-ORDERED-R059_inad_1,REJECT_INADMISSIBLE,EXECUTE_ONLY_IF_R3_MEASURES_INADMISSIBLE_COST,NEEDS_WAREHOUSE_BINDING_R3
NH2-SINGLE-ORDERED-R060,test,12,NH2-SINGLE-ORDERED-R060-Q12-INAD_0,INADMISSIBLE,SAT_FALSE,NH2-SINGLE-ORDERED-R060_inad_0,REJECT_INADMISSIBLE,EXECUTE_ONLY_IF_R3_MEASURES_INADMISSIBLE_COST,NEEDS_WAREHOUSE_BINDING_R3
NH2-SINGLE-ORDERED-R060,test,13,NH2-SINGLE-ORDERED-R060-Q13-INAD_1,INADMISSIBLE,SAT_FALSE,NH2-SINGLE-ORDERED-R060_inad_1,REJECT_INADMISSIBLE,EXECUTE_ONLY_IF_R3_MEASURES_INADMISSIBLE_COST,NEEDS_WAREHOUSE_BINDING_R3
NH2-SINGLE-OUT_OF_ORDER-R001,dev,12,NH2-SINGLE-OUT_OF_ORDER-R001-Q12-INAD_0,INADMISSIBLE,SAT_FALSE,NH2-SINGLE-OUT_OF_ORDER-R001_inad_0,REJECT_INADMISSIBLE,EXECUTE_ONLY_IF_R3_MEASURES_INADMISSIBLE_COST,NEEDS_WAREHOUSE_BINDING_R3
NH2-SINGLE-OUT_OF_ORDER-R001,dev,13,NH2-SINGLE-OUT_OF_ORDER-R001-Q13-INAD_1,INADMISSIBLE,SAT_FALSE,NH2-SINGLE-OUT_OF_ORDER-R001_inad_1,REJECT_INADMISSIBLE,EXECUTE_ONLY_IF_R3_MEASURES_INADMISSIBLE_COST,NEEDS_WAREHOUSE_BINDING_R3
NH2-SINGLE-OUT_OF_ORDER-R002,dev,12,NH2-SINGLE-OUT_OF_ORDER-R002-Q12-INAD_0,INADMISSIBLE,SAT_FALSE,NH2-SINGLE-OUT_OF_ORDER-R002_inad_0,REJECT_INADMISSIBLE,EXECUTE_ONLY_IF_R3_MEASURES_INADMISSIBLE_COST,NEEDS_WAREHOUSE_BINDING_R3
NH2-SINGLE-OUT_OF_ORDER-R002,dev,13,NH2-SINGLE-OUT_OF_ORDER-R002-Q13-INAD_1,INADMISSIBLE,SAT_FALSE,NH2-SINGLE-OUT_OF_ORDER-R002_inad_1,REJECT_INADMISSIBLE,EXECUTE_ONLY_IF_R3_MEASURES_INADMISSIBLE_COST,NEEDS_WAREHOUSE_BINDING_R3
NH2-SINGLE-OUT_OF_ORDER-R003,dev,12,NH2-SINGLE-OUT_OF_ORDER-R003-Q12-INAD_0,INADMISSIBLE,SAT_FALSE,NH2-SINGLE-OUT_OF_ORDER-R003_inad_0,REJECT_INADMISSIBLE,EXECUTE_ONLY_IF_R3_MEASURES_INADMISSIBLE_COST,NEEDS_WAREHOUSE_BINDING_R3
NH2-SINGLE-OUT_OF_ORDER-R003,dev,13,NH2-SINGLE-OUT_OF_ORDER-R003-Q13-INAD_1,INADMISSIBLE,SAT_FALSE,NH2-SINGLE-OUT_OF_ORDER-R003_inad_1,REJECT_INADMISSIBLE,EXECUTE_ONLY_IF_R3_MEASURES_INADMISSIBLE_COST,NEEDS_WAREHOUSE_BINDING_R3
NH2-SINGLE-OUT_OF_ORDER-R004,dev,12,NH2-SINGLE-OUT_OF_ORDER-R004-Q12-INAD_0,INADMISSIBLE,SAT_FALSE,NH2-SINGLE-OUT_OF_ORDER-R004_inad_0,REJECT_INADMISSIBLE,EXECUTE_ONLY_IF_R3_MEASURES_INADMISSIBLE_COST,NEEDS_WAREHOUSE_BINDING_R3
NH2-SINGLE-OUT_OF_ORDER-R004,dev,13,NH2-SINGLE-OUT_OF_ORDER-R004-Q13-INAD_1,INADMISSIBLE,SAT_FALSE,NH2-SINGLE-OUT_OF_ORDER-R004_inad_1,REJECT_INADMISSIBLE,EXECUTE_ONLY_IF_R3_MEASURES_INADMISSIBLE_COST,NEEDS_WAREHOUSE_BINDING_R3
NH2-SINGLE-OUT_OF_ORDER-R005,dev,12,NH2-SINGLE-OUT_OF_ORDER-R005-Q12-INAD_0,INADMISSIBLE,SAT_FALSE,NH2-SINGLE-OUT_OF_ORDER-R005_inad_0,REJECT_INADMISSIBLE,EXECUTE_ONLY_IF_R3_MEASURES_INADMISSIBLE_COST,NEEDS_WAREHOUSE_BINDING_R3
NH2-SINGLE-OUT_OF_ORDER-R005,dev,13,NH2-SINGLE-OUT_OF_ORDER-R005-Q13-INAD_1,INADMISSIBLE,SAT_FALSE,NH2-SINGLE-OUT_OF_ORDER-R005_inad_1,REJECT_INADMISSIBLE,EXECUTE_ONLY_IF_R3_MEASURES_INADMISSIBLE_COST,NEEDS_WAREHOUSE_BINDING_R3
NH2-SINGLE-OUT_OF_ORDER-R006,dev,12,NH2-SINGLE-OUT_OF_ORDER-R006-Q12-INAD_0,INADMISSIBLE,SAT_FALSE,NH2-SINGLE-OUT_OF_ORDER-R006_inad_0,REJECT_INADMISSIBLE,EXECUTE_ONLY_IF_R3_MEASURES_INADMISSIBLE_COST,NEEDS_WAREHOUSE_BINDING_R3
NH2-SINGLE-OUT_OF_ORDER-R006,dev,13,NH2-SINGLE-OUT_OF_ORDER-R006-Q13-INAD_1,INADMISSIBLE,SAT_FALSE,NH2-SINGLE-OUT_OF_ORDER-R006_inad_1,REJECT_INADMISSIBLE,EXECUTE_ONLY_IF_R3_MEASURES_INADMISSIBLE_COST,NEEDS_WAREHOUSE_BINDING_R3
NH2-SINGLE-OUT_OF_ORDER-R007,dev,12,NH2-SINGLE-OUT_OF_ORDER-R007-Q12-INAD_0,INADMISSIBLE,SAT_FALSE,NH2-SINGLE-OUT_OF_ORDER-R007_inad_0,REJECT_INADMISSIBLE,EXECUTE_ONLY_IF_R3_MEASURES_INADMISSIBLE_COST,NEEDS_WAREHOUSE_BINDING_R3
NH2-SINGLE-OUT_OF_ORDER-R007,dev,13,NH2-SINGLE-OUT_OF_ORDER-R007-Q13-INAD_1,INADMISSIBLE,SAT_FALSE,NH2-SINGLE-OUT_OF_ORDER-R007_inad_1,REJECT_INADMISSIBLE,EXECUTE_ONLY_IF_R3_MEASURES_INADMISSIBLE_COST,NEEDS_WAREHOUSE_BINDING_R3
NH2-SINGLE-OUT_OF_ORDER-R008,dev,12,NH2-SINGLE-OUT_OF_ORDER-R008-Q12-INAD_0,INADMISSIBLE,SAT_FALSE,NH2-SINGLE-OUT_OF_ORDER-R008_inad_0,REJECT_INADMISSIBLE,EXECUTE_ONLY_IF_R3_MEASURES_INADMISSIBLE_COST,NEEDS_WAREHOUSE_BINDING_R3
NH2-SINGLE-OUT_OF_ORDER-R008,dev,13,NH2-SINGLE-OUT_OF_ORDER-R008-Q13-INAD_1,INADMISSIBLE,SAT_FALSE,NH2-SINGLE-OUT_OF_ORDER-R008_inad_1,REJECT_INADMISSIBLE,EXECUTE_ONLY_IF_R3_MEASURES_INADMISSIBLE_COST,NEEDS_WAREHOUSE_BINDING_R3
NH2-SINGLE-OUT_OF_ORDER-R009,dev,12,NH2-SINGLE-OUT_OF_ORDER-R009-Q12-INAD_0,INADMISSIBLE,SAT_FALSE,NH2-SINGLE-OUT_OF_ORDER-R009_inad_0,REJECT_INADMISSIBLE,EXECUTE_ONLY_IF_R3_MEASURES_INADMISSIBLE_COST,NEEDS_WAREHOUSE_BINDING_R3
NH2-SINGLE-OUT_OF_ORDER-R009,dev,13,NH2-SINGLE-OUT_OF_ORDER-R009-Q13-INAD_1,INADMISSIBLE,SAT_FALSE,NH2-SINGLE-OUT_OF_ORDER-R009_inad_1,REJECT_INADMISSIBLE,EXECUTE_ONLY_IF_R3_MEASURES_INADMISSIBLE_COST,NEEDS_WAREHOUSE_BINDING_R3
NH2-SINGLE-OUT_OF_ORDER-R010,dev,12,NH2-SINGLE-OUT_OF_ORDER-R010-Q12-INAD_0,INADMISSIBLE,SAT_FALSE,NH2-SINGLE-OUT_OF_ORDER-R010_inad_0,REJECT_INADMISSIBLE,EXECUTE_ONLY_IF_R3_MEASURES_INADMISSIBLE_COST,NEEDS_WAREHOUSE_BINDING_R3
NH2-SINGLE-OUT_OF_ORDER-R010,dev,13,NH2-SINGLE-OUT_OF_ORDER-R010-Q13-INAD_1,INADMISSIBLE,SAT_FALSE,NH2-SINGLE-OUT_OF_ORDER-R010_inad_1,REJECT_INADMISSIBLE,EXECUTE_ONLY_IF_R3_MEASURES_INADMISSIBLE_COST,NEEDS_WAREHOUSE_BINDING_R3
NH2-SINGLE-OUT_OF_ORDER-R011,dev,12,NH2-SINGLE-OUT_OF_ORDER-R011-Q12-INAD_0,INADMISSIBLE,SAT_FALSE,NH2-SINGLE-OUT_OF_ORDER-R011_inad_0,REJECT_INADMISSIBLE,EXECUTE_ONLY_IF_R3_MEASURES_INADMISSIBLE_COST,NEEDS_WAREHOUSE_BINDING_R3
NH2-SINGLE-OUT_OF_ORDER-R011,dev,13,NH2-SINGLE-OUT_OF_ORDER-R011-Q13-INAD_1,INADMISSIBLE,SAT_FALSE,NH2-SINGLE-OUT_OF_ORDER-R011_inad_1,REJECT_INADMISSIBLE,EXECUTE_ONLY_IF_R3_MEASURES_INADMISSIBLE_COST,NEEDS_WAREHOUSE_BINDING_R3
NH2-SINGLE-OUT_OF_ORDER-R012,dev,12,NH2-SINGLE-OUT_OF_ORDER-R012-Q12-INAD_0,INADMISSIBLE,SAT_FALSE,NH2-SINGLE-OUT_OF_ORDER-R012_inad_0,REJECT_INADMISSIBLE,EXECUTE_ONLY_IF_R3_MEASURES_INADMISSIBLE_COST,NEEDS_WAREHOUSE_BINDING_R3
NH2-SINGLE-OUT_OF_ORDER-R012,dev,13,NH2-SINGLE-OUT_OF_ORDER-R012-Q13-INAD_1,INADMISSIBLE,SAT_FALSE,NH2-SINGLE-OUT_OF_ORDER-R012_inad_1,REJECT_INADMISSIBLE,EXECUTE_ONLY_IF_R3_MEASURES_INADMISSIBLE_COST,NEEDS_WAREHOUSE_BINDING_R3
NH2-SINGLE-OUT_OF_ORDER-R013,dev,12,NH2-SINGLE-OUT_OF_ORDER-R013-Q12-INAD_0,INADMISSIBLE,SAT_FALSE,NH2-SINGLE-OUT_OF_ORDER-R013_inad_0,REJECT_INADMISSIBLE,EXECUTE_ONLY_IF_R3_MEASURES_INADMISSIBLE_COST,NEEDS_WAREHOUSE_BINDING_R3
NH2-SINGLE-OUT_OF_ORDER-R013,dev,13,NH2-SINGLE-OUT_OF_ORDER-R013-Q13-INAD_1,INADMISSIBLE,SAT_FALSE,NH2-SINGLE-OUT_OF_ORDER-R013_inad_1,REJECT_INADMISSIBLE,EXECUTE_ONLY_IF_R3_MEASURES_INADMISSIBLE_COST,NEEDS_WAREHOUSE_BINDING_R3
NH2-SINGLE-OUT_OF_ORDER-R014,dev,12,NH2-SINGLE-OUT_OF_ORDER-R014-Q12-INAD_0,INADMISSIBLE,SAT_FALSE,NH2-SINGLE-OUT_OF_ORDER-R014_inad_0,REJECT_INADMISSIBLE,EXECUTE_ONLY_IF_R3_MEASURES_INADMISSIBLE_COST,NEEDS_WAREHOUSE_BINDING_R3
NH2-SINGLE-OUT_OF_ORDER-R014,dev,13,NH2-SINGLE-OUT_OF_ORDER-R014-Q13-INAD_1,INADMISSIBLE,SAT_FALSE,NH2-SINGLE-OUT_OF_ORDER-R014_inad_1,REJECT_INADMISSIBLE,EXECUTE_ONLY_IF_R3_MEASURES_INADMISSIBLE_COST,NEEDS_WAREHOUSE_BINDING_R3
NH2-SINGLE-OUT_OF_ORDER-R015,dev,12,NH2-SINGLE-OUT_OF_ORDER-R015-Q12-INAD_0,INADMISSIBLE,SAT_FALSE,NH2-SINGLE-OUT_OF_ORDER-R015_inad_0,REJECT_INADMISSIBLE,EXECUTE_ONLY_IF_R3_MEASURES_INADMISSIBLE_COST,NEEDS_WAREHOUSE_BINDING_R3
NH2-SINGLE-OUT_OF_ORDER-R015,dev,13,NH2-SINGLE-OUT_OF_ORDER-R015-Q13-INAD_1,INADMISSIBLE,SAT_FALSE,NH2-SINGLE-OUT_OF_ORDER-R015_inad_1,REJECT_INADMISSIBLE,EXECUTE_ONLY_IF_R3_MEASURES_INADMISSIBLE_COST,NEEDS_WAREHOUSE_BINDING_R3
NH2-SINGLE-OUT_OF_ORDER-R016,dev,12,NH2-SINGLE-OUT_OF_ORDER-R016-Q12-INAD_0,INADMISSIBLE,SAT_FALSE,NH2-SINGLE-OUT_OF_ORDER-R016_inad_0,REJECT_INADMISSIBLE,EXECUTE_ONLY_IF_R3_MEASURES_INADMISSIBLE_COST,NEEDS_WAREHOUSE_BINDING_R3
NH2-SINGLE-OUT_OF_ORDER-R016,dev,13,NH2-SINGLE-OUT_OF_ORDER-R016-Q13-INAD_1,INADMISSIBLE,SAT_FALSE,NH2-SINGLE-OUT_OF_ORDER-R016_inad_1,REJECT_INADMISSIBLE,EXECUTE_ONLY_IF_R3_MEASURES_INADMISSIBLE_COST,NEEDS_WAREHOUSE_BINDING_R3
NH2-SINGLE-OUT_OF_ORDER-R017,dev,12,NH2-SINGLE-OUT_OF_ORDER-R017-Q12-INAD_0,INADMISSIBLE,SAT_FALSE,NH2-SINGLE-OUT_OF_ORDER-R017_inad_0,REJECT_INADMISSIBLE,EXECUTE_ONLY_IF_R3_MEASURES_INADMISSIBLE_COST,NEEDS_WAREHOUSE_BINDING_R3
NH2-SINGLE-OUT_OF_ORDER-R017,dev,13,NH2-SINGLE-OUT_OF_ORDER-R017-Q13-INAD_1,INADMISSIBLE,SAT_FALSE,NH2-SINGLE-OUT_OF_ORDER-R017_inad_1,REJECT_INADMISSIBLE,EXECUTE_ONLY_IF_R3_MEASURES_INADMISSIBLE_COST,NEEDS_WAREHOUSE_BINDING_R3
NH2-SINGLE-OUT_OF_ORDER-R018,dev,12,NH2-SINGLE-OUT_OF_ORDER-R018-Q12-INAD_0,INADMISSIBLE,SAT_FALSE,NH2-SINGLE-OUT_OF_ORDER-R018_inad_0,REJECT_INADMISSIBLE,EXECUTE_ONLY_IF_R3_MEASURES_INADMISSIBLE_COST,NEEDS_WAREHOUSE_BINDING_R3
NH2-SINGLE-OUT_OF_ORDER-R018,dev,13,NH2-SINGLE-OUT_OF_ORDER-R018-Q13-INAD_1,INADMISSIBLE,SAT_FALSE,NH2-SINGLE-OUT_OF_ORDER-R018_inad_1,REJECT_INADMISSIBLE,EXECUTE_ONLY_IF_R3_MEASURES_INADMISSIBLE_COST,NEEDS_WAREHOUSE_BINDING_R3
NH2-SINGLE-OUT_OF_ORDER-R019,dev,12,NH2-SINGLE-OUT_OF_ORDER-R019-Q12-INAD_0,INADMISSIBLE,SAT_FALSE,NH2-SINGLE-OUT_OF_ORDER-R019_inad_0,REJECT_INADMISSIBLE,EXECUTE_ONLY_IF_R3_MEASURES_INADMISSIBLE_COST,NEEDS_WAREHOUSE_BINDING_R3
NH2-SINGLE-OUT_OF_ORDER-R019,dev,13,NH2-SINGLE-OUT_OF_ORDER-R019-Q13-INAD_1,INADMISSIBLE,SAT_FALSE,NH2-SINGLE-OUT_OF_ORDER-R019_inad_1,REJECT_INADMISSIBLE,EXECUTE_ONLY_IF_R3_MEASURES_INADMISSIBLE_COST,NEEDS_WAREHOUSE_BINDING_R3
NH2-SINGLE-OUT_OF_ORDER-R020,dev,12,NH2-SINGLE-OUT_OF_ORDER-R020-Q12-INAD_0,INADMISSIBLE,SAT_FALSE,NH2-SINGLE-OUT_OF_ORDER-R020_inad_0,REJECT_INADMISSIBLE,EXECUTE_ONLY_IF_R3_MEASURES_INADMISSIBLE_COST,NEEDS_WAREHOUSE_BINDING_R3
NH2-SINGLE-OUT_OF_ORDER-R020,dev,13,NH2-SINGLE-OUT_OF_ORDER-R020-Q13-INAD_1,INADMISSIBLE,SAT_FALSE,NH2-SINGLE-OUT_OF_ORDER-R020_inad_1,REJECT_INADMISSIBLE,EXECUTE_ONLY_IF_R3_MEASURES_INADMISSIBLE_COST,NEEDS_WAREHOUSE_BINDING_R3
NH2-SINGLE-OUT_OF_ORDER-R021,dev,12,NH2-SINGLE-OUT_OF_ORDER-R021-Q12-INAD_0,INADMISSIBLE,SAT_FALSE,NH2-SINGLE-OUT_OF_ORDER-R021_inad_0,REJECT_INADMISSIBLE,EXECUTE_ONLY_IF_R3_MEASURES_INADMISSIBLE_COST,NEEDS_WAREHOUSE_BINDING_R3
NH2-SINGLE-OUT_OF_ORDER-R021,dev,13,NH2-SINGLE-OUT_OF_ORDER-R021-Q13-INAD_1,INADMISSIBLE,SAT_FALSE,NH2-SINGLE-OUT_OF_ORDER-R021_inad_1,REJECT_INADMISSIBLE,EXECUTE_ONLY_IF_R3_MEASURES_INADMISSIBLE_COST,NEEDS_WAREHOUSE_BINDING_R3
NH2-SINGLE-OUT_OF_ORDER-R022,dev,12,NH2-SINGLE-OUT_OF_ORDER-R022-Q12-INAD_0,INADMISSIBLE,SAT_FALSE,NH2-SINGLE-OUT_OF_ORDER-R022_inad_0,REJECT_INADMISSIBLE,EXECUTE_ONLY_IF_R3_MEASURES_INADMISSIBLE_COST,NEEDS_WAREHOUSE_BINDING_R3
NH2-SINGLE-OUT_OF_ORDER-R022,dev,13,NH2-SINGLE-OUT_OF_ORDER-R022-Q13-INAD_1,INADMISSIBLE,SAT_FALSE,NH2-SINGLE-OUT_OF_ORDER-R022_inad_1,REJECT_INADMISSIBLE,EXECUTE_ONLY_IF_R3_MEASURES_INADMISSIBLE_COST,NEEDS_WAREHOUSE_BINDING_R3
NH2-SINGLE-OUT_OF_ORDER-R023,dev,12,NH2-SINGLE-OUT_OF_ORDER-R023-Q12-INAD_0,INADMISSIBLE,SAT_FALSE,NH2-SINGLE-OUT_OF_ORDER-R023_inad_0,REJECT_INADMISSIBLE,EXECUTE_ONLY_IF_R3_MEASURES_INADMISSIBLE_COST,NEEDS_WAREHOUSE_BINDING_R3
NH2-SINGLE-OUT_OF_ORDER-R023,dev,13,NH2-SINGLE-OUT_OF_ORDER-R023-Q13-INAD_1,INADMISSIBLE,SAT_FALSE,NH2-SINGLE-OUT_OF_ORDER-R023_inad_1,REJECT_INADMISSIBLE,EXECUTE_ONLY_IF_R3_MEASURES_INADMISSIBLE_COST,NEEDS_WAREHOUSE_BINDING_R3
NH2-SINGLE-OUT_OF_ORDER-R024,dev,12,NH2-SINGLE-OUT_OF_ORDER-R024-Q12-INAD_0,INADMISSIBLE,SAT_FALSE,NH2-SINGLE-OUT_OF_ORDER-R024_inad_0,REJECT_INADMISSIBLE,EXECUTE_ONLY_IF_R3_MEASURES_INADMISSIBLE_COST,NEEDS_WAREHOUSE_BINDING_R3
NH2-SINGLE-OUT_OF_ORDER-R024,dev,13,NH2-SINGLE-OUT_OF_ORDER-R024-Q13-INAD_1,INADMISSIBLE,SAT_FALSE,NH2-SINGLE-OUT_OF_ORDER-R024_inad_1,REJECT_INADMISSIBLE,EXECUTE_ONLY_IF_R3_MEASURES_INADMISSIBLE_COST,NEEDS_WAREHOUSE_BINDING_R3
NH2-SINGLE-OUT_OF_ORDER-R025,dev,12,NH2-SINGLE-OUT_OF_ORDER-R025-Q12-INAD_0,INADMISSIBLE,SAT_FALSE,NH2-SINGLE-OUT_OF_ORDER-R025_inad_0,REJECT_INADMISSIBLE,EXECUTE_ONLY_IF_R3_MEASURES_INADMISSIBLE_COST,NEEDS_WAREHOUSE_BINDING_R3
NH2-SINGLE-OUT_OF_ORDER-R025,dev,13,NH2-SINGLE-OUT_OF_ORDER-R025-Q13-INAD_1,INADMISSIBLE,SAT_FALSE,NH2-SINGLE-OUT_OF_ORDER-R025_inad_1,REJECT_INADMISSIBLE,EXECUTE_ONLY_IF_R3_MEASURES_INADMISSIBLE_COST,NEEDS_WAREHOUSE_BINDING_R3
NH2-SINGLE-OUT_OF_ORDER-R026,dev,12,NH2-SINGLE-OUT_OF_ORDER-R026-Q12-INAD_0,INADMISSIBLE,SAT_FALSE,NH2-SINGLE-OUT_OF_ORDER-R026_inad_0,REJECT_INADMISSIBLE,EXECUTE_ONLY_IF_R3_MEASURES_INADMISSIBLE_COST,NEEDS_WAREHOUSE_BINDING_R3
NH2-SINGLE-OUT_OF_ORDER-R026,dev,13,NH2-SINGLE-OUT_OF_ORDER-R026-Q13-INAD_1,INADMISSIBLE,SAT_FALSE,NH2-SINGLE-OUT_OF_ORDER-R026_inad_1,REJECT_INADMISSIBLE,EXECUTE_ONLY_IF_R3_MEASURES_INADMISSIBLE_COST,NEEDS_WAREHOUSE_BINDING_R3
NH2-SINGLE-OUT_OF_ORDER-R027,dev,12,NH2-SINGLE-OUT_OF_ORDER-R027-Q12-INAD_0,INADMISSIBLE,SAT_FALSE,NH2-SINGLE-OUT_OF_ORDER-R027_inad_0,REJECT_INADMISSIBLE,EXECUTE_ONLY_IF_R3_MEASURES_INADMISSIBLE_COST,NEEDS_WAREHOUSE_BINDING_R3
NH2-SINGLE-OUT_OF_ORDER-R027,dev,13,NH2-SINGLE-OUT_OF_ORDER-R027-Q13-INAD_1,INADMISSIBLE,SAT_FALSE,NH2-SINGLE-OUT_OF_ORDER-R027_inad_1,REJECT_INADMISSIBLE,EXECUTE_ONLY_IF_R3_MEASURES_INADMISSIBLE_COST,NEEDS_WAREHOUSE_BINDING_R3
NH2-SINGLE-OUT_OF_ORDER-R028,dev,12,NH2-SINGLE-OUT_OF_ORDER-R028-Q12-INAD_0,INADMISSIBLE,SAT_FALSE,NH2-SINGLE-OUT_OF_ORDER-R028_inad_0,REJECT_INADMISSIBLE,EXECUTE_ONLY_IF_R3_MEASURES_INADMISSIBLE_COST,NEEDS_WAREHOUSE_BINDING_R3
NH2-SINGLE-OUT_OF_ORDER-R028,dev,13,NH2-SINGLE-OUT_OF_ORDER-R028-Q13-INAD_1,INADMISSIBLE,SAT_FALSE,NH2-SINGLE-OUT_OF_ORDER-R028_inad_1,REJECT_INADMISSIBLE,EXECUTE_ONLY_IF_R3_MEASURES_INADMISSIBLE_COST,NEEDS_WAREHOUSE_BINDING_R3
NH2-SINGLE-OUT_OF_ORDER-R029,dev,12,NH2-SINGLE-OUT_OF_ORDER-R029-Q12-INAD_0,INADMISSIBLE,SAT_FALSE,NH2-SINGLE-OUT_OF_ORDER-R029_inad_0,REJECT_INADMISSIBLE,EXECUTE_ONLY_IF_R3_MEASURES_INADMISSIBLE_COST,NEEDS_WAREHOUSE_BINDING_R3
NH2-SINGLE-OUT_OF_ORDER-R029,dev,13,NH2-SINGLE-OUT_OF_ORDER-R029-Q13-INAD_1,INADMISSIBLE,SAT_FALSE,NH2-SINGLE-OUT_OF_ORDER-R029_inad_1,REJECT_INADMISSIBLE,EXECUTE_ONLY_IF_R3_MEASURES_INADMISSIBLE_COST,NEEDS_WAREHOUSE_BINDING_R3
NH2-SINGLE-OUT_OF_ORDER-R030,dev,12,NH2-SINGLE-OUT_OF_ORDER-R030-Q12-INAD_0,INADMISSIBLE,SAT_FALSE,NH2-SINGLE-OUT_OF_ORDER-R030_inad_0,REJECT_INADMISSIBLE,EXECUTE_ONLY_IF_R3_MEASURES_INADMISSIBLE_COST,NEEDS_WAREHOUSE_BINDING_R3
NH2-SINGLE-OUT_OF_ORDER-R030,dev,13,NH2-SINGLE-OUT_OF_ORDER-R030-Q13-INAD_1,INADMISSIBLE,SAT_FALSE,NH2-SINGLE-OUT_OF_ORDER-R030_inad_1,REJECT_INADMISSIBLE,EXECUTE_ONLY_IF_R3_MEASURES_INADMISSIBLE_COST,NEEDS_WAREHOUSE_BINDING_R3
NH2-SINGLE-OUT_OF_ORDER-R031,val,12,NH2-SINGLE-OUT_OF_ORDER-R031-Q12-INAD_0,INADMISSIBLE,SAT_FALSE,NH2-SINGLE-OUT_OF_ORDER-R031_inad_0,REJECT_INADMISSIBLE,EXECUTE_ONLY_IF_R3_MEASURES_INADMISSIBLE_COST,NEEDS_WAREHOUSE_BINDING_R3
NH2-SINGLE-OUT_OF_ORDER-R031,val,13,NH2-SINGLE-OUT_OF_ORDER-R031-Q13-INAD_1,INADMISSIBLE,SAT_FALSE,NH2-SINGLE-OUT_OF_ORDER-R031_inad_1,REJECT_INADMISSIBLE,EXECUTE_ONLY_IF_R3_MEASURES_INADMISSIBLE_COST,NEEDS_WAREHOUSE_BINDING_R3
NH2-SINGLE-OUT_OF_ORDER-R032,val,12,NH2-SINGLE-OUT_OF_ORDER-R032-Q12-INAD_0,INADMISSIBLE,SAT_FALSE,NH2-SINGLE-OUT_OF_ORDER-R032_inad_0,REJECT_INADMISSIBLE,EXECUTE_ONLY_IF_R3_MEASURES_INADMISSIBLE_COST,NEEDS_WAREHOUSE_BINDING_R3
NH2-SINGLE-OUT_OF_ORDER-R032,val,13,NH2-SINGLE-OUT_OF_ORDER-R032-Q13-INAD_1,INADMISSIBLE,SAT_FALSE,NH2-SINGLE-OUT_OF_ORDER-R032_inad_1,REJECT_INADMISSIBLE,EXECUTE_ONLY_IF_R3_MEASURES_INADMISSIBLE_COST,NEEDS_WAREHOUSE_BINDING_R3
NH2-SINGLE-OUT_OF_ORDER-R033,val,12,NH2-SINGLE-OUT_OF_ORDER-R033-Q12-INAD_0,INADMISSIBLE,SAT_FALSE,NH2-SINGLE-OUT_OF_ORDER-R033_inad_0,REJECT_INADMISSIBLE,EXECUTE_ONLY_IF_R3_MEASURES_INADMISSIBLE_COST,NEEDS_WAREHOUSE_BINDING_R3
NH2-SINGLE-OUT_OF_ORDER-R033,val,13,NH2-SINGLE-OUT_OF_ORDER-R033-Q13-INAD_1,INADMISSIBLE,SAT_FALSE,NH2-SINGLE-OUT_OF_ORDER-R033_inad_1,REJECT_INADMISSIBLE,EXECUTE_ONLY_IF_R3_MEASURES_INADMISSIBLE_COST,NEEDS_WAREHOUSE_BINDING_R3
NH2-SINGLE-OUT_OF_ORDER-R034,val,12,NH2-SINGLE-OUT_OF_ORDER-R034-Q12-INAD_0,INADMISSIBLE,SAT_FALSE,NH2-SINGLE-OUT_OF_ORDER-R034_inad_0,REJECT_INADMISSIBLE,EXECUTE_ONLY_IF_R3_MEASURES_INADMISSIBLE_COST,NEEDS_WAREHOUSE_BINDING_R3
NH2-SINGLE-OUT_OF_ORDER-R034,val,13,NH2-SINGLE-OUT_OF_ORDER-R034-Q13-INAD_1,INADMISSIBLE,SAT_FALSE,NH2-SINGLE-OUT_OF_ORDER-R034_inad_1,REJECT_INADMISSIBLE,EXECUTE_ONLY_IF_R3_MEASURES_INADMISSIBLE_COST,NEEDS_WAREHOUSE_BINDING_R3
NH2-SINGLE-OUT_OF_ORDER-R035,val,12,NH2-SINGLE-OUT_OF_ORDER-R035-Q12-INAD_0,INADMISSIBLE,SAT_FALSE,NH2-SINGLE-OUT_OF_ORDER-R035_inad_0,REJECT_INADMISSIBLE,EXECUTE_ONLY_IF_R3_MEASURES_INADMISSIBLE_COST,NEEDS_WAREHOUSE_BINDING_R3
NH2-SINGLE-OUT_OF_ORDER-R035,val,13,NH2-SINGLE-OUT_OF_ORDER-R035-Q13-INAD_1,INADMISSIBLE,SAT_FALSE,NH2-SINGLE-OUT_OF_ORDER-R035_inad_1,REJECT_INADMISSIBLE,EXECUTE_ONLY_IF_R3_MEASURES_INADMISSIBLE_COST,NEEDS_WAREHOUSE_BINDING_R3
NH2-SINGLE-OUT_OF_ORDER-R036,val,12,NH2-SINGLE-OUT_OF_ORDER-R036-Q12-INAD_0,INADMISSIBLE,SAT_FALSE,NH2-SINGLE-OUT_OF_ORDER-R036_inad_0,REJECT_INADMISSIBLE,EXECUTE_ONLY_IF_R3_MEASURES_INADMISSIBLE_COST,NEEDS_WAREHOUSE_BINDING_R3
NH2-SINGLE-OUT_OF_ORDER-R036,val,13,NH2-SINGLE-OUT_OF_ORDER-R036-Q13-INAD_1,INADMISSIBLE,SAT_FALSE,NH2-SINGLE-OUT_OF_ORDER-R036_inad_1,REJECT_INADMISSIBLE,EXECUTE_ONLY_IF_R3_MEASURES_INADMISSIBLE_COST,NEEDS_WAREHOUSE_BINDING_R3
NH2-SINGLE-OUT_OF_ORDER-R037,val,12,NH2-SINGLE-OUT_OF_ORDER-R037-Q12-INAD_0,INADMISSIBLE,SAT_FALSE,NH2-SINGLE-OUT_OF_ORDER-R037_inad_0,REJECT_INADMISSIBLE,EXECUTE_ONLY_IF_R3_MEASURES_INADMISSIBLE_COST,NEEDS_WAREHOUSE_BINDING_R3
NH2-SINGLE-OUT_OF_ORDER-R037,val,13,NH2-SINGLE-OUT_OF_ORDER-R037-Q13-INAD_1,INADMISSIBLE,SAT_FALSE,NH2-SINGLE-OUT_OF_ORDER-R037_inad_1,REJECT_INADMISSIBLE,EXECUTE_ONLY_IF_R3_MEASURES_INADMISSIBLE_COST,NEEDS_WAREHOUSE_BINDING_R3
NH2-SINGLE-OUT_OF_ORDER-R038,val,12,NH2-SINGLE-OUT_OF_ORDER-R038-Q12-INAD_0,INADMISSIBLE,SAT_FALSE,NH2-SINGLE-OUT_OF_ORDER-R038_inad_0,REJECT_INADMISSIBLE,EXECUTE_ONLY_IF_R3_MEASURES_INADMISSIBLE_COST,NEEDS_WAREHOUSE_BINDING_R3
NH2-SINGLE-OUT_OF_ORDER-R038,val,13,NH2-SINGLE-OUT_OF_ORDER-R038-Q13-INAD_1,INADMISSIBLE,SAT_FALSE,NH2-SINGLE-OUT_OF_ORDER-R038_inad_1,REJECT_INADMISSIBLE,EXECUTE_ONLY_IF_R3_MEASURES_INADMISSIBLE_COST,NEEDS_WAREHOUSE_BINDING_R3
NH2-SINGLE-OUT_OF_ORDER-R039,val,12,NH2-SINGLE-OUT_OF_ORDER-R039-Q12-INAD_0,INADMISSIBLE,SAT_FALSE,NH2-SINGLE-OUT_OF_ORDER-R039_inad_0,REJECT_INADMISSIBLE,EXECUTE_ONLY_IF_R3_MEASURES_INADMISSIBLE_COST,NEEDS_WAREHOUSE_BINDING_R3
NH2-SINGLE-OUT_OF_ORDER-R039,val,13,NH2-SINGLE-OUT_OF_ORDER-R039-Q13-INAD_1,INADMISSIBLE,SAT_FALSE,NH2-SINGLE-OUT_OF_ORDER-R039_inad_1,REJECT_INADMISSIBLE,EXECUTE_ONLY_IF_R3_MEASURES_INADMISSIBLE_COST,NEEDS_WAREHOUSE_BINDING_R3
NH2-SINGLE-OUT_OF_ORDER-R040,val,12,NH2-SINGLE-OUT_OF_ORDER-R040-Q12-INAD_0,INADMISSIBLE,SAT_FALSE,NH2-SINGLE-OUT_OF_ORDER-R040_inad_0,REJECT_INADMISSIBLE,EXECUTE_ONLY_IF_R3_MEASURES_INADMISSIBLE_COST,NEEDS_WAREHOUSE_BINDING_R3
NH2-SINGLE-OUT_OF_ORDER-R040,val,13,NH2-SINGLE-OUT_OF_ORDER-R040-Q13-INAD_1,INADMISSIBLE,SAT_FALSE,NH2-SINGLE-OUT_OF_ORDER-R040_inad_1,REJECT_INADMISSIBLE,EXECUTE_ONLY_IF_R3_MEASURES_INADMISSIBLE_COST,NEEDS_WAREHOUSE_BINDING_R3
NH2-SINGLE-OUT_OF_ORDER-R041,val,12,NH2-SINGLE-OUT_OF_ORDER-R041-Q12-INAD_0,INADMISSIBLE,SAT_FALSE,NH2-SINGLE-OUT_OF_ORDER-R041_inad_0,REJECT_INADMISSIBLE,EXECUTE_ONLY_IF_R3_MEASURES_INADMISSIBLE_COST,NEEDS_WAREHOUSE_BINDING_R3
NH2-SINGLE-OUT_OF_ORDER-R041,val,13,NH2-SINGLE-OUT_OF_ORDER-R041-Q13-INAD_1,INADMISSIBLE,SAT_FALSE,NH2-SINGLE-OUT_OF_ORDER-R041_inad_1,REJECT_INADMISSIBLE,EXECUTE_ONLY_IF_R3_MEASURES_INADMISSIBLE_COST,NEEDS_WAREHOUSE_BINDING_R3
NH2-SINGLE-OUT_OF_ORDER-R042,val,12,NH2-SINGLE-OUT_OF_ORDER-R042-Q12-INAD_0,INADMISSIBLE,SAT_FALSE,NH2-SINGLE-OUT_OF_ORDER-R042_inad_0,REJECT_INADMISSIBLE,EXECUTE_ONLY_IF_R3_MEASURES_INADMISSIBLE_COST,NEEDS_WAREHOUSE_BINDING_R3
NH2-SINGLE-OUT_OF_ORDER-R042,val,13,NH2-SINGLE-OUT_OF_ORDER-R042-Q13-INAD_1,INADMISSIBLE,SAT_FALSE,NH2-SINGLE-OUT_OF_ORDER-R042_inad_1,REJECT_INADMISSIBLE,EXECUTE_ONLY_IF_R3_MEASURES_INADMISSIBLE_COST,NEEDS_WAREHOUSE_BINDING_R3
NH2-SINGLE-OUT_OF_ORDER-R043,val,12,NH2-SINGLE-OUT_OF_ORDER-R043-Q12-INAD_0,INADMISSIBLE,SAT_FALSE,NH2-SINGLE-OUT_OF_ORDER-R043_inad_0,REJECT_INADMISSIBLE,EXECUTE_ONLY_IF_R3_MEASURES_INADMISSIBLE_COST,NEEDS_WAREHOUSE_BINDING_R3
NH2-SINGLE-OUT_OF_ORDER-R043,val,13,NH2-SINGLE-OUT_OF_ORDER-R043-Q13-INAD_1,INADMISSIBLE,SAT_FALSE,NH2-SINGLE-OUT_OF_ORDER-R043_inad_1,REJECT_INADMISSIBLE,EXECUTE_ONLY_IF_R3_MEASURES_INADMISSIBLE_COST,NEEDS_WAREHOUSE_BINDING_R3
NH2-SINGLE-OUT_OF_ORDER-R044,val,12,NH2-SINGLE-OUT_OF_ORDER-R044-Q12-INAD_0,INADMISSIBLE,SAT_FALSE,NH2-SINGLE-OUT_OF_ORDER-R044_inad_0,REJECT_INADMISSIBLE,EXECUTE_ONLY_IF_R3_MEASURES_INADMISSIBLE_COST,NEEDS_WAREHOUSE_BINDING_R3
NH2-SINGLE-OUT_OF_ORDER-R044,val,13,NH2-SINGLE-OUT_OF_ORDER-R044-Q13-INAD_1,INADMISSIBLE,SAT_FALSE,NH2-SINGLE-OUT_OF_ORDER-R044_inad_1,REJECT_INADMISSIBLE,EXECUTE_ONLY_IF_R3_MEASURES_INADMISSIBLE_COST,NEEDS_WAREHOUSE_BINDING_R3
NH2-SINGLE-OUT_OF_ORDER-R045,val,12,NH2-SINGLE-OUT_OF_ORDER-R045-Q12-INAD_0,INADMISSIBLE,SAT_FALSE,NH2-SINGLE-OUT_OF_ORDER-R045_inad_0,REJECT_INADMISSIBLE,EXECUTE_ONLY_IF_R3_MEASURES_INADMISSIBLE_COST,NEEDS_WAREHOUSE_BINDING_R3
NH2-SINGLE-OUT_OF_ORDER-R045,val,13,NH2-SINGLE-OUT_OF_ORDER-R045-Q13-INAD_1,INADMISSIBLE,SAT_FALSE,NH2-SINGLE-OUT_OF_ORDER-R045_inad_1,REJECT_INADMISSIBLE,EXECUTE_ONLY_IF_R3_MEASURES_INADMISSIBLE_COST,NEEDS_WAREHOUSE_BINDING_R3
NH2-SINGLE-OUT_OF_ORDER-R046,test,12,NH2-SINGLE-OUT_OF_ORDER-R046-Q12-INAD_0,INADMISSIBLE,SAT_FALSE,NH2-SINGLE-OUT_OF_ORDER-R046_inad_0,REJECT_INADMISSIBLE,EXECUTE_ONLY_IF_R3_MEASURES_INADMISSIBLE_COST,NEEDS_WAREHOUSE_BINDING_R3
NH2-SINGLE-OUT_OF_ORDER-R046,test,13,NH2-SINGLE-OUT_OF_ORDER-R046-Q13-INAD_1,INADMISSIBLE,SAT_FALSE,NH2-SINGLE-OUT_OF_ORDER-R046_inad_1,REJECT_INADMISSIBLE,EXECUTE_ONLY_IF_R3_MEASURES_INADMISSIBLE_COST,NEEDS_WAREHOUSE_BINDING_R3
NH2-SINGLE-OUT_OF_ORDER-R047,test,12,NH2-SINGLE-OUT_OF_ORDER-R047-Q12-INAD_0,INADMISSIBLE,SAT_FALSE,NH2-SINGLE-OUT_OF_ORDER-R047_inad_0,REJECT_INADMISSIBLE,EXECUTE_ONLY_IF_R3_MEASURES_INADMISSIBLE_COST,NEEDS_WAREHOUSE_BINDING_R3
NH2-SINGLE-OUT_OF_ORDER-R047,test,13,NH2-SINGLE-OUT_OF_ORDER-R047-Q13-INAD_1,INADMISSIBLE,SAT_FALSE,NH2-SINGLE-OUT_OF_ORDER-R047_inad_1,REJECT_INADMISSIBLE,EXECUTE_ONLY_IF_R3_MEASURES_INADMISSIBLE_COST,NEEDS_WAREHOUSE_BINDING_R3
NH2-SINGLE-OUT_OF_ORDER-R048,test,12,NH2-SINGLE-OUT_OF_ORDER-R048-Q12-INAD_0,INADMISSIBLE,SAT_FALSE,NH2-SINGLE-OUT_OF_ORDER-R048_inad_0,REJECT_INADMISSIBLE,EXECUTE_ONLY_IF_R3_MEASURES_INADMISSIBLE_COST,NEEDS_WAREHOUSE_BINDING_R3
NH2-SINGLE-OUT_OF_ORDER-R048,test,13,NH2-SINGLE-OUT_OF_ORDER-R048-Q13-INAD_1,INADMISSIBLE,SAT_FALSE,NH2-SINGLE-OUT_OF_ORDER-R048_inad_1,REJECT_INADMISSIBLE,EXECUTE_ONLY_IF_R3_MEASURES_INADMISSIBLE_COST,NEEDS_WAREHOUSE_BINDING_R3
NH2-SINGLE-OUT_OF_ORDER-R049,test,12,NH2-SINGLE-OUT_OF_ORDER-R049-Q12-INAD_0,INADMISSIBLE,SAT_FALSE,NH2-SINGLE-OUT_OF_ORDER-R049_inad_0,REJECT_INADMISSIBLE,EXECUTE_ONLY_IF_R3_MEASURES_INADMISSIBLE_COST,NEEDS_WAREHOUSE_BINDING_R3
NH2-SINGLE-OUT_OF_ORDER-R049,test,13,NH2-SINGLE-OUT_OF_ORDER-R049-Q13-INAD_1,INADMISSIBLE,SAT_FALSE,NH2-SINGLE-OUT_OF_ORDER-R049_inad_1,REJECT_INADMISSIBLE,EXECUTE_ONLY_IF_R3_MEASURES_INADMISSIBLE_COST,NEEDS_WAREHOUSE_BINDING_R3
NH2-SINGLE-OUT_OF_ORDER-R050,test,12,NH2-SINGLE-OUT_OF_ORDER-R050-Q12-INAD_0,INADMISSIBLE,SAT_FALSE,NH2-SINGLE-OUT_OF_ORDER-R050_inad_0,REJECT_INADMISSIBLE,EXECUTE_ONLY_IF_R3_MEASURES_INADMISSIBLE_COST,NEEDS_WAREHOUSE_BINDING_R3
NH2-SINGLE-OUT_OF_ORDER-R050,test,13,NH2-SINGLE-OUT_OF_ORDER-R050-Q13-INAD_1,INADMISSIBLE,SAT_FALSE,NH2-SINGLE-OUT_OF_ORDER-R050_inad_1,REJECT_INADMISSIBLE,EXECUTE_ONLY_IF_R3_MEASURES_INADMISSIBLE_COST,NEEDS_WAREHOUSE_BINDING_R3
NH2-SINGLE-OUT_OF_ORDER-R051,test,12,NH2-SINGLE-OUT_OF_ORDER-R051-Q12-INAD_0,INADMISSIBLE,SAT_FALSE,NH2-SINGLE-OUT_OF_ORDER-R051_inad_0,REJECT_INADMISSIBLE,EXECUTE_ONLY_IF_R3_MEASURES_INADMISSIBLE_COST,NEEDS_WAREHOUSE_BINDING_R3
NH2-SINGLE-OUT_OF_ORDER-R051,test,13,NH2-SINGLE-OUT_OF_ORDER-R051-Q13-INAD_1,INADMISSIBLE,SAT_FALSE,NH2-SINGLE-OUT_OF_ORDER-R051_inad_1,REJECT_INADMISSIBLE,EXECUTE_ONLY_IF_R3_MEASURES_INADMISSIBLE_COST,NEEDS_WAREHOUSE_BINDING_R3
NH2-SINGLE-OUT_OF_ORDER-R052,test,12,NH2-SINGLE-OUT_OF_ORDER-R052-Q12-INAD_0,INADMISSIBLE,SAT_FALSE,NH2-SINGLE-OUT_OF_ORDER-R052_inad_0,REJECT_INADMISSIBLE,EXECUTE_ONLY_IF_R3_MEASURES_INADMISSIBLE_COST,NEEDS_WAREHOUSE_BINDING_R3
NH2-SINGLE-OUT_OF_ORDER-R052,test,13,NH2-SINGLE-OUT_OF_ORDER-R052-Q13-INAD_1,INADMISSIBLE,SAT_FALSE,NH2-SINGLE-OUT_OF_ORDER-R052_inad_1,REJECT_INADMISSIBLE,EXECUTE_ONLY_IF_R3_MEASURES_INADMISSIBLE_COST,NEEDS_WAREHOUSE_BINDING_R3
NH2-SINGLE-OUT_OF_ORDER-R053,test,12,NH2-SINGLE-OUT_OF_ORDER-R053-Q12-INAD_0,INADMISSIBLE,SAT_FALSE,NH2-SINGLE-OUT_OF_ORDER-R053_inad_0,REJECT_INADMISSIBLE,EXECUTE_ONLY_IF_R3_MEASURES_INADMISSIBLE_COST,NEEDS_WAREHOUSE_BINDING_R3
NH2-SINGLE-OUT_OF_ORDER-R053,test,13,NH2-SINGLE-OUT_OF_ORDER-R053-Q13-INAD_1,INADMISSIBLE,SAT_FALSE,NH2-SINGLE-OUT_OF_ORDER-R053_inad_1,REJECT_INADMISSIBLE,EXECUTE_ONLY_IF_R3_MEASURES_INADMISSIBLE_COST,NEEDS_WAREHOUSE_BINDING_R3
NH2-SINGLE-OUT_OF_ORDER-R054,test,12,NH2-SINGLE-OUT_OF_ORDER-R054-Q12-INAD_0,INADMISSIBLE,SAT_FALSE,NH2-SINGLE-OUT_OF_ORDER-R054_inad_0,REJECT_INADMISSIBLE,EXECUTE_ONLY_IF_R3_MEASURES_INADMISSIBLE_COST,NEEDS_WAREHOUSE_BINDING_R3
NH2-SINGLE-OUT_OF_ORDER-R054,test,13,NH2-SINGLE-OUT_OF_ORDER-R054-Q13-INAD_1,INADMISSIBLE,SAT_FALSE,NH2-SINGLE-OUT_OF_ORDER-R054_inad_1,REJECT_INADMISSIBLE,EXECUTE_ONLY_IF_R3_MEASURES_INADMISSIBLE_COST,NEEDS_WAREHOUSE_BINDING_R3
NH2-SINGLE-OUT_OF_ORDER-R055,test,12,NH2-SINGLE-OUT_OF_ORDER-R055-Q12-INAD_0,INADMISSIBLE,SAT_FALSE,NH2-SINGLE-OUT_OF_ORDER-R055_inad_0,REJECT_INADMISSIBLE,EXECUTE_ONLY_IF_R3_MEASURES_INADMISSIBLE_COST,NEEDS_WAREHOUSE_BINDING_R3
NH2-SINGLE-OUT_OF_ORDER-R055,test,13,NH2-SINGLE-OUT_OF_ORDER-R055-Q13-INAD_1,INADMISSIBLE,SAT_FALSE,NH2-SINGLE-OUT_OF_ORDER-R055_inad_1,REJECT_INADMISSIBLE,EXECUTE_ONLY_IF_R3_MEASURES_INADMISSIBLE_COST,NEEDS_WAREHOUSE_BINDING_R3
NH2-SINGLE-OUT_OF_ORDER-R056,test,12,NH2-SINGLE-OUT_OF_ORDER-R056-Q12-INAD_0,INADMISSIBLE,SAT_FALSE,NH2-SINGLE-OUT_OF_ORDER-R056_inad_0,REJECT_INADMISSIBLE,EXECUTE_ONLY_IF_R3_MEASURES_INADMISSIBLE_COST,NEEDS_WAREHOUSE_BINDING_R3
NH2-SINGLE-OUT_OF_ORDER-R056,test,13,NH2-SINGLE-OUT_OF_ORDER-R056-Q13-INAD_1,INADMISSIBLE,SAT_FALSE,NH2-SINGLE-OUT_OF_ORDER-R056_inad_1,REJECT_INADMISSIBLE,EXECUTE_ONLY_IF_R3_MEASURES_INADMISSIBLE_COST,NEEDS_WAREHOUSE_BINDING_R3
NH2-SINGLE-OUT_OF_ORDER-R057,test,12,NH2-SINGLE-OUT_OF_ORDER-R057-Q12-INAD_0,INADMISSIBLE,SAT_FALSE,NH2-SINGLE-OUT_OF_ORDER-R057_inad_0,REJECT_INADMISSIBLE,EXECUTE_ONLY_IF_R3_MEASURES_INADMISSIBLE_COST,NEEDS_WAREHOUSE_BINDING_R3
NH2-SINGLE-OUT_OF_ORDER-R057,test,13,NH2-SINGLE-OUT_OF_ORDER-R057-Q13-INAD_1,INADMISSIBLE,SAT_FALSE,NH2-SINGLE-OUT_OF_ORDER-R057_inad_1,REJECT_INADMISSIBLE,EXECUTE_ONLY_IF_R3_MEASURES_INADMISSIBLE_COST,NEEDS_WAREHOUSE_BINDING_R3
NH2-SINGLE-OUT_OF_ORDER-R058,test,12,NH2-SINGLE-OUT_OF_ORDER-R058-Q12-INAD_0,INADMISSIBLE,SAT_FALSE,NH2-SINGLE-OUT_OF_ORDER-R058_inad_0,REJECT_INADMISSIBLE,EXECUTE_ONLY_IF_R3_MEASURES_INADMISSIBLE_COST,NEEDS_WAREHOUSE_BINDING_R3
NH2-SINGLE-OUT_OF_ORDER-R058,test,13,NH2-SINGLE-OUT_OF_ORDER-R058-Q13-INAD_1,INADMISSIBLE,SAT_FALSE,NH2-SINGLE-OUT_OF_ORDER-R058_inad_1,REJECT_INADMISSIBLE,EXECUTE_ONLY_IF_R3_MEASURES_INADMISSIBLE_COST,NEEDS_WAREHOUSE_BINDING_R3
NH2-SINGLE-OUT_OF_ORDER-R059,test,12,NH2-SINGLE-OUT_OF_ORDER-R059-Q12-INAD_0,INADMISSIBLE,SAT_FALSE,NH2-SINGLE-OUT_OF_ORDER-R059_inad_0,REJECT_INADMISSIBLE,EXECUTE_ONLY_IF_R3_MEASURES_INADMISSIBLE_COST,NEEDS_WAREHOUSE_BINDING_R3
NH2-SINGLE-OUT_OF_ORDER-R059,test,13,NH2-SINGLE-OUT_OF_ORDER-R059-Q13-INAD_1,INADMISSIBLE,SAT_FALSE,NH2-SINGLE-OUT_OF_ORDER-R059_inad_1,REJECT_INADMISSIBLE,EXECUTE_ONLY_IF_R3_MEASURES_INADMISSIBLE_COST,NEEDS_WAREHOUSE_BINDING_R3
NH2-SINGLE-OUT_OF_ORDER-R060,test,12,NH2-SINGLE-OUT_OF_ORDER-R060-Q12-INAD_0,INADMISSIBLE,SAT_FALSE,NH2-SINGLE-OUT_OF_ORDER-R060_inad_0,REJECT_INADMISSIBLE,EXECUTE_ONLY_IF_R3_MEASURES_INADMISSIBLE_COST,NEEDS_WAREHOUSE_BINDING_R3
NH2-SINGLE-OUT_OF_ORDER-R060,test,13,NH2-SINGLE-OUT_OF_ORDER-R060-Q13-INAD_1,INADMISSIBLE,SAT_FALSE,NH2-SINGLE-OUT_OF_ORDER-R060_inad_1,REJECT_INADMISSIBLE,EXECUTE_ONLY_IF_R3_MEASURES_INADMISSIBLE_COST,NEEDS_WAREHOUSE_BINDING_R3
NH2-SINGLE-OVERLAP-R001,dev,13,NH2-SINGLE-OVERLAP-R001-Q13-INAD_0,INADMISSIBLE,SAT_FALSE,NH2-SINGLE-OVERLAP-R001_inad_0,REJECT_INADMISSIBLE,EXECUTE_ONLY_IF_R3_MEASURES_INADMISSIBLE_COST,NEEDS_WAREHOUSE_BINDING_R3
NH2-SINGLE-OVERLAP-R001,dev,22,NH2-SINGLE-OVERLAP-R001-Q22-INAD_1,INADMISSIBLE,SAT_FALSE,NH2-SINGLE-OVERLAP-R001_inad_1,REJECT_INADMISSIBLE,EXECUTE_ONLY_IF_R3_MEASURES_INADMISSIBLE_COST,NEEDS_WAREHOUSE_BINDING_R3
NH2-SINGLE-OVERLAP-R002,dev,1,NH2-SINGLE-OVERLAP-R002-Q01-INAD_0,INADMISSIBLE,SAT_FALSE,NH2-SINGLE-OVERLAP-R002_inad_0,REJECT_INADMISSIBLE,EXECUTE_ONLY_IF_R3_MEASURES_INADMISSIBLE_COST,NEEDS_WAREHOUSE_BINDING_R3
NH2-SINGLE-OVERLAP-R002,dev,18,NH2-SINGLE-OVERLAP-R002-Q18-INAD_1,INADMISSIBLE,SAT_FALSE,NH2-SINGLE-OVERLAP-R002_inad_1,REJECT_INADMISSIBLE,EXECUTE_ONLY_IF_R3_MEASURES_INADMISSIBLE_COST,NEEDS_WAREHOUSE_BINDING_R3
NH2-SINGLE-OVERLAP-R003,dev,15,NH2-SINGLE-OVERLAP-R003-Q15-INAD_0,INADMISSIBLE,SAT_FALSE,NH2-SINGLE-OVERLAP-R003_inad_0,REJECT_INADMISSIBLE,EXECUTE_ONLY_IF_R3_MEASURES_INADMISSIBLE_COST,NEEDS_WAREHOUSE_BINDING_R3
NH2-SINGLE-OVERLAP-R003,dev,22,NH2-SINGLE-OVERLAP-R003-Q22-INAD_1,INADMISSIBLE,SAT_FALSE,NH2-SINGLE-OVERLAP-R003_inad_1,REJECT_INADMISSIBLE,EXECUTE_ONLY_IF_R3_MEASURES_INADMISSIBLE_COST,NEEDS_WAREHOUSE_BINDING_R3
NH2-SINGLE-OVERLAP-R004,dev,5,NH2-SINGLE-OVERLAP-R004-Q05-INAD_0,INADMISSIBLE,SAT_FALSE,NH2-SINGLE-OVERLAP-R004_inad_0,REJECT_INADMISSIBLE,EXECUTE_ONLY_IF_R3_MEASURES_INADMISSIBLE_COST,NEEDS_WAREHOUSE_BINDING_R3
NH2-SINGLE-OVERLAP-R004,dev,19,NH2-SINGLE-OVERLAP-R004-Q19-INAD_1,INADMISSIBLE,SAT_FALSE,NH2-SINGLE-OVERLAP-R004_inad_1,REJECT_INADMISSIBLE,EXECUTE_ONLY_IF_R3_MEASURES_INADMISSIBLE_COST,NEEDS_WAREHOUSE_BINDING_R3
NH2-SINGLE-OVERLAP-R005,dev,10,NH2-SINGLE-OVERLAP-R005-Q10-INAD_1,INADMISSIBLE,SAT_FALSE,NH2-SINGLE-OVERLAP-R005_inad_1,REJECT_INADMISSIBLE,EXECUTE_ONLY_IF_R3_MEASURES_INADMISSIBLE_COST,NEEDS_WAREHOUSE_BINDING_R3
NH2-SINGLE-OVERLAP-R005,dev,14,NH2-SINGLE-OVERLAP-R005-Q14-INAD_0,INADMISSIBLE,SAT_FALSE,NH2-SINGLE-OVERLAP-R005_inad_0,REJECT_INADMISSIBLE,EXECUTE_ONLY_IF_R3_MEASURES_INADMISSIBLE_COST,NEEDS_WAREHOUSE_BINDING_R3
NH2-SINGLE-OVERLAP-R006,dev,10,NH2-SINGLE-OVERLAP-R006-Q10-INAD_1,INADMISSIBLE,SAT_FALSE,NH2-SINGLE-OVERLAP-R006_inad_1,REJECT_INADMISSIBLE,EXECUTE_ONLY_IF_R3_MEASURES_INADMISSIBLE_COST,NEEDS_WAREHOUSE_BINDING_R3
NH2-SINGLE-OVERLAP-R006,dev,15,NH2-SINGLE-OVERLAP-R006-Q15-INAD_0,INADMISSIBLE,SAT_FALSE,NH2-SINGLE-OVERLAP-R006_inad_0,REJECT_INADMISSIBLE,EXECUTE_ONLY_IF_R3_MEASURES_INADMISSIBLE_COST,NEEDS_WAREHOUSE_BINDING_R3
NH2-SINGLE-OVERLAP-R007,dev,7,NH2-SINGLE-OVERLAP-R007-Q07-INAD_0,INADMISSIBLE,SAT_FALSE,NH2-SINGLE-OVERLAP-R007_inad_0,REJECT_INADMISSIBLE,EXECUTE_ONLY_IF_R3_MEASURES_INADMISSIBLE_COST,NEEDS_WAREHOUSE_BINDING_R3
NH2-SINGLE-OVERLAP-R007,dev,21,NH2-SINGLE-OVERLAP-R007-Q21-INAD_1,INADMISSIBLE,SAT_FALSE,NH2-SINGLE-OVERLAP-R007_inad_1,REJECT_INADMISSIBLE,EXECUTE_ONLY_IF_R3_MEASURES_INADMISSIBLE_COST,NEEDS_WAREHOUSE_BINDING_R3
NH2-SINGLE-OVERLAP-R008,dev,2,NH2-SINGLE-OVERLAP-R008-Q02-INAD_0,INADMISSIBLE,SAT_FALSE,NH2-SINGLE-OVERLAP-R008_inad_0,REJECT_INADMISSIBLE,EXECUTE_ONLY_IF_R3_MEASURES_INADMISSIBLE_COST,NEEDS_WAREHOUSE_BINDING_R3
NH2-SINGLE-OVERLAP-R008,dev,17,NH2-SINGLE-OVERLAP-R008-Q17-INAD_1,INADMISSIBLE,SAT_FALSE,NH2-SINGLE-OVERLAP-R008_inad_1,REJECT_INADMISSIBLE,EXECUTE_ONLY_IF_R3_MEASURES_INADMISSIBLE_COST,NEEDS_WAREHOUSE_BINDING_R3
NH2-SINGLE-OVERLAP-R009,dev,19,NH2-SINGLE-OVERLAP-R009-Q19-INAD_0,INADMISSIBLE,SAT_FALSE,NH2-SINGLE-OVERLAP-R009_inad_0,REJECT_INADMISSIBLE,EXECUTE_ONLY_IF_R3_MEASURES_INADMISSIBLE_COST,NEEDS_WAREHOUSE_BINDING_R3
NH2-SINGLE-OVERLAP-R009,dev,21,NH2-SINGLE-OVERLAP-R009-Q21-INAD_1,INADMISSIBLE,SAT_FALSE,NH2-SINGLE-OVERLAP-R009_inad_1,REJECT_INADMISSIBLE,EXECUTE_ONLY_IF_R3_MEASURES_INADMISSIBLE_COST,NEEDS_WAREHOUSE_BINDING_R3
NH2-SINGLE-OVERLAP-R010,dev,20,NH2-SINGLE-OVERLAP-R010-Q20-INAD_1,INADMISSIBLE,SAT_FALSE,NH2-SINGLE-OVERLAP-R010_inad_1,REJECT_INADMISSIBLE,EXECUTE_ONLY_IF_R3_MEASURES_INADMISSIBLE_COST,NEEDS_WAREHOUSE_BINDING_R3
NH2-SINGLE-OVERLAP-R010,dev,24,NH2-SINGLE-OVERLAP-R010-Q24-INAD_0,INADMISSIBLE,SAT_FALSE,NH2-SINGLE-OVERLAP-R010_inad_0,REJECT_INADMISSIBLE,EXECUTE_ONLY_IF_R3_MEASURES_INADMISSIBLE_COST,NEEDS_WAREHOUSE_BINDING_R3
NH2-SINGLE-OVERLAP-R011,dev,3,NH2-SINGLE-OVERLAP-R011-Q03-INAD_1,INADMISSIBLE,SAT_FALSE,NH2-SINGLE-OVERLAP-R011_inad_1,REJECT_INADMISSIBLE,EXECUTE_ONLY_IF_R3_MEASURES_INADMISSIBLE_COST,NEEDS_WAREHOUSE_BINDING_R3
NH2-SINGLE-OVERLAP-R011,dev,11,NH2-SINGLE-OVERLAP-R011-Q11-INAD_0,INADMISSIBLE,SAT_FALSE,NH2-SINGLE-OVERLAP-R011_inad_0,REJECT_INADMISSIBLE,EXECUTE_ONLY_IF_R3_MEASURES_INADMISSIBLE_COST,NEEDS_WAREHOUSE_BINDING_R3
NH2-SINGLE-OVERLAP-R012,dev,5,NH2-SINGLE-OVERLAP-R012-Q05-INAD_0,INADMISSIBLE,SAT_FALSE,NH2-SINGLE-OVERLAP-R012_inad_0,REJECT_INADMISSIBLE,EXECUTE_ONLY_IF_R3_MEASURES_INADMISSIBLE_COST,NEEDS_WAREHOUSE_BINDING_R3
NH2-SINGLE-OVERLAP-R012,dev,21,NH2-SINGLE-OVERLAP-R012-Q21-INAD_1,INADMISSIBLE,SAT_FALSE,NH2-SINGLE-OVERLAP-R012_inad_1,REJECT_INADMISSIBLE,EXECUTE_ONLY_IF_R3_MEASURES_INADMISSIBLE_COST,NEEDS_WAREHOUSE_BINDING_R3
NH2-SINGLE-OVERLAP-R013,dev,4,NH2-SINGLE-OVERLAP-R013-Q04-INAD_1,INADMISSIBLE,SAT_FALSE,NH2-SINGLE-OVERLAP-R013_inad_1,REJECT_INADMISSIBLE,EXECUTE_ONLY_IF_R3_MEASURES_INADMISSIBLE_COST,NEEDS_WAREHOUSE_BINDING_R3
NH2-SINGLE-OVERLAP-R013,dev,18,NH2-SINGLE-OVERLAP-R013-Q18-INAD_0,INADMISSIBLE,SAT_FALSE,NH2-SINGLE-OVERLAP-R013_inad_0,REJECT_INADMISSIBLE,EXECUTE_ONLY_IF_R3_MEASURES_INADMISSIBLE_COST,NEEDS_WAREHOUSE_BINDING_R3
NH2-SINGLE-OVERLAP-R014,dev,8,NH2-SINGLE-OVERLAP-R014-Q08-INAD_1,INADMISSIBLE,SAT_FALSE,NH2-SINGLE-OVERLAP-R014_inad_1,REJECT_INADMISSIBLE,EXECUTE_ONLY_IF_R3_MEASURES_INADMISSIBLE_COST,NEEDS_WAREHOUSE_BINDING_R3
NH2-SINGLE-OVERLAP-R014,dev,11,NH2-SINGLE-OVERLAP-R014-Q11-INAD_0,INADMISSIBLE,SAT_FALSE,NH2-SINGLE-OVERLAP-R014_inad_0,REJECT_INADMISSIBLE,EXECUTE_ONLY_IF_R3_MEASURES_INADMISSIBLE_COST,NEEDS_WAREHOUSE_BINDING_R3
NH2-SINGLE-OVERLAP-R015,dev,5,NH2-SINGLE-OVERLAP-R015-Q05-INAD_1,INADMISSIBLE,SAT_FALSE,NH2-SINGLE-OVERLAP-R015_inad_1,REJECT_INADMISSIBLE,EXECUTE_ONLY_IF_R3_MEASURES_INADMISSIBLE_COST,NEEDS_WAREHOUSE_BINDING_R3
NH2-SINGLE-OVERLAP-R015,dev,18,NH2-SINGLE-OVERLAP-R015-Q18-INAD_0,INADMISSIBLE,SAT_FALSE,NH2-SINGLE-OVERLAP-R015_inad_0,REJECT_INADMISSIBLE,EXECUTE_ONLY_IF_R3_MEASURES_INADMISSIBLE_COST,NEEDS_WAREHOUSE_BINDING_R3
NH2-SINGLE-OVERLAP-R016,dev,15,NH2-SINGLE-OVERLAP-R016-Q15-INAD_0,INADMISSIBLE,SAT_FALSE,NH2-SINGLE-OVERLAP-R016_inad_0,REJECT_INADMISSIBLE,EXECUTE_ONLY_IF_R3_MEASURES_INADMISSIBLE_COST,NEEDS_WAREHOUSE_BINDING_R3
NH2-SINGLE-OVERLAP-R016,dev,19,NH2-SINGLE-OVERLAP-R016-Q19-INAD_1,INADMISSIBLE,SAT_FALSE,NH2-SINGLE-OVERLAP-R016_inad_1,REJECT_INADMISSIBLE,EXECUTE_ONLY_IF_R3_MEASURES_INADMISSIBLE_COST,NEEDS_WAREHOUSE_BINDING_R3
NH2-SINGLE-OVERLAP-R017,dev,11,NH2-SINGLE-OVERLAP-R017-Q11-INAD_1,INADMISSIBLE,SAT_FALSE,NH2-SINGLE-OVERLAP-R017_inad_1,REJECT_INADMISSIBLE,EXECUTE_ONLY_IF_R3_MEASURES_INADMISSIBLE_COST,NEEDS_WAREHOUSE_BINDING_R3
NH2-SINGLE-OVERLAP-R017,dev,19,NH2-SINGLE-OVERLAP-R017-Q19-INAD_0,INADMISSIBLE,SAT_FALSE,NH2-SINGLE-OVERLAP-R017_inad_0,REJECT_INADMISSIBLE,EXECUTE_ONLY_IF_R3_MEASURES_INADMISSIBLE_COST,NEEDS_WAREHOUSE_BINDING_R3
NH2-SINGLE-OVERLAP-R018,dev,4,NH2-SINGLE-OVERLAP-R018-Q04-INAD_0,INADMISSIBLE,SAT_FALSE,NH2-SINGLE-OVERLAP-R018_inad_0,REJECT_INADMISSIBLE,EXECUTE_ONLY_IF_R3_MEASURES_INADMISSIBLE_COST,NEEDS_WAREHOUSE_BINDING_R3
NH2-SINGLE-OVERLAP-R018,dev,11,NH2-SINGLE-OVERLAP-R018-Q11-INAD_1,INADMISSIBLE,SAT_FALSE,NH2-SINGLE-OVERLAP-R018_inad_1,REJECT_INADMISSIBLE,EXECUTE_ONLY_IF_R3_MEASURES_INADMISSIBLE_COST,NEEDS_WAREHOUSE_BINDING_R3
NH2-SINGLE-OVERLAP-R019,dev,15,NH2-SINGLE-OVERLAP-R019-Q15-INAD_1,INADMISSIBLE,SAT_FALSE,NH2-SINGLE-OVERLAP-R019_inad_1,REJECT_INADMISSIBLE,EXECUTE_ONLY_IF_R3_MEASURES_INADMISSIBLE_COST,NEEDS_WAREHOUSE_BINDING_R3
NH2-SINGLE-OVERLAP-R019,dev,19,NH2-SINGLE-OVERLAP-R019-Q19-INAD_0,INADMISSIBLE,SAT_FALSE,NH2-SINGLE-OVERLAP-R019_inad_0,REJECT_INADMISSIBLE,EXECUTE_ONLY_IF_R3_MEASURES_INADMISSIBLE_COST,NEEDS_WAREHOUSE_BINDING_R3
NH2-SINGLE-OVERLAP-R020,dev,2,NH2-SINGLE-OVERLAP-R020-Q02-INAD_0,INADMISSIBLE,SAT_FALSE,NH2-SINGLE-OVERLAP-R020_inad_0,REJECT_INADMISSIBLE,EXECUTE_ONLY_IF_R3_MEASURES_INADMISSIBLE_COST,NEEDS_WAREHOUSE_BINDING_R3
NH2-SINGLE-OVERLAP-R020,dev,9,NH2-SINGLE-OVERLAP-R020-Q09-INAD_1,INADMISSIBLE,SAT_FALSE,NH2-SINGLE-OVERLAP-R020_inad_1,REJECT_INADMISSIBLE,EXECUTE_ONLY_IF_R3_MEASURES_INADMISSIBLE_COST,NEEDS_WAREHOUSE_BINDING_R3
NH2-SINGLE-OVERLAP-R021,dev,6,NH2-SINGLE-OVERLAP-R021-Q06-INAD_0,INADMISSIBLE,SAT_FALSE,NH2-SINGLE-OVERLAP-R021_inad_0,REJECT_INADMISSIBLE,EXECUTE_ONLY_IF_R3_MEASURES_INADMISSIBLE_COST,NEEDS_WAREHOUSE_BINDING_R3
NH2-SINGLE-OVERLAP-R021,dev,10,NH2-SINGLE-OVERLAP-R021-Q10-INAD_1,INADMISSIBLE,SAT_FALSE,NH2-SINGLE-OVERLAP-R021_inad_1,REJECT_INADMISSIBLE,EXECUTE_ONLY_IF_R3_MEASURES_INADMISSIBLE_COST,NEEDS_WAREHOUSE_BINDING_R3
NH2-SINGLE-OVERLAP-R022,dev,17,NH2-SINGLE-OVERLAP-R022-Q17-INAD_0,INADMISSIBLE,SAT_FALSE,NH2-SINGLE-OVERLAP-R022_inad_0,REJECT_INADMISSIBLE,EXECUTE_ONLY_IF_R3_MEASURES_INADMISSIBLE_COST,NEEDS_WAREHOUSE_BINDING_R3
NH2-SINGLE-OVERLAP-R022,dev,18,NH2-SINGLE-OVERLAP-R022-Q18-INAD_1,INADMISSIBLE,SAT_FALSE,NH2-SINGLE-OVERLAP-R022_inad_1,REJECT_INADMISSIBLE,EXECUTE_ONLY_IF_R3_MEASURES_INADMISSIBLE_COST,NEEDS_WAREHOUSE_BINDING_R3
NH2-SINGLE-OVERLAP-R023,dev,1,NH2-SINGLE-OVERLAP-R023-Q01-INAD_0,INADMISSIBLE,SAT_FALSE,NH2-SINGLE-OVERLAP-R023_inad_0,REJECT_INADMISSIBLE,EXECUTE_ONLY_IF_R3_MEASURES_INADMISSIBLE_COST,NEEDS_WAREHOUSE_BINDING_R3
NH2-SINGLE-OVERLAP-R023,dev,4,NH2-SINGLE-OVERLAP-R023-Q04-INAD_1,INADMISSIBLE,SAT_FALSE,NH2-SINGLE-OVERLAP-R023_inad_1,REJECT_INADMISSIBLE,EXECUTE_ONLY_IF_R3_MEASURES_INADMISSIBLE_COST,NEEDS_WAREHOUSE_BINDING_R3
NH2-SINGLE-OVERLAP-R024,dev,2,NH2-SINGLE-OVERLAP-R024-Q02-INAD_1,INADMISSIBLE,SAT_FALSE,NH2-SINGLE-OVERLAP-R024_inad_1,REJECT_INADMISSIBLE,EXECUTE_ONLY_IF_R3_MEASURES_INADMISSIBLE_COST,NEEDS_WAREHOUSE_BINDING_R3
NH2-SINGLE-OVERLAP-R024,dev,12,NH2-SINGLE-OVERLAP-R024-Q12-INAD_0,INADMISSIBLE,SAT_FALSE,NH2-SINGLE-OVERLAP-R024_inad_0,REJECT_INADMISSIBLE,EXECUTE_ONLY_IF_R3_MEASURES_INADMISSIBLE_COST,NEEDS_WAREHOUSE_BINDING_R3
NH2-SINGLE-OVERLAP-R025,dev,10,NH2-SINGLE-OVERLAP-R025-Q10-INAD_1,INADMISSIBLE,SAT_FALSE,NH2-SINGLE-OVERLAP-R025_inad_1,REJECT_INADMISSIBLE,EXECUTE_ONLY_IF_R3_MEASURES_INADMISSIBLE_COST,NEEDS_WAREHOUSE_BINDING_R3
NH2-SINGLE-OVERLAP-R025,dev,19,NH2-SINGLE-OVERLAP-R025-Q19-INAD_0,INADMISSIBLE,SAT_FALSE,NH2-SINGLE-OVERLAP-R025_inad_0,REJECT_INADMISSIBLE,EXECUTE_ONLY_IF_R3_MEASURES_INADMISSIBLE_COST,NEEDS_WAREHOUSE_BINDING_R3
NH2-SINGLE-OVERLAP-R026,dev,8,NH2-SINGLE-OVERLAP-R026-Q08-INAD_1,INADMISSIBLE,SAT_FALSE,NH2-SINGLE-OVERLAP-R026_inad_1,REJECT_INADMISSIBLE,EXECUTE_ONLY_IF_R3_MEASURES_INADMISSIBLE_COST,NEEDS_WAREHOUSE_BINDING_R3
NH2-SINGLE-OVERLAP-R026,dev,23,NH2-SINGLE-OVERLAP-R026-Q23-INAD_0,INADMISSIBLE,SAT_FALSE,NH2-SINGLE-OVERLAP-R026_inad_0,REJECT_INADMISSIBLE,EXECUTE_ONLY_IF_R3_MEASURES_INADMISSIBLE_COST,NEEDS_WAREHOUSE_BINDING_R3
NH2-SINGLE-OVERLAP-R027,dev,5,NH2-SINGLE-OVERLAP-R027-Q05-INAD_1,INADMISSIBLE,SAT_FALSE,NH2-SINGLE-OVERLAP-R027_inad_1,REJECT_INADMISSIBLE,EXECUTE_ONLY_IF_R3_MEASURES_INADMISSIBLE_COST,NEEDS_WAREHOUSE_BINDING_R3
NH2-SINGLE-OVERLAP-R027,dev,13,NH2-SINGLE-OVERLAP-R027-Q13-INAD_0,INADMISSIBLE,SAT_FALSE,NH2-SINGLE-OVERLAP-R027_inad_0,REJECT_INADMISSIBLE,EXECUTE_ONLY_IF_R3_MEASURES_INADMISSIBLE_COST,NEEDS_WAREHOUSE_BINDING_R3
NH2-SINGLE-OVERLAP-R028,dev,3,NH2-SINGLE-OVERLAP-R028-Q03-INAD_0,INADMISSIBLE,SAT_FALSE,NH2-SINGLE-OVERLAP-R028_inad_0,REJECT_INADMISSIBLE,EXECUTE_ONLY_IF_R3_MEASURES_INADMISSIBLE_COST,NEEDS_WAREHOUSE_BINDING_R3
NH2-SINGLE-OVERLAP-R028,dev,21,NH2-SINGLE-OVERLAP-R028-Q21-INAD_1,INADMISSIBLE,SAT_FALSE,NH2-SINGLE-OVERLAP-R028_inad_1,REJECT_INADMISSIBLE,EXECUTE_ONLY_IF_R3_MEASURES_INADMISSIBLE_COST,NEEDS_WAREHOUSE_BINDING_R3
NH2-SINGLE-OVERLAP-R029,dev,10,NH2-SINGLE-OVERLAP-R029-Q10-INAD_0,INADMISSIBLE,SAT_FALSE,NH2-SINGLE-OVERLAP-R029_inad_0,REJECT_INADMISSIBLE,EXECUTE_ONLY_IF_R3_MEASURES_INADMISSIBLE_COST,NEEDS_WAREHOUSE_BINDING_R3
NH2-SINGLE-OVERLAP-R029,dev,22,NH2-SINGLE-OVERLAP-R029-Q22-INAD_1,INADMISSIBLE,SAT_FALSE,NH2-SINGLE-OVERLAP-R029_inad_1,REJECT_INADMISSIBLE,EXECUTE_ONLY_IF_R3_MEASURES_INADMISSIBLE_COST,NEEDS_WAREHOUSE_BINDING_R3
NH2-SINGLE-OVERLAP-R030,dev,4,NH2-SINGLE-OVERLAP-R030-Q04-INAD_0,INADMISSIBLE,SAT_FALSE,NH2-SINGLE-OVERLAP-R030_inad_0,REJECT_INADMISSIBLE,EXECUTE_ONLY_IF_R3_MEASURES_INADMISSIBLE_COST,NEEDS_WAREHOUSE_BINDING_R3
NH2-SINGLE-OVERLAP-R030,dev,10,NH2-SINGLE-OVERLAP-R030-Q10-INAD_1,INADMISSIBLE,SAT_FALSE,NH2-SINGLE-OVERLAP-R030_inad_1,REJECT_INADMISSIBLE,EXECUTE_ONLY_IF_R3_MEASURES_INADMISSIBLE_COST,NEEDS_WAREHOUSE_BINDING_R3
NH2-SINGLE-OVERLAP-R031,val,7,NH2-SINGLE-OVERLAP-R031-Q07-INAD_1,INADMISSIBLE,SAT_FALSE,NH2-SINGLE-OVERLAP-R031_inad_1,REJECT_INADMISSIBLE,EXECUTE_ONLY_IF_R3_MEASURES_INADMISSIBLE_COST,NEEDS_WAREHOUSE_BINDING_R3
NH2-SINGLE-OVERLAP-R031,val,9,NH2-SINGLE-OVERLAP-R031-Q09-INAD_0,INADMISSIBLE,SAT_FALSE,NH2-SINGLE-OVERLAP-R031_inad_0,REJECT_INADMISSIBLE,EXECUTE_ONLY_IF_R3_MEASURES_INADMISSIBLE_COST,NEEDS_WAREHOUSE_BINDING_R3
NH2-SINGLE-OVERLAP-R032,val,7,NH2-SINGLE-OVERLAP-R032-Q07-INAD_1,INADMISSIBLE,SAT_FALSE,NH2-SINGLE-OVERLAP-R032_inad_1,REJECT_INADMISSIBLE,EXECUTE_ONLY_IF_R3_MEASURES_INADMISSIBLE_COST,NEEDS_WAREHOUSE_BINDING_R3
NH2-SINGLE-OVERLAP-R032,val,12,NH2-SINGLE-OVERLAP-R032-Q12-INAD_0,INADMISSIBLE,SAT_FALSE,NH2-SINGLE-OVERLAP-R032_inad_0,REJECT_INADMISSIBLE,EXECUTE_ONLY_IF_R3_MEASURES_INADMISSIBLE_COST,NEEDS_WAREHOUSE_BINDING_R3
NH2-SINGLE-OVERLAP-R033,val,1,NH2-SINGLE-OVERLAP-R033-Q01-INAD_0,INADMISSIBLE,SAT_FALSE,NH2-SINGLE-OVERLAP-R033_inad_0,REJECT_INADMISSIBLE,EXECUTE_ONLY_IF_R3_MEASURES_INADMISSIBLE_COST,NEEDS_WAREHOUSE_BINDING_R3
NH2-SINGLE-OVERLAP-R033,val,19,NH2-SINGLE-OVERLAP-R033-Q19-INAD_1,INADMISSIBLE,SAT_FALSE,NH2-SINGLE-OVERLAP-R033_inad_1,REJECT_INADMISSIBLE,EXECUTE_ONLY_IF_R3_MEASURES_INADMISSIBLE_COST,NEEDS_WAREHOUSE_BINDING_R3
NH2-SINGLE-OVERLAP-R034,val,11,NH2-SINGLE-OVERLAP-R034-Q11-INAD_1,INADMISSIBLE,SAT_FALSE,NH2-SINGLE-OVERLAP-R034_inad_1,REJECT_INADMISSIBLE,EXECUTE_ONLY_IF_R3_MEASURES_INADMISSIBLE_COST,NEEDS_WAREHOUSE_BINDING_R3
NH2-SINGLE-OVERLAP-R034,val,18,NH2-SINGLE-OVERLAP-R034-Q18-INAD_0,INADMISSIBLE,SAT_FALSE,NH2-SINGLE-OVERLAP-R034_inad_0,REJECT_INADMISSIBLE,EXECUTE_ONLY_IF_R3_MEASURES_INADMISSIBLE_COST,NEEDS_WAREHOUSE_BINDING_R3
NH2-SINGLE-OVERLAP-R035,val,17,NH2-SINGLE-OVERLAP-R035-Q17-INAD_1,INADMISSIBLE,SAT_FALSE,NH2-SINGLE-OVERLAP-R035_inad_1,REJECT_INADMISSIBLE,EXECUTE_ONLY_IF_R3_MEASURES_INADMISSIBLE_COST,NEEDS_WAREHOUSE_BINDING_R3
NH2-SINGLE-OVERLAP-R035,val,18,NH2-SINGLE-OVERLAP-R035-Q18-INAD_0,INADMISSIBLE,SAT_FALSE,NH2-SINGLE-OVERLAP-R035_inad_0,REJECT_INADMISSIBLE,EXECUTE_ONLY_IF_R3_MEASURES_INADMISSIBLE_COST,NEEDS_WAREHOUSE_BINDING_R3
NH2-SINGLE-OVERLAP-R036,val,3,NH2-SINGLE-OVERLAP-R036-Q03-INAD_0,INADMISSIBLE,SAT_FALSE,NH2-SINGLE-OVERLAP-R036_inad_0,REJECT_INADMISSIBLE,EXECUTE_ONLY_IF_R3_MEASURES_INADMISSIBLE_COST,NEEDS_WAREHOUSE_BINDING_R3
NH2-SINGLE-OVERLAP-R036,val,9,NH2-SINGLE-OVERLAP-R036-Q09-INAD_1,INADMISSIBLE,SAT_FALSE,NH2-SINGLE-OVERLAP-R036_inad_1,REJECT_INADMISSIBLE,EXECUTE_ONLY_IF_R3_MEASURES_INADMISSIBLE_COST,NEEDS_WAREHOUSE_BINDING_R3
NH2-SINGLE-OVERLAP-R037,val,9,NH2-SINGLE-OVERLAP-R037-Q09-INAD_1,INADMISSIBLE,SAT_FALSE,NH2-SINGLE-OVERLAP-R037_inad_1,REJECT_INADMISSIBLE,EXECUTE_ONLY_IF_R3_MEASURES_INADMISSIBLE_COST,NEEDS_WAREHOUSE_BINDING_R3
NH2-SINGLE-OVERLAP-R037,val,17,NH2-SINGLE-OVERLAP-R037-Q17-INAD_0,INADMISSIBLE,SAT_FALSE,NH2-SINGLE-OVERLAP-R037_inad_0,REJECT_INADMISSIBLE,EXECUTE_ONLY_IF_R3_MEASURES_INADMISSIBLE_COST,NEEDS_WAREHOUSE_BINDING_R3
NH2-SINGLE-OVERLAP-R038,val,8,NH2-SINGLE-OVERLAP-R038-Q08-INAD_1,INADMISSIBLE,SAT_FALSE,NH2-SINGLE-OVERLAP-R038_inad_1,REJECT_INADMISSIBLE,EXECUTE_ONLY_IF_R3_MEASURES_INADMISSIBLE_COST,NEEDS_WAREHOUSE_BINDING_R3
NH2-SINGLE-OVERLAP-R038,val,23,NH2-SINGLE-OVERLAP-R038-Q23-INAD_0,INADMISSIBLE,SAT_FALSE,NH2-SINGLE-OVERLAP-R038_inad_0,REJECT_INADMISSIBLE,EXECUTE_ONLY_IF_R3_MEASURES_INADMISSIBLE_COST,NEEDS_WAREHOUSE_BINDING_R3
NH2-SINGLE-OVERLAP-R039,val,6,NH2-SINGLE-OVERLAP-R039-Q06-INAD_1,INADMISSIBLE,SAT_FALSE,NH2-SINGLE-OVERLAP-R039_inad_1,REJECT_INADMISSIBLE,EXECUTE_ONLY_IF_R3_MEASURES_INADMISSIBLE_COST,NEEDS_WAREHOUSE_BINDING_R3
NH2-SINGLE-OVERLAP-R039,val,11,NH2-SINGLE-OVERLAP-R039-Q11-INAD_0,INADMISSIBLE,SAT_FALSE,NH2-SINGLE-OVERLAP-R039_inad_0,REJECT_INADMISSIBLE,EXECUTE_ONLY_IF_R3_MEASURES_INADMISSIBLE_COST,NEEDS_WAREHOUSE_BINDING_R3
NH2-SINGLE-OVERLAP-R040,val,2,NH2-SINGLE-OVERLAP-R040-Q02-INAD_0,INADMISSIBLE,SAT_FALSE,NH2-SINGLE-OVERLAP-R040_inad_0,REJECT_INADMISSIBLE,EXECUTE_ONLY_IF_R3_MEASURES_INADMISSIBLE_COST,NEEDS_WAREHOUSE_BINDING_R3
NH2-SINGLE-OVERLAP-R040,val,5,NH2-SINGLE-OVERLAP-R040-Q05-INAD_1,INADMISSIBLE,SAT_FALSE,NH2-SINGLE-OVERLAP-R040_inad_1,REJECT_INADMISSIBLE,EXECUTE_ONLY_IF_R3_MEASURES_INADMISSIBLE_COST,NEEDS_WAREHOUSE_BINDING_R3
NH2-SINGLE-OVERLAP-R041,val,12,NH2-SINGLE-OVERLAP-R041-Q12-INAD_0,INADMISSIBLE,SAT_FALSE,NH2-SINGLE-OVERLAP-R041_inad_0,REJECT_INADMISSIBLE,EXECUTE_ONLY_IF_R3_MEASURES_INADMISSIBLE_COST,NEEDS_WAREHOUSE_BINDING_R3
NH2-SINGLE-OVERLAP-R041,val,18,NH2-SINGLE-OVERLAP-R041-Q18-INAD_1,INADMISSIBLE,SAT_FALSE,NH2-SINGLE-OVERLAP-R041_inad_1,REJECT_INADMISSIBLE,EXECUTE_ONLY_IF_R3_MEASURES_INADMISSIBLE_COST,NEEDS_WAREHOUSE_BINDING_R3
NH2-SINGLE-OVERLAP-R042,val,15,NH2-SINGLE-OVERLAP-R042-Q15-INAD_1,INADMISSIBLE,SAT_FALSE,NH2-SINGLE-OVERLAP-R042_inad_1,REJECT_INADMISSIBLE,EXECUTE_ONLY_IF_R3_MEASURES_INADMISSIBLE_COST,NEEDS_WAREHOUSE_BINDING_R3
NH2-SINGLE-OVERLAP-R042,val,21,NH2-SINGLE-OVERLAP-R042-Q21-INAD_0,INADMISSIBLE,SAT_FALSE,NH2-SINGLE-OVERLAP-R042_inad_0,REJECT_INADMISSIBLE,EXECUTE_ONLY_IF_R3_MEASURES_INADMISSIBLE_COST,NEEDS_WAREHOUSE_BINDING_R3
NH2-SINGLE-OVERLAP-R043,val,9,NH2-SINGLE-OVERLAP-R043-Q09-INAD_1,INADMISSIBLE,SAT_FALSE,NH2-SINGLE-OVERLAP-R043_inad_1,REJECT_INADMISSIBLE,EXECUTE_ONLY_IF_R3_MEASURES_INADMISSIBLE_COST,NEEDS_WAREHOUSE_BINDING_R3
NH2-SINGLE-OVERLAP-R043,val,24,NH2-SINGLE-OVERLAP-R043-Q24-INAD_0,INADMISSIBLE,SAT_FALSE,NH2-SINGLE-OVERLAP-R043_inad_0,REJECT_INADMISSIBLE,EXECUTE_ONLY_IF_R3_MEASURES_INADMISSIBLE_COST,NEEDS_WAREHOUSE_BINDING_R3
NH2-SINGLE-OVERLAP-R044,val,12,NH2-SINGLE-OVERLAP-R044-Q12-INAD_1,INADMISSIBLE,SAT_FALSE,NH2-SINGLE-OVERLAP-R044_inad_1,REJECT_INADMISSIBLE,EXECUTE_ONLY_IF_R3_MEASURES_INADMISSIBLE_COST,NEEDS_WAREHOUSE_BINDING_R3
NH2-SINGLE-OVERLAP-R044,val,21,NH2-SINGLE-OVERLAP-R044-Q21-INAD_0,INADMISSIBLE,SAT_FALSE,NH2-SINGLE-OVERLAP-R044_inad_0,REJECT_INADMISSIBLE,EXECUTE_ONLY_IF_R3_MEASURES_INADMISSIBLE_COST,NEEDS_WAREHOUSE_BINDING_R3
NH2-SINGLE-OVERLAP-R045,val,6,NH2-SINGLE-OVERLAP-R045-Q06-INAD_0,INADMISSIBLE,SAT_FALSE,NH2-SINGLE-OVERLAP-R045_inad_0,REJECT_INADMISSIBLE,EXECUTE_ONLY_IF_R3_MEASURES_INADMISSIBLE_COST,NEEDS_WAREHOUSE_BINDING_R3
NH2-SINGLE-OVERLAP-R045,val,15,NH2-SINGLE-OVERLAP-R045-Q15-INAD_1,INADMISSIBLE,SAT_FALSE,NH2-SINGLE-OVERLAP-R045_inad_1,REJECT_INADMISSIBLE,EXECUTE_ONLY_IF_R3_MEASURES_INADMISSIBLE_COST,NEEDS_WAREHOUSE_BINDING_R3
NH2-SINGLE-OVERLAP-R046,test,4,NH2-SINGLE-OVERLAP-R046-Q04-INAD_1,INADMISSIBLE,SAT_FALSE,NH2-SINGLE-OVERLAP-R046_inad_1,REJECT_INADMISSIBLE,EXECUTE_ONLY_IF_R3_MEASURES_INADMISSIBLE_COST,NEEDS_WAREHOUSE_BINDING_R3
NH2-SINGLE-OVERLAP-R046,test,12,NH2-SINGLE-OVERLAP-R046-Q12-INAD_0,INADMISSIBLE,SAT_FALSE,NH2-SINGLE-OVERLAP-R046_inad_0,REJECT_INADMISSIBLE,EXECUTE_ONLY_IF_R3_MEASURES_INADMISSIBLE_COST,NEEDS_WAREHOUSE_BINDING_R3
NH2-SINGLE-OVERLAP-R047,test,14,NH2-SINGLE-OVERLAP-R047-Q14-INAD_0,INADMISSIBLE,SAT_FALSE,NH2-SINGLE-OVERLAP-R047_inad_0,REJECT_INADMISSIBLE,EXECUTE_ONLY_IF_R3_MEASURES_INADMISSIBLE_COST,NEEDS_WAREHOUSE_BINDING_R3
NH2-SINGLE-OVERLAP-R047,test,23,NH2-SINGLE-OVERLAP-R047-Q23-INAD_1,INADMISSIBLE,SAT_FALSE,NH2-SINGLE-OVERLAP-R047_inad_1,REJECT_INADMISSIBLE,EXECUTE_ONLY_IF_R3_MEASURES_INADMISSIBLE_COST,NEEDS_WAREHOUSE_BINDING_R3
NH2-SINGLE-OVERLAP-R048,test,4,NH2-SINGLE-OVERLAP-R048-Q04-INAD_0,INADMISSIBLE,SAT_FALSE,NH2-SINGLE-OVERLAP-R048_inad_0,REJECT_INADMISSIBLE,EXECUTE_ONLY_IF_R3_MEASURES_INADMISSIBLE_COST,NEEDS_WAREHOUSE_BINDING_R3
NH2-SINGLE-OVERLAP-R048,test,16,NH2-SINGLE-OVERLAP-R048-Q16-INAD_1,INADMISSIBLE,SAT_FALSE,NH2-SINGLE-OVERLAP-R048_inad_1,REJECT_INADMISSIBLE,EXECUTE_ONLY_IF_R3_MEASURES_INADMISSIBLE_COST,NEEDS_WAREHOUSE_BINDING_R3
NH2-SINGLE-OVERLAP-R049,test,3,NH2-SINGLE-OVERLAP-R049-Q03-INAD_1,INADMISSIBLE,SAT_FALSE,NH2-SINGLE-OVERLAP-R049_inad_1,REJECT_INADMISSIBLE,EXECUTE_ONLY_IF_R3_MEASURES_INADMISSIBLE_COST,NEEDS_WAREHOUSE_BINDING_R3
NH2-SINGLE-OVERLAP-R049,test,24,NH2-SINGLE-OVERLAP-R049-Q24-INAD_0,INADMISSIBLE,SAT_FALSE,NH2-SINGLE-OVERLAP-R049_inad_0,REJECT_INADMISSIBLE,EXECUTE_ONLY_IF_R3_MEASURES_INADMISSIBLE_COST,NEEDS_WAREHOUSE_BINDING_R3
NH2-SINGLE-OVERLAP-R050,test,12,NH2-SINGLE-OVERLAP-R050-Q12-INAD_1,INADMISSIBLE,SAT_FALSE,NH2-SINGLE-OVERLAP-R050_inad_1,REJECT_INADMISSIBLE,EXECUTE_ONLY_IF_R3_MEASURES_INADMISSIBLE_COST,NEEDS_WAREHOUSE_BINDING_R3
NH2-SINGLE-OVERLAP-R050,test,19,NH2-SINGLE-OVERLAP-R050-Q19-INAD_0,INADMISSIBLE,SAT_FALSE,NH2-SINGLE-OVERLAP-R050_inad_0,REJECT_INADMISSIBLE,EXECUTE_ONLY_IF_R3_MEASURES_INADMISSIBLE_COST,NEEDS_WAREHOUSE_BINDING_R3
NH2-SINGLE-OVERLAP-R051,test,9,NH2-SINGLE-OVERLAP-R051-Q09-INAD_0,INADMISSIBLE,SAT_FALSE,NH2-SINGLE-OVERLAP-R051_inad_0,REJECT_INADMISSIBLE,EXECUTE_ONLY_IF_R3_MEASURES_INADMISSIBLE_COST,NEEDS_WAREHOUSE_BINDING_R3
NH2-SINGLE-OVERLAP-R051,test,15,NH2-SINGLE-OVERLAP-R051-Q15-INAD_1,INADMISSIBLE,SAT_FALSE,NH2-SINGLE-OVERLAP-R051_inad_1,REJECT_INADMISSIBLE,EXECUTE_ONLY_IF_R3_MEASURES_INADMISSIBLE_COST,NEEDS_WAREHOUSE_BINDING_R3
NH2-SINGLE-OVERLAP-R052,test,1,NH2-SINGLE-OVERLAP-R052-Q01-INAD_0,INADMISSIBLE,SAT_FALSE,NH2-SINGLE-OVERLAP-R052_inad_0,REJECT_INADMISSIBLE,EXECUTE_ONLY_IF_R3_MEASURES_INADMISSIBLE_COST,NEEDS_WAREHOUSE_BINDING_R3
NH2-SINGLE-OVERLAP-R052,test,13,NH2-SINGLE-OVERLAP-R052-Q13-INAD_1,INADMISSIBLE,SAT_FALSE,NH2-SINGLE-OVERLAP-R052_inad_1,REJECT_INADMISSIBLE,EXECUTE_ONLY_IF_R3_MEASURES_INADMISSIBLE_COST,NEEDS_WAREHOUSE_BINDING_R3
NH2-SINGLE-OVERLAP-R053,test,5,NH2-SINGLE-OVERLAP-R053-Q05-INAD_0,INADMISSIBLE,SAT_FALSE,NH2-SINGLE-OVERLAP-R053_inad_0,REJECT_INADMISSIBLE,EXECUTE_ONLY_IF_R3_MEASURES_INADMISSIBLE_COST,NEEDS_WAREHOUSE_BINDING_R3
NH2-SINGLE-OVERLAP-R053,test,20,NH2-SINGLE-OVERLAP-R053-Q20-INAD_1,INADMISSIBLE,SAT_FALSE,NH2-SINGLE-OVERLAP-R053_inad_1,REJECT_INADMISSIBLE,EXECUTE_ONLY_IF_R3_MEASURES_INADMISSIBLE_COST,NEEDS_WAREHOUSE_BINDING_R3
NH2-SINGLE-OVERLAP-R054,test,13,NH2-SINGLE-OVERLAP-R054-Q13-INAD_1,INADMISSIBLE,SAT_FALSE,NH2-SINGLE-OVERLAP-R054_inad_1,REJECT_INADMISSIBLE,EXECUTE_ONLY_IF_R3_MEASURES_INADMISSIBLE_COST,NEEDS_WAREHOUSE_BINDING_R3
NH2-SINGLE-OVERLAP-R054,test,21,NH2-SINGLE-OVERLAP-R054-Q21-INAD_0,INADMISSIBLE,SAT_FALSE,NH2-SINGLE-OVERLAP-R054_inad_0,REJECT_INADMISSIBLE,EXECUTE_ONLY_IF_R3_MEASURES_INADMISSIBLE_COST,NEEDS_WAREHOUSE_BINDING_R3
NH2-SINGLE-OVERLAP-R055,test,7,NH2-SINGLE-OVERLAP-R055-Q07-INAD_0,INADMISSIBLE,SAT_FALSE,NH2-SINGLE-OVERLAP-R055_inad_0,REJECT_INADMISSIBLE,EXECUTE_ONLY_IF_R3_MEASURES_INADMISSIBLE_COST,NEEDS_WAREHOUSE_BINDING_R3
NH2-SINGLE-OVERLAP-R055,test,18,NH2-SINGLE-OVERLAP-R055-Q18-INAD_1,INADMISSIBLE,SAT_FALSE,NH2-SINGLE-OVERLAP-R055_inad_1,REJECT_INADMISSIBLE,EXECUTE_ONLY_IF_R3_MEASURES_INADMISSIBLE_COST,NEEDS_WAREHOUSE_BINDING_R3
NH2-SINGLE-OVERLAP-R056,test,22,NH2-SINGLE-OVERLAP-R056-Q22-INAD_0,INADMISSIBLE,SAT_FALSE,NH2-SINGLE-OVERLAP-R056_inad_0,REJECT_INADMISSIBLE,EXECUTE_ONLY_IF_R3_MEASURES_INADMISSIBLE_COST,NEEDS_WAREHOUSE_BINDING_R3
NH2-SINGLE-OVERLAP-R056,test,23,NH2-SINGLE-OVERLAP-R056-Q23-INAD_1,INADMISSIBLE,SAT_FALSE,NH2-SINGLE-OVERLAP-R056_inad_1,REJECT_INADMISSIBLE,EXECUTE_ONLY_IF_R3_MEASURES_INADMISSIBLE_COST,NEEDS_WAREHOUSE_BINDING_R3
NH2-SINGLE-OVERLAP-R057,test,5,NH2-SINGLE-OVERLAP-R057-Q05-INAD_1,INADMISSIBLE,SAT_FALSE,NH2-SINGLE-OVERLAP-R057_inad_1,REJECT_INADMISSIBLE,EXECUTE_ONLY_IF_R3_MEASURES_INADMISSIBLE_COST,NEEDS_WAREHOUSE_BINDING_R3
NH2-SINGLE-OVERLAP-R057,test,18,NH2-SINGLE-OVERLAP-R057-Q18-INAD_0,INADMISSIBLE,SAT_FALSE,NH2-SINGLE-OVERLAP-R057_inad_0,REJECT_INADMISSIBLE,EXECUTE_ONLY_IF_R3_MEASURES_INADMISSIBLE_COST,NEEDS_WAREHOUSE_BINDING_R3
NH2-SINGLE-OVERLAP-R058,test,5,NH2-SINGLE-OVERLAP-R058-Q05-INAD_1,INADMISSIBLE,SAT_FALSE,NH2-SINGLE-OVERLAP-R058_inad_1,REJECT_INADMISSIBLE,EXECUTE_ONLY_IF_R3_MEASURES_INADMISSIBLE_COST,NEEDS_WAREHOUSE_BINDING_R3
NH2-SINGLE-OVERLAP-R058,test,21,NH2-SINGLE-OVERLAP-R058-Q21-INAD_0,INADMISSIBLE,SAT_FALSE,NH2-SINGLE-OVERLAP-R058_inad_0,REJECT_INADMISSIBLE,EXECUTE_ONLY_IF_R3_MEASURES_INADMISSIBLE_COST,NEEDS_WAREHOUSE_BINDING_R3
NH2-SINGLE-OVERLAP-R059,test,19,NH2-SINGLE-OVERLAP-R059-Q19-INAD_0,INADMISSIBLE,SAT_FALSE,NH2-SINGLE-OVERLAP-R059_inad_0,REJECT_INADMISSIBLE,EXECUTE_ONLY_IF_R3_MEASURES_INADMISSIBLE_COST,NEEDS_WAREHOUSE_BINDING_R3
NH2-SINGLE-OVERLAP-R059,test,21,NH2-SINGLE-OVERLAP-R059-Q21-INAD_1,INADMISSIBLE,SAT_FALSE,NH2-SINGLE-OVERLAP-R059_inad_1,REJECT_INADMISSIBLE,EXECUTE_ONLY_IF_R3_MEASURES_INADMISSIBLE_COST,NEEDS_WAREHOUSE_BINDING_R3
NH2-SINGLE-OVERLAP-R060,test,3,NH2-SINGLE-OVERLAP-R060-Q03-INAD_1,INADMISSIBLE,SAT_FALSE,NH2-SINGLE-OVERLAP-R060_inad_1,REJECT_INADMISSIBLE,EXECUTE_ONLY_IF_R3_MEASURES_INADMISSIBLE_COST,NEEDS_WAREHOUSE_BINDING_R3
NH2-SINGLE-OVERLAP-R060,test,6,NH2-SINGLE-OVERLAP-R060-Q06-INAD_0,INADMISSIBLE,SAT_FALSE,NH2-SINGLE-OVERLAP-R060_inad_0,REJECT_INADMISSIBLE,EXECUTE_ONLY_IF_R3_MEASURES_INADMISSIBLE_COST,NEEDS_WAREHOUSE_BINDING_R3
NH2-SINGLE-DISTRACTOR_HEAVY-R001,dev,14,NH2-SINGLE-DISTRACTOR_HEAVY-R001-Q14-INAD_0,INADMISSIBLE,SAT_FALSE,NH2-SINGLE-DISTRACTOR_HEAVY-R001_inad_0,REJECT_INADMISSIBLE,EXECUTE_ONLY_IF_R3_MEASURES_INADMISSIBLE_COST,NEEDS_WAREHOUSE_BINDING_R3
NH2-SINGLE-DISTRACTOR_HEAVY-R001,dev,20,NH2-SINGLE-DISTRACTOR_HEAVY-R001-Q20-INAD_1,INADMISSIBLE,SAT_FALSE,NH2-SINGLE-DISTRACTOR_HEAVY-R001_inad_1,REJECT_INADMISSIBLE,EXECUTE_ONLY_IF_R3_MEASURES_INADMISSIBLE_COST,NEEDS_WAREHOUSE_BINDING_R3
NH2-SINGLE-DISTRACTOR_HEAVY-R002,dev,4,NH2-SINGLE-DISTRACTOR_HEAVY-R002-Q04-INAD_1,INADMISSIBLE,SAT_FALSE,NH2-SINGLE-DISTRACTOR_HEAVY-R002_inad_1,REJECT_INADMISSIBLE,EXECUTE_ONLY_IF_R3_MEASURES_INADMISSIBLE_COST,NEEDS_WAREHOUSE_BINDING_R3
NH2-SINGLE-DISTRACTOR_HEAVY-R002,dev,21,NH2-SINGLE-DISTRACTOR_HEAVY-R002-Q21-INAD_0,INADMISSIBLE,SAT_FALSE,NH2-SINGLE-DISTRACTOR_HEAVY-R002_inad_0,REJECT_INADMISSIBLE,EXECUTE_ONLY_IF_R3_MEASURES_INADMISSIBLE_COST,NEEDS_WAREHOUSE_BINDING_R3
NH2-SINGLE-DISTRACTOR_HEAVY-R003,dev,4,NH2-SINGLE-DISTRACTOR_HEAVY-R003-Q04-INAD_1,INADMISSIBLE,SAT_FALSE,NH2-SINGLE-DISTRACTOR_HEAVY-R003_inad_1,REJECT_INADMISSIBLE,EXECUTE_ONLY_IF_R3_MEASURES_INADMISSIBLE_COST,NEEDS_WAREHOUSE_BINDING_R3
NH2-SINGLE-DISTRACTOR_HEAVY-R003,dev,9,NH2-SINGLE-DISTRACTOR_HEAVY-R003-Q09-INAD_0,INADMISSIBLE,SAT_FALSE,NH2-SINGLE-DISTRACTOR_HEAVY-R003_inad_0,REJECT_INADMISSIBLE,EXECUTE_ONLY_IF_R3_MEASURES_INADMISSIBLE_COST,NEEDS_WAREHOUSE_BINDING_R3
NH2-SINGLE-DISTRACTOR_HEAVY-R004,dev,6,NH2-SINGLE-DISTRACTOR_HEAVY-R004-Q06-INAD_1,INADMISSIBLE,SAT_FALSE,NH2-SINGLE-DISTRACTOR_HEAVY-R004_inad_1,REJECT_INADMISSIBLE,EXECUTE_ONLY_IF_R3_MEASURES_INADMISSIBLE_COST,NEEDS_WAREHOUSE_BINDING_R3
NH2-SINGLE-DISTRACTOR_HEAVY-R004,dev,20,NH2-SINGLE-DISTRACTOR_HEAVY-R004-Q20-INAD_0,INADMISSIBLE,SAT_FALSE,NH2-SINGLE-DISTRACTOR_HEAVY-R004_inad_0,REJECT_INADMISSIBLE,EXECUTE_ONLY_IF_R3_MEASURES_INADMISSIBLE_COST,NEEDS_WAREHOUSE_BINDING_R3
NH2-SINGLE-DISTRACTOR_HEAVY-R005,dev,10,NH2-SINGLE-DISTRACTOR_HEAVY-R005-Q10-INAD_0,INADMISSIBLE,SAT_FALSE,NH2-SINGLE-DISTRACTOR_HEAVY-R005_inad_0,REJECT_INADMISSIBLE,EXECUTE_ONLY_IF_R3_MEASURES_INADMISSIBLE_COST,NEEDS_WAREHOUSE_BINDING_R3
NH2-SINGLE-DISTRACTOR_HEAVY-R005,dev,22,NH2-SINGLE-DISTRACTOR_HEAVY-R005-Q22-INAD_1,INADMISSIBLE,SAT_FALSE,NH2-SINGLE-DISTRACTOR_HEAVY-R005_inad_1,REJECT_INADMISSIBLE,EXECUTE_ONLY_IF_R3_MEASURES_INADMISSIBLE_COST,NEEDS_WAREHOUSE_BINDING_R3
NH2-SINGLE-DISTRACTOR_HEAVY-R006,dev,3,NH2-SINGLE-DISTRACTOR_HEAVY-R006-Q03-INAD_1,INADMISSIBLE,SAT_FALSE,NH2-SINGLE-DISTRACTOR_HEAVY-R006_inad_1,REJECT_INADMISSIBLE,EXECUTE_ONLY_IF_R3_MEASURES_INADMISSIBLE_COST,NEEDS_WAREHOUSE_BINDING_R3
NH2-SINGLE-DISTRACTOR_HEAVY-R006,dev,4,NH2-SINGLE-DISTRACTOR_HEAVY-R006-Q04-INAD_0,INADMISSIBLE,SAT_FALSE,NH2-SINGLE-DISTRACTOR_HEAVY-R006_inad_0,REJECT_INADMISSIBLE,EXECUTE_ONLY_IF_R3_MEASURES_INADMISSIBLE_COST,NEEDS_WAREHOUSE_BINDING_R3
NH2-SINGLE-DISTRACTOR_HEAVY-R007,dev,1,NH2-SINGLE-DISTRACTOR_HEAVY-R007-Q01-INAD_1,INADMISSIBLE,SAT_FALSE,NH2-SINGLE-DISTRACTOR_HEAVY-R007_inad_1,REJECT_INADMISSIBLE,EXECUTE_ONLY_IF_R3_MEASURES_INADMISSIBLE_COST,NEEDS_WAREHOUSE_BINDING_R3
NH2-SINGLE-DISTRACTOR_HEAVY-R007,dev,5,NH2-SINGLE-DISTRACTOR_HEAVY-R007-Q05-INAD_0,INADMISSIBLE,SAT_FALSE,NH2-SINGLE-DISTRACTOR_HEAVY-R007_inad_0,REJECT_INADMISSIBLE,EXECUTE_ONLY_IF_R3_MEASURES_INADMISSIBLE_COST,NEEDS_WAREHOUSE_BINDING_R3
NH2-SINGLE-DISTRACTOR_HEAVY-R008,dev,6,NH2-SINGLE-DISTRACTOR_HEAVY-R008-Q06-INAD_0,INADMISSIBLE,SAT_FALSE,NH2-SINGLE-DISTRACTOR_HEAVY-R008_inad_0,REJECT_INADMISSIBLE,EXECUTE_ONLY_IF_R3_MEASURES_INADMISSIBLE_COST,NEEDS_WAREHOUSE_BINDING_R3
NH2-SINGLE-DISTRACTOR_HEAVY-R008,dev,7,NH2-SINGLE-DISTRACTOR_HEAVY-R008-Q07-INAD_1,INADMISSIBLE,SAT_FALSE,NH2-SINGLE-DISTRACTOR_HEAVY-R008_inad_1,REJECT_INADMISSIBLE,EXECUTE_ONLY_IF_R3_MEASURES_INADMISSIBLE_COST,NEEDS_WAREHOUSE_BINDING_R3
NH2-SINGLE-DISTRACTOR_HEAVY-R009,dev,15,NH2-SINGLE-DISTRACTOR_HEAVY-R009-Q15-INAD_0,INADMISSIBLE,SAT_FALSE,NH2-SINGLE-DISTRACTOR_HEAVY-R009_inad_0,REJECT_INADMISSIBLE,EXECUTE_ONLY_IF_R3_MEASURES_INADMISSIBLE_COST,NEEDS_WAREHOUSE_BINDING_R3
NH2-SINGLE-DISTRACTOR_HEAVY-R009,dev,16,NH2-SINGLE-DISTRACTOR_HEAVY-R009-Q16-INAD_1,INADMISSIBLE,SAT_FALSE,NH2-SINGLE-DISTRACTOR_HEAVY-R009_inad_1,REJECT_INADMISSIBLE,EXECUTE_ONLY_IF_R3_MEASURES_INADMISSIBLE_COST,NEEDS_WAREHOUSE_BINDING_R3
NH2-SINGLE-DISTRACTOR_HEAVY-R010,dev,16,NH2-SINGLE-DISTRACTOR_HEAVY-R010-Q16-INAD_1,INADMISSIBLE,SAT_FALSE,NH2-SINGLE-DISTRACTOR_HEAVY-R010_inad_1,REJECT_INADMISSIBLE,EXECUTE_ONLY_IF_R3_MEASURES_INADMISSIBLE_COST,NEEDS_WAREHOUSE_BINDING_R3
NH2-SINGLE-DISTRACTOR_HEAVY-R010,dev,24,NH2-SINGLE-DISTRACTOR_HEAVY-R010-Q24-INAD_0,INADMISSIBLE,SAT_FALSE,NH2-SINGLE-DISTRACTOR_HEAVY-R010_inad_0,REJECT_INADMISSIBLE,EXECUTE_ONLY_IF_R3_MEASURES_INADMISSIBLE_COST,NEEDS_WAREHOUSE_BINDING_R3
NH2-SINGLE-DISTRACTOR_HEAVY-R011,dev,8,NH2-SINGLE-DISTRACTOR_HEAVY-R011-Q08-INAD_1,INADMISSIBLE,SAT_FALSE,NH2-SINGLE-DISTRACTOR_HEAVY-R011_inad_1,REJECT_INADMISSIBLE,EXECUTE_ONLY_IF_R3_MEASURES_INADMISSIBLE_COST,NEEDS_WAREHOUSE_BINDING_R3
NH2-SINGLE-DISTRACTOR_HEAVY-R011,dev,13,NH2-SINGLE-DISTRACTOR_HEAVY-R011-Q13-INAD_0,INADMISSIBLE,SAT_FALSE,NH2-SINGLE-DISTRACTOR_HEAVY-R011_inad_0,REJECT_INADMISSIBLE,EXECUTE_ONLY_IF_R3_MEASURES_INADMISSIBLE_COST,NEEDS_WAREHOUSE_BINDING_R3
NH2-SINGLE-DISTRACTOR_HEAVY-R012,dev,13,NH2-SINGLE-DISTRACTOR_HEAVY-R012-Q13-INAD_0,INADMISSIBLE,SAT_FALSE,NH2-SINGLE-DISTRACTOR_HEAVY-R012_inad_0,REJECT_INADMISSIBLE,EXECUTE_ONLY_IF_R3_MEASURES_INADMISSIBLE_COST,NEEDS_WAREHOUSE_BINDING_R3
NH2-SINGLE-DISTRACTOR_HEAVY-R012,dev,21,NH2-SINGLE-DISTRACTOR_HEAVY-R012-Q21-INAD_1,INADMISSIBLE,SAT_FALSE,NH2-SINGLE-DISTRACTOR_HEAVY-R012_inad_1,REJECT_INADMISSIBLE,EXECUTE_ONLY_IF_R3_MEASURES_INADMISSIBLE_COST,NEEDS_WAREHOUSE_BINDING_R3
NH2-SINGLE-DISTRACTOR_HEAVY-R013,dev,2,NH2-SINGLE-DISTRACTOR_HEAVY-R013-Q02-INAD_0,INADMISSIBLE,SAT_FALSE,NH2-SINGLE-DISTRACTOR_HEAVY-R013_inad_0,REJECT_INADMISSIBLE,EXECUTE_ONLY_IF_R3_MEASURES_INADMISSIBLE_COST,NEEDS_WAREHOUSE_BINDING_R3
NH2-SINGLE-DISTRACTOR_HEAVY-R013,dev,24,NH2-SINGLE-DISTRACTOR_HEAVY-R013-Q24-INAD_1,INADMISSIBLE,SAT_FALSE,NH2-SINGLE-DISTRACTOR_HEAVY-R013_inad_1,REJECT_INADMISSIBLE,EXECUTE_ONLY_IF_R3_MEASURES_INADMISSIBLE_COST,NEEDS_WAREHOUSE_BINDING_R3
NH2-SINGLE-DISTRACTOR_HEAVY-R014,dev,7,NH2-SINGLE-DISTRACTOR_HEAVY-R014-Q07-INAD_1,INADMISSIBLE,SAT_FALSE,NH2-SINGLE-DISTRACTOR_HEAVY-R014_inad_1,REJECT_INADMISSIBLE,EXECUTE_ONLY_IF_R3_MEASURES_INADMISSIBLE_COST,NEEDS_WAREHOUSE_BINDING_R3
NH2-SINGLE-DISTRACTOR_HEAVY-R014,dev,19,NH2-SINGLE-DISTRACTOR_HEAVY-R014-Q19-INAD_0,INADMISSIBLE,SAT_FALSE,NH2-SINGLE-DISTRACTOR_HEAVY-R014_inad_0,REJECT_INADMISSIBLE,EXECUTE_ONLY_IF_R3_MEASURES_INADMISSIBLE_COST,NEEDS_WAREHOUSE_BINDING_R3
NH2-SINGLE-DISTRACTOR_HEAVY-R015,dev,11,NH2-SINGLE-DISTRACTOR_HEAVY-R015-Q11-INAD_0,INADMISSIBLE,SAT_FALSE,NH2-SINGLE-DISTRACTOR_HEAVY-R015_inad_0,REJECT_INADMISSIBLE,EXECUTE_ONLY_IF_R3_MEASURES_INADMISSIBLE_COST,NEEDS_WAREHOUSE_BINDING_R3
NH2-SINGLE-DISTRACTOR_HEAVY-R015,dev,17,NH2-SINGLE-DISTRACTOR_HEAVY-R015-Q17-INAD_1,INADMISSIBLE,SAT_FALSE,NH2-SINGLE-DISTRACTOR_HEAVY-R015_inad_1,REJECT_INADMISSIBLE,EXECUTE_ONLY_IF_R3_MEASURES_INADMISSIBLE_COST,NEEDS_WAREHOUSE_BINDING_R3
NH2-SINGLE-DISTRACTOR_HEAVY-R016,dev,4,NH2-SINGLE-DISTRACTOR_HEAVY-R016-Q04-INAD_1,INADMISSIBLE,SAT_FALSE,NH2-SINGLE-DISTRACTOR_HEAVY-R016_inad_1,REJECT_INADMISSIBLE,EXECUTE_ONLY_IF_R3_MEASURES_INADMISSIBLE_COST,NEEDS_WAREHOUSE_BINDING_R3
NH2-SINGLE-DISTRACTOR_HEAVY-R016,dev,19,NH2-SINGLE-DISTRACTOR_HEAVY-R016-Q19-INAD_0,INADMISSIBLE,SAT_FALSE,NH2-SINGLE-DISTRACTOR_HEAVY-R016_inad_0,REJECT_INADMISSIBLE,EXECUTE_ONLY_IF_R3_MEASURES_INADMISSIBLE_COST,NEEDS_WAREHOUSE_BINDING_R3
NH2-SINGLE-DISTRACTOR_HEAVY-R017,dev,11,NH2-SINGLE-DISTRACTOR_HEAVY-R017-Q11-INAD_1,INADMISSIBLE,SAT_FALSE,NH2-SINGLE-DISTRACTOR_HEAVY-R017_inad_1,REJECT_INADMISSIBLE,EXECUTE_ONLY_IF_R3_MEASURES_INADMISSIBLE_COST,NEEDS_WAREHOUSE_BINDING_R3
NH2-SINGLE-DISTRACTOR_HEAVY-R017,dev,18,NH2-SINGLE-DISTRACTOR_HEAVY-R017-Q18-INAD_0,INADMISSIBLE,SAT_FALSE,NH2-SINGLE-DISTRACTOR_HEAVY-R017_inad_0,REJECT_INADMISSIBLE,EXECUTE_ONLY_IF_R3_MEASURES_INADMISSIBLE_COST,NEEDS_WAREHOUSE_BINDING_R3
NH2-SINGLE-DISTRACTOR_HEAVY-R018,dev,4,NH2-SINGLE-DISTRACTOR_HEAVY-R018-Q04-INAD_0,INADMISSIBLE,SAT_FALSE,NH2-SINGLE-DISTRACTOR_HEAVY-R018_inad_0,REJECT_INADMISSIBLE,EXECUTE_ONLY_IF_R3_MEASURES_INADMISSIBLE_COST,NEEDS_WAREHOUSE_BINDING_R3
NH2-SINGLE-DISTRACTOR_HEAVY-R018,dev,12,NH2-SINGLE-DISTRACTOR_HEAVY-R018-Q12-INAD_1,INADMISSIBLE,SAT_FALSE,NH2-SINGLE-DISTRACTOR_HEAVY-R018_inad_1,REJECT_INADMISSIBLE,EXECUTE_ONLY_IF_R3_MEASURES_INADMISSIBLE_COST,NEEDS_WAREHOUSE_BINDING_R3
NH2-SINGLE-DISTRACTOR_HEAVY-R019,dev,11,NH2-SINGLE-DISTRACTOR_HEAVY-R019-Q11-INAD_1,INADMISSIBLE,SAT_FALSE,NH2-SINGLE-DISTRACTOR_HEAVY-R019_inad_1,REJECT_INADMISSIBLE,EXECUTE_ONLY_IF_R3_MEASURES_INADMISSIBLE_COST,NEEDS_WAREHOUSE_BINDING_R3
NH2-SINGLE-DISTRACTOR_HEAVY-R019,dev,15,NH2-SINGLE-DISTRACTOR_HEAVY-R019-Q15-INAD_0,INADMISSIBLE,SAT_FALSE,NH2-SINGLE-DISTRACTOR_HEAVY-R019_inad_0,REJECT_INADMISSIBLE,EXECUTE_ONLY_IF_R3_MEASURES_INADMISSIBLE_COST,NEEDS_WAREHOUSE_BINDING_R3
NH2-SINGLE-DISTRACTOR_HEAVY-R020,dev,3,NH2-SINGLE-DISTRACTOR_HEAVY-R020-Q03-INAD_0,INADMISSIBLE,SAT_FALSE,NH2-SINGLE-DISTRACTOR_HEAVY-R020_inad_0,REJECT_INADMISSIBLE,EXECUTE_ONLY_IF_R3_MEASURES_INADMISSIBLE_COST,NEEDS_WAREHOUSE_BINDING_R3
NH2-SINGLE-DISTRACTOR_HEAVY-R020,dev,5,NH2-SINGLE-DISTRACTOR_HEAVY-R020-Q05-INAD_1,INADMISSIBLE,SAT_FALSE,NH2-SINGLE-DISTRACTOR_HEAVY-R020_inad_1,REJECT_INADMISSIBLE,EXECUTE_ONLY_IF_R3_MEASURES_INADMISSIBLE_COST,NEEDS_WAREHOUSE_BINDING_R3
NH2-SINGLE-DISTRACTOR_HEAVY-R021,dev,20,NH2-SINGLE-DISTRACTOR_HEAVY-R021-Q20-INAD_1,INADMISSIBLE,SAT_FALSE,NH2-SINGLE-DISTRACTOR_HEAVY-R021_inad_1,REJECT_INADMISSIBLE,EXECUTE_ONLY_IF_R3_MEASURES_INADMISSIBLE_COST,NEEDS_WAREHOUSE_BINDING_R3
NH2-SINGLE-DISTRACTOR_HEAVY-R021,dev,23,NH2-SINGLE-DISTRACTOR_HEAVY-R021-Q23-INAD_0,INADMISSIBLE,SAT_FALSE,NH2-SINGLE-DISTRACTOR_HEAVY-R021_inad_0,REJECT_INADMISSIBLE,EXECUTE_ONLY_IF_R3_MEASURES_INADMISSIBLE_COST,NEEDS_WAREHOUSE_BINDING_R3
NH2-SINGLE-DISTRACTOR_HEAVY-R022,dev,11,NH2-SINGLE-DISTRACTOR_HEAVY-R022-Q11-INAD_1,INADMISSIBLE,SAT_FALSE,NH2-SINGLE-DISTRACTOR_HEAVY-R022_inad_1,REJECT_INADMISSIBLE,EXECUTE_ONLY_IF_R3_MEASURES_INADMISSIBLE_COST,NEEDS_WAREHOUSE_BINDING_R3
NH2-SINGLE-DISTRACTOR_HEAVY-R022,dev,13,NH2-SINGLE-DISTRACTOR_HEAVY-R022-Q13-INAD_0,INADMISSIBLE,SAT_FALSE,NH2-SINGLE-DISTRACTOR_HEAVY-R022_inad_0,REJECT_INADMISSIBLE,EXECUTE_ONLY_IF_R3_MEASURES_INADMISSIBLE_COST,NEEDS_WAREHOUSE_BINDING_R3
NH2-SINGLE-DISTRACTOR_HEAVY-R023,dev,16,NH2-SINGLE-DISTRACTOR_HEAVY-R023-Q16-INAD_1,INADMISSIBLE,SAT_FALSE,NH2-SINGLE-DISTRACTOR_HEAVY-R023_inad_1,REJECT_INADMISSIBLE,EXECUTE_ONLY_IF_R3_MEASURES_INADMISSIBLE_COST,NEEDS_WAREHOUSE_BINDING_R3
NH2-SINGLE-DISTRACTOR_HEAVY-R023,dev,19,NH2-SINGLE-DISTRACTOR_HEAVY-R023-Q19-INAD_0,INADMISSIBLE,SAT_FALSE,NH2-SINGLE-DISTRACTOR_HEAVY-R023_inad_0,REJECT_INADMISSIBLE,EXECUTE_ONLY_IF_R3_MEASURES_INADMISSIBLE_COST,NEEDS_WAREHOUSE_BINDING_R3
NH2-SINGLE-DISTRACTOR_HEAVY-R024,dev,2,NH2-SINGLE-DISTRACTOR_HEAVY-R024-Q02-INAD_0,INADMISSIBLE,SAT_FALSE,NH2-SINGLE-DISTRACTOR_HEAVY-R024_inad_0,REJECT_INADMISSIBLE,EXECUTE_ONLY_IF_R3_MEASURES_INADMISSIBLE_COST,NEEDS_WAREHOUSE_BINDING_R3
NH2-SINGLE-DISTRACTOR_HEAVY-R024,dev,6,NH2-SINGLE-DISTRACTOR_HEAVY-R024-Q06-INAD_1,INADMISSIBLE,SAT_FALSE,NH2-SINGLE-DISTRACTOR_HEAVY-R024_inad_1,REJECT_INADMISSIBLE,EXECUTE_ONLY_IF_R3_MEASURES_INADMISSIBLE_COST,NEEDS_WAREHOUSE_BINDING_R3
NH2-SINGLE-DISTRACTOR_HEAVY-R025,dev,3,NH2-SINGLE-DISTRACTOR_HEAVY-R025-Q03-INAD_0,INADMISSIBLE,SAT_FALSE,NH2-SINGLE-DISTRACTOR_HEAVY-R025_inad_0,REJECT_INADMISSIBLE,EXECUTE_ONLY_IF_R3_MEASURES_INADMISSIBLE_COST,NEEDS_WAREHOUSE_BINDING_R3
NH2-SINGLE-DISTRACTOR_HEAVY-R025,dev,16,NH2-SINGLE-DISTRACTOR_HEAVY-R025-Q16-INAD_1,INADMISSIBLE,SAT_FALSE,NH2-SINGLE-DISTRACTOR_HEAVY-R025_inad_1,REJECT_INADMISSIBLE,EXECUTE_ONLY_IF_R3_MEASURES_INADMISSIBLE_COST,NEEDS_WAREHOUSE_BINDING_R3
NH2-SINGLE-DISTRACTOR_HEAVY-R026,dev,16,NH2-SINGLE-DISTRACTOR_HEAVY-R026-Q16-INAD_1,INADMISSIBLE,SAT_FALSE,NH2-SINGLE-DISTRACTOR_HEAVY-R026_inad_1,REJECT_INADMISSIBLE,EXECUTE_ONLY_IF_R3_MEASURES_INADMISSIBLE_COST,NEEDS_WAREHOUSE_BINDING_R3
NH2-SINGLE-DISTRACTOR_HEAVY-R026,dev,17,NH2-SINGLE-DISTRACTOR_HEAVY-R026-Q17-INAD_0,INADMISSIBLE,SAT_FALSE,NH2-SINGLE-DISTRACTOR_HEAVY-R026_inad_0,REJECT_INADMISSIBLE,EXECUTE_ONLY_IF_R3_MEASURES_INADMISSIBLE_COST,NEEDS_WAREHOUSE_BINDING_R3
NH2-SINGLE-DISTRACTOR_HEAVY-R027,dev,10,NH2-SINGLE-DISTRACTOR_HEAVY-R027-Q10-INAD_1,INADMISSIBLE,SAT_FALSE,NH2-SINGLE-DISTRACTOR_HEAVY-R027_inad_1,REJECT_INADMISSIBLE,EXECUTE_ONLY_IF_R3_MEASURES_INADMISSIBLE_COST,NEEDS_WAREHOUSE_BINDING_R3
NH2-SINGLE-DISTRACTOR_HEAVY-R027,dev,18,NH2-SINGLE-DISTRACTOR_HEAVY-R027-Q18-INAD_0,INADMISSIBLE,SAT_FALSE,NH2-SINGLE-DISTRACTOR_HEAVY-R027_inad_0,REJECT_INADMISSIBLE,EXECUTE_ONLY_IF_R3_MEASURES_INADMISSIBLE_COST,NEEDS_WAREHOUSE_BINDING_R3
NH2-SINGLE-DISTRACTOR_HEAVY-R028,dev,5,NH2-SINGLE-DISTRACTOR_HEAVY-R028-Q05-INAD_0,INADMISSIBLE,SAT_FALSE,NH2-SINGLE-DISTRACTOR_HEAVY-R028_inad_0,REJECT_INADMISSIBLE,EXECUTE_ONLY_IF_R3_MEASURES_INADMISSIBLE_COST,NEEDS_WAREHOUSE_BINDING_R3
NH2-SINGLE-DISTRACTOR_HEAVY-R028,dev,19,NH2-SINGLE-DISTRACTOR_HEAVY-R028-Q19-INAD_1,INADMISSIBLE,SAT_FALSE,NH2-SINGLE-DISTRACTOR_HEAVY-R028_inad_1,REJECT_INADMISSIBLE,EXECUTE_ONLY_IF_R3_MEASURES_INADMISSIBLE_COST,NEEDS_WAREHOUSE_BINDING_R3
NH2-SINGLE-DISTRACTOR_HEAVY-R029,dev,8,NH2-SINGLE-DISTRACTOR_HEAVY-R029-Q08-INAD_0,INADMISSIBLE,SAT_FALSE,NH2-SINGLE-DISTRACTOR_HEAVY-R029_inad_0,REJECT_INADMISSIBLE,EXECUTE_ONLY_IF_R3_MEASURES_INADMISSIBLE_COST,NEEDS_WAREHOUSE_BINDING_R3
NH2-SINGLE-DISTRACTOR_HEAVY-R029,dev,23,NH2-SINGLE-DISTRACTOR_HEAVY-R029-Q23-INAD_1,INADMISSIBLE,SAT_FALSE,NH2-SINGLE-DISTRACTOR_HEAVY-R029_inad_1,REJECT_INADMISSIBLE,EXECUTE_ONLY_IF_R3_MEASURES_INADMISSIBLE_COST,NEEDS_WAREHOUSE_BINDING_R3
NH2-SINGLE-DISTRACTOR_HEAVY-R030,dev,15,NH2-SINGLE-DISTRACTOR_HEAVY-R030-Q15-INAD_1,INADMISSIBLE,SAT_FALSE,NH2-SINGLE-DISTRACTOR_HEAVY-R030_inad_1,REJECT_INADMISSIBLE,EXECUTE_ONLY_IF_R3_MEASURES_INADMISSIBLE_COST,NEEDS_WAREHOUSE_BINDING_R3
NH2-SINGLE-DISTRACTOR_HEAVY-R030,dev,17,NH2-SINGLE-DISTRACTOR_HEAVY-R030-Q17-INAD_0,INADMISSIBLE,SAT_FALSE,NH2-SINGLE-DISTRACTOR_HEAVY-R030_inad_0,REJECT_INADMISSIBLE,EXECUTE_ONLY_IF_R3_MEASURES_INADMISSIBLE_COST,NEEDS_WAREHOUSE_BINDING_R3
NH2-SINGLE-DISTRACTOR_HEAVY-R031,val,3,NH2-SINGLE-DISTRACTOR_HEAVY-R031-Q03-INAD_0,INADMISSIBLE,SAT_FALSE,NH2-SINGLE-DISTRACTOR_HEAVY-R031_inad_0,REJECT_INADMISSIBLE,EXECUTE_ONLY_IF_R3_MEASURES_INADMISSIBLE_COST,NEEDS_WAREHOUSE_BINDING_R3
NH2-SINGLE-DISTRACTOR_HEAVY-R031,val,13,NH2-SINGLE-DISTRACTOR_HEAVY-R031-Q13-INAD_1,INADMISSIBLE,SAT_FALSE,NH2-SINGLE-DISTRACTOR_HEAVY-R031_inad_1,REJECT_INADMISSIBLE,EXECUTE_ONLY_IF_R3_MEASURES_INADMISSIBLE_COST,NEEDS_WAREHOUSE_BINDING_R3
NH2-SINGLE-DISTRACTOR_HEAVY-R032,val,5,NH2-SINGLE-DISTRACTOR_HEAVY-R032-Q05-INAD_1,INADMISSIBLE,SAT_FALSE,NH2-SINGLE-DISTRACTOR_HEAVY-R032_inad_1,REJECT_INADMISSIBLE,EXECUTE_ONLY_IF_R3_MEASURES_INADMISSIBLE_COST,NEEDS_WAREHOUSE_BINDING_R3
NH2-SINGLE-DISTRACTOR_HEAVY-R032,val,10,NH2-SINGLE-DISTRACTOR_HEAVY-R032-Q10-INAD_0,INADMISSIBLE,SAT_FALSE,NH2-SINGLE-DISTRACTOR_HEAVY-R032_inad_0,REJECT_INADMISSIBLE,EXECUTE_ONLY_IF_R3_MEASURES_INADMISSIBLE_COST,NEEDS_WAREHOUSE_BINDING_R3
NH2-SINGLE-DISTRACTOR_HEAVY-R033,val,11,NH2-SINGLE-DISTRACTOR_HEAVY-R033-Q11-INAD_1,INADMISSIBLE,SAT_FALSE,NH2-SINGLE-DISTRACTOR_HEAVY-R033_inad_1,REJECT_INADMISSIBLE,EXECUTE_ONLY_IF_R3_MEASURES_INADMISSIBLE_COST,NEEDS_WAREHOUSE_BINDING_R3
NH2-SINGLE-DISTRACTOR_HEAVY-R033,val,19,NH2-SINGLE-DISTRACTOR_HEAVY-R033-Q19-INAD_0,INADMISSIBLE,SAT_FALSE,NH2-SINGLE-DISTRACTOR_HEAVY-R033_inad_0,REJECT_INADMISSIBLE,EXECUTE_ONLY_IF_R3_MEASURES_INADMISSIBLE_COST,NEEDS_WAREHOUSE_BINDING_R3
NH2-SINGLE-DISTRACTOR_HEAVY-R034,val,2,NH2-SINGLE-DISTRACTOR_HEAVY-R034-Q02-INAD_1,INADMISSIBLE,SAT_FALSE,NH2-SINGLE-DISTRACTOR_HEAVY-R034_inad_1,REJECT_INADMISSIBLE,EXECUTE_ONLY_IF_R3_MEASURES_INADMISSIBLE_COST,NEEDS_WAREHOUSE_BINDING_R3
NH2-SINGLE-DISTRACTOR_HEAVY-R034,val,23,NH2-SINGLE-DISTRACTOR_HEAVY-R034-Q23-INAD_0,INADMISSIBLE,SAT_FALSE,NH2-SINGLE-DISTRACTOR_HEAVY-R034_inad_0,REJECT_INADMISSIBLE,EXECUTE_ONLY_IF_R3_MEASURES_INADMISSIBLE_COST,NEEDS_WAREHOUSE_BINDING_R3
NH2-SINGLE-DISTRACTOR_HEAVY-R035,val,4,NH2-SINGLE-DISTRACTOR_HEAVY-R035-Q04-INAD_0,INADMISSIBLE,SAT_FALSE,NH2-SINGLE-DISTRACTOR_HEAVY-R035_inad_0,REJECT_INADMISSIBLE,EXECUTE_ONLY_IF_R3_MEASURES_INADMISSIBLE_COST,NEEDS_WAREHOUSE_BINDING_R3
NH2-SINGLE-DISTRACTOR_HEAVY-R035,val,18,NH2-SINGLE-DISTRACTOR_HEAVY-R035-Q18-INAD_1,INADMISSIBLE,SAT_FALSE,NH2-SINGLE-DISTRACTOR_HEAVY-R035_inad_1,REJECT_INADMISSIBLE,EXECUTE_ONLY_IF_R3_MEASURES_INADMISSIBLE_COST,NEEDS_WAREHOUSE_BINDING_R3
NH2-SINGLE-DISTRACTOR_HEAVY-R036,val,5,NH2-SINGLE-DISTRACTOR_HEAVY-R036-Q05-INAD_0,INADMISSIBLE,SAT_FALSE,NH2-SINGLE-DISTRACTOR_HEAVY-R036_inad_0,REJECT_INADMISSIBLE,EXECUTE_ONLY_IF_R3_MEASURES_INADMISSIBLE_COST,NEEDS_WAREHOUSE_BINDING_R3
NH2-SINGLE-DISTRACTOR_HEAVY-R036,val,18,NH2-SINGLE-DISTRACTOR_HEAVY-R036-Q18-INAD_1,INADMISSIBLE,SAT_FALSE,NH2-SINGLE-DISTRACTOR_HEAVY-R036_inad_1,REJECT_INADMISSIBLE,EXECUTE_ONLY_IF_R3_MEASURES_INADMISSIBLE_COST,NEEDS_WAREHOUSE_BINDING_R3
NH2-SINGLE-DISTRACTOR_HEAVY-R037,val,5,NH2-SINGLE-DISTRACTOR_HEAVY-R037-Q05-INAD_0,INADMISSIBLE,SAT_FALSE,NH2-SINGLE-DISTRACTOR_HEAVY-R037_inad_0,REJECT_INADMISSIBLE,EXECUTE_ONLY_IF_R3_MEASURES_INADMISSIBLE_COST,NEEDS_WAREHOUSE_BINDING_R3
NH2-SINGLE-DISTRACTOR_HEAVY-R037,val,21,NH2-SINGLE-DISTRACTOR_HEAVY-R037-Q21-INAD_1,INADMISSIBLE,SAT_FALSE,NH2-SINGLE-DISTRACTOR_HEAVY-R037_inad_1,REJECT_INADMISSIBLE,EXECUTE_ONLY_IF_R3_MEASURES_INADMISSIBLE_COST,NEEDS_WAREHOUSE_BINDING_R3
NH2-SINGLE-DISTRACTOR_HEAVY-R038,val,15,NH2-SINGLE-DISTRACTOR_HEAVY-R038-Q15-INAD_0,INADMISSIBLE,SAT_FALSE,NH2-SINGLE-DISTRACTOR_HEAVY-R038_inad_0,REJECT_INADMISSIBLE,EXECUTE_ONLY_IF_R3_MEASURES_INADMISSIBLE_COST,NEEDS_WAREHOUSE_BINDING_R3
NH2-SINGLE-DISTRACTOR_HEAVY-R038,val,21,NH2-SINGLE-DISTRACTOR_HEAVY-R038-Q21-INAD_1,INADMISSIBLE,SAT_FALSE,NH2-SINGLE-DISTRACTOR_HEAVY-R038_inad_1,REJECT_INADMISSIBLE,EXECUTE_ONLY_IF_R3_MEASURES_INADMISSIBLE_COST,NEEDS_WAREHOUSE_BINDING_R3
NH2-SINGLE-DISTRACTOR_HEAVY-R039,val,8,NH2-SINGLE-DISTRACTOR_HEAVY-R039-Q08-INAD_1,INADMISSIBLE,SAT_FALSE,NH2-SINGLE-DISTRACTOR_HEAVY-R039_inad_1,REJECT_INADMISSIBLE,EXECUTE_ONLY_IF_R3_MEASURES_INADMISSIBLE_COST,NEEDS_WAREHOUSE_BINDING_R3
NH2-SINGLE-DISTRACTOR_HEAVY-R039,val,20,NH2-SINGLE-DISTRACTOR_HEAVY-R039-Q20-INAD_0,INADMISSIBLE,SAT_FALSE,NH2-SINGLE-DISTRACTOR_HEAVY-R039_inad_0,REJECT_INADMISSIBLE,EXECUTE_ONLY_IF_R3_MEASURES_INADMISSIBLE_COST,NEEDS_WAREHOUSE_BINDING_R3
NH2-SINGLE-DISTRACTOR_HEAVY-R040,val,8,NH2-SINGLE-DISTRACTOR_HEAVY-R040-Q08-INAD_0,INADMISSIBLE,SAT_FALSE,NH2-SINGLE-DISTRACTOR_HEAVY-R040_inad_0,REJECT_INADMISSIBLE,EXECUTE_ONLY_IF_R3_MEASURES_INADMISSIBLE_COST,NEEDS_WAREHOUSE_BINDING_R3
NH2-SINGLE-DISTRACTOR_HEAVY-R040,val,17,NH2-SINGLE-DISTRACTOR_HEAVY-R040-Q17-INAD_1,INADMISSIBLE,SAT_FALSE,NH2-SINGLE-DISTRACTOR_HEAVY-R040_inad_1,REJECT_INADMISSIBLE,EXECUTE_ONLY_IF_R3_MEASURES_INADMISSIBLE_COST,NEEDS_WAREHOUSE_BINDING_R3
NH2-SINGLE-DISTRACTOR_HEAVY-R041,val,7,NH2-SINGLE-DISTRACTOR_HEAVY-R041-Q07-INAD_1,INADMISSIBLE,SAT_FALSE,NH2-SINGLE-DISTRACTOR_HEAVY-R041_inad_1,REJECT_INADMISSIBLE,EXECUTE_ONLY_IF_R3_MEASURES_INADMISSIBLE_COST,NEEDS_WAREHOUSE_BINDING_R3
NH2-SINGLE-DISTRACTOR_HEAVY-R041,val,8,NH2-SINGLE-DISTRACTOR_HEAVY-R041-Q08-INAD_0,INADMISSIBLE,SAT_FALSE,NH2-SINGLE-DISTRACTOR_HEAVY-R041_inad_0,REJECT_INADMISSIBLE,EXECUTE_ONLY_IF_R3_MEASURES_INADMISSIBLE_COST,NEEDS_WAREHOUSE_BINDING_R3
NH2-SINGLE-DISTRACTOR_HEAVY-R042,val,17,NH2-SINGLE-DISTRACTOR_HEAVY-R042-Q17-INAD_1,INADMISSIBLE,SAT_FALSE,NH2-SINGLE-DISTRACTOR_HEAVY-R042_inad_1,REJECT_INADMISSIBLE,EXECUTE_ONLY_IF_R3_MEASURES_INADMISSIBLE_COST,NEEDS_WAREHOUSE_BINDING_R3
NH2-SINGLE-DISTRACTOR_HEAVY-R042,val,23,NH2-SINGLE-DISTRACTOR_HEAVY-R042-Q23-INAD_0,INADMISSIBLE,SAT_FALSE,NH2-SINGLE-DISTRACTOR_HEAVY-R042_inad_0,REJECT_INADMISSIBLE,EXECUTE_ONLY_IF_R3_MEASURES_INADMISSIBLE_COST,NEEDS_WAREHOUSE_BINDING_R3
NH2-SINGLE-DISTRACTOR_HEAVY-R043,val,14,NH2-SINGLE-DISTRACTOR_HEAVY-R043-Q14-INAD_1,INADMISSIBLE,SAT_FALSE,NH2-SINGLE-DISTRACTOR_HEAVY-R043_inad_1,REJECT_INADMISSIBLE,EXECUTE_ONLY_IF_R3_MEASURES_INADMISSIBLE_COST,NEEDS_WAREHOUSE_BINDING_R3
NH2-SINGLE-DISTRACTOR_HEAVY-R043,val,15,NH2-SINGLE-DISTRACTOR_HEAVY-R043-Q15-INAD_0,INADMISSIBLE,SAT_FALSE,NH2-SINGLE-DISTRACTOR_HEAVY-R043_inad_0,REJECT_INADMISSIBLE,EXECUTE_ONLY_IF_R3_MEASURES_INADMISSIBLE_COST,NEEDS_WAREHOUSE_BINDING_R3
NH2-SINGLE-DISTRACTOR_HEAVY-R044,val,23,NH2-SINGLE-DISTRACTOR_HEAVY-R044-Q23-INAD_1,INADMISSIBLE,SAT_FALSE,NH2-SINGLE-DISTRACTOR_HEAVY-R044_inad_1,REJECT_INADMISSIBLE,EXECUTE_ONLY_IF_R3_MEASURES_INADMISSIBLE_COST,NEEDS_WAREHOUSE_BINDING_R3
NH2-SINGLE-DISTRACTOR_HEAVY-R044,val,24,NH2-SINGLE-DISTRACTOR_HEAVY-R044-Q24-INAD_0,INADMISSIBLE,SAT_FALSE,NH2-SINGLE-DISTRACTOR_HEAVY-R044_inad_0,REJECT_INADMISSIBLE,EXECUTE_ONLY_IF_R3_MEASURES_INADMISSIBLE_COST,NEEDS_WAREHOUSE_BINDING_R3
NH2-SINGLE-DISTRACTOR_HEAVY-R045,val,5,NH2-SINGLE-DISTRACTOR_HEAVY-R045-Q05-INAD_0,INADMISSIBLE,SAT_FALSE,NH2-SINGLE-DISTRACTOR_HEAVY-R045_inad_0,REJECT_INADMISSIBLE,EXECUTE_ONLY_IF_R3_MEASURES_INADMISSIBLE_COST,NEEDS_WAREHOUSE_BINDING_R3
NH2-SINGLE-DISTRACTOR_HEAVY-R045,val,9,NH2-SINGLE-DISTRACTOR_HEAVY-R045-Q09-INAD_1,INADMISSIBLE,SAT_FALSE,NH2-SINGLE-DISTRACTOR_HEAVY-R045_inad_1,REJECT_INADMISSIBLE,EXECUTE_ONLY_IF_R3_MEASURES_INADMISSIBLE_COST,NEEDS_WAREHOUSE_BINDING_R3
NH2-SINGLE-DISTRACTOR_HEAVY-R046,test,20,NH2-SINGLE-DISTRACTOR_HEAVY-R046-Q20-INAD_1,INADMISSIBLE,SAT_FALSE,NH2-SINGLE-DISTRACTOR_HEAVY-R046_inad_1,REJECT_INADMISSIBLE,EXECUTE_ONLY_IF_R3_MEASURES_INADMISSIBLE_COST,NEEDS_WAREHOUSE_BINDING_R3
NH2-SINGLE-DISTRACTOR_HEAVY-R046,test,22,NH2-SINGLE-DISTRACTOR_HEAVY-R046-Q22-INAD_0,INADMISSIBLE,SAT_FALSE,NH2-SINGLE-DISTRACTOR_HEAVY-R046_inad_0,REJECT_INADMISSIBLE,EXECUTE_ONLY_IF_R3_MEASURES_INADMISSIBLE_COST,NEEDS_WAREHOUSE_BINDING_R3
NH2-SINGLE-DISTRACTOR_HEAVY-R047,test,10,NH2-SINGLE-DISTRACTOR_HEAVY-R047-Q10-INAD_1,INADMISSIBLE,SAT_FALSE,NH2-SINGLE-DISTRACTOR_HEAVY-R047_inad_1,REJECT_INADMISSIBLE,EXECUTE_ONLY_IF_R3_MEASURES_INADMISSIBLE_COST,NEEDS_WAREHOUSE_BINDING_R3
NH2-SINGLE-DISTRACTOR_HEAVY-R047,test,23,NH2-SINGLE-DISTRACTOR_HEAVY-R047-Q23-INAD_0,INADMISSIBLE,SAT_FALSE,NH2-SINGLE-DISTRACTOR_HEAVY-R047_inad_0,REJECT_INADMISSIBLE,EXECUTE_ONLY_IF_R3_MEASURES_INADMISSIBLE_COST,NEEDS_WAREHOUSE_BINDING_R3
NH2-SINGLE-DISTRACTOR_HEAVY-R048,test,13,NH2-SINGLE-DISTRACTOR_HEAVY-R048-Q13-INAD_1,INADMISSIBLE,SAT_FALSE,NH2-SINGLE-DISTRACTOR_HEAVY-R048_inad_1,REJECT_INADMISSIBLE,EXECUTE_ONLY_IF_R3_MEASURES_INADMISSIBLE_COST,NEEDS_WAREHOUSE_BINDING_R3
NH2-SINGLE-DISTRACTOR_HEAVY-R048,test,18,NH2-SINGLE-DISTRACTOR_HEAVY-R048-Q18-INAD_0,INADMISSIBLE,SAT_FALSE,NH2-SINGLE-DISTRACTOR_HEAVY-R048_inad_0,REJECT_INADMISSIBLE,EXECUTE_ONLY_IF_R3_MEASURES_INADMISSIBLE_COST,NEEDS_WAREHOUSE_BINDING_R3
NH2-SINGLE-DISTRACTOR_HEAVY-R049,test,4,NH2-SINGLE-DISTRACTOR_HEAVY-R049-Q04-INAD_1,INADMISSIBLE,SAT_FALSE,NH2-SINGLE-DISTRACTOR_HEAVY-R049_inad_1,REJECT_INADMISSIBLE,EXECUTE_ONLY_IF_R3_MEASURES_INADMISSIBLE_COST,NEEDS_WAREHOUSE_BINDING_R3
NH2-SINGLE-DISTRACTOR_HEAVY-R049,test,17,NH2-SINGLE-DISTRACTOR_HEAVY-R049-Q17-INAD_0,INADMISSIBLE,SAT_FALSE,NH2-SINGLE-DISTRACTOR_HEAVY-R049_inad_0,REJECT_INADMISSIBLE,EXECUTE_ONLY_IF_R3_MEASURES_INADMISSIBLE_COST,NEEDS_WAREHOUSE_BINDING_R3
NH2-SINGLE-DISTRACTOR_HEAVY-R050,test,1,NH2-SINGLE-DISTRACTOR_HEAVY-R050-Q01-INAD_1,INADMISSIBLE,SAT_FALSE,NH2-SINGLE-DISTRACTOR_HEAVY-R050_inad_1,REJECT_INADMISSIBLE,EXECUTE_ONLY_IF_R3_MEASURES_INADMISSIBLE_COST,NEEDS_WAREHOUSE_BINDING_R3
NH2-SINGLE-DISTRACTOR_HEAVY-R050,test,24,NH2-SINGLE-DISTRACTOR_HEAVY-R050-Q24-INAD_0,INADMISSIBLE,SAT_FALSE,NH2-SINGLE-DISTRACTOR_HEAVY-R050_inad_0,REJECT_INADMISSIBLE,EXECUTE_ONLY_IF_R3_MEASURES_INADMISSIBLE_COST,NEEDS_WAREHOUSE_BINDING_R3
NH2-SINGLE-DISTRACTOR_HEAVY-R051,test,21,NH2-SINGLE-DISTRACTOR_HEAVY-R051-Q21-INAD_1,INADMISSIBLE,SAT_FALSE,NH2-SINGLE-DISTRACTOR_HEAVY-R051_inad_1,REJECT_INADMISSIBLE,EXECUTE_ONLY_IF_R3_MEASURES_INADMISSIBLE_COST,NEEDS_WAREHOUSE_BINDING_R3
NH2-SINGLE-DISTRACTOR_HEAVY-R051,test,24,NH2-SINGLE-DISTRACTOR_HEAVY-R051-Q24-INAD_0,INADMISSIBLE,SAT_FALSE,NH2-SINGLE-DISTRACTOR_HEAVY-R051_inad_0,REJECT_INADMISSIBLE,EXECUTE_ONLY_IF_R3_MEASURES_INADMISSIBLE_COST,NEEDS_WAREHOUSE_BINDING_R3
NH2-SINGLE-DISTRACTOR_HEAVY-R052,test,4,NH2-SINGLE-DISTRACTOR_HEAVY-R052-Q04-INAD_0,INADMISSIBLE,SAT_FALSE,NH2-SINGLE-DISTRACTOR_HEAVY-R052_inad_0,REJECT_INADMISSIBLE,EXECUTE_ONLY_IF_R3_MEASURES_INADMISSIBLE_COST,NEEDS_WAREHOUSE_BINDING_R3
NH2-SINGLE-DISTRACTOR_HEAVY-R052,test,12,NH2-SINGLE-DISTRACTOR_HEAVY-R052-Q12-INAD_1,INADMISSIBLE,SAT_FALSE,NH2-SINGLE-DISTRACTOR_HEAVY-R052_inad_1,REJECT_INADMISSIBLE,EXECUTE_ONLY_IF_R3_MEASURES_INADMISSIBLE_COST,NEEDS_WAREHOUSE_BINDING_R3
NH2-SINGLE-DISTRACTOR_HEAVY-R053,test,7,NH2-SINGLE-DISTRACTOR_HEAVY-R053-Q07-INAD_0,INADMISSIBLE,SAT_FALSE,NH2-SINGLE-DISTRACTOR_HEAVY-R053_inad_0,REJECT_INADMISSIBLE,EXECUTE_ONLY_IF_R3_MEASURES_INADMISSIBLE_COST,NEEDS_WAREHOUSE_BINDING_R3
NH2-SINGLE-DISTRACTOR_HEAVY-R053,test,9,NH2-SINGLE-DISTRACTOR_HEAVY-R053-Q09-INAD_1,INADMISSIBLE,SAT_FALSE,NH2-SINGLE-DISTRACTOR_HEAVY-R053_inad_1,REJECT_INADMISSIBLE,EXECUTE_ONLY_IF_R3_MEASURES_INADMISSIBLE_COST,NEEDS_WAREHOUSE_BINDING_R3
NH2-SINGLE-DISTRACTOR_HEAVY-R054,test,9,NH2-SINGLE-DISTRACTOR_HEAVY-R054-Q09-INAD_0,INADMISSIBLE,SAT_FALSE,NH2-SINGLE-DISTRACTOR_HEAVY-R054_inad_0,REJECT_INADMISSIBLE,EXECUTE_ONLY_IF_R3_MEASURES_INADMISSIBLE_COST,NEEDS_WAREHOUSE_BINDING_R3
NH2-SINGLE-DISTRACTOR_HEAVY-R054,test,15,NH2-SINGLE-DISTRACTOR_HEAVY-R054-Q15-INAD_1,INADMISSIBLE,SAT_FALSE,NH2-SINGLE-DISTRACTOR_HEAVY-R054_inad_1,REJECT_INADMISSIBLE,EXECUTE_ONLY_IF_R3_MEASURES_INADMISSIBLE_COST,NEEDS_WAREHOUSE_BINDING_R3
NH2-SINGLE-DISTRACTOR_HEAVY-R055,test,6,NH2-SINGLE-DISTRACTOR_HEAVY-R055-Q06-INAD_1,INADMISSIBLE,SAT_FALSE,NH2-SINGLE-DISTRACTOR_HEAVY-R055_inad_1,REJECT_INADMISSIBLE,EXECUTE_ONLY_IF_R3_MEASURES_INADMISSIBLE_COST,NEEDS_WAREHOUSE_BINDING_R3
NH2-SINGLE-DISTRACTOR_HEAVY-R055,test,10,NH2-SINGLE-DISTRACTOR_HEAVY-R055-Q10-INAD_0,INADMISSIBLE,SAT_FALSE,NH2-SINGLE-DISTRACTOR_HEAVY-R055_inad_0,REJECT_INADMISSIBLE,EXECUTE_ONLY_IF_R3_MEASURES_INADMISSIBLE_COST,NEEDS_WAREHOUSE_BINDING_R3
NH2-SINGLE-DISTRACTOR_HEAVY-R056,test,17,NH2-SINGLE-DISTRACTOR_HEAVY-R056-Q17-INAD_0,INADMISSIBLE,SAT_FALSE,NH2-SINGLE-DISTRACTOR_HEAVY-R056_inad_0,REJECT_INADMISSIBLE,EXECUTE_ONLY_IF_R3_MEASURES_INADMISSIBLE_COST,NEEDS_WAREHOUSE_BINDING_R3
NH2-SINGLE-DISTRACTOR_HEAVY-R056,test,18,NH2-SINGLE-DISTRACTOR_HEAVY-R056-Q18-INAD_1,INADMISSIBLE,SAT_FALSE,NH2-SINGLE-DISTRACTOR_HEAVY-R056_inad_1,REJECT_INADMISSIBLE,EXECUTE_ONLY_IF_R3_MEASURES_INADMISSIBLE_COST,NEEDS_WAREHOUSE_BINDING_R3
NH2-SINGLE-DISTRACTOR_HEAVY-R057,test,13,NH2-SINGLE-DISTRACTOR_HEAVY-R057-Q13-INAD_0,INADMISSIBLE,SAT_FALSE,NH2-SINGLE-DISTRACTOR_HEAVY-R057_inad_0,REJECT_INADMISSIBLE,EXECUTE_ONLY_IF_R3_MEASURES_INADMISSIBLE_COST,NEEDS_WAREHOUSE_BINDING_R3
NH2-SINGLE-DISTRACTOR_HEAVY-R057,test,14,NH2-SINGLE-DISTRACTOR_HEAVY-R057-Q14-INAD_1,INADMISSIBLE,SAT_FALSE,NH2-SINGLE-DISTRACTOR_HEAVY-R057_inad_1,REJECT_INADMISSIBLE,EXECUTE_ONLY_IF_R3_MEASURES_INADMISSIBLE_COST,NEEDS_WAREHOUSE_BINDING_R3
NH2-SINGLE-DISTRACTOR_HEAVY-R058,test,3,NH2-SINGLE-DISTRACTOR_HEAVY-R058-Q03-INAD_0,INADMISSIBLE,SAT_FALSE,NH2-SINGLE-DISTRACTOR_HEAVY-R058_inad_0,REJECT_INADMISSIBLE,EXECUTE_ONLY_IF_R3_MEASURES_INADMISSIBLE_COST,NEEDS_WAREHOUSE_BINDING_R3
NH2-SINGLE-DISTRACTOR_HEAVY-R058,test,7,NH2-SINGLE-DISTRACTOR_HEAVY-R058-Q07-INAD_1,INADMISSIBLE,SAT_FALSE,NH2-SINGLE-DISTRACTOR_HEAVY-R058_inad_1,REJECT_INADMISSIBLE,EXECUTE_ONLY_IF_R3_MEASURES_INADMISSIBLE_COST,NEEDS_WAREHOUSE_BINDING_R3
NH2-SINGLE-DISTRACTOR_HEAVY-R059,test,8,NH2-SINGLE-DISTRACTOR_HEAVY-R059-Q08-INAD_0,INADMISSIBLE,SAT_FALSE,NH2-SINGLE-DISTRACTOR_HEAVY-R059_inad_0,REJECT_INADMISSIBLE,EXECUTE_ONLY_IF_R3_MEASURES_INADMISSIBLE_COST,NEEDS_WAREHOUSE_BINDING_R3
NH2-SINGLE-DISTRACTOR_HEAVY-R059,test,14,NH2-SINGLE-DISTRACTOR_HEAVY-R059-Q14-INAD_1,INADMISSIBLE,SAT_FALSE,NH2-SINGLE-DISTRACTOR_HEAVY-R059_inad_1,REJECT_INADMISSIBLE,EXECUTE_ONLY_IF_R3_MEASURES_INADMISSIBLE_COST,NEEDS_WAREHOUSE_BINDING_R3
NH2-SINGLE-DISTRACTOR_HEAVY-R060,test,4,NH2-SINGLE-DISTRACTOR_HEAVY-R060-Q04-INAD_1,INADMISSIBLE,SAT_FALSE,NH2-SINGLE-DISTRACTOR_HEAVY-R060_inad_1,REJECT_INADMISSIBLE,EXECUTE_ONLY_IF_R3_MEASURES_INADMISSIBLE_COST,NEEDS_WAREHOUSE_BINDING_R3
NH2-SINGLE-DISTRACTOR_HEAVY-R060,test,7,NH2-SINGLE-DISTRACTOR_HEAVY-R060-Q07-INAD_0,INADMISSIBLE,SAT_FALSE,NH2-SINGLE-DISTRACTOR_HEAVY-R060_inad_0,REJECT_INADMISSIBLE,EXECUTE_ONLY_IF_R3_MEASURES_INADMISSIBLE_COST,NEEDS_WAREHOUSE_BINDING_R3
NH2-SINGLE-MIXED_SAT-R001,dev,4,NH2-SINGLE-MIXED_SAT-R001-Q04-INAD_4,INADMISSIBLE,SAT_FALSE,NH2-SINGLE-MIXED_SAT-R001_inad_4,REJECT_INADMISSIBLE,EXECUTE_ONLY_IF_R3_MEASURES_INADMISSIBLE_COST,NEEDS_WAREHOUSE_BINDING_R3
NH2-SINGLE-MIXED_SAT-R001,dev,11,NH2-SINGLE-MIXED_SAT-R001-Q11-INAD_1,INADMISSIBLE,SAT_FALSE,NH2-SINGLE-MIXED_SAT-R001_inad_1,REJECT_INADMISSIBLE,EXECUTE_ONLY_IF_R3_MEASURES_INADMISSIBLE_COST,NEEDS_WAREHOUSE_BINDING_R3
NH2-SINGLE-MIXED_SAT-R001,dev,15,NH2-SINGLE-MIXED_SAT-R001-Q15-INAD_2,INADMISSIBLE,SAT_FALSE,NH2-SINGLE-MIXED_SAT-R001_inad_2,REJECT_INADMISSIBLE,EXECUTE_ONLY_IF_R3_MEASURES_INADMISSIBLE_COST,NEEDS_WAREHOUSE_BINDING_R3
NH2-SINGLE-MIXED_SAT-R001,dev,16,NH2-SINGLE-MIXED_SAT-R001-Q16-INAD_0,INADMISSIBLE,SAT_FALSE,NH2-SINGLE-MIXED_SAT-R001_inad_0,REJECT_INADMISSIBLE,EXECUTE_ONLY_IF_R3_MEASURES_INADMISSIBLE_COST,NEEDS_WAREHOUSE_BINDING_R3
NH2-SINGLE-MIXED_SAT-R001,dev,22,NH2-SINGLE-MIXED_SAT-R001-Q22-INAD_3,INADMISSIBLE,SAT_FALSE,NH2-SINGLE-MIXED_SAT-R001_inad_3,REJECT_INADMISSIBLE,EXECUTE_ONLY_IF_R3_MEASURES_INADMISSIBLE_COST,NEEDS_WAREHOUSE_BINDING_R3
NH2-SINGLE-MIXED_SAT-R002,dev,7,NH2-SINGLE-MIXED_SAT-R002-Q07-INAD_4,INADMISSIBLE,SAT_FALSE,NH2-SINGLE-MIXED_SAT-R002_inad_4,REJECT_INADMISSIBLE,EXECUTE_ONLY_IF_R3_MEASURES_INADMISSIBLE_COST,NEEDS_WAREHOUSE_BINDING_R3
NH2-SINGLE-MIXED_SAT-R002,dev,19,NH2-SINGLE-MIXED_SAT-R002-Q19-INAD_1,INADMISSIBLE,SAT_FALSE,NH2-SINGLE-MIXED_SAT-R002_inad_1,REJECT_INADMISSIBLE,EXECUTE_ONLY_IF_R3_MEASURES_INADMISSIBLE_COST,NEEDS_WAREHOUSE_BINDING_R3
NH2-SINGLE-MIXED_SAT-R002,dev,22,NH2-SINGLE-MIXED_SAT-R002-Q22-INAD_2,INADMISSIBLE,SAT_FALSE,NH2-SINGLE-MIXED_SAT-R002_inad_2,REJECT_INADMISSIBLE,EXECUTE_ONLY_IF_R3_MEASURES_INADMISSIBLE_COST,NEEDS_WAREHOUSE_BINDING_R3
NH2-SINGLE-MIXED_SAT-R002,dev,23,NH2-SINGLE-MIXED_SAT-R002-Q23-INAD_3,INADMISSIBLE,SAT_FALSE,NH2-SINGLE-MIXED_SAT-R002_inad_3,REJECT_INADMISSIBLE,EXECUTE_ONLY_IF_R3_MEASURES_INADMISSIBLE_COST,NEEDS_WAREHOUSE_BINDING_R3
NH2-SINGLE-MIXED_SAT-R002,dev,24,NH2-SINGLE-MIXED_SAT-R002-Q24-INAD_0,INADMISSIBLE,SAT_FALSE,NH2-SINGLE-MIXED_SAT-R002_inad_0,REJECT_INADMISSIBLE,EXECUTE_ONLY_IF_R3_MEASURES_INADMISSIBLE_COST,NEEDS_WAREHOUSE_BINDING_R3
NH2-SINGLE-MIXED_SAT-R003,dev,3,NH2-SINGLE-MIXED_SAT-R003-Q03-INAD_3,INADMISSIBLE,SAT_FALSE,NH2-SINGLE-MIXED_SAT-R003_inad_3,REJECT_INADMISSIBLE,EXECUTE_ONLY_IF_R3_MEASURES_INADMISSIBLE_COST,NEEDS_WAREHOUSE_BINDING_R3
NH2-SINGLE-MIXED_SAT-R003,dev,7,NH2-SINGLE-MIXED_SAT-R003-Q07-INAD_2,INADMISSIBLE,SAT_FALSE,NH2-SINGLE-MIXED_SAT-R003_inad_2,REJECT_INADMISSIBLE,EXECUTE_ONLY_IF_R3_MEASURES_INADMISSIBLE_COST,NEEDS_WAREHOUSE_BINDING_R3
NH2-SINGLE-MIXED_SAT-R003,dev,12,NH2-SINGLE-MIXED_SAT-R003-Q12-INAD_0,INADMISSIBLE,SAT_FALSE,NH2-SINGLE-MIXED_SAT-R003_inad_0,REJECT_INADMISSIBLE,EXECUTE_ONLY_IF_R3_MEASURES_INADMISSIBLE_COST,NEEDS_WAREHOUSE_BINDING_R3
NH2-SINGLE-MIXED_SAT-R003,dev,14,NH2-SINGLE-MIXED_SAT-R003-Q14-INAD_1,INADMISSIBLE,SAT_FALSE,NH2-SINGLE-MIXED_SAT-R003_inad_1,REJECT_INADMISSIBLE,EXECUTE_ONLY_IF_R3_MEASURES_INADMISSIBLE_COST,NEEDS_WAREHOUSE_BINDING_R3
NH2-SINGLE-MIXED_SAT-R003,dev,23,NH2-SINGLE-MIXED_SAT-R003-Q23-INAD_4,INADMISSIBLE,SAT_FALSE,NH2-SINGLE-MIXED_SAT-R003_inad_4,REJECT_INADMISSIBLE,EXECUTE_ONLY_IF_R3_MEASURES_INADMISSIBLE_COST,NEEDS_WAREHOUSE_BINDING_R3
NH2-SINGLE-MIXED_SAT-R004,dev,2,NH2-SINGLE-MIXED_SAT-R004-Q02-INAD_0,INADMISSIBLE,SAT_FALSE,NH2-SINGLE-MIXED_SAT-R004_inad_0,REJECT_INADMISSIBLE,EXECUTE_ONLY_IF_R3_MEASURES_INADMISSIBLE_COST,NEEDS_WAREHOUSE_BINDING_R3
NH2-SINGLE-MIXED_SAT-R004,dev,9,NH2-SINGLE-MIXED_SAT-R004-Q09-INAD_3,INADMISSIBLE,SAT_FALSE,NH2-SINGLE-MIXED_SAT-R004_inad_3,REJECT_INADMISSIBLE,EXECUTE_ONLY_IF_R3_MEASURES_INADMISSIBLE_COST,NEEDS_WAREHOUSE_BINDING_R3
NH2-SINGLE-MIXED_SAT-R004,dev,16,NH2-SINGLE-MIXED_SAT-R004-Q16-INAD_4,INADMISSIBLE,SAT_FALSE,NH2-SINGLE-MIXED_SAT-R004_inad_4,REJECT_INADMISSIBLE,EXECUTE_ONLY_IF_R3_MEASURES_INADMISSIBLE_COST,NEEDS_WAREHOUSE_BINDING_R3
NH2-SINGLE-MIXED_SAT-R004,dev,18,NH2-SINGLE-MIXED_SAT-R004-Q18-INAD_1,INADMISSIBLE,SAT_FALSE,NH2-SINGLE-MIXED_SAT-R004_inad_1,REJECT_INADMISSIBLE,EXECUTE_ONLY_IF_R3_MEASURES_INADMISSIBLE_COST,NEEDS_WAREHOUSE_BINDING_R3
NH2-SINGLE-MIXED_SAT-R004,dev,22,NH2-SINGLE-MIXED_SAT-R004-Q22-INAD_2,INADMISSIBLE,SAT_FALSE,NH2-SINGLE-MIXED_SAT-R004_inad_2,REJECT_INADMISSIBLE,EXECUTE_ONLY_IF_R3_MEASURES_INADMISSIBLE_COST,NEEDS_WAREHOUSE_BINDING_R3
NH2-SINGLE-MIXED_SAT-R005,dev,4,NH2-SINGLE-MIXED_SAT-R005-Q04-INAD_1,INADMISSIBLE,SAT_FALSE,NH2-SINGLE-MIXED_SAT-R005_inad_1,REJECT_INADMISSIBLE,EXECUTE_ONLY_IF_R3_MEASURES_INADMISSIBLE_COST,NEEDS_WAREHOUSE_BINDING_R3
NH2-SINGLE-MIXED_SAT-R005,dev,5,NH2-SINGLE-MIXED_SAT-R005-Q05-INAD_4,INADMISSIBLE,SAT_FALSE,NH2-SINGLE-MIXED_SAT-R005_inad_4,REJECT_INADMISSIBLE,EXECUTE_ONLY_IF_R3_MEASURES_INADMISSIBLE_COST,NEEDS_WAREHOUSE_BINDING_R3
NH2-SINGLE-MIXED_SAT-R005,dev,7,NH2-SINGLE-MIXED_SAT-R005-Q07-INAD_2,INADMISSIBLE,SAT_FALSE,NH2-SINGLE-MIXED_SAT-R005_inad_2,REJECT_INADMISSIBLE,EXECUTE_ONLY_IF_R3_MEASURES_INADMISSIBLE_COST,NEEDS_WAREHOUSE_BINDING_R3
NH2-SINGLE-MIXED_SAT-R005,dev,9,NH2-SINGLE-MIXED_SAT-R005-Q09-INAD_0,INADMISSIBLE,SAT_FALSE,NH2-SINGLE-MIXED_SAT-R005_inad_0,REJECT_INADMISSIBLE,EXECUTE_ONLY_IF_R3_MEASURES_INADMISSIBLE_COST,NEEDS_WAREHOUSE_BINDING_R3
NH2-SINGLE-MIXED_SAT-R005,dev,17,NH2-SINGLE-MIXED_SAT-R005-Q17-INAD_3,INADMISSIBLE,SAT_FALSE,NH2-SINGLE-MIXED_SAT-R005_inad_3,REJECT_INADMISSIBLE,EXECUTE_ONLY_IF_R3_MEASURES_INADMISSIBLE_COST,NEEDS_WAREHOUSE_BINDING_R3
NH2-SINGLE-MIXED_SAT-R006,dev,3,NH2-SINGLE-MIXED_SAT-R006-Q03-INAD_3,INADMISSIBLE,SAT_FALSE,NH2-SINGLE-MIXED_SAT-R006_inad_3,REJECT_INADMISSIBLE,EXECUTE_ONLY_IF_R3_MEASURES_INADMISSIBLE_COST,NEEDS_WAREHOUSE_BINDING_R3
NH2-SINGLE-MIXED_SAT-R006,dev,6,NH2-SINGLE-MIXED_SAT-R006-Q06-INAD_1,INADMISSIBLE,SAT_FALSE,NH2-SINGLE-MIXED_SAT-R006_inad_1,REJECT_INADMISSIBLE,EXECUTE_ONLY_IF_R3_MEASURES_INADMISSIBLE_COST,NEEDS_WAREHOUSE_BINDING_R3
NH2-SINGLE-MIXED_SAT-R006,dev,10,NH2-SINGLE-MIXED_SAT-R006-Q10-INAD_4,INADMISSIBLE,SAT_FALSE,NH2-SINGLE-MIXED_SAT-R006_inad_4,REJECT_INADMISSIBLE,EXECUTE_ONLY_IF_R3_MEASURES_INADMISSIBLE_COST,NEEDS_WAREHOUSE_BINDING_R3
NH2-SINGLE-MIXED_SAT-R006,dev,11,NH2-SINGLE-MIXED_SAT-R006-Q11-INAD_2,INADMISSIBLE,SAT_FALSE,NH2-SINGLE-MIXED_SAT-R006_inad_2,REJECT_INADMISSIBLE,EXECUTE_ONLY_IF_R3_MEASURES_INADMISSIBLE_COST,NEEDS_WAREHOUSE_BINDING_R3
NH2-SINGLE-MIXED_SAT-R006,dev,15,NH2-SINGLE-MIXED_SAT-R006-Q15-INAD_0,INADMISSIBLE,SAT_FALSE,NH2-SINGLE-MIXED_SAT-R006_inad_0,REJECT_INADMISSIBLE,EXECUTE_ONLY_IF_R3_MEASURES_INADMISSIBLE_COST,NEEDS_WAREHOUSE_BINDING_R3
NH2-SINGLE-MIXED_SAT-R007,dev,7,NH2-SINGLE-MIXED_SAT-R007-Q07-INAD_0,INADMISSIBLE,SAT_FALSE,NH2-SINGLE-MIXED_SAT-R007_inad_0,REJECT_INADMISSIBLE,EXECUTE_ONLY_IF_R3_MEASURES_INADMISSIBLE_COST,NEEDS_WAREHOUSE_BINDING_R3
NH2-SINGLE-MIXED_SAT-R007,dev,12,NH2-SINGLE-MIXED_SAT-R007-Q12-INAD_4,INADMISSIBLE,SAT_FALSE,NH2-SINGLE-MIXED_SAT-R007_inad_4,REJECT_INADMISSIBLE,EXECUTE_ONLY_IF_R3_MEASURES_INADMISSIBLE_COST,NEEDS_WAREHOUSE_BINDING_R3
NH2-SINGLE-MIXED_SAT-R007,dev,13,NH2-SINGLE-MIXED_SAT-R007-Q13-INAD_1,INADMISSIBLE,SAT_FALSE,NH2-SINGLE-MIXED_SAT-R007_inad_1,REJECT_INADMISSIBLE,EXECUTE_ONLY_IF_R3_MEASURES_INADMISSIBLE_COST,NEEDS_WAREHOUSE_BINDING_R3
NH2-SINGLE-MIXED_SAT-R007,dev,19,NH2-SINGLE-MIXED_SAT-R007-Q19-INAD_2,INADMISSIBLE,SAT_FALSE,NH2-SINGLE-MIXED_SAT-R007_inad_2,REJECT_INADMISSIBLE,EXECUTE_ONLY_IF_R3_MEASURES_INADMISSIBLE_COST,NEEDS_WAREHOUSE_BINDING_R3
NH2-SINGLE-MIXED_SAT-R007,dev,24,NH2-SINGLE-MIXED_SAT-R007-Q24-INAD_3,INADMISSIBLE,SAT_FALSE,NH2-SINGLE-MIXED_SAT-R007_inad_3,REJECT_INADMISSIBLE,EXECUTE_ONLY_IF_R3_MEASURES_INADMISSIBLE_COST,NEEDS_WAREHOUSE_BINDING_R3
NH2-SINGLE-MIXED_SAT-R008,dev,2,NH2-SINGLE-MIXED_SAT-R008-Q02-INAD_4,INADMISSIBLE,SAT_FALSE,NH2-SINGLE-MIXED_SAT-R008_inad_4,REJECT_INADMISSIBLE,EXECUTE_ONLY_IF_R3_MEASURES_INADMISSIBLE_COST,NEEDS_WAREHOUSE_BINDING_R3
NH2-SINGLE-MIXED_SAT-R008,dev,9,NH2-SINGLE-MIXED_SAT-R008-Q09-INAD_1,INADMISSIBLE,SAT_FALSE,NH2-SINGLE-MIXED_SAT-R008_inad_1,REJECT_INADMISSIBLE,EXECUTE_ONLY_IF_R3_MEASURES_INADMISSIBLE_COST,NEEDS_WAREHOUSE_BINDING_R3
NH2-SINGLE-MIXED_SAT-R008,dev,11,NH2-SINGLE-MIXED_SAT-R008-Q11-INAD_2,INADMISSIBLE,SAT_FALSE,NH2-SINGLE-MIXED_SAT-R008_inad_2,REJECT_INADMISSIBLE,EXECUTE_ONLY_IF_R3_MEASURES_INADMISSIBLE_COST,NEEDS_WAREHOUSE_BINDING_R3
NH2-SINGLE-MIXED_SAT-R008,dev,18,NH2-SINGLE-MIXED_SAT-R008-Q18-INAD_3,INADMISSIBLE,SAT_FALSE,NH2-SINGLE-MIXED_SAT-R008_inad_3,REJECT_INADMISSIBLE,EXECUTE_ONLY_IF_R3_MEASURES_INADMISSIBLE_COST,NEEDS_WAREHOUSE_BINDING_R3
NH2-SINGLE-MIXED_SAT-R008,dev,23,NH2-SINGLE-MIXED_SAT-R008-Q23-INAD_0,INADMISSIBLE,SAT_FALSE,NH2-SINGLE-MIXED_SAT-R008_inad_0,REJECT_INADMISSIBLE,EXECUTE_ONLY_IF_R3_MEASURES_INADMISSIBLE_COST,NEEDS_WAREHOUSE_BINDING_R3
NH2-SINGLE-MIXED_SAT-R009,dev,10,NH2-SINGLE-MIXED_SAT-R009-Q10-INAD_0,INADMISSIBLE,SAT_FALSE,NH2-SINGLE-MIXED_SAT-R009_inad_0,REJECT_INADMISSIBLE,EXECUTE_ONLY_IF_R3_MEASURES_INADMISSIBLE_COST,NEEDS_WAREHOUSE_BINDING_R3
NH2-SINGLE-MIXED_SAT-R009,dev,12,NH2-SINGLE-MIXED_SAT-R009-Q12-INAD_2,INADMISSIBLE,SAT_FALSE,NH2-SINGLE-MIXED_SAT-R009_inad_2,REJECT_INADMISSIBLE,EXECUTE_ONLY_IF_R3_MEASURES_INADMISSIBLE_COST,NEEDS_WAREHOUSE_BINDING_R3
NH2-SINGLE-MIXED_SAT-R009,dev,13,NH2-SINGLE-MIXED_SAT-R009-Q13-INAD_1,INADMISSIBLE,SAT_FALSE,NH2-SINGLE-MIXED_SAT-R009_inad_1,REJECT_INADMISSIBLE,EXECUTE_ONLY_IF_R3_MEASURES_INADMISSIBLE_COST,NEEDS_WAREHOUSE_BINDING_R3
NH2-SINGLE-MIXED_SAT-R009,dev,17,NH2-SINGLE-MIXED_SAT-R009-Q17-INAD_3,INADMISSIBLE,SAT_FALSE,NH2-SINGLE-MIXED_SAT-R009_inad_3,REJECT_INADMISSIBLE,EXECUTE_ONLY_IF_R3_MEASURES_INADMISSIBLE_COST,NEEDS_WAREHOUSE_BINDING_R3
NH2-SINGLE-MIXED_SAT-R009,dev,19,NH2-SINGLE-MIXED_SAT-R009-Q19-INAD_4,INADMISSIBLE,SAT_FALSE,NH2-SINGLE-MIXED_SAT-R009_inad_4,REJECT_INADMISSIBLE,EXECUTE_ONLY_IF_R3_MEASURES_INADMISSIBLE_COST,NEEDS_WAREHOUSE_BINDING_R3
NH2-SINGLE-MIXED_SAT-R010,dev,4,NH2-SINGLE-MIXED_SAT-R010-Q04-INAD_2,INADMISSIBLE,SAT_FALSE,NH2-SINGLE-MIXED_SAT-R010_inad_2,REJECT_INADMISSIBLE,EXECUTE_ONLY_IF_R3_MEASURES_INADMISSIBLE_COST,NEEDS_WAREHOUSE_BINDING_R3
NH2-SINGLE-MIXED_SAT-R010,dev,9,NH2-SINGLE-MIXED_SAT-R010-Q09-INAD_4,INADMISSIBLE,SAT_FALSE,NH2-SINGLE-MIXED_SAT-R010_inad_4,REJECT_INADMISSIBLE,EXECUTE_ONLY_IF_R3_MEASURES_INADMISSIBLE_COST,NEEDS_WAREHOUSE_BINDING_R3
NH2-SINGLE-MIXED_SAT-R010,dev,10,NH2-SINGLE-MIXED_SAT-R010-Q10-INAD_1,INADMISSIBLE,SAT_FALSE,NH2-SINGLE-MIXED_SAT-R010_inad_1,REJECT_INADMISSIBLE,EXECUTE_ONLY_IF_R3_MEASURES_INADMISSIBLE_COST,NEEDS_WAREHOUSE_BINDING_R3
NH2-SINGLE-MIXED_SAT-R010,dev,16,NH2-SINGLE-MIXED_SAT-R010-Q16-INAD_3,INADMISSIBLE,SAT_FALSE,NH2-SINGLE-MIXED_SAT-R010_inad_3,REJECT_INADMISSIBLE,EXECUTE_ONLY_IF_R3_MEASURES_INADMISSIBLE_COST,NEEDS_WAREHOUSE_BINDING_R3
NH2-SINGLE-MIXED_SAT-R010,dev,18,NH2-SINGLE-MIXED_SAT-R010-Q18-INAD_0,INADMISSIBLE,SAT_FALSE,NH2-SINGLE-MIXED_SAT-R010_inad_0,REJECT_INADMISSIBLE,EXECUTE_ONLY_IF_R3_MEASURES_INADMISSIBLE_COST,NEEDS_WAREHOUSE_BINDING_R3
NH2-SINGLE-MIXED_SAT-R011,dev,3,NH2-SINGLE-MIXED_SAT-R011-Q03-INAD_2,INADMISSIBLE,SAT_FALSE,NH2-SINGLE-MIXED_SAT-R011_inad_2,REJECT_INADMISSIBLE,EXECUTE_ONLY_IF_R3_MEASURES_INADMISSIBLE_COST,NEEDS_WAREHOUSE_BINDING_R3
NH2-SINGLE-MIXED_SAT-R011,dev,4,NH2-SINGLE-MIXED_SAT-R011-Q04-INAD_1,INADMISSIBLE,SAT_FALSE,NH2-SINGLE-MIXED_SAT-R011_inad_1,REJECT_INADMISSIBLE,EXECUTE_ONLY_IF_R3_MEASURES_INADMISSIBLE_COST,NEEDS_WAREHOUSE_BINDING_R3
NH2-SINGLE-MIXED_SAT-R011,dev,17,NH2-SINGLE-MIXED_SAT-R011-Q17-INAD_3,INADMISSIBLE,SAT_FALSE,NH2-SINGLE-MIXED_SAT-R011_inad_3,REJECT_INADMISSIBLE,EXECUTE_ONLY_IF_R3_MEASURES_INADMISSIBLE_COST,NEEDS_WAREHOUSE_BINDING_R3
NH2-SINGLE-MIXED_SAT-R011,dev,21,NH2-SINGLE-MIXED_SAT-R011-Q21-INAD_4,INADMISSIBLE,SAT_FALSE,NH2-SINGLE-MIXED_SAT-R011_inad_4,REJECT_INADMISSIBLE,EXECUTE_ONLY_IF_R3_MEASURES_INADMISSIBLE_COST,NEEDS_WAREHOUSE_BINDING_R3
NH2-SINGLE-MIXED_SAT-R011,dev,24,NH2-SINGLE-MIXED_SAT-R011-Q24-INAD_0,INADMISSIBLE,SAT_FALSE,NH2-SINGLE-MIXED_SAT-R011_inad_0,REJECT_INADMISSIBLE,EXECUTE_ONLY_IF_R3_MEASURES_INADMISSIBLE_COST,NEEDS_WAREHOUSE_BINDING_R3
NH2-SINGLE-MIXED_SAT-R012,dev,1,NH2-SINGLE-MIXED_SAT-R012-Q01-INAD_2,INADMISSIBLE,SAT_FALSE,NH2-SINGLE-MIXED_SAT-R012_inad_2,REJECT_INADMISSIBLE,EXECUTE_ONLY_IF_R3_MEASURES_INADMISSIBLE_COST,NEEDS_WAREHOUSE_BINDING_R3
NH2-SINGLE-MIXED_SAT-R012,dev,3,NH2-SINGLE-MIXED_SAT-R012-Q03-INAD_1,INADMISSIBLE,SAT_FALSE,NH2-SINGLE-MIXED_SAT-R012_inad_1,REJECT_INADMISSIBLE,EXECUTE_ONLY_IF_R3_MEASURES_INADMISSIBLE_COST,NEEDS_WAREHOUSE_BINDING_R3
NH2-SINGLE-MIXED_SAT-R012,dev,6,NH2-SINGLE-MIXED_SAT-R012-Q06-INAD_4,INADMISSIBLE,SAT_FALSE,NH2-SINGLE-MIXED_SAT-R012_inad_4,REJECT_INADMISSIBLE,EXECUTE_ONLY_IF_R3_MEASURES_INADMISSIBLE_COST,NEEDS_WAREHOUSE_BINDING_R3
NH2-SINGLE-MIXED_SAT-R012,dev,13,NH2-SINGLE-MIXED_SAT-R012-Q13-INAD_0,INADMISSIBLE,SAT_FALSE,NH2-SINGLE-MIXED_SAT-R012_inad_0,REJECT_INADMISSIBLE,EXECUTE_ONLY_IF_R3_MEASURES_INADMISSIBLE_COST,NEEDS_WAREHOUSE_BINDING_R3
NH2-SINGLE-MIXED_SAT-R012,dev,20,NH2-SINGLE-MIXED_SAT-R012-Q20-INAD_3,INADMISSIBLE,SAT_FALSE,NH2-SINGLE-MIXED_SAT-R012_inad_3,REJECT_INADMISSIBLE,EXECUTE_ONLY_IF_R3_MEASURES_INADMISSIBLE_COST,NEEDS_WAREHOUSE_BINDING_R3
NH2-SINGLE-MIXED_SAT-R013,dev,7,NH2-SINGLE-MIXED_SAT-R013-Q07-INAD_0,INADMISSIBLE,SAT_FALSE,NH2-SINGLE-MIXED_SAT-R013_inad_0,REJECT_INADMISSIBLE,EXECUTE_ONLY_IF_R3_MEASURES_INADMISSIBLE_COST,NEEDS_WAREHOUSE_BINDING_R3
NH2-SINGLE-MIXED_SAT-R013,dev,8,NH2-SINGLE-MIXED_SAT-R013-Q08-INAD_1,INADMISSIBLE,SAT_FALSE,NH2-SINGLE-MIXED_SAT-R013_inad_1,REJECT_INADMISSIBLE,EXECUTE_ONLY_IF_R3_MEASURES_INADMISSIBLE_COST,NEEDS_WAREHOUSE_BINDING_R3
NH2-SINGLE-MIXED_SAT-R013,dev,11,NH2-SINGLE-MIXED_SAT-R013-Q11-INAD_3,INADMISSIBLE,SAT_FALSE,NH2-SINGLE-MIXED_SAT-R013_inad_3,REJECT_INADMISSIBLE,EXECUTE_ONLY_IF_R3_MEASURES_INADMISSIBLE_COST,NEEDS_WAREHOUSE_BINDING_R3
NH2-SINGLE-MIXED_SAT-R013,dev,12,NH2-SINGLE-MIXED_SAT-R013-Q12-INAD_2,INADMISSIBLE,SAT_FALSE,NH2-SINGLE-MIXED_SAT-R013_inad_2,REJECT_INADMISSIBLE,EXECUTE_ONLY_IF_R3_MEASURES_INADMISSIBLE_COST,NEEDS_WAREHOUSE_BINDING_R3
NH2-SINGLE-MIXED_SAT-R013,dev,16,NH2-SINGLE-MIXED_SAT-R013-Q16-INAD_4,INADMISSIBLE,SAT_FALSE,NH2-SINGLE-MIXED_SAT-R013_inad_4,REJECT_INADMISSIBLE,EXECUTE_ONLY_IF_R3_MEASURES_INADMISSIBLE_COST,NEEDS_WAREHOUSE_BINDING_R3
NH2-SINGLE-MIXED_SAT-R014,dev,2,NH2-SINGLE-MIXED_SAT-R014-Q02-INAD_3,INADMISSIBLE,SAT_FALSE,NH2-SINGLE-MIXED_SAT-R014_inad_3,REJECT_INADMISSIBLE,EXECUTE_ONLY_IF_R3_MEASURES_INADMISSIBLE_COST,NEEDS_WAREHOUSE_BINDING_R3
NH2-SINGLE-MIXED_SAT-R014,dev,14,NH2-SINGLE-MIXED_SAT-R014-Q14-INAD_2,INADMISSIBLE,SAT_FALSE,NH2-SINGLE-MIXED_SAT-R014_inad_2,REJECT_INADMISSIBLE,EXECUTE_ONLY_IF_R3_MEASURES_INADMISSIBLE_COST,NEEDS_WAREHOUSE_BINDING_R3
NH2-SINGLE-MIXED_SAT-R014,dev,16,NH2-SINGLE-MIXED_SAT-R014-Q16-INAD_0,INADMISSIBLE,SAT_FALSE,NH2-SINGLE-MIXED_SAT-R014_inad_0,REJECT_INADMISSIBLE,EXECUTE_ONLY_IF_R3_MEASURES_INADMISSIBLE_COST,NEEDS_WAREHOUSE_BINDING_R3
NH2-SINGLE-MIXED_SAT-R014,dev,22,NH2-SINGLE-MIXED_SAT-R014-Q22-INAD_1,INADMISSIBLE,SAT_FALSE,NH2-SINGLE-MIXED_SAT-R014_inad_1,REJECT_INADMISSIBLE,EXECUTE_ONLY_IF_R3_MEASURES_INADMISSIBLE_COST,NEEDS_WAREHOUSE_BINDING_R3
NH2-SINGLE-MIXED_SAT-R014,dev,24,NH2-SINGLE-MIXED_SAT-R014-Q24-INAD_4,INADMISSIBLE,SAT_FALSE,NH2-SINGLE-MIXED_SAT-R014_inad_4,REJECT_INADMISSIBLE,EXECUTE_ONLY_IF_R3_MEASURES_INADMISSIBLE_COST,NEEDS_WAREHOUSE_BINDING_R3
NH2-SINGLE-MIXED_SAT-R015,dev,4,NH2-SINGLE-MIXED_SAT-R015-Q04-INAD_4,INADMISSIBLE,SAT_FALSE,NH2-SINGLE-MIXED_SAT-R015_inad_4,REJECT_INADMISSIBLE,EXECUTE_ONLY_IF_R3_MEASURES_INADMISSIBLE_COST,NEEDS_WAREHOUSE_BINDING_R3
NH2-SINGLE-MIXED_SAT-R015,dev,8,NH2-SINGLE-MIXED_SAT-R015-Q08-INAD_3,INADMISSIBLE,SAT_FALSE,NH2-SINGLE-MIXED_SAT-R015_inad_3,REJECT_INADMISSIBLE,EXECUTE_ONLY_IF_R3_MEASURES_INADMISSIBLE_COST,NEEDS_WAREHOUSE_BINDING_R3
NH2-SINGLE-MIXED_SAT-R015,dev,17,NH2-SINGLE-MIXED_SAT-R015-Q17-INAD_0,INADMISSIBLE,SAT_FALSE,NH2-SINGLE-MIXED_SAT-R015_inad_0,REJECT_INADMISSIBLE,EXECUTE_ONLY_IF_R3_MEASURES_INADMISSIBLE_COST,NEEDS_WAREHOUSE_BINDING_R3
NH2-SINGLE-MIXED_SAT-R015,dev,19,NH2-SINGLE-MIXED_SAT-R015-Q19-INAD_2,INADMISSIBLE,SAT_FALSE,NH2-SINGLE-MIXED_SAT-R015_inad_2,REJECT_INADMISSIBLE,EXECUTE_ONLY_IF_R3_MEASURES_INADMISSIBLE_COST,NEEDS_WAREHOUSE_BINDING_R3
NH2-SINGLE-MIXED_SAT-R015,dev,21,NH2-SINGLE-MIXED_SAT-R015-Q21-INAD_1,INADMISSIBLE,SAT_FALSE,NH2-SINGLE-MIXED_SAT-R015_inad_1,REJECT_INADMISSIBLE,EXECUTE_ONLY_IF_R3_MEASURES_INADMISSIBLE_COST,NEEDS_WAREHOUSE_BINDING_R3
NH2-SINGLE-MIXED_SAT-R016,dev,2,NH2-SINGLE-MIXED_SAT-R016-Q02-INAD_1,INADMISSIBLE,SAT_FALSE,NH2-SINGLE-MIXED_SAT-R016_inad_1,REJECT_INADMISSIBLE,EXECUTE_ONLY_IF_R3_MEASURES_INADMISSIBLE_COST,NEEDS_WAREHOUSE_BINDING_R3
NH2-SINGLE-MIXED_SAT-R016,dev,3,NH2-SINGLE-MIXED_SAT-R016-Q03-INAD_4,INADMISSIBLE,SAT_FALSE,NH2-SINGLE-MIXED_SAT-R016_inad_4,REJECT_INADMISSIBLE,EXECUTE_ONLY_IF_R3_MEASURES_INADMISSIBLE_COST,NEEDS_WAREHOUSE_BINDING_R3
NH2-SINGLE-MIXED_SAT-R016,dev,4,NH2-SINGLE-MIXED_SAT-R016-Q04-INAD_3,INADMISSIBLE,SAT_FALSE,NH2-SINGLE-MIXED_SAT-R016_inad_3,REJECT_INADMISSIBLE,EXECUTE_ONLY_IF_R3_MEASURES_INADMISSIBLE_COST,NEEDS_WAREHOUSE_BINDING_R3
NH2-SINGLE-MIXED_SAT-R016,dev,7,NH2-SINGLE-MIXED_SAT-R016-Q07-INAD_2,INADMISSIBLE,SAT_FALSE,NH2-SINGLE-MIXED_SAT-R016_inad_2,REJECT_INADMISSIBLE,EXECUTE_ONLY_IF_R3_MEASURES_INADMISSIBLE_COST,NEEDS_WAREHOUSE_BINDING_R3
NH2-SINGLE-MIXED_SAT-R016,dev,18,NH2-SINGLE-MIXED_SAT-R016-Q18-INAD_0,INADMISSIBLE,SAT_FALSE,NH2-SINGLE-MIXED_SAT-R016_inad_0,REJECT_INADMISSIBLE,EXECUTE_ONLY_IF_R3_MEASURES_INADMISSIBLE_COST,NEEDS_WAREHOUSE_BINDING_R3
NH2-SINGLE-MIXED_SAT-R017,dev,10,NH2-SINGLE-MIXED_SAT-R017-Q10-INAD_1,INADMISSIBLE,SAT_FALSE,NH2-SINGLE-MIXED_SAT-R017_inad_1,REJECT_INADMISSIBLE,EXECUTE_ONLY_IF_R3_MEASURES_INADMISSIBLE_COST,NEEDS_WAREHOUSE_BINDING_R3
NH2-SINGLE-MIXED_SAT-R017,dev,15,NH2-SINGLE-MIXED_SAT-R017-Q15-INAD_4,INADMISSIBLE,SAT_FALSE,NH2-SINGLE-MIXED_SAT-R017_inad_4,REJECT_INADMISSIBLE,EXECUTE_ONLY_IF_R3_MEASURES_INADMISSIBLE_COST,NEEDS_WAREHOUSE_BINDING_R3
NH2-SINGLE-MIXED_SAT-R017,dev,17,NH2-SINGLE-MIXED_SAT-R017-Q17-INAD_0,INADMISSIBLE,SAT_FALSE,NH2-SINGLE-MIXED_SAT-R017_inad_0,REJECT_INADMISSIBLE,EXECUTE_ONLY_IF_R3_MEASURES_INADMISSIBLE_COST,NEEDS_WAREHOUSE_BINDING_R3
NH2-SINGLE-MIXED_SAT-R017,dev,21,NH2-SINGLE-MIXED_SAT-R017-Q21-INAD_3,INADMISSIBLE,SAT_FALSE,NH2-SINGLE-MIXED_SAT-R017_inad_3,REJECT_INADMISSIBLE,EXECUTE_ONLY_IF_R3_MEASURES_INADMISSIBLE_COST,NEEDS_WAREHOUSE_BINDING_R3
NH2-SINGLE-MIXED_SAT-R017,dev,23,NH2-SINGLE-MIXED_SAT-R017-Q23-INAD_2,INADMISSIBLE,SAT_FALSE,NH2-SINGLE-MIXED_SAT-R017_inad_2,REJECT_INADMISSIBLE,EXECUTE_ONLY_IF_R3_MEASURES_INADMISSIBLE_COST,NEEDS_WAREHOUSE_BINDING_R3
NH2-SINGLE-MIXED_SAT-R018,dev,5,NH2-SINGLE-MIXED_SAT-R018-Q05-INAD_4,INADMISSIBLE,SAT_FALSE,NH2-SINGLE-MIXED_SAT-R018_inad_4,REJECT_INADMISSIBLE,EXECUTE_ONLY_IF_R3_MEASURES_INADMISSIBLE_COST,NEEDS_WAREHOUSE_BINDING_R3
NH2-SINGLE-MIXED_SAT-R018,dev,7,NH2-SINGLE-MIXED_SAT-R018-Q07-INAD_3,INADMISSIBLE,SAT_FALSE,NH2-SINGLE-MIXED_SAT-R018_inad_3,REJECT_INADMISSIBLE,EXECUTE_ONLY_IF_R3_MEASURES_INADMISSIBLE_COST,NEEDS_WAREHOUSE_BINDING_R3
NH2-SINGLE-MIXED_SAT-R018,dev,12,NH2-SINGLE-MIXED_SAT-R018-Q12-INAD_1,INADMISSIBLE,SAT_FALSE,NH2-SINGLE-MIXED_SAT-R018_inad_1,REJECT_INADMISSIBLE,EXECUTE_ONLY_IF_R3_MEASURES_INADMISSIBLE_COST,NEEDS_WAREHOUSE_BINDING_R3
NH2-SINGLE-MIXED_SAT-R018,dev,22,NH2-SINGLE-MIXED_SAT-R018-Q22-INAD_2,INADMISSIBLE,SAT_FALSE,NH2-SINGLE-MIXED_SAT-R018_inad_2,REJECT_INADMISSIBLE,EXECUTE_ONLY_IF_R3_MEASURES_INADMISSIBLE_COST,NEEDS_WAREHOUSE_BINDING_R3
NH2-SINGLE-MIXED_SAT-R018,dev,24,NH2-SINGLE-MIXED_SAT-R018-Q24-INAD_0,INADMISSIBLE,SAT_FALSE,NH2-SINGLE-MIXED_SAT-R018_inad_0,REJECT_INADMISSIBLE,EXECUTE_ONLY_IF_R3_MEASURES_INADMISSIBLE_COST,NEEDS_WAREHOUSE_BINDING_R3
NH2-SINGLE-MIXED_SAT-R019,dev,7,NH2-SINGLE-MIXED_SAT-R019-Q07-INAD_3,INADMISSIBLE,SAT_FALSE,NH2-SINGLE-MIXED_SAT-R019_inad_3,REJECT_INADMISSIBLE,EXECUTE_ONLY_IF_R3_MEASURES_INADMISSIBLE_COST,NEEDS_WAREHOUSE_BINDING_R3
NH2-SINGLE-MIXED_SAT-R019,dev,11,NH2-SINGLE-MIXED_SAT-R019-Q11-INAD_4,INADMISSIBLE,SAT_FALSE,NH2-SINGLE-MIXED_SAT-R019_inad_4,REJECT_INADMISSIBLE,EXECUTE_ONLY_IF_R3_MEASURES_INADMISSIBLE_COST,NEEDS_WAREHOUSE_BINDING_R3
NH2-SINGLE-MIXED_SAT-R019,dev,15,NH2-SINGLE-MIXED_SAT-R019-Q15-INAD_1,INADMISSIBLE,SAT_FALSE,NH2-SINGLE-MIXED_SAT-R019_inad_1,REJECT_INADMISSIBLE,EXECUTE_ONLY_IF_R3_MEASURES_INADMISSIBLE_COST,NEEDS_WAREHOUSE_BINDING_R3
NH2-SINGLE-MIXED_SAT-R019,dev,19,NH2-SINGLE-MIXED_SAT-R019-Q19-INAD_0,INADMISSIBLE,SAT_FALSE,NH2-SINGLE-MIXED_SAT-R019_inad_0,REJECT_INADMISSIBLE,EXECUTE_ONLY_IF_R3_MEASURES_INADMISSIBLE_COST,NEEDS_WAREHOUSE_BINDING_R3
NH2-SINGLE-MIXED_SAT-R019,dev,21,NH2-SINGLE-MIXED_SAT-R019-Q21-INAD_2,INADMISSIBLE,SAT_FALSE,NH2-SINGLE-MIXED_SAT-R019_inad_2,REJECT_INADMISSIBLE,EXECUTE_ONLY_IF_R3_MEASURES_INADMISSIBLE_COST,NEEDS_WAREHOUSE_BINDING_R3
NH2-SINGLE-MIXED_SAT-R020,dev,7,NH2-SINGLE-MIXED_SAT-R020-Q07-INAD_1,INADMISSIBLE,SAT_FALSE,NH2-SINGLE-MIXED_SAT-R020_inad_1,REJECT_INADMISSIBLE,EXECUTE_ONLY_IF_R3_MEASURES_INADMISSIBLE_COST,NEEDS_WAREHOUSE_BINDING_R3
NH2-SINGLE-MIXED_SAT-R020,dev,18,NH2-SINGLE-MIXED_SAT-R020-Q18-INAD_4,INADMISSIBLE,SAT_FALSE,NH2-SINGLE-MIXED_SAT-R020_inad_4,REJECT_INADMISSIBLE,EXECUTE_ONLY_IF_R3_MEASURES_INADMISSIBLE_COST,NEEDS_WAREHOUSE_BINDING_R3
NH2-SINGLE-MIXED_SAT-R020,dev,20,NH2-SINGLE-MIXED_SAT-R020-Q20-INAD_0,INADMISSIBLE,SAT_FALSE,NH2-SINGLE-MIXED_SAT-R020_inad_0,REJECT_INADMISSIBLE,EXECUTE_ONLY_IF_R3_MEASURES_INADMISSIBLE_COST,NEEDS_WAREHOUSE_BINDING_R3
NH2-SINGLE-MIXED_SAT-R020,dev,21,NH2-SINGLE-MIXED_SAT-R020-Q21-INAD_3,INADMISSIBLE,SAT_FALSE,NH2-SINGLE-MIXED_SAT-R020_inad_3,REJECT_INADMISSIBLE,EXECUTE_ONLY_IF_R3_MEASURES_INADMISSIBLE_COST,NEEDS_WAREHOUSE_BINDING_R3
NH2-SINGLE-MIXED_SAT-R020,dev,24,NH2-SINGLE-MIXED_SAT-R020-Q24-INAD_2,INADMISSIBLE,SAT_FALSE,NH2-SINGLE-MIXED_SAT-R020_inad_2,REJECT_INADMISSIBLE,EXECUTE_ONLY_IF_R3_MEASURES_INADMISSIBLE_COST,NEEDS_WAREHOUSE_BINDING_R3
NH2-SINGLE-MIXED_SAT-R021,dev,1,NH2-SINGLE-MIXED_SAT-R021-Q01-INAD_2,INADMISSIBLE,SAT_FALSE,NH2-SINGLE-MIXED_SAT-R021_inad_2,REJECT_INADMISSIBLE,EXECUTE_ONLY_IF_R3_MEASURES_INADMISSIBLE_COST,NEEDS_WAREHOUSE_BINDING_R3
NH2-SINGLE-MIXED_SAT-R021,dev,3,NH2-SINGLE-MIXED_SAT-R021-Q03-INAD_0,INADMISSIBLE,SAT_FALSE,NH2-SINGLE-MIXED_SAT-R021_inad_0,REJECT_INADMISSIBLE,EXECUTE_ONLY_IF_R3_MEASURES_INADMISSIBLE_COST,NEEDS_WAREHOUSE_BINDING_R3
NH2-SINGLE-MIXED_SAT-R021,dev,11,NH2-SINGLE-MIXED_SAT-R021-Q11-INAD_1,INADMISSIBLE,SAT_FALSE,NH2-SINGLE-MIXED_SAT-R021_inad_1,REJECT_INADMISSIBLE,EXECUTE_ONLY_IF_R3_MEASURES_INADMISSIBLE_COST,NEEDS_WAREHOUSE_BINDING_R3
NH2-SINGLE-MIXED_SAT-R021,dev,21,NH2-SINGLE-MIXED_SAT-R021-Q21-INAD_3,INADMISSIBLE,SAT_FALSE,NH2-SINGLE-MIXED_SAT-R021_inad_3,REJECT_INADMISSIBLE,EXECUTE_ONLY_IF_R3_MEASURES_INADMISSIBLE_COST,NEEDS_WAREHOUSE_BINDING_R3
NH2-SINGLE-MIXED_SAT-R021,dev,24,NH2-SINGLE-MIXED_SAT-R021-Q24-INAD_4,INADMISSIBLE,SAT_FALSE,NH2-SINGLE-MIXED_SAT-R021_inad_4,REJECT_INADMISSIBLE,EXECUTE_ONLY_IF_R3_MEASURES_INADMISSIBLE_COST,NEEDS_WAREHOUSE_BINDING_R3
NH2-SINGLE-MIXED_SAT-R022,dev,7,NH2-SINGLE-MIXED_SAT-R022-Q07-INAD_3,INADMISSIBLE,SAT_FALSE,NH2-SINGLE-MIXED_SAT-R022_inad_3,REJECT_INADMISSIBLE,EXECUTE_ONLY_IF_R3_MEASURES_INADMISSIBLE_COST,NEEDS_WAREHOUSE_BINDING_R3
NH2-SINGLE-MIXED_SAT-R022,dev,9,NH2-SINGLE-MIXED_SAT-R022-Q09-INAD_4,INADMISSIBLE,SAT_FALSE,NH2-SINGLE-MIXED_SAT-R022_inad_4,REJECT_INADMISSIBLE,EXECUTE_ONLY_IF_R3_MEASURES_INADMISSIBLE_COST,NEEDS_WAREHOUSE_BINDING_R3
NH2-SINGLE-MIXED_SAT-R022,dev,12,NH2-SINGLE-MIXED_SAT-R022-Q12-INAD_0,INADMISSIBLE,SAT_FALSE,NH2-SINGLE-MIXED_SAT-R022_inad_0,REJECT_INADMISSIBLE,EXECUTE_ONLY_IF_R3_MEASURES_INADMISSIBLE_COST,NEEDS_WAREHOUSE_BINDING_R3
NH2-SINGLE-MIXED_SAT-R022,dev,18,NH2-SINGLE-MIXED_SAT-R022-Q18-INAD_1,INADMISSIBLE,SAT_FALSE,NH2-SINGLE-MIXED_SAT-R022_inad_1,REJECT_INADMISSIBLE,EXECUTE_ONLY_IF_R3_MEASURES_INADMISSIBLE_COST,NEEDS_WAREHOUSE_BINDING_R3
NH2-SINGLE-MIXED_SAT-R022,dev,19,NH2-SINGLE-MIXED_SAT-R022-Q19-INAD_2,INADMISSIBLE,SAT_FALSE,NH2-SINGLE-MIXED_SAT-R022_inad_2,REJECT_INADMISSIBLE,EXECUTE_ONLY_IF_R3_MEASURES_INADMISSIBLE_COST,NEEDS_WAREHOUSE_BINDING_R3
NH2-SINGLE-MIXED_SAT-R023,dev,3,NH2-SINGLE-MIXED_SAT-R023-Q03-INAD_4,INADMISSIBLE,SAT_FALSE,NH2-SINGLE-MIXED_SAT-R023_inad_4,REJECT_INADMISSIBLE,EXECUTE_ONLY_IF_R3_MEASURES_INADMISSIBLE_COST,NEEDS_WAREHOUSE_BINDING_R3
NH2-SINGLE-MIXED_SAT-R023,dev,11,NH2-SINGLE-MIXED_SAT-R023-Q11-INAD_0,INADMISSIBLE,SAT_FALSE,NH2-SINGLE-MIXED_SAT-R023_inad_0,REJECT_INADMISSIBLE,EXECUTE_ONLY_IF_R3_MEASURES_INADMISSIBLE_COST,NEEDS_WAREHOUSE_BINDING_R3
NH2-SINGLE-MIXED_SAT-R023,dev,13,NH2-SINGLE-MIXED_SAT-R023-Q13-INAD_1,INADMISSIBLE,SAT_FALSE,NH2-SINGLE-MIXED_SAT-R023_inad_1,REJECT_INADMISSIBLE,EXECUTE_ONLY_IF_R3_MEASURES_INADMISSIBLE_COST,NEEDS_WAREHOUSE_BINDING_R3
NH2-SINGLE-MIXED_SAT-R023,dev,15,NH2-SINGLE-MIXED_SAT-R023-Q15-INAD_3,INADMISSIBLE,SAT_FALSE,NH2-SINGLE-MIXED_SAT-R023_inad_3,REJECT_INADMISSIBLE,EXECUTE_ONLY_IF_R3_MEASURES_INADMISSIBLE_COST,NEEDS_WAREHOUSE_BINDING_R3
NH2-SINGLE-MIXED_SAT-R023,dev,17,NH2-SINGLE-MIXED_SAT-R023-Q17-INAD_2,INADMISSIBLE,SAT_FALSE,NH2-SINGLE-MIXED_SAT-R023_inad_2,REJECT_INADMISSIBLE,EXECUTE_ONLY_IF_R3_MEASURES_INADMISSIBLE_COST,NEEDS_WAREHOUSE_BINDING_R3
NH2-SINGLE-MIXED_SAT-R024,dev,2,NH2-SINGLE-MIXED_SAT-R024-Q02-INAD_2,INADMISSIBLE,SAT_FALSE,NH2-SINGLE-MIXED_SAT-R024_inad_2,REJECT_INADMISSIBLE,EXECUTE_ONLY_IF_R3_MEASURES_INADMISSIBLE_COST,NEEDS_WAREHOUSE_BINDING_R3
NH2-SINGLE-MIXED_SAT-R024,dev,5,NH2-SINGLE-MIXED_SAT-R024-Q05-INAD_4,INADMISSIBLE,SAT_FALSE,NH2-SINGLE-MIXED_SAT-R024_inad_4,REJECT_INADMISSIBLE,EXECUTE_ONLY_IF_R3_MEASURES_INADMISSIBLE_COST,NEEDS_WAREHOUSE_BINDING_R3
NH2-SINGLE-MIXED_SAT-R024,dev,7,NH2-SINGLE-MIXED_SAT-R024-Q07-INAD_3,INADMISSIBLE,SAT_FALSE,NH2-SINGLE-MIXED_SAT-R024_inad_3,REJECT_INADMISSIBLE,EXECUTE_ONLY_IF_R3_MEASURES_INADMISSIBLE_COST,NEEDS_WAREHOUSE_BINDING_R3
NH2-SINGLE-MIXED_SAT-R024,dev,8,NH2-SINGLE-MIXED_SAT-R024-Q08-INAD_1,INADMISSIBLE,SAT_FALSE,NH2-SINGLE-MIXED_SAT-R024_inad_1,REJECT_INADMISSIBLE,EXECUTE_ONLY_IF_R3_MEASURES_INADMISSIBLE_COST,NEEDS_WAREHOUSE_BINDING_R3
NH2-SINGLE-MIXED_SAT-R024,dev,21,NH2-SINGLE-MIXED_SAT-R024-Q21-INAD_0,INADMISSIBLE,SAT_FALSE,NH2-SINGLE-MIXED_SAT-R024_inad_0,REJECT_INADMISSIBLE,EXECUTE_ONLY_IF_R3_MEASURES_INADMISSIBLE_COST,NEEDS_WAREHOUSE_BINDING_R3
NH2-SINGLE-MIXED_SAT-R025,dev,2,NH2-SINGLE-MIXED_SAT-R025-Q02-INAD_4,INADMISSIBLE,SAT_FALSE,NH2-SINGLE-MIXED_SAT-R025_inad_4,REJECT_INADMISSIBLE,EXECUTE_ONLY_IF_R3_MEASURES_INADMISSIBLE_COST,NEEDS_WAREHOUSE_BINDING_R3
NH2-SINGLE-MIXED_SAT-R025,dev,8,NH2-SINGLE-MIXED_SAT-R025-Q08-INAD_2,INADMISSIBLE,SAT_FALSE,NH2-SINGLE-MIXED_SAT-R025_inad_2,REJECT_INADMISSIBLE,EXECUTE_ONLY_IF_R3_MEASURES_INADMISSIBLE_COST,NEEDS_WAREHOUSE_BINDING_R3
NH2-SINGLE-MIXED_SAT-R025,dev,9,NH2-SINGLE-MIXED_SAT-R025-Q09-INAD_0,INADMISSIBLE,SAT_FALSE,NH2-SINGLE-MIXED_SAT-R025_inad_0,REJECT_INADMISSIBLE,EXECUTE_ONLY_IF_R3_MEASURES_INADMISSIBLE_COST,NEEDS_WAREHOUSE_BINDING_R3
NH2-SINGLE-MIXED_SAT-R025,dev,11,NH2-SINGLE-MIXED_SAT-R025-Q11-INAD_3,INADMISSIBLE,SAT_FALSE,NH2-SINGLE-MIXED_SAT-R025_inad_3,REJECT_INADMISSIBLE,EXECUTE_ONLY_IF_R3_MEASURES_INADMISSIBLE_COST,NEEDS_WAREHOUSE_BINDING_R3
NH2-SINGLE-MIXED_SAT-R025,dev,19,NH2-SINGLE-MIXED_SAT-R025-Q19-INAD_1,INADMISSIBLE,SAT_FALSE,NH2-SINGLE-MIXED_SAT-R025_inad_1,REJECT_INADMISSIBLE,EXECUTE_ONLY_IF_R3_MEASURES_INADMISSIBLE_COST,NEEDS_WAREHOUSE_BINDING_R3
NH2-SINGLE-MIXED_SAT-R026,dev,7,NH2-SINGLE-MIXED_SAT-R026-Q07-INAD_3,INADMISSIBLE,SAT_FALSE,NH2-SINGLE-MIXED_SAT-R026_inad_3,REJECT_INADMISSIBLE,EXECUTE_ONLY_IF_R3_MEASURES_INADMISSIBLE_COST,NEEDS_WAREHOUSE_BINDING_R3
NH2-SINGLE-MIXED_SAT-R026,dev,8,NH2-SINGLE-MIXED_SAT-R026-Q08-INAD_2,INADMISSIBLE,SAT_FALSE,NH2-SINGLE-MIXED_SAT-R026_inad_2,REJECT_INADMISSIBLE,EXECUTE_ONLY_IF_R3_MEASURES_INADMISSIBLE_COST,NEEDS_WAREHOUSE_BINDING_R3
NH2-SINGLE-MIXED_SAT-R026,dev,11,NH2-SINGLE-MIXED_SAT-R026-Q11-INAD_1,INADMISSIBLE,SAT_FALSE,NH2-SINGLE-MIXED_SAT-R026_inad_1,REJECT_INADMISSIBLE,EXECUTE_ONLY_IF_R3_MEASURES_INADMISSIBLE_COST,NEEDS_WAREHOUSE_BINDING_R3
NH2-SINGLE-MIXED_SAT-R026,dev,19,NH2-SINGLE-MIXED_SAT-R026-Q19-INAD_4,INADMISSIBLE,SAT_FALSE,NH2-SINGLE-MIXED_SAT-R026_inad_4,REJECT_INADMISSIBLE,EXECUTE_ONLY_IF_R3_MEASURES_INADMISSIBLE_COST,NEEDS_WAREHOUSE_BINDING_R3
NH2-SINGLE-MIXED_SAT-R026,dev,22,NH2-SINGLE-MIXED_SAT-R026-Q22-INAD_0,INADMISSIBLE,SAT_FALSE,NH2-SINGLE-MIXED_SAT-R026_inad_0,REJECT_INADMISSIBLE,EXECUTE_ONLY_IF_R3_MEASURES_INADMISSIBLE_COST,NEEDS_WAREHOUSE_BINDING_R3
NH2-SINGLE-MIXED_SAT-R027,dev,7,NH2-SINGLE-MIXED_SAT-R027-Q07-INAD_3,INADMISSIBLE,SAT_FALSE,NH2-SINGLE-MIXED_SAT-R027_inad_3,REJECT_INADMISSIBLE,EXECUTE_ONLY_IF_R3_MEASURES_INADMISSIBLE_COST,NEEDS_WAREHOUSE_BINDING_R3
NH2-SINGLE-MIXED_SAT-R027,dev,12,NH2-SINGLE-MIXED_SAT-R027-Q12-INAD_0,INADMISSIBLE,SAT_FALSE,NH2-SINGLE-MIXED_SAT-R027_inad_0,REJECT_INADMISSIBLE,EXECUTE_ONLY_IF_R3_MEASURES_INADMISSIBLE_COST,NEEDS_WAREHOUSE_BINDING_R3
NH2-SINGLE-MIXED_SAT-R027,dev,13,NH2-SINGLE-MIXED_SAT-R027-Q13-INAD_2,INADMISSIBLE,SAT_FALSE,NH2-SINGLE-MIXED_SAT-R027_inad_2,REJECT_INADMISSIBLE,EXECUTE_ONLY_IF_R3_MEASURES_INADMISSIBLE_COST,NEEDS_WAREHOUSE_BINDING_R3
NH2-SINGLE-MIXED_SAT-R027,dev,15,NH2-SINGLE-MIXED_SAT-R027-Q15-INAD_1,INADMISSIBLE,SAT_FALSE,NH2-SINGLE-MIXED_SAT-R027_inad_1,REJECT_INADMISSIBLE,EXECUTE_ONLY_IF_R3_MEASURES_INADMISSIBLE_COST,NEEDS_WAREHOUSE_BINDING_R3
NH2-SINGLE-MIXED_SAT-R027,dev,20,NH2-SINGLE-MIXED_SAT-R027-Q20-INAD_4,INADMISSIBLE,SAT_FALSE,NH2-SINGLE-MIXED_SAT-R027_inad_4,REJECT_INADMISSIBLE,EXECUTE_ONLY_IF_R3_MEASURES_INADMISSIBLE_COST,NEEDS_WAREHOUSE_BINDING_R3
NH2-SINGLE-MIXED_SAT-R028,dev,6,NH2-SINGLE-MIXED_SAT-R028-Q06-INAD_4,INADMISSIBLE,SAT_FALSE,NH2-SINGLE-MIXED_SAT-R028_inad_4,REJECT_INADMISSIBLE,EXECUTE_ONLY_IF_R3_MEASURES_INADMISSIBLE_COST,NEEDS_WAREHOUSE_BINDING_R3
NH2-SINGLE-MIXED_SAT-R028,dev,10,NH2-SINGLE-MIXED_SAT-R028-Q10-INAD_2,INADMISSIBLE,SAT_FALSE,NH2-SINGLE-MIXED_SAT-R028_inad_2,REJECT_INADMISSIBLE,EXECUTE_ONLY_IF_R3_MEASURES_INADMISSIBLE_COST,NEEDS_WAREHOUSE_BINDING_R3
NH2-SINGLE-MIXED_SAT-R028,dev,11,NH2-SINGLE-MIXED_SAT-R028-Q11-INAD_3,INADMISSIBLE,SAT_FALSE,NH2-SINGLE-MIXED_SAT-R028_inad_3,REJECT_INADMISSIBLE,EXECUTE_ONLY_IF_R3_MEASURES_INADMISSIBLE_COST,NEEDS_WAREHOUSE_BINDING_R3
NH2-SINGLE-MIXED_SAT-R028,dev,15,NH2-SINGLE-MIXED_SAT-R028-Q15-INAD_1,INADMISSIBLE,SAT_FALSE,NH2-SINGLE-MIXED_SAT-R028_inad_1,REJECT_INADMISSIBLE,EXECUTE_ONLY_IF_R3_MEASURES_INADMISSIBLE_COST,NEEDS_WAREHOUSE_BINDING_R3
NH2-SINGLE-MIXED_SAT-R028,dev,17,NH2-SINGLE-MIXED_SAT-R028-Q17-INAD_0,INADMISSIBLE,SAT_FALSE,NH2-SINGLE-MIXED_SAT-R028_inad_0,REJECT_INADMISSIBLE,EXECUTE_ONLY_IF_R3_MEASURES_INADMISSIBLE_COST,NEEDS_WAREHOUSE_BINDING_R3
NH2-SINGLE-MIXED_SAT-R029,dev,6,NH2-SINGLE-MIXED_SAT-R029-Q06-INAD_4,INADMISSIBLE,SAT_FALSE,NH2-SINGLE-MIXED_SAT-R029_inad_4,REJECT_INADMISSIBLE,EXECUTE_ONLY_IF_R3_MEASURES_INADMISSIBLE_COST,NEEDS_WAREHOUSE_BINDING_R3
NH2-SINGLE-MIXED_SAT-R029,dev,19,NH2-SINGLE-MIXED_SAT-R029-Q19-INAD_1,INADMISSIBLE,SAT_FALSE,NH2-SINGLE-MIXED_SAT-R029_inad_1,REJECT_INADMISSIBLE,EXECUTE_ONLY_IF_R3_MEASURES_INADMISSIBLE_COST,NEEDS_WAREHOUSE_BINDING_R3
NH2-SINGLE-MIXED_SAT-R029,dev,20,NH2-SINGLE-MIXED_SAT-R029-Q20-INAD_2,INADMISSIBLE,SAT_FALSE,NH2-SINGLE-MIXED_SAT-R029_inad_2,REJECT_INADMISSIBLE,EXECUTE_ONLY_IF_R3_MEASURES_INADMISSIBLE_COST,NEEDS_WAREHOUSE_BINDING_R3
NH2-SINGLE-MIXED_SAT-R029,dev,22,NH2-SINGLE-MIXED_SAT-R029-Q22-INAD_0,INADMISSIBLE,SAT_FALSE,NH2-SINGLE-MIXED_SAT-R029_inad_0,REJECT_INADMISSIBLE,EXECUTE_ONLY_IF_R3_MEASURES_INADMISSIBLE_COST,NEEDS_WAREHOUSE_BINDING_R3
NH2-SINGLE-MIXED_SAT-R029,dev,23,NH2-SINGLE-MIXED_SAT-R029-Q23-INAD_3,INADMISSIBLE,SAT_FALSE,NH2-SINGLE-MIXED_SAT-R029_inad_3,REJECT_INADMISSIBLE,EXECUTE_ONLY_IF_R3_MEASURES_INADMISSIBLE_COST,NEEDS_WAREHOUSE_BINDING_R3
NH2-SINGLE-MIXED_SAT-R030,dev,4,NH2-SINGLE-MIXED_SAT-R030-Q04-INAD_1,INADMISSIBLE,SAT_FALSE,NH2-SINGLE-MIXED_SAT-R030_inad_1,REJECT_INADMISSIBLE,EXECUTE_ONLY_IF_R3_MEASURES_INADMISSIBLE_COST,NEEDS_WAREHOUSE_BINDING_R3
NH2-SINGLE-MIXED_SAT-R030,dev,5,NH2-SINGLE-MIXED_SAT-R030-Q05-INAD_2,INADMISSIBLE,SAT_FALSE,NH2-SINGLE-MIXED_SAT-R030_inad_2,REJECT_INADMISSIBLE,EXECUTE_ONLY_IF_R3_MEASURES_INADMISSIBLE_COST,NEEDS_WAREHOUSE_BINDING_R3
NH2-SINGLE-MIXED_SAT-R030,dev,14,NH2-SINGLE-MIXED_SAT-R030-Q14-INAD_3,INADMISSIBLE,SAT_FALSE,NH2-SINGLE-MIXED_SAT-R030_inad_3,REJECT_INADMISSIBLE,EXECUTE_ONLY_IF_R3_MEASURES_INADMISSIBLE_COST,NEEDS_WAREHOUSE_BINDING_R3
NH2-SINGLE-MIXED_SAT-R030,dev,21,NH2-SINGLE-MIXED_SAT-R030-Q21-INAD_4,INADMISSIBLE,SAT_FALSE,NH2-SINGLE-MIXED_SAT-R030_inad_4,REJECT_INADMISSIBLE,EXECUTE_ONLY_IF_R3_MEASURES_INADMISSIBLE_COST,NEEDS_WAREHOUSE_BINDING_R3
NH2-SINGLE-MIXED_SAT-R030,dev,23,NH2-SINGLE-MIXED_SAT-R030-Q23-INAD_0,INADMISSIBLE,SAT_FALSE,NH2-SINGLE-MIXED_SAT-R030_inad_0,REJECT_INADMISSIBLE,EXECUTE_ONLY_IF_R3_MEASURES_INADMISSIBLE_COST,NEEDS_WAREHOUSE_BINDING_R3
NH2-SINGLE-MIXED_SAT-R031,val,1,NH2-SINGLE-MIXED_SAT-R031-Q01-INAD_1,INADMISSIBLE,SAT_FALSE,NH2-SINGLE-MIXED_SAT-R031_inad_1,REJECT_INADMISSIBLE,EXECUTE_ONLY_IF_R3_MEASURES_INADMISSIBLE_COST,NEEDS_WAREHOUSE_BINDING_R3
NH2-SINGLE-MIXED_SAT-R031,val,8,NH2-SINGLE-MIXED_SAT-R031-Q08-INAD_4,INADMISSIBLE,SAT_FALSE,NH2-SINGLE-MIXED_SAT-R031_inad_4,REJECT_INADMISSIBLE,EXECUTE_ONLY_IF_R3_MEASURES_INADMISSIBLE_COST,NEEDS_WAREHOUSE_BINDING_R3
NH2-SINGLE-MIXED_SAT-R031,val,15,NH2-SINGLE-MIXED_SAT-R031-Q15-INAD_2,INADMISSIBLE,SAT_FALSE,NH2-SINGLE-MIXED_SAT-R031_inad_2,REJECT_INADMISSIBLE,EXECUTE_ONLY_IF_R3_MEASURES_INADMISSIBLE_COST,NEEDS_WAREHOUSE_BINDING_R3
NH2-SINGLE-MIXED_SAT-R031,val,16,NH2-SINGLE-MIXED_SAT-R031-Q16-INAD_3,INADMISSIBLE,SAT_FALSE,NH2-SINGLE-MIXED_SAT-R031_inad_3,REJECT_INADMISSIBLE,EXECUTE_ONLY_IF_R3_MEASURES_INADMISSIBLE_COST,NEEDS_WAREHOUSE_BINDING_R3
NH2-SINGLE-MIXED_SAT-R031,val,17,NH2-SINGLE-MIXED_SAT-R031-Q17-INAD_0,INADMISSIBLE,SAT_FALSE,NH2-SINGLE-MIXED_SAT-R031_inad_0,REJECT_INADMISSIBLE,EXECUTE_ONLY_IF_R3_MEASURES_INADMISSIBLE_COST,NEEDS_WAREHOUSE_BINDING_R3
NH2-SINGLE-MIXED_SAT-R032,val,6,NH2-SINGLE-MIXED_SAT-R032-Q06-INAD_3,INADMISSIBLE,SAT_FALSE,NH2-SINGLE-MIXED_SAT-R032_inad_3,REJECT_INADMISSIBLE,EXECUTE_ONLY_IF_R3_MEASURES_INADMISSIBLE_COST,NEEDS_WAREHOUSE_BINDING_R3
NH2-SINGLE-MIXED_SAT-R032,val,8,NH2-SINGLE-MIXED_SAT-R032-Q08-INAD_4,INADMISSIBLE,SAT_FALSE,NH2-SINGLE-MIXED_SAT-R032_inad_4,REJECT_INADMISSIBLE,EXECUTE_ONLY_IF_R3_MEASURES_INADMISSIBLE_COST,NEEDS_WAREHOUSE_BINDING_R3
NH2-SINGLE-MIXED_SAT-R032,val,15,NH2-SINGLE-MIXED_SAT-R032-Q15-INAD_2,INADMISSIBLE,SAT_FALSE,NH2-SINGLE-MIXED_SAT-R032_inad_2,REJECT_INADMISSIBLE,EXECUTE_ONLY_IF_R3_MEASURES_INADMISSIBLE_COST,NEEDS_WAREHOUSE_BINDING_R3
NH2-SINGLE-MIXED_SAT-R032,val,20,NH2-SINGLE-MIXED_SAT-R032-Q20-INAD_1,INADMISSIBLE,SAT_FALSE,NH2-SINGLE-MIXED_SAT-R032_inad_1,REJECT_INADMISSIBLE,EXECUTE_ONLY_IF_R3_MEASURES_INADMISSIBLE_COST,NEEDS_WAREHOUSE_BINDING_R3
NH2-SINGLE-MIXED_SAT-R032,val,23,NH2-SINGLE-MIXED_SAT-R032-Q23-INAD_0,INADMISSIBLE,SAT_FALSE,NH2-SINGLE-MIXED_SAT-R032_inad_0,REJECT_INADMISSIBLE,EXECUTE_ONLY_IF_R3_MEASURES_INADMISSIBLE_COST,NEEDS_WAREHOUSE_BINDING_R3
NH2-SINGLE-MIXED_SAT-R033,val,2,NH2-SINGLE-MIXED_SAT-R033-Q02-INAD_3,INADMISSIBLE,SAT_FALSE,NH2-SINGLE-MIXED_SAT-R033_inad_3,REJECT_INADMISSIBLE,EXECUTE_ONLY_IF_R3_MEASURES_INADMISSIBLE_COST,NEEDS_WAREHOUSE_BINDING_R3
NH2-SINGLE-MIXED_SAT-R033,val,5,NH2-SINGLE-MIXED_SAT-R033-Q05-INAD_4,INADMISSIBLE,SAT_FALSE,NH2-SINGLE-MIXED_SAT-R033_inad_4,REJECT_INADMISSIBLE,EXECUTE_ONLY_IF_R3_MEASURES_INADMISSIBLE_COST,NEEDS_WAREHOUSE_BINDING_R3
NH2-SINGLE-MIXED_SAT-R033,val,8,NH2-SINGLE-MIXED_SAT-R033-Q08-INAD_0,INADMISSIBLE,SAT_FALSE,NH2-SINGLE-MIXED_SAT-R033_inad_0,REJECT_INADMISSIBLE,EXECUTE_ONLY_IF_R3_MEASURES_INADMISSIBLE_COST,NEEDS_WAREHOUSE_BINDING_R3
NH2-SINGLE-MIXED_SAT-R033,val,17,NH2-SINGLE-MIXED_SAT-R033-Q17-INAD_2,INADMISSIBLE,SAT_FALSE,NH2-SINGLE-MIXED_SAT-R033_inad_2,REJECT_INADMISSIBLE,EXECUTE_ONLY_IF_R3_MEASURES_INADMISSIBLE_COST,NEEDS_WAREHOUSE_BINDING_R3
NH2-SINGLE-MIXED_SAT-R033,val,20,NH2-SINGLE-MIXED_SAT-R033-Q20-INAD_1,INADMISSIBLE,SAT_FALSE,NH2-SINGLE-MIXED_SAT-R033_inad_1,REJECT_INADMISSIBLE,EXECUTE_ONLY_IF_R3_MEASURES_INADMISSIBLE_COST,NEEDS_WAREHOUSE_BINDING_R3
NH2-SINGLE-MIXED_SAT-R034,val,6,NH2-SINGLE-MIXED_SAT-R034-Q06-INAD_3,INADMISSIBLE,SAT_FALSE,NH2-SINGLE-MIXED_SAT-R034_inad_3,REJECT_INADMISSIBLE,EXECUTE_ONLY_IF_R3_MEASURES_INADMISSIBLE_COST,NEEDS_WAREHOUSE_BINDING_R3
NH2-SINGLE-MIXED_SAT-R034,val,12,NH2-SINGLE-MIXED_SAT-R034-Q12-INAD_0,INADMISSIBLE,SAT_FALSE,NH2-SINGLE-MIXED_SAT-R034_inad_0,REJECT_INADMISSIBLE,EXECUTE_ONLY_IF_R3_MEASURES_INADMISSIBLE_COST,NEEDS_WAREHOUSE_BINDING_R3
NH2-SINGLE-MIXED_SAT-R034,val,13,NH2-SINGLE-MIXED_SAT-R034-Q13-INAD_4,INADMISSIBLE,SAT_FALSE,NH2-SINGLE-MIXED_SAT-R034_inad_4,REJECT_INADMISSIBLE,EXECUTE_ONLY_IF_R3_MEASURES_INADMISSIBLE_COST,NEEDS_WAREHOUSE_BINDING_R3
NH2-SINGLE-MIXED_SAT-R034,val,20,NH2-SINGLE-MIXED_SAT-R034-Q20-INAD_2,INADMISSIBLE,SAT_FALSE,NH2-SINGLE-MIXED_SAT-R034_inad_2,REJECT_INADMISSIBLE,EXECUTE_ONLY_IF_R3_MEASURES_INADMISSIBLE_COST,NEEDS_WAREHOUSE_BINDING_R3
NH2-SINGLE-MIXED_SAT-R034,val,23,NH2-SINGLE-MIXED_SAT-R034-Q23-INAD_1,INADMISSIBLE,SAT_FALSE,NH2-SINGLE-MIXED_SAT-R034_inad_1,REJECT_INADMISSIBLE,EXECUTE_ONLY_IF_R3_MEASURES_INADMISSIBLE_COST,NEEDS_WAREHOUSE_BINDING_R3
NH2-SINGLE-MIXED_SAT-R035,val,6,NH2-SINGLE-MIXED_SAT-R035-Q06-INAD_1,INADMISSIBLE,SAT_FALSE,NH2-SINGLE-MIXED_SAT-R035_inad_1,REJECT_INADMISSIBLE,EXECUTE_ONLY_IF_R3_MEASURES_INADMISSIBLE_COST,NEEDS_WAREHOUSE_BINDING_R3
NH2-SINGLE-MIXED_SAT-R035,val,13,NH2-SINGLE-MIXED_SAT-R035-Q13-INAD_2,INADMISSIBLE,SAT_FALSE,NH2-SINGLE-MIXED_SAT-R035_inad_2,REJECT_INADMISSIBLE,EXECUTE_ONLY_IF_R3_MEASURES_INADMISSIBLE_COST,NEEDS_WAREHOUSE_BINDING_R3
NH2-SINGLE-MIXED_SAT-R035,val,16,NH2-SINGLE-MIXED_SAT-R035-Q16-INAD_0,INADMISSIBLE,SAT_FALSE,NH2-SINGLE-MIXED_SAT-R035_inad_0,REJECT_INADMISSIBLE,EXECUTE_ONLY_IF_R3_MEASURES_INADMISSIBLE_COST,NEEDS_WAREHOUSE_BINDING_R3
NH2-SINGLE-MIXED_SAT-R035,val,17,NH2-SINGLE-MIXED_SAT-R035-Q17-INAD_3,INADMISSIBLE,SAT_FALSE,NH2-SINGLE-MIXED_SAT-R035_inad_3,REJECT_INADMISSIBLE,EXECUTE_ONLY_IF_R3_MEASURES_INADMISSIBLE_COST,NEEDS_WAREHOUSE_BINDING_R3
NH2-SINGLE-MIXED_SAT-R035,val,24,NH2-SINGLE-MIXED_SAT-R035-Q24-INAD_4,INADMISSIBLE,SAT_FALSE,NH2-SINGLE-MIXED_SAT-R035_inad_4,REJECT_INADMISSIBLE,EXECUTE_ONLY_IF_R3_MEASURES_INADMISSIBLE_COST,NEEDS_WAREHOUSE_BINDING_R3
NH2-SINGLE-MIXED_SAT-R036,val,4,NH2-SINGLE-MIXED_SAT-R036-Q04-INAD_1,INADMISSIBLE,SAT_FALSE,NH2-SINGLE-MIXED_SAT-R036_inad_1,REJECT_INADMISSIBLE,EXECUTE_ONLY_IF_R3_MEASURES_INADMISSIBLE_COST,NEEDS_WAREHOUSE_BINDING_R3
NH2-SINGLE-MIXED_SAT-R036,val,6,NH2-SINGLE-MIXED_SAT-R036-Q06-INAD_4,INADMISSIBLE,SAT_FALSE,NH2-SINGLE-MIXED_SAT-R036_inad_4,REJECT_INADMISSIBLE,EXECUTE_ONLY_IF_R3_MEASURES_INADMISSIBLE_COST,NEEDS_WAREHOUSE_BINDING_R3
NH2-SINGLE-MIXED_SAT-R036,val,10,NH2-SINGLE-MIXED_SAT-R036-Q10-INAD_3,INADMISSIBLE,SAT_FALSE,NH2-SINGLE-MIXED_SAT-R036_inad_3,REJECT_INADMISSIBLE,EXECUTE_ONLY_IF_R3_MEASURES_INADMISSIBLE_COST,NEEDS_WAREHOUSE_BINDING_R3
NH2-SINGLE-MIXED_SAT-R036,val,11,NH2-SINGLE-MIXED_SAT-R036-Q11-INAD_0,INADMISSIBLE,SAT_FALSE,NH2-SINGLE-MIXED_SAT-R036_inad_0,REJECT_INADMISSIBLE,EXECUTE_ONLY_IF_R3_MEASURES_INADMISSIBLE_COST,NEEDS_WAREHOUSE_BINDING_R3
NH2-SINGLE-MIXED_SAT-R036,val,16,NH2-SINGLE-MIXED_SAT-R036-Q16-INAD_2,INADMISSIBLE,SAT_FALSE,NH2-SINGLE-MIXED_SAT-R036_inad_2,REJECT_INADMISSIBLE,EXECUTE_ONLY_IF_R3_MEASURES_INADMISSIBLE_COST,NEEDS_WAREHOUSE_BINDING_R3
NH2-SINGLE-MIXED_SAT-R037,val,3,NH2-SINGLE-MIXED_SAT-R037-Q03-INAD_2,INADMISSIBLE,SAT_FALSE,NH2-SINGLE-MIXED_SAT-R037_inad_2,REJECT_INADMISSIBLE,EXECUTE_ONLY_IF_R3_MEASURES_INADMISSIBLE_COST,NEEDS_WAREHOUSE_BINDING_R3
NH2-SINGLE-MIXED_SAT-R037,val,7,NH2-SINGLE-MIXED_SAT-R037-Q07-INAD_0,INADMISSIBLE,SAT_FALSE,NH2-SINGLE-MIXED_SAT-R037_inad_0,REJECT_INADMISSIBLE,EXECUTE_ONLY_IF_R3_MEASURES_INADMISSIBLE_COST,NEEDS_WAREHOUSE_BINDING_R3
NH2-SINGLE-MIXED_SAT-R037,val,9,NH2-SINGLE-MIXED_SAT-R037-Q09-INAD_4,INADMISSIBLE,SAT_FALSE,NH2-SINGLE-MIXED_SAT-R037_inad_4,REJECT_INADMISSIBLE,EXECUTE_ONLY_IF_R3_MEASURES_INADMISSIBLE_COST,NEEDS_WAREHOUSE_BINDING_R3
NH2-SINGLE-MIXED_SAT-R037,val,14,NH2-SINGLE-MIXED_SAT-R037-Q14-INAD_3,INADMISSIBLE,SAT_FALSE,NH2-SINGLE-MIXED_SAT-R037_inad_3,REJECT_INADMISSIBLE,EXECUTE_ONLY_IF_R3_MEASURES_INADMISSIBLE_COST,NEEDS_WAREHOUSE_BINDING_R3
NH2-SINGLE-MIXED_SAT-R037,val,20,NH2-SINGLE-MIXED_SAT-R037-Q20-INAD_1,INADMISSIBLE,SAT_FALSE,NH2-SINGLE-MIXED_SAT-R037_inad_1,REJECT_INADMISSIBLE,EXECUTE_ONLY_IF_R3_MEASURES_INADMISSIBLE_COST,NEEDS_WAREHOUSE_BINDING_R3
NH2-SINGLE-MIXED_SAT-R038,val,4,NH2-SINGLE-MIXED_SAT-R038-Q04-INAD_1,INADMISSIBLE,SAT_FALSE,NH2-SINGLE-MIXED_SAT-R038_inad_1,REJECT_INADMISSIBLE,EXECUTE_ONLY_IF_R3_MEASURES_INADMISSIBLE_COST,NEEDS_WAREHOUSE_BINDING_R3
NH2-SINGLE-MIXED_SAT-R038,val,5,NH2-SINGLE-MIXED_SAT-R038-Q05-INAD_3,INADMISSIBLE,SAT_FALSE,NH2-SINGLE-MIXED_SAT-R038_inad_3,REJECT_INADMISSIBLE,EXECUTE_ONLY_IF_R3_MEASURES_INADMISSIBLE_COST,NEEDS_WAREHOUSE_BINDING_R3
NH2-SINGLE-MIXED_SAT-R038,val,14,NH2-SINGLE-MIXED_SAT-R038-Q14-INAD_2,INADMISSIBLE,SAT_FALSE,NH2-SINGLE-MIXED_SAT-R038_inad_2,REJECT_INADMISSIBLE,EXECUTE_ONLY_IF_R3_MEASURES_INADMISSIBLE_COST,NEEDS_WAREHOUSE_BINDING_R3
NH2-SINGLE-MIXED_SAT-R038,val,16,NH2-SINGLE-MIXED_SAT-R038-Q16-INAD_0,INADMISSIBLE,SAT_FALSE,NH2-SINGLE-MIXED_SAT-R038_inad_0,REJECT_INADMISSIBLE,EXECUTE_ONLY_IF_R3_MEASURES_INADMISSIBLE_COST,NEEDS_WAREHOUSE_BINDING_R3
NH2-SINGLE-MIXED_SAT-R038,val,24,NH2-SINGLE-MIXED_SAT-R038-Q24-INAD_4,INADMISSIBLE,SAT_FALSE,NH2-SINGLE-MIXED_SAT-R038_inad_4,REJECT_INADMISSIBLE,EXECUTE_ONLY_IF_R3_MEASURES_INADMISSIBLE_COST,NEEDS_WAREHOUSE_BINDING_R3
NH2-SINGLE-MIXED_SAT-R039,val,1,NH2-SINGLE-MIXED_SAT-R039-Q01-INAD_0,INADMISSIBLE,SAT_FALSE,NH2-SINGLE-MIXED_SAT-R039_inad_0,REJECT_INADMISSIBLE,EXECUTE_ONLY_IF_R3_MEASURES_INADMISSIBLE_COST,NEEDS_WAREHOUSE_BINDING_R3
NH2-SINGLE-MIXED_SAT-R039,val,4,NH2-SINGLE-MIXED_SAT-R039-Q04-INAD_1,INADMISSIBLE,SAT_FALSE,NH2-SINGLE-MIXED_SAT-R039_inad_1,REJECT_INADMISSIBLE,EXECUTE_ONLY_IF_R3_MEASURES_INADMISSIBLE_COST,NEEDS_WAREHOUSE_BINDING_R3
NH2-SINGLE-MIXED_SAT-R039,val,9,NH2-SINGLE-MIXED_SAT-R039-Q09-INAD_3,INADMISSIBLE,SAT_FALSE,NH2-SINGLE-MIXED_SAT-R039_inad_3,REJECT_INADMISSIBLE,EXECUTE_ONLY_IF_R3_MEASURES_INADMISSIBLE_COST,NEEDS_WAREHOUSE_BINDING_R3
NH2-SINGLE-MIXED_SAT-R039,val,13,NH2-SINGLE-MIXED_SAT-R039-Q13-INAD_4,INADMISSIBLE,SAT_FALSE,NH2-SINGLE-MIXED_SAT-R039_inad_4,REJECT_INADMISSIBLE,EXECUTE_ONLY_IF_R3_MEASURES_INADMISSIBLE_COST,NEEDS_WAREHOUSE_BINDING_R3
NH2-SINGLE-MIXED_SAT-R039,val,19,NH2-SINGLE-MIXED_SAT-R039-Q19-INAD_2,INADMISSIBLE,SAT_FALSE,NH2-SINGLE-MIXED_SAT-R039_inad_2,REJECT_INADMISSIBLE,EXECUTE_ONLY_IF_R3_MEASURES_INADMISSIBLE_COST,NEEDS_WAREHOUSE_BINDING_R3
NH2-SINGLE-MIXED_SAT-R040,val,4,NH2-SINGLE-MIXED_SAT-R040-Q04-INAD_1,INADMISSIBLE,SAT_FALSE,NH2-SINGLE-MIXED_SAT-R040_inad_1,REJECT_INADMISSIBLE,EXECUTE_ONLY_IF_R3_MEASURES_INADMISSIBLE_COST,NEEDS_WAREHOUSE_BINDING_R3
NH2-SINGLE-MIXED_SAT-R040,val,5,NH2-SINGLE-MIXED_SAT-R040-Q05-INAD_4,INADMISSIBLE,SAT_FALSE,NH2-SINGLE-MIXED_SAT-R040_inad_4,REJECT_INADMISSIBLE,EXECUTE_ONLY_IF_R3_MEASURES_INADMISSIBLE_COST,NEEDS_WAREHOUSE_BINDING_R3
NH2-SINGLE-MIXED_SAT-R040,val,7,NH2-SINGLE-MIXED_SAT-R040-Q07-INAD_2,INADMISSIBLE,SAT_FALSE,NH2-SINGLE-MIXED_SAT-R040_inad_2,REJECT_INADMISSIBLE,EXECUTE_ONLY_IF_R3_MEASURES_INADMISSIBLE_COST,NEEDS_WAREHOUSE_BINDING_R3
NH2-SINGLE-MIXED_SAT-R040,val,22,NH2-SINGLE-MIXED_SAT-R040-Q22-INAD_0,INADMISSIBLE,SAT_FALSE,NH2-SINGLE-MIXED_SAT-R040_inad_0,REJECT_INADMISSIBLE,EXECUTE_ONLY_IF_R3_MEASURES_INADMISSIBLE_COST,NEEDS_WAREHOUSE_BINDING_R3
NH2-SINGLE-MIXED_SAT-R040,val,24,NH2-SINGLE-MIXED_SAT-R040-Q24-INAD_3,INADMISSIBLE,SAT_FALSE,NH2-SINGLE-MIXED_SAT-R040_inad_3,REJECT_INADMISSIBLE,EXECUTE_ONLY_IF_R3_MEASURES_INADMISSIBLE_COST,NEEDS_WAREHOUSE_BINDING_R3
NH2-SINGLE-MIXED_SAT-R041,val,1,NH2-SINGLE-MIXED_SAT-R041-Q01-INAD_1,INADMISSIBLE,SAT_FALSE,NH2-SINGLE-MIXED_SAT-R041_inad_1,REJECT_INADMISSIBLE,EXECUTE_ONLY_IF_R3_MEASURES_INADMISSIBLE_COST,NEEDS_WAREHOUSE_BINDING_R3
NH2-SINGLE-MIXED_SAT-R041,val,15,NH2-SINGLE-MIXED_SAT-R041-Q15-INAD_3,INADMISSIBLE,SAT_FALSE,NH2-SINGLE-MIXED_SAT-R041_inad_3,REJECT_INADMISSIBLE,EXECUTE_ONLY_IF_R3_MEASURES_INADMISSIBLE_COST,NEEDS_WAREHOUSE_BINDING_R3
NH2-SINGLE-MIXED_SAT-R041,val,19,NH2-SINGLE-MIXED_SAT-R041-Q19-INAD_2,INADMISSIBLE,SAT_FALSE,NH2-SINGLE-MIXED_SAT-R041_inad_2,REJECT_INADMISSIBLE,EXECUTE_ONLY_IF_R3_MEASURES_INADMISSIBLE_COST,NEEDS_WAREHOUSE_BINDING_R3
NH2-SINGLE-MIXED_SAT-R041,val,22,NH2-SINGLE-MIXED_SAT-R041-Q22-INAD_0,INADMISSIBLE,SAT_FALSE,NH2-SINGLE-MIXED_SAT-R041_inad_0,REJECT_INADMISSIBLE,EXECUTE_ONLY_IF_R3_MEASURES_INADMISSIBLE_COST,NEEDS_WAREHOUSE_BINDING_R3
NH2-SINGLE-MIXED_SAT-R041,val,24,NH2-SINGLE-MIXED_SAT-R041-Q24-INAD_4,INADMISSIBLE,SAT_FALSE,NH2-SINGLE-MIXED_SAT-R041_inad_4,REJECT_INADMISSIBLE,EXECUTE_ONLY_IF_R3_MEASURES_INADMISSIBLE_COST,NEEDS_WAREHOUSE_BINDING_R3
NH2-SINGLE-MIXED_SAT-R042,val,2,NH2-SINGLE-MIXED_SAT-R042-Q02-INAD_4,INADMISSIBLE,SAT_FALSE,NH2-SINGLE-MIXED_SAT-R042_inad_4,REJECT_INADMISSIBLE,EXECUTE_ONLY_IF_R3_MEASURES_INADMISSIBLE_COST,NEEDS_WAREHOUSE_BINDING_R3
NH2-SINGLE-MIXED_SAT-R042,val,5,NH2-SINGLE-MIXED_SAT-R042-Q05-INAD_1,INADMISSIBLE,SAT_FALSE,NH2-SINGLE-MIXED_SAT-R042_inad_1,REJECT_INADMISSIBLE,EXECUTE_ONLY_IF_R3_MEASURES_INADMISSIBLE_COST,NEEDS_WAREHOUSE_BINDING_R3
NH2-SINGLE-MIXED_SAT-R042,val,10,NH2-SINGLE-MIXED_SAT-R042-Q10-INAD_3,INADMISSIBLE,SAT_FALSE,NH2-SINGLE-MIXED_SAT-R042_inad_3,REJECT_INADMISSIBLE,EXECUTE_ONLY_IF_R3_MEASURES_INADMISSIBLE_COST,NEEDS_WAREHOUSE_BINDING_R3
NH2-SINGLE-MIXED_SAT-R042,val,12,NH2-SINGLE-MIXED_SAT-R042-Q12-INAD_2,INADMISSIBLE,SAT_FALSE,NH2-SINGLE-MIXED_SAT-R042_inad_2,REJECT_INADMISSIBLE,EXECUTE_ONLY_IF_R3_MEASURES_INADMISSIBLE_COST,NEEDS_WAREHOUSE_BINDING_R3
NH2-SINGLE-MIXED_SAT-R042,val,16,NH2-SINGLE-MIXED_SAT-R042-Q16-INAD_0,INADMISSIBLE,SAT_FALSE,NH2-SINGLE-MIXED_SAT-R042_inad_0,REJECT_INADMISSIBLE,EXECUTE_ONLY_IF_R3_MEASURES_INADMISSIBLE_COST,NEEDS_WAREHOUSE_BINDING_R3
NH2-SINGLE-MIXED_SAT-R043,val,3,NH2-SINGLE-MIXED_SAT-R043-Q03-INAD_1,INADMISSIBLE,SAT_FALSE,NH2-SINGLE-MIXED_SAT-R043_inad_1,REJECT_INADMISSIBLE,EXECUTE_ONLY_IF_R3_MEASURES_INADMISSIBLE_COST,NEEDS_WAREHOUSE_BINDING_R3
NH2-SINGLE-MIXED_SAT-R043,val,4,NH2-SINGLE-MIXED_SAT-R043-Q04-INAD_4,INADMISSIBLE,SAT_FALSE,NH2-SINGLE-MIXED_SAT-R043_inad_4,REJECT_INADMISSIBLE,EXECUTE_ONLY_IF_R3_MEASURES_INADMISSIBLE_COST,NEEDS_WAREHOUSE_BINDING_R3
NH2-SINGLE-MIXED_SAT-R043,val,5,NH2-SINGLE-MIXED_SAT-R043-Q05-INAD_0,INADMISSIBLE,SAT_FALSE,NH2-SINGLE-MIXED_SAT-R043_inad_0,REJECT_INADMISSIBLE,EXECUTE_ONLY_IF_R3_MEASURES_INADMISSIBLE_COST,NEEDS_WAREHOUSE_BINDING_R3
NH2-SINGLE-MIXED_SAT-R043,val,9,NH2-SINGLE-MIXED_SAT-R043-Q09-INAD_2,INADMISSIBLE,SAT_FALSE,NH2-SINGLE-MIXED_SAT-R043_inad_2,REJECT_INADMISSIBLE,EXECUTE_ONLY_IF_R3_MEASURES_INADMISSIBLE_COST,NEEDS_WAREHOUSE_BINDING_R3
NH2-SINGLE-MIXED_SAT-R043,val,14,NH2-SINGLE-MIXED_SAT-R043-Q14-INAD_3,INADMISSIBLE,SAT_FALSE,NH2-SINGLE-MIXED_SAT-R043_inad_3,REJECT_INADMISSIBLE,EXECUTE_ONLY_IF_R3_MEASURES_INADMISSIBLE_COST,NEEDS_WAREHOUSE_BINDING_R3
NH2-SINGLE-MIXED_SAT-R044,val,4,NH2-SINGLE-MIXED_SAT-R044-Q04-INAD_3,INADMISSIBLE,SAT_FALSE,NH2-SINGLE-MIXED_SAT-R044_inad_3,REJECT_INADMISSIBLE,EXECUTE_ONLY_IF_R3_MEASURES_INADMISSIBLE_COST,NEEDS_WAREHOUSE_BINDING_R3
NH2-SINGLE-MIXED_SAT-R044,val,10,NH2-SINGLE-MIXED_SAT-R044-Q10-INAD_4,INADMISSIBLE,SAT_FALSE,NH2-SINGLE-MIXED_SAT-R044_inad_4,REJECT_INADMISSIBLE,EXECUTE_ONLY_IF_R3_MEASURES_INADMISSIBLE_COST,NEEDS_WAREHOUSE_BINDING_R3
NH2-SINGLE-MIXED_SAT-R044,val,13,NH2-SINGLE-MIXED_SAT-R044-Q13-INAD_2,INADMISSIBLE,SAT_FALSE,NH2-SINGLE-MIXED_SAT-R044_inad_2,REJECT_INADMISSIBLE,EXECUTE_ONLY_IF_R3_MEASURES_INADMISSIBLE_COST,NEEDS_WAREHOUSE_BINDING_R3
NH2-SINGLE-MIXED_SAT-R044,val,15,NH2-SINGLE-MIXED_SAT-R044-Q15-INAD_0,INADMISSIBLE,SAT_FALSE,NH2-SINGLE-MIXED_SAT-R044_inad_0,REJECT_INADMISSIBLE,EXECUTE_ONLY_IF_R3_MEASURES_INADMISSIBLE_COST,NEEDS_WAREHOUSE_BINDING_R3
NH2-SINGLE-MIXED_SAT-R044,val,24,NH2-SINGLE-MIXED_SAT-R044-Q24-INAD_1,INADMISSIBLE,SAT_FALSE,NH2-SINGLE-MIXED_SAT-R044_inad_1,REJECT_INADMISSIBLE,EXECUTE_ONLY_IF_R3_MEASURES_INADMISSIBLE_COST,NEEDS_WAREHOUSE_BINDING_R3
NH2-SINGLE-MIXED_SAT-R045,val,2,NH2-SINGLE-MIXED_SAT-R045-Q02-INAD_2,INADMISSIBLE,SAT_FALSE,NH2-SINGLE-MIXED_SAT-R045_inad_2,REJECT_INADMISSIBLE,EXECUTE_ONLY_IF_R3_MEASURES_INADMISSIBLE_COST,NEEDS_WAREHOUSE_BINDING_R3
NH2-SINGLE-MIXED_SAT-R045,val,8,NH2-SINGLE-MIXED_SAT-R045-Q08-INAD_1,INADMISSIBLE,SAT_FALSE,NH2-SINGLE-MIXED_SAT-R045_inad_1,REJECT_INADMISSIBLE,EXECUTE_ONLY_IF_R3_MEASURES_INADMISSIBLE_COST,NEEDS_WAREHOUSE_BINDING_R3
NH2-SINGLE-MIXED_SAT-R045,val,9,NH2-SINGLE-MIXED_SAT-R045-Q09-INAD_0,INADMISSIBLE,SAT_FALSE,NH2-SINGLE-MIXED_SAT-R045_inad_0,REJECT_INADMISSIBLE,EXECUTE_ONLY_IF_R3_MEASURES_INADMISSIBLE_COST,NEEDS_WAREHOUSE_BINDING_R3
NH2-SINGLE-MIXED_SAT-R045,val,13,NH2-SINGLE-MIXED_SAT-R045-Q13-INAD_3,INADMISSIBLE,SAT_FALSE,NH2-SINGLE-MIXED_SAT-R045_inad_3,REJECT_INADMISSIBLE,EXECUTE_ONLY_IF_R3_MEASURES_INADMISSIBLE_COST,NEEDS_WAREHOUSE_BINDING_R3
NH2-SINGLE-MIXED_SAT-R045,val,22,NH2-SINGLE-MIXED_SAT-R045-Q22-INAD_4,INADMISSIBLE,SAT_FALSE,NH2-SINGLE-MIXED_SAT-R045_inad_4,REJECT_INADMISSIBLE,EXECUTE_ONLY_IF_R3_MEASURES_INADMISSIBLE_COST,NEEDS_WAREHOUSE_BINDING_R3
NH2-SINGLE-MIXED_SAT-R046,test,8,NH2-SINGLE-MIXED_SAT-R046-Q08-INAD_3,INADMISSIBLE,SAT_FALSE,NH2-SINGLE-MIXED_SAT-R046_inad_3,REJECT_INADMISSIBLE,EXECUTE_ONLY_IF_R3_MEASURES_INADMISSIBLE_COST,NEEDS_WAREHOUSE_BINDING_R3
NH2-SINGLE-MIXED_SAT-R046,test,9,NH2-SINGLE-MIXED_SAT-R046-Q09-INAD_2,INADMISSIBLE,SAT_FALSE,NH2-SINGLE-MIXED_SAT-R046_inad_2,REJECT_INADMISSIBLE,EXECUTE_ONLY_IF_R3_MEASURES_INADMISSIBLE_COST,NEEDS_WAREHOUSE_BINDING_R3
NH2-SINGLE-MIXED_SAT-R046,test,12,NH2-SINGLE-MIXED_SAT-R046-Q12-INAD_0,INADMISSIBLE,SAT_FALSE,NH2-SINGLE-MIXED_SAT-R046_inad_0,REJECT_INADMISSIBLE,EXECUTE_ONLY_IF_R3_MEASURES_INADMISSIBLE_COST,NEEDS_WAREHOUSE_BINDING_R3
NH2-SINGLE-MIXED_SAT-R046,test,15,NH2-SINGLE-MIXED_SAT-R046-Q15-INAD_1,INADMISSIBLE,SAT_FALSE,NH2-SINGLE-MIXED_SAT-R046_inad_1,REJECT_INADMISSIBLE,EXECUTE_ONLY_IF_R3_MEASURES_INADMISSIBLE_COST,NEEDS_WAREHOUSE_BINDING_R3
NH2-SINGLE-MIXED_SAT-R046,test,17,NH2-SINGLE-MIXED_SAT-R046-Q17-INAD_4,INADMISSIBLE,SAT_FALSE,NH2-SINGLE-MIXED_SAT-R046_inad_4,REJECT_INADMISSIBLE,EXECUTE_ONLY_IF_R3_MEASURES_INADMISSIBLE_COST,NEEDS_WAREHOUSE_BINDING_R3
NH2-SINGLE-MIXED_SAT-R047,test,5,NH2-SINGLE-MIXED_SAT-R047-Q05-INAD_4,INADMISSIBLE,SAT_FALSE,NH2-SINGLE-MIXED_SAT-R047_inad_4,REJECT_INADMISSIBLE,EXECUTE_ONLY_IF_R3_MEASURES_INADMISSIBLE_COST,NEEDS_WAREHOUSE_BINDING_R3
NH2-SINGLE-MIXED_SAT-R047,test,11,NH2-SINGLE-MIXED_SAT-R047-Q11-INAD_0,INADMISSIBLE,SAT_FALSE,NH2-SINGLE-MIXED_SAT-R047_inad_0,REJECT_INADMISSIBLE,EXECUTE_ONLY_IF_R3_MEASURES_INADMISSIBLE_COST,NEEDS_WAREHOUSE_BINDING_R3
NH2-SINGLE-MIXED_SAT-R047,test,13,NH2-SINGLE-MIXED_SAT-R047-Q13-INAD_2,INADMISSIBLE,SAT_FALSE,NH2-SINGLE-MIXED_SAT-R047_inad_2,REJECT_INADMISSIBLE,EXECUTE_ONLY_IF_R3_MEASURES_INADMISSIBLE_COST,NEEDS_WAREHOUSE_BINDING_R3
NH2-SINGLE-MIXED_SAT-R047,test,16,NH2-SINGLE-MIXED_SAT-R047-Q16-INAD_3,INADMISSIBLE,SAT_FALSE,NH2-SINGLE-MIXED_SAT-R047_inad_3,REJECT_INADMISSIBLE,EXECUTE_ONLY_IF_R3_MEASURES_INADMISSIBLE_COST,NEEDS_WAREHOUSE_BINDING_R3
NH2-SINGLE-MIXED_SAT-R047,test,23,NH2-SINGLE-MIXED_SAT-R047-Q23-INAD_1,INADMISSIBLE,SAT_FALSE,NH2-SINGLE-MIXED_SAT-R047_inad_1,REJECT_INADMISSIBLE,EXECUTE_ONLY_IF_R3_MEASURES_INADMISSIBLE_COST,NEEDS_WAREHOUSE_BINDING_R3
NH2-SINGLE-MIXED_SAT-R048,test,5,NH2-SINGLE-MIXED_SAT-R048-Q05-INAD_4,INADMISSIBLE,SAT_FALSE,NH2-SINGLE-MIXED_SAT-R048_inad_4,REJECT_INADMISSIBLE,EXECUTE_ONLY_IF_R3_MEASURES_INADMISSIBLE_COST,NEEDS_WAREHOUSE_BINDING_R3
NH2-SINGLE-MIXED_SAT-R048,test,9,NH2-SINGLE-MIXED_SAT-R048-Q09-INAD_2,INADMISSIBLE,SAT_FALSE,NH2-SINGLE-MIXED_SAT-R048_inad_2,REJECT_INADMISSIBLE,EXECUTE_ONLY_IF_R3_MEASURES_INADMISSIBLE_COST,NEEDS_WAREHOUSE_BINDING_R3
NH2-SINGLE-MIXED_SAT-R048,test,16,NH2-SINGLE-MIXED_SAT-R048-Q16-INAD_1,INADMISSIBLE,SAT_FALSE,NH2-SINGLE-MIXED_SAT-R048_inad_1,REJECT_INADMISSIBLE,EXECUTE_ONLY_IF_R3_MEASURES_INADMISSIBLE_COST,NEEDS_WAREHOUSE_BINDING_R3
NH2-SINGLE-MIXED_SAT-R048,test,18,NH2-SINGLE-MIXED_SAT-R048-Q18-INAD_3,INADMISSIBLE,SAT_FALSE,NH2-SINGLE-MIXED_SAT-R048_inad_3,REJECT_INADMISSIBLE,EXECUTE_ONLY_IF_R3_MEASURES_INADMISSIBLE_COST,NEEDS_WAREHOUSE_BINDING_R3
NH2-SINGLE-MIXED_SAT-R048,test,22,NH2-SINGLE-MIXED_SAT-R048-Q22-INAD_0,INADMISSIBLE,SAT_FALSE,NH2-SINGLE-MIXED_SAT-R048_inad_0,REJECT_INADMISSIBLE,EXECUTE_ONLY_IF_R3_MEASURES_INADMISSIBLE_COST,NEEDS_WAREHOUSE_BINDING_R3
NH2-SINGLE-MIXED_SAT-R049,test,5,NH2-SINGLE-MIXED_SAT-R049-Q05-INAD_2,INADMISSIBLE,SAT_FALSE,NH2-SINGLE-MIXED_SAT-R049_inad_2,REJECT_INADMISSIBLE,EXECUTE_ONLY_IF_R3_MEASURES_INADMISSIBLE_COST,NEEDS_WAREHOUSE_BINDING_R3
NH2-SINGLE-MIXED_SAT-R049,test,8,NH2-SINGLE-MIXED_SAT-R049-Q08-INAD_4,INADMISSIBLE,SAT_FALSE,NH2-SINGLE-MIXED_SAT-R049_inad_4,REJECT_INADMISSIBLE,EXECUTE_ONLY_IF_R3_MEASURES_INADMISSIBLE_COST,NEEDS_WAREHOUSE_BINDING_R3
NH2-SINGLE-MIXED_SAT-R049,test,15,NH2-SINGLE-MIXED_SAT-R049-Q15-INAD_0,INADMISSIBLE,SAT_FALSE,NH2-SINGLE-MIXED_SAT-R049_inad_0,REJECT_INADMISSIBLE,EXECUTE_ONLY_IF_R3_MEASURES_INADMISSIBLE_COST,NEEDS_WAREHOUSE_BINDING_R3
NH2-SINGLE-MIXED_SAT-R049,test,17,NH2-SINGLE-MIXED_SAT-R049-Q17-INAD_1,INADMISSIBLE,SAT_FALSE,NH2-SINGLE-MIXED_SAT-R049_inad_1,REJECT_INADMISSIBLE,EXECUTE_ONLY_IF_R3_MEASURES_INADMISSIBLE_COST,NEEDS_WAREHOUSE_BINDING_R3
NH2-SINGLE-MIXED_SAT-R049,test,21,NH2-SINGLE-MIXED_SAT-R049-Q21-INAD_3,INADMISSIBLE,SAT_FALSE,NH2-SINGLE-MIXED_SAT-R049_inad_3,REJECT_INADMISSIBLE,EXECUTE_ONLY_IF_R3_MEASURES_INADMISSIBLE_COST,NEEDS_WAREHOUSE_BINDING_R3
NH2-SINGLE-MIXED_SAT-R050,test,1,NH2-SINGLE-MIXED_SAT-R050-Q01-INAD_0,INADMISSIBLE,SAT_FALSE,NH2-SINGLE-MIXED_SAT-R050_inad_0,REJECT_INADMISSIBLE,EXECUTE_ONLY_IF_R3_MEASURES_INADMISSIBLE_COST,NEEDS_WAREHOUSE_BINDING_R3
NH2-SINGLE-MIXED_SAT-R050,test,8,NH2-SINGLE-MIXED_SAT-R050-Q08-INAD_1,INADMISSIBLE,SAT_FALSE,NH2-SINGLE-MIXED_SAT-R050_inad_1,REJECT_INADMISSIBLE,EXECUTE_ONLY_IF_R3_MEASURES_INADMISSIBLE_COST,NEEDS_WAREHOUSE_BINDING_R3
NH2-SINGLE-MIXED_SAT-R050,test,16,NH2-SINGLE-MIXED_SAT-R050-Q16-INAD_2,INADMISSIBLE,SAT_FALSE,NH2-SINGLE-MIXED_SAT-R050_inad_2,REJECT_INADMISSIBLE,EXECUTE_ONLY_IF_R3_MEASURES_INADMISSIBLE_COST,NEEDS_WAREHOUSE_BINDING_R3
NH2-SINGLE-MIXED_SAT-R050,test,18,NH2-SINGLE-MIXED_SAT-R050-Q18-INAD_4,INADMISSIBLE,SAT_FALSE,NH2-SINGLE-MIXED_SAT-R050_inad_4,REJECT_INADMISSIBLE,EXECUTE_ONLY_IF_R3_MEASURES_INADMISSIBLE_COST,NEEDS_WAREHOUSE_BINDING_R3
NH2-SINGLE-MIXED_SAT-R050,test,24,NH2-SINGLE-MIXED_SAT-R050-Q24-INAD_3,INADMISSIBLE,SAT_FALSE,NH2-SINGLE-MIXED_SAT-R050_inad_3,REJECT_INADMISSIBLE,EXECUTE_ONLY_IF_R3_MEASURES_INADMISSIBLE_COST,NEEDS_WAREHOUSE_BINDING_R3
NH2-SINGLE-MIXED_SAT-R051,test,2,NH2-SINGLE-MIXED_SAT-R051-Q02-INAD_1,INADMISSIBLE,SAT_FALSE,NH2-SINGLE-MIXED_SAT-R051_inad_1,REJECT_INADMISSIBLE,EXECUTE_ONLY_IF_R3_MEASURES_INADMISSIBLE_COST,NEEDS_WAREHOUSE_BINDING_R3
NH2-SINGLE-MIXED_SAT-R051,test,8,NH2-SINGLE-MIXED_SAT-R051-Q08-INAD_3,INADMISSIBLE,SAT_FALSE,NH2-SINGLE-MIXED_SAT-R051_inad_3,REJECT_INADMISSIBLE,EXECUTE_ONLY_IF_R3_MEASURES_INADMISSIBLE_COST,NEEDS_WAREHOUSE_BINDING_R3
NH2-SINGLE-MIXED_SAT-R051,test,16,NH2-SINGLE-MIXED_SAT-R051-Q16-INAD_2,INADMISSIBLE,SAT_FALSE,NH2-SINGLE-MIXED_SAT-R051_inad_2,REJECT_INADMISSIBLE,EXECUTE_ONLY_IF_R3_MEASURES_INADMISSIBLE_COST,NEEDS_WAREHOUSE_BINDING_R3
NH2-SINGLE-MIXED_SAT-R051,test,18,NH2-SINGLE-MIXED_SAT-R051-Q18-INAD_4,INADMISSIBLE,SAT_FALSE,NH2-SINGLE-MIXED_SAT-R051_inad_4,REJECT_INADMISSIBLE,EXECUTE_ONLY_IF_R3_MEASURES_INADMISSIBLE_COST,NEEDS_WAREHOUSE_BINDING_R3
NH2-SINGLE-MIXED_SAT-R051,test,19,NH2-SINGLE-MIXED_SAT-R051-Q19-INAD_0,INADMISSIBLE,SAT_FALSE,NH2-SINGLE-MIXED_SAT-R051_inad_0,REJECT_INADMISSIBLE,EXECUTE_ONLY_IF_R3_MEASURES_INADMISSIBLE_COST,NEEDS_WAREHOUSE_BINDING_R3
NH2-SINGLE-MIXED_SAT-R052,test,6,NH2-SINGLE-MIXED_SAT-R052-Q06-INAD_1,INADMISSIBLE,SAT_FALSE,NH2-SINGLE-MIXED_SAT-R052_inad_1,REJECT_INADMISSIBLE,EXECUTE_ONLY_IF_R3_MEASURES_INADMISSIBLE_COST,NEEDS_WAREHOUSE_BINDING_R3
NH2-SINGLE-MIXED_SAT-R052,test,14,NH2-SINGLE-MIXED_SAT-R052-Q14-INAD_0,INADMISSIBLE,SAT_FALSE,NH2-SINGLE-MIXED_SAT-R052_inad_0,REJECT_INADMISSIBLE,EXECUTE_ONLY_IF_R3_MEASURES_INADMISSIBLE_COST,NEEDS_WAREHOUSE_BINDING_R3
NH2-SINGLE-MIXED_SAT-R052,test,15,NH2-SINGLE-MIXED_SAT-R052-Q15-INAD_2,INADMISSIBLE,SAT_FALSE,NH2-SINGLE-MIXED_SAT-R052_inad_2,REJECT_INADMISSIBLE,EXECUTE_ONLY_IF_R3_MEASURES_INADMISSIBLE_COST,NEEDS_WAREHOUSE_BINDING_R3
NH2-SINGLE-MIXED_SAT-R052,test,17,NH2-SINGLE-MIXED_SAT-R052-Q17-INAD_3,INADMISSIBLE,SAT_FALSE,NH2-SINGLE-MIXED_SAT-R052_inad_3,REJECT_INADMISSIBLE,EXECUTE_ONLY_IF_R3_MEASURES_INADMISSIBLE_COST,NEEDS_WAREHOUSE_BINDING_R3
NH2-SINGLE-MIXED_SAT-R052,test,18,NH2-SINGLE-MIXED_SAT-R052-Q18-INAD_4,INADMISSIBLE,SAT_FALSE,NH2-SINGLE-MIXED_SAT-R052_inad_4,REJECT_INADMISSIBLE,EXECUTE_ONLY_IF_R3_MEASURES_INADMISSIBLE_COST,NEEDS_WAREHOUSE_BINDING_R3
NH2-SINGLE-MIXED_SAT-R053,test,9,NH2-SINGLE-MIXED_SAT-R053-Q09-INAD_0,INADMISSIBLE,SAT_FALSE,NH2-SINGLE-MIXED_SAT-R053_inad_0,REJECT_INADMISSIBLE,EXECUTE_ONLY_IF_R3_MEASURES_INADMISSIBLE_COST,NEEDS_WAREHOUSE_BINDING_R3
NH2-SINGLE-MIXED_SAT-R053,test,10,NH2-SINGLE-MIXED_SAT-R053-Q10-INAD_4,INADMISSIBLE,SAT_FALSE,NH2-SINGLE-MIXED_SAT-R053_inad_4,REJECT_INADMISSIBLE,EXECUTE_ONLY_IF_R3_MEASURES_INADMISSIBLE_COST,NEEDS_WAREHOUSE_BINDING_R3
NH2-SINGLE-MIXED_SAT-R053,test,16,NH2-SINGLE-MIXED_SAT-R053-Q16-INAD_3,INADMISSIBLE,SAT_FALSE,NH2-SINGLE-MIXED_SAT-R053_inad_3,REJECT_INADMISSIBLE,EXECUTE_ONLY_IF_R3_MEASURES_INADMISSIBLE_COST,NEEDS_WAREHOUSE_BINDING_R3
NH2-SINGLE-MIXED_SAT-R053,test,19,NH2-SINGLE-MIXED_SAT-R053-Q19-INAD_1,INADMISSIBLE,SAT_FALSE,NH2-SINGLE-MIXED_SAT-R053_inad_1,REJECT_INADMISSIBLE,EXECUTE_ONLY_IF_R3_MEASURES_INADMISSIBLE_COST,NEEDS_WAREHOUSE_BINDING_R3
NH2-SINGLE-MIXED_SAT-R053,test,24,NH2-SINGLE-MIXED_SAT-R053-Q24-INAD_2,INADMISSIBLE,SAT_FALSE,NH2-SINGLE-MIXED_SAT-R053_inad_2,REJECT_INADMISSIBLE,EXECUTE_ONLY_IF_R3_MEASURES_INADMISSIBLE_COST,NEEDS_WAREHOUSE_BINDING_R3
NH2-SINGLE-MIXED_SAT-R054,test,7,NH2-SINGLE-MIXED_SAT-R054-Q07-INAD_2,INADMISSIBLE,SAT_FALSE,NH2-SINGLE-MIXED_SAT-R054_inad_2,REJECT_INADMISSIBLE,EXECUTE_ONLY_IF_R3_MEASURES_INADMISSIBLE_COST,NEEDS_WAREHOUSE_BINDING_R3
NH2-SINGLE-MIXED_SAT-R054,test,8,NH2-SINGLE-MIXED_SAT-R054-Q08-INAD_4,INADMISSIBLE,SAT_FALSE,NH2-SINGLE-MIXED_SAT-R054_inad_4,REJECT_INADMISSIBLE,EXECUTE_ONLY_IF_R3_MEASURES_INADMISSIBLE_COST,NEEDS_WAREHOUSE_BINDING_R3
NH2-SINGLE-MIXED_SAT-R054,test,15,NH2-SINGLE-MIXED_SAT-R054-Q15-INAD_1,INADMISSIBLE,SAT_FALSE,NH2-SINGLE-MIXED_SAT-R054_inad_1,REJECT_INADMISSIBLE,EXECUTE_ONLY_IF_R3_MEASURES_INADMISSIBLE_COST,NEEDS_WAREHOUSE_BINDING_R3
NH2-SINGLE-MIXED_SAT-R054,test,17,NH2-SINGLE-MIXED_SAT-R054-Q17-INAD_0,INADMISSIBLE,SAT_FALSE,NH2-SINGLE-MIXED_SAT-R054_inad_0,REJECT_INADMISSIBLE,EXECUTE_ONLY_IF_R3_MEASURES_INADMISSIBLE_COST,NEEDS_WAREHOUSE_BINDING_R3
NH2-SINGLE-MIXED_SAT-R054,test,20,NH2-SINGLE-MIXED_SAT-R054-Q20-INAD_3,INADMISSIBLE,SAT_FALSE,NH2-SINGLE-MIXED_SAT-R054_inad_3,REJECT_INADMISSIBLE,EXECUTE_ONLY_IF_R3_MEASURES_INADMISSIBLE_COST,NEEDS_WAREHOUSE_BINDING_R3
NH2-SINGLE-MIXED_SAT-R055,test,3,NH2-SINGLE-MIXED_SAT-R055-Q03-INAD_3,INADMISSIBLE,SAT_FALSE,NH2-SINGLE-MIXED_SAT-R055_inad_3,REJECT_INADMISSIBLE,EXECUTE_ONLY_IF_R3_MEASURES_INADMISSIBLE_COST,NEEDS_WAREHOUSE_BINDING_R3
NH2-SINGLE-MIXED_SAT-R055,test,8,NH2-SINGLE-MIXED_SAT-R055-Q08-INAD_1,INADMISSIBLE,SAT_FALSE,NH2-SINGLE-MIXED_SAT-R055_inad_1,REJECT_INADMISSIBLE,EXECUTE_ONLY_IF_R3_MEASURES_INADMISSIBLE_COST,NEEDS_WAREHOUSE_BINDING_R3
NH2-SINGLE-MIXED_SAT-R055,test,12,NH2-SINGLE-MIXED_SAT-R055-Q12-INAD_0,INADMISSIBLE,SAT_FALSE,NH2-SINGLE-MIXED_SAT-R055_inad_0,REJECT_INADMISSIBLE,EXECUTE_ONLY_IF_R3_MEASURES_INADMISSIBLE_COST,NEEDS_WAREHOUSE_BINDING_R3
NH2-SINGLE-MIXED_SAT-R055,test,15,NH2-SINGLE-MIXED_SAT-R055-Q15-INAD_4,INADMISSIBLE,SAT_FALSE,NH2-SINGLE-MIXED_SAT-R055_inad_4,REJECT_INADMISSIBLE,EXECUTE_ONLY_IF_R3_MEASURES_INADMISSIBLE_COST,NEEDS_WAREHOUSE_BINDING_R3
NH2-SINGLE-MIXED_SAT-R055,test,17,NH2-SINGLE-MIXED_SAT-R055-Q17-INAD_2,INADMISSIBLE,SAT_FALSE,NH2-SINGLE-MIXED_SAT-R055_inad_2,REJECT_INADMISSIBLE,EXECUTE_ONLY_IF_R3_MEASURES_INADMISSIBLE_COST,NEEDS_WAREHOUSE_BINDING_R3
NH2-SINGLE-MIXED_SAT-R056,test,1,NH2-SINGLE-MIXED_SAT-R056-Q01-INAD_0,INADMISSIBLE,SAT_FALSE,NH2-SINGLE-MIXED_SAT-R056_inad_0,REJECT_INADMISSIBLE,EXECUTE_ONLY_IF_R3_MEASURES_INADMISSIBLE_COST,NEEDS_WAREHOUSE_BINDING_R3
NH2-SINGLE-MIXED_SAT-R056,test,11,NH2-SINGLE-MIXED_SAT-R056-Q11-INAD_1,INADMISSIBLE,SAT_FALSE,NH2-SINGLE-MIXED_SAT-R056_inad_1,REJECT_INADMISSIBLE,EXECUTE_ONLY_IF_R3_MEASURES_INADMISSIBLE_COST,NEEDS_WAREHOUSE_BINDING_R3
NH2-SINGLE-MIXED_SAT-R056,test,19,NH2-SINGLE-MIXED_SAT-R056-Q19-INAD_3,INADMISSIBLE,SAT_FALSE,NH2-SINGLE-MIXED_SAT-R056_inad_3,REJECT_INADMISSIBLE,EXECUTE_ONLY_IF_R3_MEASURES_INADMISSIBLE_COST,NEEDS_WAREHOUSE_BINDING_R3
NH2-SINGLE-MIXED_SAT-R056,test,21,NH2-SINGLE-MIXED_SAT-R056-Q21-INAD_4,INADMISSIBLE,SAT_FALSE,NH2-SINGLE-MIXED_SAT-R056_inad_4,REJECT_INADMISSIBLE,EXECUTE_ONLY_IF_R3_MEASURES_INADMISSIBLE_COST,NEEDS_WAREHOUSE_BINDING_R3
NH2-SINGLE-MIXED_SAT-R056,test,22,NH2-SINGLE-MIXED_SAT-R056-Q22-INAD_2,INADMISSIBLE,SAT_FALSE,NH2-SINGLE-MIXED_SAT-R056_inad_2,REJECT_INADMISSIBLE,EXECUTE_ONLY_IF_R3_MEASURES_INADMISSIBLE_COST,NEEDS_WAREHOUSE_BINDING_R3
NH2-SINGLE-MIXED_SAT-R057,test,7,NH2-SINGLE-MIXED_SAT-R057-Q07-INAD_3,INADMISSIBLE,SAT_FALSE,NH2-SINGLE-MIXED_SAT-R057_inad_3,REJECT_INADMISSIBLE,EXECUTE_ONLY_IF_R3_MEASURES_INADMISSIBLE_COST,NEEDS_WAREHOUSE_BINDING_R3
NH2-SINGLE-MIXED_SAT-R057,test,8,NH2-SINGLE-MIXED_SAT-R057-Q08-INAD_0,INADMISSIBLE,SAT_FALSE,NH2-SINGLE-MIXED_SAT-R057_inad_0,REJECT_INADMISSIBLE,EXECUTE_ONLY_IF_R3_MEASURES_INADMISSIBLE_COST,NEEDS_WAREHOUSE_BINDING_R3
NH2-SINGLE-MIXED_SAT-R057,test,9,NH2-SINGLE-MIXED_SAT-R057-Q09-INAD_1,INADMISSIBLE,SAT_FALSE,NH2-SINGLE-MIXED_SAT-R057_inad_1,REJECT_INADMISSIBLE,EXECUTE_ONLY_IF_R3_MEASURES_INADMISSIBLE_COST,NEEDS_WAREHOUSE_BINDING_R3
NH2-SINGLE-MIXED_SAT-R057,test,11,NH2-SINGLE-MIXED_SAT-R057-Q11-INAD_2,INADMISSIBLE,SAT_FALSE,NH2-SINGLE-MIXED_SAT-R057_inad_2,REJECT_INADMISSIBLE,EXECUTE_ONLY_IF_R3_MEASURES_INADMISSIBLE_COST,NEEDS_WAREHOUSE_BINDING_R3
NH2-SINGLE-MIXED_SAT-R057,test,12,NH2-SINGLE-MIXED_SAT-R057-Q12-INAD_4,INADMISSIBLE,SAT_FALSE,NH2-SINGLE-MIXED_SAT-R057_inad_4,REJECT_INADMISSIBLE,EXECUTE_ONLY_IF_R3_MEASURES_INADMISSIBLE_COST,NEEDS_WAREHOUSE_BINDING_R3
NH2-SINGLE-MIXED_SAT-R058,test,2,NH2-SINGLE-MIXED_SAT-R058-Q02-INAD_0,INADMISSIBLE,SAT_FALSE,NH2-SINGLE-MIXED_SAT-R058_inad_0,REJECT_INADMISSIBLE,EXECUTE_ONLY_IF_R3_MEASURES_INADMISSIBLE_COST,NEEDS_WAREHOUSE_BINDING_R3
NH2-SINGLE-MIXED_SAT-R058,test,16,NH2-SINGLE-MIXED_SAT-R058-Q16-INAD_3,INADMISSIBLE,SAT_FALSE,NH2-SINGLE-MIXED_SAT-R058_inad_3,REJECT_INADMISSIBLE,EXECUTE_ONLY_IF_R3_MEASURES_INADMISSIBLE_COST,NEEDS_WAREHOUSE_BINDING_R3
NH2-SINGLE-MIXED_SAT-R058,test,18,NH2-SINGLE-MIXED_SAT-R058-Q18-INAD_4,INADMISSIBLE,SAT_FALSE,NH2-SINGLE-MIXED_SAT-R058_inad_4,REJECT_INADMISSIBLE,EXECUTE_ONLY_IF_R3_MEASURES_INADMISSIBLE_COST,NEEDS_WAREHOUSE_BINDING_R3
NH2-SINGLE-MIXED_SAT-R058,test,20,NH2-SINGLE-MIXED_SAT-R058-Q20-INAD_1,INADMISSIBLE,SAT_FALSE,NH2-SINGLE-MIXED_SAT-R058_inad_1,REJECT_INADMISSIBLE,EXECUTE_ONLY_IF_R3_MEASURES_INADMISSIBLE_COST,NEEDS_WAREHOUSE_BINDING_R3
NH2-SINGLE-MIXED_SAT-R058,test,23,NH2-SINGLE-MIXED_SAT-R058-Q23-INAD_2,INADMISSIBLE,SAT_FALSE,NH2-SINGLE-MIXED_SAT-R058_inad_2,REJECT_INADMISSIBLE,EXECUTE_ONLY_IF_R3_MEASURES_INADMISSIBLE_COST,NEEDS_WAREHOUSE_BINDING_R3
NH2-SINGLE-MIXED_SAT-R059,test,3,NH2-SINGLE-MIXED_SAT-R059-Q03-INAD_3,INADMISSIBLE,SAT_FALSE,NH2-SINGLE-MIXED_SAT-R059_inad_3,REJECT_INADMISSIBLE,EXECUTE_ONLY_IF_R3_MEASURES_INADMISSIBLE_COST,NEEDS_WAREHOUSE_BINDING_R3
NH2-SINGLE-MIXED_SAT-R059,test,7,NH2-SINGLE-MIXED_SAT-R059-Q07-INAD_2,INADMISSIBLE,SAT_FALSE,NH2-SINGLE-MIXED_SAT-R059_inad_2,REJECT_INADMISSIBLE,EXECUTE_ONLY_IF_R3_MEASURES_INADMISSIBLE_COST,NEEDS_WAREHOUSE_BINDING_R3
NH2-SINGLE-MIXED_SAT-R059,test,10,NH2-SINGLE-MIXED_SAT-R059-Q10-INAD_4,INADMISSIBLE,SAT_FALSE,NH2-SINGLE-MIXED_SAT-R059_inad_4,REJECT_INADMISSIBLE,EXECUTE_ONLY_IF_R3_MEASURES_INADMISSIBLE_COST,NEEDS_WAREHOUSE_BINDING_R3
NH2-SINGLE-MIXED_SAT-R059,test,12,NH2-SINGLE-MIXED_SAT-R059-Q12-INAD_0,INADMISSIBLE,SAT_FALSE,NH2-SINGLE-MIXED_SAT-R059_inad_0,REJECT_INADMISSIBLE,EXECUTE_ONLY_IF_R3_MEASURES_INADMISSIBLE_COST,NEEDS_WAREHOUSE_BINDING_R3
NH2-SINGLE-MIXED_SAT-R059,test,24,NH2-SINGLE-MIXED_SAT-R059-Q24-INAD_1,INADMISSIBLE,SAT_FALSE,NH2-SINGLE-MIXED_SAT-R059_inad_1,REJECT_INADMISSIBLE,EXECUTE_ONLY_IF_R3_MEASURES_INADMISSIBLE_COST,NEEDS_WAREHOUSE_BINDING_R3
NH2-SINGLE-MIXED_SAT-R060,test,2,NH2-SINGLE-MIXED_SAT-R060-Q02-INAD_4,INADMISSIBLE,SAT_FALSE,NH2-SINGLE-MIXED_SAT-R060_inad_4,REJECT_INADMISSIBLE,EXECUTE_ONLY_IF_R3_MEASURES_INADMISSIBLE_COST,NEEDS_WAREHOUSE_BINDING_R3
NH2-SINGLE-MIXED_SAT-R060,test,7,NH2-SINGLE-MIXED_SAT-R060-Q07-INAD_1,INADMISSIBLE,SAT_FALSE,NH2-SINGLE-MIXED_SAT-R060_inad_1,REJECT_INADMISSIBLE,EXECUTE_ONLY_IF_R3_MEASURES_INADMISSIBLE_COST,NEEDS_WAREHOUSE_BINDING_R3
NH2-SINGLE-MIXED_SAT-R060,test,9,NH2-SINGLE-MIXED_SAT-R060-Q09-INAD_0,INADMISSIBLE,SAT_FALSE,NH2-SINGLE-MIXED_SAT-R060_inad_0,REJECT_INADMISSIBLE,EXECUTE_ONLY_IF_R3_MEASURES_INADMISSIBLE_COST,NEEDS_WAREHOUSE_BINDING_R3
NH2-SINGLE-MIXED_SAT-R060,test,21,NH2-SINGLE-MIXED_SAT-R060-Q21-INAD_2,INADMISSIBLE,SAT_FALSE,NH2-SINGLE-MIXED_SAT-R060_inad_2,REJECT_INADMISSIBLE,EXECUTE_ONLY_IF_R3_MEASURES_INADMISSIBLE_COST,NEEDS_WAREHOUSE_BINDING_R3
NH2-SINGLE-MIXED_SAT-R060,test,22,NH2-SINGLE-MIXED_SAT-R060-Q22-INAD_3,INADMISSIBLE,SAT_FALSE,NH2-SINGLE-MIXED_SAT-R060_inad_3,REJECT_INADMISSIBLE,EXECUTE_ONLY_IF_R3_MEASURES_INADMISSIBLE_COST,NEEDS_WAREHOUSE_BINDING_R3
NH2-MULTI2-ORDERED-R001,dev,19,NH2-MULTI2-ORDERED-R001-Q19-INAD_0,INADMISSIBLE,SAT_FALSE,NH2-MULTI2-ORDERED-R001_inad_0,REJECT_INADMISSIBLE,EXECUTE_ONLY_IF_R3_MEASURES_INADMISSIBLE_COST,NEEDS_WAREHOUSE_BINDING_R3
NH2-MULTI2-ORDERED-R001,dev,20,NH2-MULTI2-ORDERED-R001-Q20-INAD_1,INADMISSIBLE,SAT_FALSE,NH2-MULTI2-ORDERED-R001_inad_1,REJECT_INADMISSIBLE,EXECUTE_ONLY_IF_R3_MEASURES_INADMISSIBLE_COST,NEEDS_WAREHOUSE_BINDING_R3
NH2-MULTI2-ORDERED-R002,dev,19,NH2-MULTI2-ORDERED-R002-Q19-INAD_0,INADMISSIBLE,SAT_FALSE,NH2-MULTI2-ORDERED-R002_inad_0,REJECT_INADMISSIBLE,EXECUTE_ONLY_IF_R3_MEASURES_INADMISSIBLE_COST,NEEDS_WAREHOUSE_BINDING_R3
NH2-MULTI2-ORDERED-R002,dev,20,NH2-MULTI2-ORDERED-R002-Q20-INAD_1,INADMISSIBLE,SAT_FALSE,NH2-MULTI2-ORDERED-R002_inad_1,REJECT_INADMISSIBLE,EXECUTE_ONLY_IF_R3_MEASURES_INADMISSIBLE_COST,NEEDS_WAREHOUSE_BINDING_R3
NH2-MULTI2-ORDERED-R003,dev,19,NH2-MULTI2-ORDERED-R003-Q19-INAD_0,INADMISSIBLE,SAT_FALSE,NH2-MULTI2-ORDERED-R003_inad_0,REJECT_INADMISSIBLE,EXECUTE_ONLY_IF_R3_MEASURES_INADMISSIBLE_COST,NEEDS_WAREHOUSE_BINDING_R3
NH2-MULTI2-ORDERED-R003,dev,20,NH2-MULTI2-ORDERED-R003-Q20-INAD_1,INADMISSIBLE,SAT_FALSE,NH2-MULTI2-ORDERED-R003_inad_1,REJECT_INADMISSIBLE,EXECUTE_ONLY_IF_R3_MEASURES_INADMISSIBLE_COST,NEEDS_WAREHOUSE_BINDING_R3
NH2-MULTI2-ORDERED-R004,dev,19,NH2-MULTI2-ORDERED-R004-Q19-INAD_0,INADMISSIBLE,SAT_FALSE,NH2-MULTI2-ORDERED-R004_inad_0,REJECT_INADMISSIBLE,EXECUTE_ONLY_IF_R3_MEASURES_INADMISSIBLE_COST,NEEDS_WAREHOUSE_BINDING_R3
NH2-MULTI2-ORDERED-R004,dev,20,NH2-MULTI2-ORDERED-R004-Q20-INAD_1,INADMISSIBLE,SAT_FALSE,NH2-MULTI2-ORDERED-R004_inad_1,REJECT_INADMISSIBLE,EXECUTE_ONLY_IF_R3_MEASURES_INADMISSIBLE_COST,NEEDS_WAREHOUSE_BINDING_R3
NH2-MULTI2-ORDERED-R005,dev,19,NH2-MULTI2-ORDERED-R005-Q19-INAD_0,INADMISSIBLE,SAT_FALSE,NH2-MULTI2-ORDERED-R005_inad_0,REJECT_INADMISSIBLE,EXECUTE_ONLY_IF_R3_MEASURES_INADMISSIBLE_COST,NEEDS_WAREHOUSE_BINDING_R3
NH2-MULTI2-ORDERED-R005,dev,20,NH2-MULTI2-ORDERED-R005-Q20-INAD_1,INADMISSIBLE,SAT_FALSE,NH2-MULTI2-ORDERED-R005_inad_1,REJECT_INADMISSIBLE,EXECUTE_ONLY_IF_R3_MEASURES_INADMISSIBLE_COST,NEEDS_WAREHOUSE_BINDING_R3
NH2-MULTI2-ORDERED-R006,dev,19,NH2-MULTI2-ORDERED-R006-Q19-INAD_0,INADMISSIBLE,SAT_FALSE,NH2-MULTI2-ORDERED-R006_inad_0,REJECT_INADMISSIBLE,EXECUTE_ONLY_IF_R3_MEASURES_INADMISSIBLE_COST,NEEDS_WAREHOUSE_BINDING_R3
NH2-MULTI2-ORDERED-R006,dev,20,NH2-MULTI2-ORDERED-R006-Q20-INAD_1,INADMISSIBLE,SAT_FALSE,NH2-MULTI2-ORDERED-R006_inad_1,REJECT_INADMISSIBLE,EXECUTE_ONLY_IF_R3_MEASURES_INADMISSIBLE_COST,NEEDS_WAREHOUSE_BINDING_R3
NH2-MULTI2-ORDERED-R007,dev,19,NH2-MULTI2-ORDERED-R007-Q19-INAD_0,INADMISSIBLE,SAT_FALSE,NH2-MULTI2-ORDERED-R007_inad_0,REJECT_INADMISSIBLE,EXECUTE_ONLY_IF_R3_MEASURES_INADMISSIBLE_COST,NEEDS_WAREHOUSE_BINDING_R3
NH2-MULTI2-ORDERED-R007,dev,20,NH2-MULTI2-ORDERED-R007-Q20-INAD_1,INADMISSIBLE,SAT_FALSE,NH2-MULTI2-ORDERED-R007_inad_1,REJECT_INADMISSIBLE,EXECUTE_ONLY_IF_R3_MEASURES_INADMISSIBLE_COST,NEEDS_WAREHOUSE_BINDING_R3
NH2-MULTI2-ORDERED-R008,dev,19,NH2-MULTI2-ORDERED-R008-Q19-INAD_0,INADMISSIBLE,SAT_FALSE,NH2-MULTI2-ORDERED-R008_inad_0,REJECT_INADMISSIBLE,EXECUTE_ONLY_IF_R3_MEASURES_INADMISSIBLE_COST,NEEDS_WAREHOUSE_BINDING_R3
NH2-MULTI2-ORDERED-R008,dev,20,NH2-MULTI2-ORDERED-R008-Q20-INAD_1,INADMISSIBLE,SAT_FALSE,NH2-MULTI2-ORDERED-R008_inad_1,REJECT_INADMISSIBLE,EXECUTE_ONLY_IF_R3_MEASURES_INADMISSIBLE_COST,NEEDS_WAREHOUSE_BINDING_R3
NH2-MULTI2-ORDERED-R009,dev,19,NH2-MULTI2-ORDERED-R009-Q19-INAD_0,INADMISSIBLE,SAT_FALSE,NH2-MULTI2-ORDERED-R009_inad_0,REJECT_INADMISSIBLE,EXECUTE_ONLY_IF_R3_MEASURES_INADMISSIBLE_COST,NEEDS_WAREHOUSE_BINDING_R3
NH2-MULTI2-ORDERED-R009,dev,20,NH2-MULTI2-ORDERED-R009-Q20-INAD_1,INADMISSIBLE,SAT_FALSE,NH2-MULTI2-ORDERED-R009_inad_1,REJECT_INADMISSIBLE,EXECUTE_ONLY_IF_R3_MEASURES_INADMISSIBLE_COST,NEEDS_WAREHOUSE_BINDING_R3
NH2-MULTI2-ORDERED-R010,dev,19,NH2-MULTI2-ORDERED-R010-Q19-INAD_0,INADMISSIBLE,SAT_FALSE,NH2-MULTI2-ORDERED-R010_inad_0,REJECT_INADMISSIBLE,EXECUTE_ONLY_IF_R3_MEASURES_INADMISSIBLE_COST,NEEDS_WAREHOUSE_BINDING_R3
NH2-MULTI2-ORDERED-R010,dev,20,NH2-MULTI2-ORDERED-R010-Q20-INAD_1,INADMISSIBLE,SAT_FALSE,NH2-MULTI2-ORDERED-R010_inad_1,REJECT_INADMISSIBLE,EXECUTE_ONLY_IF_R3_MEASURES_INADMISSIBLE_COST,NEEDS_WAREHOUSE_BINDING_R3
NH2-MULTI2-ORDERED-R011,dev,19,NH2-MULTI2-ORDERED-R011-Q19-INAD_0,INADMISSIBLE,SAT_FALSE,NH2-MULTI2-ORDERED-R011_inad_0,REJECT_INADMISSIBLE,EXECUTE_ONLY_IF_R3_MEASURES_INADMISSIBLE_COST,NEEDS_WAREHOUSE_BINDING_R3
NH2-MULTI2-ORDERED-R011,dev,20,NH2-MULTI2-ORDERED-R011-Q20-INAD_1,INADMISSIBLE,SAT_FALSE,NH2-MULTI2-ORDERED-R011_inad_1,REJECT_INADMISSIBLE,EXECUTE_ONLY_IF_R3_MEASURES_INADMISSIBLE_COST,NEEDS_WAREHOUSE_BINDING_R3
NH2-MULTI2-ORDERED-R012,dev,19,NH2-MULTI2-ORDERED-R012-Q19-INAD_0,INADMISSIBLE,SAT_FALSE,NH2-MULTI2-ORDERED-R012_inad_0,REJECT_INADMISSIBLE,EXECUTE_ONLY_IF_R3_MEASURES_INADMISSIBLE_COST,NEEDS_WAREHOUSE_BINDING_R3
NH2-MULTI2-ORDERED-R012,dev,20,NH2-MULTI2-ORDERED-R012-Q20-INAD_1,INADMISSIBLE,SAT_FALSE,NH2-MULTI2-ORDERED-R012_inad_1,REJECT_INADMISSIBLE,EXECUTE_ONLY_IF_R3_MEASURES_INADMISSIBLE_COST,NEEDS_WAREHOUSE_BINDING_R3
NH2-MULTI2-ORDERED-R013,dev,19,NH2-MULTI2-ORDERED-R013-Q19-INAD_0,INADMISSIBLE,SAT_FALSE,NH2-MULTI2-ORDERED-R013_inad_0,REJECT_INADMISSIBLE,EXECUTE_ONLY_IF_R3_MEASURES_INADMISSIBLE_COST,NEEDS_WAREHOUSE_BINDING_R3
NH2-MULTI2-ORDERED-R013,dev,20,NH2-MULTI2-ORDERED-R013-Q20-INAD_1,INADMISSIBLE,SAT_FALSE,NH2-MULTI2-ORDERED-R013_inad_1,REJECT_INADMISSIBLE,EXECUTE_ONLY_IF_R3_MEASURES_INADMISSIBLE_COST,NEEDS_WAREHOUSE_BINDING_R3
NH2-MULTI2-ORDERED-R014,dev,19,NH2-MULTI2-ORDERED-R014-Q19-INAD_0,INADMISSIBLE,SAT_FALSE,NH2-MULTI2-ORDERED-R014_inad_0,REJECT_INADMISSIBLE,EXECUTE_ONLY_IF_R3_MEASURES_INADMISSIBLE_COST,NEEDS_WAREHOUSE_BINDING_R3
NH2-MULTI2-ORDERED-R014,dev,20,NH2-MULTI2-ORDERED-R014-Q20-INAD_1,INADMISSIBLE,SAT_FALSE,NH2-MULTI2-ORDERED-R014_inad_1,REJECT_INADMISSIBLE,EXECUTE_ONLY_IF_R3_MEASURES_INADMISSIBLE_COST,NEEDS_WAREHOUSE_BINDING_R3
NH2-MULTI2-ORDERED-R015,dev,19,NH2-MULTI2-ORDERED-R015-Q19-INAD_0,INADMISSIBLE,SAT_FALSE,NH2-MULTI2-ORDERED-R015_inad_0,REJECT_INADMISSIBLE,EXECUTE_ONLY_IF_R3_MEASURES_INADMISSIBLE_COST,NEEDS_WAREHOUSE_BINDING_R3
NH2-MULTI2-ORDERED-R015,dev,20,NH2-MULTI2-ORDERED-R015-Q20-INAD_1,INADMISSIBLE,SAT_FALSE,NH2-MULTI2-ORDERED-R015_inad_1,REJECT_INADMISSIBLE,EXECUTE_ONLY_IF_R3_MEASURES_INADMISSIBLE_COST,NEEDS_WAREHOUSE_BINDING_R3
NH2-MULTI2-ORDERED-R016,dev,19,NH2-MULTI2-ORDERED-R016-Q19-INAD_0,INADMISSIBLE,SAT_FALSE,NH2-MULTI2-ORDERED-R016_inad_0,REJECT_INADMISSIBLE,EXECUTE_ONLY_IF_R3_MEASURES_INADMISSIBLE_COST,NEEDS_WAREHOUSE_BINDING_R3
NH2-MULTI2-ORDERED-R016,dev,20,NH2-MULTI2-ORDERED-R016-Q20-INAD_1,INADMISSIBLE,SAT_FALSE,NH2-MULTI2-ORDERED-R016_inad_1,REJECT_INADMISSIBLE,EXECUTE_ONLY_IF_R3_MEASURES_INADMISSIBLE_COST,NEEDS_WAREHOUSE_BINDING_R3
NH2-MULTI2-ORDERED-R017,dev,19,NH2-MULTI2-ORDERED-R017-Q19-INAD_0,INADMISSIBLE,SAT_FALSE,NH2-MULTI2-ORDERED-R017_inad_0,REJECT_INADMISSIBLE,EXECUTE_ONLY_IF_R3_MEASURES_INADMISSIBLE_COST,NEEDS_WAREHOUSE_BINDING_R3
NH2-MULTI2-ORDERED-R017,dev,20,NH2-MULTI2-ORDERED-R017-Q20-INAD_1,INADMISSIBLE,SAT_FALSE,NH2-MULTI2-ORDERED-R017_inad_1,REJECT_INADMISSIBLE,EXECUTE_ONLY_IF_R3_MEASURES_INADMISSIBLE_COST,NEEDS_WAREHOUSE_BINDING_R3
NH2-MULTI2-ORDERED-R018,dev,19,NH2-MULTI2-ORDERED-R018-Q19-INAD_0,INADMISSIBLE,SAT_FALSE,NH2-MULTI2-ORDERED-R018_inad_0,REJECT_INADMISSIBLE,EXECUTE_ONLY_IF_R3_MEASURES_INADMISSIBLE_COST,NEEDS_WAREHOUSE_BINDING_R3
NH2-MULTI2-ORDERED-R018,dev,20,NH2-MULTI2-ORDERED-R018-Q20-INAD_1,INADMISSIBLE,SAT_FALSE,NH2-MULTI2-ORDERED-R018_inad_1,REJECT_INADMISSIBLE,EXECUTE_ONLY_IF_R3_MEASURES_INADMISSIBLE_COST,NEEDS_WAREHOUSE_BINDING_R3
NH2-MULTI2-ORDERED-R019,dev,19,NH2-MULTI2-ORDERED-R019-Q19-INAD_0,INADMISSIBLE,SAT_FALSE,NH2-MULTI2-ORDERED-R019_inad_0,REJECT_INADMISSIBLE,EXECUTE_ONLY_IF_R3_MEASURES_INADMISSIBLE_COST,NEEDS_WAREHOUSE_BINDING_R3
NH2-MULTI2-ORDERED-R019,dev,20,NH2-MULTI2-ORDERED-R019-Q20-INAD_1,INADMISSIBLE,SAT_FALSE,NH2-MULTI2-ORDERED-R019_inad_1,REJECT_INADMISSIBLE,EXECUTE_ONLY_IF_R3_MEASURES_INADMISSIBLE_COST,NEEDS_WAREHOUSE_BINDING_R3
NH2-MULTI2-ORDERED-R020,dev,19,NH2-MULTI2-ORDERED-R020-Q19-INAD_0,INADMISSIBLE,SAT_FALSE,NH2-MULTI2-ORDERED-R020_inad_0,REJECT_INADMISSIBLE,EXECUTE_ONLY_IF_R3_MEASURES_INADMISSIBLE_COST,NEEDS_WAREHOUSE_BINDING_R3
NH2-MULTI2-ORDERED-R020,dev,20,NH2-MULTI2-ORDERED-R020-Q20-INAD_1,INADMISSIBLE,SAT_FALSE,NH2-MULTI2-ORDERED-R020_inad_1,REJECT_INADMISSIBLE,EXECUTE_ONLY_IF_R3_MEASURES_INADMISSIBLE_COST,NEEDS_WAREHOUSE_BINDING_R3
NH2-MULTI2-ORDERED-R021,dev,19,NH2-MULTI2-ORDERED-R021-Q19-INAD_0,INADMISSIBLE,SAT_FALSE,NH2-MULTI2-ORDERED-R021_inad_0,REJECT_INADMISSIBLE,EXECUTE_ONLY_IF_R3_MEASURES_INADMISSIBLE_COST,NEEDS_WAREHOUSE_BINDING_R3
NH2-MULTI2-ORDERED-R021,dev,20,NH2-MULTI2-ORDERED-R021-Q20-INAD_1,INADMISSIBLE,SAT_FALSE,NH2-MULTI2-ORDERED-R021_inad_1,REJECT_INADMISSIBLE,EXECUTE_ONLY_IF_R3_MEASURES_INADMISSIBLE_COST,NEEDS_WAREHOUSE_BINDING_R3
NH2-MULTI2-ORDERED-R022,dev,19,NH2-MULTI2-ORDERED-R022-Q19-INAD_0,INADMISSIBLE,SAT_FALSE,NH2-MULTI2-ORDERED-R022_inad_0,REJECT_INADMISSIBLE,EXECUTE_ONLY_IF_R3_MEASURES_INADMISSIBLE_COST,NEEDS_WAREHOUSE_BINDING_R3
NH2-MULTI2-ORDERED-R022,dev,20,NH2-MULTI2-ORDERED-R022-Q20-INAD_1,INADMISSIBLE,SAT_FALSE,NH2-MULTI2-ORDERED-R022_inad_1,REJECT_INADMISSIBLE,EXECUTE_ONLY_IF_R3_MEASURES_INADMISSIBLE_COST,NEEDS_WAREHOUSE_BINDING_R3
NH2-MULTI2-ORDERED-R023,dev,19,NH2-MULTI2-ORDERED-R023-Q19-INAD_0,INADMISSIBLE,SAT_FALSE,NH2-MULTI2-ORDERED-R023_inad_0,REJECT_INADMISSIBLE,EXECUTE_ONLY_IF_R3_MEASURES_INADMISSIBLE_COST,NEEDS_WAREHOUSE_BINDING_R3
NH2-MULTI2-ORDERED-R023,dev,20,NH2-MULTI2-ORDERED-R023-Q20-INAD_1,INADMISSIBLE,SAT_FALSE,NH2-MULTI2-ORDERED-R023_inad_1,REJECT_INADMISSIBLE,EXECUTE_ONLY_IF_R3_MEASURES_INADMISSIBLE_COST,NEEDS_WAREHOUSE_BINDING_R3
NH2-MULTI2-ORDERED-R024,dev,19,NH2-MULTI2-ORDERED-R024-Q19-INAD_0,INADMISSIBLE,SAT_FALSE,NH2-MULTI2-ORDERED-R024_inad_0,REJECT_INADMISSIBLE,EXECUTE_ONLY_IF_R3_MEASURES_INADMISSIBLE_COST,NEEDS_WAREHOUSE_BINDING_R3
NH2-MULTI2-ORDERED-R024,dev,20,NH2-MULTI2-ORDERED-R024-Q20-INAD_1,INADMISSIBLE,SAT_FALSE,NH2-MULTI2-ORDERED-R024_inad_1,REJECT_INADMISSIBLE,EXECUTE_ONLY_IF_R3_MEASURES_INADMISSIBLE_COST,NEEDS_WAREHOUSE_BINDING_R3
NH2-MULTI2-ORDERED-R025,dev,19,NH2-MULTI2-ORDERED-R025-Q19-INAD_0,INADMISSIBLE,SAT_FALSE,NH2-MULTI2-ORDERED-R025_inad_0,REJECT_INADMISSIBLE,EXECUTE_ONLY_IF_R3_MEASURES_INADMISSIBLE_COST,NEEDS_WAREHOUSE_BINDING_R3
NH2-MULTI2-ORDERED-R025,dev,20,NH2-MULTI2-ORDERED-R025-Q20-INAD_1,INADMISSIBLE,SAT_FALSE,NH2-MULTI2-ORDERED-R025_inad_1,REJECT_INADMISSIBLE,EXECUTE_ONLY_IF_R3_MEASURES_INADMISSIBLE_COST,NEEDS_WAREHOUSE_BINDING_R3
NH2-MULTI2-ORDERED-R026,dev,19,NH2-MULTI2-ORDERED-R026-Q19-INAD_0,INADMISSIBLE,SAT_FALSE,NH2-MULTI2-ORDERED-R026_inad_0,REJECT_INADMISSIBLE,EXECUTE_ONLY_IF_R3_MEASURES_INADMISSIBLE_COST,NEEDS_WAREHOUSE_BINDING_R3
NH2-MULTI2-ORDERED-R026,dev,20,NH2-MULTI2-ORDERED-R026-Q20-INAD_1,INADMISSIBLE,SAT_FALSE,NH2-MULTI2-ORDERED-R026_inad_1,REJECT_INADMISSIBLE,EXECUTE_ONLY_IF_R3_MEASURES_INADMISSIBLE_COST,NEEDS_WAREHOUSE_BINDING_R3
NH2-MULTI2-ORDERED-R027,dev,19,NH2-MULTI2-ORDERED-R027-Q19-INAD_0,INADMISSIBLE,SAT_FALSE,NH2-MULTI2-ORDERED-R027_inad_0,REJECT_INADMISSIBLE,EXECUTE_ONLY_IF_R3_MEASURES_INADMISSIBLE_COST,NEEDS_WAREHOUSE_BINDING_R3
NH2-MULTI2-ORDERED-R027,dev,20,NH2-MULTI2-ORDERED-R027-Q20-INAD_1,INADMISSIBLE,SAT_FALSE,NH2-MULTI2-ORDERED-R027_inad_1,REJECT_INADMISSIBLE,EXECUTE_ONLY_IF_R3_MEASURES_INADMISSIBLE_COST,NEEDS_WAREHOUSE_BINDING_R3
NH2-MULTI2-ORDERED-R028,dev,19,NH2-MULTI2-ORDERED-R028-Q19-INAD_0,INADMISSIBLE,SAT_FALSE,NH2-MULTI2-ORDERED-R028_inad_0,REJECT_INADMISSIBLE,EXECUTE_ONLY_IF_R3_MEASURES_INADMISSIBLE_COST,NEEDS_WAREHOUSE_BINDING_R3
NH2-MULTI2-ORDERED-R028,dev,20,NH2-MULTI2-ORDERED-R028-Q20-INAD_1,INADMISSIBLE,SAT_FALSE,NH2-MULTI2-ORDERED-R028_inad_1,REJECT_INADMISSIBLE,EXECUTE_ONLY_IF_R3_MEASURES_INADMISSIBLE_COST,NEEDS_WAREHOUSE_BINDING_R3
NH2-MULTI2-ORDERED-R029,dev,19,NH2-MULTI2-ORDERED-R029-Q19-INAD_0,INADMISSIBLE,SAT_FALSE,NH2-MULTI2-ORDERED-R029_inad_0,REJECT_INADMISSIBLE,EXECUTE_ONLY_IF_R3_MEASURES_INADMISSIBLE_COST,NEEDS_WAREHOUSE_BINDING_R3
NH2-MULTI2-ORDERED-R029,dev,20,NH2-MULTI2-ORDERED-R029-Q20-INAD_1,INADMISSIBLE,SAT_FALSE,NH2-MULTI2-ORDERED-R029_inad_1,REJECT_INADMISSIBLE,EXECUTE_ONLY_IF_R3_MEASURES_INADMISSIBLE_COST,NEEDS_WAREHOUSE_BINDING_R3
NH2-MULTI2-ORDERED-R030,dev,19,NH2-MULTI2-ORDERED-R030-Q19-INAD_0,INADMISSIBLE,SAT_FALSE,NH2-MULTI2-ORDERED-R030_inad_0,REJECT_INADMISSIBLE,EXECUTE_ONLY_IF_R3_MEASURES_INADMISSIBLE_COST,NEEDS_WAREHOUSE_BINDING_R3
NH2-MULTI2-ORDERED-R030,dev,20,NH2-MULTI2-ORDERED-R030-Q20-INAD_1,INADMISSIBLE,SAT_FALSE,NH2-MULTI2-ORDERED-R030_inad_1,REJECT_INADMISSIBLE,EXECUTE_ONLY_IF_R3_MEASURES_INADMISSIBLE_COST,NEEDS_WAREHOUSE_BINDING_R3
NH2-MULTI2-ORDERED-R031,val,19,NH2-MULTI2-ORDERED-R031-Q19-INAD_0,INADMISSIBLE,SAT_FALSE,NH2-MULTI2-ORDERED-R031_inad_0,REJECT_INADMISSIBLE,EXECUTE_ONLY_IF_R3_MEASURES_INADMISSIBLE_COST,NEEDS_WAREHOUSE_BINDING_R3
NH2-MULTI2-ORDERED-R031,val,20,NH2-MULTI2-ORDERED-R031-Q20-INAD_1,INADMISSIBLE,SAT_FALSE,NH2-MULTI2-ORDERED-R031_inad_1,REJECT_INADMISSIBLE,EXECUTE_ONLY_IF_R3_MEASURES_INADMISSIBLE_COST,NEEDS_WAREHOUSE_BINDING_R3
NH2-MULTI2-ORDERED-R032,val,19,NH2-MULTI2-ORDERED-R032-Q19-INAD_0,INADMISSIBLE,SAT_FALSE,NH2-MULTI2-ORDERED-R032_inad_0,REJECT_INADMISSIBLE,EXECUTE_ONLY_IF_R3_MEASURES_INADMISSIBLE_COST,NEEDS_WAREHOUSE_BINDING_R3
NH2-MULTI2-ORDERED-R032,val,20,NH2-MULTI2-ORDERED-R032-Q20-INAD_1,INADMISSIBLE,SAT_FALSE,NH2-MULTI2-ORDERED-R032_inad_1,REJECT_INADMISSIBLE,EXECUTE_ONLY_IF_R3_MEASURES_INADMISSIBLE_COST,NEEDS_WAREHOUSE_BINDING_R3
NH2-MULTI2-ORDERED-R033,val,19,NH2-MULTI2-ORDERED-R033-Q19-INAD_0,INADMISSIBLE,SAT_FALSE,NH2-MULTI2-ORDERED-R033_inad_0,REJECT_INADMISSIBLE,EXECUTE_ONLY_IF_R3_MEASURES_INADMISSIBLE_COST,NEEDS_WAREHOUSE_BINDING_R3
NH2-MULTI2-ORDERED-R033,val,20,NH2-MULTI2-ORDERED-R033-Q20-INAD_1,INADMISSIBLE,SAT_FALSE,NH2-MULTI2-ORDERED-R033_inad_1,REJECT_INADMISSIBLE,EXECUTE_ONLY_IF_R3_MEASURES_INADMISSIBLE_COST,NEEDS_WAREHOUSE_BINDING_R3
NH2-MULTI2-ORDERED-R034,val,19,NH2-MULTI2-ORDERED-R034-Q19-INAD_0,INADMISSIBLE,SAT_FALSE,NH2-MULTI2-ORDERED-R034_inad_0,REJECT_INADMISSIBLE,EXECUTE_ONLY_IF_R3_MEASURES_INADMISSIBLE_COST,NEEDS_WAREHOUSE_BINDING_R3
NH2-MULTI2-ORDERED-R034,val,20,NH2-MULTI2-ORDERED-R034-Q20-INAD_1,INADMISSIBLE,SAT_FALSE,NH2-MULTI2-ORDERED-R034_inad_1,REJECT_INADMISSIBLE,EXECUTE_ONLY_IF_R3_MEASURES_INADMISSIBLE_COST,NEEDS_WAREHOUSE_BINDING_R3
NH2-MULTI2-ORDERED-R035,val,19,NH2-MULTI2-ORDERED-R035-Q19-INAD_0,INADMISSIBLE,SAT_FALSE,NH2-MULTI2-ORDERED-R035_inad_0,REJECT_INADMISSIBLE,EXECUTE_ONLY_IF_R3_MEASURES_INADMISSIBLE_COST,NEEDS_WAREHOUSE_BINDING_R3
NH2-MULTI2-ORDERED-R035,val,20,NH2-MULTI2-ORDERED-R035-Q20-INAD_1,INADMISSIBLE,SAT_FALSE,NH2-MULTI2-ORDERED-R035_inad_1,REJECT_INADMISSIBLE,EXECUTE_ONLY_IF_R3_MEASURES_INADMISSIBLE_COST,NEEDS_WAREHOUSE_BINDING_R3
NH2-MULTI2-ORDERED-R036,val,19,NH2-MULTI2-ORDERED-R036-Q19-INAD_0,INADMISSIBLE,SAT_FALSE,NH2-MULTI2-ORDERED-R036_inad_0,REJECT_INADMISSIBLE,EXECUTE_ONLY_IF_R3_MEASURES_INADMISSIBLE_COST,NEEDS_WAREHOUSE_BINDING_R3
NH2-MULTI2-ORDERED-R036,val,20,NH2-MULTI2-ORDERED-R036-Q20-INAD_1,INADMISSIBLE,SAT_FALSE,NH2-MULTI2-ORDERED-R036_inad_1,REJECT_INADMISSIBLE,EXECUTE_ONLY_IF_R3_MEASURES_INADMISSIBLE_COST,NEEDS_WAREHOUSE_BINDING_R3
NH2-MULTI2-ORDERED-R037,val,19,NH2-MULTI2-ORDERED-R037-Q19-INAD_0,INADMISSIBLE,SAT_FALSE,NH2-MULTI2-ORDERED-R037_inad_0,REJECT_INADMISSIBLE,EXECUTE_ONLY_IF_R3_MEASURES_INADMISSIBLE_COST,NEEDS_WAREHOUSE_BINDING_R3
NH2-MULTI2-ORDERED-R037,val,20,NH2-MULTI2-ORDERED-R037-Q20-INAD_1,INADMISSIBLE,SAT_FALSE,NH2-MULTI2-ORDERED-R037_inad_1,REJECT_INADMISSIBLE,EXECUTE_ONLY_IF_R3_MEASURES_INADMISSIBLE_COST,NEEDS_WAREHOUSE_BINDING_R3
NH2-MULTI2-ORDERED-R038,val,19,NH2-MULTI2-ORDERED-R038-Q19-INAD_0,INADMISSIBLE,SAT_FALSE,NH2-MULTI2-ORDERED-R038_inad_0,REJECT_INADMISSIBLE,EXECUTE_ONLY_IF_R3_MEASURES_INADMISSIBLE_COST,NEEDS_WAREHOUSE_BINDING_R3
NH2-MULTI2-ORDERED-R038,val,20,NH2-MULTI2-ORDERED-R038-Q20-INAD_1,INADMISSIBLE,SAT_FALSE,NH2-MULTI2-ORDERED-R038_inad_1,REJECT_INADMISSIBLE,EXECUTE_ONLY_IF_R3_MEASURES_INADMISSIBLE_COST,NEEDS_WAREHOUSE_BINDING_R3
NH2-MULTI2-ORDERED-R039,val,19,NH2-MULTI2-ORDERED-R039-Q19-INAD_0,INADMISSIBLE,SAT_FALSE,NH2-MULTI2-ORDERED-R039_inad_0,REJECT_INADMISSIBLE,EXECUTE_ONLY_IF_R3_MEASURES_INADMISSIBLE_COST,NEEDS_WAREHOUSE_BINDING_R3
NH2-MULTI2-ORDERED-R039,val,20,NH2-MULTI2-ORDERED-R039-Q20-INAD_1,INADMISSIBLE,SAT_FALSE,NH2-MULTI2-ORDERED-R039_inad_1,REJECT_INADMISSIBLE,EXECUTE_ONLY_IF_R3_MEASURES_INADMISSIBLE_COST,NEEDS_WAREHOUSE_BINDING_R3
NH2-MULTI2-ORDERED-R040,val,19,NH2-MULTI2-ORDERED-R040-Q19-INAD_0,INADMISSIBLE,SAT_FALSE,NH2-MULTI2-ORDERED-R040_inad_0,REJECT_INADMISSIBLE,EXECUTE_ONLY_IF_R3_MEASURES_INADMISSIBLE_COST,NEEDS_WAREHOUSE_BINDING_R3
NH2-MULTI2-ORDERED-R040,val,20,NH2-MULTI2-ORDERED-R040-Q20-INAD_1,INADMISSIBLE,SAT_FALSE,NH2-MULTI2-ORDERED-R040_inad_1,REJECT_INADMISSIBLE,EXECUTE_ONLY_IF_R3_MEASURES_INADMISSIBLE_COST,NEEDS_WAREHOUSE_BINDING_R3
NH2-MULTI2-ORDERED-R041,val,19,NH2-MULTI2-ORDERED-R041-Q19-INAD_0,INADMISSIBLE,SAT_FALSE,NH2-MULTI2-ORDERED-R041_inad_0,REJECT_INADMISSIBLE,EXECUTE_ONLY_IF_R3_MEASURES_INADMISSIBLE_COST,NEEDS_WAREHOUSE_BINDING_R3
NH2-MULTI2-ORDERED-R041,val,20,NH2-MULTI2-ORDERED-R041-Q20-INAD_1,INADMISSIBLE,SAT_FALSE,NH2-MULTI2-ORDERED-R041_inad_1,REJECT_INADMISSIBLE,EXECUTE_ONLY_IF_R3_MEASURES_INADMISSIBLE_COST,NEEDS_WAREHOUSE_BINDING_R3
NH2-MULTI2-ORDERED-R042,val,19,NH2-MULTI2-ORDERED-R042-Q19-INAD_0,INADMISSIBLE,SAT_FALSE,NH2-MULTI2-ORDERED-R042_inad_0,REJECT_INADMISSIBLE,EXECUTE_ONLY_IF_R3_MEASURES_INADMISSIBLE_COST,NEEDS_WAREHOUSE_BINDING_R3
NH2-MULTI2-ORDERED-R042,val,20,NH2-MULTI2-ORDERED-R042-Q20-INAD_1,INADMISSIBLE,SAT_FALSE,NH2-MULTI2-ORDERED-R042_inad_1,REJECT_INADMISSIBLE,EXECUTE_ONLY_IF_R3_MEASURES_INADMISSIBLE_COST,NEEDS_WAREHOUSE_BINDING_R3
NH2-MULTI2-ORDERED-R043,val,19,NH2-MULTI2-ORDERED-R043-Q19-INAD_0,INADMISSIBLE,SAT_FALSE,NH2-MULTI2-ORDERED-R043_inad_0,REJECT_INADMISSIBLE,EXECUTE_ONLY_IF_R3_MEASURES_INADMISSIBLE_COST,NEEDS_WAREHOUSE_BINDING_R3
NH2-MULTI2-ORDERED-R043,val,20,NH2-MULTI2-ORDERED-R043-Q20-INAD_1,INADMISSIBLE,SAT_FALSE,NH2-MULTI2-ORDERED-R043_inad_1,REJECT_INADMISSIBLE,EXECUTE_ONLY_IF_R3_MEASURES_INADMISSIBLE_COST,NEEDS_WAREHOUSE_BINDING_R3
NH2-MULTI2-ORDERED-R044,val,19,NH2-MULTI2-ORDERED-R044-Q19-INAD_0,INADMISSIBLE,SAT_FALSE,NH2-MULTI2-ORDERED-R044_inad_0,REJECT_INADMISSIBLE,EXECUTE_ONLY_IF_R3_MEASURES_INADMISSIBLE_COST,NEEDS_WAREHOUSE_BINDING_R3
NH2-MULTI2-ORDERED-R044,val,20,NH2-MULTI2-ORDERED-R044-Q20-INAD_1,INADMISSIBLE,SAT_FALSE,NH2-MULTI2-ORDERED-R044_inad_1,REJECT_INADMISSIBLE,EXECUTE_ONLY_IF_R3_MEASURES_INADMISSIBLE_COST,NEEDS_WAREHOUSE_BINDING_R3
NH2-MULTI2-ORDERED-R045,val,19,NH2-MULTI2-ORDERED-R045-Q19-INAD_0,INADMISSIBLE,SAT_FALSE,NH2-MULTI2-ORDERED-R045_inad_0,REJECT_INADMISSIBLE,EXECUTE_ONLY_IF_R3_MEASURES_INADMISSIBLE_COST,NEEDS_WAREHOUSE_BINDING_R3
NH2-MULTI2-ORDERED-R045,val,20,NH2-MULTI2-ORDERED-R045-Q20-INAD_1,INADMISSIBLE,SAT_FALSE,NH2-MULTI2-ORDERED-R045_inad_1,REJECT_INADMISSIBLE,EXECUTE_ONLY_IF_R3_MEASURES_INADMISSIBLE_COST,NEEDS_WAREHOUSE_BINDING_R3
NH2-MULTI2-ORDERED-R046,test,19,NH2-MULTI2-ORDERED-R046-Q19-INAD_0,INADMISSIBLE,SAT_FALSE,NH2-MULTI2-ORDERED-R046_inad_0,REJECT_INADMISSIBLE,EXECUTE_ONLY_IF_R3_MEASURES_INADMISSIBLE_COST,NEEDS_WAREHOUSE_BINDING_R3
NH2-MULTI2-ORDERED-R046,test,20,NH2-MULTI2-ORDERED-R046-Q20-INAD_1,INADMISSIBLE,SAT_FALSE,NH2-MULTI2-ORDERED-R046_inad_1,REJECT_INADMISSIBLE,EXECUTE_ONLY_IF_R3_MEASURES_INADMISSIBLE_COST,NEEDS_WAREHOUSE_BINDING_R3
NH2-MULTI2-ORDERED-R047,test,19,NH2-MULTI2-ORDERED-R047-Q19-INAD_0,INADMISSIBLE,SAT_FALSE,NH2-MULTI2-ORDERED-R047_inad_0,REJECT_INADMISSIBLE,EXECUTE_ONLY_IF_R3_MEASURES_INADMISSIBLE_COST,NEEDS_WAREHOUSE_BINDING_R3
NH2-MULTI2-ORDERED-R047,test,20,NH2-MULTI2-ORDERED-R047-Q20-INAD_1,INADMISSIBLE,SAT_FALSE,NH2-MULTI2-ORDERED-R047_inad_1,REJECT_INADMISSIBLE,EXECUTE_ONLY_IF_R3_MEASURES_INADMISSIBLE_COST,NEEDS_WAREHOUSE_BINDING_R3
NH2-MULTI2-ORDERED-R048,test,19,NH2-MULTI2-ORDERED-R048-Q19-INAD_0,INADMISSIBLE,SAT_FALSE,NH2-MULTI2-ORDERED-R048_inad_0,REJECT_INADMISSIBLE,EXECUTE_ONLY_IF_R3_MEASURES_INADMISSIBLE_COST,NEEDS_WAREHOUSE_BINDING_R3
NH2-MULTI2-ORDERED-R048,test,20,NH2-MULTI2-ORDERED-R048-Q20-INAD_1,INADMISSIBLE,SAT_FALSE,NH2-MULTI2-ORDERED-R048_inad_1,REJECT_INADMISSIBLE,EXECUTE_ONLY_IF_R3_MEASURES_INADMISSIBLE_COST,NEEDS_WAREHOUSE_BINDING_R3
NH2-MULTI2-ORDERED-R049,test,19,NH2-MULTI2-ORDERED-R049-Q19-INAD_0,INADMISSIBLE,SAT_FALSE,NH2-MULTI2-ORDERED-R049_inad_0,REJECT_INADMISSIBLE,EXECUTE_ONLY_IF_R3_MEASURES_INADMISSIBLE_COST,NEEDS_WAREHOUSE_BINDING_R3
NH2-MULTI2-ORDERED-R049,test,20,NH2-MULTI2-ORDERED-R049-Q20-INAD_1,INADMISSIBLE,SAT_FALSE,NH2-MULTI2-ORDERED-R049_inad_1,REJECT_INADMISSIBLE,EXECUTE_ONLY_IF_R3_MEASURES_INADMISSIBLE_COST,NEEDS_WAREHOUSE_BINDING_R3
NH2-MULTI2-ORDERED-R050,test,19,NH2-MULTI2-ORDERED-R050-Q19-INAD_0,INADMISSIBLE,SAT_FALSE,NH2-MULTI2-ORDERED-R050_inad_0,REJECT_INADMISSIBLE,EXECUTE_ONLY_IF_R3_MEASURES_INADMISSIBLE_COST,NEEDS_WAREHOUSE_BINDING_R3
NH2-MULTI2-ORDERED-R050,test,20,NH2-MULTI2-ORDERED-R050-Q20-INAD_1,INADMISSIBLE,SAT_FALSE,NH2-MULTI2-ORDERED-R050_inad_1,REJECT_INADMISSIBLE,EXECUTE_ONLY_IF_R3_MEASURES_INADMISSIBLE_COST,NEEDS_WAREHOUSE_BINDING_R3
NH2-MULTI2-ORDERED-R051,test,19,NH2-MULTI2-ORDERED-R051-Q19-INAD_0,INADMISSIBLE,SAT_FALSE,NH2-MULTI2-ORDERED-R051_inad_0,REJECT_INADMISSIBLE,EXECUTE_ONLY_IF_R3_MEASURES_INADMISSIBLE_COST,NEEDS_WAREHOUSE_BINDING_R3
NH2-MULTI2-ORDERED-R051,test,20,NH2-MULTI2-ORDERED-R051-Q20-INAD_1,INADMISSIBLE,SAT_FALSE,NH2-MULTI2-ORDERED-R051_inad_1,REJECT_INADMISSIBLE,EXECUTE_ONLY_IF_R3_MEASURES_INADMISSIBLE_COST,NEEDS_WAREHOUSE_BINDING_R3
NH2-MULTI2-ORDERED-R052,test,19,NH2-MULTI2-ORDERED-R052-Q19-INAD_0,INADMISSIBLE,SAT_FALSE,NH2-MULTI2-ORDERED-R052_inad_0,REJECT_INADMISSIBLE,EXECUTE_ONLY_IF_R3_MEASURES_INADMISSIBLE_COST,NEEDS_WAREHOUSE_BINDING_R3
NH2-MULTI2-ORDERED-R052,test,20,NH2-MULTI2-ORDERED-R052-Q20-INAD_1,INADMISSIBLE,SAT_FALSE,NH2-MULTI2-ORDERED-R052_inad_1,REJECT_INADMISSIBLE,EXECUTE_ONLY_IF_R3_MEASURES_INADMISSIBLE_COST,NEEDS_WAREHOUSE_BINDING_R3
NH2-MULTI2-ORDERED-R053,test,19,NH2-MULTI2-ORDERED-R053-Q19-INAD_0,INADMISSIBLE,SAT_FALSE,NH2-MULTI2-ORDERED-R053_inad_0,REJECT_INADMISSIBLE,EXECUTE_ONLY_IF_R3_MEASURES_INADMISSIBLE_COST,NEEDS_WAREHOUSE_BINDING_R3
NH2-MULTI2-ORDERED-R053,test,20,NH2-MULTI2-ORDERED-R053-Q20-INAD_1,INADMISSIBLE,SAT_FALSE,NH2-MULTI2-ORDERED-R053_inad_1,REJECT_INADMISSIBLE,EXECUTE_ONLY_IF_R3_MEASURES_INADMISSIBLE_COST,NEEDS_WAREHOUSE_BINDING_R3
NH2-MULTI2-ORDERED-R054,test,19,NH2-MULTI2-ORDERED-R054-Q19-INAD_0,INADMISSIBLE,SAT_FALSE,NH2-MULTI2-ORDERED-R054_inad_0,REJECT_INADMISSIBLE,EXECUTE_ONLY_IF_R3_MEASURES_INADMISSIBLE_COST,NEEDS_WAREHOUSE_BINDING_R3
NH2-MULTI2-ORDERED-R054,test,20,NH2-MULTI2-ORDERED-R054-Q20-INAD_1,INADMISSIBLE,SAT_FALSE,NH2-MULTI2-ORDERED-R054_inad_1,REJECT_INADMISSIBLE,EXECUTE_ONLY_IF_R3_MEASURES_INADMISSIBLE_COST,NEEDS_WAREHOUSE_BINDING_R3
NH2-MULTI2-ORDERED-R055,test,19,NH2-MULTI2-ORDERED-R055-Q19-INAD_0,INADMISSIBLE,SAT_FALSE,NH2-MULTI2-ORDERED-R055_inad_0,REJECT_INADMISSIBLE,EXECUTE_ONLY_IF_R3_MEASURES_INADMISSIBLE_COST,NEEDS_WAREHOUSE_BINDING_R3
NH2-MULTI2-ORDERED-R055,test,20,NH2-MULTI2-ORDERED-R055-Q20-INAD_1,INADMISSIBLE,SAT_FALSE,NH2-MULTI2-ORDERED-R055_inad_1,REJECT_INADMISSIBLE,EXECUTE_ONLY_IF_R3_MEASURES_INADMISSIBLE_COST,NEEDS_WAREHOUSE_BINDING_R3
NH2-MULTI2-ORDERED-R056,test,19,NH2-MULTI2-ORDERED-R056-Q19-INAD_0,INADMISSIBLE,SAT_FALSE,NH2-MULTI2-ORDERED-R056_inad_0,REJECT_INADMISSIBLE,EXECUTE_ONLY_IF_R3_MEASURES_INADMISSIBLE_COST,NEEDS_WAREHOUSE_BINDING_R3
NH2-MULTI2-ORDERED-R056,test,20,NH2-MULTI2-ORDERED-R056-Q20-INAD_1,INADMISSIBLE,SAT_FALSE,NH2-MULTI2-ORDERED-R056_inad_1,REJECT_INADMISSIBLE,EXECUTE_ONLY_IF_R3_MEASURES_INADMISSIBLE_COST,NEEDS_WAREHOUSE_BINDING_R3
NH2-MULTI2-ORDERED-R057,test,19,NH2-MULTI2-ORDERED-R057-Q19-INAD_0,INADMISSIBLE,SAT_FALSE,NH2-MULTI2-ORDERED-R057_inad_0,REJECT_INADMISSIBLE,EXECUTE_ONLY_IF_R3_MEASURES_INADMISSIBLE_COST,NEEDS_WAREHOUSE_BINDING_R3
NH2-MULTI2-ORDERED-R057,test,20,NH2-MULTI2-ORDERED-R057-Q20-INAD_1,INADMISSIBLE,SAT_FALSE,NH2-MULTI2-ORDERED-R057_inad_1,REJECT_INADMISSIBLE,EXECUTE_ONLY_IF_R3_MEASURES_INADMISSIBLE_COST,NEEDS_WAREHOUSE_BINDING_R3
NH2-MULTI2-ORDERED-R058,test,19,NH2-MULTI2-ORDERED-R058-Q19-INAD_0,INADMISSIBLE,SAT_FALSE,NH2-MULTI2-ORDERED-R058_inad_0,REJECT_INADMISSIBLE,EXECUTE_ONLY_IF_R3_MEASURES_INADMISSIBLE_COST,NEEDS_WAREHOUSE_BINDING_R3
NH2-MULTI2-ORDERED-R058,test,20,NH2-MULTI2-ORDERED-R058-Q20-INAD_1,INADMISSIBLE,SAT_FALSE,NH2-MULTI2-ORDERED-R058_inad_1,REJECT_INADMISSIBLE,EXECUTE_ONLY_IF_R3_MEASURES_INADMISSIBLE_COST,NEEDS_WAREHOUSE_BINDING_R3
NH2-MULTI2-ORDERED-R059,test,19,NH2-MULTI2-ORDERED-R059-Q19-INAD_0,INADMISSIBLE,SAT_FALSE,NH2-MULTI2-ORDERED-R059_inad_0,REJECT_INADMISSIBLE,EXECUTE_ONLY_IF_R3_MEASURES_INADMISSIBLE_COST,NEEDS_WAREHOUSE_BINDING_R3
NH2-MULTI2-ORDERED-R059,test,20,NH2-MULTI2-ORDERED-R059-Q20-INAD_1,INADMISSIBLE,SAT_FALSE,NH2-MULTI2-ORDERED-R059_inad_1,REJECT_INADMISSIBLE,EXECUTE_ONLY_IF_R3_MEASURES_INADMISSIBLE_COST,NEEDS_WAREHOUSE_BINDING_R3
NH2-MULTI2-ORDERED-R060,test,19,NH2-MULTI2-ORDERED-R060-Q19-INAD_0,INADMISSIBLE,SAT_FALSE,NH2-MULTI2-ORDERED-R060_inad_0,REJECT_INADMISSIBLE,EXECUTE_ONLY_IF_R3_MEASURES_INADMISSIBLE_COST,NEEDS_WAREHOUSE_BINDING_R3
NH2-MULTI2-ORDERED-R060,test,20,NH2-MULTI2-ORDERED-R060-Q20-INAD_1,INADMISSIBLE,SAT_FALSE,NH2-MULTI2-ORDERED-R060_inad_1,REJECT_INADMISSIBLE,EXECUTE_ONLY_IF_R3_MEASURES_INADMISSIBLE_COST,NEEDS_WAREHOUSE_BINDING_R3
NH2-MULTI2-OUT_OF_ORDER-R001,dev,19,NH2-MULTI2-OUT_OF_ORDER-R001-Q19-INAD_0,INADMISSIBLE,SAT_FALSE,NH2-MULTI2-OUT_OF_ORDER-R001_inad_0,REJECT_INADMISSIBLE,EXECUTE_ONLY_IF_R3_MEASURES_INADMISSIBLE_COST,NEEDS_WAREHOUSE_BINDING_R3
NH2-MULTI2-OUT_OF_ORDER-R001,dev,20,NH2-MULTI2-OUT_OF_ORDER-R001-Q20-INAD_1,INADMISSIBLE,SAT_FALSE,NH2-MULTI2-OUT_OF_ORDER-R001_inad_1,REJECT_INADMISSIBLE,EXECUTE_ONLY_IF_R3_MEASURES_INADMISSIBLE_COST,NEEDS_WAREHOUSE_BINDING_R3
NH2-MULTI2-OUT_OF_ORDER-R002,dev,19,NH2-MULTI2-OUT_OF_ORDER-R002-Q19-INAD_0,INADMISSIBLE,SAT_FALSE,NH2-MULTI2-OUT_OF_ORDER-R002_inad_0,REJECT_INADMISSIBLE,EXECUTE_ONLY_IF_R3_MEASURES_INADMISSIBLE_COST,NEEDS_WAREHOUSE_BINDING_R3
NH2-MULTI2-OUT_OF_ORDER-R002,dev,20,NH2-MULTI2-OUT_OF_ORDER-R002-Q20-INAD_1,INADMISSIBLE,SAT_FALSE,NH2-MULTI2-OUT_OF_ORDER-R002_inad_1,REJECT_INADMISSIBLE,EXECUTE_ONLY_IF_R3_MEASURES_INADMISSIBLE_COST,NEEDS_WAREHOUSE_BINDING_R3
NH2-MULTI2-OUT_OF_ORDER-R003,dev,19,NH2-MULTI2-OUT_OF_ORDER-R003-Q19-INAD_0,INADMISSIBLE,SAT_FALSE,NH2-MULTI2-OUT_OF_ORDER-R003_inad_0,REJECT_INADMISSIBLE,EXECUTE_ONLY_IF_R3_MEASURES_INADMISSIBLE_COST,NEEDS_WAREHOUSE_BINDING_R3
NH2-MULTI2-OUT_OF_ORDER-R003,dev,20,NH2-MULTI2-OUT_OF_ORDER-R003-Q20-INAD_1,INADMISSIBLE,SAT_FALSE,NH2-MULTI2-OUT_OF_ORDER-R003_inad_1,REJECT_INADMISSIBLE,EXECUTE_ONLY_IF_R3_MEASURES_INADMISSIBLE_COST,NEEDS_WAREHOUSE_BINDING_R3
NH2-MULTI2-OUT_OF_ORDER-R004,dev,19,NH2-MULTI2-OUT_OF_ORDER-R004-Q19-INAD_0,INADMISSIBLE,SAT_FALSE,NH2-MULTI2-OUT_OF_ORDER-R004_inad_0,REJECT_INADMISSIBLE,EXECUTE_ONLY_IF_R3_MEASURES_INADMISSIBLE_COST,NEEDS_WAREHOUSE_BINDING_R3
NH2-MULTI2-OUT_OF_ORDER-R004,dev,20,NH2-MULTI2-OUT_OF_ORDER-R004-Q20-INAD_1,INADMISSIBLE,SAT_FALSE,NH2-MULTI2-OUT_OF_ORDER-R004_inad_1,REJECT_INADMISSIBLE,EXECUTE_ONLY_IF_R3_MEASURES_INADMISSIBLE_COST,NEEDS_WAREHOUSE_BINDING_R3
NH2-MULTI2-OUT_OF_ORDER-R005,dev,19,NH2-MULTI2-OUT_OF_ORDER-R005-Q19-INAD_0,INADMISSIBLE,SAT_FALSE,NH2-MULTI2-OUT_OF_ORDER-R005_inad_0,REJECT_INADMISSIBLE,EXECUTE_ONLY_IF_R3_MEASURES_INADMISSIBLE_COST,NEEDS_WAREHOUSE_BINDING_R3
NH2-MULTI2-OUT_OF_ORDER-R005,dev,20,NH2-MULTI2-OUT_OF_ORDER-R005-Q20-INAD_1,INADMISSIBLE,SAT_FALSE,NH2-MULTI2-OUT_OF_ORDER-R005_inad_1,REJECT_INADMISSIBLE,EXECUTE_ONLY_IF_R3_MEASURES_INADMISSIBLE_COST,NEEDS_WAREHOUSE_BINDING_R3
NH2-MULTI2-OUT_OF_ORDER-R006,dev,19,NH2-MULTI2-OUT_OF_ORDER-R006-Q19-INAD_0,INADMISSIBLE,SAT_FALSE,NH2-MULTI2-OUT_OF_ORDER-R006_inad_0,REJECT_INADMISSIBLE,EXECUTE_ONLY_IF_R3_MEASURES_INADMISSIBLE_COST,NEEDS_WAREHOUSE_BINDING_R3
NH2-MULTI2-OUT_OF_ORDER-R006,dev,20,NH2-MULTI2-OUT_OF_ORDER-R006-Q20-INAD_1,INADMISSIBLE,SAT_FALSE,NH2-MULTI2-OUT_OF_ORDER-R006_inad_1,REJECT_INADMISSIBLE,EXECUTE_ONLY_IF_R3_MEASURES_INADMISSIBLE_COST,NEEDS_WAREHOUSE_BINDING_R3
NH2-MULTI2-OUT_OF_ORDER-R007,dev,19,NH2-MULTI2-OUT_OF_ORDER-R007-Q19-INAD_0,INADMISSIBLE,SAT_FALSE,NH2-MULTI2-OUT_OF_ORDER-R007_inad_0,REJECT_INADMISSIBLE,EXECUTE_ONLY_IF_R3_MEASURES_INADMISSIBLE_COST,NEEDS_WAREHOUSE_BINDING_R3
NH2-MULTI2-OUT_OF_ORDER-R007,dev,20,NH2-MULTI2-OUT_OF_ORDER-R007-Q20-INAD_1,INADMISSIBLE,SAT_FALSE,NH2-MULTI2-OUT_OF_ORDER-R007_inad_1,REJECT_INADMISSIBLE,EXECUTE_ONLY_IF_R3_MEASURES_INADMISSIBLE_COST,NEEDS_WAREHOUSE_BINDING_R3
NH2-MULTI2-OUT_OF_ORDER-R008,dev,19,NH2-MULTI2-OUT_OF_ORDER-R008-Q19-INAD_0,INADMISSIBLE,SAT_FALSE,NH2-MULTI2-OUT_OF_ORDER-R008_inad_0,REJECT_INADMISSIBLE,EXECUTE_ONLY_IF_R3_MEASURES_INADMISSIBLE_COST,NEEDS_WAREHOUSE_BINDING_R3
NH2-MULTI2-OUT_OF_ORDER-R008,dev,20,NH2-MULTI2-OUT_OF_ORDER-R008-Q20-INAD_1,INADMISSIBLE,SAT_FALSE,NH2-MULTI2-OUT_OF_ORDER-R008_inad_1,REJECT_INADMISSIBLE,EXECUTE_ONLY_IF_R3_MEASURES_INADMISSIBLE_COST,NEEDS_WAREHOUSE_BINDING_R3
NH2-MULTI2-OUT_OF_ORDER-R009,dev,19,NH2-MULTI2-OUT_OF_ORDER-R009-Q19-INAD_0,INADMISSIBLE,SAT_FALSE,NH2-MULTI2-OUT_OF_ORDER-R009_inad_0,REJECT_INADMISSIBLE,EXECUTE_ONLY_IF_R3_MEASURES_INADMISSIBLE_COST,NEEDS_WAREHOUSE_BINDING_R3
NH2-MULTI2-OUT_OF_ORDER-R009,dev,20,NH2-MULTI2-OUT_OF_ORDER-R009-Q20-INAD_1,INADMISSIBLE,SAT_FALSE,NH2-MULTI2-OUT_OF_ORDER-R009_inad_1,REJECT_INADMISSIBLE,EXECUTE_ONLY_IF_R3_MEASURES_INADMISSIBLE_COST,NEEDS_WAREHOUSE_BINDING_R3
NH2-MULTI2-OUT_OF_ORDER-R010,dev,19,NH2-MULTI2-OUT_OF_ORDER-R010-Q19-INAD_0,INADMISSIBLE,SAT_FALSE,NH2-MULTI2-OUT_OF_ORDER-R010_inad_0,REJECT_INADMISSIBLE,EXECUTE_ONLY_IF_R3_MEASURES_INADMISSIBLE_COST,NEEDS_WAREHOUSE_BINDING_R3
NH2-MULTI2-OUT_OF_ORDER-R010,dev,20,NH2-MULTI2-OUT_OF_ORDER-R010-Q20-INAD_1,INADMISSIBLE,SAT_FALSE,NH2-MULTI2-OUT_OF_ORDER-R010_inad_1,REJECT_INADMISSIBLE,EXECUTE_ONLY_IF_R3_MEASURES_INADMISSIBLE_COST,NEEDS_WAREHOUSE_BINDING_R3
NH2-MULTI2-OUT_OF_ORDER-R011,dev,19,NH2-MULTI2-OUT_OF_ORDER-R011-Q19-INAD_0,INADMISSIBLE,SAT_FALSE,NH2-MULTI2-OUT_OF_ORDER-R011_inad_0,REJECT_INADMISSIBLE,EXECUTE_ONLY_IF_R3_MEASURES_INADMISSIBLE_COST,NEEDS_WAREHOUSE_BINDING_R3
NH2-MULTI2-OUT_OF_ORDER-R011,dev,20,NH2-MULTI2-OUT_OF_ORDER-R011-Q20-INAD_1,INADMISSIBLE,SAT_FALSE,NH2-MULTI2-OUT_OF_ORDER-R011_inad_1,REJECT_INADMISSIBLE,EXECUTE_ONLY_IF_R3_MEASURES_INADMISSIBLE_COST,NEEDS_WAREHOUSE_BINDING_R3
NH2-MULTI2-OUT_OF_ORDER-R012,dev,19,NH2-MULTI2-OUT_OF_ORDER-R012-Q19-INAD_0,INADMISSIBLE,SAT_FALSE,NH2-MULTI2-OUT_OF_ORDER-R012_inad_0,REJECT_INADMISSIBLE,EXECUTE_ONLY_IF_R3_MEASURES_INADMISSIBLE_COST,NEEDS_WAREHOUSE_BINDING_R3
NH2-MULTI2-OUT_OF_ORDER-R012,dev,20,NH2-MULTI2-OUT_OF_ORDER-R012-Q20-INAD_1,INADMISSIBLE,SAT_FALSE,NH2-MULTI2-OUT_OF_ORDER-R012_inad_1,REJECT_INADMISSIBLE,EXECUTE_ONLY_IF_R3_MEASURES_INADMISSIBLE_COST,NEEDS_WAREHOUSE_BINDING_R3
NH2-MULTI2-OUT_OF_ORDER-R013,dev,19,NH2-MULTI2-OUT_OF_ORDER-R013-Q19-INAD_0,INADMISSIBLE,SAT_FALSE,NH2-MULTI2-OUT_OF_ORDER-R013_inad_0,REJECT_INADMISSIBLE,EXECUTE_ONLY_IF_R3_MEASURES_INADMISSIBLE_COST,NEEDS_WAREHOUSE_BINDING_R3
NH2-MULTI2-OUT_OF_ORDER-R013,dev,20,NH2-MULTI2-OUT_OF_ORDER-R013-Q20-INAD_1,INADMISSIBLE,SAT_FALSE,NH2-MULTI2-OUT_OF_ORDER-R013_inad_1,REJECT_INADMISSIBLE,EXECUTE_ONLY_IF_R3_MEASURES_INADMISSIBLE_COST,NEEDS_WAREHOUSE_BINDING_R3
NH2-MULTI2-OUT_OF_ORDER-R014,dev,19,NH2-MULTI2-OUT_OF_ORDER-R014-Q19-INAD_0,INADMISSIBLE,SAT_FALSE,NH2-MULTI2-OUT_OF_ORDER-R014_inad_0,REJECT_INADMISSIBLE,EXECUTE_ONLY_IF_R3_MEASURES_INADMISSIBLE_COST,NEEDS_WAREHOUSE_BINDING_R3
NH2-MULTI2-OUT_OF_ORDER-R014,dev,20,NH2-MULTI2-OUT_OF_ORDER-R014-Q20-INAD_1,INADMISSIBLE,SAT_FALSE,NH2-MULTI2-OUT_OF_ORDER-R014_inad_1,REJECT_INADMISSIBLE,EXECUTE_ONLY_IF_R3_MEASURES_INADMISSIBLE_COST,NEEDS_WAREHOUSE_BINDING_R3
NH2-MULTI2-OUT_OF_ORDER-R015,dev,19,NH2-MULTI2-OUT_OF_ORDER-R015-Q19-INAD_0,INADMISSIBLE,SAT_FALSE,NH2-MULTI2-OUT_OF_ORDER-R015_inad_0,REJECT_INADMISSIBLE,EXECUTE_ONLY_IF_R3_MEASURES_INADMISSIBLE_COST,NEEDS_WAREHOUSE_BINDING_R3
NH2-MULTI2-OUT_OF_ORDER-R015,dev,20,NH2-MULTI2-OUT_OF_ORDER-R015-Q20-INAD_1,INADMISSIBLE,SAT_FALSE,NH2-MULTI2-OUT_OF_ORDER-R015_inad_1,REJECT_INADMISSIBLE,EXECUTE_ONLY_IF_R3_MEASURES_INADMISSIBLE_COST,NEEDS_WAREHOUSE_BINDING_R3
NH2-MULTI2-OUT_OF_ORDER-R016,dev,19,NH2-MULTI2-OUT_OF_ORDER-R016-Q19-INAD_0,INADMISSIBLE,SAT_FALSE,NH2-MULTI2-OUT_OF_ORDER-R016_inad_0,REJECT_INADMISSIBLE,EXECUTE_ONLY_IF_R3_MEASURES_INADMISSIBLE_COST,NEEDS_WAREHOUSE_BINDING_R3
NH2-MULTI2-OUT_OF_ORDER-R016,dev,20,NH2-MULTI2-OUT_OF_ORDER-R016-Q20-INAD_1,INADMISSIBLE,SAT_FALSE,NH2-MULTI2-OUT_OF_ORDER-R016_inad_1,REJECT_INADMISSIBLE,EXECUTE_ONLY_IF_R3_MEASURES_INADMISSIBLE_COST,NEEDS_WAREHOUSE_BINDING_R3
NH2-MULTI2-OUT_OF_ORDER-R017,dev,19,NH2-MULTI2-OUT_OF_ORDER-R017-Q19-INAD_0,INADMISSIBLE,SAT_FALSE,NH2-MULTI2-OUT_OF_ORDER-R017_inad_0,REJECT_INADMISSIBLE,EXECUTE_ONLY_IF_R3_MEASURES_INADMISSIBLE_COST,NEEDS_WAREHOUSE_BINDING_R3
NH2-MULTI2-OUT_OF_ORDER-R017,dev,20,NH2-MULTI2-OUT_OF_ORDER-R017-Q20-INAD_1,INADMISSIBLE,SAT_FALSE,NH2-MULTI2-OUT_OF_ORDER-R017_inad_1,REJECT_INADMISSIBLE,EXECUTE_ONLY_IF_R3_MEASURES_INADMISSIBLE_COST,NEEDS_WAREHOUSE_BINDING_R3
NH2-MULTI2-OUT_OF_ORDER-R018,dev,19,NH2-MULTI2-OUT_OF_ORDER-R018-Q19-INAD_0,INADMISSIBLE,SAT_FALSE,NH2-MULTI2-OUT_OF_ORDER-R018_inad_0,REJECT_INADMISSIBLE,EXECUTE_ONLY_IF_R3_MEASURES_INADMISSIBLE_COST,NEEDS_WAREHOUSE_BINDING_R3
NH2-MULTI2-OUT_OF_ORDER-R018,dev,20,NH2-MULTI2-OUT_OF_ORDER-R018-Q20-INAD_1,INADMISSIBLE,SAT_FALSE,NH2-MULTI2-OUT_OF_ORDER-R018_inad_1,REJECT_INADMISSIBLE,EXECUTE_ONLY_IF_R3_MEASURES_INADMISSIBLE_COST,NEEDS_WAREHOUSE_BINDING_R3
NH2-MULTI2-OUT_OF_ORDER-R019,dev,19,NH2-MULTI2-OUT_OF_ORDER-R019-Q19-INAD_0,INADMISSIBLE,SAT_FALSE,NH2-MULTI2-OUT_OF_ORDER-R019_inad_0,REJECT_INADMISSIBLE,EXECUTE_ONLY_IF_R3_MEASURES_INADMISSIBLE_COST,NEEDS_WAREHOUSE_BINDING_R3
NH2-MULTI2-OUT_OF_ORDER-R019,dev,20,NH2-MULTI2-OUT_OF_ORDER-R019-Q20-INAD_1,INADMISSIBLE,SAT_FALSE,NH2-MULTI2-OUT_OF_ORDER-R019_inad_1,REJECT_INADMISSIBLE,EXECUTE_ONLY_IF_R3_MEASURES_INADMISSIBLE_COST,NEEDS_WAREHOUSE_BINDING_R3
NH2-MULTI2-OUT_OF_ORDER-R020,dev,19,NH2-MULTI2-OUT_OF_ORDER-R020-Q19-INAD_0,INADMISSIBLE,SAT_FALSE,NH2-MULTI2-OUT_OF_ORDER-R020_inad_0,REJECT_INADMISSIBLE,EXECUTE_ONLY_IF_R3_MEASURES_INADMISSIBLE_COST,NEEDS_WAREHOUSE_BINDING_R3
NH2-MULTI2-OUT_OF_ORDER-R020,dev,20,NH2-MULTI2-OUT_OF_ORDER-R020-Q20-INAD_1,INADMISSIBLE,SAT_FALSE,NH2-MULTI2-OUT_OF_ORDER-R020_inad_1,REJECT_INADMISSIBLE,EXECUTE_ONLY_IF_R3_MEASURES_INADMISSIBLE_COST,NEEDS_WAREHOUSE_BINDING_R3
NH2-MULTI2-OUT_OF_ORDER-R021,dev,19,NH2-MULTI2-OUT_OF_ORDER-R021-Q19-INAD_0,INADMISSIBLE,SAT_FALSE,NH2-MULTI2-OUT_OF_ORDER-R021_inad_0,REJECT_INADMISSIBLE,EXECUTE_ONLY_IF_R3_MEASURES_INADMISSIBLE_COST,NEEDS_WAREHOUSE_BINDING_R3
NH2-MULTI2-OUT_OF_ORDER-R021,dev,20,NH2-MULTI2-OUT_OF_ORDER-R021-Q20-INAD_1,INADMISSIBLE,SAT_FALSE,NH2-MULTI2-OUT_OF_ORDER-R021_inad_1,REJECT_INADMISSIBLE,EXECUTE_ONLY_IF_R3_MEASURES_INADMISSIBLE_COST,NEEDS_WAREHOUSE_BINDING_R3
NH2-MULTI2-OUT_OF_ORDER-R022,dev,19,NH2-MULTI2-OUT_OF_ORDER-R022-Q19-INAD_0,INADMISSIBLE,SAT_FALSE,NH2-MULTI2-OUT_OF_ORDER-R022_inad_0,REJECT_INADMISSIBLE,EXECUTE_ONLY_IF_R3_MEASURES_INADMISSIBLE_COST,NEEDS_WAREHOUSE_BINDING_R3
NH2-MULTI2-OUT_OF_ORDER-R022,dev,20,NH2-MULTI2-OUT_OF_ORDER-R022-Q20-INAD_1,INADMISSIBLE,SAT_FALSE,NH2-MULTI2-OUT_OF_ORDER-R022_inad_1,REJECT_INADMISSIBLE,EXECUTE_ONLY_IF_R3_MEASURES_INADMISSIBLE_COST,NEEDS_WAREHOUSE_BINDING_R3
NH2-MULTI2-OUT_OF_ORDER-R023,dev,19,NH2-MULTI2-OUT_OF_ORDER-R023-Q19-INAD_0,INADMISSIBLE,SAT_FALSE,NH2-MULTI2-OUT_OF_ORDER-R023_inad_0,REJECT_INADMISSIBLE,EXECUTE_ONLY_IF_R3_MEASURES_INADMISSIBLE_COST,NEEDS_WAREHOUSE_BINDING_R3
NH2-MULTI2-OUT_OF_ORDER-R023,dev,20,NH2-MULTI2-OUT_OF_ORDER-R023-Q20-INAD_1,INADMISSIBLE,SAT_FALSE,NH2-MULTI2-OUT_OF_ORDER-R023_inad_1,REJECT_INADMISSIBLE,EXECUTE_ONLY_IF_R3_MEASURES_INADMISSIBLE_COST,NEEDS_WAREHOUSE_BINDING_R3
NH2-MULTI2-OUT_OF_ORDER-R024,dev,19,NH2-MULTI2-OUT_OF_ORDER-R024-Q19-INAD_0,INADMISSIBLE,SAT_FALSE,NH2-MULTI2-OUT_OF_ORDER-R024_inad_0,REJECT_INADMISSIBLE,EXECUTE_ONLY_IF_R3_MEASURES_INADMISSIBLE_COST,NEEDS_WAREHOUSE_BINDING_R3
NH2-MULTI2-OUT_OF_ORDER-R024,dev,20,NH2-MULTI2-OUT_OF_ORDER-R024-Q20-INAD_1,INADMISSIBLE,SAT_FALSE,NH2-MULTI2-OUT_OF_ORDER-R024_inad_1,REJECT_INADMISSIBLE,EXECUTE_ONLY_IF_R3_MEASURES_INADMISSIBLE_COST,NEEDS_WAREHOUSE_BINDING_R3
NH2-MULTI2-OUT_OF_ORDER-R025,dev,19,NH2-MULTI2-OUT_OF_ORDER-R025-Q19-INAD_0,INADMISSIBLE,SAT_FALSE,NH2-MULTI2-OUT_OF_ORDER-R025_inad_0,REJECT_INADMISSIBLE,EXECUTE_ONLY_IF_R3_MEASURES_INADMISSIBLE_COST,NEEDS_WAREHOUSE_BINDING_R3
NH2-MULTI2-OUT_OF_ORDER-R025,dev,20,NH2-MULTI2-OUT_OF_ORDER-R025-Q20-INAD_1,INADMISSIBLE,SAT_FALSE,NH2-MULTI2-OUT_OF_ORDER-R025_inad_1,REJECT_INADMISSIBLE,EXECUTE_ONLY_IF_R3_MEASURES_INADMISSIBLE_COST,NEEDS_WAREHOUSE_BINDING_R3
NH2-MULTI2-OUT_OF_ORDER-R026,dev,19,NH2-MULTI2-OUT_OF_ORDER-R026-Q19-INAD_0,INADMISSIBLE,SAT_FALSE,NH2-MULTI2-OUT_OF_ORDER-R026_inad_0,REJECT_INADMISSIBLE,EXECUTE_ONLY_IF_R3_MEASURES_INADMISSIBLE_COST,NEEDS_WAREHOUSE_BINDING_R3
NH2-MULTI2-OUT_OF_ORDER-R026,dev,20,NH2-MULTI2-OUT_OF_ORDER-R026-Q20-INAD_1,INADMISSIBLE,SAT_FALSE,NH2-MULTI2-OUT_OF_ORDER-R026_inad_1,REJECT_INADMISSIBLE,EXECUTE_ONLY_IF_R3_MEASURES_INADMISSIBLE_COST,NEEDS_WAREHOUSE_BINDING_R3
NH2-MULTI2-OUT_OF_ORDER-R027,dev,19,NH2-MULTI2-OUT_OF_ORDER-R027-Q19-INAD_0,INADMISSIBLE,SAT_FALSE,NH2-MULTI2-OUT_OF_ORDER-R027_inad_0,REJECT_INADMISSIBLE,EXECUTE_ONLY_IF_R3_MEASURES_INADMISSIBLE_COST,NEEDS_WAREHOUSE_BINDING_R3
NH2-MULTI2-OUT_OF_ORDER-R027,dev,20,NH2-MULTI2-OUT_OF_ORDER-R027-Q20-INAD_1,INADMISSIBLE,SAT_FALSE,NH2-MULTI2-OUT_OF_ORDER-R027_inad_1,REJECT_INADMISSIBLE,EXECUTE_ONLY_IF_R3_MEASURES_INADMISSIBLE_COST,NEEDS_WAREHOUSE_BINDING_R3
NH2-MULTI2-OUT_OF_ORDER-R028,dev,19,NH2-MULTI2-OUT_OF_ORDER-R028-Q19-INAD_0,INADMISSIBLE,SAT_FALSE,NH2-MULTI2-OUT_OF_ORDER-R028_inad_0,REJECT_INADMISSIBLE,EXECUTE_ONLY_IF_R3_MEASURES_INADMISSIBLE_COST,NEEDS_WAREHOUSE_BINDING_R3
NH2-MULTI2-OUT_OF_ORDER-R028,dev,20,NH2-MULTI2-OUT_OF_ORDER-R028-Q20-INAD_1,INADMISSIBLE,SAT_FALSE,NH2-MULTI2-OUT_OF_ORDER-R028_inad_1,REJECT_INADMISSIBLE,EXECUTE_ONLY_IF_R3_MEASURES_INADMISSIBLE_COST,NEEDS_WAREHOUSE_BINDING_R3
NH2-MULTI2-OUT_OF_ORDER-R029,dev,19,NH2-MULTI2-OUT_OF_ORDER-R029-Q19-INAD_0,INADMISSIBLE,SAT_FALSE,NH2-MULTI2-OUT_OF_ORDER-R029_inad_0,REJECT_INADMISSIBLE,EXECUTE_ONLY_IF_R3_MEASURES_INADMISSIBLE_COST,NEEDS_WAREHOUSE_BINDING_R3
NH2-MULTI2-OUT_OF_ORDER-R029,dev,20,NH2-MULTI2-OUT_OF_ORDER-R029-Q20-INAD_1,INADMISSIBLE,SAT_FALSE,NH2-MULTI2-OUT_OF_ORDER-R029_inad_1,REJECT_INADMISSIBLE,EXECUTE_ONLY_IF_R3_MEASURES_INADMISSIBLE_COST,NEEDS_WAREHOUSE_BINDING_R3
NH2-MULTI2-OUT_OF_ORDER-R030,dev,19,NH2-MULTI2-OUT_OF_ORDER-R030-Q19-INAD_0,INADMISSIBLE,SAT_FALSE,NH2-MULTI2-OUT_OF_ORDER-R030_inad_0,REJECT_INADMISSIBLE,EXECUTE_ONLY_IF_R3_MEASURES_INADMISSIBLE_COST,NEEDS_WAREHOUSE_BINDING_R3
NH2-MULTI2-OUT_OF_ORDER-R030,dev,20,NH2-MULTI2-OUT_OF_ORDER-R030-Q20-INAD_1,INADMISSIBLE,SAT_FALSE,NH2-MULTI2-OUT_OF_ORDER-R030_inad_1,REJECT_INADMISSIBLE,EXECUTE_ONLY_IF_R3_MEASURES_INADMISSIBLE_COST,NEEDS_WAREHOUSE_BINDING_R3
NH2-MULTI2-OUT_OF_ORDER-R031,val,19,NH2-MULTI2-OUT_OF_ORDER-R031-Q19-INAD_0,INADMISSIBLE,SAT_FALSE,NH2-MULTI2-OUT_OF_ORDER-R031_inad_0,REJECT_INADMISSIBLE,EXECUTE_ONLY_IF_R3_MEASURES_INADMISSIBLE_COST,NEEDS_WAREHOUSE_BINDING_R3
NH2-MULTI2-OUT_OF_ORDER-R031,val,20,NH2-MULTI2-OUT_OF_ORDER-R031-Q20-INAD_1,INADMISSIBLE,SAT_FALSE,NH2-MULTI2-OUT_OF_ORDER-R031_inad_1,REJECT_INADMISSIBLE,EXECUTE_ONLY_IF_R3_MEASURES_INADMISSIBLE_COST,NEEDS_WAREHOUSE_BINDING_R3
NH2-MULTI2-OUT_OF_ORDER-R032,val,19,NH2-MULTI2-OUT_OF_ORDER-R032-Q19-INAD_0,INADMISSIBLE,SAT_FALSE,NH2-MULTI2-OUT_OF_ORDER-R032_inad_0,REJECT_INADMISSIBLE,EXECUTE_ONLY_IF_R3_MEASURES_INADMISSIBLE_COST,NEEDS_WAREHOUSE_BINDING_R3
NH2-MULTI2-OUT_OF_ORDER-R032,val,20,NH2-MULTI2-OUT_OF_ORDER-R032-Q20-INAD_1,INADMISSIBLE,SAT_FALSE,NH2-MULTI2-OUT_OF_ORDER-R032_inad_1,REJECT_INADMISSIBLE,EXECUTE_ONLY_IF_R3_MEASURES_INADMISSIBLE_COST,NEEDS_WAREHOUSE_BINDING_R3
NH2-MULTI2-OUT_OF_ORDER-R033,val,19,NH2-MULTI2-OUT_OF_ORDER-R033-Q19-INAD_0,INADMISSIBLE,SAT_FALSE,NH2-MULTI2-OUT_OF_ORDER-R033_inad_0,REJECT_INADMISSIBLE,EXECUTE_ONLY_IF_R3_MEASURES_INADMISSIBLE_COST,NEEDS_WAREHOUSE_BINDING_R3
NH2-MULTI2-OUT_OF_ORDER-R033,val,20,NH2-MULTI2-OUT_OF_ORDER-R033-Q20-INAD_1,INADMISSIBLE,SAT_FALSE,NH2-MULTI2-OUT_OF_ORDER-R033_inad_1,REJECT_INADMISSIBLE,EXECUTE_ONLY_IF_R3_MEASURES_INADMISSIBLE_COST,NEEDS_WAREHOUSE_BINDING_R3
NH2-MULTI2-OUT_OF_ORDER-R034,val,19,NH2-MULTI2-OUT_OF_ORDER-R034-Q19-INAD_0,INADMISSIBLE,SAT_FALSE,NH2-MULTI2-OUT_OF_ORDER-R034_inad_0,REJECT_INADMISSIBLE,EXECUTE_ONLY_IF_R3_MEASURES_INADMISSIBLE_COST,NEEDS_WAREHOUSE_BINDING_R3
NH2-MULTI2-OUT_OF_ORDER-R034,val,20,NH2-MULTI2-OUT_OF_ORDER-R034-Q20-INAD_1,INADMISSIBLE,SAT_FALSE,NH2-MULTI2-OUT_OF_ORDER-R034_inad_1,REJECT_INADMISSIBLE,EXECUTE_ONLY_IF_R3_MEASURES_INADMISSIBLE_COST,NEEDS_WAREHOUSE_BINDING_R3
NH2-MULTI2-OUT_OF_ORDER-R035,val,19,NH2-MULTI2-OUT_OF_ORDER-R035-Q19-INAD_0,INADMISSIBLE,SAT_FALSE,NH2-MULTI2-OUT_OF_ORDER-R035_inad_0,REJECT_INADMISSIBLE,EXECUTE_ONLY_IF_R3_MEASURES_INADMISSIBLE_COST,NEEDS_WAREHOUSE_BINDING_R3
NH2-MULTI2-OUT_OF_ORDER-R035,val,20,NH2-MULTI2-OUT_OF_ORDER-R035-Q20-INAD_1,INADMISSIBLE,SAT_FALSE,NH2-MULTI2-OUT_OF_ORDER-R035_inad_1,REJECT_INADMISSIBLE,EXECUTE_ONLY_IF_R3_MEASURES_INADMISSIBLE_COST,NEEDS_WAREHOUSE_BINDING_R3
NH2-MULTI2-OUT_OF_ORDER-R036,val,19,NH2-MULTI2-OUT_OF_ORDER-R036-Q19-INAD_0,INADMISSIBLE,SAT_FALSE,NH2-MULTI2-OUT_OF_ORDER-R036_inad_0,REJECT_INADMISSIBLE,EXECUTE_ONLY_IF_R3_MEASURES_INADMISSIBLE_COST,NEEDS_WAREHOUSE_BINDING_R3
NH2-MULTI2-OUT_OF_ORDER-R036,val,20,NH2-MULTI2-OUT_OF_ORDER-R036-Q20-INAD_1,INADMISSIBLE,SAT_FALSE,NH2-MULTI2-OUT_OF_ORDER-R036_inad_1,REJECT_INADMISSIBLE,EXECUTE_ONLY_IF_R3_MEASURES_INADMISSIBLE_COST,NEEDS_WAREHOUSE_BINDING_R3
NH2-MULTI2-OUT_OF_ORDER-R037,val,19,NH2-MULTI2-OUT_OF_ORDER-R037-Q19-INAD_0,INADMISSIBLE,SAT_FALSE,NH2-MULTI2-OUT_OF_ORDER-R037_inad_0,REJECT_INADMISSIBLE,EXECUTE_ONLY_IF_R3_MEASURES_INADMISSIBLE_COST,NEEDS_WAREHOUSE_BINDING_R3
NH2-MULTI2-OUT_OF_ORDER-R037,val,20,NH2-MULTI2-OUT_OF_ORDER-R037-Q20-INAD_1,INADMISSIBLE,SAT_FALSE,NH2-MULTI2-OUT_OF_ORDER-R037_inad_1,REJECT_INADMISSIBLE,EXECUTE_ONLY_IF_R3_MEASURES_INADMISSIBLE_COST,NEEDS_WAREHOUSE_BINDING_R3
NH2-MULTI2-OUT_OF_ORDER-R038,val,19,NH2-MULTI2-OUT_OF_ORDER-R038-Q19-INAD_0,INADMISSIBLE,SAT_FALSE,NH2-MULTI2-OUT_OF_ORDER-R038_inad_0,REJECT_INADMISSIBLE,EXECUTE_ONLY_IF_R3_MEASURES_INADMISSIBLE_COST,NEEDS_WAREHOUSE_BINDING_R3
NH2-MULTI2-OUT_OF_ORDER-R038,val,20,NH2-MULTI2-OUT_OF_ORDER-R038-Q20-INAD_1,INADMISSIBLE,SAT_FALSE,NH2-MULTI2-OUT_OF_ORDER-R038_inad_1,REJECT_INADMISSIBLE,EXECUTE_ONLY_IF_R3_MEASURES_INADMISSIBLE_COST,NEEDS_WAREHOUSE_BINDING_R3
NH2-MULTI2-OUT_OF_ORDER-R039,val,19,NH2-MULTI2-OUT_OF_ORDER-R039-Q19-INAD_0,INADMISSIBLE,SAT_FALSE,NH2-MULTI2-OUT_OF_ORDER-R039_inad_0,REJECT_INADMISSIBLE,EXECUTE_ONLY_IF_R3_MEASURES_INADMISSIBLE_COST,NEEDS_WAREHOUSE_BINDING_R3
NH2-MULTI2-OUT_OF_ORDER-R039,val,20,NH2-MULTI2-OUT_OF_ORDER-R039-Q20-INAD_1,INADMISSIBLE,SAT_FALSE,NH2-MULTI2-OUT_OF_ORDER-R039_inad_1,REJECT_INADMISSIBLE,EXECUTE_ONLY_IF_R3_MEASURES_INADMISSIBLE_COST,NEEDS_WAREHOUSE_BINDING_R3
NH2-MULTI2-OUT_OF_ORDER-R040,val,19,NH2-MULTI2-OUT_OF_ORDER-R040-Q19-INAD_0,INADMISSIBLE,SAT_FALSE,NH2-MULTI2-OUT_OF_ORDER-R040_inad_0,REJECT_INADMISSIBLE,EXECUTE_ONLY_IF_R3_MEASURES_INADMISSIBLE_COST,NEEDS_WAREHOUSE_BINDING_R3
NH2-MULTI2-OUT_OF_ORDER-R040,val,20,NH2-MULTI2-OUT_OF_ORDER-R040-Q20-INAD_1,INADMISSIBLE,SAT_FALSE,NH2-MULTI2-OUT_OF_ORDER-R040_inad_1,REJECT_INADMISSIBLE,EXECUTE_ONLY_IF_R3_MEASURES_INADMISSIBLE_COST,NEEDS_WAREHOUSE_BINDING_R3
NH2-MULTI2-OUT_OF_ORDER-R041,val,19,NH2-MULTI2-OUT_OF_ORDER-R041-Q19-INAD_0,INADMISSIBLE,SAT_FALSE,NH2-MULTI2-OUT_OF_ORDER-R041_inad_0,REJECT_INADMISSIBLE,EXECUTE_ONLY_IF_R3_MEASURES_INADMISSIBLE_COST,NEEDS_WAREHOUSE_BINDING_R3
NH2-MULTI2-OUT_OF_ORDER-R041,val,20,NH2-MULTI2-OUT_OF_ORDER-R041-Q20-INAD_1,INADMISSIBLE,SAT_FALSE,NH2-MULTI2-OUT_OF_ORDER-R041_inad_1,REJECT_INADMISSIBLE,EXECUTE_ONLY_IF_R3_MEASURES_INADMISSIBLE_COST,NEEDS_WAREHOUSE_BINDING_R3
NH2-MULTI2-OUT_OF_ORDER-R042,val,19,NH2-MULTI2-OUT_OF_ORDER-R042-Q19-INAD_0,INADMISSIBLE,SAT_FALSE,NH2-MULTI2-OUT_OF_ORDER-R042_inad_0,REJECT_INADMISSIBLE,EXECUTE_ONLY_IF_R3_MEASURES_INADMISSIBLE_COST,NEEDS_WAREHOUSE_BINDING_R3
NH2-MULTI2-OUT_OF_ORDER-R042,val,20,NH2-MULTI2-OUT_OF_ORDER-R042-Q20-INAD_1,INADMISSIBLE,SAT_FALSE,NH2-MULTI2-OUT_OF_ORDER-R042_inad_1,REJECT_INADMISSIBLE,EXECUTE_ONLY_IF_R3_MEASURES_INADMISSIBLE_COST,NEEDS_WAREHOUSE_BINDING_R3
NH2-MULTI2-OUT_OF_ORDER-R043,val,19,NH2-MULTI2-OUT_OF_ORDER-R043-Q19-INAD_0,INADMISSIBLE,SAT_FALSE,NH2-MULTI2-OUT_OF_ORDER-R043_inad_0,REJECT_INADMISSIBLE,EXECUTE_ONLY_IF_R3_MEASURES_INADMISSIBLE_COST,NEEDS_WAREHOUSE_BINDING_R3
NH2-MULTI2-OUT_OF_ORDER-R043,val,20,NH2-MULTI2-OUT_OF_ORDER-R043-Q20-INAD_1,INADMISSIBLE,SAT_FALSE,NH2-MULTI2-OUT_OF_ORDER-R043_inad_1,REJECT_INADMISSIBLE,EXECUTE_ONLY_IF_R3_MEASURES_INADMISSIBLE_COST,NEEDS_WAREHOUSE_BINDING_R3
NH2-MULTI2-OUT_OF_ORDER-R044,val,19,NH2-MULTI2-OUT_OF_ORDER-R044-Q19-INAD_0,INADMISSIBLE,SAT_FALSE,NH2-MULTI2-OUT_OF_ORDER-R044_inad_0,REJECT_INADMISSIBLE,EXECUTE_ONLY_IF_R3_MEASURES_INADMISSIBLE_COST,NEEDS_WAREHOUSE_BINDING_R3
NH2-MULTI2-OUT_OF_ORDER-R044,val,20,NH2-MULTI2-OUT_OF_ORDER-R044-Q20-INAD_1,INADMISSIBLE,SAT_FALSE,NH2-MULTI2-OUT_OF_ORDER-R044_inad_1,REJECT_INADMISSIBLE,EXECUTE_ONLY_IF_R3_MEASURES_INADMISSIBLE_COST,NEEDS_WAREHOUSE_BINDING_R3
NH2-MULTI2-OUT_OF_ORDER-R045,val,19,NH2-MULTI2-OUT_OF_ORDER-R045-Q19-INAD_0,INADMISSIBLE,SAT_FALSE,NH2-MULTI2-OUT_OF_ORDER-R045_inad_0,REJECT_INADMISSIBLE,EXECUTE_ONLY_IF_R3_MEASURES_INADMISSIBLE_COST,NEEDS_WAREHOUSE_BINDING_R3
NH2-MULTI2-OUT_OF_ORDER-R045,val,20,NH2-MULTI2-OUT_OF_ORDER-R045-Q20-INAD_1,INADMISSIBLE,SAT_FALSE,NH2-MULTI2-OUT_OF_ORDER-R045_inad_1,REJECT_INADMISSIBLE,EXECUTE_ONLY_IF_R3_MEASURES_INADMISSIBLE_COST,NEEDS_WAREHOUSE_BINDING_R3
NH2-MULTI2-OUT_OF_ORDER-R046,test,19,NH2-MULTI2-OUT_OF_ORDER-R046-Q19-INAD_0,INADMISSIBLE,SAT_FALSE,NH2-MULTI2-OUT_OF_ORDER-R046_inad_0,REJECT_INADMISSIBLE,EXECUTE_ONLY_IF_R3_MEASURES_INADMISSIBLE_COST,NEEDS_WAREHOUSE_BINDING_R3
NH2-MULTI2-OUT_OF_ORDER-R046,test,20,NH2-MULTI2-OUT_OF_ORDER-R046-Q20-INAD_1,INADMISSIBLE,SAT_FALSE,NH2-MULTI2-OUT_OF_ORDER-R046_inad_1,REJECT_INADMISSIBLE,EXECUTE_ONLY_IF_R3_MEASURES_INADMISSIBLE_COST,NEEDS_WAREHOUSE_BINDING_R3
NH2-MULTI2-OUT_OF_ORDER-R047,test,19,NH2-MULTI2-OUT_OF_ORDER-R047-Q19-INAD_0,INADMISSIBLE,SAT_FALSE,NH2-MULTI2-OUT_OF_ORDER-R047_inad_0,REJECT_INADMISSIBLE,EXECUTE_ONLY_IF_R3_MEASURES_INADMISSIBLE_COST,NEEDS_WAREHOUSE_BINDING_R3
NH2-MULTI2-OUT_OF_ORDER-R047,test,20,NH2-MULTI2-OUT_OF_ORDER-R047-Q20-INAD_1,INADMISSIBLE,SAT_FALSE,NH2-MULTI2-OUT_OF_ORDER-R047_inad_1,REJECT_INADMISSIBLE,EXECUTE_ONLY_IF_R3_MEASURES_INADMISSIBLE_COST,NEEDS_WAREHOUSE_BINDING_R3
NH2-MULTI2-OUT_OF_ORDER-R048,test,19,NH2-MULTI2-OUT_OF_ORDER-R048-Q19-INAD_0,INADMISSIBLE,SAT_FALSE,NH2-MULTI2-OUT_OF_ORDER-R048_inad_0,REJECT_INADMISSIBLE,EXECUTE_ONLY_IF_R3_MEASURES_INADMISSIBLE_COST,NEEDS_WAREHOUSE_BINDING_R3
NH2-MULTI2-OUT_OF_ORDER-R048,test,20,NH2-MULTI2-OUT_OF_ORDER-R048-Q20-INAD_1,INADMISSIBLE,SAT_FALSE,NH2-MULTI2-OUT_OF_ORDER-R048_inad_1,REJECT_INADMISSIBLE,EXECUTE_ONLY_IF_R3_MEASURES_INADMISSIBLE_COST,NEEDS_WAREHOUSE_BINDING_R3
NH2-MULTI2-OUT_OF_ORDER-R049,test,19,NH2-MULTI2-OUT_OF_ORDER-R049-Q19-INAD_0,INADMISSIBLE,SAT_FALSE,NH2-MULTI2-OUT_OF_ORDER-R049_inad_0,REJECT_INADMISSIBLE,EXECUTE_ONLY_IF_R3_MEASURES_INADMISSIBLE_COST,NEEDS_WAREHOUSE_BINDING_R3
NH2-MULTI2-OUT_OF_ORDER-R049,test,20,NH2-MULTI2-OUT_OF_ORDER-R049-Q20-INAD_1,INADMISSIBLE,SAT_FALSE,NH2-MULTI2-OUT_OF_ORDER-R049_inad_1,REJECT_INADMISSIBLE,EXECUTE_ONLY_IF_R3_MEASURES_INADMISSIBLE_COST,NEEDS_WAREHOUSE_BINDING_R3
NH2-MULTI2-OUT_OF_ORDER-R050,test,19,NH2-MULTI2-OUT_OF_ORDER-R050-Q19-INAD_0,INADMISSIBLE,SAT_FALSE,NH2-MULTI2-OUT_OF_ORDER-R050_inad_0,REJECT_INADMISSIBLE,EXECUTE_ONLY_IF_R3_MEASURES_INADMISSIBLE_COST,NEEDS_WAREHOUSE_BINDING_R3
NH2-MULTI2-OUT_OF_ORDER-R050,test,20,NH2-MULTI2-OUT_OF_ORDER-R050-Q20-INAD_1,INADMISSIBLE,SAT_FALSE,NH2-MULTI2-OUT_OF_ORDER-R050_inad_1,REJECT_INADMISSIBLE,EXECUTE_ONLY_IF_R3_MEASURES_INADMISSIBLE_COST,NEEDS_WAREHOUSE_BINDING_R3
NH2-MULTI2-OUT_OF_ORDER-R051,test,19,NH2-MULTI2-OUT_OF_ORDER-R051-Q19-INAD_0,INADMISSIBLE,SAT_FALSE,NH2-MULTI2-OUT_OF_ORDER-R051_inad_0,REJECT_INADMISSIBLE,EXECUTE_ONLY_IF_R3_MEASURES_INADMISSIBLE_COST,NEEDS_WAREHOUSE_BINDING_R3
NH2-MULTI2-OUT_OF_ORDER-R051,test,20,NH2-MULTI2-OUT_OF_ORDER-R051-Q20-INAD_1,INADMISSIBLE,SAT_FALSE,NH2-MULTI2-OUT_OF_ORDER-R051_inad_1,REJECT_INADMISSIBLE,EXECUTE_ONLY_IF_R3_MEASURES_INADMISSIBLE_COST,NEEDS_WAREHOUSE_BINDING_R3
NH2-MULTI2-OUT_OF_ORDER-R052,test,19,NH2-MULTI2-OUT_OF_ORDER-R052-Q19-INAD_0,INADMISSIBLE,SAT_FALSE,NH2-MULTI2-OUT_OF_ORDER-R052_inad_0,REJECT_INADMISSIBLE,EXECUTE_ONLY_IF_R3_MEASURES_INADMISSIBLE_COST,NEEDS_WAREHOUSE_BINDING_R3
NH2-MULTI2-OUT_OF_ORDER-R052,test,20,NH2-MULTI2-OUT_OF_ORDER-R052-Q20-INAD_1,INADMISSIBLE,SAT_FALSE,NH2-MULTI2-OUT_OF_ORDER-R052_inad_1,REJECT_INADMISSIBLE,EXECUTE_ONLY_IF_R3_MEASURES_INADMISSIBLE_COST,NEEDS_WAREHOUSE_BINDING_R3
NH2-MULTI2-OUT_OF_ORDER-R053,test,19,NH2-MULTI2-OUT_OF_ORDER-R053-Q19-INAD_0,INADMISSIBLE,SAT_FALSE,NH2-MULTI2-OUT_OF_ORDER-R053_inad_0,REJECT_INADMISSIBLE,EXECUTE_ONLY_IF_R3_MEASURES_INADMISSIBLE_COST,NEEDS_WAREHOUSE_BINDING_R3
NH2-MULTI2-OUT_OF_ORDER-R053,test,20,NH2-MULTI2-OUT_OF_ORDER-R053-Q20-INAD_1,INADMISSIBLE,SAT_FALSE,NH2-MULTI2-OUT_OF_ORDER-R053_inad_1,REJECT_INADMISSIBLE,EXECUTE_ONLY_IF_R3_MEASURES_INADMISSIBLE_COST,NEEDS_WAREHOUSE_BINDING_R3
NH2-MULTI2-OUT_OF_ORDER-R054,test,19,NH2-MULTI2-OUT_OF_ORDER-R054-Q19-INAD_0,INADMISSIBLE,SAT_FALSE,NH2-MULTI2-OUT_OF_ORDER-R054_inad_0,REJECT_INADMISSIBLE,EXECUTE_ONLY_IF_R3_MEASURES_INADMISSIBLE_COST,NEEDS_WAREHOUSE_BINDING_R3
NH2-MULTI2-OUT_OF_ORDER-R054,test,20,NH2-MULTI2-OUT_OF_ORDER-R054-Q20-INAD_1,INADMISSIBLE,SAT_FALSE,NH2-MULTI2-OUT_OF_ORDER-R054_inad_1,REJECT_INADMISSIBLE,EXECUTE_ONLY_IF_R3_MEASURES_INADMISSIBLE_COST,NEEDS_WAREHOUSE_BINDING_R3
NH2-MULTI2-OUT_OF_ORDER-R055,test,19,NH2-MULTI2-OUT_OF_ORDER-R055-Q19-INAD_0,INADMISSIBLE,SAT_FALSE,NH2-MULTI2-OUT_OF_ORDER-R055_inad_0,REJECT_INADMISSIBLE,EXECUTE_ONLY_IF_R3_MEASURES_INADMISSIBLE_COST,NEEDS_WAREHOUSE_BINDING_R3
NH2-MULTI2-OUT_OF_ORDER-R055,test,20,NH2-MULTI2-OUT_OF_ORDER-R055-Q20-INAD_1,INADMISSIBLE,SAT_FALSE,NH2-MULTI2-OUT_OF_ORDER-R055_inad_1,REJECT_INADMISSIBLE,EXECUTE_ONLY_IF_R3_MEASURES_INADMISSIBLE_COST,NEEDS_WAREHOUSE_BINDING_R3
NH2-MULTI2-OUT_OF_ORDER-R056,test,19,NH2-MULTI2-OUT_OF_ORDER-R056-Q19-INAD_0,INADMISSIBLE,SAT_FALSE,NH2-MULTI2-OUT_OF_ORDER-R056_inad_0,REJECT_INADMISSIBLE,EXECUTE_ONLY_IF_R3_MEASURES_INADMISSIBLE_COST,NEEDS_WAREHOUSE_BINDING_R3
NH2-MULTI2-OUT_OF_ORDER-R056,test,20,NH2-MULTI2-OUT_OF_ORDER-R056-Q20-INAD_1,INADMISSIBLE,SAT_FALSE,NH2-MULTI2-OUT_OF_ORDER-R056_inad_1,REJECT_INADMISSIBLE,EXECUTE_ONLY_IF_R3_MEASURES_INADMISSIBLE_COST,NEEDS_WAREHOUSE_BINDING_R3
NH2-MULTI2-OUT_OF_ORDER-R057,test,19,NH2-MULTI2-OUT_OF_ORDER-R057-Q19-INAD_0,INADMISSIBLE,SAT_FALSE,NH2-MULTI2-OUT_OF_ORDER-R057_inad_0,REJECT_INADMISSIBLE,EXECUTE_ONLY_IF_R3_MEASURES_INADMISSIBLE_COST,NEEDS_WAREHOUSE_BINDING_R3
NH2-MULTI2-OUT_OF_ORDER-R057,test,20,NH2-MULTI2-OUT_OF_ORDER-R057-Q20-INAD_1,INADMISSIBLE,SAT_FALSE,NH2-MULTI2-OUT_OF_ORDER-R057_inad_1,REJECT_INADMISSIBLE,EXECUTE_ONLY_IF_R3_MEASURES_INADMISSIBLE_COST,NEEDS_WAREHOUSE_BINDING_R3
NH2-MULTI2-OUT_OF_ORDER-R058,test,19,NH2-MULTI2-OUT_OF_ORDER-R058-Q19-INAD_0,INADMISSIBLE,SAT_FALSE,NH2-MULTI2-OUT_OF_ORDER-R058_inad_0,REJECT_INADMISSIBLE,EXECUTE_ONLY_IF_R3_MEASURES_INADMISSIBLE_COST,NEEDS_WAREHOUSE_BINDING_R3
NH2-MULTI2-OUT_OF_ORDER-R058,test,20,NH2-MULTI2-OUT_OF_ORDER-R058-Q20-INAD_1,INADMISSIBLE,SAT_FALSE,NH2-MULTI2-OUT_OF_ORDER-R058_inad_1,REJECT_INADMISSIBLE,EXECUTE_ONLY_IF_R3_MEASURES_INADMISSIBLE_COST,NEEDS_WAREHOUSE_BINDING_R3
NH2-MULTI2-OUT_OF_ORDER-R059,test,19,NH2-MULTI2-OUT_OF_ORDER-R059-Q19-INAD_0,INADMISSIBLE,SAT_FALSE,NH2-MULTI2-OUT_OF_ORDER-R059_inad_0,REJECT_INADMISSIBLE,EXECUTE_ONLY_IF_R3_MEASURES_INADMISSIBLE_COST,NEEDS_WAREHOUSE_BINDING_R3
NH2-MULTI2-OUT_OF_ORDER-R059,test,20,NH2-MULTI2-OUT_OF_ORDER-R059-Q20-INAD_1,INADMISSIBLE,SAT_FALSE,NH2-MULTI2-OUT_OF_ORDER-R059_inad_1,REJECT_INADMISSIBLE,EXECUTE_ONLY_IF_R3_MEASURES_INADMISSIBLE_COST,NEEDS_WAREHOUSE_BINDING_R3
NH2-MULTI2-OUT_OF_ORDER-R060,test,19,NH2-MULTI2-OUT_OF_ORDER-R060-Q19-INAD_0,INADMISSIBLE,SAT_FALSE,NH2-MULTI2-OUT_OF_ORDER-R060_inad_0,REJECT_INADMISSIBLE,EXECUTE_ONLY_IF_R3_MEASURES_INADMISSIBLE_COST,NEEDS_WAREHOUSE_BINDING_R3
NH2-MULTI2-OUT_OF_ORDER-R060,test,20,NH2-MULTI2-OUT_OF_ORDER-R060-Q20-INAD_1,INADMISSIBLE,SAT_FALSE,NH2-MULTI2-OUT_OF_ORDER-R060_inad_1,REJECT_INADMISSIBLE,EXECUTE_ONLY_IF_R3_MEASURES_INADMISSIBLE_COST,NEEDS_WAREHOUSE_BINDING_R3
NH2-MULTI2-OVERLAP-R001,dev,9,NH2-MULTI2-OVERLAP-R001-Q09-INAD_0,INADMISSIBLE,SAT_FALSE,NH2-MULTI2-OVERLAP-R001_inad_0,REJECT_INADMISSIBLE,EXECUTE_ONLY_IF_R3_MEASURES_INADMISSIBLE_COST,NEEDS_WAREHOUSE_BINDING_R3
NH2-MULTI2-OVERLAP-R001,dev,18,NH2-MULTI2-OVERLAP-R001-Q18-INAD_1,INADMISSIBLE,SAT_FALSE,NH2-MULTI2-OVERLAP-R001_inad_1,REJECT_INADMISSIBLE,EXECUTE_ONLY_IF_R3_MEASURES_INADMISSIBLE_COST,NEEDS_WAREHOUSE_BINDING_R3
NH2-MULTI2-OVERLAP-R002,dev,7,NH2-MULTI2-OVERLAP-R002-Q07-INAD_0,INADMISSIBLE,SAT_FALSE,NH2-MULTI2-OVERLAP-R002_inad_0,REJECT_INADMISSIBLE,EXECUTE_ONLY_IF_R3_MEASURES_INADMISSIBLE_COST,NEEDS_WAREHOUSE_BINDING_R3
NH2-MULTI2-OVERLAP-R002,dev,22,NH2-MULTI2-OVERLAP-R002-Q22-INAD_1,INADMISSIBLE,SAT_FALSE,NH2-MULTI2-OVERLAP-R002_inad_1,REJECT_INADMISSIBLE,EXECUTE_ONLY_IF_R3_MEASURES_INADMISSIBLE_COST,NEEDS_WAREHOUSE_BINDING_R3
NH2-MULTI2-OVERLAP-R003,dev,11,NH2-MULTI2-OVERLAP-R003-Q11-INAD_0,INADMISSIBLE,SAT_FALSE,NH2-MULTI2-OVERLAP-R003_inad_0,REJECT_INADMISSIBLE,EXECUTE_ONLY_IF_R3_MEASURES_INADMISSIBLE_COST,NEEDS_WAREHOUSE_BINDING_R3
NH2-MULTI2-OVERLAP-R003,dev,12,NH2-MULTI2-OVERLAP-R003-Q12-INAD_1,INADMISSIBLE,SAT_FALSE,NH2-MULTI2-OVERLAP-R003_inad_1,REJECT_INADMISSIBLE,EXECUTE_ONLY_IF_R3_MEASURES_INADMISSIBLE_COST,NEEDS_WAREHOUSE_BINDING_R3
NH2-MULTI2-OVERLAP-R004,dev,7,NH2-MULTI2-OVERLAP-R004-Q07-INAD_0,INADMISSIBLE,SAT_FALSE,NH2-MULTI2-OVERLAP-R004_inad_0,REJECT_INADMISSIBLE,EXECUTE_ONLY_IF_R3_MEASURES_INADMISSIBLE_COST,NEEDS_WAREHOUSE_BINDING_R3
NH2-MULTI2-OVERLAP-R004,dev,14,NH2-MULTI2-OVERLAP-R004-Q14-INAD_1,INADMISSIBLE,SAT_FALSE,NH2-MULTI2-OVERLAP-R004_inad_1,REJECT_INADMISSIBLE,EXECUTE_ONLY_IF_R3_MEASURES_INADMISSIBLE_COST,NEEDS_WAREHOUSE_BINDING_R3
NH2-MULTI2-OVERLAP-R005,dev,10,NH2-MULTI2-OVERLAP-R005-Q10-INAD_1,INADMISSIBLE,SAT_FALSE,NH2-MULTI2-OVERLAP-R005_inad_1,REJECT_INADMISSIBLE,EXECUTE_ONLY_IF_R3_MEASURES_INADMISSIBLE_COST,NEEDS_WAREHOUSE_BINDING_R3
NH2-MULTI2-OVERLAP-R005,dev,11,NH2-MULTI2-OVERLAP-R005-Q11-INAD_0,INADMISSIBLE,SAT_FALSE,NH2-MULTI2-OVERLAP-R005_inad_0,REJECT_INADMISSIBLE,EXECUTE_ONLY_IF_R3_MEASURES_INADMISSIBLE_COST,NEEDS_WAREHOUSE_BINDING_R3
NH2-MULTI2-OVERLAP-R006,dev,1,NH2-MULTI2-OVERLAP-R006-Q01-INAD_1,INADMISSIBLE,SAT_FALSE,NH2-MULTI2-OVERLAP-R006_inad_1,REJECT_INADMISSIBLE,EXECUTE_ONLY_IF_R3_MEASURES_INADMISSIBLE_COST,NEEDS_WAREHOUSE_BINDING_R3
NH2-MULTI2-OVERLAP-R006,dev,22,NH2-MULTI2-OVERLAP-R006-Q22-INAD_0,INADMISSIBLE,SAT_FALSE,NH2-MULTI2-OVERLAP-R006_inad_0,REJECT_INADMISSIBLE,EXECUTE_ONLY_IF_R3_MEASURES_INADMISSIBLE_COST,NEEDS_WAREHOUSE_BINDING_R3
NH2-MULTI2-OVERLAP-R007,dev,14,NH2-MULTI2-OVERLAP-R007-Q14-INAD_0,INADMISSIBLE,SAT_FALSE,NH2-MULTI2-OVERLAP-R007_inad_0,REJECT_INADMISSIBLE,EXECUTE_ONLY_IF_R3_MEASURES_INADMISSIBLE_COST,NEEDS_WAREHOUSE_BINDING_R3
NH2-MULTI2-OVERLAP-R007,dev,15,NH2-MULTI2-OVERLAP-R007-Q15-INAD_1,INADMISSIBLE,SAT_FALSE,NH2-MULTI2-OVERLAP-R007_inad_1,REJECT_INADMISSIBLE,EXECUTE_ONLY_IF_R3_MEASURES_INADMISSIBLE_COST,NEEDS_WAREHOUSE_BINDING_R3
NH2-MULTI2-OVERLAP-R008,dev,13,NH2-MULTI2-OVERLAP-R008-Q13-INAD_1,INADMISSIBLE,SAT_FALSE,NH2-MULTI2-OVERLAP-R008_inad_1,REJECT_INADMISSIBLE,EXECUTE_ONLY_IF_R3_MEASURES_INADMISSIBLE_COST,NEEDS_WAREHOUSE_BINDING_R3
NH2-MULTI2-OVERLAP-R008,dev,18,NH2-MULTI2-OVERLAP-R008-Q18-INAD_0,INADMISSIBLE,SAT_FALSE,NH2-MULTI2-OVERLAP-R008_inad_0,REJECT_INADMISSIBLE,EXECUTE_ONLY_IF_R3_MEASURES_INADMISSIBLE_COST,NEEDS_WAREHOUSE_BINDING_R3
NH2-MULTI2-OVERLAP-R009,dev,13,NH2-MULTI2-OVERLAP-R009-Q13-INAD_0,INADMISSIBLE,SAT_FALSE,NH2-MULTI2-OVERLAP-R009_inad_0,REJECT_INADMISSIBLE,EXECUTE_ONLY_IF_R3_MEASURES_INADMISSIBLE_COST,NEEDS_WAREHOUSE_BINDING_R3
NH2-MULTI2-OVERLAP-R009,dev,24,NH2-MULTI2-OVERLAP-R009-Q24-INAD_1,INADMISSIBLE,SAT_FALSE,NH2-MULTI2-OVERLAP-R009_inad_1,REJECT_INADMISSIBLE,EXECUTE_ONLY_IF_R3_MEASURES_INADMISSIBLE_COST,NEEDS_WAREHOUSE_BINDING_R3
NH2-MULTI2-OVERLAP-R010,dev,10,NH2-MULTI2-OVERLAP-R010-Q10-INAD_0,INADMISSIBLE,SAT_FALSE,NH2-MULTI2-OVERLAP-R010_inad_0,REJECT_INADMISSIBLE,EXECUTE_ONLY_IF_R3_MEASURES_INADMISSIBLE_COST,NEEDS_WAREHOUSE_BINDING_R3
NH2-MULTI2-OVERLAP-R010,dev,18,NH2-MULTI2-OVERLAP-R010-Q18-INAD_1,INADMISSIBLE,SAT_FALSE,NH2-MULTI2-OVERLAP-R010_inad_1,REJECT_INADMISSIBLE,EXECUTE_ONLY_IF_R3_MEASURES_INADMISSIBLE_COST,NEEDS_WAREHOUSE_BINDING_R3
NH2-MULTI2-OVERLAP-R011,dev,19,NH2-MULTI2-OVERLAP-R011-Q19-INAD_1,INADMISSIBLE,SAT_FALSE,NH2-MULTI2-OVERLAP-R011_inad_1,REJECT_INADMISSIBLE,EXECUTE_ONLY_IF_R3_MEASURES_INADMISSIBLE_COST,NEEDS_WAREHOUSE_BINDING_R3
NH2-MULTI2-OVERLAP-R011,dev,24,NH2-MULTI2-OVERLAP-R011-Q24-INAD_0,INADMISSIBLE,SAT_FALSE,NH2-MULTI2-OVERLAP-R011_inad_0,REJECT_INADMISSIBLE,EXECUTE_ONLY_IF_R3_MEASURES_INADMISSIBLE_COST,NEEDS_WAREHOUSE_BINDING_R3
NH2-MULTI2-OVERLAP-R012,dev,3,NH2-MULTI2-OVERLAP-R012-Q03-INAD_1,INADMISSIBLE,SAT_FALSE,NH2-MULTI2-OVERLAP-R012_inad_1,REJECT_INADMISSIBLE,EXECUTE_ONLY_IF_R3_MEASURES_INADMISSIBLE_COST,NEEDS_WAREHOUSE_BINDING_R3
NH2-MULTI2-OVERLAP-R012,dev,11,NH2-MULTI2-OVERLAP-R012-Q11-INAD_0,INADMISSIBLE,SAT_FALSE,NH2-MULTI2-OVERLAP-R012_inad_0,REJECT_INADMISSIBLE,EXECUTE_ONLY_IF_R3_MEASURES_INADMISSIBLE_COST,NEEDS_WAREHOUSE_BINDING_R3
NH2-MULTI2-OVERLAP-R013,dev,10,NH2-MULTI2-OVERLAP-R013-Q10-INAD_0,INADMISSIBLE,SAT_FALSE,NH2-MULTI2-OVERLAP-R013_inad_0,REJECT_INADMISSIBLE,EXECUTE_ONLY_IF_R3_MEASURES_INADMISSIBLE_COST,NEEDS_WAREHOUSE_BINDING_R3
NH2-MULTI2-OVERLAP-R013,dev,17,NH2-MULTI2-OVERLAP-R013-Q17-INAD_1,INADMISSIBLE,SAT_FALSE,NH2-MULTI2-OVERLAP-R013_inad_1,REJECT_INADMISSIBLE,EXECUTE_ONLY_IF_R3_MEASURES_INADMISSIBLE_COST,NEEDS_WAREHOUSE_BINDING_R3
NH2-MULTI2-OVERLAP-R014,dev,1,NH2-MULTI2-OVERLAP-R014-Q01-INAD_1,INADMISSIBLE,SAT_FALSE,NH2-MULTI2-OVERLAP-R014_inad_1,REJECT_INADMISSIBLE,EXECUTE_ONLY_IF_R3_MEASURES_INADMISSIBLE_COST,NEEDS_WAREHOUSE_BINDING_R3
NH2-MULTI2-OVERLAP-R014,dev,9,NH2-MULTI2-OVERLAP-R014-Q09-INAD_0,INADMISSIBLE,SAT_FALSE,NH2-MULTI2-OVERLAP-R014_inad_0,REJECT_INADMISSIBLE,EXECUTE_ONLY_IF_R3_MEASURES_INADMISSIBLE_COST,NEEDS_WAREHOUSE_BINDING_R3
NH2-MULTI2-OVERLAP-R015,dev,5,NH2-MULTI2-OVERLAP-R015-Q05-INAD_1,INADMISSIBLE,SAT_FALSE,NH2-MULTI2-OVERLAP-R015_inad_1,REJECT_INADMISSIBLE,EXECUTE_ONLY_IF_R3_MEASURES_INADMISSIBLE_COST,NEEDS_WAREHOUSE_BINDING_R3
NH2-MULTI2-OVERLAP-R015,dev,7,NH2-MULTI2-OVERLAP-R015-Q07-INAD_0,INADMISSIBLE,SAT_FALSE,NH2-MULTI2-OVERLAP-R015_inad_0,REJECT_INADMISSIBLE,EXECUTE_ONLY_IF_R3_MEASURES_INADMISSIBLE_COST,NEEDS_WAREHOUSE_BINDING_R3
NH2-MULTI2-OVERLAP-R016,dev,21,NH2-MULTI2-OVERLAP-R016-Q21-INAD_0,INADMISSIBLE,SAT_FALSE,NH2-MULTI2-OVERLAP-R016_inad_0,REJECT_INADMISSIBLE,EXECUTE_ONLY_IF_R3_MEASURES_INADMISSIBLE_COST,NEEDS_WAREHOUSE_BINDING_R3
NH2-MULTI2-OVERLAP-R016,dev,23,NH2-MULTI2-OVERLAP-R016-Q23-INAD_1,INADMISSIBLE,SAT_FALSE,NH2-MULTI2-OVERLAP-R016_inad_1,REJECT_INADMISSIBLE,EXECUTE_ONLY_IF_R3_MEASURES_INADMISSIBLE_COST,NEEDS_WAREHOUSE_BINDING_R3
NH2-MULTI2-OVERLAP-R017,dev,6,NH2-MULTI2-OVERLAP-R017-Q06-INAD_0,INADMISSIBLE,SAT_FALSE,NH2-MULTI2-OVERLAP-R017_inad_0,REJECT_INADMISSIBLE,EXECUTE_ONLY_IF_R3_MEASURES_INADMISSIBLE_COST,NEEDS_WAREHOUSE_BINDING_R3
NH2-MULTI2-OVERLAP-R017,dev,16,NH2-MULTI2-OVERLAP-R017-Q16-INAD_1,INADMISSIBLE,SAT_FALSE,NH2-MULTI2-OVERLAP-R017_inad_1,REJECT_INADMISSIBLE,EXECUTE_ONLY_IF_R3_MEASURES_INADMISSIBLE_COST,NEEDS_WAREHOUSE_BINDING_R3
NH2-MULTI2-OVERLAP-R018,dev,21,NH2-MULTI2-OVERLAP-R018-Q21-INAD_0,INADMISSIBLE,SAT_FALSE,NH2-MULTI2-OVERLAP-R018_inad_0,REJECT_INADMISSIBLE,EXECUTE_ONLY_IF_R3_MEASURES_INADMISSIBLE_COST,NEEDS_WAREHOUSE_BINDING_R3
NH2-MULTI2-OVERLAP-R018,dev,22,NH2-MULTI2-OVERLAP-R018-Q22-INAD_1,INADMISSIBLE,SAT_FALSE,NH2-MULTI2-OVERLAP-R018_inad_1,REJECT_INADMISSIBLE,EXECUTE_ONLY_IF_R3_MEASURES_INADMISSIBLE_COST,NEEDS_WAREHOUSE_BINDING_R3
NH2-MULTI2-OVERLAP-R019,dev,10,NH2-MULTI2-OVERLAP-R019-Q10-INAD_0,INADMISSIBLE,SAT_FALSE,NH2-MULTI2-OVERLAP-R019_inad_0,REJECT_INADMISSIBLE,EXECUTE_ONLY_IF_R3_MEASURES_INADMISSIBLE_COST,NEEDS_WAREHOUSE_BINDING_R3
NH2-MULTI2-OVERLAP-R019,dev,16,NH2-MULTI2-OVERLAP-R019-Q16-INAD_1,INADMISSIBLE,SAT_FALSE,NH2-MULTI2-OVERLAP-R019_inad_1,REJECT_INADMISSIBLE,EXECUTE_ONLY_IF_R3_MEASURES_INADMISSIBLE_COST,NEEDS_WAREHOUSE_BINDING_R3
NH2-MULTI2-OVERLAP-R020,dev,8,NH2-MULTI2-OVERLAP-R020-Q08-INAD_1,INADMISSIBLE,SAT_FALSE,NH2-MULTI2-OVERLAP-R020_inad_1,REJECT_INADMISSIBLE,EXECUTE_ONLY_IF_R3_MEASURES_INADMISSIBLE_COST,NEEDS_WAREHOUSE_BINDING_R3
NH2-MULTI2-OVERLAP-R020,dev,15,NH2-MULTI2-OVERLAP-R020-Q15-INAD_0,INADMISSIBLE,SAT_FALSE,NH2-MULTI2-OVERLAP-R020_inad_0,REJECT_INADMISSIBLE,EXECUTE_ONLY_IF_R3_MEASURES_INADMISSIBLE_COST,NEEDS_WAREHOUSE_BINDING_R3
NH2-MULTI2-OVERLAP-R021,dev,19,NH2-MULTI2-OVERLAP-R021-Q19-INAD_1,INADMISSIBLE,SAT_FALSE,NH2-MULTI2-OVERLAP-R021_inad_1,REJECT_INADMISSIBLE,EXECUTE_ONLY_IF_R3_MEASURES_INADMISSIBLE_COST,NEEDS_WAREHOUSE_BINDING_R3
NH2-MULTI2-OVERLAP-R021,dev,23,NH2-MULTI2-OVERLAP-R021-Q23-INAD_0,INADMISSIBLE,SAT_FALSE,NH2-MULTI2-OVERLAP-R021_inad_0,REJECT_INADMISSIBLE,EXECUTE_ONLY_IF_R3_MEASURES_INADMISSIBLE_COST,NEEDS_WAREHOUSE_BINDING_R3
NH2-MULTI2-OVERLAP-R022,dev,19,NH2-MULTI2-OVERLAP-R022-Q19-INAD_1,INADMISSIBLE,SAT_FALSE,NH2-MULTI2-OVERLAP-R022_inad_1,REJECT_INADMISSIBLE,EXECUTE_ONLY_IF_R3_MEASURES_INADMISSIBLE_COST,NEEDS_WAREHOUSE_BINDING_R3
NH2-MULTI2-OVERLAP-R022,dev,24,NH2-MULTI2-OVERLAP-R022-Q24-INAD_0,INADMISSIBLE,SAT_FALSE,NH2-MULTI2-OVERLAP-R022_inad_0,REJECT_INADMISSIBLE,EXECUTE_ONLY_IF_R3_MEASURES_INADMISSIBLE_COST,NEEDS_WAREHOUSE_BINDING_R3
NH2-MULTI2-OVERLAP-R023,dev,17,NH2-MULTI2-OVERLAP-R023-Q17-INAD_0,INADMISSIBLE,SAT_FALSE,NH2-MULTI2-OVERLAP-R023_inad_0,REJECT_INADMISSIBLE,EXECUTE_ONLY_IF_R3_MEASURES_INADMISSIBLE_COST,NEEDS_WAREHOUSE_BINDING_R3
NH2-MULTI2-OVERLAP-R023,dev,22,NH2-MULTI2-OVERLAP-R023-Q22-INAD_1,INADMISSIBLE,SAT_FALSE,NH2-MULTI2-OVERLAP-R023_inad_1,REJECT_INADMISSIBLE,EXECUTE_ONLY_IF_R3_MEASURES_INADMISSIBLE_COST,NEEDS_WAREHOUSE_BINDING_R3
NH2-MULTI2-OVERLAP-R024,dev,17,NH2-MULTI2-OVERLAP-R024-Q17-INAD_1,INADMISSIBLE,SAT_FALSE,NH2-MULTI2-OVERLAP-R024_inad_1,REJECT_INADMISSIBLE,EXECUTE_ONLY_IF_R3_MEASURES_INADMISSIBLE_COST,NEEDS_WAREHOUSE_BINDING_R3
NH2-MULTI2-OVERLAP-R024,dev,20,NH2-MULTI2-OVERLAP-R024-Q20-INAD_0,INADMISSIBLE,SAT_FALSE,NH2-MULTI2-OVERLAP-R024_inad_0,REJECT_INADMISSIBLE,EXECUTE_ONLY_IF_R3_MEASURES_INADMISSIBLE_COST,NEEDS_WAREHOUSE_BINDING_R3
NH2-MULTI2-OVERLAP-R025,dev,6,NH2-MULTI2-OVERLAP-R025-Q06-INAD_0,INADMISSIBLE,SAT_FALSE,NH2-MULTI2-OVERLAP-R025_inad_0,REJECT_INADMISSIBLE,EXECUTE_ONLY_IF_R3_MEASURES_INADMISSIBLE_COST,NEEDS_WAREHOUSE_BINDING_R3
NH2-MULTI2-OVERLAP-R025,dev,8,NH2-MULTI2-OVERLAP-R025-Q08-INAD_1,INADMISSIBLE,SAT_FALSE,NH2-MULTI2-OVERLAP-R025_inad_1,REJECT_INADMISSIBLE,EXECUTE_ONLY_IF_R3_MEASURES_INADMISSIBLE_COST,NEEDS_WAREHOUSE_BINDING_R3
NH2-MULTI2-OVERLAP-R026,dev,6,NH2-MULTI2-OVERLAP-R026-Q06-INAD_1,INADMISSIBLE,SAT_FALSE,NH2-MULTI2-OVERLAP-R026_inad_1,REJECT_INADMISSIBLE,EXECUTE_ONLY_IF_R3_MEASURES_INADMISSIBLE_COST,NEEDS_WAREHOUSE_BINDING_R3
NH2-MULTI2-OVERLAP-R026,dev,9,NH2-MULTI2-OVERLAP-R026-Q09-INAD_0,INADMISSIBLE,SAT_FALSE,NH2-MULTI2-OVERLAP-R026_inad_0,REJECT_INADMISSIBLE,EXECUTE_ONLY_IF_R3_MEASURES_INADMISSIBLE_COST,NEEDS_WAREHOUSE_BINDING_R3
NH2-MULTI2-OVERLAP-R027,dev,1,NH2-MULTI2-OVERLAP-R027-Q01-INAD_0,INADMISSIBLE,SAT_FALSE,NH2-MULTI2-OVERLAP-R027_inad_0,REJECT_INADMISSIBLE,EXECUTE_ONLY_IF_R3_MEASURES_INADMISSIBLE_COST,NEEDS_WAREHOUSE_BINDING_R3
NH2-MULTI2-OVERLAP-R027,dev,2,NH2-MULTI2-OVERLAP-R027-Q02-INAD_1,INADMISSIBLE,SAT_FALSE,NH2-MULTI2-OVERLAP-R027_inad_1,REJECT_INADMISSIBLE,EXECUTE_ONLY_IF_R3_MEASURES_INADMISSIBLE_COST,NEEDS_WAREHOUSE_BINDING_R3
NH2-MULTI2-OVERLAP-R028,dev,6,NH2-MULTI2-OVERLAP-R028-Q06-INAD_1,INADMISSIBLE,SAT_FALSE,NH2-MULTI2-OVERLAP-R028_inad_1,REJECT_INADMISSIBLE,EXECUTE_ONLY_IF_R3_MEASURES_INADMISSIBLE_COST,NEEDS_WAREHOUSE_BINDING_R3
NH2-MULTI2-OVERLAP-R028,dev,12,NH2-MULTI2-OVERLAP-R028-Q12-INAD_0,INADMISSIBLE,SAT_FALSE,NH2-MULTI2-OVERLAP-R028_inad_0,REJECT_INADMISSIBLE,EXECUTE_ONLY_IF_R3_MEASURES_INADMISSIBLE_COST,NEEDS_WAREHOUSE_BINDING_R3
NH2-MULTI2-OVERLAP-R029,dev,9,NH2-MULTI2-OVERLAP-R029-Q09-INAD_1,INADMISSIBLE,SAT_FALSE,NH2-MULTI2-OVERLAP-R029_inad_1,REJECT_INADMISSIBLE,EXECUTE_ONLY_IF_R3_MEASURES_INADMISSIBLE_COST,NEEDS_WAREHOUSE_BINDING_R3
NH2-MULTI2-OVERLAP-R029,dev,15,NH2-MULTI2-OVERLAP-R029-Q15-INAD_0,INADMISSIBLE,SAT_FALSE,NH2-MULTI2-OVERLAP-R029_inad_0,REJECT_INADMISSIBLE,EXECUTE_ONLY_IF_R3_MEASURES_INADMISSIBLE_COST,NEEDS_WAREHOUSE_BINDING_R3
NH2-MULTI2-OVERLAP-R030,dev,5,NH2-MULTI2-OVERLAP-R030-Q05-INAD_1,INADMISSIBLE,SAT_FALSE,NH2-MULTI2-OVERLAP-R030_inad_1,REJECT_INADMISSIBLE,EXECUTE_ONLY_IF_R3_MEASURES_INADMISSIBLE_COST,NEEDS_WAREHOUSE_BINDING_R3
NH2-MULTI2-OVERLAP-R030,dev,7,NH2-MULTI2-OVERLAP-R030-Q07-INAD_0,INADMISSIBLE,SAT_FALSE,NH2-MULTI2-OVERLAP-R030_inad_0,REJECT_INADMISSIBLE,EXECUTE_ONLY_IF_R3_MEASURES_INADMISSIBLE_COST,NEEDS_WAREHOUSE_BINDING_R3
NH2-MULTI2-OVERLAP-R031,val,5,NH2-MULTI2-OVERLAP-R031-Q05-INAD_1,INADMISSIBLE,SAT_FALSE,NH2-MULTI2-OVERLAP-R031_inad_1,REJECT_INADMISSIBLE,EXECUTE_ONLY_IF_R3_MEASURES_INADMISSIBLE_COST,NEEDS_WAREHOUSE_BINDING_R3
NH2-MULTI2-OVERLAP-R031,val,14,NH2-MULTI2-OVERLAP-R031-Q14-INAD_0,INADMISSIBLE,SAT_FALSE,NH2-MULTI2-OVERLAP-R031_inad_0,REJECT_INADMISSIBLE,EXECUTE_ONLY_IF_R3_MEASURES_INADMISSIBLE_COST,NEEDS_WAREHOUSE_BINDING_R3
NH2-MULTI2-OVERLAP-R032,val,6,NH2-MULTI2-OVERLAP-R032-Q06-INAD_1,INADMISSIBLE,SAT_FALSE,NH2-MULTI2-OVERLAP-R032_inad_1,REJECT_INADMISSIBLE,EXECUTE_ONLY_IF_R3_MEASURES_INADMISSIBLE_COST,NEEDS_WAREHOUSE_BINDING_R3
NH2-MULTI2-OVERLAP-R032,val,14,NH2-MULTI2-OVERLAP-R032-Q14-INAD_0,INADMISSIBLE,SAT_FALSE,NH2-MULTI2-OVERLAP-R032_inad_0,REJECT_INADMISSIBLE,EXECUTE_ONLY_IF_R3_MEASURES_INADMISSIBLE_COST,NEEDS_WAREHOUSE_BINDING_R3
NH2-MULTI2-OVERLAP-R033,val,6,NH2-MULTI2-OVERLAP-R033-Q06-INAD_0,INADMISSIBLE,SAT_FALSE,NH2-MULTI2-OVERLAP-R033_inad_0,REJECT_INADMISSIBLE,EXECUTE_ONLY_IF_R3_MEASURES_INADMISSIBLE_COST,NEEDS_WAREHOUSE_BINDING_R3
NH2-MULTI2-OVERLAP-R033,val,20,NH2-MULTI2-OVERLAP-R033-Q20-INAD_1,INADMISSIBLE,SAT_FALSE,NH2-MULTI2-OVERLAP-R033_inad_1,REJECT_INADMISSIBLE,EXECUTE_ONLY_IF_R3_MEASURES_INADMISSIBLE_COST,NEEDS_WAREHOUSE_BINDING_R3
NH2-MULTI2-OVERLAP-R034,val,2,NH2-MULTI2-OVERLAP-R034-Q02-INAD_1,INADMISSIBLE,SAT_FALSE,NH2-MULTI2-OVERLAP-R034_inad_1,REJECT_INADMISSIBLE,EXECUTE_ONLY_IF_R3_MEASURES_INADMISSIBLE_COST,NEEDS_WAREHOUSE_BINDING_R3
NH2-MULTI2-OVERLAP-R034,val,9,NH2-MULTI2-OVERLAP-R034-Q09-INAD_0,INADMISSIBLE,SAT_FALSE,NH2-MULTI2-OVERLAP-R034_inad_0,REJECT_INADMISSIBLE,EXECUTE_ONLY_IF_R3_MEASURES_INADMISSIBLE_COST,NEEDS_WAREHOUSE_BINDING_R3
NH2-MULTI2-OVERLAP-R035,val,10,NH2-MULTI2-OVERLAP-R035-Q10-INAD_0,INADMISSIBLE,SAT_FALSE,NH2-MULTI2-OVERLAP-R035_inad_0,REJECT_INADMISSIBLE,EXECUTE_ONLY_IF_R3_MEASURES_INADMISSIBLE_COST,NEEDS_WAREHOUSE_BINDING_R3
NH2-MULTI2-OVERLAP-R035,val,22,NH2-MULTI2-OVERLAP-R035-Q22-INAD_1,INADMISSIBLE,SAT_FALSE,NH2-MULTI2-OVERLAP-R035_inad_1,REJECT_INADMISSIBLE,EXECUTE_ONLY_IF_R3_MEASURES_INADMISSIBLE_COST,NEEDS_WAREHOUSE_BINDING_R3
NH2-MULTI2-OVERLAP-R036,val,1,NH2-MULTI2-OVERLAP-R036-Q01-INAD_0,INADMISSIBLE,SAT_FALSE,NH2-MULTI2-OVERLAP-R036_inad_0,REJECT_INADMISSIBLE,EXECUTE_ONLY_IF_R3_MEASURES_INADMISSIBLE_COST,NEEDS_WAREHOUSE_BINDING_R3
NH2-MULTI2-OVERLAP-R036,val,13,NH2-MULTI2-OVERLAP-R036-Q13-INAD_1,INADMISSIBLE,SAT_FALSE,NH2-MULTI2-OVERLAP-R036_inad_1,REJECT_INADMISSIBLE,EXECUTE_ONLY_IF_R3_MEASURES_INADMISSIBLE_COST,NEEDS_WAREHOUSE_BINDING_R3
NH2-MULTI2-OVERLAP-R037,val,22,NH2-MULTI2-OVERLAP-R037-Q22-INAD_0,INADMISSIBLE,SAT_FALSE,NH2-MULTI2-OVERLAP-R037_inad_0,REJECT_INADMISSIBLE,EXECUTE_ONLY_IF_R3_MEASURES_INADMISSIBLE_COST,NEEDS_WAREHOUSE_BINDING_R3
NH2-MULTI2-OVERLAP-R037,val,23,NH2-MULTI2-OVERLAP-R037-Q23-INAD_1,INADMISSIBLE,SAT_FALSE,NH2-MULTI2-OVERLAP-R037_inad_1,REJECT_INADMISSIBLE,EXECUTE_ONLY_IF_R3_MEASURES_INADMISSIBLE_COST,NEEDS_WAREHOUSE_BINDING_R3
NH2-MULTI2-OVERLAP-R038,val,13,NH2-MULTI2-OVERLAP-R038-Q13-INAD_1,INADMISSIBLE,SAT_FALSE,NH2-MULTI2-OVERLAP-R038_inad_1,REJECT_INADMISSIBLE,EXECUTE_ONLY_IF_R3_MEASURES_INADMISSIBLE_COST,NEEDS_WAREHOUSE_BINDING_R3
NH2-MULTI2-OVERLAP-R038,val,19,NH2-MULTI2-OVERLAP-R038-Q19-INAD_0,INADMISSIBLE,SAT_FALSE,NH2-MULTI2-OVERLAP-R038_inad_0,REJECT_INADMISSIBLE,EXECUTE_ONLY_IF_R3_MEASURES_INADMISSIBLE_COST,NEEDS_WAREHOUSE_BINDING_R3
NH2-MULTI2-OVERLAP-R039,val,2,NH2-MULTI2-OVERLAP-R039-Q02-INAD_0,INADMISSIBLE,SAT_FALSE,NH2-MULTI2-OVERLAP-R039_inad_0,REJECT_INADMISSIBLE,EXECUTE_ONLY_IF_R3_MEASURES_INADMISSIBLE_COST,NEEDS_WAREHOUSE_BINDING_R3
NH2-MULTI2-OVERLAP-R039,val,23,NH2-MULTI2-OVERLAP-R039-Q23-INAD_1,INADMISSIBLE,SAT_FALSE,NH2-MULTI2-OVERLAP-R039_inad_1,REJECT_INADMISSIBLE,EXECUTE_ONLY_IF_R3_MEASURES_INADMISSIBLE_COST,NEEDS_WAREHOUSE_BINDING_R3
NH2-MULTI2-OVERLAP-R040,val,17,NH2-MULTI2-OVERLAP-R040-Q17-INAD_0,INADMISSIBLE,SAT_FALSE,NH2-MULTI2-OVERLAP-R040_inad_0,REJECT_INADMISSIBLE,EXECUTE_ONLY_IF_R3_MEASURES_INADMISSIBLE_COST,NEEDS_WAREHOUSE_BINDING_R3
NH2-MULTI2-OVERLAP-R040,val,21,NH2-MULTI2-OVERLAP-R040-Q21-INAD_1,INADMISSIBLE,SAT_FALSE,NH2-MULTI2-OVERLAP-R040_inad_1,REJECT_INADMISSIBLE,EXECUTE_ONLY_IF_R3_MEASURES_INADMISSIBLE_COST,NEEDS_WAREHOUSE_BINDING_R3
NH2-MULTI2-OVERLAP-R041,val,10,NH2-MULTI2-OVERLAP-R041-Q10-INAD_0,INADMISSIBLE,SAT_FALSE,NH2-MULTI2-OVERLAP-R041_inad_0,REJECT_INADMISSIBLE,EXECUTE_ONLY_IF_R3_MEASURES_INADMISSIBLE_COST,NEEDS_WAREHOUSE_BINDING_R3
NH2-MULTI2-OVERLAP-R041,val,19,NH2-MULTI2-OVERLAP-R041-Q19-INAD_1,INADMISSIBLE,SAT_FALSE,NH2-MULTI2-OVERLAP-R041_inad_1,REJECT_INADMISSIBLE,EXECUTE_ONLY_IF_R3_MEASURES_INADMISSIBLE_COST,NEEDS_WAREHOUSE_BINDING_R3
NH2-MULTI2-OVERLAP-R042,val,20,NH2-MULTI2-OVERLAP-R042-Q20-INAD_1,INADMISSIBLE,SAT_FALSE,NH2-MULTI2-OVERLAP-R042_inad_1,REJECT_INADMISSIBLE,EXECUTE_ONLY_IF_R3_MEASURES_INADMISSIBLE_COST,NEEDS_WAREHOUSE_BINDING_R3
NH2-MULTI2-OVERLAP-R042,val,21,NH2-MULTI2-OVERLAP-R042-Q21-INAD_0,INADMISSIBLE,SAT_FALSE,NH2-MULTI2-OVERLAP-R042_inad_0,REJECT_INADMISSIBLE,EXECUTE_ONLY_IF_R3_MEASURES_INADMISSIBLE_COST,NEEDS_WAREHOUSE_BINDING_R3
NH2-MULTI2-OVERLAP-R043,val,2,NH2-MULTI2-OVERLAP-R043-Q02-INAD_1,INADMISSIBLE,SAT_FALSE,NH2-MULTI2-OVERLAP-R043_inad_1,REJECT_INADMISSIBLE,EXECUTE_ONLY_IF_R3_MEASURES_INADMISSIBLE_COST,NEEDS_WAREHOUSE_BINDING_R3
NH2-MULTI2-OVERLAP-R043,val,10,NH2-MULTI2-OVERLAP-R043-Q10-INAD_0,INADMISSIBLE,SAT_FALSE,NH2-MULTI2-OVERLAP-R043_inad_0,REJECT_INADMISSIBLE,EXECUTE_ONLY_IF_R3_MEASURES_INADMISSIBLE_COST,NEEDS_WAREHOUSE_BINDING_R3
NH2-MULTI2-OVERLAP-R044,val,11,NH2-MULTI2-OVERLAP-R044-Q11-INAD_1,INADMISSIBLE,SAT_FALSE,NH2-MULTI2-OVERLAP-R044_inad_1,REJECT_INADMISSIBLE,EXECUTE_ONLY_IF_R3_MEASURES_INADMISSIBLE_COST,NEEDS_WAREHOUSE_BINDING_R3
NH2-MULTI2-OVERLAP-R044,val,14,NH2-MULTI2-OVERLAP-R044-Q14-INAD_0,INADMISSIBLE,SAT_FALSE,NH2-MULTI2-OVERLAP-R044_inad_0,REJECT_INADMISSIBLE,EXECUTE_ONLY_IF_R3_MEASURES_INADMISSIBLE_COST,NEEDS_WAREHOUSE_BINDING_R3
NH2-MULTI2-OVERLAP-R045,val,21,NH2-MULTI2-OVERLAP-R045-Q21-INAD_0,INADMISSIBLE,SAT_FALSE,NH2-MULTI2-OVERLAP-R045_inad_0,REJECT_INADMISSIBLE,EXECUTE_ONLY_IF_R3_MEASURES_INADMISSIBLE_COST,NEEDS_WAREHOUSE_BINDING_R3
NH2-MULTI2-OVERLAP-R045,val,24,NH2-MULTI2-OVERLAP-R045-Q24-INAD_1,INADMISSIBLE,SAT_FALSE,NH2-MULTI2-OVERLAP-R045_inad_1,REJECT_INADMISSIBLE,EXECUTE_ONLY_IF_R3_MEASURES_INADMISSIBLE_COST,NEEDS_WAREHOUSE_BINDING_R3
NH2-MULTI2-OVERLAP-R046,test,5,NH2-MULTI2-OVERLAP-R046-Q05-INAD_1,INADMISSIBLE,SAT_FALSE,NH2-MULTI2-OVERLAP-R046_inad_1,REJECT_INADMISSIBLE,EXECUTE_ONLY_IF_R3_MEASURES_INADMISSIBLE_COST,NEEDS_WAREHOUSE_BINDING_R3
NH2-MULTI2-OVERLAP-R046,test,22,NH2-MULTI2-OVERLAP-R046-Q22-INAD_0,INADMISSIBLE,SAT_FALSE,NH2-MULTI2-OVERLAP-R046_inad_0,REJECT_INADMISSIBLE,EXECUTE_ONLY_IF_R3_MEASURES_INADMISSIBLE_COST,NEEDS_WAREHOUSE_BINDING_R3
NH2-MULTI2-OVERLAP-R047,test,4,NH2-MULTI2-OVERLAP-R047-Q04-INAD_0,INADMISSIBLE,SAT_FALSE,NH2-MULTI2-OVERLAP-R047_inad_0,REJECT_INADMISSIBLE,EXECUTE_ONLY_IF_R3_MEASURES_INADMISSIBLE_COST,NEEDS_WAREHOUSE_BINDING_R3
NH2-MULTI2-OVERLAP-R047,test,12,NH2-MULTI2-OVERLAP-R047-Q12-INAD_1,INADMISSIBLE,SAT_FALSE,NH2-MULTI2-OVERLAP-R047_inad_1,REJECT_INADMISSIBLE,EXECUTE_ONLY_IF_R3_MEASURES_INADMISSIBLE_COST,NEEDS_WAREHOUSE_BINDING_R3
NH2-MULTI2-OVERLAP-R048,test,13,NH2-MULTI2-OVERLAP-R048-Q13-INAD_0,INADMISSIBLE,SAT_FALSE,NH2-MULTI2-OVERLAP-R048_inad_0,REJECT_INADMISSIBLE,EXECUTE_ONLY_IF_R3_MEASURES_INADMISSIBLE_COST,NEEDS_WAREHOUSE_BINDING_R3
NH2-MULTI2-OVERLAP-R048,test,19,NH2-MULTI2-OVERLAP-R048-Q19-INAD_1,INADMISSIBLE,SAT_FALSE,NH2-MULTI2-OVERLAP-R048_inad_1,REJECT_INADMISSIBLE,EXECUTE_ONLY_IF_R3_MEASURES_INADMISSIBLE_COST,NEEDS_WAREHOUSE_BINDING_R3
NH2-MULTI2-OVERLAP-R049,test,7,NH2-MULTI2-OVERLAP-R049-Q07-INAD_0,INADMISSIBLE,SAT_FALSE,NH2-MULTI2-OVERLAP-R049_inad_0,REJECT_INADMISSIBLE,EXECUTE_ONLY_IF_R3_MEASURES_INADMISSIBLE_COST,NEEDS_WAREHOUSE_BINDING_R3
NH2-MULTI2-OVERLAP-R049,test,13,NH2-MULTI2-OVERLAP-R049-Q13-INAD_1,INADMISSIBLE,SAT_FALSE,NH2-MULTI2-OVERLAP-R049_inad_1,REJECT_INADMISSIBLE,EXECUTE_ONLY_IF_R3_MEASURES_INADMISSIBLE_COST,NEEDS_WAREHOUSE_BINDING_R3
NH2-MULTI2-OVERLAP-R050,test,6,NH2-MULTI2-OVERLAP-R050-Q06-INAD_1,INADMISSIBLE,SAT_FALSE,NH2-MULTI2-OVERLAP-R050_inad_1,REJECT_INADMISSIBLE,EXECUTE_ONLY_IF_R3_MEASURES_INADMISSIBLE_COST,NEEDS_WAREHOUSE_BINDING_R3
NH2-MULTI2-OVERLAP-R050,test,7,NH2-MULTI2-OVERLAP-R050-Q07-INAD_0,INADMISSIBLE,SAT_FALSE,NH2-MULTI2-OVERLAP-R050_inad_0,REJECT_INADMISSIBLE,EXECUTE_ONLY_IF_R3_MEASURES_INADMISSIBLE_COST,NEEDS_WAREHOUSE_BINDING_R3
NH2-MULTI2-OVERLAP-R051,test,10,NH2-MULTI2-OVERLAP-R051-Q10-INAD_1,INADMISSIBLE,SAT_FALSE,NH2-MULTI2-OVERLAP-R051_inad_1,REJECT_INADMISSIBLE,EXECUTE_ONLY_IF_R3_MEASURES_INADMISSIBLE_COST,NEEDS_WAREHOUSE_BINDING_R3
NH2-MULTI2-OVERLAP-R051,test,16,NH2-MULTI2-OVERLAP-R051-Q16-INAD_0,INADMISSIBLE,SAT_FALSE,NH2-MULTI2-OVERLAP-R051_inad_0,REJECT_INADMISSIBLE,EXECUTE_ONLY_IF_R3_MEASURES_INADMISSIBLE_COST,NEEDS_WAREHOUSE_BINDING_R3
NH2-MULTI2-OVERLAP-R052,test,1,NH2-MULTI2-OVERLAP-R052-Q01-INAD_0,INADMISSIBLE,SAT_FALSE,NH2-MULTI2-OVERLAP-R052_inad_0,REJECT_INADMISSIBLE,EXECUTE_ONLY_IF_R3_MEASURES_INADMISSIBLE_COST,NEEDS_WAREHOUSE_BINDING_R3
NH2-MULTI2-OVERLAP-R052,test,6,NH2-MULTI2-OVERLAP-R052-Q06-INAD_1,INADMISSIBLE,SAT_FALSE,NH2-MULTI2-OVERLAP-R052_inad_1,REJECT_INADMISSIBLE,EXECUTE_ONLY_IF_R3_MEASURES_INADMISSIBLE_COST,NEEDS_WAREHOUSE_BINDING_R3
NH2-MULTI2-OVERLAP-R053,test,12,NH2-MULTI2-OVERLAP-R053-Q12-INAD_0,INADMISSIBLE,SAT_FALSE,NH2-MULTI2-OVERLAP-R053_inad_0,REJECT_INADMISSIBLE,EXECUTE_ONLY_IF_R3_MEASURES_INADMISSIBLE_COST,NEEDS_WAREHOUSE_BINDING_R3
NH2-MULTI2-OVERLAP-R053,test,24,NH2-MULTI2-OVERLAP-R053-Q24-INAD_1,INADMISSIBLE,SAT_FALSE,NH2-MULTI2-OVERLAP-R053_inad_1,REJECT_INADMISSIBLE,EXECUTE_ONLY_IF_R3_MEASURES_INADMISSIBLE_COST,NEEDS_WAREHOUSE_BINDING_R3
NH2-MULTI2-OVERLAP-R054,test,3,NH2-MULTI2-OVERLAP-R054-Q03-INAD_0,INADMISSIBLE,SAT_FALSE,NH2-MULTI2-OVERLAP-R054_inad_0,REJECT_INADMISSIBLE,EXECUTE_ONLY_IF_R3_MEASURES_INADMISSIBLE_COST,NEEDS_WAREHOUSE_BINDING_R3
NH2-MULTI2-OVERLAP-R054,test,19,NH2-MULTI2-OVERLAP-R054-Q19-INAD_1,INADMISSIBLE,SAT_FALSE,NH2-MULTI2-OVERLAP-R054_inad_1,REJECT_INADMISSIBLE,EXECUTE_ONLY_IF_R3_MEASURES_INADMISSIBLE_COST,NEEDS_WAREHOUSE_BINDING_R3
NH2-MULTI2-OVERLAP-R055,test,7,NH2-MULTI2-OVERLAP-R055-Q07-INAD_0,INADMISSIBLE,SAT_FALSE,NH2-MULTI2-OVERLAP-R055_inad_0,REJECT_INADMISSIBLE,EXECUTE_ONLY_IF_R3_MEASURES_INADMISSIBLE_COST,NEEDS_WAREHOUSE_BINDING_R3
NH2-MULTI2-OVERLAP-R055,test,20,NH2-MULTI2-OVERLAP-R055-Q20-INAD_1,INADMISSIBLE,SAT_FALSE,NH2-MULTI2-OVERLAP-R055_inad_1,REJECT_INADMISSIBLE,EXECUTE_ONLY_IF_R3_MEASURES_INADMISSIBLE_COST,NEEDS_WAREHOUSE_BINDING_R3
NH2-MULTI2-OVERLAP-R056,test,1,NH2-MULTI2-OVERLAP-R056-Q01-INAD_0,INADMISSIBLE,SAT_FALSE,NH2-MULTI2-OVERLAP-R056_inad_0,REJECT_INADMISSIBLE,EXECUTE_ONLY_IF_R3_MEASURES_INADMISSIBLE_COST,NEEDS_WAREHOUSE_BINDING_R3
NH2-MULTI2-OVERLAP-R056,test,11,NH2-MULTI2-OVERLAP-R056-Q11-INAD_1,INADMISSIBLE,SAT_FALSE,NH2-MULTI2-OVERLAP-R056_inad_1,REJECT_INADMISSIBLE,EXECUTE_ONLY_IF_R3_MEASURES_INADMISSIBLE_COST,NEEDS_WAREHOUSE_BINDING_R3
NH2-MULTI2-OVERLAP-R057,test,14,NH2-MULTI2-OVERLAP-R057-Q14-INAD_0,INADMISSIBLE,SAT_FALSE,NH2-MULTI2-OVERLAP-R057_inad_0,REJECT_INADMISSIBLE,EXECUTE_ONLY_IF_R3_MEASURES_INADMISSIBLE_COST,NEEDS_WAREHOUSE_BINDING_R3
NH2-MULTI2-OVERLAP-R057,test,24,NH2-MULTI2-OVERLAP-R057-Q24-INAD_1,INADMISSIBLE,SAT_FALSE,NH2-MULTI2-OVERLAP-R057_inad_1,REJECT_INADMISSIBLE,EXECUTE_ONLY_IF_R3_MEASURES_INADMISSIBLE_COST,NEEDS_WAREHOUSE_BINDING_R3
NH2-MULTI2-OVERLAP-R058,test,11,NH2-MULTI2-OVERLAP-R058-Q11-INAD_0,INADMISSIBLE,SAT_FALSE,NH2-MULTI2-OVERLAP-R058_inad_0,REJECT_INADMISSIBLE,EXECUTE_ONLY_IF_R3_MEASURES_INADMISSIBLE_COST,NEEDS_WAREHOUSE_BINDING_R3
NH2-MULTI2-OVERLAP-R058,test,23,NH2-MULTI2-OVERLAP-R058-Q23-INAD_1,INADMISSIBLE,SAT_FALSE,NH2-MULTI2-OVERLAP-R058_inad_1,REJECT_INADMISSIBLE,EXECUTE_ONLY_IF_R3_MEASURES_INADMISSIBLE_COST,NEEDS_WAREHOUSE_BINDING_R3
NH2-MULTI2-OVERLAP-R059,test,14,NH2-MULTI2-OVERLAP-R059-Q14-INAD_0,INADMISSIBLE,SAT_FALSE,NH2-MULTI2-OVERLAP-R059_inad_0,REJECT_INADMISSIBLE,EXECUTE_ONLY_IF_R3_MEASURES_INADMISSIBLE_COST,NEEDS_WAREHOUSE_BINDING_R3
NH2-MULTI2-OVERLAP-R059,test,17,NH2-MULTI2-OVERLAP-R059-Q17-INAD_1,INADMISSIBLE,SAT_FALSE,NH2-MULTI2-OVERLAP-R059_inad_1,REJECT_INADMISSIBLE,EXECUTE_ONLY_IF_R3_MEASURES_INADMISSIBLE_COST,NEEDS_WAREHOUSE_BINDING_R3
NH2-MULTI2-OVERLAP-R060,test,14,NH2-MULTI2-OVERLAP-R060-Q14-INAD_0,INADMISSIBLE,SAT_FALSE,NH2-MULTI2-OVERLAP-R060_inad_0,REJECT_INADMISSIBLE,EXECUTE_ONLY_IF_R3_MEASURES_INADMISSIBLE_COST,NEEDS_WAREHOUSE_BINDING_R3
NH2-MULTI2-OVERLAP-R060,test,18,NH2-MULTI2-OVERLAP-R060-Q18-INAD_1,INADMISSIBLE,SAT_FALSE,NH2-MULTI2-OVERLAP-R060_inad_1,REJECT_INADMISSIBLE,EXECUTE_ONLY_IF_R3_MEASURES_INADMISSIBLE_COST,NEEDS_WAREHOUSE_BINDING_R3
NH2-MULTI2-DISTRACTOR_HEAVY-R001,dev,4,NH2-MULTI2-DISTRACTOR_HEAVY-R001-Q04-INAD_0,INADMISSIBLE,SAT_FALSE,NH2-MULTI2-DISTRACTOR_HEAVY-R001_inad_0,REJECT_INADMISSIBLE,EXECUTE_ONLY_IF_R3_MEASURES_INADMISSIBLE_COST,NEEDS_WAREHOUSE_BINDING_R3
NH2-MULTI2-DISTRACTOR_HEAVY-R001,dev,8,NH2-MULTI2-DISTRACTOR_HEAVY-R001-Q08-INAD_1,INADMISSIBLE,SAT_FALSE,NH2-MULTI2-DISTRACTOR_HEAVY-R001_inad_1,REJECT_INADMISSIBLE,EXECUTE_ONLY_IF_R3_MEASURES_INADMISSIBLE_COST,NEEDS_WAREHOUSE_BINDING_R3
NH2-MULTI2-DISTRACTOR_HEAVY-R002,dev,7,NH2-MULTI2-DISTRACTOR_HEAVY-R002-Q07-INAD_0,INADMISSIBLE,SAT_FALSE,NH2-MULTI2-DISTRACTOR_HEAVY-R002_inad_0,REJECT_INADMISSIBLE,EXECUTE_ONLY_IF_R3_MEASURES_INADMISSIBLE_COST,NEEDS_WAREHOUSE_BINDING_R3
NH2-MULTI2-DISTRACTOR_HEAVY-R002,dev,20,NH2-MULTI2-DISTRACTOR_HEAVY-R002-Q20-INAD_1,INADMISSIBLE,SAT_FALSE,NH2-MULTI2-DISTRACTOR_HEAVY-R002_inad_1,REJECT_INADMISSIBLE,EXECUTE_ONLY_IF_R3_MEASURES_INADMISSIBLE_COST,NEEDS_WAREHOUSE_BINDING_R3
NH2-MULTI2-DISTRACTOR_HEAVY-R003,dev,4,NH2-MULTI2-DISTRACTOR_HEAVY-R003-Q04-INAD_0,INADMISSIBLE,SAT_FALSE,NH2-MULTI2-DISTRACTOR_HEAVY-R003_inad_0,REJECT_INADMISSIBLE,EXECUTE_ONLY_IF_R3_MEASURES_INADMISSIBLE_COST,NEEDS_WAREHOUSE_BINDING_R3
NH2-MULTI2-DISTRACTOR_HEAVY-R003,dev,15,NH2-MULTI2-DISTRACTOR_HEAVY-R003-Q15-INAD_1,INADMISSIBLE,SAT_FALSE,NH2-MULTI2-DISTRACTOR_HEAVY-R003_inad_1,REJECT_INADMISSIBLE,EXECUTE_ONLY_IF_R3_MEASURES_INADMISSIBLE_COST,NEEDS_WAREHOUSE_BINDING_R3
NH2-MULTI2-DISTRACTOR_HEAVY-R004,dev,15,NH2-MULTI2-DISTRACTOR_HEAVY-R004-Q15-INAD_1,INADMISSIBLE,SAT_FALSE,NH2-MULTI2-DISTRACTOR_HEAVY-R004_inad_1,REJECT_INADMISSIBLE,EXECUTE_ONLY_IF_R3_MEASURES_INADMISSIBLE_COST,NEEDS_WAREHOUSE_BINDING_R3
NH2-MULTI2-DISTRACTOR_HEAVY-R004,dev,18,NH2-MULTI2-DISTRACTOR_HEAVY-R004-Q18-INAD_0,INADMISSIBLE,SAT_FALSE,NH2-MULTI2-DISTRACTOR_HEAVY-R004_inad_0,REJECT_INADMISSIBLE,EXECUTE_ONLY_IF_R3_MEASURES_INADMISSIBLE_COST,NEEDS_WAREHOUSE_BINDING_R3
NH2-MULTI2-DISTRACTOR_HEAVY-R005,dev,3,NH2-MULTI2-DISTRACTOR_HEAVY-R005-Q03-INAD_0,INADMISSIBLE,SAT_FALSE,NH2-MULTI2-DISTRACTOR_HEAVY-R005_inad_0,REJECT_INADMISSIBLE,EXECUTE_ONLY_IF_R3_MEASURES_INADMISSIBLE_COST,NEEDS_WAREHOUSE_BINDING_R3
NH2-MULTI2-DISTRACTOR_HEAVY-R005,dev,4,NH2-MULTI2-DISTRACTOR_HEAVY-R005-Q04-INAD_1,INADMISSIBLE,SAT_FALSE,NH2-MULTI2-DISTRACTOR_HEAVY-R005_inad_1,REJECT_INADMISSIBLE,EXECUTE_ONLY_IF_R3_MEASURES_INADMISSIBLE_COST,NEEDS_WAREHOUSE_BINDING_R3
NH2-MULTI2-DISTRACTOR_HEAVY-R006,dev,19,NH2-MULTI2-DISTRACTOR_HEAVY-R006-Q19-INAD_0,INADMISSIBLE,SAT_FALSE,NH2-MULTI2-DISTRACTOR_HEAVY-R006_inad_0,REJECT_INADMISSIBLE,EXECUTE_ONLY_IF_R3_MEASURES_INADMISSIBLE_COST,NEEDS_WAREHOUSE_BINDING_R3
NH2-MULTI2-DISTRACTOR_HEAVY-R006,dev,20,NH2-MULTI2-DISTRACTOR_HEAVY-R006-Q20-INAD_1,INADMISSIBLE,SAT_FALSE,NH2-MULTI2-DISTRACTOR_HEAVY-R006_inad_1,REJECT_INADMISSIBLE,EXECUTE_ONLY_IF_R3_MEASURES_INADMISSIBLE_COST,NEEDS_WAREHOUSE_BINDING_R3
NH2-MULTI2-DISTRACTOR_HEAVY-R007,dev,17,NH2-MULTI2-DISTRACTOR_HEAVY-R007-Q17-INAD_1,INADMISSIBLE,SAT_FALSE,NH2-MULTI2-DISTRACTOR_HEAVY-R007_inad_1,REJECT_INADMISSIBLE,EXECUTE_ONLY_IF_R3_MEASURES_INADMISSIBLE_COST,NEEDS_WAREHOUSE_BINDING_R3
NH2-MULTI2-DISTRACTOR_HEAVY-R007,dev,22,NH2-MULTI2-DISTRACTOR_HEAVY-R007-Q22-INAD_0,INADMISSIBLE,SAT_FALSE,NH2-MULTI2-DISTRACTOR_HEAVY-R007_inad_0,REJECT_INADMISSIBLE,EXECUTE_ONLY_IF_R3_MEASURES_INADMISSIBLE_COST,NEEDS_WAREHOUSE_BINDING_R3
NH2-MULTI2-DISTRACTOR_HEAVY-R008,dev,3,NH2-MULTI2-DISTRACTOR_HEAVY-R008-Q03-INAD_1,INADMISSIBLE,SAT_FALSE,NH2-MULTI2-DISTRACTOR_HEAVY-R008_inad_1,REJECT_INADMISSIBLE,EXECUTE_ONLY_IF_R3_MEASURES_INADMISSIBLE_COST,NEEDS_WAREHOUSE_BINDING_R3
NH2-MULTI2-DISTRACTOR_HEAVY-R008,dev,22,NH2-MULTI2-DISTRACTOR_HEAVY-R008-Q22-INAD_0,INADMISSIBLE,SAT_FALSE,NH2-MULTI2-DISTRACTOR_HEAVY-R008_inad_0,REJECT_INADMISSIBLE,EXECUTE_ONLY_IF_R3_MEASURES_INADMISSIBLE_COST,NEEDS_WAREHOUSE_BINDING_R3
NH2-MULTI2-DISTRACTOR_HEAVY-R009,dev,17,NH2-MULTI2-DISTRACTOR_HEAVY-R009-Q17-INAD_0,INADMISSIBLE,SAT_FALSE,NH2-MULTI2-DISTRACTOR_HEAVY-R009_inad_0,REJECT_INADMISSIBLE,EXECUTE_ONLY_IF_R3_MEASURES_INADMISSIBLE_COST,NEEDS_WAREHOUSE_BINDING_R3
NH2-MULTI2-DISTRACTOR_HEAVY-R009,dev,23,NH2-MULTI2-DISTRACTOR_HEAVY-R009-Q23-INAD_1,INADMISSIBLE,SAT_FALSE,NH2-MULTI2-DISTRACTOR_HEAVY-R009_inad_1,REJECT_INADMISSIBLE,EXECUTE_ONLY_IF_R3_MEASURES_INADMISSIBLE_COST,NEEDS_WAREHOUSE_BINDING_R3
NH2-MULTI2-DISTRACTOR_HEAVY-R010,dev,6,NH2-MULTI2-DISTRACTOR_HEAVY-R010-Q06-INAD_1,INADMISSIBLE,SAT_FALSE,NH2-MULTI2-DISTRACTOR_HEAVY-R010_inad_1,REJECT_INADMISSIBLE,EXECUTE_ONLY_IF_R3_MEASURES_INADMISSIBLE_COST,NEEDS_WAREHOUSE_BINDING_R3
NH2-MULTI2-DISTRACTOR_HEAVY-R010,dev,18,NH2-MULTI2-DISTRACTOR_HEAVY-R010-Q18-INAD_0,INADMISSIBLE,SAT_FALSE,NH2-MULTI2-DISTRACTOR_HEAVY-R010_inad_0,REJECT_INADMISSIBLE,EXECUTE_ONLY_IF_R3_MEASURES_INADMISSIBLE_COST,NEEDS_WAREHOUSE_BINDING_R3
NH2-MULTI2-DISTRACTOR_HEAVY-R011,dev,9,NH2-MULTI2-DISTRACTOR_HEAVY-R011-Q09-INAD_0,INADMISSIBLE,SAT_FALSE,NH2-MULTI2-DISTRACTOR_HEAVY-R011_inad_0,REJECT_INADMISSIBLE,EXECUTE_ONLY_IF_R3_MEASURES_INADMISSIBLE_COST,NEEDS_WAREHOUSE_BINDING_R3
NH2-MULTI2-DISTRACTOR_HEAVY-R011,dev,19,NH2-MULTI2-DISTRACTOR_HEAVY-R011-Q19-INAD_1,INADMISSIBLE,SAT_FALSE,NH2-MULTI2-DISTRACTOR_HEAVY-R011_inad_1,REJECT_INADMISSIBLE,EXECUTE_ONLY_IF_R3_MEASURES_INADMISSIBLE_COST,NEEDS_WAREHOUSE_BINDING_R3
NH2-MULTI2-DISTRACTOR_HEAVY-R012,dev,4,NH2-MULTI2-DISTRACTOR_HEAVY-R012-Q04-INAD_1,INADMISSIBLE,SAT_FALSE,NH2-MULTI2-DISTRACTOR_HEAVY-R012_inad_1,REJECT_INADMISSIBLE,EXECUTE_ONLY_IF_R3_MEASURES_INADMISSIBLE_COST,NEEDS_WAREHOUSE_BINDING_R3
NH2-MULTI2-DISTRACTOR_HEAVY-R012,dev,10,NH2-MULTI2-DISTRACTOR_HEAVY-R012-Q10-INAD_0,INADMISSIBLE,SAT_FALSE,NH2-MULTI2-DISTRACTOR_HEAVY-R012_inad_0,REJECT_INADMISSIBLE,EXECUTE_ONLY_IF_R3_MEASURES_INADMISSIBLE_COST,NEEDS_WAREHOUSE_BINDING_R3
NH2-MULTI2-DISTRACTOR_HEAVY-R013,dev,12,NH2-MULTI2-DISTRACTOR_HEAVY-R013-Q12-INAD_1,INADMISSIBLE,SAT_FALSE,NH2-MULTI2-DISTRACTOR_HEAVY-R013_inad_1,REJECT_INADMISSIBLE,EXECUTE_ONLY_IF_R3_MEASURES_INADMISSIBLE_COST,NEEDS_WAREHOUSE_BINDING_R3
NH2-MULTI2-DISTRACTOR_HEAVY-R013,dev,17,NH2-MULTI2-DISTRACTOR_HEAVY-R013-Q17-INAD_0,INADMISSIBLE,SAT_FALSE,NH2-MULTI2-DISTRACTOR_HEAVY-R013_inad_0,REJECT_INADMISSIBLE,EXECUTE_ONLY_IF_R3_MEASURES_INADMISSIBLE_COST,NEEDS_WAREHOUSE_BINDING_R3
NH2-MULTI2-DISTRACTOR_HEAVY-R014,dev,11,NH2-MULTI2-DISTRACTOR_HEAVY-R014-Q11-INAD_1,INADMISSIBLE,SAT_FALSE,NH2-MULTI2-DISTRACTOR_HEAVY-R014_inad_1,REJECT_INADMISSIBLE,EXECUTE_ONLY_IF_R3_MEASURES_INADMISSIBLE_COST,NEEDS_WAREHOUSE_BINDING_R3
NH2-MULTI2-DISTRACTOR_HEAVY-R014,dev,16,NH2-MULTI2-DISTRACTOR_HEAVY-R014-Q16-INAD_0,INADMISSIBLE,SAT_FALSE,NH2-MULTI2-DISTRACTOR_HEAVY-R014_inad_0,REJECT_INADMISSIBLE,EXECUTE_ONLY_IF_R3_MEASURES_INADMISSIBLE_COST,NEEDS_WAREHOUSE_BINDING_R3
NH2-MULTI2-DISTRACTOR_HEAVY-R015,dev,16,NH2-MULTI2-DISTRACTOR_HEAVY-R015-Q16-INAD_0,INADMISSIBLE,SAT_FALSE,NH2-MULTI2-DISTRACTOR_HEAVY-R015_inad_0,REJECT_INADMISSIBLE,EXECUTE_ONLY_IF_R3_MEASURES_INADMISSIBLE_COST,NEEDS_WAREHOUSE_BINDING_R3
NH2-MULTI2-DISTRACTOR_HEAVY-R015,dev,18,NH2-MULTI2-DISTRACTOR_HEAVY-R015-Q18-INAD_1,INADMISSIBLE,SAT_FALSE,NH2-MULTI2-DISTRACTOR_HEAVY-R015_inad_1,REJECT_INADMISSIBLE,EXECUTE_ONLY_IF_R3_MEASURES_INADMISSIBLE_COST,NEEDS_WAREHOUSE_BINDING_R3
NH2-MULTI2-DISTRACTOR_HEAVY-R016,dev,2,NH2-MULTI2-DISTRACTOR_HEAVY-R016-Q02-INAD_1,INADMISSIBLE,SAT_FALSE,NH2-MULTI2-DISTRACTOR_HEAVY-R016_inad_1,REJECT_INADMISSIBLE,EXECUTE_ONLY_IF_R3_MEASURES_INADMISSIBLE_COST,NEEDS_WAREHOUSE_BINDING_R3
NH2-MULTI2-DISTRACTOR_HEAVY-R016,dev,15,NH2-MULTI2-DISTRACTOR_HEAVY-R016-Q15-INAD_0,INADMISSIBLE,SAT_FALSE,NH2-MULTI2-DISTRACTOR_HEAVY-R016_inad_0,REJECT_INADMISSIBLE,EXECUTE_ONLY_IF_R3_MEASURES_INADMISSIBLE_COST,NEEDS_WAREHOUSE_BINDING_R3
NH2-MULTI2-DISTRACTOR_HEAVY-R017,dev,3,NH2-MULTI2-DISTRACTOR_HEAVY-R017-Q03-INAD_0,INADMISSIBLE,SAT_FALSE,NH2-MULTI2-DISTRACTOR_HEAVY-R017_inad_0,REJECT_INADMISSIBLE,EXECUTE_ONLY_IF_R3_MEASURES_INADMISSIBLE_COST,NEEDS_WAREHOUSE_BINDING_R3
NH2-MULTI2-DISTRACTOR_HEAVY-R017,dev,24,NH2-MULTI2-DISTRACTOR_HEAVY-R017-Q24-INAD_1,INADMISSIBLE,SAT_FALSE,NH2-MULTI2-DISTRACTOR_HEAVY-R017_inad_1,REJECT_INADMISSIBLE,EXECUTE_ONLY_IF_R3_MEASURES_INADMISSIBLE_COST,NEEDS_WAREHOUSE_BINDING_R3
NH2-MULTI2-DISTRACTOR_HEAVY-R018,dev,17,NH2-MULTI2-DISTRACTOR_HEAVY-R018-Q17-INAD_0,INADMISSIBLE,SAT_FALSE,NH2-MULTI2-DISTRACTOR_HEAVY-R018_inad_0,REJECT_INADMISSIBLE,EXECUTE_ONLY_IF_R3_MEASURES_INADMISSIBLE_COST,NEEDS_WAREHOUSE_BINDING_R3
NH2-MULTI2-DISTRACTOR_HEAVY-R018,dev,20,NH2-MULTI2-DISTRACTOR_HEAVY-R018-Q20-INAD_1,INADMISSIBLE,SAT_FALSE,NH2-MULTI2-DISTRACTOR_HEAVY-R018_inad_1,REJECT_INADMISSIBLE,EXECUTE_ONLY_IF_R3_MEASURES_INADMISSIBLE_COST,NEEDS_WAREHOUSE_BINDING_R3
NH2-MULTI2-DISTRACTOR_HEAVY-R019,dev,16,NH2-MULTI2-DISTRACTOR_HEAVY-R019-Q16-INAD_0,INADMISSIBLE,SAT_FALSE,NH2-MULTI2-DISTRACTOR_HEAVY-R019_inad_0,REJECT_INADMISSIBLE,EXECUTE_ONLY_IF_R3_MEASURES_INADMISSIBLE_COST,NEEDS_WAREHOUSE_BINDING_R3
NH2-MULTI2-DISTRACTOR_HEAVY-R019,dev,20,NH2-MULTI2-DISTRACTOR_HEAVY-R019-Q20-INAD_1,INADMISSIBLE,SAT_FALSE,NH2-MULTI2-DISTRACTOR_HEAVY-R019_inad_1,REJECT_INADMISSIBLE,EXECUTE_ONLY_IF_R3_MEASURES_INADMISSIBLE_COST,NEEDS_WAREHOUSE_BINDING_R3
NH2-MULTI2-DISTRACTOR_HEAVY-R020,dev,1,NH2-MULTI2-DISTRACTOR_HEAVY-R020-Q01-INAD_0,INADMISSIBLE,SAT_FALSE,NH2-MULTI2-DISTRACTOR_HEAVY-R020_inad_0,REJECT_INADMISSIBLE,EXECUTE_ONLY_IF_R3_MEASURES_INADMISSIBLE_COST,NEEDS_WAREHOUSE_BINDING_R3
NH2-MULTI2-DISTRACTOR_HEAVY-R020,dev,6,NH2-MULTI2-DISTRACTOR_HEAVY-R020-Q06-INAD_1,INADMISSIBLE,SAT_FALSE,NH2-MULTI2-DISTRACTOR_HEAVY-R020_inad_1,REJECT_INADMISSIBLE,EXECUTE_ONLY_IF_R3_MEASURES_INADMISSIBLE_COST,NEEDS_WAREHOUSE_BINDING_R3
NH2-MULTI2-DISTRACTOR_HEAVY-R021,dev,14,NH2-MULTI2-DISTRACTOR_HEAVY-R021-Q14-INAD_0,INADMISSIBLE,SAT_FALSE,NH2-MULTI2-DISTRACTOR_HEAVY-R021_inad_0,REJECT_INADMISSIBLE,EXECUTE_ONLY_IF_R3_MEASURES_INADMISSIBLE_COST,NEEDS_WAREHOUSE_BINDING_R3
NH2-MULTI2-DISTRACTOR_HEAVY-R021,dev,15,NH2-MULTI2-DISTRACTOR_HEAVY-R021-Q15-INAD_1,INADMISSIBLE,SAT_FALSE,NH2-MULTI2-DISTRACTOR_HEAVY-R021_inad_1,REJECT_INADMISSIBLE,EXECUTE_ONLY_IF_R3_MEASURES_INADMISSIBLE_COST,NEEDS_WAREHOUSE_BINDING_R3
NH2-MULTI2-DISTRACTOR_HEAVY-R022,dev,13,NH2-MULTI2-DISTRACTOR_HEAVY-R022-Q13-INAD_1,INADMISSIBLE,SAT_FALSE,NH2-MULTI2-DISTRACTOR_HEAVY-R022_inad_1,REJECT_INADMISSIBLE,EXECUTE_ONLY_IF_R3_MEASURES_INADMISSIBLE_COST,NEEDS_WAREHOUSE_BINDING_R3
NH2-MULTI2-DISTRACTOR_HEAVY-R022,dev,22,NH2-MULTI2-DISTRACTOR_HEAVY-R022-Q22-INAD_0,INADMISSIBLE,SAT_FALSE,NH2-MULTI2-DISTRACTOR_HEAVY-R022_inad_0,REJECT_INADMISSIBLE,EXECUTE_ONLY_IF_R3_MEASURES_INADMISSIBLE_COST,NEEDS_WAREHOUSE_BINDING_R3
NH2-MULTI2-DISTRACTOR_HEAVY-R023,dev,6,NH2-MULTI2-DISTRACTOR_HEAVY-R023-Q06-INAD_1,INADMISSIBLE,SAT_FALSE,NH2-MULTI2-DISTRACTOR_HEAVY-R023_inad_1,REJECT_INADMISSIBLE,EXECUTE_ONLY_IF_R3_MEASURES_INADMISSIBLE_COST,NEEDS_WAREHOUSE_BINDING_R3
NH2-MULTI2-DISTRACTOR_HEAVY-R023,dev,8,NH2-MULTI2-DISTRACTOR_HEAVY-R023-Q08-INAD_0,INADMISSIBLE,SAT_FALSE,NH2-MULTI2-DISTRACTOR_HEAVY-R023_inad_0,REJECT_INADMISSIBLE,EXECUTE_ONLY_IF_R3_MEASURES_INADMISSIBLE_COST,NEEDS_WAREHOUSE_BINDING_R3
NH2-MULTI2-DISTRACTOR_HEAVY-R024,dev,16,NH2-MULTI2-DISTRACTOR_HEAVY-R024-Q16-INAD_0,INADMISSIBLE,SAT_FALSE,NH2-MULTI2-DISTRACTOR_HEAVY-R024_inad_0,REJECT_INADMISSIBLE,EXECUTE_ONLY_IF_R3_MEASURES_INADMISSIBLE_COST,NEEDS_WAREHOUSE_BINDING_R3
NH2-MULTI2-DISTRACTOR_HEAVY-R024,dev,19,NH2-MULTI2-DISTRACTOR_HEAVY-R024-Q19-INAD_1,INADMISSIBLE,SAT_FALSE,NH2-MULTI2-DISTRACTOR_HEAVY-R024_inad_1,REJECT_INADMISSIBLE,EXECUTE_ONLY_IF_R3_MEASURES_INADMISSIBLE_COST,NEEDS_WAREHOUSE_BINDING_R3
NH2-MULTI2-DISTRACTOR_HEAVY-R025,dev,7,NH2-MULTI2-DISTRACTOR_HEAVY-R025-Q07-INAD_1,INADMISSIBLE,SAT_FALSE,NH2-MULTI2-DISTRACTOR_HEAVY-R025_inad_1,REJECT_INADMISSIBLE,EXECUTE_ONLY_IF_R3_MEASURES_INADMISSIBLE_COST,NEEDS_WAREHOUSE_BINDING_R3
NH2-MULTI2-DISTRACTOR_HEAVY-R025,dev,15,NH2-MULTI2-DISTRACTOR_HEAVY-R025-Q15-INAD_0,INADMISSIBLE,SAT_FALSE,NH2-MULTI2-DISTRACTOR_HEAVY-R025_inad_0,REJECT_INADMISSIBLE,EXECUTE_ONLY_IF_R3_MEASURES_INADMISSIBLE_COST,NEEDS_WAREHOUSE_BINDING_R3
NH2-MULTI2-DISTRACTOR_HEAVY-R026,dev,11,NH2-MULTI2-DISTRACTOR_HEAVY-R026-Q11-INAD_1,INADMISSIBLE,SAT_FALSE,NH2-MULTI2-DISTRACTOR_HEAVY-R026_inad_1,REJECT_INADMISSIBLE,EXECUTE_ONLY_IF_R3_MEASURES_INADMISSIBLE_COST,NEEDS_WAREHOUSE_BINDING_R3
NH2-MULTI2-DISTRACTOR_HEAVY-R026,dev,18,NH2-MULTI2-DISTRACTOR_HEAVY-R026-Q18-INAD_0,INADMISSIBLE,SAT_FALSE,NH2-MULTI2-DISTRACTOR_HEAVY-R026_inad_0,REJECT_INADMISSIBLE,EXECUTE_ONLY_IF_R3_MEASURES_INADMISSIBLE_COST,NEEDS_WAREHOUSE_BINDING_R3
NH2-MULTI2-DISTRACTOR_HEAVY-R027,dev,3,NH2-MULTI2-DISTRACTOR_HEAVY-R027-Q03-INAD_1,INADMISSIBLE,SAT_FALSE,NH2-MULTI2-DISTRACTOR_HEAVY-R027_inad_1,REJECT_INADMISSIBLE,EXECUTE_ONLY_IF_R3_MEASURES_INADMISSIBLE_COST,NEEDS_WAREHOUSE_BINDING_R3
NH2-MULTI2-DISTRACTOR_HEAVY-R027,dev,16,NH2-MULTI2-DISTRACTOR_HEAVY-R027-Q16-INAD_0,INADMISSIBLE,SAT_FALSE,NH2-MULTI2-DISTRACTOR_HEAVY-R027_inad_0,REJECT_INADMISSIBLE,EXECUTE_ONLY_IF_R3_MEASURES_INADMISSIBLE_COST,NEEDS_WAREHOUSE_BINDING_R3
NH2-MULTI2-DISTRACTOR_HEAVY-R028,dev,9,NH2-MULTI2-DISTRACTOR_HEAVY-R028-Q09-INAD_1,INADMISSIBLE,SAT_FALSE,NH2-MULTI2-DISTRACTOR_HEAVY-R028_inad_1,REJECT_INADMISSIBLE,EXECUTE_ONLY_IF_R3_MEASURES_INADMISSIBLE_COST,NEEDS_WAREHOUSE_BINDING_R3
NH2-MULTI2-DISTRACTOR_HEAVY-R028,dev,10,NH2-MULTI2-DISTRACTOR_HEAVY-R028-Q10-INAD_0,INADMISSIBLE,SAT_FALSE,NH2-MULTI2-DISTRACTOR_HEAVY-R028_inad_0,REJECT_INADMISSIBLE,EXECUTE_ONLY_IF_R3_MEASURES_INADMISSIBLE_COST,NEEDS_WAREHOUSE_BINDING_R3
NH2-MULTI2-DISTRACTOR_HEAVY-R029,dev,8,NH2-MULTI2-DISTRACTOR_HEAVY-R029-Q08-INAD_1,INADMISSIBLE,SAT_FALSE,NH2-MULTI2-DISTRACTOR_HEAVY-R029_inad_1,REJECT_INADMISSIBLE,EXECUTE_ONLY_IF_R3_MEASURES_INADMISSIBLE_COST,NEEDS_WAREHOUSE_BINDING_R3
NH2-MULTI2-DISTRACTOR_HEAVY-R029,dev,22,NH2-MULTI2-DISTRACTOR_HEAVY-R029-Q22-INAD_0,INADMISSIBLE,SAT_FALSE,NH2-MULTI2-DISTRACTOR_HEAVY-R029_inad_0,REJECT_INADMISSIBLE,EXECUTE_ONLY_IF_R3_MEASURES_INADMISSIBLE_COST,NEEDS_WAREHOUSE_BINDING_R3
NH2-MULTI2-DISTRACTOR_HEAVY-R030,dev,12,NH2-MULTI2-DISTRACTOR_HEAVY-R030-Q12-INAD_1,INADMISSIBLE,SAT_FALSE,NH2-MULTI2-DISTRACTOR_HEAVY-R030_inad_1,REJECT_INADMISSIBLE,EXECUTE_ONLY_IF_R3_MEASURES_INADMISSIBLE_COST,NEEDS_WAREHOUSE_BINDING_R3
NH2-MULTI2-DISTRACTOR_HEAVY-R030,dev,20,NH2-MULTI2-DISTRACTOR_HEAVY-R030-Q20-INAD_0,INADMISSIBLE,SAT_FALSE,NH2-MULTI2-DISTRACTOR_HEAVY-R030_inad_0,REJECT_INADMISSIBLE,EXECUTE_ONLY_IF_R3_MEASURES_INADMISSIBLE_COST,NEEDS_WAREHOUSE_BINDING_R3
NH2-MULTI2-DISTRACTOR_HEAVY-R031,val,9,NH2-MULTI2-DISTRACTOR_HEAVY-R031-Q09-INAD_0,INADMISSIBLE,SAT_FALSE,NH2-MULTI2-DISTRACTOR_HEAVY-R031_inad_0,REJECT_INADMISSIBLE,EXECUTE_ONLY_IF_R3_MEASURES_INADMISSIBLE_COST,NEEDS_WAREHOUSE_BINDING_R3
NH2-MULTI2-DISTRACTOR_HEAVY-R031,val,13,NH2-MULTI2-DISTRACTOR_HEAVY-R031-Q13-INAD_1,INADMISSIBLE,SAT_FALSE,NH2-MULTI2-DISTRACTOR_HEAVY-R031_inad_1,REJECT_INADMISSIBLE,EXECUTE_ONLY_IF_R3_MEASURES_INADMISSIBLE_COST,NEEDS_WAREHOUSE_BINDING_R3
NH2-MULTI2-DISTRACTOR_HEAVY-R032,val,2,NH2-MULTI2-DISTRACTOR_HEAVY-R032-Q02-INAD_1,INADMISSIBLE,SAT_FALSE,NH2-MULTI2-DISTRACTOR_HEAVY-R032_inad_1,REJECT_INADMISSIBLE,EXECUTE_ONLY_IF_R3_MEASURES_INADMISSIBLE_COST,NEEDS_WAREHOUSE_BINDING_R3
NH2-MULTI2-DISTRACTOR_HEAVY-R032,val,22,NH2-MULTI2-DISTRACTOR_HEAVY-R032-Q22-INAD_0,INADMISSIBLE,SAT_FALSE,NH2-MULTI2-DISTRACTOR_HEAVY-R032_inad_0,REJECT_INADMISSIBLE,EXECUTE_ONLY_IF_R3_MEASURES_INADMISSIBLE_COST,NEEDS_WAREHOUSE_BINDING_R3
NH2-MULTI2-DISTRACTOR_HEAVY-R033,val,11,NH2-MULTI2-DISTRACTOR_HEAVY-R033-Q11-INAD_1,INADMISSIBLE,SAT_FALSE,NH2-MULTI2-DISTRACTOR_HEAVY-R033_inad_1,REJECT_INADMISSIBLE,EXECUTE_ONLY_IF_R3_MEASURES_INADMISSIBLE_COST,NEEDS_WAREHOUSE_BINDING_R3
NH2-MULTI2-DISTRACTOR_HEAVY-R033,val,24,NH2-MULTI2-DISTRACTOR_HEAVY-R033-Q24-INAD_0,INADMISSIBLE,SAT_FALSE,NH2-MULTI2-DISTRACTOR_HEAVY-R033_inad_0,REJECT_INADMISSIBLE,EXECUTE_ONLY_IF_R3_MEASURES_INADMISSIBLE_COST,NEEDS_WAREHOUSE_BINDING_R3
NH2-MULTI2-DISTRACTOR_HEAVY-R034,val,16,NH2-MULTI2-DISTRACTOR_HEAVY-R034-Q16-INAD_0,INADMISSIBLE,SAT_FALSE,NH2-MULTI2-DISTRACTOR_HEAVY-R034_inad_0,REJECT_INADMISSIBLE,EXECUTE_ONLY_IF_R3_MEASURES_INADMISSIBLE_COST,NEEDS_WAREHOUSE_BINDING_R3
NH2-MULTI2-DISTRACTOR_HEAVY-R034,val,19,NH2-MULTI2-DISTRACTOR_HEAVY-R034-Q19-INAD_1,INADMISSIBLE,SAT_FALSE,NH2-MULTI2-DISTRACTOR_HEAVY-R034_inad_1,REJECT_INADMISSIBLE,EXECUTE_ONLY_IF_R3_MEASURES_INADMISSIBLE_COST,NEEDS_WAREHOUSE_BINDING_R3
NH2-MULTI2-DISTRACTOR_HEAVY-R035,val,3,NH2-MULTI2-DISTRACTOR_HEAVY-R035-Q03-INAD_1,INADMISSIBLE,SAT_FALSE,NH2-MULTI2-DISTRACTOR_HEAVY-R035_inad_1,REJECT_INADMISSIBLE,EXECUTE_ONLY_IF_R3_MEASURES_INADMISSIBLE_COST,NEEDS_WAREHOUSE_BINDING_R3
NH2-MULTI2-DISTRACTOR_HEAVY-R035,val,5,NH2-MULTI2-DISTRACTOR_HEAVY-R035-Q05-INAD_0,INADMISSIBLE,SAT_FALSE,NH2-MULTI2-DISTRACTOR_HEAVY-R035_inad_0,REJECT_INADMISSIBLE,EXECUTE_ONLY_IF_R3_MEASURES_INADMISSIBLE_COST,NEEDS_WAREHOUSE_BINDING_R3
NH2-MULTI2-DISTRACTOR_HEAVY-R036,val,4,NH2-MULTI2-DISTRACTOR_HEAVY-R036-Q04-INAD_0,INADMISSIBLE,SAT_FALSE,NH2-MULTI2-DISTRACTOR_HEAVY-R036_inad_0,REJECT_INADMISSIBLE,EXECUTE_ONLY_IF_R3_MEASURES_INADMISSIBLE_COST,NEEDS_WAREHOUSE_BINDING_R3
NH2-MULTI2-DISTRACTOR_HEAVY-R036,val,10,NH2-MULTI2-DISTRACTOR_HEAVY-R036-Q10-INAD_1,INADMISSIBLE,SAT_FALSE,NH2-MULTI2-DISTRACTOR_HEAVY-R036_inad_1,REJECT_INADMISSIBLE,EXECUTE_ONLY_IF_R3_MEASURES_INADMISSIBLE_COST,NEEDS_WAREHOUSE_BINDING_R3
NH2-MULTI2-DISTRACTOR_HEAVY-R037,val,1,NH2-MULTI2-DISTRACTOR_HEAVY-R037-Q01-INAD_1,INADMISSIBLE,SAT_FALSE,NH2-MULTI2-DISTRACTOR_HEAVY-R037_inad_1,REJECT_INADMISSIBLE,EXECUTE_ONLY_IF_R3_MEASURES_INADMISSIBLE_COST,NEEDS_WAREHOUSE_BINDING_R3
NH2-MULTI2-DISTRACTOR_HEAVY-R037,val,15,NH2-MULTI2-DISTRACTOR_HEAVY-R037-Q15-INAD_0,INADMISSIBLE,SAT_FALSE,NH2-MULTI2-DISTRACTOR_HEAVY-R037_inad_0,REJECT_INADMISSIBLE,EXECUTE_ONLY_IF_R3_MEASURES_INADMISSIBLE_COST,NEEDS_WAREHOUSE_BINDING_R3
NH2-MULTI2-DISTRACTOR_HEAVY-R038,val,3,NH2-MULTI2-DISTRACTOR_HEAVY-R038-Q03-INAD_0,INADMISSIBLE,SAT_FALSE,NH2-MULTI2-DISTRACTOR_HEAVY-R038_inad_0,REJECT_INADMISSIBLE,EXECUTE_ONLY_IF_R3_MEASURES_INADMISSIBLE_COST,NEEDS_WAREHOUSE_BINDING_R3
NH2-MULTI2-DISTRACTOR_HEAVY-R038,val,5,NH2-MULTI2-DISTRACTOR_HEAVY-R038-Q05-INAD_1,INADMISSIBLE,SAT_FALSE,NH2-MULTI2-DISTRACTOR_HEAVY-R038_inad_1,REJECT_INADMISSIBLE,EXECUTE_ONLY_IF_R3_MEASURES_INADMISSIBLE_COST,NEEDS_WAREHOUSE_BINDING_R3
NH2-MULTI2-DISTRACTOR_HEAVY-R039,val,10,NH2-MULTI2-DISTRACTOR_HEAVY-R039-Q10-INAD_0,INADMISSIBLE,SAT_FALSE,NH2-MULTI2-DISTRACTOR_HEAVY-R039_inad_0,REJECT_INADMISSIBLE,EXECUTE_ONLY_IF_R3_MEASURES_INADMISSIBLE_COST,NEEDS_WAREHOUSE_BINDING_R3
NH2-MULTI2-DISTRACTOR_HEAVY-R039,val,20,NH2-MULTI2-DISTRACTOR_HEAVY-R039-Q20-INAD_1,INADMISSIBLE,SAT_FALSE,NH2-MULTI2-DISTRACTOR_HEAVY-R039_inad_1,REJECT_INADMISSIBLE,EXECUTE_ONLY_IF_R3_MEASURES_INADMISSIBLE_COST,NEEDS_WAREHOUSE_BINDING_R3
NH2-MULTI2-DISTRACTOR_HEAVY-R040,val,2,NH2-MULTI2-DISTRACTOR_HEAVY-R040-Q02-INAD_1,INADMISSIBLE,SAT_FALSE,NH2-MULTI2-DISTRACTOR_HEAVY-R040_inad_1,REJECT_INADMISSIBLE,EXECUTE_ONLY_IF_R3_MEASURES_INADMISSIBLE_COST,NEEDS_WAREHOUSE_BINDING_R3
NH2-MULTI2-DISTRACTOR_HEAVY-R040,val,15,NH2-MULTI2-DISTRACTOR_HEAVY-R040-Q15-INAD_0,INADMISSIBLE,SAT_FALSE,NH2-MULTI2-DISTRACTOR_HEAVY-R040_inad_0,REJECT_INADMISSIBLE,EXECUTE_ONLY_IF_R3_MEASURES_INADMISSIBLE_COST,NEEDS_WAREHOUSE_BINDING_R3
NH2-MULTI2-DISTRACTOR_HEAVY-R041,val,10,NH2-MULTI2-DISTRACTOR_HEAVY-R041-Q10-INAD_0,INADMISSIBLE,SAT_FALSE,NH2-MULTI2-DISTRACTOR_HEAVY-R041_inad_0,REJECT_INADMISSIBLE,EXECUTE_ONLY_IF_R3_MEASURES_INADMISSIBLE_COST,NEEDS_WAREHOUSE_BINDING_R3
NH2-MULTI2-DISTRACTOR_HEAVY-R041,val,13,NH2-MULTI2-DISTRACTOR_HEAVY-R041-Q13-INAD_1,INADMISSIBLE,SAT_FALSE,NH2-MULTI2-DISTRACTOR_HEAVY-R041_inad_1,REJECT_INADMISSIBLE,EXECUTE_ONLY_IF_R3_MEASURES_INADMISSIBLE_COST,NEEDS_WAREHOUSE_BINDING_R3
NH2-MULTI2-DISTRACTOR_HEAVY-R042,val,19,NH2-MULTI2-DISTRACTOR_HEAVY-R042-Q19-INAD_1,INADMISSIBLE,SAT_FALSE,NH2-MULTI2-DISTRACTOR_HEAVY-R042_inad_1,REJECT_INADMISSIBLE,EXECUTE_ONLY_IF_R3_MEASURES_INADMISSIBLE_COST,NEEDS_WAREHOUSE_BINDING_R3
NH2-MULTI2-DISTRACTOR_HEAVY-R042,val,24,NH2-MULTI2-DISTRACTOR_HEAVY-R042-Q24-INAD_0,INADMISSIBLE,SAT_FALSE,NH2-MULTI2-DISTRACTOR_HEAVY-R042_inad_0,REJECT_INADMISSIBLE,EXECUTE_ONLY_IF_R3_MEASURES_INADMISSIBLE_COST,NEEDS_WAREHOUSE_BINDING_R3
NH2-MULTI2-DISTRACTOR_HEAVY-R043,val,17,NH2-MULTI2-DISTRACTOR_HEAVY-R043-Q17-INAD_0,INADMISSIBLE,SAT_FALSE,NH2-MULTI2-DISTRACTOR_HEAVY-R043_inad_0,REJECT_INADMISSIBLE,EXECUTE_ONLY_IF_R3_MEASURES_INADMISSIBLE_COST,NEEDS_WAREHOUSE_BINDING_R3
NH2-MULTI2-DISTRACTOR_HEAVY-R043,val,24,NH2-MULTI2-DISTRACTOR_HEAVY-R043-Q24-INAD_1,INADMISSIBLE,SAT_FALSE,NH2-MULTI2-DISTRACTOR_HEAVY-R043_inad_1,REJECT_INADMISSIBLE,EXECUTE_ONLY_IF_R3_MEASURES_INADMISSIBLE_COST,NEEDS_WAREHOUSE_BINDING_R3
NH2-MULTI2-DISTRACTOR_HEAVY-R044,val,10,NH2-MULTI2-DISTRACTOR_HEAVY-R044-Q10-INAD_0,INADMISSIBLE,SAT_FALSE,NH2-MULTI2-DISTRACTOR_HEAVY-R044_inad_0,REJECT_INADMISSIBLE,EXECUTE_ONLY_IF_R3_MEASURES_INADMISSIBLE_COST,NEEDS_WAREHOUSE_BINDING_R3
NH2-MULTI2-DISTRACTOR_HEAVY-R044,val,16,NH2-MULTI2-DISTRACTOR_HEAVY-R044-Q16-INAD_1,INADMISSIBLE,SAT_FALSE,NH2-MULTI2-DISTRACTOR_HEAVY-R044_inad_1,REJECT_INADMISSIBLE,EXECUTE_ONLY_IF_R3_MEASURES_INADMISSIBLE_COST,NEEDS_WAREHOUSE_BINDING_R3
NH2-MULTI2-DISTRACTOR_HEAVY-R045,val,4,NH2-MULTI2-DISTRACTOR_HEAVY-R045-Q04-INAD_0,INADMISSIBLE,SAT_FALSE,NH2-MULTI2-DISTRACTOR_HEAVY-R045_inad_0,REJECT_INADMISSIBLE,EXECUTE_ONLY_IF_R3_MEASURES_INADMISSIBLE_COST,NEEDS_WAREHOUSE_BINDING_R3
NH2-MULTI2-DISTRACTOR_HEAVY-R045,val,23,NH2-MULTI2-DISTRACTOR_HEAVY-R045-Q23-INAD_1,INADMISSIBLE,SAT_FALSE,NH2-MULTI2-DISTRACTOR_HEAVY-R045_inad_1,REJECT_INADMISSIBLE,EXECUTE_ONLY_IF_R3_MEASURES_INADMISSIBLE_COST,NEEDS_WAREHOUSE_BINDING_R3
NH2-MULTI2-DISTRACTOR_HEAVY-R046,test,7,NH2-MULTI2-DISTRACTOR_HEAVY-R046-Q07-INAD_0,INADMISSIBLE,SAT_FALSE,NH2-MULTI2-DISTRACTOR_HEAVY-R046_inad_0,REJECT_INADMISSIBLE,EXECUTE_ONLY_IF_R3_MEASURES_INADMISSIBLE_COST,NEEDS_WAREHOUSE_BINDING_R3
NH2-MULTI2-DISTRACTOR_HEAVY-R046,test,19,NH2-MULTI2-DISTRACTOR_HEAVY-R046-Q19-INAD_1,INADMISSIBLE,SAT_FALSE,NH2-MULTI2-DISTRACTOR_HEAVY-R046_inad_1,REJECT_INADMISSIBLE,EXECUTE_ONLY_IF_R3_MEASURES_INADMISSIBLE_COST,NEEDS_WAREHOUSE_BINDING_R3
NH2-MULTI2-DISTRACTOR_HEAVY-R047,test,10,NH2-MULTI2-DISTRACTOR_HEAVY-R047-Q10-INAD_0,INADMISSIBLE,SAT_FALSE,NH2-MULTI2-DISTRACTOR_HEAVY-R047_inad_0,REJECT_INADMISSIBLE,EXECUTE_ONLY_IF_R3_MEASURES_INADMISSIBLE_COST,NEEDS_WAREHOUSE_BINDING_R3
NH2-MULTI2-DISTRACTOR_HEAVY-R047,test,14,NH2-MULTI2-DISTRACTOR_HEAVY-R047-Q14-INAD_1,INADMISSIBLE,SAT_FALSE,NH2-MULTI2-DISTRACTOR_HEAVY-R047_inad_1,REJECT_INADMISSIBLE,EXECUTE_ONLY_IF_R3_MEASURES_INADMISSIBLE_COST,NEEDS_WAREHOUSE_BINDING_R3
NH2-MULTI2-DISTRACTOR_HEAVY-R048,test,13,NH2-MULTI2-DISTRACTOR_HEAVY-R048-Q13-INAD_1,INADMISSIBLE,SAT_FALSE,NH2-MULTI2-DISTRACTOR_HEAVY-R048_inad_1,REJECT_INADMISSIBLE,EXECUTE_ONLY_IF_R3_MEASURES_INADMISSIBLE_COST,NEEDS_WAREHOUSE_BINDING_R3
NH2-MULTI2-DISTRACTOR_HEAVY-R048,test,20,NH2-MULTI2-DISTRACTOR_HEAVY-R048-Q20-INAD_0,INADMISSIBLE,SAT_FALSE,NH2-MULTI2-DISTRACTOR_HEAVY-R048_inad_0,REJECT_INADMISSIBLE,EXECUTE_ONLY_IF_R3_MEASURES_INADMISSIBLE_COST,NEEDS_WAREHOUSE_BINDING_R3
NH2-MULTI2-DISTRACTOR_HEAVY-R049,test,16,NH2-MULTI2-DISTRACTOR_HEAVY-R049-Q16-INAD_0,INADMISSIBLE,SAT_FALSE,NH2-MULTI2-DISTRACTOR_HEAVY-R049_inad_0,REJECT_INADMISSIBLE,EXECUTE_ONLY_IF_R3_MEASURES_INADMISSIBLE_COST,NEEDS_WAREHOUSE_BINDING_R3
NH2-MULTI2-DISTRACTOR_HEAVY-R049,test,23,NH2-MULTI2-DISTRACTOR_HEAVY-R049-Q23-INAD_1,INADMISSIBLE,SAT_FALSE,NH2-MULTI2-DISTRACTOR_HEAVY-R049_inad_1,REJECT_INADMISSIBLE,EXECUTE_ONLY_IF_R3_MEASURES_INADMISSIBLE_COST,NEEDS_WAREHOUSE_BINDING_R3
NH2-MULTI2-DISTRACTOR_HEAVY-R050,test,3,NH2-MULTI2-DISTRACTOR_HEAVY-R050-Q03-INAD_1,INADMISSIBLE,SAT_FALSE,NH2-MULTI2-DISTRACTOR_HEAVY-R050_inad_1,REJECT_INADMISSIBLE,EXECUTE_ONLY_IF_R3_MEASURES_INADMISSIBLE_COST,NEEDS_WAREHOUSE_BINDING_R3
NH2-MULTI2-DISTRACTOR_HEAVY-R050,test,18,NH2-MULTI2-DISTRACTOR_HEAVY-R050-Q18-INAD_0,INADMISSIBLE,SAT_FALSE,NH2-MULTI2-DISTRACTOR_HEAVY-R050_inad_0,REJECT_INADMISSIBLE,EXECUTE_ONLY_IF_R3_MEASURES_INADMISSIBLE_COST,NEEDS_WAREHOUSE_BINDING_R3
NH2-MULTI2-DISTRACTOR_HEAVY-R051,test,14,NH2-MULTI2-DISTRACTOR_HEAVY-R051-Q14-INAD_1,INADMISSIBLE,SAT_FALSE,NH2-MULTI2-DISTRACTOR_HEAVY-R051_inad_1,REJECT_INADMISSIBLE,EXECUTE_ONLY_IF_R3_MEASURES_INADMISSIBLE_COST,NEEDS_WAREHOUSE_BINDING_R3
NH2-MULTI2-DISTRACTOR_HEAVY-R051,test,23,NH2-MULTI2-DISTRACTOR_HEAVY-R051-Q23-INAD_0,INADMISSIBLE,SAT_FALSE,NH2-MULTI2-DISTRACTOR_HEAVY-R051_inad_0,REJECT_INADMISSIBLE,EXECUTE_ONLY_IF_R3_MEASURES_INADMISSIBLE_COST,NEEDS_WAREHOUSE_BINDING_R3
NH2-MULTI2-DISTRACTOR_HEAVY-R052,test,8,NH2-MULTI2-DISTRACTOR_HEAVY-R052-Q08-INAD_1,INADMISSIBLE,SAT_FALSE,NH2-MULTI2-DISTRACTOR_HEAVY-R052_inad_1,REJECT_INADMISSIBLE,EXECUTE_ONLY_IF_R3_MEASURES_INADMISSIBLE_COST,NEEDS_WAREHOUSE_BINDING_R3
NH2-MULTI2-DISTRACTOR_HEAVY-R052,test,19,NH2-MULTI2-DISTRACTOR_HEAVY-R052-Q19-INAD_0,INADMISSIBLE,SAT_FALSE,NH2-MULTI2-DISTRACTOR_HEAVY-R052_inad_0,REJECT_INADMISSIBLE,EXECUTE_ONLY_IF_R3_MEASURES_INADMISSIBLE_COST,NEEDS_WAREHOUSE_BINDING_R3
NH2-MULTI2-DISTRACTOR_HEAVY-R053,test,8,NH2-MULTI2-DISTRACTOR_HEAVY-R053-Q08-INAD_1,INADMISSIBLE,SAT_FALSE,NH2-MULTI2-DISTRACTOR_HEAVY-R053_inad_1,REJECT_INADMISSIBLE,EXECUTE_ONLY_IF_R3_MEASURES_INADMISSIBLE_COST,NEEDS_WAREHOUSE_BINDING_R3
NH2-MULTI2-DISTRACTOR_HEAVY-R053,test,16,NH2-MULTI2-DISTRACTOR_HEAVY-R053-Q16-INAD_0,INADMISSIBLE,SAT_FALSE,NH2-MULTI2-DISTRACTOR_HEAVY-R053_inad_0,REJECT_INADMISSIBLE,EXECUTE_ONLY_IF_R3_MEASURES_INADMISSIBLE_COST,NEEDS_WAREHOUSE_BINDING_R3
NH2-MULTI2-DISTRACTOR_HEAVY-R054,test,10,NH2-MULTI2-DISTRACTOR_HEAVY-R054-Q10-INAD_1,INADMISSIBLE,SAT_FALSE,NH2-MULTI2-DISTRACTOR_HEAVY-R054_inad_1,REJECT_INADMISSIBLE,EXECUTE_ONLY_IF_R3_MEASURES_INADMISSIBLE_COST,NEEDS_WAREHOUSE_BINDING_R3
NH2-MULTI2-DISTRACTOR_HEAVY-R054,test,11,NH2-MULTI2-DISTRACTOR_HEAVY-R054-Q11-INAD_0,INADMISSIBLE,SAT_FALSE,NH2-MULTI2-DISTRACTOR_HEAVY-R054_inad_0,REJECT_INADMISSIBLE,EXECUTE_ONLY_IF_R3_MEASURES_INADMISSIBLE_COST,NEEDS_WAREHOUSE_BINDING_R3
NH2-MULTI2-DISTRACTOR_HEAVY-R055,test,7,NH2-MULTI2-DISTRACTOR_HEAVY-R055-Q07-INAD_0,INADMISSIBLE,SAT_FALSE,NH2-MULTI2-DISTRACTOR_HEAVY-R055_inad_0,REJECT_INADMISSIBLE,EXECUTE_ONLY_IF_R3_MEASURES_INADMISSIBLE_COST,NEEDS_WAREHOUSE_BINDING_R3
NH2-MULTI2-DISTRACTOR_HEAVY-R055,test,14,NH2-MULTI2-DISTRACTOR_HEAVY-R055-Q14-INAD_1,INADMISSIBLE,SAT_FALSE,NH2-MULTI2-DISTRACTOR_HEAVY-R055_inad_1,REJECT_INADMISSIBLE,EXECUTE_ONLY_IF_R3_MEASURES_INADMISSIBLE_COST,NEEDS_WAREHOUSE_BINDING_R3
NH2-MULTI2-DISTRACTOR_HEAVY-R056,test,11,NH2-MULTI2-DISTRACTOR_HEAVY-R056-Q11-INAD_0,INADMISSIBLE,SAT_FALSE,NH2-MULTI2-DISTRACTOR_HEAVY-R056_inad_0,REJECT_INADMISSIBLE,EXECUTE_ONLY_IF_R3_MEASURES_INADMISSIBLE_COST,NEEDS_WAREHOUSE_BINDING_R3
NH2-MULTI2-DISTRACTOR_HEAVY-R056,test,22,NH2-MULTI2-DISTRACTOR_HEAVY-R056-Q22-INAD_1,INADMISSIBLE,SAT_FALSE,NH2-MULTI2-DISTRACTOR_HEAVY-R056_inad_1,REJECT_INADMISSIBLE,EXECUTE_ONLY_IF_R3_MEASURES_INADMISSIBLE_COST,NEEDS_WAREHOUSE_BINDING_R3
NH2-MULTI2-DISTRACTOR_HEAVY-R057,test,2,NH2-MULTI2-DISTRACTOR_HEAVY-R057-Q02-INAD_1,INADMISSIBLE,SAT_FALSE,NH2-MULTI2-DISTRACTOR_HEAVY-R057_inad_1,REJECT_INADMISSIBLE,EXECUTE_ONLY_IF_R3_MEASURES_INADMISSIBLE_COST,NEEDS_WAREHOUSE_BINDING_R3
NH2-MULTI2-DISTRACTOR_HEAVY-R057,test,22,NH2-MULTI2-DISTRACTOR_HEAVY-R057-Q22-INAD_0,INADMISSIBLE,SAT_FALSE,NH2-MULTI2-DISTRACTOR_HEAVY-R057_inad_0,REJECT_INADMISSIBLE,EXECUTE_ONLY_IF_R3_MEASURES_INADMISSIBLE_COST,NEEDS_WAREHOUSE_BINDING_R3
NH2-MULTI2-DISTRACTOR_HEAVY-R058,test,7,NH2-MULTI2-DISTRACTOR_HEAVY-R058-Q07-INAD_1,INADMISSIBLE,SAT_FALSE,NH2-MULTI2-DISTRACTOR_HEAVY-R058_inad_1,REJECT_INADMISSIBLE,EXECUTE_ONLY_IF_R3_MEASURES_INADMISSIBLE_COST,NEEDS_WAREHOUSE_BINDING_R3
NH2-MULTI2-DISTRACTOR_HEAVY-R058,test,17,NH2-MULTI2-DISTRACTOR_HEAVY-R058-Q17-INAD_0,INADMISSIBLE,SAT_FALSE,NH2-MULTI2-DISTRACTOR_HEAVY-R058_inad_0,REJECT_INADMISSIBLE,EXECUTE_ONLY_IF_R3_MEASURES_INADMISSIBLE_COST,NEEDS_WAREHOUSE_BINDING_R3
NH2-MULTI2-DISTRACTOR_HEAVY-R059,test,12,NH2-MULTI2-DISTRACTOR_HEAVY-R059-Q12-INAD_1,INADMISSIBLE,SAT_FALSE,NH2-MULTI2-DISTRACTOR_HEAVY-R059_inad_1,REJECT_INADMISSIBLE,EXECUTE_ONLY_IF_R3_MEASURES_INADMISSIBLE_COST,NEEDS_WAREHOUSE_BINDING_R3
NH2-MULTI2-DISTRACTOR_HEAVY-R059,test,14,NH2-MULTI2-DISTRACTOR_HEAVY-R059-Q14-INAD_0,INADMISSIBLE,SAT_FALSE,NH2-MULTI2-DISTRACTOR_HEAVY-R059_inad_0,REJECT_INADMISSIBLE,EXECUTE_ONLY_IF_R3_MEASURES_INADMISSIBLE_COST,NEEDS_WAREHOUSE_BINDING_R3
NH2-MULTI2-DISTRACTOR_HEAVY-R060,test,2,NH2-MULTI2-DISTRACTOR_HEAVY-R060-Q02-INAD_0,INADMISSIBLE,SAT_FALSE,NH2-MULTI2-DISTRACTOR_HEAVY-R060_inad_0,REJECT_INADMISSIBLE,EXECUTE_ONLY_IF_R3_MEASURES_INADMISSIBLE_COST,NEEDS_WAREHOUSE_BINDING_R3
NH2-MULTI2-DISTRACTOR_HEAVY-R060,test,7,NH2-MULTI2-DISTRACTOR_HEAVY-R060-Q07-INAD_1,INADMISSIBLE,SAT_FALSE,NH2-MULTI2-DISTRACTOR_HEAVY-R060_inad_1,REJECT_INADMISSIBLE,EXECUTE_ONLY_IF_R3_MEASURES_INADMISSIBLE_COST,NEEDS_WAREHOUSE_BINDING_R3
NH2-MULTI2-MIXED_SAT-R001,dev,5,NH2-MULTI2-MIXED_SAT-R001-Q05-INAD_0,INADMISSIBLE,SAT_FALSE,NH2-MULTI2-MIXED_SAT-R001_inad_0,REJECT_INADMISSIBLE,EXECUTE_ONLY_IF_R3_MEASURES_INADMISSIBLE_COST,NEEDS_WAREHOUSE_BINDING_R3
NH2-MULTI2-MIXED_SAT-R001,dev,7,NH2-MULTI2-MIXED_SAT-R001-Q07-INAD_4,INADMISSIBLE,SAT_FALSE,NH2-MULTI2-MIXED_SAT-R001_inad_4,REJECT_INADMISSIBLE,EXECUTE_ONLY_IF_R3_MEASURES_INADMISSIBLE_COST,NEEDS_WAREHOUSE_BINDING_R3
NH2-MULTI2-MIXED_SAT-R001,dev,19,NH2-MULTI2-MIXED_SAT-R001-Q19-INAD_3,INADMISSIBLE,SAT_FALSE,NH2-MULTI2-MIXED_SAT-R001_inad_3,REJECT_INADMISSIBLE,EXECUTE_ONLY_IF_R3_MEASURES_INADMISSIBLE_COST,NEEDS_WAREHOUSE_BINDING_R3
NH2-MULTI2-MIXED_SAT-R001,dev,20,NH2-MULTI2-MIXED_SAT-R001-Q20-INAD_1,INADMISSIBLE,SAT_FALSE,NH2-MULTI2-MIXED_SAT-R001_inad_1,REJECT_INADMISSIBLE,EXECUTE_ONLY_IF_R3_MEASURES_INADMISSIBLE_COST,NEEDS_WAREHOUSE_BINDING_R3
NH2-MULTI2-MIXED_SAT-R001,dev,23,NH2-MULTI2-MIXED_SAT-R001-Q23-INAD_2,INADMISSIBLE,SAT_FALSE,NH2-MULTI2-MIXED_SAT-R001_inad_2,REJECT_INADMISSIBLE,EXECUTE_ONLY_IF_R3_MEASURES_INADMISSIBLE_COST,NEEDS_WAREHOUSE_BINDING_R3
NH2-MULTI2-MIXED_SAT-R002,dev,1,NH2-MULTI2-MIXED_SAT-R002-Q01-INAD_4,INADMISSIBLE,SAT_FALSE,NH2-MULTI2-MIXED_SAT-R002_inad_4,REJECT_INADMISSIBLE,EXECUTE_ONLY_IF_R3_MEASURES_INADMISSIBLE_COST,NEEDS_WAREHOUSE_BINDING_R3
NH2-MULTI2-MIXED_SAT-R002,dev,4,NH2-MULTI2-MIXED_SAT-R002-Q04-INAD_0,INADMISSIBLE,SAT_FALSE,NH2-MULTI2-MIXED_SAT-R002_inad_0,REJECT_INADMISSIBLE,EXECUTE_ONLY_IF_R3_MEASURES_INADMISSIBLE_COST,NEEDS_WAREHOUSE_BINDING_R3
NH2-MULTI2-MIXED_SAT-R002,dev,12,NH2-MULTI2-MIXED_SAT-R002-Q12-INAD_3,INADMISSIBLE,SAT_FALSE,NH2-MULTI2-MIXED_SAT-R002_inad_3,REJECT_INADMISSIBLE,EXECUTE_ONLY_IF_R3_MEASURES_INADMISSIBLE_COST,NEEDS_WAREHOUSE_BINDING_R3
NH2-MULTI2-MIXED_SAT-R002,dev,15,NH2-MULTI2-MIXED_SAT-R002-Q15-INAD_1,INADMISSIBLE,SAT_FALSE,NH2-MULTI2-MIXED_SAT-R002_inad_1,REJECT_INADMISSIBLE,EXECUTE_ONLY_IF_R3_MEASURES_INADMISSIBLE_COST,NEEDS_WAREHOUSE_BINDING_R3
NH2-MULTI2-MIXED_SAT-R002,dev,21,NH2-MULTI2-MIXED_SAT-R002-Q21-INAD_2,INADMISSIBLE,SAT_FALSE,NH2-MULTI2-MIXED_SAT-R002_inad_2,REJECT_INADMISSIBLE,EXECUTE_ONLY_IF_R3_MEASURES_INADMISSIBLE_COST,NEEDS_WAREHOUSE_BINDING_R3
NH2-MULTI2-MIXED_SAT-R003,dev,5,NH2-MULTI2-MIXED_SAT-R003-Q05-INAD_2,INADMISSIBLE,SAT_FALSE,NH2-MULTI2-MIXED_SAT-R003_inad_2,REJECT_INADMISSIBLE,EXECUTE_ONLY_IF_R3_MEASURES_INADMISSIBLE_COST,NEEDS_WAREHOUSE_BINDING_R3
NH2-MULTI2-MIXED_SAT-R003,dev,10,NH2-MULTI2-MIXED_SAT-R003-Q10-INAD_0,INADMISSIBLE,SAT_FALSE,NH2-MULTI2-MIXED_SAT-R003_inad_0,REJECT_INADMISSIBLE,EXECUTE_ONLY_IF_R3_MEASURES_INADMISSIBLE_COST,NEEDS_WAREHOUSE_BINDING_R3
NH2-MULTI2-MIXED_SAT-R003,dev,17,NH2-MULTI2-MIXED_SAT-R003-Q17-INAD_1,INADMISSIBLE,SAT_FALSE,NH2-MULTI2-MIXED_SAT-R003_inad_1,REJECT_INADMISSIBLE,EXECUTE_ONLY_IF_R3_MEASURES_INADMISSIBLE_COST,NEEDS_WAREHOUSE_BINDING_R3
NH2-MULTI2-MIXED_SAT-R003,dev,21,NH2-MULTI2-MIXED_SAT-R003-Q21-INAD_4,INADMISSIBLE,SAT_FALSE,NH2-MULTI2-MIXED_SAT-R003_inad_4,REJECT_INADMISSIBLE,EXECUTE_ONLY_IF_R3_MEASURES_INADMISSIBLE_COST,NEEDS_WAREHOUSE_BINDING_R3
NH2-MULTI2-MIXED_SAT-R003,dev,24,NH2-MULTI2-MIXED_SAT-R003-Q24-INAD_3,INADMISSIBLE,SAT_FALSE,NH2-MULTI2-MIXED_SAT-R003_inad_3,REJECT_INADMISSIBLE,EXECUTE_ONLY_IF_R3_MEASURES_INADMISSIBLE_COST,NEEDS_WAREHOUSE_BINDING_R3
NH2-MULTI2-MIXED_SAT-R004,dev,4,NH2-MULTI2-MIXED_SAT-R004-Q04-INAD_2,INADMISSIBLE,SAT_FALSE,NH2-MULTI2-MIXED_SAT-R004_inad_2,REJECT_INADMISSIBLE,EXECUTE_ONLY_IF_R3_MEASURES_INADMISSIBLE_COST,NEEDS_WAREHOUSE_BINDING_R3
NH2-MULTI2-MIXED_SAT-R004,dev,7,NH2-MULTI2-MIXED_SAT-R004-Q07-INAD_0,INADMISSIBLE,SAT_FALSE,NH2-MULTI2-MIXED_SAT-R004_inad_0,REJECT_INADMISSIBLE,EXECUTE_ONLY_IF_R3_MEASURES_INADMISSIBLE_COST,NEEDS_WAREHOUSE_BINDING_R3
NH2-MULTI2-MIXED_SAT-R004,dev,9,NH2-MULTI2-MIXED_SAT-R004-Q09-INAD_3,INADMISSIBLE,SAT_FALSE,NH2-MULTI2-MIXED_SAT-R004_inad_3,REJECT_INADMISSIBLE,EXECUTE_ONLY_IF_R3_MEASURES_INADMISSIBLE_COST,NEEDS_WAREHOUSE_BINDING_R3
NH2-MULTI2-MIXED_SAT-R004,dev,15,NH2-MULTI2-MIXED_SAT-R004-Q15-INAD_1,INADMISSIBLE,SAT_FALSE,NH2-MULTI2-MIXED_SAT-R004_inad_1,REJECT_INADMISSIBLE,EXECUTE_ONLY_IF_R3_MEASURES_INADMISSIBLE_COST,NEEDS_WAREHOUSE_BINDING_R3
NH2-MULTI2-MIXED_SAT-R004,dev,24,NH2-MULTI2-MIXED_SAT-R004-Q24-INAD_4,INADMISSIBLE,SAT_FALSE,NH2-MULTI2-MIXED_SAT-R004_inad_4,REJECT_INADMISSIBLE,EXECUTE_ONLY_IF_R3_MEASURES_INADMISSIBLE_COST,NEEDS_WAREHOUSE_BINDING_R3
NH2-MULTI2-MIXED_SAT-R005,dev,10,NH2-MULTI2-MIXED_SAT-R005-Q10-INAD_0,INADMISSIBLE,SAT_FALSE,NH2-MULTI2-MIXED_SAT-R005_inad_0,REJECT_INADMISSIBLE,EXECUTE_ONLY_IF_R3_MEASURES_INADMISSIBLE_COST,NEEDS_WAREHOUSE_BINDING_R3
NH2-MULTI2-MIXED_SAT-R005,dev,13,NH2-MULTI2-MIXED_SAT-R005-Q13-INAD_4,INADMISSIBLE,SAT_FALSE,NH2-MULTI2-MIXED_SAT-R005_inad_4,REJECT_INADMISSIBLE,EXECUTE_ONLY_IF_R3_MEASURES_INADMISSIBLE_COST,NEEDS_WAREHOUSE_BINDING_R3
NH2-MULTI2-MIXED_SAT-R005,dev,17,NH2-MULTI2-MIXED_SAT-R005-Q17-INAD_1,INADMISSIBLE,SAT_FALSE,NH2-MULTI2-MIXED_SAT-R005_inad_1,REJECT_INADMISSIBLE,EXECUTE_ONLY_IF_R3_MEASURES_INADMISSIBLE_COST,NEEDS_WAREHOUSE_BINDING_R3
NH2-MULTI2-MIXED_SAT-R005,dev,18,NH2-MULTI2-MIXED_SAT-R005-Q18-INAD_2,INADMISSIBLE,SAT_FALSE,NH2-MULTI2-MIXED_SAT-R005_inad_2,REJECT_INADMISSIBLE,EXECUTE_ONLY_IF_R3_MEASURES_INADMISSIBLE_COST,NEEDS_WAREHOUSE_BINDING_R3
NH2-MULTI2-MIXED_SAT-R005,dev,24,NH2-MULTI2-MIXED_SAT-R005-Q24-INAD_3,INADMISSIBLE,SAT_FALSE,NH2-MULTI2-MIXED_SAT-R005_inad_3,REJECT_INADMISSIBLE,EXECUTE_ONLY_IF_R3_MEASURES_INADMISSIBLE_COST,NEEDS_WAREHOUSE_BINDING_R3
NH2-MULTI2-MIXED_SAT-R006,dev,11,NH2-MULTI2-MIXED_SAT-R006-Q11-INAD_4,INADMISSIBLE,SAT_FALSE,NH2-MULTI2-MIXED_SAT-R006_inad_4,REJECT_INADMISSIBLE,EXECUTE_ONLY_IF_R3_MEASURES_INADMISSIBLE_COST,NEEDS_WAREHOUSE_BINDING_R3
NH2-MULTI2-MIXED_SAT-R006,dev,12,NH2-MULTI2-MIXED_SAT-R006-Q12-INAD_2,INADMISSIBLE,SAT_FALSE,NH2-MULTI2-MIXED_SAT-R006_inad_2,REJECT_INADMISSIBLE,EXECUTE_ONLY_IF_R3_MEASURES_INADMISSIBLE_COST,NEEDS_WAREHOUSE_BINDING_R3
NH2-MULTI2-MIXED_SAT-R006,dev,13,NH2-MULTI2-MIXED_SAT-R006-Q13-INAD_1,INADMISSIBLE,SAT_FALSE,NH2-MULTI2-MIXED_SAT-R006_inad_1,REJECT_INADMISSIBLE,EXECUTE_ONLY_IF_R3_MEASURES_INADMISSIBLE_COST,NEEDS_WAREHOUSE_BINDING_R3
NH2-MULTI2-MIXED_SAT-R006,dev,16,NH2-MULTI2-MIXED_SAT-R006-Q16-INAD_0,INADMISSIBLE,SAT_FALSE,NH2-MULTI2-MIXED_SAT-R006_inad_0,REJECT_INADMISSIBLE,EXECUTE_ONLY_IF_R3_MEASURES_INADMISSIBLE_COST,NEEDS_WAREHOUSE_BINDING_R3
NH2-MULTI2-MIXED_SAT-R006,dev,17,NH2-MULTI2-MIXED_SAT-R006-Q17-INAD_3,INADMISSIBLE,SAT_FALSE,NH2-MULTI2-MIXED_SAT-R006_inad_3,REJECT_INADMISSIBLE,EXECUTE_ONLY_IF_R3_MEASURES_INADMISSIBLE_COST,NEEDS_WAREHOUSE_BINDING_R3
NH2-MULTI2-MIXED_SAT-R007,dev,4,NH2-MULTI2-MIXED_SAT-R007-Q04-INAD_1,INADMISSIBLE,SAT_FALSE,NH2-MULTI2-MIXED_SAT-R007_inad_1,REJECT_INADMISSIBLE,EXECUTE_ONLY_IF_R3_MEASURES_INADMISSIBLE_COST,NEEDS_WAREHOUSE_BINDING_R3
NH2-MULTI2-MIXED_SAT-R007,dev,7,NH2-MULTI2-MIXED_SAT-R007-Q07-INAD_4,INADMISSIBLE,SAT_FALSE,NH2-MULTI2-MIXED_SAT-R007_inad_4,REJECT_INADMISSIBLE,EXECUTE_ONLY_IF_R3_MEASURES_INADMISSIBLE_COST,NEEDS_WAREHOUSE_BINDING_R3
NH2-MULTI2-MIXED_SAT-R007,dev,13,NH2-MULTI2-MIXED_SAT-R007-Q13-INAD_3,INADMISSIBLE,SAT_FALSE,NH2-MULTI2-MIXED_SAT-R007_inad_3,REJECT_INADMISSIBLE,EXECUTE_ONLY_IF_R3_MEASURES_INADMISSIBLE_COST,NEEDS_WAREHOUSE_BINDING_R3
NH2-MULTI2-MIXED_SAT-R007,dev,16,NH2-MULTI2-MIXED_SAT-R007-Q16-INAD_2,INADMISSIBLE,SAT_FALSE,NH2-MULTI2-MIXED_SAT-R007_inad_2,REJECT_INADMISSIBLE,EXECUTE_ONLY_IF_R3_MEASURES_INADMISSIBLE_COST,NEEDS_WAREHOUSE_BINDING_R3
NH2-MULTI2-MIXED_SAT-R007,dev,22,NH2-MULTI2-MIXED_SAT-R007-Q22-INAD_0,INADMISSIBLE,SAT_FALSE,NH2-MULTI2-MIXED_SAT-R007_inad_0,REJECT_INADMISSIBLE,EXECUTE_ONLY_IF_R3_MEASURES_INADMISSIBLE_COST,NEEDS_WAREHOUSE_BINDING_R3
NH2-MULTI2-MIXED_SAT-R008,dev,11,NH2-MULTI2-MIXED_SAT-R008-Q11-INAD_3,INADMISSIBLE,SAT_FALSE,NH2-MULTI2-MIXED_SAT-R008_inad_3,REJECT_INADMISSIBLE,EXECUTE_ONLY_IF_R3_MEASURES_INADMISSIBLE_COST,NEEDS_WAREHOUSE_BINDING_R3
NH2-MULTI2-MIXED_SAT-R008,dev,12,NH2-MULTI2-MIXED_SAT-R008-Q12-INAD_0,INADMISSIBLE,SAT_FALSE,NH2-MULTI2-MIXED_SAT-R008_inad_0,REJECT_INADMISSIBLE,EXECUTE_ONLY_IF_R3_MEASURES_INADMISSIBLE_COST,NEEDS_WAREHOUSE_BINDING_R3
NH2-MULTI2-MIXED_SAT-R008,dev,16,NH2-MULTI2-MIXED_SAT-R008-Q16-INAD_4,INADMISSIBLE,SAT_FALSE,NH2-MULTI2-MIXED_SAT-R008_inad_4,REJECT_INADMISSIBLE,EXECUTE_ONLY_IF_R3_MEASURES_INADMISSIBLE_COST,NEEDS_WAREHOUSE_BINDING_R3
NH2-MULTI2-MIXED_SAT-R008,dev,18,NH2-MULTI2-MIXED_SAT-R008-Q18-INAD_2,INADMISSIBLE,SAT_FALSE,NH2-MULTI2-MIXED_SAT-R008_inad_2,REJECT_INADMISSIBLE,EXECUTE_ONLY_IF_R3_MEASURES_INADMISSIBLE_COST,NEEDS_WAREHOUSE_BINDING_R3
NH2-MULTI2-MIXED_SAT-R008,dev,20,NH2-MULTI2-MIXED_SAT-R008-Q20-INAD_1,INADMISSIBLE,SAT_FALSE,NH2-MULTI2-MIXED_SAT-R008_inad_1,REJECT_INADMISSIBLE,EXECUTE_ONLY_IF_R3_MEASURES_INADMISSIBLE_COST,NEEDS_WAREHOUSE_BINDING_R3
NH2-MULTI2-MIXED_SAT-R009,dev,2,NH2-MULTI2-MIXED_SAT-R009-Q02-INAD_3,INADMISSIBLE,SAT_FALSE,NH2-MULTI2-MIXED_SAT-R009_inad_3,REJECT_INADMISSIBLE,EXECUTE_ONLY_IF_R3_MEASURES_INADMISSIBLE_COST,NEEDS_WAREHOUSE_BINDING_R3
NH2-MULTI2-MIXED_SAT-R009,dev,3,NH2-MULTI2-MIXED_SAT-R009-Q03-INAD_0,INADMISSIBLE,SAT_FALSE,NH2-MULTI2-MIXED_SAT-R009_inad_0,REJECT_INADMISSIBLE,EXECUTE_ONLY_IF_R3_MEASURES_INADMISSIBLE_COST,NEEDS_WAREHOUSE_BINDING_R3
NH2-MULTI2-MIXED_SAT-R009,dev,9,NH2-MULTI2-MIXED_SAT-R009-Q09-INAD_1,INADMISSIBLE,SAT_FALSE,NH2-MULTI2-MIXED_SAT-R009_inad_1,REJECT_INADMISSIBLE,EXECUTE_ONLY_IF_R3_MEASURES_INADMISSIBLE_COST,NEEDS_WAREHOUSE_BINDING_R3
NH2-MULTI2-MIXED_SAT-R009,dev,11,NH2-MULTI2-MIXED_SAT-R009-Q11-INAD_2,INADMISSIBLE,SAT_FALSE,NH2-MULTI2-MIXED_SAT-R009_inad_2,REJECT_INADMISSIBLE,EXECUTE_ONLY_IF_R3_MEASURES_INADMISSIBLE_COST,NEEDS_WAREHOUSE_BINDING_R3
NH2-MULTI2-MIXED_SAT-R009,dev,20,NH2-MULTI2-MIXED_SAT-R009-Q20-INAD_4,INADMISSIBLE,SAT_FALSE,NH2-MULTI2-MIXED_SAT-R009_inad_4,REJECT_INADMISSIBLE,EXECUTE_ONLY_IF_R3_MEASURES_INADMISSIBLE_COST,NEEDS_WAREHOUSE_BINDING_R3
NH2-MULTI2-MIXED_SAT-R010,dev,5,NH2-MULTI2-MIXED_SAT-R010-Q05-INAD_2,INADMISSIBLE,SAT_FALSE,NH2-MULTI2-MIXED_SAT-R010_inad_2,REJECT_INADMISSIBLE,EXECUTE_ONLY_IF_R3_MEASURES_INADMISSIBLE_COST,NEEDS_WAREHOUSE_BINDING_R3
NH2-MULTI2-MIXED_SAT-R010,dev,7,NH2-MULTI2-MIXED_SAT-R010-Q07-INAD_3,INADMISSIBLE,SAT_FALSE,NH2-MULTI2-MIXED_SAT-R010_inad_3,REJECT_INADMISSIBLE,EXECUTE_ONLY_IF_R3_MEASURES_INADMISSIBLE_COST,NEEDS_WAREHOUSE_BINDING_R3
NH2-MULTI2-MIXED_SAT-R010,dev,13,NH2-MULTI2-MIXED_SAT-R010-Q13-INAD_1,INADMISSIBLE,SAT_FALSE,NH2-MULTI2-MIXED_SAT-R010_inad_1,REJECT_INADMISSIBLE,EXECUTE_ONLY_IF_R3_MEASURES_INADMISSIBLE_COST,NEEDS_WAREHOUSE_BINDING_R3
NH2-MULTI2-MIXED_SAT-R010,dev,14,NH2-MULTI2-MIXED_SAT-R010-Q14-INAD_0,INADMISSIBLE,SAT_FALSE,NH2-MULTI2-MIXED_SAT-R010_inad_0,REJECT_INADMISSIBLE,EXECUTE_ONLY_IF_R3_MEASURES_INADMISSIBLE_COST,NEEDS_WAREHOUSE_BINDING_R3
NH2-MULTI2-MIXED_SAT-R010,dev,16,NH2-MULTI2-MIXED_SAT-R010-Q16-INAD_4,INADMISSIBLE,SAT_FALSE,NH2-MULTI2-MIXED_SAT-R010_inad_4,REJECT_INADMISSIBLE,EXECUTE_ONLY_IF_R3_MEASURES_INADMISSIBLE_COST,NEEDS_WAREHOUSE_BINDING_R3
NH2-MULTI2-MIXED_SAT-R011,dev,3,NH2-MULTI2-MIXED_SAT-R011-Q03-INAD_1,INADMISSIBLE,SAT_FALSE,NH2-MULTI2-MIXED_SAT-R011_inad_1,REJECT_INADMISSIBLE,EXECUTE_ONLY_IF_R3_MEASURES_INADMISSIBLE_COST,NEEDS_WAREHOUSE_BINDING_R3
NH2-MULTI2-MIXED_SAT-R011,dev,6,NH2-MULTI2-MIXED_SAT-R011-Q06-INAD_0,INADMISSIBLE,SAT_FALSE,NH2-MULTI2-MIXED_SAT-R011_inad_0,REJECT_INADMISSIBLE,EXECUTE_ONLY_IF_R3_MEASURES_INADMISSIBLE_COST,NEEDS_WAREHOUSE_BINDING_R3
NH2-MULTI2-MIXED_SAT-R011,dev,15,NH2-MULTI2-MIXED_SAT-R011-Q15-INAD_3,INADMISSIBLE,SAT_FALSE,NH2-MULTI2-MIXED_SAT-R011_inad_3,REJECT_INADMISSIBLE,EXECUTE_ONLY_IF_R3_MEASURES_INADMISSIBLE_COST,NEEDS_WAREHOUSE_BINDING_R3
NH2-MULTI2-MIXED_SAT-R011,dev,20,NH2-MULTI2-MIXED_SAT-R011-Q20-INAD_2,INADMISSIBLE,SAT_FALSE,NH2-MULTI2-MIXED_SAT-R011_inad_2,REJECT_INADMISSIBLE,EXECUTE_ONLY_IF_R3_MEASURES_INADMISSIBLE_COST,NEEDS_WAREHOUSE_BINDING_R3
NH2-MULTI2-MIXED_SAT-R011,dev,22,NH2-MULTI2-MIXED_SAT-R011-Q22-INAD_4,INADMISSIBLE,SAT_FALSE,NH2-MULTI2-MIXED_SAT-R011_inad_4,REJECT_INADMISSIBLE,EXECUTE_ONLY_IF_R3_MEASURES_INADMISSIBLE_COST,NEEDS_WAREHOUSE_BINDING_R3
NH2-MULTI2-MIXED_SAT-R012,dev,9,NH2-MULTI2-MIXED_SAT-R012-Q09-INAD_3,INADMISSIBLE,SAT_FALSE,NH2-MULTI2-MIXED_SAT-R012_inad_3,REJECT_INADMISSIBLE,EXECUTE_ONLY_IF_R3_MEASURES_INADMISSIBLE_COST,NEEDS_WAREHOUSE_BINDING_R3
NH2-MULTI2-MIXED_SAT-R012,dev,14,NH2-MULTI2-MIXED_SAT-R012-Q14-INAD_4,INADMISSIBLE,SAT_FALSE,NH2-MULTI2-MIXED_SAT-R012_inad_4,REJECT_INADMISSIBLE,EXECUTE_ONLY_IF_R3_MEASURES_INADMISSIBLE_COST,NEEDS_WAREHOUSE_BINDING_R3
NH2-MULTI2-MIXED_SAT-R012,dev,15,NH2-MULTI2-MIXED_SAT-R012-Q15-INAD_2,INADMISSIBLE,SAT_FALSE,NH2-MULTI2-MIXED_SAT-R012_inad_2,REJECT_INADMISSIBLE,EXECUTE_ONLY_IF_R3_MEASURES_INADMISSIBLE_COST,NEEDS_WAREHOUSE_BINDING_R3
NH2-MULTI2-MIXED_SAT-R012,dev,19,NH2-MULTI2-MIXED_SAT-R012-Q19-INAD_0,INADMISSIBLE,SAT_FALSE,NH2-MULTI2-MIXED_SAT-R012_inad_0,REJECT_INADMISSIBLE,EXECUTE_ONLY_IF_R3_MEASURES_INADMISSIBLE_COST,NEEDS_WAREHOUSE_BINDING_R3
NH2-MULTI2-MIXED_SAT-R012,dev,23,NH2-MULTI2-MIXED_SAT-R012-Q23-INAD_1,INADMISSIBLE,SAT_FALSE,NH2-MULTI2-MIXED_SAT-R012_inad_1,REJECT_INADMISSIBLE,EXECUTE_ONLY_IF_R3_MEASURES_INADMISSIBLE_COST,NEEDS_WAREHOUSE_BINDING_R3
NH2-MULTI2-MIXED_SAT-R013,dev,4,NH2-MULTI2-MIXED_SAT-R013-Q04-INAD_2,INADMISSIBLE,SAT_FALSE,NH2-MULTI2-MIXED_SAT-R013_inad_2,REJECT_INADMISSIBLE,EXECUTE_ONLY_IF_R3_MEASURES_INADMISSIBLE_COST,NEEDS_WAREHOUSE_BINDING_R3
NH2-MULTI2-MIXED_SAT-R013,dev,7,NH2-MULTI2-MIXED_SAT-R013-Q07-INAD_3,INADMISSIBLE,SAT_FALSE,NH2-MULTI2-MIXED_SAT-R013_inad_3,REJECT_INADMISSIBLE,EXECUTE_ONLY_IF_R3_MEASURES_INADMISSIBLE_COST,NEEDS_WAREHOUSE_BINDING_R3
NH2-MULTI2-MIXED_SAT-R013,dev,17,NH2-MULTI2-MIXED_SAT-R013-Q17-INAD_1,INADMISSIBLE,SAT_FALSE,NH2-MULTI2-MIXED_SAT-R013_inad_1,REJECT_INADMISSIBLE,EXECUTE_ONLY_IF_R3_MEASURES_INADMISSIBLE_COST,NEEDS_WAREHOUSE_BINDING_R3
NH2-MULTI2-MIXED_SAT-R013,dev,18,NH2-MULTI2-MIXED_SAT-R013-Q18-INAD_4,INADMISSIBLE,SAT_FALSE,NH2-MULTI2-MIXED_SAT-R013_inad_4,REJECT_INADMISSIBLE,EXECUTE_ONLY_IF_R3_MEASURES_INADMISSIBLE_COST,NEEDS_WAREHOUSE_BINDING_R3
NH2-MULTI2-MIXED_SAT-R013,dev,20,NH2-MULTI2-MIXED_SAT-R013-Q20-INAD_0,INADMISSIBLE,SAT_FALSE,NH2-MULTI2-MIXED_SAT-R013_inad_0,REJECT_INADMISSIBLE,EXECUTE_ONLY_IF_R3_MEASURES_INADMISSIBLE_COST,NEEDS_WAREHOUSE_BINDING_R3
NH2-MULTI2-MIXED_SAT-R014,dev,3,NH2-MULTI2-MIXED_SAT-R014-Q03-INAD_1,INADMISSIBLE,SAT_FALSE,NH2-MULTI2-MIXED_SAT-R014_inad_1,REJECT_INADMISSIBLE,EXECUTE_ONLY_IF_R3_MEASURES_INADMISSIBLE_COST,NEEDS_WAREHOUSE_BINDING_R3
NH2-MULTI2-MIXED_SAT-R014,dev,10,NH2-MULTI2-MIXED_SAT-R014-Q10-INAD_0,INADMISSIBLE,SAT_FALSE,NH2-MULTI2-MIXED_SAT-R014_inad_0,REJECT_INADMISSIBLE,EXECUTE_ONLY_IF_R3_MEASURES_INADMISSIBLE_COST,NEEDS_WAREHOUSE_BINDING_R3
NH2-MULTI2-MIXED_SAT-R014,dev,11,NH2-MULTI2-MIXED_SAT-R014-Q11-INAD_3,INADMISSIBLE,SAT_FALSE,NH2-MULTI2-MIXED_SAT-R014_inad_3,REJECT_INADMISSIBLE,EXECUTE_ONLY_IF_R3_MEASURES_INADMISSIBLE_COST,NEEDS_WAREHOUSE_BINDING_R3
NH2-MULTI2-MIXED_SAT-R014,dev,16,NH2-MULTI2-MIXED_SAT-R014-Q16-INAD_4,INADMISSIBLE,SAT_FALSE,NH2-MULTI2-MIXED_SAT-R014_inad_4,REJECT_INADMISSIBLE,EXECUTE_ONLY_IF_R3_MEASURES_INADMISSIBLE_COST,NEEDS_WAREHOUSE_BINDING_R3
NH2-MULTI2-MIXED_SAT-R014,dev,24,NH2-MULTI2-MIXED_SAT-R014-Q24-INAD_2,INADMISSIBLE,SAT_FALSE,NH2-MULTI2-MIXED_SAT-R014_inad_2,REJECT_INADMISSIBLE,EXECUTE_ONLY_IF_R3_MEASURES_INADMISSIBLE_COST,NEEDS_WAREHOUSE_BINDING_R3
NH2-MULTI2-MIXED_SAT-R015,dev,4,NH2-MULTI2-MIXED_SAT-R015-Q04-INAD_2,INADMISSIBLE,SAT_FALSE,NH2-MULTI2-MIXED_SAT-R015_inad_2,REJECT_INADMISSIBLE,EXECUTE_ONLY_IF_R3_MEASURES_INADMISSIBLE_COST,NEEDS_WAREHOUSE_BINDING_R3
NH2-MULTI2-MIXED_SAT-R015,dev,10,NH2-MULTI2-MIXED_SAT-R015-Q10-INAD_0,INADMISSIBLE,SAT_FALSE,NH2-MULTI2-MIXED_SAT-R015_inad_0,REJECT_INADMISSIBLE,EXECUTE_ONLY_IF_R3_MEASURES_INADMISSIBLE_COST,NEEDS_WAREHOUSE_BINDING_R3
NH2-MULTI2-MIXED_SAT-R015,dev,14,NH2-MULTI2-MIXED_SAT-R015-Q14-INAD_3,INADMISSIBLE,SAT_FALSE,NH2-MULTI2-MIXED_SAT-R015_inad_3,REJECT_INADMISSIBLE,EXECUTE_ONLY_IF_R3_MEASURES_INADMISSIBLE_COST,NEEDS_WAREHOUSE_BINDING_R3
NH2-MULTI2-MIXED_SAT-R015,dev,18,NH2-MULTI2-MIXED_SAT-R015-Q18-INAD_4,INADMISSIBLE,SAT_FALSE,NH2-MULTI2-MIXED_SAT-R015_inad_4,REJECT_INADMISSIBLE,EXECUTE_ONLY_IF_R3_MEASURES_INADMISSIBLE_COST,NEEDS_WAREHOUSE_BINDING_R3
NH2-MULTI2-MIXED_SAT-R015,dev,21,NH2-MULTI2-MIXED_SAT-R015-Q21-INAD_1,INADMISSIBLE,SAT_FALSE,NH2-MULTI2-MIXED_SAT-R015_inad_1,REJECT_INADMISSIBLE,EXECUTE_ONLY_IF_R3_MEASURES_INADMISSIBLE_COST,NEEDS_WAREHOUSE_BINDING_R3
NH2-MULTI2-MIXED_SAT-R016,dev,5,NH2-MULTI2-MIXED_SAT-R016-Q05-INAD_4,INADMISSIBLE,SAT_FALSE,NH2-MULTI2-MIXED_SAT-R016_inad_4,REJECT_INADMISSIBLE,EXECUTE_ONLY_IF_R3_MEASURES_INADMISSIBLE_COST,NEEDS_WAREHOUSE_BINDING_R3
NH2-MULTI2-MIXED_SAT-R016,dev,6,NH2-MULTI2-MIXED_SAT-R016-Q06-INAD_1,INADMISSIBLE,SAT_FALSE,NH2-MULTI2-MIXED_SAT-R016_inad_1,REJECT_INADMISSIBLE,EXECUTE_ONLY_IF_R3_MEASURES_INADMISSIBLE_COST,NEEDS_WAREHOUSE_BINDING_R3
NH2-MULTI2-MIXED_SAT-R016,dev,9,NH2-MULTI2-MIXED_SAT-R016-Q09-INAD_2,INADMISSIBLE,SAT_FALSE,NH2-MULTI2-MIXED_SAT-R016_inad_2,REJECT_INADMISSIBLE,EXECUTE_ONLY_IF_R3_MEASURES_INADMISSIBLE_COST,NEEDS_WAREHOUSE_BINDING_R3
NH2-MULTI2-MIXED_SAT-R016,dev,11,NH2-MULTI2-MIXED_SAT-R016-Q11-INAD_0,INADMISSIBLE,SAT_FALSE,NH2-MULTI2-MIXED_SAT-R016_inad_0,REJECT_INADMISSIBLE,EXECUTE_ONLY_IF_R3_MEASURES_INADMISSIBLE_COST,NEEDS_WAREHOUSE_BINDING_R3
NH2-MULTI2-MIXED_SAT-R016,dev,23,NH2-MULTI2-MIXED_SAT-R016-Q23-INAD_3,INADMISSIBLE,SAT_FALSE,NH2-MULTI2-MIXED_SAT-R016_inad_3,REJECT_INADMISSIBLE,EXECUTE_ONLY_IF_R3_MEASURES_INADMISSIBLE_COST,NEEDS_WAREHOUSE_BINDING_R3
NH2-MULTI2-MIXED_SAT-R017,dev,3,NH2-MULTI2-MIXED_SAT-R017-Q03-INAD_3,INADMISSIBLE,SAT_FALSE,NH2-MULTI2-MIXED_SAT-R017_inad_3,REJECT_INADMISSIBLE,EXECUTE_ONLY_IF_R3_MEASURES_INADMISSIBLE_COST,NEEDS_WAREHOUSE_BINDING_R3
NH2-MULTI2-MIXED_SAT-R017,dev,12,NH2-MULTI2-MIXED_SAT-R017-Q12-INAD_4,INADMISSIBLE,SAT_FALSE,NH2-MULTI2-MIXED_SAT-R017_inad_4,REJECT_INADMISSIBLE,EXECUTE_ONLY_IF_R3_MEASURES_INADMISSIBLE_COST,NEEDS_WAREHOUSE_BINDING_R3
NH2-MULTI2-MIXED_SAT-R017,dev,14,NH2-MULTI2-MIXED_SAT-R017-Q14-INAD_2,INADMISSIBLE,SAT_FALSE,NH2-MULTI2-MIXED_SAT-R017_inad_2,REJECT_INADMISSIBLE,EXECUTE_ONLY_IF_R3_MEASURES_INADMISSIBLE_COST,NEEDS_WAREHOUSE_BINDING_R3
NH2-MULTI2-MIXED_SAT-R017,dev,17,NH2-MULTI2-MIXED_SAT-R017-Q17-INAD_1,INADMISSIBLE,SAT_FALSE,NH2-MULTI2-MIXED_SAT-R017_inad_1,REJECT_INADMISSIBLE,EXECUTE_ONLY_IF_R3_MEASURES_INADMISSIBLE_COST,NEEDS_WAREHOUSE_BINDING_R3
NH2-MULTI2-MIXED_SAT-R017,dev,18,NH2-MULTI2-MIXED_SAT-R017-Q18-INAD_0,INADMISSIBLE,SAT_FALSE,NH2-MULTI2-MIXED_SAT-R017_inad_0,REJECT_INADMISSIBLE,EXECUTE_ONLY_IF_R3_MEASURES_INADMISSIBLE_COST,NEEDS_WAREHOUSE_BINDING_R3
NH2-MULTI2-MIXED_SAT-R018,dev,2,NH2-MULTI2-MIXED_SAT-R018-Q02-INAD_4,INADMISSIBLE,SAT_FALSE,NH2-MULTI2-MIXED_SAT-R018_inad_4,REJECT_INADMISSIBLE,EXECUTE_ONLY_IF_R3_MEASURES_INADMISSIBLE_COST,NEEDS_WAREHOUSE_BINDING_R3
NH2-MULTI2-MIXED_SAT-R018,dev,7,NH2-MULTI2-MIXED_SAT-R018-Q07-INAD_0,INADMISSIBLE,SAT_FALSE,NH2-MULTI2-MIXED_SAT-R018_inad_0,REJECT_INADMISSIBLE,EXECUTE_ONLY_IF_R3_MEASURES_INADMISSIBLE_COST,NEEDS_WAREHOUSE_BINDING_R3
NH2-MULTI2-MIXED_SAT-R018,dev,11,NH2-MULTI2-MIXED_SAT-R018-Q11-INAD_3,INADMISSIBLE,SAT_FALSE,NH2-MULTI2-MIXED_SAT-R018_inad_3,REJECT_INADMISSIBLE,EXECUTE_ONLY_IF_R3_MEASURES_INADMISSIBLE_COST,NEEDS_WAREHOUSE_BINDING_R3
NH2-MULTI2-MIXED_SAT-R018,dev,15,NH2-MULTI2-MIXED_SAT-R018-Q15-INAD_2,INADMISSIBLE,SAT_FALSE,NH2-MULTI2-MIXED_SAT-R018_inad_2,REJECT_INADMISSIBLE,EXECUTE_ONLY_IF_R3_MEASURES_INADMISSIBLE_COST,NEEDS_WAREHOUSE_BINDING_R3
NH2-MULTI2-MIXED_SAT-R018,dev,16,NH2-MULTI2-MIXED_SAT-R018-Q16-INAD_1,INADMISSIBLE,SAT_FALSE,NH2-MULTI2-MIXED_SAT-R018_inad_1,REJECT_INADMISSIBLE,EXECUTE_ONLY_IF_R3_MEASURES_INADMISSIBLE_COST,NEEDS_WAREHOUSE_BINDING_R3
NH2-MULTI2-MIXED_SAT-R019,dev,1,NH2-MULTI2-MIXED_SAT-R019-Q01-INAD_2,INADMISSIBLE,SAT_FALSE,NH2-MULTI2-MIXED_SAT-R019_inad_2,REJECT_INADMISSIBLE,EXECUTE_ONLY_IF_R3_MEASURES_INADMISSIBLE_COST,NEEDS_WAREHOUSE_BINDING_R3
NH2-MULTI2-MIXED_SAT-R019,dev,8,NH2-MULTI2-MIXED_SAT-R019-Q08-INAD_3,INADMISSIBLE,SAT_FALSE,NH2-MULTI2-MIXED_SAT-R019_inad_3,REJECT_INADMISSIBLE,EXECUTE_ONLY_IF_R3_MEASURES_INADMISSIBLE_COST,NEEDS_WAREHOUSE_BINDING_R3
NH2-MULTI2-MIXED_SAT-R019,dev,11,NH2-MULTI2-MIXED_SAT-R019-Q11-INAD_1,INADMISSIBLE,SAT_FALSE,NH2-MULTI2-MIXED_SAT-R019_inad_1,REJECT_INADMISSIBLE,EXECUTE_ONLY_IF_R3_MEASURES_INADMISSIBLE_COST,NEEDS_WAREHOUSE_BINDING_R3
NH2-MULTI2-MIXED_SAT-R019,dev,13,NH2-MULTI2-MIXED_SAT-R019-Q13-INAD_0,INADMISSIBLE,SAT_FALSE,NH2-MULTI2-MIXED_SAT-R019_inad_0,REJECT_INADMISSIBLE,EXECUTE_ONLY_IF_R3_MEASURES_INADMISSIBLE_COST,NEEDS_WAREHOUSE_BINDING_R3
NH2-MULTI2-MIXED_SAT-R019,dev,19,NH2-MULTI2-MIXED_SAT-R019-Q19-INAD_4,INADMISSIBLE,SAT_FALSE,NH2-MULTI2-MIXED_SAT-R019_inad_4,REJECT_INADMISSIBLE,EXECUTE_ONLY_IF_R3_MEASURES_INADMISSIBLE_COST,NEEDS_WAREHOUSE_BINDING_R3
NH2-MULTI2-MIXED_SAT-R020,dev,3,NH2-MULTI2-MIXED_SAT-R020-Q03-INAD_1,INADMISSIBLE,SAT_FALSE,NH2-MULTI2-MIXED_SAT-R020_inad_1,REJECT_INADMISSIBLE,EXECUTE_ONLY_IF_R3_MEASURES_INADMISSIBLE_COST,NEEDS_WAREHOUSE_BINDING_R3
NH2-MULTI2-MIXED_SAT-R020,dev,6,NH2-MULTI2-MIXED_SAT-R020-Q06-INAD_0,INADMISSIBLE,SAT_FALSE,NH2-MULTI2-MIXED_SAT-R020_inad_0,REJECT_INADMISSIBLE,EXECUTE_ONLY_IF_R3_MEASURES_INADMISSIBLE_COST,NEEDS_WAREHOUSE_BINDING_R3
NH2-MULTI2-MIXED_SAT-R020,dev,10,NH2-MULTI2-MIXED_SAT-R020-Q10-INAD_2,INADMISSIBLE,SAT_FALSE,NH2-MULTI2-MIXED_SAT-R020_inad_2,REJECT_INADMISSIBLE,EXECUTE_ONLY_IF_R3_MEASURES_INADMISSIBLE_COST,NEEDS_WAREHOUSE_BINDING_R3
NH2-MULTI2-MIXED_SAT-R020,dev,17,NH2-MULTI2-MIXED_SAT-R020-Q17-INAD_3,INADMISSIBLE,SAT_FALSE,NH2-MULTI2-MIXED_SAT-R020_inad_3,REJECT_INADMISSIBLE,EXECUTE_ONLY_IF_R3_MEASURES_INADMISSIBLE_COST,NEEDS_WAREHOUSE_BINDING_R3
NH2-MULTI2-MIXED_SAT-R020,dev,19,NH2-MULTI2-MIXED_SAT-R020-Q19-INAD_4,INADMISSIBLE,SAT_FALSE,NH2-MULTI2-MIXED_SAT-R020_inad_4,REJECT_INADMISSIBLE,EXECUTE_ONLY_IF_R3_MEASURES_INADMISSIBLE_COST,NEEDS_WAREHOUSE_BINDING_R3
NH2-MULTI2-MIXED_SAT-R021,dev,5,NH2-MULTI2-MIXED_SAT-R021-Q05-INAD_0,INADMISSIBLE,SAT_FALSE,NH2-MULTI2-MIXED_SAT-R021_inad_0,REJECT_INADMISSIBLE,EXECUTE_ONLY_IF_R3_MEASURES_INADMISSIBLE_COST,NEEDS_WAREHOUSE_BINDING_R3
NH2-MULTI2-MIXED_SAT-R021,dev,9,NH2-MULTI2-MIXED_SAT-R021-Q09-INAD_1,INADMISSIBLE,SAT_FALSE,NH2-MULTI2-MIXED_SAT-R021_inad_1,REJECT_INADMISSIBLE,EXECUTE_ONLY_IF_R3_MEASURES_INADMISSIBLE_COST,NEEDS_WAREHOUSE_BINDING_R3
NH2-MULTI2-MIXED_SAT-R021,dev,14,NH2-MULTI2-MIXED_SAT-R021-Q14-INAD_4,INADMISSIBLE,SAT_FALSE,NH2-MULTI2-MIXED_SAT-R021_inad_4,REJECT_INADMISSIBLE,EXECUTE_ONLY_IF_R3_MEASURES_INADMISSIBLE_COST,NEEDS_WAREHOUSE_BINDING_R3
NH2-MULTI2-MIXED_SAT-R021,dev,15,NH2-MULTI2-MIXED_SAT-R021-Q15-INAD_3,INADMISSIBLE,SAT_FALSE,NH2-MULTI2-MIXED_SAT-R021_inad_3,REJECT_INADMISSIBLE,EXECUTE_ONLY_IF_R3_MEASURES_INADMISSIBLE_COST,NEEDS_WAREHOUSE_BINDING_R3
NH2-MULTI2-MIXED_SAT-R021,dev,16,NH2-MULTI2-MIXED_SAT-R021-Q16-INAD_2,INADMISSIBLE,SAT_FALSE,NH2-MULTI2-MIXED_SAT-R021_inad_2,REJECT_INADMISSIBLE,EXECUTE_ONLY_IF_R3_MEASURES_INADMISSIBLE_COST,NEEDS_WAREHOUSE_BINDING_R3
NH2-MULTI2-MIXED_SAT-R022,dev,5,NH2-MULTI2-MIXED_SAT-R022-Q05-INAD_1,INADMISSIBLE,SAT_FALSE,NH2-MULTI2-MIXED_SAT-R022_inad_1,REJECT_INADMISSIBLE,EXECUTE_ONLY_IF_R3_MEASURES_INADMISSIBLE_COST,NEEDS_WAREHOUSE_BINDING_R3
NH2-MULTI2-MIXED_SAT-R022,dev,7,NH2-MULTI2-MIXED_SAT-R022-Q07-INAD_3,INADMISSIBLE,SAT_FALSE,NH2-MULTI2-MIXED_SAT-R022_inad_3,REJECT_INADMISSIBLE,EXECUTE_ONLY_IF_R3_MEASURES_INADMISSIBLE_COST,NEEDS_WAREHOUSE_BINDING_R3
NH2-MULTI2-MIXED_SAT-R022,dev,9,NH2-MULTI2-MIXED_SAT-R022-Q09-INAD_2,INADMISSIBLE,SAT_FALSE,NH2-MULTI2-MIXED_SAT-R022_inad_2,REJECT_INADMISSIBLE,EXECUTE_ONLY_IF_R3_MEASURES_INADMISSIBLE_COST,NEEDS_WAREHOUSE_BINDING_R3
NH2-MULTI2-MIXED_SAT-R022,dev,16,NH2-MULTI2-MIXED_SAT-R022-Q16-INAD_4,INADMISSIBLE,SAT_FALSE,NH2-MULTI2-MIXED_SAT-R022_inad_4,REJECT_INADMISSIBLE,EXECUTE_ONLY_IF_R3_MEASURES_INADMISSIBLE_COST,NEEDS_WAREHOUSE_BINDING_R3
NH2-MULTI2-MIXED_SAT-R022,dev,20,NH2-MULTI2-MIXED_SAT-R022-Q20-INAD_0,INADMISSIBLE,SAT_FALSE,NH2-MULTI2-MIXED_SAT-R022_inad_0,REJECT_INADMISSIBLE,EXECUTE_ONLY_IF_R3_MEASURES_INADMISSIBLE_COST,NEEDS_WAREHOUSE_BINDING_R3
NH2-MULTI2-MIXED_SAT-R023,dev,2,NH2-MULTI2-MIXED_SAT-R023-Q02-INAD_0,INADMISSIBLE,SAT_FALSE,NH2-MULTI2-MIXED_SAT-R023_inad_0,REJECT_INADMISSIBLE,EXECUTE_ONLY_IF_R3_MEASURES_INADMISSIBLE_COST,NEEDS_WAREHOUSE_BINDING_R3
NH2-MULTI2-MIXED_SAT-R023,dev,3,NH2-MULTI2-MIXED_SAT-R023-Q03-INAD_2,INADMISSIBLE,SAT_FALSE,NH2-MULTI2-MIXED_SAT-R023_inad_2,REJECT_INADMISSIBLE,EXECUTE_ONLY_IF_R3_MEASURES_INADMISSIBLE_COST,NEEDS_WAREHOUSE_BINDING_R3
NH2-MULTI2-MIXED_SAT-R023,dev,8,NH2-MULTI2-MIXED_SAT-R023-Q08-INAD_3,INADMISSIBLE,SAT_FALSE,NH2-MULTI2-MIXED_SAT-R023_inad_3,REJECT_INADMISSIBLE,EXECUTE_ONLY_IF_R3_MEASURES_INADMISSIBLE_COST,NEEDS_WAREHOUSE_BINDING_R3
NH2-MULTI2-MIXED_SAT-R023,dev,16,NH2-MULTI2-MIXED_SAT-R023-Q16-INAD_4,INADMISSIBLE,SAT_FALSE,NH2-MULTI2-MIXED_SAT-R023_inad_4,REJECT_INADMISSIBLE,EXECUTE_ONLY_IF_R3_MEASURES_INADMISSIBLE_COST,NEEDS_WAREHOUSE_BINDING_R3
NH2-MULTI2-MIXED_SAT-R023,dev,21,NH2-MULTI2-MIXED_SAT-R023-Q21-INAD_1,INADMISSIBLE,SAT_FALSE,NH2-MULTI2-MIXED_SAT-R023_inad_1,REJECT_INADMISSIBLE,EXECUTE_ONLY_IF_R3_MEASURES_INADMISSIBLE_COST,NEEDS_WAREHOUSE_BINDING_R3
NH2-MULTI2-MIXED_SAT-R024,dev,2,NH2-MULTI2-MIXED_SAT-R024-Q02-INAD_2,INADMISSIBLE,SAT_FALSE,NH2-MULTI2-MIXED_SAT-R024_inad_2,REJECT_INADMISSIBLE,EXECUTE_ONLY_IF_R3_MEASURES_INADMISSIBLE_COST,NEEDS_WAREHOUSE_BINDING_R3
NH2-MULTI2-MIXED_SAT-R024,dev,14,NH2-MULTI2-MIXED_SAT-R024-Q14-INAD_3,INADMISSIBLE,SAT_FALSE,NH2-MULTI2-MIXED_SAT-R024_inad_3,REJECT_INADMISSIBLE,EXECUTE_ONLY_IF_R3_MEASURES_INADMISSIBLE_COST,NEEDS_WAREHOUSE_BINDING_R3
NH2-MULTI2-MIXED_SAT-R024,dev,21,NH2-MULTI2-MIXED_SAT-R024-Q21-INAD_0,INADMISSIBLE,SAT_FALSE,NH2-MULTI2-MIXED_SAT-R024_inad_0,REJECT_INADMISSIBLE,EXECUTE_ONLY_IF_R3_MEASURES_INADMISSIBLE_COST,NEEDS_WAREHOUSE_BINDING_R3
NH2-MULTI2-MIXED_SAT-R024,dev,22,NH2-MULTI2-MIXED_SAT-R024-Q22-INAD_4,INADMISSIBLE,SAT_FALSE,NH2-MULTI2-MIXED_SAT-R024_inad_4,REJECT_INADMISSIBLE,EXECUTE_ONLY_IF_R3_MEASURES_INADMISSIBLE_COST,NEEDS_WAREHOUSE_BINDING_R3
NH2-MULTI2-MIXED_SAT-R024,dev,24,NH2-MULTI2-MIXED_SAT-R024-Q24-INAD_1,INADMISSIBLE,SAT_FALSE,NH2-MULTI2-MIXED_SAT-R024_inad_1,REJECT_INADMISSIBLE,EXECUTE_ONLY_IF_R3_MEASURES_INADMISSIBLE_COST,NEEDS_WAREHOUSE_BINDING_R3
NH2-MULTI2-MIXED_SAT-R025,dev,6,NH2-MULTI2-MIXED_SAT-R025-Q06-INAD_3,INADMISSIBLE,SAT_FALSE,NH2-MULTI2-MIXED_SAT-R025_inad_3,REJECT_INADMISSIBLE,EXECUTE_ONLY_IF_R3_MEASURES_INADMISSIBLE_COST,NEEDS_WAREHOUSE_BINDING_R3
NH2-MULTI2-MIXED_SAT-R025,dev,11,NH2-MULTI2-MIXED_SAT-R025-Q11-INAD_2,INADMISSIBLE,SAT_FALSE,NH2-MULTI2-MIXED_SAT-R025_inad_2,REJECT_INADMISSIBLE,EXECUTE_ONLY_IF_R3_MEASURES_INADMISSIBLE_COST,NEEDS_WAREHOUSE_BINDING_R3
NH2-MULTI2-MIXED_SAT-R025,dev,22,NH2-MULTI2-MIXED_SAT-R025-Q22-INAD_4,INADMISSIBLE,SAT_FALSE,NH2-MULTI2-MIXED_SAT-R025_inad_4,REJECT_INADMISSIBLE,EXECUTE_ONLY_IF_R3_MEASURES_INADMISSIBLE_COST,NEEDS_WAREHOUSE_BINDING_R3
NH2-MULTI2-MIXED_SAT-R025,dev,23,NH2-MULTI2-MIXED_SAT-R025-Q23-INAD_0,INADMISSIBLE,SAT_FALSE,NH2-MULTI2-MIXED_SAT-R025_inad_0,REJECT_INADMISSIBLE,EXECUTE_ONLY_IF_R3_MEASURES_INADMISSIBLE_COST,NEEDS_WAREHOUSE_BINDING_R3
NH2-MULTI2-MIXED_SAT-R025,dev,24,NH2-MULTI2-MIXED_SAT-R025-Q24-INAD_1,INADMISSIBLE,SAT_FALSE,NH2-MULTI2-MIXED_SAT-R025_inad_1,REJECT_INADMISSIBLE,EXECUTE_ONLY_IF_R3_MEASURES_INADMISSIBLE_COST,NEEDS_WAREHOUSE_BINDING_R3
NH2-MULTI2-MIXED_SAT-R026,dev,3,NH2-MULTI2-MIXED_SAT-R026-Q03-INAD_3,INADMISSIBLE,SAT_FALSE,NH2-MULTI2-MIXED_SAT-R026_inad_3,REJECT_INADMISSIBLE,EXECUTE_ONLY_IF_R3_MEASURES_INADMISSIBLE_COST,NEEDS_WAREHOUSE_BINDING_R3
NH2-MULTI2-MIXED_SAT-R026,dev,7,NH2-MULTI2-MIXED_SAT-R026-Q07-INAD_2,INADMISSIBLE,SAT_FALSE,NH2-MULTI2-MIXED_SAT-R026_inad_2,REJECT_INADMISSIBLE,EXECUTE_ONLY_IF_R3_MEASURES_INADMISSIBLE_COST,NEEDS_WAREHOUSE_BINDING_R3
NH2-MULTI2-MIXED_SAT-R026,dev,13,NH2-MULTI2-MIXED_SAT-R026-Q13-INAD_0,INADMISSIBLE,SAT_FALSE,NH2-MULTI2-MIXED_SAT-R026_inad_0,REJECT_INADMISSIBLE,EXECUTE_ONLY_IF_R3_MEASURES_INADMISSIBLE_COST,NEEDS_WAREHOUSE_BINDING_R3
NH2-MULTI2-MIXED_SAT-R026,dev,16,NH2-MULTI2-MIXED_SAT-R026-Q16-INAD_4,INADMISSIBLE,SAT_FALSE,NH2-MULTI2-MIXED_SAT-R026_inad_4,REJECT_INADMISSIBLE,EXECUTE_ONLY_IF_R3_MEASURES_INADMISSIBLE_COST,NEEDS_WAREHOUSE_BINDING_R3
NH2-MULTI2-MIXED_SAT-R026,dev,24,NH2-MULTI2-MIXED_SAT-R026-Q24-INAD_1,INADMISSIBLE,SAT_FALSE,NH2-MULTI2-MIXED_SAT-R026_inad_1,REJECT_INADMISSIBLE,EXECUTE_ONLY_IF_R3_MEASURES_INADMISSIBLE_COST,NEEDS_WAREHOUSE_BINDING_R3
NH2-MULTI2-MIXED_SAT-R027,dev,8,NH2-MULTI2-MIXED_SAT-R027-Q08-INAD_4,INADMISSIBLE,SAT_FALSE,NH2-MULTI2-MIXED_SAT-R027_inad_4,REJECT_INADMISSIBLE,EXECUTE_ONLY_IF_R3_MEASURES_INADMISSIBLE_COST,NEEDS_WAREHOUSE_BINDING_R3
NH2-MULTI2-MIXED_SAT-R027,dev,10,NH2-MULTI2-MIXED_SAT-R027-Q10-INAD_0,INADMISSIBLE,SAT_FALSE,NH2-MULTI2-MIXED_SAT-R027_inad_0,REJECT_INADMISSIBLE,EXECUTE_ONLY_IF_R3_MEASURES_INADMISSIBLE_COST,NEEDS_WAREHOUSE_BINDING_R3
NH2-MULTI2-MIXED_SAT-R027,dev,13,NH2-MULTI2-MIXED_SAT-R027-Q13-INAD_2,INADMISSIBLE,SAT_FALSE,NH2-MULTI2-MIXED_SAT-R027_inad_2,REJECT_INADMISSIBLE,EXECUTE_ONLY_IF_R3_MEASURES_INADMISSIBLE_COST,NEEDS_WAREHOUSE_BINDING_R3
NH2-MULTI2-MIXED_SAT-R027,dev,21,NH2-MULTI2-MIXED_SAT-R027-Q21-INAD_1,INADMISSIBLE,SAT_FALSE,NH2-MULTI2-MIXED_SAT-R027_inad_1,REJECT_INADMISSIBLE,EXECUTE_ONLY_IF_R3_MEASURES_INADMISSIBLE_COST,NEEDS_WAREHOUSE_BINDING_R3
NH2-MULTI2-MIXED_SAT-R027,dev,22,NH2-MULTI2-MIXED_SAT-R027-Q22-INAD_3,INADMISSIBLE,SAT_FALSE,NH2-MULTI2-MIXED_SAT-R027_inad_3,REJECT_INADMISSIBLE,EXECUTE_ONLY_IF_R3_MEASURES_INADMISSIBLE_COST,NEEDS_WAREHOUSE_BINDING_R3
NH2-MULTI2-MIXED_SAT-R028,dev,4,NH2-MULTI2-MIXED_SAT-R028-Q04-INAD_1,INADMISSIBLE,SAT_FALSE,NH2-MULTI2-MIXED_SAT-R028_inad_1,REJECT_INADMISSIBLE,EXECUTE_ONLY_IF_R3_MEASURES_INADMISSIBLE_COST,NEEDS_WAREHOUSE_BINDING_R3
NH2-MULTI2-MIXED_SAT-R028,dev,8,NH2-MULTI2-MIXED_SAT-R028-Q08-INAD_2,INADMISSIBLE,SAT_FALSE,NH2-MULTI2-MIXED_SAT-R028_inad_2,REJECT_INADMISSIBLE,EXECUTE_ONLY_IF_R3_MEASURES_INADMISSIBLE_COST,NEEDS_WAREHOUSE_BINDING_R3
NH2-MULTI2-MIXED_SAT-R028,dev,15,NH2-MULTI2-MIXED_SAT-R028-Q15-INAD_4,INADMISSIBLE,SAT_FALSE,NH2-MULTI2-MIXED_SAT-R028_inad_4,REJECT_INADMISSIBLE,EXECUTE_ONLY_IF_R3_MEASURES_INADMISSIBLE_COST,NEEDS_WAREHOUSE_BINDING_R3
NH2-MULTI2-MIXED_SAT-R028,dev,16,NH2-MULTI2-MIXED_SAT-R028-Q16-INAD_3,INADMISSIBLE,SAT_FALSE,NH2-MULTI2-MIXED_SAT-R028_inad_3,REJECT_INADMISSIBLE,EXECUTE_ONLY_IF_R3_MEASURES_INADMISSIBLE_COST,NEEDS_WAREHOUSE_BINDING_R3
NH2-MULTI2-MIXED_SAT-R028,dev,21,NH2-MULTI2-MIXED_SAT-R028-Q21-INAD_0,INADMISSIBLE,SAT_FALSE,NH2-MULTI2-MIXED_SAT-R028_inad_0,REJECT_INADMISSIBLE,EXECUTE_ONLY_IF_R3_MEASURES_INADMISSIBLE_COST,NEEDS_WAREHOUSE_BINDING_R3
NH2-MULTI2-MIXED_SAT-R029,dev,6,NH2-MULTI2-MIXED_SAT-R029-Q06-INAD_4,INADMISSIBLE,SAT_FALSE,NH2-MULTI2-MIXED_SAT-R029_inad_4,REJECT_INADMISSIBLE,EXECUTE_ONLY_IF_R3_MEASURES_INADMISSIBLE_COST,NEEDS_WAREHOUSE_BINDING_R3
NH2-MULTI2-MIXED_SAT-R029,dev,8,NH2-MULTI2-MIXED_SAT-R029-Q08-INAD_1,INADMISSIBLE,SAT_FALSE,NH2-MULTI2-MIXED_SAT-R029_inad_1,REJECT_INADMISSIBLE,EXECUTE_ONLY_IF_R3_MEASURES_INADMISSIBLE_COST,NEEDS_WAREHOUSE_BINDING_R3
NH2-MULTI2-MIXED_SAT-R029,dev,16,NH2-MULTI2-MIXED_SAT-R029-Q16-INAD_0,INADMISSIBLE,SAT_FALSE,NH2-MULTI2-MIXED_SAT-R029_inad_0,REJECT_INADMISSIBLE,EXECUTE_ONLY_IF_R3_MEASURES_INADMISSIBLE_COST,NEEDS_WAREHOUSE_BINDING_R3
NH2-MULTI2-MIXED_SAT-R029,dev,17,NH2-MULTI2-MIXED_SAT-R029-Q17-INAD_2,INADMISSIBLE,SAT_FALSE,NH2-MULTI2-MIXED_SAT-R029_inad_2,REJECT_INADMISSIBLE,EXECUTE_ONLY_IF_R3_MEASURES_INADMISSIBLE_COST,NEEDS_WAREHOUSE_BINDING_R3
NH2-MULTI2-MIXED_SAT-R029,dev,20,NH2-MULTI2-MIXED_SAT-R029-Q20-INAD_3,INADMISSIBLE,SAT_FALSE,NH2-MULTI2-MIXED_SAT-R029_inad_3,REJECT_INADMISSIBLE,EXECUTE_ONLY_IF_R3_MEASURES_INADMISSIBLE_COST,NEEDS_WAREHOUSE_BINDING_R3
NH2-MULTI2-MIXED_SAT-R030,dev,1,NH2-MULTI2-MIXED_SAT-R030-Q01-INAD_2,INADMISSIBLE,SAT_FALSE,NH2-MULTI2-MIXED_SAT-R030_inad_2,REJECT_INADMISSIBLE,EXECUTE_ONLY_IF_R3_MEASURES_INADMISSIBLE_COST,NEEDS_WAREHOUSE_BINDING_R3
NH2-MULTI2-MIXED_SAT-R030,dev,7,NH2-MULTI2-MIXED_SAT-R030-Q07-INAD_0,INADMISSIBLE,SAT_FALSE,NH2-MULTI2-MIXED_SAT-R030_inad_0,REJECT_INADMISSIBLE,EXECUTE_ONLY_IF_R3_MEASURES_INADMISSIBLE_COST,NEEDS_WAREHOUSE_BINDING_R3
NH2-MULTI2-MIXED_SAT-R030,dev,9,NH2-MULTI2-MIXED_SAT-R030-Q09-INAD_4,INADMISSIBLE,SAT_FALSE,NH2-MULTI2-MIXED_SAT-R030_inad_4,REJECT_INADMISSIBLE,EXECUTE_ONLY_IF_R3_MEASURES_INADMISSIBLE_COST,NEEDS_WAREHOUSE_BINDING_R3
NH2-MULTI2-MIXED_SAT-R030,dev,12,NH2-MULTI2-MIXED_SAT-R030-Q12-INAD_3,INADMISSIBLE,SAT_FALSE,NH2-MULTI2-MIXED_SAT-R030_inad_3,REJECT_INADMISSIBLE,EXECUTE_ONLY_IF_R3_MEASURES_INADMISSIBLE_COST,NEEDS_WAREHOUSE_BINDING_R3
NH2-MULTI2-MIXED_SAT-R030,dev,19,NH2-MULTI2-MIXED_SAT-R030-Q19-INAD_1,INADMISSIBLE,SAT_FALSE,NH2-MULTI2-MIXED_SAT-R030_inad_1,REJECT_INADMISSIBLE,EXECUTE_ONLY_IF_R3_MEASURES_INADMISSIBLE_COST,NEEDS_WAREHOUSE_BINDING_R3
NH2-MULTI2-MIXED_SAT-R031,val,2,NH2-MULTI2-MIXED_SAT-R031-Q02-INAD_1,INADMISSIBLE,SAT_FALSE,NH2-MULTI2-MIXED_SAT-R031_inad_1,REJECT_INADMISSIBLE,EXECUTE_ONLY_IF_R3_MEASURES_INADMISSIBLE_COST,NEEDS_WAREHOUSE_BINDING_R3
NH2-MULTI2-MIXED_SAT-R031,val,8,NH2-MULTI2-MIXED_SAT-R031-Q08-INAD_2,INADMISSIBLE,SAT_FALSE,NH2-MULTI2-MIXED_SAT-R031_inad_2,REJECT_INADMISSIBLE,EXECUTE_ONLY_IF_R3_MEASURES_INADMISSIBLE_COST,NEEDS_WAREHOUSE_BINDING_R3
NH2-MULTI2-MIXED_SAT-R031,val,9,NH2-MULTI2-MIXED_SAT-R031-Q09-INAD_4,INADMISSIBLE,SAT_FALSE,NH2-MULTI2-MIXED_SAT-R031_inad_4,REJECT_INADMISSIBLE,EXECUTE_ONLY_IF_R3_MEASURES_INADMISSIBLE_COST,NEEDS_WAREHOUSE_BINDING_R3
NH2-MULTI2-MIXED_SAT-R031,val,19,NH2-MULTI2-MIXED_SAT-R031-Q19-INAD_3,INADMISSIBLE,SAT_FALSE,NH2-MULTI2-MIXED_SAT-R031_inad_3,REJECT_INADMISSIBLE,EXECUTE_ONLY_IF_R3_MEASURES_INADMISSIBLE_COST,NEEDS_WAREHOUSE_BINDING_R3
NH2-MULTI2-MIXED_SAT-R031,val,24,NH2-MULTI2-MIXED_SAT-R031-Q24-INAD_0,INADMISSIBLE,SAT_FALSE,NH2-MULTI2-MIXED_SAT-R031_inad_0,REJECT_INADMISSIBLE,EXECUTE_ONLY_IF_R3_MEASURES_INADMISSIBLE_COST,NEEDS_WAREHOUSE_BINDING_R3
NH2-MULTI2-MIXED_SAT-R032,val,1,NH2-MULTI2-MIXED_SAT-R032-Q01-INAD_2,INADMISSIBLE,SAT_FALSE,NH2-MULTI2-MIXED_SAT-R032_inad_2,REJECT_INADMISSIBLE,EXECUTE_ONLY_IF_R3_MEASURES_INADMISSIBLE_COST,NEEDS_WAREHOUSE_BINDING_R3
NH2-MULTI2-MIXED_SAT-R032,val,7,NH2-MULTI2-MIXED_SAT-R032-Q07-INAD_1,INADMISSIBLE,SAT_FALSE,NH2-MULTI2-MIXED_SAT-R032_inad_1,REJECT_INADMISSIBLE,EXECUTE_ONLY_IF_R3_MEASURES_INADMISSIBLE_COST,NEEDS_WAREHOUSE_BINDING_R3
NH2-MULTI2-MIXED_SAT-R032,val,9,NH2-MULTI2-MIXED_SAT-R032-Q09-INAD_4,INADMISSIBLE,SAT_FALSE,NH2-MULTI2-MIXED_SAT-R032_inad_4,REJECT_INADMISSIBLE,EXECUTE_ONLY_IF_R3_MEASURES_INADMISSIBLE_COST,NEEDS_WAREHOUSE_BINDING_R3
NH2-MULTI2-MIXED_SAT-R032,val,12,NH2-MULTI2-MIXED_SAT-R032-Q12-INAD_3,INADMISSIBLE,SAT_FALSE,NH2-MULTI2-MIXED_SAT-R032_inad_3,REJECT_INADMISSIBLE,EXECUTE_ONLY_IF_R3_MEASURES_INADMISSIBLE_COST,NEEDS_WAREHOUSE_BINDING_R3
NH2-MULTI2-MIXED_SAT-R032,val,22,NH2-MULTI2-MIXED_SAT-R032-Q22-INAD_0,INADMISSIBLE,SAT_FALSE,NH2-MULTI2-MIXED_SAT-R032_inad_0,REJECT_INADMISSIBLE,EXECUTE_ONLY_IF_R3_MEASURES_INADMISSIBLE_COST,NEEDS_WAREHOUSE_BINDING_R3
NH2-MULTI2-MIXED_SAT-R033,val,4,NH2-MULTI2-MIXED_SAT-R033-Q04-INAD_4,INADMISSIBLE,SAT_FALSE,NH2-MULTI2-MIXED_SAT-R033_inad_4,REJECT_INADMISSIBLE,EXECUTE_ONLY_IF_R3_MEASURES_INADMISSIBLE_COST,NEEDS_WAREHOUSE_BINDING_R3
NH2-MULTI2-MIXED_SAT-R033,val,6,NH2-MULTI2-MIXED_SAT-R033-Q06-INAD_0,INADMISSIBLE,SAT_FALSE,NH2-MULTI2-MIXED_SAT-R033_inad_0,REJECT_INADMISSIBLE,EXECUTE_ONLY_IF_R3_MEASURES_INADMISSIBLE_COST,NEEDS_WAREHOUSE_BINDING_R3
NH2-MULTI2-MIXED_SAT-R033,val,12,NH2-MULTI2-MIXED_SAT-R033-Q12-INAD_3,INADMISSIBLE,SAT_FALSE,NH2-MULTI2-MIXED_SAT-R033_inad_3,REJECT_INADMISSIBLE,EXECUTE_ONLY_IF_R3_MEASURES_INADMISSIBLE_COST,NEEDS_WAREHOUSE_BINDING_R3
NH2-MULTI2-MIXED_SAT-R033,val,15,NH2-MULTI2-MIXED_SAT-R033-Q15-INAD_2,INADMISSIBLE,SAT_FALSE,NH2-MULTI2-MIXED_SAT-R033_inad_2,REJECT_INADMISSIBLE,EXECUTE_ONLY_IF_R3_MEASURES_INADMISSIBLE_COST,NEEDS_WAREHOUSE_BINDING_R3
NH2-MULTI2-MIXED_SAT-R033,val,16,NH2-MULTI2-MIXED_SAT-R033-Q16-INAD_1,INADMISSIBLE,SAT_FALSE,NH2-MULTI2-MIXED_SAT-R033_inad_1,REJECT_INADMISSIBLE,EXECUTE_ONLY_IF_R3_MEASURES_INADMISSIBLE_COST,NEEDS_WAREHOUSE_BINDING_R3
NH2-MULTI2-MIXED_SAT-R034,val,1,NH2-MULTI2-MIXED_SAT-R034-Q01-INAD_1,INADMISSIBLE,SAT_FALSE,NH2-MULTI2-MIXED_SAT-R034_inad_1,REJECT_INADMISSIBLE,EXECUTE_ONLY_IF_R3_MEASURES_INADMISSIBLE_COST,NEEDS_WAREHOUSE_BINDING_R3
NH2-MULTI2-MIXED_SAT-R034,val,4,NH2-MULTI2-MIXED_SAT-R034-Q04-INAD_2,INADMISSIBLE,SAT_FALSE,NH2-MULTI2-MIXED_SAT-R034_inad_2,REJECT_INADMISSIBLE,EXECUTE_ONLY_IF_R3_MEASURES_INADMISSIBLE_COST,NEEDS_WAREHOUSE_BINDING_R3
NH2-MULTI2-MIXED_SAT-R034,val,7,NH2-MULTI2-MIXED_SAT-R034-Q07-INAD_4,INADMISSIBLE,SAT_FALSE,NH2-MULTI2-MIXED_SAT-R034_inad_4,REJECT_INADMISSIBLE,EXECUTE_ONLY_IF_R3_MEASURES_INADMISSIBLE_COST,NEEDS_WAREHOUSE_BINDING_R3
NH2-MULTI2-MIXED_SAT-R034,val,16,NH2-MULTI2-MIXED_SAT-R034-Q16-INAD_3,INADMISSIBLE,SAT_FALSE,NH2-MULTI2-MIXED_SAT-R034_inad_3,REJECT_INADMISSIBLE,EXECUTE_ONLY_IF_R3_MEASURES_INADMISSIBLE_COST,NEEDS_WAREHOUSE_BINDING_R3
NH2-MULTI2-MIXED_SAT-R034,val,22,NH2-MULTI2-MIXED_SAT-R034-Q22-INAD_0,INADMISSIBLE,SAT_FALSE,NH2-MULTI2-MIXED_SAT-R034_inad_0,REJECT_INADMISSIBLE,EXECUTE_ONLY_IF_R3_MEASURES_INADMISSIBLE_COST,NEEDS_WAREHOUSE_BINDING_R3
NH2-MULTI2-MIXED_SAT-R035,val,1,NH2-MULTI2-MIXED_SAT-R035-Q01-INAD_2,INADMISSIBLE,SAT_FALSE,NH2-MULTI2-MIXED_SAT-R035_inad_2,REJECT_INADMISSIBLE,EXECUTE_ONLY_IF_R3_MEASURES_INADMISSIBLE_COST,NEEDS_WAREHOUSE_BINDING_R3
NH2-MULTI2-MIXED_SAT-R035,val,4,NH2-MULTI2-MIXED_SAT-R035-Q04-INAD_0,INADMISSIBLE,SAT_FALSE,NH2-MULTI2-MIXED_SAT-R035_inad_0,REJECT_INADMISSIBLE,EXECUTE_ONLY_IF_R3_MEASURES_INADMISSIBLE_COST,NEEDS_WAREHOUSE_BINDING_R3
NH2-MULTI2-MIXED_SAT-R035,val,13,NH2-MULTI2-MIXED_SAT-R035-Q13-INAD_3,INADMISSIBLE,SAT_FALSE,NH2-MULTI2-MIXED_SAT-R035_inad_3,REJECT_INADMISSIBLE,EXECUTE_ONLY_IF_R3_MEASURES_INADMISSIBLE_COST,NEEDS_WAREHOUSE_BINDING_R3
NH2-MULTI2-MIXED_SAT-R035,val,14,NH2-MULTI2-MIXED_SAT-R035-Q14-INAD_1,INADMISSIBLE,SAT_FALSE,NH2-MULTI2-MIXED_SAT-R035_inad_1,REJECT_INADMISSIBLE,EXECUTE_ONLY_IF_R3_MEASURES_INADMISSIBLE_COST,NEEDS_WAREHOUSE_BINDING_R3
NH2-MULTI2-MIXED_SAT-R035,val,17,NH2-MULTI2-MIXED_SAT-R035-Q17-INAD_4,INADMISSIBLE,SAT_FALSE,NH2-MULTI2-MIXED_SAT-R035_inad_4,REJECT_INADMISSIBLE,EXECUTE_ONLY_IF_R3_MEASURES_INADMISSIBLE_COST,NEEDS_WAREHOUSE_BINDING_R3
NH2-MULTI2-MIXED_SAT-R036,val,3,NH2-MULTI2-MIXED_SAT-R036-Q03-INAD_0,INADMISSIBLE,SAT_FALSE,NH2-MULTI2-MIXED_SAT-R036_inad_0,REJECT_INADMISSIBLE,EXECUTE_ONLY_IF_R3_MEASURES_INADMISSIBLE_COST,NEEDS_WAREHOUSE_BINDING_R3
NH2-MULTI2-MIXED_SAT-R036,val,11,NH2-MULTI2-MIXED_SAT-R036-Q11-INAD_3,INADMISSIBLE,SAT_FALSE,NH2-MULTI2-MIXED_SAT-R036_inad_3,REJECT_INADMISSIBLE,EXECUTE_ONLY_IF_R3_MEASURES_INADMISSIBLE_COST,NEEDS_WAREHOUSE_BINDING_R3
NH2-MULTI2-MIXED_SAT-R036,val,12,NH2-MULTI2-MIXED_SAT-R036-Q12-INAD_2,INADMISSIBLE,SAT_FALSE,NH2-MULTI2-MIXED_SAT-R036_inad_2,REJECT_INADMISSIBLE,EXECUTE_ONLY_IF_R3_MEASURES_INADMISSIBLE_COST,NEEDS_WAREHOUSE_BINDING_R3
NH2-MULTI2-MIXED_SAT-R036,val,21,NH2-MULTI2-MIXED_SAT-R036-Q21-INAD_4,INADMISSIBLE,SAT_FALSE,NH2-MULTI2-MIXED_SAT-R036_inad_4,REJECT_INADMISSIBLE,EXECUTE_ONLY_IF_R3_MEASURES_INADMISSIBLE_COST,NEEDS_WAREHOUSE_BINDING_R3
NH2-MULTI2-MIXED_SAT-R036,val,24,NH2-MULTI2-MIXED_SAT-R036-Q24-INAD_1,INADMISSIBLE,SAT_FALSE,NH2-MULTI2-MIXED_SAT-R036_inad_1,REJECT_INADMISSIBLE,EXECUTE_ONLY_IF_R3_MEASURES_INADMISSIBLE_COST,NEEDS_WAREHOUSE_BINDING_R3
NH2-MULTI2-MIXED_SAT-R037,val,1,NH2-MULTI2-MIXED_SAT-R037-Q01-INAD_4,INADMISSIBLE,SAT_FALSE,NH2-MULTI2-MIXED_SAT-R037_inad_4,REJECT_INADMISSIBLE,EXECUTE_ONLY_IF_R3_MEASURES_INADMISSIBLE_COST,NEEDS_WAREHOUSE_BINDING_R3
NH2-MULTI2-MIXED_SAT-R037,val,8,NH2-MULTI2-MIXED_SAT-R037-Q08-INAD_3,INADMISSIBLE,SAT_FALSE,NH2-MULTI2-MIXED_SAT-R037_inad_3,REJECT_INADMISSIBLE,EXECUTE_ONLY_IF_R3_MEASURES_INADMISSIBLE_COST,NEEDS_WAREHOUSE_BINDING_R3
NH2-MULTI2-MIXED_SAT-R037,val,9,NH2-MULTI2-MIXED_SAT-R037-Q09-INAD_1,INADMISSIBLE,SAT_FALSE,NH2-MULTI2-MIXED_SAT-R037_inad_1,REJECT_INADMISSIBLE,EXECUTE_ONLY_IF_R3_MEASURES_INADMISSIBLE_COST,NEEDS_WAREHOUSE_BINDING_R3
NH2-MULTI2-MIXED_SAT-R037,val,17,NH2-MULTI2-MIXED_SAT-R037-Q17-INAD_2,INADMISSIBLE,SAT_FALSE,NH2-MULTI2-MIXED_SAT-R037_inad_2,REJECT_INADMISSIBLE,EXECUTE_ONLY_IF_R3_MEASURES_INADMISSIBLE_COST,NEEDS_WAREHOUSE_BINDING_R3
NH2-MULTI2-MIXED_SAT-R037,val,24,NH2-MULTI2-MIXED_SAT-R037-Q24-INAD_0,INADMISSIBLE,SAT_FALSE,NH2-MULTI2-MIXED_SAT-R037_inad_0,REJECT_INADMISSIBLE,EXECUTE_ONLY_IF_R3_MEASURES_INADMISSIBLE_COST,NEEDS_WAREHOUSE_BINDING_R3
NH2-MULTI2-MIXED_SAT-R038,val,2,NH2-MULTI2-MIXED_SAT-R038-Q02-INAD_4,INADMISSIBLE,SAT_FALSE,NH2-MULTI2-MIXED_SAT-R038_inad_4,REJECT_INADMISSIBLE,EXECUTE_ONLY_IF_R3_MEASURES_INADMISSIBLE_COST,NEEDS_WAREHOUSE_BINDING_R3
NH2-MULTI2-MIXED_SAT-R038,val,6,NH2-MULTI2-MIXED_SAT-R038-Q06-INAD_0,INADMISSIBLE,SAT_FALSE,NH2-MULTI2-MIXED_SAT-R038_inad_0,REJECT_INADMISSIBLE,EXECUTE_ONLY_IF_R3_MEASURES_INADMISSIBLE_COST,NEEDS_WAREHOUSE_BINDING_R3
NH2-MULTI2-MIXED_SAT-R038,val,21,NH2-MULTI2-MIXED_SAT-R038-Q21-INAD_2,INADMISSIBLE,SAT_FALSE,NH2-MULTI2-MIXED_SAT-R038_inad_2,REJECT_INADMISSIBLE,EXECUTE_ONLY_IF_R3_MEASURES_INADMISSIBLE_COST,NEEDS_WAREHOUSE_BINDING_R3
NH2-MULTI2-MIXED_SAT-R038,val,22,NH2-MULTI2-MIXED_SAT-R038-Q22-INAD_1,INADMISSIBLE,SAT_FALSE,NH2-MULTI2-MIXED_SAT-R038_inad_1,REJECT_INADMISSIBLE,EXECUTE_ONLY_IF_R3_MEASURES_INADMISSIBLE_COST,NEEDS_WAREHOUSE_BINDING_R3
NH2-MULTI2-MIXED_SAT-R038,val,23,NH2-MULTI2-MIXED_SAT-R038-Q23-INAD_3,INADMISSIBLE,SAT_FALSE,NH2-MULTI2-MIXED_SAT-R038_inad_3,REJECT_INADMISSIBLE,EXECUTE_ONLY_IF_R3_MEASURES_INADMISSIBLE_COST,NEEDS_WAREHOUSE_BINDING_R3
NH2-MULTI2-MIXED_SAT-R039,val,3,NH2-MULTI2-MIXED_SAT-R039-Q03-INAD_1,INADMISSIBLE,SAT_FALSE,NH2-MULTI2-MIXED_SAT-R039_inad_1,REJECT_INADMISSIBLE,EXECUTE_ONLY_IF_R3_MEASURES_INADMISSIBLE_COST,NEEDS_WAREHOUSE_BINDING_R3
NH2-MULTI2-MIXED_SAT-R039,val,15,NH2-MULTI2-MIXED_SAT-R039-Q15-INAD_3,INADMISSIBLE,SAT_FALSE,NH2-MULTI2-MIXED_SAT-R039_inad_3,REJECT_INADMISSIBLE,EXECUTE_ONLY_IF_R3_MEASURES_INADMISSIBLE_COST,NEEDS_WAREHOUSE_BINDING_R3
NH2-MULTI2-MIXED_SAT-R039,val,17,NH2-MULTI2-MIXED_SAT-R039-Q17-INAD_0,INADMISSIBLE,SAT_FALSE,NH2-MULTI2-MIXED_SAT-R039_inad_0,REJECT_INADMISSIBLE,EXECUTE_ONLY_IF_R3_MEASURES_INADMISSIBLE_COST,NEEDS_WAREHOUSE_BINDING_R3
NH2-MULTI2-MIXED_SAT-R039,val,19,NH2-MULTI2-MIXED_SAT-R039-Q19-INAD_4,INADMISSIBLE,SAT_FALSE,NH2-MULTI2-MIXED_SAT-R039_inad_4,REJECT_INADMISSIBLE,EXECUTE_ONLY_IF_R3_MEASURES_INADMISSIBLE_COST,NEEDS_WAREHOUSE_BINDING_R3
NH2-MULTI2-MIXED_SAT-R039,val,21,NH2-MULTI2-MIXED_SAT-R039-Q21-INAD_2,INADMISSIBLE,SAT_FALSE,NH2-MULTI2-MIXED_SAT-R039_inad_2,REJECT_INADMISSIBLE,EXECUTE_ONLY_IF_R3_MEASURES_INADMISSIBLE_COST,NEEDS_WAREHOUSE_BINDING_R3
NH2-MULTI2-MIXED_SAT-R040,val,2,NH2-MULTI2-MIXED_SAT-R040-Q02-INAD_4,INADMISSIBLE,SAT_FALSE,NH2-MULTI2-MIXED_SAT-R040_inad_4,REJECT_INADMISSIBLE,EXECUTE_ONLY_IF_R3_MEASURES_INADMISSIBLE_COST,NEEDS_WAREHOUSE_BINDING_R3
NH2-MULTI2-MIXED_SAT-R040,val,3,NH2-MULTI2-MIXED_SAT-R040-Q03-INAD_0,INADMISSIBLE,SAT_FALSE,NH2-MULTI2-MIXED_SAT-R040_inad_0,REJECT_INADMISSIBLE,EXECUTE_ONLY_IF_R3_MEASURES_INADMISSIBLE_COST,NEEDS_WAREHOUSE_BINDING_R3
NH2-MULTI2-MIXED_SAT-R040,val,4,NH2-MULTI2-MIXED_SAT-R040-Q04-INAD_2,INADMISSIBLE,SAT_FALSE,NH2-MULTI2-MIXED_SAT-R040_inad_2,REJECT_INADMISSIBLE,EXECUTE_ONLY_IF_R3_MEASURES_INADMISSIBLE_COST,NEEDS_WAREHOUSE_BINDING_R3
NH2-MULTI2-MIXED_SAT-R040,val,16,NH2-MULTI2-MIXED_SAT-R040-Q16-INAD_3,INADMISSIBLE,SAT_FALSE,NH2-MULTI2-MIXED_SAT-R040_inad_3,REJECT_INADMISSIBLE,EXECUTE_ONLY_IF_R3_MEASURES_INADMISSIBLE_COST,NEEDS_WAREHOUSE_BINDING_R3
NH2-MULTI2-MIXED_SAT-R040,val,19,NH2-MULTI2-MIXED_SAT-R040-Q19-INAD_1,INADMISSIBLE,SAT_FALSE,NH2-MULTI2-MIXED_SAT-R040_inad_1,REJECT_INADMISSIBLE,EXECUTE_ONLY_IF_R3_MEASURES_INADMISSIBLE_COST,NEEDS_WAREHOUSE_BINDING_R3
NH2-MULTI2-MIXED_SAT-R041,val,6,NH2-MULTI2-MIXED_SAT-R041-Q06-INAD_0,INADMISSIBLE,SAT_FALSE,NH2-MULTI2-MIXED_SAT-R041_inad_0,REJECT_INADMISSIBLE,EXECUTE_ONLY_IF_R3_MEASURES_INADMISSIBLE_COST,NEEDS_WAREHOUSE_BINDING_R3
NH2-MULTI2-MIXED_SAT-R041,val,16,NH2-MULTI2-MIXED_SAT-R041-Q16-INAD_2,INADMISSIBLE,SAT_FALSE,NH2-MULTI2-MIXED_SAT-R041_inad_2,REJECT_INADMISSIBLE,EXECUTE_ONLY_IF_R3_MEASURES_INADMISSIBLE_COST,NEEDS_WAREHOUSE_BINDING_R3
NH2-MULTI2-MIXED_SAT-R041,val,20,NH2-MULTI2-MIXED_SAT-R041-Q20-INAD_4,INADMISSIBLE,SAT_FALSE,NH2-MULTI2-MIXED_SAT-R041_inad_4,REJECT_INADMISSIBLE,EXECUTE_ONLY_IF_R3_MEASURES_INADMISSIBLE_COST,NEEDS_WAREHOUSE_BINDING_R3
NH2-MULTI2-MIXED_SAT-R041,val,22,NH2-MULTI2-MIXED_SAT-R041-Q22-INAD_3,INADMISSIBLE,SAT_FALSE,NH2-MULTI2-MIXED_SAT-R041_inad_3,REJECT_INADMISSIBLE,EXECUTE_ONLY_IF_R3_MEASURES_INADMISSIBLE_COST,NEEDS_WAREHOUSE_BINDING_R3
NH2-MULTI2-MIXED_SAT-R041,val,23,NH2-MULTI2-MIXED_SAT-R041-Q23-INAD_1,INADMISSIBLE,SAT_FALSE,NH2-MULTI2-MIXED_SAT-R041_inad_1,REJECT_INADMISSIBLE,EXECUTE_ONLY_IF_R3_MEASURES_INADMISSIBLE_COST,NEEDS_WAREHOUSE_BINDING_R3
NH2-MULTI2-MIXED_SAT-R042,val,4,NH2-MULTI2-MIXED_SAT-R042-Q04-INAD_2,INADMISSIBLE,SAT_FALSE,NH2-MULTI2-MIXED_SAT-R042_inad_2,REJECT_INADMISSIBLE,EXECUTE_ONLY_IF_R3_MEASURES_INADMISSIBLE_COST,NEEDS_WAREHOUSE_BINDING_R3
NH2-MULTI2-MIXED_SAT-R042,val,5,NH2-MULTI2-MIXED_SAT-R042-Q05-INAD_0,INADMISSIBLE,SAT_FALSE,NH2-MULTI2-MIXED_SAT-R042_inad_0,REJECT_INADMISSIBLE,EXECUTE_ONLY_IF_R3_MEASURES_INADMISSIBLE_COST,NEEDS_WAREHOUSE_BINDING_R3
NH2-MULTI2-MIXED_SAT-R042,val,9,NH2-MULTI2-MIXED_SAT-R042-Q09-INAD_4,INADMISSIBLE,SAT_FALSE,NH2-MULTI2-MIXED_SAT-R042_inad_4,REJECT_INADMISSIBLE,EXECUTE_ONLY_IF_R3_MEASURES_INADMISSIBLE_COST,NEEDS_WAREHOUSE_BINDING_R3
NH2-MULTI2-MIXED_SAT-R042,val,11,NH2-MULTI2-MIXED_SAT-R042-Q11-INAD_3,INADMISSIBLE,SAT_FALSE,NH2-MULTI2-MIXED_SAT-R042_inad_3,REJECT_INADMISSIBLE,EXECUTE_ONLY_IF_R3_MEASURES_INADMISSIBLE_COST,NEEDS_WAREHOUSE_BINDING_R3
NH2-MULTI2-MIXED_SAT-R042,val,12,NH2-MULTI2-MIXED_SAT-R042-Q12-INAD_1,INADMISSIBLE,SAT_FALSE,NH2-MULTI2-MIXED_SAT-R042_inad_1,REJECT_INADMISSIBLE,EXECUTE_ONLY_IF_R3_MEASURES_INADMISSIBLE_COST,NEEDS_WAREHOUSE_BINDING_R3
NH2-MULTI2-MIXED_SAT-R043,val,3,NH2-MULTI2-MIXED_SAT-R043-Q03-INAD_3,INADMISSIBLE,SAT_FALSE,NH2-MULTI2-MIXED_SAT-R043_inad_3,REJECT_INADMISSIBLE,EXECUTE_ONLY_IF_R3_MEASURES_INADMISSIBLE_COST,NEEDS_WAREHOUSE_BINDING_R3
NH2-MULTI2-MIXED_SAT-R043,val,8,NH2-MULTI2-MIXED_SAT-R043-Q08-INAD_2,INADMISSIBLE,SAT_FALSE,NH2-MULTI2-MIXED_SAT-R043_inad_2,REJECT_INADMISSIBLE,EXECUTE_ONLY_IF_R3_MEASURES_INADMISSIBLE_COST,NEEDS_WAREHOUSE_BINDING_R3
NH2-MULTI2-MIXED_SAT-R043,val,9,NH2-MULTI2-MIXED_SAT-R043-Q09-INAD_1,INADMISSIBLE,SAT_FALSE,NH2-MULTI2-MIXED_SAT-R043_inad_1,REJECT_INADMISSIBLE,EXECUTE_ONLY_IF_R3_MEASURES_INADMISSIBLE_COST,NEEDS_WAREHOUSE_BINDING_R3
NH2-MULTI2-MIXED_SAT-R043,val,19,NH2-MULTI2-MIXED_SAT-R043-Q19-INAD_0,INADMISSIBLE,SAT_FALSE,NH2-MULTI2-MIXED_SAT-R043_inad_0,REJECT_INADMISSIBLE,EXECUTE_ONLY_IF_R3_MEASURES_INADMISSIBLE_COST,NEEDS_WAREHOUSE_BINDING_R3
NH2-MULTI2-MIXED_SAT-R043,val,24,NH2-MULTI2-MIXED_SAT-R043-Q24-INAD_4,INADMISSIBLE,SAT_FALSE,NH2-MULTI2-MIXED_SAT-R043_inad_4,REJECT_INADMISSIBLE,EXECUTE_ONLY_IF_R3_MEASURES_INADMISSIBLE_COST,NEEDS_WAREHOUSE_BINDING_R3
NH2-MULTI2-MIXED_SAT-R044,val,1,NH2-MULTI2-MIXED_SAT-R044-Q01-INAD_0,INADMISSIBLE,SAT_FALSE,NH2-MULTI2-MIXED_SAT-R044_inad_0,REJECT_INADMISSIBLE,EXECUTE_ONLY_IF_R3_MEASURES_INADMISSIBLE_COST,NEEDS_WAREHOUSE_BINDING_R3
NH2-MULTI2-MIXED_SAT-R044,val,3,NH2-MULTI2-MIXED_SAT-R044-Q03-INAD_1,INADMISSIBLE,SAT_FALSE,NH2-MULTI2-MIXED_SAT-R044_inad_1,REJECT_INADMISSIBLE,EXECUTE_ONLY_IF_R3_MEASURES_INADMISSIBLE_COST,NEEDS_WAREHOUSE_BINDING_R3
NH2-MULTI2-MIXED_SAT-R044,val,10,NH2-MULTI2-MIXED_SAT-R044-Q10-INAD_4,INADMISSIBLE,SAT_FALSE,NH2-MULTI2-MIXED_SAT-R044_inad_4,REJECT_INADMISSIBLE,EXECUTE_ONLY_IF_R3_MEASURES_INADMISSIBLE_COST,NEEDS_WAREHOUSE_BINDING_R3
NH2-MULTI2-MIXED_SAT-R044,val,16,NH2-MULTI2-MIXED_SAT-R044-Q16-INAD_3,INADMISSIBLE,SAT_FALSE,NH2-MULTI2-MIXED_SAT-R044_inad_3,REJECT_INADMISSIBLE,EXECUTE_ONLY_IF_R3_MEASURES_INADMISSIBLE_COST,NEEDS_WAREHOUSE_BINDING_R3
NH2-MULTI2-MIXED_SAT-R044,val,23,NH2-MULTI2-MIXED_SAT-R044-Q23-INAD_2,INADMISSIBLE,SAT_FALSE,NH2-MULTI2-MIXED_SAT-R044_inad_2,REJECT_INADMISSIBLE,EXECUTE_ONLY_IF_R3_MEASURES_INADMISSIBLE_COST,NEEDS_WAREHOUSE_BINDING_R3
NH2-MULTI2-MIXED_SAT-R045,val,2,NH2-MULTI2-MIXED_SAT-R045-Q02-INAD_0,INADMISSIBLE,SAT_FALSE,NH2-MULTI2-MIXED_SAT-R045_inad_0,REJECT_INADMISSIBLE,EXECUTE_ONLY_IF_R3_MEASURES_INADMISSIBLE_COST,NEEDS_WAREHOUSE_BINDING_R3
NH2-MULTI2-MIXED_SAT-R045,val,16,NH2-MULTI2-MIXED_SAT-R045-Q16-INAD_3,INADMISSIBLE,SAT_FALSE,NH2-MULTI2-MIXED_SAT-R045_inad_3,REJECT_INADMISSIBLE,EXECUTE_ONLY_IF_R3_MEASURES_INADMISSIBLE_COST,NEEDS_WAREHOUSE_BINDING_R3
NH2-MULTI2-MIXED_SAT-R045,val,17,NH2-MULTI2-MIXED_SAT-R045-Q17-INAD_4,INADMISSIBLE,SAT_FALSE,NH2-MULTI2-MIXED_SAT-R045_inad_4,REJECT_INADMISSIBLE,EXECUTE_ONLY_IF_R3_MEASURES_INADMISSIBLE_COST,NEEDS_WAREHOUSE_BINDING_R3
NH2-MULTI2-MIXED_SAT-R045,val,22,NH2-MULTI2-MIXED_SAT-R045-Q22-INAD_1,INADMISSIBLE,SAT_FALSE,NH2-MULTI2-MIXED_SAT-R045_inad_1,REJECT_INADMISSIBLE,EXECUTE_ONLY_IF_R3_MEASURES_INADMISSIBLE_COST,NEEDS_WAREHOUSE_BINDING_R3
NH2-MULTI2-MIXED_SAT-R045,val,24,NH2-MULTI2-MIXED_SAT-R045-Q24-INAD_2,INADMISSIBLE,SAT_FALSE,NH2-MULTI2-MIXED_SAT-R045_inad_2,REJECT_INADMISSIBLE,EXECUTE_ONLY_IF_R3_MEASURES_INADMISSIBLE_COST,NEEDS_WAREHOUSE_BINDING_R3
NH2-MULTI2-MIXED_SAT-R046,test,2,NH2-MULTI2-MIXED_SAT-R046-Q02-INAD_3,INADMISSIBLE,SAT_FALSE,NH2-MULTI2-MIXED_SAT-R046_inad_3,REJECT_INADMISSIBLE,EXECUTE_ONLY_IF_R3_MEASURES_INADMISSIBLE_COST,NEEDS_WAREHOUSE_BINDING_R3
NH2-MULTI2-MIXED_SAT-R046,test,4,NH2-MULTI2-MIXED_SAT-R046-Q04-INAD_2,INADMISSIBLE,SAT_FALSE,NH2-MULTI2-MIXED_SAT-R046_inad_2,REJECT_INADMISSIBLE,EXECUTE_ONLY_IF_R3_MEASURES_INADMISSIBLE_COST,NEEDS_WAREHOUSE_BINDING_R3
NH2-MULTI2-MIXED_SAT-R046,test,5,NH2-MULTI2-MIXED_SAT-R046-Q05-INAD_1,INADMISSIBLE,SAT_FALSE,NH2-MULTI2-MIXED_SAT-R046_inad_1,REJECT_INADMISSIBLE,EXECUTE_ONLY_IF_R3_MEASURES_INADMISSIBLE_COST,NEEDS_WAREHOUSE_BINDING_R3
NH2-MULTI2-MIXED_SAT-R046,test,17,NH2-MULTI2-MIXED_SAT-R046-Q17-INAD_0,INADMISSIBLE,SAT_FALSE,NH2-MULTI2-MIXED_SAT-R046_inad_0,REJECT_INADMISSIBLE,EXECUTE_ONLY_IF_R3_MEASURES_INADMISSIBLE_COST,NEEDS_WAREHOUSE_BINDING_R3
NH2-MULTI2-MIXED_SAT-R046,test,24,NH2-MULTI2-MIXED_SAT-R046-Q24-INAD_4,INADMISSIBLE,SAT_FALSE,NH2-MULTI2-MIXED_SAT-R046_inad_4,REJECT_INADMISSIBLE,EXECUTE_ONLY_IF_R3_MEASURES_INADMISSIBLE_COST,NEEDS_WAREHOUSE_BINDING_R3
NH2-MULTI2-MIXED_SAT-R047,test,5,NH2-MULTI2-MIXED_SAT-R047-Q05-INAD_2,INADMISSIBLE,SAT_FALSE,NH2-MULTI2-MIXED_SAT-R047_inad_2,REJECT_INADMISSIBLE,EXECUTE_ONLY_IF_R3_MEASURES_INADMISSIBLE_COST,NEEDS_WAREHOUSE_BINDING_R3
NH2-MULTI2-MIXED_SAT-R047,test,12,NH2-MULTI2-MIXED_SAT-R047-Q12-INAD_3,INADMISSIBLE,SAT_FALSE,NH2-MULTI2-MIXED_SAT-R047_inad_3,REJECT_INADMISSIBLE,EXECUTE_ONLY_IF_R3_MEASURES_INADMISSIBLE_COST,NEEDS_WAREHOUSE_BINDING_R3
NH2-MULTI2-MIXED_SAT-R047,test,14,NH2-MULTI2-MIXED_SAT-R047-Q14-INAD_4,INADMISSIBLE,SAT_FALSE,NH2-MULTI2-MIXED_SAT-R047_inad_4,REJECT_INADMISSIBLE,EXECUTE_ONLY_IF_R3_MEASURES_INADMISSIBLE_COST,NEEDS_WAREHOUSE_BINDING_R3
NH2-MULTI2-MIXED_SAT-R047,test,15,NH2-MULTI2-MIXED_SAT-R047-Q15-INAD_1,INADMISSIBLE,SAT_FALSE,NH2-MULTI2-MIXED_SAT-R047_inad_1,REJECT_INADMISSIBLE,EXECUTE_ONLY_IF_R3_MEASURES_INADMISSIBLE_COST,NEEDS_WAREHOUSE_BINDING_R3
NH2-MULTI2-MIXED_SAT-R047,test,16,NH2-MULTI2-MIXED_SAT-R047-Q16-INAD_0,INADMISSIBLE,SAT_FALSE,NH2-MULTI2-MIXED_SAT-R047_inad_0,REJECT_INADMISSIBLE,EXECUTE_ONLY_IF_R3_MEASURES_INADMISSIBLE_COST,NEEDS_WAREHOUSE_BINDING_R3
NH2-MULTI2-MIXED_SAT-R048,test,8,NH2-MULTI2-MIXED_SAT-R048-Q08-INAD_3,INADMISSIBLE,SAT_FALSE,NH2-MULTI2-MIXED_SAT-R048_inad_3,REJECT_INADMISSIBLE,EXECUTE_ONLY_IF_R3_MEASURES_INADMISSIBLE_COST,NEEDS_WAREHOUSE_BINDING_R3
NH2-MULTI2-MIXED_SAT-R048,test,12,NH2-MULTI2-MIXED_SAT-R048-Q12-INAD_2,INADMISSIBLE,SAT_FALSE,NH2-MULTI2-MIXED_SAT-R048_inad_2,REJECT_INADMISSIBLE,EXECUTE_ONLY_IF_R3_MEASURES_INADMISSIBLE_COST,NEEDS_WAREHOUSE_BINDING_R3
NH2-MULTI2-MIXED_SAT-R048,test,13,NH2-MULTI2-MIXED_SAT-R048-Q13-INAD_4,INADMISSIBLE,SAT_FALSE,NH2-MULTI2-MIXED_SAT-R048_inad_4,REJECT_INADMISSIBLE,EXECUTE_ONLY_IF_R3_MEASURES_INADMISSIBLE_COST,NEEDS_WAREHOUSE_BINDING_R3
NH2-MULTI2-MIXED_SAT-R048,test,20,NH2-MULTI2-MIXED_SAT-R048-Q20-INAD_0,INADMISSIBLE,SAT_FALSE,NH2-MULTI2-MIXED_SAT-R048_inad_0,REJECT_INADMISSIBLE,EXECUTE_ONLY_IF_R3_MEASURES_INADMISSIBLE_COST,NEEDS_WAREHOUSE_BINDING_R3
NH2-MULTI2-MIXED_SAT-R048,test,21,NH2-MULTI2-MIXED_SAT-R048-Q21-INAD_1,INADMISSIBLE,SAT_FALSE,NH2-MULTI2-MIXED_SAT-R048_inad_1,REJECT_INADMISSIBLE,EXECUTE_ONLY_IF_R3_MEASURES_INADMISSIBLE_COST,NEEDS_WAREHOUSE_BINDING_R3
NH2-MULTI2-MIXED_SAT-R049,test,1,NH2-MULTI2-MIXED_SAT-R049-Q01-INAD_2,INADMISSIBLE,SAT_FALSE,NH2-MULTI2-MIXED_SAT-R049_inad_2,REJECT_INADMISSIBLE,EXECUTE_ONLY_IF_R3_MEASURES_INADMISSIBLE_COST,NEEDS_WAREHOUSE_BINDING_R3
NH2-MULTI2-MIXED_SAT-R049,test,4,NH2-MULTI2-MIXED_SAT-R049-Q04-INAD_4,INADMISSIBLE,SAT_FALSE,NH2-MULTI2-MIXED_SAT-R049_inad_4,REJECT_INADMISSIBLE,EXECUTE_ONLY_IF_R3_MEASURES_INADMISSIBLE_COST,NEEDS_WAREHOUSE_BINDING_R3
NH2-MULTI2-MIXED_SAT-R049,test,11,NH2-MULTI2-MIXED_SAT-R049-Q11-INAD_0,INADMISSIBLE,SAT_FALSE,NH2-MULTI2-MIXED_SAT-R049_inad_0,REJECT_INADMISSIBLE,EXECUTE_ONLY_IF_R3_MEASURES_INADMISSIBLE_COST,NEEDS_WAREHOUSE_BINDING_R3
NH2-MULTI2-MIXED_SAT-R049,test,16,NH2-MULTI2-MIXED_SAT-R049-Q16-INAD_1,INADMISSIBLE,SAT_FALSE,NH2-MULTI2-MIXED_SAT-R049_inad_1,REJECT_INADMISSIBLE,EXECUTE_ONLY_IF_R3_MEASURES_INADMISSIBLE_COST,NEEDS_WAREHOUSE_BINDING_R3
NH2-MULTI2-MIXED_SAT-R049,test,21,NH2-MULTI2-MIXED_SAT-R049-Q21-INAD_3,INADMISSIBLE,SAT_FALSE,NH2-MULTI2-MIXED_SAT-R049_inad_3,REJECT_INADMISSIBLE,EXECUTE_ONLY_IF_R3_MEASURES_INADMISSIBLE_COST,NEEDS_WAREHOUSE_BINDING_R3
NH2-MULTI2-MIXED_SAT-R050,test,1,NH2-MULTI2-MIXED_SAT-R050-Q01-INAD_1,INADMISSIBLE,SAT_FALSE,NH2-MULTI2-MIXED_SAT-R050_inad_1,REJECT_INADMISSIBLE,EXECUTE_ONLY_IF_R3_MEASURES_INADMISSIBLE_COST,NEEDS_WAREHOUSE_BINDING_R3
NH2-MULTI2-MIXED_SAT-R050,test,11,NH2-MULTI2-MIXED_SAT-R050-Q11-INAD_0,INADMISSIBLE,SAT_FALSE,NH2-MULTI2-MIXED_SAT-R050_inad_0,REJECT_INADMISSIBLE,EXECUTE_ONLY_IF_R3_MEASURES_INADMISSIBLE_COST,NEEDS_WAREHOUSE_BINDING_R3
NH2-MULTI2-MIXED_SAT-R050,test,19,NH2-MULTI2-MIXED_SAT-R050-Q19-INAD_3,INADMISSIBLE,SAT_FALSE,NH2-MULTI2-MIXED_SAT-R050_inad_3,REJECT_INADMISSIBLE,EXECUTE_ONLY_IF_R3_MEASURES_INADMISSIBLE_COST,NEEDS_WAREHOUSE_BINDING_R3
NH2-MULTI2-MIXED_SAT-R050,test,20,NH2-MULTI2-MIXED_SAT-R050-Q20-INAD_2,INADMISSIBLE,SAT_FALSE,NH2-MULTI2-MIXED_SAT-R050_inad_2,REJECT_INADMISSIBLE,EXECUTE_ONLY_IF_R3_MEASURES_INADMISSIBLE_COST,NEEDS_WAREHOUSE_BINDING_R3
NH2-MULTI2-MIXED_SAT-R050,test,24,NH2-MULTI2-MIXED_SAT-R050-Q24-INAD_4,INADMISSIBLE,SAT_FALSE,NH2-MULTI2-MIXED_SAT-R050_inad_4,REJECT_INADMISSIBLE,EXECUTE_ONLY_IF_R3_MEASURES_INADMISSIBLE_COST,NEEDS_WAREHOUSE_BINDING_R3
NH2-MULTI2-MIXED_SAT-R051,test,4,NH2-MULTI2-MIXED_SAT-R051-Q04-INAD_2,INADMISSIBLE,SAT_FALSE,NH2-MULTI2-MIXED_SAT-R051_inad_2,REJECT_INADMISSIBLE,EXECUTE_ONLY_IF_R3_MEASURES_INADMISSIBLE_COST,NEEDS_WAREHOUSE_BINDING_R3
NH2-MULTI2-MIXED_SAT-R051,test,6,NH2-MULTI2-MIXED_SAT-R051-Q06-INAD_0,INADMISSIBLE,SAT_FALSE,NH2-MULTI2-MIXED_SAT-R051_inad_0,REJECT_INADMISSIBLE,EXECUTE_ONLY_IF_R3_MEASURES_INADMISSIBLE_COST,NEEDS_WAREHOUSE_BINDING_R3
NH2-MULTI2-MIXED_SAT-R051,test,10,NH2-MULTI2-MIXED_SAT-R051-Q10-INAD_3,INADMISSIBLE,SAT_FALSE,NH2-MULTI2-MIXED_SAT-R051_inad_3,REJECT_INADMISSIBLE,EXECUTE_ONLY_IF_R3_MEASURES_INADMISSIBLE_COST,NEEDS_WAREHOUSE_BINDING_R3
NH2-MULTI2-MIXED_SAT-R051,test,12,NH2-MULTI2-MIXED_SAT-R051-Q12-INAD_1,INADMISSIBLE,SAT_FALSE,NH2-MULTI2-MIXED_SAT-R051_inad_1,REJECT_INADMISSIBLE,EXECUTE_ONLY_IF_R3_MEASURES_INADMISSIBLE_COST,NEEDS_WAREHOUSE_BINDING_R3
NH2-MULTI2-MIXED_SAT-R051,test,24,NH2-MULTI2-MIXED_SAT-R051-Q24-INAD_4,INADMISSIBLE,SAT_FALSE,NH2-MULTI2-MIXED_SAT-R051_inad_4,REJECT_INADMISSIBLE,EXECUTE_ONLY_IF_R3_MEASURES_INADMISSIBLE_COST,NEEDS_WAREHOUSE_BINDING_R3
NH2-MULTI2-MIXED_SAT-R052,test,1,NH2-MULTI2-MIXED_SAT-R052-Q01-INAD_2,INADMISSIBLE,SAT_FALSE,NH2-MULTI2-MIXED_SAT-R052_inad_2,REJECT_INADMISSIBLE,EXECUTE_ONLY_IF_R3_MEASURES_INADMISSIBLE_COST,NEEDS_WAREHOUSE_BINDING_R3
NH2-MULTI2-MIXED_SAT-R052,test,5,NH2-MULTI2-MIXED_SAT-R052-Q05-INAD_4,INADMISSIBLE,SAT_FALSE,NH2-MULTI2-MIXED_SAT-R052_inad_4,REJECT_INADMISSIBLE,EXECUTE_ONLY_IF_R3_MEASURES_INADMISSIBLE_COST,NEEDS_WAREHOUSE_BINDING_R3
NH2-MULTI2-MIXED_SAT-R052,test,11,NH2-MULTI2-MIXED_SAT-R052-Q11-INAD_1,INADMISSIBLE,SAT_FALSE,NH2-MULTI2-MIXED_SAT-R052_inad_1,REJECT_INADMISSIBLE,EXECUTE_ONLY_IF_R3_MEASURES_INADMISSIBLE_COST,NEEDS_WAREHOUSE_BINDING_R3
NH2-MULTI2-MIXED_SAT-R052,test,23,NH2-MULTI2-MIXED_SAT-R052-Q23-INAD_3,INADMISSIBLE,SAT_FALSE,NH2-MULTI2-MIXED_SAT-R052_inad_3,REJECT_INADMISSIBLE,EXECUTE_ONLY_IF_R3_MEASURES_INADMISSIBLE_COST,NEEDS_WAREHOUSE_BINDING_R3
NH2-MULTI2-MIXED_SAT-R052,test,24,NH2-MULTI2-MIXED_SAT-R052-Q24-INAD_0,INADMISSIBLE,SAT_FALSE,NH2-MULTI2-MIXED_SAT-R052_inad_0,REJECT_INADMISSIBLE,EXECUTE_ONLY_IF_R3_MEASURES_INADMISSIBLE_COST,NEEDS_WAREHOUSE_BINDING_R3
NH2-MULTI2-MIXED_SAT-R053,test,3,NH2-MULTI2-MIXED_SAT-R053-Q03-INAD_4,INADMISSIBLE,SAT_FALSE,NH2-MULTI2-MIXED_SAT-R053_inad_4,REJECT_INADMISSIBLE,EXECUTE_ONLY_IF_R3_MEASURES_INADMISSIBLE_COST,NEEDS_WAREHOUSE_BINDING_R3
NH2-MULTI2-MIXED_SAT-R053,test,7,NH2-MULTI2-MIXED_SAT-R053-Q07-INAD_1,INADMISSIBLE,SAT_FALSE,NH2-MULTI2-MIXED_SAT-R053_inad_1,REJECT_INADMISSIBLE,EXECUTE_ONLY_IF_R3_MEASURES_INADMISSIBLE_COST,NEEDS_WAREHOUSE_BINDING_R3
NH2-MULTI2-MIXED_SAT-R053,test,9,NH2-MULTI2-MIXED_SAT-R053-Q09-INAD_3,INADMISSIBLE,SAT_FALSE,NH2-MULTI2-MIXED_SAT-R053_inad_3,REJECT_INADMISSIBLE,EXECUTE_ONLY_IF_R3_MEASURES_INADMISSIBLE_COST,NEEDS_WAREHOUSE_BINDING_R3
NH2-MULTI2-MIXED_SAT-R053,test,17,NH2-MULTI2-MIXED_SAT-R053-Q17-INAD_2,INADMISSIBLE,SAT_FALSE,NH2-MULTI2-MIXED_SAT-R053_inad_2,REJECT_INADMISSIBLE,EXECUTE_ONLY_IF_R3_MEASURES_INADMISSIBLE_COST,NEEDS_WAREHOUSE_BINDING_R3
NH2-MULTI2-MIXED_SAT-R053,test,22,NH2-MULTI2-MIXED_SAT-R053-Q22-INAD_0,INADMISSIBLE,SAT_FALSE,NH2-MULTI2-MIXED_SAT-R053_inad_0,REJECT_INADMISSIBLE,EXECUTE_ONLY_IF_R3_MEASURES_INADMISSIBLE_COST,NEEDS_WAREHOUSE_BINDING_R3
NH2-MULTI2-MIXED_SAT-R054,test,4,NH2-MULTI2-MIXED_SAT-R054-Q04-INAD_4,INADMISSIBLE,SAT_FALSE,NH2-MULTI2-MIXED_SAT-R054_inad_4,REJECT_INADMISSIBLE,EXECUTE_ONLY_IF_R3_MEASURES_INADMISSIBLE_COST,NEEDS_WAREHOUSE_BINDING_R3
NH2-MULTI2-MIXED_SAT-R054,test,16,NH2-MULTI2-MIXED_SAT-R054-Q16-INAD_3,INADMISSIBLE,SAT_FALSE,NH2-MULTI2-MIXED_SAT-R054_inad_3,REJECT_INADMISSIBLE,EXECUTE_ONLY_IF_R3_MEASURES_INADMISSIBLE_COST,NEEDS_WAREHOUSE_BINDING_R3
NH2-MULTI2-MIXED_SAT-R054,test,17,NH2-MULTI2-MIXED_SAT-R054-Q17-INAD_1,INADMISSIBLE,SAT_FALSE,NH2-MULTI2-MIXED_SAT-R054_inad_1,REJECT_INADMISSIBLE,EXECUTE_ONLY_IF_R3_MEASURES_INADMISSIBLE_COST,NEEDS_WAREHOUSE_BINDING_R3
NH2-MULTI2-MIXED_SAT-R054,test,19,NH2-MULTI2-MIXED_SAT-R054-Q19-INAD_2,INADMISSIBLE,SAT_FALSE,NH2-MULTI2-MIXED_SAT-R054_inad_2,REJECT_INADMISSIBLE,EXECUTE_ONLY_IF_R3_MEASURES_INADMISSIBLE_COST,NEEDS_WAREHOUSE_BINDING_R3
NH2-MULTI2-MIXED_SAT-R054,test,23,NH2-MULTI2-MIXED_SAT-R054-Q23-INAD_0,INADMISSIBLE,SAT_FALSE,NH2-MULTI2-MIXED_SAT-R054_inad_0,REJECT_INADMISSIBLE,EXECUTE_ONLY_IF_R3_MEASURES_INADMISSIBLE_COST,NEEDS_WAREHOUSE_BINDING_R3
NH2-MULTI2-MIXED_SAT-R055,test,2,NH2-MULTI2-MIXED_SAT-R055-Q02-INAD_4,INADMISSIBLE,SAT_FALSE,NH2-MULTI2-MIXED_SAT-R055_inad_4,REJECT_INADMISSIBLE,EXECUTE_ONLY_IF_R3_MEASURES_INADMISSIBLE_COST,NEEDS_WAREHOUSE_BINDING_R3
NH2-MULTI2-MIXED_SAT-R055,test,9,NH2-MULTI2-MIXED_SAT-R055-Q09-INAD_0,INADMISSIBLE,SAT_FALSE,NH2-MULTI2-MIXED_SAT-R055_inad_0,REJECT_INADMISSIBLE,EXECUTE_ONLY_IF_R3_MEASURES_INADMISSIBLE_COST,NEEDS_WAREHOUSE_BINDING_R3
NH2-MULTI2-MIXED_SAT-R055,test,18,NH2-MULTI2-MIXED_SAT-R055-Q18-INAD_3,INADMISSIBLE,SAT_FALSE,NH2-MULTI2-MIXED_SAT-R055_inad_3,REJECT_INADMISSIBLE,EXECUTE_ONLY_IF_R3_MEASURES_INADMISSIBLE_COST,NEEDS_WAREHOUSE_BINDING_R3
NH2-MULTI2-MIXED_SAT-R055,test,19,NH2-MULTI2-MIXED_SAT-R055-Q19-INAD_2,INADMISSIBLE,SAT_FALSE,NH2-MULTI2-MIXED_SAT-R055_inad_2,REJECT_INADMISSIBLE,EXECUTE_ONLY_IF_R3_MEASURES_INADMISSIBLE_COST,NEEDS_WAREHOUSE_BINDING_R3
NH2-MULTI2-MIXED_SAT-R055,test,22,NH2-MULTI2-MIXED_SAT-R055-Q22-INAD_1,INADMISSIBLE,SAT_FALSE,NH2-MULTI2-MIXED_SAT-R055_inad_1,REJECT_INADMISSIBLE,EXECUTE_ONLY_IF_R3_MEASURES_INADMISSIBLE_COST,NEEDS_WAREHOUSE_BINDING_R3
NH2-MULTI2-MIXED_SAT-R056,test,1,NH2-MULTI2-MIXED_SAT-R056-Q01-INAD_2,INADMISSIBLE,SAT_FALSE,NH2-MULTI2-MIXED_SAT-R056_inad_2,REJECT_INADMISSIBLE,EXECUTE_ONLY_IF_R3_MEASURES_INADMISSIBLE_COST,NEEDS_WAREHOUSE_BINDING_R3
NH2-MULTI2-MIXED_SAT-R056,test,2,NH2-MULTI2-MIXED_SAT-R056-Q02-INAD_4,INADMISSIBLE,SAT_FALSE,NH2-MULTI2-MIXED_SAT-R056_inad_4,REJECT_INADMISSIBLE,EXECUTE_ONLY_IF_R3_MEASURES_INADMISSIBLE_COST,NEEDS_WAREHOUSE_BINDING_R3
NH2-MULTI2-MIXED_SAT-R056,test,15,NH2-MULTI2-MIXED_SAT-R056-Q15-INAD_1,INADMISSIBLE,SAT_FALSE,NH2-MULTI2-MIXED_SAT-R056_inad_1,REJECT_INADMISSIBLE,EXECUTE_ONLY_IF_R3_MEASURES_INADMISSIBLE_COST,NEEDS_WAREHOUSE_BINDING_R3
NH2-MULTI2-MIXED_SAT-R056,test,18,NH2-MULTI2-MIXED_SAT-R056-Q18-INAD_3,INADMISSIBLE,SAT_FALSE,NH2-MULTI2-MIXED_SAT-R056_inad_3,REJECT_INADMISSIBLE,EXECUTE_ONLY_IF_R3_MEASURES_INADMISSIBLE_COST,NEEDS_WAREHOUSE_BINDING_R3
NH2-MULTI2-MIXED_SAT-R056,test,22,NH2-MULTI2-MIXED_SAT-R056-Q22-INAD_0,INADMISSIBLE,SAT_FALSE,NH2-MULTI2-MIXED_SAT-R056_inad_0,REJECT_INADMISSIBLE,EXECUTE_ONLY_IF_R3_MEASURES_INADMISSIBLE_COST,NEEDS_WAREHOUSE_BINDING_R3
NH2-MULTI2-MIXED_SAT-R057,test,1,NH2-MULTI2-MIXED_SAT-R057-Q01-INAD_2,INADMISSIBLE,SAT_FALSE,NH2-MULTI2-MIXED_SAT-R057_inad_2,REJECT_INADMISSIBLE,EXECUTE_ONLY_IF_R3_MEASURES_INADMISSIBLE_COST,NEEDS_WAREHOUSE_BINDING_R3
NH2-MULTI2-MIXED_SAT-R057,test,6,NH2-MULTI2-MIXED_SAT-R057-Q06-INAD_3,INADMISSIBLE,SAT_FALSE,NH2-MULTI2-MIXED_SAT-R057_inad_3,REJECT_INADMISSIBLE,EXECUTE_ONLY_IF_R3_MEASURES_INADMISSIBLE_COST,NEEDS_WAREHOUSE_BINDING_R3
NH2-MULTI2-MIXED_SAT-R057,test,14,NH2-MULTI2-MIXED_SAT-R057-Q14-INAD_1,INADMISSIBLE,SAT_FALSE,NH2-MULTI2-MIXED_SAT-R057_inad_1,REJECT_INADMISSIBLE,EXECUTE_ONLY_IF_R3_MEASURES_INADMISSIBLE_COST,NEEDS_WAREHOUSE_BINDING_R3
NH2-MULTI2-MIXED_SAT-R057,test,17,NH2-MULTI2-MIXED_SAT-R057-Q17-INAD_0,INADMISSIBLE,SAT_FALSE,NH2-MULTI2-MIXED_SAT-R057_inad_0,REJECT_INADMISSIBLE,EXECUTE_ONLY_IF_R3_MEASURES_INADMISSIBLE_COST,NEEDS_WAREHOUSE_BINDING_R3
NH2-MULTI2-MIXED_SAT-R057,test,20,NH2-MULTI2-MIXED_SAT-R057-Q20-INAD_4,INADMISSIBLE,SAT_FALSE,NH2-MULTI2-MIXED_SAT-R057_inad_4,REJECT_INADMISSIBLE,EXECUTE_ONLY_IF_R3_MEASURES_INADMISSIBLE_COST,NEEDS_WAREHOUSE_BINDING_R3
NH2-MULTI2-MIXED_SAT-R058,test,8,NH2-MULTI2-MIXED_SAT-R058-Q08-INAD_1,INADMISSIBLE,SAT_FALSE,NH2-MULTI2-MIXED_SAT-R058_inad_1,REJECT_INADMISSIBLE,EXECUTE_ONLY_IF_R3_MEASURES_INADMISSIBLE_COST,NEEDS_WAREHOUSE_BINDING_R3
NH2-MULTI2-MIXED_SAT-R058,test,14,NH2-MULTI2-MIXED_SAT-R058-Q14-INAD_0,INADMISSIBLE,SAT_FALSE,NH2-MULTI2-MIXED_SAT-R058_inad_0,REJECT_INADMISSIBLE,EXECUTE_ONLY_IF_R3_MEASURES_INADMISSIBLE_COST,NEEDS_WAREHOUSE_BINDING_R3
NH2-MULTI2-MIXED_SAT-R058,test,19,NH2-MULTI2-MIXED_SAT-R058-Q19-INAD_2,INADMISSIBLE,SAT_FALSE,NH2-MULTI2-MIXED_SAT-R058_inad_2,REJECT_INADMISSIBLE,EXECUTE_ONLY_IF_R3_MEASURES_INADMISSIBLE_COST,NEEDS_WAREHOUSE_BINDING_R3
NH2-MULTI2-MIXED_SAT-R058,test,22,NH2-MULTI2-MIXED_SAT-R058-Q22-INAD_3,INADMISSIBLE,SAT_FALSE,NH2-MULTI2-MIXED_SAT-R058_inad_3,REJECT_INADMISSIBLE,EXECUTE_ONLY_IF_R3_MEASURES_INADMISSIBLE_COST,NEEDS_WAREHOUSE_BINDING_R3
NH2-MULTI2-MIXED_SAT-R058,test,24,NH2-MULTI2-MIXED_SAT-R058-Q24-INAD_4,INADMISSIBLE,SAT_FALSE,NH2-MULTI2-MIXED_SAT-R058_inad_4,REJECT_INADMISSIBLE,EXECUTE_ONLY_IF_R3_MEASURES_INADMISSIBLE_COST,NEEDS_WAREHOUSE_BINDING_R3
NH2-MULTI2-MIXED_SAT-R059,test,8,NH2-MULTI2-MIXED_SAT-R059-Q08-INAD_1,INADMISSIBLE,SAT_FALSE,NH2-MULTI2-MIXED_SAT-R059_inad_1,REJECT_INADMISSIBLE,EXECUTE_ONLY_IF_R3_MEASURES_INADMISSIBLE_COST,NEEDS_WAREHOUSE_BINDING_R3
NH2-MULTI2-MIXED_SAT-R059,test,15,NH2-MULTI2-MIXED_SAT-R059-Q15-INAD_3,INADMISSIBLE,SAT_FALSE,NH2-MULTI2-MIXED_SAT-R059_inad_3,REJECT_INADMISSIBLE,EXECUTE_ONLY_IF_R3_MEASURES_INADMISSIBLE_COST,NEEDS_WAREHOUSE_BINDING_R3
NH2-MULTI2-MIXED_SAT-R059,test,17,NH2-MULTI2-MIXED_SAT-R059-Q17-INAD_4,INADMISSIBLE,SAT_FALSE,NH2-MULTI2-MIXED_SAT-R059_inad_4,REJECT_INADMISSIBLE,EXECUTE_ONLY_IF_R3_MEASURES_INADMISSIBLE_COST,NEEDS_WAREHOUSE_BINDING_R3
NH2-MULTI2-MIXED_SAT-R059,test,18,NH2-MULTI2-MIXED_SAT-R059-Q18-INAD_0,INADMISSIBLE,SAT_FALSE,NH2-MULTI2-MIXED_SAT-R059_inad_0,REJECT_INADMISSIBLE,EXECUTE_ONLY_IF_R3_MEASURES_INADMISSIBLE_COST,NEEDS_WAREHOUSE_BINDING_R3
NH2-MULTI2-MIXED_SAT-R059,test,20,NH2-MULTI2-MIXED_SAT-R059-Q20-INAD_2,INADMISSIBLE,SAT_FALSE,NH2-MULTI2-MIXED_SAT-R059_inad_2,REJECT_INADMISSIBLE,EXECUTE_ONLY_IF_R3_MEASURES_INADMISSIBLE_COST,NEEDS_WAREHOUSE_BINDING_R3
NH2-MULTI2-MIXED_SAT-R060,test,2,NH2-MULTI2-MIXED_SAT-R060-Q02-INAD_1,INADMISSIBLE,SAT_FALSE,NH2-MULTI2-MIXED_SAT-R060_inad_1,REJECT_INADMISSIBLE,EXECUTE_ONLY_IF_R3_MEASURES_INADMISSIBLE_COST,NEEDS_WAREHOUSE_BINDING_R3
NH2-MULTI2-MIXED_SAT-R060,test,9,NH2-MULTI2-MIXED_SAT-R060-Q09-INAD_4,INADMISSIBLE,SAT_FALSE,NH2-MULTI2-MIXED_SAT-R060_inad_4,REJECT_INADMISSIBLE,EXECUTE_ONLY_IF_R3_MEASURES_INADMISSIBLE_COST,NEEDS_WAREHOUSE_BINDING_R3
NH2-MULTI2-MIXED_SAT-R060,test,10,NH2-MULTI2-MIXED_SAT-R060-Q10-INAD_3,INADMISSIBLE,SAT_FALSE,NH2-MULTI2-MIXED_SAT-R060_inad_3,REJECT_INADMISSIBLE,EXECUTE_ONLY_IF_R3_MEASURES_INADMISSIBLE_COST,NEEDS_WAREHOUSE_BINDING_R3
NH2-MULTI2-MIXED_SAT-R060,test,12,NH2-MULTI2-MIXED_SAT-R060-Q12-INAD_2,INADMISSIBLE,SAT_FALSE,NH2-MULTI2-MIXED_SAT-R060_inad_2,REJECT_INADMISSIBLE,EXECUTE_ONLY_IF_R3_MEASURES_INADMISSIBLE_COST,NEEDS_WAREHOUSE_BINDING_R3
NH2-MULTI2-MIXED_SAT-R060,test,19,NH2-MULTI2-MIXED_SAT-R060-Q19-INAD_0,INADMISSIBLE,SAT_FALSE,NH2-MULTI2-MIXED_SAT-R060_inad_0,REJECT_INADMISSIBLE,EXECUTE_ONLY_IF_R3_MEASURES_INADMISSIBLE_COST,NEEDS_WAREHOUSE_BINDING_R3
NH2-ALTERNATIVE-ORDERED-R001,dev,22,NH2-ALTERNATIVE-ORDERED-R001-Q22-INAD_0,INADMISSIBLE,SAT_FALSE,NH2-ALTERNATIVE-ORDERED-R001_inad_0,REJECT_INADMISSIBLE,EXECUTE_ONLY_IF_R3_MEASURES_INADMISSIBLE_COST,NEEDS_WAREHOUSE_BINDING_R3
NH2-ALTERNATIVE-ORDERED-R001,dev,23,NH2-ALTERNATIVE-ORDERED-R001-Q23-INAD_1,INADMISSIBLE,SAT_FALSE,NH2-ALTERNATIVE-ORDERED-R001_inad_1,REJECT_INADMISSIBLE,EXECUTE_ONLY_IF_R3_MEASURES_INADMISSIBLE_COST,NEEDS_WAREHOUSE_BINDING_R3
NH2-ALTERNATIVE-ORDERED-R002,dev,22,NH2-ALTERNATIVE-ORDERED-R002-Q22-INAD_0,INADMISSIBLE,SAT_FALSE,NH2-ALTERNATIVE-ORDERED-R002_inad_0,REJECT_INADMISSIBLE,EXECUTE_ONLY_IF_R3_MEASURES_INADMISSIBLE_COST,NEEDS_WAREHOUSE_BINDING_R3
NH2-ALTERNATIVE-ORDERED-R002,dev,23,NH2-ALTERNATIVE-ORDERED-R002-Q23-INAD_1,INADMISSIBLE,SAT_FALSE,NH2-ALTERNATIVE-ORDERED-R002_inad_1,REJECT_INADMISSIBLE,EXECUTE_ONLY_IF_R3_MEASURES_INADMISSIBLE_COST,NEEDS_WAREHOUSE_BINDING_R3
NH2-ALTERNATIVE-ORDERED-R003,dev,22,NH2-ALTERNATIVE-ORDERED-R003-Q22-INAD_0,INADMISSIBLE,SAT_FALSE,NH2-ALTERNATIVE-ORDERED-R003_inad_0,REJECT_INADMISSIBLE,EXECUTE_ONLY_IF_R3_MEASURES_INADMISSIBLE_COST,NEEDS_WAREHOUSE_BINDING_R3
NH2-ALTERNATIVE-ORDERED-R003,dev,23,NH2-ALTERNATIVE-ORDERED-R003-Q23-INAD_1,INADMISSIBLE,SAT_FALSE,NH2-ALTERNATIVE-ORDERED-R003_inad_1,REJECT_INADMISSIBLE,EXECUTE_ONLY_IF_R3_MEASURES_INADMISSIBLE_COST,NEEDS_WAREHOUSE_BINDING_R3
NH2-ALTERNATIVE-ORDERED-R004,dev,22,NH2-ALTERNATIVE-ORDERED-R004-Q22-INAD_0,INADMISSIBLE,SAT_FALSE,NH2-ALTERNATIVE-ORDERED-R004_inad_0,REJECT_INADMISSIBLE,EXECUTE_ONLY_IF_R3_MEASURES_INADMISSIBLE_COST,NEEDS_WAREHOUSE_BINDING_R3
NH2-ALTERNATIVE-ORDERED-R004,dev,23,NH2-ALTERNATIVE-ORDERED-R004-Q23-INAD_1,INADMISSIBLE,SAT_FALSE,NH2-ALTERNATIVE-ORDERED-R004_inad_1,REJECT_INADMISSIBLE,EXECUTE_ONLY_IF_R3_MEASURES_INADMISSIBLE_COST,NEEDS_WAREHOUSE_BINDING_R3
NH2-ALTERNATIVE-ORDERED-R005,dev,22,NH2-ALTERNATIVE-ORDERED-R005-Q22-INAD_0,INADMISSIBLE,SAT_FALSE,NH2-ALTERNATIVE-ORDERED-R005_inad_0,REJECT_INADMISSIBLE,EXECUTE_ONLY_IF_R3_MEASURES_INADMISSIBLE_COST,NEEDS_WAREHOUSE_BINDING_R3
NH2-ALTERNATIVE-ORDERED-R005,dev,23,NH2-ALTERNATIVE-ORDERED-R005-Q23-INAD_1,INADMISSIBLE,SAT_FALSE,NH2-ALTERNATIVE-ORDERED-R005_inad_1,REJECT_INADMISSIBLE,EXECUTE_ONLY_IF_R3_MEASURES_INADMISSIBLE_COST,NEEDS_WAREHOUSE_BINDING_R3
NH2-ALTERNATIVE-ORDERED-R006,dev,22,NH2-ALTERNATIVE-ORDERED-R006-Q22-INAD_0,INADMISSIBLE,SAT_FALSE,NH2-ALTERNATIVE-ORDERED-R006_inad_0,REJECT_INADMISSIBLE,EXECUTE_ONLY_IF_R3_MEASURES_INADMISSIBLE_COST,NEEDS_WAREHOUSE_BINDING_R3
NH2-ALTERNATIVE-ORDERED-R006,dev,23,NH2-ALTERNATIVE-ORDERED-R006-Q23-INAD_1,INADMISSIBLE,SAT_FALSE,NH2-ALTERNATIVE-ORDERED-R006_inad_1,REJECT_INADMISSIBLE,EXECUTE_ONLY_IF_R3_MEASURES_INADMISSIBLE_COST,NEEDS_WAREHOUSE_BINDING_R3
NH2-ALTERNATIVE-ORDERED-R007,dev,22,NH2-ALTERNATIVE-ORDERED-R007-Q22-INAD_0,INADMISSIBLE,SAT_FALSE,NH2-ALTERNATIVE-ORDERED-R007_inad_0,REJECT_INADMISSIBLE,EXECUTE_ONLY_IF_R3_MEASURES_INADMISSIBLE_COST,NEEDS_WAREHOUSE_BINDING_R3
NH2-ALTERNATIVE-ORDERED-R007,dev,23,NH2-ALTERNATIVE-ORDERED-R007-Q23-INAD_1,INADMISSIBLE,SAT_FALSE,NH2-ALTERNATIVE-ORDERED-R007_inad_1,REJECT_INADMISSIBLE,EXECUTE_ONLY_IF_R3_MEASURES_INADMISSIBLE_COST,NEEDS_WAREHOUSE_BINDING_R3
NH2-ALTERNATIVE-ORDERED-R008,dev,22,NH2-ALTERNATIVE-ORDERED-R008-Q22-INAD_0,INADMISSIBLE,SAT_FALSE,NH2-ALTERNATIVE-ORDERED-R008_inad_0,REJECT_INADMISSIBLE,EXECUTE_ONLY_IF_R3_MEASURES_INADMISSIBLE_COST,NEEDS_WAREHOUSE_BINDING_R3
NH2-ALTERNATIVE-ORDERED-R008,dev,23,NH2-ALTERNATIVE-ORDERED-R008-Q23-INAD_1,INADMISSIBLE,SAT_FALSE,NH2-ALTERNATIVE-ORDERED-R008_inad_1,REJECT_INADMISSIBLE,EXECUTE_ONLY_IF_R3_MEASURES_INADMISSIBLE_COST,NEEDS_WAREHOUSE_BINDING_R3
NH2-ALTERNATIVE-ORDERED-R009,dev,22,NH2-ALTERNATIVE-ORDERED-R009-Q22-INAD_0,INADMISSIBLE,SAT_FALSE,NH2-ALTERNATIVE-ORDERED-R009_inad_0,REJECT_INADMISSIBLE,EXECUTE_ONLY_IF_R3_MEASURES_INADMISSIBLE_COST,NEEDS_WAREHOUSE_BINDING_R3
NH2-ALTERNATIVE-ORDERED-R009,dev,23,NH2-ALTERNATIVE-ORDERED-R009-Q23-INAD_1,INADMISSIBLE,SAT_FALSE,NH2-ALTERNATIVE-ORDERED-R009_inad_1,REJECT_INADMISSIBLE,EXECUTE_ONLY_IF_R3_MEASURES_INADMISSIBLE_COST,NEEDS_WAREHOUSE_BINDING_R3
NH2-ALTERNATIVE-ORDERED-R010,dev,22,NH2-ALTERNATIVE-ORDERED-R010-Q22-INAD_0,INADMISSIBLE,SAT_FALSE,NH2-ALTERNATIVE-ORDERED-R010_inad_0,REJECT_INADMISSIBLE,EXECUTE_ONLY_IF_R3_MEASURES_INADMISSIBLE_COST,NEEDS_WAREHOUSE_BINDING_R3
NH2-ALTERNATIVE-ORDERED-R010,dev,23,NH2-ALTERNATIVE-ORDERED-R010-Q23-INAD_1,INADMISSIBLE,SAT_FALSE,NH2-ALTERNATIVE-ORDERED-R010_inad_1,REJECT_INADMISSIBLE,EXECUTE_ONLY_IF_R3_MEASURES_INADMISSIBLE_COST,NEEDS_WAREHOUSE_BINDING_R3
NH2-ALTERNATIVE-ORDERED-R011,dev,22,NH2-ALTERNATIVE-ORDERED-R011-Q22-INAD_0,INADMISSIBLE,SAT_FALSE,NH2-ALTERNATIVE-ORDERED-R011_inad_0,REJECT_INADMISSIBLE,EXECUTE_ONLY_IF_R3_MEASURES_INADMISSIBLE_COST,NEEDS_WAREHOUSE_BINDING_R3
NH2-ALTERNATIVE-ORDERED-R011,dev,23,NH2-ALTERNATIVE-ORDERED-R011-Q23-INAD_1,INADMISSIBLE,SAT_FALSE,NH2-ALTERNATIVE-ORDERED-R011_inad_1,REJECT_INADMISSIBLE,EXECUTE_ONLY_IF_R3_MEASURES_INADMISSIBLE_COST,NEEDS_WAREHOUSE_BINDING_R3
NH2-ALTERNATIVE-ORDERED-R012,dev,22,NH2-ALTERNATIVE-ORDERED-R012-Q22-INAD_0,INADMISSIBLE,SAT_FALSE,NH2-ALTERNATIVE-ORDERED-R012_inad_0,REJECT_INADMISSIBLE,EXECUTE_ONLY_IF_R3_MEASURES_INADMISSIBLE_COST,NEEDS_WAREHOUSE_BINDING_R3
NH2-ALTERNATIVE-ORDERED-R012,dev,23,NH2-ALTERNATIVE-ORDERED-R012-Q23-INAD_1,INADMISSIBLE,SAT_FALSE,NH2-ALTERNATIVE-ORDERED-R012_inad_1,REJECT_INADMISSIBLE,EXECUTE_ONLY_IF_R3_MEASURES_INADMISSIBLE_COST,NEEDS_WAREHOUSE_BINDING_R3
NH2-ALTERNATIVE-ORDERED-R013,dev,22,NH2-ALTERNATIVE-ORDERED-R013-Q22-INAD_0,INADMISSIBLE,SAT_FALSE,NH2-ALTERNATIVE-ORDERED-R013_inad_0,REJECT_INADMISSIBLE,EXECUTE_ONLY_IF_R3_MEASURES_INADMISSIBLE_COST,NEEDS_WAREHOUSE_BINDING_R3
NH2-ALTERNATIVE-ORDERED-R013,dev,23,NH2-ALTERNATIVE-ORDERED-R013-Q23-INAD_1,INADMISSIBLE,SAT_FALSE,NH2-ALTERNATIVE-ORDERED-R013_inad_1,REJECT_INADMISSIBLE,EXECUTE_ONLY_IF_R3_MEASURES_INADMISSIBLE_COST,NEEDS_WAREHOUSE_BINDING_R3
NH2-ALTERNATIVE-ORDERED-R014,dev,22,NH2-ALTERNATIVE-ORDERED-R014-Q22-INAD_0,INADMISSIBLE,SAT_FALSE,NH2-ALTERNATIVE-ORDERED-R014_inad_0,REJECT_INADMISSIBLE,EXECUTE_ONLY_IF_R3_MEASURES_INADMISSIBLE_COST,NEEDS_WAREHOUSE_BINDING_R3
NH2-ALTERNATIVE-ORDERED-R014,dev,23,NH2-ALTERNATIVE-ORDERED-R014-Q23-INAD_1,INADMISSIBLE,SAT_FALSE,NH2-ALTERNATIVE-ORDERED-R014_inad_1,REJECT_INADMISSIBLE,EXECUTE_ONLY_IF_R3_MEASURES_INADMISSIBLE_COST,NEEDS_WAREHOUSE_BINDING_R3
NH2-ALTERNATIVE-ORDERED-R015,dev,22,NH2-ALTERNATIVE-ORDERED-R015-Q22-INAD_0,INADMISSIBLE,SAT_FALSE,NH2-ALTERNATIVE-ORDERED-R015_inad_0,REJECT_INADMISSIBLE,EXECUTE_ONLY_IF_R3_MEASURES_INADMISSIBLE_COST,NEEDS_WAREHOUSE_BINDING_R3
NH2-ALTERNATIVE-ORDERED-R015,dev,23,NH2-ALTERNATIVE-ORDERED-R015-Q23-INAD_1,INADMISSIBLE,SAT_FALSE,NH2-ALTERNATIVE-ORDERED-R015_inad_1,REJECT_INADMISSIBLE,EXECUTE_ONLY_IF_R3_MEASURES_INADMISSIBLE_COST,NEEDS_WAREHOUSE_BINDING_R3
NH2-ALTERNATIVE-ORDERED-R016,dev,22,NH2-ALTERNATIVE-ORDERED-R016-Q22-INAD_0,INADMISSIBLE,SAT_FALSE,NH2-ALTERNATIVE-ORDERED-R016_inad_0,REJECT_INADMISSIBLE,EXECUTE_ONLY_IF_R3_MEASURES_INADMISSIBLE_COST,NEEDS_WAREHOUSE_BINDING_R3
NH2-ALTERNATIVE-ORDERED-R016,dev,23,NH2-ALTERNATIVE-ORDERED-R016-Q23-INAD_1,INADMISSIBLE,SAT_FALSE,NH2-ALTERNATIVE-ORDERED-R016_inad_1,REJECT_INADMISSIBLE,EXECUTE_ONLY_IF_R3_MEASURES_INADMISSIBLE_COST,NEEDS_WAREHOUSE_BINDING_R3
NH2-ALTERNATIVE-ORDERED-R017,dev,22,NH2-ALTERNATIVE-ORDERED-R017-Q22-INAD_0,INADMISSIBLE,SAT_FALSE,NH2-ALTERNATIVE-ORDERED-R017_inad_0,REJECT_INADMISSIBLE,EXECUTE_ONLY_IF_R3_MEASURES_INADMISSIBLE_COST,NEEDS_WAREHOUSE_BINDING_R3
NH2-ALTERNATIVE-ORDERED-R017,dev,23,NH2-ALTERNATIVE-ORDERED-R017-Q23-INAD_1,INADMISSIBLE,SAT_FALSE,NH2-ALTERNATIVE-ORDERED-R017_inad_1,REJECT_INADMISSIBLE,EXECUTE_ONLY_IF_R3_MEASURES_INADMISSIBLE_COST,NEEDS_WAREHOUSE_BINDING_R3
NH2-ALTERNATIVE-ORDERED-R018,dev,22,NH2-ALTERNATIVE-ORDERED-R018-Q22-INAD_0,INADMISSIBLE,SAT_FALSE,NH2-ALTERNATIVE-ORDERED-R018_inad_0,REJECT_INADMISSIBLE,EXECUTE_ONLY_IF_R3_MEASURES_INADMISSIBLE_COST,NEEDS_WAREHOUSE_BINDING_R3
NH2-ALTERNATIVE-ORDERED-R018,dev,23,NH2-ALTERNATIVE-ORDERED-R018-Q23-INAD_1,INADMISSIBLE,SAT_FALSE,NH2-ALTERNATIVE-ORDERED-R018_inad_1,REJECT_INADMISSIBLE,EXECUTE_ONLY_IF_R3_MEASURES_INADMISSIBLE_COST,NEEDS_WAREHOUSE_BINDING_R3
NH2-ALTERNATIVE-ORDERED-R019,dev,22,NH2-ALTERNATIVE-ORDERED-R019-Q22-INAD_0,INADMISSIBLE,SAT_FALSE,NH2-ALTERNATIVE-ORDERED-R019_inad_0,REJECT_INADMISSIBLE,EXECUTE_ONLY_IF_R3_MEASURES_INADMISSIBLE_COST,NEEDS_WAREHOUSE_BINDING_R3
NH2-ALTERNATIVE-ORDERED-R019,dev,23,NH2-ALTERNATIVE-ORDERED-R019-Q23-INAD_1,INADMISSIBLE,SAT_FALSE,NH2-ALTERNATIVE-ORDERED-R019_inad_1,REJECT_INADMISSIBLE,EXECUTE_ONLY_IF_R3_MEASURES_INADMISSIBLE_COST,NEEDS_WAREHOUSE_BINDING_R3
NH2-ALTERNATIVE-ORDERED-R020,dev,22,NH2-ALTERNATIVE-ORDERED-R020-Q22-INAD_0,INADMISSIBLE,SAT_FALSE,NH2-ALTERNATIVE-ORDERED-R020_inad_0,REJECT_INADMISSIBLE,EXECUTE_ONLY_IF_R3_MEASURES_INADMISSIBLE_COST,NEEDS_WAREHOUSE_BINDING_R3
NH2-ALTERNATIVE-ORDERED-R020,dev,23,NH2-ALTERNATIVE-ORDERED-R020-Q23-INAD_1,INADMISSIBLE,SAT_FALSE,NH2-ALTERNATIVE-ORDERED-R020_inad_1,REJECT_INADMISSIBLE,EXECUTE_ONLY_IF_R3_MEASURES_INADMISSIBLE_COST,NEEDS_WAREHOUSE_BINDING_R3
NH2-ALTERNATIVE-ORDERED-R021,dev,22,NH2-ALTERNATIVE-ORDERED-R021-Q22-INAD_0,INADMISSIBLE,SAT_FALSE,NH2-ALTERNATIVE-ORDERED-R021_inad_0,REJECT_INADMISSIBLE,EXECUTE_ONLY_IF_R3_MEASURES_INADMISSIBLE_COST,NEEDS_WAREHOUSE_BINDING_R3
NH2-ALTERNATIVE-ORDERED-R021,dev,23,NH2-ALTERNATIVE-ORDERED-R021-Q23-INAD_1,INADMISSIBLE,SAT_FALSE,NH2-ALTERNATIVE-ORDERED-R021_inad_1,REJECT_INADMISSIBLE,EXECUTE_ONLY_IF_R3_MEASURES_INADMISSIBLE_COST,NEEDS_WAREHOUSE_BINDING_R3
NH2-ALTERNATIVE-ORDERED-R022,dev,22,NH2-ALTERNATIVE-ORDERED-R022-Q22-INAD_0,INADMISSIBLE,SAT_FALSE,NH2-ALTERNATIVE-ORDERED-R022_inad_0,REJECT_INADMISSIBLE,EXECUTE_ONLY_IF_R3_MEASURES_INADMISSIBLE_COST,NEEDS_WAREHOUSE_BINDING_R3
NH2-ALTERNATIVE-ORDERED-R022,dev,23,NH2-ALTERNATIVE-ORDERED-R022-Q23-INAD_1,INADMISSIBLE,SAT_FALSE,NH2-ALTERNATIVE-ORDERED-R022_inad_1,REJECT_INADMISSIBLE,EXECUTE_ONLY_IF_R3_MEASURES_INADMISSIBLE_COST,NEEDS_WAREHOUSE_BINDING_R3
NH2-ALTERNATIVE-ORDERED-R023,dev,22,NH2-ALTERNATIVE-ORDERED-R023-Q22-INAD_0,INADMISSIBLE,SAT_FALSE,NH2-ALTERNATIVE-ORDERED-R023_inad_0,REJECT_INADMISSIBLE,EXECUTE_ONLY_IF_R3_MEASURES_INADMISSIBLE_COST,NEEDS_WAREHOUSE_BINDING_R3
NH2-ALTERNATIVE-ORDERED-R023,dev,23,NH2-ALTERNATIVE-ORDERED-R023-Q23-INAD_1,INADMISSIBLE,SAT_FALSE,NH2-ALTERNATIVE-ORDERED-R023_inad_1,REJECT_INADMISSIBLE,EXECUTE_ONLY_IF_R3_MEASURES_INADMISSIBLE_COST,NEEDS_WAREHOUSE_BINDING_R3
NH2-ALTERNATIVE-ORDERED-R024,dev,22,NH2-ALTERNATIVE-ORDERED-R024-Q22-INAD_0,INADMISSIBLE,SAT_FALSE,NH2-ALTERNATIVE-ORDERED-R024_inad_0,REJECT_INADMISSIBLE,EXECUTE_ONLY_IF_R3_MEASURES_INADMISSIBLE_COST,NEEDS_WAREHOUSE_BINDING_R3
NH2-ALTERNATIVE-ORDERED-R024,dev,23,NH2-ALTERNATIVE-ORDERED-R024-Q23-INAD_1,INADMISSIBLE,SAT_FALSE,NH2-ALTERNATIVE-ORDERED-R024_inad_1,REJECT_INADMISSIBLE,EXECUTE_ONLY_IF_R3_MEASURES_INADMISSIBLE_COST,NEEDS_WAREHOUSE_BINDING_R3
NH2-ALTERNATIVE-ORDERED-R025,dev,22,NH2-ALTERNATIVE-ORDERED-R025-Q22-INAD_0,INADMISSIBLE,SAT_FALSE,NH2-ALTERNATIVE-ORDERED-R025_inad_0,REJECT_INADMISSIBLE,EXECUTE_ONLY_IF_R3_MEASURES_INADMISSIBLE_COST,NEEDS_WAREHOUSE_BINDING_R3
NH2-ALTERNATIVE-ORDERED-R025,dev,23,NH2-ALTERNATIVE-ORDERED-R025-Q23-INAD_1,INADMISSIBLE,SAT_FALSE,NH2-ALTERNATIVE-ORDERED-R025_inad_1,REJECT_INADMISSIBLE,EXECUTE_ONLY_IF_R3_MEASURES_INADMISSIBLE_COST,NEEDS_WAREHOUSE_BINDING_R3
NH2-ALTERNATIVE-ORDERED-R026,dev,22,NH2-ALTERNATIVE-ORDERED-R026-Q22-INAD_0,INADMISSIBLE,SAT_FALSE,NH2-ALTERNATIVE-ORDERED-R026_inad_0,REJECT_INADMISSIBLE,EXECUTE_ONLY_IF_R3_MEASURES_INADMISSIBLE_COST,NEEDS_WAREHOUSE_BINDING_R3
NH2-ALTERNATIVE-ORDERED-R026,dev,23,NH2-ALTERNATIVE-ORDERED-R026-Q23-INAD_1,INADMISSIBLE,SAT_FALSE,NH2-ALTERNATIVE-ORDERED-R026_inad_1,REJECT_INADMISSIBLE,EXECUTE_ONLY_IF_R3_MEASURES_INADMISSIBLE_COST,NEEDS_WAREHOUSE_BINDING_R3
NH2-ALTERNATIVE-ORDERED-R027,dev,22,NH2-ALTERNATIVE-ORDERED-R027-Q22-INAD_0,INADMISSIBLE,SAT_FALSE,NH2-ALTERNATIVE-ORDERED-R027_inad_0,REJECT_INADMISSIBLE,EXECUTE_ONLY_IF_R3_MEASURES_INADMISSIBLE_COST,NEEDS_WAREHOUSE_BINDING_R3
NH2-ALTERNATIVE-ORDERED-R027,dev,23,NH2-ALTERNATIVE-ORDERED-R027-Q23-INAD_1,INADMISSIBLE,SAT_FALSE,NH2-ALTERNATIVE-ORDERED-R027_inad_1,REJECT_INADMISSIBLE,EXECUTE_ONLY_IF_R3_MEASURES_INADMISSIBLE_COST,NEEDS_WAREHOUSE_BINDING_R3
NH2-ALTERNATIVE-ORDERED-R028,dev,22,NH2-ALTERNATIVE-ORDERED-R028-Q22-INAD_0,INADMISSIBLE,SAT_FALSE,NH2-ALTERNATIVE-ORDERED-R028_inad_0,REJECT_INADMISSIBLE,EXECUTE_ONLY_IF_R3_MEASURES_INADMISSIBLE_COST,NEEDS_WAREHOUSE_BINDING_R3
NH2-ALTERNATIVE-ORDERED-R028,dev,23,NH2-ALTERNATIVE-ORDERED-R028-Q23-INAD_1,INADMISSIBLE,SAT_FALSE,NH2-ALTERNATIVE-ORDERED-R028_inad_1,REJECT_INADMISSIBLE,EXECUTE_ONLY_IF_R3_MEASURES_INADMISSIBLE_COST,NEEDS_WAREHOUSE_BINDING_R3
NH2-ALTERNATIVE-ORDERED-R029,dev,22,NH2-ALTERNATIVE-ORDERED-R029-Q22-INAD_0,INADMISSIBLE,SAT_FALSE,NH2-ALTERNATIVE-ORDERED-R029_inad_0,REJECT_INADMISSIBLE,EXECUTE_ONLY_IF_R3_MEASURES_INADMISSIBLE_COST,NEEDS_WAREHOUSE_BINDING_R3
NH2-ALTERNATIVE-ORDERED-R029,dev,23,NH2-ALTERNATIVE-ORDERED-R029-Q23-INAD_1,INADMISSIBLE,SAT_FALSE,NH2-ALTERNATIVE-ORDERED-R029_inad_1,REJECT_INADMISSIBLE,EXECUTE_ONLY_IF_R3_MEASURES_INADMISSIBLE_COST,NEEDS_WAREHOUSE_BINDING_R3
NH2-ALTERNATIVE-ORDERED-R030,dev,22,NH2-ALTERNATIVE-ORDERED-R030-Q22-INAD_0,INADMISSIBLE,SAT_FALSE,NH2-ALTERNATIVE-ORDERED-R030_inad_0,REJECT_INADMISSIBLE,EXECUTE_ONLY_IF_R3_MEASURES_INADMISSIBLE_COST,NEEDS_WAREHOUSE_BINDING_R3
NH2-ALTERNATIVE-ORDERED-R030,dev,23,NH2-ALTERNATIVE-ORDERED-R030-Q23-INAD_1,INADMISSIBLE,SAT_FALSE,NH2-ALTERNATIVE-ORDERED-R030_inad_1,REJECT_INADMISSIBLE,EXECUTE_ONLY_IF_R3_MEASURES_INADMISSIBLE_COST,NEEDS_WAREHOUSE_BINDING_R3
NH2-ALTERNATIVE-ORDERED-R031,val,22,NH2-ALTERNATIVE-ORDERED-R031-Q22-INAD_0,INADMISSIBLE,SAT_FALSE,NH2-ALTERNATIVE-ORDERED-R031_inad_0,REJECT_INADMISSIBLE,EXECUTE_ONLY_IF_R3_MEASURES_INADMISSIBLE_COST,NEEDS_WAREHOUSE_BINDING_R3
NH2-ALTERNATIVE-ORDERED-R031,val,23,NH2-ALTERNATIVE-ORDERED-R031-Q23-INAD_1,INADMISSIBLE,SAT_FALSE,NH2-ALTERNATIVE-ORDERED-R031_inad_1,REJECT_INADMISSIBLE,EXECUTE_ONLY_IF_R3_MEASURES_INADMISSIBLE_COST,NEEDS_WAREHOUSE_BINDING_R3
NH2-ALTERNATIVE-ORDERED-R032,val,22,NH2-ALTERNATIVE-ORDERED-R032-Q22-INAD_0,INADMISSIBLE,SAT_FALSE,NH2-ALTERNATIVE-ORDERED-R032_inad_0,REJECT_INADMISSIBLE,EXECUTE_ONLY_IF_R3_MEASURES_INADMISSIBLE_COST,NEEDS_WAREHOUSE_BINDING_R3
NH2-ALTERNATIVE-ORDERED-R032,val,23,NH2-ALTERNATIVE-ORDERED-R032-Q23-INAD_1,INADMISSIBLE,SAT_FALSE,NH2-ALTERNATIVE-ORDERED-R032_inad_1,REJECT_INADMISSIBLE,EXECUTE_ONLY_IF_R3_MEASURES_INADMISSIBLE_COST,NEEDS_WAREHOUSE_BINDING_R3
NH2-ALTERNATIVE-ORDERED-R033,val,22,NH2-ALTERNATIVE-ORDERED-R033-Q22-INAD_0,INADMISSIBLE,SAT_FALSE,NH2-ALTERNATIVE-ORDERED-R033_inad_0,REJECT_INADMISSIBLE,EXECUTE_ONLY_IF_R3_MEASURES_INADMISSIBLE_COST,NEEDS_WAREHOUSE_BINDING_R3
NH2-ALTERNATIVE-ORDERED-R033,val,23,NH2-ALTERNATIVE-ORDERED-R033-Q23-INAD_1,INADMISSIBLE,SAT_FALSE,NH2-ALTERNATIVE-ORDERED-R033_inad_1,REJECT_INADMISSIBLE,EXECUTE_ONLY_IF_R3_MEASURES_INADMISSIBLE_COST,NEEDS_WAREHOUSE_BINDING_R3
NH2-ALTERNATIVE-ORDERED-R034,val,22,NH2-ALTERNATIVE-ORDERED-R034-Q22-INAD_0,INADMISSIBLE,SAT_FALSE,NH2-ALTERNATIVE-ORDERED-R034_inad_0,REJECT_INADMISSIBLE,EXECUTE_ONLY_IF_R3_MEASURES_INADMISSIBLE_COST,NEEDS_WAREHOUSE_BINDING_R3
NH2-ALTERNATIVE-ORDERED-R034,val,23,NH2-ALTERNATIVE-ORDERED-R034-Q23-INAD_1,INADMISSIBLE,SAT_FALSE,NH2-ALTERNATIVE-ORDERED-R034_inad_1,REJECT_INADMISSIBLE,EXECUTE_ONLY_IF_R3_MEASURES_INADMISSIBLE_COST,NEEDS_WAREHOUSE_BINDING_R3
NH2-ALTERNATIVE-ORDERED-R035,val,22,NH2-ALTERNATIVE-ORDERED-R035-Q22-INAD_0,INADMISSIBLE,SAT_FALSE,NH2-ALTERNATIVE-ORDERED-R035_inad_0,REJECT_INADMISSIBLE,EXECUTE_ONLY_IF_R3_MEASURES_INADMISSIBLE_COST,NEEDS_WAREHOUSE_BINDING_R3
NH2-ALTERNATIVE-ORDERED-R035,val,23,NH2-ALTERNATIVE-ORDERED-R035-Q23-INAD_1,INADMISSIBLE,SAT_FALSE,NH2-ALTERNATIVE-ORDERED-R035_inad_1,REJECT_INADMISSIBLE,EXECUTE_ONLY_IF_R3_MEASURES_INADMISSIBLE_COST,NEEDS_WAREHOUSE_BINDING_R3
NH2-ALTERNATIVE-ORDERED-R036,val,22,NH2-ALTERNATIVE-ORDERED-R036-Q22-INAD_0,INADMISSIBLE,SAT_FALSE,NH2-ALTERNATIVE-ORDERED-R036_inad_0,REJECT_INADMISSIBLE,EXECUTE_ONLY_IF_R3_MEASURES_INADMISSIBLE_COST,NEEDS_WAREHOUSE_BINDING_R3
NH2-ALTERNATIVE-ORDERED-R036,val,23,NH2-ALTERNATIVE-ORDERED-R036-Q23-INAD_1,INADMISSIBLE,SAT_FALSE,NH2-ALTERNATIVE-ORDERED-R036_inad_1,REJECT_INADMISSIBLE,EXECUTE_ONLY_IF_R3_MEASURES_INADMISSIBLE_COST,NEEDS_WAREHOUSE_BINDING_R3
NH2-ALTERNATIVE-ORDERED-R037,val,22,NH2-ALTERNATIVE-ORDERED-R037-Q22-INAD_0,INADMISSIBLE,SAT_FALSE,NH2-ALTERNATIVE-ORDERED-R037_inad_0,REJECT_INADMISSIBLE,EXECUTE_ONLY_IF_R3_MEASURES_INADMISSIBLE_COST,NEEDS_WAREHOUSE_BINDING_R3
NH2-ALTERNATIVE-ORDERED-R037,val,23,NH2-ALTERNATIVE-ORDERED-R037-Q23-INAD_1,INADMISSIBLE,SAT_FALSE,NH2-ALTERNATIVE-ORDERED-R037_inad_1,REJECT_INADMISSIBLE,EXECUTE_ONLY_IF_R3_MEASURES_INADMISSIBLE_COST,NEEDS_WAREHOUSE_BINDING_R3
NH2-ALTERNATIVE-ORDERED-R038,val,22,NH2-ALTERNATIVE-ORDERED-R038-Q22-INAD_0,INADMISSIBLE,SAT_FALSE,NH2-ALTERNATIVE-ORDERED-R038_inad_0,REJECT_INADMISSIBLE,EXECUTE_ONLY_IF_R3_MEASURES_INADMISSIBLE_COST,NEEDS_WAREHOUSE_BINDING_R3
NH2-ALTERNATIVE-ORDERED-R038,val,23,NH2-ALTERNATIVE-ORDERED-R038-Q23-INAD_1,INADMISSIBLE,SAT_FALSE,NH2-ALTERNATIVE-ORDERED-R038_inad_1,REJECT_INADMISSIBLE,EXECUTE_ONLY_IF_R3_MEASURES_INADMISSIBLE_COST,NEEDS_WAREHOUSE_BINDING_R3
NH2-ALTERNATIVE-ORDERED-R039,val,22,NH2-ALTERNATIVE-ORDERED-R039-Q22-INAD_0,INADMISSIBLE,SAT_FALSE,NH2-ALTERNATIVE-ORDERED-R039_inad_0,REJECT_INADMISSIBLE,EXECUTE_ONLY_IF_R3_MEASURES_INADMISSIBLE_COST,NEEDS_WAREHOUSE_BINDING_R3
NH2-ALTERNATIVE-ORDERED-R039,val,23,NH2-ALTERNATIVE-ORDERED-R039-Q23-INAD_1,INADMISSIBLE,SAT_FALSE,NH2-ALTERNATIVE-ORDERED-R039_inad_1,REJECT_INADMISSIBLE,EXECUTE_ONLY_IF_R3_MEASURES_INADMISSIBLE_COST,NEEDS_WAREHOUSE_BINDING_R3
NH2-ALTERNATIVE-ORDERED-R040,val,22,NH2-ALTERNATIVE-ORDERED-R040-Q22-INAD_0,INADMISSIBLE,SAT_FALSE,NH2-ALTERNATIVE-ORDERED-R040_inad_0,REJECT_INADMISSIBLE,EXECUTE_ONLY_IF_R3_MEASURES_INADMISSIBLE_COST,NEEDS_WAREHOUSE_BINDING_R3
NH2-ALTERNATIVE-ORDERED-R040,val,23,NH2-ALTERNATIVE-ORDERED-R040-Q23-INAD_1,INADMISSIBLE,SAT_FALSE,NH2-ALTERNATIVE-ORDERED-R040_inad_1,REJECT_INADMISSIBLE,EXECUTE_ONLY_IF_R3_MEASURES_INADMISSIBLE_COST,NEEDS_WAREHOUSE_BINDING_R3
NH2-ALTERNATIVE-ORDERED-R041,val,22,NH2-ALTERNATIVE-ORDERED-R041-Q22-INAD_0,INADMISSIBLE,SAT_FALSE,NH2-ALTERNATIVE-ORDERED-R041_inad_0,REJECT_INADMISSIBLE,EXECUTE_ONLY_IF_R3_MEASURES_INADMISSIBLE_COST,NEEDS_WAREHOUSE_BINDING_R3
NH2-ALTERNATIVE-ORDERED-R041,val,23,NH2-ALTERNATIVE-ORDERED-R041-Q23-INAD_1,INADMISSIBLE,SAT_FALSE,NH2-ALTERNATIVE-ORDERED-R041_inad_1,REJECT_INADMISSIBLE,EXECUTE_ONLY_IF_R3_MEASURES_INADMISSIBLE_COST,NEEDS_WAREHOUSE_BINDING_R3
NH2-ALTERNATIVE-ORDERED-R042,val,22,NH2-ALTERNATIVE-ORDERED-R042-Q22-INAD_0,INADMISSIBLE,SAT_FALSE,NH2-ALTERNATIVE-ORDERED-R042_inad_0,REJECT_INADMISSIBLE,EXECUTE_ONLY_IF_R3_MEASURES_INADMISSIBLE_COST,NEEDS_WAREHOUSE_BINDING_R3
NH2-ALTERNATIVE-ORDERED-R042,val,23,NH2-ALTERNATIVE-ORDERED-R042-Q23-INAD_1,INADMISSIBLE,SAT_FALSE,NH2-ALTERNATIVE-ORDERED-R042_inad_1,REJECT_INADMISSIBLE,EXECUTE_ONLY_IF_R3_MEASURES_INADMISSIBLE_COST,NEEDS_WAREHOUSE_BINDING_R3
NH2-ALTERNATIVE-ORDERED-R043,val,22,NH2-ALTERNATIVE-ORDERED-R043-Q22-INAD_0,INADMISSIBLE,SAT_FALSE,NH2-ALTERNATIVE-ORDERED-R043_inad_0,REJECT_INADMISSIBLE,EXECUTE_ONLY_IF_R3_MEASURES_INADMISSIBLE_COST,NEEDS_WAREHOUSE_BINDING_R3
NH2-ALTERNATIVE-ORDERED-R043,val,23,NH2-ALTERNATIVE-ORDERED-R043-Q23-INAD_1,INADMISSIBLE,SAT_FALSE,NH2-ALTERNATIVE-ORDERED-R043_inad_1,REJECT_INADMISSIBLE,EXECUTE_ONLY_IF_R3_MEASURES_INADMISSIBLE_COST,NEEDS_WAREHOUSE_BINDING_R3
NH2-ALTERNATIVE-ORDERED-R044,val,22,NH2-ALTERNATIVE-ORDERED-R044-Q22-INAD_0,INADMISSIBLE,SAT_FALSE,NH2-ALTERNATIVE-ORDERED-R044_inad_0,REJECT_INADMISSIBLE,EXECUTE_ONLY_IF_R3_MEASURES_INADMISSIBLE_COST,NEEDS_WAREHOUSE_BINDING_R3
NH2-ALTERNATIVE-ORDERED-R044,val,23,NH2-ALTERNATIVE-ORDERED-R044-Q23-INAD_1,INADMISSIBLE,SAT_FALSE,NH2-ALTERNATIVE-ORDERED-R044_inad_1,REJECT_INADMISSIBLE,EXECUTE_ONLY_IF_R3_MEASURES_INADMISSIBLE_COST,NEEDS_WAREHOUSE_BINDING_R3
NH2-ALTERNATIVE-ORDERED-R045,val,22,NH2-ALTERNATIVE-ORDERED-R045-Q22-INAD_0,INADMISSIBLE,SAT_FALSE,NH2-ALTERNATIVE-ORDERED-R045_inad_0,REJECT_INADMISSIBLE,EXECUTE_ONLY_IF_R3_MEASURES_INADMISSIBLE_COST,NEEDS_WAREHOUSE_BINDING_R3
NH2-ALTERNATIVE-ORDERED-R045,val,23,NH2-ALTERNATIVE-ORDERED-R045-Q23-INAD_1,INADMISSIBLE,SAT_FALSE,NH2-ALTERNATIVE-ORDERED-R045_inad_1,REJECT_INADMISSIBLE,EXECUTE_ONLY_IF_R3_MEASURES_INADMISSIBLE_COST,NEEDS_WAREHOUSE_BINDING_R3
NH2-ALTERNATIVE-ORDERED-R046,test,22,NH2-ALTERNATIVE-ORDERED-R046-Q22-INAD_0,INADMISSIBLE,SAT_FALSE,NH2-ALTERNATIVE-ORDERED-R046_inad_0,REJECT_INADMISSIBLE,EXECUTE_ONLY_IF_R3_MEASURES_INADMISSIBLE_COST,NEEDS_WAREHOUSE_BINDING_R3
NH2-ALTERNATIVE-ORDERED-R046,test,23,NH2-ALTERNATIVE-ORDERED-R046-Q23-INAD_1,INADMISSIBLE,SAT_FALSE,NH2-ALTERNATIVE-ORDERED-R046_inad_1,REJECT_INADMISSIBLE,EXECUTE_ONLY_IF_R3_MEASURES_INADMISSIBLE_COST,NEEDS_WAREHOUSE_BINDING_R3
NH2-ALTERNATIVE-ORDERED-R047,test,22,NH2-ALTERNATIVE-ORDERED-R047-Q22-INAD_0,INADMISSIBLE,SAT_FALSE,NH2-ALTERNATIVE-ORDERED-R047_inad_0,REJECT_INADMISSIBLE,EXECUTE_ONLY_IF_R3_MEASURES_INADMISSIBLE_COST,NEEDS_WAREHOUSE_BINDING_R3
NH2-ALTERNATIVE-ORDERED-R047,test,23,NH2-ALTERNATIVE-ORDERED-R047-Q23-INAD_1,INADMISSIBLE,SAT_FALSE,NH2-ALTERNATIVE-ORDERED-R047_inad_1,REJECT_INADMISSIBLE,EXECUTE_ONLY_IF_R3_MEASURES_INADMISSIBLE_COST,NEEDS_WAREHOUSE_BINDING_R3
NH2-ALTERNATIVE-ORDERED-R048,test,22,NH2-ALTERNATIVE-ORDERED-R048-Q22-INAD_0,INADMISSIBLE,SAT_FALSE,NH2-ALTERNATIVE-ORDERED-R048_inad_0,REJECT_INADMISSIBLE,EXECUTE_ONLY_IF_R3_MEASURES_INADMISSIBLE_COST,NEEDS_WAREHOUSE_BINDING_R3
NH2-ALTERNATIVE-ORDERED-R048,test,23,NH2-ALTERNATIVE-ORDERED-R048-Q23-INAD_1,INADMISSIBLE,SAT_FALSE,NH2-ALTERNATIVE-ORDERED-R048_inad_1,REJECT_INADMISSIBLE,EXECUTE_ONLY_IF_R3_MEASURES_INADMISSIBLE_COST,NEEDS_WAREHOUSE_BINDING_R3
NH2-ALTERNATIVE-ORDERED-R049,test,22,NH2-ALTERNATIVE-ORDERED-R049-Q22-INAD_0,INADMISSIBLE,SAT_FALSE,NH2-ALTERNATIVE-ORDERED-R049_inad_0,REJECT_INADMISSIBLE,EXECUTE_ONLY_IF_R3_MEASURES_INADMISSIBLE_COST,NEEDS_WAREHOUSE_BINDING_R3
NH2-ALTERNATIVE-ORDERED-R049,test,23,NH2-ALTERNATIVE-ORDERED-R049-Q23-INAD_1,INADMISSIBLE,SAT_FALSE,NH2-ALTERNATIVE-ORDERED-R049_inad_1,REJECT_INADMISSIBLE,EXECUTE_ONLY_IF_R3_MEASURES_INADMISSIBLE_COST,NEEDS_WAREHOUSE_BINDING_R3
NH2-ALTERNATIVE-ORDERED-R050,test,22,NH2-ALTERNATIVE-ORDERED-R050-Q22-INAD_0,INADMISSIBLE,SAT_FALSE,NH2-ALTERNATIVE-ORDERED-R050_inad_0,REJECT_INADMISSIBLE,EXECUTE_ONLY_IF_R3_MEASURES_INADMISSIBLE_COST,NEEDS_WAREHOUSE_BINDING_R3
NH2-ALTERNATIVE-ORDERED-R050,test,23,NH2-ALTERNATIVE-ORDERED-R050-Q23-INAD_1,INADMISSIBLE,SAT_FALSE,NH2-ALTERNATIVE-ORDERED-R050_inad_1,REJECT_INADMISSIBLE,EXECUTE_ONLY_IF_R3_MEASURES_INADMISSIBLE_COST,NEEDS_WAREHOUSE_BINDING_R3
NH2-ALTERNATIVE-ORDERED-R051,test,22,NH2-ALTERNATIVE-ORDERED-R051-Q22-INAD_0,INADMISSIBLE,SAT_FALSE,NH2-ALTERNATIVE-ORDERED-R051_inad_0,REJECT_INADMISSIBLE,EXECUTE_ONLY_IF_R3_MEASURES_INADMISSIBLE_COST,NEEDS_WAREHOUSE_BINDING_R3
NH2-ALTERNATIVE-ORDERED-R051,test,23,NH2-ALTERNATIVE-ORDERED-R051-Q23-INAD_1,INADMISSIBLE,SAT_FALSE,NH2-ALTERNATIVE-ORDERED-R051_inad_1,REJECT_INADMISSIBLE,EXECUTE_ONLY_IF_R3_MEASURES_INADMISSIBLE_COST,NEEDS_WAREHOUSE_BINDING_R3
NH2-ALTERNATIVE-ORDERED-R052,test,22,NH2-ALTERNATIVE-ORDERED-R052-Q22-INAD_0,INADMISSIBLE,SAT_FALSE,NH2-ALTERNATIVE-ORDERED-R052_inad_0,REJECT_INADMISSIBLE,EXECUTE_ONLY_IF_R3_MEASURES_INADMISSIBLE_COST,NEEDS_WAREHOUSE_BINDING_R3
NH2-ALTERNATIVE-ORDERED-R052,test,23,NH2-ALTERNATIVE-ORDERED-R052-Q23-INAD_1,INADMISSIBLE,SAT_FALSE,NH2-ALTERNATIVE-ORDERED-R052_inad_1,REJECT_INADMISSIBLE,EXECUTE_ONLY_IF_R3_MEASURES_INADMISSIBLE_COST,NEEDS_WAREHOUSE_BINDING_R3
NH2-ALTERNATIVE-ORDERED-R053,test,22,NH2-ALTERNATIVE-ORDERED-R053-Q22-INAD_0,INADMISSIBLE,SAT_FALSE,NH2-ALTERNATIVE-ORDERED-R053_inad_0,REJECT_INADMISSIBLE,EXECUTE_ONLY_IF_R3_MEASURES_INADMISSIBLE_COST,NEEDS_WAREHOUSE_BINDING_R3
NH2-ALTERNATIVE-ORDERED-R053,test,23,NH2-ALTERNATIVE-ORDERED-R053-Q23-INAD_1,INADMISSIBLE,SAT_FALSE,NH2-ALTERNATIVE-ORDERED-R053_inad_1,REJECT_INADMISSIBLE,EXECUTE_ONLY_IF_R3_MEASURES_INADMISSIBLE_COST,NEEDS_WAREHOUSE_BINDING_R3
NH2-ALTERNATIVE-ORDERED-R054,test,22,NH2-ALTERNATIVE-ORDERED-R054-Q22-INAD_0,INADMISSIBLE,SAT_FALSE,NH2-ALTERNATIVE-ORDERED-R054_inad_0,REJECT_INADMISSIBLE,EXECUTE_ONLY_IF_R3_MEASURES_INADMISSIBLE_COST,NEEDS_WAREHOUSE_BINDING_R3
NH2-ALTERNATIVE-ORDERED-R054,test,23,NH2-ALTERNATIVE-ORDERED-R054-Q23-INAD_1,INADMISSIBLE,SAT_FALSE,NH2-ALTERNATIVE-ORDERED-R054_inad_1,REJECT_INADMISSIBLE,EXECUTE_ONLY_IF_R3_MEASURES_INADMISSIBLE_COST,NEEDS_WAREHOUSE_BINDING_R3
NH2-ALTERNATIVE-ORDERED-R055,test,22,NH2-ALTERNATIVE-ORDERED-R055-Q22-INAD_0,INADMISSIBLE,SAT_FALSE,NH2-ALTERNATIVE-ORDERED-R055_inad_0,REJECT_INADMISSIBLE,EXECUTE_ONLY_IF_R3_MEASURES_INADMISSIBLE_COST,NEEDS_WAREHOUSE_BINDING_R3
NH2-ALTERNATIVE-ORDERED-R055,test,23,NH2-ALTERNATIVE-ORDERED-R055-Q23-INAD_1,INADMISSIBLE,SAT_FALSE,NH2-ALTERNATIVE-ORDERED-R055_inad_1,REJECT_INADMISSIBLE,EXECUTE_ONLY_IF_R3_MEASURES_INADMISSIBLE_COST,NEEDS_WAREHOUSE_BINDING_R3
NH2-ALTERNATIVE-ORDERED-R056,test,22,NH2-ALTERNATIVE-ORDERED-R056-Q22-INAD_0,INADMISSIBLE,SAT_FALSE,NH2-ALTERNATIVE-ORDERED-R056_inad_0,REJECT_INADMISSIBLE,EXECUTE_ONLY_IF_R3_MEASURES_INADMISSIBLE_COST,NEEDS_WAREHOUSE_BINDING_R3
NH2-ALTERNATIVE-ORDERED-R056,test,23,NH2-ALTERNATIVE-ORDERED-R056-Q23-INAD_1,INADMISSIBLE,SAT_FALSE,NH2-ALTERNATIVE-ORDERED-R056_inad_1,REJECT_INADMISSIBLE,EXECUTE_ONLY_IF_R3_MEASURES_INADMISSIBLE_COST,NEEDS_WAREHOUSE_BINDING_R3
NH2-ALTERNATIVE-ORDERED-R057,test,22,NH2-ALTERNATIVE-ORDERED-R057-Q22-INAD_0,INADMISSIBLE,SAT_FALSE,NH2-ALTERNATIVE-ORDERED-R057_inad_0,REJECT_INADMISSIBLE,EXECUTE_ONLY_IF_R3_MEASURES_INADMISSIBLE_COST,NEEDS_WAREHOUSE_BINDING_R3
NH2-ALTERNATIVE-ORDERED-R057,test,23,NH2-ALTERNATIVE-ORDERED-R057-Q23-INAD_1,INADMISSIBLE,SAT_FALSE,NH2-ALTERNATIVE-ORDERED-R057_inad_1,REJECT_INADMISSIBLE,EXECUTE_ONLY_IF_R3_MEASURES_INADMISSIBLE_COST,NEEDS_WAREHOUSE_BINDING_R3
NH2-ALTERNATIVE-ORDERED-R058,test,22,NH2-ALTERNATIVE-ORDERED-R058-Q22-INAD_0,INADMISSIBLE,SAT_FALSE,NH2-ALTERNATIVE-ORDERED-R058_inad_0,REJECT_INADMISSIBLE,EXECUTE_ONLY_IF_R3_MEASURES_INADMISSIBLE_COST,NEEDS_WAREHOUSE_BINDING_R3
NH2-ALTERNATIVE-ORDERED-R058,test,23,NH2-ALTERNATIVE-ORDERED-R058-Q23-INAD_1,INADMISSIBLE,SAT_FALSE,NH2-ALTERNATIVE-ORDERED-R058_inad_1,REJECT_INADMISSIBLE,EXECUTE_ONLY_IF_R3_MEASURES_INADMISSIBLE_COST,NEEDS_WAREHOUSE_BINDING_R3
NH2-ALTERNATIVE-ORDERED-R059,test,22,NH2-ALTERNATIVE-ORDERED-R059-Q22-INAD_0,INADMISSIBLE,SAT_FALSE,NH2-ALTERNATIVE-ORDERED-R059_inad_0,REJECT_INADMISSIBLE,EXECUTE_ONLY_IF_R3_MEASURES_INADMISSIBLE_COST,NEEDS_WAREHOUSE_BINDING_R3
NH2-ALTERNATIVE-ORDERED-R059,test,23,NH2-ALTERNATIVE-ORDERED-R059-Q23-INAD_1,INADMISSIBLE,SAT_FALSE,NH2-ALTERNATIVE-ORDERED-R059_inad_1,REJECT_INADMISSIBLE,EXECUTE_ONLY_IF_R3_MEASURES_INADMISSIBLE_COST,NEEDS_WAREHOUSE_BINDING_R3
NH2-ALTERNATIVE-ORDERED-R060,test,22,NH2-ALTERNATIVE-ORDERED-R060-Q22-INAD_0,INADMISSIBLE,SAT_FALSE,NH2-ALTERNATIVE-ORDERED-R060_inad_0,REJECT_INADMISSIBLE,EXECUTE_ONLY_IF_R3_MEASURES_INADMISSIBLE_COST,NEEDS_WAREHOUSE_BINDING_R3
NH2-ALTERNATIVE-ORDERED-R060,test,23,NH2-ALTERNATIVE-ORDERED-R060-Q23-INAD_1,INADMISSIBLE,SAT_FALSE,NH2-ALTERNATIVE-ORDERED-R060_inad_1,REJECT_INADMISSIBLE,EXECUTE_ONLY_IF_R3_MEASURES_INADMISSIBLE_COST,NEEDS_WAREHOUSE_BINDING_R3
NH2-ALTERNATIVE-OUT_OF_ORDER-R001,dev,22,NH2-ALTERNATIVE-OUT_OF_ORDER-R001-Q22-INAD_0,INADMISSIBLE,SAT_FALSE,NH2-ALTERNATIVE-OUT_OF_ORDER-R001_inad_0,REJECT_INADMISSIBLE,EXECUTE_ONLY_IF_R3_MEASURES_INADMISSIBLE_COST,NEEDS_WAREHOUSE_BINDING_R3
NH2-ALTERNATIVE-OUT_OF_ORDER-R001,dev,23,NH2-ALTERNATIVE-OUT_OF_ORDER-R001-Q23-INAD_1,INADMISSIBLE,SAT_FALSE,NH2-ALTERNATIVE-OUT_OF_ORDER-R001_inad_1,REJECT_INADMISSIBLE,EXECUTE_ONLY_IF_R3_MEASURES_INADMISSIBLE_COST,NEEDS_WAREHOUSE_BINDING_R3
NH2-ALTERNATIVE-OUT_OF_ORDER-R002,dev,22,NH2-ALTERNATIVE-OUT_OF_ORDER-R002-Q22-INAD_0,INADMISSIBLE,SAT_FALSE,NH2-ALTERNATIVE-OUT_OF_ORDER-R002_inad_0,REJECT_INADMISSIBLE,EXECUTE_ONLY_IF_R3_MEASURES_INADMISSIBLE_COST,NEEDS_WAREHOUSE_BINDING_R3
NH2-ALTERNATIVE-OUT_OF_ORDER-R002,dev,23,NH2-ALTERNATIVE-OUT_OF_ORDER-R002-Q23-INAD_1,INADMISSIBLE,SAT_FALSE,NH2-ALTERNATIVE-OUT_OF_ORDER-R002_inad_1,REJECT_INADMISSIBLE,EXECUTE_ONLY_IF_R3_MEASURES_INADMISSIBLE_COST,NEEDS_WAREHOUSE_BINDING_R3
NH2-ALTERNATIVE-OUT_OF_ORDER-R003,dev,22,NH2-ALTERNATIVE-OUT_OF_ORDER-R003-Q22-INAD_0,INADMISSIBLE,SAT_FALSE,NH2-ALTERNATIVE-OUT_OF_ORDER-R003_inad_0,REJECT_INADMISSIBLE,EXECUTE_ONLY_IF_R3_MEASURES_INADMISSIBLE_COST,NEEDS_WAREHOUSE_BINDING_R3
NH2-ALTERNATIVE-OUT_OF_ORDER-R003,dev,23,NH2-ALTERNATIVE-OUT_OF_ORDER-R003-Q23-INAD_1,INADMISSIBLE,SAT_FALSE,NH2-ALTERNATIVE-OUT_OF_ORDER-R003_inad_1,REJECT_INADMISSIBLE,EXECUTE_ONLY_IF_R3_MEASURES_INADMISSIBLE_COST,NEEDS_WAREHOUSE_BINDING_R3
NH2-ALTERNATIVE-OUT_OF_ORDER-R004,dev,22,NH2-ALTERNATIVE-OUT_OF_ORDER-R004-Q22-INAD_0,INADMISSIBLE,SAT_FALSE,NH2-ALTERNATIVE-OUT_OF_ORDER-R004_inad_0,REJECT_INADMISSIBLE,EXECUTE_ONLY_IF_R3_MEASURES_INADMISSIBLE_COST,NEEDS_WAREHOUSE_BINDING_R3
NH2-ALTERNATIVE-OUT_OF_ORDER-R004,dev,23,NH2-ALTERNATIVE-OUT_OF_ORDER-R004-Q23-INAD_1,INADMISSIBLE,SAT_FALSE,NH2-ALTERNATIVE-OUT_OF_ORDER-R004_inad_1,REJECT_INADMISSIBLE,EXECUTE_ONLY_IF_R3_MEASURES_INADMISSIBLE_COST,NEEDS_WAREHOUSE_BINDING_R3
NH2-ALTERNATIVE-OUT_OF_ORDER-R005,dev,22,NH2-ALTERNATIVE-OUT_OF_ORDER-R005-Q22-INAD_0,INADMISSIBLE,SAT_FALSE,NH2-ALTERNATIVE-OUT_OF_ORDER-R005_inad_0,REJECT_INADMISSIBLE,EXECUTE_ONLY_IF_R3_MEASURES_INADMISSIBLE_COST,NEEDS_WAREHOUSE_BINDING_R3
NH2-ALTERNATIVE-OUT_OF_ORDER-R005,dev,23,NH2-ALTERNATIVE-OUT_OF_ORDER-R005-Q23-INAD_1,INADMISSIBLE,SAT_FALSE,NH2-ALTERNATIVE-OUT_OF_ORDER-R005_inad_1,REJECT_INADMISSIBLE,EXECUTE_ONLY_IF_R3_MEASURES_INADMISSIBLE_COST,NEEDS_WAREHOUSE_BINDING_R3
NH2-ALTERNATIVE-OUT_OF_ORDER-R006,dev,22,NH2-ALTERNATIVE-OUT_OF_ORDER-R006-Q22-INAD_0,INADMISSIBLE,SAT_FALSE,NH2-ALTERNATIVE-OUT_OF_ORDER-R006_inad_0,REJECT_INADMISSIBLE,EXECUTE_ONLY_IF_R3_MEASURES_INADMISSIBLE_COST,NEEDS_WAREHOUSE_BINDING_R3
NH2-ALTERNATIVE-OUT_OF_ORDER-R006,dev,23,NH2-ALTERNATIVE-OUT_OF_ORDER-R006-Q23-INAD_1,INADMISSIBLE,SAT_FALSE,NH2-ALTERNATIVE-OUT_OF_ORDER-R006_inad_1,REJECT_INADMISSIBLE,EXECUTE_ONLY_IF_R3_MEASURES_INADMISSIBLE_COST,NEEDS_WAREHOUSE_BINDING_R3
NH2-ALTERNATIVE-OUT_OF_ORDER-R007,dev,22,NH2-ALTERNATIVE-OUT_OF_ORDER-R007-Q22-INAD_0,INADMISSIBLE,SAT_FALSE,NH2-ALTERNATIVE-OUT_OF_ORDER-R007_inad_0,REJECT_INADMISSIBLE,EXECUTE_ONLY_IF_R3_MEASURES_INADMISSIBLE_COST,NEEDS_WAREHOUSE_BINDING_R3
NH2-ALTERNATIVE-OUT_OF_ORDER-R007,dev,23,NH2-ALTERNATIVE-OUT_OF_ORDER-R007-Q23-INAD_1,INADMISSIBLE,SAT_FALSE,NH2-ALTERNATIVE-OUT_OF_ORDER-R007_inad_1,REJECT_INADMISSIBLE,EXECUTE_ONLY_IF_R3_MEASURES_INADMISSIBLE_COST,NEEDS_WAREHOUSE_BINDING_R3
NH2-ALTERNATIVE-OUT_OF_ORDER-R008,dev,22,NH2-ALTERNATIVE-OUT_OF_ORDER-R008-Q22-INAD_0,INADMISSIBLE,SAT_FALSE,NH2-ALTERNATIVE-OUT_OF_ORDER-R008_inad_0,REJECT_INADMISSIBLE,EXECUTE_ONLY_IF_R3_MEASURES_INADMISSIBLE_COST,NEEDS_WAREHOUSE_BINDING_R3
NH2-ALTERNATIVE-OUT_OF_ORDER-R008,dev,23,NH2-ALTERNATIVE-OUT_OF_ORDER-R008-Q23-INAD_1,INADMISSIBLE,SAT_FALSE,NH2-ALTERNATIVE-OUT_OF_ORDER-R008_inad_1,REJECT_INADMISSIBLE,EXECUTE_ONLY_IF_R3_MEASURES_INADMISSIBLE_COST,NEEDS_WAREHOUSE_BINDING_R3
NH2-ALTERNATIVE-OUT_OF_ORDER-R009,dev,22,NH2-ALTERNATIVE-OUT_OF_ORDER-R009-Q22-INAD_0,INADMISSIBLE,SAT_FALSE,NH2-ALTERNATIVE-OUT_OF_ORDER-R009_inad_0,REJECT_INADMISSIBLE,EXECUTE_ONLY_IF_R3_MEASURES_INADMISSIBLE_COST,NEEDS_WAREHOUSE_BINDING_R3
NH2-ALTERNATIVE-OUT_OF_ORDER-R009,dev,23,NH2-ALTERNATIVE-OUT_OF_ORDER-R009-Q23-INAD_1,INADMISSIBLE,SAT_FALSE,NH2-ALTERNATIVE-OUT_OF_ORDER-R009_inad_1,REJECT_INADMISSIBLE,EXECUTE_ONLY_IF_R3_MEASURES_INADMISSIBLE_COST,NEEDS_WAREHOUSE_BINDING_R3
NH2-ALTERNATIVE-OUT_OF_ORDER-R010,dev,22,NH2-ALTERNATIVE-OUT_OF_ORDER-R010-Q22-INAD_0,INADMISSIBLE,SAT_FALSE,NH2-ALTERNATIVE-OUT_OF_ORDER-R010_inad_0,REJECT_INADMISSIBLE,EXECUTE_ONLY_IF_R3_MEASURES_INADMISSIBLE_COST,NEEDS_WAREHOUSE_BINDING_R3
NH2-ALTERNATIVE-OUT_OF_ORDER-R010,dev,23,NH2-ALTERNATIVE-OUT_OF_ORDER-R010-Q23-INAD_1,INADMISSIBLE,SAT_FALSE,NH2-ALTERNATIVE-OUT_OF_ORDER-R010_inad_1,REJECT_INADMISSIBLE,EXECUTE_ONLY_IF_R3_MEASURES_INADMISSIBLE_COST,NEEDS_WAREHOUSE_BINDING_R3
NH2-ALTERNATIVE-OUT_OF_ORDER-R011,dev,22,NH2-ALTERNATIVE-OUT_OF_ORDER-R011-Q22-INAD_0,INADMISSIBLE,SAT_FALSE,NH2-ALTERNATIVE-OUT_OF_ORDER-R011_inad_0,REJECT_INADMISSIBLE,EXECUTE_ONLY_IF_R3_MEASURES_INADMISSIBLE_COST,NEEDS_WAREHOUSE_BINDING_R3
NH2-ALTERNATIVE-OUT_OF_ORDER-R011,dev,23,NH2-ALTERNATIVE-OUT_OF_ORDER-R011-Q23-INAD_1,INADMISSIBLE,SAT_FALSE,NH2-ALTERNATIVE-OUT_OF_ORDER-R011_inad_1,REJECT_INADMISSIBLE,EXECUTE_ONLY_IF_R3_MEASURES_INADMISSIBLE_COST,NEEDS_WAREHOUSE_BINDING_R3
NH2-ALTERNATIVE-OUT_OF_ORDER-R012,dev,22,NH2-ALTERNATIVE-OUT_OF_ORDER-R012-Q22-INAD_0,INADMISSIBLE,SAT_FALSE,NH2-ALTERNATIVE-OUT_OF_ORDER-R012_inad_0,REJECT_INADMISSIBLE,EXECUTE_ONLY_IF_R3_MEASURES_INADMISSIBLE_COST,NEEDS_WAREHOUSE_BINDING_R3
NH2-ALTERNATIVE-OUT_OF_ORDER-R012,dev,23,NH2-ALTERNATIVE-OUT_OF_ORDER-R012-Q23-INAD_1,INADMISSIBLE,SAT_FALSE,NH2-ALTERNATIVE-OUT_OF_ORDER-R012_inad_1,REJECT_INADMISSIBLE,EXECUTE_ONLY_IF_R3_MEASURES_INADMISSIBLE_COST,NEEDS_WAREHOUSE_BINDING_R3
NH2-ALTERNATIVE-OUT_OF_ORDER-R013,dev,22,NH2-ALTERNATIVE-OUT_OF_ORDER-R013-Q22-INAD_0,INADMISSIBLE,SAT_FALSE,NH2-ALTERNATIVE-OUT_OF_ORDER-R013_inad_0,REJECT_INADMISSIBLE,EXECUTE_ONLY_IF_R3_MEASURES_INADMISSIBLE_COST,NEEDS_WAREHOUSE_BINDING_R3
NH2-ALTERNATIVE-OUT_OF_ORDER-R013,dev,23,NH2-ALTERNATIVE-OUT_OF_ORDER-R013-Q23-INAD_1,INADMISSIBLE,SAT_FALSE,NH2-ALTERNATIVE-OUT_OF_ORDER-R013_inad_1,REJECT_INADMISSIBLE,EXECUTE_ONLY_IF_R3_MEASURES_INADMISSIBLE_COST,NEEDS_WAREHOUSE_BINDING_R3
NH2-ALTERNATIVE-OUT_OF_ORDER-R014,dev,22,NH2-ALTERNATIVE-OUT_OF_ORDER-R014-Q22-INAD_0,INADMISSIBLE,SAT_FALSE,NH2-ALTERNATIVE-OUT_OF_ORDER-R014_inad_0,REJECT_INADMISSIBLE,EXECUTE_ONLY_IF_R3_MEASURES_INADMISSIBLE_COST,NEEDS_WAREHOUSE_BINDING_R3
NH2-ALTERNATIVE-OUT_OF_ORDER-R014,dev,23,NH2-ALTERNATIVE-OUT_OF_ORDER-R014-Q23-INAD_1,INADMISSIBLE,SAT_FALSE,NH2-ALTERNATIVE-OUT_OF_ORDER-R014_inad_1,REJECT_INADMISSIBLE,EXECUTE_ONLY_IF_R3_MEASURES_INADMISSIBLE_COST,NEEDS_WAREHOUSE_BINDING_R3
NH2-ALTERNATIVE-OUT_OF_ORDER-R015,dev,22,NH2-ALTERNATIVE-OUT_OF_ORDER-R015-Q22-INAD_0,INADMISSIBLE,SAT_FALSE,NH2-ALTERNATIVE-OUT_OF_ORDER-R015_inad_0,REJECT_INADMISSIBLE,EXECUTE_ONLY_IF_R3_MEASURES_INADMISSIBLE_COST,NEEDS_WAREHOUSE_BINDING_R3
NH2-ALTERNATIVE-OUT_OF_ORDER-R015,dev,23,NH2-ALTERNATIVE-OUT_OF_ORDER-R015-Q23-INAD_1,INADMISSIBLE,SAT_FALSE,NH2-ALTERNATIVE-OUT_OF_ORDER-R015_inad_1,REJECT_INADMISSIBLE,EXECUTE_ONLY_IF_R3_MEASURES_INADMISSIBLE_COST,NEEDS_WAREHOUSE_BINDING_R3
NH2-ALTERNATIVE-OUT_OF_ORDER-R016,dev,22,NH2-ALTERNATIVE-OUT_OF_ORDER-R016-Q22-INAD_0,INADMISSIBLE,SAT_FALSE,NH2-ALTERNATIVE-OUT_OF_ORDER-R016_inad_0,REJECT_INADMISSIBLE,EXECUTE_ONLY_IF_R3_MEASURES_INADMISSIBLE_COST,NEEDS_WAREHOUSE_BINDING_R3
NH2-ALTERNATIVE-OUT_OF_ORDER-R016,dev,23,NH2-ALTERNATIVE-OUT_OF_ORDER-R016-Q23-INAD_1,INADMISSIBLE,SAT_FALSE,NH2-ALTERNATIVE-OUT_OF_ORDER-R016_inad_1,REJECT_INADMISSIBLE,EXECUTE_ONLY_IF_R3_MEASURES_INADMISSIBLE_COST,NEEDS_WAREHOUSE_BINDING_R3
NH2-ALTERNATIVE-OUT_OF_ORDER-R017,dev,22,NH2-ALTERNATIVE-OUT_OF_ORDER-R017-Q22-INAD_0,INADMISSIBLE,SAT_FALSE,NH2-ALTERNATIVE-OUT_OF_ORDER-R017_inad_0,REJECT_INADMISSIBLE,EXECUTE_ONLY_IF_R3_MEASURES_INADMISSIBLE_COST,NEEDS_WAREHOUSE_BINDING_R3
NH2-ALTERNATIVE-OUT_OF_ORDER-R017,dev,23,NH2-ALTERNATIVE-OUT_OF_ORDER-R017-Q23-INAD_1,INADMISSIBLE,SAT_FALSE,NH2-ALTERNATIVE-OUT_OF_ORDER-R017_inad_1,REJECT_INADMISSIBLE,EXECUTE_ONLY_IF_R3_MEASURES_INADMISSIBLE_COST,NEEDS_WAREHOUSE_BINDING_R3
NH2-ALTERNATIVE-OUT_OF_ORDER-R018,dev,22,NH2-ALTERNATIVE-OUT_OF_ORDER-R018-Q22-INAD_0,INADMISSIBLE,SAT_FALSE,NH2-ALTERNATIVE-OUT_OF_ORDER-R018_inad_0,REJECT_INADMISSIBLE,EXECUTE_ONLY_IF_R3_MEASURES_INADMISSIBLE_COST,NEEDS_WAREHOUSE_BINDING_R3
NH2-ALTERNATIVE-OUT_OF_ORDER-R018,dev,23,NH2-ALTERNATIVE-OUT_OF_ORDER-R018-Q23-INAD_1,INADMISSIBLE,SAT_FALSE,NH2-ALTERNATIVE-OUT_OF_ORDER-R018_inad_1,REJECT_INADMISSIBLE,EXECUTE_ONLY_IF_R3_MEASURES_INADMISSIBLE_COST,NEEDS_WAREHOUSE_BINDING_R3
NH2-ALTERNATIVE-OUT_OF_ORDER-R019,dev,22,NH2-ALTERNATIVE-OUT_OF_ORDER-R019-Q22-INAD_0,INADMISSIBLE,SAT_FALSE,NH2-ALTERNATIVE-OUT_OF_ORDER-R019_inad_0,REJECT_INADMISSIBLE,EXECUTE_ONLY_IF_R3_MEASURES_INADMISSIBLE_COST,NEEDS_WAREHOUSE_BINDING_R3
NH2-ALTERNATIVE-OUT_OF_ORDER-R019,dev,23,NH2-ALTERNATIVE-OUT_OF_ORDER-R019-Q23-INAD_1,INADMISSIBLE,SAT_FALSE,NH2-ALTERNATIVE-OUT_OF_ORDER-R019_inad_1,REJECT_INADMISSIBLE,EXECUTE_ONLY_IF_R3_MEASURES_INADMISSIBLE_COST,NEEDS_WAREHOUSE_BINDING_R3
NH2-ALTERNATIVE-OUT_OF_ORDER-R020,dev,22,NH2-ALTERNATIVE-OUT_OF_ORDER-R020-Q22-INAD_0,INADMISSIBLE,SAT_FALSE,NH2-ALTERNATIVE-OUT_OF_ORDER-R020_inad_0,REJECT_INADMISSIBLE,EXECUTE_ONLY_IF_R3_MEASURES_INADMISSIBLE_COST,NEEDS_WAREHOUSE_BINDING_R3
NH2-ALTERNATIVE-OUT_OF_ORDER-R020,dev,23,NH2-ALTERNATIVE-OUT_OF_ORDER-R020-Q23-INAD_1,INADMISSIBLE,SAT_FALSE,NH2-ALTERNATIVE-OUT_OF_ORDER-R020_inad_1,REJECT_INADMISSIBLE,EXECUTE_ONLY_IF_R3_MEASURES_INADMISSIBLE_COST,NEEDS_WAREHOUSE_BINDING_R3
NH2-ALTERNATIVE-OUT_OF_ORDER-R021,dev,22,NH2-ALTERNATIVE-OUT_OF_ORDER-R021-Q22-INAD_0,INADMISSIBLE,SAT_FALSE,NH2-ALTERNATIVE-OUT_OF_ORDER-R021_inad_0,REJECT_INADMISSIBLE,EXECUTE_ONLY_IF_R3_MEASURES_INADMISSIBLE_COST,NEEDS_WAREHOUSE_BINDING_R3
NH2-ALTERNATIVE-OUT_OF_ORDER-R021,dev,23,NH2-ALTERNATIVE-OUT_OF_ORDER-R021-Q23-INAD_1,INADMISSIBLE,SAT_FALSE,NH2-ALTERNATIVE-OUT_OF_ORDER-R021_inad_1,REJECT_INADMISSIBLE,EXECUTE_ONLY_IF_R3_MEASURES_INADMISSIBLE_COST,NEEDS_WAREHOUSE_BINDING_R3
NH2-ALTERNATIVE-OUT_OF_ORDER-R022,dev,22,NH2-ALTERNATIVE-OUT_OF_ORDER-R022-Q22-INAD_0,INADMISSIBLE,SAT_FALSE,NH2-ALTERNATIVE-OUT_OF_ORDER-R022_inad_0,REJECT_INADMISSIBLE,EXECUTE_ONLY_IF_R3_MEASURES_INADMISSIBLE_COST,NEEDS_WAREHOUSE_BINDING_R3
NH2-ALTERNATIVE-OUT_OF_ORDER-R022,dev,23,NH2-ALTERNATIVE-OUT_OF_ORDER-R022-Q23-INAD_1,INADMISSIBLE,SAT_FALSE,NH2-ALTERNATIVE-OUT_OF_ORDER-R022_inad_1,REJECT_INADMISSIBLE,EXECUTE_ONLY_IF_R3_MEASURES_INADMISSIBLE_COST,NEEDS_WAREHOUSE_BINDING_R3
NH2-ALTERNATIVE-OUT_OF_ORDER-R023,dev,22,NH2-ALTERNATIVE-OUT_OF_ORDER-R023-Q22-INAD_0,INADMISSIBLE,SAT_FALSE,NH2-ALTERNATIVE-OUT_OF_ORDER-R023_inad_0,REJECT_INADMISSIBLE,EXECUTE_ONLY_IF_R3_MEASURES_INADMISSIBLE_COST,NEEDS_WAREHOUSE_BINDING_R3
NH2-ALTERNATIVE-OUT_OF_ORDER-R023,dev,23,NH2-ALTERNATIVE-OUT_OF_ORDER-R023-Q23-INAD_1,INADMISSIBLE,SAT_FALSE,NH2-ALTERNATIVE-OUT_OF_ORDER-R023_inad_1,REJECT_INADMISSIBLE,EXECUTE_ONLY_IF_R3_MEASURES_INADMISSIBLE_COST,NEEDS_WAREHOUSE_BINDING_R3
NH2-ALTERNATIVE-OUT_OF_ORDER-R024,dev,22,NH2-ALTERNATIVE-OUT_OF_ORDER-R024-Q22-INAD_0,INADMISSIBLE,SAT_FALSE,NH2-ALTERNATIVE-OUT_OF_ORDER-R024_inad_0,REJECT_INADMISSIBLE,EXECUTE_ONLY_IF_R3_MEASURES_INADMISSIBLE_COST,NEEDS_WAREHOUSE_BINDING_R3
NH2-ALTERNATIVE-OUT_OF_ORDER-R024,dev,23,NH2-ALTERNATIVE-OUT_OF_ORDER-R024-Q23-INAD_1,INADMISSIBLE,SAT_FALSE,NH2-ALTERNATIVE-OUT_OF_ORDER-R024_inad_1,REJECT_INADMISSIBLE,EXECUTE_ONLY_IF_R3_MEASURES_INADMISSIBLE_COST,NEEDS_WAREHOUSE_BINDING_R3
NH2-ALTERNATIVE-OUT_OF_ORDER-R025,dev,22,NH2-ALTERNATIVE-OUT_OF_ORDER-R025-Q22-INAD_0,INADMISSIBLE,SAT_FALSE,NH2-ALTERNATIVE-OUT_OF_ORDER-R025_inad_0,REJECT_INADMISSIBLE,EXECUTE_ONLY_IF_R3_MEASURES_INADMISSIBLE_COST,NEEDS_WAREHOUSE_BINDING_R3
NH2-ALTERNATIVE-OUT_OF_ORDER-R025,dev,23,NH2-ALTERNATIVE-OUT_OF_ORDER-R025-Q23-INAD_1,INADMISSIBLE,SAT_FALSE,NH2-ALTERNATIVE-OUT_OF_ORDER-R025_inad_1,REJECT_INADMISSIBLE,EXECUTE_ONLY_IF_R3_MEASURES_INADMISSIBLE_COST,NEEDS_WAREHOUSE_BINDING_R3
NH2-ALTERNATIVE-OUT_OF_ORDER-R026,dev,22,NH2-ALTERNATIVE-OUT_OF_ORDER-R026-Q22-INAD_0,INADMISSIBLE,SAT_FALSE,NH2-ALTERNATIVE-OUT_OF_ORDER-R026_inad_0,REJECT_INADMISSIBLE,EXECUTE_ONLY_IF_R3_MEASURES_INADMISSIBLE_COST,NEEDS_WAREHOUSE_BINDING_R3
NH2-ALTERNATIVE-OUT_OF_ORDER-R026,dev,23,NH2-ALTERNATIVE-OUT_OF_ORDER-R026-Q23-INAD_1,INADMISSIBLE,SAT_FALSE,NH2-ALTERNATIVE-OUT_OF_ORDER-R026_inad_1,REJECT_INADMISSIBLE,EXECUTE_ONLY_IF_R3_MEASURES_INADMISSIBLE_COST,NEEDS_WAREHOUSE_BINDING_R3
NH2-ALTERNATIVE-OUT_OF_ORDER-R027,dev,22,NH2-ALTERNATIVE-OUT_OF_ORDER-R027-Q22-INAD_0,INADMISSIBLE,SAT_FALSE,NH2-ALTERNATIVE-OUT_OF_ORDER-R027_inad_0,REJECT_INADMISSIBLE,EXECUTE_ONLY_IF_R3_MEASURES_INADMISSIBLE_COST,NEEDS_WAREHOUSE_BINDING_R3
NH2-ALTERNATIVE-OUT_OF_ORDER-R027,dev,23,NH2-ALTERNATIVE-OUT_OF_ORDER-R027-Q23-INAD_1,INADMISSIBLE,SAT_FALSE,NH2-ALTERNATIVE-OUT_OF_ORDER-R027_inad_1,REJECT_INADMISSIBLE,EXECUTE_ONLY_IF_R3_MEASURES_INADMISSIBLE_COST,NEEDS_WAREHOUSE_BINDING_R3
NH2-ALTERNATIVE-OUT_OF_ORDER-R028,dev,22,NH2-ALTERNATIVE-OUT_OF_ORDER-R028-Q22-INAD_0,INADMISSIBLE,SAT_FALSE,NH2-ALTERNATIVE-OUT_OF_ORDER-R028_inad_0,REJECT_INADMISSIBLE,EXECUTE_ONLY_IF_R3_MEASURES_INADMISSIBLE_COST,NEEDS_WAREHOUSE_BINDING_R3
NH2-ALTERNATIVE-OUT_OF_ORDER-R028,dev,23,NH2-ALTERNATIVE-OUT_OF_ORDER-R028-Q23-INAD_1,INADMISSIBLE,SAT_FALSE,NH2-ALTERNATIVE-OUT_OF_ORDER-R028_inad_1,REJECT_INADMISSIBLE,EXECUTE_ONLY_IF_R3_MEASURES_INADMISSIBLE_COST,NEEDS_WAREHOUSE_BINDING_R3
NH2-ALTERNATIVE-OUT_OF_ORDER-R029,dev,22,NH2-ALTERNATIVE-OUT_OF_ORDER-R029-Q22-INAD_0,INADMISSIBLE,SAT_FALSE,NH2-ALTERNATIVE-OUT_OF_ORDER-R029_inad_0,REJECT_INADMISSIBLE,EXECUTE_ONLY_IF_R3_MEASURES_INADMISSIBLE_COST,NEEDS_WAREHOUSE_BINDING_R3
NH2-ALTERNATIVE-OUT_OF_ORDER-R029,dev,23,NH2-ALTERNATIVE-OUT_OF_ORDER-R029-Q23-INAD_1,INADMISSIBLE,SAT_FALSE,NH2-ALTERNATIVE-OUT_OF_ORDER-R029_inad_1,REJECT_INADMISSIBLE,EXECUTE_ONLY_IF_R3_MEASURES_INADMISSIBLE_COST,NEEDS_WAREHOUSE_BINDING_R3
NH2-ALTERNATIVE-OUT_OF_ORDER-R030,dev,22,NH2-ALTERNATIVE-OUT_OF_ORDER-R030-Q22-INAD_0,INADMISSIBLE,SAT_FALSE,NH2-ALTERNATIVE-OUT_OF_ORDER-R030_inad_0,REJECT_INADMISSIBLE,EXECUTE_ONLY_IF_R3_MEASURES_INADMISSIBLE_COST,NEEDS_WAREHOUSE_BINDING_R3
NH2-ALTERNATIVE-OUT_OF_ORDER-R030,dev,23,NH2-ALTERNATIVE-OUT_OF_ORDER-R030-Q23-INAD_1,INADMISSIBLE,SAT_FALSE,NH2-ALTERNATIVE-OUT_OF_ORDER-R030_inad_1,REJECT_INADMISSIBLE,EXECUTE_ONLY_IF_R3_MEASURES_INADMISSIBLE_COST,NEEDS_WAREHOUSE_BINDING_R3
NH2-ALTERNATIVE-OUT_OF_ORDER-R031,val,22,NH2-ALTERNATIVE-OUT_OF_ORDER-R031-Q22-INAD_0,INADMISSIBLE,SAT_FALSE,NH2-ALTERNATIVE-OUT_OF_ORDER-R031_inad_0,REJECT_INADMISSIBLE,EXECUTE_ONLY_IF_R3_MEASURES_INADMISSIBLE_COST,NEEDS_WAREHOUSE_BINDING_R3
NH2-ALTERNATIVE-OUT_OF_ORDER-R031,val,23,NH2-ALTERNATIVE-OUT_OF_ORDER-R031-Q23-INAD_1,INADMISSIBLE,SAT_FALSE,NH2-ALTERNATIVE-OUT_OF_ORDER-R031_inad_1,REJECT_INADMISSIBLE,EXECUTE_ONLY_IF_R3_MEASURES_INADMISSIBLE_COST,NEEDS_WAREHOUSE_BINDING_R3
NH2-ALTERNATIVE-OUT_OF_ORDER-R032,val,22,NH2-ALTERNATIVE-OUT_OF_ORDER-R032-Q22-INAD_0,INADMISSIBLE,SAT_FALSE,NH2-ALTERNATIVE-OUT_OF_ORDER-R032_inad_0,REJECT_INADMISSIBLE,EXECUTE_ONLY_IF_R3_MEASURES_INADMISSIBLE_COST,NEEDS_WAREHOUSE_BINDING_R3
NH2-ALTERNATIVE-OUT_OF_ORDER-R032,val,23,NH2-ALTERNATIVE-OUT_OF_ORDER-R032-Q23-INAD_1,INADMISSIBLE,SAT_FALSE,NH2-ALTERNATIVE-OUT_OF_ORDER-R032_inad_1,REJECT_INADMISSIBLE,EXECUTE_ONLY_IF_R3_MEASURES_INADMISSIBLE_COST,NEEDS_WAREHOUSE_BINDING_R3
NH2-ALTERNATIVE-OUT_OF_ORDER-R033,val,22,NH2-ALTERNATIVE-OUT_OF_ORDER-R033-Q22-INAD_0,INADMISSIBLE,SAT_FALSE,NH2-ALTERNATIVE-OUT_OF_ORDER-R033_inad_0,REJECT_INADMISSIBLE,EXECUTE_ONLY_IF_R3_MEASURES_INADMISSIBLE_COST,NEEDS_WAREHOUSE_BINDING_R3
NH2-ALTERNATIVE-OUT_OF_ORDER-R033,val,23,NH2-ALTERNATIVE-OUT_OF_ORDER-R033-Q23-INAD_1,INADMISSIBLE,SAT_FALSE,NH2-ALTERNATIVE-OUT_OF_ORDER-R033_inad_1,REJECT_INADMISSIBLE,EXECUTE_ONLY_IF_R3_MEASURES_INADMISSIBLE_COST,NEEDS_WAREHOUSE_BINDING_R3
NH2-ALTERNATIVE-OUT_OF_ORDER-R034,val,22,NH2-ALTERNATIVE-OUT_OF_ORDER-R034-Q22-INAD_0,INADMISSIBLE,SAT_FALSE,NH2-ALTERNATIVE-OUT_OF_ORDER-R034_inad_0,REJECT_INADMISSIBLE,EXECUTE_ONLY_IF_R3_MEASURES_INADMISSIBLE_COST,NEEDS_WAREHOUSE_BINDING_R3
NH2-ALTERNATIVE-OUT_OF_ORDER-R034,val,23,NH2-ALTERNATIVE-OUT_OF_ORDER-R034-Q23-INAD_1,INADMISSIBLE,SAT_FALSE,NH2-ALTERNATIVE-OUT_OF_ORDER-R034_inad_1,REJECT_INADMISSIBLE,EXECUTE_ONLY_IF_R3_MEASURES_INADMISSIBLE_COST,NEEDS_WAREHOUSE_BINDING_R3
NH2-ALTERNATIVE-OUT_OF_ORDER-R035,val,22,NH2-ALTERNATIVE-OUT_OF_ORDER-R035-Q22-INAD_0,INADMISSIBLE,SAT_FALSE,NH2-ALTERNATIVE-OUT_OF_ORDER-R035_inad_0,REJECT_INADMISSIBLE,EXECUTE_ONLY_IF_R3_MEASURES_INADMISSIBLE_COST,NEEDS_WAREHOUSE_BINDING_R3
NH2-ALTERNATIVE-OUT_OF_ORDER-R035,val,23,NH2-ALTERNATIVE-OUT_OF_ORDER-R035-Q23-INAD_1,INADMISSIBLE,SAT_FALSE,NH2-ALTERNATIVE-OUT_OF_ORDER-R035_inad_1,REJECT_INADMISSIBLE,EXECUTE_ONLY_IF_R3_MEASURES_INADMISSIBLE_COST,NEEDS_WAREHOUSE_BINDING_R3
NH2-ALTERNATIVE-OUT_OF_ORDER-R036,val,22,NH2-ALTERNATIVE-OUT_OF_ORDER-R036-Q22-INAD_0,INADMISSIBLE,SAT_FALSE,NH2-ALTERNATIVE-OUT_OF_ORDER-R036_inad_0,REJECT_INADMISSIBLE,EXECUTE_ONLY_IF_R3_MEASURES_INADMISSIBLE_COST,NEEDS_WAREHOUSE_BINDING_R3
NH2-ALTERNATIVE-OUT_OF_ORDER-R036,val,23,NH2-ALTERNATIVE-OUT_OF_ORDER-R036-Q23-INAD_1,INADMISSIBLE,SAT_FALSE,NH2-ALTERNATIVE-OUT_OF_ORDER-R036_inad_1,REJECT_INADMISSIBLE,EXECUTE_ONLY_IF_R3_MEASURES_INADMISSIBLE_COST,NEEDS_WAREHOUSE_BINDING_R3
NH2-ALTERNATIVE-OUT_OF_ORDER-R037,val,22,NH2-ALTERNATIVE-OUT_OF_ORDER-R037-Q22-INAD_0,INADMISSIBLE,SAT_FALSE,NH2-ALTERNATIVE-OUT_OF_ORDER-R037_inad_0,REJECT_INADMISSIBLE,EXECUTE_ONLY_IF_R3_MEASURES_INADMISSIBLE_COST,NEEDS_WAREHOUSE_BINDING_R3
NH2-ALTERNATIVE-OUT_OF_ORDER-R037,val,23,NH2-ALTERNATIVE-OUT_OF_ORDER-R037-Q23-INAD_1,INADMISSIBLE,SAT_FALSE,NH2-ALTERNATIVE-OUT_OF_ORDER-R037_inad_1,REJECT_INADMISSIBLE,EXECUTE_ONLY_IF_R3_MEASURES_INADMISSIBLE_COST,NEEDS_WAREHOUSE_BINDING_R3
NH2-ALTERNATIVE-OUT_OF_ORDER-R038,val,22,NH2-ALTERNATIVE-OUT_OF_ORDER-R038-Q22-INAD_0,INADMISSIBLE,SAT_FALSE,NH2-ALTERNATIVE-OUT_OF_ORDER-R038_inad_0,REJECT_INADMISSIBLE,EXECUTE_ONLY_IF_R3_MEASURES_INADMISSIBLE_COST,NEEDS_WAREHOUSE_BINDING_R3
NH2-ALTERNATIVE-OUT_OF_ORDER-R038,val,23,NH2-ALTERNATIVE-OUT_OF_ORDER-R038-Q23-INAD_1,INADMISSIBLE,SAT_FALSE,NH2-ALTERNATIVE-OUT_OF_ORDER-R038_inad_1,REJECT_INADMISSIBLE,EXECUTE_ONLY_IF_R3_MEASURES_INADMISSIBLE_COST,NEEDS_WAREHOUSE_BINDING_R3
NH2-ALTERNATIVE-OUT_OF_ORDER-R039,val,22,NH2-ALTERNATIVE-OUT_OF_ORDER-R039-Q22-INAD_0,INADMISSIBLE,SAT_FALSE,NH2-ALTERNATIVE-OUT_OF_ORDER-R039_inad_0,REJECT_INADMISSIBLE,EXECUTE_ONLY_IF_R3_MEASURES_INADMISSIBLE_COST,NEEDS_WAREHOUSE_BINDING_R3
NH2-ALTERNATIVE-OUT_OF_ORDER-R039,val,23,NH2-ALTERNATIVE-OUT_OF_ORDER-R039-Q23-INAD_1,INADMISSIBLE,SAT_FALSE,NH2-ALTERNATIVE-OUT_OF_ORDER-R039_inad_1,REJECT_INADMISSIBLE,EXECUTE_ONLY_IF_R3_MEASURES_INADMISSIBLE_COST,NEEDS_WAREHOUSE_BINDING_R3
NH2-ALTERNATIVE-OUT_OF_ORDER-R040,val,22,NH2-ALTERNATIVE-OUT_OF_ORDER-R040-Q22-INAD_0,INADMISSIBLE,SAT_FALSE,NH2-ALTERNATIVE-OUT_OF_ORDER-R040_inad_0,REJECT_INADMISSIBLE,EXECUTE_ONLY_IF_R3_MEASURES_INADMISSIBLE_COST,NEEDS_WAREHOUSE_BINDING_R3
NH2-ALTERNATIVE-OUT_OF_ORDER-R040,val,23,NH2-ALTERNATIVE-OUT_OF_ORDER-R040-Q23-INAD_1,INADMISSIBLE,SAT_FALSE,NH2-ALTERNATIVE-OUT_OF_ORDER-R040_inad_1,REJECT_INADMISSIBLE,EXECUTE_ONLY_IF_R3_MEASURES_INADMISSIBLE_COST,NEEDS_WAREHOUSE_BINDING_R3
NH2-ALTERNATIVE-OUT_OF_ORDER-R041,val,22,NH2-ALTERNATIVE-OUT_OF_ORDER-R041-Q22-INAD_0,INADMISSIBLE,SAT_FALSE,NH2-ALTERNATIVE-OUT_OF_ORDER-R041_inad_0,REJECT_INADMISSIBLE,EXECUTE_ONLY_IF_R3_MEASURES_INADMISSIBLE_COST,NEEDS_WAREHOUSE_BINDING_R3
NH2-ALTERNATIVE-OUT_OF_ORDER-R041,val,23,NH2-ALTERNATIVE-OUT_OF_ORDER-R041-Q23-INAD_1,INADMISSIBLE,SAT_FALSE,NH2-ALTERNATIVE-OUT_OF_ORDER-R041_inad_1,REJECT_INADMISSIBLE,EXECUTE_ONLY_IF_R3_MEASURES_INADMISSIBLE_COST,NEEDS_WAREHOUSE_BINDING_R3
NH2-ALTERNATIVE-OUT_OF_ORDER-R042,val,22,NH2-ALTERNATIVE-OUT_OF_ORDER-R042-Q22-INAD_0,INADMISSIBLE,SAT_FALSE,NH2-ALTERNATIVE-OUT_OF_ORDER-R042_inad_0,REJECT_INADMISSIBLE,EXECUTE_ONLY_IF_R3_MEASURES_INADMISSIBLE_COST,NEEDS_WAREHOUSE_BINDING_R3
NH2-ALTERNATIVE-OUT_OF_ORDER-R042,val,23,NH2-ALTERNATIVE-OUT_OF_ORDER-R042-Q23-INAD_1,INADMISSIBLE,SAT_FALSE,NH2-ALTERNATIVE-OUT_OF_ORDER-R042_inad_1,REJECT_INADMISSIBLE,EXECUTE_ONLY_IF_R3_MEASURES_INADMISSIBLE_COST,NEEDS_WAREHOUSE_BINDING_R3
NH2-ALTERNATIVE-OUT_OF_ORDER-R043,val,22,NH2-ALTERNATIVE-OUT_OF_ORDER-R043-Q22-INAD_0,INADMISSIBLE,SAT_FALSE,NH2-ALTERNATIVE-OUT_OF_ORDER-R043_inad_0,REJECT_INADMISSIBLE,EXECUTE_ONLY_IF_R3_MEASURES_INADMISSIBLE_COST,NEEDS_WAREHOUSE_BINDING_R3
NH2-ALTERNATIVE-OUT_OF_ORDER-R043,val,23,NH2-ALTERNATIVE-OUT_OF_ORDER-R043-Q23-INAD_1,INADMISSIBLE,SAT_FALSE,NH2-ALTERNATIVE-OUT_OF_ORDER-R043_inad_1,REJECT_INADMISSIBLE,EXECUTE_ONLY_IF_R3_MEASURES_INADMISSIBLE_COST,NEEDS_WAREHOUSE_BINDING_R3
NH2-ALTERNATIVE-OUT_OF_ORDER-R044,val,22,NH2-ALTERNATIVE-OUT_OF_ORDER-R044-Q22-INAD_0,INADMISSIBLE,SAT_FALSE,NH2-ALTERNATIVE-OUT_OF_ORDER-R044_inad_0,REJECT_INADMISSIBLE,EXECUTE_ONLY_IF_R3_MEASURES_INADMISSIBLE_COST,NEEDS_WAREHOUSE_BINDING_R3
NH2-ALTERNATIVE-OUT_OF_ORDER-R044,val,23,NH2-ALTERNATIVE-OUT_OF_ORDER-R044-Q23-INAD_1,INADMISSIBLE,SAT_FALSE,NH2-ALTERNATIVE-OUT_OF_ORDER-R044_inad_1,REJECT_INADMISSIBLE,EXECUTE_ONLY_IF_R3_MEASURES_INADMISSIBLE_COST,NEEDS_WAREHOUSE_BINDING_R3
NH2-ALTERNATIVE-OUT_OF_ORDER-R045,val,22,NH2-ALTERNATIVE-OUT_OF_ORDER-R045-Q22-INAD_0,INADMISSIBLE,SAT_FALSE,NH2-ALTERNATIVE-OUT_OF_ORDER-R045_inad_0,REJECT_INADMISSIBLE,EXECUTE_ONLY_IF_R3_MEASURES_INADMISSIBLE_COST,NEEDS_WAREHOUSE_BINDING_R3
NH2-ALTERNATIVE-OUT_OF_ORDER-R045,val,23,NH2-ALTERNATIVE-OUT_OF_ORDER-R045-Q23-INAD_1,INADMISSIBLE,SAT_FALSE,NH2-ALTERNATIVE-OUT_OF_ORDER-R045_inad_1,REJECT_INADMISSIBLE,EXECUTE_ONLY_IF_R3_MEASURES_INADMISSIBLE_COST,NEEDS_WAREHOUSE_BINDING_R3
NH2-ALTERNATIVE-OUT_OF_ORDER-R046,test,22,NH2-ALTERNATIVE-OUT_OF_ORDER-R046-Q22-INAD_0,INADMISSIBLE,SAT_FALSE,NH2-ALTERNATIVE-OUT_OF_ORDER-R046_inad_0,REJECT_INADMISSIBLE,EXECUTE_ONLY_IF_R3_MEASURES_INADMISSIBLE_COST,NEEDS_WAREHOUSE_BINDING_R3
NH2-ALTERNATIVE-OUT_OF_ORDER-R046,test,23,NH2-ALTERNATIVE-OUT_OF_ORDER-R046-Q23-INAD_1,INADMISSIBLE,SAT_FALSE,NH2-ALTERNATIVE-OUT_OF_ORDER-R046_inad_1,REJECT_INADMISSIBLE,EXECUTE_ONLY_IF_R3_MEASURES_INADMISSIBLE_COST,NEEDS_WAREHOUSE_BINDING_R3
NH2-ALTERNATIVE-OUT_OF_ORDER-R047,test,22,NH2-ALTERNATIVE-OUT_OF_ORDER-R047-Q22-INAD_0,INADMISSIBLE,SAT_FALSE,NH2-ALTERNATIVE-OUT_OF_ORDER-R047_inad_0,REJECT_INADMISSIBLE,EXECUTE_ONLY_IF_R3_MEASURES_INADMISSIBLE_COST,NEEDS_WAREHOUSE_BINDING_R3
NH2-ALTERNATIVE-OUT_OF_ORDER-R047,test,23,NH2-ALTERNATIVE-OUT_OF_ORDER-R047-Q23-INAD_1,INADMISSIBLE,SAT_FALSE,NH2-ALTERNATIVE-OUT_OF_ORDER-R047_inad_1,REJECT_INADMISSIBLE,EXECUTE_ONLY_IF_R3_MEASURES_INADMISSIBLE_COST,NEEDS_WAREHOUSE_BINDING_R3
NH2-ALTERNATIVE-OUT_OF_ORDER-R048,test,22,NH2-ALTERNATIVE-OUT_OF_ORDER-R048-Q22-INAD_0,INADMISSIBLE,SAT_FALSE,NH2-ALTERNATIVE-OUT_OF_ORDER-R048_inad_0,REJECT_INADMISSIBLE,EXECUTE_ONLY_IF_R3_MEASURES_INADMISSIBLE_COST,NEEDS_WAREHOUSE_BINDING_R3
NH2-ALTERNATIVE-OUT_OF_ORDER-R048,test,23,NH2-ALTERNATIVE-OUT_OF_ORDER-R048-Q23-INAD_1,INADMISSIBLE,SAT_FALSE,NH2-ALTERNATIVE-OUT_OF_ORDER-R048_inad_1,REJECT_INADMISSIBLE,EXECUTE_ONLY_IF_R3_MEASURES_INADMISSIBLE_COST,NEEDS_WAREHOUSE_BINDING_R3
NH2-ALTERNATIVE-OUT_OF_ORDER-R049,test,22,NH2-ALTERNATIVE-OUT_OF_ORDER-R049-Q22-INAD_0,INADMISSIBLE,SAT_FALSE,NH2-ALTERNATIVE-OUT_OF_ORDER-R049_inad_0,REJECT_INADMISSIBLE,EXECUTE_ONLY_IF_R3_MEASURES_INADMISSIBLE_COST,NEEDS_WAREHOUSE_BINDING_R3
NH2-ALTERNATIVE-OUT_OF_ORDER-R049,test,23,NH2-ALTERNATIVE-OUT_OF_ORDER-R049-Q23-INAD_1,INADMISSIBLE,SAT_FALSE,NH2-ALTERNATIVE-OUT_OF_ORDER-R049_inad_1,REJECT_INADMISSIBLE,EXECUTE_ONLY_IF_R3_MEASURES_INADMISSIBLE_COST,NEEDS_WAREHOUSE_BINDING_R3
NH2-ALTERNATIVE-OUT_OF_ORDER-R050,test,22,NH2-ALTERNATIVE-OUT_OF_ORDER-R050-Q22-INAD_0,INADMISSIBLE,SAT_FALSE,NH2-ALTERNATIVE-OUT_OF_ORDER-R050_inad_0,REJECT_INADMISSIBLE,EXECUTE_ONLY_IF_R3_MEASURES_INADMISSIBLE_COST,NEEDS_WAREHOUSE_BINDING_R3
NH2-ALTERNATIVE-OUT_OF_ORDER-R050,test,23,NH2-ALTERNATIVE-OUT_OF_ORDER-R050-Q23-INAD_1,INADMISSIBLE,SAT_FALSE,NH2-ALTERNATIVE-OUT_OF_ORDER-R050_inad_1,REJECT_INADMISSIBLE,EXECUTE_ONLY_IF_R3_MEASURES_INADMISSIBLE_COST,NEEDS_WAREHOUSE_BINDING_R3
NH2-ALTERNATIVE-OUT_OF_ORDER-R051,test,22,NH2-ALTERNATIVE-OUT_OF_ORDER-R051-Q22-INAD_0,INADMISSIBLE,SAT_FALSE,NH2-ALTERNATIVE-OUT_OF_ORDER-R051_inad_0,REJECT_INADMISSIBLE,EXECUTE_ONLY_IF_R3_MEASURES_INADMISSIBLE_COST,NEEDS_WAREHOUSE_BINDING_R3
NH2-ALTERNATIVE-OUT_OF_ORDER-R051,test,23,NH2-ALTERNATIVE-OUT_OF_ORDER-R051-Q23-INAD_1,INADMISSIBLE,SAT_FALSE,NH2-ALTERNATIVE-OUT_OF_ORDER-R051_inad_1,REJECT_INADMISSIBLE,EXECUTE_ONLY_IF_R3_MEASURES_INADMISSIBLE_COST,NEEDS_WAREHOUSE_BINDING_R3
NH2-ALTERNATIVE-OUT_OF_ORDER-R052,test,22,NH2-ALTERNATIVE-OUT_OF_ORDER-R052-Q22-INAD_0,INADMISSIBLE,SAT_FALSE,NH2-ALTERNATIVE-OUT_OF_ORDER-R052_inad_0,REJECT_INADMISSIBLE,EXECUTE_ONLY_IF_R3_MEASURES_INADMISSIBLE_COST,NEEDS_WAREHOUSE_BINDING_R3
NH2-ALTERNATIVE-OUT_OF_ORDER-R052,test,23,NH2-ALTERNATIVE-OUT_OF_ORDER-R052-Q23-INAD_1,INADMISSIBLE,SAT_FALSE,NH2-ALTERNATIVE-OUT_OF_ORDER-R052_inad_1,REJECT_INADMISSIBLE,EXECUTE_ONLY_IF_R3_MEASURES_INADMISSIBLE_COST,NEEDS_WAREHOUSE_BINDING_R3
NH2-ALTERNATIVE-OUT_OF_ORDER-R053,test,22,NH2-ALTERNATIVE-OUT_OF_ORDER-R053-Q22-INAD_0,INADMISSIBLE,SAT_FALSE,NH2-ALTERNATIVE-OUT_OF_ORDER-R053_inad_0,REJECT_INADMISSIBLE,EXECUTE_ONLY_IF_R3_MEASURES_INADMISSIBLE_COST,NEEDS_WAREHOUSE_BINDING_R3
NH2-ALTERNATIVE-OUT_OF_ORDER-R053,test,23,NH2-ALTERNATIVE-OUT_OF_ORDER-R053-Q23-INAD_1,INADMISSIBLE,SAT_FALSE,NH2-ALTERNATIVE-OUT_OF_ORDER-R053_inad_1,REJECT_INADMISSIBLE,EXECUTE_ONLY_IF_R3_MEASURES_INADMISSIBLE_COST,NEEDS_WAREHOUSE_BINDING_R3
NH2-ALTERNATIVE-OUT_OF_ORDER-R054,test,22,NH2-ALTERNATIVE-OUT_OF_ORDER-R054-Q22-INAD_0,INADMISSIBLE,SAT_FALSE,NH2-ALTERNATIVE-OUT_OF_ORDER-R054_inad_0,REJECT_INADMISSIBLE,EXECUTE_ONLY_IF_R3_MEASURES_INADMISSIBLE_COST,NEEDS_WAREHOUSE_BINDING_R3
NH2-ALTERNATIVE-OUT_OF_ORDER-R054,test,23,NH2-ALTERNATIVE-OUT_OF_ORDER-R054-Q23-INAD_1,INADMISSIBLE,SAT_FALSE,NH2-ALTERNATIVE-OUT_OF_ORDER-R054_inad_1,REJECT_INADMISSIBLE,EXECUTE_ONLY_IF_R3_MEASURES_INADMISSIBLE_COST,NEEDS_WAREHOUSE_BINDING_R3
NH2-ALTERNATIVE-OUT_OF_ORDER-R055,test,22,NH2-ALTERNATIVE-OUT_OF_ORDER-R055-Q22-INAD_0,INADMISSIBLE,SAT_FALSE,NH2-ALTERNATIVE-OUT_OF_ORDER-R055_inad_0,REJECT_INADMISSIBLE,EXECUTE_ONLY_IF_R3_MEASURES_INADMISSIBLE_COST,NEEDS_WAREHOUSE_BINDING_R3
NH2-ALTERNATIVE-OUT_OF_ORDER-R055,test,23,NH2-ALTERNATIVE-OUT_OF_ORDER-R055-Q23-INAD_1,INADMISSIBLE,SAT_FALSE,NH2-ALTERNATIVE-OUT_OF_ORDER-R055_inad_1,REJECT_INADMISSIBLE,EXECUTE_ONLY_IF_R3_MEASURES_INADMISSIBLE_COST,NEEDS_WAREHOUSE_BINDING_R3
NH2-ALTERNATIVE-OUT_OF_ORDER-R056,test,22,NH2-ALTERNATIVE-OUT_OF_ORDER-R056-Q22-INAD_0,INADMISSIBLE,SAT_FALSE,NH2-ALTERNATIVE-OUT_OF_ORDER-R056_inad_0,REJECT_INADMISSIBLE,EXECUTE_ONLY_IF_R3_MEASURES_INADMISSIBLE_COST,NEEDS_WAREHOUSE_BINDING_R3
NH2-ALTERNATIVE-OUT_OF_ORDER-R056,test,23,NH2-ALTERNATIVE-OUT_OF_ORDER-R056-Q23-INAD_1,INADMISSIBLE,SAT_FALSE,NH2-ALTERNATIVE-OUT_OF_ORDER-R056_inad_1,REJECT_INADMISSIBLE,EXECUTE_ONLY_IF_R3_MEASURES_INADMISSIBLE_COST,NEEDS_WAREHOUSE_BINDING_R3
NH2-ALTERNATIVE-OUT_OF_ORDER-R057,test,22,NH2-ALTERNATIVE-OUT_OF_ORDER-R057-Q22-INAD_0,INADMISSIBLE,SAT_FALSE,NH2-ALTERNATIVE-OUT_OF_ORDER-R057_inad_0,REJECT_INADMISSIBLE,EXECUTE_ONLY_IF_R3_MEASURES_INADMISSIBLE_COST,NEEDS_WAREHOUSE_BINDING_R3
NH2-ALTERNATIVE-OUT_OF_ORDER-R057,test,23,NH2-ALTERNATIVE-OUT_OF_ORDER-R057-Q23-INAD_1,INADMISSIBLE,SAT_FALSE,NH2-ALTERNATIVE-OUT_OF_ORDER-R057_inad_1,REJECT_INADMISSIBLE,EXECUTE_ONLY_IF_R3_MEASURES_INADMISSIBLE_COST,NEEDS_WAREHOUSE_BINDING_R3
NH2-ALTERNATIVE-OUT_OF_ORDER-R058,test,22,NH2-ALTERNATIVE-OUT_OF_ORDER-R058-Q22-INAD_0,INADMISSIBLE,SAT_FALSE,NH2-ALTERNATIVE-OUT_OF_ORDER-R058_inad_0,REJECT_INADMISSIBLE,EXECUTE_ONLY_IF_R3_MEASURES_INADMISSIBLE_COST,NEEDS_WAREHOUSE_BINDING_R3
NH2-ALTERNATIVE-OUT_OF_ORDER-R058,test,23,NH2-ALTERNATIVE-OUT_OF_ORDER-R058-Q23-INAD_1,INADMISSIBLE,SAT_FALSE,NH2-ALTERNATIVE-OUT_OF_ORDER-R058_inad_1,REJECT_INADMISSIBLE,EXECUTE_ONLY_IF_R3_MEASURES_INADMISSIBLE_COST,NEEDS_WAREHOUSE_BINDING_R3
NH2-ALTERNATIVE-OUT_OF_ORDER-R059,test,22,NH2-ALTERNATIVE-OUT_OF_ORDER-R059-Q22-INAD_0,INADMISSIBLE,SAT_FALSE,NH2-ALTERNATIVE-OUT_OF_ORDER-R059_inad_0,REJECT_INADMISSIBLE,EXECUTE_ONLY_IF_R3_MEASURES_INADMISSIBLE_COST,NEEDS_WAREHOUSE_BINDING_R3
NH2-ALTERNATIVE-OUT_OF_ORDER-R059,test,23,NH2-ALTERNATIVE-OUT_OF_ORDER-R059-Q23-INAD_1,INADMISSIBLE,SAT_FALSE,NH2-ALTERNATIVE-OUT_OF_ORDER-R059_inad_1,REJECT_INADMISSIBLE,EXECUTE_ONLY_IF_R3_MEASURES_INADMISSIBLE_COST,NEEDS_WAREHOUSE_BINDING_R3
NH2-ALTERNATIVE-OUT_OF_ORDER-R060,test,22,NH2-ALTERNATIVE-OUT_OF_ORDER-R060-Q22-INAD_0,INADMISSIBLE,SAT_FALSE,NH2-ALTERNATIVE-OUT_OF_ORDER-R060_inad_0,REJECT_INADMISSIBLE,EXECUTE_ONLY_IF_R3_MEASURES_INADMISSIBLE_COST,NEEDS_WAREHOUSE_BINDING_R3
NH2-ALTERNATIVE-OUT_OF_ORDER-R060,test,23,NH2-ALTERNATIVE-OUT_OF_ORDER-R060-Q23-INAD_1,INADMISSIBLE,SAT_FALSE,NH2-ALTERNATIVE-OUT_OF_ORDER-R060_inad_1,REJECT_INADMISSIBLE,EXECUTE_ONLY_IF_R3_MEASURES_INADMISSIBLE_COST,NEEDS_WAREHOUSE_BINDING_R3
NH2-ALTERNATIVE-OVERLAP-R001,dev,17,NH2-ALTERNATIVE-OVERLAP-R001-Q17-INAD_1,INADMISSIBLE,SAT_FALSE,NH2-ALTERNATIVE-OVERLAP-R001_inad_1,REJECT_INADMISSIBLE,EXECUTE_ONLY_IF_R3_MEASURES_INADMISSIBLE_COST,NEEDS_WAREHOUSE_BINDING_R3
NH2-ALTERNATIVE-OVERLAP-R001,dev,19,NH2-ALTERNATIVE-OVERLAP-R001-Q19-INAD_0,INADMISSIBLE,SAT_FALSE,NH2-ALTERNATIVE-OVERLAP-R001_inad_0,REJECT_INADMISSIBLE,EXECUTE_ONLY_IF_R3_MEASURES_INADMISSIBLE_COST,NEEDS_WAREHOUSE_BINDING_R3
NH2-ALTERNATIVE-OVERLAP-R002,dev,3,NH2-ALTERNATIVE-OVERLAP-R002-Q03-INAD_0,INADMISSIBLE,SAT_FALSE,NH2-ALTERNATIVE-OVERLAP-R002_inad_0,REJECT_INADMISSIBLE,EXECUTE_ONLY_IF_R3_MEASURES_INADMISSIBLE_COST,NEEDS_WAREHOUSE_BINDING_R3
NH2-ALTERNATIVE-OVERLAP-R002,dev,14,NH2-ALTERNATIVE-OVERLAP-R002-Q14-INAD_1,INADMISSIBLE,SAT_FALSE,NH2-ALTERNATIVE-OVERLAP-R002_inad_1,REJECT_INADMISSIBLE,EXECUTE_ONLY_IF_R3_MEASURES_INADMISSIBLE_COST,NEEDS_WAREHOUSE_BINDING_R3
NH2-ALTERNATIVE-OVERLAP-R003,dev,4,NH2-ALTERNATIVE-OVERLAP-R003-Q04-INAD_1,INADMISSIBLE,SAT_FALSE,NH2-ALTERNATIVE-OVERLAP-R003_inad_1,REJECT_INADMISSIBLE,EXECUTE_ONLY_IF_R3_MEASURES_INADMISSIBLE_COST,NEEDS_WAREHOUSE_BINDING_R3
NH2-ALTERNATIVE-OVERLAP-R003,dev,24,NH2-ALTERNATIVE-OVERLAP-R003-Q24-INAD_0,INADMISSIBLE,SAT_FALSE,NH2-ALTERNATIVE-OVERLAP-R003_inad_0,REJECT_INADMISSIBLE,EXECUTE_ONLY_IF_R3_MEASURES_INADMISSIBLE_COST,NEEDS_WAREHOUSE_BINDING_R3
NH2-ALTERNATIVE-OVERLAP-R004,dev,4,NH2-ALTERNATIVE-OVERLAP-R004-Q04-INAD_0,INADMISSIBLE,SAT_FALSE,NH2-ALTERNATIVE-OVERLAP-R004_inad_0,REJECT_INADMISSIBLE,EXECUTE_ONLY_IF_R3_MEASURES_INADMISSIBLE_COST,NEEDS_WAREHOUSE_BINDING_R3
NH2-ALTERNATIVE-OVERLAP-R004,dev,17,NH2-ALTERNATIVE-OVERLAP-R004-Q17-INAD_1,INADMISSIBLE,SAT_FALSE,NH2-ALTERNATIVE-OVERLAP-R004_inad_1,REJECT_INADMISSIBLE,EXECUTE_ONLY_IF_R3_MEASURES_INADMISSIBLE_COST,NEEDS_WAREHOUSE_BINDING_R3
NH2-ALTERNATIVE-OVERLAP-R005,dev,5,NH2-ALTERNATIVE-OVERLAP-R005-Q05-INAD_0,INADMISSIBLE,SAT_FALSE,NH2-ALTERNATIVE-OVERLAP-R005_inad_0,REJECT_INADMISSIBLE,EXECUTE_ONLY_IF_R3_MEASURES_INADMISSIBLE_COST,NEEDS_WAREHOUSE_BINDING_R3
NH2-ALTERNATIVE-OVERLAP-R005,dev,10,NH2-ALTERNATIVE-OVERLAP-R005-Q10-INAD_1,INADMISSIBLE,SAT_FALSE,NH2-ALTERNATIVE-OVERLAP-R005_inad_1,REJECT_INADMISSIBLE,EXECUTE_ONLY_IF_R3_MEASURES_INADMISSIBLE_COST,NEEDS_WAREHOUSE_BINDING_R3
NH2-ALTERNATIVE-OVERLAP-R006,dev,5,NH2-ALTERNATIVE-OVERLAP-R006-Q05-INAD_0,INADMISSIBLE,SAT_FALSE,NH2-ALTERNATIVE-OVERLAP-R006_inad_0,REJECT_INADMISSIBLE,EXECUTE_ONLY_IF_R3_MEASURES_INADMISSIBLE_COST,NEEDS_WAREHOUSE_BINDING_R3
NH2-ALTERNATIVE-OVERLAP-R006,dev,20,NH2-ALTERNATIVE-OVERLAP-R006-Q20-INAD_1,INADMISSIBLE,SAT_FALSE,NH2-ALTERNATIVE-OVERLAP-R006_inad_1,REJECT_INADMISSIBLE,EXECUTE_ONLY_IF_R3_MEASURES_INADMISSIBLE_COST,NEEDS_WAREHOUSE_BINDING_R3
NH2-ALTERNATIVE-OVERLAP-R007,dev,2,NH2-ALTERNATIVE-OVERLAP-R007-Q02-INAD_1,INADMISSIBLE,SAT_FALSE,NH2-ALTERNATIVE-OVERLAP-R007_inad_1,REJECT_INADMISSIBLE,EXECUTE_ONLY_IF_R3_MEASURES_INADMISSIBLE_COST,NEEDS_WAREHOUSE_BINDING_R3
NH2-ALTERNATIVE-OVERLAP-R007,dev,20,NH2-ALTERNATIVE-OVERLAP-R007-Q20-INAD_0,INADMISSIBLE,SAT_FALSE,NH2-ALTERNATIVE-OVERLAP-R007_inad_0,REJECT_INADMISSIBLE,EXECUTE_ONLY_IF_R3_MEASURES_INADMISSIBLE_COST,NEEDS_WAREHOUSE_BINDING_R3
NH2-ALTERNATIVE-OVERLAP-R008,dev,14,NH2-ALTERNATIVE-OVERLAP-R008-Q14-INAD_0,INADMISSIBLE,SAT_FALSE,NH2-ALTERNATIVE-OVERLAP-R008_inad_0,REJECT_INADMISSIBLE,EXECUTE_ONLY_IF_R3_MEASURES_INADMISSIBLE_COST,NEEDS_WAREHOUSE_BINDING_R3
NH2-ALTERNATIVE-OVERLAP-R008,dev,19,NH2-ALTERNATIVE-OVERLAP-R008-Q19-INAD_1,INADMISSIBLE,SAT_FALSE,NH2-ALTERNATIVE-OVERLAP-R008_inad_1,REJECT_INADMISSIBLE,EXECUTE_ONLY_IF_R3_MEASURES_INADMISSIBLE_COST,NEEDS_WAREHOUSE_BINDING_R3
NH2-ALTERNATIVE-OVERLAP-R009,dev,5,NH2-ALTERNATIVE-OVERLAP-R009-Q05-INAD_1,INADMISSIBLE,SAT_FALSE,NH2-ALTERNATIVE-OVERLAP-R009_inad_1,REJECT_INADMISSIBLE,EXECUTE_ONLY_IF_R3_MEASURES_INADMISSIBLE_COST,NEEDS_WAREHOUSE_BINDING_R3
NH2-ALTERNATIVE-OVERLAP-R009,dev,20,NH2-ALTERNATIVE-OVERLAP-R009-Q20-INAD_0,INADMISSIBLE,SAT_FALSE,NH2-ALTERNATIVE-OVERLAP-R009_inad_0,REJECT_INADMISSIBLE,EXECUTE_ONLY_IF_R3_MEASURES_INADMISSIBLE_COST,NEEDS_WAREHOUSE_BINDING_R3
NH2-ALTERNATIVE-OVERLAP-R010,dev,6,NH2-ALTERNATIVE-OVERLAP-R010-Q06-INAD_0,INADMISSIBLE,SAT_FALSE,NH2-ALTERNATIVE-OVERLAP-R010_inad_0,REJECT_INADMISSIBLE,EXECUTE_ONLY_IF_R3_MEASURES_INADMISSIBLE_COST,NEEDS_WAREHOUSE_BINDING_R3
NH2-ALTERNATIVE-OVERLAP-R010,dev,23,NH2-ALTERNATIVE-OVERLAP-R010-Q23-INAD_1,INADMISSIBLE,SAT_FALSE,NH2-ALTERNATIVE-OVERLAP-R010_inad_1,REJECT_INADMISSIBLE,EXECUTE_ONLY_IF_R3_MEASURES_INADMISSIBLE_COST,NEEDS_WAREHOUSE_BINDING_R3
NH2-ALTERNATIVE-OVERLAP-R011,dev,11,NH2-ALTERNATIVE-OVERLAP-R011-Q11-INAD_1,INADMISSIBLE,SAT_FALSE,NH2-ALTERNATIVE-OVERLAP-R011_inad_1,REJECT_INADMISSIBLE,EXECUTE_ONLY_IF_R3_MEASURES_INADMISSIBLE_COST,NEEDS_WAREHOUSE_BINDING_R3
NH2-ALTERNATIVE-OVERLAP-R011,dev,17,NH2-ALTERNATIVE-OVERLAP-R011-Q17-INAD_0,INADMISSIBLE,SAT_FALSE,NH2-ALTERNATIVE-OVERLAP-R011_inad_0,REJECT_INADMISSIBLE,EXECUTE_ONLY_IF_R3_MEASURES_INADMISSIBLE_COST,NEEDS_WAREHOUSE_BINDING_R3
NH2-ALTERNATIVE-OVERLAP-R012,dev,14,NH2-ALTERNATIVE-OVERLAP-R012-Q14-INAD_1,INADMISSIBLE,SAT_FALSE,NH2-ALTERNATIVE-OVERLAP-R012_inad_1,REJECT_INADMISSIBLE,EXECUTE_ONLY_IF_R3_MEASURES_INADMISSIBLE_COST,NEEDS_WAREHOUSE_BINDING_R3
NH2-ALTERNATIVE-OVERLAP-R012,dev,19,NH2-ALTERNATIVE-OVERLAP-R012-Q19-INAD_0,INADMISSIBLE,SAT_FALSE,NH2-ALTERNATIVE-OVERLAP-R012_inad_0,REJECT_INADMISSIBLE,EXECUTE_ONLY_IF_R3_MEASURES_INADMISSIBLE_COST,NEEDS_WAREHOUSE_BINDING_R3
NH2-ALTERNATIVE-OVERLAP-R013,dev,1,NH2-ALTERNATIVE-OVERLAP-R013-Q01-INAD_0,INADMISSIBLE,SAT_FALSE,NH2-ALTERNATIVE-OVERLAP-R013_inad_0,REJECT_INADMISSIBLE,EXECUTE_ONLY_IF_R3_MEASURES_INADMISSIBLE_COST,NEEDS_WAREHOUSE_BINDING_R3
NH2-ALTERNATIVE-OVERLAP-R013,dev,24,NH2-ALTERNATIVE-OVERLAP-R013-Q24-INAD_1,INADMISSIBLE,SAT_FALSE,NH2-ALTERNATIVE-OVERLAP-R013_inad_1,REJECT_INADMISSIBLE,EXECUTE_ONLY_IF_R3_MEASURES_INADMISSIBLE_COST,NEEDS_WAREHOUSE_BINDING_R3
NH2-ALTERNATIVE-OVERLAP-R014,dev,6,NH2-ALTERNATIVE-OVERLAP-R014-Q06-INAD_1,INADMISSIBLE,SAT_FALSE,NH2-ALTERNATIVE-OVERLAP-R014_inad_1,REJECT_INADMISSIBLE,EXECUTE_ONLY_IF_R3_MEASURES_INADMISSIBLE_COST,NEEDS_WAREHOUSE_BINDING_R3
NH2-ALTERNATIVE-OVERLAP-R014,dev,19,NH2-ALTERNATIVE-OVERLAP-R014-Q19-INAD_0,INADMISSIBLE,SAT_FALSE,NH2-ALTERNATIVE-OVERLAP-R014_inad_0,REJECT_INADMISSIBLE,EXECUTE_ONLY_IF_R3_MEASURES_INADMISSIBLE_COST,NEEDS_WAREHOUSE_BINDING_R3
NH2-ALTERNATIVE-OVERLAP-R015,dev,2,NH2-ALTERNATIVE-OVERLAP-R015-Q02-INAD_0,INADMISSIBLE,SAT_FALSE,NH2-ALTERNATIVE-OVERLAP-R015_inad_0,REJECT_INADMISSIBLE,EXECUTE_ONLY_IF_R3_MEASURES_INADMISSIBLE_COST,NEEDS_WAREHOUSE_BINDING_R3
NH2-ALTERNATIVE-OVERLAP-R015,dev,4,NH2-ALTERNATIVE-OVERLAP-R015-Q04-INAD_1,INADMISSIBLE,SAT_FALSE,NH2-ALTERNATIVE-OVERLAP-R015_inad_1,REJECT_INADMISSIBLE,EXECUTE_ONLY_IF_R3_MEASURES_INADMISSIBLE_COST,NEEDS_WAREHOUSE_BINDING_R3
NH2-ALTERNATIVE-OVERLAP-R016,dev,4,NH2-ALTERNATIVE-OVERLAP-R016-Q04-INAD_1,INADMISSIBLE,SAT_FALSE,NH2-ALTERNATIVE-OVERLAP-R016_inad_1,REJECT_INADMISSIBLE,EXECUTE_ONLY_IF_R3_MEASURES_INADMISSIBLE_COST,NEEDS_WAREHOUSE_BINDING_R3
NH2-ALTERNATIVE-OVERLAP-R016,dev,18,NH2-ALTERNATIVE-OVERLAP-R016-Q18-INAD_0,INADMISSIBLE,SAT_FALSE,NH2-ALTERNATIVE-OVERLAP-R016_inad_0,REJECT_INADMISSIBLE,EXECUTE_ONLY_IF_R3_MEASURES_INADMISSIBLE_COST,NEEDS_WAREHOUSE_BINDING_R3
NH2-ALTERNATIVE-OVERLAP-R017,dev,4,NH2-ALTERNATIVE-OVERLAP-R017-Q04-INAD_1,INADMISSIBLE,SAT_FALSE,NH2-ALTERNATIVE-OVERLAP-R017_inad_1,REJECT_INADMISSIBLE,EXECUTE_ONLY_IF_R3_MEASURES_INADMISSIBLE_COST,NEEDS_WAREHOUSE_BINDING_R3
NH2-ALTERNATIVE-OVERLAP-R017,dev,24,NH2-ALTERNATIVE-OVERLAP-R017-Q24-INAD_0,INADMISSIBLE,SAT_FALSE,NH2-ALTERNATIVE-OVERLAP-R017_inad_0,REJECT_INADMISSIBLE,EXECUTE_ONLY_IF_R3_MEASURES_INADMISSIBLE_COST,NEEDS_WAREHOUSE_BINDING_R3
NH2-ALTERNATIVE-OVERLAP-R018,dev,7,NH2-ALTERNATIVE-OVERLAP-R018-Q07-INAD_0,INADMISSIBLE,SAT_FALSE,NH2-ALTERNATIVE-OVERLAP-R018_inad_0,REJECT_INADMISSIBLE,EXECUTE_ONLY_IF_R3_MEASURES_INADMISSIBLE_COST,NEEDS_WAREHOUSE_BINDING_R3
NH2-ALTERNATIVE-OVERLAP-R018,dev,17,NH2-ALTERNATIVE-OVERLAP-R018-Q17-INAD_1,INADMISSIBLE,SAT_FALSE,NH2-ALTERNATIVE-OVERLAP-R018_inad_1,REJECT_INADMISSIBLE,EXECUTE_ONLY_IF_R3_MEASURES_INADMISSIBLE_COST,NEEDS_WAREHOUSE_BINDING_R3
NH2-ALTERNATIVE-OVERLAP-R019,dev,4,NH2-ALTERNATIVE-OVERLAP-R019-Q04-INAD_0,INADMISSIBLE,SAT_FALSE,NH2-ALTERNATIVE-OVERLAP-R019_inad_0,REJECT_INADMISSIBLE,EXECUTE_ONLY_IF_R3_MEASURES_INADMISSIBLE_COST,NEEDS_WAREHOUSE_BINDING_R3
NH2-ALTERNATIVE-OVERLAP-R019,dev,23,NH2-ALTERNATIVE-OVERLAP-R019-Q23-INAD_1,INADMISSIBLE,SAT_FALSE,NH2-ALTERNATIVE-OVERLAP-R019_inad_1,REJECT_INADMISSIBLE,EXECUTE_ONLY_IF_R3_MEASURES_INADMISSIBLE_COST,NEEDS_WAREHOUSE_BINDING_R3
NH2-ALTERNATIVE-OVERLAP-R020,dev,5,NH2-ALTERNATIVE-OVERLAP-R020-Q05-INAD_1,INADMISSIBLE,SAT_FALSE,NH2-ALTERNATIVE-OVERLAP-R020_inad_1,REJECT_INADMISSIBLE,EXECUTE_ONLY_IF_R3_MEASURES_INADMISSIBLE_COST,NEEDS_WAREHOUSE_BINDING_R3
NH2-ALTERNATIVE-OVERLAP-R020,dev,7,NH2-ALTERNATIVE-OVERLAP-R020-Q07-INAD_0,INADMISSIBLE,SAT_FALSE,NH2-ALTERNATIVE-OVERLAP-R020_inad_0,REJECT_INADMISSIBLE,EXECUTE_ONLY_IF_R3_MEASURES_INADMISSIBLE_COST,NEEDS_WAREHOUSE_BINDING_R3
NH2-ALTERNATIVE-OVERLAP-R021,dev,17,NH2-ALTERNATIVE-OVERLAP-R021-Q17-INAD_1,INADMISSIBLE,SAT_FALSE,NH2-ALTERNATIVE-OVERLAP-R021_inad_1,REJECT_INADMISSIBLE,EXECUTE_ONLY_IF_R3_MEASURES_INADMISSIBLE_COST,NEEDS_WAREHOUSE_BINDING_R3
NH2-ALTERNATIVE-OVERLAP-R021,dev,23,NH2-ALTERNATIVE-OVERLAP-R021-Q23-INAD_0,INADMISSIBLE,SAT_FALSE,NH2-ALTERNATIVE-OVERLAP-R021_inad_0,REJECT_INADMISSIBLE,EXECUTE_ONLY_IF_R3_MEASURES_INADMISSIBLE_COST,NEEDS_WAREHOUSE_BINDING_R3
NH2-ALTERNATIVE-OVERLAP-R022,dev,5,NH2-ALTERNATIVE-OVERLAP-R022-Q05-INAD_1,INADMISSIBLE,SAT_FALSE,NH2-ALTERNATIVE-OVERLAP-R022_inad_1,REJECT_INADMISSIBLE,EXECUTE_ONLY_IF_R3_MEASURES_INADMISSIBLE_COST,NEEDS_WAREHOUSE_BINDING_R3
NH2-ALTERNATIVE-OVERLAP-R022,dev,17,NH2-ALTERNATIVE-OVERLAP-R022-Q17-INAD_0,INADMISSIBLE,SAT_FALSE,NH2-ALTERNATIVE-OVERLAP-R022_inad_0,REJECT_INADMISSIBLE,EXECUTE_ONLY_IF_R3_MEASURES_INADMISSIBLE_COST,NEEDS_WAREHOUSE_BINDING_R3
NH2-ALTERNATIVE-OVERLAP-R023,dev,18,NH2-ALTERNATIVE-OVERLAP-R023-Q18-INAD_1,INADMISSIBLE,SAT_FALSE,NH2-ALTERNATIVE-OVERLAP-R023_inad_1,REJECT_INADMISSIBLE,EXECUTE_ONLY_IF_R3_MEASURES_INADMISSIBLE_COST,NEEDS_WAREHOUSE_BINDING_R3
NH2-ALTERNATIVE-OVERLAP-R023,dev,22,NH2-ALTERNATIVE-OVERLAP-R023-Q22-INAD_0,INADMISSIBLE,SAT_FALSE,NH2-ALTERNATIVE-OVERLAP-R023_inad_0,REJECT_INADMISSIBLE,EXECUTE_ONLY_IF_R3_MEASURES_INADMISSIBLE_COST,NEEDS_WAREHOUSE_BINDING_R3
NH2-ALTERNATIVE-OVERLAP-R024,dev,11,NH2-ALTERNATIVE-OVERLAP-R024-Q11-INAD_1,INADMISSIBLE,SAT_FALSE,NH2-ALTERNATIVE-OVERLAP-R024_inad_1,REJECT_INADMISSIBLE,EXECUTE_ONLY_IF_R3_MEASURES_INADMISSIBLE_COST,NEEDS_WAREHOUSE_BINDING_R3
NH2-ALTERNATIVE-OVERLAP-R024,dev,22,NH2-ALTERNATIVE-OVERLAP-R024-Q22-INAD_0,INADMISSIBLE,SAT_FALSE,NH2-ALTERNATIVE-OVERLAP-R024_inad_0,REJECT_INADMISSIBLE,EXECUTE_ONLY_IF_R3_MEASURES_INADMISSIBLE_COST,NEEDS_WAREHOUSE_BINDING_R3
NH2-ALTERNATIVE-OVERLAP-R025,dev,9,NH2-ALTERNATIVE-OVERLAP-R025-Q09-INAD_1,INADMISSIBLE,SAT_FALSE,NH2-ALTERNATIVE-OVERLAP-R025_inad_1,REJECT_INADMISSIBLE,EXECUTE_ONLY_IF_R3_MEASURES_INADMISSIBLE_COST,NEEDS_WAREHOUSE_BINDING_R3
NH2-ALTERNATIVE-OVERLAP-R025,dev,23,NH2-ALTERNATIVE-OVERLAP-R025-Q23-INAD_0,INADMISSIBLE,SAT_FALSE,NH2-ALTERNATIVE-OVERLAP-R025_inad_0,REJECT_INADMISSIBLE,EXECUTE_ONLY_IF_R3_MEASURES_INADMISSIBLE_COST,NEEDS_WAREHOUSE_BINDING_R3
NH2-ALTERNATIVE-OVERLAP-R026,dev,8,NH2-ALTERNATIVE-OVERLAP-R026-Q08-INAD_1,INADMISSIBLE,SAT_FALSE,NH2-ALTERNATIVE-OVERLAP-R026_inad_1,REJECT_INADMISSIBLE,EXECUTE_ONLY_IF_R3_MEASURES_INADMISSIBLE_COST,NEEDS_WAREHOUSE_BINDING_R3
NH2-ALTERNATIVE-OVERLAP-R026,dev,13,NH2-ALTERNATIVE-OVERLAP-R026-Q13-INAD_0,INADMISSIBLE,SAT_FALSE,NH2-ALTERNATIVE-OVERLAP-R026_inad_0,REJECT_INADMISSIBLE,EXECUTE_ONLY_IF_R3_MEASURES_INADMISSIBLE_COST,NEEDS_WAREHOUSE_BINDING_R3
NH2-ALTERNATIVE-OVERLAP-R027,dev,17,NH2-ALTERNATIVE-OVERLAP-R027-Q17-INAD_1,INADMISSIBLE,SAT_FALSE,NH2-ALTERNATIVE-OVERLAP-R027_inad_1,REJECT_INADMISSIBLE,EXECUTE_ONLY_IF_R3_MEASURES_INADMISSIBLE_COST,NEEDS_WAREHOUSE_BINDING_R3
NH2-ALTERNATIVE-OVERLAP-R027,dev,18,NH2-ALTERNATIVE-OVERLAP-R027-Q18-INAD_0,INADMISSIBLE,SAT_FALSE,NH2-ALTERNATIVE-OVERLAP-R027_inad_0,REJECT_INADMISSIBLE,EXECUTE_ONLY_IF_R3_MEASURES_INADMISSIBLE_COST,NEEDS_WAREHOUSE_BINDING_R3
NH2-ALTERNATIVE-OVERLAP-R028,dev,14,NH2-ALTERNATIVE-OVERLAP-R028-Q14-INAD_0,INADMISSIBLE,SAT_FALSE,NH2-ALTERNATIVE-OVERLAP-R028_inad_0,REJECT_INADMISSIBLE,EXECUTE_ONLY_IF_R3_MEASURES_INADMISSIBLE_COST,NEEDS_WAREHOUSE_BINDING_R3
NH2-ALTERNATIVE-OVERLAP-R028,dev,23,NH2-ALTERNATIVE-OVERLAP-R028-Q23-INAD_1,INADMISSIBLE,SAT_FALSE,NH2-ALTERNATIVE-OVERLAP-R028_inad_1,REJECT_INADMISSIBLE,EXECUTE_ONLY_IF_R3_MEASURES_INADMISSIBLE_COST,NEEDS_WAREHOUSE_BINDING_R3
NH2-ALTERNATIVE-OVERLAP-R029,dev,1,NH2-ALTERNATIVE-OVERLAP-R029-Q01-INAD_1,INADMISSIBLE,SAT_FALSE,NH2-ALTERNATIVE-OVERLAP-R029_inad_1,REJECT_INADMISSIBLE,EXECUTE_ONLY_IF_R3_MEASURES_INADMISSIBLE_COST,NEEDS_WAREHOUSE_BINDING_R3
NH2-ALTERNATIVE-OVERLAP-R029,dev,21,NH2-ALTERNATIVE-OVERLAP-R029-Q21-INAD_0,INADMISSIBLE,SAT_FALSE,NH2-ALTERNATIVE-OVERLAP-R029_inad_0,REJECT_INADMISSIBLE,EXECUTE_ONLY_IF_R3_MEASURES_INADMISSIBLE_COST,NEEDS_WAREHOUSE_BINDING_R3
NH2-ALTERNATIVE-OVERLAP-R030,dev,4,NH2-ALTERNATIVE-OVERLAP-R030-Q04-INAD_0,INADMISSIBLE,SAT_FALSE,NH2-ALTERNATIVE-OVERLAP-R030_inad_0,REJECT_INADMISSIBLE,EXECUTE_ONLY_IF_R3_MEASURES_INADMISSIBLE_COST,NEEDS_WAREHOUSE_BINDING_R3
NH2-ALTERNATIVE-OVERLAP-R030,dev,8,NH2-ALTERNATIVE-OVERLAP-R030-Q08-INAD_1,INADMISSIBLE,SAT_FALSE,NH2-ALTERNATIVE-OVERLAP-R030_inad_1,REJECT_INADMISSIBLE,EXECUTE_ONLY_IF_R3_MEASURES_INADMISSIBLE_COST,NEEDS_WAREHOUSE_BINDING_R3
NH2-ALTERNATIVE-OVERLAP-R031,val,3,NH2-ALTERNATIVE-OVERLAP-R031-Q03-INAD_1,INADMISSIBLE,SAT_FALSE,NH2-ALTERNATIVE-OVERLAP-R031_inad_1,REJECT_INADMISSIBLE,EXECUTE_ONLY_IF_R3_MEASURES_INADMISSIBLE_COST,NEEDS_WAREHOUSE_BINDING_R3
NH2-ALTERNATIVE-OVERLAP-R031,val,23,NH2-ALTERNATIVE-OVERLAP-R031-Q23-INAD_0,INADMISSIBLE,SAT_FALSE,NH2-ALTERNATIVE-OVERLAP-R031_inad_0,REJECT_INADMISSIBLE,EXECUTE_ONLY_IF_R3_MEASURES_INADMISSIBLE_COST,NEEDS_WAREHOUSE_BINDING_R3
NH2-ALTERNATIVE-OVERLAP-R032,val,12,NH2-ALTERNATIVE-OVERLAP-R032-Q12-INAD_1,INADMISSIBLE,SAT_FALSE,NH2-ALTERNATIVE-OVERLAP-R032_inad_1,REJECT_INADMISSIBLE,EXECUTE_ONLY_IF_R3_MEASURES_INADMISSIBLE_COST,NEEDS_WAREHOUSE_BINDING_R3
NH2-ALTERNATIVE-OVERLAP-R032,val,20,NH2-ALTERNATIVE-OVERLAP-R032-Q20-INAD_0,INADMISSIBLE,SAT_FALSE,NH2-ALTERNATIVE-OVERLAP-R032_inad_0,REJECT_INADMISSIBLE,EXECUTE_ONLY_IF_R3_MEASURES_INADMISSIBLE_COST,NEEDS_WAREHOUSE_BINDING_R3
NH2-ALTERNATIVE-OVERLAP-R033,val,2,NH2-ALTERNATIVE-OVERLAP-R033-Q02-INAD_1,INADMISSIBLE,SAT_FALSE,NH2-ALTERNATIVE-OVERLAP-R033_inad_1,REJECT_INADMISSIBLE,EXECUTE_ONLY_IF_R3_MEASURES_INADMISSIBLE_COST,NEEDS_WAREHOUSE_BINDING_R3
NH2-ALTERNATIVE-OVERLAP-R033,val,13,NH2-ALTERNATIVE-OVERLAP-R033-Q13-INAD_0,INADMISSIBLE,SAT_FALSE,NH2-ALTERNATIVE-OVERLAP-R033_inad_0,REJECT_INADMISSIBLE,EXECUTE_ONLY_IF_R3_MEASURES_INADMISSIBLE_COST,NEEDS_WAREHOUSE_BINDING_R3
NH2-ALTERNATIVE-OVERLAP-R034,val,4,NH2-ALTERNATIVE-OVERLAP-R034-Q04-INAD_1,INADMISSIBLE,SAT_FALSE,NH2-ALTERNATIVE-OVERLAP-R034_inad_1,REJECT_INADMISSIBLE,EXECUTE_ONLY_IF_R3_MEASURES_INADMISSIBLE_COST,NEEDS_WAREHOUSE_BINDING_R3
NH2-ALTERNATIVE-OVERLAP-R034,val,13,NH2-ALTERNATIVE-OVERLAP-R034-Q13-INAD_0,INADMISSIBLE,SAT_FALSE,NH2-ALTERNATIVE-OVERLAP-R034_inad_0,REJECT_INADMISSIBLE,EXECUTE_ONLY_IF_R3_MEASURES_INADMISSIBLE_COST,NEEDS_WAREHOUSE_BINDING_R3
NH2-ALTERNATIVE-OVERLAP-R035,val,4,NH2-ALTERNATIVE-OVERLAP-R035-Q04-INAD_1,INADMISSIBLE,SAT_FALSE,NH2-ALTERNATIVE-OVERLAP-R035_inad_1,REJECT_INADMISSIBLE,EXECUTE_ONLY_IF_R3_MEASURES_INADMISSIBLE_COST,NEEDS_WAREHOUSE_BINDING_R3
NH2-ALTERNATIVE-OVERLAP-R035,val,19,NH2-ALTERNATIVE-OVERLAP-R035-Q19-INAD_0,INADMISSIBLE,SAT_FALSE,NH2-ALTERNATIVE-OVERLAP-R035_inad_0,REJECT_INADMISSIBLE,EXECUTE_ONLY_IF_R3_MEASURES_INADMISSIBLE_COST,NEEDS_WAREHOUSE_BINDING_R3
NH2-ALTERNATIVE-OVERLAP-R036,val,9,NH2-ALTERNATIVE-OVERLAP-R036-Q09-INAD_1,INADMISSIBLE,SAT_FALSE,NH2-ALTERNATIVE-OVERLAP-R036_inad_1,REJECT_INADMISSIBLE,EXECUTE_ONLY_IF_R3_MEASURES_INADMISSIBLE_COST,NEEDS_WAREHOUSE_BINDING_R3
NH2-ALTERNATIVE-OVERLAP-R036,val,15,NH2-ALTERNATIVE-OVERLAP-R036-Q15-INAD_0,INADMISSIBLE,SAT_FALSE,NH2-ALTERNATIVE-OVERLAP-R036_inad_0,REJECT_INADMISSIBLE,EXECUTE_ONLY_IF_R3_MEASURES_INADMISSIBLE_COST,NEEDS_WAREHOUSE_BINDING_R3
NH2-ALTERNATIVE-OVERLAP-R037,val,10,NH2-ALTERNATIVE-OVERLAP-R037-Q10-INAD_1,INADMISSIBLE,SAT_FALSE,NH2-ALTERNATIVE-OVERLAP-R037_inad_1,REJECT_INADMISSIBLE,EXECUTE_ONLY_IF_R3_MEASURES_INADMISSIBLE_COST,NEEDS_WAREHOUSE_BINDING_R3
NH2-ALTERNATIVE-OVERLAP-R037,val,19,NH2-ALTERNATIVE-OVERLAP-R037-Q19-INAD_0,INADMISSIBLE,SAT_FALSE,NH2-ALTERNATIVE-OVERLAP-R037_inad_0,REJECT_INADMISSIBLE,EXECUTE_ONLY_IF_R3_MEASURES_INADMISSIBLE_COST,NEEDS_WAREHOUSE_BINDING_R3
NH2-ALTERNATIVE-OVERLAP-R038,val,3,NH2-ALTERNATIVE-OVERLAP-R038-Q03-INAD_1,INADMISSIBLE,SAT_FALSE,NH2-ALTERNATIVE-OVERLAP-R038_inad_1,REJECT_INADMISSIBLE,EXECUTE_ONLY_IF_R3_MEASURES_INADMISSIBLE_COST,NEEDS_WAREHOUSE_BINDING_R3
NH2-ALTERNATIVE-OVERLAP-R038,val,5,NH2-ALTERNATIVE-OVERLAP-R038-Q05-INAD_0,INADMISSIBLE,SAT_FALSE,NH2-ALTERNATIVE-OVERLAP-R038_inad_0,REJECT_INADMISSIBLE,EXECUTE_ONLY_IF_R3_MEASURES_INADMISSIBLE_COST,NEEDS_WAREHOUSE_BINDING_R3
NH2-ALTERNATIVE-OVERLAP-R039,val,4,NH2-ALTERNATIVE-OVERLAP-R039-Q04-INAD_0,INADMISSIBLE,SAT_FALSE,NH2-ALTERNATIVE-OVERLAP-R039_inad_0,REJECT_INADMISSIBLE,EXECUTE_ONLY_IF_R3_MEASURES_INADMISSIBLE_COST,NEEDS_WAREHOUSE_BINDING_R3
NH2-ALTERNATIVE-OVERLAP-R039,val,18,NH2-ALTERNATIVE-OVERLAP-R039-Q18-INAD_1,INADMISSIBLE,SAT_FALSE,NH2-ALTERNATIVE-OVERLAP-R039_inad_1,REJECT_INADMISSIBLE,EXECUTE_ONLY_IF_R3_MEASURES_INADMISSIBLE_COST,NEEDS_WAREHOUSE_BINDING_R3
NH2-ALTERNATIVE-OVERLAP-R040,val,9,NH2-ALTERNATIVE-OVERLAP-R040-Q09-INAD_1,INADMISSIBLE,SAT_FALSE,NH2-ALTERNATIVE-OVERLAP-R040_inad_1,REJECT_INADMISSIBLE,EXECUTE_ONLY_IF_R3_MEASURES_INADMISSIBLE_COST,NEEDS_WAREHOUSE_BINDING_R3
NH2-ALTERNATIVE-OVERLAP-R040,val,15,NH2-ALTERNATIVE-OVERLAP-R040-Q15-INAD_0,INADMISSIBLE,SAT_FALSE,NH2-ALTERNATIVE-OVERLAP-R040_inad_0,REJECT_INADMISSIBLE,EXECUTE_ONLY_IF_R3_MEASURES_INADMISSIBLE_COST,NEEDS_WAREHOUSE_BINDING_R3
NH2-ALTERNATIVE-OVERLAP-R041,val,3,NH2-ALTERNATIVE-OVERLAP-R041-Q03-INAD_0,INADMISSIBLE,SAT_FALSE,NH2-ALTERNATIVE-OVERLAP-R041_inad_0,REJECT_INADMISSIBLE,EXECUTE_ONLY_IF_R3_MEASURES_INADMISSIBLE_COST,NEEDS_WAREHOUSE_BINDING_R3
NH2-ALTERNATIVE-OVERLAP-R041,val,5,NH2-ALTERNATIVE-OVERLAP-R041-Q05-INAD_1,INADMISSIBLE,SAT_FALSE,NH2-ALTERNATIVE-OVERLAP-R041_inad_1,REJECT_INADMISSIBLE,EXECUTE_ONLY_IF_R3_MEASURES_INADMISSIBLE_COST,NEEDS_WAREHOUSE_BINDING_R3
NH2-ALTERNATIVE-OVERLAP-R042,val,7,NH2-ALTERNATIVE-OVERLAP-R042-Q07-INAD_0,INADMISSIBLE,SAT_FALSE,NH2-ALTERNATIVE-OVERLAP-R042_inad_0,REJECT_INADMISSIBLE,EXECUTE_ONLY_IF_R3_MEASURES_INADMISSIBLE_COST,NEEDS_WAREHOUSE_BINDING_R3
NH2-ALTERNATIVE-OVERLAP-R042,val,20,NH2-ALTERNATIVE-OVERLAP-R042-Q20-INAD_1,INADMISSIBLE,SAT_FALSE,NH2-ALTERNATIVE-OVERLAP-R042_inad_1,REJECT_INADMISSIBLE,EXECUTE_ONLY_IF_R3_MEASURES_INADMISSIBLE_COST,NEEDS_WAREHOUSE_BINDING_R3
NH2-ALTERNATIVE-OVERLAP-R043,val,6,NH2-ALTERNATIVE-OVERLAP-R043-Q06-INAD_0,INADMISSIBLE,SAT_FALSE,NH2-ALTERNATIVE-OVERLAP-R043_inad_0,REJECT_INADMISSIBLE,EXECUTE_ONLY_IF_R3_MEASURES_INADMISSIBLE_COST,NEEDS_WAREHOUSE_BINDING_R3
NH2-ALTERNATIVE-OVERLAP-R043,val,10,NH2-ALTERNATIVE-OVERLAP-R043-Q10-INAD_1,INADMISSIBLE,SAT_FALSE,NH2-ALTERNATIVE-OVERLAP-R043_inad_1,REJECT_INADMISSIBLE,EXECUTE_ONLY_IF_R3_MEASURES_INADMISSIBLE_COST,NEEDS_WAREHOUSE_BINDING_R3
NH2-ALTERNATIVE-OVERLAP-R044,val,5,NH2-ALTERNATIVE-OVERLAP-R044-Q05-INAD_1,INADMISSIBLE,SAT_FALSE,NH2-ALTERNATIVE-OVERLAP-R044_inad_1,REJECT_INADMISSIBLE,EXECUTE_ONLY_IF_R3_MEASURES_INADMISSIBLE_COST,NEEDS_WAREHOUSE_BINDING_R3
NH2-ALTERNATIVE-OVERLAP-R044,val,16,NH2-ALTERNATIVE-OVERLAP-R044-Q16-INAD_0,INADMISSIBLE,SAT_FALSE,NH2-ALTERNATIVE-OVERLAP-R044_inad_0,REJECT_INADMISSIBLE,EXECUTE_ONLY_IF_R3_MEASURES_INADMISSIBLE_COST,NEEDS_WAREHOUSE_BINDING_R3
NH2-ALTERNATIVE-OVERLAP-R045,val,3,NH2-ALTERNATIVE-OVERLAP-R045-Q03-INAD_0,INADMISSIBLE,SAT_FALSE,NH2-ALTERNATIVE-OVERLAP-R045_inad_0,REJECT_INADMISSIBLE,EXECUTE_ONLY_IF_R3_MEASURES_INADMISSIBLE_COST,NEEDS_WAREHOUSE_BINDING_R3
NH2-ALTERNATIVE-OVERLAP-R045,val,12,NH2-ALTERNATIVE-OVERLAP-R045-Q12-INAD_1,INADMISSIBLE,SAT_FALSE,NH2-ALTERNATIVE-OVERLAP-R045_inad_1,REJECT_INADMISSIBLE,EXECUTE_ONLY_IF_R3_MEASURES_INADMISSIBLE_COST,NEEDS_WAREHOUSE_BINDING_R3
NH2-ALTERNATIVE-OVERLAP-R046,test,21,NH2-ALTERNATIVE-OVERLAP-R046-Q21-INAD_0,INADMISSIBLE,SAT_FALSE,NH2-ALTERNATIVE-OVERLAP-R046_inad_0,REJECT_INADMISSIBLE,EXECUTE_ONLY_IF_R3_MEASURES_INADMISSIBLE_COST,NEEDS_WAREHOUSE_BINDING_R3
NH2-ALTERNATIVE-OVERLAP-R046,test,23,NH2-ALTERNATIVE-OVERLAP-R046-Q23-INAD_1,INADMISSIBLE,SAT_FALSE,NH2-ALTERNATIVE-OVERLAP-R046_inad_1,REJECT_INADMISSIBLE,EXECUTE_ONLY_IF_R3_MEASURES_INADMISSIBLE_COST,NEEDS_WAREHOUSE_BINDING_R3
NH2-ALTERNATIVE-OVERLAP-R047,test,16,NH2-ALTERNATIVE-OVERLAP-R047-Q16-INAD_1,INADMISSIBLE,SAT_FALSE,NH2-ALTERNATIVE-OVERLAP-R047_inad_1,REJECT_INADMISSIBLE,EXECUTE_ONLY_IF_R3_MEASURES_INADMISSIBLE_COST,NEEDS_WAREHOUSE_BINDING_R3
NH2-ALTERNATIVE-OVERLAP-R047,test,24,NH2-ALTERNATIVE-OVERLAP-R047-Q24-INAD_0,INADMISSIBLE,SAT_FALSE,NH2-ALTERNATIVE-OVERLAP-R047_inad_0,REJECT_INADMISSIBLE,EXECUTE_ONLY_IF_R3_MEASURES_INADMISSIBLE_COST,NEEDS_WAREHOUSE_BINDING_R3
NH2-ALTERNATIVE-OVERLAP-R048,test,21,NH2-ALTERNATIVE-OVERLAP-R048-Q21-INAD_0,INADMISSIBLE,SAT_FALSE,NH2-ALTERNATIVE-OVERLAP-R048_inad_0,REJECT_INADMISSIBLE,EXECUTE_ONLY_IF_R3_MEASURES_INADMISSIBLE_COST,NEEDS_WAREHOUSE_BINDING_R3
NH2-ALTERNATIVE-OVERLAP-R048,test,22,NH2-ALTERNATIVE-OVERLAP-R048-Q22-INAD_1,INADMISSIBLE,SAT_FALSE,NH2-ALTERNATIVE-OVERLAP-R048_inad_1,REJECT_INADMISSIBLE,EXECUTE_ONLY_IF_R3_MEASURES_INADMISSIBLE_COST,NEEDS_WAREHOUSE_BINDING_R3
NH2-ALTERNATIVE-OVERLAP-R049,test,16,NH2-ALTERNATIVE-OVERLAP-R049-Q16-INAD_1,INADMISSIBLE,SAT_FALSE,NH2-ALTERNATIVE-OVERLAP-R049_inad_1,REJECT_INADMISSIBLE,EXECUTE_ONLY_IF_R3_MEASURES_INADMISSIBLE_COST,NEEDS_WAREHOUSE_BINDING_R3
NH2-ALTERNATIVE-OVERLAP-R049,test,22,NH2-ALTERNATIVE-OVERLAP-R049-Q22-INAD_0,INADMISSIBLE,SAT_FALSE,NH2-ALTERNATIVE-OVERLAP-R049_inad_0,REJECT_INADMISSIBLE,EXECUTE_ONLY_IF_R3_MEASURES_INADMISSIBLE_COST,NEEDS_WAREHOUSE_BINDING_R3
NH2-ALTERNATIVE-OVERLAP-R050,test,22,NH2-ALTERNATIVE-OVERLAP-R050-Q22-INAD_1,INADMISSIBLE,SAT_FALSE,NH2-ALTERNATIVE-OVERLAP-R050_inad_1,REJECT_INADMISSIBLE,EXECUTE_ONLY_IF_R3_MEASURES_INADMISSIBLE_COST,NEEDS_WAREHOUSE_BINDING_R3
NH2-ALTERNATIVE-OVERLAP-R050,test,24,NH2-ALTERNATIVE-OVERLAP-R050-Q24-INAD_0,INADMISSIBLE,SAT_FALSE,NH2-ALTERNATIVE-OVERLAP-R050_inad_0,REJECT_INADMISSIBLE,EXECUTE_ONLY_IF_R3_MEASURES_INADMISSIBLE_COST,NEEDS_WAREHOUSE_BINDING_R3
NH2-ALTERNATIVE-OVERLAP-R051,test,8,NH2-ALTERNATIVE-OVERLAP-R051-Q08-INAD_0,INADMISSIBLE,SAT_FALSE,NH2-ALTERNATIVE-OVERLAP-R051_inad_0,REJECT_INADMISSIBLE,EXECUTE_ONLY_IF_R3_MEASURES_INADMISSIBLE_COST,NEEDS_WAREHOUSE_BINDING_R3
NH2-ALTERNATIVE-OVERLAP-R051,test,21,NH2-ALTERNATIVE-OVERLAP-R051-Q21-INAD_1,INADMISSIBLE,SAT_FALSE,NH2-ALTERNATIVE-OVERLAP-R051_inad_1,REJECT_INADMISSIBLE,EXECUTE_ONLY_IF_R3_MEASURES_INADMISSIBLE_COST,NEEDS_WAREHOUSE_BINDING_R3
NH2-ALTERNATIVE-OVERLAP-R052,test,2,NH2-ALTERNATIVE-OVERLAP-R052-Q02-INAD_0,INADMISSIBLE,SAT_FALSE,NH2-ALTERNATIVE-OVERLAP-R052_inad_0,REJECT_INADMISSIBLE,EXECUTE_ONLY_IF_R3_MEASURES_INADMISSIBLE_COST,NEEDS_WAREHOUSE_BINDING_R3
NH2-ALTERNATIVE-OVERLAP-R052,test,12,NH2-ALTERNATIVE-OVERLAP-R052-Q12-INAD_1,INADMISSIBLE,SAT_FALSE,NH2-ALTERNATIVE-OVERLAP-R052_inad_1,REJECT_INADMISSIBLE,EXECUTE_ONLY_IF_R3_MEASURES_INADMISSIBLE_COST,NEEDS_WAREHOUSE_BINDING_R3
NH2-ALTERNATIVE-OVERLAP-R053,test,10,NH2-ALTERNATIVE-OVERLAP-R053-Q10-INAD_1,INADMISSIBLE,SAT_FALSE,NH2-ALTERNATIVE-OVERLAP-R053_inad_1,REJECT_INADMISSIBLE,EXECUTE_ONLY_IF_R3_MEASURES_INADMISSIBLE_COST,NEEDS_WAREHOUSE_BINDING_R3
NH2-ALTERNATIVE-OVERLAP-R053,test,13,NH2-ALTERNATIVE-OVERLAP-R053-Q13-INAD_0,INADMISSIBLE,SAT_FALSE,NH2-ALTERNATIVE-OVERLAP-R053_inad_0,REJECT_INADMISSIBLE,EXECUTE_ONLY_IF_R3_MEASURES_INADMISSIBLE_COST,NEEDS_WAREHOUSE_BINDING_R3
NH2-ALTERNATIVE-OVERLAP-R054,test,9,NH2-ALTERNATIVE-OVERLAP-R054-Q09-INAD_0,INADMISSIBLE,SAT_FALSE,NH2-ALTERNATIVE-OVERLAP-R054_inad_0,REJECT_INADMISSIBLE,EXECUTE_ONLY_IF_R3_MEASURES_INADMISSIBLE_COST,NEEDS_WAREHOUSE_BINDING_R3
NH2-ALTERNATIVE-OVERLAP-R054,test,11,NH2-ALTERNATIVE-OVERLAP-R054-Q11-INAD_1,INADMISSIBLE,SAT_FALSE,NH2-ALTERNATIVE-OVERLAP-R054_inad_1,REJECT_INADMISSIBLE,EXECUTE_ONLY_IF_R3_MEASURES_INADMISSIBLE_COST,NEEDS_WAREHOUSE_BINDING_R3
NH2-ALTERNATIVE-OVERLAP-R055,test,10,NH2-ALTERNATIVE-OVERLAP-R055-Q10-INAD_1,INADMISSIBLE,SAT_FALSE,NH2-ALTERNATIVE-OVERLAP-R055_inad_1,REJECT_INADMISSIBLE,EXECUTE_ONLY_IF_R3_MEASURES_INADMISSIBLE_COST,NEEDS_WAREHOUSE_BINDING_R3
NH2-ALTERNATIVE-OVERLAP-R055,test,14,NH2-ALTERNATIVE-OVERLAP-R055-Q14-INAD_0,INADMISSIBLE,SAT_FALSE,NH2-ALTERNATIVE-OVERLAP-R055_inad_0,REJECT_INADMISSIBLE,EXECUTE_ONLY_IF_R3_MEASURES_INADMISSIBLE_COST,NEEDS_WAREHOUSE_BINDING_R3
NH2-ALTERNATIVE-OVERLAP-R056,test,17,NH2-ALTERNATIVE-OVERLAP-R056-Q17-INAD_1,INADMISSIBLE,SAT_FALSE,NH2-ALTERNATIVE-OVERLAP-R056_inad_1,REJECT_INADMISSIBLE,EXECUTE_ONLY_IF_R3_MEASURES_INADMISSIBLE_COST,NEEDS_WAREHOUSE_BINDING_R3
NH2-ALTERNATIVE-OVERLAP-R056,test,22,NH2-ALTERNATIVE-OVERLAP-R056-Q22-INAD_0,INADMISSIBLE,SAT_FALSE,NH2-ALTERNATIVE-OVERLAP-R056_inad_0,REJECT_INADMISSIBLE,EXECUTE_ONLY_IF_R3_MEASURES_INADMISSIBLE_COST,NEEDS_WAREHOUSE_BINDING_R3
NH2-ALTERNATIVE-OVERLAP-R057,test,5,NH2-ALTERNATIVE-OVERLAP-R057-Q05-INAD_1,INADMISSIBLE,SAT_FALSE,NH2-ALTERNATIVE-OVERLAP-R057_inad_1,REJECT_INADMISSIBLE,EXECUTE_ONLY_IF_R3_MEASURES_INADMISSIBLE_COST,NEEDS_WAREHOUSE_BINDING_R3
NH2-ALTERNATIVE-OVERLAP-R057,test,13,NH2-ALTERNATIVE-OVERLAP-R057-Q13-INAD_0,INADMISSIBLE,SAT_FALSE,NH2-ALTERNATIVE-OVERLAP-R057_inad_0,REJECT_INADMISSIBLE,EXECUTE_ONLY_IF_R3_MEASURES_INADMISSIBLE_COST,NEEDS_WAREHOUSE_BINDING_R3
NH2-ALTERNATIVE-OVERLAP-R058,test,4,NH2-ALTERNATIVE-OVERLAP-R058-Q04-INAD_0,INADMISSIBLE,SAT_FALSE,NH2-ALTERNATIVE-OVERLAP-R058_inad_0,REJECT_INADMISSIBLE,EXECUTE_ONLY_IF_R3_MEASURES_INADMISSIBLE_COST,NEEDS_WAREHOUSE_BINDING_R3
NH2-ALTERNATIVE-OVERLAP-R058,test,24,NH2-ALTERNATIVE-OVERLAP-R058-Q24-INAD_1,INADMISSIBLE,SAT_FALSE,NH2-ALTERNATIVE-OVERLAP-R058_inad_1,REJECT_INADMISSIBLE,EXECUTE_ONLY_IF_R3_MEASURES_INADMISSIBLE_COST,NEEDS_WAREHOUSE_BINDING_R3
NH2-ALTERNATIVE-OVERLAP-R059,test,4,NH2-ALTERNATIVE-OVERLAP-R059-Q04-INAD_0,INADMISSIBLE,SAT_FALSE,NH2-ALTERNATIVE-OVERLAP-R059_inad_0,REJECT_INADMISSIBLE,EXECUTE_ONLY_IF_R3_MEASURES_INADMISSIBLE_COST,NEEDS_WAREHOUSE_BINDING_R3
NH2-ALTERNATIVE-OVERLAP-R059,test,23,NH2-ALTERNATIVE-OVERLAP-R059-Q23-INAD_1,INADMISSIBLE,SAT_FALSE,NH2-ALTERNATIVE-OVERLAP-R059_inad_1,REJECT_INADMISSIBLE,EXECUTE_ONLY_IF_R3_MEASURES_INADMISSIBLE_COST,NEEDS_WAREHOUSE_BINDING_R3
NH2-ALTERNATIVE-OVERLAP-R060,test,5,NH2-ALTERNATIVE-OVERLAP-R060-Q05-INAD_1,INADMISSIBLE,SAT_FALSE,NH2-ALTERNATIVE-OVERLAP-R060_inad_1,REJECT_INADMISSIBLE,EXECUTE_ONLY_IF_R3_MEASURES_INADMISSIBLE_COST,NEEDS_WAREHOUSE_BINDING_R3
NH2-ALTERNATIVE-OVERLAP-R060,test,18,NH2-ALTERNATIVE-OVERLAP-R060-Q18-INAD_0,INADMISSIBLE,SAT_FALSE,NH2-ALTERNATIVE-OVERLAP-R060_inad_0,REJECT_INADMISSIBLE,EXECUTE_ONLY_IF_R3_MEASURES_INADMISSIBLE_COST,NEEDS_WAREHOUSE_BINDING_R3
NH2-ALTERNATIVE-MIXED_SAT-R001,dev,10,NH2-ALTERNATIVE-MIXED_SAT-R001-Q10-INAD_2,INADMISSIBLE,SAT_FALSE,NH2-ALTERNATIVE-MIXED_SAT-R001_inad_2,REJECT_INADMISSIBLE,EXECUTE_ONLY_IF_R3_MEASURES_INADMISSIBLE_COST,NEEDS_WAREHOUSE_BINDING_R3
NH2-ALTERNATIVE-MIXED_SAT-R001,dev,16,NH2-ALTERNATIVE-MIXED_SAT-R001-Q16-INAD_0,INADMISSIBLE,SAT_FALSE,NH2-ALTERNATIVE-MIXED_SAT-R001_inad_0,REJECT_INADMISSIBLE,EXECUTE_ONLY_IF_R3_MEASURES_INADMISSIBLE_COST,NEEDS_WAREHOUSE_BINDING_R3
NH2-ALTERNATIVE-MIXED_SAT-R001,dev,22,NH2-ALTERNATIVE-MIXED_SAT-R001-Q22-INAD_1,INADMISSIBLE,SAT_FALSE,NH2-ALTERNATIVE-MIXED_SAT-R001_inad_1,REJECT_INADMISSIBLE,EXECUTE_ONLY_IF_R3_MEASURES_INADMISSIBLE_COST,NEEDS_WAREHOUSE_BINDING_R3
NH2-ALTERNATIVE-MIXED_SAT-R002,dev,1,NH2-ALTERNATIVE-MIXED_SAT-R002-Q01-INAD_2,INADMISSIBLE,SAT_FALSE,NH2-ALTERNATIVE-MIXED_SAT-R002_inad_2,REJECT_INADMISSIBLE,EXECUTE_ONLY_IF_R3_MEASURES_INADMISSIBLE_COST,NEEDS_WAREHOUSE_BINDING_R3
NH2-ALTERNATIVE-MIXED_SAT-R002,dev,13,NH2-ALTERNATIVE-MIXED_SAT-R002-Q13-INAD_1,INADMISSIBLE,SAT_FALSE,NH2-ALTERNATIVE-MIXED_SAT-R002_inad_1,REJECT_INADMISSIBLE,EXECUTE_ONLY_IF_R3_MEASURES_INADMISSIBLE_COST,NEEDS_WAREHOUSE_BINDING_R3
NH2-ALTERNATIVE-MIXED_SAT-R002,dev,16,NH2-ALTERNATIVE-MIXED_SAT-R002-Q16-INAD_0,INADMISSIBLE,SAT_FALSE,NH2-ALTERNATIVE-MIXED_SAT-R002_inad_0,REJECT_INADMISSIBLE,EXECUTE_ONLY_IF_R3_MEASURES_INADMISSIBLE_COST,NEEDS_WAREHOUSE_BINDING_R3
NH2-ALTERNATIVE-MIXED_SAT-R003,dev,9,NH2-ALTERNATIVE-MIXED_SAT-R003-Q09-INAD_2,INADMISSIBLE,SAT_FALSE,NH2-ALTERNATIVE-MIXED_SAT-R003_inad_2,REJECT_INADMISSIBLE,EXECUTE_ONLY_IF_R3_MEASURES_INADMISSIBLE_COST,NEEDS_WAREHOUSE_BINDING_R3
NH2-ALTERNATIVE-MIXED_SAT-R003,dev,10,NH2-ALTERNATIVE-MIXED_SAT-R003-Q10-INAD_1,INADMISSIBLE,SAT_FALSE,NH2-ALTERNATIVE-MIXED_SAT-R003_inad_1,REJECT_INADMISSIBLE,EXECUTE_ONLY_IF_R3_MEASURES_INADMISSIBLE_COST,NEEDS_WAREHOUSE_BINDING_R3
NH2-ALTERNATIVE-MIXED_SAT-R003,dev,24,NH2-ALTERNATIVE-MIXED_SAT-R003-Q24-INAD_0,INADMISSIBLE,SAT_FALSE,NH2-ALTERNATIVE-MIXED_SAT-R003_inad_0,REJECT_INADMISSIBLE,EXECUTE_ONLY_IF_R3_MEASURES_INADMISSIBLE_COST,NEEDS_WAREHOUSE_BINDING_R3
NH2-ALTERNATIVE-MIXED_SAT-R004,dev,4,NH2-ALTERNATIVE-MIXED_SAT-R004-Q04-INAD_1,INADMISSIBLE,SAT_FALSE,NH2-ALTERNATIVE-MIXED_SAT-R004_inad_1,REJECT_INADMISSIBLE,EXECUTE_ONLY_IF_R3_MEASURES_INADMISSIBLE_COST,NEEDS_WAREHOUSE_BINDING_R3
NH2-ALTERNATIVE-MIXED_SAT-R004,dev,10,NH2-ALTERNATIVE-MIXED_SAT-R004-Q10-INAD_0,INADMISSIBLE,SAT_FALSE,NH2-ALTERNATIVE-MIXED_SAT-R004_inad_0,REJECT_INADMISSIBLE,EXECUTE_ONLY_IF_R3_MEASURES_INADMISSIBLE_COST,NEEDS_WAREHOUSE_BINDING_R3
NH2-ALTERNATIVE-MIXED_SAT-R004,dev,18,NH2-ALTERNATIVE-MIXED_SAT-R004-Q18-INAD_2,INADMISSIBLE,SAT_FALSE,NH2-ALTERNATIVE-MIXED_SAT-R004_inad_2,REJECT_INADMISSIBLE,EXECUTE_ONLY_IF_R3_MEASURES_INADMISSIBLE_COST,NEEDS_WAREHOUSE_BINDING_R3
NH2-ALTERNATIVE-MIXED_SAT-R005,dev,6,NH2-ALTERNATIVE-MIXED_SAT-R005-Q06-INAD_0,INADMISSIBLE,SAT_FALSE,NH2-ALTERNATIVE-MIXED_SAT-R005_inad_0,REJECT_INADMISSIBLE,EXECUTE_ONLY_IF_R3_MEASURES_INADMISSIBLE_COST,NEEDS_WAREHOUSE_BINDING_R3
NH2-ALTERNATIVE-MIXED_SAT-R005,dev,16,NH2-ALTERNATIVE-MIXED_SAT-R005-Q16-INAD_1,INADMISSIBLE,SAT_FALSE,NH2-ALTERNATIVE-MIXED_SAT-R005_inad_1,REJECT_INADMISSIBLE,EXECUTE_ONLY_IF_R3_MEASURES_INADMISSIBLE_COST,NEEDS_WAREHOUSE_BINDING_R3
NH2-ALTERNATIVE-MIXED_SAT-R005,dev,20,NH2-ALTERNATIVE-MIXED_SAT-R005-Q20-INAD_2,INADMISSIBLE,SAT_FALSE,NH2-ALTERNATIVE-MIXED_SAT-R005_inad_2,REJECT_INADMISSIBLE,EXECUTE_ONLY_IF_R3_MEASURES_INADMISSIBLE_COST,NEEDS_WAREHOUSE_BINDING_R3
NH2-ALTERNATIVE-MIXED_SAT-R006,dev,8,NH2-ALTERNATIVE-MIXED_SAT-R006-Q08-INAD_1,INADMISSIBLE,SAT_FALSE,NH2-ALTERNATIVE-MIXED_SAT-R006_inad_1,REJECT_INADMISSIBLE,EXECUTE_ONLY_IF_R3_MEASURES_INADMISSIBLE_COST,NEEDS_WAREHOUSE_BINDING_R3
NH2-ALTERNATIVE-MIXED_SAT-R006,dev,16,NH2-ALTERNATIVE-MIXED_SAT-R006-Q16-INAD_2,INADMISSIBLE,SAT_FALSE,NH2-ALTERNATIVE-MIXED_SAT-R006_inad_2,REJECT_INADMISSIBLE,EXECUTE_ONLY_IF_R3_MEASURES_INADMISSIBLE_COST,NEEDS_WAREHOUSE_BINDING_R3
NH2-ALTERNATIVE-MIXED_SAT-R006,dev,17,NH2-ALTERNATIVE-MIXED_SAT-R006-Q17-INAD_0,INADMISSIBLE,SAT_FALSE,NH2-ALTERNATIVE-MIXED_SAT-R006_inad_0,REJECT_INADMISSIBLE,EXECUTE_ONLY_IF_R3_MEASURES_INADMISSIBLE_COST,NEEDS_WAREHOUSE_BINDING_R3
NH2-ALTERNATIVE-MIXED_SAT-R007,dev,4,NH2-ALTERNATIVE-MIXED_SAT-R007-Q04-INAD_2,INADMISSIBLE,SAT_FALSE,NH2-ALTERNATIVE-MIXED_SAT-R007_inad_2,REJECT_INADMISSIBLE,EXECUTE_ONLY_IF_R3_MEASURES_INADMISSIBLE_COST,NEEDS_WAREHOUSE_BINDING_R3
NH2-ALTERNATIVE-MIXED_SAT-R007,dev,16,NH2-ALTERNATIVE-MIXED_SAT-R007-Q16-INAD_1,INADMISSIBLE,SAT_FALSE,NH2-ALTERNATIVE-MIXED_SAT-R007_inad_1,REJECT_INADMISSIBLE,EXECUTE_ONLY_IF_R3_MEASURES_INADMISSIBLE_COST,NEEDS_WAREHOUSE_BINDING_R3
NH2-ALTERNATIVE-MIXED_SAT-R007,dev,22,NH2-ALTERNATIVE-MIXED_SAT-R007-Q22-INAD_0,INADMISSIBLE,SAT_FALSE,NH2-ALTERNATIVE-MIXED_SAT-R007_inad_0,REJECT_INADMISSIBLE,EXECUTE_ONLY_IF_R3_MEASURES_INADMISSIBLE_COST,NEEDS_WAREHOUSE_BINDING_R3
NH2-ALTERNATIVE-MIXED_SAT-R008,dev,5,NH2-ALTERNATIVE-MIXED_SAT-R008-Q05-INAD_2,INADMISSIBLE,SAT_FALSE,NH2-ALTERNATIVE-MIXED_SAT-R008_inad_2,REJECT_INADMISSIBLE,EXECUTE_ONLY_IF_R3_MEASURES_INADMISSIBLE_COST,NEEDS_WAREHOUSE_BINDING_R3
NH2-ALTERNATIVE-MIXED_SAT-R008,dev,21,NH2-ALTERNATIVE-MIXED_SAT-R008-Q21-INAD_1,INADMISSIBLE,SAT_FALSE,NH2-ALTERNATIVE-MIXED_SAT-R008_inad_1,REJECT_INADMISSIBLE,EXECUTE_ONLY_IF_R3_MEASURES_INADMISSIBLE_COST,NEEDS_WAREHOUSE_BINDING_R3
NH2-ALTERNATIVE-MIXED_SAT-R008,dev,23,NH2-ALTERNATIVE-MIXED_SAT-R008-Q23-INAD_0,INADMISSIBLE,SAT_FALSE,NH2-ALTERNATIVE-MIXED_SAT-R008_inad_0,REJECT_INADMISSIBLE,EXECUTE_ONLY_IF_R3_MEASURES_INADMISSIBLE_COST,NEEDS_WAREHOUSE_BINDING_R3
NH2-ALTERNATIVE-MIXED_SAT-R009,dev,8,NH2-ALTERNATIVE-MIXED_SAT-R009-Q08-INAD_1,INADMISSIBLE,SAT_FALSE,NH2-ALTERNATIVE-MIXED_SAT-R009_inad_1,REJECT_INADMISSIBLE,EXECUTE_ONLY_IF_R3_MEASURES_INADMISSIBLE_COST,NEEDS_WAREHOUSE_BINDING_R3
NH2-ALTERNATIVE-MIXED_SAT-R009,dev,10,NH2-ALTERNATIVE-MIXED_SAT-R009-Q10-INAD_0,INADMISSIBLE,SAT_FALSE,NH2-ALTERNATIVE-MIXED_SAT-R009_inad_0,REJECT_INADMISSIBLE,EXECUTE_ONLY_IF_R3_MEASURES_INADMISSIBLE_COST,NEEDS_WAREHOUSE_BINDING_R3
NH2-ALTERNATIVE-MIXED_SAT-R009,dev,20,NH2-ALTERNATIVE-MIXED_SAT-R009-Q20-INAD_2,INADMISSIBLE,SAT_FALSE,NH2-ALTERNATIVE-MIXED_SAT-R009_inad_2,REJECT_INADMISSIBLE,EXECUTE_ONLY_IF_R3_MEASURES_INADMISSIBLE_COST,NEEDS_WAREHOUSE_BINDING_R3
NH2-ALTERNATIVE-MIXED_SAT-R010,dev,6,NH2-ALTERNATIVE-MIXED_SAT-R010-Q06-INAD_2,INADMISSIBLE,SAT_FALSE,NH2-ALTERNATIVE-MIXED_SAT-R010_inad_2,REJECT_INADMISSIBLE,EXECUTE_ONLY_IF_R3_MEASURES_INADMISSIBLE_COST,NEEDS_WAREHOUSE_BINDING_R3
NH2-ALTERNATIVE-MIXED_SAT-R010,dev,10,NH2-ALTERNATIVE-MIXED_SAT-R010-Q10-INAD_1,INADMISSIBLE,SAT_FALSE,NH2-ALTERNATIVE-MIXED_SAT-R010_inad_1,REJECT_INADMISSIBLE,EXECUTE_ONLY_IF_R3_MEASURES_INADMISSIBLE_COST,NEEDS_WAREHOUSE_BINDING_R3
NH2-ALTERNATIVE-MIXED_SAT-R010,dev,20,NH2-ALTERNATIVE-MIXED_SAT-R010-Q20-INAD_0,INADMISSIBLE,SAT_FALSE,NH2-ALTERNATIVE-MIXED_SAT-R010_inad_0,REJECT_INADMISSIBLE,EXECUTE_ONLY_IF_R3_MEASURES_INADMISSIBLE_COST,NEEDS_WAREHOUSE_BINDING_R3
NH2-ALTERNATIVE-MIXED_SAT-R011,dev,2,NH2-ALTERNATIVE-MIXED_SAT-R011-Q02-INAD_1,INADMISSIBLE,SAT_FALSE,NH2-ALTERNATIVE-MIXED_SAT-R011_inad_1,REJECT_INADMISSIBLE,EXECUTE_ONLY_IF_R3_MEASURES_INADMISSIBLE_COST,NEEDS_WAREHOUSE_BINDING_R3
NH2-ALTERNATIVE-MIXED_SAT-R011,dev,18,NH2-ALTERNATIVE-MIXED_SAT-R011-Q18-INAD_2,INADMISSIBLE,SAT_FALSE,NH2-ALTERNATIVE-MIXED_SAT-R011_inad_2,REJECT_INADMISSIBLE,EXECUTE_ONLY_IF_R3_MEASURES_INADMISSIBLE_COST,NEEDS_WAREHOUSE_BINDING_R3
NH2-ALTERNATIVE-MIXED_SAT-R011,dev,22,NH2-ALTERNATIVE-MIXED_SAT-R011-Q22-INAD_0,INADMISSIBLE,SAT_FALSE,NH2-ALTERNATIVE-MIXED_SAT-R011_inad_0,REJECT_INADMISSIBLE,EXECUTE_ONLY_IF_R3_MEASURES_INADMISSIBLE_COST,NEEDS_WAREHOUSE_BINDING_R3
NH2-ALTERNATIVE-MIXED_SAT-R012,dev,1,NH2-ALTERNATIVE-MIXED_SAT-R012-Q01-INAD_2,INADMISSIBLE,SAT_FALSE,NH2-ALTERNATIVE-MIXED_SAT-R012_inad_2,REJECT_INADMISSIBLE,EXECUTE_ONLY_IF_R3_MEASURES_INADMISSIBLE_COST,NEEDS_WAREHOUSE_BINDING_R3
NH2-ALTERNATIVE-MIXED_SAT-R012,dev,23,NH2-ALTERNATIVE-MIXED_SAT-R012-Q23-INAD_0,INADMISSIBLE,SAT_FALSE,NH2-ALTERNATIVE-MIXED_SAT-R012_inad_0,REJECT_INADMISSIBLE,EXECUTE_ONLY_IF_R3_MEASURES_INADMISSIBLE_COST,NEEDS_WAREHOUSE_BINDING_R3
NH2-ALTERNATIVE-MIXED_SAT-R012,dev,24,NH2-ALTERNATIVE-MIXED_SAT-R012-Q24-INAD_1,INADMISSIBLE,SAT_FALSE,NH2-ALTERNATIVE-MIXED_SAT-R012_inad_1,REJECT_INADMISSIBLE,EXECUTE_ONLY_IF_R3_MEASURES_INADMISSIBLE_COST,NEEDS_WAREHOUSE_BINDING_R3
NH2-ALTERNATIVE-MIXED_SAT-R013,dev,1,NH2-ALTERNATIVE-MIXED_SAT-R013-Q01-INAD_0,INADMISSIBLE,SAT_FALSE,NH2-ALTERNATIVE-MIXED_SAT-R013_inad_0,REJECT_INADMISSIBLE,EXECUTE_ONLY_IF_R3_MEASURES_INADMISSIBLE_COST,NEEDS_WAREHOUSE_BINDING_R3
NH2-ALTERNATIVE-MIXED_SAT-R013,dev,19,NH2-ALTERNATIVE-MIXED_SAT-R013-Q19-INAD_2,INADMISSIBLE,SAT_FALSE,NH2-ALTERNATIVE-MIXED_SAT-R013_inad_2,REJECT_INADMISSIBLE,EXECUTE_ONLY_IF_R3_MEASURES_INADMISSIBLE_COST,NEEDS_WAREHOUSE_BINDING_R3
NH2-ALTERNATIVE-MIXED_SAT-R013,dev,21,NH2-ALTERNATIVE-MIXED_SAT-R013-Q21-INAD_1,INADMISSIBLE,SAT_FALSE,NH2-ALTERNATIVE-MIXED_SAT-R013_inad_1,REJECT_INADMISSIBLE,EXECUTE_ONLY_IF_R3_MEASURES_INADMISSIBLE_COST,NEEDS_WAREHOUSE_BINDING_R3
NH2-ALTERNATIVE-MIXED_SAT-R014,dev,4,NH2-ALTERNATIVE-MIXED_SAT-R014-Q04-INAD_0,INADMISSIBLE,SAT_FALSE,NH2-ALTERNATIVE-MIXED_SAT-R014_inad_0,REJECT_INADMISSIBLE,EXECUTE_ONLY_IF_R3_MEASURES_INADMISSIBLE_COST,NEEDS_WAREHOUSE_BINDING_R3
NH2-ALTERNATIVE-MIXED_SAT-R014,dev,12,NH2-ALTERNATIVE-MIXED_SAT-R014-Q12-INAD_1,INADMISSIBLE,SAT_FALSE,NH2-ALTERNATIVE-MIXED_SAT-R014_inad_1,REJECT_INADMISSIBLE,EXECUTE_ONLY_IF_R3_MEASURES_INADMISSIBLE_COST,NEEDS_WAREHOUSE_BINDING_R3
NH2-ALTERNATIVE-MIXED_SAT-R014,dev,15,NH2-ALTERNATIVE-MIXED_SAT-R014-Q15-INAD_2,INADMISSIBLE,SAT_FALSE,NH2-ALTERNATIVE-MIXED_SAT-R014_inad_2,REJECT_INADMISSIBLE,EXECUTE_ONLY_IF_R3_MEASURES_INADMISSIBLE_COST,NEEDS_WAREHOUSE_BINDING_R3
NH2-ALTERNATIVE-MIXED_SAT-R015,dev,8,NH2-ALTERNATIVE-MIXED_SAT-R015-Q08-INAD_2,INADMISSIBLE,SAT_FALSE,NH2-ALTERNATIVE-MIXED_SAT-R015_inad_2,REJECT_INADMISSIBLE,EXECUTE_ONLY_IF_R3_MEASURES_INADMISSIBLE_COST,NEEDS_WAREHOUSE_BINDING_R3
NH2-ALTERNATIVE-MIXED_SAT-R015,dev,22,NH2-ALTERNATIVE-MIXED_SAT-R015-Q22-INAD_0,INADMISSIBLE,SAT_FALSE,NH2-ALTERNATIVE-MIXED_SAT-R015_inad_0,REJECT_INADMISSIBLE,EXECUTE_ONLY_IF_R3_MEASURES_INADMISSIBLE_COST,NEEDS_WAREHOUSE_BINDING_R3
NH2-ALTERNATIVE-MIXED_SAT-R015,dev,24,NH2-ALTERNATIVE-MIXED_SAT-R015-Q24-INAD_1,INADMISSIBLE,SAT_FALSE,NH2-ALTERNATIVE-MIXED_SAT-R015_inad_1,REJECT_INADMISSIBLE,EXECUTE_ONLY_IF_R3_MEASURES_INADMISSIBLE_COST,NEEDS_WAREHOUSE_BINDING_R3
NH2-ALTERNATIVE-MIXED_SAT-R016,dev,3,NH2-ALTERNATIVE-MIXED_SAT-R016-Q03-INAD_2,INADMISSIBLE,SAT_FALSE,NH2-ALTERNATIVE-MIXED_SAT-R016_inad_2,REJECT_INADMISSIBLE,EXECUTE_ONLY_IF_R3_MEASURES_INADMISSIBLE_COST,NEEDS_WAREHOUSE_BINDING_R3
NH2-ALTERNATIVE-MIXED_SAT-R016,dev,4,NH2-ALTERNATIVE-MIXED_SAT-R016-Q04-INAD_0,INADMISSIBLE,SAT_FALSE,NH2-ALTERNATIVE-MIXED_SAT-R016_inad_0,REJECT_INADMISSIBLE,EXECUTE_ONLY_IF_R3_MEASURES_INADMISSIBLE_COST,NEEDS_WAREHOUSE_BINDING_R3
NH2-ALTERNATIVE-MIXED_SAT-R016,dev,15,NH2-ALTERNATIVE-MIXED_SAT-R016-Q15-INAD_1,INADMISSIBLE,SAT_FALSE,NH2-ALTERNATIVE-MIXED_SAT-R016_inad_1,REJECT_INADMISSIBLE,EXECUTE_ONLY_IF_R3_MEASURES_INADMISSIBLE_COST,NEEDS_WAREHOUSE_BINDING_R3
NH2-ALTERNATIVE-MIXED_SAT-R017,dev,6,NH2-ALTERNATIVE-MIXED_SAT-R017-Q06-INAD_2,INADMISSIBLE,SAT_FALSE,NH2-ALTERNATIVE-MIXED_SAT-R017_inad_2,REJECT_INADMISSIBLE,EXECUTE_ONLY_IF_R3_MEASURES_INADMISSIBLE_COST,NEEDS_WAREHOUSE_BINDING_R3
NH2-ALTERNATIVE-MIXED_SAT-R017,dev,11,NH2-ALTERNATIVE-MIXED_SAT-R017-Q11-INAD_0,INADMISSIBLE,SAT_FALSE,NH2-ALTERNATIVE-MIXED_SAT-R017_inad_0,REJECT_INADMISSIBLE,EXECUTE_ONLY_IF_R3_MEASURES_INADMISSIBLE_COST,NEEDS_WAREHOUSE_BINDING_R3
NH2-ALTERNATIVE-MIXED_SAT-R017,dev,12,NH2-ALTERNATIVE-MIXED_SAT-R017-Q12-INAD_1,INADMISSIBLE,SAT_FALSE,NH2-ALTERNATIVE-MIXED_SAT-R017_inad_1,REJECT_INADMISSIBLE,EXECUTE_ONLY_IF_R3_MEASURES_INADMISSIBLE_COST,NEEDS_WAREHOUSE_BINDING_R3
NH2-ALTERNATIVE-MIXED_SAT-R018,dev,4,NH2-ALTERNATIVE-MIXED_SAT-R018-Q04-INAD_1,INADMISSIBLE,SAT_FALSE,NH2-ALTERNATIVE-MIXED_SAT-R018_inad_1,REJECT_INADMISSIBLE,EXECUTE_ONLY_IF_R3_MEASURES_INADMISSIBLE_COST,NEEDS_WAREHOUSE_BINDING_R3
NH2-ALTERNATIVE-MIXED_SAT-R018,dev,7,NH2-ALTERNATIVE-MIXED_SAT-R018-Q07-INAD_2,INADMISSIBLE,SAT_FALSE,NH2-ALTERNATIVE-MIXED_SAT-R018_inad_2,REJECT_INADMISSIBLE,EXECUTE_ONLY_IF_R3_MEASURES_INADMISSIBLE_COST,NEEDS_WAREHOUSE_BINDING_R3
NH2-ALTERNATIVE-MIXED_SAT-R018,dev,23,NH2-ALTERNATIVE-MIXED_SAT-R018-Q23-INAD_0,INADMISSIBLE,SAT_FALSE,NH2-ALTERNATIVE-MIXED_SAT-R018_inad_0,REJECT_INADMISSIBLE,EXECUTE_ONLY_IF_R3_MEASURES_INADMISSIBLE_COST,NEEDS_WAREHOUSE_BINDING_R3
NH2-ALTERNATIVE-MIXED_SAT-R019,dev,7,NH2-ALTERNATIVE-MIXED_SAT-R019-Q07-INAD_1,INADMISSIBLE,SAT_FALSE,NH2-ALTERNATIVE-MIXED_SAT-R019_inad_1,REJECT_INADMISSIBLE,EXECUTE_ONLY_IF_R3_MEASURES_INADMISSIBLE_COST,NEEDS_WAREHOUSE_BINDING_R3
NH2-ALTERNATIVE-MIXED_SAT-R019,dev,14,NH2-ALTERNATIVE-MIXED_SAT-R019-Q14-INAD_0,INADMISSIBLE,SAT_FALSE,NH2-ALTERNATIVE-MIXED_SAT-R019_inad_0,REJECT_INADMISSIBLE,EXECUTE_ONLY_IF_R3_MEASURES_INADMISSIBLE_COST,NEEDS_WAREHOUSE_BINDING_R3
NH2-ALTERNATIVE-MIXED_SAT-R019,dev,16,NH2-ALTERNATIVE-MIXED_SAT-R019-Q16-INAD_2,INADMISSIBLE,SAT_FALSE,NH2-ALTERNATIVE-MIXED_SAT-R019_inad_2,REJECT_INADMISSIBLE,EXECUTE_ONLY_IF_R3_MEASURES_INADMISSIBLE_COST,NEEDS_WAREHOUSE_BINDING_R3
NH2-ALTERNATIVE-MIXED_SAT-R020,dev,5,NH2-ALTERNATIVE-MIXED_SAT-R020-Q05-INAD_1,INADMISSIBLE,SAT_FALSE,NH2-ALTERNATIVE-MIXED_SAT-R020_inad_1,REJECT_INADMISSIBLE,EXECUTE_ONLY_IF_R3_MEASURES_INADMISSIBLE_COST,NEEDS_WAREHOUSE_BINDING_R3
NH2-ALTERNATIVE-MIXED_SAT-R020,dev,6,NH2-ALTERNATIVE-MIXED_SAT-R020-Q06-INAD_2,INADMISSIBLE,SAT_FALSE,NH2-ALTERNATIVE-MIXED_SAT-R020_inad_2,REJECT_INADMISSIBLE,EXECUTE_ONLY_IF_R3_MEASURES_INADMISSIBLE_COST,NEEDS_WAREHOUSE_BINDING_R3
NH2-ALTERNATIVE-MIXED_SAT-R020,dev,7,NH2-ALTERNATIVE-MIXED_SAT-R020-Q07-INAD_0,INADMISSIBLE,SAT_FALSE,NH2-ALTERNATIVE-MIXED_SAT-R020_inad_0,REJECT_INADMISSIBLE,EXECUTE_ONLY_IF_R3_MEASURES_INADMISSIBLE_COST,NEEDS_WAREHOUSE_BINDING_R3
NH2-ALTERNATIVE-MIXED_SAT-R021,dev,8,NH2-ALTERNATIVE-MIXED_SAT-R021-Q08-INAD_0,INADMISSIBLE,SAT_FALSE,NH2-ALTERNATIVE-MIXED_SAT-R021_inad_0,REJECT_INADMISSIBLE,EXECUTE_ONLY_IF_R3_MEASURES_INADMISSIBLE_COST,NEEDS_WAREHOUSE_BINDING_R3
NH2-ALTERNATIVE-MIXED_SAT-R021,dev,13,NH2-ALTERNATIVE-MIXED_SAT-R021-Q13-INAD_1,INADMISSIBLE,SAT_FALSE,NH2-ALTERNATIVE-MIXED_SAT-R021_inad_1,REJECT_INADMISSIBLE,EXECUTE_ONLY_IF_R3_MEASURES_INADMISSIBLE_COST,NEEDS_WAREHOUSE_BINDING_R3
NH2-ALTERNATIVE-MIXED_SAT-R021,dev,20,NH2-ALTERNATIVE-MIXED_SAT-R021-Q20-INAD_2,INADMISSIBLE,SAT_FALSE,NH2-ALTERNATIVE-MIXED_SAT-R021_inad_2,REJECT_INADMISSIBLE,EXECUTE_ONLY_IF_R3_MEASURES_INADMISSIBLE_COST,NEEDS_WAREHOUSE_BINDING_R3
NH2-ALTERNATIVE-MIXED_SAT-R022,dev,5,NH2-ALTERNATIVE-MIXED_SAT-R022-Q05-INAD_1,INADMISSIBLE,SAT_FALSE,NH2-ALTERNATIVE-MIXED_SAT-R022_inad_1,REJECT_INADMISSIBLE,EXECUTE_ONLY_IF_R3_MEASURES_INADMISSIBLE_COST,NEEDS_WAREHOUSE_BINDING_R3
NH2-ALTERNATIVE-MIXED_SAT-R022,dev,9,NH2-ALTERNATIVE-MIXED_SAT-R022-Q09-INAD_2,INADMISSIBLE,SAT_FALSE,NH2-ALTERNATIVE-MIXED_SAT-R022_inad_2,REJECT_INADMISSIBLE,EXECUTE_ONLY_IF_R3_MEASURES_INADMISSIBLE_COST,NEEDS_WAREHOUSE_BINDING_R3
NH2-ALTERNATIVE-MIXED_SAT-R022,dev,24,NH2-ALTERNATIVE-MIXED_SAT-R022-Q24-INAD_0,INADMISSIBLE,SAT_FALSE,NH2-ALTERNATIVE-MIXED_SAT-R022_inad_0,REJECT_INADMISSIBLE,EXECUTE_ONLY_IF_R3_MEASURES_INADMISSIBLE_COST,NEEDS_WAREHOUSE_BINDING_R3
NH2-ALTERNATIVE-MIXED_SAT-R023,dev,11,NH2-ALTERNATIVE-MIXED_SAT-R023-Q11-INAD_0,INADMISSIBLE,SAT_FALSE,NH2-ALTERNATIVE-MIXED_SAT-R023_inad_0,REJECT_INADMISSIBLE,EXECUTE_ONLY_IF_R3_MEASURES_INADMISSIBLE_COST,NEEDS_WAREHOUSE_BINDING_R3
NH2-ALTERNATIVE-MIXED_SAT-R023,dev,17,NH2-ALTERNATIVE-MIXED_SAT-R023-Q17-INAD_1,INADMISSIBLE,SAT_FALSE,NH2-ALTERNATIVE-MIXED_SAT-R023_inad_1,REJECT_INADMISSIBLE,EXECUTE_ONLY_IF_R3_MEASURES_INADMISSIBLE_COST,NEEDS_WAREHOUSE_BINDING_R3
NH2-ALTERNATIVE-MIXED_SAT-R023,dev,24,NH2-ALTERNATIVE-MIXED_SAT-R023-Q24-INAD_2,INADMISSIBLE,SAT_FALSE,NH2-ALTERNATIVE-MIXED_SAT-R023_inad_2,REJECT_INADMISSIBLE,EXECUTE_ONLY_IF_R3_MEASURES_INADMISSIBLE_COST,NEEDS_WAREHOUSE_BINDING_R3
NH2-ALTERNATIVE-MIXED_SAT-R024,dev,11,NH2-ALTERNATIVE-MIXED_SAT-R024-Q11-INAD_1,INADMISSIBLE,SAT_FALSE,NH2-ALTERNATIVE-MIXED_SAT-R024_inad_1,REJECT_INADMISSIBLE,EXECUTE_ONLY_IF_R3_MEASURES_INADMISSIBLE_COST,NEEDS_WAREHOUSE_BINDING_R3
NH2-ALTERNATIVE-MIXED_SAT-R024,dev,13,NH2-ALTERNATIVE-MIXED_SAT-R024-Q13-INAD_0,INADMISSIBLE,SAT_FALSE,NH2-ALTERNATIVE-MIXED_SAT-R024_inad_0,REJECT_INADMISSIBLE,EXECUTE_ONLY_IF_R3_MEASURES_INADMISSIBLE_COST,NEEDS_WAREHOUSE_BINDING_R3
NH2-ALTERNATIVE-MIXED_SAT-R024,dev,19,NH2-ALTERNATIVE-MIXED_SAT-R024-Q19-INAD_2,INADMISSIBLE,SAT_FALSE,NH2-ALTERNATIVE-MIXED_SAT-R024_inad_2,REJECT_INADMISSIBLE,EXECUTE_ONLY_IF_R3_MEASURES_INADMISSIBLE_COST,NEEDS_WAREHOUSE_BINDING_R3
NH2-ALTERNATIVE-MIXED_SAT-R025,dev,1,NH2-ALTERNATIVE-MIXED_SAT-R025-Q01-INAD_1,INADMISSIBLE,SAT_FALSE,NH2-ALTERNATIVE-MIXED_SAT-R025_inad_1,REJECT_INADMISSIBLE,EXECUTE_ONLY_IF_R3_MEASURES_INADMISSIBLE_COST,NEEDS_WAREHOUSE_BINDING_R3
NH2-ALTERNATIVE-MIXED_SAT-R025,dev,12,NH2-ALTERNATIVE-MIXED_SAT-R025-Q12-INAD_0,INADMISSIBLE,SAT_FALSE,NH2-ALTERNATIVE-MIXED_SAT-R025_inad_0,REJECT_INADMISSIBLE,EXECUTE_ONLY_IF_R3_MEASURES_INADMISSIBLE_COST,NEEDS_WAREHOUSE_BINDING_R3
NH2-ALTERNATIVE-MIXED_SAT-R025,dev,23,NH2-ALTERNATIVE-MIXED_SAT-R025-Q23-INAD_2,INADMISSIBLE,SAT_FALSE,NH2-ALTERNATIVE-MIXED_SAT-R025_inad_2,REJECT_INADMISSIBLE,EXECUTE_ONLY_IF_R3_MEASURES_INADMISSIBLE_COST,NEEDS_WAREHOUSE_BINDING_R3
NH2-ALTERNATIVE-MIXED_SAT-R026,dev,8,NH2-ALTERNATIVE-MIXED_SAT-R026-Q08-INAD_1,INADMISSIBLE,SAT_FALSE,NH2-ALTERNATIVE-MIXED_SAT-R026_inad_1,REJECT_INADMISSIBLE,EXECUTE_ONLY_IF_R3_MEASURES_INADMISSIBLE_COST,NEEDS_WAREHOUSE_BINDING_R3
NH2-ALTERNATIVE-MIXED_SAT-R026,dev,9,NH2-ALTERNATIVE-MIXED_SAT-R026-Q09-INAD_0,INADMISSIBLE,SAT_FALSE,NH2-ALTERNATIVE-MIXED_SAT-R026_inad_0,REJECT_INADMISSIBLE,EXECUTE_ONLY_IF_R3_MEASURES_INADMISSIBLE_COST,NEEDS_WAREHOUSE_BINDING_R3
NH2-ALTERNATIVE-MIXED_SAT-R026,dev,10,NH2-ALTERNATIVE-MIXED_SAT-R026-Q10-INAD_2,INADMISSIBLE,SAT_FALSE,NH2-ALTERNATIVE-MIXED_SAT-R026_inad_2,REJECT_INADMISSIBLE,EXECUTE_ONLY_IF_R3_MEASURES_INADMISSIBLE_COST,NEEDS_WAREHOUSE_BINDING_R3
NH2-ALTERNATIVE-MIXED_SAT-R027,dev,8,NH2-ALTERNATIVE-MIXED_SAT-R027-Q08-INAD_0,INADMISSIBLE,SAT_FALSE,NH2-ALTERNATIVE-MIXED_SAT-R027_inad_0,REJECT_INADMISSIBLE,EXECUTE_ONLY_IF_R3_MEASURES_INADMISSIBLE_COST,NEEDS_WAREHOUSE_BINDING_R3
NH2-ALTERNATIVE-MIXED_SAT-R027,dev,18,NH2-ALTERNATIVE-MIXED_SAT-R027-Q18-INAD_1,INADMISSIBLE,SAT_FALSE,NH2-ALTERNATIVE-MIXED_SAT-R027_inad_1,REJECT_INADMISSIBLE,EXECUTE_ONLY_IF_R3_MEASURES_INADMISSIBLE_COST,NEEDS_WAREHOUSE_BINDING_R3
NH2-ALTERNATIVE-MIXED_SAT-R027,dev,19,NH2-ALTERNATIVE-MIXED_SAT-R027-Q19-INAD_2,INADMISSIBLE,SAT_FALSE,NH2-ALTERNATIVE-MIXED_SAT-R027_inad_2,REJECT_INADMISSIBLE,EXECUTE_ONLY_IF_R3_MEASURES_INADMISSIBLE_COST,NEEDS_WAREHOUSE_BINDING_R3
NH2-ALTERNATIVE-MIXED_SAT-R028,dev,3,NH2-ALTERNATIVE-MIXED_SAT-R028-Q03-INAD_1,INADMISSIBLE,SAT_FALSE,NH2-ALTERNATIVE-MIXED_SAT-R028_inad_1,REJECT_INADMISSIBLE,EXECUTE_ONLY_IF_R3_MEASURES_INADMISSIBLE_COST,NEEDS_WAREHOUSE_BINDING_R3
NH2-ALTERNATIVE-MIXED_SAT-R028,dev,15,NH2-ALTERNATIVE-MIXED_SAT-R028-Q15-INAD_0,INADMISSIBLE,SAT_FALSE,NH2-ALTERNATIVE-MIXED_SAT-R028_inad_0,REJECT_INADMISSIBLE,EXECUTE_ONLY_IF_R3_MEASURES_INADMISSIBLE_COST,NEEDS_WAREHOUSE_BINDING_R3
NH2-ALTERNATIVE-MIXED_SAT-R028,dev,20,NH2-ALTERNATIVE-MIXED_SAT-R028-Q20-INAD_2,INADMISSIBLE,SAT_FALSE,NH2-ALTERNATIVE-MIXED_SAT-R028_inad_2,REJECT_INADMISSIBLE,EXECUTE_ONLY_IF_R3_MEASURES_INADMISSIBLE_COST,NEEDS_WAREHOUSE_BINDING_R3
NH2-ALTERNATIVE-MIXED_SAT-R029,dev,4,NH2-ALTERNATIVE-MIXED_SAT-R029-Q04-INAD_1,INADMISSIBLE,SAT_FALSE,NH2-ALTERNATIVE-MIXED_SAT-R029_inad_1,REJECT_INADMISSIBLE,EXECUTE_ONLY_IF_R3_MEASURES_INADMISSIBLE_COST,NEEDS_WAREHOUSE_BINDING_R3
NH2-ALTERNATIVE-MIXED_SAT-R029,dev,6,NH2-ALTERNATIVE-MIXED_SAT-R029-Q06-INAD_0,INADMISSIBLE,SAT_FALSE,NH2-ALTERNATIVE-MIXED_SAT-R029_inad_0,REJECT_INADMISSIBLE,EXECUTE_ONLY_IF_R3_MEASURES_INADMISSIBLE_COST,NEEDS_WAREHOUSE_BINDING_R3
NH2-ALTERNATIVE-MIXED_SAT-R029,dev,20,NH2-ALTERNATIVE-MIXED_SAT-R029-Q20-INAD_2,INADMISSIBLE,SAT_FALSE,NH2-ALTERNATIVE-MIXED_SAT-R029_inad_2,REJECT_INADMISSIBLE,EXECUTE_ONLY_IF_R3_MEASURES_INADMISSIBLE_COST,NEEDS_WAREHOUSE_BINDING_R3
NH2-ALTERNATIVE-MIXED_SAT-R030,dev,1,NH2-ALTERNATIVE-MIXED_SAT-R030-Q01-INAD_1,INADMISSIBLE,SAT_FALSE,NH2-ALTERNATIVE-MIXED_SAT-R030_inad_1,REJECT_INADMISSIBLE,EXECUTE_ONLY_IF_R3_MEASURES_INADMISSIBLE_COST,NEEDS_WAREHOUSE_BINDING_R3
NH2-ALTERNATIVE-MIXED_SAT-R030,dev,4,NH2-ALTERNATIVE-MIXED_SAT-R030-Q04-INAD_0,INADMISSIBLE,SAT_FALSE,NH2-ALTERNATIVE-MIXED_SAT-R030_inad_0,REJECT_INADMISSIBLE,EXECUTE_ONLY_IF_R3_MEASURES_INADMISSIBLE_COST,NEEDS_WAREHOUSE_BINDING_R3
NH2-ALTERNATIVE-MIXED_SAT-R030,dev,19,NH2-ALTERNATIVE-MIXED_SAT-R030-Q19-INAD_2,INADMISSIBLE,SAT_FALSE,NH2-ALTERNATIVE-MIXED_SAT-R030_inad_2,REJECT_INADMISSIBLE,EXECUTE_ONLY_IF_R3_MEASURES_INADMISSIBLE_COST,NEEDS_WAREHOUSE_BINDING_R3
NH2-ALTERNATIVE-MIXED_SAT-R031,val,9,NH2-ALTERNATIVE-MIXED_SAT-R031-Q09-INAD_0,INADMISSIBLE,SAT_FALSE,NH2-ALTERNATIVE-MIXED_SAT-R031_inad_0,REJECT_INADMISSIBLE,EXECUTE_ONLY_IF_R3_MEASURES_INADMISSIBLE_COST,NEEDS_WAREHOUSE_BINDING_R3
NH2-ALTERNATIVE-MIXED_SAT-R031,val,12,NH2-ALTERNATIVE-MIXED_SAT-R031-Q12-INAD_1,INADMISSIBLE,SAT_FALSE,NH2-ALTERNATIVE-MIXED_SAT-R031_inad_1,REJECT_INADMISSIBLE,EXECUTE_ONLY_IF_R3_MEASURES_INADMISSIBLE_COST,NEEDS_WAREHOUSE_BINDING_R3
NH2-ALTERNATIVE-MIXED_SAT-R031,val,19,NH2-ALTERNATIVE-MIXED_SAT-R031-Q19-INAD_2,INADMISSIBLE,SAT_FALSE,NH2-ALTERNATIVE-MIXED_SAT-R031_inad_2,REJECT_INADMISSIBLE,EXECUTE_ONLY_IF_R3_MEASURES_INADMISSIBLE_COST,NEEDS_WAREHOUSE_BINDING_R3
NH2-ALTERNATIVE-MIXED_SAT-R032,val,7,NH2-ALTERNATIVE-MIXED_SAT-R032-Q07-INAD_0,INADMISSIBLE,SAT_FALSE,NH2-ALTERNATIVE-MIXED_SAT-R032_inad_0,REJECT_INADMISSIBLE,EXECUTE_ONLY_IF_R3_MEASURES_INADMISSIBLE_COST,NEEDS_WAREHOUSE_BINDING_R3
NH2-ALTERNATIVE-MIXED_SAT-R032,val,11,NH2-ALTERNATIVE-MIXED_SAT-R032-Q11-INAD_2,INADMISSIBLE,SAT_FALSE,NH2-ALTERNATIVE-MIXED_SAT-R032_inad_2,REJECT_INADMISSIBLE,EXECUTE_ONLY_IF_R3_MEASURES_INADMISSIBLE_COST,NEEDS_WAREHOUSE_BINDING_R3
NH2-ALTERNATIVE-MIXED_SAT-R032,val,18,NH2-ALTERNATIVE-MIXED_SAT-R032-Q18-INAD_1,INADMISSIBLE,SAT_FALSE,NH2-ALTERNATIVE-MIXED_SAT-R032_inad_1,REJECT_INADMISSIBLE,EXECUTE_ONLY_IF_R3_MEASURES_INADMISSIBLE_COST,NEEDS_WAREHOUSE_BINDING_R3
NH2-ALTERNATIVE-MIXED_SAT-R033,val,6,NH2-ALTERNATIVE-MIXED_SAT-R033-Q06-INAD_1,INADMISSIBLE,SAT_FALSE,NH2-ALTERNATIVE-MIXED_SAT-R033_inad_1,REJECT_INADMISSIBLE,EXECUTE_ONLY_IF_R3_MEASURES_INADMISSIBLE_COST,NEEDS_WAREHOUSE_BINDING_R3
NH2-ALTERNATIVE-MIXED_SAT-R033,val,16,NH2-ALTERNATIVE-MIXED_SAT-R033-Q16-INAD_2,INADMISSIBLE,SAT_FALSE,NH2-ALTERNATIVE-MIXED_SAT-R033_inad_2,REJECT_INADMISSIBLE,EXECUTE_ONLY_IF_R3_MEASURES_INADMISSIBLE_COST,NEEDS_WAREHOUSE_BINDING_R3
NH2-ALTERNATIVE-MIXED_SAT-R033,val,24,NH2-ALTERNATIVE-MIXED_SAT-R033-Q24-INAD_0,INADMISSIBLE,SAT_FALSE,NH2-ALTERNATIVE-MIXED_SAT-R033_inad_0,REJECT_INADMISSIBLE,EXECUTE_ONLY_IF_R3_MEASURES_INADMISSIBLE_COST,NEEDS_WAREHOUSE_BINDING_R3
NH2-ALTERNATIVE-MIXED_SAT-R034,val,2,NH2-ALTERNATIVE-MIXED_SAT-R034-Q02-INAD_1,INADMISSIBLE,SAT_FALSE,NH2-ALTERNATIVE-MIXED_SAT-R034_inad_1,REJECT_INADMISSIBLE,EXECUTE_ONLY_IF_R3_MEASURES_INADMISSIBLE_COST,NEEDS_WAREHOUSE_BINDING_R3
NH2-ALTERNATIVE-MIXED_SAT-R034,val,5,NH2-ALTERNATIVE-MIXED_SAT-R034-Q05-INAD_0,INADMISSIBLE,SAT_FALSE,NH2-ALTERNATIVE-MIXED_SAT-R034_inad_0,REJECT_INADMISSIBLE,EXECUTE_ONLY_IF_R3_MEASURES_INADMISSIBLE_COST,NEEDS_WAREHOUSE_BINDING_R3
NH2-ALTERNATIVE-MIXED_SAT-R034,val,18,NH2-ALTERNATIVE-MIXED_SAT-R034-Q18-INAD_2,INADMISSIBLE,SAT_FALSE,NH2-ALTERNATIVE-MIXED_SAT-R034_inad_2,REJECT_INADMISSIBLE,EXECUTE_ONLY_IF_R3_MEASURES_INADMISSIBLE_COST,NEEDS_WAREHOUSE_BINDING_R3
NH2-ALTERNATIVE-MIXED_SAT-R035,val,9,NH2-ALTERNATIVE-MIXED_SAT-R035-Q09-INAD_1,INADMISSIBLE,SAT_FALSE,NH2-ALTERNATIVE-MIXED_SAT-R035_inad_1,REJECT_INADMISSIBLE,EXECUTE_ONLY_IF_R3_MEASURES_INADMISSIBLE_COST,NEEDS_WAREHOUSE_BINDING_R3
NH2-ALTERNATIVE-MIXED_SAT-R035,val,11,NH2-ALTERNATIVE-MIXED_SAT-R035-Q11-INAD_2,INADMISSIBLE,SAT_FALSE,NH2-ALTERNATIVE-MIXED_SAT-R035_inad_2,REJECT_INADMISSIBLE,EXECUTE_ONLY_IF_R3_MEASURES_INADMISSIBLE_COST,NEEDS_WAREHOUSE_BINDING_R3
NH2-ALTERNATIVE-MIXED_SAT-R035,val,21,NH2-ALTERNATIVE-MIXED_SAT-R035-Q21-INAD_0,INADMISSIBLE,SAT_FALSE,NH2-ALTERNATIVE-MIXED_SAT-R035_inad_0,REJECT_INADMISSIBLE,EXECUTE_ONLY_IF_R3_MEASURES_INADMISSIBLE_COST,NEEDS_WAREHOUSE_BINDING_R3
NH2-ALTERNATIVE-MIXED_SAT-R036,val,5,NH2-ALTERNATIVE-MIXED_SAT-R036-Q05-INAD_2,INADMISSIBLE,SAT_FALSE,NH2-ALTERNATIVE-MIXED_SAT-R036_inad_2,REJECT_INADMISSIBLE,EXECUTE_ONLY_IF_R3_MEASURES_INADMISSIBLE_COST,NEEDS_WAREHOUSE_BINDING_R3
NH2-ALTERNATIVE-MIXED_SAT-R036,val,16,NH2-ALTERNATIVE-MIXED_SAT-R036-Q16-INAD_1,INADMISSIBLE,SAT_FALSE,NH2-ALTERNATIVE-MIXED_SAT-R036_inad_1,REJECT_INADMISSIBLE,EXECUTE_ONLY_IF_R3_MEASURES_INADMISSIBLE_COST,NEEDS_WAREHOUSE_BINDING_R3
NH2-ALTERNATIVE-MIXED_SAT-R036,val,24,NH2-ALTERNATIVE-MIXED_SAT-R036-Q24-INAD_0,INADMISSIBLE,SAT_FALSE,NH2-ALTERNATIVE-MIXED_SAT-R036_inad_0,REJECT_INADMISSIBLE,EXECUTE_ONLY_IF_R3_MEASURES_INADMISSIBLE_COST,NEEDS_WAREHOUSE_BINDING_R3
NH2-ALTERNATIVE-MIXED_SAT-R037,val,12,NH2-ALTERNATIVE-MIXED_SAT-R037-Q12-INAD_1,INADMISSIBLE,SAT_FALSE,NH2-ALTERNATIVE-MIXED_SAT-R037_inad_1,REJECT_INADMISSIBLE,EXECUTE_ONLY_IF_R3_MEASURES_INADMISSIBLE_COST,NEEDS_WAREHOUSE_BINDING_R3
NH2-ALTERNATIVE-MIXED_SAT-R037,val,16,NH2-ALTERNATIVE-MIXED_SAT-R037-Q16-INAD_2,INADMISSIBLE,SAT_FALSE,NH2-ALTERNATIVE-MIXED_SAT-R037_inad_2,REJECT_INADMISSIBLE,EXECUTE_ONLY_IF_R3_MEASURES_INADMISSIBLE_COST,NEEDS_WAREHOUSE_BINDING_R3
NH2-ALTERNATIVE-MIXED_SAT-R037,val,21,NH2-ALTERNATIVE-MIXED_SAT-R037-Q21-INAD_0,INADMISSIBLE,SAT_FALSE,NH2-ALTERNATIVE-MIXED_SAT-R037_inad_0,REJECT_INADMISSIBLE,EXECUTE_ONLY_IF_R3_MEASURES_INADMISSIBLE_COST,NEEDS_WAREHOUSE_BINDING_R3
NH2-ALTERNATIVE-MIXED_SAT-R038,val,3,NH2-ALTERNATIVE-MIXED_SAT-R038-Q03-INAD_0,INADMISSIBLE,SAT_FALSE,NH2-ALTERNATIVE-MIXED_SAT-R038_inad_0,REJECT_INADMISSIBLE,EXECUTE_ONLY_IF_R3_MEASURES_INADMISSIBLE_COST,NEEDS_WAREHOUSE_BINDING_R3
NH2-ALTERNATIVE-MIXED_SAT-R038,val,6,NH2-ALTERNATIVE-MIXED_SAT-R038-Q06-INAD_1,INADMISSIBLE,SAT_FALSE,NH2-ALTERNATIVE-MIXED_SAT-R038_inad_1,REJECT_INADMISSIBLE,EXECUTE_ONLY_IF_R3_MEASURES_INADMISSIBLE_COST,NEEDS_WAREHOUSE_BINDING_R3
NH2-ALTERNATIVE-MIXED_SAT-R038,val,7,NH2-ALTERNATIVE-MIXED_SAT-R038-Q07-INAD_2,INADMISSIBLE,SAT_FALSE,NH2-ALTERNATIVE-MIXED_SAT-R038_inad_2,REJECT_INADMISSIBLE,EXECUTE_ONLY_IF_R3_MEASURES_INADMISSIBLE_COST,NEEDS_WAREHOUSE_BINDING_R3
NH2-ALTERNATIVE-MIXED_SAT-R039,val,5,NH2-ALTERNATIVE-MIXED_SAT-R039-Q05-INAD_0,INADMISSIBLE,SAT_FALSE,NH2-ALTERNATIVE-MIXED_SAT-R039_inad_0,REJECT_INADMISSIBLE,EXECUTE_ONLY_IF_R3_MEASURES_INADMISSIBLE_COST,NEEDS_WAREHOUSE_BINDING_R3
NH2-ALTERNATIVE-MIXED_SAT-R039,val,14,NH2-ALTERNATIVE-MIXED_SAT-R039-Q14-INAD_1,INADMISSIBLE,SAT_FALSE,NH2-ALTERNATIVE-MIXED_SAT-R039_inad_1,REJECT_INADMISSIBLE,EXECUTE_ONLY_IF_R3_MEASURES_INADMISSIBLE_COST,NEEDS_WAREHOUSE_BINDING_R3
NH2-ALTERNATIVE-MIXED_SAT-R039,val,16,NH2-ALTERNATIVE-MIXED_SAT-R039-Q16-INAD_2,INADMISSIBLE,SAT_FALSE,NH2-ALTERNATIVE-MIXED_SAT-R039_inad_2,REJECT_INADMISSIBLE,EXECUTE_ONLY_IF_R3_MEASURES_INADMISSIBLE_COST,NEEDS_WAREHOUSE_BINDING_R3
NH2-ALTERNATIVE-MIXED_SAT-R040,val,6,NH2-ALTERNATIVE-MIXED_SAT-R040-Q06-INAD_2,INADMISSIBLE,SAT_FALSE,NH2-ALTERNATIVE-MIXED_SAT-R040_inad_2,REJECT_INADMISSIBLE,EXECUTE_ONLY_IF_R3_MEASURES_INADMISSIBLE_COST,NEEDS_WAREHOUSE_BINDING_R3
NH2-ALTERNATIVE-MIXED_SAT-R040,val,11,NH2-ALTERNATIVE-MIXED_SAT-R040-Q11-INAD_0,INADMISSIBLE,SAT_FALSE,NH2-ALTERNATIVE-MIXED_SAT-R040_inad_0,REJECT_INADMISSIBLE,EXECUTE_ONLY_IF_R3_MEASURES_INADMISSIBLE_COST,NEEDS_WAREHOUSE_BINDING_R3
NH2-ALTERNATIVE-MIXED_SAT-R040,val,23,NH2-ALTERNATIVE-MIXED_SAT-R040-Q23-INAD_1,INADMISSIBLE,SAT_FALSE,NH2-ALTERNATIVE-MIXED_SAT-R040_inad_1,REJECT_INADMISSIBLE,EXECUTE_ONLY_IF_R3_MEASURES_INADMISSIBLE_COST,NEEDS_WAREHOUSE_BINDING_R3
NH2-ALTERNATIVE-MIXED_SAT-R041,val,3,NH2-ALTERNATIVE-MIXED_SAT-R041-Q03-INAD_1,INADMISSIBLE,SAT_FALSE,NH2-ALTERNATIVE-MIXED_SAT-R041_inad_1,REJECT_INADMISSIBLE,EXECUTE_ONLY_IF_R3_MEASURES_INADMISSIBLE_COST,NEEDS_WAREHOUSE_BINDING_R3
NH2-ALTERNATIVE-MIXED_SAT-R041,val,4,NH2-ALTERNATIVE-MIXED_SAT-R041-Q04-INAD_2,INADMISSIBLE,SAT_FALSE,NH2-ALTERNATIVE-MIXED_SAT-R041_inad_2,REJECT_INADMISSIBLE,EXECUTE_ONLY_IF_R3_MEASURES_INADMISSIBLE_COST,NEEDS_WAREHOUSE_BINDING_R3
NH2-ALTERNATIVE-MIXED_SAT-R041,val,12,NH2-ALTERNATIVE-MIXED_SAT-R041-Q12-INAD_0,INADMISSIBLE,SAT_FALSE,NH2-ALTERNATIVE-MIXED_SAT-R041_inad_0,REJECT_INADMISSIBLE,EXECUTE_ONLY_IF_R3_MEASURES_INADMISSIBLE_COST,NEEDS_WAREHOUSE_BINDING_R3
NH2-ALTERNATIVE-MIXED_SAT-R042,val,2,NH2-ALTERNATIVE-MIXED_SAT-R042-Q02-INAD_0,INADMISSIBLE,SAT_FALSE,NH2-ALTERNATIVE-MIXED_SAT-R042_inad_0,REJECT_INADMISSIBLE,EXECUTE_ONLY_IF_R3_MEASURES_INADMISSIBLE_COST,NEEDS_WAREHOUSE_BINDING_R3
NH2-ALTERNATIVE-MIXED_SAT-R042,val,7,NH2-ALTERNATIVE-MIXED_SAT-R042-Q07-INAD_2,INADMISSIBLE,SAT_FALSE,NH2-ALTERNATIVE-MIXED_SAT-R042_inad_2,REJECT_INADMISSIBLE,EXECUTE_ONLY_IF_R3_MEASURES_INADMISSIBLE_COST,NEEDS_WAREHOUSE_BINDING_R3
NH2-ALTERNATIVE-MIXED_SAT-R042,val,12,NH2-ALTERNATIVE-MIXED_SAT-R042-Q12-INAD_1,INADMISSIBLE,SAT_FALSE,NH2-ALTERNATIVE-MIXED_SAT-R042_inad_1,REJECT_INADMISSIBLE,EXECUTE_ONLY_IF_R3_MEASURES_INADMISSIBLE_COST,NEEDS_WAREHOUSE_BINDING_R3
NH2-ALTERNATIVE-MIXED_SAT-R043,val,11,NH2-ALTERNATIVE-MIXED_SAT-R043-Q11-INAD_2,INADMISSIBLE,SAT_FALSE,NH2-ALTERNATIVE-MIXED_SAT-R043_inad_2,REJECT_INADMISSIBLE,EXECUTE_ONLY_IF_R3_MEASURES_INADMISSIBLE_COST,NEEDS_WAREHOUSE_BINDING_R3
NH2-ALTERNATIVE-MIXED_SAT-R043,val,12,NH2-ALTERNATIVE-MIXED_SAT-R043-Q12-INAD_1,INADMISSIBLE,SAT_FALSE,NH2-ALTERNATIVE-MIXED_SAT-R043_inad_1,REJECT_INADMISSIBLE,EXECUTE_ONLY_IF_R3_MEASURES_INADMISSIBLE_COST,NEEDS_WAREHOUSE_BINDING_R3
NH2-ALTERNATIVE-MIXED_SAT-R043,val,19,NH2-ALTERNATIVE-MIXED_SAT-R043-Q19-INAD_0,INADMISSIBLE,SAT_FALSE,NH2-ALTERNATIVE-MIXED_SAT-R043_inad_0,REJECT_INADMISSIBLE,EXECUTE_ONLY_IF_R3_MEASURES_INADMISSIBLE_COST,NEEDS_WAREHOUSE_BINDING_R3
NH2-ALTERNATIVE-MIXED_SAT-R044,val,8,NH2-ALTERNATIVE-MIXED_SAT-R044-Q08-INAD_0,INADMISSIBLE,SAT_FALSE,NH2-ALTERNATIVE-MIXED_SAT-R044_inad_0,REJECT_INADMISSIBLE,EXECUTE_ONLY_IF_R3_MEASURES_INADMISSIBLE_COST,NEEDS_WAREHOUSE_BINDING_R3
NH2-ALTERNATIVE-MIXED_SAT-R044,val,14,NH2-ALTERNATIVE-MIXED_SAT-R044-Q14-INAD_1,INADMISSIBLE,SAT_FALSE,NH2-ALTERNATIVE-MIXED_SAT-R044_inad_1,REJECT_INADMISSIBLE,EXECUTE_ONLY_IF_R3_MEASURES_INADMISSIBLE_COST,NEEDS_WAREHOUSE_BINDING_R3
NH2-ALTERNATIVE-MIXED_SAT-R044,val,21,NH2-ALTERNATIVE-MIXED_SAT-R044-Q21-INAD_2,INADMISSIBLE,SAT_FALSE,NH2-ALTERNATIVE-MIXED_SAT-R044_inad_2,REJECT_INADMISSIBLE,EXECUTE_ONLY_IF_R3_MEASURES_INADMISSIBLE_COST,NEEDS_WAREHOUSE_BINDING_R3
NH2-ALTERNATIVE-MIXED_SAT-R045,val,10,NH2-ALTERNATIVE-MIXED_SAT-R045-Q10-INAD_2,INADMISSIBLE,SAT_FALSE,NH2-ALTERNATIVE-MIXED_SAT-R045_inad_2,REJECT_INADMISSIBLE,EXECUTE_ONLY_IF_R3_MEASURES_INADMISSIBLE_COST,NEEDS_WAREHOUSE_BINDING_R3
NH2-ALTERNATIVE-MIXED_SAT-R045,val,17,NH2-ALTERNATIVE-MIXED_SAT-R045-Q17-INAD_1,INADMISSIBLE,SAT_FALSE,NH2-ALTERNATIVE-MIXED_SAT-R045_inad_1,REJECT_INADMISSIBLE,EXECUTE_ONLY_IF_R3_MEASURES_INADMISSIBLE_COST,NEEDS_WAREHOUSE_BINDING_R3
NH2-ALTERNATIVE-MIXED_SAT-R045,val,20,NH2-ALTERNATIVE-MIXED_SAT-R045-Q20-INAD_0,INADMISSIBLE,SAT_FALSE,NH2-ALTERNATIVE-MIXED_SAT-R045_inad_0,REJECT_INADMISSIBLE,EXECUTE_ONLY_IF_R3_MEASURES_INADMISSIBLE_COST,NEEDS_WAREHOUSE_BINDING_R3
NH2-ALTERNATIVE-MIXED_SAT-R046,test,8,NH2-ALTERNATIVE-MIXED_SAT-R046-Q08-INAD_1,INADMISSIBLE,SAT_FALSE,NH2-ALTERNATIVE-MIXED_SAT-R046_inad_1,REJECT_INADMISSIBLE,EXECUTE_ONLY_IF_R3_MEASURES_INADMISSIBLE_COST,NEEDS_WAREHOUSE_BINDING_R3
NH2-ALTERNATIVE-MIXED_SAT-R046,test,15,NH2-ALTERNATIVE-MIXED_SAT-R046-Q15-INAD_2,INADMISSIBLE,SAT_FALSE,NH2-ALTERNATIVE-MIXED_SAT-R046_inad_2,REJECT_INADMISSIBLE,EXECUTE_ONLY_IF_R3_MEASURES_INADMISSIBLE_COST,NEEDS_WAREHOUSE_BINDING_R3
NH2-ALTERNATIVE-MIXED_SAT-R046,test,17,NH2-ALTERNATIVE-MIXED_SAT-R046-Q17-INAD_0,INADMISSIBLE,SAT_FALSE,NH2-ALTERNATIVE-MIXED_SAT-R046_inad_0,REJECT_INADMISSIBLE,EXECUTE_ONLY_IF_R3_MEASURES_INADMISSIBLE_COST,NEEDS_WAREHOUSE_BINDING_R3
NH2-ALTERNATIVE-MIXED_SAT-R047,test,8,NH2-ALTERNATIVE-MIXED_SAT-R047-Q08-INAD_0,INADMISSIBLE,SAT_FALSE,NH2-ALTERNATIVE-MIXED_SAT-R047_inad_0,REJECT_INADMISSIBLE,EXECUTE_ONLY_IF_R3_MEASURES_INADMISSIBLE_COST,NEEDS_WAREHOUSE_BINDING_R3
NH2-ALTERNATIVE-MIXED_SAT-R047,test,17,NH2-ALTERNATIVE-MIXED_SAT-R047-Q17-INAD_2,INADMISSIBLE,SAT_FALSE,NH2-ALTERNATIVE-MIXED_SAT-R047_inad_2,REJECT_INADMISSIBLE,EXECUTE_ONLY_IF_R3_MEASURES_INADMISSIBLE_COST,NEEDS_WAREHOUSE_BINDING_R3
NH2-ALTERNATIVE-MIXED_SAT-R047,test,20,NH2-ALTERNATIVE-MIXED_SAT-R047-Q20-INAD_1,INADMISSIBLE,SAT_FALSE,NH2-ALTERNATIVE-MIXED_SAT-R047_inad_1,REJECT_INADMISSIBLE,EXECUTE_ONLY_IF_R3_MEASURES_INADMISSIBLE_COST,NEEDS_WAREHOUSE_BINDING_R3
NH2-ALTERNATIVE-MIXED_SAT-R048,test,3,NH2-ALTERNATIVE-MIXED_SAT-R048-Q03-INAD_1,INADMISSIBLE,SAT_FALSE,NH2-ALTERNATIVE-MIXED_SAT-R048_inad_1,REJECT_INADMISSIBLE,EXECUTE_ONLY_IF_R3_MEASURES_INADMISSIBLE_COST,NEEDS_WAREHOUSE_BINDING_R3
NH2-ALTERNATIVE-MIXED_SAT-R048,test,6,NH2-ALTERNATIVE-MIXED_SAT-R048-Q06-INAD_0,INADMISSIBLE,SAT_FALSE,NH2-ALTERNATIVE-MIXED_SAT-R048_inad_0,REJECT_INADMISSIBLE,EXECUTE_ONLY_IF_R3_MEASURES_INADMISSIBLE_COST,NEEDS_WAREHOUSE_BINDING_R3
NH2-ALTERNATIVE-MIXED_SAT-R048,test,7,NH2-ALTERNATIVE-MIXED_SAT-R048-Q07-INAD_2,INADMISSIBLE,SAT_FALSE,NH2-ALTERNATIVE-MIXED_SAT-R048_inad_2,REJECT_INADMISSIBLE,EXECUTE_ONLY_IF_R3_MEASURES_INADMISSIBLE_COST,NEEDS_WAREHOUSE_BINDING_R3
NH2-ALTERNATIVE-MIXED_SAT-R049,test,9,NH2-ALTERNATIVE-MIXED_SAT-R049-Q09-INAD_2,INADMISSIBLE,SAT_FALSE,NH2-ALTERNATIVE-MIXED_SAT-R049_inad_2,REJECT_INADMISSIBLE,EXECUTE_ONLY_IF_R3_MEASURES_INADMISSIBLE_COST,NEEDS_WAREHOUSE_BINDING_R3
NH2-ALTERNATIVE-MIXED_SAT-R049,test,11,NH2-ALTERNATIVE-MIXED_SAT-R049-Q11-INAD_1,INADMISSIBLE,SAT_FALSE,NH2-ALTERNATIVE-MIXED_SAT-R049_inad_1,REJECT_INADMISSIBLE,EXECUTE_ONLY_IF_R3_MEASURES_INADMISSIBLE_COST,NEEDS_WAREHOUSE_BINDING_R3
NH2-ALTERNATIVE-MIXED_SAT-R049,test,16,NH2-ALTERNATIVE-MIXED_SAT-R049-Q16-INAD_0,INADMISSIBLE,SAT_FALSE,NH2-ALTERNATIVE-MIXED_SAT-R049_inad_0,REJECT_INADMISSIBLE,EXECUTE_ONLY_IF_R3_MEASURES_INADMISSIBLE_COST,NEEDS_WAREHOUSE_BINDING_R3
NH2-ALTERNATIVE-MIXED_SAT-R050,test,5,NH2-ALTERNATIVE-MIXED_SAT-R050-Q05-INAD_2,INADMISSIBLE,SAT_FALSE,NH2-ALTERNATIVE-MIXED_SAT-R050_inad_2,REJECT_INADMISSIBLE,EXECUTE_ONLY_IF_R3_MEASURES_INADMISSIBLE_COST,NEEDS_WAREHOUSE_BINDING_R3
NH2-ALTERNATIVE-MIXED_SAT-R050,test,9,NH2-ALTERNATIVE-MIXED_SAT-R050-Q09-INAD_1,INADMISSIBLE,SAT_FALSE,NH2-ALTERNATIVE-MIXED_SAT-R050_inad_1,REJECT_INADMISSIBLE,EXECUTE_ONLY_IF_R3_MEASURES_INADMISSIBLE_COST,NEEDS_WAREHOUSE_BINDING_R3
NH2-ALTERNATIVE-MIXED_SAT-R050,test,15,NH2-ALTERNATIVE-MIXED_SAT-R050-Q15-INAD_0,INADMISSIBLE,SAT_FALSE,NH2-ALTERNATIVE-MIXED_SAT-R050_inad_0,REJECT_INADMISSIBLE,EXECUTE_ONLY_IF_R3_MEASURES_INADMISSIBLE_COST,NEEDS_WAREHOUSE_BINDING_R3
NH2-ALTERNATIVE-MIXED_SAT-R051,test,4,NH2-ALTERNATIVE-MIXED_SAT-R051-Q04-INAD_0,INADMISSIBLE,SAT_FALSE,NH2-ALTERNATIVE-MIXED_SAT-R051_inad_0,REJECT_INADMISSIBLE,EXECUTE_ONLY_IF_R3_MEASURES_INADMISSIBLE_COST,NEEDS_WAREHOUSE_BINDING_R3
NH2-ALTERNATIVE-MIXED_SAT-R051,test,6,NH2-ALTERNATIVE-MIXED_SAT-R051-Q06-INAD_2,INADMISSIBLE,SAT_FALSE,NH2-ALTERNATIVE-MIXED_SAT-R051_inad_2,REJECT_INADMISSIBLE,EXECUTE_ONLY_IF_R3_MEASURES_INADMISSIBLE_COST,NEEDS_WAREHOUSE_BINDING_R3
NH2-ALTERNATIVE-MIXED_SAT-R051,test,10,NH2-ALTERNATIVE-MIXED_SAT-R051-Q10-INAD_1,INADMISSIBLE,SAT_FALSE,NH2-ALTERNATIVE-MIXED_SAT-R051_inad_1,REJECT_INADMISSIBLE,EXECUTE_ONLY_IF_R3_MEASURES_INADMISSIBLE_COST,NEEDS_WAREHOUSE_BINDING_R3
NH2-ALTERNATIVE-MIXED_SAT-R052,test,9,NH2-ALTERNATIVE-MIXED_SAT-R052-Q09-INAD_2,INADMISSIBLE,SAT_FALSE,NH2-ALTERNATIVE-MIXED_SAT-R052_inad_2,REJECT_INADMISSIBLE,EXECUTE_ONLY_IF_R3_MEASURES_INADMISSIBLE_COST,NEEDS_WAREHOUSE_BINDING_R3
NH2-ALTERNATIVE-MIXED_SAT-R052,test,18,NH2-ALTERNATIVE-MIXED_SAT-R052-Q18-INAD_0,INADMISSIBLE,SAT_FALSE,NH2-ALTERNATIVE-MIXED_SAT-R052_inad_0,REJECT_INADMISSIBLE,EXECUTE_ONLY_IF_R3_MEASURES_INADMISSIBLE_COST,NEEDS_WAREHOUSE_BINDING_R3
NH2-ALTERNATIVE-MIXED_SAT-R052,test,22,NH2-ALTERNATIVE-MIXED_SAT-R052-Q22-INAD_1,INADMISSIBLE,SAT_FALSE,NH2-ALTERNATIVE-MIXED_SAT-R052_inad_1,REJECT_INADMISSIBLE,EXECUTE_ONLY_IF_R3_MEASURES_INADMISSIBLE_COST,NEEDS_WAREHOUSE_BINDING_R3
NH2-ALTERNATIVE-MIXED_SAT-R053,test,1,NH2-ALTERNATIVE-MIXED_SAT-R053-Q01-INAD_0,INADMISSIBLE,SAT_FALSE,NH2-ALTERNATIVE-MIXED_SAT-R053_inad_0,REJECT_INADMISSIBLE,EXECUTE_ONLY_IF_R3_MEASURES_INADMISSIBLE_COST,NEEDS_WAREHOUSE_BINDING_R3
NH2-ALTERNATIVE-MIXED_SAT-R053,test,4,NH2-ALTERNATIVE-MIXED_SAT-R053-Q04-INAD_2,INADMISSIBLE,SAT_FALSE,NH2-ALTERNATIVE-MIXED_SAT-R053_inad_2,REJECT_INADMISSIBLE,EXECUTE_ONLY_IF_R3_MEASURES_INADMISSIBLE_COST,NEEDS_WAREHOUSE_BINDING_R3
NH2-ALTERNATIVE-MIXED_SAT-R053,test,23,NH2-ALTERNATIVE-MIXED_SAT-R053-Q23-INAD_1,INADMISSIBLE,SAT_FALSE,NH2-ALTERNATIVE-MIXED_SAT-R053_inad_1,REJECT_INADMISSIBLE,EXECUTE_ONLY_IF_R3_MEASURES_INADMISSIBLE_COST,NEEDS_WAREHOUSE_BINDING_R3
NH2-ALTERNATIVE-MIXED_SAT-R054,test,7,NH2-ALTERNATIVE-MIXED_SAT-R054-Q07-INAD_1,INADMISSIBLE,SAT_FALSE,NH2-ALTERNATIVE-MIXED_SAT-R054_inad_1,REJECT_INADMISSIBLE,EXECUTE_ONLY_IF_R3_MEASURES_INADMISSIBLE_COST,NEEDS_WAREHOUSE_BINDING_R3
NH2-ALTERNATIVE-MIXED_SAT-R054,test,11,NH2-ALTERNATIVE-MIXED_SAT-R054-Q11-INAD_2,INADMISSIBLE,SAT_FALSE,NH2-ALTERNATIVE-MIXED_SAT-R054_inad_2,REJECT_INADMISSIBLE,EXECUTE_ONLY_IF_R3_MEASURES_INADMISSIBLE_COST,NEEDS_WAREHOUSE_BINDING_R3
NH2-ALTERNATIVE-MIXED_SAT-R054,test,19,NH2-ALTERNATIVE-MIXED_SAT-R054-Q19-INAD_0,INADMISSIBLE,SAT_FALSE,NH2-ALTERNATIVE-MIXED_SAT-R054_inad_0,REJECT_INADMISSIBLE,EXECUTE_ONLY_IF_R3_MEASURES_INADMISSIBLE_COST,NEEDS_WAREHOUSE_BINDING_R3
NH2-ALTERNATIVE-MIXED_SAT-R055,test,11,NH2-ALTERNATIVE-MIXED_SAT-R055-Q11-INAD_2,INADMISSIBLE,SAT_FALSE,NH2-ALTERNATIVE-MIXED_SAT-R055_inad_2,REJECT_INADMISSIBLE,EXECUTE_ONLY_IF_R3_MEASURES_INADMISSIBLE_COST,NEEDS_WAREHOUSE_BINDING_R3
NH2-ALTERNATIVE-MIXED_SAT-R055,test,13,NH2-ALTERNATIVE-MIXED_SAT-R055-Q13-INAD_0,INADMISSIBLE,SAT_FALSE,NH2-ALTERNATIVE-MIXED_SAT-R055_inad_0,REJECT_INADMISSIBLE,EXECUTE_ONLY_IF_R3_MEASURES_INADMISSIBLE_COST,NEEDS_WAREHOUSE_BINDING_R3
NH2-ALTERNATIVE-MIXED_SAT-R055,test,22,NH2-ALTERNATIVE-MIXED_SAT-R055-Q22-INAD_1,INADMISSIBLE,SAT_FALSE,NH2-ALTERNATIVE-MIXED_SAT-R055_inad_1,REJECT_INADMISSIBLE,EXECUTE_ONLY_IF_R3_MEASURES_INADMISSIBLE_COST,NEEDS_WAREHOUSE_BINDING_R3
NH2-ALTERNATIVE-MIXED_SAT-R056,test,12,NH2-ALTERNATIVE-MIXED_SAT-R056-Q12-INAD_1,INADMISSIBLE,SAT_FALSE,NH2-ALTERNATIVE-MIXED_SAT-R056_inad_1,REJECT_INADMISSIBLE,EXECUTE_ONLY_IF_R3_MEASURES_INADMISSIBLE_COST,NEEDS_WAREHOUSE_BINDING_R3
NH2-ALTERNATIVE-MIXED_SAT-R056,test,15,NH2-ALTERNATIVE-MIXED_SAT-R056-Q15-INAD_2,INADMISSIBLE,SAT_FALSE,NH2-ALTERNATIVE-MIXED_SAT-R056_inad_2,REJECT_INADMISSIBLE,EXECUTE_ONLY_IF_R3_MEASURES_INADMISSIBLE_COST,NEEDS_WAREHOUSE_BINDING_R3
NH2-ALTERNATIVE-MIXED_SAT-R056,test,18,NH2-ALTERNATIVE-MIXED_SAT-R056-Q18-INAD_0,INADMISSIBLE,SAT_FALSE,NH2-ALTERNATIVE-MIXED_SAT-R056_inad_0,REJECT_INADMISSIBLE,EXECUTE_ONLY_IF_R3_MEASURES_INADMISSIBLE_COST,NEEDS_WAREHOUSE_BINDING_R3
NH2-ALTERNATIVE-MIXED_SAT-R057,test,8,NH2-ALTERNATIVE-MIXED_SAT-R057-Q08-INAD_1,INADMISSIBLE,SAT_FALSE,NH2-ALTERNATIVE-MIXED_SAT-R057_inad_1,REJECT_INADMISSIBLE,EXECUTE_ONLY_IF_R3_MEASURES_INADMISSIBLE_COST,NEEDS_WAREHOUSE_BINDING_R3
NH2-ALTERNATIVE-MIXED_SAT-R057,test,10,NH2-ALTERNATIVE-MIXED_SAT-R057-Q10-INAD_0,INADMISSIBLE,SAT_FALSE,NH2-ALTERNATIVE-MIXED_SAT-R057_inad_0,REJECT_INADMISSIBLE,EXECUTE_ONLY_IF_R3_MEASURES_INADMISSIBLE_COST,NEEDS_WAREHOUSE_BINDING_R3
NH2-ALTERNATIVE-MIXED_SAT-R057,test,13,NH2-ALTERNATIVE-MIXED_SAT-R057-Q13-INAD_2,INADMISSIBLE,SAT_FALSE,NH2-ALTERNATIVE-MIXED_SAT-R057_inad_2,REJECT_INADMISSIBLE,EXECUTE_ONLY_IF_R3_MEASURES_INADMISSIBLE_COST,NEEDS_WAREHOUSE_BINDING_R3
NH2-ALTERNATIVE-MIXED_SAT-R058,test,7,NH2-ALTERNATIVE-MIXED_SAT-R058-Q07-INAD_2,INADMISSIBLE,SAT_FALSE,NH2-ALTERNATIVE-MIXED_SAT-R058_inad_2,REJECT_INADMISSIBLE,EXECUTE_ONLY_IF_R3_MEASURES_INADMISSIBLE_COST,NEEDS_WAREHOUSE_BINDING_R3
NH2-ALTERNATIVE-MIXED_SAT-R058,test,16,NH2-ALTERNATIVE-MIXED_SAT-R058-Q16-INAD_1,INADMISSIBLE,SAT_FALSE,NH2-ALTERNATIVE-MIXED_SAT-R058_inad_1,REJECT_INADMISSIBLE,EXECUTE_ONLY_IF_R3_MEASURES_INADMISSIBLE_COST,NEEDS_WAREHOUSE_BINDING_R3
NH2-ALTERNATIVE-MIXED_SAT-R058,test,23,NH2-ALTERNATIVE-MIXED_SAT-R058-Q23-INAD_0,INADMISSIBLE,SAT_FALSE,NH2-ALTERNATIVE-MIXED_SAT-R058_inad_0,REJECT_INADMISSIBLE,EXECUTE_ONLY_IF_R3_MEASURES_INADMISSIBLE_COST,NEEDS_WAREHOUSE_BINDING_R3
NH2-ALTERNATIVE-MIXED_SAT-R059,test,2,NH2-ALTERNATIVE-MIXED_SAT-R059-Q02-INAD_0,INADMISSIBLE,SAT_FALSE,NH2-ALTERNATIVE-MIXED_SAT-R059_inad_0,REJECT_INADMISSIBLE,EXECUTE_ONLY_IF_R3_MEASURES_INADMISSIBLE_COST,NEEDS_WAREHOUSE_BINDING_R3
NH2-ALTERNATIVE-MIXED_SAT-R059,test,9,NH2-ALTERNATIVE-MIXED_SAT-R059-Q09-INAD_1,INADMISSIBLE,SAT_FALSE,NH2-ALTERNATIVE-MIXED_SAT-R059_inad_1,REJECT_INADMISSIBLE,EXECUTE_ONLY_IF_R3_MEASURES_INADMISSIBLE_COST,NEEDS_WAREHOUSE_BINDING_R3
NH2-ALTERNATIVE-MIXED_SAT-R059,test,20,NH2-ALTERNATIVE-MIXED_SAT-R059-Q20-INAD_2,INADMISSIBLE,SAT_FALSE,NH2-ALTERNATIVE-MIXED_SAT-R059_inad_2,REJECT_INADMISSIBLE,EXECUTE_ONLY_IF_R3_MEASURES_INADMISSIBLE_COST,NEEDS_WAREHOUSE_BINDING_R3
NH2-ALTERNATIVE-MIXED_SAT-R060,test,8,NH2-ALTERNATIVE-MIXED_SAT-R060-Q08-INAD_2,INADMISSIBLE,SAT_FALSE,NH2-ALTERNATIVE-MIXED_SAT-R060_inad_2,REJECT_INADMISSIBLE,EXECUTE_ONLY_IF_R3_MEASURES_INADMISSIBLE_COST,NEEDS_WAREHOUSE_BINDING_R3
NH2-ALTERNATIVE-MIXED_SAT-R060,test,9,NH2-ALTERNATIVE-MIXED_SAT-R060-Q09-INAD_1,INADMISSIBLE,SAT_FALSE,NH2-ALTERNATIVE-MIXED_SAT-R060_inad_1,REJECT_INADMISSIBLE,EXECUTE_ONLY_IF_R3_MEASURES_INADMISSIBLE_COST,NEEDS_WAREHOUSE_BINDING_R3
NH2-ALTERNATIVE-MIXED_SAT-R060,test,24,NH2-ALTERNATIVE-MIXED_SAT-R060-Q24-INAD_0,INADMISSIBLE,SAT_FALSE,NH2-ALTERNATIVE-MIXED_SAT-R060_inad_0,REJECT_INADMISSIBLE,EXECUTE_ONLY_IF_R3_MEASURES_INADMISSIBLE_COST,NEEDS_WAREHOUSE_BINDING_R3
NH2-OVERLAP-ORDERED-R001,dev,17,NH2-OVERLAP-ORDERED-R001-Q17-INAD_0,INADMISSIBLE,SAT_FALSE,NH2-OVERLAP-ORDERED-R001_inad_0,REJECT_INADMISSIBLE,EXECUTE_ONLY_IF_R3_MEASURES_INADMISSIBLE_COST,NEEDS_WAREHOUSE_BINDING_R3
NH2-OVERLAP-ORDERED-R001,dev,18,NH2-OVERLAP-ORDERED-R001-Q18-INAD_1,INADMISSIBLE,SAT_FALSE,NH2-OVERLAP-ORDERED-R001_inad_1,REJECT_INADMISSIBLE,EXECUTE_ONLY_IF_R3_MEASURES_INADMISSIBLE_COST,NEEDS_WAREHOUSE_BINDING_R3
NH2-OVERLAP-ORDERED-R002,dev,17,NH2-OVERLAP-ORDERED-R002-Q17-INAD_0,INADMISSIBLE,SAT_FALSE,NH2-OVERLAP-ORDERED-R002_inad_0,REJECT_INADMISSIBLE,EXECUTE_ONLY_IF_R3_MEASURES_INADMISSIBLE_COST,NEEDS_WAREHOUSE_BINDING_R3
NH2-OVERLAP-ORDERED-R002,dev,18,NH2-OVERLAP-ORDERED-R002-Q18-INAD_1,INADMISSIBLE,SAT_FALSE,NH2-OVERLAP-ORDERED-R002_inad_1,REJECT_INADMISSIBLE,EXECUTE_ONLY_IF_R3_MEASURES_INADMISSIBLE_COST,NEEDS_WAREHOUSE_BINDING_R3
NH2-OVERLAP-ORDERED-R003,dev,17,NH2-OVERLAP-ORDERED-R003-Q17-INAD_0,INADMISSIBLE,SAT_FALSE,NH2-OVERLAP-ORDERED-R003_inad_0,REJECT_INADMISSIBLE,EXECUTE_ONLY_IF_R3_MEASURES_INADMISSIBLE_COST,NEEDS_WAREHOUSE_BINDING_R3
NH2-OVERLAP-ORDERED-R003,dev,18,NH2-OVERLAP-ORDERED-R003-Q18-INAD_1,INADMISSIBLE,SAT_FALSE,NH2-OVERLAP-ORDERED-R003_inad_1,REJECT_INADMISSIBLE,EXECUTE_ONLY_IF_R3_MEASURES_INADMISSIBLE_COST,NEEDS_WAREHOUSE_BINDING_R3
NH2-OVERLAP-ORDERED-R004,dev,17,NH2-OVERLAP-ORDERED-R004-Q17-INAD_0,INADMISSIBLE,SAT_FALSE,NH2-OVERLAP-ORDERED-R004_inad_0,REJECT_INADMISSIBLE,EXECUTE_ONLY_IF_R3_MEASURES_INADMISSIBLE_COST,NEEDS_WAREHOUSE_BINDING_R3
NH2-OVERLAP-ORDERED-R004,dev,18,NH2-OVERLAP-ORDERED-R004-Q18-INAD_1,INADMISSIBLE,SAT_FALSE,NH2-OVERLAP-ORDERED-R004_inad_1,REJECT_INADMISSIBLE,EXECUTE_ONLY_IF_R3_MEASURES_INADMISSIBLE_COST,NEEDS_WAREHOUSE_BINDING_R3
NH2-OVERLAP-ORDERED-R005,dev,17,NH2-OVERLAP-ORDERED-R005-Q17-INAD_0,INADMISSIBLE,SAT_FALSE,NH2-OVERLAP-ORDERED-R005_inad_0,REJECT_INADMISSIBLE,EXECUTE_ONLY_IF_R3_MEASURES_INADMISSIBLE_COST,NEEDS_WAREHOUSE_BINDING_R3
NH2-OVERLAP-ORDERED-R005,dev,18,NH2-OVERLAP-ORDERED-R005-Q18-INAD_1,INADMISSIBLE,SAT_FALSE,NH2-OVERLAP-ORDERED-R005_inad_1,REJECT_INADMISSIBLE,EXECUTE_ONLY_IF_R3_MEASURES_INADMISSIBLE_COST,NEEDS_WAREHOUSE_BINDING_R3
NH2-OVERLAP-ORDERED-R006,dev,17,NH2-OVERLAP-ORDERED-R006-Q17-INAD_0,INADMISSIBLE,SAT_FALSE,NH2-OVERLAP-ORDERED-R006_inad_0,REJECT_INADMISSIBLE,EXECUTE_ONLY_IF_R3_MEASURES_INADMISSIBLE_COST,NEEDS_WAREHOUSE_BINDING_R3
NH2-OVERLAP-ORDERED-R006,dev,18,NH2-OVERLAP-ORDERED-R006-Q18-INAD_1,INADMISSIBLE,SAT_FALSE,NH2-OVERLAP-ORDERED-R006_inad_1,REJECT_INADMISSIBLE,EXECUTE_ONLY_IF_R3_MEASURES_INADMISSIBLE_COST,NEEDS_WAREHOUSE_BINDING_R3
NH2-OVERLAP-ORDERED-R007,dev,17,NH2-OVERLAP-ORDERED-R007-Q17-INAD_0,INADMISSIBLE,SAT_FALSE,NH2-OVERLAP-ORDERED-R007_inad_0,REJECT_INADMISSIBLE,EXECUTE_ONLY_IF_R3_MEASURES_INADMISSIBLE_COST,NEEDS_WAREHOUSE_BINDING_R3
NH2-OVERLAP-ORDERED-R007,dev,18,NH2-OVERLAP-ORDERED-R007-Q18-INAD_1,INADMISSIBLE,SAT_FALSE,NH2-OVERLAP-ORDERED-R007_inad_1,REJECT_INADMISSIBLE,EXECUTE_ONLY_IF_R3_MEASURES_INADMISSIBLE_COST,NEEDS_WAREHOUSE_BINDING_R3
NH2-OVERLAP-ORDERED-R008,dev,17,NH2-OVERLAP-ORDERED-R008-Q17-INAD_0,INADMISSIBLE,SAT_FALSE,NH2-OVERLAP-ORDERED-R008_inad_0,REJECT_INADMISSIBLE,EXECUTE_ONLY_IF_R3_MEASURES_INADMISSIBLE_COST,NEEDS_WAREHOUSE_BINDING_R3
NH2-OVERLAP-ORDERED-R008,dev,18,NH2-OVERLAP-ORDERED-R008-Q18-INAD_1,INADMISSIBLE,SAT_FALSE,NH2-OVERLAP-ORDERED-R008_inad_1,REJECT_INADMISSIBLE,EXECUTE_ONLY_IF_R3_MEASURES_INADMISSIBLE_COST,NEEDS_WAREHOUSE_BINDING_R3
NH2-OVERLAP-ORDERED-R009,dev,17,NH2-OVERLAP-ORDERED-R009-Q17-INAD_0,INADMISSIBLE,SAT_FALSE,NH2-OVERLAP-ORDERED-R009_inad_0,REJECT_INADMISSIBLE,EXECUTE_ONLY_IF_R3_MEASURES_INADMISSIBLE_COST,NEEDS_WAREHOUSE_BINDING_R3
NH2-OVERLAP-ORDERED-R009,dev,18,NH2-OVERLAP-ORDERED-R009-Q18-INAD_1,INADMISSIBLE,SAT_FALSE,NH2-OVERLAP-ORDERED-R009_inad_1,REJECT_INADMISSIBLE,EXECUTE_ONLY_IF_R3_MEASURES_INADMISSIBLE_COST,NEEDS_WAREHOUSE_BINDING_R3
NH2-OVERLAP-ORDERED-R010,dev,17,NH2-OVERLAP-ORDERED-R010-Q17-INAD_0,INADMISSIBLE,SAT_FALSE,NH2-OVERLAP-ORDERED-R010_inad_0,REJECT_INADMISSIBLE,EXECUTE_ONLY_IF_R3_MEASURES_INADMISSIBLE_COST,NEEDS_WAREHOUSE_BINDING_R3
NH2-OVERLAP-ORDERED-R010,dev,18,NH2-OVERLAP-ORDERED-R010-Q18-INAD_1,INADMISSIBLE,SAT_FALSE,NH2-OVERLAP-ORDERED-R010_inad_1,REJECT_INADMISSIBLE,EXECUTE_ONLY_IF_R3_MEASURES_INADMISSIBLE_COST,NEEDS_WAREHOUSE_BINDING_R3
NH2-OVERLAP-ORDERED-R011,dev,17,NH2-OVERLAP-ORDERED-R011-Q17-INAD_0,INADMISSIBLE,SAT_FALSE,NH2-OVERLAP-ORDERED-R011_inad_0,REJECT_INADMISSIBLE,EXECUTE_ONLY_IF_R3_MEASURES_INADMISSIBLE_COST,NEEDS_WAREHOUSE_BINDING_R3
NH2-OVERLAP-ORDERED-R011,dev,18,NH2-OVERLAP-ORDERED-R011-Q18-INAD_1,INADMISSIBLE,SAT_FALSE,NH2-OVERLAP-ORDERED-R011_inad_1,REJECT_INADMISSIBLE,EXECUTE_ONLY_IF_R3_MEASURES_INADMISSIBLE_COST,NEEDS_WAREHOUSE_BINDING_R3
NH2-OVERLAP-ORDERED-R012,dev,17,NH2-OVERLAP-ORDERED-R012-Q17-INAD_0,INADMISSIBLE,SAT_FALSE,NH2-OVERLAP-ORDERED-R012_inad_0,REJECT_INADMISSIBLE,EXECUTE_ONLY_IF_R3_MEASURES_INADMISSIBLE_COST,NEEDS_WAREHOUSE_BINDING_R3
NH2-OVERLAP-ORDERED-R012,dev,18,NH2-OVERLAP-ORDERED-R012-Q18-INAD_1,INADMISSIBLE,SAT_FALSE,NH2-OVERLAP-ORDERED-R012_inad_1,REJECT_INADMISSIBLE,EXECUTE_ONLY_IF_R3_MEASURES_INADMISSIBLE_COST,NEEDS_WAREHOUSE_BINDING_R3
NH2-OVERLAP-ORDERED-R013,dev,17,NH2-OVERLAP-ORDERED-R013-Q17-INAD_0,INADMISSIBLE,SAT_FALSE,NH2-OVERLAP-ORDERED-R013_inad_0,REJECT_INADMISSIBLE,EXECUTE_ONLY_IF_R3_MEASURES_INADMISSIBLE_COST,NEEDS_WAREHOUSE_BINDING_R3
NH2-OVERLAP-ORDERED-R013,dev,18,NH2-OVERLAP-ORDERED-R013-Q18-INAD_1,INADMISSIBLE,SAT_FALSE,NH2-OVERLAP-ORDERED-R013_inad_1,REJECT_INADMISSIBLE,EXECUTE_ONLY_IF_R3_MEASURES_INADMISSIBLE_COST,NEEDS_WAREHOUSE_BINDING_R3
NH2-OVERLAP-ORDERED-R014,dev,17,NH2-OVERLAP-ORDERED-R014-Q17-INAD_0,INADMISSIBLE,SAT_FALSE,NH2-OVERLAP-ORDERED-R014_inad_0,REJECT_INADMISSIBLE,EXECUTE_ONLY_IF_R3_MEASURES_INADMISSIBLE_COST,NEEDS_WAREHOUSE_BINDING_R3
NH2-OVERLAP-ORDERED-R014,dev,18,NH2-OVERLAP-ORDERED-R014-Q18-INAD_1,INADMISSIBLE,SAT_FALSE,NH2-OVERLAP-ORDERED-R014_inad_1,REJECT_INADMISSIBLE,EXECUTE_ONLY_IF_R3_MEASURES_INADMISSIBLE_COST,NEEDS_WAREHOUSE_BINDING_R3
NH2-OVERLAP-ORDERED-R015,dev,17,NH2-OVERLAP-ORDERED-R015-Q17-INAD_0,INADMISSIBLE,SAT_FALSE,NH2-OVERLAP-ORDERED-R015_inad_0,REJECT_INADMISSIBLE,EXECUTE_ONLY_IF_R3_MEASURES_INADMISSIBLE_COST,NEEDS_WAREHOUSE_BINDING_R3
NH2-OVERLAP-ORDERED-R015,dev,18,NH2-OVERLAP-ORDERED-R015-Q18-INAD_1,INADMISSIBLE,SAT_FALSE,NH2-OVERLAP-ORDERED-R015_inad_1,REJECT_INADMISSIBLE,EXECUTE_ONLY_IF_R3_MEASURES_INADMISSIBLE_COST,NEEDS_WAREHOUSE_BINDING_R3
NH2-OVERLAP-ORDERED-R016,dev,17,NH2-OVERLAP-ORDERED-R016-Q17-INAD_0,INADMISSIBLE,SAT_FALSE,NH2-OVERLAP-ORDERED-R016_inad_0,REJECT_INADMISSIBLE,EXECUTE_ONLY_IF_R3_MEASURES_INADMISSIBLE_COST,NEEDS_WAREHOUSE_BINDING_R3
NH2-OVERLAP-ORDERED-R016,dev,18,NH2-OVERLAP-ORDERED-R016-Q18-INAD_1,INADMISSIBLE,SAT_FALSE,NH2-OVERLAP-ORDERED-R016_inad_1,REJECT_INADMISSIBLE,EXECUTE_ONLY_IF_R3_MEASURES_INADMISSIBLE_COST,NEEDS_WAREHOUSE_BINDING_R3
NH2-OVERLAP-ORDERED-R017,dev,17,NH2-OVERLAP-ORDERED-R017-Q17-INAD_0,INADMISSIBLE,SAT_FALSE,NH2-OVERLAP-ORDERED-R017_inad_0,REJECT_INADMISSIBLE,EXECUTE_ONLY_IF_R3_MEASURES_INADMISSIBLE_COST,NEEDS_WAREHOUSE_BINDING_R3
NH2-OVERLAP-ORDERED-R017,dev,18,NH2-OVERLAP-ORDERED-R017-Q18-INAD_1,INADMISSIBLE,SAT_FALSE,NH2-OVERLAP-ORDERED-R017_inad_1,REJECT_INADMISSIBLE,EXECUTE_ONLY_IF_R3_MEASURES_INADMISSIBLE_COST,NEEDS_WAREHOUSE_BINDING_R3
NH2-OVERLAP-ORDERED-R018,dev,17,NH2-OVERLAP-ORDERED-R018-Q17-INAD_0,INADMISSIBLE,SAT_FALSE,NH2-OVERLAP-ORDERED-R018_inad_0,REJECT_INADMISSIBLE,EXECUTE_ONLY_IF_R3_MEASURES_INADMISSIBLE_COST,NEEDS_WAREHOUSE_BINDING_R3
NH2-OVERLAP-ORDERED-R018,dev,18,NH2-OVERLAP-ORDERED-R018-Q18-INAD_1,INADMISSIBLE,SAT_FALSE,NH2-OVERLAP-ORDERED-R018_inad_1,REJECT_INADMISSIBLE,EXECUTE_ONLY_IF_R3_MEASURES_INADMISSIBLE_COST,NEEDS_WAREHOUSE_BINDING_R3
NH2-OVERLAP-ORDERED-R019,dev,17,NH2-OVERLAP-ORDERED-R019-Q17-INAD_0,INADMISSIBLE,SAT_FALSE,NH2-OVERLAP-ORDERED-R019_inad_0,REJECT_INADMISSIBLE,EXECUTE_ONLY_IF_R3_MEASURES_INADMISSIBLE_COST,NEEDS_WAREHOUSE_BINDING_R3
NH2-OVERLAP-ORDERED-R019,dev,18,NH2-OVERLAP-ORDERED-R019-Q18-INAD_1,INADMISSIBLE,SAT_FALSE,NH2-OVERLAP-ORDERED-R019_inad_1,REJECT_INADMISSIBLE,EXECUTE_ONLY_IF_R3_MEASURES_INADMISSIBLE_COST,NEEDS_WAREHOUSE_BINDING_R3
NH2-OVERLAP-ORDERED-R020,dev,17,NH2-OVERLAP-ORDERED-R020-Q17-INAD_0,INADMISSIBLE,SAT_FALSE,NH2-OVERLAP-ORDERED-R020_inad_0,REJECT_INADMISSIBLE,EXECUTE_ONLY_IF_R3_MEASURES_INADMISSIBLE_COST,NEEDS_WAREHOUSE_BINDING_R3
NH2-OVERLAP-ORDERED-R020,dev,18,NH2-OVERLAP-ORDERED-R020-Q18-INAD_1,INADMISSIBLE,SAT_FALSE,NH2-OVERLAP-ORDERED-R020_inad_1,REJECT_INADMISSIBLE,EXECUTE_ONLY_IF_R3_MEASURES_INADMISSIBLE_COST,NEEDS_WAREHOUSE_BINDING_R3
NH2-OVERLAP-ORDERED-R021,dev,17,NH2-OVERLAP-ORDERED-R021-Q17-INAD_0,INADMISSIBLE,SAT_FALSE,NH2-OVERLAP-ORDERED-R021_inad_0,REJECT_INADMISSIBLE,EXECUTE_ONLY_IF_R3_MEASURES_INADMISSIBLE_COST,NEEDS_WAREHOUSE_BINDING_R3
NH2-OVERLAP-ORDERED-R021,dev,18,NH2-OVERLAP-ORDERED-R021-Q18-INAD_1,INADMISSIBLE,SAT_FALSE,NH2-OVERLAP-ORDERED-R021_inad_1,REJECT_INADMISSIBLE,EXECUTE_ONLY_IF_R3_MEASURES_INADMISSIBLE_COST,NEEDS_WAREHOUSE_BINDING_R3
NH2-OVERLAP-ORDERED-R022,dev,17,NH2-OVERLAP-ORDERED-R022-Q17-INAD_0,INADMISSIBLE,SAT_FALSE,NH2-OVERLAP-ORDERED-R022_inad_0,REJECT_INADMISSIBLE,EXECUTE_ONLY_IF_R3_MEASURES_INADMISSIBLE_COST,NEEDS_WAREHOUSE_BINDING_R3
NH2-OVERLAP-ORDERED-R022,dev,18,NH2-OVERLAP-ORDERED-R022-Q18-INAD_1,INADMISSIBLE,SAT_FALSE,NH2-OVERLAP-ORDERED-R022_inad_1,REJECT_INADMISSIBLE,EXECUTE_ONLY_IF_R3_MEASURES_INADMISSIBLE_COST,NEEDS_WAREHOUSE_BINDING_R3
NH2-OVERLAP-ORDERED-R023,dev,17,NH2-OVERLAP-ORDERED-R023-Q17-INAD_0,INADMISSIBLE,SAT_FALSE,NH2-OVERLAP-ORDERED-R023_inad_0,REJECT_INADMISSIBLE,EXECUTE_ONLY_IF_R3_MEASURES_INADMISSIBLE_COST,NEEDS_WAREHOUSE_BINDING_R3
NH2-OVERLAP-ORDERED-R023,dev,18,NH2-OVERLAP-ORDERED-R023-Q18-INAD_1,INADMISSIBLE,SAT_FALSE,NH2-OVERLAP-ORDERED-R023_inad_1,REJECT_INADMISSIBLE,EXECUTE_ONLY_IF_R3_MEASURES_INADMISSIBLE_COST,NEEDS_WAREHOUSE_BINDING_R3
NH2-OVERLAP-ORDERED-R024,dev,17,NH2-OVERLAP-ORDERED-R024-Q17-INAD_0,INADMISSIBLE,SAT_FALSE,NH2-OVERLAP-ORDERED-R024_inad_0,REJECT_INADMISSIBLE,EXECUTE_ONLY_IF_R3_MEASURES_INADMISSIBLE_COST,NEEDS_WAREHOUSE_BINDING_R3
NH2-OVERLAP-ORDERED-R024,dev,18,NH2-OVERLAP-ORDERED-R024-Q18-INAD_1,INADMISSIBLE,SAT_FALSE,NH2-OVERLAP-ORDERED-R024_inad_1,REJECT_INADMISSIBLE,EXECUTE_ONLY_IF_R3_MEASURES_INADMISSIBLE_COST,NEEDS_WAREHOUSE_BINDING_R3
NH2-OVERLAP-ORDERED-R025,dev,17,NH2-OVERLAP-ORDERED-R025-Q17-INAD_0,INADMISSIBLE,SAT_FALSE,NH2-OVERLAP-ORDERED-R025_inad_0,REJECT_INADMISSIBLE,EXECUTE_ONLY_IF_R3_MEASURES_INADMISSIBLE_COST,NEEDS_WAREHOUSE_BINDING_R3
NH2-OVERLAP-ORDERED-R025,dev,18,NH2-OVERLAP-ORDERED-R025-Q18-INAD_1,INADMISSIBLE,SAT_FALSE,NH2-OVERLAP-ORDERED-R025_inad_1,REJECT_INADMISSIBLE,EXECUTE_ONLY_IF_R3_MEASURES_INADMISSIBLE_COST,NEEDS_WAREHOUSE_BINDING_R3
NH2-OVERLAP-ORDERED-R026,dev,17,NH2-OVERLAP-ORDERED-R026-Q17-INAD_0,INADMISSIBLE,SAT_FALSE,NH2-OVERLAP-ORDERED-R026_inad_0,REJECT_INADMISSIBLE,EXECUTE_ONLY_IF_R3_MEASURES_INADMISSIBLE_COST,NEEDS_WAREHOUSE_BINDING_R3
NH2-OVERLAP-ORDERED-R026,dev,18,NH2-OVERLAP-ORDERED-R026-Q18-INAD_1,INADMISSIBLE,SAT_FALSE,NH2-OVERLAP-ORDERED-R026_inad_1,REJECT_INADMISSIBLE,EXECUTE_ONLY_IF_R3_MEASURES_INADMISSIBLE_COST,NEEDS_WAREHOUSE_BINDING_R3
NH2-OVERLAP-ORDERED-R027,dev,17,NH2-OVERLAP-ORDERED-R027-Q17-INAD_0,INADMISSIBLE,SAT_FALSE,NH2-OVERLAP-ORDERED-R027_inad_0,REJECT_INADMISSIBLE,EXECUTE_ONLY_IF_R3_MEASURES_INADMISSIBLE_COST,NEEDS_WAREHOUSE_BINDING_R3
NH2-OVERLAP-ORDERED-R027,dev,18,NH2-OVERLAP-ORDERED-R027-Q18-INAD_1,INADMISSIBLE,SAT_FALSE,NH2-OVERLAP-ORDERED-R027_inad_1,REJECT_INADMISSIBLE,EXECUTE_ONLY_IF_R3_MEASURES_INADMISSIBLE_COST,NEEDS_WAREHOUSE_BINDING_R3
NH2-OVERLAP-ORDERED-R028,dev,17,NH2-OVERLAP-ORDERED-R028-Q17-INAD_0,INADMISSIBLE,SAT_FALSE,NH2-OVERLAP-ORDERED-R028_inad_0,REJECT_INADMISSIBLE,EXECUTE_ONLY_IF_R3_MEASURES_INADMISSIBLE_COST,NEEDS_WAREHOUSE_BINDING_R3
NH2-OVERLAP-ORDERED-R028,dev,18,NH2-OVERLAP-ORDERED-R028-Q18-INAD_1,INADMISSIBLE,SAT_FALSE,NH2-OVERLAP-ORDERED-R028_inad_1,REJECT_INADMISSIBLE,EXECUTE_ONLY_IF_R3_MEASURES_INADMISSIBLE_COST,NEEDS_WAREHOUSE_BINDING_R3
NH2-OVERLAP-ORDERED-R029,dev,17,NH2-OVERLAP-ORDERED-R029-Q17-INAD_0,INADMISSIBLE,SAT_FALSE,NH2-OVERLAP-ORDERED-R029_inad_0,REJECT_INADMISSIBLE,EXECUTE_ONLY_IF_R3_MEASURES_INADMISSIBLE_COST,NEEDS_WAREHOUSE_BINDING_R3
NH2-OVERLAP-ORDERED-R029,dev,18,NH2-OVERLAP-ORDERED-R029-Q18-INAD_1,INADMISSIBLE,SAT_FALSE,NH2-OVERLAP-ORDERED-R029_inad_1,REJECT_INADMISSIBLE,EXECUTE_ONLY_IF_R3_MEASURES_INADMISSIBLE_COST,NEEDS_WAREHOUSE_BINDING_R3
NH2-OVERLAP-ORDERED-R030,dev,17,NH2-OVERLAP-ORDERED-R030-Q17-INAD_0,INADMISSIBLE,SAT_FALSE,NH2-OVERLAP-ORDERED-R030_inad_0,REJECT_INADMISSIBLE,EXECUTE_ONLY_IF_R3_MEASURES_INADMISSIBLE_COST,NEEDS_WAREHOUSE_BINDING_R3
NH2-OVERLAP-ORDERED-R030,dev,18,NH2-OVERLAP-ORDERED-R030-Q18-INAD_1,INADMISSIBLE,SAT_FALSE,NH2-OVERLAP-ORDERED-R030_inad_1,REJECT_INADMISSIBLE,EXECUTE_ONLY_IF_R3_MEASURES_INADMISSIBLE_COST,NEEDS_WAREHOUSE_BINDING_R3
NH2-OVERLAP-ORDERED-R031,val,17,NH2-OVERLAP-ORDERED-R031-Q17-INAD_0,INADMISSIBLE,SAT_FALSE,NH2-OVERLAP-ORDERED-R031_inad_0,REJECT_INADMISSIBLE,EXECUTE_ONLY_IF_R3_MEASURES_INADMISSIBLE_COST,NEEDS_WAREHOUSE_BINDING_R3
NH2-OVERLAP-ORDERED-R031,val,18,NH2-OVERLAP-ORDERED-R031-Q18-INAD_1,INADMISSIBLE,SAT_FALSE,NH2-OVERLAP-ORDERED-R031_inad_1,REJECT_INADMISSIBLE,EXECUTE_ONLY_IF_R3_MEASURES_INADMISSIBLE_COST,NEEDS_WAREHOUSE_BINDING_R3
NH2-OVERLAP-ORDERED-R032,val,17,NH2-OVERLAP-ORDERED-R032-Q17-INAD_0,INADMISSIBLE,SAT_FALSE,NH2-OVERLAP-ORDERED-R032_inad_0,REJECT_INADMISSIBLE,EXECUTE_ONLY_IF_R3_MEASURES_INADMISSIBLE_COST,NEEDS_WAREHOUSE_BINDING_R3
NH2-OVERLAP-ORDERED-R032,val,18,NH2-OVERLAP-ORDERED-R032-Q18-INAD_1,INADMISSIBLE,SAT_FALSE,NH2-OVERLAP-ORDERED-R032_inad_1,REJECT_INADMISSIBLE,EXECUTE_ONLY_IF_R3_MEASURES_INADMISSIBLE_COST,NEEDS_WAREHOUSE_BINDING_R3
NH2-OVERLAP-ORDERED-R033,val,17,NH2-OVERLAP-ORDERED-R033-Q17-INAD_0,INADMISSIBLE,SAT_FALSE,NH2-OVERLAP-ORDERED-R033_inad_0,REJECT_INADMISSIBLE,EXECUTE_ONLY_IF_R3_MEASURES_INADMISSIBLE_COST,NEEDS_WAREHOUSE_BINDING_R3
NH2-OVERLAP-ORDERED-R033,val,18,NH2-OVERLAP-ORDERED-R033-Q18-INAD_1,INADMISSIBLE,SAT_FALSE,NH2-OVERLAP-ORDERED-R033_inad_1,REJECT_INADMISSIBLE,EXECUTE_ONLY_IF_R3_MEASURES_INADMISSIBLE_COST,NEEDS_WAREHOUSE_BINDING_R3
NH2-OVERLAP-ORDERED-R034,val,17,NH2-OVERLAP-ORDERED-R034-Q17-INAD_0,INADMISSIBLE,SAT_FALSE,NH2-OVERLAP-ORDERED-R034_inad_0,REJECT_INADMISSIBLE,EXECUTE_ONLY_IF_R3_MEASURES_INADMISSIBLE_COST,NEEDS_WAREHOUSE_BINDING_R3
NH2-OVERLAP-ORDERED-R034,val,18,NH2-OVERLAP-ORDERED-R034-Q18-INAD_1,INADMISSIBLE,SAT_FALSE,NH2-OVERLAP-ORDERED-R034_inad_1,REJECT_INADMISSIBLE,EXECUTE_ONLY_IF_R3_MEASURES_INADMISSIBLE_COST,NEEDS_WAREHOUSE_BINDING_R3
NH2-OVERLAP-ORDERED-R035,val,17,NH2-OVERLAP-ORDERED-R035-Q17-INAD_0,INADMISSIBLE,SAT_FALSE,NH2-OVERLAP-ORDERED-R035_inad_0,REJECT_INADMISSIBLE,EXECUTE_ONLY_IF_R3_MEASURES_INADMISSIBLE_COST,NEEDS_WAREHOUSE_BINDING_R3
NH2-OVERLAP-ORDERED-R035,val,18,NH2-OVERLAP-ORDERED-R035-Q18-INAD_1,INADMISSIBLE,SAT_FALSE,NH2-OVERLAP-ORDERED-R035_inad_1,REJECT_INADMISSIBLE,EXECUTE_ONLY_IF_R3_MEASURES_INADMISSIBLE_COST,NEEDS_WAREHOUSE_BINDING_R3
NH2-OVERLAP-ORDERED-R036,val,17,NH2-OVERLAP-ORDERED-R036-Q17-INAD_0,INADMISSIBLE,SAT_FALSE,NH2-OVERLAP-ORDERED-R036_inad_0,REJECT_INADMISSIBLE,EXECUTE_ONLY_IF_R3_MEASURES_INADMISSIBLE_COST,NEEDS_WAREHOUSE_BINDING_R3
NH2-OVERLAP-ORDERED-R036,val,18,NH2-OVERLAP-ORDERED-R036-Q18-INAD_1,INADMISSIBLE,SAT_FALSE,NH2-OVERLAP-ORDERED-R036_inad_1,REJECT_INADMISSIBLE,EXECUTE_ONLY_IF_R3_MEASURES_INADMISSIBLE_COST,NEEDS_WAREHOUSE_BINDING_R3
NH2-OVERLAP-ORDERED-R037,val,17,NH2-OVERLAP-ORDERED-R037-Q17-INAD_0,INADMISSIBLE,SAT_FALSE,NH2-OVERLAP-ORDERED-R037_inad_0,REJECT_INADMISSIBLE,EXECUTE_ONLY_IF_R3_MEASURES_INADMISSIBLE_COST,NEEDS_WAREHOUSE_BINDING_R3
NH2-OVERLAP-ORDERED-R037,val,18,NH2-OVERLAP-ORDERED-R037-Q18-INAD_1,INADMISSIBLE,SAT_FALSE,NH2-OVERLAP-ORDERED-R037_inad_1,REJECT_INADMISSIBLE,EXECUTE_ONLY_IF_R3_MEASURES_INADMISSIBLE_COST,NEEDS_WAREHOUSE_BINDING_R3
NH2-OVERLAP-ORDERED-R038,val,17,NH2-OVERLAP-ORDERED-R038-Q17-INAD_0,INADMISSIBLE,SAT_FALSE,NH2-OVERLAP-ORDERED-R038_inad_0,REJECT_INADMISSIBLE,EXECUTE_ONLY_IF_R3_MEASURES_INADMISSIBLE_COST,NEEDS_WAREHOUSE_BINDING_R3
NH2-OVERLAP-ORDERED-R038,val,18,NH2-OVERLAP-ORDERED-R038-Q18-INAD_1,INADMISSIBLE,SAT_FALSE,NH2-OVERLAP-ORDERED-R038_inad_1,REJECT_INADMISSIBLE,EXECUTE_ONLY_IF_R3_MEASURES_INADMISSIBLE_COST,NEEDS_WAREHOUSE_BINDING_R3
NH2-OVERLAP-ORDERED-R039,val,17,NH2-OVERLAP-ORDERED-R039-Q17-INAD_0,INADMISSIBLE,SAT_FALSE,NH2-OVERLAP-ORDERED-R039_inad_0,REJECT_INADMISSIBLE,EXECUTE_ONLY_IF_R3_MEASURES_INADMISSIBLE_COST,NEEDS_WAREHOUSE_BINDING_R3
NH2-OVERLAP-ORDERED-R039,val,18,NH2-OVERLAP-ORDERED-R039-Q18-INAD_1,INADMISSIBLE,SAT_FALSE,NH2-OVERLAP-ORDERED-R039_inad_1,REJECT_INADMISSIBLE,EXECUTE_ONLY_IF_R3_MEASURES_INADMISSIBLE_COST,NEEDS_WAREHOUSE_BINDING_R3
NH2-OVERLAP-ORDERED-R040,val,17,NH2-OVERLAP-ORDERED-R040-Q17-INAD_0,INADMISSIBLE,SAT_FALSE,NH2-OVERLAP-ORDERED-R040_inad_0,REJECT_INADMISSIBLE,EXECUTE_ONLY_IF_R3_MEASURES_INADMISSIBLE_COST,NEEDS_WAREHOUSE_BINDING_R3
NH2-OVERLAP-ORDERED-R040,val,18,NH2-OVERLAP-ORDERED-R040-Q18-INAD_1,INADMISSIBLE,SAT_FALSE,NH2-OVERLAP-ORDERED-R040_inad_1,REJECT_INADMISSIBLE,EXECUTE_ONLY_IF_R3_MEASURES_INADMISSIBLE_COST,NEEDS_WAREHOUSE_BINDING_R3
NH2-OVERLAP-ORDERED-R041,val,17,NH2-OVERLAP-ORDERED-R041-Q17-INAD_0,INADMISSIBLE,SAT_FALSE,NH2-OVERLAP-ORDERED-R041_inad_0,REJECT_INADMISSIBLE,EXECUTE_ONLY_IF_R3_MEASURES_INADMISSIBLE_COST,NEEDS_WAREHOUSE_BINDING_R3
NH2-OVERLAP-ORDERED-R041,val,18,NH2-OVERLAP-ORDERED-R041-Q18-INAD_1,INADMISSIBLE,SAT_FALSE,NH2-OVERLAP-ORDERED-R041_inad_1,REJECT_INADMISSIBLE,EXECUTE_ONLY_IF_R3_MEASURES_INADMISSIBLE_COST,NEEDS_WAREHOUSE_BINDING_R3
NH2-OVERLAP-ORDERED-R042,val,17,NH2-OVERLAP-ORDERED-R042-Q17-INAD_0,INADMISSIBLE,SAT_FALSE,NH2-OVERLAP-ORDERED-R042_inad_0,REJECT_INADMISSIBLE,EXECUTE_ONLY_IF_R3_MEASURES_INADMISSIBLE_COST,NEEDS_WAREHOUSE_BINDING_R3
NH2-OVERLAP-ORDERED-R042,val,18,NH2-OVERLAP-ORDERED-R042-Q18-INAD_1,INADMISSIBLE,SAT_FALSE,NH2-OVERLAP-ORDERED-R042_inad_1,REJECT_INADMISSIBLE,EXECUTE_ONLY_IF_R3_MEASURES_INADMISSIBLE_COST,NEEDS_WAREHOUSE_BINDING_R3
NH2-OVERLAP-ORDERED-R043,val,17,NH2-OVERLAP-ORDERED-R043-Q17-INAD_0,INADMISSIBLE,SAT_FALSE,NH2-OVERLAP-ORDERED-R043_inad_0,REJECT_INADMISSIBLE,EXECUTE_ONLY_IF_R3_MEASURES_INADMISSIBLE_COST,NEEDS_WAREHOUSE_BINDING_R3
NH2-OVERLAP-ORDERED-R043,val,18,NH2-OVERLAP-ORDERED-R043-Q18-INAD_1,INADMISSIBLE,SAT_FALSE,NH2-OVERLAP-ORDERED-R043_inad_1,REJECT_INADMISSIBLE,EXECUTE_ONLY_IF_R3_MEASURES_INADMISSIBLE_COST,NEEDS_WAREHOUSE_BINDING_R3
NH2-OVERLAP-ORDERED-R044,val,17,NH2-OVERLAP-ORDERED-R044-Q17-INAD_0,INADMISSIBLE,SAT_FALSE,NH2-OVERLAP-ORDERED-R044_inad_0,REJECT_INADMISSIBLE,EXECUTE_ONLY_IF_R3_MEASURES_INADMISSIBLE_COST,NEEDS_WAREHOUSE_BINDING_R3
NH2-OVERLAP-ORDERED-R044,val,18,NH2-OVERLAP-ORDERED-R044-Q18-INAD_1,INADMISSIBLE,SAT_FALSE,NH2-OVERLAP-ORDERED-R044_inad_1,REJECT_INADMISSIBLE,EXECUTE_ONLY_IF_R3_MEASURES_INADMISSIBLE_COST,NEEDS_WAREHOUSE_BINDING_R3
NH2-OVERLAP-ORDERED-R045,val,17,NH2-OVERLAP-ORDERED-R045-Q17-INAD_0,INADMISSIBLE,SAT_FALSE,NH2-OVERLAP-ORDERED-R045_inad_0,REJECT_INADMISSIBLE,EXECUTE_ONLY_IF_R3_MEASURES_INADMISSIBLE_COST,NEEDS_WAREHOUSE_BINDING_R3
NH2-OVERLAP-ORDERED-R045,val,18,NH2-OVERLAP-ORDERED-R045-Q18-INAD_1,INADMISSIBLE,SAT_FALSE,NH2-OVERLAP-ORDERED-R045_inad_1,REJECT_INADMISSIBLE,EXECUTE_ONLY_IF_R3_MEASURES_INADMISSIBLE_COST,NEEDS_WAREHOUSE_BINDING_R3
NH2-OVERLAP-ORDERED-R046,test,17,NH2-OVERLAP-ORDERED-R046-Q17-INAD_0,INADMISSIBLE,SAT_FALSE,NH2-OVERLAP-ORDERED-R046_inad_0,REJECT_INADMISSIBLE,EXECUTE_ONLY_IF_R3_MEASURES_INADMISSIBLE_COST,NEEDS_WAREHOUSE_BINDING_R3
NH2-OVERLAP-ORDERED-R046,test,18,NH2-OVERLAP-ORDERED-R046-Q18-INAD_1,INADMISSIBLE,SAT_FALSE,NH2-OVERLAP-ORDERED-R046_inad_1,REJECT_INADMISSIBLE,EXECUTE_ONLY_IF_R3_MEASURES_INADMISSIBLE_COST,NEEDS_WAREHOUSE_BINDING_R3
NH2-OVERLAP-ORDERED-R047,test,17,NH2-OVERLAP-ORDERED-R047-Q17-INAD_0,INADMISSIBLE,SAT_FALSE,NH2-OVERLAP-ORDERED-R047_inad_0,REJECT_INADMISSIBLE,EXECUTE_ONLY_IF_R3_MEASURES_INADMISSIBLE_COST,NEEDS_WAREHOUSE_BINDING_R3
NH2-OVERLAP-ORDERED-R047,test,18,NH2-OVERLAP-ORDERED-R047-Q18-INAD_1,INADMISSIBLE,SAT_FALSE,NH2-OVERLAP-ORDERED-R047_inad_1,REJECT_INADMISSIBLE,EXECUTE_ONLY_IF_R3_MEASURES_INADMISSIBLE_COST,NEEDS_WAREHOUSE_BINDING_R3
NH2-OVERLAP-ORDERED-R048,test,17,NH2-OVERLAP-ORDERED-R048-Q17-INAD_0,INADMISSIBLE,SAT_FALSE,NH2-OVERLAP-ORDERED-R048_inad_0,REJECT_INADMISSIBLE,EXECUTE_ONLY_IF_R3_MEASURES_INADMISSIBLE_COST,NEEDS_WAREHOUSE_BINDING_R3
NH2-OVERLAP-ORDERED-R048,test,18,NH2-OVERLAP-ORDERED-R048-Q18-INAD_1,INADMISSIBLE,SAT_FALSE,NH2-OVERLAP-ORDERED-R048_inad_1,REJECT_INADMISSIBLE,EXECUTE_ONLY_IF_R3_MEASURES_INADMISSIBLE_COST,NEEDS_WAREHOUSE_BINDING_R3
NH2-OVERLAP-ORDERED-R049,test,17,NH2-OVERLAP-ORDERED-R049-Q17-INAD_0,INADMISSIBLE,SAT_FALSE,NH2-OVERLAP-ORDERED-R049_inad_0,REJECT_INADMISSIBLE,EXECUTE_ONLY_IF_R3_MEASURES_INADMISSIBLE_COST,NEEDS_WAREHOUSE_BINDING_R3
NH2-OVERLAP-ORDERED-R049,test,18,NH2-OVERLAP-ORDERED-R049-Q18-INAD_1,INADMISSIBLE,SAT_FALSE,NH2-OVERLAP-ORDERED-R049_inad_1,REJECT_INADMISSIBLE,EXECUTE_ONLY_IF_R3_MEASURES_INADMISSIBLE_COST,NEEDS_WAREHOUSE_BINDING_R3
NH2-OVERLAP-ORDERED-R050,test,17,NH2-OVERLAP-ORDERED-R050-Q17-INAD_0,INADMISSIBLE,SAT_FALSE,NH2-OVERLAP-ORDERED-R050_inad_0,REJECT_INADMISSIBLE,EXECUTE_ONLY_IF_R3_MEASURES_INADMISSIBLE_COST,NEEDS_WAREHOUSE_BINDING_R3
NH2-OVERLAP-ORDERED-R050,test,18,NH2-OVERLAP-ORDERED-R050-Q18-INAD_1,INADMISSIBLE,SAT_FALSE,NH2-OVERLAP-ORDERED-R050_inad_1,REJECT_INADMISSIBLE,EXECUTE_ONLY_IF_R3_MEASURES_INADMISSIBLE_COST,NEEDS_WAREHOUSE_BINDING_R3
NH2-OVERLAP-ORDERED-R051,test,17,NH2-OVERLAP-ORDERED-R051-Q17-INAD_0,INADMISSIBLE,SAT_FALSE,NH2-OVERLAP-ORDERED-R051_inad_0,REJECT_INADMISSIBLE,EXECUTE_ONLY_IF_R3_MEASURES_INADMISSIBLE_COST,NEEDS_WAREHOUSE_BINDING_R3
NH2-OVERLAP-ORDERED-R051,test,18,NH2-OVERLAP-ORDERED-R051-Q18-INAD_1,INADMISSIBLE,SAT_FALSE,NH2-OVERLAP-ORDERED-R051_inad_1,REJECT_INADMISSIBLE,EXECUTE_ONLY_IF_R3_MEASURES_INADMISSIBLE_COST,NEEDS_WAREHOUSE_BINDING_R3
NH2-OVERLAP-ORDERED-R052,test,17,NH2-OVERLAP-ORDERED-R052-Q17-INAD_0,INADMISSIBLE,SAT_FALSE,NH2-OVERLAP-ORDERED-R052_inad_0,REJECT_INADMISSIBLE,EXECUTE_ONLY_IF_R3_MEASURES_INADMISSIBLE_COST,NEEDS_WAREHOUSE_BINDING_R3
NH2-OVERLAP-ORDERED-R052,test,18,NH2-OVERLAP-ORDERED-R052-Q18-INAD_1,INADMISSIBLE,SAT_FALSE,NH2-OVERLAP-ORDERED-R052_inad_1,REJECT_INADMISSIBLE,EXECUTE_ONLY_IF_R3_MEASURES_INADMISSIBLE_COST,NEEDS_WAREHOUSE_BINDING_R3
NH2-OVERLAP-ORDERED-R053,test,17,NH2-OVERLAP-ORDERED-R053-Q17-INAD_0,INADMISSIBLE,SAT_FALSE,NH2-OVERLAP-ORDERED-R053_inad_0,REJECT_INADMISSIBLE,EXECUTE_ONLY_IF_R3_MEASURES_INADMISSIBLE_COST,NEEDS_WAREHOUSE_BINDING_R3
NH2-OVERLAP-ORDERED-R053,test,18,NH2-OVERLAP-ORDERED-R053-Q18-INAD_1,INADMISSIBLE,SAT_FALSE,NH2-OVERLAP-ORDERED-R053_inad_1,REJECT_INADMISSIBLE,EXECUTE_ONLY_IF_R3_MEASURES_INADMISSIBLE_COST,NEEDS_WAREHOUSE_BINDING_R3
NH2-OVERLAP-ORDERED-R054,test,17,NH2-OVERLAP-ORDERED-R054-Q17-INAD_0,INADMISSIBLE,SAT_FALSE,NH2-OVERLAP-ORDERED-R054_inad_0,REJECT_INADMISSIBLE,EXECUTE_ONLY_IF_R3_MEASURES_INADMISSIBLE_COST,NEEDS_WAREHOUSE_BINDING_R3
NH2-OVERLAP-ORDERED-R054,test,18,NH2-OVERLAP-ORDERED-R054-Q18-INAD_1,INADMISSIBLE,SAT_FALSE,NH2-OVERLAP-ORDERED-R054_inad_1,REJECT_INADMISSIBLE,EXECUTE_ONLY_IF_R3_MEASURES_INADMISSIBLE_COST,NEEDS_WAREHOUSE_BINDING_R3
NH2-OVERLAP-ORDERED-R055,test,17,NH2-OVERLAP-ORDERED-R055-Q17-INAD_0,INADMISSIBLE,SAT_FALSE,NH2-OVERLAP-ORDERED-R055_inad_0,REJECT_INADMISSIBLE,EXECUTE_ONLY_IF_R3_MEASURES_INADMISSIBLE_COST,NEEDS_WAREHOUSE_BINDING_R3
NH2-OVERLAP-ORDERED-R055,test,18,NH2-OVERLAP-ORDERED-R055-Q18-INAD_1,INADMISSIBLE,SAT_FALSE,NH2-OVERLAP-ORDERED-R055_inad_1,REJECT_INADMISSIBLE,EXECUTE_ONLY_IF_R3_MEASURES_INADMISSIBLE_COST,NEEDS_WAREHOUSE_BINDING_R3
NH2-OVERLAP-ORDERED-R056,test,17,NH2-OVERLAP-ORDERED-R056-Q17-INAD_0,INADMISSIBLE,SAT_FALSE,NH2-OVERLAP-ORDERED-R056_inad_0,REJECT_INADMISSIBLE,EXECUTE_ONLY_IF_R3_MEASURES_INADMISSIBLE_COST,NEEDS_WAREHOUSE_BINDING_R3
NH2-OVERLAP-ORDERED-R056,test,18,NH2-OVERLAP-ORDERED-R056-Q18-INAD_1,INADMISSIBLE,SAT_FALSE,NH2-OVERLAP-ORDERED-R056_inad_1,REJECT_INADMISSIBLE,EXECUTE_ONLY_IF_R3_MEASURES_INADMISSIBLE_COST,NEEDS_WAREHOUSE_BINDING_R3
NH2-OVERLAP-ORDERED-R057,test,17,NH2-OVERLAP-ORDERED-R057-Q17-INAD_0,INADMISSIBLE,SAT_FALSE,NH2-OVERLAP-ORDERED-R057_inad_0,REJECT_INADMISSIBLE,EXECUTE_ONLY_IF_R3_MEASURES_INADMISSIBLE_COST,NEEDS_WAREHOUSE_BINDING_R3
NH2-OVERLAP-ORDERED-R057,test,18,NH2-OVERLAP-ORDERED-R057-Q18-INAD_1,INADMISSIBLE,SAT_FALSE,NH2-OVERLAP-ORDERED-R057_inad_1,REJECT_INADMISSIBLE,EXECUTE_ONLY_IF_R3_MEASURES_INADMISSIBLE_COST,NEEDS_WAREHOUSE_BINDING_R3
NH2-OVERLAP-ORDERED-R058,test,17,NH2-OVERLAP-ORDERED-R058-Q17-INAD_0,INADMISSIBLE,SAT_FALSE,NH2-OVERLAP-ORDERED-R058_inad_0,REJECT_INADMISSIBLE,EXECUTE_ONLY_IF_R3_MEASURES_INADMISSIBLE_COST,NEEDS_WAREHOUSE_BINDING_R3
NH2-OVERLAP-ORDERED-R058,test,18,NH2-OVERLAP-ORDERED-R058-Q18-INAD_1,INADMISSIBLE,SAT_FALSE,NH2-OVERLAP-ORDERED-R058_inad_1,REJECT_INADMISSIBLE,EXECUTE_ONLY_IF_R3_MEASURES_INADMISSIBLE_COST,NEEDS_WAREHOUSE_BINDING_R3
NH2-OVERLAP-ORDERED-R059,test,17,NH2-OVERLAP-ORDERED-R059-Q17-INAD_0,INADMISSIBLE,SAT_FALSE,NH2-OVERLAP-ORDERED-R059_inad_0,REJECT_INADMISSIBLE,EXECUTE_ONLY_IF_R3_MEASURES_INADMISSIBLE_COST,NEEDS_WAREHOUSE_BINDING_R3
NH2-OVERLAP-ORDERED-R059,test,18,NH2-OVERLAP-ORDERED-R059-Q18-INAD_1,INADMISSIBLE,SAT_FALSE,NH2-OVERLAP-ORDERED-R059_inad_1,REJECT_INADMISSIBLE,EXECUTE_ONLY_IF_R3_MEASURES_INADMISSIBLE_COST,NEEDS_WAREHOUSE_BINDING_R3
NH2-OVERLAP-ORDERED-R060,test,17,NH2-OVERLAP-ORDERED-R060-Q17-INAD_0,INADMISSIBLE,SAT_FALSE,NH2-OVERLAP-ORDERED-R060_inad_0,REJECT_INADMISSIBLE,EXECUTE_ONLY_IF_R3_MEASURES_INADMISSIBLE_COST,NEEDS_WAREHOUSE_BINDING_R3
NH2-OVERLAP-ORDERED-R060,test,18,NH2-OVERLAP-ORDERED-R060-Q18-INAD_1,INADMISSIBLE,SAT_FALSE,NH2-OVERLAP-ORDERED-R060_inad_1,REJECT_INADMISSIBLE,EXECUTE_ONLY_IF_R3_MEASURES_INADMISSIBLE_COST,NEEDS_WAREHOUSE_BINDING_R3
NH2-OVERLAP-OUT_OF_ORDER-R001,dev,17,NH2-OVERLAP-OUT_OF_ORDER-R001-Q17-INAD_0,INADMISSIBLE,SAT_FALSE,NH2-OVERLAP-OUT_OF_ORDER-R001_inad_0,REJECT_INADMISSIBLE,EXECUTE_ONLY_IF_R3_MEASURES_INADMISSIBLE_COST,NEEDS_WAREHOUSE_BINDING_R3
NH2-OVERLAP-OUT_OF_ORDER-R001,dev,18,NH2-OVERLAP-OUT_OF_ORDER-R001-Q18-INAD_1,INADMISSIBLE,SAT_FALSE,NH2-OVERLAP-OUT_OF_ORDER-R001_inad_1,REJECT_INADMISSIBLE,EXECUTE_ONLY_IF_R3_MEASURES_INADMISSIBLE_COST,NEEDS_WAREHOUSE_BINDING_R3
NH2-OVERLAP-OUT_OF_ORDER-R002,dev,17,NH2-OVERLAP-OUT_OF_ORDER-R002-Q17-INAD_0,INADMISSIBLE,SAT_FALSE,NH2-OVERLAP-OUT_OF_ORDER-R002_inad_0,REJECT_INADMISSIBLE,EXECUTE_ONLY_IF_R3_MEASURES_INADMISSIBLE_COST,NEEDS_WAREHOUSE_BINDING_R3
NH2-OVERLAP-OUT_OF_ORDER-R002,dev,18,NH2-OVERLAP-OUT_OF_ORDER-R002-Q18-INAD_1,INADMISSIBLE,SAT_FALSE,NH2-OVERLAP-OUT_OF_ORDER-R002_inad_1,REJECT_INADMISSIBLE,EXECUTE_ONLY_IF_R3_MEASURES_INADMISSIBLE_COST,NEEDS_WAREHOUSE_BINDING_R3
NH2-OVERLAP-OUT_OF_ORDER-R003,dev,17,NH2-OVERLAP-OUT_OF_ORDER-R003-Q17-INAD_0,INADMISSIBLE,SAT_FALSE,NH2-OVERLAP-OUT_OF_ORDER-R003_inad_0,REJECT_INADMISSIBLE,EXECUTE_ONLY_IF_R3_MEASURES_INADMISSIBLE_COST,NEEDS_WAREHOUSE_BINDING_R3
NH2-OVERLAP-OUT_OF_ORDER-R003,dev,18,NH2-OVERLAP-OUT_OF_ORDER-R003-Q18-INAD_1,INADMISSIBLE,SAT_FALSE,NH2-OVERLAP-OUT_OF_ORDER-R003_inad_1,REJECT_INADMISSIBLE,EXECUTE_ONLY_IF_R3_MEASURES_INADMISSIBLE_COST,NEEDS_WAREHOUSE_BINDING_R3
NH2-OVERLAP-OUT_OF_ORDER-R004,dev,17,NH2-OVERLAP-OUT_OF_ORDER-R004-Q17-INAD_0,INADMISSIBLE,SAT_FALSE,NH2-OVERLAP-OUT_OF_ORDER-R004_inad_0,REJECT_INADMISSIBLE,EXECUTE_ONLY_IF_R3_MEASURES_INADMISSIBLE_COST,NEEDS_WAREHOUSE_BINDING_R3
NH2-OVERLAP-OUT_OF_ORDER-R004,dev,18,NH2-OVERLAP-OUT_OF_ORDER-R004-Q18-INAD_1,INADMISSIBLE,SAT_FALSE,NH2-OVERLAP-OUT_OF_ORDER-R004_inad_1,REJECT_INADMISSIBLE,EXECUTE_ONLY_IF_R3_MEASURES_INADMISSIBLE_COST,NEEDS_WAREHOUSE_BINDING_R3
NH2-OVERLAP-OUT_OF_ORDER-R005,dev,17,NH2-OVERLAP-OUT_OF_ORDER-R005-Q17-INAD_0,INADMISSIBLE,SAT_FALSE,NH2-OVERLAP-OUT_OF_ORDER-R005_inad_0,REJECT_INADMISSIBLE,EXECUTE_ONLY_IF_R3_MEASURES_INADMISSIBLE_COST,NEEDS_WAREHOUSE_BINDING_R3
NH2-OVERLAP-OUT_OF_ORDER-R005,dev,18,NH2-OVERLAP-OUT_OF_ORDER-R005-Q18-INAD_1,INADMISSIBLE,SAT_FALSE,NH2-OVERLAP-OUT_OF_ORDER-R005_inad_1,REJECT_INADMISSIBLE,EXECUTE_ONLY_IF_R3_MEASURES_INADMISSIBLE_COST,NEEDS_WAREHOUSE_BINDING_R3
NH2-OVERLAP-OUT_OF_ORDER-R006,dev,17,NH2-OVERLAP-OUT_OF_ORDER-R006-Q17-INAD_0,INADMISSIBLE,SAT_FALSE,NH2-OVERLAP-OUT_OF_ORDER-R006_inad_0,REJECT_INADMISSIBLE,EXECUTE_ONLY_IF_R3_MEASURES_INADMISSIBLE_COST,NEEDS_WAREHOUSE_BINDING_R3
NH2-OVERLAP-OUT_OF_ORDER-R006,dev,18,NH2-OVERLAP-OUT_OF_ORDER-R006-Q18-INAD_1,INADMISSIBLE,SAT_FALSE,NH2-OVERLAP-OUT_OF_ORDER-R006_inad_1,REJECT_INADMISSIBLE,EXECUTE_ONLY_IF_R3_MEASURES_INADMISSIBLE_COST,NEEDS_WAREHOUSE_BINDING_R3
NH2-OVERLAP-OUT_OF_ORDER-R007,dev,17,NH2-OVERLAP-OUT_OF_ORDER-R007-Q17-INAD_0,INADMISSIBLE,SAT_FALSE,NH2-OVERLAP-OUT_OF_ORDER-R007_inad_0,REJECT_INADMISSIBLE,EXECUTE_ONLY_IF_R3_MEASURES_INADMISSIBLE_COST,NEEDS_WAREHOUSE_BINDING_R3
NH2-OVERLAP-OUT_OF_ORDER-R007,dev,18,NH2-OVERLAP-OUT_OF_ORDER-R007-Q18-INAD_1,INADMISSIBLE,SAT_FALSE,NH2-OVERLAP-OUT_OF_ORDER-R007_inad_1,REJECT_INADMISSIBLE,EXECUTE_ONLY_IF_R3_MEASURES_INADMISSIBLE_COST,NEEDS_WAREHOUSE_BINDING_R3
NH2-OVERLAP-OUT_OF_ORDER-R008,dev,17,NH2-OVERLAP-OUT_OF_ORDER-R008-Q17-INAD_0,INADMISSIBLE,SAT_FALSE,NH2-OVERLAP-OUT_OF_ORDER-R008_inad_0,REJECT_INADMISSIBLE,EXECUTE_ONLY_IF_R3_MEASURES_INADMISSIBLE_COST,NEEDS_WAREHOUSE_BINDING_R3
NH2-OVERLAP-OUT_OF_ORDER-R008,dev,18,NH2-OVERLAP-OUT_OF_ORDER-R008-Q18-INAD_1,INADMISSIBLE,SAT_FALSE,NH2-OVERLAP-OUT_OF_ORDER-R008_inad_1,REJECT_INADMISSIBLE,EXECUTE_ONLY_IF_R3_MEASURES_INADMISSIBLE_COST,NEEDS_WAREHOUSE_BINDING_R3
NH2-OVERLAP-OUT_OF_ORDER-R009,dev,17,NH2-OVERLAP-OUT_OF_ORDER-R009-Q17-INAD_0,INADMISSIBLE,SAT_FALSE,NH2-OVERLAP-OUT_OF_ORDER-R009_inad_0,REJECT_INADMISSIBLE,EXECUTE_ONLY_IF_R3_MEASURES_INADMISSIBLE_COST,NEEDS_WAREHOUSE_BINDING_R3
NH2-OVERLAP-OUT_OF_ORDER-R009,dev,18,NH2-OVERLAP-OUT_OF_ORDER-R009-Q18-INAD_1,INADMISSIBLE,SAT_FALSE,NH2-OVERLAP-OUT_OF_ORDER-R009_inad_1,REJECT_INADMISSIBLE,EXECUTE_ONLY_IF_R3_MEASURES_INADMISSIBLE_COST,NEEDS_WAREHOUSE_BINDING_R3
NH2-OVERLAP-OUT_OF_ORDER-R010,dev,17,NH2-OVERLAP-OUT_OF_ORDER-R010-Q17-INAD_0,INADMISSIBLE,SAT_FALSE,NH2-OVERLAP-OUT_OF_ORDER-R010_inad_0,REJECT_INADMISSIBLE,EXECUTE_ONLY_IF_R3_MEASURES_INADMISSIBLE_COST,NEEDS_WAREHOUSE_BINDING_R3
NH2-OVERLAP-OUT_OF_ORDER-R010,dev,18,NH2-OVERLAP-OUT_OF_ORDER-R010-Q18-INAD_1,INADMISSIBLE,SAT_FALSE,NH2-OVERLAP-OUT_OF_ORDER-R010_inad_1,REJECT_INADMISSIBLE,EXECUTE_ONLY_IF_R3_MEASURES_INADMISSIBLE_COST,NEEDS_WAREHOUSE_BINDING_R3
NH2-OVERLAP-OUT_OF_ORDER-R011,dev,17,NH2-OVERLAP-OUT_OF_ORDER-R011-Q17-INAD_0,INADMISSIBLE,SAT_FALSE,NH2-OVERLAP-OUT_OF_ORDER-R011_inad_0,REJECT_INADMISSIBLE,EXECUTE_ONLY_IF_R3_MEASURES_INADMISSIBLE_COST,NEEDS_WAREHOUSE_BINDING_R3
NH2-OVERLAP-OUT_OF_ORDER-R011,dev,18,NH2-OVERLAP-OUT_OF_ORDER-R011-Q18-INAD_1,INADMISSIBLE,SAT_FALSE,NH2-OVERLAP-OUT_OF_ORDER-R011_inad_1,REJECT_INADMISSIBLE,EXECUTE_ONLY_IF_R3_MEASURES_INADMISSIBLE_COST,NEEDS_WAREHOUSE_BINDING_R3
NH2-OVERLAP-OUT_OF_ORDER-R012,dev,17,NH2-OVERLAP-OUT_OF_ORDER-R012-Q17-INAD_0,INADMISSIBLE,SAT_FALSE,NH2-OVERLAP-OUT_OF_ORDER-R012_inad_0,REJECT_INADMISSIBLE,EXECUTE_ONLY_IF_R3_MEASURES_INADMISSIBLE_COST,NEEDS_WAREHOUSE_BINDING_R3
NH2-OVERLAP-OUT_OF_ORDER-R012,dev,18,NH2-OVERLAP-OUT_OF_ORDER-R012-Q18-INAD_1,INADMISSIBLE,SAT_FALSE,NH2-OVERLAP-OUT_OF_ORDER-R012_inad_1,REJECT_INADMISSIBLE,EXECUTE_ONLY_IF_R3_MEASURES_INADMISSIBLE_COST,NEEDS_WAREHOUSE_BINDING_R3
NH2-OVERLAP-OUT_OF_ORDER-R013,dev,17,NH2-OVERLAP-OUT_OF_ORDER-R013-Q17-INAD_0,INADMISSIBLE,SAT_FALSE,NH2-OVERLAP-OUT_OF_ORDER-R013_inad_0,REJECT_INADMISSIBLE,EXECUTE_ONLY_IF_R3_MEASURES_INADMISSIBLE_COST,NEEDS_WAREHOUSE_BINDING_R3
NH2-OVERLAP-OUT_OF_ORDER-R013,dev,18,NH2-OVERLAP-OUT_OF_ORDER-R013-Q18-INAD_1,INADMISSIBLE,SAT_FALSE,NH2-OVERLAP-OUT_OF_ORDER-R013_inad_1,REJECT_INADMISSIBLE,EXECUTE_ONLY_IF_R3_MEASURES_INADMISSIBLE_COST,NEEDS_WAREHOUSE_BINDING_R3
NH2-OVERLAP-OUT_OF_ORDER-R014,dev,17,NH2-OVERLAP-OUT_OF_ORDER-R014-Q17-INAD_0,INADMISSIBLE,SAT_FALSE,NH2-OVERLAP-OUT_OF_ORDER-R014_inad_0,REJECT_INADMISSIBLE,EXECUTE_ONLY_IF_R3_MEASURES_INADMISSIBLE_COST,NEEDS_WAREHOUSE_BINDING_R3
NH2-OVERLAP-OUT_OF_ORDER-R014,dev,18,NH2-OVERLAP-OUT_OF_ORDER-R014-Q18-INAD_1,INADMISSIBLE,SAT_FALSE,NH2-OVERLAP-OUT_OF_ORDER-R014_inad_1,REJECT_INADMISSIBLE,EXECUTE_ONLY_IF_R3_MEASURES_INADMISSIBLE_COST,NEEDS_WAREHOUSE_BINDING_R3
NH2-OVERLAP-OUT_OF_ORDER-R015,dev,17,NH2-OVERLAP-OUT_OF_ORDER-R015-Q17-INAD_0,INADMISSIBLE,SAT_FALSE,NH2-OVERLAP-OUT_OF_ORDER-R015_inad_0,REJECT_INADMISSIBLE,EXECUTE_ONLY_IF_R3_MEASURES_INADMISSIBLE_COST,NEEDS_WAREHOUSE_BINDING_R3
NH2-OVERLAP-OUT_OF_ORDER-R015,dev,18,NH2-OVERLAP-OUT_OF_ORDER-R015-Q18-INAD_1,INADMISSIBLE,SAT_FALSE,NH2-OVERLAP-OUT_OF_ORDER-R015_inad_1,REJECT_INADMISSIBLE,EXECUTE_ONLY_IF_R3_MEASURES_INADMISSIBLE_COST,NEEDS_WAREHOUSE_BINDING_R3
NH2-OVERLAP-OUT_OF_ORDER-R016,dev,17,NH2-OVERLAP-OUT_OF_ORDER-R016-Q17-INAD_0,INADMISSIBLE,SAT_FALSE,NH2-OVERLAP-OUT_OF_ORDER-R016_inad_0,REJECT_INADMISSIBLE,EXECUTE_ONLY_IF_R3_MEASURES_INADMISSIBLE_COST,NEEDS_WAREHOUSE_BINDING_R3
NH2-OVERLAP-OUT_OF_ORDER-R016,dev,18,NH2-OVERLAP-OUT_OF_ORDER-R016-Q18-INAD_1,INADMISSIBLE,SAT_FALSE,NH2-OVERLAP-OUT_OF_ORDER-R016_inad_1,REJECT_INADMISSIBLE,EXECUTE_ONLY_IF_R3_MEASURES_INADMISSIBLE_COST,NEEDS_WAREHOUSE_BINDING_R3
NH2-OVERLAP-OUT_OF_ORDER-R017,dev,17,NH2-OVERLAP-OUT_OF_ORDER-R017-Q17-INAD_0,INADMISSIBLE,SAT_FALSE,NH2-OVERLAP-OUT_OF_ORDER-R017_inad_0,REJECT_INADMISSIBLE,EXECUTE_ONLY_IF_R3_MEASURES_INADMISSIBLE_COST,NEEDS_WAREHOUSE_BINDING_R3
NH2-OVERLAP-OUT_OF_ORDER-R017,dev,18,NH2-OVERLAP-OUT_OF_ORDER-R017-Q18-INAD_1,INADMISSIBLE,SAT_FALSE,NH2-OVERLAP-OUT_OF_ORDER-R017_inad_1,REJECT_INADMISSIBLE,EXECUTE_ONLY_IF_R3_MEASURES_INADMISSIBLE_COST,NEEDS_WAREHOUSE_BINDING_R3
NH2-OVERLAP-OUT_OF_ORDER-R018,dev,17,NH2-OVERLAP-OUT_OF_ORDER-R018-Q17-INAD_0,INADMISSIBLE,SAT_FALSE,NH2-OVERLAP-OUT_OF_ORDER-R018_inad_0,REJECT_INADMISSIBLE,EXECUTE_ONLY_IF_R3_MEASURES_INADMISSIBLE_COST,NEEDS_WAREHOUSE_BINDING_R3
NH2-OVERLAP-OUT_OF_ORDER-R018,dev,18,NH2-OVERLAP-OUT_OF_ORDER-R018-Q18-INAD_1,INADMISSIBLE,SAT_FALSE,NH2-OVERLAP-OUT_OF_ORDER-R018_inad_1,REJECT_INADMISSIBLE,EXECUTE_ONLY_IF_R3_MEASURES_INADMISSIBLE_COST,NEEDS_WAREHOUSE_BINDING_R3
NH2-OVERLAP-OUT_OF_ORDER-R019,dev,17,NH2-OVERLAP-OUT_OF_ORDER-R019-Q17-INAD_0,INADMISSIBLE,SAT_FALSE,NH2-OVERLAP-OUT_OF_ORDER-R019_inad_0,REJECT_INADMISSIBLE,EXECUTE_ONLY_IF_R3_MEASURES_INADMISSIBLE_COST,NEEDS_WAREHOUSE_BINDING_R3
NH2-OVERLAP-OUT_OF_ORDER-R019,dev,18,NH2-OVERLAP-OUT_OF_ORDER-R019-Q18-INAD_1,INADMISSIBLE,SAT_FALSE,NH2-OVERLAP-OUT_OF_ORDER-R019_inad_1,REJECT_INADMISSIBLE,EXECUTE_ONLY_IF_R3_MEASURES_INADMISSIBLE_COST,NEEDS_WAREHOUSE_BINDING_R3
NH2-OVERLAP-OUT_OF_ORDER-R020,dev,17,NH2-OVERLAP-OUT_OF_ORDER-R020-Q17-INAD_0,INADMISSIBLE,SAT_FALSE,NH2-OVERLAP-OUT_OF_ORDER-R020_inad_0,REJECT_INADMISSIBLE,EXECUTE_ONLY_IF_R3_MEASURES_INADMISSIBLE_COST,NEEDS_WAREHOUSE_BINDING_R3
NH2-OVERLAP-OUT_OF_ORDER-R020,dev,18,NH2-OVERLAP-OUT_OF_ORDER-R020-Q18-INAD_1,INADMISSIBLE,SAT_FALSE,NH2-OVERLAP-OUT_OF_ORDER-R020_inad_1,REJECT_INADMISSIBLE,EXECUTE_ONLY_IF_R3_MEASURES_INADMISSIBLE_COST,NEEDS_WAREHOUSE_BINDING_R3
NH2-OVERLAP-OUT_OF_ORDER-R021,dev,17,NH2-OVERLAP-OUT_OF_ORDER-R021-Q17-INAD_0,INADMISSIBLE,SAT_FALSE,NH2-OVERLAP-OUT_OF_ORDER-R021_inad_0,REJECT_INADMISSIBLE,EXECUTE_ONLY_IF_R3_MEASURES_INADMISSIBLE_COST,NEEDS_WAREHOUSE_BINDING_R3
NH2-OVERLAP-OUT_OF_ORDER-R021,dev,18,NH2-OVERLAP-OUT_OF_ORDER-R021-Q18-INAD_1,INADMISSIBLE,SAT_FALSE,NH2-OVERLAP-OUT_OF_ORDER-R021_inad_1,REJECT_INADMISSIBLE,EXECUTE_ONLY_IF_R3_MEASURES_INADMISSIBLE_COST,NEEDS_WAREHOUSE_BINDING_R3
NH2-OVERLAP-OUT_OF_ORDER-R022,dev,17,NH2-OVERLAP-OUT_OF_ORDER-R022-Q17-INAD_0,INADMISSIBLE,SAT_FALSE,NH2-OVERLAP-OUT_OF_ORDER-R022_inad_0,REJECT_INADMISSIBLE,EXECUTE_ONLY_IF_R3_MEASURES_INADMISSIBLE_COST,NEEDS_WAREHOUSE_BINDING_R3
NH2-OVERLAP-OUT_OF_ORDER-R022,dev,18,NH2-OVERLAP-OUT_OF_ORDER-R022-Q18-INAD_1,INADMISSIBLE,SAT_FALSE,NH2-OVERLAP-OUT_OF_ORDER-R022_inad_1,REJECT_INADMISSIBLE,EXECUTE_ONLY_IF_R3_MEASURES_INADMISSIBLE_COST,NEEDS_WAREHOUSE_BINDING_R3
NH2-OVERLAP-OUT_OF_ORDER-R023,dev,17,NH2-OVERLAP-OUT_OF_ORDER-R023-Q17-INAD_0,INADMISSIBLE,SAT_FALSE,NH2-OVERLAP-OUT_OF_ORDER-R023_inad_0,REJECT_INADMISSIBLE,EXECUTE_ONLY_IF_R3_MEASURES_INADMISSIBLE_COST,NEEDS_WAREHOUSE_BINDING_R3
NH2-OVERLAP-OUT_OF_ORDER-R023,dev,18,NH2-OVERLAP-OUT_OF_ORDER-R023-Q18-INAD_1,INADMISSIBLE,SAT_FALSE,NH2-OVERLAP-OUT_OF_ORDER-R023_inad_1,REJECT_INADMISSIBLE,EXECUTE_ONLY_IF_R3_MEASURES_INADMISSIBLE_COST,NEEDS_WAREHOUSE_BINDING_R3
NH2-OVERLAP-OUT_OF_ORDER-R024,dev,17,NH2-OVERLAP-OUT_OF_ORDER-R024-Q17-INAD_0,INADMISSIBLE,SAT_FALSE,NH2-OVERLAP-OUT_OF_ORDER-R024_inad_0,REJECT_INADMISSIBLE,EXECUTE_ONLY_IF_R3_MEASURES_INADMISSIBLE_COST,NEEDS_WAREHOUSE_BINDING_R3
NH2-OVERLAP-OUT_OF_ORDER-R024,dev,18,NH2-OVERLAP-OUT_OF_ORDER-R024-Q18-INAD_1,INADMISSIBLE,SAT_FALSE,NH2-OVERLAP-OUT_OF_ORDER-R024_inad_1,REJECT_INADMISSIBLE,EXECUTE_ONLY_IF_R3_MEASURES_INADMISSIBLE_COST,NEEDS_WAREHOUSE_BINDING_R3
NH2-OVERLAP-OUT_OF_ORDER-R025,dev,17,NH2-OVERLAP-OUT_OF_ORDER-R025-Q17-INAD_0,INADMISSIBLE,SAT_FALSE,NH2-OVERLAP-OUT_OF_ORDER-R025_inad_0,REJECT_INADMISSIBLE,EXECUTE_ONLY_IF_R3_MEASURES_INADMISSIBLE_COST,NEEDS_WAREHOUSE_BINDING_R3
NH2-OVERLAP-OUT_OF_ORDER-R025,dev,18,NH2-OVERLAP-OUT_OF_ORDER-R025-Q18-INAD_1,INADMISSIBLE,SAT_FALSE,NH2-OVERLAP-OUT_OF_ORDER-R025_inad_1,REJECT_INADMISSIBLE,EXECUTE_ONLY_IF_R3_MEASURES_INADMISSIBLE_COST,NEEDS_WAREHOUSE_BINDING_R3
NH2-OVERLAP-OUT_OF_ORDER-R026,dev,17,NH2-OVERLAP-OUT_OF_ORDER-R026-Q17-INAD_0,INADMISSIBLE,SAT_FALSE,NH2-OVERLAP-OUT_OF_ORDER-R026_inad_0,REJECT_INADMISSIBLE,EXECUTE_ONLY_IF_R3_MEASURES_INADMISSIBLE_COST,NEEDS_WAREHOUSE_BINDING_R3
NH2-OVERLAP-OUT_OF_ORDER-R026,dev,18,NH2-OVERLAP-OUT_OF_ORDER-R026-Q18-INAD_1,INADMISSIBLE,SAT_FALSE,NH2-OVERLAP-OUT_OF_ORDER-R026_inad_1,REJECT_INADMISSIBLE,EXECUTE_ONLY_IF_R3_MEASURES_INADMISSIBLE_COST,NEEDS_WAREHOUSE_BINDING_R3
NH2-OVERLAP-OUT_OF_ORDER-R027,dev,17,NH2-OVERLAP-OUT_OF_ORDER-R027-Q17-INAD_0,INADMISSIBLE,SAT_FALSE,NH2-OVERLAP-OUT_OF_ORDER-R027_inad_0,REJECT_INADMISSIBLE,EXECUTE_ONLY_IF_R3_MEASURES_INADMISSIBLE_COST,NEEDS_WAREHOUSE_BINDING_R3
NH2-OVERLAP-OUT_OF_ORDER-R027,dev,18,NH2-OVERLAP-OUT_OF_ORDER-R027-Q18-INAD_1,INADMISSIBLE,SAT_FALSE,NH2-OVERLAP-OUT_OF_ORDER-R027_inad_1,REJECT_INADMISSIBLE,EXECUTE_ONLY_IF_R3_MEASURES_INADMISSIBLE_COST,NEEDS_WAREHOUSE_BINDING_R3
NH2-OVERLAP-OUT_OF_ORDER-R028,dev,17,NH2-OVERLAP-OUT_OF_ORDER-R028-Q17-INAD_0,INADMISSIBLE,SAT_FALSE,NH2-OVERLAP-OUT_OF_ORDER-R028_inad_0,REJECT_INADMISSIBLE,EXECUTE_ONLY_IF_R3_MEASURES_INADMISSIBLE_COST,NEEDS_WAREHOUSE_BINDING_R3
NH2-OVERLAP-OUT_OF_ORDER-R028,dev,18,NH2-OVERLAP-OUT_OF_ORDER-R028-Q18-INAD_1,INADMISSIBLE,SAT_FALSE,NH2-OVERLAP-OUT_OF_ORDER-R028_inad_1,REJECT_INADMISSIBLE,EXECUTE_ONLY_IF_R3_MEASURES_INADMISSIBLE_COST,NEEDS_WAREHOUSE_BINDING_R3
NH2-OVERLAP-OUT_OF_ORDER-R029,dev,17,NH2-OVERLAP-OUT_OF_ORDER-R029-Q17-INAD_0,INADMISSIBLE,SAT_FALSE,NH2-OVERLAP-OUT_OF_ORDER-R029_inad_0,REJECT_INADMISSIBLE,EXECUTE_ONLY_IF_R3_MEASURES_INADMISSIBLE_COST,NEEDS_WAREHOUSE_BINDING_R3
NH2-OVERLAP-OUT_OF_ORDER-R029,dev,18,NH2-OVERLAP-OUT_OF_ORDER-R029-Q18-INAD_1,INADMISSIBLE,SAT_FALSE,NH2-OVERLAP-OUT_OF_ORDER-R029_inad_1,REJECT_INADMISSIBLE,EXECUTE_ONLY_IF_R3_MEASURES_INADMISSIBLE_COST,NEEDS_WAREHOUSE_BINDING_R3
NH2-OVERLAP-OUT_OF_ORDER-R030,dev,17,NH2-OVERLAP-OUT_OF_ORDER-R030-Q17-INAD_0,INADMISSIBLE,SAT_FALSE,NH2-OVERLAP-OUT_OF_ORDER-R030_inad_0,REJECT_INADMISSIBLE,EXECUTE_ONLY_IF_R3_MEASURES_INADMISSIBLE_COST,NEEDS_WAREHOUSE_BINDING_R3
NH2-OVERLAP-OUT_OF_ORDER-R030,dev,18,NH2-OVERLAP-OUT_OF_ORDER-R030-Q18-INAD_1,INADMISSIBLE,SAT_FALSE,NH2-OVERLAP-OUT_OF_ORDER-R030_inad_1,REJECT_INADMISSIBLE,EXECUTE_ONLY_IF_R3_MEASURES_INADMISSIBLE_COST,NEEDS_WAREHOUSE_BINDING_R3
NH2-OVERLAP-OUT_OF_ORDER-R031,val,17,NH2-OVERLAP-OUT_OF_ORDER-R031-Q17-INAD_0,INADMISSIBLE,SAT_FALSE,NH2-OVERLAP-OUT_OF_ORDER-R031_inad_0,REJECT_INADMISSIBLE,EXECUTE_ONLY_IF_R3_MEASURES_INADMISSIBLE_COST,NEEDS_WAREHOUSE_BINDING_R3
NH2-OVERLAP-OUT_OF_ORDER-R031,val,18,NH2-OVERLAP-OUT_OF_ORDER-R031-Q18-INAD_1,INADMISSIBLE,SAT_FALSE,NH2-OVERLAP-OUT_OF_ORDER-R031_inad_1,REJECT_INADMISSIBLE,EXECUTE_ONLY_IF_R3_MEASURES_INADMISSIBLE_COST,NEEDS_WAREHOUSE_BINDING_R3
NH2-OVERLAP-OUT_OF_ORDER-R032,val,17,NH2-OVERLAP-OUT_OF_ORDER-R032-Q17-INAD_0,INADMISSIBLE,SAT_FALSE,NH2-OVERLAP-OUT_OF_ORDER-R032_inad_0,REJECT_INADMISSIBLE,EXECUTE_ONLY_IF_R3_MEASURES_INADMISSIBLE_COST,NEEDS_WAREHOUSE_BINDING_R3
NH2-OVERLAP-OUT_OF_ORDER-R032,val,18,NH2-OVERLAP-OUT_OF_ORDER-R032-Q18-INAD_1,INADMISSIBLE,SAT_FALSE,NH2-OVERLAP-OUT_OF_ORDER-R032_inad_1,REJECT_INADMISSIBLE,EXECUTE_ONLY_IF_R3_MEASURES_INADMISSIBLE_COST,NEEDS_WAREHOUSE_BINDING_R3
NH2-OVERLAP-OUT_OF_ORDER-R033,val,17,NH2-OVERLAP-OUT_OF_ORDER-R033-Q17-INAD_0,INADMISSIBLE,SAT_FALSE,NH2-OVERLAP-OUT_OF_ORDER-R033_inad_0,REJECT_INADMISSIBLE,EXECUTE_ONLY_IF_R3_MEASURES_INADMISSIBLE_COST,NEEDS_WAREHOUSE_BINDING_R3
NH2-OVERLAP-OUT_OF_ORDER-R033,val,18,NH2-OVERLAP-OUT_OF_ORDER-R033-Q18-INAD_1,INADMISSIBLE,SAT_FALSE,NH2-OVERLAP-OUT_OF_ORDER-R033_inad_1,REJECT_INADMISSIBLE,EXECUTE_ONLY_IF_R3_MEASURES_INADMISSIBLE_COST,NEEDS_WAREHOUSE_BINDING_R3
NH2-OVERLAP-OUT_OF_ORDER-R034,val,17,NH2-OVERLAP-OUT_OF_ORDER-R034-Q17-INAD_0,INADMISSIBLE,SAT_FALSE,NH2-OVERLAP-OUT_OF_ORDER-R034_inad_0,REJECT_INADMISSIBLE,EXECUTE_ONLY_IF_R3_MEASURES_INADMISSIBLE_COST,NEEDS_WAREHOUSE_BINDING_R3
NH2-OVERLAP-OUT_OF_ORDER-R034,val,18,NH2-OVERLAP-OUT_OF_ORDER-R034-Q18-INAD_1,INADMISSIBLE,SAT_FALSE,NH2-OVERLAP-OUT_OF_ORDER-R034_inad_1,REJECT_INADMISSIBLE,EXECUTE_ONLY_IF_R3_MEASURES_INADMISSIBLE_COST,NEEDS_WAREHOUSE_BINDING_R3
NH2-OVERLAP-OUT_OF_ORDER-R035,val,17,NH2-OVERLAP-OUT_OF_ORDER-R035-Q17-INAD_0,INADMISSIBLE,SAT_FALSE,NH2-OVERLAP-OUT_OF_ORDER-R035_inad_0,REJECT_INADMISSIBLE,EXECUTE_ONLY_IF_R3_MEASURES_INADMISSIBLE_COST,NEEDS_WAREHOUSE_BINDING_R3
NH2-OVERLAP-OUT_OF_ORDER-R035,val,18,NH2-OVERLAP-OUT_OF_ORDER-R035-Q18-INAD_1,INADMISSIBLE,SAT_FALSE,NH2-OVERLAP-OUT_OF_ORDER-R035_inad_1,REJECT_INADMISSIBLE,EXECUTE_ONLY_IF_R3_MEASURES_INADMISSIBLE_COST,NEEDS_WAREHOUSE_BINDING_R3
NH2-OVERLAP-OUT_OF_ORDER-R036,val,17,NH2-OVERLAP-OUT_OF_ORDER-R036-Q17-INAD_0,INADMISSIBLE,SAT_FALSE,NH2-OVERLAP-OUT_OF_ORDER-R036_inad_0,REJECT_INADMISSIBLE,EXECUTE_ONLY_IF_R3_MEASURES_INADMISSIBLE_COST,NEEDS_WAREHOUSE_BINDING_R3
NH2-OVERLAP-OUT_OF_ORDER-R036,val,18,NH2-OVERLAP-OUT_OF_ORDER-R036-Q18-INAD_1,INADMISSIBLE,SAT_FALSE,NH2-OVERLAP-OUT_OF_ORDER-R036_inad_1,REJECT_INADMISSIBLE,EXECUTE_ONLY_IF_R3_MEASURES_INADMISSIBLE_COST,NEEDS_WAREHOUSE_BINDING_R3
NH2-OVERLAP-OUT_OF_ORDER-R037,val,17,NH2-OVERLAP-OUT_OF_ORDER-R037-Q17-INAD_0,INADMISSIBLE,SAT_FALSE,NH2-OVERLAP-OUT_OF_ORDER-R037_inad_0,REJECT_INADMISSIBLE,EXECUTE_ONLY_IF_R3_MEASURES_INADMISSIBLE_COST,NEEDS_WAREHOUSE_BINDING_R3
NH2-OVERLAP-OUT_OF_ORDER-R037,val,18,NH2-OVERLAP-OUT_OF_ORDER-R037-Q18-INAD_1,INADMISSIBLE,SAT_FALSE,NH2-OVERLAP-OUT_OF_ORDER-R037_inad_1,REJECT_INADMISSIBLE,EXECUTE_ONLY_IF_R3_MEASURES_INADMISSIBLE_COST,NEEDS_WAREHOUSE_BINDING_R3
NH2-OVERLAP-OUT_OF_ORDER-R038,val,17,NH2-OVERLAP-OUT_OF_ORDER-R038-Q17-INAD_0,INADMISSIBLE,SAT_FALSE,NH2-OVERLAP-OUT_OF_ORDER-R038_inad_0,REJECT_INADMISSIBLE,EXECUTE_ONLY_IF_R3_MEASURES_INADMISSIBLE_COST,NEEDS_WAREHOUSE_BINDING_R3
NH2-OVERLAP-OUT_OF_ORDER-R038,val,18,NH2-OVERLAP-OUT_OF_ORDER-R038-Q18-INAD_1,INADMISSIBLE,SAT_FALSE,NH2-OVERLAP-OUT_OF_ORDER-R038_inad_1,REJECT_INADMISSIBLE,EXECUTE_ONLY_IF_R3_MEASURES_INADMISSIBLE_COST,NEEDS_WAREHOUSE_BINDING_R3
NH2-OVERLAP-OUT_OF_ORDER-R039,val,17,NH2-OVERLAP-OUT_OF_ORDER-R039-Q17-INAD_0,INADMISSIBLE,SAT_FALSE,NH2-OVERLAP-OUT_OF_ORDER-R039_inad_0,REJECT_INADMISSIBLE,EXECUTE_ONLY_IF_R3_MEASURES_INADMISSIBLE_COST,NEEDS_WAREHOUSE_BINDING_R3
NH2-OVERLAP-OUT_OF_ORDER-R039,val,18,NH2-OVERLAP-OUT_OF_ORDER-R039-Q18-INAD_1,INADMISSIBLE,SAT_FALSE,NH2-OVERLAP-OUT_OF_ORDER-R039_inad_1,REJECT_INADMISSIBLE,EXECUTE_ONLY_IF_R3_MEASURES_INADMISSIBLE_COST,NEEDS_WAREHOUSE_BINDING_R3
NH2-OVERLAP-OUT_OF_ORDER-R040,val,17,NH2-OVERLAP-OUT_OF_ORDER-R040-Q17-INAD_0,INADMISSIBLE,SAT_FALSE,NH2-OVERLAP-OUT_OF_ORDER-R040_inad_0,REJECT_INADMISSIBLE,EXECUTE_ONLY_IF_R3_MEASURES_INADMISSIBLE_COST,NEEDS_WAREHOUSE_BINDING_R3
NH2-OVERLAP-OUT_OF_ORDER-R040,val,18,NH2-OVERLAP-OUT_OF_ORDER-R040-Q18-INAD_1,INADMISSIBLE,SAT_FALSE,NH2-OVERLAP-OUT_OF_ORDER-R040_inad_1,REJECT_INADMISSIBLE,EXECUTE_ONLY_IF_R3_MEASURES_INADMISSIBLE_COST,NEEDS_WAREHOUSE_BINDING_R3
NH2-OVERLAP-OUT_OF_ORDER-R041,val,17,NH2-OVERLAP-OUT_OF_ORDER-R041-Q17-INAD_0,INADMISSIBLE,SAT_FALSE,NH2-OVERLAP-OUT_OF_ORDER-R041_inad_0,REJECT_INADMISSIBLE,EXECUTE_ONLY_IF_R3_MEASURES_INADMISSIBLE_COST,NEEDS_WAREHOUSE_BINDING_R3
NH2-OVERLAP-OUT_OF_ORDER-R041,val,18,NH2-OVERLAP-OUT_OF_ORDER-R041-Q18-INAD_1,INADMISSIBLE,SAT_FALSE,NH2-OVERLAP-OUT_OF_ORDER-R041_inad_1,REJECT_INADMISSIBLE,EXECUTE_ONLY_IF_R3_MEASURES_INADMISSIBLE_COST,NEEDS_WAREHOUSE_BINDING_R3
NH2-OVERLAP-OUT_OF_ORDER-R042,val,17,NH2-OVERLAP-OUT_OF_ORDER-R042-Q17-INAD_0,INADMISSIBLE,SAT_FALSE,NH2-OVERLAP-OUT_OF_ORDER-R042_inad_0,REJECT_INADMISSIBLE,EXECUTE_ONLY_IF_R3_MEASURES_INADMISSIBLE_COST,NEEDS_WAREHOUSE_BINDING_R3
NH2-OVERLAP-OUT_OF_ORDER-R042,val,18,NH2-OVERLAP-OUT_OF_ORDER-R042-Q18-INAD_1,INADMISSIBLE,SAT_FALSE,NH2-OVERLAP-OUT_OF_ORDER-R042_inad_1,REJECT_INADMISSIBLE,EXECUTE_ONLY_IF_R3_MEASURES_INADMISSIBLE_COST,NEEDS_WAREHOUSE_BINDING_R3
NH2-OVERLAP-OUT_OF_ORDER-R043,val,17,NH2-OVERLAP-OUT_OF_ORDER-R043-Q17-INAD_0,INADMISSIBLE,SAT_FALSE,NH2-OVERLAP-OUT_OF_ORDER-R043_inad_0,REJECT_INADMISSIBLE,EXECUTE_ONLY_IF_R3_MEASURES_INADMISSIBLE_COST,NEEDS_WAREHOUSE_BINDING_R3
NH2-OVERLAP-OUT_OF_ORDER-R043,val,18,NH2-OVERLAP-OUT_OF_ORDER-R043-Q18-INAD_1,INADMISSIBLE,SAT_FALSE,NH2-OVERLAP-OUT_OF_ORDER-R043_inad_1,REJECT_INADMISSIBLE,EXECUTE_ONLY_IF_R3_MEASURES_INADMISSIBLE_COST,NEEDS_WAREHOUSE_BINDING_R3
NH2-OVERLAP-OUT_OF_ORDER-R044,val,17,NH2-OVERLAP-OUT_OF_ORDER-R044-Q17-INAD_0,INADMISSIBLE,SAT_FALSE,NH2-OVERLAP-OUT_OF_ORDER-R044_inad_0,REJECT_INADMISSIBLE,EXECUTE_ONLY_IF_R3_MEASURES_INADMISSIBLE_COST,NEEDS_WAREHOUSE_BINDING_R3
NH2-OVERLAP-OUT_OF_ORDER-R044,val,18,NH2-OVERLAP-OUT_OF_ORDER-R044-Q18-INAD_1,INADMISSIBLE,SAT_FALSE,NH2-OVERLAP-OUT_OF_ORDER-R044_inad_1,REJECT_INADMISSIBLE,EXECUTE_ONLY_IF_R3_MEASURES_INADMISSIBLE_COST,NEEDS_WAREHOUSE_BINDING_R3
NH2-OVERLAP-OUT_OF_ORDER-R045,val,17,NH2-OVERLAP-OUT_OF_ORDER-R045-Q17-INAD_0,INADMISSIBLE,SAT_FALSE,NH2-OVERLAP-OUT_OF_ORDER-R045_inad_0,REJECT_INADMISSIBLE,EXECUTE_ONLY_IF_R3_MEASURES_INADMISSIBLE_COST,NEEDS_WAREHOUSE_BINDING_R3
NH2-OVERLAP-OUT_OF_ORDER-R045,val,18,NH2-OVERLAP-OUT_OF_ORDER-R045-Q18-INAD_1,INADMISSIBLE,SAT_FALSE,NH2-OVERLAP-OUT_OF_ORDER-R045_inad_1,REJECT_INADMISSIBLE,EXECUTE_ONLY_IF_R3_MEASURES_INADMISSIBLE_COST,NEEDS_WAREHOUSE_BINDING_R3
NH2-OVERLAP-OUT_OF_ORDER-R046,test,17,NH2-OVERLAP-OUT_OF_ORDER-R046-Q17-INAD_0,INADMISSIBLE,SAT_FALSE,NH2-OVERLAP-OUT_OF_ORDER-R046_inad_0,REJECT_INADMISSIBLE,EXECUTE_ONLY_IF_R3_MEASURES_INADMISSIBLE_COST,NEEDS_WAREHOUSE_BINDING_R3
NH2-OVERLAP-OUT_OF_ORDER-R046,test,18,NH2-OVERLAP-OUT_OF_ORDER-R046-Q18-INAD_1,INADMISSIBLE,SAT_FALSE,NH2-OVERLAP-OUT_OF_ORDER-R046_inad_1,REJECT_INADMISSIBLE,EXECUTE_ONLY_IF_R3_MEASURES_INADMISSIBLE_COST,NEEDS_WAREHOUSE_BINDING_R3
NH2-OVERLAP-OUT_OF_ORDER-R047,test,17,NH2-OVERLAP-OUT_OF_ORDER-R047-Q17-INAD_0,INADMISSIBLE,SAT_FALSE,NH2-OVERLAP-OUT_OF_ORDER-R047_inad_0,REJECT_INADMISSIBLE,EXECUTE_ONLY_IF_R3_MEASURES_INADMISSIBLE_COST,NEEDS_WAREHOUSE_BINDING_R3
NH2-OVERLAP-OUT_OF_ORDER-R047,test,18,NH2-OVERLAP-OUT_OF_ORDER-R047-Q18-INAD_1,INADMISSIBLE,SAT_FALSE,NH2-OVERLAP-OUT_OF_ORDER-R047_inad_1,REJECT_INADMISSIBLE,EXECUTE_ONLY_IF_R3_MEASURES_INADMISSIBLE_COST,NEEDS_WAREHOUSE_BINDING_R3
NH2-OVERLAP-OUT_OF_ORDER-R048,test,17,NH2-OVERLAP-OUT_OF_ORDER-R048-Q17-INAD_0,INADMISSIBLE,SAT_FALSE,NH2-OVERLAP-OUT_OF_ORDER-R048_inad_0,REJECT_INADMISSIBLE,EXECUTE_ONLY_IF_R3_MEASURES_INADMISSIBLE_COST,NEEDS_WAREHOUSE_BINDING_R3
NH2-OVERLAP-OUT_OF_ORDER-R048,test,18,NH2-OVERLAP-OUT_OF_ORDER-R048-Q18-INAD_1,INADMISSIBLE,SAT_FALSE,NH2-OVERLAP-OUT_OF_ORDER-R048_inad_1,REJECT_INADMISSIBLE,EXECUTE_ONLY_IF_R3_MEASURES_INADMISSIBLE_COST,NEEDS_WAREHOUSE_BINDING_R3
NH2-OVERLAP-OUT_OF_ORDER-R049,test,17,NH2-OVERLAP-OUT_OF_ORDER-R049-Q17-INAD_0,INADMISSIBLE,SAT_FALSE,NH2-OVERLAP-OUT_OF_ORDER-R049_inad_0,REJECT_INADMISSIBLE,EXECUTE_ONLY_IF_R3_MEASURES_INADMISSIBLE_COST,NEEDS_WAREHOUSE_BINDING_R3
NH2-OVERLAP-OUT_OF_ORDER-R049,test,18,NH2-OVERLAP-OUT_OF_ORDER-R049-Q18-INAD_1,INADMISSIBLE,SAT_FALSE,NH2-OVERLAP-OUT_OF_ORDER-R049_inad_1,REJECT_INADMISSIBLE,EXECUTE_ONLY_IF_R3_MEASURES_INADMISSIBLE_COST,NEEDS_WAREHOUSE_BINDING_R3
NH2-OVERLAP-OUT_OF_ORDER-R050,test,17,NH2-OVERLAP-OUT_OF_ORDER-R050-Q17-INAD_0,INADMISSIBLE,SAT_FALSE,NH2-OVERLAP-OUT_OF_ORDER-R050_inad_0,REJECT_INADMISSIBLE,EXECUTE_ONLY_IF_R3_MEASURES_INADMISSIBLE_COST,NEEDS_WAREHOUSE_BINDING_R3
NH2-OVERLAP-OUT_OF_ORDER-R050,test,18,NH2-OVERLAP-OUT_OF_ORDER-R050-Q18-INAD_1,INADMISSIBLE,SAT_FALSE,NH2-OVERLAP-OUT_OF_ORDER-R050_inad_1,REJECT_INADMISSIBLE,EXECUTE_ONLY_IF_R3_MEASURES_INADMISSIBLE_COST,NEEDS_WAREHOUSE_BINDING_R3
NH2-OVERLAP-OUT_OF_ORDER-R051,test,17,NH2-OVERLAP-OUT_OF_ORDER-R051-Q17-INAD_0,INADMISSIBLE,SAT_FALSE,NH2-OVERLAP-OUT_OF_ORDER-R051_inad_0,REJECT_INADMISSIBLE,EXECUTE_ONLY_IF_R3_MEASURES_INADMISSIBLE_COST,NEEDS_WAREHOUSE_BINDING_R3
NH2-OVERLAP-OUT_OF_ORDER-R051,test,18,NH2-OVERLAP-OUT_OF_ORDER-R051-Q18-INAD_1,INADMISSIBLE,SAT_FALSE,NH2-OVERLAP-OUT_OF_ORDER-R051_inad_1,REJECT_INADMISSIBLE,EXECUTE_ONLY_IF_R3_MEASURES_INADMISSIBLE_COST,NEEDS_WAREHOUSE_BINDING_R3
NH2-OVERLAP-OUT_OF_ORDER-R052,test,17,NH2-OVERLAP-OUT_OF_ORDER-R052-Q17-INAD_0,INADMISSIBLE,SAT_FALSE,NH2-OVERLAP-OUT_OF_ORDER-R052_inad_0,REJECT_INADMISSIBLE,EXECUTE_ONLY_IF_R3_MEASURES_INADMISSIBLE_COST,NEEDS_WAREHOUSE_BINDING_R3
NH2-OVERLAP-OUT_OF_ORDER-R052,test,18,NH2-OVERLAP-OUT_OF_ORDER-R052-Q18-INAD_1,INADMISSIBLE,SAT_FALSE,NH2-OVERLAP-OUT_OF_ORDER-R052_inad_1,REJECT_INADMISSIBLE,EXECUTE_ONLY_IF_R3_MEASURES_INADMISSIBLE_COST,NEEDS_WAREHOUSE_BINDING_R3
NH2-OVERLAP-OUT_OF_ORDER-R053,test,17,NH2-OVERLAP-OUT_OF_ORDER-R053-Q17-INAD_0,INADMISSIBLE,SAT_FALSE,NH2-OVERLAP-OUT_OF_ORDER-R053_inad_0,REJECT_INADMISSIBLE,EXECUTE_ONLY_IF_R3_MEASURES_INADMISSIBLE_COST,NEEDS_WAREHOUSE_BINDING_R3
NH2-OVERLAP-OUT_OF_ORDER-R053,test,18,NH2-OVERLAP-OUT_OF_ORDER-R053-Q18-INAD_1,INADMISSIBLE,SAT_FALSE,NH2-OVERLAP-OUT_OF_ORDER-R053_inad_1,REJECT_INADMISSIBLE,EXECUTE_ONLY_IF_R3_MEASURES_INADMISSIBLE_COST,NEEDS_WAREHOUSE_BINDING_R3
NH2-OVERLAP-OUT_OF_ORDER-R054,test,17,NH2-OVERLAP-OUT_OF_ORDER-R054-Q17-INAD_0,INADMISSIBLE,SAT_FALSE,NH2-OVERLAP-OUT_OF_ORDER-R054_inad_0,REJECT_INADMISSIBLE,EXECUTE_ONLY_IF_R3_MEASURES_INADMISSIBLE_COST,NEEDS_WAREHOUSE_BINDING_R3
NH2-OVERLAP-OUT_OF_ORDER-R054,test,18,NH2-OVERLAP-OUT_OF_ORDER-R054-Q18-INAD_1,INADMISSIBLE,SAT_FALSE,NH2-OVERLAP-OUT_OF_ORDER-R054_inad_1,REJECT_INADMISSIBLE,EXECUTE_ONLY_IF_R3_MEASURES_INADMISSIBLE_COST,NEEDS_WAREHOUSE_BINDING_R3
NH2-OVERLAP-OUT_OF_ORDER-R055,test,17,NH2-OVERLAP-OUT_OF_ORDER-R055-Q17-INAD_0,INADMISSIBLE,SAT_FALSE,NH2-OVERLAP-OUT_OF_ORDER-R055_inad_0,REJECT_INADMISSIBLE,EXECUTE_ONLY_IF_R3_MEASURES_INADMISSIBLE_COST,NEEDS_WAREHOUSE_BINDING_R3
NH2-OVERLAP-OUT_OF_ORDER-R055,test,18,NH2-OVERLAP-OUT_OF_ORDER-R055-Q18-INAD_1,INADMISSIBLE,SAT_FALSE,NH2-OVERLAP-OUT_OF_ORDER-R055_inad_1,REJECT_INADMISSIBLE,EXECUTE_ONLY_IF_R3_MEASURES_INADMISSIBLE_COST,NEEDS_WAREHOUSE_BINDING_R3
NH2-OVERLAP-OUT_OF_ORDER-R056,test,17,NH2-OVERLAP-OUT_OF_ORDER-R056-Q17-INAD_0,INADMISSIBLE,SAT_FALSE,NH2-OVERLAP-OUT_OF_ORDER-R056_inad_0,REJECT_INADMISSIBLE,EXECUTE_ONLY_IF_R3_MEASURES_INADMISSIBLE_COST,NEEDS_WAREHOUSE_BINDING_R3
NH2-OVERLAP-OUT_OF_ORDER-R056,test,18,NH2-OVERLAP-OUT_OF_ORDER-R056-Q18-INAD_1,INADMISSIBLE,SAT_FALSE,NH2-OVERLAP-OUT_OF_ORDER-R056_inad_1,REJECT_INADMISSIBLE,EXECUTE_ONLY_IF_R3_MEASURES_INADMISSIBLE_COST,NEEDS_WAREHOUSE_BINDING_R3
NH2-OVERLAP-OUT_OF_ORDER-R057,test,17,NH2-OVERLAP-OUT_OF_ORDER-R057-Q17-INAD_0,INADMISSIBLE,SAT_FALSE,NH2-OVERLAP-OUT_OF_ORDER-R057_inad_0,REJECT_INADMISSIBLE,EXECUTE_ONLY_IF_R3_MEASURES_INADMISSIBLE_COST,NEEDS_WAREHOUSE_BINDING_R3
NH2-OVERLAP-OUT_OF_ORDER-R057,test,18,NH2-OVERLAP-OUT_OF_ORDER-R057-Q18-INAD_1,INADMISSIBLE,SAT_FALSE,NH2-OVERLAP-OUT_OF_ORDER-R057_inad_1,REJECT_INADMISSIBLE,EXECUTE_ONLY_IF_R3_MEASURES_INADMISSIBLE_COST,NEEDS_WAREHOUSE_BINDING_R3
NH2-OVERLAP-OUT_OF_ORDER-R058,test,17,NH2-OVERLAP-OUT_OF_ORDER-R058-Q17-INAD_0,INADMISSIBLE,SAT_FALSE,NH2-OVERLAP-OUT_OF_ORDER-R058_inad_0,REJECT_INADMISSIBLE,EXECUTE_ONLY_IF_R3_MEASURES_INADMISSIBLE_COST,NEEDS_WAREHOUSE_BINDING_R3
NH2-OVERLAP-OUT_OF_ORDER-R058,test,18,NH2-OVERLAP-OUT_OF_ORDER-R058-Q18-INAD_1,INADMISSIBLE,SAT_FALSE,NH2-OVERLAP-OUT_OF_ORDER-R058_inad_1,REJECT_INADMISSIBLE,EXECUTE_ONLY_IF_R3_MEASURES_INADMISSIBLE_COST,NEEDS_WAREHOUSE_BINDING_R3
NH2-OVERLAP-OUT_OF_ORDER-R059,test,17,NH2-OVERLAP-OUT_OF_ORDER-R059-Q17-INAD_0,INADMISSIBLE,SAT_FALSE,NH2-OVERLAP-OUT_OF_ORDER-R059_inad_0,REJECT_INADMISSIBLE,EXECUTE_ONLY_IF_R3_MEASURES_INADMISSIBLE_COST,NEEDS_WAREHOUSE_BINDING_R3
NH2-OVERLAP-OUT_OF_ORDER-R059,test,18,NH2-OVERLAP-OUT_OF_ORDER-R059-Q18-INAD_1,INADMISSIBLE,SAT_FALSE,NH2-OVERLAP-OUT_OF_ORDER-R059_inad_1,REJECT_INADMISSIBLE,EXECUTE_ONLY_IF_R3_MEASURES_INADMISSIBLE_COST,NEEDS_WAREHOUSE_BINDING_R3
NH2-OVERLAP-OUT_OF_ORDER-R060,test,17,NH2-OVERLAP-OUT_OF_ORDER-R060-Q17-INAD_0,INADMISSIBLE,SAT_FALSE,NH2-OVERLAP-OUT_OF_ORDER-R060_inad_0,REJECT_INADMISSIBLE,EXECUTE_ONLY_IF_R3_MEASURES_INADMISSIBLE_COST,NEEDS_WAREHOUSE_BINDING_R3
NH2-OVERLAP-OUT_OF_ORDER-R060,test,18,NH2-OVERLAP-OUT_OF_ORDER-R060-Q18-INAD_1,INADMISSIBLE,SAT_FALSE,NH2-OVERLAP-OUT_OF_ORDER-R060_inad_1,REJECT_INADMISSIBLE,EXECUTE_ONLY_IF_R3_MEASURES_INADMISSIBLE_COST,NEEDS_WAREHOUSE_BINDING_R3
NH2-OVERLAP-OVERLAP-R001,dev,9,NH2-OVERLAP-OVERLAP-R001-Q09-INAD_1,INADMISSIBLE,SAT_FALSE,NH2-OVERLAP-OVERLAP-R001_inad_1,REJECT_INADMISSIBLE,EXECUTE_ONLY_IF_R3_MEASURES_INADMISSIBLE_COST,NEEDS_WAREHOUSE_BINDING_R3
NH2-OVERLAP-OVERLAP-R001,dev,24,NH2-OVERLAP-OVERLAP-R001-Q24-INAD_0,INADMISSIBLE,SAT_FALSE,NH2-OVERLAP-OVERLAP-R001_inad_0,REJECT_INADMISSIBLE,EXECUTE_ONLY_IF_R3_MEASURES_INADMISSIBLE_COST,NEEDS_WAREHOUSE_BINDING_R3
NH2-OVERLAP-OVERLAP-R002,dev,4,NH2-OVERLAP-OVERLAP-R002-Q04-INAD_0,INADMISSIBLE,SAT_FALSE,NH2-OVERLAP-OVERLAP-R002_inad_0,REJECT_INADMISSIBLE,EXECUTE_ONLY_IF_R3_MEASURES_INADMISSIBLE_COST,NEEDS_WAREHOUSE_BINDING_R3
NH2-OVERLAP-OVERLAP-R002,dev,8,NH2-OVERLAP-OVERLAP-R002-Q08-INAD_1,INADMISSIBLE,SAT_FALSE,NH2-OVERLAP-OVERLAP-R002_inad_1,REJECT_INADMISSIBLE,EXECUTE_ONLY_IF_R3_MEASURES_INADMISSIBLE_COST,NEEDS_WAREHOUSE_BINDING_R3
NH2-OVERLAP-OVERLAP-R003,dev,15,NH2-OVERLAP-OVERLAP-R003-Q15-INAD_1,INADMISSIBLE,SAT_FALSE,NH2-OVERLAP-OVERLAP-R003_inad_1,REJECT_INADMISSIBLE,EXECUTE_ONLY_IF_R3_MEASURES_INADMISSIBLE_COST,NEEDS_WAREHOUSE_BINDING_R3
NH2-OVERLAP-OVERLAP-R003,dev,23,NH2-OVERLAP-OVERLAP-R003-Q23-INAD_0,INADMISSIBLE,SAT_FALSE,NH2-OVERLAP-OVERLAP-R003_inad_0,REJECT_INADMISSIBLE,EXECUTE_ONLY_IF_R3_MEASURES_INADMISSIBLE_COST,NEEDS_WAREHOUSE_BINDING_R3
NH2-OVERLAP-OVERLAP-R004,dev,1,NH2-OVERLAP-OVERLAP-R004-Q01-INAD_0,INADMISSIBLE,SAT_FALSE,NH2-OVERLAP-OVERLAP-R004_inad_0,REJECT_INADMISSIBLE,EXECUTE_ONLY_IF_R3_MEASURES_INADMISSIBLE_COST,NEEDS_WAREHOUSE_BINDING_R3
NH2-OVERLAP-OVERLAP-R004,dev,23,NH2-OVERLAP-OVERLAP-R004-Q23-INAD_1,INADMISSIBLE,SAT_FALSE,NH2-OVERLAP-OVERLAP-R004_inad_1,REJECT_INADMISSIBLE,EXECUTE_ONLY_IF_R3_MEASURES_INADMISSIBLE_COST,NEEDS_WAREHOUSE_BINDING_R3
NH2-OVERLAP-OVERLAP-R005,dev,3,NH2-OVERLAP-OVERLAP-R005-Q03-INAD_0,INADMISSIBLE,SAT_FALSE,NH2-OVERLAP-OVERLAP-R005_inad_0,REJECT_INADMISSIBLE,EXECUTE_ONLY_IF_R3_MEASURES_INADMISSIBLE_COST,NEEDS_WAREHOUSE_BINDING_R3
NH2-OVERLAP-OVERLAP-R005,dev,16,NH2-OVERLAP-OVERLAP-R005-Q16-INAD_1,INADMISSIBLE,SAT_FALSE,NH2-OVERLAP-OVERLAP-R005_inad_1,REJECT_INADMISSIBLE,EXECUTE_ONLY_IF_R3_MEASURES_INADMISSIBLE_COST,NEEDS_WAREHOUSE_BINDING_R3
NH2-OVERLAP-OVERLAP-R006,dev,9,NH2-OVERLAP-OVERLAP-R006-Q09-INAD_1,INADMISSIBLE,SAT_FALSE,NH2-OVERLAP-OVERLAP-R006_inad_1,REJECT_INADMISSIBLE,EXECUTE_ONLY_IF_R3_MEASURES_INADMISSIBLE_COST,NEEDS_WAREHOUSE_BINDING_R3
NH2-OVERLAP-OVERLAP-R006,dev,20,NH2-OVERLAP-OVERLAP-R006-Q20-INAD_0,INADMISSIBLE,SAT_FALSE,NH2-OVERLAP-OVERLAP-R006_inad_0,REJECT_INADMISSIBLE,EXECUTE_ONLY_IF_R3_MEASURES_INADMISSIBLE_COST,NEEDS_WAREHOUSE_BINDING_R3
NH2-OVERLAP-OVERLAP-R007,dev,1,NH2-OVERLAP-OVERLAP-R007-Q01-INAD_0,INADMISSIBLE,SAT_FALSE,NH2-OVERLAP-OVERLAP-R007_inad_0,REJECT_INADMISSIBLE,EXECUTE_ONLY_IF_R3_MEASURES_INADMISSIBLE_COST,NEEDS_WAREHOUSE_BINDING_R3
NH2-OVERLAP-OVERLAP-R007,dev,21,NH2-OVERLAP-OVERLAP-R007-Q21-INAD_1,INADMISSIBLE,SAT_FALSE,NH2-OVERLAP-OVERLAP-R007_inad_1,REJECT_INADMISSIBLE,EXECUTE_ONLY_IF_R3_MEASURES_INADMISSIBLE_COST,NEEDS_WAREHOUSE_BINDING_R3
NH2-OVERLAP-OVERLAP-R008,dev,4,NH2-OVERLAP-OVERLAP-R008-Q04-INAD_1,INADMISSIBLE,SAT_FALSE,NH2-OVERLAP-OVERLAP-R008_inad_1,REJECT_INADMISSIBLE,EXECUTE_ONLY_IF_R3_MEASURES_INADMISSIBLE_COST,NEEDS_WAREHOUSE_BINDING_R3
NH2-OVERLAP-OVERLAP-R008,dev,18,NH2-OVERLAP-OVERLAP-R008-Q18-INAD_0,INADMISSIBLE,SAT_FALSE,NH2-OVERLAP-OVERLAP-R008_inad_0,REJECT_INADMISSIBLE,EXECUTE_ONLY_IF_R3_MEASURES_INADMISSIBLE_COST,NEEDS_WAREHOUSE_BINDING_R3
NH2-OVERLAP-OVERLAP-R009,dev,8,NH2-OVERLAP-OVERLAP-R009-Q08-INAD_1,INADMISSIBLE,SAT_FALSE,NH2-OVERLAP-OVERLAP-R009_inad_1,REJECT_INADMISSIBLE,EXECUTE_ONLY_IF_R3_MEASURES_INADMISSIBLE_COST,NEEDS_WAREHOUSE_BINDING_R3
NH2-OVERLAP-OVERLAP-R009,dev,17,NH2-OVERLAP-OVERLAP-R009-Q17-INAD_0,INADMISSIBLE,SAT_FALSE,NH2-OVERLAP-OVERLAP-R009_inad_0,REJECT_INADMISSIBLE,EXECUTE_ONLY_IF_R3_MEASURES_INADMISSIBLE_COST,NEEDS_WAREHOUSE_BINDING_R3
NH2-OVERLAP-OVERLAP-R010,dev,3,NH2-OVERLAP-OVERLAP-R010-Q03-INAD_0,INADMISSIBLE,SAT_FALSE,NH2-OVERLAP-OVERLAP-R010_inad_0,REJECT_INADMISSIBLE,EXECUTE_ONLY_IF_R3_MEASURES_INADMISSIBLE_COST,NEEDS_WAREHOUSE_BINDING_R3
NH2-OVERLAP-OVERLAP-R010,dev,20,NH2-OVERLAP-OVERLAP-R010-Q20-INAD_1,INADMISSIBLE,SAT_FALSE,NH2-OVERLAP-OVERLAP-R010_inad_1,REJECT_INADMISSIBLE,EXECUTE_ONLY_IF_R3_MEASURES_INADMISSIBLE_COST,NEEDS_WAREHOUSE_BINDING_R3
NH2-OVERLAP-OVERLAP-R011,dev,21,NH2-OVERLAP-OVERLAP-R011-Q21-INAD_1,INADMISSIBLE,SAT_FALSE,NH2-OVERLAP-OVERLAP-R011_inad_1,REJECT_INADMISSIBLE,EXECUTE_ONLY_IF_R3_MEASURES_INADMISSIBLE_COST,NEEDS_WAREHOUSE_BINDING_R3
NH2-OVERLAP-OVERLAP-R011,dev,22,NH2-OVERLAP-OVERLAP-R011-Q22-INAD_0,INADMISSIBLE,SAT_FALSE,NH2-OVERLAP-OVERLAP-R011_inad_0,REJECT_INADMISSIBLE,EXECUTE_ONLY_IF_R3_MEASURES_INADMISSIBLE_COST,NEEDS_WAREHOUSE_BINDING_R3
NH2-OVERLAP-OVERLAP-R012,dev,16,NH2-OVERLAP-OVERLAP-R012-Q16-INAD_1,INADMISSIBLE,SAT_FALSE,NH2-OVERLAP-OVERLAP-R012_inad_1,REJECT_INADMISSIBLE,EXECUTE_ONLY_IF_R3_MEASURES_INADMISSIBLE_COST,NEEDS_WAREHOUSE_BINDING_R3
NH2-OVERLAP-OVERLAP-R012,dev,19,NH2-OVERLAP-OVERLAP-R012-Q19-INAD_0,INADMISSIBLE,SAT_FALSE,NH2-OVERLAP-OVERLAP-R012_inad_0,REJECT_INADMISSIBLE,EXECUTE_ONLY_IF_R3_MEASURES_INADMISSIBLE_COST,NEEDS_WAREHOUSE_BINDING_R3
NH2-OVERLAP-OVERLAP-R013,dev,19,NH2-OVERLAP-OVERLAP-R013-Q19-INAD_0,INADMISSIBLE,SAT_FALSE,NH2-OVERLAP-OVERLAP-R013_inad_0,REJECT_INADMISSIBLE,EXECUTE_ONLY_IF_R3_MEASURES_INADMISSIBLE_COST,NEEDS_WAREHOUSE_BINDING_R3
NH2-OVERLAP-OVERLAP-R013,dev,21,NH2-OVERLAP-OVERLAP-R013-Q21-INAD_1,INADMISSIBLE,SAT_FALSE,NH2-OVERLAP-OVERLAP-R013_inad_1,REJECT_INADMISSIBLE,EXECUTE_ONLY_IF_R3_MEASURES_INADMISSIBLE_COST,NEEDS_WAREHOUSE_BINDING_R3
NH2-OVERLAP-OVERLAP-R014,dev,3,NH2-OVERLAP-OVERLAP-R014-Q03-INAD_0,INADMISSIBLE,SAT_FALSE,NH2-OVERLAP-OVERLAP-R014_inad_0,REJECT_INADMISSIBLE,EXECUTE_ONLY_IF_R3_MEASURES_INADMISSIBLE_COST,NEEDS_WAREHOUSE_BINDING_R3
NH2-OVERLAP-OVERLAP-R014,dev,4,NH2-OVERLAP-OVERLAP-R014-Q04-INAD_1,INADMISSIBLE,SAT_FALSE,NH2-OVERLAP-OVERLAP-R014_inad_1,REJECT_INADMISSIBLE,EXECUTE_ONLY_IF_R3_MEASURES_INADMISSIBLE_COST,NEEDS_WAREHOUSE_BINDING_R3
NH2-OVERLAP-OVERLAP-R015,dev,11,NH2-OVERLAP-OVERLAP-R015-Q11-INAD_1,INADMISSIBLE,SAT_FALSE,NH2-OVERLAP-OVERLAP-R015_inad_1,REJECT_INADMISSIBLE,EXECUTE_ONLY_IF_R3_MEASURES_INADMISSIBLE_COST,NEEDS_WAREHOUSE_BINDING_R3
NH2-OVERLAP-OVERLAP-R015,dev,21,NH2-OVERLAP-OVERLAP-R015-Q21-INAD_0,INADMISSIBLE,SAT_FALSE,NH2-OVERLAP-OVERLAP-R015_inad_0,REJECT_INADMISSIBLE,EXECUTE_ONLY_IF_R3_MEASURES_INADMISSIBLE_COST,NEEDS_WAREHOUSE_BINDING_R3
NH2-OVERLAP-OVERLAP-R016,dev,6,NH2-OVERLAP-OVERLAP-R016-Q06-INAD_1,INADMISSIBLE,SAT_FALSE,NH2-OVERLAP-OVERLAP-R016_inad_1,REJECT_INADMISSIBLE,EXECUTE_ONLY_IF_R3_MEASURES_INADMISSIBLE_COST,NEEDS_WAREHOUSE_BINDING_R3
NH2-OVERLAP-OVERLAP-R016,dev,24,NH2-OVERLAP-OVERLAP-R016-Q24-INAD_0,INADMISSIBLE,SAT_FALSE,NH2-OVERLAP-OVERLAP-R016_inad_0,REJECT_INADMISSIBLE,EXECUTE_ONLY_IF_R3_MEASURES_INADMISSIBLE_COST,NEEDS_WAREHOUSE_BINDING_R3
NH2-OVERLAP-OVERLAP-R017,dev,9,NH2-OVERLAP-OVERLAP-R017-Q09-INAD_0,INADMISSIBLE,SAT_FALSE,NH2-OVERLAP-OVERLAP-R017_inad_0,REJECT_INADMISSIBLE,EXECUTE_ONLY_IF_R3_MEASURES_INADMISSIBLE_COST,NEEDS_WAREHOUSE_BINDING_R3
NH2-OVERLAP-OVERLAP-R017,dev,18,NH2-OVERLAP-OVERLAP-R017-Q18-INAD_1,INADMISSIBLE,SAT_FALSE,NH2-OVERLAP-OVERLAP-R017_inad_1,REJECT_INADMISSIBLE,EXECUTE_ONLY_IF_R3_MEASURES_INADMISSIBLE_COST,NEEDS_WAREHOUSE_BINDING_R3
NH2-OVERLAP-OVERLAP-R018,dev,14,NH2-OVERLAP-OVERLAP-R018-Q14-INAD_0,INADMISSIBLE,SAT_FALSE,NH2-OVERLAP-OVERLAP-R018_inad_0,REJECT_INADMISSIBLE,EXECUTE_ONLY_IF_R3_MEASURES_INADMISSIBLE_COST,NEEDS_WAREHOUSE_BINDING_R3
NH2-OVERLAP-OVERLAP-R018,dev,23,NH2-OVERLAP-OVERLAP-R018-Q23-INAD_1,INADMISSIBLE,SAT_FALSE,NH2-OVERLAP-OVERLAP-R018_inad_1,REJECT_INADMISSIBLE,EXECUTE_ONLY_IF_R3_MEASURES_INADMISSIBLE_COST,NEEDS_WAREHOUSE_BINDING_R3
NH2-OVERLAP-OVERLAP-R019,dev,16,NH2-OVERLAP-OVERLAP-R019-Q16-INAD_1,INADMISSIBLE,SAT_FALSE,NH2-OVERLAP-OVERLAP-R019_inad_1,REJECT_INADMISSIBLE,EXECUTE_ONLY_IF_R3_MEASURES_INADMISSIBLE_COST,NEEDS_WAREHOUSE_BINDING_R3
NH2-OVERLAP-OVERLAP-R019,dev,17,NH2-OVERLAP-OVERLAP-R019-Q17-INAD_0,INADMISSIBLE,SAT_FALSE,NH2-OVERLAP-OVERLAP-R019_inad_0,REJECT_INADMISSIBLE,EXECUTE_ONLY_IF_R3_MEASURES_INADMISSIBLE_COST,NEEDS_WAREHOUSE_BINDING_R3
NH2-OVERLAP-OVERLAP-R020,dev,3,NH2-OVERLAP-OVERLAP-R020-Q03-INAD_0,INADMISSIBLE,SAT_FALSE,NH2-OVERLAP-OVERLAP-R020_inad_0,REJECT_INADMISSIBLE,EXECUTE_ONLY_IF_R3_MEASURES_INADMISSIBLE_COST,NEEDS_WAREHOUSE_BINDING_R3
NH2-OVERLAP-OVERLAP-R020,dev,4,NH2-OVERLAP-OVERLAP-R020-Q04-INAD_1,INADMISSIBLE,SAT_FALSE,NH2-OVERLAP-OVERLAP-R020_inad_1,REJECT_INADMISSIBLE,EXECUTE_ONLY_IF_R3_MEASURES_INADMISSIBLE_COST,NEEDS_WAREHOUSE_BINDING_R3
NH2-OVERLAP-OVERLAP-R021,dev,1,NH2-OVERLAP-OVERLAP-R021-Q01-INAD_1,INADMISSIBLE,SAT_FALSE,NH2-OVERLAP-OVERLAP-R021_inad_1,REJECT_INADMISSIBLE,EXECUTE_ONLY_IF_R3_MEASURES_INADMISSIBLE_COST,NEEDS_WAREHOUSE_BINDING_R3
NH2-OVERLAP-OVERLAP-R021,dev,5,NH2-OVERLAP-OVERLAP-R021-Q05-INAD_0,INADMISSIBLE,SAT_FALSE,NH2-OVERLAP-OVERLAP-R021_inad_0,REJECT_INADMISSIBLE,EXECUTE_ONLY_IF_R3_MEASURES_INADMISSIBLE_COST,NEEDS_WAREHOUSE_BINDING_R3
NH2-OVERLAP-OVERLAP-R022,dev,8,NH2-OVERLAP-OVERLAP-R022-Q08-INAD_1,INADMISSIBLE,SAT_FALSE,NH2-OVERLAP-OVERLAP-R022_inad_1,REJECT_INADMISSIBLE,EXECUTE_ONLY_IF_R3_MEASURES_INADMISSIBLE_COST,NEEDS_WAREHOUSE_BINDING_R3
NH2-OVERLAP-OVERLAP-R022,dev,11,NH2-OVERLAP-OVERLAP-R022-Q11-INAD_0,INADMISSIBLE,SAT_FALSE,NH2-OVERLAP-OVERLAP-R022_inad_0,REJECT_INADMISSIBLE,EXECUTE_ONLY_IF_R3_MEASURES_INADMISSIBLE_COST,NEEDS_WAREHOUSE_BINDING_R3
NH2-OVERLAP-OVERLAP-R023,dev,10,NH2-OVERLAP-OVERLAP-R023-Q10-INAD_1,INADMISSIBLE,SAT_FALSE,NH2-OVERLAP-OVERLAP-R023_inad_1,REJECT_INADMISSIBLE,EXECUTE_ONLY_IF_R3_MEASURES_INADMISSIBLE_COST,NEEDS_WAREHOUSE_BINDING_R3
NH2-OVERLAP-OVERLAP-R023,dev,22,NH2-OVERLAP-OVERLAP-R023-Q22-INAD_0,INADMISSIBLE,SAT_FALSE,NH2-OVERLAP-OVERLAP-R023_inad_0,REJECT_INADMISSIBLE,EXECUTE_ONLY_IF_R3_MEASURES_INADMISSIBLE_COST,NEEDS_WAREHOUSE_BINDING_R3
NH2-OVERLAP-OVERLAP-R024,dev,15,NH2-OVERLAP-OVERLAP-R024-Q15-INAD_0,INADMISSIBLE,SAT_FALSE,NH2-OVERLAP-OVERLAP-R024_inad_0,REJECT_INADMISSIBLE,EXECUTE_ONLY_IF_R3_MEASURES_INADMISSIBLE_COST,NEEDS_WAREHOUSE_BINDING_R3
NH2-OVERLAP-OVERLAP-R024,dev,24,NH2-OVERLAP-OVERLAP-R024-Q24-INAD_1,INADMISSIBLE,SAT_FALSE,NH2-OVERLAP-OVERLAP-R024_inad_1,REJECT_INADMISSIBLE,EXECUTE_ONLY_IF_R3_MEASURES_INADMISSIBLE_COST,NEEDS_WAREHOUSE_BINDING_R3
NH2-OVERLAP-OVERLAP-R025,dev,9,NH2-OVERLAP-OVERLAP-R025-Q09-INAD_0,INADMISSIBLE,SAT_FALSE,NH2-OVERLAP-OVERLAP-R025_inad_0,REJECT_INADMISSIBLE,EXECUTE_ONLY_IF_R3_MEASURES_INADMISSIBLE_COST,NEEDS_WAREHOUSE_BINDING_R3
NH2-OVERLAP-OVERLAP-R025,dev,10,NH2-OVERLAP-OVERLAP-R025-Q10-INAD_1,INADMISSIBLE,SAT_FALSE,NH2-OVERLAP-OVERLAP-R025_inad_1,REJECT_INADMISSIBLE,EXECUTE_ONLY_IF_R3_MEASURES_INADMISSIBLE_COST,NEEDS_WAREHOUSE_BINDING_R3
NH2-OVERLAP-OVERLAP-R026,dev,5,NH2-OVERLAP-OVERLAP-R026-Q05-INAD_1,INADMISSIBLE,SAT_FALSE,NH2-OVERLAP-OVERLAP-R026_inad_1,REJECT_INADMISSIBLE,EXECUTE_ONLY_IF_R3_MEASURES_INADMISSIBLE_COST,NEEDS_WAREHOUSE_BINDING_R3
NH2-OVERLAP-OVERLAP-R026,dev,8,NH2-OVERLAP-OVERLAP-R026-Q08-INAD_0,INADMISSIBLE,SAT_FALSE,NH2-OVERLAP-OVERLAP-R026_inad_0,REJECT_INADMISSIBLE,EXECUTE_ONLY_IF_R3_MEASURES_INADMISSIBLE_COST,NEEDS_WAREHOUSE_BINDING_R3
NH2-OVERLAP-OVERLAP-R027,dev,23,NH2-OVERLAP-OVERLAP-R027-Q23-INAD_1,INADMISSIBLE,SAT_FALSE,NH2-OVERLAP-OVERLAP-R027_inad_1,REJECT_INADMISSIBLE,EXECUTE_ONLY_IF_R3_MEASURES_INADMISSIBLE_COST,NEEDS_WAREHOUSE_BINDING_R3
NH2-OVERLAP-OVERLAP-R027,dev,24,NH2-OVERLAP-OVERLAP-R027-Q24-INAD_0,INADMISSIBLE,SAT_FALSE,NH2-OVERLAP-OVERLAP-R027_inad_0,REJECT_INADMISSIBLE,EXECUTE_ONLY_IF_R3_MEASURES_INADMISSIBLE_COST,NEEDS_WAREHOUSE_BINDING_R3
NH2-OVERLAP-OVERLAP-R028,dev,7,NH2-OVERLAP-OVERLAP-R028-Q07-INAD_0,INADMISSIBLE,SAT_FALSE,NH2-OVERLAP-OVERLAP-R028_inad_0,REJECT_INADMISSIBLE,EXECUTE_ONLY_IF_R3_MEASURES_INADMISSIBLE_COST,NEEDS_WAREHOUSE_BINDING_R3
NH2-OVERLAP-OVERLAP-R028,dev,12,NH2-OVERLAP-OVERLAP-R028-Q12-INAD_1,INADMISSIBLE,SAT_FALSE,NH2-OVERLAP-OVERLAP-R028_inad_1,REJECT_INADMISSIBLE,EXECUTE_ONLY_IF_R3_MEASURES_INADMISSIBLE_COST,NEEDS_WAREHOUSE_BINDING_R3
NH2-OVERLAP-OVERLAP-R029,dev,11,NH2-OVERLAP-OVERLAP-R029-Q11-INAD_0,INADMISSIBLE,SAT_FALSE,NH2-OVERLAP-OVERLAP-R029_inad_0,REJECT_INADMISSIBLE,EXECUTE_ONLY_IF_R3_MEASURES_INADMISSIBLE_COST,NEEDS_WAREHOUSE_BINDING_R3
NH2-OVERLAP-OVERLAP-R029,dev,14,NH2-OVERLAP-OVERLAP-R029-Q14-INAD_1,INADMISSIBLE,SAT_FALSE,NH2-OVERLAP-OVERLAP-R029_inad_1,REJECT_INADMISSIBLE,EXECUTE_ONLY_IF_R3_MEASURES_INADMISSIBLE_COST,NEEDS_WAREHOUSE_BINDING_R3
NH2-OVERLAP-OVERLAP-R030,dev,16,NH2-OVERLAP-OVERLAP-R030-Q16-INAD_0,INADMISSIBLE,SAT_FALSE,NH2-OVERLAP-OVERLAP-R030_inad_0,REJECT_INADMISSIBLE,EXECUTE_ONLY_IF_R3_MEASURES_INADMISSIBLE_COST,NEEDS_WAREHOUSE_BINDING_R3
NH2-OVERLAP-OVERLAP-R030,dev,23,NH2-OVERLAP-OVERLAP-R030-Q23-INAD_1,INADMISSIBLE,SAT_FALSE,NH2-OVERLAP-OVERLAP-R030_inad_1,REJECT_INADMISSIBLE,EXECUTE_ONLY_IF_R3_MEASURES_INADMISSIBLE_COST,NEEDS_WAREHOUSE_BINDING_R3
NH2-OVERLAP-OVERLAP-R031,val,19,NH2-OVERLAP-OVERLAP-R031-Q19-INAD_0,INADMISSIBLE,SAT_FALSE,NH2-OVERLAP-OVERLAP-R031_inad_0,REJECT_INADMISSIBLE,EXECUTE_ONLY_IF_R3_MEASURES_INADMISSIBLE_COST,NEEDS_WAREHOUSE_BINDING_R3
NH2-OVERLAP-OVERLAP-R031,val,20,NH2-OVERLAP-OVERLAP-R031-Q20-INAD_1,INADMISSIBLE,SAT_FALSE,NH2-OVERLAP-OVERLAP-R031_inad_1,REJECT_INADMISSIBLE,EXECUTE_ONLY_IF_R3_MEASURES_INADMISSIBLE_COST,NEEDS_WAREHOUSE_BINDING_R3
NH2-OVERLAP-OVERLAP-R032,val,15,NH2-OVERLAP-OVERLAP-R032-Q15-INAD_0,INADMISSIBLE,SAT_FALSE,NH2-OVERLAP-OVERLAP-R032_inad_0,REJECT_INADMISSIBLE,EXECUTE_ONLY_IF_R3_MEASURES_INADMISSIBLE_COST,NEEDS_WAREHOUSE_BINDING_R3
NH2-OVERLAP-OVERLAP-R032,val,17,NH2-OVERLAP-OVERLAP-R032-Q17-INAD_1,INADMISSIBLE,SAT_FALSE,NH2-OVERLAP-OVERLAP-R032_inad_1,REJECT_INADMISSIBLE,EXECUTE_ONLY_IF_R3_MEASURES_INADMISSIBLE_COST,NEEDS_WAREHOUSE_BINDING_R3
NH2-OVERLAP-OVERLAP-R033,val,1,NH2-OVERLAP-OVERLAP-R033-Q01-INAD_1,INADMISSIBLE,SAT_FALSE,NH2-OVERLAP-OVERLAP-R033_inad_1,REJECT_INADMISSIBLE,EXECUTE_ONLY_IF_R3_MEASURES_INADMISSIBLE_COST,NEEDS_WAREHOUSE_BINDING_R3
NH2-OVERLAP-OVERLAP-R033,val,24,NH2-OVERLAP-OVERLAP-R033-Q24-INAD_0,INADMISSIBLE,SAT_FALSE,NH2-OVERLAP-OVERLAP-R033_inad_0,REJECT_INADMISSIBLE,EXECUTE_ONLY_IF_R3_MEASURES_INADMISSIBLE_COST,NEEDS_WAREHOUSE_BINDING_R3
NH2-OVERLAP-OVERLAP-R034,val,5,NH2-OVERLAP-OVERLAP-R034-Q05-INAD_1,INADMISSIBLE,SAT_FALSE,NH2-OVERLAP-OVERLAP-R034_inad_1,REJECT_INADMISSIBLE,EXECUTE_ONLY_IF_R3_MEASURES_INADMISSIBLE_COST,NEEDS_WAREHOUSE_BINDING_R3
NH2-OVERLAP-OVERLAP-R034,val,17,NH2-OVERLAP-OVERLAP-R034-Q17-INAD_0,INADMISSIBLE,SAT_FALSE,NH2-OVERLAP-OVERLAP-R034_inad_0,REJECT_INADMISSIBLE,EXECUTE_ONLY_IF_R3_MEASURES_INADMISSIBLE_COST,NEEDS_WAREHOUSE_BINDING_R3
NH2-OVERLAP-OVERLAP-R035,val,9,NH2-OVERLAP-OVERLAP-R035-Q09-INAD_1,INADMISSIBLE,SAT_FALSE,NH2-OVERLAP-OVERLAP-R035_inad_1,REJECT_INADMISSIBLE,EXECUTE_ONLY_IF_R3_MEASURES_INADMISSIBLE_COST,NEEDS_WAREHOUSE_BINDING_R3
NH2-OVERLAP-OVERLAP-R035,val,21,NH2-OVERLAP-OVERLAP-R035-Q21-INAD_0,INADMISSIBLE,SAT_FALSE,NH2-OVERLAP-OVERLAP-R035_inad_0,REJECT_INADMISSIBLE,EXECUTE_ONLY_IF_R3_MEASURES_INADMISSIBLE_COST,NEEDS_WAREHOUSE_BINDING_R3
NH2-OVERLAP-OVERLAP-R036,val,19,NH2-OVERLAP-OVERLAP-R036-Q19-INAD_1,INADMISSIBLE,SAT_FALSE,NH2-OVERLAP-OVERLAP-R036_inad_1,REJECT_INADMISSIBLE,EXECUTE_ONLY_IF_R3_MEASURES_INADMISSIBLE_COST,NEEDS_WAREHOUSE_BINDING_R3
NH2-OVERLAP-OVERLAP-R036,val,24,NH2-OVERLAP-OVERLAP-R036-Q24-INAD_0,INADMISSIBLE,SAT_FALSE,NH2-OVERLAP-OVERLAP-R036_inad_0,REJECT_INADMISSIBLE,EXECUTE_ONLY_IF_R3_MEASURES_INADMISSIBLE_COST,NEEDS_WAREHOUSE_BINDING_R3
NH2-OVERLAP-OVERLAP-R037,val,17,NH2-OVERLAP-OVERLAP-R037-Q17-INAD_0,INADMISSIBLE,SAT_FALSE,NH2-OVERLAP-OVERLAP-R037_inad_0,REJECT_INADMISSIBLE,EXECUTE_ONLY_IF_R3_MEASURES_INADMISSIBLE_COST,NEEDS_WAREHOUSE_BINDING_R3
NH2-OVERLAP-OVERLAP-R037,val,20,NH2-OVERLAP-OVERLAP-R037-Q20-INAD_1,INADMISSIBLE,SAT_FALSE,NH2-OVERLAP-OVERLAP-R037_inad_1,REJECT_INADMISSIBLE,EXECUTE_ONLY_IF_R3_MEASURES_INADMISSIBLE_COST,NEEDS_WAREHOUSE_BINDING_R3
NH2-OVERLAP-OVERLAP-R038,val,9,NH2-OVERLAP-OVERLAP-R038-Q09-INAD_0,INADMISSIBLE,SAT_FALSE,NH2-OVERLAP-OVERLAP-R038_inad_0,REJECT_INADMISSIBLE,EXECUTE_ONLY_IF_R3_MEASURES_INADMISSIBLE_COST,NEEDS_WAREHOUSE_BINDING_R3
NH2-OVERLAP-OVERLAP-R038,val,14,NH2-OVERLAP-OVERLAP-R038-Q14-INAD_1,INADMISSIBLE,SAT_FALSE,NH2-OVERLAP-OVERLAP-R038_inad_1,REJECT_INADMISSIBLE,EXECUTE_ONLY_IF_R3_MEASURES_INADMISSIBLE_COST,NEEDS_WAREHOUSE_BINDING_R3
NH2-OVERLAP-OVERLAP-R039,val,2,NH2-OVERLAP-OVERLAP-R039-Q02-INAD_1,INADMISSIBLE,SAT_FALSE,NH2-OVERLAP-OVERLAP-R039_inad_1,REJECT_INADMISSIBLE,EXECUTE_ONLY_IF_R3_MEASURES_INADMISSIBLE_COST,NEEDS_WAREHOUSE_BINDING_R3
NH2-OVERLAP-OVERLAP-R039,val,11,NH2-OVERLAP-OVERLAP-R039-Q11-INAD_0,INADMISSIBLE,SAT_FALSE,NH2-OVERLAP-OVERLAP-R039_inad_0,REJECT_INADMISSIBLE,EXECUTE_ONLY_IF_R3_MEASURES_INADMISSIBLE_COST,NEEDS_WAREHOUSE_BINDING_R3
NH2-OVERLAP-OVERLAP-R040,val,4,NH2-OVERLAP-OVERLAP-R040-Q04-INAD_1,INADMISSIBLE,SAT_FALSE,NH2-OVERLAP-OVERLAP-R040_inad_1,REJECT_INADMISSIBLE,EXECUTE_ONLY_IF_R3_MEASURES_INADMISSIBLE_COST,NEEDS_WAREHOUSE_BINDING_R3
NH2-OVERLAP-OVERLAP-R040,val,7,NH2-OVERLAP-OVERLAP-R040-Q07-INAD_0,INADMISSIBLE,SAT_FALSE,NH2-OVERLAP-OVERLAP-R040_inad_0,REJECT_INADMISSIBLE,EXECUTE_ONLY_IF_R3_MEASURES_INADMISSIBLE_COST,NEEDS_WAREHOUSE_BINDING_R3
NH2-OVERLAP-OVERLAP-R041,val,12,NH2-OVERLAP-OVERLAP-R041-Q12-INAD_1,INADMISSIBLE,SAT_FALSE,NH2-OVERLAP-OVERLAP-R041_inad_1,REJECT_INADMISSIBLE,EXECUTE_ONLY_IF_R3_MEASURES_INADMISSIBLE_COST,NEEDS_WAREHOUSE_BINDING_R3
NH2-OVERLAP-OVERLAP-R041,val,22,NH2-OVERLAP-OVERLAP-R041-Q22-INAD_0,INADMISSIBLE,SAT_FALSE,NH2-OVERLAP-OVERLAP-R041_inad_0,REJECT_INADMISSIBLE,EXECUTE_ONLY_IF_R3_MEASURES_INADMISSIBLE_COST,NEEDS_WAREHOUSE_BINDING_R3
NH2-OVERLAP-OVERLAP-R042,val,18,NH2-OVERLAP-OVERLAP-R042-Q18-INAD_1,INADMISSIBLE,SAT_FALSE,NH2-OVERLAP-OVERLAP-R042_inad_1,REJECT_INADMISSIBLE,EXECUTE_ONLY_IF_R3_MEASURES_INADMISSIBLE_COST,NEEDS_WAREHOUSE_BINDING_R3
NH2-OVERLAP-OVERLAP-R042,val,19,NH2-OVERLAP-OVERLAP-R042-Q19-INAD_0,INADMISSIBLE,SAT_FALSE,NH2-OVERLAP-OVERLAP-R042_inad_0,REJECT_INADMISSIBLE,EXECUTE_ONLY_IF_R3_MEASURES_INADMISSIBLE_COST,NEEDS_WAREHOUSE_BINDING_R3
NH2-OVERLAP-OVERLAP-R043,val,1,NH2-OVERLAP-OVERLAP-R043-Q01-INAD_0,INADMISSIBLE,SAT_FALSE,NH2-OVERLAP-OVERLAP-R043_inad_0,REJECT_INADMISSIBLE,EXECUTE_ONLY_IF_R3_MEASURES_INADMISSIBLE_COST,NEEDS_WAREHOUSE_BINDING_R3
NH2-OVERLAP-OVERLAP-R043,val,8,NH2-OVERLAP-OVERLAP-R043-Q08-INAD_1,INADMISSIBLE,SAT_FALSE,NH2-OVERLAP-OVERLAP-R043_inad_1,REJECT_INADMISSIBLE,EXECUTE_ONLY_IF_R3_MEASURES_INADMISSIBLE_COST,NEEDS_WAREHOUSE_BINDING_R3
NH2-OVERLAP-OVERLAP-R044,val,3,NH2-OVERLAP-OVERLAP-R044-Q03-INAD_0,INADMISSIBLE,SAT_FALSE,NH2-OVERLAP-OVERLAP-R044_inad_0,REJECT_INADMISSIBLE,EXECUTE_ONLY_IF_R3_MEASURES_INADMISSIBLE_COST,NEEDS_WAREHOUSE_BINDING_R3
NH2-OVERLAP-OVERLAP-R044,val,17,NH2-OVERLAP-OVERLAP-R044-Q17-INAD_1,INADMISSIBLE,SAT_FALSE,NH2-OVERLAP-OVERLAP-R044_inad_1,REJECT_INADMISSIBLE,EXECUTE_ONLY_IF_R3_MEASURES_INADMISSIBLE_COST,NEEDS_WAREHOUSE_BINDING_R3
NH2-OVERLAP-OVERLAP-R045,val,13,NH2-OVERLAP-OVERLAP-R045-Q13-INAD_0,INADMISSIBLE,SAT_FALSE,NH2-OVERLAP-OVERLAP-R045_inad_0,REJECT_INADMISSIBLE,EXECUTE_ONLY_IF_R3_MEASURES_INADMISSIBLE_COST,NEEDS_WAREHOUSE_BINDING_R3
NH2-OVERLAP-OVERLAP-R045,val,24,NH2-OVERLAP-OVERLAP-R045-Q24-INAD_1,INADMISSIBLE,SAT_FALSE,NH2-OVERLAP-OVERLAP-R045_inad_1,REJECT_INADMISSIBLE,EXECUTE_ONLY_IF_R3_MEASURES_INADMISSIBLE_COST,NEEDS_WAREHOUSE_BINDING_R3
NH2-OVERLAP-OVERLAP-R046,test,11,NH2-OVERLAP-OVERLAP-R046-Q11-INAD_0,INADMISSIBLE,SAT_FALSE,NH2-OVERLAP-OVERLAP-R046_inad_0,REJECT_INADMISSIBLE,EXECUTE_ONLY_IF_R3_MEASURES_INADMISSIBLE_COST,NEEDS_WAREHOUSE_BINDING_R3
NH2-OVERLAP-OVERLAP-R046,test,17,NH2-OVERLAP-OVERLAP-R046-Q17-INAD_1,INADMISSIBLE,SAT_FALSE,NH2-OVERLAP-OVERLAP-R046_inad_1,REJECT_INADMISSIBLE,EXECUTE_ONLY_IF_R3_MEASURES_INADMISSIBLE_COST,NEEDS_WAREHOUSE_BINDING_R3
NH2-OVERLAP-OVERLAP-R047,test,5,NH2-OVERLAP-OVERLAP-R047-Q05-INAD_1,INADMISSIBLE,SAT_FALSE,NH2-OVERLAP-OVERLAP-R047_inad_1,REJECT_INADMISSIBLE,EXECUTE_ONLY_IF_R3_MEASURES_INADMISSIBLE_COST,NEEDS_WAREHOUSE_BINDING_R3
NH2-OVERLAP-OVERLAP-R047,test,12,NH2-OVERLAP-OVERLAP-R047-Q12-INAD_0,INADMISSIBLE,SAT_FALSE,NH2-OVERLAP-OVERLAP-R047_inad_0,REJECT_INADMISSIBLE,EXECUTE_ONLY_IF_R3_MEASURES_INADMISSIBLE_COST,NEEDS_WAREHOUSE_BINDING_R3
NH2-OVERLAP-OVERLAP-R048,test,5,NH2-OVERLAP-OVERLAP-R048-Q05-INAD_1,INADMISSIBLE,SAT_FALSE,NH2-OVERLAP-OVERLAP-R048_inad_1,REJECT_INADMISSIBLE,EXECUTE_ONLY_IF_R3_MEASURES_INADMISSIBLE_COST,NEEDS_WAREHOUSE_BINDING_R3
NH2-OVERLAP-OVERLAP-R048,test,9,NH2-OVERLAP-OVERLAP-R048-Q09-INAD_0,INADMISSIBLE,SAT_FALSE,NH2-OVERLAP-OVERLAP-R048_inad_0,REJECT_INADMISSIBLE,EXECUTE_ONLY_IF_R3_MEASURES_INADMISSIBLE_COST,NEEDS_WAREHOUSE_BINDING_R3
NH2-OVERLAP-OVERLAP-R049,test,11,NH2-OVERLAP-OVERLAP-R049-Q11-INAD_0,INADMISSIBLE,SAT_FALSE,NH2-OVERLAP-OVERLAP-R049_inad_0,REJECT_INADMISSIBLE,EXECUTE_ONLY_IF_R3_MEASURES_INADMISSIBLE_COST,NEEDS_WAREHOUSE_BINDING_R3
NH2-OVERLAP-OVERLAP-R049,test,12,NH2-OVERLAP-OVERLAP-R049-Q12-INAD_1,INADMISSIBLE,SAT_FALSE,NH2-OVERLAP-OVERLAP-R049_inad_1,REJECT_INADMISSIBLE,EXECUTE_ONLY_IF_R3_MEASURES_INADMISSIBLE_COST,NEEDS_WAREHOUSE_BINDING_R3
NH2-OVERLAP-OVERLAP-R050,test,1,NH2-OVERLAP-OVERLAP-R050-Q01-INAD_1,INADMISSIBLE,SAT_FALSE,NH2-OVERLAP-OVERLAP-R050_inad_1,REJECT_INADMISSIBLE,EXECUTE_ONLY_IF_R3_MEASURES_INADMISSIBLE_COST,NEEDS_WAREHOUSE_BINDING_R3
NH2-OVERLAP-OVERLAP-R050,test,19,NH2-OVERLAP-OVERLAP-R050-Q19-INAD_0,INADMISSIBLE,SAT_FALSE,NH2-OVERLAP-OVERLAP-R050_inad_0,REJECT_INADMISSIBLE,EXECUTE_ONLY_IF_R3_MEASURES_INADMISSIBLE_COST,NEEDS_WAREHOUSE_BINDING_R3
NH2-OVERLAP-OVERLAP-R051,test,6,NH2-OVERLAP-OVERLAP-R051-Q06-INAD_0,INADMISSIBLE,SAT_FALSE,NH2-OVERLAP-OVERLAP-R051_inad_0,REJECT_INADMISSIBLE,EXECUTE_ONLY_IF_R3_MEASURES_INADMISSIBLE_COST,NEEDS_WAREHOUSE_BINDING_R3
NH2-OVERLAP-OVERLAP-R051,test,12,NH2-OVERLAP-OVERLAP-R051-Q12-INAD_1,INADMISSIBLE,SAT_FALSE,NH2-OVERLAP-OVERLAP-R051_inad_1,REJECT_INADMISSIBLE,EXECUTE_ONLY_IF_R3_MEASURES_INADMISSIBLE_COST,NEEDS_WAREHOUSE_BINDING_R3
NH2-OVERLAP-OVERLAP-R052,test,3,NH2-OVERLAP-OVERLAP-R052-Q03-INAD_1,INADMISSIBLE,SAT_FALSE,NH2-OVERLAP-OVERLAP-R052_inad_1,REJECT_INADMISSIBLE,EXECUTE_ONLY_IF_R3_MEASURES_INADMISSIBLE_COST,NEEDS_WAREHOUSE_BINDING_R3
NH2-OVERLAP-OVERLAP-R052,test,24,NH2-OVERLAP-OVERLAP-R052-Q24-INAD_0,INADMISSIBLE,SAT_FALSE,NH2-OVERLAP-OVERLAP-R052_inad_0,REJECT_INADMISSIBLE,EXECUTE_ONLY_IF_R3_MEASURES_INADMISSIBLE_COST,NEEDS_WAREHOUSE_BINDING_R3
NH2-OVERLAP-OVERLAP-R053,test,8,NH2-OVERLAP-OVERLAP-R053-Q08-INAD_0,INADMISSIBLE,SAT_FALSE,NH2-OVERLAP-OVERLAP-R053_inad_0,REJECT_INADMISSIBLE,EXECUTE_ONLY_IF_R3_MEASURES_INADMISSIBLE_COST,NEEDS_WAREHOUSE_BINDING_R3
NH2-OVERLAP-OVERLAP-R053,test,12,NH2-OVERLAP-OVERLAP-R053-Q12-INAD_1,INADMISSIBLE,SAT_FALSE,NH2-OVERLAP-OVERLAP-R053_inad_1,REJECT_INADMISSIBLE,EXECUTE_ONLY_IF_R3_MEASURES_INADMISSIBLE_COST,NEEDS_WAREHOUSE_BINDING_R3
NH2-OVERLAP-OVERLAP-R054,test,17,NH2-OVERLAP-OVERLAP-R054-Q17-INAD_0,INADMISSIBLE,SAT_FALSE,NH2-OVERLAP-OVERLAP-R054_inad_0,REJECT_INADMISSIBLE,EXECUTE_ONLY_IF_R3_MEASURES_INADMISSIBLE_COST,NEEDS_WAREHOUSE_BINDING_R3
NH2-OVERLAP-OVERLAP-R054,test,19,NH2-OVERLAP-OVERLAP-R054-Q19-INAD_1,INADMISSIBLE,SAT_FALSE,NH2-OVERLAP-OVERLAP-R054_inad_1,REJECT_INADMISSIBLE,EXECUTE_ONLY_IF_R3_MEASURES_INADMISSIBLE_COST,NEEDS_WAREHOUSE_BINDING_R3
NH2-OVERLAP-OVERLAP-R055,test,8,NH2-OVERLAP-OVERLAP-R055-Q08-INAD_0,INADMISSIBLE,SAT_FALSE,NH2-OVERLAP-OVERLAP-R055_inad_0,REJECT_INADMISSIBLE,EXECUTE_ONLY_IF_R3_MEASURES_INADMISSIBLE_COST,NEEDS_WAREHOUSE_BINDING_R3
NH2-OVERLAP-OVERLAP-R055,test,13,NH2-OVERLAP-OVERLAP-R055-Q13-INAD_1,INADMISSIBLE,SAT_FALSE,NH2-OVERLAP-OVERLAP-R055_inad_1,REJECT_INADMISSIBLE,EXECUTE_ONLY_IF_R3_MEASURES_INADMISSIBLE_COST,NEEDS_WAREHOUSE_BINDING_R3
NH2-OVERLAP-OVERLAP-R056,test,14,NH2-OVERLAP-OVERLAP-R056-Q14-INAD_1,INADMISSIBLE,SAT_FALSE,NH2-OVERLAP-OVERLAP-R056_inad_1,REJECT_INADMISSIBLE,EXECUTE_ONLY_IF_R3_MEASURES_INADMISSIBLE_COST,NEEDS_WAREHOUSE_BINDING_R3
NH2-OVERLAP-OVERLAP-R056,test,22,NH2-OVERLAP-OVERLAP-R056-Q22-INAD_0,INADMISSIBLE,SAT_FALSE,NH2-OVERLAP-OVERLAP-R056_inad_0,REJECT_INADMISSIBLE,EXECUTE_ONLY_IF_R3_MEASURES_INADMISSIBLE_COST,NEEDS_WAREHOUSE_BINDING_R3
NH2-OVERLAP-OVERLAP-R057,test,5,NH2-OVERLAP-OVERLAP-R057-Q05-INAD_0,INADMISSIBLE,SAT_FALSE,NH2-OVERLAP-OVERLAP-R057_inad_0,REJECT_INADMISSIBLE,EXECUTE_ONLY_IF_R3_MEASURES_INADMISSIBLE_COST,NEEDS_WAREHOUSE_BINDING_R3
NH2-OVERLAP-OVERLAP-R057,test,23,NH2-OVERLAP-OVERLAP-R057-Q23-INAD_1,INADMISSIBLE,SAT_FALSE,NH2-OVERLAP-OVERLAP-R057_inad_1,REJECT_INADMISSIBLE,EXECUTE_ONLY_IF_R3_MEASURES_INADMISSIBLE_COST,NEEDS_WAREHOUSE_BINDING_R3
NH2-OVERLAP-OVERLAP-R058,test,4,NH2-OVERLAP-OVERLAP-R058-Q04-INAD_1,INADMISSIBLE,SAT_FALSE,NH2-OVERLAP-OVERLAP-R058_inad_1,REJECT_INADMISSIBLE,EXECUTE_ONLY_IF_R3_MEASURES_INADMISSIBLE_COST,NEEDS_WAREHOUSE_BINDING_R3
NH2-OVERLAP-OVERLAP-R058,test,20,NH2-OVERLAP-OVERLAP-R058-Q20-INAD_0,INADMISSIBLE,SAT_FALSE,NH2-OVERLAP-OVERLAP-R058_inad_0,REJECT_INADMISSIBLE,EXECUTE_ONLY_IF_R3_MEASURES_INADMISSIBLE_COST,NEEDS_WAREHOUSE_BINDING_R3
NH2-OVERLAP-OVERLAP-R059,test,6,NH2-OVERLAP-OVERLAP-R059-Q06-INAD_1,INADMISSIBLE,SAT_FALSE,NH2-OVERLAP-OVERLAP-R059_inad_1,REJECT_INADMISSIBLE,EXECUTE_ONLY_IF_R3_MEASURES_INADMISSIBLE_COST,NEEDS_WAREHOUSE_BINDING_R3
NH2-OVERLAP-OVERLAP-R059,test,22,NH2-OVERLAP-OVERLAP-R059-Q22-INAD_0,INADMISSIBLE,SAT_FALSE,NH2-OVERLAP-OVERLAP-R059_inad_0,REJECT_INADMISSIBLE,EXECUTE_ONLY_IF_R3_MEASURES_INADMISSIBLE_COST,NEEDS_WAREHOUSE_BINDING_R3
NH2-OVERLAP-OVERLAP-R060,test,6,NH2-OVERLAP-OVERLAP-R060-Q06-INAD_0,INADMISSIBLE,SAT_FALSE,NH2-OVERLAP-OVERLAP-R060_inad_0,REJECT_INADMISSIBLE,EXECUTE_ONLY_IF_R3_MEASURES_INADMISSIBLE_COST,NEEDS_WAREHOUSE_BINDING_R3
NH2-OVERLAP-OVERLAP-R060,test,13,NH2-OVERLAP-OVERLAP-R060-Q13-INAD_1,INADMISSIBLE,SAT_FALSE,NH2-OVERLAP-OVERLAP-R060_inad_1,REJECT_INADMISSIBLE,EXECUTE_ONLY_IF_R3_MEASURES_INADMISSIBLE_COST,NEEDS_WAREHOUSE_BINDING_R3
NH2-OVERLAP-DISTRACTOR_HEAVY-R001,dev,10,NH2-OVERLAP-DISTRACTOR_HEAVY-R001-Q10-INAD_0,INADMISSIBLE,SAT_FALSE,NH2-OVERLAP-DISTRACTOR_HEAVY-R001_inad_0,REJECT_INADMISSIBLE,EXECUTE_ONLY_IF_R3_MEASURES_INADMISSIBLE_COST,NEEDS_WAREHOUSE_BINDING_R3
NH2-OVERLAP-DISTRACTOR_HEAVY-R001,dev,23,NH2-OVERLAP-DISTRACTOR_HEAVY-R001-Q23-INAD_1,INADMISSIBLE,SAT_FALSE,NH2-OVERLAP-DISTRACTOR_HEAVY-R001_inad_1,REJECT_INADMISSIBLE,EXECUTE_ONLY_IF_R3_MEASURES_INADMISSIBLE_COST,NEEDS_WAREHOUSE_BINDING_R3
NH2-OVERLAP-DISTRACTOR_HEAVY-R002,dev,2,NH2-OVERLAP-DISTRACTOR_HEAVY-R002-Q02-INAD_1,INADMISSIBLE,SAT_FALSE,NH2-OVERLAP-DISTRACTOR_HEAVY-R002_inad_1,REJECT_INADMISSIBLE,EXECUTE_ONLY_IF_R3_MEASURES_INADMISSIBLE_COST,NEEDS_WAREHOUSE_BINDING_R3
NH2-OVERLAP-DISTRACTOR_HEAVY-R002,dev,17,NH2-OVERLAP-DISTRACTOR_HEAVY-R002-Q17-INAD_0,INADMISSIBLE,SAT_FALSE,NH2-OVERLAP-DISTRACTOR_HEAVY-R002_inad_0,REJECT_INADMISSIBLE,EXECUTE_ONLY_IF_R3_MEASURES_INADMISSIBLE_COST,NEEDS_WAREHOUSE_BINDING_R3
NH2-OVERLAP-DISTRACTOR_HEAVY-R003,dev,10,NH2-OVERLAP-DISTRACTOR_HEAVY-R003-Q10-INAD_0,INADMISSIBLE,SAT_FALSE,NH2-OVERLAP-DISTRACTOR_HEAVY-R003_inad_0,REJECT_INADMISSIBLE,EXECUTE_ONLY_IF_R3_MEASURES_INADMISSIBLE_COST,NEEDS_WAREHOUSE_BINDING_R3
NH2-OVERLAP-DISTRACTOR_HEAVY-R003,dev,20,NH2-OVERLAP-DISTRACTOR_HEAVY-R003-Q20-INAD_1,INADMISSIBLE,SAT_FALSE,NH2-OVERLAP-DISTRACTOR_HEAVY-R003_inad_1,REJECT_INADMISSIBLE,EXECUTE_ONLY_IF_R3_MEASURES_INADMISSIBLE_COST,NEEDS_WAREHOUSE_BINDING_R3
NH2-OVERLAP-DISTRACTOR_HEAVY-R004,dev,14,NH2-OVERLAP-DISTRACTOR_HEAVY-R004-Q14-INAD_1,INADMISSIBLE,SAT_FALSE,NH2-OVERLAP-DISTRACTOR_HEAVY-R004_inad_1,REJECT_INADMISSIBLE,EXECUTE_ONLY_IF_R3_MEASURES_INADMISSIBLE_COST,NEEDS_WAREHOUSE_BINDING_R3
NH2-OVERLAP-DISTRACTOR_HEAVY-R004,dev,15,NH2-OVERLAP-DISTRACTOR_HEAVY-R004-Q15-INAD_0,INADMISSIBLE,SAT_FALSE,NH2-OVERLAP-DISTRACTOR_HEAVY-R004_inad_0,REJECT_INADMISSIBLE,EXECUTE_ONLY_IF_R3_MEASURES_INADMISSIBLE_COST,NEEDS_WAREHOUSE_BINDING_R3
NH2-OVERLAP-DISTRACTOR_HEAVY-R005,dev,12,NH2-OVERLAP-DISTRACTOR_HEAVY-R005-Q12-INAD_1,INADMISSIBLE,SAT_FALSE,NH2-OVERLAP-DISTRACTOR_HEAVY-R005_inad_1,REJECT_INADMISSIBLE,EXECUTE_ONLY_IF_R3_MEASURES_INADMISSIBLE_COST,NEEDS_WAREHOUSE_BINDING_R3
NH2-OVERLAP-DISTRACTOR_HEAVY-R005,dev,20,NH2-OVERLAP-DISTRACTOR_HEAVY-R005-Q20-INAD_0,INADMISSIBLE,SAT_FALSE,NH2-OVERLAP-DISTRACTOR_HEAVY-R005_inad_0,REJECT_INADMISSIBLE,EXECUTE_ONLY_IF_R3_MEASURES_INADMISSIBLE_COST,NEEDS_WAREHOUSE_BINDING_R3
NH2-OVERLAP-DISTRACTOR_HEAVY-R006,dev,6,NH2-OVERLAP-DISTRACTOR_HEAVY-R006-Q06-INAD_0,INADMISSIBLE,SAT_FALSE,NH2-OVERLAP-DISTRACTOR_HEAVY-R006_inad_0,REJECT_INADMISSIBLE,EXECUTE_ONLY_IF_R3_MEASURES_INADMISSIBLE_COST,NEEDS_WAREHOUSE_BINDING_R3
NH2-OVERLAP-DISTRACTOR_HEAVY-R006,dev,13,NH2-OVERLAP-DISTRACTOR_HEAVY-R006-Q13-INAD_1,INADMISSIBLE,SAT_FALSE,NH2-OVERLAP-DISTRACTOR_HEAVY-R006_inad_1,REJECT_INADMISSIBLE,EXECUTE_ONLY_IF_R3_MEASURES_INADMISSIBLE_COST,NEEDS_WAREHOUSE_BINDING_R3
NH2-OVERLAP-DISTRACTOR_HEAVY-R007,dev,17,NH2-OVERLAP-DISTRACTOR_HEAVY-R007-Q17-INAD_0,INADMISSIBLE,SAT_FALSE,NH2-OVERLAP-DISTRACTOR_HEAVY-R007_inad_0,REJECT_INADMISSIBLE,EXECUTE_ONLY_IF_R3_MEASURES_INADMISSIBLE_COST,NEEDS_WAREHOUSE_BINDING_R3
NH2-OVERLAP-DISTRACTOR_HEAVY-R007,dev,20,NH2-OVERLAP-DISTRACTOR_HEAVY-R007-Q20-INAD_1,INADMISSIBLE,SAT_FALSE,NH2-OVERLAP-DISTRACTOR_HEAVY-R007_inad_1,REJECT_INADMISSIBLE,EXECUTE_ONLY_IF_R3_MEASURES_INADMISSIBLE_COST,NEEDS_WAREHOUSE_BINDING_R3
NH2-OVERLAP-DISTRACTOR_HEAVY-R008,dev,1,NH2-OVERLAP-DISTRACTOR_HEAVY-R008-Q01-INAD_0,INADMISSIBLE,SAT_FALSE,NH2-OVERLAP-DISTRACTOR_HEAVY-R008_inad_0,REJECT_INADMISSIBLE,EXECUTE_ONLY_IF_R3_MEASURES_INADMISSIBLE_COST,NEEDS_WAREHOUSE_BINDING_R3
NH2-OVERLAP-DISTRACTOR_HEAVY-R008,dev,9,NH2-OVERLAP-DISTRACTOR_HEAVY-R008-Q09-INAD_1,INADMISSIBLE,SAT_FALSE,NH2-OVERLAP-DISTRACTOR_HEAVY-R008_inad_1,REJECT_INADMISSIBLE,EXECUTE_ONLY_IF_R3_MEASURES_INADMISSIBLE_COST,NEEDS_WAREHOUSE_BINDING_R3
NH2-OVERLAP-DISTRACTOR_HEAVY-R009,dev,4,NH2-OVERLAP-DISTRACTOR_HEAVY-R009-Q04-INAD_1,INADMISSIBLE,SAT_FALSE,NH2-OVERLAP-DISTRACTOR_HEAVY-R009_inad_1,REJECT_INADMISSIBLE,EXECUTE_ONLY_IF_R3_MEASURES_INADMISSIBLE_COST,NEEDS_WAREHOUSE_BINDING_R3
NH2-OVERLAP-DISTRACTOR_HEAVY-R009,dev,7,NH2-OVERLAP-DISTRACTOR_HEAVY-R009-Q07-INAD_0,INADMISSIBLE,SAT_FALSE,NH2-OVERLAP-DISTRACTOR_HEAVY-R009_inad_0,REJECT_INADMISSIBLE,EXECUTE_ONLY_IF_R3_MEASURES_INADMISSIBLE_COST,NEEDS_WAREHOUSE_BINDING_R3
NH2-OVERLAP-DISTRACTOR_HEAVY-R010,dev,18,NH2-OVERLAP-DISTRACTOR_HEAVY-R010-Q18-INAD_0,INADMISSIBLE,SAT_FALSE,NH2-OVERLAP-DISTRACTOR_HEAVY-R010_inad_0,REJECT_INADMISSIBLE,EXECUTE_ONLY_IF_R3_MEASURES_INADMISSIBLE_COST,NEEDS_WAREHOUSE_BINDING_R3
NH2-OVERLAP-DISTRACTOR_HEAVY-R010,dev,22,NH2-OVERLAP-DISTRACTOR_HEAVY-R010-Q22-INAD_1,INADMISSIBLE,SAT_FALSE,NH2-OVERLAP-DISTRACTOR_HEAVY-R010_inad_1,REJECT_INADMISSIBLE,EXECUTE_ONLY_IF_R3_MEASURES_INADMISSIBLE_COST,NEEDS_WAREHOUSE_BINDING_R3
NH2-OVERLAP-DISTRACTOR_HEAVY-R011,dev,22,NH2-OVERLAP-DISTRACTOR_HEAVY-R011-Q22-INAD_1,INADMISSIBLE,SAT_FALSE,NH2-OVERLAP-DISTRACTOR_HEAVY-R011_inad_1,REJECT_INADMISSIBLE,EXECUTE_ONLY_IF_R3_MEASURES_INADMISSIBLE_COST,NEEDS_WAREHOUSE_BINDING_R3
NH2-OVERLAP-DISTRACTOR_HEAVY-R011,dev,24,NH2-OVERLAP-DISTRACTOR_HEAVY-R011-Q24-INAD_0,INADMISSIBLE,SAT_FALSE,NH2-OVERLAP-DISTRACTOR_HEAVY-R011_inad_0,REJECT_INADMISSIBLE,EXECUTE_ONLY_IF_R3_MEASURES_INADMISSIBLE_COST,NEEDS_WAREHOUSE_BINDING_R3
NH2-OVERLAP-DISTRACTOR_HEAVY-R012,dev,4,NH2-OVERLAP-DISTRACTOR_HEAVY-R012-Q04-INAD_1,INADMISSIBLE,SAT_FALSE,NH2-OVERLAP-DISTRACTOR_HEAVY-R012_inad_1,REJECT_INADMISSIBLE,EXECUTE_ONLY_IF_R3_MEASURES_INADMISSIBLE_COST,NEEDS_WAREHOUSE_BINDING_R3
NH2-OVERLAP-DISTRACTOR_HEAVY-R012,dev,12,NH2-OVERLAP-DISTRACTOR_HEAVY-R012-Q12-INAD_0,INADMISSIBLE,SAT_FALSE,NH2-OVERLAP-DISTRACTOR_HEAVY-R012_inad_0,REJECT_INADMISSIBLE,EXECUTE_ONLY_IF_R3_MEASURES_INADMISSIBLE_COST,NEEDS_WAREHOUSE_BINDING_R3
NH2-OVERLAP-DISTRACTOR_HEAVY-R013,dev,7,NH2-OVERLAP-DISTRACTOR_HEAVY-R013-Q07-INAD_0,INADMISSIBLE,SAT_FALSE,NH2-OVERLAP-DISTRACTOR_HEAVY-R013_inad_0,REJECT_INADMISSIBLE,EXECUTE_ONLY_IF_R3_MEASURES_INADMISSIBLE_COST,NEEDS_WAREHOUSE_BINDING_R3
NH2-OVERLAP-DISTRACTOR_HEAVY-R013,dev,24,NH2-OVERLAP-DISTRACTOR_HEAVY-R013-Q24-INAD_1,INADMISSIBLE,SAT_FALSE,NH2-OVERLAP-DISTRACTOR_HEAVY-R013_inad_1,REJECT_INADMISSIBLE,EXECUTE_ONLY_IF_R3_MEASURES_INADMISSIBLE_COST,NEEDS_WAREHOUSE_BINDING_R3
NH2-OVERLAP-DISTRACTOR_HEAVY-R014,dev,4,NH2-OVERLAP-DISTRACTOR_HEAVY-R014-Q04-INAD_1,INADMISSIBLE,SAT_FALSE,NH2-OVERLAP-DISTRACTOR_HEAVY-R014_inad_1,REJECT_INADMISSIBLE,EXECUTE_ONLY_IF_R3_MEASURES_INADMISSIBLE_COST,NEEDS_WAREHOUSE_BINDING_R3
NH2-OVERLAP-DISTRACTOR_HEAVY-R014,dev,5,NH2-OVERLAP-DISTRACTOR_HEAVY-R014-Q05-INAD_0,INADMISSIBLE,SAT_FALSE,NH2-OVERLAP-DISTRACTOR_HEAVY-R014_inad_0,REJECT_INADMISSIBLE,EXECUTE_ONLY_IF_R3_MEASURES_INADMISSIBLE_COST,NEEDS_WAREHOUSE_BINDING_R3
NH2-OVERLAP-DISTRACTOR_HEAVY-R015,dev,15,NH2-OVERLAP-DISTRACTOR_HEAVY-R015-Q15-INAD_1,INADMISSIBLE,SAT_FALSE,NH2-OVERLAP-DISTRACTOR_HEAVY-R015_inad_1,REJECT_INADMISSIBLE,EXECUTE_ONLY_IF_R3_MEASURES_INADMISSIBLE_COST,NEEDS_WAREHOUSE_BINDING_R3
NH2-OVERLAP-DISTRACTOR_HEAVY-R015,dev,22,NH2-OVERLAP-DISTRACTOR_HEAVY-R015-Q22-INAD_0,INADMISSIBLE,SAT_FALSE,NH2-OVERLAP-DISTRACTOR_HEAVY-R015_inad_0,REJECT_INADMISSIBLE,EXECUTE_ONLY_IF_R3_MEASURES_INADMISSIBLE_COST,NEEDS_WAREHOUSE_BINDING_R3
NH2-OVERLAP-DISTRACTOR_HEAVY-R016,dev,15,NH2-OVERLAP-DISTRACTOR_HEAVY-R016-Q15-INAD_1,INADMISSIBLE,SAT_FALSE,NH2-OVERLAP-DISTRACTOR_HEAVY-R016_inad_1,REJECT_INADMISSIBLE,EXECUTE_ONLY_IF_R3_MEASURES_INADMISSIBLE_COST,NEEDS_WAREHOUSE_BINDING_R3
NH2-OVERLAP-DISTRACTOR_HEAVY-R016,dev,21,NH2-OVERLAP-DISTRACTOR_HEAVY-R016-Q21-INAD_0,INADMISSIBLE,SAT_FALSE,NH2-OVERLAP-DISTRACTOR_HEAVY-R016_inad_0,REJECT_INADMISSIBLE,EXECUTE_ONLY_IF_R3_MEASURES_INADMISSIBLE_COST,NEEDS_WAREHOUSE_BINDING_R3
NH2-OVERLAP-DISTRACTOR_HEAVY-R017,dev,19,NH2-OVERLAP-DISTRACTOR_HEAVY-R017-Q19-INAD_0,INADMISSIBLE,SAT_FALSE,NH2-OVERLAP-DISTRACTOR_HEAVY-R017_inad_0,REJECT_INADMISSIBLE,EXECUTE_ONLY_IF_R3_MEASURES_INADMISSIBLE_COST,NEEDS_WAREHOUSE_BINDING_R3
NH2-OVERLAP-DISTRACTOR_HEAVY-R017,dev,21,NH2-OVERLAP-DISTRACTOR_HEAVY-R017-Q21-INAD_1,INADMISSIBLE,SAT_FALSE,NH2-OVERLAP-DISTRACTOR_HEAVY-R017_inad_1,REJECT_INADMISSIBLE,EXECUTE_ONLY_IF_R3_MEASURES_INADMISSIBLE_COST,NEEDS_WAREHOUSE_BINDING_R3
NH2-OVERLAP-DISTRACTOR_HEAVY-R018,dev,2,NH2-OVERLAP-DISTRACTOR_HEAVY-R018-Q02-INAD_0,INADMISSIBLE,SAT_FALSE,NH2-OVERLAP-DISTRACTOR_HEAVY-R018_inad_0,REJECT_INADMISSIBLE,EXECUTE_ONLY_IF_R3_MEASURES_INADMISSIBLE_COST,NEEDS_WAREHOUSE_BINDING_R3
NH2-OVERLAP-DISTRACTOR_HEAVY-R018,dev,7,NH2-OVERLAP-DISTRACTOR_HEAVY-R018-Q07-INAD_1,INADMISSIBLE,SAT_FALSE,NH2-OVERLAP-DISTRACTOR_HEAVY-R018_inad_1,REJECT_INADMISSIBLE,EXECUTE_ONLY_IF_R3_MEASURES_INADMISSIBLE_COST,NEEDS_WAREHOUSE_BINDING_R3
NH2-OVERLAP-DISTRACTOR_HEAVY-R019,dev,12,NH2-OVERLAP-DISTRACTOR_HEAVY-R019-Q12-INAD_0,INADMISSIBLE,SAT_FALSE,NH2-OVERLAP-DISTRACTOR_HEAVY-R019_inad_0,REJECT_INADMISSIBLE,EXECUTE_ONLY_IF_R3_MEASURES_INADMISSIBLE_COST,NEEDS_WAREHOUSE_BINDING_R3
NH2-OVERLAP-DISTRACTOR_HEAVY-R019,dev,22,NH2-OVERLAP-DISTRACTOR_HEAVY-R019-Q22-INAD_1,INADMISSIBLE,SAT_FALSE,NH2-OVERLAP-DISTRACTOR_HEAVY-R019_inad_1,REJECT_INADMISSIBLE,EXECUTE_ONLY_IF_R3_MEASURES_INADMISSIBLE_COST,NEEDS_WAREHOUSE_BINDING_R3
NH2-OVERLAP-DISTRACTOR_HEAVY-R020,dev,4,NH2-OVERLAP-DISTRACTOR_HEAVY-R020-Q04-INAD_1,INADMISSIBLE,SAT_FALSE,NH2-OVERLAP-DISTRACTOR_HEAVY-R020_inad_1,REJECT_INADMISSIBLE,EXECUTE_ONLY_IF_R3_MEASURES_INADMISSIBLE_COST,NEEDS_WAREHOUSE_BINDING_R3
NH2-OVERLAP-DISTRACTOR_HEAVY-R020,dev,17,NH2-OVERLAP-DISTRACTOR_HEAVY-R020-Q17-INAD_0,INADMISSIBLE,SAT_FALSE,NH2-OVERLAP-DISTRACTOR_HEAVY-R020_inad_0,REJECT_INADMISSIBLE,EXECUTE_ONLY_IF_R3_MEASURES_INADMISSIBLE_COST,NEEDS_WAREHOUSE_BINDING_R3
NH2-OVERLAP-DISTRACTOR_HEAVY-R021,dev,13,NH2-OVERLAP-DISTRACTOR_HEAVY-R021-Q13-INAD_0,INADMISSIBLE,SAT_FALSE,NH2-OVERLAP-DISTRACTOR_HEAVY-R021_inad_0,REJECT_INADMISSIBLE,EXECUTE_ONLY_IF_R3_MEASURES_INADMISSIBLE_COST,NEEDS_WAREHOUSE_BINDING_R3
NH2-OVERLAP-DISTRACTOR_HEAVY-R021,dev,19,NH2-OVERLAP-DISTRACTOR_HEAVY-R021-Q19-INAD_1,INADMISSIBLE,SAT_FALSE,NH2-OVERLAP-DISTRACTOR_HEAVY-R021_inad_1,REJECT_INADMISSIBLE,EXECUTE_ONLY_IF_R3_MEASURES_INADMISSIBLE_COST,NEEDS_WAREHOUSE_BINDING_R3
NH2-OVERLAP-DISTRACTOR_HEAVY-R022,dev,3,NH2-OVERLAP-DISTRACTOR_HEAVY-R022-Q03-INAD_1,INADMISSIBLE,SAT_FALSE,NH2-OVERLAP-DISTRACTOR_HEAVY-R022_inad_1,REJECT_INADMISSIBLE,EXECUTE_ONLY_IF_R3_MEASURES_INADMISSIBLE_COST,NEEDS_WAREHOUSE_BINDING_R3
NH2-OVERLAP-DISTRACTOR_HEAVY-R022,dev,6,NH2-OVERLAP-DISTRACTOR_HEAVY-R022-Q06-INAD_0,INADMISSIBLE,SAT_FALSE,NH2-OVERLAP-DISTRACTOR_HEAVY-R022_inad_0,REJECT_INADMISSIBLE,EXECUTE_ONLY_IF_R3_MEASURES_INADMISSIBLE_COST,NEEDS_WAREHOUSE_BINDING_R3
NH2-OVERLAP-DISTRACTOR_HEAVY-R023,dev,5,NH2-OVERLAP-DISTRACTOR_HEAVY-R023-Q05-INAD_1,INADMISSIBLE,SAT_FALSE,NH2-OVERLAP-DISTRACTOR_HEAVY-R023_inad_1,REJECT_INADMISSIBLE,EXECUTE_ONLY_IF_R3_MEASURES_INADMISSIBLE_COST,NEEDS_WAREHOUSE_BINDING_R3
NH2-OVERLAP-DISTRACTOR_HEAVY-R023,dev,6,NH2-OVERLAP-DISTRACTOR_HEAVY-R023-Q06-INAD_0,INADMISSIBLE,SAT_FALSE,NH2-OVERLAP-DISTRACTOR_HEAVY-R023_inad_0,REJECT_INADMISSIBLE,EXECUTE_ONLY_IF_R3_MEASURES_INADMISSIBLE_COST,NEEDS_WAREHOUSE_BINDING_R3
NH2-OVERLAP-DISTRACTOR_HEAVY-R024,dev,10,NH2-OVERLAP-DISTRACTOR_HEAVY-R024-Q10-INAD_1,INADMISSIBLE,SAT_FALSE,NH2-OVERLAP-DISTRACTOR_HEAVY-R024_inad_1,REJECT_INADMISSIBLE,EXECUTE_ONLY_IF_R3_MEASURES_INADMISSIBLE_COST,NEEDS_WAREHOUSE_BINDING_R3
NH2-OVERLAP-DISTRACTOR_HEAVY-R024,dev,16,NH2-OVERLAP-DISTRACTOR_HEAVY-R024-Q16-INAD_0,INADMISSIBLE,SAT_FALSE,NH2-OVERLAP-DISTRACTOR_HEAVY-R024_inad_0,REJECT_INADMISSIBLE,EXECUTE_ONLY_IF_R3_MEASURES_INADMISSIBLE_COST,NEEDS_WAREHOUSE_BINDING_R3
NH2-OVERLAP-DISTRACTOR_HEAVY-R025,dev,2,NH2-OVERLAP-DISTRACTOR_HEAVY-R025-Q02-INAD_1,INADMISSIBLE,SAT_FALSE,NH2-OVERLAP-DISTRACTOR_HEAVY-R025_inad_1,REJECT_INADMISSIBLE,EXECUTE_ONLY_IF_R3_MEASURES_INADMISSIBLE_COST,NEEDS_WAREHOUSE_BINDING_R3
NH2-OVERLAP-DISTRACTOR_HEAVY-R025,dev,23,NH2-OVERLAP-DISTRACTOR_HEAVY-R025-Q23-INAD_0,INADMISSIBLE,SAT_FALSE,NH2-OVERLAP-DISTRACTOR_HEAVY-R025_inad_0,REJECT_INADMISSIBLE,EXECUTE_ONLY_IF_R3_MEASURES_INADMISSIBLE_COST,NEEDS_WAREHOUSE_BINDING_R3
NH2-OVERLAP-DISTRACTOR_HEAVY-R026,dev,6,NH2-OVERLAP-DISTRACTOR_HEAVY-R026-Q06-INAD_0,INADMISSIBLE,SAT_FALSE,NH2-OVERLAP-DISTRACTOR_HEAVY-R026_inad_0,REJECT_INADMISSIBLE,EXECUTE_ONLY_IF_R3_MEASURES_INADMISSIBLE_COST,NEEDS_WAREHOUSE_BINDING_R3
NH2-OVERLAP-DISTRACTOR_HEAVY-R026,dev,19,NH2-OVERLAP-DISTRACTOR_HEAVY-R026-Q19-INAD_1,INADMISSIBLE,SAT_FALSE,NH2-OVERLAP-DISTRACTOR_HEAVY-R026_inad_1,REJECT_INADMISSIBLE,EXECUTE_ONLY_IF_R3_MEASURES_INADMISSIBLE_COST,NEEDS_WAREHOUSE_BINDING_R3
NH2-OVERLAP-DISTRACTOR_HEAVY-R027,dev,4,NH2-OVERLAP-DISTRACTOR_HEAVY-R027-Q04-INAD_1,INADMISSIBLE,SAT_FALSE,NH2-OVERLAP-DISTRACTOR_HEAVY-R027_inad_1,REJECT_INADMISSIBLE,EXECUTE_ONLY_IF_R3_MEASURES_INADMISSIBLE_COST,NEEDS_WAREHOUSE_BINDING_R3
NH2-OVERLAP-DISTRACTOR_HEAVY-R027,dev,11,NH2-OVERLAP-DISTRACTOR_HEAVY-R027-Q11-INAD_0,INADMISSIBLE,SAT_FALSE,NH2-OVERLAP-DISTRACTOR_HEAVY-R027_inad_0,REJECT_INADMISSIBLE,EXECUTE_ONLY_IF_R3_MEASURES_INADMISSIBLE_COST,NEEDS_WAREHOUSE_BINDING_R3
NH2-OVERLAP-DISTRACTOR_HEAVY-R028,dev,14,NH2-OVERLAP-DISTRACTOR_HEAVY-R028-Q14-INAD_0,INADMISSIBLE,SAT_FALSE,NH2-OVERLAP-DISTRACTOR_HEAVY-R028_inad_0,REJECT_INADMISSIBLE,EXECUTE_ONLY_IF_R3_MEASURES_INADMISSIBLE_COST,NEEDS_WAREHOUSE_BINDING_R3
NH2-OVERLAP-DISTRACTOR_HEAVY-R028,dev,20,NH2-OVERLAP-DISTRACTOR_HEAVY-R028-Q20-INAD_1,INADMISSIBLE,SAT_FALSE,NH2-OVERLAP-DISTRACTOR_HEAVY-R028_inad_1,REJECT_INADMISSIBLE,EXECUTE_ONLY_IF_R3_MEASURES_INADMISSIBLE_COST,NEEDS_WAREHOUSE_BINDING_R3
NH2-OVERLAP-DISTRACTOR_HEAVY-R029,dev,10,NH2-OVERLAP-DISTRACTOR_HEAVY-R029-Q10-INAD_1,INADMISSIBLE,SAT_FALSE,NH2-OVERLAP-DISTRACTOR_HEAVY-R029_inad_1,REJECT_INADMISSIBLE,EXECUTE_ONLY_IF_R3_MEASURES_INADMISSIBLE_COST,NEEDS_WAREHOUSE_BINDING_R3
NH2-OVERLAP-DISTRACTOR_HEAVY-R029,dev,14,NH2-OVERLAP-DISTRACTOR_HEAVY-R029-Q14-INAD_0,INADMISSIBLE,SAT_FALSE,NH2-OVERLAP-DISTRACTOR_HEAVY-R029_inad_0,REJECT_INADMISSIBLE,EXECUTE_ONLY_IF_R3_MEASURES_INADMISSIBLE_COST,NEEDS_WAREHOUSE_BINDING_R3
NH2-OVERLAP-DISTRACTOR_HEAVY-R030,dev,20,NH2-OVERLAP-DISTRACTOR_HEAVY-R030-Q20-INAD_1,INADMISSIBLE,SAT_FALSE,NH2-OVERLAP-DISTRACTOR_HEAVY-R030_inad_1,REJECT_INADMISSIBLE,EXECUTE_ONLY_IF_R3_MEASURES_INADMISSIBLE_COST,NEEDS_WAREHOUSE_BINDING_R3
NH2-OVERLAP-DISTRACTOR_HEAVY-R030,dev,22,NH2-OVERLAP-DISTRACTOR_HEAVY-R030-Q22-INAD_0,INADMISSIBLE,SAT_FALSE,NH2-OVERLAP-DISTRACTOR_HEAVY-R030_inad_0,REJECT_INADMISSIBLE,EXECUTE_ONLY_IF_R3_MEASURES_INADMISSIBLE_COST,NEEDS_WAREHOUSE_BINDING_R3
NH2-OVERLAP-DISTRACTOR_HEAVY-R031,val,12,NH2-OVERLAP-DISTRACTOR_HEAVY-R031-Q12-INAD_1,INADMISSIBLE,SAT_FALSE,NH2-OVERLAP-DISTRACTOR_HEAVY-R031_inad_1,REJECT_INADMISSIBLE,EXECUTE_ONLY_IF_R3_MEASURES_INADMISSIBLE_COST,NEEDS_WAREHOUSE_BINDING_R3
NH2-OVERLAP-DISTRACTOR_HEAVY-R031,val,21,NH2-OVERLAP-DISTRACTOR_HEAVY-R031-Q21-INAD_0,INADMISSIBLE,SAT_FALSE,NH2-OVERLAP-DISTRACTOR_HEAVY-R031_inad_0,REJECT_INADMISSIBLE,EXECUTE_ONLY_IF_R3_MEASURES_INADMISSIBLE_COST,NEEDS_WAREHOUSE_BINDING_R3
NH2-OVERLAP-DISTRACTOR_HEAVY-R032,val,9,NH2-OVERLAP-DISTRACTOR_HEAVY-R032-Q09-INAD_0,INADMISSIBLE,SAT_FALSE,NH2-OVERLAP-DISTRACTOR_HEAVY-R032_inad_0,REJECT_INADMISSIBLE,EXECUTE_ONLY_IF_R3_MEASURES_INADMISSIBLE_COST,NEEDS_WAREHOUSE_BINDING_R3
NH2-OVERLAP-DISTRACTOR_HEAVY-R032,val,17,NH2-OVERLAP-DISTRACTOR_HEAVY-R032-Q17-INAD_1,INADMISSIBLE,SAT_FALSE,NH2-OVERLAP-DISTRACTOR_HEAVY-R032_inad_1,REJECT_INADMISSIBLE,EXECUTE_ONLY_IF_R3_MEASURES_INADMISSIBLE_COST,NEEDS_WAREHOUSE_BINDING_R3
NH2-OVERLAP-DISTRACTOR_HEAVY-R033,val,9,NH2-OVERLAP-DISTRACTOR_HEAVY-R033-Q09-INAD_0,INADMISSIBLE,SAT_FALSE,NH2-OVERLAP-DISTRACTOR_HEAVY-R033_inad_0,REJECT_INADMISSIBLE,EXECUTE_ONLY_IF_R3_MEASURES_INADMISSIBLE_COST,NEEDS_WAREHOUSE_BINDING_R3
NH2-OVERLAP-DISTRACTOR_HEAVY-R033,val,11,NH2-OVERLAP-DISTRACTOR_HEAVY-R033-Q11-INAD_1,INADMISSIBLE,SAT_FALSE,NH2-OVERLAP-DISTRACTOR_HEAVY-R033_inad_1,REJECT_INADMISSIBLE,EXECUTE_ONLY_IF_R3_MEASURES_INADMISSIBLE_COST,NEEDS_WAREHOUSE_BINDING_R3
NH2-OVERLAP-DISTRACTOR_HEAVY-R034,val,15,NH2-OVERLAP-DISTRACTOR_HEAVY-R034-Q15-INAD_0,INADMISSIBLE,SAT_FALSE,NH2-OVERLAP-DISTRACTOR_HEAVY-R034_inad_0,REJECT_INADMISSIBLE,EXECUTE_ONLY_IF_R3_MEASURES_INADMISSIBLE_COST,NEEDS_WAREHOUSE_BINDING_R3
NH2-OVERLAP-DISTRACTOR_HEAVY-R034,val,16,NH2-OVERLAP-DISTRACTOR_HEAVY-R034-Q16-INAD_1,INADMISSIBLE,SAT_FALSE,NH2-OVERLAP-DISTRACTOR_HEAVY-R034_inad_1,REJECT_INADMISSIBLE,EXECUTE_ONLY_IF_R3_MEASURES_INADMISSIBLE_COST,NEEDS_WAREHOUSE_BINDING_R3
NH2-OVERLAP-DISTRACTOR_HEAVY-R035,val,3,NH2-OVERLAP-DISTRACTOR_HEAVY-R035-Q03-INAD_0,INADMISSIBLE,SAT_FALSE,NH2-OVERLAP-DISTRACTOR_HEAVY-R035_inad_0,REJECT_INADMISSIBLE,EXECUTE_ONLY_IF_R3_MEASURES_INADMISSIBLE_COST,NEEDS_WAREHOUSE_BINDING_R3
NH2-OVERLAP-DISTRACTOR_HEAVY-R035,val,15,NH2-OVERLAP-DISTRACTOR_HEAVY-R035-Q15-INAD_1,INADMISSIBLE,SAT_FALSE,NH2-OVERLAP-DISTRACTOR_HEAVY-R035_inad_1,REJECT_INADMISSIBLE,EXECUTE_ONLY_IF_R3_MEASURES_INADMISSIBLE_COST,NEEDS_WAREHOUSE_BINDING_R3
NH2-OVERLAP-DISTRACTOR_HEAVY-R036,val,6,NH2-OVERLAP-DISTRACTOR_HEAVY-R036-Q06-INAD_0,INADMISSIBLE,SAT_FALSE,NH2-OVERLAP-DISTRACTOR_HEAVY-R036_inad_0,REJECT_INADMISSIBLE,EXECUTE_ONLY_IF_R3_MEASURES_INADMISSIBLE_COST,NEEDS_WAREHOUSE_BINDING_R3
NH2-OVERLAP-DISTRACTOR_HEAVY-R036,val,14,NH2-OVERLAP-DISTRACTOR_HEAVY-R036-Q14-INAD_1,INADMISSIBLE,SAT_FALSE,NH2-OVERLAP-DISTRACTOR_HEAVY-R036_inad_1,REJECT_INADMISSIBLE,EXECUTE_ONLY_IF_R3_MEASURES_INADMISSIBLE_COST,NEEDS_WAREHOUSE_BINDING_R3
NH2-OVERLAP-DISTRACTOR_HEAVY-R037,val,19,NH2-OVERLAP-DISTRACTOR_HEAVY-R037-Q19-INAD_0,INADMISSIBLE,SAT_FALSE,NH2-OVERLAP-DISTRACTOR_HEAVY-R037_inad_0,REJECT_INADMISSIBLE,EXECUTE_ONLY_IF_R3_MEASURES_INADMISSIBLE_COST,NEEDS_WAREHOUSE_BINDING_R3
NH2-OVERLAP-DISTRACTOR_HEAVY-R037,val,22,NH2-OVERLAP-DISTRACTOR_HEAVY-R037-Q22-INAD_1,INADMISSIBLE,SAT_FALSE,NH2-OVERLAP-DISTRACTOR_HEAVY-R037_inad_1,REJECT_INADMISSIBLE,EXECUTE_ONLY_IF_R3_MEASURES_INADMISSIBLE_COST,NEEDS_WAREHOUSE_BINDING_R3
NH2-OVERLAP-DISTRACTOR_HEAVY-R038,val,3,NH2-OVERLAP-DISTRACTOR_HEAVY-R038-Q03-INAD_1,INADMISSIBLE,SAT_FALSE,NH2-OVERLAP-DISTRACTOR_HEAVY-R038_inad_1,REJECT_INADMISSIBLE,EXECUTE_ONLY_IF_R3_MEASURES_INADMISSIBLE_COST,NEEDS_WAREHOUSE_BINDING_R3
NH2-OVERLAP-DISTRACTOR_HEAVY-R038,val,19,NH2-OVERLAP-DISTRACTOR_HEAVY-R038-Q19-INAD_0,INADMISSIBLE,SAT_FALSE,NH2-OVERLAP-DISTRACTOR_HEAVY-R038_inad_0,REJECT_INADMISSIBLE,EXECUTE_ONLY_IF_R3_MEASURES_INADMISSIBLE_COST,NEEDS_WAREHOUSE_BINDING_R3
NH2-OVERLAP-DISTRACTOR_HEAVY-R039,val,19,NH2-OVERLAP-DISTRACTOR_HEAVY-R039-Q19-INAD_0,INADMISSIBLE,SAT_FALSE,NH2-OVERLAP-DISTRACTOR_HEAVY-R039_inad_0,REJECT_INADMISSIBLE,EXECUTE_ONLY_IF_R3_MEASURES_INADMISSIBLE_COST,NEEDS_WAREHOUSE_BINDING_R3
NH2-OVERLAP-DISTRACTOR_HEAVY-R039,val,24,NH2-OVERLAP-DISTRACTOR_HEAVY-R039-Q24-INAD_1,INADMISSIBLE,SAT_FALSE,NH2-OVERLAP-DISTRACTOR_HEAVY-R039_inad_1,REJECT_INADMISSIBLE,EXECUTE_ONLY_IF_R3_MEASURES_INADMISSIBLE_COST,NEEDS_WAREHOUSE_BINDING_R3
NH2-OVERLAP-DISTRACTOR_HEAVY-R040,val,2,NH2-OVERLAP-DISTRACTOR_HEAVY-R040-Q02-INAD_0,INADMISSIBLE,SAT_FALSE,NH2-OVERLAP-DISTRACTOR_HEAVY-R040_inad_0,REJECT_INADMISSIBLE,EXECUTE_ONLY_IF_R3_MEASURES_INADMISSIBLE_COST,NEEDS_WAREHOUSE_BINDING_R3
NH2-OVERLAP-DISTRACTOR_HEAVY-R040,val,21,NH2-OVERLAP-DISTRACTOR_HEAVY-R040-Q21-INAD_1,INADMISSIBLE,SAT_FALSE,NH2-OVERLAP-DISTRACTOR_HEAVY-R040_inad_1,REJECT_INADMISSIBLE,EXECUTE_ONLY_IF_R3_MEASURES_INADMISSIBLE_COST,NEEDS_WAREHOUSE_BINDING_R3
NH2-OVERLAP-DISTRACTOR_HEAVY-R041,val,1,NH2-OVERLAP-DISTRACTOR_HEAVY-R041-Q01-INAD_0,INADMISSIBLE,SAT_FALSE,NH2-OVERLAP-DISTRACTOR_HEAVY-R041_inad_0,REJECT_INADMISSIBLE,EXECUTE_ONLY_IF_R3_MEASURES_INADMISSIBLE_COST,NEEDS_WAREHOUSE_BINDING_R3
NH2-OVERLAP-DISTRACTOR_HEAVY-R041,val,20,NH2-OVERLAP-DISTRACTOR_HEAVY-R041-Q20-INAD_1,INADMISSIBLE,SAT_FALSE,NH2-OVERLAP-DISTRACTOR_HEAVY-R041_inad_1,REJECT_INADMISSIBLE,EXECUTE_ONLY_IF_R3_MEASURES_INADMISSIBLE_COST,NEEDS_WAREHOUSE_BINDING_R3
NH2-OVERLAP-DISTRACTOR_HEAVY-R042,val,18,NH2-OVERLAP-DISTRACTOR_HEAVY-R042-Q18-INAD_0,INADMISSIBLE,SAT_FALSE,NH2-OVERLAP-DISTRACTOR_HEAVY-R042_inad_0,REJECT_INADMISSIBLE,EXECUTE_ONLY_IF_R3_MEASURES_INADMISSIBLE_COST,NEEDS_WAREHOUSE_BINDING_R3
NH2-OVERLAP-DISTRACTOR_HEAVY-R042,val,24,NH2-OVERLAP-DISTRACTOR_HEAVY-R042-Q24-INAD_1,INADMISSIBLE,SAT_FALSE,NH2-OVERLAP-DISTRACTOR_HEAVY-R042_inad_1,REJECT_INADMISSIBLE,EXECUTE_ONLY_IF_R3_MEASURES_INADMISSIBLE_COST,NEEDS_WAREHOUSE_BINDING_R3
NH2-OVERLAP-DISTRACTOR_HEAVY-R043,val,9,NH2-OVERLAP-DISTRACTOR_HEAVY-R043-Q09-INAD_1,INADMISSIBLE,SAT_FALSE,NH2-OVERLAP-DISTRACTOR_HEAVY-R043_inad_1,REJECT_INADMISSIBLE,EXECUTE_ONLY_IF_R3_MEASURES_INADMISSIBLE_COST,NEEDS_WAREHOUSE_BINDING_R3
NH2-OVERLAP-DISTRACTOR_HEAVY-R043,val,23,NH2-OVERLAP-DISTRACTOR_HEAVY-R043-Q23-INAD_0,INADMISSIBLE,SAT_FALSE,NH2-OVERLAP-DISTRACTOR_HEAVY-R043_inad_0,REJECT_INADMISSIBLE,EXECUTE_ONLY_IF_R3_MEASURES_INADMISSIBLE_COST,NEEDS_WAREHOUSE_BINDING_R3
NH2-OVERLAP-DISTRACTOR_HEAVY-R044,val,4,NH2-OVERLAP-DISTRACTOR_HEAVY-R044-Q04-INAD_1,INADMISSIBLE,SAT_FALSE,NH2-OVERLAP-DISTRACTOR_HEAVY-R044_inad_1,REJECT_INADMISSIBLE,EXECUTE_ONLY_IF_R3_MEASURES_INADMISSIBLE_COST,NEEDS_WAREHOUSE_BINDING_R3
NH2-OVERLAP-DISTRACTOR_HEAVY-R044,val,5,NH2-OVERLAP-DISTRACTOR_HEAVY-R044-Q05-INAD_0,INADMISSIBLE,SAT_FALSE,NH2-OVERLAP-DISTRACTOR_HEAVY-R044_inad_0,REJECT_INADMISSIBLE,EXECUTE_ONLY_IF_R3_MEASURES_INADMISSIBLE_COST,NEEDS_WAREHOUSE_BINDING_R3
NH2-OVERLAP-DISTRACTOR_HEAVY-R045,val,12,NH2-OVERLAP-DISTRACTOR_HEAVY-R045-Q12-INAD_0,INADMISSIBLE,SAT_FALSE,NH2-OVERLAP-DISTRACTOR_HEAVY-R045_inad_0,REJECT_INADMISSIBLE,EXECUTE_ONLY_IF_R3_MEASURES_INADMISSIBLE_COST,NEEDS_WAREHOUSE_BINDING_R3
NH2-OVERLAP-DISTRACTOR_HEAVY-R045,val,17,NH2-OVERLAP-DISTRACTOR_HEAVY-R045-Q17-INAD_1,INADMISSIBLE,SAT_FALSE,NH2-OVERLAP-DISTRACTOR_HEAVY-R045_inad_1,REJECT_INADMISSIBLE,EXECUTE_ONLY_IF_R3_MEASURES_INADMISSIBLE_COST,NEEDS_WAREHOUSE_BINDING_R3
NH2-OVERLAP-DISTRACTOR_HEAVY-R046,test,7,NH2-OVERLAP-DISTRACTOR_HEAVY-R046-Q07-INAD_1,INADMISSIBLE,SAT_FALSE,NH2-OVERLAP-DISTRACTOR_HEAVY-R046_inad_1,REJECT_INADMISSIBLE,EXECUTE_ONLY_IF_R3_MEASURES_INADMISSIBLE_COST,NEEDS_WAREHOUSE_BINDING_R3
NH2-OVERLAP-DISTRACTOR_HEAVY-R046,test,8,NH2-OVERLAP-DISTRACTOR_HEAVY-R046-Q08-INAD_0,INADMISSIBLE,SAT_FALSE,NH2-OVERLAP-DISTRACTOR_HEAVY-R046_inad_0,REJECT_INADMISSIBLE,EXECUTE_ONLY_IF_R3_MEASURES_INADMISSIBLE_COST,NEEDS_WAREHOUSE_BINDING_R3
NH2-OVERLAP-DISTRACTOR_HEAVY-R047,test,1,NH2-OVERLAP-DISTRACTOR_HEAVY-R047-Q01-INAD_0,INADMISSIBLE,SAT_FALSE,NH2-OVERLAP-DISTRACTOR_HEAVY-R047_inad_0,REJECT_INADMISSIBLE,EXECUTE_ONLY_IF_R3_MEASURES_INADMISSIBLE_COST,NEEDS_WAREHOUSE_BINDING_R3
NH2-OVERLAP-DISTRACTOR_HEAVY-R047,test,18,NH2-OVERLAP-DISTRACTOR_HEAVY-R047-Q18-INAD_1,INADMISSIBLE,SAT_FALSE,NH2-OVERLAP-DISTRACTOR_HEAVY-R047_inad_1,REJECT_INADMISSIBLE,EXECUTE_ONLY_IF_R3_MEASURES_INADMISSIBLE_COST,NEEDS_WAREHOUSE_BINDING_R3
NH2-OVERLAP-DISTRACTOR_HEAVY-R048,test,1,NH2-OVERLAP-DISTRACTOR_HEAVY-R048-Q01-INAD_1,INADMISSIBLE,SAT_FALSE,NH2-OVERLAP-DISTRACTOR_HEAVY-R048_inad_1,REJECT_INADMISSIBLE,EXECUTE_ONLY_IF_R3_MEASURES_INADMISSIBLE_COST,NEEDS_WAREHOUSE_BINDING_R3
NH2-OVERLAP-DISTRACTOR_HEAVY-R048,test,13,NH2-OVERLAP-DISTRACTOR_HEAVY-R048-Q13-INAD_0,INADMISSIBLE,SAT_FALSE,NH2-OVERLAP-DISTRACTOR_HEAVY-R048_inad_0,REJECT_INADMISSIBLE,EXECUTE_ONLY_IF_R3_MEASURES_INADMISSIBLE_COST,NEEDS_WAREHOUSE_BINDING_R3
NH2-OVERLAP-DISTRACTOR_HEAVY-R049,test,6,NH2-OVERLAP-DISTRACTOR_HEAVY-R049-Q06-INAD_1,INADMISSIBLE,SAT_FALSE,NH2-OVERLAP-DISTRACTOR_HEAVY-R049_inad_1,REJECT_INADMISSIBLE,EXECUTE_ONLY_IF_R3_MEASURES_INADMISSIBLE_COST,NEEDS_WAREHOUSE_BINDING_R3
NH2-OVERLAP-DISTRACTOR_HEAVY-R049,test,10,NH2-OVERLAP-DISTRACTOR_HEAVY-R049-Q10-INAD_0,INADMISSIBLE,SAT_FALSE,NH2-OVERLAP-DISTRACTOR_HEAVY-R049_inad_0,REJECT_INADMISSIBLE,EXECUTE_ONLY_IF_R3_MEASURES_INADMISSIBLE_COST,NEEDS_WAREHOUSE_BINDING_R3
NH2-OVERLAP-DISTRACTOR_HEAVY-R050,test,14,NH2-OVERLAP-DISTRACTOR_HEAVY-R050-Q14-INAD_0,INADMISSIBLE,SAT_FALSE,NH2-OVERLAP-DISTRACTOR_HEAVY-R050_inad_0,REJECT_INADMISSIBLE,EXECUTE_ONLY_IF_R3_MEASURES_INADMISSIBLE_COST,NEEDS_WAREHOUSE_BINDING_R3
NH2-OVERLAP-DISTRACTOR_HEAVY-R050,test,16,NH2-OVERLAP-DISTRACTOR_HEAVY-R050-Q16-INAD_1,INADMISSIBLE,SAT_FALSE,NH2-OVERLAP-DISTRACTOR_HEAVY-R050_inad_1,REJECT_INADMISSIBLE,EXECUTE_ONLY_IF_R3_MEASURES_INADMISSIBLE_COST,NEEDS_WAREHOUSE_BINDING_R3
NH2-OVERLAP-DISTRACTOR_HEAVY-R051,test,4,NH2-OVERLAP-DISTRACTOR_HEAVY-R051-Q04-INAD_0,INADMISSIBLE,SAT_FALSE,NH2-OVERLAP-DISTRACTOR_HEAVY-R051_inad_0,REJECT_INADMISSIBLE,EXECUTE_ONLY_IF_R3_MEASURES_INADMISSIBLE_COST,NEEDS_WAREHOUSE_BINDING_R3
NH2-OVERLAP-DISTRACTOR_HEAVY-R051,test,7,NH2-OVERLAP-DISTRACTOR_HEAVY-R051-Q07-INAD_1,INADMISSIBLE,SAT_FALSE,NH2-OVERLAP-DISTRACTOR_HEAVY-R051_inad_1,REJECT_INADMISSIBLE,EXECUTE_ONLY_IF_R3_MEASURES_INADMISSIBLE_COST,NEEDS_WAREHOUSE_BINDING_R3
NH2-OVERLAP-DISTRACTOR_HEAVY-R052,test,19,NH2-OVERLAP-DISTRACTOR_HEAVY-R052-Q19-INAD_0,INADMISSIBLE,SAT_FALSE,NH2-OVERLAP-DISTRACTOR_HEAVY-R052_inad_0,REJECT_INADMISSIBLE,EXECUTE_ONLY_IF_R3_MEASURES_INADMISSIBLE_COST,NEEDS_WAREHOUSE_BINDING_R3
NH2-OVERLAP-DISTRACTOR_HEAVY-R052,test,23,NH2-OVERLAP-DISTRACTOR_HEAVY-R052-Q23-INAD_1,INADMISSIBLE,SAT_FALSE,NH2-OVERLAP-DISTRACTOR_HEAVY-R052_inad_1,REJECT_INADMISSIBLE,EXECUTE_ONLY_IF_R3_MEASURES_INADMISSIBLE_COST,NEEDS_WAREHOUSE_BINDING_R3
NH2-OVERLAP-DISTRACTOR_HEAVY-R053,test,5,NH2-OVERLAP-DISTRACTOR_HEAVY-R053-Q05-INAD_0,INADMISSIBLE,SAT_FALSE,NH2-OVERLAP-DISTRACTOR_HEAVY-R053_inad_0,REJECT_INADMISSIBLE,EXECUTE_ONLY_IF_R3_MEASURES_INADMISSIBLE_COST,NEEDS_WAREHOUSE_BINDING_R3
NH2-OVERLAP-DISTRACTOR_HEAVY-R053,test,12,NH2-OVERLAP-DISTRACTOR_HEAVY-R053-Q12-INAD_1,INADMISSIBLE,SAT_FALSE,NH2-OVERLAP-DISTRACTOR_HEAVY-R053_inad_1,REJECT_INADMISSIBLE,EXECUTE_ONLY_IF_R3_MEASURES_INADMISSIBLE_COST,NEEDS_WAREHOUSE_BINDING_R3
NH2-OVERLAP-DISTRACTOR_HEAVY-R054,test,23,NH2-OVERLAP-DISTRACTOR_HEAVY-R054-Q23-INAD_1,INADMISSIBLE,SAT_FALSE,NH2-OVERLAP-DISTRACTOR_HEAVY-R054_inad_1,REJECT_INADMISSIBLE,EXECUTE_ONLY_IF_R3_MEASURES_INADMISSIBLE_COST,NEEDS_WAREHOUSE_BINDING_R3
NH2-OVERLAP-DISTRACTOR_HEAVY-R054,test,24,NH2-OVERLAP-DISTRACTOR_HEAVY-R054-Q24-INAD_0,INADMISSIBLE,SAT_FALSE,NH2-OVERLAP-DISTRACTOR_HEAVY-R054_inad_0,REJECT_INADMISSIBLE,EXECUTE_ONLY_IF_R3_MEASURES_INADMISSIBLE_COST,NEEDS_WAREHOUSE_BINDING_R3
NH2-OVERLAP-DISTRACTOR_HEAVY-R055,test,3,NH2-OVERLAP-DISTRACTOR_HEAVY-R055-Q03-INAD_1,INADMISSIBLE,SAT_FALSE,NH2-OVERLAP-DISTRACTOR_HEAVY-R055_inad_1,REJECT_INADMISSIBLE,EXECUTE_ONLY_IF_R3_MEASURES_INADMISSIBLE_COST,NEEDS_WAREHOUSE_BINDING_R3
NH2-OVERLAP-DISTRACTOR_HEAVY-R055,test,19,NH2-OVERLAP-DISTRACTOR_HEAVY-R055-Q19-INAD_0,INADMISSIBLE,SAT_FALSE,NH2-OVERLAP-DISTRACTOR_HEAVY-R055_inad_0,REJECT_INADMISSIBLE,EXECUTE_ONLY_IF_R3_MEASURES_INADMISSIBLE_COST,NEEDS_WAREHOUSE_BINDING_R3
NH2-OVERLAP-DISTRACTOR_HEAVY-R056,test,6,NH2-OVERLAP-DISTRACTOR_HEAVY-R056-Q06-INAD_0,INADMISSIBLE,SAT_FALSE,NH2-OVERLAP-DISTRACTOR_HEAVY-R056_inad_0,REJECT_INADMISSIBLE,EXECUTE_ONLY_IF_R3_MEASURES_INADMISSIBLE_COST,NEEDS_WAREHOUSE_BINDING_R3
NH2-OVERLAP-DISTRACTOR_HEAVY-R056,test,9,NH2-OVERLAP-DISTRACTOR_HEAVY-R056-Q09-INAD_1,INADMISSIBLE,SAT_FALSE,NH2-OVERLAP-DISTRACTOR_HEAVY-R056_inad_1,REJECT_INADMISSIBLE,EXECUTE_ONLY_IF_R3_MEASURES_INADMISSIBLE_COST,NEEDS_WAREHOUSE_BINDING_R3
NH2-OVERLAP-DISTRACTOR_HEAVY-R057,test,10,NH2-OVERLAP-DISTRACTOR_HEAVY-R057-Q10-INAD_0,INADMISSIBLE,SAT_FALSE,NH2-OVERLAP-DISTRACTOR_HEAVY-R057_inad_0,REJECT_INADMISSIBLE,EXECUTE_ONLY_IF_R3_MEASURES_INADMISSIBLE_COST,NEEDS_WAREHOUSE_BINDING_R3
NH2-OVERLAP-DISTRACTOR_HEAVY-R057,test,14,NH2-OVERLAP-DISTRACTOR_HEAVY-R057-Q14-INAD_1,INADMISSIBLE,SAT_FALSE,NH2-OVERLAP-DISTRACTOR_HEAVY-R057_inad_1,REJECT_INADMISSIBLE,EXECUTE_ONLY_IF_R3_MEASURES_INADMISSIBLE_COST,NEEDS_WAREHOUSE_BINDING_R3
NH2-OVERLAP-DISTRACTOR_HEAVY-R058,test,16,NH2-OVERLAP-DISTRACTOR_HEAVY-R058-Q16-INAD_1,INADMISSIBLE,SAT_FALSE,NH2-OVERLAP-DISTRACTOR_HEAVY-R058_inad_1,REJECT_INADMISSIBLE,EXECUTE_ONLY_IF_R3_MEASURES_INADMISSIBLE_COST,NEEDS_WAREHOUSE_BINDING_R3
NH2-OVERLAP-DISTRACTOR_HEAVY-R058,test,20,NH2-OVERLAP-DISTRACTOR_HEAVY-R058-Q20-INAD_0,INADMISSIBLE,SAT_FALSE,NH2-OVERLAP-DISTRACTOR_HEAVY-R058_inad_0,REJECT_INADMISSIBLE,EXECUTE_ONLY_IF_R3_MEASURES_INADMISSIBLE_COST,NEEDS_WAREHOUSE_BINDING_R3
NH2-OVERLAP-DISTRACTOR_HEAVY-R059,test,12,NH2-OVERLAP-DISTRACTOR_HEAVY-R059-Q12-INAD_1,INADMISSIBLE,SAT_FALSE,NH2-OVERLAP-DISTRACTOR_HEAVY-R059_inad_1,REJECT_INADMISSIBLE,EXECUTE_ONLY_IF_R3_MEASURES_INADMISSIBLE_COST,NEEDS_WAREHOUSE_BINDING_R3
NH2-OVERLAP-DISTRACTOR_HEAVY-R059,test,23,NH2-OVERLAP-DISTRACTOR_HEAVY-R059-Q23-INAD_0,INADMISSIBLE,SAT_FALSE,NH2-OVERLAP-DISTRACTOR_HEAVY-R059_inad_0,REJECT_INADMISSIBLE,EXECUTE_ONLY_IF_R3_MEASURES_INADMISSIBLE_COST,NEEDS_WAREHOUSE_BINDING_R3
NH2-OVERLAP-DISTRACTOR_HEAVY-R060,test,1,NH2-OVERLAP-DISTRACTOR_HEAVY-R060-Q01-INAD_1,INADMISSIBLE,SAT_FALSE,NH2-OVERLAP-DISTRACTOR_HEAVY-R060_inad_1,REJECT_INADMISSIBLE,EXECUTE_ONLY_IF_R3_MEASURES_INADMISSIBLE_COST,NEEDS_WAREHOUSE_BINDING_R3
NH2-OVERLAP-DISTRACTOR_HEAVY-R060,test,7,NH2-OVERLAP-DISTRACTOR_HEAVY-R060-Q07-INAD_0,INADMISSIBLE,SAT_FALSE,NH2-OVERLAP-DISTRACTOR_HEAVY-R060_inad_0,REJECT_INADMISSIBLE,EXECUTE_ONLY_IF_R3_MEASURES_INADMISSIBLE_COST,NEEDS_WAREHOUSE_BINDING_R3
NH2-OVERLAP-MIXED_SAT-R001,dev,2,NH2-OVERLAP-MIXED_SAT-R001-Q02-INAD_4,INADMISSIBLE,SAT_FALSE,NH2-OVERLAP-MIXED_SAT-R001_inad_4,REJECT_INADMISSIBLE,EXECUTE_ONLY_IF_R3_MEASURES_INADMISSIBLE_COST,NEEDS_WAREHOUSE_BINDING_R3
NH2-OVERLAP-MIXED_SAT-R001,dev,8,NH2-OVERLAP-MIXED_SAT-R001-Q08-INAD_0,INADMISSIBLE,SAT_FALSE,NH2-OVERLAP-MIXED_SAT-R001_inad_0,REJECT_INADMISSIBLE,EXECUTE_ONLY_IF_R3_MEASURES_INADMISSIBLE_COST,NEEDS_WAREHOUSE_BINDING_R3
NH2-OVERLAP-MIXED_SAT-R001,dev,10,NH2-OVERLAP-MIXED_SAT-R001-Q10-INAD_2,INADMISSIBLE,SAT_FALSE,NH2-OVERLAP-MIXED_SAT-R001_inad_2,REJECT_INADMISSIBLE,EXECUTE_ONLY_IF_R3_MEASURES_INADMISSIBLE_COST,NEEDS_WAREHOUSE_BINDING_R3
NH2-OVERLAP-MIXED_SAT-R001,dev,15,NH2-OVERLAP-MIXED_SAT-R001-Q15-INAD_3,INADMISSIBLE,SAT_FALSE,NH2-OVERLAP-MIXED_SAT-R001_inad_3,REJECT_INADMISSIBLE,EXECUTE_ONLY_IF_R3_MEASURES_INADMISSIBLE_COST,NEEDS_WAREHOUSE_BINDING_R3
NH2-OVERLAP-MIXED_SAT-R001,dev,23,NH2-OVERLAP-MIXED_SAT-R001-Q23-INAD_1,INADMISSIBLE,SAT_FALSE,NH2-OVERLAP-MIXED_SAT-R001_inad_1,REJECT_INADMISSIBLE,EXECUTE_ONLY_IF_R3_MEASURES_INADMISSIBLE_COST,NEEDS_WAREHOUSE_BINDING_R3
NH2-OVERLAP-MIXED_SAT-R002,dev,4,NH2-OVERLAP-MIXED_SAT-R002-Q04-INAD_2,INADMISSIBLE,SAT_FALSE,NH2-OVERLAP-MIXED_SAT-R002_inad_2,REJECT_INADMISSIBLE,EXECUTE_ONLY_IF_R3_MEASURES_INADMISSIBLE_COST,NEEDS_WAREHOUSE_BINDING_R3
NH2-OVERLAP-MIXED_SAT-R002,dev,6,NH2-OVERLAP-MIXED_SAT-R002-Q06-INAD_4,INADMISSIBLE,SAT_FALSE,NH2-OVERLAP-MIXED_SAT-R002_inad_4,REJECT_INADMISSIBLE,EXECUTE_ONLY_IF_R3_MEASURES_INADMISSIBLE_COST,NEEDS_WAREHOUSE_BINDING_R3
NH2-OVERLAP-MIXED_SAT-R002,dev,11,NH2-OVERLAP-MIXED_SAT-R002-Q11-INAD_1,INADMISSIBLE,SAT_FALSE,NH2-OVERLAP-MIXED_SAT-R002_inad_1,REJECT_INADMISSIBLE,EXECUTE_ONLY_IF_R3_MEASURES_INADMISSIBLE_COST,NEEDS_WAREHOUSE_BINDING_R3
NH2-OVERLAP-MIXED_SAT-R002,dev,19,NH2-OVERLAP-MIXED_SAT-R002-Q19-INAD_0,INADMISSIBLE,SAT_FALSE,NH2-OVERLAP-MIXED_SAT-R002_inad_0,REJECT_INADMISSIBLE,EXECUTE_ONLY_IF_R3_MEASURES_INADMISSIBLE_COST,NEEDS_WAREHOUSE_BINDING_R3
NH2-OVERLAP-MIXED_SAT-R002,dev,20,NH2-OVERLAP-MIXED_SAT-R002-Q20-INAD_3,INADMISSIBLE,SAT_FALSE,NH2-OVERLAP-MIXED_SAT-R002_inad_3,REJECT_INADMISSIBLE,EXECUTE_ONLY_IF_R3_MEASURES_INADMISSIBLE_COST,NEEDS_WAREHOUSE_BINDING_R3
NH2-OVERLAP-MIXED_SAT-R003,dev,6,NH2-OVERLAP-MIXED_SAT-R003-Q06-INAD_0,INADMISSIBLE,SAT_FALSE,NH2-OVERLAP-MIXED_SAT-R003_inad_0,REJECT_INADMISSIBLE,EXECUTE_ONLY_IF_R3_MEASURES_INADMISSIBLE_COST,NEEDS_WAREHOUSE_BINDING_R3
NH2-OVERLAP-MIXED_SAT-R003,dev,7,NH2-OVERLAP-MIXED_SAT-R003-Q07-INAD_1,INADMISSIBLE,SAT_FALSE,NH2-OVERLAP-MIXED_SAT-R003_inad_1,REJECT_INADMISSIBLE,EXECUTE_ONLY_IF_R3_MEASURES_INADMISSIBLE_COST,NEEDS_WAREHOUSE_BINDING_R3
NH2-OVERLAP-MIXED_SAT-R003,dev,8,NH2-OVERLAP-MIXED_SAT-R003-Q08-INAD_2,INADMISSIBLE,SAT_FALSE,NH2-OVERLAP-MIXED_SAT-R003_inad_2,REJECT_INADMISSIBLE,EXECUTE_ONLY_IF_R3_MEASURES_INADMISSIBLE_COST,NEEDS_WAREHOUSE_BINDING_R3
NH2-OVERLAP-MIXED_SAT-R003,dev,11,NH2-OVERLAP-MIXED_SAT-R003-Q11-INAD_3,INADMISSIBLE,SAT_FALSE,NH2-OVERLAP-MIXED_SAT-R003_inad_3,REJECT_INADMISSIBLE,EXECUTE_ONLY_IF_R3_MEASURES_INADMISSIBLE_COST,NEEDS_WAREHOUSE_BINDING_R3
NH2-OVERLAP-MIXED_SAT-R003,dev,14,NH2-OVERLAP-MIXED_SAT-R003-Q14-INAD_4,INADMISSIBLE,SAT_FALSE,NH2-OVERLAP-MIXED_SAT-R003_inad_4,REJECT_INADMISSIBLE,EXECUTE_ONLY_IF_R3_MEASURES_INADMISSIBLE_COST,NEEDS_WAREHOUSE_BINDING_R3
NH2-OVERLAP-MIXED_SAT-R004,dev,1,NH2-OVERLAP-MIXED_SAT-R004-Q01-INAD_4,INADMISSIBLE,SAT_FALSE,NH2-OVERLAP-MIXED_SAT-R004_inad_4,REJECT_INADMISSIBLE,EXECUTE_ONLY_IF_R3_MEASURES_INADMISSIBLE_COST,NEEDS_WAREHOUSE_BINDING_R3
NH2-OVERLAP-MIXED_SAT-R004,dev,4,NH2-OVERLAP-MIXED_SAT-R004-Q04-INAD_2,INADMISSIBLE,SAT_FALSE,NH2-OVERLAP-MIXED_SAT-R004_inad_2,REJECT_INADMISSIBLE,EXECUTE_ONLY_IF_R3_MEASURES_INADMISSIBLE_COST,NEEDS_WAREHOUSE_BINDING_R3
NH2-OVERLAP-MIXED_SAT-R004,dev,8,NH2-OVERLAP-MIXED_SAT-R004-Q08-INAD_1,INADMISSIBLE,SAT_FALSE,NH2-OVERLAP-MIXED_SAT-R004_inad_1,REJECT_INADMISSIBLE,EXECUTE_ONLY_IF_R3_MEASURES_INADMISSIBLE_COST,NEEDS_WAREHOUSE_BINDING_R3
NH2-OVERLAP-MIXED_SAT-R004,dev,17,NH2-OVERLAP-MIXED_SAT-R004-Q17-INAD_3,INADMISSIBLE,SAT_FALSE,NH2-OVERLAP-MIXED_SAT-R004_inad_3,REJECT_INADMISSIBLE,EXECUTE_ONLY_IF_R3_MEASURES_INADMISSIBLE_COST,NEEDS_WAREHOUSE_BINDING_R3
NH2-OVERLAP-MIXED_SAT-R004,dev,18,NH2-OVERLAP-MIXED_SAT-R004-Q18-INAD_0,INADMISSIBLE,SAT_FALSE,NH2-OVERLAP-MIXED_SAT-R004_inad_0,REJECT_INADMISSIBLE,EXECUTE_ONLY_IF_R3_MEASURES_INADMISSIBLE_COST,NEEDS_WAREHOUSE_BINDING_R3
NH2-OVERLAP-MIXED_SAT-R005,dev,2,NH2-OVERLAP-MIXED_SAT-R005-Q02-INAD_2,INADMISSIBLE,SAT_FALSE,NH2-OVERLAP-MIXED_SAT-R005_inad_2,REJECT_INADMISSIBLE,EXECUTE_ONLY_IF_R3_MEASURES_INADMISSIBLE_COST,NEEDS_WAREHOUSE_BINDING_R3
NH2-OVERLAP-MIXED_SAT-R005,dev,5,NH2-OVERLAP-MIXED_SAT-R005-Q05-INAD_1,INADMISSIBLE,SAT_FALSE,NH2-OVERLAP-MIXED_SAT-R005_inad_1,REJECT_INADMISSIBLE,EXECUTE_ONLY_IF_R3_MEASURES_INADMISSIBLE_COST,NEEDS_WAREHOUSE_BINDING_R3
NH2-OVERLAP-MIXED_SAT-R005,dev,6,NH2-OVERLAP-MIXED_SAT-R005-Q06-INAD_4,INADMISSIBLE,SAT_FALSE,NH2-OVERLAP-MIXED_SAT-R005_inad_4,REJECT_INADMISSIBLE,EXECUTE_ONLY_IF_R3_MEASURES_INADMISSIBLE_COST,NEEDS_WAREHOUSE_BINDING_R3
NH2-OVERLAP-MIXED_SAT-R005,dev,12,NH2-OVERLAP-MIXED_SAT-R005-Q12-INAD_3,INADMISSIBLE,SAT_FALSE,NH2-OVERLAP-MIXED_SAT-R005_inad_3,REJECT_INADMISSIBLE,EXECUTE_ONLY_IF_R3_MEASURES_INADMISSIBLE_COST,NEEDS_WAREHOUSE_BINDING_R3
NH2-OVERLAP-MIXED_SAT-R005,dev,19,NH2-OVERLAP-MIXED_SAT-R005-Q19-INAD_0,INADMISSIBLE,SAT_FALSE,NH2-OVERLAP-MIXED_SAT-R005_inad_0,REJECT_INADMISSIBLE,EXECUTE_ONLY_IF_R3_MEASURES_INADMISSIBLE_COST,NEEDS_WAREHOUSE_BINDING_R3
NH2-OVERLAP-MIXED_SAT-R006,dev,15,NH2-OVERLAP-MIXED_SAT-R006-Q15-INAD_2,INADMISSIBLE,SAT_FALSE,NH2-OVERLAP-MIXED_SAT-R006_inad_2,REJECT_INADMISSIBLE,EXECUTE_ONLY_IF_R3_MEASURES_INADMISSIBLE_COST,NEEDS_WAREHOUSE_BINDING_R3
NH2-OVERLAP-MIXED_SAT-R006,dev,16,NH2-OVERLAP-MIXED_SAT-R006-Q16-INAD_1,INADMISSIBLE,SAT_FALSE,NH2-OVERLAP-MIXED_SAT-R006_inad_1,REJECT_INADMISSIBLE,EXECUTE_ONLY_IF_R3_MEASURES_INADMISSIBLE_COST,NEEDS_WAREHOUSE_BINDING_R3
NH2-OVERLAP-MIXED_SAT-R006,dev,18,NH2-OVERLAP-MIXED_SAT-R006-Q18-INAD_3,INADMISSIBLE,SAT_FALSE,NH2-OVERLAP-MIXED_SAT-R006_inad_3,REJECT_INADMISSIBLE,EXECUTE_ONLY_IF_R3_MEASURES_INADMISSIBLE_COST,NEEDS_WAREHOUSE_BINDING_R3
NH2-OVERLAP-MIXED_SAT-R006,dev,20,NH2-OVERLAP-MIXED_SAT-R006-Q20-INAD_4,INADMISSIBLE,SAT_FALSE,NH2-OVERLAP-MIXED_SAT-R006_inad_4,REJECT_INADMISSIBLE,EXECUTE_ONLY_IF_R3_MEASURES_INADMISSIBLE_COST,NEEDS_WAREHOUSE_BINDING_R3
NH2-OVERLAP-MIXED_SAT-R006,dev,21,NH2-OVERLAP-MIXED_SAT-R006-Q21-INAD_0,INADMISSIBLE,SAT_FALSE,NH2-OVERLAP-MIXED_SAT-R006_inad_0,REJECT_INADMISSIBLE,EXECUTE_ONLY_IF_R3_MEASURES_INADMISSIBLE_COST,NEEDS_WAREHOUSE_BINDING_R3
NH2-OVERLAP-MIXED_SAT-R007,dev,4,NH2-OVERLAP-MIXED_SAT-R007-Q04-INAD_0,INADMISSIBLE,SAT_FALSE,NH2-OVERLAP-MIXED_SAT-R007_inad_0,REJECT_INADMISSIBLE,EXECUTE_ONLY_IF_R3_MEASURES_INADMISSIBLE_COST,NEEDS_WAREHOUSE_BINDING_R3
NH2-OVERLAP-MIXED_SAT-R007,dev,8,NH2-OVERLAP-MIXED_SAT-R007-Q08-INAD_1,INADMISSIBLE,SAT_FALSE,NH2-OVERLAP-MIXED_SAT-R007_inad_1,REJECT_INADMISSIBLE,EXECUTE_ONLY_IF_R3_MEASURES_INADMISSIBLE_COST,NEEDS_WAREHOUSE_BINDING_R3
NH2-OVERLAP-MIXED_SAT-R007,dev,10,NH2-OVERLAP-MIXED_SAT-R007-Q10-INAD_3,INADMISSIBLE,SAT_FALSE,NH2-OVERLAP-MIXED_SAT-R007_inad_3,REJECT_INADMISSIBLE,EXECUTE_ONLY_IF_R3_MEASURES_INADMISSIBLE_COST,NEEDS_WAREHOUSE_BINDING_R3
NH2-OVERLAP-MIXED_SAT-R007,dev,11,NH2-OVERLAP-MIXED_SAT-R007-Q11-INAD_2,INADMISSIBLE,SAT_FALSE,NH2-OVERLAP-MIXED_SAT-R007_inad_2,REJECT_INADMISSIBLE,EXECUTE_ONLY_IF_R3_MEASURES_INADMISSIBLE_COST,NEEDS_WAREHOUSE_BINDING_R3
NH2-OVERLAP-MIXED_SAT-R007,dev,16,NH2-OVERLAP-MIXED_SAT-R007-Q16-INAD_4,INADMISSIBLE,SAT_FALSE,NH2-OVERLAP-MIXED_SAT-R007_inad_4,REJECT_INADMISSIBLE,EXECUTE_ONLY_IF_R3_MEASURES_INADMISSIBLE_COST,NEEDS_WAREHOUSE_BINDING_R3
NH2-OVERLAP-MIXED_SAT-R008,dev,5,NH2-OVERLAP-MIXED_SAT-R008-Q05-INAD_3,INADMISSIBLE,SAT_FALSE,NH2-OVERLAP-MIXED_SAT-R008_inad_3,REJECT_INADMISSIBLE,EXECUTE_ONLY_IF_R3_MEASURES_INADMISSIBLE_COST,NEEDS_WAREHOUSE_BINDING_R3
NH2-OVERLAP-MIXED_SAT-R008,dev,9,NH2-OVERLAP-MIXED_SAT-R008-Q09-INAD_2,INADMISSIBLE,SAT_FALSE,NH2-OVERLAP-MIXED_SAT-R008_inad_2,REJECT_INADMISSIBLE,EXECUTE_ONLY_IF_R3_MEASURES_INADMISSIBLE_COST,NEEDS_WAREHOUSE_BINDING_R3
NH2-OVERLAP-MIXED_SAT-R008,dev,21,NH2-OVERLAP-MIXED_SAT-R008-Q21-INAD_0,INADMISSIBLE,SAT_FALSE,NH2-OVERLAP-MIXED_SAT-R008_inad_0,REJECT_INADMISSIBLE,EXECUTE_ONLY_IF_R3_MEASURES_INADMISSIBLE_COST,NEEDS_WAREHOUSE_BINDING_R3
NH2-OVERLAP-MIXED_SAT-R008,dev,22,NH2-OVERLAP-MIXED_SAT-R008-Q22-INAD_1,INADMISSIBLE,SAT_FALSE,NH2-OVERLAP-MIXED_SAT-R008_inad_1,REJECT_INADMISSIBLE,EXECUTE_ONLY_IF_R3_MEASURES_INADMISSIBLE_COST,NEEDS_WAREHOUSE_BINDING_R3
NH2-OVERLAP-MIXED_SAT-R008,dev,24,NH2-OVERLAP-MIXED_SAT-R008-Q24-INAD_4,INADMISSIBLE,SAT_FALSE,NH2-OVERLAP-MIXED_SAT-R008_inad_4,REJECT_INADMISSIBLE,EXECUTE_ONLY_IF_R3_MEASURES_INADMISSIBLE_COST,NEEDS_WAREHOUSE_BINDING_R3
NH2-OVERLAP-MIXED_SAT-R009,dev,3,NH2-OVERLAP-MIXED_SAT-R009-Q03-INAD_0,INADMISSIBLE,SAT_FALSE,NH2-OVERLAP-MIXED_SAT-R009_inad_0,REJECT_INADMISSIBLE,EXECUTE_ONLY_IF_R3_MEASURES_INADMISSIBLE_COST,NEEDS_WAREHOUSE_BINDING_R3
NH2-OVERLAP-MIXED_SAT-R009,dev,8,NH2-OVERLAP-MIXED_SAT-R009-Q08-INAD_2,INADMISSIBLE,SAT_FALSE,NH2-OVERLAP-MIXED_SAT-R009_inad_2,REJECT_INADMISSIBLE,EXECUTE_ONLY_IF_R3_MEASURES_INADMISSIBLE_COST,NEEDS_WAREHOUSE_BINDING_R3
NH2-OVERLAP-MIXED_SAT-R009,dev,9,NH2-OVERLAP-MIXED_SAT-R009-Q09-INAD_3,INADMISSIBLE,SAT_FALSE,NH2-OVERLAP-MIXED_SAT-R009_inad_3,REJECT_INADMISSIBLE,EXECUTE_ONLY_IF_R3_MEASURES_INADMISSIBLE_COST,NEEDS_WAREHOUSE_BINDING_R3
NH2-OVERLAP-MIXED_SAT-R009,dev,12,NH2-OVERLAP-MIXED_SAT-R009-Q12-INAD_4,INADMISSIBLE,SAT_FALSE,NH2-OVERLAP-MIXED_SAT-R009_inad_4,REJECT_INADMISSIBLE,EXECUTE_ONLY_IF_R3_MEASURES_INADMISSIBLE_COST,NEEDS_WAREHOUSE_BINDING_R3
NH2-OVERLAP-MIXED_SAT-R009,dev,15,NH2-OVERLAP-MIXED_SAT-R009-Q15-INAD_1,INADMISSIBLE,SAT_FALSE,NH2-OVERLAP-MIXED_SAT-R009_inad_1,REJECT_INADMISSIBLE,EXECUTE_ONLY_IF_R3_MEASURES_INADMISSIBLE_COST,NEEDS_WAREHOUSE_BINDING_R3
NH2-OVERLAP-MIXED_SAT-R010,dev,5,NH2-OVERLAP-MIXED_SAT-R010-Q05-INAD_0,INADMISSIBLE,SAT_FALSE,NH2-OVERLAP-MIXED_SAT-R010_inad_0,REJECT_INADMISSIBLE,EXECUTE_ONLY_IF_R3_MEASURES_INADMISSIBLE_COST,NEEDS_WAREHOUSE_BINDING_R3
NH2-OVERLAP-MIXED_SAT-R010,dev,7,NH2-OVERLAP-MIXED_SAT-R010-Q07-INAD_2,INADMISSIBLE,SAT_FALSE,NH2-OVERLAP-MIXED_SAT-R010_inad_2,REJECT_INADMISSIBLE,EXECUTE_ONLY_IF_R3_MEASURES_INADMISSIBLE_COST,NEEDS_WAREHOUSE_BINDING_R3
NH2-OVERLAP-MIXED_SAT-R010,dev,14,NH2-OVERLAP-MIXED_SAT-R010-Q14-INAD_4,INADMISSIBLE,SAT_FALSE,NH2-OVERLAP-MIXED_SAT-R010_inad_4,REJECT_INADMISSIBLE,EXECUTE_ONLY_IF_R3_MEASURES_INADMISSIBLE_COST,NEEDS_WAREHOUSE_BINDING_R3
NH2-OVERLAP-MIXED_SAT-R010,dev,17,NH2-OVERLAP-MIXED_SAT-R010-Q17-INAD_1,INADMISSIBLE,SAT_FALSE,NH2-OVERLAP-MIXED_SAT-R010_inad_1,REJECT_INADMISSIBLE,EXECUTE_ONLY_IF_R3_MEASURES_INADMISSIBLE_COST,NEEDS_WAREHOUSE_BINDING_R3
NH2-OVERLAP-MIXED_SAT-R010,dev,19,NH2-OVERLAP-MIXED_SAT-R010-Q19-INAD_3,INADMISSIBLE,SAT_FALSE,NH2-OVERLAP-MIXED_SAT-R010_inad_3,REJECT_INADMISSIBLE,EXECUTE_ONLY_IF_R3_MEASURES_INADMISSIBLE_COST,NEEDS_WAREHOUSE_BINDING_R3
NH2-OVERLAP-MIXED_SAT-R011,dev,15,NH2-OVERLAP-MIXED_SAT-R011-Q15-INAD_2,INADMISSIBLE,SAT_FALSE,NH2-OVERLAP-MIXED_SAT-R011_inad_2,REJECT_INADMISSIBLE,EXECUTE_ONLY_IF_R3_MEASURES_INADMISSIBLE_COST,NEEDS_WAREHOUSE_BINDING_R3
NH2-OVERLAP-MIXED_SAT-R011,dev,17,NH2-OVERLAP-MIXED_SAT-R011-Q17-INAD_3,INADMISSIBLE,SAT_FALSE,NH2-OVERLAP-MIXED_SAT-R011_inad_3,REJECT_INADMISSIBLE,EXECUTE_ONLY_IF_R3_MEASURES_INADMISSIBLE_COST,NEEDS_WAREHOUSE_BINDING_R3
NH2-OVERLAP-MIXED_SAT-R011,dev,20,NH2-OVERLAP-MIXED_SAT-R011-Q20-INAD_0,INADMISSIBLE,SAT_FALSE,NH2-OVERLAP-MIXED_SAT-R011_inad_0,REJECT_INADMISSIBLE,EXECUTE_ONLY_IF_R3_MEASURES_INADMISSIBLE_COST,NEEDS_WAREHOUSE_BINDING_R3
NH2-OVERLAP-MIXED_SAT-R011,dev,21,NH2-OVERLAP-MIXED_SAT-R011-Q21-INAD_4,INADMISSIBLE,SAT_FALSE,NH2-OVERLAP-MIXED_SAT-R011_inad_4,REJECT_INADMISSIBLE,EXECUTE_ONLY_IF_R3_MEASURES_INADMISSIBLE_COST,NEEDS_WAREHOUSE_BINDING_R3
NH2-OVERLAP-MIXED_SAT-R011,dev,23,NH2-OVERLAP-MIXED_SAT-R011-Q23-INAD_1,INADMISSIBLE,SAT_FALSE,NH2-OVERLAP-MIXED_SAT-R011_inad_1,REJECT_INADMISSIBLE,EXECUTE_ONLY_IF_R3_MEASURES_INADMISSIBLE_COST,NEEDS_WAREHOUSE_BINDING_R3
NH2-OVERLAP-MIXED_SAT-R012,dev,2,NH2-OVERLAP-MIXED_SAT-R012-Q02-INAD_3,INADMISSIBLE,SAT_FALSE,NH2-OVERLAP-MIXED_SAT-R012_inad_3,REJECT_INADMISSIBLE,EXECUTE_ONLY_IF_R3_MEASURES_INADMISSIBLE_COST,NEEDS_WAREHOUSE_BINDING_R3
NH2-OVERLAP-MIXED_SAT-R012,dev,3,NH2-OVERLAP-MIXED_SAT-R012-Q03-INAD_0,INADMISSIBLE,SAT_FALSE,NH2-OVERLAP-MIXED_SAT-R012_inad_0,REJECT_INADMISSIBLE,EXECUTE_ONLY_IF_R3_MEASURES_INADMISSIBLE_COST,NEEDS_WAREHOUSE_BINDING_R3
NH2-OVERLAP-MIXED_SAT-R012,dev,4,NH2-OVERLAP-MIXED_SAT-R012-Q04-INAD_2,INADMISSIBLE,SAT_FALSE,NH2-OVERLAP-MIXED_SAT-R012_inad_2,REJECT_INADMISSIBLE,EXECUTE_ONLY_IF_R3_MEASURES_INADMISSIBLE_COST,NEEDS_WAREHOUSE_BINDING_R3
NH2-OVERLAP-MIXED_SAT-R012,dev,13,NH2-OVERLAP-MIXED_SAT-R012-Q13-INAD_4,INADMISSIBLE,SAT_FALSE,NH2-OVERLAP-MIXED_SAT-R012_inad_4,REJECT_INADMISSIBLE,EXECUTE_ONLY_IF_R3_MEASURES_INADMISSIBLE_COST,NEEDS_WAREHOUSE_BINDING_R3
NH2-OVERLAP-MIXED_SAT-R012,dev,15,NH2-OVERLAP-MIXED_SAT-R012-Q15-INAD_1,INADMISSIBLE,SAT_FALSE,NH2-OVERLAP-MIXED_SAT-R012_inad_1,REJECT_INADMISSIBLE,EXECUTE_ONLY_IF_R3_MEASURES_INADMISSIBLE_COST,NEEDS_WAREHOUSE_BINDING_R3
NH2-OVERLAP-MIXED_SAT-R013,dev,2,NH2-OVERLAP-MIXED_SAT-R013-Q02-INAD_1,INADMISSIBLE,SAT_FALSE,NH2-OVERLAP-MIXED_SAT-R013_inad_1,REJECT_INADMISSIBLE,EXECUTE_ONLY_IF_R3_MEASURES_INADMISSIBLE_COST,NEEDS_WAREHOUSE_BINDING_R3
NH2-OVERLAP-MIXED_SAT-R013,dev,3,NH2-OVERLAP-MIXED_SAT-R013-Q03-INAD_0,INADMISSIBLE,SAT_FALSE,NH2-OVERLAP-MIXED_SAT-R013_inad_0,REJECT_INADMISSIBLE,EXECUTE_ONLY_IF_R3_MEASURES_INADMISSIBLE_COST,NEEDS_WAREHOUSE_BINDING_R3
NH2-OVERLAP-MIXED_SAT-R013,dev,5,NH2-OVERLAP-MIXED_SAT-R013-Q05-INAD_4,INADMISSIBLE,SAT_FALSE,NH2-OVERLAP-MIXED_SAT-R013_inad_4,REJECT_INADMISSIBLE,EXECUTE_ONLY_IF_R3_MEASURES_INADMISSIBLE_COST,NEEDS_WAREHOUSE_BINDING_R3
NH2-OVERLAP-MIXED_SAT-R013,dev,14,NH2-OVERLAP-MIXED_SAT-R013-Q14-INAD_2,INADMISSIBLE,SAT_FALSE,NH2-OVERLAP-MIXED_SAT-R013_inad_2,REJECT_INADMISSIBLE,EXECUTE_ONLY_IF_R3_MEASURES_INADMISSIBLE_COST,NEEDS_WAREHOUSE_BINDING_R3
NH2-OVERLAP-MIXED_SAT-R013,dev,19,NH2-OVERLAP-MIXED_SAT-R013-Q19-INAD_3,INADMISSIBLE,SAT_FALSE,NH2-OVERLAP-MIXED_SAT-R013_inad_3,REJECT_INADMISSIBLE,EXECUTE_ONLY_IF_R3_MEASURES_INADMISSIBLE_COST,NEEDS_WAREHOUSE_BINDING_R3
NH2-OVERLAP-MIXED_SAT-R014,dev,4,NH2-OVERLAP-MIXED_SAT-R014-Q04-INAD_2,INADMISSIBLE,SAT_FALSE,NH2-OVERLAP-MIXED_SAT-R014_inad_2,REJECT_INADMISSIBLE,EXECUTE_ONLY_IF_R3_MEASURES_INADMISSIBLE_COST,NEEDS_WAREHOUSE_BINDING_R3
NH2-OVERLAP-MIXED_SAT-R014,dev,8,NH2-OVERLAP-MIXED_SAT-R014-Q08-INAD_1,INADMISSIBLE,SAT_FALSE,NH2-OVERLAP-MIXED_SAT-R014_inad_1,REJECT_INADMISSIBLE,EXECUTE_ONLY_IF_R3_MEASURES_INADMISSIBLE_COST,NEEDS_WAREHOUSE_BINDING_R3
NH2-OVERLAP-MIXED_SAT-R014,dev,16,NH2-OVERLAP-MIXED_SAT-R014-Q16-INAD_0,INADMISSIBLE,SAT_FALSE,NH2-OVERLAP-MIXED_SAT-R014_inad_0,REJECT_INADMISSIBLE,EXECUTE_ONLY_IF_R3_MEASURES_INADMISSIBLE_COST,NEEDS_WAREHOUSE_BINDING_R3
NH2-OVERLAP-MIXED_SAT-R014,dev,22,NH2-OVERLAP-MIXED_SAT-R014-Q22-INAD_3,INADMISSIBLE,SAT_FALSE,NH2-OVERLAP-MIXED_SAT-R014_inad_3,REJECT_INADMISSIBLE,EXECUTE_ONLY_IF_R3_MEASURES_INADMISSIBLE_COST,NEEDS_WAREHOUSE_BINDING_R3
NH2-OVERLAP-MIXED_SAT-R014,dev,24,NH2-OVERLAP-MIXED_SAT-R014-Q24-INAD_4,INADMISSIBLE,SAT_FALSE,NH2-OVERLAP-MIXED_SAT-R014_inad_4,REJECT_INADMISSIBLE,EXECUTE_ONLY_IF_R3_MEASURES_INADMISSIBLE_COST,NEEDS_WAREHOUSE_BINDING_R3
NH2-OVERLAP-MIXED_SAT-R015,dev,6,NH2-OVERLAP-MIXED_SAT-R015-Q06-INAD_0,INADMISSIBLE,SAT_FALSE,NH2-OVERLAP-MIXED_SAT-R015_inad_0,REJECT_INADMISSIBLE,EXECUTE_ONLY_IF_R3_MEASURES_INADMISSIBLE_COST,NEEDS_WAREHOUSE_BINDING_R3
NH2-OVERLAP-MIXED_SAT-R015,dev,8,NH2-OVERLAP-MIXED_SAT-R015-Q08-INAD_1,INADMISSIBLE,SAT_FALSE,NH2-OVERLAP-MIXED_SAT-R015_inad_1,REJECT_INADMISSIBLE,EXECUTE_ONLY_IF_R3_MEASURES_INADMISSIBLE_COST,NEEDS_WAREHOUSE_BINDING_R3
NH2-OVERLAP-MIXED_SAT-R015,dev,10,NH2-OVERLAP-MIXED_SAT-R015-Q10-INAD_2,INADMISSIBLE,SAT_FALSE,NH2-OVERLAP-MIXED_SAT-R015_inad_2,REJECT_INADMISSIBLE,EXECUTE_ONLY_IF_R3_MEASURES_INADMISSIBLE_COST,NEEDS_WAREHOUSE_BINDING_R3
NH2-OVERLAP-MIXED_SAT-R015,dev,21,NH2-OVERLAP-MIXED_SAT-R015-Q21-INAD_4,INADMISSIBLE,SAT_FALSE,NH2-OVERLAP-MIXED_SAT-R015_inad_4,REJECT_INADMISSIBLE,EXECUTE_ONLY_IF_R3_MEASURES_INADMISSIBLE_COST,NEEDS_WAREHOUSE_BINDING_R3
NH2-OVERLAP-MIXED_SAT-R015,dev,22,NH2-OVERLAP-MIXED_SAT-R015-Q22-INAD_3,INADMISSIBLE,SAT_FALSE,NH2-OVERLAP-MIXED_SAT-R015_inad_3,REJECT_INADMISSIBLE,EXECUTE_ONLY_IF_R3_MEASURES_INADMISSIBLE_COST,NEEDS_WAREHOUSE_BINDING_R3
NH2-OVERLAP-MIXED_SAT-R016,dev,7,NH2-OVERLAP-MIXED_SAT-R016-Q07-INAD_1,INADMISSIBLE,SAT_FALSE,NH2-OVERLAP-MIXED_SAT-R016_inad_1,REJECT_INADMISSIBLE,EXECUTE_ONLY_IF_R3_MEASURES_INADMISSIBLE_COST,NEEDS_WAREHOUSE_BINDING_R3
NH2-OVERLAP-MIXED_SAT-R016,dev,9,NH2-OVERLAP-MIXED_SAT-R016-Q09-INAD_2,INADMISSIBLE,SAT_FALSE,NH2-OVERLAP-MIXED_SAT-R016_inad_2,REJECT_INADMISSIBLE,EXECUTE_ONLY_IF_R3_MEASURES_INADMISSIBLE_COST,NEEDS_WAREHOUSE_BINDING_R3
NH2-OVERLAP-MIXED_SAT-R016,dev,10,NH2-OVERLAP-MIXED_SAT-R016-Q10-INAD_3,INADMISSIBLE,SAT_FALSE,NH2-OVERLAP-MIXED_SAT-R016_inad_3,REJECT_INADMISSIBLE,EXECUTE_ONLY_IF_R3_MEASURES_INADMISSIBLE_COST,NEEDS_WAREHOUSE_BINDING_R3
NH2-OVERLAP-MIXED_SAT-R016,dev,13,NH2-OVERLAP-MIXED_SAT-R016-Q13-INAD_4,INADMISSIBLE,SAT_FALSE,NH2-OVERLAP-MIXED_SAT-R016_inad_4,REJECT_INADMISSIBLE,EXECUTE_ONLY_IF_R3_MEASURES_INADMISSIBLE_COST,NEEDS_WAREHOUSE_BINDING_R3
NH2-OVERLAP-MIXED_SAT-R016,dev,23,NH2-OVERLAP-MIXED_SAT-R016-Q23-INAD_0,INADMISSIBLE,SAT_FALSE,NH2-OVERLAP-MIXED_SAT-R016_inad_0,REJECT_INADMISSIBLE,EXECUTE_ONLY_IF_R3_MEASURES_INADMISSIBLE_COST,NEEDS_WAREHOUSE_BINDING_R3
NH2-OVERLAP-MIXED_SAT-R017,dev,12,NH2-OVERLAP-MIXED_SAT-R017-Q12-INAD_0,INADMISSIBLE,SAT_FALSE,NH2-OVERLAP-MIXED_SAT-R017_inad_0,REJECT_INADMISSIBLE,EXECUTE_ONLY_IF_R3_MEASURES_INADMISSIBLE_COST,NEEDS_WAREHOUSE_BINDING_R3
NH2-OVERLAP-MIXED_SAT-R017,dev,17,NH2-OVERLAP-MIXED_SAT-R017-Q17-INAD_1,INADMISSIBLE,SAT_FALSE,NH2-OVERLAP-MIXED_SAT-R017_inad_1,REJECT_INADMISSIBLE,EXECUTE_ONLY_IF_R3_MEASURES_INADMISSIBLE_COST,NEEDS_WAREHOUSE_BINDING_R3
NH2-OVERLAP-MIXED_SAT-R017,dev,18,NH2-OVERLAP-MIXED_SAT-R017-Q18-INAD_2,INADMISSIBLE,SAT_FALSE,NH2-OVERLAP-MIXED_SAT-R017_inad_2,REJECT_INADMISSIBLE,EXECUTE_ONLY_IF_R3_MEASURES_INADMISSIBLE_COST,NEEDS_WAREHOUSE_BINDING_R3
NH2-OVERLAP-MIXED_SAT-R017,dev,20,NH2-OVERLAP-MIXED_SAT-R017-Q20-INAD_4,INADMISSIBLE,SAT_FALSE,NH2-OVERLAP-MIXED_SAT-R017_inad_4,REJECT_INADMISSIBLE,EXECUTE_ONLY_IF_R3_MEASURES_INADMISSIBLE_COST,NEEDS_WAREHOUSE_BINDING_R3
NH2-OVERLAP-MIXED_SAT-R017,dev,21,NH2-OVERLAP-MIXED_SAT-R017-Q21-INAD_3,INADMISSIBLE,SAT_FALSE,NH2-OVERLAP-MIXED_SAT-R017_inad_3,REJECT_INADMISSIBLE,EXECUTE_ONLY_IF_R3_MEASURES_INADMISSIBLE_COST,NEEDS_WAREHOUSE_BINDING_R3
NH2-OVERLAP-MIXED_SAT-R018,dev,5,NH2-OVERLAP-MIXED_SAT-R018-Q05-INAD_1,INADMISSIBLE,SAT_FALSE,NH2-OVERLAP-MIXED_SAT-R018_inad_1,REJECT_INADMISSIBLE,EXECUTE_ONLY_IF_R3_MEASURES_INADMISSIBLE_COST,NEEDS_WAREHOUSE_BINDING_R3
NH2-OVERLAP-MIXED_SAT-R018,dev,8,NH2-OVERLAP-MIXED_SAT-R018-Q08-INAD_4,INADMISSIBLE,SAT_FALSE,NH2-OVERLAP-MIXED_SAT-R018_inad_4,REJECT_INADMISSIBLE,EXECUTE_ONLY_IF_R3_MEASURES_INADMISSIBLE_COST,NEEDS_WAREHOUSE_BINDING_R3
NH2-OVERLAP-MIXED_SAT-R018,dev,12,NH2-OVERLAP-MIXED_SAT-R018-Q12-INAD_3,INADMISSIBLE,SAT_FALSE,NH2-OVERLAP-MIXED_SAT-R018_inad_3,REJECT_INADMISSIBLE,EXECUTE_ONLY_IF_R3_MEASURES_INADMISSIBLE_COST,NEEDS_WAREHOUSE_BINDING_R3
NH2-OVERLAP-MIXED_SAT-R018,dev,20,NH2-OVERLAP-MIXED_SAT-R018-Q20-INAD_2,INADMISSIBLE,SAT_FALSE,NH2-OVERLAP-MIXED_SAT-R018_inad_2,REJECT_INADMISSIBLE,EXECUTE_ONLY_IF_R3_MEASURES_INADMISSIBLE_COST,NEEDS_WAREHOUSE_BINDING_R3
NH2-OVERLAP-MIXED_SAT-R018,dev,24,NH2-OVERLAP-MIXED_SAT-R018-Q24-INAD_0,INADMISSIBLE,SAT_FALSE,NH2-OVERLAP-MIXED_SAT-R018_inad_0,REJECT_INADMISSIBLE,EXECUTE_ONLY_IF_R3_MEASURES_INADMISSIBLE_COST,NEEDS_WAREHOUSE_BINDING_R3
NH2-OVERLAP-MIXED_SAT-R019,dev,1,NH2-OVERLAP-MIXED_SAT-R019-Q01-INAD_1,INADMISSIBLE,SAT_FALSE,NH2-OVERLAP-MIXED_SAT-R019_inad_1,REJECT_INADMISSIBLE,EXECUTE_ONLY_IF_R3_MEASURES_INADMISSIBLE_COST,NEEDS_WAREHOUSE_BINDING_R3
NH2-OVERLAP-MIXED_SAT-R019,dev,7,NH2-OVERLAP-MIXED_SAT-R019-Q07-INAD_3,INADMISSIBLE,SAT_FALSE,NH2-OVERLAP-MIXED_SAT-R019_inad_3,REJECT_INADMISSIBLE,EXECUTE_ONLY_IF_R3_MEASURES_INADMISSIBLE_COST,NEEDS_WAREHOUSE_BINDING_R3
NH2-OVERLAP-MIXED_SAT-R019,dev,9,NH2-OVERLAP-MIXED_SAT-R019-Q09-INAD_2,INADMISSIBLE,SAT_FALSE,NH2-OVERLAP-MIXED_SAT-R019_inad_2,REJECT_INADMISSIBLE,EXECUTE_ONLY_IF_R3_MEASURES_INADMISSIBLE_COST,NEEDS_WAREHOUSE_BINDING_R3
NH2-OVERLAP-MIXED_SAT-R019,dev,15,NH2-OVERLAP-MIXED_SAT-R019-Q15-INAD_0,INADMISSIBLE,SAT_FALSE,NH2-OVERLAP-MIXED_SAT-R019_inad_0,REJECT_INADMISSIBLE,EXECUTE_ONLY_IF_R3_MEASURES_INADMISSIBLE_COST,NEEDS_WAREHOUSE_BINDING_R3
NH2-OVERLAP-MIXED_SAT-R019,dev,20,NH2-OVERLAP-MIXED_SAT-R019-Q20-INAD_4,INADMISSIBLE,SAT_FALSE,NH2-OVERLAP-MIXED_SAT-R019_inad_4,REJECT_INADMISSIBLE,EXECUTE_ONLY_IF_R3_MEASURES_INADMISSIBLE_COST,NEEDS_WAREHOUSE_BINDING_R3
NH2-OVERLAP-MIXED_SAT-R020,dev,2,NH2-OVERLAP-MIXED_SAT-R020-Q02-INAD_3,INADMISSIBLE,SAT_FALSE,NH2-OVERLAP-MIXED_SAT-R020_inad_3,REJECT_INADMISSIBLE,EXECUTE_ONLY_IF_R3_MEASURES_INADMISSIBLE_COST,NEEDS_WAREHOUSE_BINDING_R3
NH2-OVERLAP-MIXED_SAT-R020,dev,9,NH2-OVERLAP-MIXED_SAT-R020-Q09-INAD_1,INADMISSIBLE,SAT_FALSE,NH2-OVERLAP-MIXED_SAT-R020_inad_1,REJECT_INADMISSIBLE,EXECUTE_ONLY_IF_R3_MEASURES_INADMISSIBLE_COST,NEEDS_WAREHOUSE_BINDING_R3
NH2-OVERLAP-MIXED_SAT-R020,dev,13,NH2-OVERLAP-MIXED_SAT-R020-Q13-INAD_0,INADMISSIBLE,SAT_FALSE,NH2-OVERLAP-MIXED_SAT-R020_inad_0,REJECT_INADMISSIBLE,EXECUTE_ONLY_IF_R3_MEASURES_INADMISSIBLE_COST,NEEDS_WAREHOUSE_BINDING_R3
NH2-OVERLAP-MIXED_SAT-R020,dev,16,NH2-OVERLAP-MIXED_SAT-R020-Q16-INAD_2,INADMISSIBLE,SAT_FALSE,NH2-OVERLAP-MIXED_SAT-R020_inad_2,REJECT_INADMISSIBLE,EXECUTE_ONLY_IF_R3_MEASURES_INADMISSIBLE_COST,NEEDS_WAREHOUSE_BINDING_R3
NH2-OVERLAP-MIXED_SAT-R020,dev,18,NH2-OVERLAP-MIXED_SAT-R020-Q18-INAD_4,INADMISSIBLE,SAT_FALSE,NH2-OVERLAP-MIXED_SAT-R020_inad_4,REJECT_INADMISSIBLE,EXECUTE_ONLY_IF_R3_MEASURES_INADMISSIBLE_COST,NEEDS_WAREHOUSE_BINDING_R3
NH2-OVERLAP-MIXED_SAT-R021,dev,1,NH2-OVERLAP-MIXED_SAT-R021-Q01-INAD_4,INADMISSIBLE,SAT_FALSE,NH2-OVERLAP-MIXED_SAT-R021_inad_4,REJECT_INADMISSIBLE,EXECUTE_ONLY_IF_R3_MEASURES_INADMISSIBLE_COST,NEEDS_WAREHOUSE_BINDING_R3
NH2-OVERLAP-MIXED_SAT-R021,dev,6,NH2-OVERLAP-MIXED_SAT-R021-Q06-INAD_0,INADMISSIBLE,SAT_FALSE,NH2-OVERLAP-MIXED_SAT-R021_inad_0,REJECT_INADMISSIBLE,EXECUTE_ONLY_IF_R3_MEASURES_INADMISSIBLE_COST,NEEDS_WAREHOUSE_BINDING_R3
NH2-OVERLAP-MIXED_SAT-R021,dev,10,NH2-OVERLAP-MIXED_SAT-R021-Q10-INAD_3,INADMISSIBLE,SAT_FALSE,NH2-OVERLAP-MIXED_SAT-R021_inad_3,REJECT_INADMISSIBLE,EXECUTE_ONLY_IF_R3_MEASURES_INADMISSIBLE_COST,NEEDS_WAREHOUSE_BINDING_R3
NH2-OVERLAP-MIXED_SAT-R021,dev,17,NH2-OVERLAP-MIXED_SAT-R021-Q17-INAD_1,INADMISSIBLE,SAT_FALSE,NH2-OVERLAP-MIXED_SAT-R021_inad_1,REJECT_INADMISSIBLE,EXECUTE_ONLY_IF_R3_MEASURES_INADMISSIBLE_COST,NEEDS_WAREHOUSE_BINDING_R3
NH2-OVERLAP-MIXED_SAT-R021,dev,18,NH2-OVERLAP-MIXED_SAT-R021-Q18-INAD_2,INADMISSIBLE,SAT_FALSE,NH2-OVERLAP-MIXED_SAT-R021_inad_2,REJECT_INADMISSIBLE,EXECUTE_ONLY_IF_R3_MEASURES_INADMISSIBLE_COST,NEEDS_WAREHOUSE_BINDING_R3
NH2-OVERLAP-MIXED_SAT-R022,dev,3,NH2-OVERLAP-MIXED_SAT-R022-Q03-INAD_2,INADMISSIBLE,SAT_FALSE,NH2-OVERLAP-MIXED_SAT-R022_inad_2,REJECT_INADMISSIBLE,EXECUTE_ONLY_IF_R3_MEASURES_INADMISSIBLE_COST,NEEDS_WAREHOUSE_BINDING_R3
NH2-OVERLAP-MIXED_SAT-R022,dev,11,NH2-OVERLAP-MIXED_SAT-R022-Q11-INAD_3,INADMISSIBLE,SAT_FALSE,NH2-OVERLAP-MIXED_SAT-R022_inad_3,REJECT_INADMISSIBLE,EXECUTE_ONLY_IF_R3_MEASURES_INADMISSIBLE_COST,NEEDS_WAREHOUSE_BINDING_R3
NH2-OVERLAP-MIXED_SAT-R022,dev,13,NH2-OVERLAP-MIXED_SAT-R022-Q13-INAD_0,INADMISSIBLE,SAT_FALSE,NH2-OVERLAP-MIXED_SAT-R022_inad_0,REJECT_INADMISSIBLE,EXECUTE_ONLY_IF_R3_MEASURES_INADMISSIBLE_COST,NEEDS_WAREHOUSE_BINDING_R3
NH2-OVERLAP-MIXED_SAT-R022,dev,14,NH2-OVERLAP-MIXED_SAT-R022-Q14-INAD_4,INADMISSIBLE,SAT_FALSE,NH2-OVERLAP-MIXED_SAT-R022_inad_4,REJECT_INADMISSIBLE,EXECUTE_ONLY_IF_R3_MEASURES_INADMISSIBLE_COST,NEEDS_WAREHOUSE_BINDING_R3
NH2-OVERLAP-MIXED_SAT-R022,dev,24,NH2-OVERLAP-MIXED_SAT-R022-Q24-INAD_1,INADMISSIBLE,SAT_FALSE,NH2-OVERLAP-MIXED_SAT-R022_inad_1,REJECT_INADMISSIBLE,EXECUTE_ONLY_IF_R3_MEASURES_INADMISSIBLE_COST,NEEDS_WAREHOUSE_BINDING_R3
NH2-OVERLAP-MIXED_SAT-R023,dev,6,NH2-OVERLAP-MIXED_SAT-R023-Q06-INAD_3,INADMISSIBLE,SAT_FALSE,NH2-OVERLAP-MIXED_SAT-R023_inad_3,REJECT_INADMISSIBLE,EXECUTE_ONLY_IF_R3_MEASURES_INADMISSIBLE_COST,NEEDS_WAREHOUSE_BINDING_R3
NH2-OVERLAP-MIXED_SAT-R023,dev,10,NH2-OVERLAP-MIXED_SAT-R023-Q10-INAD_0,INADMISSIBLE,SAT_FALSE,NH2-OVERLAP-MIXED_SAT-R023_inad_0,REJECT_INADMISSIBLE,EXECUTE_ONLY_IF_R3_MEASURES_INADMISSIBLE_COST,NEEDS_WAREHOUSE_BINDING_R3
NH2-OVERLAP-MIXED_SAT-R023,dev,12,NH2-OVERLAP-MIXED_SAT-R023-Q12-INAD_4,INADMISSIBLE,SAT_FALSE,NH2-OVERLAP-MIXED_SAT-R023_inad_4,REJECT_INADMISSIBLE,EXECUTE_ONLY_IF_R3_MEASURES_INADMISSIBLE_COST,NEEDS_WAREHOUSE_BINDING_R3
NH2-OVERLAP-MIXED_SAT-R023,dev,16,NH2-OVERLAP-MIXED_SAT-R023-Q16-INAD_2,INADMISSIBLE,SAT_FALSE,NH2-OVERLAP-MIXED_SAT-R023_inad_2,REJECT_INADMISSIBLE,EXECUTE_ONLY_IF_R3_MEASURES_INADMISSIBLE_COST,NEEDS_WAREHOUSE_BINDING_R3
NH2-OVERLAP-MIXED_SAT-R023,dev,17,NH2-OVERLAP-MIXED_SAT-R023-Q17-INAD_1,INADMISSIBLE,SAT_FALSE,NH2-OVERLAP-MIXED_SAT-R023_inad_1,REJECT_INADMISSIBLE,EXECUTE_ONLY_IF_R3_MEASURES_INADMISSIBLE_COST,NEEDS_WAREHOUSE_BINDING_R3
NH2-OVERLAP-MIXED_SAT-R024,dev,1,NH2-OVERLAP-MIXED_SAT-R024-Q01-INAD_0,INADMISSIBLE,SAT_FALSE,NH2-OVERLAP-MIXED_SAT-R024_inad_0,REJECT_INADMISSIBLE,EXECUTE_ONLY_IF_R3_MEASURES_INADMISSIBLE_COST,NEEDS_WAREHOUSE_BINDING_R3
NH2-OVERLAP-MIXED_SAT-R024,dev,9,NH2-OVERLAP-MIXED_SAT-R024-Q09-INAD_4,INADMISSIBLE,SAT_FALSE,NH2-OVERLAP-MIXED_SAT-R024_inad_4,REJECT_INADMISSIBLE,EXECUTE_ONLY_IF_R3_MEASURES_INADMISSIBLE_COST,NEEDS_WAREHOUSE_BINDING_R3
NH2-OVERLAP-MIXED_SAT-R024,dev,13,NH2-OVERLAP-MIXED_SAT-R024-Q13-INAD_3,INADMISSIBLE,SAT_FALSE,NH2-OVERLAP-MIXED_SAT-R024_inad_3,REJECT_INADMISSIBLE,EXECUTE_ONLY_IF_R3_MEASURES_INADMISSIBLE_COST,NEEDS_WAREHOUSE_BINDING_R3
NH2-OVERLAP-MIXED_SAT-R024,dev,14,NH2-OVERLAP-MIXED_SAT-R024-Q14-INAD_1,INADMISSIBLE,SAT_FALSE,NH2-OVERLAP-MIXED_SAT-R024_inad_1,REJECT_INADMISSIBLE,EXECUTE_ONLY_IF_R3_MEASURES_INADMISSIBLE_COST,NEEDS_WAREHOUSE_BINDING_R3
NH2-OVERLAP-MIXED_SAT-R024,dev,16,NH2-OVERLAP-MIXED_SAT-R024-Q16-INAD_2,INADMISSIBLE,SAT_FALSE,NH2-OVERLAP-MIXED_SAT-R024_inad_2,REJECT_INADMISSIBLE,EXECUTE_ONLY_IF_R3_MEASURES_INADMISSIBLE_COST,NEEDS_WAREHOUSE_BINDING_R3
NH2-OVERLAP-MIXED_SAT-R025,dev,9,NH2-OVERLAP-MIXED_SAT-R025-Q09-INAD_3,INADMISSIBLE,SAT_FALSE,NH2-OVERLAP-MIXED_SAT-R025_inad_3,REJECT_INADMISSIBLE,EXECUTE_ONLY_IF_R3_MEASURES_INADMISSIBLE_COST,NEEDS_WAREHOUSE_BINDING_R3
NH2-OVERLAP-MIXED_SAT-R025,dev,11,NH2-OVERLAP-MIXED_SAT-R025-Q11-INAD_4,INADMISSIBLE,SAT_FALSE,NH2-OVERLAP-MIXED_SAT-R025_inad_4,REJECT_INADMISSIBLE,EXECUTE_ONLY_IF_R3_MEASURES_INADMISSIBLE_COST,NEEDS_WAREHOUSE_BINDING_R3
NH2-OVERLAP-MIXED_SAT-R025,dev,13,NH2-OVERLAP-MIXED_SAT-R025-Q13-INAD_1,INADMISSIBLE,SAT_FALSE,NH2-OVERLAP-MIXED_SAT-R025_inad_1,REJECT_INADMISSIBLE,EXECUTE_ONLY_IF_R3_MEASURES_INADMISSIBLE_COST,NEEDS_WAREHOUSE_BINDING_R3
NH2-OVERLAP-MIXED_SAT-R025,dev,22,NH2-OVERLAP-MIXED_SAT-R025-Q22-INAD_0,INADMISSIBLE,SAT_FALSE,NH2-OVERLAP-MIXED_SAT-R025_inad_0,REJECT_INADMISSIBLE,EXECUTE_ONLY_IF_R3_MEASURES_INADMISSIBLE_COST,NEEDS_WAREHOUSE_BINDING_R3
NH2-OVERLAP-MIXED_SAT-R025,dev,24,NH2-OVERLAP-MIXED_SAT-R025-Q24-INAD_2,INADMISSIBLE,SAT_FALSE,NH2-OVERLAP-MIXED_SAT-R025_inad_2,REJECT_INADMISSIBLE,EXECUTE_ONLY_IF_R3_MEASURES_INADMISSIBLE_COST,NEEDS_WAREHOUSE_BINDING_R3
NH2-OVERLAP-MIXED_SAT-R026,dev,4,NH2-OVERLAP-MIXED_SAT-R026-Q04-INAD_4,INADMISSIBLE,SAT_FALSE,NH2-OVERLAP-MIXED_SAT-R026_inad_4,REJECT_INADMISSIBLE,EXECUTE_ONLY_IF_R3_MEASURES_INADMISSIBLE_COST,NEEDS_WAREHOUSE_BINDING_R3
NH2-OVERLAP-MIXED_SAT-R026,dev,8,NH2-OVERLAP-MIXED_SAT-R026-Q08-INAD_2,INADMISSIBLE,SAT_FALSE,NH2-OVERLAP-MIXED_SAT-R026_inad_2,REJECT_INADMISSIBLE,EXECUTE_ONLY_IF_R3_MEASURES_INADMISSIBLE_COST,NEEDS_WAREHOUSE_BINDING_R3
NH2-OVERLAP-MIXED_SAT-R026,dev,19,NH2-OVERLAP-MIXED_SAT-R026-Q19-INAD_1,INADMISSIBLE,SAT_FALSE,NH2-OVERLAP-MIXED_SAT-R026_inad_1,REJECT_INADMISSIBLE,EXECUTE_ONLY_IF_R3_MEASURES_INADMISSIBLE_COST,NEEDS_WAREHOUSE_BINDING_R3
NH2-OVERLAP-MIXED_SAT-R026,dev,21,NH2-OVERLAP-MIXED_SAT-R026-Q21-INAD_3,INADMISSIBLE,SAT_FALSE,NH2-OVERLAP-MIXED_SAT-R026_inad_3,REJECT_INADMISSIBLE,EXECUTE_ONLY_IF_R3_MEASURES_INADMISSIBLE_COST,NEEDS_WAREHOUSE_BINDING_R3
NH2-OVERLAP-MIXED_SAT-R026,dev,22,NH2-OVERLAP-MIXED_SAT-R026-Q22-INAD_0,INADMISSIBLE,SAT_FALSE,NH2-OVERLAP-MIXED_SAT-R026_inad_0,REJECT_INADMISSIBLE,EXECUTE_ONLY_IF_R3_MEASURES_INADMISSIBLE_COST,NEEDS_WAREHOUSE_BINDING_R3
NH2-OVERLAP-MIXED_SAT-R027,dev,3,NH2-OVERLAP-MIXED_SAT-R027-Q03-INAD_1,INADMISSIBLE,SAT_FALSE,NH2-OVERLAP-MIXED_SAT-R027_inad_1,REJECT_INADMISSIBLE,EXECUTE_ONLY_IF_R3_MEASURES_INADMISSIBLE_COST,NEEDS_WAREHOUSE_BINDING_R3
NH2-OVERLAP-MIXED_SAT-R027,dev,4,NH2-OVERLAP-MIXED_SAT-R027-Q04-INAD_3,INADMISSIBLE,SAT_FALSE,NH2-OVERLAP-MIXED_SAT-R027_inad_3,REJECT_INADMISSIBLE,EXECUTE_ONLY_IF_R3_MEASURES_INADMISSIBLE_COST,NEEDS_WAREHOUSE_BINDING_R3
NH2-OVERLAP-MIXED_SAT-R027,dev,5,NH2-OVERLAP-MIXED_SAT-R027-Q05-INAD_4,INADMISSIBLE,SAT_FALSE,NH2-OVERLAP-MIXED_SAT-R027_inad_4,REJECT_INADMISSIBLE,EXECUTE_ONLY_IF_R3_MEASURES_INADMISSIBLE_COST,NEEDS_WAREHOUSE_BINDING_R3
NH2-OVERLAP-MIXED_SAT-R027,dev,16,NH2-OVERLAP-MIXED_SAT-R027-Q16-INAD_0,INADMISSIBLE,SAT_FALSE,NH2-OVERLAP-MIXED_SAT-R027_inad_0,REJECT_INADMISSIBLE,EXECUTE_ONLY_IF_R3_MEASURES_INADMISSIBLE_COST,NEEDS_WAREHOUSE_BINDING_R3
NH2-OVERLAP-MIXED_SAT-R027,dev,18,NH2-OVERLAP-MIXED_SAT-R027-Q18-INAD_2,INADMISSIBLE,SAT_FALSE,NH2-OVERLAP-MIXED_SAT-R027_inad_2,REJECT_INADMISSIBLE,EXECUTE_ONLY_IF_R3_MEASURES_INADMISSIBLE_COST,NEEDS_WAREHOUSE_BINDING_R3
NH2-OVERLAP-MIXED_SAT-R028,dev,2,NH2-OVERLAP-MIXED_SAT-R028-Q02-INAD_4,INADMISSIBLE,SAT_FALSE,NH2-OVERLAP-MIXED_SAT-R028_inad_4,REJECT_INADMISSIBLE,EXECUTE_ONLY_IF_R3_MEASURES_INADMISSIBLE_COST,NEEDS_WAREHOUSE_BINDING_R3
NH2-OVERLAP-MIXED_SAT-R028,dev,8,NH2-OVERLAP-MIXED_SAT-R028-Q08-INAD_1,INADMISSIBLE,SAT_FALSE,NH2-OVERLAP-MIXED_SAT-R028_inad_1,REJECT_INADMISSIBLE,EXECUTE_ONLY_IF_R3_MEASURES_INADMISSIBLE_COST,NEEDS_WAREHOUSE_BINDING_R3
NH2-OVERLAP-MIXED_SAT-R028,dev,10,NH2-OVERLAP-MIXED_SAT-R028-Q10-INAD_2,INADMISSIBLE,SAT_FALSE,NH2-OVERLAP-MIXED_SAT-R028_inad_2,REJECT_INADMISSIBLE,EXECUTE_ONLY_IF_R3_MEASURES_INADMISSIBLE_COST,NEEDS_WAREHOUSE_BINDING_R3
NH2-OVERLAP-MIXED_SAT-R028,dev,18,NH2-OVERLAP-MIXED_SAT-R028-Q18-INAD_3,INADMISSIBLE,SAT_FALSE,NH2-OVERLAP-MIXED_SAT-R028_inad_3,REJECT_INADMISSIBLE,EXECUTE_ONLY_IF_R3_MEASURES_INADMISSIBLE_COST,NEEDS_WAREHOUSE_BINDING_R3
NH2-OVERLAP-MIXED_SAT-R028,dev,23,NH2-OVERLAP-MIXED_SAT-R028-Q23-INAD_0,INADMISSIBLE,SAT_FALSE,NH2-OVERLAP-MIXED_SAT-R028_inad_0,REJECT_INADMISSIBLE,EXECUTE_ONLY_IF_R3_MEASURES_INADMISSIBLE_COST,NEEDS_WAREHOUSE_BINDING_R3
NH2-OVERLAP-MIXED_SAT-R029,dev,2,NH2-OVERLAP-MIXED_SAT-R029-Q02-INAD_1,INADMISSIBLE,SAT_FALSE,NH2-OVERLAP-MIXED_SAT-R029_inad_1,REJECT_INADMISSIBLE,EXECUTE_ONLY_IF_R3_MEASURES_INADMISSIBLE_COST,NEEDS_WAREHOUSE_BINDING_R3
NH2-OVERLAP-MIXED_SAT-R029,dev,11,NH2-OVERLAP-MIXED_SAT-R029-Q11-INAD_2,INADMISSIBLE,SAT_FALSE,NH2-OVERLAP-MIXED_SAT-R029_inad_2,REJECT_INADMISSIBLE,EXECUTE_ONLY_IF_R3_MEASURES_INADMISSIBLE_COST,NEEDS_WAREHOUSE_BINDING_R3
NH2-OVERLAP-MIXED_SAT-R029,dev,12,NH2-OVERLAP-MIXED_SAT-R029-Q12-INAD_0,INADMISSIBLE,SAT_FALSE,NH2-OVERLAP-MIXED_SAT-R029_inad_0,REJECT_INADMISSIBLE,EXECUTE_ONLY_IF_R3_MEASURES_INADMISSIBLE_COST,NEEDS_WAREHOUSE_BINDING_R3
NH2-OVERLAP-MIXED_SAT-R029,dev,16,NH2-OVERLAP-MIXED_SAT-R029-Q16-INAD_4,INADMISSIBLE,SAT_FALSE,NH2-OVERLAP-MIXED_SAT-R029_inad_4,REJECT_INADMISSIBLE,EXECUTE_ONLY_IF_R3_MEASURES_INADMISSIBLE_COST,NEEDS_WAREHOUSE_BINDING_R3
NH2-OVERLAP-MIXED_SAT-R029,dev,18,NH2-OVERLAP-MIXED_SAT-R029-Q18-INAD_3,INADMISSIBLE,SAT_FALSE,NH2-OVERLAP-MIXED_SAT-R029_inad_3,REJECT_INADMISSIBLE,EXECUTE_ONLY_IF_R3_MEASURES_INADMISSIBLE_COST,NEEDS_WAREHOUSE_BINDING_R3
NH2-OVERLAP-MIXED_SAT-R030,dev,1,NH2-OVERLAP-MIXED_SAT-R030-Q01-INAD_2,INADMISSIBLE,SAT_FALSE,NH2-OVERLAP-MIXED_SAT-R030_inad_2,REJECT_INADMISSIBLE,EXECUTE_ONLY_IF_R3_MEASURES_INADMISSIBLE_COST,NEEDS_WAREHOUSE_BINDING_R3
NH2-OVERLAP-MIXED_SAT-R030,dev,6,NH2-OVERLAP-MIXED_SAT-R030-Q06-INAD_0,INADMISSIBLE,SAT_FALSE,NH2-OVERLAP-MIXED_SAT-R030_inad_0,REJECT_INADMISSIBLE,EXECUTE_ONLY_IF_R3_MEASURES_INADMISSIBLE_COST,NEEDS_WAREHOUSE_BINDING_R3
NH2-OVERLAP-MIXED_SAT-R030,dev,14,NH2-OVERLAP-MIXED_SAT-R030-Q14-INAD_4,INADMISSIBLE,SAT_FALSE,NH2-OVERLAP-MIXED_SAT-R030_inad_4,REJECT_INADMISSIBLE,EXECUTE_ONLY_IF_R3_MEASURES_INADMISSIBLE_COST,NEEDS_WAREHOUSE_BINDING_R3
NH2-OVERLAP-MIXED_SAT-R030,dev,16,NH2-OVERLAP-MIXED_SAT-R030-Q16-INAD_1,INADMISSIBLE,SAT_FALSE,NH2-OVERLAP-MIXED_SAT-R030_inad_1,REJECT_INADMISSIBLE,EXECUTE_ONLY_IF_R3_MEASURES_INADMISSIBLE_COST,NEEDS_WAREHOUSE_BINDING_R3
NH2-OVERLAP-MIXED_SAT-R030,dev,17,NH2-OVERLAP-MIXED_SAT-R030-Q17-INAD_3,INADMISSIBLE,SAT_FALSE,NH2-OVERLAP-MIXED_SAT-R030_inad_3,REJECT_INADMISSIBLE,EXECUTE_ONLY_IF_R3_MEASURES_INADMISSIBLE_COST,NEEDS_WAREHOUSE_BINDING_R3
NH2-OVERLAP-MIXED_SAT-R031,val,1,NH2-OVERLAP-MIXED_SAT-R031-Q01-INAD_4,INADMISSIBLE,SAT_FALSE,NH2-OVERLAP-MIXED_SAT-R031_inad_4,REJECT_INADMISSIBLE,EXECUTE_ONLY_IF_R3_MEASURES_INADMISSIBLE_COST,NEEDS_WAREHOUSE_BINDING_R3
NH2-OVERLAP-MIXED_SAT-R031,val,9,NH2-OVERLAP-MIXED_SAT-R031-Q09-INAD_1,INADMISSIBLE,SAT_FALSE,NH2-OVERLAP-MIXED_SAT-R031_inad_1,REJECT_INADMISSIBLE,EXECUTE_ONLY_IF_R3_MEASURES_INADMISSIBLE_COST,NEEDS_WAREHOUSE_BINDING_R3
NH2-OVERLAP-MIXED_SAT-R031,val,15,NH2-OVERLAP-MIXED_SAT-R031-Q15-INAD_0,INADMISSIBLE,SAT_FALSE,NH2-OVERLAP-MIXED_SAT-R031_inad_0,REJECT_INADMISSIBLE,EXECUTE_ONLY_IF_R3_MEASURES_INADMISSIBLE_COST,NEEDS_WAREHOUSE_BINDING_R3
NH2-OVERLAP-MIXED_SAT-R031,val,20,NH2-OVERLAP-MIXED_SAT-R031-Q20-INAD_2,INADMISSIBLE,SAT_FALSE,NH2-OVERLAP-MIXED_SAT-R031_inad_2,REJECT_INADMISSIBLE,EXECUTE_ONLY_IF_R3_MEASURES_INADMISSIBLE_COST,NEEDS_WAREHOUSE_BINDING_R3
NH2-OVERLAP-MIXED_SAT-R031,val,22,NH2-OVERLAP-MIXED_SAT-R031-Q22-INAD_3,INADMISSIBLE,SAT_FALSE,NH2-OVERLAP-MIXED_SAT-R031_inad_3,REJECT_INADMISSIBLE,EXECUTE_ONLY_IF_R3_MEASURES_INADMISSIBLE_COST,NEEDS_WAREHOUSE_BINDING_R3
NH2-OVERLAP-MIXED_SAT-R032,val,2,NH2-OVERLAP-MIXED_SAT-R032-Q02-INAD_4,INADMISSIBLE,SAT_FALSE,NH2-OVERLAP-MIXED_SAT-R032_inad_4,REJECT_INADMISSIBLE,EXECUTE_ONLY_IF_R3_MEASURES_INADMISSIBLE_COST,NEEDS_WAREHOUSE_BINDING_R3
NH2-OVERLAP-MIXED_SAT-R032,val,10,NH2-OVERLAP-MIXED_SAT-R032-Q10-INAD_1,INADMISSIBLE,SAT_FALSE,NH2-OVERLAP-MIXED_SAT-R032_inad_1,REJECT_INADMISSIBLE,EXECUTE_ONLY_IF_R3_MEASURES_INADMISSIBLE_COST,NEEDS_WAREHOUSE_BINDING_R3
NH2-OVERLAP-MIXED_SAT-R032,val,14,NH2-OVERLAP-MIXED_SAT-R032-Q14-INAD_0,INADMISSIBLE,SAT_FALSE,NH2-OVERLAP-MIXED_SAT-R032_inad_0,REJECT_INADMISSIBLE,EXECUTE_ONLY_IF_R3_MEASURES_INADMISSIBLE_COST,NEEDS_WAREHOUSE_BINDING_R3
NH2-OVERLAP-MIXED_SAT-R032,val,17,NH2-OVERLAP-MIXED_SAT-R032-Q17-INAD_3,INADMISSIBLE,SAT_FALSE,NH2-OVERLAP-MIXED_SAT-R032_inad_3,REJECT_INADMISSIBLE,EXECUTE_ONLY_IF_R3_MEASURES_INADMISSIBLE_COST,NEEDS_WAREHOUSE_BINDING_R3
NH2-OVERLAP-MIXED_SAT-R032,val,20,NH2-OVERLAP-MIXED_SAT-R032-Q20-INAD_2,INADMISSIBLE,SAT_FALSE,NH2-OVERLAP-MIXED_SAT-R032_inad_2,REJECT_INADMISSIBLE,EXECUTE_ONLY_IF_R3_MEASURES_INADMISSIBLE_COST,NEEDS_WAREHOUSE_BINDING_R3
NH2-OVERLAP-MIXED_SAT-R033,val,3,NH2-OVERLAP-MIXED_SAT-R033-Q03-INAD_0,INADMISSIBLE,SAT_FALSE,NH2-OVERLAP-MIXED_SAT-R033_inad_0,REJECT_INADMISSIBLE,EXECUTE_ONLY_IF_R3_MEASURES_INADMISSIBLE_COST,NEEDS_WAREHOUSE_BINDING_R3
NH2-OVERLAP-MIXED_SAT-R033,val,10,NH2-OVERLAP-MIXED_SAT-R033-Q10-INAD_3,INADMISSIBLE,SAT_FALSE,NH2-OVERLAP-MIXED_SAT-R033_inad_3,REJECT_INADMISSIBLE,EXECUTE_ONLY_IF_R3_MEASURES_INADMISSIBLE_COST,NEEDS_WAREHOUSE_BINDING_R3
NH2-OVERLAP-MIXED_SAT-R033,val,12,NH2-OVERLAP-MIXED_SAT-R033-Q12-INAD_4,INADMISSIBLE,SAT_FALSE,NH2-OVERLAP-MIXED_SAT-R033_inad_4,REJECT_INADMISSIBLE,EXECUTE_ONLY_IF_R3_MEASURES_INADMISSIBLE_COST,NEEDS_WAREHOUSE_BINDING_R3
NH2-OVERLAP-MIXED_SAT-R033,val,20,NH2-OVERLAP-MIXED_SAT-R033-Q20-INAD_2,INADMISSIBLE,SAT_FALSE,NH2-OVERLAP-MIXED_SAT-R033_inad_2,REJECT_INADMISSIBLE,EXECUTE_ONLY_IF_R3_MEASURES_INADMISSIBLE_COST,NEEDS_WAREHOUSE_BINDING_R3
NH2-OVERLAP-MIXED_SAT-R033,val,23,NH2-OVERLAP-MIXED_SAT-R033-Q23-INAD_1,INADMISSIBLE,SAT_FALSE,NH2-OVERLAP-MIXED_SAT-R033_inad_1,REJECT_INADMISSIBLE,EXECUTE_ONLY_IF_R3_MEASURES_INADMISSIBLE_COST,NEEDS_WAREHOUSE_BINDING_R3
NH2-OVERLAP-MIXED_SAT-R034,val,1,NH2-OVERLAP-MIXED_SAT-R034-Q01-INAD_3,INADMISSIBLE,SAT_FALSE,NH2-OVERLAP-MIXED_SAT-R034_inad_3,REJECT_INADMISSIBLE,EXECUTE_ONLY_IF_R3_MEASURES_INADMISSIBLE_COST,NEEDS_WAREHOUSE_BINDING_R3
NH2-OVERLAP-MIXED_SAT-R034,val,2,NH2-OVERLAP-MIXED_SAT-R034-Q02-INAD_2,INADMISSIBLE,SAT_FALSE,NH2-OVERLAP-MIXED_SAT-R034_inad_2,REJECT_INADMISSIBLE,EXECUTE_ONLY_IF_R3_MEASURES_INADMISSIBLE_COST,NEEDS_WAREHOUSE_BINDING_R3
NH2-OVERLAP-MIXED_SAT-R034,val,3,NH2-OVERLAP-MIXED_SAT-R034-Q03-INAD_4,INADMISSIBLE,SAT_FALSE,NH2-OVERLAP-MIXED_SAT-R034_inad_4,REJECT_INADMISSIBLE,EXECUTE_ONLY_IF_R3_MEASURES_INADMISSIBLE_COST,NEEDS_WAREHOUSE_BINDING_R3
NH2-OVERLAP-MIXED_SAT-R034,val,9,NH2-OVERLAP-MIXED_SAT-R034-Q09-INAD_0,INADMISSIBLE,SAT_FALSE,NH2-OVERLAP-MIXED_SAT-R034_inad_0,REJECT_INADMISSIBLE,EXECUTE_ONLY_IF_R3_MEASURES_INADMISSIBLE_COST,NEEDS_WAREHOUSE_BINDING_R3
NH2-OVERLAP-MIXED_SAT-R034,val,13,NH2-OVERLAP-MIXED_SAT-R034-Q13-INAD_1,INADMISSIBLE,SAT_FALSE,NH2-OVERLAP-MIXED_SAT-R034_inad_1,REJECT_INADMISSIBLE,EXECUTE_ONLY_IF_R3_MEASURES_INADMISSIBLE_COST,NEEDS_WAREHOUSE_BINDING_R3
NH2-OVERLAP-MIXED_SAT-R035,val,5,NH2-OVERLAP-MIXED_SAT-R035-Q05-INAD_4,INADMISSIBLE,SAT_FALSE,NH2-OVERLAP-MIXED_SAT-R035_inad_4,REJECT_INADMISSIBLE,EXECUTE_ONLY_IF_R3_MEASURES_INADMISSIBLE_COST,NEEDS_WAREHOUSE_BINDING_R3
NH2-OVERLAP-MIXED_SAT-R035,val,8,NH2-OVERLAP-MIXED_SAT-R035-Q08-INAD_0,INADMISSIBLE,SAT_FALSE,NH2-OVERLAP-MIXED_SAT-R035_inad_0,REJECT_INADMISSIBLE,EXECUTE_ONLY_IF_R3_MEASURES_INADMISSIBLE_COST,NEEDS_WAREHOUSE_BINDING_R3
NH2-OVERLAP-MIXED_SAT-R035,val,13,NH2-OVERLAP-MIXED_SAT-R035-Q13-INAD_3,INADMISSIBLE,SAT_FALSE,NH2-OVERLAP-MIXED_SAT-R035_inad_3,REJECT_INADMISSIBLE,EXECUTE_ONLY_IF_R3_MEASURES_INADMISSIBLE_COST,NEEDS_WAREHOUSE_BINDING_R3
NH2-OVERLAP-MIXED_SAT-R035,val,15,NH2-OVERLAP-MIXED_SAT-R035-Q15-INAD_1,INADMISSIBLE,SAT_FALSE,NH2-OVERLAP-MIXED_SAT-R035_inad_1,REJECT_INADMISSIBLE,EXECUTE_ONLY_IF_R3_MEASURES_INADMISSIBLE_COST,NEEDS_WAREHOUSE_BINDING_R3
NH2-OVERLAP-MIXED_SAT-R035,val,23,NH2-OVERLAP-MIXED_SAT-R035-Q23-INAD_2,INADMISSIBLE,SAT_FALSE,NH2-OVERLAP-MIXED_SAT-R035_inad_2,REJECT_INADMISSIBLE,EXECUTE_ONLY_IF_R3_MEASURES_INADMISSIBLE_COST,NEEDS_WAREHOUSE_BINDING_R3
NH2-OVERLAP-MIXED_SAT-R036,val,6,NH2-OVERLAP-MIXED_SAT-R036-Q06-INAD_2,INADMISSIBLE,SAT_FALSE,NH2-OVERLAP-MIXED_SAT-R036_inad_2,REJECT_INADMISSIBLE,EXECUTE_ONLY_IF_R3_MEASURES_INADMISSIBLE_COST,NEEDS_WAREHOUSE_BINDING_R3
NH2-OVERLAP-MIXED_SAT-R036,val,12,NH2-OVERLAP-MIXED_SAT-R036-Q12-INAD_1,INADMISSIBLE,SAT_FALSE,NH2-OVERLAP-MIXED_SAT-R036_inad_1,REJECT_INADMISSIBLE,EXECUTE_ONLY_IF_R3_MEASURES_INADMISSIBLE_COST,NEEDS_WAREHOUSE_BINDING_R3
NH2-OVERLAP-MIXED_SAT-R036,val,14,NH2-OVERLAP-MIXED_SAT-R036-Q14-INAD_4,INADMISSIBLE,SAT_FALSE,NH2-OVERLAP-MIXED_SAT-R036_inad_4,REJECT_INADMISSIBLE,EXECUTE_ONLY_IF_R3_MEASURES_INADMISSIBLE_COST,NEEDS_WAREHOUSE_BINDING_R3
NH2-OVERLAP-MIXED_SAT-R036,val,17,NH2-OVERLAP-MIXED_SAT-R036-Q17-INAD_0,INADMISSIBLE,SAT_FALSE,NH2-OVERLAP-MIXED_SAT-R036_inad_0,REJECT_INADMISSIBLE,EXECUTE_ONLY_IF_R3_MEASURES_INADMISSIBLE_COST,NEEDS_WAREHOUSE_BINDING_R3
NH2-OVERLAP-MIXED_SAT-R036,val,18,NH2-OVERLAP-MIXED_SAT-R036-Q18-INAD_3,INADMISSIBLE,SAT_FALSE,NH2-OVERLAP-MIXED_SAT-R036_inad_3,REJECT_INADMISSIBLE,EXECUTE_ONLY_IF_R3_MEASURES_INADMISSIBLE_COST,NEEDS_WAREHOUSE_BINDING_R3
NH2-OVERLAP-MIXED_SAT-R037,val,3,NH2-OVERLAP-MIXED_SAT-R037-Q03-INAD_4,INADMISSIBLE,SAT_FALSE,NH2-OVERLAP-MIXED_SAT-R037_inad_4,REJECT_INADMISSIBLE,EXECUTE_ONLY_IF_R3_MEASURES_INADMISSIBLE_COST,NEEDS_WAREHOUSE_BINDING_R3
NH2-OVERLAP-MIXED_SAT-R037,val,11,NH2-OVERLAP-MIXED_SAT-R037-Q11-INAD_1,INADMISSIBLE,SAT_FALSE,NH2-OVERLAP-MIXED_SAT-R037_inad_1,REJECT_INADMISSIBLE,EXECUTE_ONLY_IF_R3_MEASURES_INADMISSIBLE_COST,NEEDS_WAREHOUSE_BINDING_R3
NH2-OVERLAP-MIXED_SAT-R037,val,12,NH2-OVERLAP-MIXED_SAT-R037-Q12-INAD_0,INADMISSIBLE,SAT_FALSE,NH2-OVERLAP-MIXED_SAT-R037_inad_0,REJECT_INADMISSIBLE,EXECUTE_ONLY_IF_R3_MEASURES_INADMISSIBLE_COST,NEEDS_WAREHOUSE_BINDING_R3
NH2-OVERLAP-MIXED_SAT-R037,val,18,NH2-OVERLAP-MIXED_SAT-R037-Q18-INAD_2,INADMISSIBLE,SAT_FALSE,NH2-OVERLAP-MIXED_SAT-R037_inad_2,REJECT_INADMISSIBLE,EXECUTE_ONLY_IF_R3_MEASURES_INADMISSIBLE_COST,NEEDS_WAREHOUSE_BINDING_R3
NH2-OVERLAP-MIXED_SAT-R037,val,24,NH2-OVERLAP-MIXED_SAT-R037-Q24-INAD_3,INADMISSIBLE,SAT_FALSE,NH2-OVERLAP-MIXED_SAT-R037_inad_3,REJECT_INADMISSIBLE,EXECUTE_ONLY_IF_R3_MEASURES_INADMISSIBLE_COST,NEEDS_WAREHOUSE_BINDING_R3
NH2-OVERLAP-MIXED_SAT-R038,val,2,NH2-OVERLAP-MIXED_SAT-R038-Q02-INAD_4,INADMISSIBLE,SAT_FALSE,NH2-OVERLAP-MIXED_SAT-R038_inad_4,REJECT_INADMISSIBLE,EXECUTE_ONLY_IF_R3_MEASURES_INADMISSIBLE_COST,NEEDS_WAREHOUSE_BINDING_R3
NH2-OVERLAP-MIXED_SAT-R038,val,3,NH2-OVERLAP-MIXED_SAT-R038-Q03-INAD_0,INADMISSIBLE,SAT_FALSE,NH2-OVERLAP-MIXED_SAT-R038_inad_0,REJECT_INADMISSIBLE,EXECUTE_ONLY_IF_R3_MEASURES_INADMISSIBLE_COST,NEEDS_WAREHOUSE_BINDING_R3
NH2-OVERLAP-MIXED_SAT-R038,val,5,NH2-OVERLAP-MIXED_SAT-R038-Q05-INAD_3,INADMISSIBLE,SAT_FALSE,NH2-OVERLAP-MIXED_SAT-R038_inad_3,REJECT_INADMISSIBLE,EXECUTE_ONLY_IF_R3_MEASURES_INADMISSIBLE_COST,NEEDS_WAREHOUSE_BINDING_R3
NH2-OVERLAP-MIXED_SAT-R038,val,19,NH2-OVERLAP-MIXED_SAT-R038-Q19-INAD_2,INADMISSIBLE,SAT_FALSE,NH2-OVERLAP-MIXED_SAT-R038_inad_2,REJECT_INADMISSIBLE,EXECUTE_ONLY_IF_R3_MEASURES_INADMISSIBLE_COST,NEEDS_WAREHOUSE_BINDING_R3
NH2-OVERLAP-MIXED_SAT-R038,val,21,NH2-OVERLAP-MIXED_SAT-R038-Q21-INAD_1,INADMISSIBLE,SAT_FALSE,NH2-OVERLAP-MIXED_SAT-R038_inad_1,REJECT_INADMISSIBLE,EXECUTE_ONLY_IF_R3_MEASURES_INADMISSIBLE_COST,NEEDS_WAREHOUSE_BINDING_R3
NH2-OVERLAP-MIXED_SAT-R039,val,3,NH2-OVERLAP-MIXED_SAT-R039-Q03-INAD_2,INADMISSIBLE,SAT_FALSE,NH2-OVERLAP-MIXED_SAT-R039_inad_2,REJECT_INADMISSIBLE,EXECUTE_ONLY_IF_R3_MEASURES_INADMISSIBLE_COST,NEEDS_WAREHOUSE_BINDING_R3
NH2-OVERLAP-MIXED_SAT-R039,val,9,NH2-OVERLAP-MIXED_SAT-R039-Q09-INAD_3,INADMISSIBLE,SAT_FALSE,NH2-OVERLAP-MIXED_SAT-R039_inad_3,REJECT_INADMISSIBLE,EXECUTE_ONLY_IF_R3_MEASURES_INADMISSIBLE_COST,NEEDS_WAREHOUSE_BINDING_R3
NH2-OVERLAP-MIXED_SAT-R039,val,12,NH2-OVERLAP-MIXED_SAT-R039-Q12-INAD_1,INADMISSIBLE,SAT_FALSE,NH2-OVERLAP-MIXED_SAT-R039_inad_1,REJECT_INADMISSIBLE,EXECUTE_ONLY_IF_R3_MEASURES_INADMISSIBLE_COST,NEEDS_WAREHOUSE_BINDING_R3
NH2-OVERLAP-MIXED_SAT-R039,val,14,NH2-OVERLAP-MIXED_SAT-R039-Q14-INAD_4,INADMISSIBLE,SAT_FALSE,NH2-OVERLAP-MIXED_SAT-R039_inad_4,REJECT_INADMISSIBLE,EXECUTE_ONLY_IF_R3_MEASURES_INADMISSIBLE_COST,NEEDS_WAREHOUSE_BINDING_R3
NH2-OVERLAP-MIXED_SAT-R039,val,16,NH2-OVERLAP-MIXED_SAT-R039-Q16-INAD_0,INADMISSIBLE,SAT_FALSE,NH2-OVERLAP-MIXED_SAT-R039_inad_0,REJECT_INADMISSIBLE,EXECUTE_ONLY_IF_R3_MEASURES_INADMISSIBLE_COST,NEEDS_WAREHOUSE_BINDING_R3
NH2-OVERLAP-MIXED_SAT-R040,val,10,NH2-OVERLAP-MIXED_SAT-R040-Q10-INAD_1,INADMISSIBLE,SAT_FALSE,NH2-OVERLAP-MIXED_SAT-R040_inad_1,REJECT_INADMISSIBLE,EXECUTE_ONLY_IF_R3_MEASURES_INADMISSIBLE_COST,NEEDS_WAREHOUSE_BINDING_R3
NH2-OVERLAP-MIXED_SAT-R040,val,14,NH2-OVERLAP-MIXED_SAT-R040-Q14-INAD_2,INADMISSIBLE,SAT_FALSE,NH2-OVERLAP-MIXED_SAT-R040_inad_2,REJECT_INADMISSIBLE,EXECUTE_ONLY_IF_R3_MEASURES_INADMISSIBLE_COST,NEEDS_WAREHOUSE_BINDING_R3
NH2-OVERLAP-MIXED_SAT-R040,val,18,NH2-OVERLAP-MIXED_SAT-R040-Q18-INAD_0,INADMISSIBLE,SAT_FALSE,NH2-OVERLAP-MIXED_SAT-R040_inad_0,REJECT_INADMISSIBLE,EXECUTE_ONLY_IF_R3_MEASURES_INADMISSIBLE_COST,NEEDS_WAREHOUSE_BINDING_R3
NH2-OVERLAP-MIXED_SAT-R040,val,20,NH2-OVERLAP-MIXED_SAT-R040-Q20-INAD_3,INADMISSIBLE,SAT_FALSE,NH2-OVERLAP-MIXED_SAT-R040_inad_3,REJECT_INADMISSIBLE,EXECUTE_ONLY_IF_R3_MEASURES_INADMISSIBLE_COST,NEEDS_WAREHOUSE_BINDING_R3
NH2-OVERLAP-MIXED_SAT-R040,val,21,NH2-OVERLAP-MIXED_SAT-R040-Q21-INAD_4,INADMISSIBLE,SAT_FALSE,NH2-OVERLAP-MIXED_SAT-R040_inad_4,REJECT_INADMISSIBLE,EXECUTE_ONLY_IF_R3_MEASURES_INADMISSIBLE_COST,NEEDS_WAREHOUSE_BINDING_R3
NH2-OVERLAP-MIXED_SAT-R041,val,6,NH2-OVERLAP-MIXED_SAT-R041-Q06-INAD_4,INADMISSIBLE,SAT_FALSE,NH2-OVERLAP-MIXED_SAT-R041_inad_4,REJECT_INADMISSIBLE,EXECUTE_ONLY_IF_R3_MEASURES_INADMISSIBLE_COST,NEEDS_WAREHOUSE_BINDING_R3
NH2-OVERLAP-MIXED_SAT-R041,val,7,NH2-OVERLAP-MIXED_SAT-R041-Q07-INAD_2,INADMISSIBLE,SAT_FALSE,NH2-OVERLAP-MIXED_SAT-R041_inad_2,REJECT_INADMISSIBLE,EXECUTE_ONLY_IF_R3_MEASURES_INADMISSIBLE_COST,NEEDS_WAREHOUSE_BINDING_R3
NH2-OVERLAP-MIXED_SAT-R041,val,8,NH2-OVERLAP-MIXED_SAT-R041-Q08-INAD_0,INADMISSIBLE,SAT_FALSE,NH2-OVERLAP-MIXED_SAT-R041_inad_0,REJECT_INADMISSIBLE,EXECUTE_ONLY_IF_R3_MEASURES_INADMISSIBLE_COST,NEEDS_WAREHOUSE_BINDING_R3
NH2-OVERLAP-MIXED_SAT-R041,val,17,NH2-OVERLAP-MIXED_SAT-R041-Q17-INAD_1,INADMISSIBLE,SAT_FALSE,NH2-OVERLAP-MIXED_SAT-R041_inad_1,REJECT_INADMISSIBLE,EXECUTE_ONLY_IF_R3_MEASURES_INADMISSIBLE_COST,NEEDS_WAREHOUSE_BINDING_R3
NH2-OVERLAP-MIXED_SAT-R041,val,18,NH2-OVERLAP-MIXED_SAT-R041-Q18-INAD_3,INADMISSIBLE,SAT_FALSE,NH2-OVERLAP-MIXED_SAT-R041_inad_3,REJECT_INADMISSIBLE,EXECUTE_ONLY_IF_R3_MEASURES_INADMISSIBLE_COST,NEEDS_WAREHOUSE_BINDING_R3
NH2-OVERLAP-MIXED_SAT-R042,val,5,NH2-OVERLAP-MIXED_SAT-R042-Q05-INAD_1,INADMISSIBLE,SAT_FALSE,NH2-OVERLAP-MIXED_SAT-R042_inad_1,REJECT_INADMISSIBLE,EXECUTE_ONLY_IF_R3_MEASURES_INADMISSIBLE_COST,NEEDS_WAREHOUSE_BINDING_R3
NH2-OVERLAP-MIXED_SAT-R042,val,10,NH2-OVERLAP-MIXED_SAT-R042-Q10-INAD_3,INADMISSIBLE,SAT_FALSE,NH2-OVERLAP-MIXED_SAT-R042_inad_3,REJECT_INADMISSIBLE,EXECUTE_ONLY_IF_R3_MEASURES_INADMISSIBLE_COST,NEEDS_WAREHOUSE_BINDING_R3
NH2-OVERLAP-MIXED_SAT-R042,val,14,NH2-OVERLAP-MIXED_SAT-R042-Q14-INAD_4,INADMISSIBLE,SAT_FALSE,NH2-OVERLAP-MIXED_SAT-R042_inad_4,REJECT_INADMISSIBLE,EXECUTE_ONLY_IF_R3_MEASURES_INADMISSIBLE_COST,NEEDS_WAREHOUSE_BINDING_R3
NH2-OVERLAP-MIXED_SAT-R042,val,19,NH2-OVERLAP-MIXED_SAT-R042-Q19-INAD_0,INADMISSIBLE,SAT_FALSE,NH2-OVERLAP-MIXED_SAT-R042_inad_0,REJECT_INADMISSIBLE,EXECUTE_ONLY_IF_R3_MEASURES_INADMISSIBLE_COST,NEEDS_WAREHOUSE_BINDING_R3
NH2-OVERLAP-MIXED_SAT-R042,val,22,NH2-OVERLAP-MIXED_SAT-R042-Q22-INAD_2,INADMISSIBLE,SAT_FALSE,NH2-OVERLAP-MIXED_SAT-R042_inad_2,REJECT_INADMISSIBLE,EXECUTE_ONLY_IF_R3_MEASURES_INADMISSIBLE_COST,NEEDS_WAREHOUSE_BINDING_R3
NH2-OVERLAP-MIXED_SAT-R043,val,3,NH2-OVERLAP-MIXED_SAT-R043-Q03-INAD_0,INADMISSIBLE,SAT_FALSE,NH2-OVERLAP-MIXED_SAT-R043_inad_0,REJECT_INADMISSIBLE,EXECUTE_ONLY_IF_R3_MEASURES_INADMISSIBLE_COST,NEEDS_WAREHOUSE_BINDING_R3
NH2-OVERLAP-MIXED_SAT-R043,val,4,NH2-OVERLAP-MIXED_SAT-R043-Q04-INAD_3,INADMISSIBLE,SAT_FALSE,NH2-OVERLAP-MIXED_SAT-R043_inad_3,REJECT_INADMISSIBLE,EXECUTE_ONLY_IF_R3_MEASURES_INADMISSIBLE_COST,NEEDS_WAREHOUSE_BINDING_R3
NH2-OVERLAP-MIXED_SAT-R043,val,5,NH2-OVERLAP-MIXED_SAT-R043-Q05-INAD_4,INADMISSIBLE,SAT_FALSE,NH2-OVERLAP-MIXED_SAT-R043_inad_4,REJECT_INADMISSIBLE,EXECUTE_ONLY_IF_R3_MEASURES_INADMISSIBLE_COST,NEEDS_WAREHOUSE_BINDING_R3
NH2-OVERLAP-MIXED_SAT-R043,val,6,NH2-OVERLAP-MIXED_SAT-R043-Q06-INAD_2,INADMISSIBLE,SAT_FALSE,NH2-OVERLAP-MIXED_SAT-R043_inad_2,REJECT_INADMISSIBLE,EXECUTE_ONLY_IF_R3_MEASURES_INADMISSIBLE_COST,NEEDS_WAREHOUSE_BINDING_R3
NH2-OVERLAP-MIXED_SAT-R043,val,17,NH2-OVERLAP-MIXED_SAT-R043-Q17-INAD_1,INADMISSIBLE,SAT_FALSE,NH2-OVERLAP-MIXED_SAT-R043_inad_1,REJECT_INADMISSIBLE,EXECUTE_ONLY_IF_R3_MEASURES_INADMISSIBLE_COST,NEEDS_WAREHOUSE_BINDING_R3
NH2-OVERLAP-MIXED_SAT-R044,val,4,NH2-OVERLAP-MIXED_SAT-R044-Q04-INAD_1,INADMISSIBLE,SAT_FALSE,NH2-OVERLAP-MIXED_SAT-R044_inad_1,REJECT_INADMISSIBLE,EXECUTE_ONLY_IF_R3_MEASURES_INADMISSIBLE_COST,NEEDS_WAREHOUSE_BINDING_R3
NH2-OVERLAP-MIXED_SAT-R044,val,6,NH2-OVERLAP-MIXED_SAT-R044-Q06-INAD_4,INADMISSIBLE,SAT_FALSE,NH2-OVERLAP-MIXED_SAT-R044_inad_4,REJECT_INADMISSIBLE,EXECUTE_ONLY_IF_R3_MEASURES_INADMISSIBLE_COST,NEEDS_WAREHOUSE_BINDING_R3
NH2-OVERLAP-MIXED_SAT-R044,val,14,NH2-OVERLAP-MIXED_SAT-R044-Q14-INAD_0,INADMISSIBLE,SAT_FALSE,NH2-OVERLAP-MIXED_SAT-R044_inad_0,REJECT_INADMISSIBLE,EXECUTE_ONLY_IF_R3_MEASURES_INADMISSIBLE_COST,NEEDS_WAREHOUSE_BINDING_R3
NH2-OVERLAP-MIXED_SAT-R044,val,19,NH2-OVERLAP-MIXED_SAT-R044-Q19-INAD_3,INADMISSIBLE,SAT_FALSE,NH2-OVERLAP-MIXED_SAT-R044_inad_3,REJECT_INADMISSIBLE,EXECUTE_ONLY_IF_R3_MEASURES_INADMISSIBLE_COST,NEEDS_WAREHOUSE_BINDING_R3
NH2-OVERLAP-MIXED_SAT-R044,val,23,NH2-OVERLAP-MIXED_SAT-R044-Q23-INAD_2,INADMISSIBLE,SAT_FALSE,NH2-OVERLAP-MIXED_SAT-R044_inad_2,REJECT_INADMISSIBLE,EXECUTE_ONLY_IF_R3_MEASURES_INADMISSIBLE_COST,NEEDS_WAREHOUSE_BINDING_R3
NH2-OVERLAP-MIXED_SAT-R045,val,2,NH2-OVERLAP-MIXED_SAT-R045-Q02-INAD_2,INADMISSIBLE,SAT_FALSE,NH2-OVERLAP-MIXED_SAT-R045_inad_2,REJECT_INADMISSIBLE,EXECUTE_ONLY_IF_R3_MEASURES_INADMISSIBLE_COST,NEEDS_WAREHOUSE_BINDING_R3
NH2-OVERLAP-MIXED_SAT-R045,val,8,NH2-OVERLAP-MIXED_SAT-R045-Q08-INAD_1,INADMISSIBLE,SAT_FALSE,NH2-OVERLAP-MIXED_SAT-R045_inad_1,REJECT_INADMISSIBLE,EXECUTE_ONLY_IF_R3_MEASURES_INADMISSIBLE_COST,NEEDS_WAREHOUSE_BINDING_R3
NH2-OVERLAP-MIXED_SAT-R045,val,13,NH2-OVERLAP-MIXED_SAT-R045-Q13-INAD_0,INADMISSIBLE,SAT_FALSE,NH2-OVERLAP-MIXED_SAT-R045_inad_0,REJECT_INADMISSIBLE,EXECUTE_ONLY_IF_R3_MEASURES_INADMISSIBLE_COST,NEEDS_WAREHOUSE_BINDING_R3
NH2-OVERLAP-MIXED_SAT-R045,val,14,NH2-OVERLAP-MIXED_SAT-R045-Q14-INAD_4,INADMISSIBLE,SAT_FALSE,NH2-OVERLAP-MIXED_SAT-R045_inad_4,REJECT_INADMISSIBLE,EXECUTE_ONLY_IF_R3_MEASURES_INADMISSIBLE_COST,NEEDS_WAREHOUSE_BINDING_R3
NH2-OVERLAP-MIXED_SAT-R045,val,24,NH2-OVERLAP-MIXED_SAT-R045-Q24-INAD_3,INADMISSIBLE,SAT_FALSE,NH2-OVERLAP-MIXED_SAT-R045_inad_3,REJECT_INADMISSIBLE,EXECUTE_ONLY_IF_R3_MEASURES_INADMISSIBLE_COST,NEEDS_WAREHOUSE_BINDING_R3
NH2-OVERLAP-MIXED_SAT-R046,test,10,NH2-OVERLAP-MIXED_SAT-R046-Q10-INAD_0,INADMISSIBLE,SAT_FALSE,NH2-OVERLAP-MIXED_SAT-R046_inad_0,REJECT_INADMISSIBLE,EXECUTE_ONLY_IF_R3_MEASURES_INADMISSIBLE_COST,NEEDS_WAREHOUSE_BINDING_R3
NH2-OVERLAP-MIXED_SAT-R046,test,11,NH2-OVERLAP-MIXED_SAT-R046-Q11-INAD_4,INADMISSIBLE,SAT_FALSE,NH2-OVERLAP-MIXED_SAT-R046_inad_4,REJECT_INADMISSIBLE,EXECUTE_ONLY_IF_R3_MEASURES_INADMISSIBLE_COST,NEEDS_WAREHOUSE_BINDING_R3
NH2-OVERLAP-MIXED_SAT-R046,test,15,NH2-OVERLAP-MIXED_SAT-R046-Q15-INAD_2,INADMISSIBLE,SAT_FALSE,NH2-OVERLAP-MIXED_SAT-R046_inad_2,REJECT_INADMISSIBLE,EXECUTE_ONLY_IF_R3_MEASURES_INADMISSIBLE_COST,NEEDS_WAREHOUSE_BINDING_R3
NH2-OVERLAP-MIXED_SAT-R046,test,18,NH2-OVERLAP-MIXED_SAT-R046-Q18-INAD_1,INADMISSIBLE,SAT_FALSE,NH2-OVERLAP-MIXED_SAT-R046_inad_1,REJECT_INADMISSIBLE,EXECUTE_ONLY_IF_R3_MEASURES_INADMISSIBLE_COST,NEEDS_WAREHOUSE_BINDING_R3
NH2-OVERLAP-MIXED_SAT-R046,test,22,NH2-OVERLAP-MIXED_SAT-R046-Q22-INAD_3,INADMISSIBLE,SAT_FALSE,NH2-OVERLAP-MIXED_SAT-R046_inad_3,REJECT_INADMISSIBLE,EXECUTE_ONLY_IF_R3_MEASURES_INADMISSIBLE_COST,NEEDS_WAREHOUSE_BINDING_R3
NH2-OVERLAP-MIXED_SAT-R047,test,7,NH2-OVERLAP-MIXED_SAT-R047-Q07-INAD_0,INADMISSIBLE,SAT_FALSE,NH2-OVERLAP-MIXED_SAT-R047_inad_0,REJECT_INADMISSIBLE,EXECUTE_ONLY_IF_R3_MEASURES_INADMISSIBLE_COST,NEEDS_WAREHOUSE_BINDING_R3
NH2-OVERLAP-MIXED_SAT-R047,test,11,NH2-OVERLAP-MIXED_SAT-R047-Q11-INAD_4,INADMISSIBLE,SAT_FALSE,NH2-OVERLAP-MIXED_SAT-R047_inad_4,REJECT_INADMISSIBLE,EXECUTE_ONLY_IF_R3_MEASURES_INADMISSIBLE_COST,NEEDS_WAREHOUSE_BINDING_R3
NH2-OVERLAP-MIXED_SAT-R047,test,16,NH2-OVERLAP-MIXED_SAT-R047-Q16-INAD_1,INADMISSIBLE,SAT_FALSE,NH2-OVERLAP-MIXED_SAT-R047_inad_1,REJECT_INADMISSIBLE,EXECUTE_ONLY_IF_R3_MEASURES_INADMISSIBLE_COST,NEEDS_WAREHOUSE_BINDING_R3
NH2-OVERLAP-MIXED_SAT-R047,test,23,NH2-OVERLAP-MIXED_SAT-R047-Q23-INAD_3,INADMISSIBLE,SAT_FALSE,NH2-OVERLAP-MIXED_SAT-R047_inad_3,REJECT_INADMISSIBLE,EXECUTE_ONLY_IF_R3_MEASURES_INADMISSIBLE_COST,NEEDS_WAREHOUSE_BINDING_R3
NH2-OVERLAP-MIXED_SAT-R047,test,24,NH2-OVERLAP-MIXED_SAT-R047-Q24-INAD_2,INADMISSIBLE,SAT_FALSE,NH2-OVERLAP-MIXED_SAT-R047_inad_2,REJECT_INADMISSIBLE,EXECUTE_ONLY_IF_R3_MEASURES_INADMISSIBLE_COST,NEEDS_WAREHOUSE_BINDING_R3
NH2-OVERLAP-MIXED_SAT-R048,test,12,NH2-OVERLAP-MIXED_SAT-R048-Q12-INAD_0,INADMISSIBLE,SAT_FALSE,NH2-OVERLAP-MIXED_SAT-R048_inad_0,REJECT_INADMISSIBLE,EXECUTE_ONLY_IF_R3_MEASURES_INADMISSIBLE_COST,NEEDS_WAREHOUSE_BINDING_R3
NH2-OVERLAP-MIXED_SAT-R048,test,15,NH2-OVERLAP-MIXED_SAT-R048-Q15-INAD_2,INADMISSIBLE,SAT_FALSE,NH2-OVERLAP-MIXED_SAT-R048_inad_2,REJECT_INADMISSIBLE,EXECUTE_ONLY_IF_R3_MEASURES_INADMISSIBLE_COST,NEEDS_WAREHOUSE_BINDING_R3
NH2-OVERLAP-MIXED_SAT-R048,test,17,NH2-OVERLAP-MIXED_SAT-R048-Q17-INAD_1,INADMISSIBLE,SAT_FALSE,NH2-OVERLAP-MIXED_SAT-R048_inad_1,REJECT_INADMISSIBLE,EXECUTE_ONLY_IF_R3_MEASURES_INADMISSIBLE_COST,NEEDS_WAREHOUSE_BINDING_R3
NH2-OVERLAP-MIXED_SAT-R048,test,19,NH2-OVERLAP-MIXED_SAT-R048-Q19-INAD_3,INADMISSIBLE,SAT_FALSE,NH2-OVERLAP-MIXED_SAT-R048_inad_3,REJECT_INADMISSIBLE,EXECUTE_ONLY_IF_R3_MEASURES_INADMISSIBLE_COST,NEEDS_WAREHOUSE_BINDING_R3
NH2-OVERLAP-MIXED_SAT-R048,test,23,NH2-OVERLAP-MIXED_SAT-R048-Q23-INAD_4,INADMISSIBLE,SAT_FALSE,NH2-OVERLAP-MIXED_SAT-R048_inad_4,REJECT_INADMISSIBLE,EXECUTE_ONLY_IF_R3_MEASURES_INADMISSIBLE_COST,NEEDS_WAREHOUSE_BINDING_R3
NH2-OVERLAP-MIXED_SAT-R049,test,5,NH2-OVERLAP-MIXED_SAT-R049-Q05-INAD_0,INADMISSIBLE,SAT_FALSE,NH2-OVERLAP-MIXED_SAT-R049_inad_0,REJECT_INADMISSIBLE,EXECUTE_ONLY_IF_R3_MEASURES_INADMISSIBLE_COST,NEEDS_WAREHOUSE_BINDING_R3
NH2-OVERLAP-MIXED_SAT-R049,test,11,NH2-OVERLAP-MIXED_SAT-R049-Q11-INAD_4,INADMISSIBLE,SAT_FALSE,NH2-OVERLAP-MIXED_SAT-R049_inad_4,REJECT_INADMISSIBLE,EXECUTE_ONLY_IF_R3_MEASURES_INADMISSIBLE_COST,NEEDS_WAREHOUSE_BINDING_R3
NH2-OVERLAP-MIXED_SAT-R049,test,17,NH2-OVERLAP-MIXED_SAT-R049-Q17-INAD_1,INADMISSIBLE,SAT_FALSE,NH2-OVERLAP-MIXED_SAT-R049_inad_1,REJECT_INADMISSIBLE,EXECUTE_ONLY_IF_R3_MEASURES_INADMISSIBLE_COST,NEEDS_WAREHOUSE_BINDING_R3
NH2-OVERLAP-MIXED_SAT-R049,test,18,NH2-OVERLAP-MIXED_SAT-R049-Q18-INAD_3,INADMISSIBLE,SAT_FALSE,NH2-OVERLAP-MIXED_SAT-R049_inad_3,REJECT_INADMISSIBLE,EXECUTE_ONLY_IF_R3_MEASURES_INADMISSIBLE_COST,NEEDS_WAREHOUSE_BINDING_R3
NH2-OVERLAP-MIXED_SAT-R049,test,21,NH2-OVERLAP-MIXED_SAT-R049-Q21-INAD_2,INADMISSIBLE,SAT_FALSE,NH2-OVERLAP-MIXED_SAT-R049_inad_2,REJECT_INADMISSIBLE,EXECUTE_ONLY_IF_R3_MEASURES_INADMISSIBLE_COST,NEEDS_WAREHOUSE_BINDING_R3
NH2-OVERLAP-MIXED_SAT-R050,test,2,NH2-OVERLAP-MIXED_SAT-R050-Q02-INAD_2,INADMISSIBLE,SAT_FALSE,NH2-OVERLAP-MIXED_SAT-R050_inad_2,REJECT_INADMISSIBLE,EXECUTE_ONLY_IF_R3_MEASURES_INADMISSIBLE_COST,NEEDS_WAREHOUSE_BINDING_R3
NH2-OVERLAP-MIXED_SAT-R050,test,5,NH2-OVERLAP-MIXED_SAT-R050-Q05-INAD_1,INADMISSIBLE,SAT_FALSE,NH2-OVERLAP-MIXED_SAT-R050_inad_1,REJECT_INADMISSIBLE,EXECUTE_ONLY_IF_R3_MEASURES_INADMISSIBLE_COST,NEEDS_WAREHOUSE_BINDING_R3
NH2-OVERLAP-MIXED_SAT-R050,test,6,NH2-OVERLAP-MIXED_SAT-R050-Q06-INAD_4,INADMISSIBLE,SAT_FALSE,NH2-OVERLAP-MIXED_SAT-R050_inad_4,REJECT_INADMISSIBLE,EXECUTE_ONLY_IF_R3_MEASURES_INADMISSIBLE_COST,NEEDS_WAREHOUSE_BINDING_R3
NH2-OVERLAP-MIXED_SAT-R050,test,9,NH2-OVERLAP-MIXED_SAT-R050-Q09-INAD_3,INADMISSIBLE,SAT_FALSE,NH2-OVERLAP-MIXED_SAT-R050_inad_3,REJECT_INADMISSIBLE,EXECUTE_ONLY_IF_R3_MEASURES_INADMISSIBLE_COST,NEEDS_WAREHOUSE_BINDING_R3
NH2-OVERLAP-MIXED_SAT-R050,test,17,NH2-OVERLAP-MIXED_SAT-R050-Q17-INAD_0,INADMISSIBLE,SAT_FALSE,NH2-OVERLAP-MIXED_SAT-R050_inad_0,REJECT_INADMISSIBLE,EXECUTE_ONLY_IF_R3_MEASURES_INADMISSIBLE_COST,NEEDS_WAREHOUSE_BINDING_R3
NH2-OVERLAP-MIXED_SAT-R051,test,5,NH2-OVERLAP-MIXED_SAT-R051-Q05-INAD_3,INADMISSIBLE,SAT_FALSE,NH2-OVERLAP-MIXED_SAT-R051_inad_3,REJECT_INADMISSIBLE,EXECUTE_ONLY_IF_R3_MEASURES_INADMISSIBLE_COST,NEEDS_WAREHOUSE_BINDING_R3
NH2-OVERLAP-MIXED_SAT-R051,test,15,NH2-OVERLAP-MIXED_SAT-R051-Q15-INAD_4,INADMISSIBLE,SAT_FALSE,NH2-OVERLAP-MIXED_SAT-R051_inad_4,REJECT_INADMISSIBLE,EXECUTE_ONLY_IF_R3_MEASURES_INADMISSIBLE_COST,NEEDS_WAREHOUSE_BINDING_R3
NH2-OVERLAP-MIXED_SAT-R051,test,16,NH2-OVERLAP-MIXED_SAT-R051-Q16-INAD_1,INADMISSIBLE,SAT_FALSE,NH2-OVERLAP-MIXED_SAT-R051_inad_1,REJECT_INADMISSIBLE,EXECUTE_ONLY_IF_R3_MEASURES_INADMISSIBLE_COST,NEEDS_WAREHOUSE_BINDING_R3
NH2-OVERLAP-MIXED_SAT-R051,test,21,NH2-OVERLAP-MIXED_SAT-R051-Q21-INAD_0,INADMISSIBLE,SAT_FALSE,NH2-OVERLAP-MIXED_SAT-R051_inad_0,REJECT_INADMISSIBLE,EXECUTE_ONLY_IF_R3_MEASURES_INADMISSIBLE_COST,NEEDS_WAREHOUSE_BINDING_R3
NH2-OVERLAP-MIXED_SAT-R051,test,23,NH2-OVERLAP-MIXED_SAT-R051-Q23-INAD_2,INADMISSIBLE,SAT_FALSE,NH2-OVERLAP-MIXED_SAT-R051_inad_2,REJECT_INADMISSIBLE,EXECUTE_ONLY_IF_R3_MEASURES_INADMISSIBLE_COST,NEEDS_WAREHOUSE_BINDING_R3
NH2-OVERLAP-MIXED_SAT-R052,test,1,NH2-OVERLAP-MIXED_SAT-R052-Q01-INAD_0,INADMISSIBLE,SAT_FALSE,NH2-OVERLAP-MIXED_SAT-R052_inad_0,REJECT_INADMISSIBLE,EXECUTE_ONLY_IF_R3_MEASURES_INADMISSIBLE_COST,NEEDS_WAREHOUSE_BINDING_R3
NH2-OVERLAP-MIXED_SAT-R052,test,6,NH2-OVERLAP-MIXED_SAT-R052-Q06-INAD_2,INADMISSIBLE,SAT_FALSE,NH2-OVERLAP-MIXED_SAT-R052_inad_2,REJECT_INADMISSIBLE,EXECUTE_ONLY_IF_R3_MEASURES_INADMISSIBLE_COST,NEEDS_WAREHOUSE_BINDING_R3
NH2-OVERLAP-MIXED_SAT-R052,test,12,NH2-OVERLAP-MIXED_SAT-R052-Q12-INAD_4,INADMISSIBLE,SAT_FALSE,NH2-OVERLAP-MIXED_SAT-R052_inad_4,REJECT_INADMISSIBLE,EXECUTE_ONLY_IF_R3_MEASURES_INADMISSIBLE_COST,NEEDS_WAREHOUSE_BINDING_R3
NH2-OVERLAP-MIXED_SAT-R052,test,14,NH2-OVERLAP-MIXED_SAT-R052-Q14-INAD_1,INADMISSIBLE,SAT_FALSE,NH2-OVERLAP-MIXED_SAT-R052_inad_1,REJECT_INADMISSIBLE,EXECUTE_ONLY_IF_R3_MEASURES_INADMISSIBLE_COST,NEEDS_WAREHOUSE_BINDING_R3
NH2-OVERLAP-MIXED_SAT-R052,test,15,NH2-OVERLAP-MIXED_SAT-R052-Q15-INAD_3,INADMISSIBLE,SAT_FALSE,NH2-OVERLAP-MIXED_SAT-R052_inad_3,REJECT_INADMISSIBLE,EXECUTE_ONLY_IF_R3_MEASURES_INADMISSIBLE_COST,NEEDS_WAREHOUSE_BINDING_R3
NH2-OVERLAP-MIXED_SAT-R053,test,3,NH2-OVERLAP-MIXED_SAT-R053-Q03-INAD_2,INADMISSIBLE,SAT_FALSE,NH2-OVERLAP-MIXED_SAT-R053_inad_2,REJECT_INADMISSIBLE,EXECUTE_ONLY_IF_R3_MEASURES_INADMISSIBLE_COST,NEEDS_WAREHOUSE_BINDING_R3
NH2-OVERLAP-MIXED_SAT-R053,test,8,NH2-OVERLAP-MIXED_SAT-R053-Q08-INAD_0,INADMISSIBLE,SAT_FALSE,NH2-OVERLAP-MIXED_SAT-R053_inad_0,REJECT_INADMISSIBLE,EXECUTE_ONLY_IF_R3_MEASURES_INADMISSIBLE_COST,NEEDS_WAREHOUSE_BINDING_R3
NH2-OVERLAP-MIXED_SAT-R053,test,9,NH2-OVERLAP-MIXED_SAT-R053-Q09-INAD_3,INADMISSIBLE,SAT_FALSE,NH2-OVERLAP-MIXED_SAT-R053_inad_3,REJECT_INADMISSIBLE,EXECUTE_ONLY_IF_R3_MEASURES_INADMISSIBLE_COST,NEEDS_WAREHOUSE_BINDING_R3
NH2-OVERLAP-MIXED_SAT-R053,test,16,NH2-OVERLAP-MIXED_SAT-R053-Q16-INAD_1,INADMISSIBLE,SAT_FALSE,NH2-OVERLAP-MIXED_SAT-R053_inad_1,REJECT_INADMISSIBLE,EXECUTE_ONLY_IF_R3_MEASURES_INADMISSIBLE_COST,NEEDS_WAREHOUSE_BINDING_R3
NH2-OVERLAP-MIXED_SAT-R053,test,21,NH2-OVERLAP-MIXED_SAT-R053-Q21-INAD_4,INADMISSIBLE,SAT_FALSE,NH2-OVERLAP-MIXED_SAT-R053_inad_4,REJECT_INADMISSIBLE,EXECUTE_ONLY_IF_R3_MEASURES_INADMISSIBLE_COST,NEEDS_WAREHOUSE_BINDING_R3
NH2-OVERLAP-MIXED_SAT-R054,test,4,NH2-OVERLAP-MIXED_SAT-R054-Q04-INAD_3,INADMISSIBLE,SAT_FALSE,NH2-OVERLAP-MIXED_SAT-R054_inad_3,REJECT_INADMISSIBLE,EXECUTE_ONLY_IF_R3_MEASURES_INADMISSIBLE_COST,NEEDS_WAREHOUSE_BINDING_R3
NH2-OVERLAP-MIXED_SAT-R054,test,5,NH2-OVERLAP-MIXED_SAT-R054-Q05-INAD_1,INADMISSIBLE,SAT_FALSE,NH2-OVERLAP-MIXED_SAT-R054_inad_1,REJECT_INADMISSIBLE,EXECUTE_ONLY_IF_R3_MEASURES_INADMISSIBLE_COST,NEEDS_WAREHOUSE_BINDING_R3
NH2-OVERLAP-MIXED_SAT-R054,test,6,NH2-OVERLAP-MIXED_SAT-R054-Q06-INAD_4,INADMISSIBLE,SAT_FALSE,NH2-OVERLAP-MIXED_SAT-R054_inad_4,REJECT_INADMISSIBLE,EXECUTE_ONLY_IF_R3_MEASURES_INADMISSIBLE_COST,NEEDS_WAREHOUSE_BINDING_R3
NH2-OVERLAP-MIXED_SAT-R054,test,12,NH2-OVERLAP-MIXED_SAT-R054-Q12-INAD_2,INADMISSIBLE,SAT_FALSE,NH2-OVERLAP-MIXED_SAT-R054_inad_2,REJECT_INADMISSIBLE,EXECUTE_ONLY_IF_R3_MEASURES_INADMISSIBLE_COST,NEEDS_WAREHOUSE_BINDING_R3
NH2-OVERLAP-MIXED_SAT-R054,test,24,NH2-OVERLAP-MIXED_SAT-R054-Q24-INAD_0,INADMISSIBLE,SAT_FALSE,NH2-OVERLAP-MIXED_SAT-R054_inad_0,REJECT_INADMISSIBLE,EXECUTE_ONLY_IF_R3_MEASURES_INADMISSIBLE_COST,NEEDS_WAREHOUSE_BINDING_R3
NH2-OVERLAP-MIXED_SAT-R055,test,1,NH2-OVERLAP-MIXED_SAT-R055-Q01-INAD_0,INADMISSIBLE,SAT_FALSE,NH2-OVERLAP-MIXED_SAT-R055_inad_0,REJECT_INADMISSIBLE,EXECUTE_ONLY_IF_R3_MEASURES_INADMISSIBLE_COST,NEEDS_WAREHOUSE_BINDING_R3
NH2-OVERLAP-MIXED_SAT-R055,test,4,NH2-OVERLAP-MIXED_SAT-R055-Q04-INAD_1,INADMISSIBLE,SAT_FALSE,NH2-OVERLAP-MIXED_SAT-R055_inad_1,REJECT_INADMISSIBLE,EXECUTE_ONLY_IF_R3_MEASURES_INADMISSIBLE_COST,NEEDS_WAREHOUSE_BINDING_R3
NH2-OVERLAP-MIXED_SAT-R055,test,5,NH2-OVERLAP-MIXED_SAT-R055-Q05-INAD_2,INADMISSIBLE,SAT_FALSE,NH2-OVERLAP-MIXED_SAT-R055_inad_2,REJECT_INADMISSIBLE,EXECUTE_ONLY_IF_R3_MEASURES_INADMISSIBLE_COST,NEEDS_WAREHOUSE_BINDING_R3
NH2-OVERLAP-MIXED_SAT-R055,test,6,NH2-OVERLAP-MIXED_SAT-R055-Q06-INAD_3,INADMISSIBLE,SAT_FALSE,NH2-OVERLAP-MIXED_SAT-R055_inad_3,REJECT_INADMISSIBLE,EXECUTE_ONLY_IF_R3_MEASURES_INADMISSIBLE_COST,NEEDS_WAREHOUSE_BINDING_R3
NH2-OVERLAP-MIXED_SAT-R055,test,9,NH2-OVERLAP-MIXED_SAT-R055-Q09-INAD_4,INADMISSIBLE,SAT_FALSE,NH2-OVERLAP-MIXED_SAT-R055_inad_4,REJECT_INADMISSIBLE,EXECUTE_ONLY_IF_R3_MEASURES_INADMISSIBLE_COST,NEEDS_WAREHOUSE_BINDING_R3
NH2-OVERLAP-MIXED_SAT-R056,test,1,NH2-OVERLAP-MIXED_SAT-R056-Q01-INAD_2,INADMISSIBLE,SAT_FALSE,NH2-OVERLAP-MIXED_SAT-R056_inad_2,REJECT_INADMISSIBLE,EXECUTE_ONLY_IF_R3_MEASURES_INADMISSIBLE_COST,NEEDS_WAREHOUSE_BINDING_R3
NH2-OVERLAP-MIXED_SAT-R056,test,4,NH2-OVERLAP-MIXED_SAT-R056-Q04-INAD_3,INADMISSIBLE,SAT_FALSE,NH2-OVERLAP-MIXED_SAT-R056_inad_3,REJECT_INADMISSIBLE,EXECUTE_ONLY_IF_R3_MEASURES_INADMISSIBLE_COST,NEEDS_WAREHOUSE_BINDING_R3
NH2-OVERLAP-MIXED_SAT-R056,test,6,NH2-OVERLAP-MIXED_SAT-R056-Q06-INAD_4,INADMISSIBLE,SAT_FALSE,NH2-OVERLAP-MIXED_SAT-R056_inad_4,REJECT_INADMISSIBLE,EXECUTE_ONLY_IF_R3_MEASURES_INADMISSIBLE_COST,NEEDS_WAREHOUSE_BINDING_R3
NH2-OVERLAP-MIXED_SAT-R056,test,10,NH2-OVERLAP-MIXED_SAT-R056-Q10-INAD_1,INADMISSIBLE,SAT_FALSE,NH2-OVERLAP-MIXED_SAT-R056_inad_1,REJECT_INADMISSIBLE,EXECUTE_ONLY_IF_R3_MEASURES_INADMISSIBLE_COST,NEEDS_WAREHOUSE_BINDING_R3
NH2-OVERLAP-MIXED_SAT-R056,test,19,NH2-OVERLAP-MIXED_SAT-R056-Q19-INAD_0,INADMISSIBLE,SAT_FALSE,NH2-OVERLAP-MIXED_SAT-R056_inad_0,REJECT_INADMISSIBLE,EXECUTE_ONLY_IF_R3_MEASURES_INADMISSIBLE_COST,NEEDS_WAREHOUSE_BINDING_R3
NH2-OVERLAP-MIXED_SAT-R057,test,2,NH2-OVERLAP-MIXED_SAT-R057-Q02-INAD_0,INADMISSIBLE,SAT_FALSE,NH2-OVERLAP-MIXED_SAT-R057_inad_0,REJECT_INADMISSIBLE,EXECUTE_ONLY_IF_R3_MEASURES_INADMISSIBLE_COST,NEEDS_WAREHOUSE_BINDING_R3
NH2-OVERLAP-MIXED_SAT-R057,test,5,NH2-OVERLAP-MIXED_SAT-R057-Q05-INAD_4,INADMISSIBLE,SAT_FALSE,NH2-OVERLAP-MIXED_SAT-R057_inad_4,REJECT_INADMISSIBLE,EXECUTE_ONLY_IF_R3_MEASURES_INADMISSIBLE_COST,NEEDS_WAREHOUSE_BINDING_R3
NH2-OVERLAP-MIXED_SAT-R057,test,6,NH2-OVERLAP-MIXED_SAT-R057-Q06-INAD_1,INADMISSIBLE,SAT_FALSE,NH2-OVERLAP-MIXED_SAT-R057_inad_1,REJECT_INADMISSIBLE,EXECUTE_ONLY_IF_R3_MEASURES_INADMISSIBLE_COST,NEEDS_WAREHOUSE_BINDING_R3
NH2-OVERLAP-MIXED_SAT-R057,test,14,NH2-OVERLAP-MIXED_SAT-R057-Q14-INAD_2,INADMISSIBLE,SAT_FALSE,NH2-OVERLAP-MIXED_SAT-R057_inad_2,REJECT_INADMISSIBLE,EXECUTE_ONLY_IF_R3_MEASURES_INADMISSIBLE_COST,NEEDS_WAREHOUSE_BINDING_R3
NH2-OVERLAP-MIXED_SAT-R057,test,23,NH2-OVERLAP-MIXED_SAT-R057-Q23-INAD_3,INADMISSIBLE,SAT_FALSE,NH2-OVERLAP-MIXED_SAT-R057_inad_3,REJECT_INADMISSIBLE,EXECUTE_ONLY_IF_R3_MEASURES_INADMISSIBLE_COST,NEEDS_WAREHOUSE_BINDING_R3
NH2-OVERLAP-MIXED_SAT-R058,test,5,NH2-OVERLAP-MIXED_SAT-R058-Q05-INAD_4,INADMISSIBLE,SAT_FALSE,NH2-OVERLAP-MIXED_SAT-R058_inad_4,REJECT_INADMISSIBLE,EXECUTE_ONLY_IF_R3_MEASURES_INADMISSIBLE_COST,NEEDS_WAREHOUSE_BINDING_R3
NH2-OVERLAP-MIXED_SAT-R058,test,8,NH2-OVERLAP-MIXED_SAT-R058-Q08-INAD_2,INADMISSIBLE,SAT_FALSE,NH2-OVERLAP-MIXED_SAT-R058_inad_2,REJECT_INADMISSIBLE,EXECUTE_ONLY_IF_R3_MEASURES_INADMISSIBLE_COST,NEEDS_WAREHOUSE_BINDING_R3
NH2-OVERLAP-MIXED_SAT-R058,test,11,NH2-OVERLAP-MIXED_SAT-R058-Q11-INAD_0,INADMISSIBLE,SAT_FALSE,NH2-OVERLAP-MIXED_SAT-R058_inad_0,REJECT_INADMISSIBLE,EXECUTE_ONLY_IF_R3_MEASURES_INADMISSIBLE_COST,NEEDS_WAREHOUSE_BINDING_R3
NH2-OVERLAP-MIXED_SAT-R058,test,17,NH2-OVERLAP-MIXED_SAT-R058-Q17-INAD_1,INADMISSIBLE,SAT_FALSE,NH2-OVERLAP-MIXED_SAT-R058_inad_1,REJECT_INADMISSIBLE,EXECUTE_ONLY_IF_R3_MEASURES_INADMISSIBLE_COST,NEEDS_WAREHOUSE_BINDING_R3
NH2-OVERLAP-MIXED_SAT-R058,test,20,NH2-OVERLAP-MIXED_SAT-R058-Q20-INAD_3,INADMISSIBLE,SAT_FALSE,NH2-OVERLAP-MIXED_SAT-R058_inad_3,REJECT_INADMISSIBLE,EXECUTE_ONLY_IF_R3_MEASURES_INADMISSIBLE_COST,NEEDS_WAREHOUSE_BINDING_R3
NH2-OVERLAP-MIXED_SAT-R059,test,4,NH2-OVERLAP-MIXED_SAT-R059-Q04-INAD_1,INADMISSIBLE,SAT_FALSE,NH2-OVERLAP-MIXED_SAT-R059_inad_1,REJECT_INADMISSIBLE,EXECUTE_ONLY_IF_R3_MEASURES_INADMISSIBLE_COST,NEEDS_WAREHOUSE_BINDING_R3
NH2-OVERLAP-MIXED_SAT-R059,test,7,NH2-OVERLAP-MIXED_SAT-R059-Q07-INAD_4,INADMISSIBLE,SAT_FALSE,NH2-OVERLAP-MIXED_SAT-R059_inad_4,REJECT_INADMISSIBLE,EXECUTE_ONLY_IF_R3_MEASURES_INADMISSIBLE_COST,NEEDS_WAREHOUSE_BINDING_R3
NH2-OVERLAP-MIXED_SAT-R059,test,8,NH2-OVERLAP-MIXED_SAT-R059-Q08-INAD_3,INADMISSIBLE,SAT_FALSE,NH2-OVERLAP-MIXED_SAT-R059_inad_3,REJECT_INADMISSIBLE,EXECUTE_ONLY_IF_R3_MEASURES_INADMISSIBLE_COST,NEEDS_WAREHOUSE_BINDING_R3
NH2-OVERLAP-MIXED_SAT-R059,test,16,NH2-OVERLAP-MIXED_SAT-R059-Q16-INAD_2,INADMISSIBLE,SAT_FALSE,NH2-OVERLAP-MIXED_SAT-R059_inad_2,REJECT_INADMISSIBLE,EXECUTE_ONLY_IF_R3_MEASURES_INADMISSIBLE_COST,NEEDS_WAREHOUSE_BINDING_R3
NH2-OVERLAP-MIXED_SAT-R059,test,21,NH2-OVERLAP-MIXED_SAT-R059-Q21-INAD_0,INADMISSIBLE,SAT_FALSE,NH2-OVERLAP-MIXED_SAT-R059_inad_0,REJECT_INADMISSIBLE,EXECUTE_ONLY_IF_R3_MEASURES_INADMISSIBLE_COST,NEEDS_WAREHOUSE_BINDING_R3
NH2-OVERLAP-MIXED_SAT-R060,test,2,NH2-OVERLAP-MIXED_SAT-R060-Q02-INAD_0,INADMISSIBLE,SAT_FALSE,NH2-OVERLAP-MIXED_SAT-R060_inad_0,REJECT_INADMISSIBLE,EXECUTE_ONLY_IF_R3_MEASURES_INADMISSIBLE_COST,NEEDS_WAREHOUSE_BINDING_R3
NH2-OVERLAP-MIXED_SAT-R060,test,6,NH2-OVERLAP-MIXED_SAT-R060-Q06-INAD_3,INADMISSIBLE,SAT_FALSE,NH2-OVERLAP-MIXED_SAT-R060_inad_3,REJECT_INADMISSIBLE,EXECUTE_ONLY_IF_R3_MEASURES_INADMISSIBLE_COST,NEEDS_WAREHOUSE_BINDING_R3
NH2-OVERLAP-MIXED_SAT-R060,test,13,NH2-OVERLAP-MIXED_SAT-R060-Q13-INAD_4,INADMISSIBLE,SAT_FALSE,NH2-OVERLAP-MIXED_SAT-R060_inad_4,REJECT_INADMISSIBLE,EXECUTE_ONLY_IF_R3_MEASURES_INADMISSIBLE_COST,NEEDS_WAREHOUSE_BINDING_R3
NH2-OVERLAP-MIXED_SAT-R060,test,20,NH2-OVERLAP-MIXED_SAT-R060-Q20-INAD_2,INADMISSIBLE,SAT_FALSE,NH2-OVERLAP-MIXED_SAT-R060_inad_2,REJECT_INADMISSIBLE,EXECUTE_ONLY_IF_R3_MEASURES_INADMISSIBLE_COST,NEEDS_WAREHOUSE_BINDING_R3
NH2-OVERLAP-MIXED_SAT-R060,test,22,NH2-OVERLAP-MIXED_SAT-R060-Q22-INAD_1,INADMISSIBLE,SAT_FALSE,NH2-OVERLAP-MIXED_SAT-R060_inad_1,REJECT_INADMISSIBLE,EXECUTE_ONLY_IF_R3_MEASURES_INADMISSIBLE_COST,NEEDS_WAREHOUSE_BINDING_R3
