policy;scenario_id;scenario_label;scenario_type;n_steps;n_executed;phi_final;auc_phi;time_to_0_8;time_to_0_9;false_allow;false_block;executed_non_contrib;false_allow_rate;false_block_rate;non_contrib_exec_rate;sat_fail_rate;real_empty_rate;ceval_empty_rate;latency_mean_ms;latency_p50_ms;latency_p95_ms;latency_p99_ms;latency_cold_p50_ms;latency_warm_p50_ms;repeat_id
mcad;happy_guided_article_short;Happy – parcours guidé article (c1 → c2 → c3);happy;3;3;1.0;0.666667;3;3;0;0;0;0.0;0.0;0.0;0.0;0.0;0.0;0.290967;0.2898;0.33003;0.333606;0.2898;0.29155;0
baseline_naive;happy_guided_article_short;Happy – parcours guidé article (c1 → c2 → c3);happy;3;3;1.0;0.666667;3;3;0;0;0;0.0;0.0;0.0;0.0;0.0;0.0;0.000733;0.0005;0.00122;0.001284;0.0013;0.00045;0
baseline_measure_overlap;happy_guided_article_short;Happy – parcours guidé article (c1 → c2 → c3);happy;3;3;1.0;0.666667;3;3;0;0;0;0.0;0.0;0.0;0.0;0.0;0.0;0.010867;0.0074;0.01874;0.019748;0.02;0.0063;0
ablation_no_sat;happy_guided_article_short;Happy – parcours guidé article (c1 → c2 → c3);happy;3;3;1.0;0.666667;3;3;0;0;0;0.0;0.0;0.0;0.0;0.0;0.0;0.2908;0.2897;0.32912;0.332624;0.2897;0.29135;0
ablation_no_real;happy_guided_article_short;Happy – parcours guidé article (c1 → c2 → c3);happy;3;3;1.0;0.666667;3;3;0;0;0;0.0;0.0;0.0;0.0;0.0;0.0;0.499833;0.4744;0.58456;0.594352;0.4744;0.51255;0
ablation_ceval_any_intersection;happy_guided_article_short;Happy – parcours guidé article (c1 → c2 → c3);happy;3;3;1.0;0.666667;3;3;0;0;0;0.0;0.0;0.0;0.0;0.0;0.0;0.296567;0.3002;0.33845;0.34185;0.3002;0.29475;0
baseline_random_matched;happy_guided_article_short;Happy – parcours guidé article (c1 → c2 → c3);happy;3;2;0.666667;0.333333;;;0;1;0;0.0;0.333333;0.0;0.0;0.0;0.0;0.001867;0.0011;0.00362;0.003844;0.0039;0.00085;0
mcad;happy_guided_reordered;Happy – même objectif mais ordre différent (c3 → c1 → c2);happy;3;3;1.0;0.666667;3;3;0;0;0;0.0;0.0;0.0;0.0;0.0;0.0;0.290267;0.2506;0.35797;0.367514;0.3699;0.25045;0
baseline_naive;happy_guided_reordered;Happy – même objectif mais ordre différent (c3 → c1 → c2);happy;3;3;1.0;0.666667;3;3;0;0;0;0.0;0.0;0.0;0.0;0.0;0.0;0.0006;0.0005;0.00086;0.000892;0.0009;0.00045;0
baseline_measure_overlap;happy_guided_reordered;Happy – même objectif mais ordre différent (c3 → c1 → c2);happy;3;3;1.0;0.666667;3;3;0;0;0;0.0;0.0;0.0;0.0;0.0;0.0;0.0075;0.0052;0.01222;0.012844;0.013;0.00475;0
ablation_no_sat;happy_guided_reordered;Happy – même objectif mais ordre différent (c3 → c1 → c2);happy;3;3;1.0;0.666667;3;3;0;0;0;0.0;0.0;0.0;0.0;0.0;0.0;0.290433;0.2507;0.3668;0.37712;0.3797;0.2458;0
ablation_no_real;happy_guided_reordered;Happy – même objectif mais ordre différent (c3 → c1 → c2);happy;3;3;1.0;0.666667;3;3;0;0;0;0.0;0.0;0.0;0.0;0.0;0.0;0.512667;0.5153;0.58262;0.588604;0.5901;0.47395;0
ablation_ceval_any_intersection;happy_guided_reordered;Happy – même objectif mais ordre différent (c3 → c1 → c2);happy;3;3;1.0;0.666667;3;3;0;0;0;0.0;0.0;0.0;0.0;0.0;0.0;0.2885;0.2494;0.36343;0.373566;0.3761;0.2447;0
baseline_random_matched;happy_guided_reordered;Happy – même objectif mais ordre différent (c3 → c1 → c2);happy;3;2;0.666667;0.444444;;;0;1;0;0.0;0.333333;0.0;0.0;0.0;0.0;0.001333;0.0008;0.00251;0.002662;0.0027;0.00065;0
mcad;happy_guided_compact;Happy – parcours compact guidé;happy;3;3;1.0;0.666667;3;3;0;0;0;0.0;0.0;0.0;0.0;0.0;0.0;0.464333;0.4381;0.5335;0.54198;0.4381;0.47745;0
baseline_naive;happy_guided_compact;Happy – parcours compact guidé;happy;3;3;1.0;0.666667;3;3;0;0;0;0.0;0.0;0.0;0.0;0.0;0.0;0.0007;0.0005;0.00104;0.001088;0.0011;0.0005;0
baseline_measure_overlap;happy_guided_compact;Happy – parcours compact guidé;happy;3;3;1.0;0.666667;3;3;0;0;0;0.0;0.0;0.0;0.0;0.0;0.0;0.007933;0.006;0.01248;0.013056;0.0132;0.0053;0
ablation_no_sat;happy_guided_compact;Happy – parcours compact guidé;happy;3;3;1.0;0.666667;3;3;0;0;0;0.0;0.0;0.0;0.0;0.0;0.0;0.2956;0.3024;0.33642;0.339444;0.3024;0.2922;0
ablation_no_real;happy_guided_compact;Happy – parcours compact guidé;happy;3;3;1.0;0.666667;3;3;0;0;0;0.0;0.0;0.0;0.0;0.0;0.0;0.498367;0.4812;0.56859;0.576358;0.4812;0.50695;0
ablation_ceval_any_intersection;happy_guided_compact;Happy – parcours compact guidé;happy;3;3;1.0;0.666667;3;3;0;0;0;0.0;0.0;0.0;0.0;0.0;0.0;0.286533;0.2754;0.32769;0.332338;0.2754;0.2921;0
baseline_random_matched;happy_guided_compact;Happy – parcours compact guidé;happy;3;2;0.666667;0.555556;;;0;1;0;0.0;0.333333;0.0;0.0;0.0;0.0;0.0013;0.0008;0.00242;0.002564;0.0026;0.00065;0
mcad;border_growth_partial_1998_only;Border – croissance partielle 1998 seulement;border;1;0;0.0;0.0;;;0;0;0;0.0;0.0;0.0;0.0;0.0;1.0;0.3411;0.3411;0.3411;0.3411;0.3411;0.0;0
baseline_naive;border_growth_partial_1998_only;Border – croissance partielle 1998 seulement;border;1;1;0.0;0.0;;;1;0;1;1.0;0.0;1.0;0.0;0.0;0.0;0.0009;0.0009;0.0009;0.0009;0.0009;0.0;0
baseline_measure_overlap;border_growth_partial_1998_only;Border – croissance partielle 1998 seulement;border;1;1;0.0;0.0;;;1;0;1;1.0;0.0;1.0;0.0;0.0;0.0;0.0133;0.0133;0.0133;0.0133;0.0133;0.0;0
ablation_no_sat;border_growth_partial_1998_only;Border – croissance partielle 1998 seulement;border;1;0;0.0;0.0;;;0;0;0;0.0;0.0;0.0;0.0;0.0;1.0;0.5956;0.5956;0.5956;0.5956;0.5956;0.0;0
ablation_no_real;border_growth_partial_1998_only;Border – croissance partielle 1998 seulement;border;1;1;0.0;0.0;;;1;0;1;1.0;0.0;1.0;0.0;0.0;1.0;0.6048;0.6048;0.6048;0.6048;0.6048;0.0;0
ablation_ceval_any_intersection;border_growth_partial_1998_only;Border – croissance partielle 1998 seulement;border;1;1;0.0;0.0;;;1;0;1;1.0;0.0;1.0;0.0;0.0;0.0;0.3435;0.3435;0.3435;0.3435;0.3435;0.0;0
baseline_random_matched;border_growth_partial_1998_only;Border – croissance partielle 1998 seulement;border;1;1;0.0;0.0;;;1;0;1;1.0;0.0;1.0;0.0;0.0;0.0;0.0032;0.0032;0.0032;0.0032;0.0032;0.0;0
mcad;border_margin_wrong_grain;Border – marge avec grain trop grossier;border;1;0;0.0;0.0;;;0;0;0;0.0;0.0;0.0;1.0;0.0;0.0;0.2006;0.2006;0.2006;0.2006;0.2006;0.0;0
baseline_naive;border_margin_wrong_grain;Border – marge avec grain trop grossier;border;1;1;0.0;0.0;;;1;0;1;1.0;0.0;1.0;0.0;0.0;0.0;0.0012;0.0012;0.0012;0.0012;0.0012;0.0;0
baseline_measure_overlap;border_margin_wrong_grain;Border – marge avec grain trop grossier;border;1;1;0.0;0.0;;;1;0;1;1.0;0.0;1.0;0.0;0.0;0.0;0.0145;0.0145;0.0145;0.0145;0.0145;0.0;0
ablation_no_sat;border_margin_wrong_grain;Border – marge avec grain trop grossier;border;1;0;0.0;0.0;;;0;0;0;0.0;0.0;0.0;1.0;0.0;0.0;0.2855;0.2855;0.2855;0.2855;0.2855;0.0;0
ablation_no_real;border_margin_wrong_grain;Border – marge avec grain trop grossier;border;1;0;0.0;0.0;;;0;0;0;0.0;0.0;0.0;1.0;0.0;0.0;0.3282;0.3282;0.3282;0.3282;0.3282;0.0;0
ablation_ceval_any_intersection;border_margin_wrong_grain;Border – marge avec grain trop grossier;border;1;0;0.0;0.0;;;0;0;0;0.0;0.0;0.0;1.0;0.0;0.0;0.2;0.2;0.2;0.2;0.2;0.0;0
baseline_random_matched;border_margin_wrong_grain;Border – marge avec grain trop grossier;border;1;0;0.0;0.0;;;0;0;0;0.0;0.0;0.0;0.0;0.0;0.0;0.0034;0.0034;0.0034;0.0034;0.0034;0.0;0
mcad;border_stockout_missing_store;Border – rupture sans grain magasin;border;1;0;0.0;0.0;;;0;0;0;0.0;0.0;0.0;1.0;0.0;0.0;0.2077;0.2077;0.2077;0.2077;0.2077;0.0;0
baseline_naive;border_stockout_missing_store;Border – rupture sans grain magasin;border;1;1;0.0;0.0;;;1;0;1;1.0;0.0;1.0;0.0;0.0;0.0;0.001;0.001;0.001;0.001;0.001;0.0;0
baseline_measure_overlap;border_stockout_missing_store;Border – rupture sans grain magasin;border;1;1;0.0;0.0;;;1;0;1;1.0;0.0;1.0;0.0;0.0;0.0;0.0136;0.0136;0.0136;0.0136;0.0136;0.0;0
ablation_no_sat;border_stockout_missing_store;Border – rupture sans grain magasin;border;1;0;0.0;0.0;;;0;0;0;0.0;0.0;0.0;1.0;0.0;0.0;0.2768;0.2768;0.2768;0.2768;0.2768;0.0;0
ablation_no_real;border_stockout_missing_store;Border – rupture sans grain magasin;border;1;0;0.0;0.0;;;0;0;0;0.0;0.0;0.0;1.0;0.0;0.0;0.2038;0.2038;0.2038;0.2038;0.2038;0.0;0
ablation_ceval_any_intersection;border_stockout_missing_store;Border – rupture sans grain magasin;border;1;0;0.0;0.0;;;0;0;0;0.0;0.0;0.0;1.0;0.0;0.0;0.3552;0.3552;0.3552;0.3552;0.3552;0.0;0
baseline_random_matched;border_stockout_missing_store;Border – rupture sans grain magasin;border;1;1;0.0;0.0;;;1;0;1;1.0;0.0;1.0;0.0;0.0;0.0;0.0038;0.0038;0.0038;0.0038;0.0038;0.0;0
mcad;adversarial_wrong_region;Adversarial – bonne mesure mais mauvaise région;adversarial;1;0;0.0;0.0;;;0;0;0;0.0;0.0;0.0;1.0;0.0;0.0;0.1851;0.1851;0.1851;0.1851;0.1851;0.0;0
baseline_naive;adversarial_wrong_region;Adversarial – bonne mesure mais mauvaise région;adversarial;1;1;0.0;0.0;;;1;0;1;1.0;0.0;1.0;0.0;0.0;0.0;0.0012;0.0012;0.0012;0.0012;0.0012;0.0;0
baseline_measure_overlap;adversarial_wrong_region;Adversarial – bonne mesure mais mauvaise région;adversarial;1;1;0.0;0.0;;;1;0;1;1.0;0.0;1.0;0.0;0.0;0.0;0.0209;0.0209;0.0209;0.0209;0.0209;0.0;0
ablation_no_sat;adversarial_wrong_region;Adversarial – bonne mesure mais mauvaise région;adversarial;1;0;0.0;0.0;;;0;0;0;0.0;0.0;0.0;1.0;0.0;0.0;0.3933;0.3933;0.3933;0.3933;0.3933;0.0;0
ablation_no_real;adversarial_wrong_region;Adversarial – bonne mesure mais mauvaise région;adversarial;1;0;0.0;0.0;;;0;0;0;0.0;0.0;0.0;1.0;0.0;0.0;0.3134;0.3134;0.3134;0.3134;0.3134;0.0;0
ablation_ceval_any_intersection;adversarial_wrong_region;Adversarial – bonne mesure mais mauvaise région;adversarial;1;0;0.0;0.0;;;0;0;0;0.0;0.0;0.0;1.0;0.0;0.0;0.1776;0.1776;0.1776;0.1776;0.1776;0.0;0
baseline_random_matched;adversarial_wrong_region;Adversarial – bonne mesure mais mauvaise région;adversarial;1;1;0.0;0.0;;;1;0;1;1.0;0.0;1.0;0.0;0.0;0.0;0.0038;0.0038;0.0038;0.0038;0.0038;0.0;0
mcad;adversarial_wrong_year;Adversarial – bonne structure mais mauvaise année;adversarial;1;0;0.0;0.0;;;0;0;0;0.0;0.0;0.0;1.0;0.0;0.0;0.2827;0.2827;0.2827;0.2827;0.2827;0.0;0
baseline_naive;adversarial_wrong_year;Adversarial – bonne structure mais mauvaise année;adversarial;1;1;0.0;0.0;;;1;0;1;1.0;0.0;1.0;0.0;0.0;0.0;0.0015;0.0015;0.0015;0.0015;0.0015;0.0;0
baseline_measure_overlap;adversarial_wrong_year;Adversarial – bonne structure mais mauvaise année;adversarial;1;1;0.0;0.0;;;1;0;1;1.0;0.0;1.0;0.0;0.0;0.0;0.0225;0.0225;0.0225;0.0225;0.0225;0.0;0
ablation_no_sat;adversarial_wrong_year;Adversarial – bonne structure mais mauvaise année;adversarial;1;0;0.0;0.0;;;0;0;0;0.0;0.0;0.0;1.0;0.0;0.0;0.3222;0.3222;0.3222;0.3222;0.3222;0.0;0
ablation_no_real;adversarial_wrong_year;Adversarial – bonne structure mais mauvaise année;adversarial;1;0;0.0;0.0;;;0;0;0;0.0;0.0;0.0;1.0;0.0;0.0;0.1939;0.1939;0.1939;0.1939;0.1939;0.0;0
ablation_ceval_any_intersection;adversarial_wrong_year;Adversarial – bonne structure mais mauvaise année;adversarial;1;0;0.0;0.0;;;0;0;0;0.0;0.0;0.0;1.0;0.0;0.0;0.168;0.168;0.168;0.168;0.168;0.0;0
baseline_random_matched;adversarial_wrong_year;Adversarial – bonne structure mais mauvaise année;adversarial;1;1;0.0;0.0;;;1;0;1;1.0;0.0;1.0;0.0;0.0;0.0;0.0028;0.0028;0.0028;0.0028;0.0028;0.0;0
mcad;adversarial_invalid_no_measures;Adversarial – requête invalide sans mesure;adversarial;1;0;0.0;0.0;;;0;0;0;0.0;0.0;0.0;1.0;0.0;0.0;0.0757;0.0757;0.0757;0.0757;0.0757;0.0;0
baseline_naive;adversarial_invalid_no_measures;Adversarial – requête invalide sans mesure;adversarial;1;1;0.0;0.0;;;1;0;1;1.0;0.0;1.0;0.0;0.0;0.0;0.0011;0.0011;0.0011;0.0011;0.0011;0.0;0
baseline_measure_overlap;adversarial_invalid_no_measures;Adversarial – requête invalide sans mesure;adversarial;1;0;0.0;0.0;;;0;0;0;0.0;0.0;0.0;0.0;0.0;0.0;0.0138;0.0138;0.0138;0.0138;0.0138;0.0;0
ablation_no_sat;adversarial_invalid_no_measures;Adversarial – requête invalide sans mesure;adversarial;1;0;0.0;0.0;;;0;0;0;0.0;0.0;0.0;1.0;0.0;0.0;0.0882;0.0882;0.0882;0.0882;0.0882;0.0;0
ablation_no_real;adversarial_invalid_no_measures;Adversarial – requête invalide sans mesure;adversarial;1;0;0.0;0.0;;;0;0;0;0.0;0.0;0.0;1.0;0.0;0.0;0.0804;0.0804;0.0804;0.0804;0.0804;0.0;0
ablation_ceval_any_intersection;adversarial_invalid_no_measures;Adversarial – requête invalide sans mesure;adversarial;1;0;0.0;0.0;;;0;0;0;0.0;0.0;0.0;1.0;0.0;0.0;0.073;0.073;0.073;0.073;0.073;0.0;0
baseline_random_matched;adversarial_invalid_no_measures;Adversarial – requête invalide sans mesure;adversarial;1;1;0.0;0.0;;;1;0;1;1.0;0.0;1.0;0.0;0.0;0.0;0.0029;0.0029;0.0029;0.0029;0.0029;0.0;0
mcad;stress_exploratory_then_useful;Stress – bruit exploratoire avant requête utile;stress;3;1;0.333333;0.111111;;;0;0;0;0.0;0.0;0.0;0.666667;0.0;0.0;0.2039;0.2003;0.25898;0.264196;0.2003;0.2057;0
baseline_naive;stress_exploratory_then_useful;Stress – bruit exploratoire avant requête utile;stress;3;3;0.333333;0.111111;;;2;0;2;0.666667;0.0;0.666667;0.0;0.0;0.0;0.000833;0.0006;0.00132;0.001384;0.0014;0.00055;0
baseline_measure_overlap;stress_exploratory_then_useful;Stress – bruit exploratoire avant requête utile;stress;3;3;0.333333;0.111111;;;2;0;2;0.666667;0.0;0.666667;0.0;0.0;0.0;0.008;0.0056;0.01325;0.01393;0.0141;0.00495;0
ablation_no_sat;stress_exploratory_then_useful;Stress – bruit exploratoire avant requête utile;stress;3;1;0.333333;0.111111;;;0;0;0;0.0;0.0;0.0;0.666667;0.0;0.0;0.267433;0.2572;0.35989;0.369018;0.3713;0.2155;0
ablation_no_real;stress_exploratory_then_useful;Stress – bruit exploratoire avant requête utile;stress;3;1;0.333333;0.111111;;;0;0;0;0.0;0.0;0.0;0.666667;0.0;0.0;0.200067;0.2008;0.2476;0.25176;0.2008;0.1997;0
ablation_ceval_any_intersection;stress_exploratory_then_useful;Stress – bruit exploratoire avant requête utile;stress;3;1;0.333333;0.111111;;;0;0;0;0.0;0.0;0.0;0.666667;0.0;0.0;0.198333;0.2054;0.24302;0.246364;0.2054;0.1948;0
baseline_random_matched;stress_exploratory_then_useful;Stress – bruit exploratoire avant requête utile;stress;3;3;0.333333;0.111111;;;2;0;2;0.666667;0.0;0.666667;0.0;0.0;0.0;0.0014;0.0006;0.00285;0.00305;0.0031;0.00055;0
mcad;happy_guided_article_short;Happy – parcours guidé article (c1 → c2 → c3);happy;3;3;1.0;0.666667;3;3;0;0;0;0.0;0.0;0.0;0.0;0.0;0.0;0.2883;0.2797;0.33415;0.33899;0.2797;0.2926;1
baseline_naive;happy_guided_article_short;Happy – parcours guidé article (c1 → c2 → c3);happy;3;3;1.0;0.666667;3;3;0;0;0;0.0;0.0;0.0;0.0;0.0;0.0;0.000733;0.0006;0.00105;0.00109;0.0011;0.00055;1
baseline_measure_overlap;happy_guided_article_short;Happy – parcours guidé article (c1 → c2 → c3);happy;3;3;1.0;0.666667;3;3;0;0;0;0.0;0.0;0.0;0.0;0.0;0.0;0.0079;0.0055;0.01324;0.013928;0.0141;0.0048;1
ablation_no_sat;happy_guided_article_short;Happy – parcours guidé article (c1 → c2 → c3);happy;3;3;1.0;0.666667;3;3;0;0;0;0.0;0.0;0.0;0.0;0.0;0.0;0.288867;0.2796;0.33567;0.340654;0.2796;0.2935;1
ablation_no_real;happy_guided_article_short;Happy – parcours guidé article (c1 → c2 → c3);happy;3;3;1.0;0.666667;3;3;0;0;0;0.0;0.0;0.0;0.0;0.0;0.0;0.516267;0.4721;0.6503;0.66614;0.4721;0.53835;1
ablation_ceval_any_intersection;happy_guided_article_short;Happy – parcours guidé article (c1 → c2 → c3);happy;3;3;1.0;0.666667;3;3;0;0;0;0.0;0.0;0.0;0.0;0.0;0.0;0.286167;0.2891;0.32393;0.327026;0.2891;0.2847;1
baseline_random_matched;happy_guided_article_short;Happy – parcours guidé article (c1 → c2 → c3);happy;3;2;0.666667;0.555556;;;0;1;0;0.0;0.333333;0.0;0.0;0.0;0.0;0.001367;0.0007;0.00268;0.002856;0.0029;0.0006;1
mcad;happy_guided_reordered;Happy – même objectif mais ordre différent (c3 → c1 → c2);happy;3;3;1.0;0.666667;3;3;0;0;0;0.0;0.0;0.0;0.0;0.0;0.0;0.290033;0.2478;0.37038;0.381276;0.384;0.24305;1
baseline_naive;happy_guided_reordered;Happy – même objectif mais ordre différent (c3 → c1 → c2);happy;3;3;1.0;0.666667;3;3;0;0;0;0.0;0.0;0.0;0.0;0.0;0.0;0.000867;0.0007;0.00115;0.00119;0.0012;0.0007;1
baseline_measure_overlap;happy_guided_reordered;Happy – même objectif mais ordre différent (c3 → c1 → c2);happy;3;3;1.0;0.666667;3;3;0;0;0;0.0;0.0;0.0;0.0;0.0;0.0;0.008233;0.0051;0.01437;0.015194;0.0154;0.00465;1
ablation_no_sat;happy_guided_reordered;Happy – même objectif mais ordre différent (c3 → c1 → c2);happy;3;3;1.0;0.666667;3;3;0;0;0;0.0;0.0;0.0;0.0;0.0;0.0;0.289933;0.2511;0.35964;0.369288;0.3717;0.24905;1
ablation_no_real;happy_guided_reordered;Happy – même objectif mais ordre différent (c3 → c1 → c2);happy;3;3;1.0;0.666667;3;3;0;0;0;0.0;0.0;0.0;0.0;0.0;0.0;0.293867;0.2535;0.36375;0.37355;0.376;0.2528;1
ablation_ceval_any_intersection;happy_guided_reordered;Happy – même objectif mais ordre différent (c3 → c1 → c2);happy;3;3;1.0;0.666667;3;3;0;0;0;0.0;0.0;0.0;0.0;0.0;0.0;0.337067;0.3277;0.35911;0.361902;0.3626;0.3243;1
baseline_random_matched;happy_guided_reordered;Happy – même objectif mais ordre différent (c3 → c1 → c2);happy;3;2;0.666667;0.333333;;;0;1;0;0.0;0.333333;0.0;0.0;0.0;0.0;0.001333;0.0006;0.00276;0.002952;0.003;0.0005;1
mcad;happy_guided_compact;Happy – parcours compact guidé;happy;3;3;1.0;0.666667;3;3;0;0;0;0.0;0.0;0.0;0.0;0.0;0.0;0.2874;0.276;0.32973;0.334506;0.276;0.2931;1
baseline_naive;happy_guided_compact;Happy – parcours compact guidé;happy;3;3;1.0;0.666667;3;3;0;0;0;0.0;0.0;0.0;0.0;0.0;0.0;0.000833;0.0007;0.00124;0.001288;0.0013;0.0006;1
baseline_measure_overlap;happy_guided_compact;Happy – parcours compact guidé;happy;3;3;1.0;0.666667;3;3;0;0;0;0.0;0.0;0.0;0.0;0.0;0.0;0.0116;0.0084;0.01821;0.019082;0.0193;0.00775;1
ablation_no_sat;happy_guided_compact;Happy – parcours compact guidé;happy;3;3;1.0;0.666667;3;3;0;0;0;0.0;0.0;0.0;0.0;0.0;0.0;0.287067;0.2781;0.32643;0.330726;0.2781;0.29155;1
ablation_no_real;happy_guided_compact;Happy – parcours compact guidé;happy;3;3;1.0;0.666667;3;3;0;0;0;0.0;0.0;0.0;0.0;0.0;0.0;0.2931;0.2848;0.33133;0.335466;0.2848;0.29725;1
ablation_ceval_any_intersection;happy_guided_compact;Happy – parcours compact guidé;happy;3;3;1.0;0.666667;3;3;0;0;0;0.0;0.0;0.0;0.0;0.0;0.0;0.333833;0.3317;0.39038;0.395596;0.2729;0.3643;1
baseline_random_matched;happy_guided_compact;Happy – parcours compact guidé;happy;3;1;0.333333;0.222222;;;0;2;0;0.0;0.666667;0.0;0.0;0.0;0.0;0.0015;0.0007;0.00286;0.003052;0.0031;0.0007;1
mcad;border_growth_partial_1998_only;Border – croissance partielle 1998 seulement;border;1;0;0.0;0.0;;;0;0;0;0.0;0.0;0.0;0.0;0.0;1.0;0.338;0.338;0.338;0.338;0.338;0.0;1
baseline_naive;border_growth_partial_1998_only;Border – croissance partielle 1998 seulement;border;1;1;0.0;0.0;;;1;0;1;1.0;0.0;1.0;0.0;0.0;0.0;0.0009;0.0009;0.0009;0.0009;0.0009;0.0;1
baseline_measure_overlap;border_growth_partial_1998_only;Border – croissance partielle 1998 seulement;border;1;1;0.0;0.0;;;1;0;1;1.0;0.0;1.0;0.0;0.0;0.0;0.0187;0.0187;0.0187;0.0187;0.0187;0.0;1
ablation_no_sat;border_growth_partial_1998_only;Border – croissance partielle 1998 seulement;border;1;0;0.0;0.0;;;0;0;0;0.0;0.0;0.0;0.0;0.0;1.0;0.3354;0.3354;0.3354;0.3354;0.3354;0.0;1
ablation_no_real;border_growth_partial_1998_only;Border – croissance partielle 1998 seulement;border;1;1;0.0;0.0;;;1;0;1;1.0;0.0;1.0;0.0;0.0;1.0;0.3556;0.3556;0.3556;0.3556;0.3556;0.0;1
ablation_ceval_any_intersection;border_growth_partial_1998_only;Border – croissance partielle 1998 seulement;border;1;1;0.0;0.0;;;1;0;1;1.0;0.0;1.0;0.0;0.0;0.0;0.4043;0.4043;0.4043;0.4043;0.4043;0.0;1
baseline_random_matched;border_growth_partial_1998_only;Border – croissance partielle 1998 seulement;border;1;0;0.0;0.0;;;0;0;0;0.0;0.0;0.0;0.0;0.0;0.0;0.0026;0.0026;0.0026;0.0026;0.0026;0.0;1
mcad;border_margin_wrong_grain;Border – marge avec grain trop grossier;border;1;0;0.0;0.0;;;0;0;0;0.0;0.0;0.0;1.0;0.0;0.0;0.195;0.195;0.195;0.195;0.195;0.0;1
baseline_naive;border_margin_wrong_grain;Border – marge avec grain trop grossier;border;1;1;0.0;0.0;;;1;0;1;1.0;0.0;1.0;0.0;0.0;0.0;0.0009;0.0009;0.0009;0.0009;0.0009;0.0;1
baseline_measure_overlap;border_margin_wrong_grain;Border – marge avec grain trop grossier;border;1;1;0.0;0.0;;;1;0;1;1.0;0.0;1.0;0.0;0.0;0.0;0.0178;0.0178;0.0178;0.0178;0.0178;0.0;1
ablation_no_sat;border_margin_wrong_grain;Border – marge avec grain trop grossier;border;1;0;0.0;0.0;;;0;0;0;0.0;0.0;0.0;1.0;0.0;0.0;0.271;0.271;0.271;0.271;0.271;0.0;1
ablation_no_real;border_margin_wrong_grain;Border – marge avec grain trop grossier;border;1;0;0.0;0.0;;;0;0;0;0.0;0.0;0.0;1.0;0.0;0.0;0.2037;0.2037;0.2037;0.2037;0.2037;0.0;1
ablation_ceval_any_intersection;border_margin_wrong_grain;Border – marge avec grain trop grossier;border;1;0;0.0;0.0;;;0;0;0;0.0;0.0;0.0;1.0;0.0;0.0;0.1976;0.1976;0.1976;0.1976;0.1976;0.0;1
baseline_random_matched;border_margin_wrong_grain;Border – marge avec grain trop grossier;border;1;1;0.0;0.0;;;1;0;1;1.0;0.0;1.0;0.0;0.0;0.0;0.0031;0.0031;0.0031;0.0031;0.0031;0.0;1
mcad;border_stockout_missing_store;Border – rupture sans grain magasin;border;1;0;0.0;0.0;;;0;0;0;0.0;0.0;0.0;1.0;0.0;0.0;0.1971;0.1971;0.1971;0.1971;0.1971;0.0;1
baseline_naive;border_stockout_missing_store;Border – rupture sans grain magasin;border;1;1;0.0;0.0;;;1;0;1;1.0;0.0;1.0;0.0;0.0;0.0;0.0008;0.0008;0.0008;0.0008;0.0008;0.0;1
baseline_measure_overlap;border_stockout_missing_store;Border – rupture sans grain magasin;border;1;1;0.0;0.0;;;1;0;1;1.0;0.0;1.0;0.0;0.0;0.0;0.0129;0.0129;0.0129;0.0129;0.0129;0.0;1
ablation_no_sat;border_stockout_missing_store;Border – rupture sans grain magasin;border;1;0;0.0;0.0;;;0;0;0;0.0;0.0;0.0;1.0;0.0;0.0;0.4139;0.4139;0.4139;0.4139;0.4139;0.0;1
ablation_no_real;border_stockout_missing_store;Border – rupture sans grain magasin;border;1;0;0.0;0.0;;;0;0;0;0.0;0.0;0.0;1.0;0.0;0.0;0.2197;0.2197;0.2197;0.2197;0.2197;0.0;1
ablation_ceval_any_intersection;border_stockout_missing_store;Border – rupture sans grain magasin;border;1;0;0.0;0.0;;;0;0;0;0.0;0.0;0.0;1.0;0.0;0.0;0.2043;0.2043;0.2043;0.2043;0.2043;0.0;1
baseline_random_matched;border_stockout_missing_store;Border – rupture sans grain magasin;border;1;1;0.0;0.0;;;1;0;1;1.0;0.0;1.0;0.0;0.0;0.0;0.0027;0.0027;0.0027;0.0027;0.0027;0.0;1
mcad;adversarial_wrong_region;Adversarial – bonne mesure mais mauvaise région;adversarial;1;0;0.0;0.0;;;0;0;0;0.0;0.0;0.0;1.0;0.0;0.0;0.1686;0.1686;0.1686;0.1686;0.1686;0.0;1
baseline_naive;adversarial_wrong_region;Adversarial – bonne mesure mais mauvaise région;adversarial;1;1;0.0;0.0;;;1;0;1;1.0;0.0;1.0;0.0;0.0;0.0;0.001;0.001;0.001;0.001;0.001;0.0;1
baseline_measure_overlap;adversarial_wrong_region;Adversarial – bonne mesure mais mauvaise région;adversarial;1;1;0.0;0.0;;;1;0;1;1.0;0.0;1.0;0.0;0.0;0.0;0.0124;0.0124;0.0124;0.0124;0.0124;0.0;1
ablation_no_sat;adversarial_wrong_region;Adversarial – bonne mesure mais mauvaise région;adversarial;1;0;0.0;0.0;;;0;0;0;0.0;0.0;0.0;1.0;0.0;0.0;0.3489;0.3489;0.3489;0.3489;0.3489;0.0;1
ablation_no_real;adversarial_wrong_region;Adversarial – bonne mesure mais mauvaise région;adversarial;1;0;0.0;0.0;;;0;0;0;0.0;0.0;0.0;1.0;0.0;0.0;0.178;0.178;0.178;0.178;0.178;0.0;1
ablation_ceval_any_intersection;adversarial_wrong_region;Adversarial – bonne mesure mais mauvaise région;adversarial;1;0;0.0;0.0;;;0;0;0;0.0;0.0;0.0;1.0;0.0;0.0;0.1643;0.1643;0.1643;0.1643;0.1643;0.0;1
baseline_random_matched;adversarial_wrong_region;Adversarial – bonne mesure mais mauvaise région;adversarial;1;1;0.0;0.0;;;1;0;1;1.0;0.0;1.0;0.0;0.0;0.0;0.0028;0.0028;0.0028;0.0028;0.0028;0.0;1
mcad;adversarial_wrong_year;Adversarial – bonne structure mais mauvaise année;adversarial;1;0;0.0;0.0;;;0;0;0;0.0;0.0;0.0;1.0;0.0;0.0;0.1629;0.1629;0.1629;0.1629;0.1629;0.0;1
baseline_naive;adversarial_wrong_year;Adversarial – bonne structure mais mauvaise année;adversarial;1;1;0.0;0.0;;;1;0;1;1.0;0.0;1.0;0.0;0.0;0.0;0.001;0.001;0.001;0.001;0.001;0.0;1
baseline_measure_overlap;adversarial_wrong_year;Adversarial – bonne structure mais mauvaise année;adversarial;1;1;0.0;0.0;;;1;0;1;1.0;0.0;1.0;0.0;0.0;0.0;0.0128;0.0128;0.0128;0.0128;0.0128;0.0;1
ablation_no_sat;adversarial_wrong_year;Adversarial – bonne structure mais mauvaise année;adversarial;1;0;0.0;0.0;;;0;0;0;0.0;0.0;0.0;1.0;0.0;0.0;0.2076;0.2076;0.2076;0.2076;0.2076;0.0;1
ablation_no_real;adversarial_wrong_year;Adversarial – bonne structure mais mauvaise année;adversarial;1;0;0.0;0.0;;;0;0;0;0.0;0.0;0.0;1.0;0.0;0.0;0.1801;0.1801;0.1801;0.1801;0.1801;0.0;1
ablation_ceval_any_intersection;adversarial_wrong_year;Adversarial – bonne structure mais mauvaise année;adversarial;1;0;0.0;0.0;;;0;0;0;0.0;0.0;0.0;1.0;0.0;0.0;0.1638;0.1638;0.1638;0.1638;0.1638;0.0;1
baseline_random_matched;adversarial_wrong_year;Adversarial – bonne structure mais mauvaise année;adversarial;1;0;0.0;0.0;;;0;0;0;0.0;0.0;0.0;0.0;0.0;0.0;0.0027;0.0027;0.0027;0.0027;0.0027;0.0;1
mcad;adversarial_invalid_no_measures;Adversarial – requête invalide sans mesure;adversarial;1;0;0.0;0.0;;;0;0;0;0.0;0.0;0.0;1.0;0.0;0.0;0.0724;0.0724;0.0724;0.0724;0.0724;0.0;1
baseline_naive;adversarial_invalid_no_measures;Adversarial – requête invalide sans mesure;adversarial;1;1;0.0;0.0;;;1;0;1;1.0;0.0;1.0;0.0;0.0;0.0;0.001;0.001;0.001;0.001;0.001;0.0;1
baseline_measure_overlap;adversarial_invalid_no_measures;Adversarial – requête invalide sans mesure;adversarial;1;0;0.0;0.0;;;0;0;0;0.0;0.0;0.0;0.0;0.0;0.0;0.0188;0.0188;0.0188;0.0188;0.0188;0.0;1
ablation_no_sat;adversarial_invalid_no_measures;Adversarial – requête invalide sans mesure;adversarial;1;0;0.0;0.0;;;0;0;0;0.0;0.0;0.0;1.0;0.0;0.0;0.0968;0.0968;0.0968;0.0968;0.0968;0.0;1
ablation_no_real;adversarial_invalid_no_measures;Adversarial – requête invalide sans mesure;adversarial;1;0;0.0;0.0;;;0;0;0;0.0;0.0;0.0;1.0;0.0;0.0;0.0796;0.0796;0.0796;0.0796;0.0796;0.0;1
ablation_ceval_any_intersection;adversarial_invalid_no_measures;Adversarial – requête invalide sans mesure;adversarial;1;0;0.0;0.0;;;0;0;0;0.0;0.0;0.0;1.0;0.0;0.0;0.0715;0.0715;0.0715;0.0715;0.0715;0.0;1
baseline_random_matched;adversarial_invalid_no_measures;Adversarial – requête invalide sans mesure;adversarial;1;1;0.0;0.0;;;1;0;1;1.0;0.0;1.0;0.0;0.0;0.0;0.003;0.003;0.003;0.003;0.003;0.0;1
mcad;stress_exploratory_then_useful;Stress – bruit exploratoire avant requête utile;stress;3;1;0.333333;0.111111;;;0;0;0;0.0;0.0;0.0;0.666667;0.0;0.0;0.201933;0.2102;0.24827;0.251654;0.2102;0.1978;1
baseline_naive;stress_exploratory_then_useful;Stress – bruit exploratoire avant requête utile;stress;3;3;0.333333;0.111111;;;2;0;2;0.666667;0.0;0.666667;0.0;0.0;0.0;0.000533;0.0004;0.00085;0.00089;0.0009;0.00035;1
baseline_measure_overlap;stress_exploratory_then_useful;Stress – bruit exploratoire avant requête utile;stress;3;3;0.333333;0.111111;;;2;0;2;0.666667;0.0;0.666667;0.0;0.0;0.0;0.0074;0.0051;0.01221;0.012842;0.013;0.0046;1
ablation_no_sat;stress_exploratory_then_useful;Stress – bruit exploratoire avant requête utile;stress;3;1;0.333333;0.111111;;;0;0;0;0.0;0.0;0.0;0.666667;0.0;0.0;0.218467;0.2413;0.24427;0.244534;0.2413;0.20705;1
ablation_no_real;stress_exploratory_then_useful;Stress – bruit exploratoire avant requête utile;stress;3;1;0.333333;0.111111;;;0;0;0;0.0;0.0;0.0;0.666667;0.0;0.0;0.202667;0.2044;0.25039;0.254478;0.2044;0.2018;1
ablation_ceval_any_intersection;stress_exploratory_then_useful;Stress – bruit exploratoire avant requête utile;stress;3;1;0.333333;0.111111;;;0;0;0;0.0;0.0;0.0;0.666667;0.0;0.0;0.196967;0.1928;0.23915;0.24327;0.1928;0.19905;1
baseline_random_matched;stress_exploratory_then_useful;Stress – bruit exploratoire avant requête utile;stress;3;3;0.333333;0.111111;;;2;0;2;0.666667;0.0;0.666667;0.0;0.0;0.0;0.001233;0.0007;0.00241;0.002562;0.0026;0.00055;1
mcad;happy_guided_article_short;Happy – parcours guidé article (c1 → c2 → c3);happy;3;3;1.0;0.666667;3;3;0;0;0;0.0;0.0;0.0;0.0;0.0;0.0;0.290667;0.279;0.33435;0.33927;0.279;0.2965;2
baseline_naive;happy_guided_article_short;Happy – parcours guidé article (c1 → c2 → c3);happy;3;3;1.0;0.666667;3;3;0;0;0;0.0;0.0;0.0;0.0;0.0;0.0;0.0006;0.0005;0.00086;0.000892;0.0009;0.00045;2
baseline_measure_overlap;happy_guided_article_short;Happy – parcours guidé article (c1 → c2 → c3);happy;3;3;1.0;0.666667;3;3;0;0;0;0.0;0.0;0.0;0.0;0.0;0.0;0.007467;0.0051;0.01248;0.013136;0.0133;0.00455;2
ablation_no_sat;happy_guided_article_short;Happy – parcours guidé article (c1 → c2 → c3);happy;3;3;1.0;0.666667;3;3;0;0;0;0.0;0.0;0.0;0.0;0.0;0.0;0.478433;0.4505;0.56057;0.570354;0.4505;0.4924;2
ablation_no_real;happy_guided_article_short;Happy – parcours guidé article (c1 → c2 → c3);happy;3;3;1.0;0.666667;3;3;0;0;0;0.0;0.0;0.0;0.0;0.0;0.0;0.293433;0.284;0.3308;0.33496;0.284;0.29815;2
ablation_ceval_any_intersection;happy_guided_article_short;Happy – parcours guidé article (c1 → c2 → c3);happy;3;3;1.0;0.666667;3;3;0;0;0;0.0;0.0;0.0;0.0;0.0;0.0;0.281567;0.2727;0.32355;0.32807;0.2727;0.286;2
baseline_random_matched;happy_guided_article_short;Happy – parcours guidé article (c1 → c2 → c3);happy;3;1;0.333333;0.111111;;;0;2;0;0.0;0.666667;0.0;0.0;0.0;0.0;0.0013;0.0007;0.0025;0.00266;0.0027;0.0006;2
mcad;happy_guided_reordered;Happy – même objectif mais ordre différent (c3 → c1 → c2);happy;3;3;1.0;0.666667;3;3;0;0;0;0.0;0.0;0.0;0.0;0.0;0.0;0.2867;0.2489;0.35186;0.361012;0.3633;0.2484;2
baseline_naive;happy_guided_reordered;Happy – même objectif mais ordre différent (c3 → c1 → c2);happy;3;3;1.0;0.666667;3;3;0;0;0;0.0;0.0;0.0;0.0;0.0;0.0;0.000567;0.0004;0.00094;0.000988;0.001;0.00035;2
baseline_measure_overlap;happy_guided_reordered;Happy – même objectif mais ordre différent (c3 → c1 → c2);happy;3;3;1.0;0.666667;3;3;0;0;0;0.0;0.0;0.0;0.0;0.0;0.0;0.0076;0.0052;0.01258;0.013236;0.0134;0.0047;2
ablation_no_sat;happy_guided_reordered;Happy – même objectif mais ordre différent (c3 → c1 → c2);happy;3;3;1.0;0.666667;3;3;0;0;0;0.0;0.0;0.0;0.0;0.0;0.0;0.4802;0.4202;0.59399;0.609438;0.6133;0.41365;2
ablation_no_real;happy_guided_reordered;Happy – même objectif mais ordre différent (c3 → c1 → c2);happy;3;3;1.0;0.666667;3;3;0;0;0;0.0;0.0;0.0;0.0;0.0;0.0;0.301533;0.257;0.38147;0.392534;0.3953;0.25465;2
ablation_ceval_any_intersection;happy_guided_reordered;Happy – même objectif mais ordre différent (c3 → c1 → c2);happy;3;3;1.0;0.666667;3;3;0;0;0;0.0;0.0;0.0;0.0;0.0;0.0;0.282233;0.2489;0.34817;0.356994;0.3592;0.24375;2
baseline_random_matched;happy_guided_reordered;Happy – même objectif mais ordre différent (c3 → c1 → c2);happy;3;1;0.333333;0.333333;;;0;2;0;0.0;0.666667;0.0;0.0;0.0;0.0;0.0012;0.0007;0.00223;0.002366;0.0024;0.0006;2
mcad;happy_guided_compact;Happy – parcours compact guidé;happy;3;3;1.0;0.666667;3;3;0;0;0;0.0;0.0;0.0;0.0;0.0;0.0;0.288467;0.2801;0.33914;0.344388;0.2801;0.29265;2
baseline_naive;happy_guided_compact;Happy – parcours compact guidé;happy;3;3;1.0;0.666667;3;3;0;0;0;0.0;0.0;0.0;0.0;0.0;0.0;0.0006;0.0005;0.00086;0.000892;0.0009;0.00045;2
baseline_measure_overlap;happy_guided_compact;Happy – parcours compact guidé;happy;3;3;1.0;0.666667;3;3;0;0;0;0.0;0.0;0.0;0.0;0.0;0.0;0.007467;0.0053;0.01232;0.012944;0.0131;0.00465;2
ablation_no_sat;happy_guided_compact;Happy – parcours compact guidé;happy;3;3;1.0;0.666667;3;3;0;0;0;0.0;0.0;0.0;0.0;0.0;0.0;0.4862;0.4709;0.55739;0.565078;0.4709;0.49385;2
ablation_no_real;happy_guided_compact;Happy – parcours compact guidé;happy;3;3;1.0;0.666667;3;3;0;0;0;0.0;0.0;0.0;0.0;0.0;0.0;0.296633;0.2975;0.33953;0.343266;0.2975;0.2962;2
ablation_ceval_any_intersection;happy_guided_compact;Happy – parcours compact guidé;happy;3;3;1.0;0.666667;3;3;0;0;0;0.0;0.0;0.0;0.0;0.0;0.0;0.2889;0.2875;0.33205;0.33601;0.2875;0.2896;2
baseline_random_matched;happy_guided_compact;Happy – parcours compact guidé;happy;3;1;0.333333;0.111111;;;0;2;0;0.0;0.666667;0.0;0.0;0.0;0.0;0.0012;0.0007;0.00223;0.002366;0.0024;0.0006;2
mcad;border_growth_partial_1998_only;Border – croissance partielle 1998 seulement;border;1;0;0.0;0.0;;;0;0;0;0.0;0.0;0.0;0.0;0.0;1.0;0.3371;0.3371;0.3371;0.3371;0.3371;0.0;2
baseline_naive;border_growth_partial_1998_only;Border – croissance partielle 1998 seulement;border;1;1;0.0;0.0;;;1;0;1;1.0;0.0;1.0;0.0;0.0;0.0;0.0009;0.0009;0.0009;0.0009;0.0009;0.0;2
baseline_measure_overlap;border_growth_partial_1998_only;Border – croissance partielle 1998 seulement;border;1;1;0.0;0.0;;;1;0;1;1.0;0.0;1.0;0.0;0.0;0.0;0.013;0.013;0.013;0.013;0.013;0.0;2
ablation_no_sat;border_growth_partial_1998_only;Border – croissance partielle 1998 seulement;border;1;0;0.0;0.0;;;0;0;0;0.0;0.0;0.0;0.0;0.0;1.0;0.3357;0.3357;0.3357;0.3357;0.3357;0.0;2
ablation_no_real;border_growth_partial_1998_only;Border – croissance partielle 1998 seulement;border;1;1;0.0;0.0;;;1;0;1;1.0;0.0;1.0;0.0;0.0;1.0;2.6011;2.6011;2.6011;2.6011;2.6011;0.0;2
ablation_ceval_any_intersection;border_growth_partial_1998_only;Border – croissance partielle 1998 seulement;border;1;1;0.0;0.0;;;1;0;1;1.0;0.0;1.0;0.0;0.0;0.0;0.3365;0.3365;0.3365;0.3365;0.3365;0.0;2
baseline_random_matched;border_growth_partial_1998_only;Border – croissance partielle 1998 seulement;border;1;0;0.0;0.0;;;0;0;0;0.0;0.0;0.0;0.0;0.0;0.0;0.0028;0.0028;0.0028;0.0028;0.0028;0.0;2
mcad;border_margin_wrong_grain;Border – marge avec grain trop grossier;border;1;0;0.0;0.0;;;0;0;0;0.0;0.0;0.0;1.0;0.0;0.0;0.1965;0.1965;0.1965;0.1965;0.1965;0.0;2
baseline_naive;border_margin_wrong_grain;Border – marge avec grain trop grossier;border;1;1;0.0;0.0;;;1;0;1;1.0;0.0;1.0;0.0;0.0;0.0;0.0012;0.0012;0.0012;0.0012;0.0012;0.0;2
baseline_measure_overlap;border_margin_wrong_grain;Border – marge avec grain trop grossier;border;1;1;0.0;0.0;;;1;0;1;1.0;0.0;1.0;0.0;0.0;0.0;0.02;0.02;0.02;0.02;0.02;0.0;2
ablation_no_sat;border_margin_wrong_grain;Border – marge avec grain trop grossier;border;1;0;0.0;0.0;;;0;0;0;0.0;0.0;0.0;1.0;0.0;0.0;0.49;0.49;0.49;0.49;0.49;0.0;2
ablation_no_real;border_margin_wrong_grain;Border – marge avec grain trop grossier;border;1;0;0.0;0.0;;;0;0;0;0.0;0.0;0.0;1.0;0.0;0.0;0.4035;0.4035;0.4035;0.4035;0.4035;0.0;2
ablation_ceval_any_intersection;border_margin_wrong_grain;Border – marge avec grain trop grossier;border;1;0;0.0;0.0;;;0;0;0;0.0;0.0;0.0;1.0;0.0;0.0;0.3256;0.3256;0.3256;0.3256;0.3256;0.0;2
baseline_random_matched;border_margin_wrong_grain;Border – marge avec grain trop grossier;border;1;0;0.0;0.0;;;0;0;0;0.0;0.0;0.0;0.0;0.0;0.0;0.003;0.003;0.003;0.003;0.003;0.0;2
mcad;border_stockout_missing_store;Border – rupture sans grain magasin;border;1;0;0.0;0.0;;;0;0;0;0.0;0.0;0.0;1.0;0.0;0.0;0.1939;0.1939;0.1939;0.1939;0.1939;0.0;2
baseline_naive;border_stockout_missing_store;Border – rupture sans grain magasin;border;1;1;0.0;0.0;;;1;0;1;1.0;0.0;1.0;0.0;0.0;0.0;0.0016;0.0016;0.0016;0.0016;0.0016;0.0;2
baseline_measure_overlap;border_stockout_missing_store;Border – rupture sans grain magasin;border;1;1;0.0;0.0;;;1;0;1;1.0;0.0;1.0;0.0;0.0;0.0;0.0145;0.0145;0.0145;0.0145;0.0145;0.0;2
ablation_no_sat;border_stockout_missing_store;Border – rupture sans grain magasin;border;1;0;0.0;0.0;;;0;0;0;0.0;0.0;0.0;1.0;0.0;0.0;0.2603;0.2603;0.2603;0.2603;0.2603;0.0;2
ablation_no_real;border_stockout_missing_store;Border – rupture sans grain magasin;border;1;0;0.0;0.0;;;0;0;0;0.0;0.0;0.0;1.0;0.0;0.0;0.2004;0.2004;0.2004;0.2004;0.2004;0.0;2
ablation_ceval_any_intersection;border_stockout_missing_store;Border – rupture sans grain magasin;border;1;0;0.0;0.0;;;0;0;0;0.0;0.0;0.0;1.0;0.0;0.0;0.2325;0.2325;0.2325;0.2325;0.2325;0.0;2
baseline_random_matched;border_stockout_missing_store;Border – rupture sans grain magasin;border;1;0;0.0;0.0;;;0;0;0;0.0;0.0;0.0;0.0;0.0;0.0;0.0024;0.0024;0.0024;0.0024;0.0024;0.0;2
mcad;adversarial_wrong_region;Adversarial – bonne mesure mais mauvaise région;adversarial;1;0;0.0;0.0;;;0;0;0;0.0;0.0;0.0;1.0;0.0;0.0;0.1705;0.1705;0.1705;0.1705;0.1705;0.0;2
baseline_naive;adversarial_wrong_region;Adversarial – bonne mesure mais mauvaise région;adversarial;1;1;0.0;0.0;;;1;0;1;1.0;0.0;1.0;0.0;0.0;0.0;0.0009;0.0009;0.0009;0.0009;0.0009;0.0;2
baseline_measure_overlap;adversarial_wrong_region;Adversarial – bonne mesure mais mauvaise région;adversarial;1;1;0.0;0.0;;;1;0;1;1.0;0.0;1.0;0.0;0.0;0.0;0.0188;0.0188;0.0188;0.0188;0.0188;0.0;2
ablation_no_sat;adversarial_wrong_region;Adversarial – bonne mesure mais mauvaise région;adversarial;1;0;0.0;0.0;;;0;0;0;0.0;0.0;0.0;1.0;0.0;0.0;0.3535;0.3535;0.3535;0.3535;0.3535;0.0;2
ablation_no_real;adversarial_wrong_region;Adversarial – bonne mesure mais mauvaise région;adversarial;1;0;0.0;0.0;;;0;0;0;0.0;0.0;0.0;1.0;0.0;0.0;0.1992;0.1992;0.1992;0.1992;0.1992;0.0;2
ablation_ceval_any_intersection;adversarial_wrong_region;Adversarial – bonne mesure mais mauvaise région;adversarial;1;0;0.0;0.0;;;0;0;0;0.0;0.0;0.0;1.0;0.0;0.0;0.1816;0.1816;0.1816;0.1816;0.1816;0.0;2
baseline_random_matched;adversarial_wrong_region;Adversarial – bonne mesure mais mauvaise région;adversarial;1;1;0.0;0.0;;;1;0;1;1.0;0.0;1.0;0.0;0.0;0.0;0.0042;0.0042;0.0042;0.0042;0.0042;0.0;2
mcad;adversarial_wrong_year;Adversarial – bonne structure mais mauvaise année;adversarial;1;0;0.0;0.0;;;0;0;0;0.0;0.0;0.0;1.0;0.0;0.0;0.2702;0.2702;0.2702;0.2702;0.2702;0.0;2
baseline_naive;adversarial_wrong_year;Adversarial – bonne structure mais mauvaise année;adversarial;1;1;0.0;0.0;;;1;0;1;1.0;0.0;1.0;0.0;0.0;0.0;0.0014;0.0014;0.0014;0.0014;0.0014;0.0;2
baseline_measure_overlap;adversarial_wrong_year;Adversarial – bonne structure mais mauvaise année;adversarial;1;1;0.0;0.0;;;1;0;1;1.0;0.0;1.0;0.0;0.0;0.0;0.0155;0.0155;0.0155;0.0155;0.0155;0.0;2
ablation_no_sat;adversarial_wrong_year;Adversarial – bonne structure mais mauvaise année;adversarial;1;0;0.0;0.0;;;0;0;0;0.0;0.0;0.0;1.0;0.0;0.0;0.1992;0.1992;0.1992;0.1992;0.1992;0.0;2
ablation_no_real;adversarial_wrong_year;Adversarial – bonne structure mais mauvaise année;adversarial;1;0;0.0;0.0;;;0;0;0;0.0;0.0;0.0;1.0;0.0;0.0;0.3097;0.3097;0.3097;0.3097;0.3097;0.0;2
ablation_ceval_any_intersection;adversarial_wrong_year;Adversarial – bonne structure mais mauvaise année;adversarial;1;0;0.0;0.0;;;0;0;0;0.0;0.0;0.0;1.0;0.0;0.0;0.1637;0.1637;0.1637;0.1637;0.1637;0.0;2
baseline_random_matched;adversarial_wrong_year;Adversarial – bonne structure mais mauvaise année;adversarial;1;1;0.0;0.0;;;1;0;1;1.0;0.0;1.0;0.0;0.0;0.0;0.0029;0.0029;0.0029;0.0029;0.0029;0.0;2
mcad;adversarial_invalid_no_measures;Adversarial – requête invalide sans mesure;adversarial;1;0;0.0;0.0;;;0;0;0;0.0;0.0;0.0;1.0;0.0;0.0;0.0718;0.0718;0.0718;0.0718;0.0718;0.0;2
baseline_naive;adversarial_invalid_no_measures;Adversarial – requête invalide sans mesure;adversarial;1;1;0.0;0.0;;;1;0;1;1.0;0.0;1.0;0.0;0.0;0.0;0.0009;0.0009;0.0009;0.0009;0.0009;0.0;2
baseline_measure_overlap;adversarial_invalid_no_measures;Adversarial – requête invalide sans mesure;adversarial;1;0;0.0;0.0;;;0;0;0;0.0;0.0;0.0;0.0;0.0;0.0;0.0136;0.0136;0.0136;0.0136;0.0136;0.0;2
ablation_no_sat;adversarial_invalid_no_measures;Adversarial – requête invalide sans mesure;adversarial;1;0;0.0;0.0;;;0;0;0;0.0;0.0;0.0;1.0;0.0;0.0;0.0879;0.0879;0.0879;0.0879;0.0879;0.0;2
ablation_no_real;adversarial_invalid_no_measures;Adversarial – requête invalide sans mesure;adversarial;1;0;0.0;0.0;;;0;0;0;0.0;0.0;0.0;1.0;0.0;0.0;0.0792;0.0792;0.0792;0.0792;0.0792;0.0;2
ablation_ceval_any_intersection;adversarial_invalid_no_measures;Adversarial – requête invalide sans mesure;adversarial;1;0;0.0;0.0;;;0;0;0;0.0;0.0;0.0;1.0;0.0;0.0;0.1052;0.1052;0.1052;0.1052;0.1052;0.0;2
baseline_random_matched;adversarial_invalid_no_measures;Adversarial – requête invalide sans mesure;adversarial;1;0;0.0;0.0;;;0;0;0;0.0;0.0;0.0;0.0;0.0;0.0;0.003;0.003;0.003;0.003;0.003;0.0;2
mcad;stress_exploratory_then_useful;Stress – bruit exploratoire avant requête utile;stress;3;1;0.333333;0.111111;;;0;0;0;0.0;0.0;0.0;0.666667;0.0;0.0;0.197533;0.197;0.2465;0.2509;0.197;0.1978;2
baseline_naive;stress_exploratory_then_useful;Stress – bruit exploratoire avant requête utile;stress;3;3;0.333333;0.111111;;;2;0;2;0.666667;0.0;0.666667;0.0;0.0;0.0;0.000567;0.0005;0.00086;0.000892;0.0009;0.0004;2
baseline_measure_overlap;stress_exploratory_then_useful;Stress – bruit exploratoire avant requête utile;stress;3;3;0.333333;0.111111;;;2;0;2;0.666667;0.0;0.666667;0.0;0.0;0.0;0.007533;0.0054;0.01224;0.012848;0.013;0.0048;2
ablation_no_sat;stress_exploratory_then_useful;Stress – bruit exploratoire avant requête utile;stress;3;1;0.333333;0.111111;;;0;0;0;0.0;0.0;0.0;0.666667;0.0;0.0;0.2249;0.2448;0.25659;0.257638;0.2579;0.2084;2
ablation_no_real;stress_exploratory_then_useful;Stress – bruit exploratoire avant requête utile;stress;3;1;0.333333;0.111111;;;0;0;0;0.0;0.0;0.0;0.666667;0.0;0.0;0.2032;0.2009;0.25715;0.26215;0.2009;0.20435;2
ablation_ceval_any_intersection;stress_exploratory_then_useful;Stress – bruit exploratoire avant requête utile;stress;3;1;0.333333;0.111111;;;0;0;0;0.0;0.0;0.0;0.666667;0.0;0.0;0.3255;0.3103;0.41758;0.427116;0.3103;0.3331;2
baseline_random_matched;stress_exploratory_then_useful;Stress – bruit exploratoire avant requête utile;stress;3;3;0.333333;0.111111;;;2;0;2;0.666667;0.0;0.666667;0.0;0.0;0.0;0.0014;0.0006;0.00276;0.002952;0.003;0.0006;2
mcad;happy_guided_article_short;Happy – parcours guidé article (c1 → c2 → c3);happy;3;3;1.0;0.666667;3;3;0;0;0;0.0;0.0;0.0;0.0;0.0;0.0;0.2886;0.2781;0.33669;0.341898;0.2781;0.29385;3
baseline_naive;happy_guided_article_short;Happy – parcours guidé article (c1 → c2 → c3);happy;3;3;1.0;0.666667;3;3;0;0;0;0.0;0.0;0.0;0.0;0.0;0.0;0.000567;0.0004;0.00085;0.00089;0.0009;0.0004;3
baseline_measure_overlap;happy_guided_article_short;Happy – parcours guidé article (c1 → c2 → c3);happy;3;3;1.0;0.666667;3;3;0;0;0;0.0;0.0;0.0;0.0;0.0;0.0;0.008333;0.0056;0.01415;0.01491;0.0151;0.00495;3
ablation_no_sat;happy_guided_article_short;Happy – parcours guidé article (c1 → c2 → c3);happy;3;3;1.0;0.666667;3;3;0;0;0;0.0;0.0;0.0;0.0;0.0;0.0;0.284867;0.2807;0.32525;0.32921;0.2807;0.28695;3
ablation_no_real;happy_guided_article_short;Happy – parcours guidé article (c1 → c2 → c3);happy;3;3;1.0;0.666667;3;3;0;0;0;0.0;0.0;0.0;0.0;0.0;0.0;0.300133;0.3104;0.33515;0.33735;0.3104;0.295;3
ablation_ceval_any_intersection;happy_guided_article_short;Happy – parcours guidé article (c1 → c2 → c3);happy;3;3;1.0;0.666667;3;3;0;0;0;0.0;0.0;0.0;0.0;0.0;0.0;0.468867;0.4422;0.53571;0.544022;0.4422;0.4822;3
baseline_random_matched;happy_guided_article_short;Happy – parcours guidé article (c1 → c2 → c3);happy;3;3;1.0;0.666667;3;3;0;0;0;0.0;0.0;0.0;0.0;0.0;0.0;0.001567;0.0007;0.00322;0.003444;0.0035;0.0006;3
mcad;happy_guided_reordered;Happy – même objectif mais ordre différent (c3 → c1 → c2);happy;3;3;1.0;0.666667;3;3;0;0;0;0.0;0.0;0.0;0.0;0.0;0.0;0.297433;0.2485;0.39007;0.402654;0.4058;0.24325;3
baseline_naive;happy_guided_reordered;Happy – même objectif mais ordre différent (c3 → c1 → c2);happy;3;3;1.0;0.666667;3;3;0;0;0;0.0;0.0;0.0;0.0;0.0;0.0;0.000533;0.0004;0.00085;0.00089;0.0009;0.00035;3
baseline_measure_overlap;happy_guided_reordered;Happy – même objectif mais ordre différent (c3 → c1 → c2);happy;3;3;1.0;0.666667;3;3;0;0;0;0.0;0.0;0.0;0.0;0.0;0.0;0.007767;0.0052;0.01285;0.01353;0.0137;0.0048;3
ablation_no_sat;happy_guided_reordered;Happy – même objectif mais ordre différent (c3 → c1 → c2);happy;3;3;1.0;0.666667;3;3;0;0;0;0.0;0.0;0.0;0.0;0.0;0.0;0.284767;0.2496;0.35472;0.364064;0.3664;0.24395;3
ablation_no_real;happy_guided_reordered;Happy – même objectif mais ordre différent (c3 → c1 → c2);happy;3;3;1.0;0.666667;3;3;0;0;0;0.0;0.0;0.0;0.0;0.0;0.0;0.299433;0.256;0.3811;0.39222;0.395;0.25165;3
ablation_ceval_any_intersection;happy_guided_reordered;Happy – même objectif mais ordre différent (c3 → c1 → c2);happy;3;3;1.0;0.666667;3;3;0;0;0;0.0;0.0;0.0;0.0;0.0;0.0;0.516067;0.4626;0.63054;0.645468;0.6492;0.4495;3
baseline_random_matched;happy_guided_reordered;Happy – même objectif mais ordre différent (c3 → c1 → c2);happy;3;0;0.0;0.0;;;0;3;0;0.0;1.0;0.0;0.0;0.0;0.0;0.001333;0.0007;0.00268;0.002856;0.0029;0.00055;3
mcad;happy_guided_compact;Happy – parcours compact guidé;happy;3;3;1.0;0.666667;3;3;0;0;0;0.0;0.0;0.0;0.0;0.0;0.0;0.297567;0.2912;0.35213;0.357546;0.2912;0.30075;3
baseline_naive;happy_guided_compact;Happy – parcours compact guidé;happy;3;3;1.0;0.666667;3;3;0;0;0;0.0;0.0;0.0;0.0;0.0;0.0;0.000633;0.0005;0.00095;0.00099;0.001;0.00045;3
baseline_measure_overlap;happy_guided_compact;Happy – parcours compact guidé;happy;3;3;1.0;0.666667;3;3;0;0;0;0.0;0.0;0.0;0.0;0.0;0.0;0.007433;0.0051;0.01212;0.012744;0.0129;0.0047;3
ablation_no_sat;happy_guided_compact;Happy – parcours compact guidé;happy;3;3;1.0;0.666667;3;3;0;0;0;0.0;0.0;0.0;0.0;0.0;0.0;0.312467;0.3111;0.37455;0.38019;0.3111;0.31315;3
ablation_no_real;happy_guided_compact;Happy – parcours compact guidé;happy;3;3;1.0;0.666667;3;3;0;0;0;0.0;0.0;0.0;0.0;0.0;0.0;0.302167;0.2866;0.34753;0.352946;0.2866;0.30995;3
ablation_ceval_any_intersection;happy_guided_compact;Happy – parcours compact guidé;happy;3;3;1.0;0.666667;3;3;0;0;0;0.0;0.0;0.0;0.0;0.0;0.0;0.405167;0.4103;0.5192;0.52888;0.2739;0.4708;3
baseline_random_matched;happy_guided_compact;Happy – parcours compact guidé;happy;3;2;0.666667;0.444444;;;0;1;0;0.0;0.333333;0.0;0.0;0.0;0.0;0.001367;0.0007;0.00268;0.002856;0.0029;0.0006;3
mcad;border_growth_partial_1998_only;Border – croissance partielle 1998 seulement;border;1;0;0.0;0.0;;;0;0;0;0.0;0.0;0.0;0.0;0.0;1.0;0.3367;0.3367;0.3367;0.3367;0.3367;0.0;3
baseline_naive;border_growth_partial_1998_only;Border – croissance partielle 1998 seulement;border;1;1;0.0;0.0;;;1;0;1;1.0;0.0;1.0;0.0;0.0;0.0;0.0009;0.0009;0.0009;0.0009;0.0009;0.0;3
baseline_measure_overlap;border_growth_partial_1998_only;Border – croissance partielle 1998 seulement;border;1;1;0.0;0.0;;;1;0;1;1.0;0.0;1.0;0.0;0.0;0.0;0.013;0.013;0.013;0.013;0.013;0.0;3
ablation_no_sat;border_growth_partial_1998_only;Border – croissance partielle 1998 seulement;border;1;0;0.0;0.0;;;0;0;0;0.0;0.0;0.0;0.0;0.0;1.0;0.3351;0.3351;0.3351;0.3351;0.3351;0.0;3
ablation_no_real;border_growth_partial_1998_only;Border – croissance partielle 1998 seulement;border;1;1;0.0;0.0;;;1;0;1;1.0;0.0;1.0;0.0;0.0;1.0;0.3417;0.3417;0.3417;0.3417;0.3417;0.0;3
ablation_ceval_any_intersection;border_growth_partial_1998_only;Border – croissance partielle 1998 seulement;border;1;1;0.0;0.0;;;1;0;1;1.0;0.0;1.0;0.0;0.0;0.0;0.3468;0.3468;0.3468;0.3468;0.3468;0.0;3
baseline_random_matched;border_growth_partial_1998_only;Border – croissance partielle 1998 seulement;border;1;1;0.0;0.0;;;1;0;1;1.0;0.0;1.0;0.0;0.0;0.0;0.0033;0.0033;0.0033;0.0033;0.0033;0.0;3
mcad;border_margin_wrong_grain;Border – marge avec grain trop grossier;border;1;0;0.0;0.0;;;0;0;0;0.0;0.0;0.0;1.0;0.0;0.0;0.202;0.202;0.202;0.202;0.202;0.0;3
baseline_naive;border_margin_wrong_grain;Border – marge avec grain trop grossier;border;1;1;0.0;0.0;;;1;0;1;1.0;0.0;1.0;0.0;0.0;0.0;0.001;0.001;0.001;0.001;0.001;0.0;3
baseline_measure_overlap;border_margin_wrong_grain;Border – marge avec grain trop grossier;border;1;1;0.0;0.0;;;1;0;1;1.0;0.0;1.0;0.0;0.0;0.0;0.0142;0.0142;0.0142;0.0142;0.0142;0.0;3
ablation_no_sat;border_margin_wrong_grain;Border – marge avec grain trop grossier;border;1;0;0.0;0.0;;;0;0;0;0.0;0.0;0.0;1.0;0.0;0.0;0.2753;0.2753;0.2753;0.2753;0.2753;0.0;3
ablation_no_real;border_margin_wrong_grain;Border – marge avec grain trop grossier;border;1;0;0.0;0.0;;;0;0;0;0.0;0.0;0.0;1.0;0.0;0.0;0.2031;0.2031;0.2031;0.2031;0.2031;0.0;3
ablation_ceval_any_intersection;border_margin_wrong_grain;Border – marge avec grain trop grossier;border;1;0;0.0;0.0;;;0;0;0;0.0;0.0;0.0;1.0;0.0;0.0;0.2178;0.2178;0.2178;0.2178;0.2178;0.0;3
baseline_random_matched;border_margin_wrong_grain;Border – marge avec grain trop grossier;border;1;1;0.0;0.0;;;1;0;1;1.0;0.0;1.0;0.0;0.0;0.0;0.0024;0.0024;0.0024;0.0024;0.0024;0.0;3
mcad;border_stockout_missing_store;Border – rupture sans grain magasin;border;1;0;0.0;0.0;;;0;0;0;0.0;0.0;0.0;1.0;0.0;0.0;0.1931;0.1931;0.1931;0.1931;0.1931;0.0;3
baseline_naive;border_stockout_missing_store;Border – rupture sans grain magasin;border;1;1;0.0;0.0;;;1;0;1;1.0;0.0;1.0;0.0;0.0;0.0;0.0009;0.0009;0.0009;0.0009;0.0009;0.0;3
baseline_measure_overlap;border_stockout_missing_store;Border – rupture sans grain magasin;border;1;1;0.0;0.0;;;1;0;1;1.0;0.0;1.0;0.0;0.0;0.0;0.0124;0.0124;0.0124;0.0124;0.0124;0.0;3
ablation_no_sat;border_stockout_missing_store;Border – rupture sans grain magasin;border;1;0;0.0;0.0;;;0;0;0;0.0;0.0;0.0;1.0;0.0;0.0;0.2586;0.2586;0.2586;0.2586;0.2586;0.0;3
ablation_no_real;border_stockout_missing_store;Border – rupture sans grain magasin;border;1;0;0.0;0.0;;;0;0;0;0.0;0.0;0.0;1.0;0.0;0.0;0.204;0.204;0.204;0.204;0.204;0.0;3
ablation_ceval_any_intersection;border_stockout_missing_store;Border – rupture sans grain magasin;border;1;0;0.0;0.0;;;0;0;0;0.0;0.0;0.0;1.0;0.0;0.0;0.1969;0.1969;0.1969;0.1969;0.1969;0.0;3
baseline_random_matched;border_stockout_missing_store;Border – rupture sans grain magasin;border;1;1;0.0;0.0;;;1;0;1;1.0;0.0;1.0;0.0;0.0;0.0;0.0023;0.0023;0.0023;0.0023;0.0023;0.0;3
mcad;adversarial_wrong_region;Adversarial – bonne mesure mais mauvaise région;adversarial;1;0;0.0;0.0;;;0;0;0;0.0;0.0;0.0;1.0;0.0;0.0;0.2709;0.2709;0.2709;0.2709;0.2709;0.0;3
baseline_naive;adversarial_wrong_region;Adversarial – bonne mesure mais mauvaise région;adversarial;1;1;0.0;0.0;;;1;0;1;1.0;0.0;1.0;0.0;0.0;0.0;0.0009;0.0009;0.0009;0.0009;0.0009;0.0;3
baseline_measure_overlap;adversarial_wrong_region;Adversarial – bonne mesure mais mauvaise région;adversarial;1;1;0.0;0.0;;;1;0;1;1.0;0.0;1.0;0.0;0.0;0.0;0.0126;0.0126;0.0126;0.0126;0.0126;0.0;3
ablation_no_sat;adversarial_wrong_region;Adversarial – bonne mesure mais mauvaise région;adversarial;1;0;0.0;0.0;;;0;0;0;0.0;0.0;0.0;1.0;0.0;0.0;0.2057;0.2057;0.2057;0.2057;0.2057;0.0;3
ablation_no_real;adversarial_wrong_region;Adversarial – bonne mesure mais mauvaise région;adversarial;1;0;0.0;0.0;;;0;0;0;0.0;0.0;0.0;1.0;0.0;0.0;0.1881;0.1881;0.1881;0.1881;0.1881;0.0;3
ablation_ceval_any_intersection;adversarial_wrong_region;Adversarial – bonne mesure mais mauvaise région;adversarial;1;0;0.0;0.0;;;0;0;0;0.0;0.0;0.0;1.0;0.0;0.0;0.1679;0.1679;0.1679;0.1679;0.1679;0.0;3
baseline_random_matched;adversarial_wrong_region;Adversarial – bonne mesure mais mauvaise région;adversarial;1;1;0.0;0.0;;;1;0;1;1.0;0.0;1.0;0.0;0.0;0.0;0.0021;0.0021;0.0021;0.0021;0.0021;0.0;3
mcad;adversarial_wrong_year;Adversarial – bonne structure mais mauvaise année;adversarial;1;0;0.0;0.0;;;0;0;0;0.0;0.0;0.0;1.0;0.0;0.0;0.1646;0.1646;0.1646;0.1646;0.1646;0.0;3
baseline_naive;adversarial_wrong_year;Adversarial – bonne structure mais mauvaise année;adversarial;1;1;0.0;0.0;;;1;0;1;1.0;0.0;1.0;0.0;0.0;0.0;0.0014;0.0014;0.0014;0.0014;0.0014;0.0;3
baseline_measure_overlap;adversarial_wrong_year;Adversarial – bonne structure mais mauvaise année;adversarial;1;1;0.0;0.0;;;1;0;1;1.0;0.0;1.0;0.0;0.0;0.0;0.0137;0.0137;0.0137;0.0137;0.0137;0.0;3
ablation_no_sat;adversarial_wrong_year;Adversarial – bonne structure mais mauvaise année;adversarial;1;0;0.0;0.0;;;0;0;0;0.0;0.0;0.0;1.0;0.0;0.0;0.1906;0.1906;0.1906;0.1906;0.1906;0.0;3
ablation_no_real;adversarial_wrong_year;Adversarial – bonne structure mais mauvaise année;adversarial;1;0;0.0;0.0;;;0;0;0;0.0;0.0;0.0;1.0;0.0;0.0;0.1705;0.1705;0.1705;0.1705;0.1705;0.0;3
ablation_ceval_any_intersection;adversarial_wrong_year;Adversarial – bonne structure mais mauvaise année;adversarial;1;0;0.0;0.0;;;0;0;0;0.0;0.0;0.0;1.0;0.0;0.0;0.1622;0.1622;0.1622;0.1622;0.1622;0.0;3
baseline_random_matched;adversarial_wrong_year;Adversarial – bonne structure mais mauvaise année;adversarial;1;1;0.0;0.0;;;1;0;1;1.0;0.0;1.0;0.0;0.0;0.0;0.0024;0.0024;0.0024;0.0024;0.0024;0.0;3
mcad;adversarial_invalid_no_measures;Adversarial – requête invalide sans mesure;adversarial;1;0;0.0;0.0;;;0;0;0;0.0;0.0;0.0;1.0;0.0;0.0;0.0729;0.0729;0.0729;0.0729;0.0729;0.0;3
baseline_naive;adversarial_invalid_no_measures;Adversarial – requête invalide sans mesure;adversarial;1;1;0.0;0.0;;;1;0;1;1.0;0.0;1.0;0.0;0.0;0.0;0.0012;0.0012;0.0012;0.0012;0.0012;0.0;3
baseline_measure_overlap;adversarial_invalid_no_measures;Adversarial – requête invalide sans mesure;adversarial;1;0;0.0;0.0;;;0;0;0;0.0;0.0;0.0;0.0;0.0;0.0;0.0176;0.0176;0.0176;0.0176;0.0176;0.0;3
ablation_no_sat;adversarial_invalid_no_measures;Adversarial – requête invalide sans mesure;adversarial;1;0;0.0;0.0;;;0;0;0;0.0;0.0;0.0;1.0;0.0;0.0;0.0864;0.0864;0.0864;0.0864;0.0864;0.0;3
ablation_no_real;adversarial_invalid_no_measures;Adversarial – requête invalide sans mesure;adversarial;1;0;0.0;0.0;;;0;0;0;0.0;0.0;0.0;1.0;0.0;0.0;0.0783;0.0783;0.0783;0.0783;0.0783;0.0;3
ablation_ceval_any_intersection;adversarial_invalid_no_measures;Adversarial – requête invalide sans mesure;adversarial;1;0;0.0;0.0;;;0;0;0;0.0;0.0;0.0;1.0;0.0;0.0;0.0703;0.0703;0.0703;0.0703;0.0703;0.0;3
baseline_random_matched;adversarial_invalid_no_measures;Adversarial – requête invalide sans mesure;adversarial;1;1;0.0;0.0;;;1;0;1;1.0;0.0;1.0;0.0;0.0;0.0;0.0025;0.0025;0.0025;0.0025;0.0025;0.0;3
mcad;stress_exploratory_then_useful;Stress – bruit exploratoire avant requête utile;stress;3;1;0.333333;0.111111;;;0;0;0;0.0;0.0;0.0;0.666667;0.0;0.0;0.2005;0.1992;0.24582;0.249964;0.1992;0.20115;3
baseline_naive;stress_exploratory_then_useful;Stress – bruit exploratoire avant requête utile;stress;3;3;0.333333;0.111111;;;2;0;2;0.666667;0.0;0.666667;0.0;0.0;0.0;0.000767;0.0006;0.00105;0.00109;0.0011;0.0006;3
baseline_measure_overlap;stress_exploratory_then_useful;Stress – bruit exploratoire avant requête utile;stress;3;3;0.333333;0.111111;;;2;0;2;0.666667;0.0;0.666667;0.0;0.0;0.0;0.0074;0.0051;0.01212;0.012744;0.0129;0.00465;3
ablation_no_sat;stress_exploratory_then_useful;Stress – bruit exploratoire avant requête utile;stress;3;1;0.333333;0.111111;;;0;0;0;0.0;0.0;0.0;0.666667;0.0;0.0;0.219767;0.2427;0.24549;0.245738;0.2427;0.2083;3
ablation_no_real;stress_exploratory_then_useful;Stress – bruit exploratoire avant requête utile;stress;3;1;0.333333;0.111111;;;0;0;0;0.0;0.0;0.0;0.666667;0.0;0.0;0.203633;0.2007;0.25596;0.260872;0.2007;0.2051;3
ablation_ceval_any_intersection;stress_exploratory_then_useful;Stress – bruit exploratoire avant requête utile;stress;3;1;0.333333;0.111111;;;0;0;0;0.0;0.0;0.0;0.666667;0.0;0.0;0.196533;0.2036;0.23897;0.242114;0.2036;0.193;3
baseline_random_matched;stress_exploratory_then_useful;Stress – bruit exploratoire avant requête utile;stress;3;1;0.333333;0.111111;;;0;0;0;0.0;0.0;0.0;0.0;0.0;0.0;0.001067;0.0006;0.00195;0.00207;0.0021;0.00055;3
mcad;happy_guided_article_short;Happy – parcours guidé article (c1 → c2 → c3);happy;3;3;1.0;0.666667;3;3;0;0;0;0.0;0.0;0.0;0.0;0.0;0.0;0.2904;0.2809;0.32743;0.331566;0.2809;0.29515;4
baseline_naive;happy_guided_article_short;Happy – parcours guidé article (c1 → c2 → c3);happy;3;3;1.0;0.666667;3;3;0;0;0;0.0;0.0;0.0;0.0;0.0;0.0;0.000567;0.0005;0.00086;0.000892;0.0009;0.0004;4
baseline_measure_overlap;happy_guided_article_short;Happy – parcours guidé article (c1 → c2 → c3);happy;3;3;1.0;0.666667;3;3;0;0;0;0.0;0.0;0.0;0.0;0.0;0.0;0.009933;0.0073;0.01513;0.015826;0.016;0.0069;4
ablation_no_sat;happy_guided_article_short;Happy – parcours guidé article (c1 → c2 → c3);happy;3;3;1.0;0.666667;3;3;0;0;0;0.0;0.0;0.0;0.0;0.0;0.0;0.305933;0.319;0.34861;0.351242;0.319;0.2994;4
ablation_no_real;happy_guided_article_short;Happy – parcours guidé article (c1 → c2 → c3);happy;3;3;1.0;0.666667;3;3;0;0;0;0.0;0.0;0.0;0.0;0.0;0.0;0.2977;0.3058;0.33217;0.334514;0.3058;0.29365;4
ablation_ceval_any_intersection;happy_guided_article_short;Happy – parcours guidé article (c1 → c2 → c3);happy;3;3;1.0;0.666667;3;3;0;0;0;0.0;0.0;0.0;0.0;0.0;0.0;0.282833;0.2823;0.32055;0.32395;0.2823;0.2831;4
baseline_random_matched;happy_guided_article_short;Happy – parcours guidé article (c1 → c2 → c3);happy;3;1;0.333333;0.222222;;;0;2;0;0.0;0.666667;0.0;0.0;0.0;0.0;0.001167;0.0006;0.00231;0.002462;0.0025;0.0005;4
mcad;happy_guided_reordered;Happy – même objectif mais ordre différent (c3 → c1 → c2);happy;3;3;1.0;0.666667;3;3;0;0;0;0.0;0.0;0.0;0.0;0.0;0.0;0.2931;0.2548;0.36775;0.37779;0.3803;0.2495;4
baseline_naive;happy_guided_reordered;Happy – même objectif mais ordre différent (c3 → c1 → c2);happy;3;3;1.0;0.666667;3;3;0;0;0;0.0;0.0;0.0;0.0;0.0;0.0;0.000567;0.0005;0.00086;0.000892;0.0009;0.0004;4
baseline_measure_overlap;happy_guided_reordered;Happy – même objectif mais ordre différent (c3 → c1 → c2);happy;3;3;1.0;0.666667;3;3;0;0;0;0.0;0.0;0.0;0.0;0.0;0.0;0.0119;0.008;0.01871;0.019662;0.0199;0.0079;4
ablation_no_sat;happy_guided_reordered;Happy – même objectif mais ordre différent (c3 → c1 → c2);happy;3;3;1.0;0.666667;3;3;0;0;0;0.0;0.0;0.0;0.0;0.0;0.0;0.2944;0.2516;0.36842;0.378804;0.3814;0.2509;4
ablation_no_real;happy_guided_reordered;Happy – même objectif mais ordre différent (c3 → c1 → c2);happy;3;3;1.0;0.666667;3;3;0;0;0;0.0;0.0;0.0;0.0;0.0;0.0;0.291733;0.254;0.36398;0.373756;0.3762;0.2495;4
ablation_ceval_any_intersection;happy_guided_reordered;Happy – même objectif mais ordre différent (c3 → c1 → c2);happy;3;3;1.0;0.666667;3;3;0;0;0;0.0;0.0;0.0;0.0;0.0;0.0;0.2838;0.2471;0.3497;0.35882;0.3611;0.24515;4
baseline_random_matched;happy_guided_reordered;Happy – même objectif mais ordre différent (c3 → c1 → c2);happy;3;1;0.333333;0.333333;;;0;2;0;0.0;0.666667;0.0;0.0;0.0;0.0;0.001767;0.0009;0.00342;0.003644;0.0037;0.0008;4
mcad;happy_guided_compact;Happy – parcours compact guidé;happy;3;3;1.0;0.666667;3;3;0;0;0;0.0;0.0;0.0;0.0;0.0;0.0;0.293833;0.2779;0.33046;0.335132;0.2779;0.3018;4
baseline_naive;happy_guided_compact;Happy – parcours compact guidé;happy;3;3;1.0;0.666667;3;3;0;0;0;0.0;0.0;0.0;0.0;0.0;0.0;0.0009;0.0009;0.00126;0.001292;0.0013;0.0007;4
baseline_measure_overlap;happy_guided_compact;Happy – parcours compact guidé;happy;3;3;1.0;0.666667;3;3;0;0;0;0.0;0.0;0.0;0.0;0.0;0.0;0.007567;0.005;0.01274;0.013428;0.0136;0.00455;4
ablation_no_sat;happy_guided_compact;Happy – parcours compact guidé;happy;3;3;1.0;0.666667;3;3;0;0;0;0.0;0.0;0.0;0.0;0.0;0.0;0.294067;0.2785;0.35302;0.359644;0.2785;0.30185;4
ablation_no_real;happy_guided_compact;Happy – parcours compact guidé;happy;3;3;1.0;0.666667;3;3;0;0;0;0.0;0.0;0.0;0.0;0.0;0.0;0.295;0.285;0.34638;0.351836;0.285;0.3;4
ablation_ceval_any_intersection;happy_guided_compact;Happy – parcours compact guidé;happy;3;3;1.0;0.666667;3;3;0;0;0;0.0;0.0;0.0;0.0;0.0;0.0;0.283033;0.2702;0.32429;0.329098;0.2702;0.28945;4
baseline_random_matched;happy_guided_compact;Happy – parcours compact guidé;happy;3;1;0.333333;0.111111;;;0;2;0;0.0;0.666667;0.0;0.0;0.0;0.0;0.001167;0.0006;0.00231;0.002462;0.0025;0.0005;4
mcad;border_growth_partial_1998_only;Border – croissance partielle 1998 seulement;border;1;0;0.0;0.0;;;0;0;0;0.0;0.0;0.0;0.0;0.0;1.0;0.3371;0.3371;0.3371;0.3371;0.3371;0.0;4
baseline_naive;border_growth_partial_1998_only;Border – croissance partielle 1998 seulement;border;1;1;0.0;0.0;;;1;0;1;1.0;0.0;1.0;0.0;0.0;0.0;0.0009;0.0009;0.0009;0.0009;0.0009;0.0;4
baseline_measure_overlap;border_growth_partial_1998_only;Border – croissance partielle 1998 seulement;border;1;1;0.0;0.0;;;1;0;1;1.0;0.0;1.0;0.0;0.0;0.0;0.0165;0.0165;0.0165;0.0165;0.0165;0.0;4
ablation_no_sat;border_growth_partial_1998_only;Border – croissance partielle 1998 seulement;border;1;0;0.0;0.0;;;0;0;0;0.0;0.0;0.0;0.0;0.0;1.0;0.3378;0.3378;0.3378;0.3378;0.3378;0.0;4
ablation_no_real;border_growth_partial_1998_only;Border – croissance partielle 1998 seulement;border;1;1;0.0;0.0;;;1;0;1;1.0;0.0;1.0;0.0;0.0;1.0;0.366;0.366;0.366;0.366;0.366;0.0;4
ablation_ceval_any_intersection;border_growth_partial_1998_only;Border – croissance partielle 1998 seulement;border;1;1;0.0;0.0;;;1;0;1;1.0;0.0;1.0;0.0;0.0;0.0;0.3431;0.3431;0.3431;0.3431;0.3431;0.0;4
baseline_random_matched;border_growth_partial_1998_only;Border – croissance partielle 1998 seulement;border;1;1;0.0;0.0;;;1;0;1;1.0;0.0;1.0;0.0;0.0;0.0;0.0026;0.0026;0.0026;0.0026;0.0026;0.0;4
mcad;border_margin_wrong_grain;Border – marge avec grain trop grossier;border;1;0;0.0;0.0;;;0;0;0;0.0;0.0;0.0;1.0;0.0;0.0;0.3578;0.3578;0.3578;0.3578;0.3578;0.0;4
baseline_naive;border_margin_wrong_grain;Border – marge avec grain trop grossier;border;1;1;0.0;0.0;;;1;0;1;1.0;0.0;1.0;0.0;0.0;0.0;0.0017;0.0017;0.0017;0.0017;0.0017;0.0;4
baseline_measure_overlap;border_margin_wrong_grain;Border – marge avec grain trop grossier;border;1;1;0.0;0.0;;;1;0;1;1.0;0.0;1.0;0.0;0.0;0.0;0.0147;0.0147;0.0147;0.0147;0.0147;0.0;4
ablation_no_sat;border_margin_wrong_grain;Border – marge avec grain trop grossier;border;1;0;0.0;0.0;;;0;0;0;0.0;0.0;0.0;1.0;0.0;0.0;0.2868;0.2868;0.2868;0.2868;0.2868;0.0;4
ablation_no_real;border_margin_wrong_grain;Border – marge avec grain trop grossier;border;1;0;0.0;0.0;;;0;0;0;0.0;0.0;0.0;1.0;0.0;0.0;0.2058;0.2058;0.2058;0.2058;0.2058;0.0;4
ablation_ceval_any_intersection;border_margin_wrong_grain;Border – marge avec grain trop grossier;border;1;0;0.0;0.0;;;0;0;0;0.0;0.0;0.0;1.0;0.0;0.0;0.1966;0.1966;0.1966;0.1966;0.1966;0.0;4
baseline_random_matched;border_margin_wrong_grain;Border – marge avec grain trop grossier;border;1;0;0.0;0.0;;;0;0;0;0.0;0.0;0.0;0.0;0.0;0.0;0.0028;0.0028;0.0028;0.0028;0.0028;0.0;4
mcad;border_stockout_missing_store;Border – rupture sans grain magasin;border;1;0;0.0;0.0;;;0;0;0;0.0;0.0;0.0;1.0;0.0;0.0;0.1943;0.1943;0.1943;0.1943;0.1943;0.0;4
baseline_naive;border_stockout_missing_store;Border – rupture sans grain magasin;border;1;1;0.0;0.0;;;1;0;1;1.0;0.0;1.0;0.0;0.0;0.0;0.0012;0.0012;0.0012;0.0012;0.0012;0.0;4
baseline_measure_overlap;border_stockout_missing_store;Border – rupture sans grain magasin;border;1;1;0.0;0.0;;;1;0;1;1.0;0.0;1.0;0.0;0.0;0.0;0.0136;0.0136;0.0136;0.0136;0.0136;0.0;4
ablation_no_sat;border_stockout_missing_store;Border – rupture sans grain magasin;border;1;0;0.0;0.0;;;0;0;0;0.0;0.0;0.0;1.0;0.0;0.0;0.2691;0.2691;0.2691;0.2691;0.2691;0.0;4
ablation_no_real;border_stockout_missing_store;Border – rupture sans grain magasin;border;1;0;0.0;0.0;;;0;0;0;0.0;0.0;0.0;1.0;0.0;0.0;0.2018;0.2018;0.2018;0.2018;0.2018;0.0;4
ablation_ceval_any_intersection;border_stockout_missing_store;Border – rupture sans grain magasin;border;1;0;0.0;0.0;;;0;0;0;0.0;0.0;0.0;1.0;0.0;0.0;0.2149;0.2149;0.2149;0.2149;0.2149;0.0;4
baseline_random_matched;border_stockout_missing_store;Border – rupture sans grain magasin;border;1;1;0.0;0.0;;;1;0;1;1.0;0.0;1.0;0.0;0.0;0.0;0.0024;0.0024;0.0024;0.0024;0.0024;0.0;4
mcad;adversarial_wrong_region;Adversarial – bonne mesure mais mauvaise région;adversarial;1;0;0.0;0.0;;;0;0;0;0.0;0.0;0.0;1.0;0.0;0.0;0.1675;0.1675;0.1675;0.1675;0.1675;0.0;4
baseline_naive;adversarial_wrong_region;Adversarial – bonne mesure mais mauvaise région;adversarial;1;1;0.0;0.0;;;1;0;1;1.0;0.0;1.0;0.0;0.0;0.0;0.0013;0.0013;0.0013;0.0013;0.0013;0.0;4
baseline_measure_overlap;adversarial_wrong_region;Adversarial – bonne mesure mais mauvaise région;adversarial;1;1;0.0;0.0;;;1;0;1;1.0;0.0;1.0;0.0;0.0;0.0;0.013;0.013;0.013;0.013;0.013;0.0;4
ablation_no_sat;adversarial_wrong_region;Adversarial – bonne mesure mais mauvaise région;adversarial;1;0;0.0;0.0;;;0;0;0;0.0;0.0;0.0;1.0;0.0;0.0;0.216;0.216;0.216;0.216;0.216;0.0;4
ablation_no_real;adversarial_wrong_region;Adversarial – bonne mesure mais mauvaise région;adversarial;1;0;0.0;0.0;;;0;0;0;0.0;0.0;0.0;1.0;0.0;0.0;0.1758;0.1758;0.1758;0.1758;0.1758;0.0;4
ablation_ceval_any_intersection;adversarial_wrong_region;Adversarial – bonne mesure mais mauvaise région;adversarial;1;0;0.0;0.0;;;0;0;0;0.0;0.0;0.0;1.0;0.0;0.0;0.1681;0.1681;0.1681;0.1681;0.1681;0.0;4
baseline_random_matched;adversarial_wrong_region;Adversarial – bonne mesure mais mauvaise région;adversarial;1;0;0.0;0.0;;;0;0;0;0.0;0.0;0.0;0.0;0.0;0.0;0.0031;0.0031;0.0031;0.0031;0.0031;0.0;4
mcad;adversarial_wrong_year;Adversarial – bonne structure mais mauvaise année;adversarial;1;0;0.0;0.0;;;0;0;0;0.0;0.0;0.0;1.0;0.0;0.0;0.2847;0.2847;0.2847;0.2847;0.2847;0.0;4
baseline_naive;adversarial_wrong_year;Adversarial – bonne structure mais mauvaise année;adversarial;1;1;0.0;0.0;;;1;0;1;1.0;0.0;1.0;0.0;0.0;0.0;0.0013;0.0013;0.0013;0.0013;0.0013;0.0;4
baseline_measure_overlap;adversarial_wrong_year;Adversarial – bonne structure mais mauvaise année;adversarial;1;1;0.0;0.0;;;1;0;1;1.0;0.0;1.0;0.0;0.0;0.0;0.0254;0.0254;0.0254;0.0254;0.0254;0.0;4
ablation_no_sat;adversarial_wrong_year;Adversarial – bonne structure mais mauvaise année;adversarial;1;0;0.0;0.0;;;0;0;0;0.0;0.0;0.0;1.0;0.0;0.0;0.2185;0.2185;0.2185;0.2185;0.2185;0.0;4
ablation_no_real;adversarial_wrong_year;Adversarial – bonne structure mais mauvaise année;adversarial;1;0;0.0;0.0;;;0;0;0;0.0;0.0;0.0;1.0;0.0;0.0;0.2956;0.2956;0.2956;0.2956;0.2956;0.0;4
ablation_ceval_any_intersection;adversarial_wrong_year;Adversarial – bonne structure mais mauvaise année;adversarial;1;0;0.0;0.0;;;0;0;0;0.0;0.0;0.0;1.0;0.0;0.0;0.299;0.299;0.299;0.299;0.299;0.0;4
baseline_random_matched;adversarial_wrong_year;Adversarial – bonne structure mais mauvaise année;adversarial;1;0;0.0;0.0;;;0;0;0;0.0;0.0;0.0;0.0;0.0;0.0;0.0039;0.0039;0.0039;0.0039;0.0039;0.0;4
mcad;adversarial_invalid_no_measures;Adversarial – requête invalide sans mesure;adversarial;1;0;0.0;0.0;;;0;0;0;0.0;0.0;0.0;1.0;0.0;0.0;0.1258;0.1258;0.1258;0.1258;0.1258;0.0;4
baseline_naive;adversarial_invalid_no_measures;Adversarial – requête invalide sans mesure;adversarial;1;1;0.0;0.0;;;1;0;1;1.0;0.0;1.0;0.0;0.0;0.0;0.0014;0.0014;0.0014;0.0014;0.0014;0.0;4
baseline_measure_overlap;adversarial_invalid_no_measures;Adversarial – requête invalide sans mesure;adversarial;1;0;0.0;0.0;;;0;0;0;0.0;0.0;0.0;0.0;0.0;0.0;0.0256;0.0256;0.0256;0.0256;0.0256;0.0;4
ablation_no_sat;adversarial_invalid_no_measures;Adversarial – requête invalide sans mesure;adversarial;1;0;0.0;0.0;;;0;0;0;0.0;0.0;0.0;1.0;0.0;0.0;0.1277;0.1277;0.1277;0.1277;0.1277;0.0;4
ablation_no_real;adversarial_invalid_no_measures;Adversarial – requête invalide sans mesure;adversarial;1;0;0.0;0.0;;;0;0;0;0.0;0.0;0.0;1.0;0.0;0.0;0.0926;0.0926;0.0926;0.0926;0.0926;0.0;4
ablation_ceval_any_intersection;adversarial_invalid_no_measures;Adversarial – requête invalide sans mesure;adversarial;1;0;0.0;0.0;;;0;0;0;0.0;0.0;0.0;1.0;0.0;0.0;0.0746;0.0746;0.0746;0.0746;0.0746;0.0;4
baseline_random_matched;adversarial_invalid_no_measures;Adversarial – requête invalide sans mesure;adversarial;1;1;0.0;0.0;;;1;0;1;1.0;0.0;1.0;0.0;0.0;0.0;0.0037;0.0037;0.0037;0.0037;0.0037;0.0;4
mcad;stress_exploratory_then_useful;Stress – bruit exploratoire avant requête utile;stress;3;1;0.333333;0.111111;;;0;0;0;0.0;0.0;0.0;0.666667;0.0;0.0;0.206033;0.2211;0.24963;0.252166;0.2211;0.1985;4
baseline_naive;stress_exploratory_then_useful;Stress – bruit exploratoire avant requête utile;stress;3;3;0.333333;0.111111;;;2;0;2;0.666667;0.0;0.666667;0.0;0.0;0.0;0.000567;0.0004;0.00085;0.00089;0.0009;0.0004;4
baseline_measure_overlap;stress_exploratory_then_useful;Stress – bruit exploratoire avant requête utile;stress;3;3;0.333333;0.111111;;;2;0;2;0.666667;0.0;0.666667;0.0;0.0;0.0;0.007633;0.0051;0.01293;0.013626;0.0138;0.00455;4
ablation_no_sat;stress_exploratory_then_useful;Stress – bruit exploratoire avant requête utile;stress;3;1;0.333333;0.111111;;;0;0;0;0.0;0.0;0.0;0.666667;0.0;0.0;0.2248;0.2453;0.25637;0.257354;0.2576;0.2084;4
ablation_no_real;stress_exploratory_then_useful;Stress – bruit exploratoire avant requête utile;stress;3;1;0.333333;0.111111;;;0;0;0;0.0;0.0;0.0;0.666667;0.0;0.0;0.215067;0.2275;0.25405;0.25641;0.2275;0.20885;4
ablation_ceval_any_intersection;stress_exploratory_then_useful;Stress – bruit exploratoire avant requête utile;stress;3;1;0.333333;0.111111;;;0;0;0;0.0;0.0;0.0;0.666667;0.0;0.0;0.1941;0.1949;0.23963;0.243606;0.1949;0.1937;4
baseline_random_matched;stress_exploratory_then_useful;Stress – bruit exploratoire avant requête utile;stress;3;3;0.333333;0.111111;;;2;0;2;0.666667;0.0;0.666667;0.0;0.0;0.0;0.001767;0.0008;0.0035;0.00374;0.0038;0.00075;4
mcad;happy_guided_article_short;Happy – parcours guidé article (c1 → c2 → c3);happy;3;3;1.0;0.666667;3;3;0;0;0;0.0;0.0;0.0;0.0;0.0;0.0;0.2996;0.3108;0.33906;0.341572;0.3108;0.294;5
baseline_naive;happy_guided_article_short;Happy – parcours guidé article (c1 → c2 → c3);happy;3;3;1.0;0.666667;3;3;0;0;0;0.0;0.0;0.0;0.0;0.0;0.0;0.000567;0.0004;0.00094;0.000988;0.001;0.00035;5
baseline_measure_overlap;happy_guided_article_short;Happy – parcours guidé article (c1 → c2 → c3);happy;3;3;1.0;0.666667;3;3;0;0;0;0.0;0.0;0.0;0.0;0.0;0.0;0.011;0.008;0.01745;0.01829;0.0185;0.00725;5
ablation_no_sat;happy_guided_article_short;Happy – parcours guidé article (c1 → c2 → c3);happy;3;3;1.0;0.666667;3;3;0;0;0;0.0;0.0;0.0;0.0;0.0;0.0;0.292933;0.2853;0.34002;0.344884;0.2853;0.29675;5
ablation_no_real;happy_guided_article_short;Happy – parcours guidé article (c1 → c2 → c3);happy;3;3;1.0;0.666667;3;3;0;0;0;0.0;0.0;0.0;0.0;0.0;0.0;0.294367;0.2884;0.3397;0.34426;0.2884;0.29735;5
ablation_ceval_any_intersection;happy_guided_article_short;Happy – parcours guidé article (c1 → c2 → c3);happy;3;3;1.0;0.666667;3;3;0;0;0;0.0;0.0;0.0;0.0;0.0;0.0;0.294367;0.3016;0.33616;0.339232;0.3016;0.29075;5
baseline_random_matched;happy_guided_article_short;Happy – parcours guidé article (c1 → c2 → c3);happy;3;2;0.666667;0.444444;;;0;1;0;0.0;0.333333;0.0;0.0;0.0;0.0;0.001967;0.001;0.00397;0.004234;0.0043;0.0008;5
mcad;happy_guided_reordered;Happy – même objectif mais ordre différent (c3 → c1 → c2);happy;3;3;1.0;0.666667;3;3;0;0;0;0.0;0.0;0.0;0.0;0.0;0.0;0.288867;0.2597;0.35609;0.364658;0.3668;0.2499;5
baseline_naive;happy_guided_reordered;Happy – même objectif mais ordre différent (c3 → c1 → c2);happy;3;3;1.0;0.666667;3;3;0;0;0;0.0;0.0;0.0;0.0;0.0;0.0;0.000533;0.0004;0.00085;0.00089;0.0009;0.00035;5
baseline_measure_overlap;happy_guided_reordered;Happy – même objectif mais ordre différent (c3 → c1 → c2);happy;3;3;1.0;0.666667;3;3;0;0;0;0.0;0.0;0.0;0.0;0.0;0.0;0.007967;0.0053;0.01331;0.014022;0.0142;0.00485;5
ablation_no_sat;happy_guided_reordered;Happy – même objectif mais ordre différent (c3 → c1 → c2);happy;3;3;1.0;0.666667;3;3;0;0;0;0.0;0.0;0.0;0.0;0.0;0.0;0.287767;0.2506;0.35383;0.363006;0.3653;0.249;5
ablation_no_real;happy_guided_reordered;Happy – même objectif mais ordre différent (c3 → c1 → c2);happy;3;3;1.0;0.666667;3;3;0;0;0;0.0;0.0;0.0;0.0;0.0;0.0;0.294667;0.2545;0.36322;0.372884;0.3753;0.25435;5
ablation_ceval_any_intersection;happy_guided_reordered;Happy – même objectif mais ordre différent (c3 → c1 → c2);happy;3;3;1.0;0.666667;3;3;0;0;0;0.0;0.0;0.0;0.0;0.0;0.0;0.2814;0.2435;0.35015;0.35963;0.362;0.2411;5
baseline_random_matched;happy_guided_reordered;Happy – même objectif mais ordre différent (c3 → c1 → c2);happy;3;2;0.666667;0.444444;;;0;1;0;0.0;0.333333;0.0;0.0;0.0;0.0;0.0018;0.0011;0.00344;0.003648;0.0037;0.00085;5
mcad;happy_guided_compact;Happy – parcours compact guidé;happy;3;3;1.0;0.666667;3;3;0;0;0;0.0;0.0;0.0;0.0;0.0;0.0;0.3009;0.2922;0.33558;0.339436;0.2922;0.30525;5
baseline_naive;happy_guided_compact;Happy – parcours compact guidé;happy;3;3;1.0;0.666667;3;3;0;0;0;0.0;0.0;0.0;0.0;0.0;0.0;0.000633;0.0004;0.00103;0.001086;0.0011;0.0004;5
baseline_measure_overlap;happy_guided_compact;Happy – parcours compact guidé;happy;3;3;1.0;0.666667;3;3;0;0;0;0.0;0.0;0.0;0.0;0.0;0.0;0.008067;0.0052;0.01357;0.014314;0.0145;0.00485;5
ablation_no_sat;happy_guided_compact;Happy – parcours compact guidé;happy;3;3;1.0;0.666667;3;3;0;0;0;0.0;0.0;0.0;0.0;0.0;0.0;0.289267;0.2875;0.33259;0.336598;0.2875;0.29015;5
ablation_no_real;happy_guided_compact;Happy – parcours compact guidé;happy;3;3;1.0;0.666667;3;3;0;0;0;0.0;0.0;0.0;0.0;0.0;0.0;0.300333;0.3034;0.34228;0.345736;0.3034;0.2988;5
ablation_ceval_any_intersection;happy_guided_compact;Happy – parcours compact guidé;happy;3;3;1.0;0.666667;3;3;0;0;0;0.0;0.0;0.0;0.0;0.0;0.0;0.294967;0.3038;0.33485;0.33761;0.3038;0.29055;5
baseline_random_matched;happy_guided_compact;Happy – parcours compact guidé;happy;3;1;0.333333;0.333333;;;0;2;0;0.0;0.666667;0.0;0.0;0.0;0.0;0.001467;0.0007;0.00295;0.00315;0.0032;0.0006;5
mcad;border_growth_partial_1998_only;Border – croissance partielle 1998 seulement;border;1;0;0.0;0.0;;;0;0;0;0.0;0.0;0.0;0.0;0.0;1.0;0.5068;0.5068;0.5068;0.5068;0.5068;0.0;5
baseline_naive;border_growth_partial_1998_only;Border – croissance partielle 1998 seulement;border;1;1;0.0;0.0;;;1;0;1;1.0;0.0;1.0;0.0;0.0;0.0;0.0009;0.0009;0.0009;0.0009;0.0009;0.0;5
baseline_measure_overlap;border_growth_partial_1998_only;Border – croissance partielle 1998 seulement;border;1;1;0.0;0.0;;;1;0;1;1.0;0.0;1.0;0.0;0.0;0.0;0.0179;0.0179;0.0179;0.0179;0.0179;0.0;5
ablation_no_sat;border_growth_partial_1998_only;Border – croissance partielle 1998 seulement;border;1;0;0.0;0.0;;;0;0;0;0.0;0.0;0.0;0.0;0.0;1.0;0.629;0.629;0.629;0.629;0.629;0.0;5
ablation_no_real;border_growth_partial_1998_only;Border – croissance partielle 1998 seulement;border;1;1;0.0;0.0;;;1;0;1;1.0;0.0;1.0;0.0;0.0;1.0;0.3438;0.3438;0.3438;0.3438;0.3438;0.0;5
ablation_ceval_any_intersection;border_growth_partial_1998_only;Border – croissance partielle 1998 seulement;border;1;1;0.0;0.0;;;1;0;1;1.0;0.0;1.0;0.0;0.0;0.0;0.3466;0.3466;0.3466;0.3466;0.3466;0.0;5
baseline_random_matched;border_growth_partial_1998_only;Border – croissance partielle 1998 seulement;border;1;1;0.0;0.0;;;1;0;1;1.0;0.0;1.0;0.0;0.0;0.0;0.0028;0.0028;0.0028;0.0028;0.0028;0.0;5
mcad;border_margin_wrong_grain;Border – marge avec grain trop grossier;border;1;0;0.0;0.0;;;0;0;0;0.0;0.0;0.0;1.0;0.0;0.0;0.3251;0.3251;0.3251;0.3251;0.3251;0.0;5
baseline_naive;border_margin_wrong_grain;Border – marge avec grain trop grossier;border;1;1;0.0;0.0;;;1;0;1;1.0;0.0;1.0;0.0;0.0;0.0;0.0009;0.0009;0.0009;0.0009;0.0009;0.0;5
baseline_measure_overlap;border_margin_wrong_grain;Border – marge avec grain trop grossier;border;1;1;0.0;0.0;;;1;0;1;1.0;0.0;1.0;0.0;0.0;0.0;0.0129;0.0129;0.0129;0.0129;0.0129;0.0;5
ablation_no_sat;border_margin_wrong_grain;Border – marge avec grain trop grossier;border;1;0;0.0;0.0;;;0;0;0;0.0;0.0;0.0;1.0;0.0;0.0;0.2587;0.2587;0.2587;0.2587;0.2587;0.0;5
ablation_no_real;border_margin_wrong_grain;Border – marge avec grain trop grossier;border;1;0;0.0;0.0;;;0;0;0;0.0;0.0;0.0;1.0;0.0;0.0;0.2034;0.2034;0.2034;0.2034;0.2034;0.0;5
ablation_ceval_any_intersection;border_margin_wrong_grain;Border – marge avec grain trop grossier;border;1;0;0.0;0.0;;;0;0;0;0.0;0.0;0.0;1.0;0.0;0.0;0.2184;0.2184;0.2184;0.2184;0.2184;0.0;5
baseline_random_matched;border_margin_wrong_grain;Border – marge avec grain trop grossier;border;1;1;0.0;0.0;;;1;0;1;1.0;0.0;1.0;0.0;0.0;0.0;0.0024;0.0024;0.0024;0.0024;0.0024;0.0;5
mcad;border_stockout_missing_store;Border – rupture sans grain magasin;border;1;0;0.0;0.0;;;0;0;0;0.0;0.0;0.0;1.0;0.0;0.0;0.2037;0.2037;0.2037;0.2037;0.2037;0.0;5
baseline_naive;border_stockout_missing_store;Border – rupture sans grain magasin;border;1;1;0.0;0.0;;;1;0;1;1.0;0.0;1.0;0.0;0.0;0.0;0.0011;0.0011;0.0011;0.0011;0.0011;0.0;5
baseline_measure_overlap;border_stockout_missing_store;Border – rupture sans grain magasin;border;1;1;0.0;0.0;;;1;0;1;1.0;0.0;1.0;0.0;0.0;0.0;0.0138;0.0138;0.0138;0.0138;0.0138;0.0;5
ablation_no_sat;border_stockout_missing_store;Border – rupture sans grain magasin;border;1;0;0.0;0.0;;;0;0;0;0.0;0.0;0.0;1.0;0.0;0.0;0.2593;0.2593;0.2593;0.2593;0.2593;0.0;5
ablation_no_real;border_stockout_missing_store;Border – rupture sans grain magasin;border;1;0;0.0;0.0;;;0;0;0;0.0;0.0;0.0;1.0;0.0;0.0;0.21;0.21;0.21;0.21;0.21;0.0;5
ablation_ceval_any_intersection;border_stockout_missing_store;Border – rupture sans grain magasin;border;1;0;0.0;0.0;;;0;0;0;0.0;0.0;0.0;1.0;0.0;0.0;0.1931;0.1931;0.1931;0.1931;0.1931;0.0;5
baseline_random_matched;border_stockout_missing_store;Border – rupture sans grain magasin;border;1;0;0.0;0.0;;;0;0;0;0.0;0.0;0.0;0.0;0.0;0.0;0.0024;0.0024;0.0024;0.0024;0.0024;0.0;5
mcad;adversarial_wrong_region;Adversarial – bonne mesure mais mauvaise région;adversarial;1;0;0.0;0.0;;;0;0;0;0.0;0.0;0.0;1.0;0.0;0.0;0.1696;0.1696;0.1696;0.1696;0.1696;0.0;5
baseline_naive;adversarial_wrong_region;Adversarial – bonne mesure mais mauvaise région;adversarial;1;1;0.0;0.0;;;1;0;1;1.0;0.0;1.0;0.0;0.0;0.0;0.0011;0.0011;0.0011;0.0011;0.0011;0.0;5
baseline_measure_overlap;adversarial_wrong_region;Adversarial – bonne mesure mais mauvaise région;adversarial;1;1;0.0;0.0;;;1;0;1;1.0;0.0;1.0;0.0;0.0;0.0;0.013;0.013;0.013;0.013;0.013;0.0;5
ablation_no_sat;adversarial_wrong_region;Adversarial – bonne mesure mais mauvaise région;adversarial;1;0;0.0;0.0;;;0;0;0;0.0;0.0;0.0;1.0;0.0;0.0;0.3859;0.3859;0.3859;0.3859;0.3859;0.0;5
ablation_no_real;adversarial_wrong_region;Adversarial – bonne mesure mais mauvaise région;adversarial;1;0;0.0;0.0;;;0;0;0;0.0;0.0;0.0;1.0;0.0;0.0;0.3089;0.3089;0.3089;0.3089;0.3089;0.0;5
ablation_ceval_any_intersection;adversarial_wrong_region;Adversarial – bonne mesure mais mauvaise région;adversarial;1;0;0.0;0.0;;;0;0;0;0.0;0.0;0.0;1.0;0.0;0.0;0.2628;0.2628;0.2628;0.2628;0.2628;0.0;5
baseline_random_matched;adversarial_wrong_region;Adversarial – bonne mesure mais mauvaise région;adversarial;1;0;0.0;0.0;;;0;0;0;0.0;0.0;0.0;0.0;0.0;0.0;0.0042;0.0042;0.0042;0.0042;0.0042;0.0;5
mcad;adversarial_wrong_year;Adversarial – bonne structure mais mauvaise année;adversarial;1;0;0.0;0.0;;;0;0;0;0.0;0.0;0.0;1.0;0.0;0.0;0.1904;0.1904;0.1904;0.1904;0.1904;0.0;5
baseline_naive;adversarial_wrong_year;Adversarial – bonne structure mais mauvaise année;adversarial;1;1;0.0;0.0;;;1;0;1;1.0;0.0;1.0;0.0;0.0;0.0;0.0011;0.0011;0.0011;0.0011;0.0011;0.0;5
baseline_measure_overlap;adversarial_wrong_year;Adversarial – bonne structure mais mauvaise année;adversarial;1;1;0.0;0.0;;;1;0;1;1.0;0.0;1.0;0.0;0.0;0.0;0.0148;0.0148;0.0148;0.0148;0.0148;0.0;5
ablation_no_sat;adversarial_wrong_year;Adversarial – bonne structure mais mauvaise année;adversarial;1;0;0.0;0.0;;;0;0;0;0.0;0.0;0.0;1.0;0.0;0.0;0.2109;0.2109;0.2109;0.2109;0.2109;0.0;5
ablation_no_real;adversarial_wrong_year;Adversarial – bonne structure mais mauvaise année;adversarial;1;0;0.0;0.0;;;0;0;0;0.0;0.0;0.0;1.0;0.0;0.0;0.2793;0.2793;0.2793;0.2793;0.2793;0.0;5
ablation_ceval_any_intersection;adversarial_wrong_year;Adversarial – bonne structure mais mauvaise année;adversarial;1;0;0.0;0.0;;;0;0;0;0.0;0.0;0.0;1.0;0.0;0.0;0.1667;0.1667;0.1667;0.1667;0.1667;0.0;5
baseline_random_matched;adversarial_wrong_year;Adversarial – bonne structure mais mauvaise année;adversarial;1;1;0.0;0.0;;;1;0;1;1.0;0.0;1.0;0.0;0.0;0.0;0.0029;0.0029;0.0029;0.0029;0.0029;0.0;5
mcad;adversarial_invalid_no_measures;Adversarial – requête invalide sans mesure;adversarial;1;0;0.0;0.0;;;0;0;0;0.0;0.0;0.0;1.0;0.0;0.0;0.0728;0.0728;0.0728;0.0728;0.0728;0.0;5
baseline_naive;adversarial_invalid_no_measures;Adversarial – requête invalide sans mesure;adversarial;1;1;0.0;0.0;;;1;0;1;1.0;0.0;1.0;0.0;0.0;0.0;0.001;0.001;0.001;0.001;0.001;0.0;5
baseline_measure_overlap;adversarial_invalid_no_measures;Adversarial – requête invalide sans mesure;adversarial;1;0;0.0;0.0;;;0;0;0;0.0;0.0;0.0;0.0;0.0;0.0;0.0131;0.0131;0.0131;0.0131;0.0131;0.0;5
ablation_no_sat;adversarial_invalid_no_measures;Adversarial – requête invalide sans mesure;adversarial;1;0;0.0;0.0;;;0;0;0;0.0;0.0;0.0;1.0;0.0;0.0;0.0875;0.0875;0.0875;0.0875;0.0875;0.0;5
ablation_no_real;adversarial_invalid_no_measures;Adversarial – requête invalide sans mesure;adversarial;1;0;0.0;0.0;;;0;0;0;0.0;0.0;0.0;1.0;0.0;0.0;0.079;0.079;0.079;0.079;0.079;0.0;5
ablation_ceval_any_intersection;adversarial_invalid_no_measures;Adversarial – requête invalide sans mesure;adversarial;1;0;0.0;0.0;;;0;0;0;0.0;0.0;0.0;1.0;0.0;0.0;0.103;0.103;0.103;0.103;0.103;0.0;5
baseline_random_matched;adversarial_invalid_no_measures;Adversarial – requête invalide sans mesure;adversarial;1;0;0.0;0.0;;;0;0;0;0.0;0.0;0.0;0.0;0.0;0.0;0.0035;0.0035;0.0035;0.0035;0.0035;0.0;5
mcad;stress_exploratory_then_useful;Stress – bruit exploratoire avant requête utile;stress;3;1;0.333333;0.111111;;;0;0;0;0.0;0.0;0.0;0.666667;0.0;0.0;0.203333;0.2143;0.24751;0.250462;0.2143;0.19785;5
baseline_naive;stress_exploratory_then_useful;Stress – bruit exploratoire avant requête utile;stress;3;3;0.333333;0.111111;;;2;0;2;0.666667;0.0;0.666667;0.0;0.0;0.0;0.0006;0.0005;0.00095;0.00099;0.001;0.0004;5
baseline_measure_overlap;stress_exploratory_then_useful;Stress – bruit exploratoire avant requête utile;stress;3;3;0.333333;0.111111;;;2;0;2;0.666667;0.0;0.666667;0.0;0.0;0.0;0.007867;0.0054;0.01314;0.013828;0.014;0.0048;5
ablation_no_sat;stress_exploratory_then_useful;Stress – bruit exploratoire avant requête utile;stress;3;1;0.333333;0.111111;;;0;0;0;0.0;0.0;0.0;0.666667;0.0;0.0;0.365333;0.3756;0.42843;0.433126;0.3756;0.3602;5
ablation_no_real;stress_exploratory_then_useful;Stress – bruit exploratoire avant requête utile;stress;3;1;0.333333;0.111111;;;0;0;0;0.0;0.0;0.0;0.666667;0.0;0.0;0.201267;0.2026;0.24841;0.252482;0.2026;0.2006;5
ablation_ceval_any_intersection;stress_exploratory_then_useful;Stress – bruit exploratoire avant requête utile;stress;3;1;0.333333;0.111111;;;0;0;0;0.0;0.0;0.0;0.666667;0.0;0.0;0.193567;0.1944;0.24003;0.244086;0.1944;0.19315;5
baseline_random_matched;stress_exploratory_then_useful;Stress – bruit exploratoire avant requête utile;stress;3;1;0.0;0.0;;;1;1;1;0.333333;0.333333;1.0;0.0;0.0;0.0;0.001333;0.0007;0.00259;0.002758;0.0028;0.0006;5
mcad;happy_guided_article_short;Happy – parcours guidé article (c1 → c2 → c3);happy;3;3;1.0;0.666667;3;3;0;0;0;0.0;0.0;0.0;0.0;0.0;0.0;0.2904;0.2797;0.33748;0.342616;0.2797;0.29575;6
baseline_naive;happy_guided_article_short;Happy – parcours guidé article (c1 → c2 → c3);happy;3;3;1.0;0.666667;3;3;0;0;0;0.0;0.0;0.0;0.0;0.0;0.0;0.000733;0.0008;0.00098;0.000996;0.001;0.0006;6
baseline_measure_overlap;happy_guided_article_short;Happy – parcours guidé article (c1 → c2 → c3);happy;3;3;1.0;0.666667;3;3;0;0;0;0.0;0.0;0.0;0.0;0.0;0.0;0.007533;0.0055;0.01198;0.012556;0.0127;0.00495;6
ablation_no_sat;happy_guided_article_short;Happy – parcours guidé article (c1 → c2 → c3);happy;3;3;1.0;0.666667;3;3;0;0;0;0.0;0.0;0.0;0.0;0.0;0.0;0.555467;0.516;0.64317;0.654474;0.516;0.5752;6
ablation_no_real;happy_guided_article_short;Happy – parcours guidé article (c1 → c2 → c3);happy;3;3;1.0;0.666667;3;3;0;0;0;0.0;0.0;0.0;0.0;0.0;0.0;0.5782;0.5579;0.67238;0.682556;0.5579;0.58835;6
ablation_ceval_any_intersection;happy_guided_article_short;Happy – parcours guidé article (c1 → c2 → c3);happy;3;3;1.0;0.666667;3;3;0;0;0;0.0;0.0;0.0;0.0;0.0;0.0;0.525033;0.4674;0.63453;0.649386;0.4674;0.55385;6
baseline_random_matched;happy_guided_article_short;Happy – parcours guidé article (c1 → c2 → c3);happy;3;2;0.666667;0.333333;;;0;1;0;0.0;0.333333;0.0;0.0;0.0;0.0;0.0013;0.0007;0.0025;0.00266;0.0027;0.0006;6
mcad;happy_guided_reordered;Happy – même objectif mais ordre différent (c3 → c1 → c2);happy;3;3;1.0;0.666667;3;3;0;0;0;0.0;0.0;0.0;0.0;0.0;0.0;0.292333;0.2602;0.35965;0.36849;0.3707;0.25315;6
baseline_naive;happy_guided_reordered;Happy – même objectif mais ordre différent (c3 → c1 → c2);happy;3;3;1.0;0.666667;3;3;0;0;0;0.0;0.0;0.0;0.0;0.0;0.0;0.000667;0.0005;0.00104;0.001088;0.0011;0.00045;6
baseline_measure_overlap;happy_guided_reordered;Happy – même objectif mais ordre différent (c3 → c1 → c2);happy;3;3;1.0;0.666667;3;3;0;0;0;0.0;0.0;0.0;0.0;0.0;0.0;0.008067;0.0053;0.01367;0.014414;0.0146;0.0048;6
ablation_no_sat;happy_guided_reordered;Happy – même objectif mais ordre différent (c3 → c1 → c2);happy;3;3;1.0;0.666667;3;3;0;0;0;0.0;0.0;0.0;0.0;0.0;0.0;0.2863;0.2492;0.35666;0.366212;0.3686;0.24515;6
ablation_no_real;happy_guided_reordered;Happy – même objectif mais ordre différent (c3 → c1 → c2);happy;3;3;1.0;0.666667;3;3;0;0;0;0.0;0.0;0.0;0.0;0.0;0.0;0.294;0.2541;0.36912;0.379344;0.3819;0.25005;6
ablation_ceval_any_intersection;happy_guided_reordered;Happy – même objectif mais ordre différent (c3 → c1 → c2);happy;3;3;1.0;0.666667;3;3;0;0;0;0.0;0.0;0.0;0.0;0.0;0.0;0.285333;0.2563;0.3517;0.36018;0.3623;0.24685;6
baseline_random_matched;happy_guided_reordered;Happy – même objectif mais ordre différent (c3 → c1 → c2);happy;3;2;0.666667;0.555556;;;0;1;0;0.0;0.333333;0.0;0.0;0.0;0.0;0.001367;0.0007;0.00277;0.002954;0.003;0.00055;6
mcad;happy_guided_compact;Happy – parcours compact guidé;happy;3;3;1.0;0.666667;3;3;0;0;0;0.0;0.0;0.0;0.0;0.0;0.0;0.2902;0.2782;0.34174;0.347388;0.2782;0.2962;6
baseline_naive;happy_guided_compact;Happy – parcours compact guidé;happy;3;3;1.0;0.666667;3;3;0;0;0;0.0;0.0;0.0;0.0;0.0;0.0;0.000733;0.0007;0.00097;0.000994;0.001;0.0006;6
baseline_measure_overlap;happy_guided_compact;Happy – parcours compact guidé;happy;3;3;1.0;0.666667;3;3;0;0;0;0.0;0.0;0.0;0.0;0.0;0.0;0.0073;0.0053;0.01178;0.012356;0.0125;0.0047;6
ablation_no_sat;happy_guided_compact;Happy – parcours compact guidé;happy;3;3;1.0;0.666667;3;3;0;0;0;0.0;0.0;0.0;0.0;0.0;0.0;0.286867;0.2764;0.32752;0.332064;0.2764;0.2921;6
ablation_no_real;happy_guided_compact;Happy – parcours compact guidé;happy;3;3;1.0;0.666667;3;3;0;0;0;0.0;0.0;0.0;0.0;0.0;0.0;0.293667;0.2953;0.33526;0.338812;0.2953;0.29285;6
ablation_ceval_any_intersection;happy_guided_compact;Happy – parcours compact guidé;happy;3;3;1.0;0.666667;3;3;0;0;0;0.0;0.0;0.0;0.0;0.0;0.0;0.286133;0.2742;0.3291;0.33398;0.2742;0.2921;6
baseline_random_matched;happy_guided_compact;Happy – parcours compact guidé;happy;3;1;0.333333;0.222222;;;0;2;0;0.0;0.666667;0.0;0.0;0.0;0.0;0.0016;0.0008;0.00314;0.003348;0.0034;0.0007;6
mcad;border_growth_partial_1998_only;Border – croissance partielle 1998 seulement;border;1;0;0.0;0.0;;;0;0;0;0.0;0.0;0.0;0.0;0.0;1.0;0.3359;0.3359;0.3359;0.3359;0.3359;0.0;6
baseline_naive;border_growth_partial_1998_only;Border – croissance partielle 1998 seulement;border;1;1;0.0;0.0;;;1;0;1;1.0;0.0;1.0;0.0;0.0;0.0;0.0009;0.0009;0.0009;0.0009;0.0009;0.0;6
baseline_measure_overlap;border_growth_partial_1998_only;Border – croissance partielle 1998 seulement;border;1;1;0.0;0.0;;;1;0;1;1.0;0.0;1.0;0.0;0.0;0.0;0.0127;0.0127;0.0127;0.0127;0.0127;0.0;6
ablation_no_sat;border_growth_partial_1998_only;Border – croissance partielle 1998 seulement;border;1;0;0.0;0.0;;;0;0;0;0.0;0.0;0.0;0.0;0.0;1.0;0.3468;0.3468;0.3468;0.3468;0.3468;0.0;6
ablation_no_real;border_growth_partial_1998_only;Border – croissance partielle 1998 seulement;border;1;1;0.0;0.0;;;1;0;1;1.0;0.0;1.0;0.0;0.0;1.0;0.3548;0.3548;0.3548;0.3548;0.3548;0.0;6
ablation_ceval_any_intersection;border_growth_partial_1998_only;Border – croissance partielle 1998 seulement;border;1;1;0.0;0.0;;;1;0;1;1.0;0.0;1.0;0.0;0.0;0.0;0.3355;0.3355;0.3355;0.3355;0.3355;0.0;6
baseline_random_matched;border_growth_partial_1998_only;Border – croissance partielle 1998 seulement;border;1;0;0.0;0.0;;;0;0;0;0.0;0.0;0.0;0.0;0.0;0.0;0.0029;0.0029;0.0029;0.0029;0.0029;0.0;6
mcad;border_margin_wrong_grain;Border – marge avec grain trop grossier;border;1;0;0.0;0.0;;;0;0;0;0.0;0.0;0.0;1.0;0.0;0.0;0.1969;0.1969;0.1969;0.1969;0.1969;0.0;6
baseline_naive;border_margin_wrong_grain;Border – marge avec grain trop grossier;border;1;1;0.0;0.0;;;1;0;1;1.0;0.0;1.0;0.0;0.0;0.0;0.0012;0.0012;0.0012;0.0012;0.0012;0.0;6
baseline_measure_overlap;border_margin_wrong_grain;Border – marge avec grain trop grossier;border;1;1;0.0;0.0;;;1;0;1;1.0;0.0;1.0;0.0;0.0;0.0;0.0212;0.0212;0.0212;0.0212;0.0212;0.0;6
ablation_no_sat;border_margin_wrong_grain;Border – marge avec grain trop grossier;border;1;0;0.0;0.0;;;0;0;0;0.0;0.0;0.0;1.0;0.0;0.0;0.4508;0.4508;0.4508;0.4508;0.4508;0.0;6
ablation_no_real;border_margin_wrong_grain;Border – marge avec grain trop grossier;border;1;0;0.0;0.0;;;0;0;0;0.0;0.0;0.0;1.0;0.0;0.0;0.2114;0.2114;0.2114;0.2114;0.2114;0.0;6
ablation_ceval_any_intersection;border_margin_wrong_grain;Border – marge avec grain trop grossier;border;1;0;0.0;0.0;;;0;0;0;0.0;0.0;0.0;1.0;0.0;0.0;0.2091;0.2091;0.2091;0.2091;0.2091;0.0;6
baseline_random_matched;border_margin_wrong_grain;Border – marge avec grain trop grossier;border;1;1;0.0;0.0;;;1;0;1;1.0;0.0;1.0;0.0;0.0;0.0;0.0027;0.0027;0.0027;0.0027;0.0027;0.0;6
mcad;border_stockout_missing_store;Border – rupture sans grain magasin;border;1;0;0.0;0.0;;;0;0;0;0.0;0.0;0.0;1.0;0.0;0.0;0.1949;0.1949;0.1949;0.1949;0.1949;0.0;6
baseline_naive;border_stockout_missing_store;Border – rupture sans grain magasin;border;1;1;0.0;0.0;;;1;0;1;1.0;0.0;1.0;0.0;0.0;0.0;0.0009;0.0009;0.0009;0.0009;0.0009;0.0;6
baseline_measure_overlap;border_stockout_missing_store;Border – rupture sans grain magasin;border;1;1;0.0;0.0;;;1;0;1;1.0;0.0;1.0;0.0;0.0;0.0;0.0136;0.0136;0.0136;0.0136;0.0136;0.0;6
ablation_no_sat;border_stockout_missing_store;Border – rupture sans grain magasin;border;1;0;0.0;0.0;;;0;0;0;0.0;0.0;0.0;1.0;0.0;0.0;0.2629;0.2629;0.2629;0.2629;0.2629;0.0;6
ablation_no_real;border_stockout_missing_store;Border – rupture sans grain magasin;border;1;0;0.0;0.0;;;0;0;0;0.0;0.0;0.0;1.0;0.0;0.0;0.3326;0.3326;0.3326;0.3326;0.3326;0.0;6
ablation_ceval_any_intersection;border_stockout_missing_store;Border – rupture sans grain magasin;border;1;0;0.0;0.0;;;0;0;0;0.0;0.0;0.0;1.0;0.0;0.0;0.2194;0.2194;0.2194;0.2194;0.2194;0.0;6
baseline_random_matched;border_stockout_missing_store;Border – rupture sans grain magasin;border;1;1;0.0;0.0;;;1;0;1;1.0;0.0;1.0;0.0;0.0;0.0;0.0036;0.0036;0.0036;0.0036;0.0036;0.0;6
mcad;adversarial_wrong_region;Adversarial – bonne mesure mais mauvaise région;adversarial;1;0;0.0;0.0;;;0;0;0;0.0;0.0;0.0;1.0;0.0;0.0;0.6919;0.6919;0.6919;0.6919;0.6919;0.0;6
baseline_naive;adversarial_wrong_region;Adversarial – bonne mesure mais mauvaise région;adversarial;1;1;0.0;0.0;;;1;0;1;1.0;0.0;1.0;0.0;0.0;0.0;0.0012;0.0012;0.0012;0.0012;0.0012;0.0;6
baseline_measure_overlap;adversarial_wrong_region;Adversarial – bonne mesure mais mauvaise région;adversarial;1;1;0.0;0.0;;;1;0;1;1.0;0.0;1.0;0.0;0.0;0.0;0.0218;0.0218;0.0218;0.0218;0.0218;0.0;6
ablation_no_sat;adversarial_wrong_region;Adversarial – bonne mesure mais mauvaise région;adversarial;1;0;0.0;0.0;;;0;0;0;0.0;0.0;0.0;1.0;0.0;0.0;0.217;0.217;0.217;0.217;0.217;0.0;6
ablation_no_real;adversarial_wrong_region;Adversarial – bonne mesure mais mauvaise région;adversarial;1;0;0.0;0.0;;;0;0;0;0.0;0.0;0.0;1.0;0.0;0.0;0.2927;0.2927;0.2927;0.2927;0.2927;0.0;6
ablation_ceval_any_intersection;adversarial_wrong_region;Adversarial – bonne mesure mais mauvaise région;adversarial;1;0;0.0;0.0;;;0;0;0;0.0;0.0;0.0;1.0;0.0;0.0;0.3688;0.3688;0.3688;0.3688;0.3688;0.0;6
baseline_random_matched;adversarial_wrong_region;Adversarial – bonne mesure mais mauvaise région;adversarial;1;0;0.0;0.0;;;0;0;0;0.0;0.0;0.0;0.0;0.0;0.0;0.0065;0.0065;0.0065;0.0065;0.0065;0.0;6
mcad;adversarial_wrong_year;Adversarial – bonne structure mais mauvaise année;adversarial;1;0;0.0;0.0;;;0;0;0;0.0;0.0;0.0;1.0;0.0;0.0;0.3971;0.3971;0.3971;0.3971;0.3971;0.0;6
baseline_naive;adversarial_wrong_year;Adversarial – bonne structure mais mauvaise année;adversarial;1;1;0.0;0.0;;;1;0;1;1.0;0.0;1.0;0.0;0.0;0.0;0.0029;0.0029;0.0029;0.0029;0.0029;0.0;6
baseline_measure_overlap;adversarial_wrong_year;Adversarial – bonne structure mais mauvaise année;adversarial;1;1;0.0;0.0;;;1;0;1;1.0;0.0;1.0;0.0;0.0;0.0;0.0386;0.0386;0.0386;0.0386;0.0386;0.0;6
ablation_no_sat;adversarial_wrong_year;Adversarial – bonne structure mais mauvaise année;adversarial;1;0;0.0;0.0;;;0;0;0;0.0;0.0;0.0;1.0;0.0;0.0;0.4133;0.4133;0.4133;0.4133;0.4133;0.0;6
ablation_no_real;adversarial_wrong_year;Adversarial – bonne structure mais mauvaise année;adversarial;1;0;0.0;0.0;;;0;0;0;0.0;0.0;0.0;1.0;0.0;0.0;0.2163;0.2163;0.2163;0.2163;0.2163;0.0;6
ablation_ceval_any_intersection;adversarial_wrong_year;Adversarial – bonne structure mais mauvaise année;adversarial;1;0;0.0;0.0;;;0;0;0;0.0;0.0;0.0;1.0;0.0;0.0;0.1809;0.1809;0.1809;0.1809;0.1809;0.0;6
baseline_random_matched;adversarial_wrong_year;Adversarial – bonne structure mais mauvaise année;adversarial;1;1;0.0;0.0;;;1;0;1;1.0;0.0;1.0;0.0;0.0;0.0;0.0031;0.0031;0.0031;0.0031;0.0031;0.0;6
mcad;adversarial_invalid_no_measures;Adversarial – requête invalide sans mesure;adversarial;1;0;0.0;0.0;;;0;0;0;0.0;0.0;0.0;1.0;0.0;0.0;0.075;0.075;0.075;0.075;0.075;0.0;6
baseline_naive;adversarial_invalid_no_measures;Adversarial – requête invalide sans mesure;adversarial;1;1;0.0;0.0;;;1;0;1;1.0;0.0;1.0;0.0;0.0;0.0;0.0011;0.0011;0.0011;0.0011;0.0011;0.0;6
baseline_measure_overlap;adversarial_invalid_no_measures;Adversarial – requête invalide sans mesure;adversarial;1;0;0.0;0.0;;;0;0;0;0.0;0.0;0.0;0.0;0.0;0.0;0.0143;0.0143;0.0143;0.0143;0.0143;0.0;6
ablation_no_sat;adversarial_invalid_no_measures;Adversarial – requête invalide sans mesure;adversarial;1;0;0.0;0.0;;;0;0;0;0.0;0.0;0.0;1.0;0.0;0.0;0.0901;0.0901;0.0901;0.0901;0.0901;0.0;6
ablation_no_real;adversarial_invalid_no_measures;Adversarial – requête invalide sans mesure;adversarial;1;0;0.0;0.0;;;0;0;0;0.0;0.0;0.0;1.0;0.0;0.0;0.1281;0.1281;0.1281;0.1281;0.1281;0.0;6
ablation_ceval_any_intersection;adversarial_invalid_no_measures;Adversarial – requête invalide sans mesure;adversarial;1;0;0.0;0.0;;;0;0;0;0.0;0.0;0.0;1.0;0.0;0.0;0.0754;0.0754;0.0754;0.0754;0.0754;0.0;6
baseline_random_matched;adversarial_invalid_no_measures;Adversarial – requête invalide sans mesure;adversarial;1;1;0.0;0.0;;;1;0;1;1.0;0.0;1.0;0.0;0.0;0.0;0.0033;0.0033;0.0033;0.0033;0.0033;0.0;6
mcad;stress_exploratory_then_useful;Stress – bruit exploratoire avant requête utile;stress;3;1;0.333333;0.111111;;;0;0;0;0.0;0.0;0.0;0.666667;0.0;0.0;0.198933;0.2017;0.24778;0.251876;0.2017;0.19755;6
baseline_naive;stress_exploratory_then_useful;Stress – bruit exploratoire avant requête utile;stress;3;3;0.333333;0.111111;;;2;0;2;0.666667;0.0;0.666667;0.0;0.0;0.0;0.000933;0.0008;0.00134;0.001388;0.0014;0.0007;6
baseline_measure_overlap;stress_exploratory_then_useful;Stress – bruit exploratoire avant requête utile;stress;3;3;0.333333;0.111111;;;2;0;2;0.666667;0.0;0.666667;0.0;0.0;0.0;0.0081;0.0055;0.01351;0.014222;0.0144;0.00495;6
ablation_no_sat;stress_exploratory_then_useful;Stress – bruit exploratoire avant requête utile;stress;3;1;0.333333;0.111111;;;0;0;0;0.0;0.0;0.0;0.666667;0.0;0.0;0.225067;0.248;0.2534;0.25388;0.254;0.2106;6
ablation_no_real;stress_exploratory_then_useful;Stress – bruit exploratoire avant requête utile;stress;3;1;0.333333;0.111111;;;0;0;0;0.0;0.0;0.0;0.666667;0.0;0.0;0.215967;0.2125;0.27613;0.281786;0.2125;0.2177;6
ablation_ceval_any_intersection;stress_exploratory_then_useful;Stress – bruit exploratoire avant requête utile;stress;3;1;0.333333;0.111111;;;0;0;0;0.0;0.0;0.0;0.666667;0.0;0.0;0.208867;0.2005;0.27394;0.280468;0.2005;0.21305;6
baseline_random_matched;stress_exploratory_then_useful;Stress – bruit exploratoire avant requête utile;stress;3;2;0.333333;0.111111;;;1;0;1;0.333333;0.0;0.5;0.0;0.0;0.0;0.001467;0.0007;0.00295;0.00315;0.0032;0.0006;6
mcad;happy_guided_article_short;Happy – parcours guidé article (c1 → c2 → c3);happy;3;3;1.0;0.666667;3;3;0;0;0;0.0;0.0;0.0;0.0;0.0;0.0;0.295733;0.283;0.35086;0.356892;0.283;0.3021;7
baseline_naive;happy_guided_article_short;Happy – parcours guidé article (c1 → c2 → c3);happy;3;3;1.0;0.666667;3;3;0;0;0;0.0;0.0;0.0;0.0;0.0;0.0;0.0007;0.0005;0.00113;0.001186;0.0012;0.00045;7
baseline_measure_overlap;happy_guided_article_short;Happy – parcours guidé article (c1 → c2 → c3);happy;3;3;1.0;0.666667;3;3;0;0;0;0.0;0.0;0.0;0.0;0.0;0.0;0.007667;0.0055;0.01252;0.013144;0.0133;0.00485;7
ablation_no_sat;happy_guided_article_short;Happy – parcours guidé article (c1 → c2 → c3);happy;3;3;1.0;0.666667;3;3;0;0;0;0.0;0.0;0.0;0.0;0.0;0.0;0.2879;0.2918;0.32546;0.328452;0.2918;0.28595;7
ablation_no_real;happy_guided_article_short;Happy – parcours guidé article (c1 → c2 → c3);happy;3;3;1.0;0.666667;3;3;0;0;0;0.0;0.0;0.0;0.0;0.0;0.0;0.2923;0.2967;0.32955;0.33247;0.2967;0.2901;7
ablation_ceval_any_intersection;happy_guided_article_short;Happy – parcours guidé article (c1 → c2 → c3);happy;3;3;1.0;0.666667;3;3;0;0;0;0.0;0.0;0.0;0.0;0.0;0.0;0.2947;0.2974;0.32962;0.332484;0.2974;0.29335;7
baseline_random_matched;happy_guided_article_short;Happy – parcours guidé article (c1 → c2 → c3);happy;3;2;0.666667;0.333333;;;0;1;0;0.0;0.333333;0.0;0.0;0.0;0.0;0.001733;0.0007;0.00367;0.003934;0.004;0.0006;7
mcad;happy_guided_reordered;Happy – même objectif mais ordre différent (c3 → c1 → c2);happy;3;3;1.0;0.666667;3;3;0;0;0;0.0;0.0;0.0;0.0;0.0;0.0;0.288933;0.2589;0.357;0.36572;0.3679;0.24945;7
baseline_naive;happy_guided_reordered;Happy – même objectif mais ordre différent (c3 → c1 → c2);happy;3;3;1.0;0.666667;3;3;0;0;0;0.0;0.0;0.0;0.0;0.0;0.0;0.000667;0.0005;0.00104;0.001088;0.0011;0.00045;7
baseline_measure_overlap;happy_guided_reordered;Happy – même objectif mais ordre différent (c3 → c1 → c2);happy;3;3;1.0;0.666667;3;3;0;0;0;0.0;0.0;0.0;0.0;0.0;0.0;0.007833;0.0049;0.01318;0.013916;0.0141;0.0047;7
ablation_no_sat;happy_guided_reordered;Happy – même objectif mais ordre différent (c3 → c1 → c2);happy;3;3;1.0;0.666667;3;3;0;0;0;0.0;0.0;0.0;0.0;0.0;0.0;0.2905;0.2505;0.36678;0.377116;0.3797;0.2459;7
ablation_no_real;happy_guided_reordered;Happy – même objectif mais ordre différent (c3 → c1 → c2);happy;3;3;1.0;0.666667;3;3;0;0;0;0.0;0.0;0.0;0.0;0.0;0.0;0.2946;0.2622;0.36246;0.371372;0.3736;0.2551;7
ablation_ceval_any_intersection;happy_guided_reordered;Happy – même objectif mais ordre différent (c3 → c1 → c2);happy;3;3;1.0;0.666667;3;3;0;0;0;0.0;0.0;0.0;0.0;0.0;0.0;0.283533;0.2471;0.35546;0.365092;0.3675;0.24155;7
baseline_random_matched;happy_guided_reordered;Happy – même objectif mais ordre différent (c3 → c1 → c2);happy;3;3;1.0;0.666667;3;3;0;0;0;0.0;0.0;0.0;0.0;0.0;0.0;0.001533;0.0007;0.00313;0.003346;0.0034;0.0006;7
mcad;happy_guided_compact;Happy – parcours compact guidé;happy;3;3;1.0;0.666667;3;3;0;0;0;0.0;0.0;0.0;0.0;0.0;0.0;0.2853;0.2774;0.32546;0.329732;0.2774;0.28925;7
baseline_naive;happy_guided_compact;Happy – parcours compact guidé;happy;3;3;1.0;0.666667;3;3;0;0;0;0.0;0.0;0.0;0.0;0.0;0.0;0.0006;0.0005;0.00095;0.00099;0.001;0.0004;7
baseline_measure_overlap;happy_guided_compact;Happy – parcours compact guidé;happy;3;3;1.0;0.666667;3;3;0;0;0;0.0;0.0;0.0;0.0;0.0;0.0;0.007367;0.0052;0.01195;0.01255;0.0127;0.0047;7
ablation_no_sat;happy_guided_compact;Happy – parcours compact guidé;happy;3;3;1.0;0.666667;3;3;0;0;0;0.0;0.0;0.0;0.0;0.0;0.0;0.537167;0.4751;0.65123;0.666886;0.4751;0.5682;7
ablation_no_real;happy_guided_compact;Happy – parcours compact guidé;happy;3;3;1.0;0.666667;3;3;0;0;0;0.0;0.0;0.0;0.0;0.0;0.0;0.5164;0.5233;0.56119;0.564558;0.5233;0.51295;7
ablation_ceval_any_intersection;happy_guided_compact;Happy – parcours compact guidé;happy;3;3;1.0;0.666667;3;3;0;0;0;0.0;0.0;0.0;0.0;0.0;0.0;0.5457;0.5202;0.65241;0.664162;0.5202;0.55845;7
baseline_random_matched;happy_guided_compact;Happy – parcours compact guidé;happy;3;1;0.333333;0.111111;;;0;2;0;0.0;0.666667;0.0;0.0;0.0;0.0;0.002333;0.001;0.00478;0.005116;0.0052;0.0009;7
mcad;border_growth_partial_1998_only;Border – croissance partielle 1998 seulement;border;1;0;0.0;0.0;;;0;0;0;0.0;0.0;0.0;0.0;0.0;1.0;0.5488;0.5488;0.5488;0.5488;0.5488;0.0;7
baseline_naive;border_growth_partial_1998_only;Border – croissance partielle 1998 seulement;border;1;1;0.0;0.0;;;1;0;1;1.0;0.0;1.0;0.0;0.0;0.0;0.001;0.001;0.001;0.001;0.001;0.0;7
baseline_measure_overlap;border_growth_partial_1998_only;Border – croissance partielle 1998 seulement;border;1;1;0.0;0.0;;;1;0;1;1.0;0.0;1.0;0.0;0.0;0.0;0.0196;0.0196;0.0196;0.0196;0.0196;0.0;7
ablation_no_sat;border_growth_partial_1998_only;Border – croissance partielle 1998 seulement;border;1;0;0.0;0.0;;;0;0;0;0.0;0.0;0.0;0.0;0.0;1.0;0.3546;0.3546;0.3546;0.3546;0.3546;0.0;7
ablation_no_real;border_growth_partial_1998_only;Border – croissance partielle 1998 seulement;border;1;1;0.0;0.0;;;1;0;1;1.0;0.0;1.0;0.0;0.0;1.0;0.3546;0.3546;0.3546;0.3546;0.3546;0.0;7
ablation_ceval_any_intersection;border_growth_partial_1998_only;Border – croissance partielle 1998 seulement;border;1;1;0.0;0.0;;;1;0;1;1.0;0.0;1.0;0.0;0.0;0.0;0.3352;0.3352;0.3352;0.3352;0.3352;0.0;7
baseline_random_matched;border_growth_partial_1998_only;Border – croissance partielle 1998 seulement;border;1;1;0.0;0.0;;;1;0;1;1.0;0.0;1.0;0.0;0.0;0.0;0.003;0.003;0.003;0.003;0.003;0.0;7
mcad;border_margin_wrong_grain;Border – marge avec grain trop grossier;border;1;0;0.0;0.0;;;0;0;0;0.0;0.0;0.0;1.0;0.0;0.0;0.1968;0.1968;0.1968;0.1968;0.1968;0.0;7
baseline_naive;border_margin_wrong_grain;Border – marge avec grain trop grossier;border;1;1;0.0;0.0;;;1;0;1;1.0;0.0;1.0;0.0;0.0;0.0;0.0009;0.0009;0.0009;0.0009;0.0009;0.0;7
baseline_measure_overlap;border_margin_wrong_grain;Border – marge avec grain trop grossier;border;1;1;0.0;0.0;;;1;0;1;1.0;0.0;1.0;0.0;0.0;0.0;0.0323;0.0323;0.0323;0.0323;0.0323;0.0;7
ablation_no_sat;border_margin_wrong_grain;Border – marge avec grain trop grossier;border;1;0;0.0;0.0;;;0;0;0;0.0;0.0;0.0;1.0;0.0;0.0;0.2635;0.2635;0.2635;0.2635;0.2635;0.0;7
ablation_no_real;border_margin_wrong_grain;Border – marge avec grain trop grossier;border;1;0;0.0;0.0;;;0;0;0;0.0;0.0;0.0;1.0;0.0;0.0;0.2047;0.2047;0.2047;0.2047;0.2047;0.0;7
ablation_ceval_any_intersection;border_margin_wrong_grain;Border – marge avec grain trop grossier;border;1;0;0.0;0.0;;;0;0;0;0.0;0.0;0.0;1.0;0.0;0.0;0.195;0.195;0.195;0.195;0.195;0.0;7
baseline_random_matched;border_margin_wrong_grain;Border – marge avec grain trop grossier;border;1;1;0.0;0.0;;;1;0;1;1.0;0.0;1.0;0.0;0.0;0.0;0.0031;0.0031;0.0031;0.0031;0.0031;0.0;7
mcad;border_stockout_missing_store;Border – rupture sans grain magasin;border;1;0;0.0;0.0;;;0;0;0;0.0;0.0;0.0;1.0;0.0;0.0;0.3255;0.3255;0.3255;0.3255;0.3255;0.0;7
baseline_naive;border_stockout_missing_store;Border – rupture sans grain magasin;border;1;1;0.0;0.0;;;1;0;1;1.0;0.0;1.0;0.0;0.0;0.0;0.0014;0.0014;0.0014;0.0014;0.0014;0.0;7
baseline_measure_overlap;border_stockout_missing_store;Border – rupture sans grain magasin;border;1;1;0.0;0.0;;;1;0;1;1.0;0.0;1.0;0.0;0.0;0.0;0.0198;0.0198;0.0198;0.0198;0.0198;0.0;7
ablation_no_sat;border_stockout_missing_store;Border – rupture sans grain magasin;border;1;0;0.0;0.0;;;0;0;0;0.0;0.0;0.0;1.0;0.0;0.0;0.2787;0.2787;0.2787;0.2787;0.2787;0.0;7
ablation_no_real;border_stockout_missing_store;Border – rupture sans grain magasin;border;1;0;0.0;0.0;;;0;0;0;0.0;0.0;0.0;1.0;0.0;0.0;0.2043;0.2043;0.2043;0.2043;0.2043;0.0;7
ablation_ceval_any_intersection;border_stockout_missing_store;Border – rupture sans grain magasin;border;1;0;0.0;0.0;;;0;0;0;0.0;0.0;0.0;1.0;0.0;0.0;0.1921;0.1921;0.1921;0.1921;0.1921;0.0;7
baseline_random_matched;border_stockout_missing_store;Border – rupture sans grain magasin;border;1;1;0.0;0.0;;;1;0;1;1.0;0.0;1.0;0.0;0.0;0.0;0.0031;0.0031;0.0031;0.0031;0.0031;0.0;7
mcad;adversarial_wrong_region;Adversarial – bonne mesure mais mauvaise région;adversarial;1;0;0.0;0.0;;;0;0;0;0.0;0.0;0.0;1.0;0.0;0.0;0.1713;0.1713;0.1713;0.1713;0.1713;0.0;7
baseline_naive;adversarial_wrong_region;Adversarial – bonne mesure mais mauvaise région;adversarial;1;1;0.0;0.0;;;1;0;1;1.0;0.0;1.0;0.0;0.0;0.0;0.0012;0.0012;0.0012;0.0012;0.0012;0.0;7
baseline_measure_overlap;adversarial_wrong_region;Adversarial – bonne mesure mais mauvaise région;adversarial;1;1;0.0;0.0;;;1;0;1;1.0;0.0;1.0;0.0;0.0;0.0;0.0137;0.0137;0.0137;0.0137;0.0137;0.0;7
ablation_no_sat;adversarial_wrong_region;Adversarial – bonne mesure mais mauvaise région;adversarial;1;0;0.0;0.0;;;0;0;0;0.0;0.0;0.0;1.0;0.0;0.0;0.2065;0.2065;0.2065;0.2065;0.2065;0.0;7
ablation_no_real;adversarial_wrong_region;Adversarial – bonne mesure mais mauvaise région;adversarial;1;0;0.0;0.0;;;0;0;0;0.0;0.0;0.0;1.0;0.0;0.0;0.1874;0.1874;0.1874;0.1874;0.1874;0.0;7
ablation_ceval_any_intersection;adversarial_wrong_region;Adversarial – bonne mesure mais mauvaise région;adversarial;1;0;0.0;0.0;;;0;0;0;0.0;0.0;0.0;1.0;0.0;0.0;0.1787;0.1787;0.1787;0.1787;0.1787;0.0;7
baseline_random_matched;adversarial_wrong_region;Adversarial – bonne mesure mais mauvaise région;adversarial;1;1;0.0;0.0;;;1;0;1;1.0;0.0;1.0;0.0;0.0;0.0;0.0025;0.0025;0.0025;0.0025;0.0025;0.0;7
mcad;adversarial_wrong_year;Adversarial – bonne structure mais mauvaise année;adversarial;1;0;0.0;0.0;;;0;0;0;0.0;0.0;0.0;1.0;0.0;0.0;0.1781;0.1781;0.1781;0.1781;0.1781;0.0;7
baseline_naive;adversarial_wrong_year;Adversarial – bonne structure mais mauvaise année;adversarial;1;1;0.0;0.0;;;1;0;1;1.0;0.0;1.0;0.0;0.0;0.0;0.0011;0.0011;0.0011;0.0011;0.0011;0.0;7
baseline_measure_overlap;adversarial_wrong_year;Adversarial – bonne structure mais mauvaise année;adversarial;1;1;0.0;0.0;;;1;0;1;1.0;0.0;1.0;0.0;0.0;0.0;0.014;0.014;0.014;0.014;0.014;0.0;7
ablation_no_sat;adversarial_wrong_year;Adversarial – bonne structure mais mauvaise année;adversarial;1;0;0.0;0.0;;;0;0;0;0.0;0.0;0.0;1.0;0.0;0.0;0.1936;0.1936;0.1936;0.1936;0.1936;0.0;7
ablation_no_real;adversarial_wrong_year;Adversarial – bonne structure mais mauvaise année;adversarial;1;0;0.0;0.0;;;0;0;0;0.0;0.0;0.0;1.0;0.0;0.0;0.1838;0.1838;0.1838;0.1838;0.1838;0.0;7
ablation_ceval_any_intersection;adversarial_wrong_year;Adversarial – bonne structure mais mauvaise année;adversarial;1;0;0.0;0.0;;;0;0;0;0.0;0.0;0.0;1.0;0.0;0.0;0.1728;0.1728;0.1728;0.1728;0.1728;0.0;7
baseline_random_matched;adversarial_wrong_year;Adversarial – bonne structure mais mauvaise année;adversarial;1;0;0.0;0.0;;;0;0;0;0.0;0.0;0.0;0.0;0.0;0.0;0.0026;0.0026;0.0026;0.0026;0.0026;0.0;7
mcad;adversarial_invalid_no_measures;Adversarial – requête invalide sans mesure;adversarial;1;0;0.0;0.0;;;0;0;0;0.0;0.0;0.0;1.0;0.0;0.0;0.0763;0.0763;0.0763;0.0763;0.0763;0.0;7
baseline_naive;adversarial_invalid_no_measures;Adversarial – requête invalide sans mesure;adversarial;1;1;0.0;0.0;;;1;0;1;1.0;0.0;1.0;0.0;0.0;0.0;0.0012;0.0012;0.0012;0.0012;0.0012;0.0;7
baseline_measure_overlap;adversarial_invalid_no_measures;Adversarial – requête invalide sans mesure;adversarial;1;0;0.0;0.0;;;0;0;0;0.0;0.0;0.0;0.0;0.0;0.0;0.0137;0.0137;0.0137;0.0137;0.0137;0.0;7
ablation_no_sat;adversarial_invalid_no_measures;Adversarial – requête invalide sans mesure;adversarial;1;0;0.0;0.0;;;0;0;0;0.0;0.0;0.0;1.0;0.0;0.0;0.0896;0.0896;0.0896;0.0896;0.0896;0.0;7
ablation_no_real;adversarial_invalid_no_measures;Adversarial – requête invalide sans mesure;adversarial;1;0;0.0;0.0;;;0;0;0;0.0;0.0;0.0;1.0;0.0;0.0;0.0793;0.0793;0.0793;0.0793;0.0793;0.0;7
ablation_ceval_any_intersection;adversarial_invalid_no_measures;Adversarial – requête invalide sans mesure;adversarial;1;0;0.0;0.0;;;0;0;0;0.0;0.0;0.0;1.0;0.0;0.0;0.0728;0.0728;0.0728;0.0728;0.0728;0.0;7
baseline_random_matched;adversarial_invalid_no_measures;Adversarial – requête invalide sans mesure;adversarial;1;0;0.0;0.0;;;0;0;0;0.0;0.0;0.0;0.0;0.0;0.0;0.0028;0.0028;0.0028;0.0028;0.0028;0.0;7
mcad;stress_exploratory_then_useful;Stress – bruit exploratoire avant requête utile;stress;3;1;0.333333;0.111111;;;0;0;0;0.0;0.0;0.0;0.666667;0.0;0.0;0.199833;0.196;0.24469;0.249018;0.196;0.20175;7
baseline_naive;stress_exploratory_then_useful;Stress – bruit exploratoire avant requête utile;stress;3;3;0.333333;0.111111;;;2;0;2;0.666667;0.0;0.666667;0.0;0.0;0.0;0.000533;0.0004;0.00085;0.00089;0.0009;0.00035;7
baseline_measure_overlap;stress_exploratory_then_useful;Stress – bruit exploratoire avant requête utile;stress;3;3;0.333333;0.111111;;;2;0;2;0.666667;0.0;0.666667;0.0;0.0;0.0;0.011133;0.0081;0.01719;0.017998;0.0182;0.0076;7
ablation_no_sat;stress_exploratory_then_useful;Stress – bruit exploratoire avant requête utile;stress;3;1;0.333333;0.111111;;;0;0;0;0.0;0.0;0.0;0.666667;0.0;0.0;0.219767;0.2446;0.24487;0.244894;0.2446;0.20735;7
ablation_no_real;stress_exploratory_then_useful;Stress – bruit exploratoire avant requête utile;stress;3;1;0.333333;0.111111;;;0;0;0;0.0;0.0;0.0;0.666667;0.0;0.0;0.2046;0.2001;0.25887;0.264094;0.2001;0.20685;7
ablation_ceval_any_intersection;stress_exploratory_then_useful;Stress – bruit exploratoire avant requête utile;stress;3;1;0.333333;0.111111;;;0;0;0;0.0;0.0;0.0;0.666667;0.0;0.0;0.1934;0.1929;0.24051;0.244742;0.1929;0.19365;7
baseline_random_matched;stress_exploratory_then_useful;Stress – bruit exploratoire avant requête utile;stress;3;1;0.0;0.0;;;1;1;1;0.333333;0.333333;1.0;0.0;0.0;0.0;0.0012;0.0006;0.00231;0.002462;0.0025;0.00055;7
mcad;happy_guided_article_short;Happy – parcours guidé article (c1 → c2 → c3);happy;3;3;1.0;0.666667;3;3;0;0;0;0.0;0.0;0.0;0.0;0.0;0.0;0.2886;0.2763;0.32787;0.332454;0.2763;0.29475;8
baseline_naive;happy_guided_article_short;Happy – parcours guidé article (c1 → c2 → c3);happy;3;3;1.0;0.666667;3;3;0;0;0;0.0;0.0;0.0;0.0;0.0;0.0;0.000567;0.0005;0.00086;0.000892;0.0009;0.0004;8
baseline_measure_overlap;happy_guided_article_short;Happy – parcours guidé article (c1 → c2 → c3);happy;3;3;1.0;0.666667;3;3;0;0;0;0.0;0.0;0.0;0.0;0.0;0.0;0.010533;0.008;0.01601;0.016722;0.0169;0.00735;8
ablation_no_sat;happy_guided_article_short;Happy – parcours guidé article (c1 → c2 → c3);happy;3;3;1.0;0.666667;3;3;0;0;0;0.0;0.0;0.0;0.0;0.0;0.0;0.289733;0.2789;0.32885;0.33329;0.2789;0.29515;8
ablation_no_real;happy_guided_article_short;Happy – parcours guidé article (c1 → c2 → c3);happy;3;3;1.0;0.666667;3;3;0;0;0;0.0;0.0;0.0;0.0;0.0;0.0;0.294167;0.2834;0.33389;0.338378;0.2834;0.29955;8
ablation_ceval_any_intersection;happy_guided_article_short;Happy – parcours guidé article (c1 → c2 → c3);happy;3;3;1.0;0.666667;3;3;0;0;0;0.0;0.0;0.0;0.0;0.0;0.0;0.286;0.2735;0.33479;0.340238;0.2735;0.29225;8
baseline_random_matched;happy_guided_article_short;Happy – parcours guidé article (c1 → c2 → c3);happy;3;2;0.666667;0.444444;;;0;1;0;0.0;0.333333;0.0;0.0;0.0;0.0;0.003867;0.0008;0.00944;0.010208;0.0104;0.0006;8
mcad;happy_guided_reordered;Happy – même objectif mais ordre différent (c3 → c1 → c2);happy;3;3;1.0;0.666667;3;3;0;0;0;0.0;0.0;0.0;0.0;0.0;0.0;0.2866;0.2476;0.36019;0.370198;0.3727;0.24355;8
baseline_naive;happy_guided_reordered;Happy – même objectif mais ordre différent (c3 → c1 → c2);happy;3;3;1.0;0.666667;3;3;0;0;0;0.0;0.0;0.0;0.0;0.0;0.0;0.0006;0.0005;0.00095;0.00099;0.001;0.0004;8
baseline_measure_overlap;happy_guided_reordered;Happy – même objectif mais ordre différent (c3 → c1 → c2);happy;3;3;1.0;0.666667;3;3;0;0;0;0.0;0.0;0.0;0.0;0.0;0.0;0.007467;0.0051;0.01239;0.013038;0.0132;0.0046;8
ablation_no_sat;happy_guided_reordered;Happy – même objectif mais ordre différent (c3 → c1 → c2);happy;3;3;1.0;0.666667;3;3;0;0;0;0.0;0.0;0.0;0.0;0.0;0.0;0.474467;0.4186;0.57421;0.588042;0.5915;0.41595;8
ablation_no_real;happy_guided_reordered;Happy – même objectif mais ordre différent (c3 → c1 → c2);happy;3;3;1.0;0.666667;3;3;0;0;0;0.0;0.0;0.0;0.0;0.0;0.0;0.312733;0.2563;0.41794;0.432308;0.4359;0.25115;8
ablation_ceval_any_intersection;happy_guided_reordered;Happy – même objectif mais ordre différent (c3 → c1 → c2);happy;3;3;1.0;0.666667;3;3;0;0;0;0.0;0.0;0.0;0.0;0.0;0.0;0.283567;0.2448;0.35883;0.368966;0.3715;0.2396;8
baseline_random_matched;happy_guided_reordered;Happy – même objectif mais ordre différent (c3 → c1 → c2);happy;3;2;0.666667;0.333333;;;0;1;0;0.0;0.333333;0.0;0.0;0.0;0.0;0.001367;0.0006;0.00276;0.002952;0.003;0.00055;8
mcad;happy_guided_compact;Happy – parcours compact guidé;happy;3;3;1.0;0.666667;3;3;0;0;0;0.0;0.0;0.0;0.0;0.0;0.0;0.287867;0.2772;0.3384;0.34384;0.2772;0.2932;8
baseline_naive;happy_guided_compact;Happy – parcours compact guidé;happy;3;3;1.0;0.666667;3;3;0;0;0;0.0;0.0;0.0;0.0;0.0;0.0;0.000567;0.0005;0.00086;0.000892;0.0009;0.0004;8
baseline_measure_overlap;happy_guided_compact;Happy – parcours compact guidé;happy;3;3;1.0;0.666667;3;3;0;0;0;0.0;0.0;0.0;0.0;0.0;0.0;0.007367;0.005;0.0122;0.01284;0.013;0.00455;8
ablation_no_sat;happy_guided_compact;Happy – parcours compact guidé;happy;3;3;1.0;0.666667;3;3;0;0;0;0.0;0.0;0.0;0.0;0.0;0.0;0.462567;0.4439;0.53345;0.54141;0.4439;0.4719;8
ablation_no_real;happy_guided_compact;Happy – parcours compact guidé;happy;3;3;1.0;0.666667;3;3;0;0;0;0.0;0.0;0.0;0.0;0.0;0.0;0.301167;0.3088;0.33616;0.338592;0.3088;0.29735;8
ablation_ceval_any_intersection;happy_guided_compact;Happy – parcours compact guidé;happy;3;3;1.0;0.666667;3;3;0;0;0;0.0;0.0;0.0;0.0;0.0;0.0;0.2811;0.2719;0.32671;0.331582;0.2719;0.2857;8
baseline_random_matched;happy_guided_compact;Happy – parcours compact guidé;happy;3;2;0.666667;0.444444;;;0;1;0;0.0;0.333333;0.0;0.0;0.0;0.0;0.0013;0.0006;0.00258;0.002756;0.0028;0.00055;8
mcad;border_growth_partial_1998_only;Border – croissance partielle 1998 seulement;border;1;0;0.0;0.0;;;0;0;0;0.0;0.0;0.0;0.0;0.0;1.0;0.3476;0.3476;0.3476;0.3476;0.3476;0.0;8
baseline_naive;border_growth_partial_1998_only;Border – croissance partielle 1998 seulement;border;1;1;0.0;0.0;;;1;0;1;1.0;0.0;1.0;0.0;0.0;0.0;0.0009;0.0009;0.0009;0.0009;0.0009;0.0;8
baseline_measure_overlap;border_growth_partial_1998_only;Border – croissance partielle 1998 seulement;border;1;1;0.0;0.0;;;1;0;1;1.0;0.0;1.0;0.0;0.0;0.0;0.014;0.014;0.014;0.014;0.014;0.0;8
ablation_no_sat;border_growth_partial_1998_only;Border – croissance partielle 1998 seulement;border;1;0;0.0;0.0;;;0;0;0;0.0;0.0;0.0;0.0;0.0;1.0;0.5323;0.5323;0.5323;0.5323;0.5323;0.0;8
ablation_no_real;border_growth_partial_1998_only;Border – croissance partielle 1998 seulement;border;1;1;0.0;0.0;;;1;0;1;1.0;0.0;1.0;0.0;0.0;1.0;0.3902;0.3902;0.3902;0.3902;0.3902;0.0;8
ablation_ceval_any_intersection;border_growth_partial_1998_only;Border – croissance partielle 1998 seulement;border;1;1;0.0;0.0;;;1;0;1;1.0;0.0;1.0;0.0;0.0;0.0;0.348;0.348;0.348;0.348;0.348;0.0;8
baseline_random_matched;border_growth_partial_1998_only;Border – croissance partielle 1998 seulement;border;1;1;0.0;0.0;;;1;0;1;1.0;0.0;1.0;0.0;0.0;0.0;0.0026;0.0026;0.0026;0.0026;0.0026;0.0;8
mcad;border_margin_wrong_grain;Border – marge avec grain trop grossier;border;1;0;0.0;0.0;;;0;0;0;0.0;0.0;0.0;1.0;0.0;0.0;0.1967;0.1967;0.1967;0.1967;0.1967;0.0;8
baseline_naive;border_margin_wrong_grain;Border – marge avec grain trop grossier;border;1;1;0.0;0.0;;;1;0;1;1.0;0.0;1.0;0.0;0.0;0.0;0.0009;0.0009;0.0009;0.0009;0.0009;0.0;8
baseline_measure_overlap;border_margin_wrong_grain;Border – marge avec grain trop grossier;border;1;1;0.0;0.0;;;1;0;1;1.0;0.0;1.0;0.0;0.0;0.0;0.0171;0.0171;0.0171;0.0171;0.0171;0.0;8
ablation_no_sat;border_margin_wrong_grain;Border – marge avec grain trop grossier;border;1;0;0.0;0.0;;;0;0;0;0.0;0.0;0.0;1.0;0.0;0.0;0.2605;0.2605;0.2605;0.2605;0.2605;0.0;8
ablation_no_real;border_margin_wrong_grain;Border – marge avec grain trop grossier;border;1;0;0.0;0.0;;;0;0;0;0.0;0.0;0.0;1.0;0.0;0.0;0.2029;0.2029;0.2029;0.2029;0.2029;0.0;8
ablation_ceval_any_intersection;border_margin_wrong_grain;Border – marge avec grain trop grossier;border;1;0;0.0;0.0;;;0;0;0;0.0;0.0;0.0;1.0;0.0;0.0;0.2064;0.2064;0.2064;0.2064;0.2064;0.0;8
baseline_random_matched;border_margin_wrong_grain;Border – marge avec grain trop grossier;border;1;1;0.0;0.0;;;1;0;1;1.0;0.0;1.0;0.0;0.0;0.0;0.0028;0.0028;0.0028;0.0028;0.0028;0.0;8
mcad;border_stockout_missing_store;Border – rupture sans grain magasin;border;1;0;0.0;0.0;;;0;0;0;0.0;0.0;0.0;1.0;0.0;0.0;0.2204;0.2204;0.2204;0.2204;0.2204;0.0;8
baseline_naive;border_stockout_missing_store;Border – rupture sans grain magasin;border;1;1;0.0;0.0;;;1;0;1;1.0;0.0;1.0;0.0;0.0;0.0;0.0009;0.0009;0.0009;0.0009;0.0009;0.0;8
baseline_measure_overlap;border_stockout_missing_store;Border – rupture sans grain magasin;border;1;1;0.0;0.0;;;1;0;1;1.0;0.0;1.0;0.0;0.0;0.0;0.0175;0.0175;0.0175;0.0175;0.0175;0.0;8
ablation_no_sat;border_stockout_missing_store;Border – rupture sans grain magasin;border;1;0;0.0;0.0;;;0;0;0;0.0;0.0;0.0;1.0;0.0;0.0;0.4841;0.4841;0.4841;0.4841;0.4841;0.0;8
ablation_no_real;border_stockout_missing_store;Border – rupture sans grain magasin;border;1;0;0.0;0.0;;;0;0;0;0.0;0.0;0.0;1.0;0.0;0.0;0.3499;0.3499;0.3499;0.3499;0.3499;0.0;8
ablation_ceval_any_intersection;border_stockout_missing_store;Border – rupture sans grain magasin;border;1;0;0.0;0.0;;;0;0;0;0.0;0.0;0.0;1.0;0.0;0.0;0.2386;0.2386;0.2386;0.2386;0.2386;0.0;8
baseline_random_matched;border_stockout_missing_store;Border – rupture sans grain magasin;border;1;1;0.0;0.0;;;1;0;1;1.0;0.0;1.0;0.0;0.0;0.0;0.0038;0.0038;0.0038;0.0038;0.0038;0.0;8
mcad;adversarial_wrong_region;Adversarial – bonne mesure mais mauvaise région;adversarial;1;0;0.0;0.0;;;0;0;0;0.0;0.0;0.0;1.0;0.0;0.0;0.2743;0.2743;0.2743;0.2743;0.2743;0.0;8
baseline_naive;adversarial_wrong_region;Adversarial – bonne mesure mais mauvaise région;adversarial;1;1;0.0;0.0;;;1;0;1;1.0;0.0;1.0;0.0;0.0;0.0;0.0009;0.0009;0.0009;0.0009;0.0009;0.0;8
baseline_measure_overlap;adversarial_wrong_region;Adversarial – bonne mesure mais mauvaise région;adversarial;1;1;0.0;0.0;;;1;0;1;1.0;0.0;1.0;0.0;0.0;0.0;0.0153;0.0153;0.0153;0.0153;0.0153;0.0;8
ablation_no_sat;adversarial_wrong_region;Adversarial – bonne mesure mais mauvaise région;adversarial;1;0;0.0;0.0;;;0;0;0;0.0;0.0;0.0;1.0;0.0;0.0;0.2163;0.2163;0.2163;0.2163;0.2163;0.0;8
ablation_no_real;adversarial_wrong_region;Adversarial – bonne mesure mais mauvaise région;adversarial;1;0;0.0;0.0;;;0;0;0;0.0;0.0;0.0;1.0;0.0;0.0;0.1783;0.1783;0.1783;0.1783;0.1783;0.0;8
ablation_ceval_any_intersection;adversarial_wrong_region;Adversarial – bonne mesure mais mauvaise région;adversarial;1;0;0.0;0.0;;;0;0;0;0.0;0.0;0.0;1.0;0.0;0.0;0.1689;0.1689;0.1689;0.1689;0.1689;0.0;8
baseline_random_matched;adversarial_wrong_region;Adversarial – bonne mesure mais mauvaise région;adversarial;1;1;0.0;0.0;;;1;0;1;1.0;0.0;1.0;0.0;0.0;0.0;0.0033;0.0033;0.0033;0.0033;0.0033;0.0;8
mcad;adversarial_wrong_year;Adversarial – bonne structure mais mauvaise année;adversarial;1;0;0.0;0.0;;;0;0;0;0.0;0.0;0.0;1.0;0.0;0.0;0.2596;0.2596;0.2596;0.2596;0.2596;0.0;8
baseline_naive;adversarial_wrong_year;Adversarial – bonne structure mais mauvaise année;adversarial;1;1;0.0;0.0;;;1;0;1;1.0;0.0;1.0;0.0;0.0;0.0;0.001;0.001;0.001;0.001;0.001;0.0;8
baseline_measure_overlap;adversarial_wrong_year;Adversarial – bonne structure mais mauvaise année;adversarial;1;1;0.0;0.0;;;1;0;1;1.0;0.0;1.0;0.0;0.0;0.0;0.0133;0.0133;0.0133;0.0133;0.0133;0.0;8
ablation_no_sat;adversarial_wrong_year;Adversarial – bonne structure mais mauvaise année;adversarial;1;0;0.0;0.0;;;0;0;0;0.0;0.0;0.0;1.0;0.0;0.0;0.1905;0.1905;0.1905;0.1905;0.1905;0.0;8
ablation_no_real;adversarial_wrong_year;Adversarial – bonne structure mais mauvaise année;adversarial;1;0;0.0;0.0;;;0;0;0;0.0;0.0;0.0;1.0;0.0;0.0;0.1728;0.1728;0.1728;0.1728;0.1728;0.0;8
ablation_ceval_any_intersection;adversarial_wrong_year;Adversarial – bonne structure mais mauvaise année;adversarial;1;0;0.0;0.0;;;0;0;0;0.0;0.0;0.0;1.0;0.0;0.0;0.1645;0.1645;0.1645;0.1645;0.1645;0.0;8
baseline_random_matched;adversarial_wrong_year;Adversarial – bonne structure mais mauvaise année;adversarial;1;1;0.0;0.0;;;1;0;1;1.0;0.0;1.0;0.0;0.0;0.0;0.0031;0.0031;0.0031;0.0031;0.0031;0.0;8
mcad;adversarial_invalid_no_measures;Adversarial – requête invalide sans mesure;adversarial;1;0;0.0;0.0;;;0;0;0;0.0;0.0;0.0;1.0;0.0;0.0;0.0737;0.0737;0.0737;0.0737;0.0737;0.0;8
baseline_naive;adversarial_invalid_no_measures;Adversarial – requête invalide sans mesure;adversarial;1;1;0.0;0.0;;;1;0;1;1.0;0.0;1.0;0.0;0.0;0.0;0.0012;0.0012;0.0012;0.0012;0.0012;0.0;8
baseline_measure_overlap;adversarial_invalid_no_measures;Adversarial – requête invalide sans mesure;adversarial;1;0;0.0;0.0;;;0;0;0;0.0;0.0;0.0;0.0;0.0;0.0;0.0126;0.0126;0.0126;0.0126;0.0126;0.0;8
ablation_no_sat;adversarial_invalid_no_measures;Adversarial – requête invalide sans mesure;adversarial;1;0;0.0;0.0;;;0;0;0;0.0;0.0;0.0;1.0;0.0;0.0;0.088;0.088;0.088;0.088;0.088;0.0;8
ablation_no_real;adversarial_invalid_no_measures;Adversarial – requête invalide sans mesure;adversarial;1;0;0.0;0.0;;;0;0;0;0.0;0.0;0.0;1.0;0.0;0.0;0.0803;0.0803;0.0803;0.0803;0.0803;0.0;8
ablation_ceval_any_intersection;adversarial_invalid_no_measures;Adversarial – requête invalide sans mesure;adversarial;1;0;0.0;0.0;;;0;0;0;0.0;0.0;0.0;1.0;0.0;0.0;0.0721;0.0721;0.0721;0.0721;0.0721;0.0;8
baseline_random_matched;adversarial_invalid_no_measures;Adversarial – requête invalide sans mesure;adversarial;1;1;0.0;0.0;;;1;0;1;1.0;0.0;1.0;0.0;0.0;0.0;0.0027;0.0027;0.0027;0.0027;0.0027;0.0;8
mcad;stress_exploratory_then_useful;Stress – bruit exploratoire avant requête utile;stress;3;1;0.333333;0.111111;;;0;0;0;0.0;0.0;0.0;0.666667;0.0;0.0;0.199867;0.197;0.25361;0.258642;0.197;0.2013;8
baseline_naive;stress_exploratory_then_useful;Stress – bruit exploratoire avant requête utile;stress;3;3;0.333333;0.111111;;;2;0;2;0.666667;0.0;0.666667;0.0;0.0;0.0;0.000833;0.0007;0.00124;0.001288;0.0013;0.0006;8
baseline_measure_overlap;stress_exploratory_then_useful;Stress – bruit exploratoire avant requête utile;stress;3;3;0.333333;0.111111;;;2;0;2;0.666667;0.0;0.666667;0.0;0.0;0.0;0.0115;0.009;0.01746;0.018212;0.0184;0.00805;8
ablation_no_sat;stress_exploratory_then_useful;Stress – bruit exploratoire avant requête utile;stress;3;1;0.333333;0.111111;;;0;0;0;0.0;0.0;0.0;0.666667;0.0;0.0;0.224933;0.2354;0.26393;0.266466;0.2354;0.2197;8
ablation_no_real;stress_exploratory_then_useful;Stress – bruit exploratoire avant requête utile;stress;3;1;0.333333;0.111111;;;0;0;0;0.0;0.0;0.0;0.666667;0.0;0.0;0.204533;0.2023;0.25693;0.261786;0.2023;0.20565;8
ablation_ceval_any_intersection;stress_exploratory_then_useful;Stress – bruit exploratoire avant requête utile;stress;3;1;0.333333;0.111111;;;0;0;0;0.0;0.0;0.0;0.666667;0.0;0.0;0.196567;0.2036;0.24023;0.243486;0.2036;0.19305;8
baseline_random_matched;stress_exploratory_then_useful;Stress – bruit exploratoire avant requête utile;stress;3;2;0.0;0.0;;;2;1;2;0.666667;0.333333;1.0;0.0;0.0;0.0;0.0012;0.0006;0.00231;0.002462;0.0025;0.00055;8
mcad;happy_guided_article_short;Happy – parcours guidé article (c1 → c2 → c3);happy;3;3;1.0;0.666667;3;3;0;0;0;0.0;0.0;0.0;0.0;0.0;0.0;0.315833;0.3325;0.33574;0.336028;0.2789;0.3343;9
baseline_naive;happy_guided_article_short;Happy – parcours guidé article (c1 → c2 → c3);happy;3;3;1.0;0.666667;3;3;0;0;0;0.0;0.0;0.0;0.0;0.0;0.0;0.000867;0.0008;0.00116;0.001192;0.0012;0.0007;9
baseline_measure_overlap;happy_guided_article_short;Happy – parcours guidé article (c1 → c2 → c3);happy;3;3;1.0;0.666667;3;3;0;0;0;0.0;0.0;0.0;0.0;0.0;0.0;0.007467;0.0054;0.01197;0.012554;0.0127;0.00485;9
ablation_no_sat;happy_guided_article_short;Happy – parcours guidé article (c1 → c2 → c3);happy;3;3;1.0;0.666667;3;3;0;0;0;0.0;0.0;0.0;0.0;0.0;0.0;0.2881;0.2888;0.32804;0.331528;0.2888;0.28775;9
ablation_no_real;happy_guided_article_short;Happy – parcours guidé article (c1 → c2 → c3);happy;3;3;1.0;0.666667;3;3;0;0;0;0.0;0.0;0.0;0.0;0.0;0.0;0.294133;0.2823;0.33414;0.338748;0.2823;0.30005;9
ablation_ceval_any_intersection;happy_guided_article_short;Happy – parcours guidé article (c1 → c2 → c3);happy;3;3;1.0;0.666667;3;3;0;0;0;0.0;0.0;0.0;0.0;0.0;0.0;0.283267;0.2727;0.33138;0.336596;0.2727;0.28855;9
baseline_random_matched;happy_guided_article_short;Happy – parcours guidé article (c1 → c2 → c3);happy;3;3;1.0;0.666667;3;3;0;0;0;0.0;0.0;0.0;0.0;0.0;0.0;0.0014;0.0007;0.00286;0.003052;0.0031;0.00055;9
mcad;happy_guided_reordered;Happy – même objectif mais ordre différent (c3 → c1 → c2);happy;3;3;1.0;0.666667;3;3;0;0;0;0.0;0.0;0.0;0.0;0.0;0.0;0.292733;0.2707;0.35674;0.364388;0.3663;0.25595;9
baseline_naive;happy_guided_reordered;Happy – même objectif mais ordre différent (c3 → c1 → c2);happy;3;3;1.0;0.666667;3;3;0;0;0;0.0;0.0;0.0;0.0;0.0;0.0;0.000567;0.0005;0.00086;0.000892;0.0009;0.0004;9
baseline_measure_overlap;happy_guided_reordered;Happy – même objectif mais ordre différent (c3 → c1 → c2);happy;3;3;1.0;0.666667;3;3;0;0;0;0.0;0.0;0.0;0.0;0.0;0.0;0.011567;0.0084;0.01749;0.018298;0.0185;0.0081;9
ablation_no_sat;happy_guided_reordered;Happy – même objectif mais ordre différent (c3 → c1 → c2);happy;3;3;1.0;0.666667;3;3;0;0;0;0.0;0.0;0.0;0.0;0.0;0.0;0.2852;0.2485;0.35578;0.365316;0.3677;0.24395;9
ablation_no_real;happy_guided_reordered;Happy – même objectif mais ordre différent (c3 → c1 → c2);happy;3;3;1.0;0.666667;3;3;0;0;0;0.0;0.0;0.0;0.0;0.0;0.0;0.293067;0.2527;0.36853;0.378826;0.3814;0.2489;9
ablation_ceval_any_intersection;happy_guided_reordered;Happy – même objectif mais ordre différent (c3 → c1 → c2);happy;3;3;1.0;0.666667;3;3;0;0;0;0.0;0.0;0.0;0.0;0.0;0.0;0.2833;0.2449;0.35767;0.367694;0.3702;0.23985;9
baseline_random_matched;happy_guided_reordered;Happy – même objectif mais ordre différent (c3 → c1 → c2);happy;3;2;0.666667;0.555556;;;0;1;0;0.0;0.333333;0.0;0.0;0.0;0.0;0.001233;0.0007;0.00232;0.002464;0.0025;0.0006;9
mcad;happy_guided_compact;Happy – parcours compact guidé;happy;3;3;1.0;0.666667;3;3;0;0;0;0.0;0.0;0.0;0.0;0.0;0.0;0.286767;0.2755;0.33733;0.342826;0.2755;0.2924;9
baseline_naive;happy_guided_compact;Happy – parcours compact guidé;happy;3;3;1.0;0.666667;3;3;0;0;0;0.0;0.0;0.0;0.0;0.0;0.0;0.0006;0.0004;0.00094;0.000988;0.001;0.0004;9
baseline_measure_overlap;happy_guided_compact;Happy – parcours compact guidé;happy;3;3;1.0;0.666667;3;3;0;0;0;0.0;0.0;0.0;0.0;0.0;0.0;0.0108;0.0081;0.01665;0.01741;0.0176;0.0074;9
ablation_no_sat;happy_guided_compact;Happy – parcours compact guidé;happy;3;3;1.0;0.666667;3;3;0;0;0;0.0;0.0;0.0;0.0;0.0;0.0;0.2898;0.2871;0.32868;0.332376;0.2871;0.29115;9
ablation_no_real;happy_guided_compact;Happy – parcours compact guidé;happy;3;3;1.0;0.666667;3;3;0;0;0;0.0;0.0;0.0;0.0;0.0;0.0;0.292967;0.2922;0.3363;0.34022;0.2922;0.29335;9
ablation_ceval_any_intersection;happy_guided_compact;Happy – parcours compact guidé;happy;3;3;1.0;0.666667;3;3;0;0;0;0.0;0.0;0.0;0.0;0.0;0.0;0.285733;0.2896;0.32587;0.329094;0.2896;0.2838;9
baseline_random_matched;happy_guided_compact;Happy – parcours compact guidé;happy;3;0;0.0;0.0;;;0;3;0;0.0;1.0;0.0;0.0;0.0;0.0;0.001367;0.0006;0.00276;0.002952;0.003;0.00055;9
mcad;border_growth_partial_1998_only;Border – croissance partielle 1998 seulement;border;1;0;0.0;0.0;;;0;0;0;0.0;0.0;0.0;0.0;0.0;1.0;0.3374;0.3374;0.3374;0.3374;0.3374;0.0;9
baseline_naive;border_growth_partial_1998_only;Border – croissance partielle 1998 seulement;border;1;1;0.0;0.0;;;1;0;1;1.0;0.0;1.0;0.0;0.0;0.0;0.001;0.001;0.001;0.001;0.001;0.0;9
baseline_measure_overlap;border_growth_partial_1998_only;Border – croissance partielle 1998 seulement;border;1;1;0.0;0.0;;;1;0;1;1.0;0.0;1.0;0.0;0.0;0.0;0.0187;0.0187;0.0187;0.0187;0.0187;0.0;9
ablation_no_sat;border_growth_partial_1998_only;Border – croissance partielle 1998 seulement;border;1;0;0.0;0.0;;;0;0;0;0.0;0.0;0.0;0.0;0.0;1.0;0.3428;0.3428;0.3428;0.3428;0.3428;0.0;9
ablation_no_real;border_growth_partial_1998_only;Border – croissance partielle 1998 seulement;border;1;1;0.0;0.0;;;1;0;1;1.0;0.0;1.0;0.0;0.0;1.0;0.3473;0.3473;0.3473;0.3473;0.3473;0.0;9
ablation_ceval_any_intersection;border_growth_partial_1998_only;Border – croissance partielle 1998 seulement;border;1;1;0.0;0.0;;;1;0;1;1.0;0.0;1.0;0.0;0.0;0.0;0.3436;0.3436;0.3436;0.3436;0.3436;0.0;9
baseline_random_matched;border_growth_partial_1998_only;Border – croissance partielle 1998 seulement;border;1;0;0.0;0.0;;;0;0;0;0.0;0.0;0.0;0.0;0.0;0.0;0.0028;0.0028;0.0028;0.0028;0.0028;0.0;9
mcad;border_margin_wrong_grain;Border – marge avec grain trop grossier;border;1;0;0.0;0.0;;;0;0;0;0.0;0.0;0.0;1.0;0.0;0.0;0.2044;0.2044;0.2044;0.2044;0.2044;0.0;9
baseline_naive;border_margin_wrong_grain;Border – marge avec grain trop grossier;border;1;1;0.0;0.0;;;1;0;1;1.0;0.0;1.0;0.0;0.0;0.0;0.0009;0.0009;0.0009;0.0009;0.0009;0.0;9
baseline_measure_overlap;border_margin_wrong_grain;Border – marge avec grain trop grossier;border;1;1;0.0;0.0;;;1;0;1;1.0;0.0;1.0;0.0;0.0;0.0;0.013;0.013;0.013;0.013;0.013;0.0;9
ablation_no_sat;border_margin_wrong_grain;Border – marge avec grain trop grossier;border;1;0;0.0;0.0;;;0;0;0;0.0;0.0;0.0;1.0;0.0;0.0;0.4064;0.4064;0.4064;0.4064;0.4064;0.0;9
ablation_no_real;border_margin_wrong_grain;Border – marge avec grain trop grossier;border;1;0;0.0;0.0;;;0;0;0;0.0;0.0;0.0;1.0;0.0;0.0;0.202;0.202;0.202;0.202;0.202;0.0;9
ablation_ceval_any_intersection;border_margin_wrong_grain;Border – marge avec grain trop grossier;border;1;0;0.0;0.0;;;0;0;0;0.0;0.0;0.0;1.0;0.0;0.0;0.1963;0.1963;0.1963;0.1963;0.1963;0.0;9
baseline_random_matched;border_margin_wrong_grain;Border – marge avec grain trop grossier;border;1;1;0.0;0.0;;;1;0;1;1.0;0.0;1.0;0.0;0.0;0.0;0.0026;0.0026;0.0026;0.0026;0.0026;0.0;9
mcad;border_stockout_missing_store;Border – rupture sans grain magasin;border;1;0;0.0;0.0;;;0;0;0;0.0;0.0;0.0;1.0;0.0;0.0;0.1928;0.1928;0.1928;0.1928;0.1928;0.0;9
baseline_naive;border_stockout_missing_store;Border – rupture sans grain magasin;border;1;1;0.0;0.0;;;1;0;1;1.0;0.0;1.0;0.0;0.0;0.0;0.0009;0.0009;0.0009;0.0009;0.0009;0.0;9
baseline_measure_overlap;border_stockout_missing_store;Border – rupture sans grain magasin;border;1;1;0.0;0.0;;;1;0;1;1.0;0.0;1.0;0.0;0.0;0.0;0.0128;0.0128;0.0128;0.0128;0.0128;0.0;9
ablation_no_sat;border_stockout_missing_store;Border – rupture sans grain magasin;border;1;0;0.0;0.0;;;0;0;0;0.0;0.0;0.0;1.0;0.0;0.0;0.4062;0.4062;0.4062;0.4062;0.4062;0.0;9
ablation_no_real;border_stockout_missing_store;Border – rupture sans grain magasin;border;1;0;0.0;0.0;;;0;0;0;0.0;0.0;0.0;1.0;0.0;0.0;0.2043;0.2043;0.2043;0.2043;0.2043;0.0;9
ablation_ceval_any_intersection;border_stockout_missing_store;Border – rupture sans grain magasin;border;1;0;0.0;0.0;;;0;0;0;0.0;0.0;0.0;1.0;0.0;0.0;0.1929;0.1929;0.1929;0.1929;0.1929;0.0;9
baseline_random_matched;border_stockout_missing_store;Border – rupture sans grain magasin;border;1;1;0.0;0.0;;;1;0;1;1.0;0.0;1.0;0.0;0.0;0.0;0.0024;0.0024;0.0024;0.0024;0.0024;0.0;9
mcad;adversarial_wrong_region;Adversarial – bonne mesure mais mauvaise région;adversarial;1;0;0.0;0.0;;;0;0;0;0.0;0.0;0.0;1.0;0.0;0.0;0.1707;0.1707;0.1707;0.1707;0.1707;0.0;9
baseline_naive;adversarial_wrong_region;Adversarial – bonne mesure mais mauvaise région;adversarial;1;1;0.0;0.0;;;1;0;1;1.0;0.0;1.0;0.0;0.0;0.0;0.0009;0.0009;0.0009;0.0009;0.0009;0.0;9
baseline_measure_overlap;adversarial_wrong_region;Adversarial – bonne mesure mais mauvaise région;adversarial;1;1;0.0;0.0;;;1;0;1;1.0;0.0;1.0;0.0;0.0;0.0;0.0131;0.0131;0.0131;0.0131;0.0131;0.0;9
ablation_no_sat;adversarial_wrong_region;Adversarial – bonne mesure mais mauvaise région;adversarial;1;0;0.0;0.0;;;0;0;0;0.0;0.0;0.0;1.0;0.0;0.0;0.2078;0.2078;0.2078;0.2078;0.2078;0.0;9
ablation_no_real;adversarial_wrong_region;Adversarial – bonne mesure mais mauvaise région;adversarial;1;0;0.0;0.0;;;0;0;0;0.0;0.0;0.0;1.0;0.0;0.0;0.205;0.205;0.205;0.205;0.205;0.0;9
ablation_ceval_any_intersection;adversarial_wrong_region;Adversarial – bonne mesure mais mauvaise région;adversarial;1;0;0.0;0.0;;;0;0;0;0.0;0.0;0.0;1.0;0.0;0.0;0.1928;0.1928;0.1928;0.1928;0.1928;0.0;9
baseline_random_matched;adversarial_wrong_region;Adversarial – bonne mesure mais mauvaise région;adversarial;1;1;0.0;0.0;;;1;0;1;1.0;0.0;1.0;0.0;0.0;0.0;0.0031;0.0031;0.0031;0.0031;0.0031;0.0;9
mcad;adversarial_wrong_year;Adversarial – bonne structure mais mauvaise année;adversarial;1;0;0.0;0.0;;;0;0;0;0.0;0.0;0.0;1.0;0.0;0.0;0.1652;0.1652;0.1652;0.1652;0.1652;0.0;9
baseline_naive;adversarial_wrong_year;Adversarial – bonne structure mais mauvaise année;adversarial;1;1;0.0;0.0;;;1;0;1;1.0;0.0;1.0;0.0;0.0;0.0;0.001;0.001;0.001;0.001;0.001;0.0;9
baseline_measure_overlap;adversarial_wrong_year;Adversarial – bonne structure mais mauvaise année;adversarial;1;1;0.0;0.0;;;1;0;1;1.0;0.0;1.0;0.0;0.0;0.0;0.0191;0.0191;0.0191;0.0191;0.0191;0.0;9
ablation_no_sat;adversarial_wrong_year;Adversarial – bonne structure mais mauvaise année;adversarial;1;0;0.0;0.0;;;0;0;0;0.0;0.0;0.0;1.0;0.0;0.0;0.2006;0.2006;0.2006;0.2006;0.2006;0.0;9
ablation_no_real;adversarial_wrong_year;Adversarial – bonne structure mais mauvaise année;adversarial;1;0;0.0;0.0;;;0;0;0;0.0;0.0;0.0;1.0;0.0;0.0;0.1723;0.1723;0.1723;0.1723;0.1723;0.0;9
ablation_ceval_any_intersection;adversarial_wrong_year;Adversarial – bonne structure mais mauvaise année;adversarial;1;0;0.0;0.0;;;0;0;0;0.0;0.0;0.0;1.0;0.0;0.0;0.1645;0.1645;0.1645;0.1645;0.1645;0.0;9
baseline_random_matched;adversarial_wrong_year;Adversarial – bonne structure mais mauvaise année;adversarial;1;0;0.0;0.0;;;0;0;0;0.0;0.0;0.0;0.0;0.0;0.0;0.0027;0.0027;0.0027;0.0027;0.0027;0.0;9
mcad;adversarial_invalid_no_measures;Adversarial – requête invalide sans mesure;adversarial;1;0;0.0;0.0;;;0;0;0;0.0;0.0;0.0;1.0;0.0;0.0;0.0727;0.0727;0.0727;0.0727;0.0727;0.0;9
baseline_naive;adversarial_invalid_no_measures;Adversarial – requête invalide sans mesure;adversarial;1;1;0.0;0.0;;;1;0;1;1.0;0.0;1.0;0.0;0.0;0.0;0.0009;0.0009;0.0009;0.0009;0.0009;0.0;9
baseline_measure_overlap;adversarial_invalid_no_measures;Adversarial – requête invalide sans mesure;adversarial;1;0;0.0;0.0;;;0;0;0;0.0;0.0;0.0;0.0;0.0;0.0;0.0219;0.0219;0.0219;0.0219;0.0219;0.0;9
ablation_no_sat;adversarial_invalid_no_measures;Adversarial – requête invalide sans mesure;adversarial;1;0;0.0;0.0;;;0;0;0;0.0;0.0;0.0;1.0;0.0;0.0;0.1029;0.1029;0.1029;0.1029;0.1029;0.0;9
ablation_no_real;adversarial_invalid_no_measures;Adversarial – requête invalide sans mesure;adversarial;1;0;0.0;0.0;;;0;0;0;0.0;0.0;0.0;1.0;0.0;0.0;0.0859;0.0859;0.0859;0.0859;0.0859;0.0;9
ablation_ceval_any_intersection;adversarial_invalid_no_measures;Adversarial – requête invalide sans mesure;adversarial;1;0;0.0;0.0;;;0;0;0;0.0;0.0;0.0;1.0;0.0;0.0;0.0776;0.0776;0.0776;0.0776;0.0776;0.0;9
baseline_random_matched;adversarial_invalid_no_measures;Adversarial – requête invalide sans mesure;adversarial;1;1;0.0;0.0;;;1;0;1;1.0;0.0;1.0;0.0;0.0;0.0;0.0031;0.0031;0.0031;0.0031;0.0031;0.0;9
mcad;stress_exploratory_then_useful;Stress – bruit exploratoire avant requête utile;stress;3;1;0.333333;0.111111;;;0;0;0;0.0;0.0;0.0;0.666667;0.0;0.0;0.2051;0.2064;0.24825;0.25197;0.2064;0.20445;9
baseline_naive;stress_exploratory_then_useful;Stress – bruit exploratoire avant requête utile;stress;3;3;0.333333;0.111111;;;2;0;2;0.666667;0.0;0.666667;0.0;0.0;0.0;0.000567;0.0004;0.00085;0.00089;0.0009;0.0004;9
baseline_measure_overlap;stress_exploratory_then_useful;Stress – bruit exploratoire avant requête utile;stress;3;3;0.333333;0.111111;;;2;0;2;0.666667;0.0;0.666667;0.0;0.0;0.0;0.0118;0.0084;0.01866;0.019572;0.0198;0.0078;9
ablation_no_sat;stress_exploratory_then_useful;Stress – bruit exploratoire avant requête utile;stress;3;1;0.333333;0.111111;;;0;0;0;0.0;0.0;0.0;0.666667;0.0;0.0;0.228433;0.2503;0.25048;0.250496;0.2503;0.2175;9
ablation_no_real;stress_exploratory_then_useful;Stress – bruit exploratoire avant requête utile;stress;3;1;0.333333;0.111111;;;0;0;0;0.0;0.0;0.0;0.666667;0.0;0.0;0.2091;0.2088;0.26262;0.267404;0.2088;0.20925;9
ablation_ceval_any_intersection;stress_exploratory_then_useful;Stress – bruit exploratoire avant requête utile;stress;3;1;0.333333;0.111111;;;0;0;0;0.0;0.0;0.0;0.666667;0.0;0.0;0.199033;0.2071;0.24301;0.246202;0.2071;0.195;9
baseline_random_matched;stress_exploratory_then_useful;Stress – bruit exploratoire avant requête utile;stress;3;2;0.333333;0.111111;;;1;0;1;0.333333;0.0;0.5;0.0;0.0;0.0;0.001333;0.0007;0.00259;0.002758;0.0028;0.0006;9
mcad;happy_guided_article_short;Happy – parcours guidé article (c1 → c2 → c3);happy;3;3;1.0;0.666667;3;3;0;0;0;0.0;0.0;0.0;0.0;0.0;0.0;0.291867;0.283;0.33097;0.335234;0.283;0.2963;10
baseline_naive;happy_guided_article_short;Happy – parcours guidé article (c1 → c2 → c3);happy;3;3;1.0;0.666667;3;3;0;0;0;0.0;0.0;0.0;0.0;0.0;0.0;0.0006;0.0005;0.00095;0.00099;0.001;0.0004;10
baseline_measure_overlap;happy_guided_article_short;Happy – parcours guidé article (c1 → c2 → c3);happy;3;3;1.0;0.666667;3;3;0;0;0;0.0;0.0;0.0;0.0;0.0;0.0;0.010733;0.0077;0.01688;0.017696;0.0179;0.00715;10
ablation_no_sat;happy_guided_article_short;Happy – parcours guidé article (c1 → c2 → c3);happy;3;3;1.0;0.666667;3;3;0;0;0;0.0;0.0;0.0;0.0;0.0;0.0;0.299167;0.2866;0.33088;0.334816;0.2866;0.30545;10
ablation_no_real;happy_guided_article_short;Happy – parcours guidé article (c1 → c2 → c3);happy;3;3;1.0;0.666667;3;3;0;0;0;0.0;0.0;0.0;0.0;0.0;0.0;0.300167;0.2826;0.35181;0.357962;0.2826;0.30895;10
ablation_ceval_any_intersection;happy_guided_article_short;Happy – parcours guidé article (c1 → c2 → c3);happy;3;3;1.0;0.666667;3;3;0;0;0;0.0;0.0;0.0;0.0;0.0;0.0;0.2866;0.2745;0.33408;0.339376;0.2745;0.29265;10
baseline_random_matched;happy_guided_article_short;Happy – parcours guidé article (c1 → c2 → c3);happy;3;3;1.0;0.666667;3;3;0;0;0;0.0;0.0;0.0;0.0;0.0;0.0;0.001367;0.0007;0.00268;0.002856;0.0029;0.0006;10
mcad;happy_guided_reordered;Happy – même objectif mais ordre différent (c3 → c1 → c2);happy;3;3;1.0;0.666667;3;3;0;0;0;0.0;0.0;0.0;0.0;0.0;0.0;0.289167;0.2516;0.35591;0.365182;0.3675;0.25;10
baseline_naive;happy_guided_reordered;Happy – même objectif mais ordre différent (c3 → c1 → c2);happy;3;3;1.0;0.666667;3;3;0;0;0;0.0;0.0;0.0;0.0;0.0;0.0;0.000567;0.0005;0.00086;0.000892;0.0009;0.0004;10
baseline_measure_overlap;happy_guided_reordered;Happy – même objectif mais ordre différent (c3 → c1 → c2);happy;3;3;1.0;0.666667;3;3;0;0;0;0.0;0.0;0.0;0.0;0.0;0.0;0.0077;0.0053;0.0125;0.01314;0.0133;0.0049;10
ablation_no_sat;happy_guided_reordered;Happy – même objectif mais ordre différent (c3 → c1 → c2);happy;3;3;1.0;0.666667;3;3;0;0;0;0.0;0.0;0.0;0.0;0.0;0.0;0.475633;0.4186;0.57826;0.592452;0.596;0.41545;10
ablation_no_real;happy_guided_reordered;Happy – même objectif mais ordre différent (c3 → c1 → c2);happy;3;3;1.0;0.666667;3;3;0;0;0;0.0;0.0;0.0;0.0;0.0;0.0;0.293;0.2533;0.3613;0.3709;0.3733;0.25285;10
ablation_ceval_any_intersection;happy_guided_reordered;Happy – même objectif mais ordre différent (c3 → c1 → c2);happy;3;3;1.0;0.666667;3;3;0;0;0;0.0;0.0;0.0;0.0;0.0;0.0;0.281233;0.2452;0.34969;0.358978;0.3613;0.2412;10
baseline_random_matched;happy_guided_reordered;Happy – même objectif mais ordre différent (c3 → c1 → c2);happy;3;3;1.0;0.666667;3;3;0;0;0;0.0;0.0;0.0;0.0;0.0;0.0;0.001267;0.0007;0.0025;0.00266;0.0027;0.00055;10
mcad;happy_guided_compact;Happy – parcours compact guidé;happy;3;3;1.0;0.666667;3;3;0;0;0;0.0;0.0;0.0;0.0;0.0;0.0;0.287367;0.2776;0.33772;0.343064;0.2776;0.29225;10
baseline_naive;happy_guided_compact;Happy – parcours compact guidé;happy;3;3;1.0;0.666667;3;3;0;0;0;0.0;0.0;0.0;0.0;0.0;0.0;0.000667;0.0006;0.00078;0.000796;0.0008;0.0006;10
baseline_measure_overlap;happy_guided_compact;Happy – parcours compact guidé;happy;3;3;1.0;0.666667;3;3;0;0;0;0.0;0.0;0.0;0.0;0.0;0.0;0.0074;0.0051;0.01203;0.012646;0.0128;0.0047;10
ablation_no_sat;happy_guided_compact;Happy – parcours compact guidé;happy;3;3;1.0;0.666667;3;3;0;0;0;0.0;0.0;0.0;0.0;0.0;0.0;0.524867;0.4745;0.62651;0.640022;0.4745;0.55005;10
ablation_no_real;happy_guided_compact;Happy – parcours compact guidé;happy;3;3;1.0;0.666667;3;3;0;0;0;0.0;0.0;0.0;0.0;0.0;0.0;0.298933;0.2879;0.35603;0.362086;0.2879;0.30445;10
ablation_ceval_any_intersection;happy_guided_compact;Happy – parcours compact guidé;happy;3;3;1.0;0.666667;3;3;0;0;0;0.0;0.0;0.0;0.0;0.0;0.0;0.2843;0.2747;0.32348;0.327816;0.2747;0.2891;10
baseline_random_matched;happy_guided_compact;Happy – parcours compact guidé;happy;3;2;0.666667;0.555556;;;0;1;0;0.0;0.333333;0.0;0.0;0.0;0.0;0.001267;0.0007;0.0025;0.00266;0.0027;0.00055;10
mcad;border_growth_partial_1998_only;Border – croissance partielle 1998 seulement;border;1;0;0.0;0.0;;;0;0;0;0.0;0.0;0.0;0.0;0.0;1.0;0.3665;0.3665;0.3665;0.3665;0.3665;0.0;10
baseline_naive;border_growth_partial_1998_only;Border – croissance partielle 1998 seulement;border;1;1;0.0;0.0;;;1;0;1;1.0;0.0;1.0;0.0;0.0;0.0;0.0009;0.0009;0.0009;0.0009;0.0009;0.0;10
baseline_measure_overlap;border_growth_partial_1998_only;Border – croissance partielle 1998 seulement;border;1;1;0.0;0.0;;;1;0;1;1.0;0.0;1.0;0.0;0.0;0.0;0.0134;0.0134;0.0134;0.0134;0.0134;0.0;10
ablation_no_sat;border_growth_partial_1998_only;Border – croissance partielle 1998 seulement;border;1;0;0.0;0.0;;;0;0;0;0.0;0.0;0.0;0.0;0.0;1.0;0.525;0.525;0.525;0.525;0.525;0.0;10
ablation_no_real;border_growth_partial_1998_only;Border – croissance partielle 1998 seulement;border;1;1;0.0;0.0;;;1;0;1;1.0;0.0;1.0;0.0;0.0;1.0;0.3441;0.3441;0.3441;0.3441;0.3441;0.0;10
ablation_ceval_any_intersection;border_growth_partial_1998_only;Border – croissance partielle 1998 seulement;border;1;1;0.0;0.0;;;1;0;1;1.0;0.0;1.0;0.0;0.0;0.0;0.3346;0.3346;0.3346;0.3346;0.3346;0.0;10
baseline_random_matched;border_growth_partial_1998_only;Border – croissance partielle 1998 seulement;border;1;1;0.0;0.0;;;1;0;1;1.0;0.0;1.0;0.0;0.0;0.0;0.0027;0.0027;0.0027;0.0027;0.0027;0.0;10
mcad;border_margin_wrong_grain;Border – marge avec grain trop grossier;border;1;0;0.0;0.0;;;0;0;0;0.0;0.0;0.0;1.0;0.0;0.0;0.2078;0.2078;0.2078;0.2078;0.2078;0.0;10
baseline_naive;border_margin_wrong_grain;Border – marge avec grain trop grossier;border;1;1;0.0;0.0;;;1;0;1;1.0;0.0;1.0;0.0;0.0;0.0;0.0009;0.0009;0.0009;0.0009;0.0009;0.0;10
baseline_measure_overlap;border_margin_wrong_grain;Border – marge avec grain trop grossier;border;1;1;0.0;0.0;;;1;0;1;1.0;0.0;1.0;0.0;0.0;0.0;0.0144;0.0144;0.0144;0.0144;0.0144;0.0;10
ablation_no_sat;border_margin_wrong_grain;Border – marge avec grain trop grossier;border;1;0;0.0;0.0;;;0;0;0;0.0;0.0;0.0;1.0;0.0;0.0;0.4049;0.4049;0.4049;0.4049;0.4049;0.0;10
ablation_no_real;border_margin_wrong_grain;Border – marge avec grain trop grossier;border;1;0;0.0;0.0;;;0;0;0;0.0;0.0;0.0;1.0;0.0;0.0;0.2082;0.2082;0.2082;0.2082;0.2082;0.0;10
ablation_ceval_any_intersection;border_margin_wrong_grain;Border – marge avec grain trop grossier;border;1;0;0.0;0.0;;;0;0;0;0.0;0.0;0.0;1.0;0.0;0.0;0.1992;0.1992;0.1992;0.1992;0.1992;0.0;10
baseline_random_matched;border_margin_wrong_grain;Border – marge avec grain trop grossier;border;1;1;0.0;0.0;;;1;0;1;1.0;0.0;1.0;0.0;0.0;0.0;0.003;0.003;0.003;0.003;0.003;0.0;10
mcad;border_stockout_missing_store;Border – rupture sans grain magasin;border;1;0;0.0;0.0;;;0;0;0;0.0;0.0;0.0;1.0;0.0;0.0;0.1968;0.1968;0.1968;0.1968;0.1968;0.0;10
baseline_naive;border_stockout_missing_store;Border – rupture sans grain magasin;border;1;1;0.0;0.0;;;1;0;1;1.0;0.0;1.0;0.0;0.0;0.0;0.0009;0.0009;0.0009;0.0009;0.0009;0.0;10
baseline_measure_overlap;border_stockout_missing_store;Border – rupture sans grain magasin;border;1;1;0.0;0.0;;;1;0;1;1.0;0.0;1.0;0.0;0.0;0.0;0.0134;0.0134;0.0134;0.0134;0.0134;0.0;10
ablation_no_sat;border_stockout_missing_store;Border – rupture sans grain magasin;border;1;0;0.0;0.0;;;0;0;0;0.0;0.0;0.0;1.0;0.0;0.0;0.2562;0.2562;0.2562;0.2562;0.2562;0.0;10
ablation_no_real;border_stockout_missing_store;Border – rupture sans grain magasin;border;1;0;0.0;0.0;;;0;0;0;0.0;0.0;0.0;1.0;0.0;0.0;0.3196;0.3196;0.3196;0.3196;0.3196;0.0;10
ablation_ceval_any_intersection;border_stockout_missing_store;Border – rupture sans grain magasin;border;1;0;0.0;0.0;;;0;0;0;0.0;0.0;0.0;1.0;0.0;0.0;0.2253;0.2253;0.2253;0.2253;0.2253;0.0;10
baseline_random_matched;border_stockout_missing_store;Border – rupture sans grain magasin;border;1;1;0.0;0.0;;;1;0;1;1.0;0.0;1.0;0.0;0.0;0.0;0.0024;0.0024;0.0024;0.0024;0.0024;0.0;10
mcad;adversarial_wrong_region;Adversarial – bonne mesure mais mauvaise région;adversarial;1;0;0.0;0.0;;;0;0;0;0.0;0.0;0.0;1.0;0.0;0.0;0.1678;0.1678;0.1678;0.1678;0.1678;0.0;10
baseline_naive;adversarial_wrong_region;Adversarial – bonne mesure mais mauvaise région;adversarial;1;1;0.0;0.0;;;1;0;1;1.0;0.0;1.0;0.0;0.0;0.0;0.0014;0.0014;0.0014;0.0014;0.0014;0.0;10
baseline_measure_overlap;adversarial_wrong_region;Adversarial – bonne mesure mais mauvaise région;adversarial;1;1;0.0;0.0;;;1;0;1;1.0;0.0;1.0;0.0;0.0;0.0;0.0193;0.0193;0.0193;0.0193;0.0193;0.0;10
ablation_no_sat;adversarial_wrong_region;Adversarial – bonne mesure mais mauvaise région;adversarial;1;0;0.0;0.0;;;0;0;0;0.0;0.0;0.0;1.0;0.0;0.0;0.3596;0.3596;0.3596;0.3596;0.3596;0.0;10
ablation_no_real;adversarial_wrong_region;Adversarial – bonne mesure mais mauvaise région;adversarial;1;0;0.0;0.0;;;0;0;0;0.0;0.0;0.0;1.0;0.0;0.0;0.1822;0.1822;0.1822;0.1822;0.1822;0.0;10
ablation_ceval_any_intersection;adversarial_wrong_region;Adversarial – bonne mesure mais mauvaise région;adversarial;1;0;0.0;0.0;;;0;0;0;0.0;0.0;0.0;1.0;0.0;0.0;0.1802;0.1802;0.1802;0.1802;0.1802;0.0;10
baseline_random_matched;adversarial_wrong_region;Adversarial – bonne mesure mais mauvaise région;adversarial;1;0;0.0;0.0;;;0;0;0;0.0;0.0;0.0;0.0;0.0;0.0;0.0028;0.0028;0.0028;0.0028;0.0028;0.0;10
mcad;adversarial_wrong_year;Adversarial – bonne structure mais mauvaise année;adversarial;1;0;0.0;0.0;;;0;0;0;0.0;0.0;0.0;1.0;0.0;0.0;0.188;0.188;0.188;0.188;0.188;0.0;10
baseline_naive;adversarial_wrong_year;Adversarial – bonne structure mais mauvaise année;adversarial;1;1;0.0;0.0;;;1;0;1;1.0;0.0;1.0;0.0;0.0;0.0;0.0009;0.0009;0.0009;0.0009;0.0009;0.0;10
baseline_measure_overlap;adversarial_wrong_year;Adversarial – bonne structure mais mauvaise année;adversarial;1;1;0.0;0.0;;;1;0;1;1.0;0.0;1.0;0.0;0.0;0.0;0.0185;0.0185;0.0185;0.0185;0.0185;0.0;10
ablation_no_sat;adversarial_wrong_year;Adversarial – bonne structure mais mauvaise année;adversarial;1;0;0.0;0.0;;;0;0;0;0.0;0.0;0.0;1.0;0.0;0.0;0.1916;0.1916;0.1916;0.1916;0.1916;0.0;10
ablation_no_real;adversarial_wrong_year;Adversarial – bonne structure mais mauvaise année;adversarial;1;0;0.0;0.0;;;0;0;0;0.0;0.0;0.0;1.0;0.0;0.0;0.1721;0.1721;0.1721;0.1721;0.1721;0.0;10
ablation_ceval_any_intersection;adversarial_wrong_year;Adversarial – bonne structure mais mauvaise année;adversarial;1;0;0.0;0.0;;;0;0;0;0.0;0.0;0.0;1.0;0.0;0.0;0.1643;0.1643;0.1643;0.1643;0.1643;0.0;10
baseline_random_matched;adversarial_wrong_year;Adversarial – bonne structure mais mauvaise année;adversarial;1;1;0.0;0.0;;;1;0;1;1.0;0.0;1.0;0.0;0.0;0.0;0.0025;0.0025;0.0025;0.0025;0.0025;0.0;10
mcad;adversarial_invalid_no_measures;Adversarial – requête invalide sans mesure;adversarial;1;0;0.0;0.0;;;0;0;0;0.0;0.0;0.0;1.0;0.0;0.0;0.0736;0.0736;0.0736;0.0736;0.0736;0.0;10
baseline_naive;adversarial_invalid_no_measures;Adversarial – requête invalide sans mesure;adversarial;1;1;0.0;0.0;;;1;0;1;1.0;0.0;1.0;0.0;0.0;0.0;0.001;0.001;0.001;0.001;0.001;0.0;10
baseline_measure_overlap;adversarial_invalid_no_measures;Adversarial – requête invalide sans mesure;adversarial;1;0;0.0;0.0;;;0;0;0;0.0;0.0;0.0;0.0;0.0;0.0;0.0166;0.0166;0.0166;0.0166;0.0166;0.0;10
ablation_no_sat;adversarial_invalid_no_measures;Adversarial – requête invalide sans mesure;adversarial;1;0;0.0;0.0;;;0;0;0;0.0;0.0;0.0;1.0;0.0;0.0;0.0876;0.0876;0.0876;0.0876;0.0876;0.0;10
ablation_no_real;adversarial_invalid_no_measures;Adversarial – requête invalide sans mesure;adversarial;1;0;0.0;0.0;;;0;0;0;0.0;0.0;0.0;1.0;0.0;0.0;0.0795;0.0795;0.0795;0.0795;0.0795;0.0;10
ablation_ceval_any_intersection;adversarial_invalid_no_measures;Adversarial – requête invalide sans mesure;adversarial;1;0;0.0;0.0;;;0;0;0;0.0;0.0;0.0;1.0;0.0;0.0;0.097;0.097;0.097;0.097;0.097;0.0;10
baseline_random_matched;adversarial_invalid_no_measures;Adversarial – requête invalide sans mesure;adversarial;1;1;0.0;0.0;;;1;0;1;1.0;0.0;1.0;0.0;0.0;0.0;0.0025;0.0025;0.0025;0.0025;0.0025;0.0;10
mcad;stress_exploratory_then_useful;Stress – bruit exploratoire avant requête utile;stress;3;1;0.333333;0.111111;;;0;0;0;0.0;0.0;0.0;0.666667;0.0;0.0;0.2011;0.2009;0.25022;0.254604;0.2009;0.2012;10
baseline_naive;stress_exploratory_then_useful;Stress – bruit exploratoire avant requête utile;stress;3;3;0.333333;0.111111;;;2;0;2;0.666667;0.0;0.666667;0.0;0.0;0.0;0.000533;0.0004;0.00085;0.00089;0.0009;0.00035;10
baseline_measure_overlap;stress_exploratory_then_useful;Stress – bruit exploratoire avant requête utile;stress;3;3;0.333333;0.111111;;;2;0;2;0.666667;0.0;0.666667;0.0;0.0;0.0;0.0073;0.0051;0.01221;0.012842;0.013;0.00445;10
ablation_no_sat;stress_exploratory_then_useful;Stress – bruit exploratoire avant requête utile;stress;3;1;0.333333;0.111111;;;0;0;0;0.0;0.0;0.0;0.666667;0.0;0.0;0.237667;0.2503;0.28585;0.28901;0.2898;0.2116;10
ablation_no_real;stress_exploratory_then_useful;Stress – bruit exploratoire avant requête utile;stress;3;1;0.333333;0.111111;;;0;0;0;0.0;0.0;0.0;0.666667;0.0;0.0;0.208633;0.217;0.25372;0.256984;0.217;0.20445;10
ablation_ceval_any_intersection;stress_exploratory_then_useful;Stress – bruit exploratoire avant requête utile;stress;3;1;0.333333;0.111111;;;0;0;0;0.0;0.0;0.0;0.666667;0.0;0.0;0.1963;0.1924;0.24829;0.253258;0.1924;0.19825;10
baseline_random_matched;stress_exploratory_then_useful;Stress – bruit exploratoire avant requête utile;stress;3;1;0.0;0.0;;;1;1;1;0.333333;0.333333;1.0;0.0;0.0;0.0;0.0013;0.0006;0.00258;0.002756;0.0028;0.00055;10
mcad;happy_guided_article_short;Happy – parcours guidé article (c1 → c2 → c3);happy;3;3;1.0;0.666667;3;3;0;0;0;0.0;0.0;0.0;0.0;0.0;0.0;0.5696;0.5976;0.65682;0.662084;0.6634;0.5227;11
baseline_naive;happy_guided_article_short;Happy – parcours guidé article (c1 → c2 → c3);happy;3;3;1.0;0.666667;3;3;0;0;0;0.0;0.0;0.0;0.0;0.0;0.0;0.001033;0.0006;0.00186;0.001972;0.002;0.00055;11
baseline_measure_overlap;happy_guided_article_short;Happy – parcours guidé article (c1 → c2 → c3);happy;3;3;1.0;0.666667;3;3;0;0;0;0.0;0.0;0.0;0.0;0.0;0.0;0.0109;0.0054;0.02115;0.02255;0.0229;0.0049;11
ablation_no_sat;happy_guided_article_short;Happy – parcours guidé article (c1 → c2 → c3);happy;3;3;1.0;0.666667;3;3;0;0;0;0.0;0.0;0.0;0.0;0.0;0.0;0.325833;0.3404;0.38477;0.388714;0.3897;0.2939;11
ablation_no_real;happy_guided_article_short;Happy – parcours guidé article (c1 → c2 → c3);happy;3;3;1.0;0.666667;3;3;0;0;0;0.0;0.0;0.0;0.0;0.0;0.0;0.298;0.3063;0.33411;0.336582;0.3063;0.29385;11
ablation_ceval_any_intersection;happy_guided_article_short;Happy – parcours guidé article (c1 → c2 → c3);happy;3;3;1.0;0.666667;3;3;0;0;0;0.0;0.0;0.0;0.0;0.0;0.0;0.289767;0.2953;0.32608;0.328816;0.2953;0.287;11
baseline_random_matched;happy_guided_article_short;Happy – parcours guidé article (c1 → c2 → c3);happy;3;2;0.666667;0.444444;;;0;1;0;0.0;0.333333;0.0;0.0;0.0;0.0;0.0015;0.0007;0.00313;0.003346;0.0034;0.00055;11
mcad;happy_guided_reordered;Happy – même objectif mais ordre différent (c3 → c1 → c2);happy;3;3;1.0;0.666667;3;3;0;0;0;0.0;0.0;0.0;0.0;0.0;0.0;0.452333;0.3945;0.55209;0.566098;0.5696;0.3937;11
baseline_naive;happy_guided_reordered;Happy – même objectif mais ordre différent (c3 → c1 → c2);happy;3;3;1.0;0.666667;3;3;0;0;0;0.0;0.0;0.0;0.0;0.0;0.0;0.000633;0.0005;0.00095;0.00099;0.001;0.00045;11
baseline_measure_overlap;happy_guided_reordered;Happy – même objectif mais ordre différent (c3 → c1 → c2);happy;3;3;1.0;0.666667;3;3;0;0;0;0.0;0.0;0.0;0.0;0.0;0.0;0.007933;0.0053;0.01349;0.014218;0.0144;0.0047;11
ablation_no_sat;happy_guided_reordered;Happy – même objectif mais ordre différent (c3 → c1 → c2);happy;3;3;1.0;0.666667;3;3;0;0;0;0.0;0.0;0.0;0.0;0.0;0.0;0.291267;0.2519;0.35963;0.369206;0.3716;0.2511;11
ablation_no_real;happy_guided_reordered;Happy – même objectif mais ordre différent (c3 → c1 → c2);happy;3;3;1.0;0.666667;3;3;0;0;0;0.0;0.0;0.0;0.0;0.0;0.0;0.295167;0.2564;0.36305;0.37253;0.3749;0.2553;11
ablation_ceval_any_intersection;happy_guided_reordered;Happy – même objectif mais ordre différent (c3 → c1 → c2);happy;3;3;1.0;0.666667;3;3;0;0;0;0.0;0.0;0.0;0.0;0.0;0.0;0.2908;0.2699;0.35423;0.361726;0.3636;0.2544;11
baseline_random_matched;happy_guided_reordered;Happy – même objectif mais ordre différent (c3 → c1 → c2);happy;3;2;0.666667;0.555556;;;0;1;0;0.0;0.333333;0.0;0.0;0.0;0.0;0.001233;0.0007;0.00232;0.002464;0.0025;0.0006;11
mcad;happy_guided_compact;Happy – parcours compact guidé;happy;3;3;1.0;0.666667;3;3;0;0;0;0.0;0.0;0.0;0.0;0.0;0.0;0.289533;0.2911;0.33223;0.335886;0.2911;0.28875;11
baseline_naive;happy_guided_compact;Happy – parcours compact guidé;happy;3;3;1.0;0.666667;3;3;0;0;0;0.0;0.0;0.0;0.0;0.0;0.0;0.000767;0.0006;0.00114;0.001188;0.0012;0.00055;11
baseline_measure_overlap;happy_guided_compact;Happy – parcours compact guidé;happy;3;3;1.0;0.666667;3;3;0;0;0;0.0;0.0;0.0;0.0;0.0;0.0;0.007233;0.0052;0.01168;0.012256;0.0124;0.00465;11
ablation_no_sat;happy_guided_compact;Happy – parcours compact guidé;happy;3;3;1.0;0.666667;3;3;0;0;0;0.0;0.0;0.0;0.0;0.0;0.0;0.5701;0.5144;0.67451;0.688742;0.5144;0.59795;11
ablation_no_real;happy_guided_compact;Happy – parcours compact guidé;happy;3;3;1.0;0.666667;3;3;0;0;0;0.0;0.0;0.0;0.0;0.0;0.0;0.298833;0.3111;0.33882;0.341284;0.3111;0.2927;11
ablation_ceval_any_intersection;happy_guided_compact;Happy – parcours compact guidé;happy;3;3;1.0;0.666667;3;3;0;0;0;0.0;0.0;0.0;0.0;0.0;0.0;0.285367;0.2764;0.33553;0.340786;0.2764;0.28985;11
baseline_random_matched;happy_guided_compact;Happy – parcours compact guidé;happy;3;1;0.333333;0.111111;;;0;2;0;0.0;0.666667;0.0;0.0;0.0;0.0;0.001433;0.0008;0.00278;0.002956;0.003;0.00065;11
mcad;border_growth_partial_1998_only;Border – croissance partielle 1998 seulement;border;1;0;0.0;0.0;;;0;0;0;0.0;0.0;0.0;0.0;0.0;1.0;0.5374;0.5374;0.5374;0.5374;0.5374;0.0;11
baseline_naive;border_growth_partial_1998_only;Border – croissance partielle 1998 seulement;border;1;1;0.0;0.0;;;1;0;1;1.0;0.0;1.0;0.0;0.0;0.0;0.0009;0.0009;0.0009;0.0009;0.0009;0.0;11
baseline_measure_overlap;border_growth_partial_1998_only;Border – croissance partielle 1998 seulement;border;1;1;0.0;0.0;;;1;0;1;1.0;0.0;1.0;0.0;0.0;0.0;0.0127;0.0127;0.0127;0.0127;0.0127;0.0;11
ablation_no_sat;border_growth_partial_1998_only;Border – croissance partielle 1998 seulement;border;1;0;0.0;0.0;;;0;0;0;0.0;0.0;0.0;0.0;0.0;1.0;0.3356;0.3356;0.3356;0.3356;0.3356;0.0;11
ablation_no_real;border_growth_partial_1998_only;Border – croissance partielle 1998 seulement;border;1;1;0.0;0.0;;;1;0;1;1.0;0.0;1.0;0.0;0.0;1.0;0.3546;0.3546;0.3546;0.3546;0.3546;0.0;11
ablation_ceval_any_intersection;border_growth_partial_1998_only;Border – croissance partielle 1998 seulement;border;1;1;0.0;0.0;;;1;0;1;1.0;0.0;1.0;0.0;0.0;0.0;0.3328;0.3328;0.3328;0.3328;0.3328;0.0;11
baseline_random_matched;border_growth_partial_1998_only;Border – croissance partielle 1998 seulement;border;1;1;0.0;0.0;;;1;0;1;1.0;0.0;1.0;0.0;0.0;0.0;0.003;0.003;0.003;0.003;0.003;0.0;11
mcad;border_margin_wrong_grain;Border – marge avec grain trop grossier;border;1;0;0.0;0.0;;;0;0;0;0.0;0.0;0.0;1.0;0.0;0.0;0.3076;0.3076;0.3076;0.3076;0.3076;0.0;11
baseline_naive;border_margin_wrong_grain;Border – marge avec grain trop grossier;border;1;1;0.0;0.0;;;1;0;1;1.0;0.0;1.0;0.0;0.0;0.0;0.0015;0.0015;0.0015;0.0015;0.0015;0.0;11
baseline_measure_overlap;border_margin_wrong_grain;Border – marge avec grain trop grossier;border;1;1;0.0;0.0;;;1;0;1;1.0;0.0;1.0;0.0;0.0;0.0;0.0145;0.0145;0.0145;0.0145;0.0145;0.0;11
ablation_no_sat;border_margin_wrong_grain;Border – marge avec grain trop grossier;border;1;0;0.0;0.0;;;0;0;0;0.0;0.0;0.0;1.0;0.0;0.0;0.2768;0.2768;0.2768;0.2768;0.2768;0.0;11
ablation_no_real;border_margin_wrong_grain;Border – marge avec grain trop grossier;border;1;0;0.0;0.0;;;0;0;0;0.0;0.0;0.0;1.0;0.0;0.0;0.2081;0.2081;0.2081;0.2081;0.2081;0.0;11
ablation_ceval_any_intersection;border_margin_wrong_grain;Border – marge avec grain trop grossier;border;1;0;0.0;0.0;;;0;0;0;0.0;0.0;0.0;1.0;0.0;0.0;0.3093;0.3093;0.3093;0.3093;0.3093;0.0;11
baseline_random_matched;border_margin_wrong_grain;Border – marge avec grain trop grossier;border;1;1;0.0;0.0;;;1;0;1;1.0;0.0;1.0;0.0;0.0;0.0;0.0027;0.0027;0.0027;0.0027;0.0027;0.0;11
mcad;border_stockout_missing_store;Border – rupture sans grain magasin;border;1;0;0.0;0.0;;;0;0;0;0.0;0.0;0.0;1.0;0.0;0.0;0.1942;0.1942;0.1942;0.1942;0.1942;0.0;11
baseline_naive;border_stockout_missing_store;Border – rupture sans grain magasin;border;1;1;0.0;0.0;;;1;0;1;1.0;0.0;1.0;0.0;0.0;0.0;0.0009;0.0009;0.0009;0.0009;0.0009;0.0;11
baseline_measure_overlap;border_stockout_missing_store;Border – rupture sans grain magasin;border;1;1;0.0;0.0;;;1;0;1;1.0;0.0;1.0;0.0;0.0;0.0;0.0143;0.0143;0.0143;0.0143;0.0143;0.0;11
ablation_no_sat;border_stockout_missing_store;Border – rupture sans grain magasin;border;1;0;0.0;0.0;;;0;0;0;0.0;0.0;0.0;1.0;0.0;0.0;0.2699;0.2699;0.2699;0.2699;0.2699;0.0;11
ablation_no_real;border_stockout_missing_store;Border – rupture sans grain magasin;border;1;0;0.0;0.0;;;0;0;0;0.0;0.0;0.0;1.0;0.0;0.0;0.215;0.215;0.215;0.215;0.215;0.0;11
ablation_ceval_any_intersection;border_stockout_missing_store;Border – rupture sans grain magasin;border;1;0;0.0;0.0;;;0;0;0;0.0;0.0;0.0;1.0;0.0;0.0;0.1956;0.1956;0.1956;0.1956;0.1956;0.0;11
baseline_random_matched;border_stockout_missing_store;Border – rupture sans grain magasin;border;1;0;0.0;0.0;;;0;0;0;0.0;0.0;0.0;0.0;0.0;0.0;0.0038;0.0038;0.0038;0.0038;0.0038;0.0;11
mcad;adversarial_wrong_region;Adversarial – bonne mesure mais mauvaise région;adversarial;1;0;0.0;0.0;;;0;0;0;0.0;0.0;0.0;1.0;0.0;0.0;0.3344;0.3344;0.3344;0.3344;0.3344;0.0;11
baseline_naive;adversarial_wrong_region;Adversarial – bonne mesure mais mauvaise région;adversarial;1;1;0.0;0.0;;;1;0;1;1.0;0.0;1.0;0.0;0.0;0.0;0.0013;0.0013;0.0013;0.0013;0.0013;0.0;11
baseline_measure_overlap;adversarial_wrong_region;Adversarial – bonne mesure mais mauvaise région;adversarial;1;1;0.0;0.0;;;1;0;1;1.0;0.0;1.0;0.0;0.0;0.0;0.0195;0.0195;0.0195;0.0195;0.0195;0.0;11
ablation_no_sat;adversarial_wrong_region;Adversarial – bonne mesure mais mauvaise région;adversarial;1;0;0.0;0.0;;;0;0;0;0.0;0.0;0.0;1.0;0.0;0.0;0.2264;0.2264;0.2264;0.2264;0.2264;0.0;11
ablation_no_real;adversarial_wrong_region;Adversarial – bonne mesure mais mauvaise région;adversarial;1;0;0.0;0.0;;;0;0;0;0.0;0.0;0.0;1.0;0.0;0.0;0.1917;0.1917;0.1917;0.1917;0.1917;0.0;11
ablation_ceval_any_intersection;adversarial_wrong_region;Adversarial – bonne mesure mais mauvaise région;adversarial;1;0;0.0;0.0;;;0;0;0;0.0;0.0;0.0;1.0;0.0;0.0;0.2478;0.2478;0.2478;0.2478;0.2478;0.0;11
baseline_random_matched;adversarial_wrong_region;Adversarial – bonne mesure mais mauvaise région;adversarial;1;1;0.0;0.0;;;1;0;1;1.0;0.0;1.0;0.0;0.0;0.0;0.0028;0.0028;0.0028;0.0028;0.0028;0.0;11
mcad;adversarial_wrong_year;Adversarial – bonne structure mais mauvaise année;adversarial;1;0;0.0;0.0;;;0;0;0;0.0;0.0;0.0;1.0;0.0;0.0;0.1673;0.1673;0.1673;0.1673;0.1673;0.0;11
baseline_naive;adversarial_wrong_year;Adversarial – bonne structure mais mauvaise année;adversarial;1;1;0.0;0.0;;;1;0;1;1.0;0.0;1.0;0.0;0.0;0.0;0.001;0.001;0.001;0.001;0.001;0.0;11
baseline_measure_overlap;adversarial_wrong_year;Adversarial – bonne structure mais mauvaise année;adversarial;1;1;0.0;0.0;;;1;0;1;1.0;0.0;1.0;0.0;0.0;0.0;0.0137;0.0137;0.0137;0.0137;0.0137;0.0;11
ablation_no_sat;adversarial_wrong_year;Adversarial – bonne structure mais mauvaise année;adversarial;1;0;0.0;0.0;;;0;0;0;0.0;0.0;0.0;1.0;0.0;0.0;0.1913;0.1913;0.1913;0.1913;0.1913;0.0;11
ablation_no_real;adversarial_wrong_year;Adversarial – bonne structure mais mauvaise année;adversarial;1;0;0.0;0.0;;;0;0;0;0.0;0.0;0.0;1.0;0.0;0.0;0.1862;0.1862;0.1862;0.1862;0.1862;0.0;11
ablation_ceval_any_intersection;adversarial_wrong_year;Adversarial – bonne structure mais mauvaise année;adversarial;1;0;0.0;0.0;;;0;0;0;0.0;0.0;0.0;1.0;0.0;0.0;0.169;0.169;0.169;0.169;0.169;0.0;11
baseline_random_matched;adversarial_wrong_year;Adversarial – bonne structure mais mauvaise année;adversarial;1;0;0.0;0.0;;;0;0;0;0.0;0.0;0.0;0.0;0.0;0.0;0.003;0.003;0.003;0.003;0.003;0.0;11
mcad;adversarial_invalid_no_measures;Adversarial – requête invalide sans mesure;adversarial;1;0;0.0;0.0;;;0;0;0;0.0;0.0;0.0;1.0;0.0;0.0;0.0738;0.0738;0.0738;0.0738;0.0738;0.0;11
baseline_naive;adversarial_invalid_no_measures;Adversarial – requête invalide sans mesure;adversarial;1;1;0.0;0.0;;;1;0;1;1.0;0.0;1.0;0.0;0.0;0.0;0.0009;0.0009;0.0009;0.0009;0.0009;0.0;11
baseline_measure_overlap;adversarial_invalid_no_measures;Adversarial – requête invalide sans mesure;adversarial;1;0;0.0;0.0;;;0;0;0;0.0;0.0;0.0;0.0;0.0;0.0;0.0124;0.0124;0.0124;0.0124;0.0124;0.0;11
ablation_no_sat;adversarial_invalid_no_measures;Adversarial – requête invalide sans mesure;adversarial;1;0;0.0;0.0;;;0;0;0;0.0;0.0;0.0;1.0;0.0;0.0;0.0891;0.0891;0.0891;0.0891;0.0891;0.0;11
ablation_no_real;adversarial_invalid_no_measures;Adversarial – requête invalide sans mesure;adversarial;1;0;0.0;0.0;;;0;0;0;0.0;0.0;0.0;1.0;0.0;0.0;0.0808;0.0808;0.0808;0.0808;0.0808;0.0;11
ablation_ceval_any_intersection;adversarial_invalid_no_measures;Adversarial – requête invalide sans mesure;adversarial;1;0;0.0;0.0;;;0;0;0;0.0;0.0;0.0;1.0;0.0;0.0;0.0717;0.0717;0.0717;0.0717;0.0717;0.0;11
baseline_random_matched;adversarial_invalid_no_measures;Adversarial – requête invalide sans mesure;adversarial;1;1;0.0;0.0;;;1;0;1;1.0;0.0;1.0;0.0;0.0;0.0;0.003;0.003;0.003;0.003;0.003;0.0;11
mcad;stress_exploratory_then_useful;Stress – bruit exploratoire avant requête utile;stress;3;1;0.333333;0.111111;;;0;0;0;0.0;0.0;0.0;0.666667;0.0;0.0;0.202033;0.1974;0.25752;0.262864;0.1974;0.20435;11
baseline_naive;stress_exploratory_then_useful;Stress – bruit exploratoire avant requête utile;stress;3;3;0.333333;0.111111;;;2;0;2;0.666667;0.0;0.666667;0.0;0.0;0.0;0.000567;0.0005;0.00086;0.000892;0.0009;0.0004;11
baseline_measure_overlap;stress_exploratory_then_useful;Stress – bruit exploratoire avant requête utile;stress;3;3;0.333333;0.111111;;;2;0;2;0.666667;0.0;0.666667;0.0;0.0;0.0;0.007333;0.0052;0.01177;0.012354;0.0125;0.00475;11
ablation_no_sat;stress_exploratory_then_useful;Stress – bruit exploratoire avant requête utile;stress;3;1;0.333333;0.111111;;;0;0;0;0.0;0.0;0.0;0.666667;0.0;0.0;0.2203;0.2401;0.24847;0.249214;0.2401;0.2104;11
ablation_no_real;stress_exploratory_then_useful;Stress – bruit exploratoire avant requête utile;stress;3;1;0.333333;0.111111;;;0;0;0;0.0;0.0;0.0;0.666667;0.0;0.0;0.203067;0.1994;0.25628;0.261336;0.1994;0.2049;11
ablation_ceval_any_intersection;stress_exploratory_then_useful;Stress – bruit exploratoire avant requête utile;stress;3;1;0.333333;0.111111;;;0;0;0;0.0;0.0;0.0;0.666667;0.0;0.0;0.191867;0.1924;0.23812;0.242184;0.1924;0.1916;11
baseline_random_matched;stress_exploratory_then_useful;Stress – bruit exploratoire avant requête utile;stress;3;1;0.333333;0.111111;;;0;0;0;0.0;0.0;0.0;0.0;0.0;0.0;0.0011;0.0007;0.00196;0.002072;0.0021;0.0006;11
mcad;happy_guided_article_short;Happy – parcours guidé article (c1 → c2 → c3);happy;3;3;1.0;0.666667;3;3;0;0;0;0.0;0.0;0.0;0.0;0.0;0.0;1.1863;0.6128;2.3156;2.46696;2.5048;0.52705;12
baseline_naive;happy_guided_article_short;Happy – parcours guidé article (c1 → c2 → c3);happy;3;3;1.0;0.666667;3;3;0;0;0;0.0;0.0;0.0;0.0;0.0;0.0;0.000567;0.0005;0.00086;0.000892;0.0009;0.0004;12
baseline_measure_overlap;happy_guided_article_short;Happy – parcours guidé article (c1 → c2 → c3);happy;3;3;1.0;0.666667;3;3;0;0;0;0.0;0.0;0.0;0.0;0.0;0.0;0.007567;0.0056;0.01217;0.012754;0.0129;0.0049;12
ablation_no_sat;happy_guided_article_short;Happy – parcours guidé article (c1 → c2 → c3);happy;3;3;1.0;0.666667;3;3;0;0;0;0.0;0.0;0.0;0.0;0.0;0.0;0.2847;0.279;0.32553;0.329666;0.279;0.28755;12
ablation_no_real;happy_guided_article_short;Happy – parcours guidé article (c1 → c2 → c3);happy;3;3;1.0;0.666667;3;3;0;0;0;0.0;0.0;0.0;0.0;0.0;0.0;0.2954;0.2942;0.33389;0.337418;0.2942;0.296;12
ablation_ceval_any_intersection;happy_guided_article_short;Happy – parcours guidé article (c1 → c2 → c3);happy;3;3;1.0;0.666667;3;3;0;0;0;0.0;0.0;0.0;0.0;0.0;0.0;0.284867;0.2826;0.32589;0.329738;0.2826;0.286;12
baseline_random_matched;happy_guided_article_short;Happy – parcours guidé article (c1 → c2 → c3);happy;3;2;0.666667;0.444444;;;0;1;0;0.0;0.333333;0.0;0.0;0.0;0.0;0.0011;0.0007;0.00205;0.00217;0.0022;0.00055;12
mcad;happy_guided_reordered;Happy – même objectif mais ordre différent (c3 → c1 → c2);happy;3;3;1.0;0.666667;3;3;0;0;0;0.0;0.0;0.0;0.0;0.0;0.0;0.4853;0.4219;0.60343;0.619566;0.6236;0.41615;12
baseline_naive;happy_guided_reordered;Happy – même objectif mais ordre différent (c3 → c1 → c2);happy;3;3;1.0;0.666667;3;3;0;0;0;0.0;0.0;0.0;0.0;0.0;0.0;0.000567;0.0005;0.00086;0.000892;0.0009;0.0004;12
baseline_measure_overlap;happy_guided_reordered;Happy – même objectif mais ordre différent (c3 → c1 → c2);happy;3;3;1.0;0.666667;3;3;0;0;0;0.0;0.0;0.0;0.0;0.0;0.0;0.007433;0.0051;0.01212;0.012744;0.0129;0.0047;12
ablation_no_sat;happy_guided_reordered;Happy – même objectif mais ordre différent (c3 → c1 → c2);happy;3;3;1.0;0.666667;3;3;0;0;0;0.0;0.0;0.0;0.0;0.0;0.0;0.2922;0.2733;0.35484;0.362088;0.3639;0.25635;12
ablation_no_real;happy_guided_reordered;Happy – même objectif mais ordre différent (c3 → c1 → c2);happy;3;3;1.0;0.666667;3;3;0;0;0;0.0;0.0;0.0;0.0;0.0;0.0;0.297367;0.2667;0.36867;0.377734;0.38;0.25605;12
ablation_ceval_any_intersection;happy_guided_reordered;Happy – même objectif mais ordre différent (c3 → c1 → c2);happy;3;3;1.0;0.666667;3;3;0;0;0;0.0;0.0;0.0;0.0;0.0;0.0;0.2854;0.2467;0.35155;0.36087;0.3632;0.2465;12
baseline_random_matched;happy_guided_reordered;Happy – même objectif mais ordre différent (c3 → c1 → c2);happy;3;1;0.333333;0.222222;;;0;2;0;0.0;0.666667;0.0;0.0;0.0;0.0;0.0011;0.0007;0.00205;0.00217;0.0022;0.00055;12
mcad;happy_guided_compact;Happy – parcours compact guidé;happy;3;3;1.0;0.666667;3;3;0;0;0;0.0;0.0;0.0;0.0;0.0;0.0;0.481467;0.4489;0.57202;0.582964;0.4489;0.49775;12
baseline_naive;happy_guided_compact;Happy – parcours compact guidé;happy;3;3;1.0;0.666667;3;3;0;0;0;0.0;0.0;0.0;0.0;0.0;0.0;0.000667;0.0005;0.00104;0.001088;0.0011;0.00045;12
baseline_measure_overlap;happy_guided_compact;Happy – parcours compact guidé;happy;3;3;1.0;0.666667;3;3;0;0;0;0.0;0.0;0.0;0.0;0.0;0.0;0.0076;0.005;0.01283;0.013526;0.0137;0.00455;12
ablation_no_sat;happy_guided_compact;Happy – parcours compact guidé;happy;3;3;1.0;0.666667;3;3;0;0;0;0.0;0.0;0.0;0.0;0.0;0.0;0.2849;0.2754;0.32778;0.332436;0.2754;0.28965;12
ablation_no_real;happy_guided_compact;Happy – parcours compact guidé;happy;3;3;1.0;0.666667;3;3;0;0;0;0.0;0.0;0.0;0.0;0.0;0.0;0.294033;0.2989;0.33544;0.338688;0.2989;0.2916;12
ablation_ceval_any_intersection;happy_guided_compact;Happy – parcours compact guidé;happy;3;3;1.0;0.666667;3;3;0;0;0;0.0;0.0;0.0;0.0;0.0;0.0;0.532733;0.5076;0.63351;0.644702;0.5076;0.5453;12
baseline_random_matched;happy_guided_compact;Happy – parcours compact guidé;happy;3;3;1.0;0.666667;3;3;0;0;0;0.0;0.0;0.0;0.0;0.0;0.0;0.0028;0.0012;0.00588;0.006296;0.0064;0.001;12
mcad;border_growth_partial_1998_only;Border – croissance partielle 1998 seulement;border;1;0;0.0;0.0;;;0;0;0;0.0;0.0;0.0;0.0;0.0;1.0;0.3995;0.3995;0.3995;0.3995;0.3995;0.0;12
baseline_naive;border_growth_partial_1998_only;Border – croissance partielle 1998 seulement;border;1;1;0.0;0.0;;;1;0;1;1.0;0.0;1.0;0.0;0.0;0.0;0.0016;0.0016;0.0016;0.0016;0.0016;0.0;12
baseline_measure_overlap;border_growth_partial_1998_only;Border – croissance partielle 1998 seulement;border;1;1;0.0;0.0;;;1;0;1;1.0;0.0;1.0;0.0;0.0;0.0;0.0242;0.0242;0.0242;0.0242;0.0242;0.0;12
ablation_no_sat;border_growth_partial_1998_only;Border – croissance partielle 1998 seulement;border;1;0;0.0;0.0;;;0;0;0;0.0;0.0;0.0;0.0;0.0;1.0;0.3772;0.3772;0.3772;0.3772;0.3772;0.0;12
ablation_no_real;border_growth_partial_1998_only;Border – croissance partielle 1998 seulement;border;1;1;0.0;0.0;;;1;0;1;1.0;0.0;1.0;0.0;0.0;1.0;0.3572;0.3572;0.3572;0.3572;0.3572;0.0;12
ablation_ceval_any_intersection;border_growth_partial_1998_only;Border – croissance partielle 1998 seulement;border;1;1;0.0;0.0;;;1;0;1;1.0;0.0;1.0;0.0;0.0;0.0;0.3389;0.3389;0.3389;0.3389;0.3389;0.0;12
baseline_random_matched;border_growth_partial_1998_only;Border – croissance partielle 1998 seulement;border;1;1;0.0;0.0;;;1;0;1;1.0;0.0;1.0;0.0;0.0;0.0;0.0034;0.0034;0.0034;0.0034;0.0034;0.0;12
mcad;border_margin_wrong_grain;Border – marge avec grain trop grossier;border;1;0;0.0;0.0;;;0;0;0;0.0;0.0;0.0;1.0;0.0;0.0;0.211;0.211;0.211;0.211;0.211;0.0;12
baseline_naive;border_margin_wrong_grain;Border – marge avec grain trop grossier;border;1;1;0.0;0.0;;;1;0;1;1.0;0.0;1.0;0.0;0.0;0.0;0.0009;0.0009;0.0009;0.0009;0.0009;0.0;12
baseline_measure_overlap;border_margin_wrong_grain;Border – marge avec grain trop grossier;border;1;1;0.0;0.0;;;1;0;1;1.0;0.0;1.0;0.0;0.0;0.0;0.0196;0.0196;0.0196;0.0196;0.0196;0.0;12
ablation_no_sat;border_margin_wrong_grain;Border – marge avec grain trop grossier;border;1;0;0.0;0.0;;;0;0;0;0.0;0.0;0.0;1.0;0.0;0.0;0.4549;0.4549;0.4549;0.4549;0.4549;0.0;12
ablation_no_real;border_margin_wrong_grain;Border – marge avec grain trop grossier;border;1;0;0.0;0.0;;;0;0;0;0.0;0.0;0.0;1.0;0.0;0.0;0.383;0.383;0.383;0.383;0.383;0.0;12
ablation_ceval_any_intersection;border_margin_wrong_grain;Border – marge avec grain trop grossier;border;1;0;0.0;0.0;;;0;0;0;0.0;0.0;0.0;1.0;0.0;0.0;0.3474;0.3474;0.3474;0.3474;0.3474;0.0;12
baseline_random_matched;border_margin_wrong_grain;Border – marge avec grain trop grossier;border;1;0;0.0;0.0;;;0;0;0;0.0;0.0;0.0;0.0;0.0;0.0;0.0031;0.0031;0.0031;0.0031;0.0031;0.0;12
mcad;border_stockout_missing_store;Border – rupture sans grain magasin;border;1;0;0.0;0.0;;;0;0;0;0.0;0.0;0.0;1.0;0.0;0.0;0.1995;0.1995;0.1995;0.1995;0.1995;0.0;12
baseline_naive;border_stockout_missing_store;Border – rupture sans grain magasin;border;1;1;0.0;0.0;;;1;0;1;1.0;0.0;1.0;0.0;0.0;0.0;0.0013;0.0013;0.0013;0.0013;0.0013;0.0;12
baseline_measure_overlap;border_stockout_missing_store;Border – rupture sans grain magasin;border;1;1;0.0;0.0;;;1;0;1;1.0;0.0;1.0;0.0;0.0;0.0;0.0225;0.0225;0.0225;0.0225;0.0225;0.0;12
ablation_no_sat;border_stockout_missing_store;Border – rupture sans grain magasin;border;1;0;0.0;0.0;;;0;0;0;0.0;0.0;0.0;1.0;0.0;0.0;0.3009;0.3009;0.3009;0.3009;0.3009;0.0;12
ablation_no_real;border_stockout_missing_store;Border – rupture sans grain magasin;border;1;0;0.0;0.0;;;0;0;0;0.0;0.0;0.0;1.0;0.0;0.0;0.2436;0.2436;0.2436;0.2436;0.2436;0.0;12
ablation_ceval_any_intersection;border_stockout_missing_store;Border – rupture sans grain magasin;border;1;0;0.0;0.0;;;0;0;0;0.0;0.0;0.0;1.0;0.0;0.0;0.305;0.305;0.305;0.305;0.305;0.0;12
baseline_random_matched;border_stockout_missing_store;Border – rupture sans grain magasin;border;1;1;0.0;0.0;;;1;0;1;1.0;0.0;1.0;0.0;0.0;0.0;0.0036;0.0036;0.0036;0.0036;0.0036;0.0;12
mcad;adversarial_wrong_region;Adversarial – bonne mesure mais mauvaise région;adversarial;1;0;0.0;0.0;;;0;0;0;0.0;0.0;0.0;1.0;0.0;0.0;0.1731;0.1731;0.1731;0.1731;0.1731;0.0;12
baseline_naive;adversarial_wrong_region;Adversarial – bonne mesure mais mauvaise région;adversarial;1;1;0.0;0.0;;;1;0;1;1.0;0.0;1.0;0.0;0.0;0.0;0.001;0.001;0.001;0.001;0.001;0.0;12
baseline_measure_overlap;adversarial_wrong_region;Adversarial – bonne mesure mais mauvaise région;adversarial;1;1;0.0;0.0;;;1;0;1;1.0;0.0;1.0;0.0;0.0;0.0;0.0144;0.0144;0.0144;0.0144;0.0144;0.0;12
ablation_no_sat;adversarial_wrong_region;Adversarial – bonne mesure mais mauvaise région;adversarial;1;0;0.0;0.0;;;0;0;0;0.0;0.0;0.0;1.0;0.0;0.0;0.214;0.214;0.214;0.214;0.214;0.0;12
ablation_no_real;adversarial_wrong_region;Adversarial – bonne mesure mais mauvaise région;adversarial;1;0;0.0;0.0;;;0;0;0;0.0;0.0;0.0;1.0;0.0;0.0;0.1767;0.1767;0.1767;0.1767;0.1767;0.0;12
ablation_ceval_any_intersection;adversarial_wrong_region;Adversarial – bonne mesure mais mauvaise région;adversarial;1;0;0.0;0.0;;;0;0;0;0.0;0.0;0.0;1.0;0.0;0.0;0.2598;0.2598;0.2598;0.2598;0.2598;0.0;12
baseline_random_matched;adversarial_wrong_region;Adversarial – bonne mesure mais mauvaise région;adversarial;1;1;0.0;0.0;;;1;0;1;1.0;0.0;1.0;0.0;0.0;0.0;0.0041;0.0041;0.0041;0.0041;0.0041;0.0;12
mcad;adversarial_wrong_year;Adversarial – bonne structure mais mauvaise année;adversarial;1;0;0.0;0.0;;;0;0;0;0.0;0.0;0.0;1.0;0.0;0.0;0.1716;0.1716;0.1716;0.1716;0.1716;0.0;12
baseline_naive;adversarial_wrong_year;Adversarial – bonne structure mais mauvaise année;adversarial;1;1;0.0;0.0;;;1;0;1;1.0;0.0;1.0;0.0;0.0;0.0;0.001;0.001;0.001;0.001;0.001;0.0;12
baseline_measure_overlap;adversarial_wrong_year;Adversarial – bonne structure mais mauvaise année;adversarial;1;1;0.0;0.0;;;1;0;1;1.0;0.0;1.0;0.0;0.0;0.0;0.0149;0.0149;0.0149;0.0149;0.0149;0.0;12
ablation_no_sat;adversarial_wrong_year;Adversarial – bonne structure mais mauvaise année;adversarial;1;0;0.0;0.0;;;0;0;0;0.0;0.0;0.0;1.0;0.0;0.0;0.2102;0.2102;0.2102;0.2102;0.2102;0.0;12
ablation_no_real;adversarial_wrong_year;Adversarial – bonne structure mais mauvaise année;adversarial;1;0;0.0;0.0;;;0;0;0;0.0;0.0;0.0;1.0;0.0;0.0;0.1867;0.1867;0.1867;0.1867;0.1867;0.0;12
ablation_ceval_any_intersection;adversarial_wrong_year;Adversarial – bonne structure mais mauvaise année;adversarial;1;0;0.0;0.0;;;0;0;0;0.0;0.0;0.0;1.0;0.0;0.0;0.1644;0.1644;0.1644;0.1644;0.1644;0.0;12
baseline_random_matched;adversarial_wrong_year;Adversarial – bonne structure mais mauvaise année;adversarial;1;0;0.0;0.0;;;0;0;0;0.0;0.0;0.0;0.0;0.0;0.0;0.0038;0.0038;0.0038;0.0038;0.0038;0.0;12
mcad;adversarial_invalid_no_measures;Adversarial – requête invalide sans mesure;adversarial;1;0;0.0;0.0;;;0;0;0;0.0;0.0;0.0;1.0;0.0;0.0;0.0735;0.0735;0.0735;0.0735;0.0735;0.0;12
baseline_naive;adversarial_invalid_no_measures;Adversarial – requête invalide sans mesure;adversarial;1;1;0.0;0.0;;;1;0;1;1.0;0.0;1.0;0.0;0.0;0.0;0.001;0.001;0.001;0.001;0.001;0.0;12
baseline_measure_overlap;adversarial_invalid_no_measures;Adversarial – requête invalide sans mesure;adversarial;1;0;0.0;0.0;;;0;0;0;0.0;0.0;0.0;0.0;0.0;0.0;0.0133;0.0133;0.0133;0.0133;0.0133;0.0;12
ablation_no_sat;adversarial_invalid_no_measures;Adversarial – requête invalide sans mesure;adversarial;1;0;0.0;0.0;;;0;0;0;0.0;0.0;0.0;1.0;0.0;0.0;0.089;0.089;0.089;0.089;0.089;0.0;12
ablation_no_real;adversarial_invalid_no_measures;Adversarial – requête invalide sans mesure;adversarial;1;0;0.0;0.0;;;0;0;0;0.0;0.0;0.0;1.0;0.0;0.0;0.0802;0.0802;0.0802;0.0802;0.0802;0.0;12
ablation_ceval_any_intersection;adversarial_invalid_no_measures;Adversarial – requête invalide sans mesure;adversarial;1;0;0.0;0.0;;;0;0;0;0.0;0.0;0.0;1.0;0.0;0.0;0.082;0.082;0.082;0.082;0.082;0.0;12
baseline_random_matched;adversarial_invalid_no_measures;Adversarial – requête invalide sans mesure;adversarial;1;1;0.0;0.0;;;1;0;1;1.0;0.0;1.0;0.0;0.0;0.0;0.0038;0.0038;0.0038;0.0038;0.0038;0.0;12
mcad;stress_exploratory_then_useful;Stress – bruit exploratoire avant requête utile;stress;3;1;0.333333;0.111111;;;0;0;0;0.0;0.0;0.0;0.666667;0.0;0.0;0.201;0.2003;0.25583;0.260766;0.2003;0.20135;12
baseline_naive;stress_exploratory_then_useful;Stress – bruit exploratoire avant requête utile;stress;3;3;0.333333;0.111111;;;2;0;2;0.666667;0.0;0.666667;0.0;0.0;0.0;0.000633;0.0005;0.00104;0.001088;0.0011;0.0004;12
baseline_measure_overlap;stress_exploratory_then_useful;Stress – bruit exploratoire avant requête utile;stress;3;3;0.333333;0.111111;;;2;0;2;0.666667;0.0;0.666667;0.0;0.0;0.0;0.0075;0.0053;0.01232;0.012944;0.0131;0.0047;12
ablation_no_sat;stress_exploratory_then_useful;Stress – bruit exploratoire avant requête utile;stress;3;1;0.333333;0.111111;;;0;0;0;0.0;0.0;0.0;0.666667;0.0;0.0;0.2181;0.2352;0.24636;0.247352;0.2352;0.20955;12
ablation_no_real;stress_exploratory_then_useful;Stress – bruit exploratoire avant requête utile;stress;3;1;0.333333;0.111111;;;0;0;0;0.0;0.0;0.0;0.666667;0.0;0.0;0.2046;0.201;0.24996;0.254312;0.201;0.2064;12
ablation_ceval_any_intersection;stress_exploratory_then_useful;Stress – bruit exploratoire avant requête utile;stress;3;1;0.333333;0.111111;;;0;0;0;0.0;0.0;0.0;0.666667;0.0;0.0;0.1922;0.193;0.23845;0.24249;0.193;0.1918;12
baseline_random_matched;stress_exploratory_then_useful;Stress – bruit exploratoire avant requête utile;stress;3;0;0.0;0.0;;;0;1;0;0.0;0.333333;0.0;0.0;0.0;0.0;0.0018;0.001;0.00334;0.003548;0.0036;0.0009;12
mcad;happy_guided_article_short;Happy – parcours guidé article (c1 → c2 → c3);happy;3;3;1.0;0.666667;3;3;0;0;0;0.0;0.0;0.0;0.0;0.0;0.0;0.295733;0.2829;0.35103;0.357086;0.2829;0.30215;13
baseline_naive;happy_guided_article_short;Happy – parcours guidé article (c1 → c2 → c3);happy;3;3;1.0;0.666667;3;3;0;0;0;0.0;0.0;0.0;0.0;0.0;0.0;0.000533;0.0004;0.00085;0.00089;0.0009;0.00035;13
baseline_measure_overlap;happy_guided_article_short;Happy – parcours guidé article (c1 → c2 → c3);happy;3;3;1.0;0.666667;3;3;0;0;0;0.0;0.0;0.0;0.0;0.0;0.0;0.007933;0.0053;0.01304;0.013728;0.0139;0.00495;13
ablation_no_sat;happy_guided_article_short;Happy – parcours guidé article (c1 → c2 → c3);happy;3;3;1.0;0.666667;3;3;0;0;0;0.0;0.0;0.0;0.0;0.0;0.0;0.289367;0.2825;0.33407;0.338654;0.2825;0.2928;13
ablation_no_real;happy_guided_article_short;Happy – parcours guidé article (c1 → c2 → c3);happy;3;3;1.0;0.666667;3;3;0;0;0;0.0;0.0;0.0;0.0;0.0;0.0;0.290533;0.2884;0.32962;0.333284;0.2884;0.2916;13
ablation_ceval_any_intersection;happy_guided_article_short;Happy – parcours guidé article (c1 → c2 → c3);happy;3;3;1.0;0.666667;3;3;0;0;0;0.0;0.0;0.0;0.0;0.0;0.0;0.284833;0.2852;0.3239;0.32734;0.2852;0.28465;13
baseline_random_matched;happy_guided_article_short;Happy – parcours guidé article (c1 → c2 → c3);happy;3;3;1.0;0.666667;3;3;0;0;0;0.0;0.0;0.0;0.0;0.0;0.0;0.001167;0.0006;0.00222;0.002364;0.0024;0.00055;13
mcad;happy_guided_reordered;Happy – même objectif mais ordre différent (c3 → c1 → c2);happy;3;3;1.0;0.666667;3;3;0;0;0;0.0;0.0;0.0;0.0;0.0;0.0;0.4682;0.4259;0.55685;0.56849;0.5714;0.4166;13
baseline_naive;happy_guided_reordered;Happy – même objectif mais ordre différent (c3 → c1 → c2);happy;3;3;1.0;0.666667;3;3;0;0;0;0.0;0.0;0.0;0.0;0.0;0.0;0.000533;0.0004;0.00085;0.00089;0.0009;0.00035;13
baseline_measure_overlap;happy_guided_reordered;Happy – même objectif mais ordre différent (c3 → c1 → c2);happy;3;3;1.0;0.666667;3;3;0;0;0;0.0;0.0;0.0;0.0;0.0;0.0;0.007867;0.0056;0.01262;0.013244;0.0134;0.0051;13
ablation_no_sat;happy_guided_reordered;Happy – même objectif mais ordre différent (c3 → c1 → c2);happy;3;3;1.0;0.666667;3;3;0;0;0;0.0;0.0;0.0;0.0;0.0;0.0;0.287433;0.249;0.36015;0.37003;0.3725;0.2449;13
ablation_no_real;happy_guided_reordered;Happy – même objectif mais ordre différent (c3 → c1 → c2);happy;3;3;1.0;0.666667;3;3;0;0;0;0.0;0.0;0.0;0.0;0.0;0.0;0.2947;0.2676;0.36174;0.370108;0.3722;0.25595;13
ablation_ceval_any_intersection;happy_guided_reordered;Happy – même objectif mais ordre différent (c3 → c1 → c2);happy;3;3;1.0;0.666667;3;3;0;0;0;0.0;0.0;0.0;0.0;0.0;0.0;0.284467;0.2553;0.35025;0.35869;0.3608;0.2463;13
baseline_random_matched;happy_guided_reordered;Happy – même objectif mais ordre différent (c3 → c1 → c2);happy;3;3;1.0;0.666667;3;3;0;0;0;0.0;0.0;0.0;0.0;0.0;0.0;0.001167;0.0006;0.00231;0.002462;0.0025;0.0005;13
mcad;happy_guided_compact;Happy – parcours compact guidé;happy;3;3;1.0;0.666667;3;3;0;0;0;0.0;0.0;0.0;0.0;0.0;0.0;0.465467;0.4385;0.54848;0.558256;0.4385;0.47895;13
baseline_naive;happy_guided_compact;Happy – parcours compact guidé;happy;3;3;1.0;0.666667;3;3;0;0;0;0.0;0.0;0.0;0.0;0.0;0.0;0.000567;0.0004;0.00094;0.000988;0.001;0.00035;13
baseline_measure_overlap;happy_guided_compact;Happy – parcours compact guidé;happy;3;3;1.0;0.666667;3;3;0;0;0;0.0;0.0;0.0;0.0;0.0;0.0;0.007333;0.0051;0.01194;0.012548;0.0127;0.00465;13
ablation_no_sat;happy_guided_compact;Happy – parcours compact guidé;happy;3;3;1.0;0.666667;3;3;0;0;0;0.0;0.0;0.0;0.0;0.0;0.0;0.2877;0.2791;0.33832;0.343584;0.2791;0.292;13
ablation_no_real;happy_guided_compact;Happy – parcours compact guidé;happy;3;3;1.0;0.666667;3;3;0;0;0;0.0;0.0;0.0;0.0;0.0;0.0;0.292667;0.2837;0.3422;0.3474;0.2837;0.29715;13
ablation_ceval_any_intersection;happy_guided_compact;Happy – parcours compact guidé;happy;3;3;1.0;0.666667;3;3;0;0;0;0.0;0.0;0.0;0.0;0.0;0.0;0.4889;0.5068;0.5761;0.58226;0.5068;0.47995;13
baseline_random_matched;happy_guided_compact;Happy – parcours compact guidé;happy;3;1;0.333333;0.333333;;;0;2;0;0.0;0.666667;0.0;0.0;0.0;0.0;0.001433;0.0006;0.00294;0.003148;0.0032;0.00055;13
mcad;border_growth_partial_1998_only;Border – croissance partielle 1998 seulement;border;1;0;0.0;0.0;;;0;0;0;0.0;0.0;0.0;0.0;0.0;1.0;0.3704;0.3704;0.3704;0.3704;0.3704;0.0;13
baseline_naive;border_growth_partial_1998_only;Border – croissance partielle 1998 seulement;border;1;1;0.0;0.0;;;1;0;1;1.0;0.0;1.0;0.0;0.0;0.0;0.0012;0.0012;0.0012;0.0012;0.0012;0.0;13
baseline_measure_overlap;border_growth_partial_1998_only;Border – croissance partielle 1998 seulement;border;1;1;0.0;0.0;;;1;0;1;1.0;0.0;1.0;0.0;0.0;0.0;0.0153;0.0153;0.0153;0.0153;0.0153;0.0;13
ablation_no_sat;border_growth_partial_1998_only;Border – croissance partielle 1998 seulement;border;1;0;0.0;0.0;;;0;0;0;0.0;0.0;0.0;0.0;0.0;1.0;0.3433;0.3433;0.3433;0.3433;0.3433;0.0;13
ablation_no_real;border_growth_partial_1998_only;Border – croissance partielle 1998 seulement;border;1;1;0.0;0.0;;;1;0;1;1.0;0.0;1.0;0.0;0.0;1.0;0.346;0.346;0.346;0.346;0.346;0.0;13
ablation_ceval_any_intersection;border_growth_partial_1998_only;Border – croissance partielle 1998 seulement;border;1;1;0.0;0.0;;;1;0;1;1.0;0.0;1.0;0.0;0.0;0.0;0.3636;0.3636;0.3636;0.3636;0.3636;0.0;13
baseline_random_matched;border_growth_partial_1998_only;Border – croissance partielle 1998 seulement;border;1;1;0.0;0.0;;;1;0;1;1.0;0.0;1.0;0.0;0.0;0.0;0.0031;0.0031;0.0031;0.0031;0.0031;0.0;13
mcad;border_margin_wrong_grain;Border – marge avec grain trop grossier;border;1;0;0.0;0.0;;;0;0;0;0.0;0.0;0.0;1.0;0.0;0.0;0.3171;0.3171;0.3171;0.3171;0.3171;0.0;13
baseline_naive;border_margin_wrong_grain;Border – marge avec grain trop grossier;border;1;1;0.0;0.0;;;1;0;1;1.0;0.0;1.0;0.0;0.0;0.0;0.0009;0.0009;0.0009;0.0009;0.0009;0.0;13
baseline_measure_overlap;border_margin_wrong_grain;Border – marge avec grain trop grossier;border;1;1;0.0;0.0;;;1;0;1;1.0;0.0;1.0;0.0;0.0;0.0;0.0143;0.0143;0.0143;0.0143;0.0143;0.0;13
ablation_no_sat;border_margin_wrong_grain;Border – marge avec grain trop grossier;border;1;0;0.0;0.0;;;0;0;0;0.0;0.0;0.0;1.0;0.0;0.0;0.2677;0.2677;0.2677;0.2677;0.2677;0.0;13
ablation_no_real;border_margin_wrong_grain;Border – marge avec grain trop grossier;border;1;0;0.0;0.0;;;0;0;0;0.0;0.0;0.0;1.0;0.0;0.0;0.2048;0.2048;0.2048;0.2048;0.2048;0.0;13
ablation_ceval_any_intersection;border_margin_wrong_grain;Border – marge avec grain trop grossier;border;1;0;0.0;0.0;;;0;0;0;0.0;0.0;0.0;1.0;0.0;0.0;0.2065;0.2065;0.2065;0.2065;0.2065;0.0;13
baseline_random_matched;border_margin_wrong_grain;Border – marge avec grain trop grossier;border;1;0;0.0;0.0;;;0;0;0;0.0;0.0;0.0;0.0;0.0;0.0;0.0026;0.0026;0.0026;0.0026;0.0026;0.0;13
mcad;border_stockout_missing_store;Border – rupture sans grain magasin;border;1;0;0.0;0.0;;;0;0;0;0.0;0.0;0.0;1.0;0.0;0.0;0.3012;0.3012;0.3012;0.3012;0.3012;0.0;13
baseline_naive;border_stockout_missing_store;Border – rupture sans grain magasin;border;1;1;0.0;0.0;;;1;0;1;1.0;0.0;1.0;0.0;0.0;0.0;0.0009;0.0009;0.0009;0.0009;0.0009;0.0;13
baseline_measure_overlap;border_stockout_missing_store;Border – rupture sans grain magasin;border;1;1;0.0;0.0;;;1;0;1;1.0;0.0;1.0;0.0;0.0;0.0;0.0133;0.0133;0.0133;0.0133;0.0133;0.0;13
ablation_no_sat;border_stockout_missing_store;Border – rupture sans grain magasin;border;1;0;0.0;0.0;;;0;0;0;0.0;0.0;0.0;1.0;0.0;0.0;0.2558;0.2558;0.2558;0.2558;0.2558;0.0;13
ablation_no_real;border_stockout_missing_store;Border – rupture sans grain magasin;border;1;0;0.0;0.0;;;0;0;0;0.0;0.0;0.0;1.0;0.0;0.0;0.2116;0.2116;0.2116;0.2116;0.2116;0.0;13
ablation_ceval_any_intersection;border_stockout_missing_store;Border – rupture sans grain magasin;border;1;0;0.0;0.0;;;0;0;0;0.0;0.0;0.0;1.0;0.0;0.0;0.1955;0.1955;0.1955;0.1955;0.1955;0.0;13
baseline_random_matched;border_stockout_missing_store;Border – rupture sans grain magasin;border;1;1;0.0;0.0;;;1;0;1;1.0;0.0;1.0;0.0;0.0;0.0;0.0028;0.0028;0.0028;0.0028;0.0028;0.0;13
mcad;adversarial_wrong_region;Adversarial – bonne mesure mais mauvaise région;adversarial;1;0;0.0;0.0;;;0;0;0;0.0;0.0;0.0;1.0;0.0;0.0;0.181;0.181;0.181;0.181;0.181;0.0;13
baseline_naive;adversarial_wrong_region;Adversarial – bonne mesure mais mauvaise région;adversarial;1;1;0.0;0.0;;;1;0;1;1.0;0.0;1.0;0.0;0.0;0.0;0.0015;0.0015;0.0015;0.0015;0.0015;0.0;13
baseline_measure_overlap;adversarial_wrong_region;Adversarial – bonne mesure mais mauvaise région;adversarial;1;1;0.0;0.0;;;1;0;1;1.0;0.0;1.0;0.0;0.0;0.0;0.0158;0.0158;0.0158;0.0158;0.0158;0.0;13
ablation_no_sat;adversarial_wrong_region;Adversarial – bonne mesure mais mauvaise région;adversarial;1;0;0.0;0.0;;;0;0;0;0.0;0.0;0.0;1.0;0.0;0.0;0.2258;0.2258;0.2258;0.2258;0.2258;0.0;13
ablation_no_real;adversarial_wrong_region;Adversarial – bonne mesure mais mauvaise région;adversarial;1;0;0.0;0.0;;;0;0;0;0.0;0.0;0.0;1.0;0.0;0.0;0.1954;0.1954;0.1954;0.1954;0.1954;0.0;13
ablation_ceval_any_intersection;adversarial_wrong_region;Adversarial – bonne mesure mais mauvaise région;adversarial;1;0;0.0;0.0;;;0;0;0;0.0;0.0;0.0;1.0;0.0;0.0;0.1757;0.1757;0.1757;0.1757;0.1757;0.0;13
baseline_random_matched;adversarial_wrong_region;Adversarial – bonne mesure mais mauvaise région;adversarial;1;1;0.0;0.0;;;1;0;1;1.0;0.0;1.0;0.0;0.0;0.0;0.0036;0.0036;0.0036;0.0036;0.0036;0.0;13
mcad;adversarial_wrong_year;Adversarial – bonne structure mais mauvaise année;adversarial;1;0;0.0;0.0;;;0;0;0;0.0;0.0;0.0;1.0;0.0;0.0;0.1768;0.1768;0.1768;0.1768;0.1768;0.0;13
baseline_naive;adversarial_wrong_year;Adversarial – bonne structure mais mauvaise année;adversarial;1;1;0.0;0.0;;;1;0;1;1.0;0.0;1.0;0.0;0.0;0.0;0.0009;0.0009;0.0009;0.0009;0.0009;0.0;13
baseline_measure_overlap;adversarial_wrong_year;Adversarial – bonne structure mais mauvaise année;adversarial;1;1;0.0;0.0;;;1;0;1;1.0;0.0;1.0;0.0;0.0;0.0;0.0126;0.0126;0.0126;0.0126;0.0126;0.0;13
ablation_no_sat;adversarial_wrong_year;Adversarial – bonne structure mais mauvaise année;adversarial;1;0;0.0;0.0;;;0;0;0;0.0;0.0;0.0;1.0;0.0;0.0;0.1896;0.1896;0.1896;0.1896;0.1896;0.0;13
ablation_no_real;adversarial_wrong_year;Adversarial – bonne structure mais mauvaise année;adversarial;1;0;0.0;0.0;;;0;0;0;0.0;0.0;0.0;1.0;0.0;0.0;0.1714;0.1714;0.1714;0.1714;0.1714;0.0;13
ablation_ceval_any_intersection;adversarial_wrong_year;Adversarial – bonne structure mais mauvaise année;adversarial;1;0;0.0;0.0;;;0;0;0;0.0;0.0;0.0;1.0;0.0;0.0;0.1619;0.1619;0.1619;0.1619;0.1619;0.0;13
baseline_random_matched;adversarial_wrong_year;Adversarial – bonne structure mais mauvaise année;adversarial;1;0;0.0;0.0;;;0;0;0;0.0;0.0;0.0;0.0;0.0;0.0;0.0034;0.0034;0.0034;0.0034;0.0034;0.0;13
mcad;adversarial_invalid_no_measures;Adversarial – requête invalide sans mesure;adversarial;1;0;0.0;0.0;;;0;0;0;0.0;0.0;0.0;1.0;0.0;0.0;0.0742;0.0742;0.0742;0.0742;0.0742;0.0;13
baseline_naive;adversarial_invalid_no_measures;Adversarial – requête invalide sans mesure;adversarial;1;1;0.0;0.0;;;1;0;1;1.0;0.0;1.0;0.0;0.0;0.0;0.0009;0.0009;0.0009;0.0009;0.0009;0.0;13
baseline_measure_overlap;adversarial_invalid_no_measures;Adversarial – requête invalide sans mesure;adversarial;1;0;0.0;0.0;;;0;0;0;0.0;0.0;0.0;0.0;0.0;0.0;0.0126;0.0126;0.0126;0.0126;0.0126;0.0;13
ablation_no_sat;adversarial_invalid_no_measures;Adversarial – requête invalide sans mesure;adversarial;1;0;0.0;0.0;;;0;0;0;0.0;0.0;0.0;1.0;0.0;0.0;0.1001;0.1001;0.1001;0.1001;0.1001;0.0;13
ablation_no_real;adversarial_invalid_no_measures;Adversarial – requête invalide sans mesure;adversarial;1;0;0.0;0.0;;;0;0;0;0.0;0.0;0.0;1.0;0.0;0.0;0.0785;0.0785;0.0785;0.0785;0.0785;0.0;13
ablation_ceval_any_intersection;adversarial_invalid_no_measures;Adversarial – requête invalide sans mesure;adversarial;1;0;0.0;0.0;;;0;0;0;0.0;0.0;0.0;1.0;0.0;0.0;0.0716;0.0716;0.0716;0.0716;0.0716;0.0;13
baseline_random_matched;adversarial_invalid_no_measures;Adversarial – requête invalide sans mesure;adversarial;1;0;0.0;0.0;;;0;0;0;0.0;0.0;0.0;0.0;0.0;0.0;0.0028;0.0028;0.0028;0.0028;0.0028;0.0;13
mcad;stress_exploratory_then_useful;Stress – bruit exploratoire avant requête utile;stress;3;1;0.333333;0.111111;;;0;0;0;0.0;0.0;0.0;0.666667;0.0;0.0;0.318567;0.3082;0.40873;0.417666;0.3082;0.32375;13
baseline_naive;stress_exploratory_then_useful;Stress – bruit exploratoire avant requête utile;stress;3;3;0.333333;0.111111;;;2;0;2;0.666667;0.0;0.666667;0.0;0.0;0.0;0.000533;0.0004;0.00085;0.00089;0.0009;0.00035;13
baseline_measure_overlap;stress_exploratory_then_useful;Stress – bruit exploratoire avant requête utile;stress;3;3;0.333333;0.111111;;;2;0;2;0.666667;0.0;0.666667;0.0;0.0;0.0;0.0076;0.0055;0.01252;0.013144;0.0133;0.00475;13
ablation_no_sat;stress_exploratory_then_useful;Stress – bruit exploratoire avant requête utile;stress;3;1;0.333333;0.111111;;;0;0;0;0.0;0.0;0.0;0.666667;0.0;0.0;0.219267;0.238;0.24835;0.24927;0.238;0.2099;13
ablation_no_real;stress_exploratory_then_useful;Stress – bruit exploratoire avant requête utile;stress;3;1;0.333333;0.111111;;;0;0;0;0.0;0.0;0.0;0.666667;0.0;0.0;0.206533;0.2025;0.25173;0.256106;0.2025;0.20855;13
ablation_ceval_any_intersection;stress_exploratory_then_useful;Stress – bruit exploratoire avant requête utile;stress;3;1;0.333333;0.111111;;;0;0;0;0.0;0.0;0.0;0.666667;0.0;0.0;0.199267;0.196;0.25216;0.257152;0.196;0.2009;13
baseline_random_matched;stress_exploratory_then_useful;Stress – bruit exploratoire avant requête utile;stress;3;2;0.333333;0.111111;;;1;0;1;0.333333;0.0;0.5;0.0;0.0;0.0;0.001333;0.0006;0.00258;0.002756;0.0028;0.0006;13
mcad;happy_guided_article_short;Happy – parcours guidé article (c1 → c2 → c3);happy;3;3;1.0;0.666667;3;3;0;0;0;0.0;0.0;0.0;0.0;0.0;0.0;0.452833;0.4147;0.53809;0.549058;0.4147;0.4719;14
baseline_naive;happy_guided_article_short;Happy – parcours guidé article (c1 → c2 → c3);happy;3;3;1.0;0.666667;3;3;0;0;0;0.0;0.0;0.0;0.0;0.0;0.0;0.0006;0.0005;0.00095;0.00099;0.001;0.0004;14
baseline_measure_overlap;happy_guided_article_short;Happy – parcours guidé article (c1 → c2 → c3);happy;3;3;1.0;0.666667;3;3;0;0;0;0.0;0.0;0.0;0.0;0.0;0.0;0.010767;0.0055;0.02053;0.021866;0.0222;0.00505;14
ablation_no_sat;happy_guided_article_short;Happy – parcours guidé article (c1 → c2 → c3);happy;3;3;1.0;0.666667;3;3;0;0;0;0.0;0.0;0.0;0.0;0.0;0.0;0.288367;0.2793;0.33357;0.338394;0.2793;0.2929;14
ablation_no_real;happy_guided_article_short;Happy – parcours guidé article (c1 → c2 → c3);happy;3;3;1.0;0.666667;3;3;0;0;0;0.0;0.0;0.0;0.0;0.0;0.0;0.288667;0.2825;0.32957;0.333754;0.2825;0.29175;14
ablation_ceval_any_intersection;happy_guided_article_short;Happy – parcours guidé article (c1 → c2 → c3);happy;3;3;1.0;0.666667;3;3;0;0;0;0.0;0.0;0.0;0.0;0.0;0.0;0.282267;0.2826;0.32022;0.323564;0.2826;0.2821;14
baseline_random_matched;happy_guided_article_short;Happy – parcours guidé article (c1 → c2 → c3);happy;3;1;0.333333;0.333333;;;0;2;0;0.0;0.666667;0.0;0.0;0.0;0.0;0.001167;0.0006;0.00231;0.002462;0.0025;0.0005;14
mcad;happy_guided_reordered;Happy – même objectif mais ordre différent (c3 → c1 → c2);happy;3;3;1.0;0.666667;3;3;0;0;0;0.0;0.0;0.0;0.0;0.0;0.0;0.3018;0.2815;0.35512;0.361664;0.3633;0.27105;14
baseline_naive;happy_guided_reordered;Happy – même objectif mais ordre différent (c3 → c1 → c2);happy;3;3;1.0;0.666667;3;3;0;0;0;0.0;0.0;0.0;0.0;0.0;0.0;0.000767;0.0007;0.00106;0.001092;0.0011;0.0006;14
baseline_measure_overlap;happy_guided_reordered;Happy – même objectif mais ordre différent (c3 → c1 → c2);happy;3;3;1.0;0.666667;3;3;0;0;0;0.0;0.0;0.0;0.0;0.0;0.0;0.007667;0.0059;0.01211;0.012662;0.0128;0.0051;14
ablation_no_sat;happy_guided_reordered;Happy – même objectif mais ordre différent (c3 → c1 → c2);happy;3;3;1.0;0.666667;3;3;0;0;0;0.0;0.0;0.0;0.0;0.0;0.0;0.287067;0.2505;0.3567;0.36614;0.3685;0.24635;14
ablation_no_real;happy_guided_reordered;Happy – même objectif mais ordre différent (c3 → c1 → c2);happy;3;3;1.0;0.666667;3;3;0;0;0;0.0;0.0;0.0;0.0;0.0;0.0;0.296567;0.2569;0.373;0.38332;0.3859;0.2519;14
ablation_ceval_any_intersection;happy_guided_reordered;Happy – même objectif mais ordre différent (c3 → c1 → c2);happy;3;3;1.0;0.666667;3;3;0;0;0;0.0;0.0;0.0;0.0;0.0;0.0;0.2869;0.2463;0.36195;0.37223;0.3748;0.24295;14
baseline_random_matched;happy_guided_reordered;Happy – même objectif mais ordre différent (c3 → c1 → c2);happy;3;3;1.0;0.666667;3;3;0;0;0;0.0;0.0;0.0;0.0;0.0;0.0;0.0012;0.0007;0.00223;0.002366;0.0024;0.0006;14
mcad;happy_guided_compact;Happy – parcours compact guidé;happy;3;3;1.0;0.666667;3;3;0;0;0;0.0;0.0;0.0;0.0;0.0;0.0;0.2916;0.2788;0.34576;0.351712;0.2788;0.298;14
baseline_naive;happy_guided_compact;Happy – parcours compact guidé;happy;3;3;1.0;0.666667;3;3;0;0;0;0.0;0.0;0.0;0.0;0.0;0.0;0.0008;0.0007;0.00115;0.00119;0.0012;0.0006;14
baseline_measure_overlap;happy_guided_compact;Happy – parcours compact guidé;happy;3;3;1.0;0.666667;3;3;0;0;0;0.0;0.0;0.0;0.0;0.0;0.0;0.007433;0.0053;0.01214;0.012748;0.0129;0.0047;14
ablation_no_sat;happy_guided_compact;Happy – parcours compact guidé;happy;3;3;1.0;0.666667;3;3;0;0;0;0.0;0.0;0.0;0.0;0.0;0.0;0.289933;0.2808;0.34191;0.347342;0.2808;0.2945;14
ablation_no_real;happy_guided_compact;Happy – parcours compact guidé;happy;3;3;1.0;0.666667;3;3;0;0;0;0.0;0.0;0.0;0.0;0.0;0.0;0.297933;0.2885;0.34952;0.354944;0.2885;0.30265;14
ablation_ceval_any_intersection;happy_guided_compact;Happy – parcours compact guidé;happy;3;3;1.0;0.666667;3;3;0;0;0;0.0;0.0;0.0;0.0;0.0;0.0;0.292767;0.276;0.33036;0.335192;0.276;0.30115;14
baseline_random_matched;happy_guided_compact;Happy – parcours compact guidé;happy;3;3;1.0;0.666667;3;3;0;0;0;0.0;0.0;0.0;0.0;0.0;0.0;0.0011;0.0007;0.00196;0.002072;0.0021;0.0006;14
mcad;border_growth_partial_1998_only;Border – croissance partielle 1998 seulement;border;1;0;0.0;0.0;;;0;0;0;0.0;0.0;0.0;0.0;0.0;1.0;0.3499;0.3499;0.3499;0.3499;0.3499;0.0;14
baseline_naive;border_growth_partial_1998_only;Border – croissance partielle 1998 seulement;border;1;1;0.0;0.0;;;1;0;1;1.0;0.0;1.0;0.0;0.0;0.0;0.0009;0.0009;0.0009;0.0009;0.0009;0.0;14
baseline_measure_overlap;border_growth_partial_1998_only;Border – croissance partielle 1998 seulement;border;1;1;0.0;0.0;;;1;0;1;1.0;0.0;1.0;0.0;0.0;0.0;0.0154;0.0154;0.0154;0.0154;0.0154;0.0;14
ablation_no_sat;border_growth_partial_1998_only;Border – croissance partielle 1998 seulement;border;1;0;0.0;0.0;;;0;0;0;0.0;0.0;0.0;0.0;0.0;1.0;0.3442;0.3442;0.3442;0.3442;0.3442;0.0;14
ablation_no_real;border_growth_partial_1998_only;Border – croissance partielle 1998 seulement;border;1;1;0.0;0.0;;;1;0;1;1.0;0.0;1.0;0.0;0.0;1.0;0.3441;0.3441;0.3441;0.3441;0.3441;0.0;14
ablation_ceval_any_intersection;border_growth_partial_1998_only;Border – croissance partielle 1998 seulement;border;1;1;0.0;0.0;;;1;0;1;1.0;0.0;1.0;0.0;0.0;0.0;0.362;0.362;0.362;0.362;0.362;0.0;14
baseline_random_matched;border_growth_partial_1998_only;Border – croissance partielle 1998 seulement;border;1;0;0.0;0.0;;;0;0;0;0.0;0.0;0.0;0.0;0.0;0.0;0.0028;0.0028;0.0028;0.0028;0.0028;0.0;14
mcad;border_margin_wrong_grain;Border – marge avec grain trop grossier;border;1;0;0.0;0.0;;;0;0;0;0.0;0.0;0.0;1.0;0.0;0.0;0.2099;0.2099;0.2099;0.2099;0.2099;0.0;14
baseline_naive;border_margin_wrong_grain;Border – marge avec grain trop grossier;border;1;1;0.0;0.0;;;1;0;1;1.0;0.0;1.0;0.0;0.0;0.0;0.0009;0.0009;0.0009;0.0009;0.0009;0.0;14
baseline_measure_overlap;border_margin_wrong_grain;Border – marge avec grain trop grossier;border;1;1;0.0;0.0;;;1;0;1;1.0;0.0;1.0;0.0;0.0;0.0;0.0173;0.0173;0.0173;0.0173;0.0173;0.0;14
ablation_no_sat;border_margin_wrong_grain;Border – marge avec grain trop grossier;border;1;0;0.0;0.0;;;0;0;0;0.0;0.0;0.0;1.0;0.0;0.0;0.2711;0.2711;0.2711;0.2711;0.2711;0.0;14
ablation_no_real;border_margin_wrong_grain;Border – marge avec grain trop grossier;border;1;0;0.0;0.0;;;0;0;0;0.0;0.0;0.0;1.0;0.0;0.0;0.2131;0.2131;0.2131;0.2131;0.2131;0.0;14
ablation_ceval_any_intersection;border_margin_wrong_grain;Border – marge avec grain trop grossier;border;1;0;0.0;0.0;;;0;0;0;0.0;0.0;0.0;1.0;0.0;0.0;0.1984;0.1984;0.1984;0.1984;0.1984;0.0;14
baseline_random_matched;border_margin_wrong_grain;Border – marge avec grain trop grossier;border;1;0;0.0;0.0;;;0;0;0;0.0;0.0;0.0;0.0;0.0;0.0;0.0028;0.0028;0.0028;0.0028;0.0028;0.0;14
mcad;border_stockout_missing_store;Border – rupture sans grain magasin;border;1;0;0.0;0.0;;;0;0;0;0.0;0.0;0.0;1.0;0.0;0.0;0.2013;0.2013;0.2013;0.2013;0.2013;0.0;14
baseline_naive;border_stockout_missing_store;Border – rupture sans grain magasin;border;1;1;0.0;0.0;;;1;0;1;1.0;0.0;1.0;0.0;0.0;0.0;0.0013;0.0013;0.0013;0.0013;0.0013;0.0;14
baseline_measure_overlap;border_stockout_missing_store;Border – rupture sans grain magasin;border;1;1;0.0;0.0;;;1;0;1;1.0;0.0;1.0;0.0;0.0;0.0;0.0206;0.0206;0.0206;0.0206;0.0206;0.0;14
ablation_no_sat;border_stockout_missing_store;Border – rupture sans grain magasin;border;1;0;0.0;0.0;;;0;0;0;0.0;0.0;0.0;1.0;0.0;0.0;0.2914;0.2914;0.2914;0.2914;0.2914;0.0;14
ablation_no_real;border_stockout_missing_store;Border – rupture sans grain magasin;border;1;0;0.0;0.0;;;0;0;0;0.0;0.0;0.0;1.0;0.0;0.0;0.2155;0.2155;0.2155;0.2155;0.2155;0.0;14
ablation_ceval_any_intersection;border_stockout_missing_store;Border – rupture sans grain magasin;border;1;0;0.0;0.0;;;0;0;0;0.0;0.0;0.0;1.0;0.0;0.0;0.1958;0.1958;0.1958;0.1958;0.1958;0.0;14
baseline_random_matched;border_stockout_missing_store;Border – rupture sans grain magasin;border;1;1;0.0;0.0;;;1;0;1;1.0;0.0;1.0;0.0;0.0;0.0;0.0029;0.0029;0.0029;0.0029;0.0029;0.0;14
mcad;adversarial_wrong_region;Adversarial – bonne mesure mais mauvaise région;adversarial;1;0;0.0;0.0;;;0;0;0;0.0;0.0;0.0;1.0;0.0;0.0;0.2644;0.2644;0.2644;0.2644;0.2644;0.0;14
baseline_naive;adversarial_wrong_region;Adversarial – bonne mesure mais mauvaise région;adversarial;1;1;0.0;0.0;;;1;0;1;1.0;0.0;1.0;0.0;0.0;0.0;0.0015;0.0015;0.0015;0.0015;0.0015;0.0;14
baseline_measure_overlap;adversarial_wrong_region;Adversarial – bonne mesure mais mauvaise région;adversarial;1;1;0.0;0.0;;;1;0;1;1.0;0.0;1.0;0.0;0.0;0.0;0.0338;0.0338;0.0338;0.0338;0.0338;0.0;14
ablation_no_sat;adversarial_wrong_region;Adversarial – bonne mesure mais mauvaise région;adversarial;1;0;0.0;0.0;;;0;0;0;0.0;0.0;0.0;1.0;0.0;0.0;0.3646;0.3646;0.3646;0.3646;0.3646;0.0;14
ablation_no_real;adversarial_wrong_region;Adversarial – bonne mesure mais mauvaise région;adversarial;1;0;0.0;0.0;;;0;0;0;0.0;0.0;0.0;1.0;0.0;0.0;1.3755;1.3755;1.3755;1.3755;1.3755;0.0;14
ablation_ceval_any_intersection;adversarial_wrong_region;Adversarial – bonne mesure mais mauvaise région;adversarial;1;0;0.0;0.0;;;0;0;0;0.0;0.0;0.0;1.0;0.0;0.0;0.3088;0.3088;0.3088;0.3088;0.3088;0.0;14
baseline_random_matched;adversarial_wrong_region;Adversarial – bonne mesure mais mauvaise région;adversarial;1;1;0.0;0.0;;;1;0;1;1.0;0.0;1.0;0.0;0.0;0.0;0.0044;0.0044;0.0044;0.0044;0.0044;0.0;14
mcad;adversarial_wrong_year;Adversarial – bonne structure mais mauvaise année;adversarial;1;0;0.0;0.0;;;0;0;0;0.0;0.0;0.0;1.0;0.0;0.0;0.2811;0.2811;0.2811;0.2811;0.2811;0.0;14
baseline_naive;adversarial_wrong_year;Adversarial – bonne structure mais mauvaise année;adversarial;1;1;0.0;0.0;;;1;0;1;1.0;0.0;1.0;0.0;0.0;0.0;0.0011;0.0011;0.0011;0.0011;0.0011;0.0;14
baseline_measure_overlap;adversarial_wrong_year;Adversarial – bonne structure mais mauvaise année;adversarial;1;1;0.0;0.0;;;1;0;1;1.0;0.0;1.0;0.0;0.0;0.0;0.0182;0.0182;0.0182;0.0182;0.0182;0.0;14
ablation_no_sat;adversarial_wrong_year;Adversarial – bonne structure mais mauvaise année;adversarial;1;0;0.0;0.0;;;0;0;0;0.0;0.0;0.0;1.0;0.0;0.0;0.3233;0.3233;0.3233;0.3233;0.3233;0.0;14
ablation_no_real;adversarial_wrong_year;Adversarial – bonne structure mais mauvaise année;adversarial;1;0;0.0;0.0;;;0;0;0;0.0;0.0;0.0;1.0;0.0;0.0;0.1824;0.1824;0.1824;0.1824;0.1824;0.0;14
ablation_ceval_any_intersection;adversarial_wrong_year;Adversarial – bonne structure mais mauvaise année;adversarial;1;0;0.0;0.0;;;0;0;0;0.0;0.0;0.0;1.0;0.0;0.0;0.1696;0.1696;0.1696;0.1696;0.1696;0.0;14
baseline_random_matched;adversarial_wrong_year;Adversarial – bonne structure mais mauvaise année;adversarial;1;0;0.0;0.0;;;0;0;0;0.0;0.0;0.0;0.0;0.0;0.0;0.004;0.004;0.004;0.004;0.004;0.0;14
mcad;adversarial_invalid_no_measures;Adversarial – requête invalide sans mesure;adversarial;1;0;0.0;0.0;;;0;0;0;0.0;0.0;0.0;1.0;0.0;0.0;0.0765;0.0765;0.0765;0.0765;0.0765;0.0;14
baseline_naive;adversarial_invalid_no_measures;Adversarial – requête invalide sans mesure;adversarial;1;1;0.0;0.0;;;1;0;1;1.0;0.0;1.0;0.0;0.0;0.0;0.0009;0.0009;0.0009;0.0009;0.0009;0.0;14
baseline_measure_overlap;adversarial_invalid_no_measures;Adversarial – requête invalide sans mesure;adversarial;1;0;0.0;0.0;;;0;0;0;0.0;0.0;0.0;0.0;0.0;0.0;0.0136;0.0136;0.0136;0.0136;0.0136;0.0;14
ablation_no_sat;adversarial_invalid_no_measures;Adversarial – requête invalide sans mesure;adversarial;1;0;0.0;0.0;;;0;0;0;0.0;0.0;0.0;1.0;0.0;0.0;0.0899;0.0899;0.0899;0.0899;0.0899;0.0;14
ablation_no_real;adversarial_invalid_no_measures;Adversarial – requête invalide sans mesure;adversarial;1;0;0.0;0.0;;;0;0;0;0.0;0.0;0.0;1.0;0.0;0.0;0.0795;0.0795;0.0795;0.0795;0.0795;0.0;14
ablation_ceval_any_intersection;adversarial_invalid_no_measures;Adversarial – requête invalide sans mesure;adversarial;1;0;0.0;0.0;;;0;0;0;0.0;0.0;0.0;1.0;0.0;0.0;0.0703;0.0703;0.0703;0.0703;0.0703;0.0;14
baseline_random_matched;adversarial_invalid_no_measures;Adversarial – requête invalide sans mesure;adversarial;1;0;0.0;0.0;;;0;0;0;0.0;0.0;0.0;0.0;0.0;0.0;0.0037;0.0037;0.0037;0.0037;0.0037;0.0;14
mcad;stress_exploratory_then_useful;Stress – bruit exploratoire avant requête utile;stress;3;1;0.333333;0.111111;;;0;0;0;0.0;0.0;0.0;0.666667;0.0;0.0;0.196167;0.1997;0.24263;0.246446;0.1997;0.1944;14
baseline_naive;stress_exploratory_then_useful;Stress – bruit exploratoire avant requête utile;stress;3;3;0.333333;0.111111;;;2;0;2;0.666667;0.0;0.666667;0.0;0.0;0.0;0.000667;0.0004;0.00112;0.001184;0.0012;0.0004;14
baseline_measure_overlap;stress_exploratory_then_useful;Stress – bruit exploratoire avant requête utile;stress;3;3;0.333333;0.111111;;;2;0;2;0.666667;0.0;0.666667;0.0;0.0;0.0;0.008367;0.0051;0.01473;0.015586;0.0158;0.00465;14
ablation_no_sat;stress_exploratory_then_useful;Stress – bruit exploratoire avant requête utile;stress;3;1;0.333333;0.111111;;;0;0;0;0.0;0.0;0.0;0.666667;0.0;0.0;0.2247;0.2422;0.25903;0.260526;0.2422;0.21595;14
ablation_no_real;stress_exploratory_then_useful;Stress – bruit exploratoire avant requête utile;stress;3;1;0.333333;0.111111;;;0;0;0;0.0;0.0;0.0;0.666667;0.0;0.0;0.199567;0.2021;0.24575;0.24963;0.2021;0.1983;14
ablation_ceval_any_intersection;stress_exploratory_then_useful;Stress – bruit exploratoire avant requête utile;stress;3;1;0.333333;0.111111;;;0;0;0;0.0;0.0;0.0;0.666667;0.0;0.0;0.1959;0.192;0.24933;0.254426;0.192;0.19785;14
baseline_random_matched;stress_exploratory_then_useful;Stress – bruit exploratoire avant requête utile;stress;3;2;0.333333;0.111111;;;1;0;1;0.333333;0.0;0.5;0.0;0.0;0.0;0.001433;0.0007;0.00286;0.003052;0.0031;0.0006;14
mcad;happy_guided_article_short;Happy – parcours guidé article (c1 → c2 → c3);happy;3;3;1.0;0.666667;3;3;0;0;0;0.0;0.0;0.0;0.0;0.0;0.0;0.461133;0.4549;0.52159;0.527518;0.4549;0.46425;15
baseline_naive;happy_guided_article_short;Happy – parcours guidé article (c1 → c2 → c3);happy;3;3;1.0;0.666667;3;3;0;0;0;0.0;0.0;0.0;0.0;0.0;0.0;0.000633;0.0004;0.00112;0.001184;0.0012;0.00035;15
baseline_measure_overlap;happy_guided_article_short;Happy – parcours guidé article (c1 → c2 → c3);happy;3;3;1.0;0.666667;3;3;0;0;0;0.0;0.0;0.0;0.0;0.0;0.0;0.0083;0.0051;0.01437;0.015194;0.0154;0.00475;15
ablation_no_sat;happy_guided_article_short;Happy – parcours guidé article (c1 → c2 → c3);happy;3;3;1.0;0.666667;3;3;0;0;0;0.0;0.0;0.0;0.0;0.0;0.0;0.290367;0.2966;0.32567;0.328254;0.2966;0.28725;15
ablation_no_real;happy_guided_article_short;Happy – parcours guidé article (c1 → c2 → c3);happy;3;3;1.0;0.666667;3;3;0;0;0;0.0;0.0;0.0;0.0;0.0;0.0;0.295;0.2878;0.33154;0.335428;0.2878;0.2986;15
ablation_ceval_any_intersection;happy_guided_article_short;Happy – parcours guidé article (c1 → c2 → c3);happy;3;3;1.0;0.666667;3;3;0;0;0;0.0;0.0;0.0;0.0;0.0;0.0;0.2844;0.2736;0.32328;0.327696;0.2736;0.2898;15
baseline_random_matched;happy_guided_article_short;Happy – parcours guidé article (c1 → c2 → c3);happy;3;3;1.0;0.666667;3;3;0;0;0;0.0;0.0;0.0;0.0;0.0;0.0;0.001367;0.0006;0.00276;0.002952;0.003;0.00055;15
mcad;happy_guided_reordered;Happy – même objectif mais ordre différent (c3 → c1 → c2);happy;3;3;1.0;0.666667;3;3;0;0;0;0.0;0.0;0.0;0.0;0.0;0.0;0.460667;0.4043;0.57638;0.591676;0.5955;0.39325;15
baseline_naive;happy_guided_reordered;Happy – même objectif mais ordre différent (c3 → c1 → c2);happy;3;3;1.0;0.666667;3;3;0;0;0;0.0;0.0;0.0;0.0;0.0;0.0;0.0006;0.0006;0.00087;0.000894;0.0009;0.00045;15
baseline_measure_overlap;happy_guided_reordered;Happy – même objectif mais ordre différent (c3 → c1 → c2);happy;3;3;1.0;0.666667;3;3;0;0;0;0.0;0.0;0.0;0.0;0.0;0.0;0.007733;0.0054;0.0126;0.01324;0.0134;0.0049;15
ablation_no_sat;happy_guided_reordered;Happy – même objectif mais ordre différent (c3 → c1 → c2);happy;3;3;1.0;0.666667;3;3;0;0;0;0.0;0.0;0.0;0.0;0.0;0.0;0.287667;0.258;0.35376;0.362272;0.3644;0.2493;15
ablation_no_real;happy_guided_reordered;Happy – même objectif mais ordre différent (c3 → c1 → c2);happy;3;3;1.0;0.666667;3;3;0;0;0;0.0;0.0;0.0;0.0;0.0;0.0;0.293267;0.252;0.36999;0.380478;0.3831;0.24835;15
ablation_ceval_any_intersection;happy_guided_reordered;Happy – même objectif mais ordre différent (c3 → c1 → c2);happy;3;3;1.0;0.666667;3;3;0;0;0;0.0;0.0;0.0;0.0;0.0;0.0;0.2834;0.2441;0.35705;0.36709;0.3696;0.2403;15
baseline_random_matched;happy_guided_reordered;Happy – même objectif mais ordre différent (c3 → c1 → c2);happy;3;0;0.0;0.0;;;0;3;0;0.0;1.0;0.0;0.0;0.0;0.0;0.001233;0.0006;0.0024;0.00256;0.0026;0.00055;15
mcad;happy_guided_compact;Happy – parcours compact guidé;happy;3;3;1.0;0.666667;3;3;0;0;0;0.0;0.0;0.0;0.0;0.0;0.0;0.483;0.4846;0.5566;0.563;0.4846;0.4822;15
baseline_naive;happy_guided_compact;Happy – parcours compact guidé;happy;3;3;1.0;0.666667;3;3;0;0;0;0.0;0.0;0.0;0.0;0.0;0.0;0.000533;0.0004;0.00085;0.00089;0.0009;0.00035;15
baseline_measure_overlap;happy_guided_compact;Happy – parcours compact guidé;happy;3;3;1.0;0.666667;3;3;0;0;0;0.0;0.0;0.0;0.0;0.0;0.0;0.007433;0.0053;0.01223;0.012846;0.013;0.00465;15
ablation_no_sat;happy_guided_compact;Happy – parcours compact guidé;happy;3;3;1.0;0.666667;3;3;0;0;0;0.0;0.0;0.0;0.0;0.0;0.0;0.2876;0.277;0.33658;0.341876;0.277;0.2929;15
ablation_no_real;happy_guided_compact;Happy – parcours compact guidé;happy;3;3;1.0;0.666667;3;3;0;0;0;0.0;0.0;0.0;0.0;0.0;0.0;0.2925;0.2846;0.33338;0.337716;0.2846;0.29645;15
ablation_ceval_any_intersection;happy_guided_compact;Happy – parcours compact guidé;happy;3;3;1.0;0.666667;3;3;0;0;0;0.0;0.0;0.0;0.0;0.0;0.0;0.283667;0.2728;0.32212;0.326504;0.2728;0.2891;15
baseline_random_matched;happy_guided_compact;Happy – parcours compact guidé;happy;3;1;0.333333;0.333333;;;0;2;0;0.0;0.666667;0.0;0.0;0.0;0.0;0.0012;0.0007;0.00223;0.002366;0.0024;0.0006;15
mcad;border_growth_partial_1998_only;Border – croissance partielle 1998 seulement;border;1;0;0.0;0.0;;;0;0;0;0.0;0.0;0.0;0.0;0.0;1.0;0.5508;0.5508;0.5508;0.5508;0.5508;0.0;15
baseline_naive;border_growth_partial_1998_only;Border – croissance partielle 1998 seulement;border;1;1;0.0;0.0;;;1;0;1;1.0;0.0;1.0;0.0;0.0;0.0;0.0009;0.0009;0.0009;0.0009;0.0009;0.0;15
baseline_measure_overlap;border_growth_partial_1998_only;Border – croissance partielle 1998 seulement;border;1;1;0.0;0.0;;;1;0;1;1.0;0.0;1.0;0.0;0.0;0.0;0.013;0.013;0.013;0.013;0.013;0.0;15
ablation_no_sat;border_growth_partial_1998_only;Border – croissance partielle 1998 seulement;border;1;0;0.0;0.0;;;0;0;0;0.0;0.0;0.0;0.0;0.0;1.0;0.3361;0.3361;0.3361;0.3361;0.3361;0.0;15
ablation_no_real;border_growth_partial_1998_only;Border – croissance partielle 1998 seulement;border;1;1;0.0;0.0;;;1;0;1;1.0;0.0;1.0;0.0;0.0;1.0;0.3529;0.3529;0.3529;0.3529;0.3529;0.0;15
ablation_ceval_any_intersection;border_growth_partial_1998_only;Border – croissance partielle 1998 seulement;border;1;1;0.0;0.0;;;1;0;1;1.0;0.0;1.0;0.0;0.0;0.0;0.3347;0.3347;0.3347;0.3347;0.3347;0.0;15
baseline_random_matched;border_growth_partial_1998_only;Border – croissance partielle 1998 seulement;border;1;0;0.0;0.0;;;0;0;0;0.0;0.0;0.0;0.0;0.0;0.0;0.0026;0.0026;0.0026;0.0026;0.0026;0.0;15
mcad;border_margin_wrong_grain;Border – marge avec grain trop grossier;border;1;0;0.0;0.0;;;0;0;0;0.0;0.0;0.0;1.0;0.0;0.0;0.1967;0.1967;0.1967;0.1967;0.1967;0.0;15
baseline_naive;border_margin_wrong_grain;Border – marge avec grain trop grossier;border;1;1;0.0;0.0;;;1;0;1;1.0;0.0;1.0;0.0;0.0;0.0;0.0012;0.0012;0.0012;0.0012;0.0012;0.0;15
baseline_measure_overlap;border_margin_wrong_grain;Border – marge avec grain trop grossier;border;1;1;0.0;0.0;;;1;0;1;1.0;0.0;1.0;0.0;0.0;0.0;0.013;0.013;0.013;0.013;0.013;0.0;15
ablation_no_sat;border_margin_wrong_grain;Border – marge avec grain trop grossier;border;1;0;0.0;0.0;;;0;0;0;0.0;0.0;0.0;1.0;0.0;0.0;0.2586;0.2586;0.2586;0.2586;0.2586;0.0;15
ablation_no_real;border_margin_wrong_grain;Border – marge avec grain trop grossier;border;1;0;0.0;0.0;;;0;0;0;0.0;0.0;0.0;1.0;0.0;0.0;0.2032;0.2032;0.2032;0.2032;0.2032;0.0;15
ablation_ceval_any_intersection;border_margin_wrong_grain;Border – marge avec grain trop grossier;border;1;0;0.0;0.0;;;0;0;0;0.0;0.0;0.0;1.0;0.0;0.0;0.1961;0.1961;0.1961;0.1961;0.1961;0.0;15
baseline_random_matched;border_margin_wrong_grain;Border – marge avec grain trop grossier;border;1;0;0.0;0.0;;;0;0;0;0.0;0.0;0.0;0.0;0.0;0.0;0.0026;0.0026;0.0026;0.0026;0.0026;0.0;15
mcad;border_stockout_missing_store;Border – rupture sans grain magasin;border;1;0;0.0;0.0;;;0;0;0;0.0;0.0;0.0;1.0;0.0;0.0;0.1946;0.1946;0.1946;0.1946;0.1946;0.0;15
baseline_naive;border_stockout_missing_store;Border – rupture sans grain magasin;border;1;1;0.0;0.0;;;1;0;1;1.0;0.0;1.0;0.0;0.0;0.0;0.0014;0.0014;0.0014;0.0014;0.0014;0.0;15
baseline_measure_overlap;border_stockout_missing_store;Border – rupture sans grain magasin;border;1;1;0.0;0.0;;;1;0;1;1.0;0.0;1.0;0.0;0.0;0.0;0.0202;0.0202;0.0202;0.0202;0.0202;0.0;15
ablation_no_sat;border_stockout_missing_store;Border – rupture sans grain magasin;border;1;0;0.0;0.0;;;0;0;0;0.0;0.0;0.0;1.0;0.0;0.0;0.2683;0.2683;0.2683;0.2683;0.2683;0.0;15
ablation_no_real;border_stockout_missing_store;Border – rupture sans grain magasin;border;1;0;0.0;0.0;;;0;0;0;0.0;0.0;0.0;1.0;0.0;0.0;0.2075;0.2075;0.2075;0.2075;0.2075;0.0;15
ablation_ceval_any_intersection;border_stockout_missing_store;Border – rupture sans grain magasin;border;1;0;0.0;0.0;;;0;0;0;0.0;0.0;0.0;1.0;0.0;0.0;0.2036;0.2036;0.2036;0.2036;0.2036;0.0;15
baseline_random_matched;border_stockout_missing_store;Border – rupture sans grain magasin;border;1;0;0.0;0.0;;;0;0;0;0.0;0.0;0.0;0.0;0.0;0.0;0.0032;0.0032;0.0032;0.0032;0.0032;0.0;15
mcad;adversarial_wrong_region;Adversarial – bonne mesure mais mauvaise région;adversarial;1;0;0.0;0.0;;;0;0;0;0.0;0.0;0.0;1.0;0.0;0.0;0.1823;0.1823;0.1823;0.1823;0.1823;0.0;15
baseline_naive;adversarial_wrong_region;Adversarial – bonne mesure mais mauvaise région;adversarial;1;1;0.0;0.0;;;1;0;1;1.0;0.0;1.0;0.0;0.0;0.0;0.0011;0.0011;0.0011;0.0011;0.0011;0.0;15
baseline_measure_overlap;adversarial_wrong_region;Adversarial – bonne mesure mais mauvaise région;adversarial;1;1;0.0;0.0;;;1;0;1;1.0;0.0;1.0;0.0;0.0;0.0;0.0147;0.0147;0.0147;0.0147;0.0147;0.0;15
ablation_no_sat;adversarial_wrong_region;Adversarial – bonne mesure mais mauvaise région;adversarial;1;0;0.0;0.0;;;0;0;0;0.0;0.0;0.0;1.0;0.0;0.0;0.2084;0.2084;0.2084;0.2084;0.2084;0.0;15
ablation_no_real;adversarial_wrong_region;Adversarial – bonne mesure mais mauvaise région;adversarial;1;0;0.0;0.0;;;0;0;0;0.0;0.0;0.0;1.0;0.0;0.0;0.1749;0.1749;0.1749;0.1749;0.1749;0.0;15
ablation_ceval_any_intersection;adversarial_wrong_region;Adversarial – bonne mesure mais mauvaise région;adversarial;1;0;0.0;0.0;;;0;0;0;0.0;0.0;0.0;1.0;0.0;0.0;0.1696;0.1696;0.1696;0.1696;0.1696;0.0;15
baseline_random_matched;adversarial_wrong_region;Adversarial – bonne mesure mais mauvaise région;adversarial;1;1;0.0;0.0;;;1;0;1;1.0;0.0;1.0;0.0;0.0;0.0;0.0026;0.0026;0.0026;0.0026;0.0026;0.0;15
mcad;adversarial_wrong_year;Adversarial – bonne structure mais mauvaise année;adversarial;1;0;0.0;0.0;;;0;0;0;0.0;0.0;0.0;1.0;0.0;0.0;0.175;0.175;0.175;0.175;0.175;0.0;15
baseline_naive;adversarial_wrong_year;Adversarial – bonne structure mais mauvaise année;adversarial;1;1;0.0;0.0;;;1;0;1;1.0;0.0;1.0;0.0;0.0;0.0;0.0009;0.0009;0.0009;0.0009;0.0009;0.0;15
baseline_measure_overlap;adversarial_wrong_year;Adversarial – bonne structure mais mauvaise année;adversarial;1;1;0.0;0.0;;;1;0;1;1.0;0.0;1.0;0.0;0.0;0.0;0.0179;0.0179;0.0179;0.0179;0.0179;0.0;15
ablation_no_sat;adversarial_wrong_year;Adversarial – bonne structure mais mauvaise année;adversarial;1;0;0.0;0.0;;;0;0;0;0.0;0.0;0.0;1.0;0.0;0.0;0.1919;0.1919;0.1919;0.1919;0.1919;0.0;15
ablation_no_real;adversarial_wrong_year;Adversarial – bonne structure mais mauvaise année;adversarial;1;0;0.0;0.0;;;0;0;0;0.0;0.0;0.0;1.0;0.0;0.0;0.1739;0.1739;0.1739;0.1739;0.1739;0.0;15
ablation_ceval_any_intersection;adversarial_wrong_year;Adversarial – bonne structure mais mauvaise année;adversarial;1;0;0.0;0.0;;;0;0;0;0.0;0.0;0.0;1.0;0.0;0.0;0.1647;0.1647;0.1647;0.1647;0.1647;0.0;15
baseline_random_matched;adversarial_wrong_year;Adversarial – bonne structure mais mauvaise année;adversarial;1;1;0.0;0.0;;;1;0;1;1.0;0.0;1.0;0.0;0.0;0.0;0.0026;0.0026;0.0026;0.0026;0.0026;0.0;15
mcad;adversarial_invalid_no_measures;Adversarial – requête invalide sans mesure;adversarial;1;0;0.0;0.0;;;0;0;0;0.0;0.0;0.0;1.0;0.0;0.0;0.0737;0.0737;0.0737;0.0737;0.0737;0.0;15
baseline_naive;adversarial_invalid_no_measures;Adversarial – requête invalide sans mesure;adversarial;1;1;0.0;0.0;;;1;0;1;1.0;0.0;1.0;0.0;0.0;0.0;0.0009;0.0009;0.0009;0.0009;0.0009;0.0;15
baseline_measure_overlap;adversarial_invalid_no_measures;Adversarial – requête invalide sans mesure;adversarial;1;0;0.0;0.0;;;0;0;0;0.0;0.0;0.0;0.0;0.0;0.0;0.0167;0.0167;0.0167;0.0167;0.0167;0.0;15
ablation_no_sat;adversarial_invalid_no_measures;Adversarial – requête invalide sans mesure;adversarial;1;0;0.0;0.0;;;0;0;0;0.0;0.0;0.0;1.0;0.0;0.0;0.089;0.089;0.089;0.089;0.089;0.0;15
ablation_no_real;adversarial_invalid_no_measures;Adversarial – requête invalide sans mesure;adversarial;1;0;0.0;0.0;;;0;0;0;0.0;0.0;0.0;1.0;0.0;0.0;0.0799;0.0799;0.0799;0.0799;0.0799;0.0;15
ablation_ceval_any_intersection;adversarial_invalid_no_measures;Adversarial – requête invalide sans mesure;adversarial;1;0;0.0;0.0;;;0;0;0;0.0;0.0;0.0;1.0;0.0;0.0;0.0705;0.0705;0.0705;0.0705;0.0705;0.0;15
baseline_random_matched;adversarial_invalid_no_measures;Adversarial – requête invalide sans mesure;adversarial;1;1;0.0;0.0;;;1;0;1;1.0;0.0;1.0;0.0;0.0;0.0;0.0026;0.0026;0.0026;0.0026;0.0026;0.0;15
mcad;stress_exploratory_then_useful;Stress – bruit exploratoire avant requête utile;stress;3;1;0.333333;0.111111;;;0;0;0;0.0;0.0;0.0;0.666667;0.0;0.0;0.199633;0.1964;0.25382;0.258924;0.1964;0.20125;15
baseline_naive;stress_exploratory_then_useful;Stress – bruit exploratoire avant requête utile;stress;3;3;0.333333;0.111111;;;2;0;2;0.666667;0.0;0.666667;0.0;0.0;0.0;0.000533;0.0004;0.00085;0.00089;0.0009;0.00035;15
baseline_measure_overlap;stress_exploratory_then_useful;Stress – bruit exploratoire avant requête utile;stress;3;3;0.333333;0.111111;;;2;0;2;0.666667;0.0;0.666667;0.0;0.0;0.0;0.007367;0.0053;0.01187;0.012454;0.0126;0.00475;15
ablation_no_sat;stress_exploratory_then_useful;Stress – bruit exploratoire avant requête utile;stress;3;1;0.333333;0.111111;;;0;0;0;0.0;0.0;0.0;0.666667;0.0;0.0;0.356533;0.3589;0.4345;0.44122;0.3589;0.35535;15
ablation_no_real;stress_exploratory_then_useful;Stress – bruit exploratoire avant requête utile;stress;3;1;0.333333;0.111111;;;0;0;0;0.0;0.0;0.0;0.666667;0.0;0.0;0.204533;0.2034;0.25677;0.261514;0.2034;0.2051;15
ablation_ceval_any_intersection;stress_exploratory_then_useful;Stress – bruit exploratoire avant requête utile;stress;3;1;0.333333;0.111111;;;0;0;0;0.0;0.0;0.0;0.666667;0.0;0.0;0.192267;0.1937;0.23816;0.242112;0.1937;0.19155;15
baseline_random_matched;stress_exploratory_then_useful;Stress – bruit exploratoire avant requête utile;stress;3;1;0.0;0.0;;;1;1;1;0.333333;0.333333;1.0;0.0;0.0;0.0;0.001167;0.0007;0.00214;0.002268;0.0023;0.0006;15
mcad;happy_guided_article_short;Happy – parcours guidé article (c1 → c2 → c3);happy;3;3;1.0;0.666667;3;3;0;0;0;0.0;0.0;0.0;0.0;0.0;0.0;0.301033;0.2891;0.32717;0.330554;0.2891;0.307;16
baseline_naive;happy_guided_article_short;Happy – parcours guidé article (c1 → c2 → c3);happy;3;3;1.0;0.666667;3;3;0;0;0;0.0;0.0;0.0;0.0;0.0;0.0;0.000533;0.0004;0.00085;0.00089;0.0009;0.00035;16
baseline_measure_overlap;happy_guided_article_short;Happy – parcours guidé article (c1 → c2 → c3);happy;3;3;1.0;0.666667;3;3;0;0;0;0.0;0.0;0.0;0.0;0.0;0.0;0.007267;0.005;0.01193;0.012546;0.0127;0.00455;16
ablation_no_sat;happy_guided_article_short;Happy – parcours guidé article (c1 → c2 → c3);happy;3;3;1.0;0.666667;3;3;0;0;0;0.0;0.0;0.0;0.0;0.0;0.0;0.4577;0.4343;0.53789;0.547098;0.4343;0.4694;16
ablation_no_real;happy_guided_article_short;Happy – parcours guidé article (c1 → c2 → c3);happy;3;3;1.0;0.666667;3;3;0;0;0;0.0;0.0;0.0;0.0;0.0;0.0;0.297667;0.2985;0.33441;0.337602;0.2985;0.29725;16
ablation_ceval_any_intersection;happy_guided_article_short;Happy – parcours guidé article (c1 → c2 → c3);happy;3;3;1.0;0.666667;3;3;0;0;0;0.0;0.0;0.0;0.0;0.0;0.0;0.2898;0.2772;0.32571;0.330022;0.2772;0.2961;16
baseline_random_matched;happy_guided_article_short;Happy – parcours guidé article (c1 → c2 → c3);happy;3;2;0.666667;0.555556;;;0;1;0;0.0;0.333333;0.0;0.0;0.0;0.0;0.0011;0.0007;0.00205;0.00217;0.0022;0.00055;16
mcad;happy_guided_reordered;Happy – même objectif mais ordre différent (c3 → c1 → c2);happy;3;3;1.0;0.666667;3;3;0;0;0;0.0;0.0;0.0;0.0;0.0;0.0;0.291633;0.2631;0.35706;0.365412;0.3675;0.2537;16
baseline_naive;happy_guided_reordered;Happy – même objectif mais ordre différent (c3 → c1 → c2);happy;3;3;1.0;0.666667;3;3;0;0;0;0.0;0.0;0.0;0.0;0.0;0.0;0.000567;0.0005;0.00086;0.000892;0.0009;0.0004;16
baseline_measure_overlap;happy_guided_reordered;Happy – même objectif mais ordre différent (c3 → c1 → c2);happy;3;3;1.0;0.666667;3;3;0;0;0;0.0;0.0;0.0;0.0;0.0;0.0;0.007133;0.0051;0.01149;0.012058;0.0122;0.0046;16
ablation_no_sat;happy_guided_reordered;Happy – même objectif mais ordre différent (c3 → c1 → c2);happy;3;3;1.0;0.666667;3;3;0;0;0;0.0;0.0;0.0;0.0;0.0;0.0;0.2911;0.2529;0.35892;0.368344;0.3707;0.2513;16
ablation_no_real;happy_guided_reordered;Happy – même objectif mais ordre différent (c3 → c1 → c2);happy;3;3;1.0;0.666667;3;3;0;0;0;0.0;0.0;0.0;0.0;0.0;0.0;0.4808;0.4199;0.58892;0.603944;0.6077;0.41735;16
ablation_ceval_any_intersection;happy_guided_reordered;Happy – même objectif mais ordre différent (c3 → c1 → c2);happy;3;3;1.0;0.666667;3;3;0;0;0;0.0;0.0;0.0;0.0;0.0;0.0;0.286867;0.2549;0.35462;0.363484;0.3657;0.24745;16
baseline_random_matched;happy_guided_reordered;Happy – même objectif mais ordre différent (c3 → c1 → c2);happy;3;2;0.666667;0.555556;;;0;1;0;0.0;0.333333;0.0;0.0;0.0;0.0;0.001267;0.0007;0.00241;0.002562;0.0026;0.0006;16
mcad;happy_guided_compact;Happy – parcours compact guidé;happy;3;3;1.0;0.666667;3;3;0;0;0;0.0;0.0;0.0;0.0;0.0;0.0;0.289633;0.2799;0.33174;0.336348;0.2799;0.2945;16
baseline_naive;happy_guided_compact;Happy – parcours compact guidé;happy;3;3;1.0;0.666667;3;3;0;0;0;0.0;0.0;0.0;0.0;0.0;0.0;0.0006;0.0005;0.00095;0.00099;0.001;0.0004;16
baseline_measure_overlap;happy_guided_compact;Happy – parcours compact guidé;happy;3;3;1.0;0.666667;3;3;0;0;0;0.0;0.0;0.0;0.0;0.0;0.0;0.010567;0.0052;0.0205;0.02186;0.0222;0.00475;16
ablation_no_sat;happy_guided_compact;Happy – parcours compact guidé;happy;3;3;1.0;0.666667;3;3;0;0;0;0.0;0.0;0.0;0.0;0.0;0.0;0.29;0.2875;0.33439;0.338558;0.2875;0.29125;16
ablation_no_real;happy_guided_compact;Happy – parcours compact guidé;happy;3;3;1.0;0.666667;3;3;0;0;0;0.0;0.0;0.0;0.0;0.0;0.0;0.474;0.4417;0.55861;0.569002;0.4417;0.49015;16
ablation_ceval_any_intersection;happy_guided_compact;Happy – parcours compact guidé;happy;3;3;1.0;0.666667;3;3;0;0;0;0.0;0.0;0.0;0.0;0.0;0.0;0.296133;0.2984;0.3434;0.3474;0.2984;0.295;16
baseline_random_matched;happy_guided_compact;Happy – parcours compact guidé;happy;3;1;0.333333;0.222222;;;0;2;0;0.0;0.666667;0.0;0.0;0.0;0.0;0.002;0.0011;0.0038;0.00404;0.0041;0.00095;16
mcad;border_growth_partial_1998_only;Border – croissance partielle 1998 seulement;border;1;0;0.0;0.0;;;0;0;0;0.0;0.0;0.0;0.0;0.0;1.0;0.5908;0.5908;0.5908;0.5908;0.5908;0.0;16
baseline_naive;border_growth_partial_1998_only;Border – croissance partielle 1998 seulement;border;1;1;0.0;0.0;;;1;0;1;1.0;0.0;1.0;0.0;0.0;0.0;0.0019;0.0019;0.0019;0.0019;0.0019;0.0;16
baseline_measure_overlap;border_growth_partial_1998_only;Border – croissance partielle 1998 seulement;border;1;1;0.0;0.0;;;1;0;1;1.0;0.0;1.0;0.0;0.0;0.0;0.0264;0.0264;0.0264;0.0264;0.0264;0.0;16
ablation_no_sat;border_growth_partial_1998_only;Border – croissance partielle 1998 seulement;border;1;0;0.0;0.0;;;0;0;0;0.0;0.0;0.0;0.0;0.0;1.0;0.3571;0.3571;0.3571;0.3571;0.3571;0.0;16
ablation_no_real;border_growth_partial_1998_only;Border – croissance partielle 1998 seulement;border;1;1;0.0;0.0;;;1;0;1;1.0;0.0;1.0;0.0;0.0;1.0;0.366;0.366;0.366;0.366;0.366;0.0;16
ablation_ceval_any_intersection;border_growth_partial_1998_only;Border – croissance partielle 1998 seulement;border;1;1;0.0;0.0;;;1;0;1;1.0;0.0;1.0;0.0;0.0;0.0;0.3389;0.3389;0.3389;0.3389;0.3389;0.0;16
baseline_random_matched;border_growth_partial_1998_only;Border – croissance partielle 1998 seulement;border;1;1;0.0;0.0;;;1;0;1;1.0;0.0;1.0;0.0;0.0;0.0;0.0033;0.0033;0.0033;0.0033;0.0033;0.0;16
mcad;border_margin_wrong_grain;Border – marge avec grain trop grossier;border;1;0;0.0;0.0;;;0;0;0;0.0;0.0;0.0;1.0;0.0;0.0;0.3093;0.3093;0.3093;0.3093;0.3093;0.0;16
baseline_naive;border_margin_wrong_grain;Border – marge avec grain trop grossier;border;1;1;0.0;0.0;;;1;0;1;1.0;0.0;1.0;0.0;0.0;0.0;0.0011;0.0011;0.0011;0.0011;0.0011;0.0;16
baseline_measure_overlap;border_margin_wrong_grain;Border – marge avec grain trop grossier;border;1;1;0.0;0.0;;;1;0;1;1.0;0.0;1.0;0.0;0.0;0.0;0.0155;0.0155;0.0155;0.0155;0.0155;0.0;16
ablation_no_sat;border_margin_wrong_grain;Border – marge avec grain trop grossier;border;1;0;0.0;0.0;;;0;0;0;0.0;0.0;0.0;1.0;0.0;0.0;0.2662;0.2662;0.2662;0.2662;0.2662;0.0;16
ablation_no_real;border_margin_wrong_grain;Border – marge avec grain trop grossier;border;1;0;0.0;0.0;;;0;0;0;0.0;0.0;0.0;1.0;0.0;0.0;0.2396;0.2396;0.2396;0.2396;0.2396;0.0;16
ablation_ceval_any_intersection;border_margin_wrong_grain;Border – marge avec grain trop grossier;border;1;0;0.0;0.0;;;0;0;0;0.0;0.0;0.0;1.0;0.0;0.0;0.1944;0.1944;0.1944;0.1944;0.1944;0.0;16
baseline_random_matched;border_margin_wrong_grain;Border – marge avec grain trop grossier;border;1;0;0.0;0.0;;;0;0;0;0.0;0.0;0.0;0.0;0.0;0.0;0.0028;0.0028;0.0028;0.0028;0.0028;0.0;16
mcad;border_stockout_missing_store;Border – rupture sans grain magasin;border;1;0;0.0;0.0;;;0;0;0;0.0;0.0;0.0;1.0;0.0;0.0;0.3054;0.3054;0.3054;0.3054;0.3054;0.0;16
baseline_naive;border_stockout_missing_store;Border – rupture sans grain magasin;border;1;1;0.0;0.0;;;1;0;1;1.0;0.0;1.0;0.0;0.0;0.0;0.0013;0.0013;0.0013;0.0013;0.0013;0.0;16
baseline_measure_overlap;border_stockout_missing_store;Border – rupture sans grain magasin;border;1;1;0.0;0.0;;;1;0;1;1.0;0.0;1.0;0.0;0.0;0.0;0.0249;0.0249;0.0249;0.0249;0.0249;0.0;16
ablation_no_sat;border_stockout_missing_store;Border – rupture sans grain magasin;border;1;0;0.0;0.0;;;0;0;0;0.0;0.0;0.0;1.0;0.0;0.0;0.482;0.482;0.482;0.482;0.482;0.0;16
ablation_no_real;border_stockout_missing_store;Border – rupture sans grain magasin;border;1;0;0.0;0.0;;;0;0;0;0.0;0.0;0.0;1.0;0.0;0.0;0.2088;0.2088;0.2088;0.2088;0.2088;0.0;16
ablation_ceval_any_intersection;border_stockout_missing_store;Border – rupture sans grain magasin;border;1;0;0.0;0.0;;;0;0;0;0.0;0.0;0.0;1.0;0.0;0.0;0.3173;0.3173;0.3173;0.3173;0.3173;0.0;16
baseline_random_matched;border_stockout_missing_store;Border – rupture sans grain magasin;border;1;1;0.0;0.0;;;1;0;1;1.0;0.0;1.0;0.0;0.0;0.0;0.0047;0.0047;0.0047;0.0047;0.0047;0.0;16
mcad;adversarial_wrong_region;Adversarial – bonne mesure mais mauvaise région;adversarial;1;0;0.0;0.0;;;0;0;0;0.0;0.0;0.0;1.0;0.0;0.0;0.3109;0.3109;0.3109;0.3109;0.3109;0.0;16
baseline_naive;adversarial_wrong_region;Adversarial – bonne mesure mais mauvaise région;adversarial;1;1;0.0;0.0;;;1;0;1;1.0;0.0;1.0;0.0;0.0;0.0;0.0011;0.0011;0.0011;0.0011;0.0011;0.0;16
baseline_measure_overlap;adversarial_wrong_region;Adversarial – bonne mesure mais mauvaise région;adversarial;1;1;0.0;0.0;;;1;0;1;1.0;0.0;1.0;0.0;0.0;0.0;0.0176;0.0176;0.0176;0.0176;0.0176;0.0;16
ablation_no_sat;adversarial_wrong_region;Adversarial – bonne mesure mais mauvaise région;adversarial;1;0;0.0;0.0;;;0;0;0;0.0;0.0;0.0;1.0;0.0;0.0;0.3489;0.3489;0.3489;0.3489;0.3489;0.0;16
ablation_no_real;adversarial_wrong_region;Adversarial – bonne mesure mais mauvaise région;adversarial;1;0;0.0;0.0;;;0;0;0;0.0;0.0;0.0;1.0;0.0;0.0;0.3149;0.3149;0.3149;0.3149;0.3149;0.0;16
ablation_ceval_any_intersection;adversarial_wrong_region;Adversarial – bonne mesure mais mauvaise région;adversarial;1;0;0.0;0.0;;;0;0;0;0.0;0.0;0.0;1.0;0.0;0.0;0.3208;0.3208;0.3208;0.3208;0.3208;0.0;16
baseline_random_matched;adversarial_wrong_region;Adversarial – bonne mesure mais mauvaise région;adversarial;1;1;0.0;0.0;;;1;0;1;1.0;0.0;1.0;0.0;0.0;0.0;0.0041;0.0041;0.0041;0.0041;0.0041;0.0;16
mcad;adversarial_wrong_year;Adversarial – bonne structure mais mauvaise année;adversarial;1;0;0.0;0.0;;;0;0;0;0.0;0.0;0.0;1.0;0.0;0.0;0.2238;0.2238;0.2238;0.2238;0.2238;0.0;16
baseline_naive;adversarial_wrong_year;Adversarial – bonne structure mais mauvaise année;adversarial;1;1;0.0;0.0;;;1;0;1;1.0;0.0;1.0;0.0;0.0;0.0;0.0012;0.0012;0.0012;0.0012;0.0012;0.0;16
baseline_measure_overlap;adversarial_wrong_year;Adversarial – bonne structure mais mauvaise année;adversarial;1;1;0.0;0.0;;;1;0;1;1.0;0.0;1.0;0.0;0.0;0.0;0.0136;0.0136;0.0136;0.0136;0.0136;0.0;16
ablation_no_sat;adversarial_wrong_year;Adversarial – bonne structure mais mauvaise année;adversarial;1;0;0.0;0.0;;;0;0;0;0.0;0.0;0.0;1.0;0.0;0.0;0.1967;0.1967;0.1967;0.1967;0.1967;0.0;16
ablation_no_real;adversarial_wrong_year;Adversarial – bonne structure mais mauvaise année;adversarial;1;0;0.0;0.0;;;0;0;0;0.0;0.0;0.0;1.0;0.0;0.0;0.176;0.176;0.176;0.176;0.176;0.0;16
ablation_ceval_any_intersection;adversarial_wrong_year;Adversarial – bonne structure mais mauvaise année;adversarial;1;0;0.0;0.0;;;0;0;0;0.0;0.0;0.0;1.0;0.0;0.0;0.1659;0.1659;0.1659;0.1659;0.1659;0.0;16
baseline_random_matched;adversarial_wrong_year;Adversarial – bonne structure mais mauvaise année;adversarial;1;1;0.0;0.0;;;1;0;1;1.0;0.0;1.0;0.0;0.0;0.0;0.0031;0.0031;0.0031;0.0031;0.0031;0.0;16
mcad;adversarial_invalid_no_measures;Adversarial – requête invalide sans mesure;adversarial;1;0;0.0;0.0;;;0;0;0;0.0;0.0;0.0;1.0;0.0;0.0;0.085;0.085;0.085;0.085;0.085;0.0;16
baseline_naive;adversarial_invalid_no_measures;Adversarial – requête invalide sans mesure;adversarial;1;1;0.0;0.0;;;1;0;1;1.0;0.0;1.0;0.0;0.0;0.0;0.0011;0.0011;0.0011;0.0011;0.0011;0.0;16
baseline_measure_overlap;adversarial_invalid_no_measures;Adversarial – requête invalide sans mesure;adversarial;1;0;0.0;0.0;;;0;0;0;0.0;0.0;0.0;0.0;0.0;0.0;0.0136;0.0136;0.0136;0.0136;0.0136;0.0;16
ablation_no_sat;adversarial_invalid_no_measures;Adversarial – requête invalide sans mesure;adversarial;1;0;0.0;0.0;;;0;0;0;0.0;0.0;0.0;1.0;0.0;0.0;0.0904;0.0904;0.0904;0.0904;0.0904;0.0;16
ablation_no_real;adversarial_invalid_no_measures;Adversarial – requête invalide sans mesure;adversarial;1;0;0.0;0.0;;;0;0;0;0.0;0.0;0.0;1.0;0.0;0.0;0.0806;0.0806;0.0806;0.0806;0.0806;0.0;16
ablation_ceval_any_intersection;adversarial_invalid_no_measures;Adversarial – requête invalide sans mesure;adversarial;1;0;0.0;0.0;;;0;0;0;0.0;0.0;0.0;1.0;0.0;0.0;0.0733;0.0733;0.0733;0.0733;0.0733;0.0;16
baseline_random_matched;adversarial_invalid_no_measures;Adversarial – requête invalide sans mesure;adversarial;1;1;0.0;0.0;;;1;0;1;1.0;0.0;1.0;0.0;0.0;0.0;0.0029;0.0029;0.0029;0.0029;0.0029;0.0;16
mcad;stress_exploratory_then_useful;Stress – bruit exploratoire avant requête utile;stress;3;1;0.333333;0.111111;;;0;0;0;0.0;0.0;0.0;0.666667;0.0;0.0;0.200667;0.1976;0.25583;0.261006;0.1976;0.2022;16
baseline_naive;stress_exploratory_then_useful;Stress – bruit exploratoire avant requête utile;stress;3;3;0.333333;0.111111;;;2;0;2;0.666667;0.0;0.666667;0.0;0.0;0.0;0.000567;0.0005;0.00086;0.000892;0.0009;0.0004;16
baseline_measure_overlap;stress_exploratory_then_useful;Stress – bruit exploratoire avant requête utile;stress;3;3;0.333333;0.111111;;;2;0;2;0.666667;0.0;0.666667;0.0;0.0;0.0;0.0104;0.0074;0.01658;0.017396;0.0176;0.0068;16
ablation_no_sat;stress_exploratory_then_useful;Stress – bruit exploratoire avant requête utile;stress;3;1;0.333333;0.111111;;;0;0;0;0.0;0.0;0.0;0.666667;0.0;0.0;0.2209;0.2355;0.24405;0.24481;0.2355;0.2136;16
ablation_no_real;stress_exploratory_then_useful;Stress – bruit exploratoire avant requête utile;stress;3;1;0.333333;0.111111;;;0;0;0;0.0;0.0;0.0;0.666667;0.0;0.0;0.201633;0.2062;0.24715;0.25079;0.2062;0.19935;16
ablation_ceval_any_intersection;stress_exploratory_then_useful;Stress – bruit exploratoire avant requête utile;stress;3;1;0.333333;0.111111;;;0;0;0;0.0;0.0;0.0;0.666667;0.0;0.0;0.195067;0.1951;0.23875;0.24263;0.1951;0.19505;16
baseline_random_matched;stress_exploratory_then_useful;Stress – bruit exploratoire avant requête utile;stress;3;2;0.0;0.0;;;2;1;2;0.666667;0.333333;1.0;0.0;0.0;0.0;0.001267;0.0006;0.00249;0.002658;0.0027;0.00055;16
mcad;happy_guided_article_short;Happy – parcours guidé article (c1 → c2 → c3);happy;3;3;1.0;0.666667;3;3;0;0;0;0.0;0.0;0.0;0.0;0.0;0.0;0.302933;0.2807;0.36215;0.36939;0.2807;0.31405;17
baseline_naive;happy_guided_article_short;Happy – parcours guidé article (c1 → c2 → c3);happy;3;3;1.0;0.666667;3;3;0;0;0;0.0;0.0;0.0;0.0;0.0;0.0;0.000567;0.0004;0.00085;0.00089;0.0009;0.0004;17
baseline_measure_overlap;happy_guided_article_short;Happy – parcours guidé article (c1 → c2 → c3);happy;3;3;1.0;0.666667;3;3;0;0;0;0.0;0.0;0.0;0.0;0.0;0.0;0.0104;0.0077;0.0158;0.01652;0.0167;0.00725;17
ablation_no_sat;happy_guided_article_short;Happy – parcours guidé article (c1 → c2 → c3);happy;3;3;1.0;0.666667;3;3;0;0;0;0.0;0.0;0.0;0.0;0.0;0.0;0.290367;0.2928;0.32709;0.330138;0.2928;0.28915;17
ablation_no_real;happy_guided_article_short;Happy – parcours guidé article (c1 → c2 → c3);happy;3;3;1.0;0.666667;3;3;0;0;0;0.0;0.0;0.0;0.0;0.0;0.0;0.293033;0.2953;0.33022;0.333324;0.2953;0.2919;17
ablation_ceval_any_intersection;happy_guided_article_short;Happy – parcours guidé article (c1 → c2 → c3);happy;3;3;1.0;0.666667;3;3;0;0;0;0.0;0.0;0.0;0.0;0.0;0.0;0.2821;0.2809;0.31942;0.322844;0.2809;0.2827;17
baseline_random_matched;happy_guided_article_short;Happy – parcours guidé article (c1 → c2 → c3);happy;3;2;0.666667;0.444444;;;0;1;0;0.0;0.333333;0.0;0.0;0.0;0.0;0.001767;0.001;0.00316;0.003352;0.0034;0.00095;17
mcad;happy_guided_reordered;Happy – même objectif mais ordre différent (c3 → c1 → c2);happy;3;3;1.0;0.666667;3;3;0;0;0;0.0;0.0;0.0;0.0;0.0;0.0;0.567267;0.5083;0.69559;0.712238;0.7164;0.4927;17
baseline_naive;happy_guided_reordered;Happy – même objectif mais ordre différent (c3 → c1 → c2);happy;3;3;1.0;0.666667;3;3;0;0;0;0.0;0.0;0.0;0.0;0.0;0.0;0.000967;0.0008;0.00143;0.001486;0.0015;0.0007;17
baseline_measure_overlap;happy_guided_reordered;Happy – même objectif mais ordre différent (c3 → c1 → c2);happy;3;3;1.0;0.666667;3;3;0;0;0;0.0;0.0;0.0;0.0;0.0;0.0;0.011367;0.0079;0.0187;0.01966;0.0199;0.0071;17
ablation_no_sat;happy_guided_reordered;Happy – même objectif mais ordre différent (c3 → c1 → c2);happy;3;3;1.0;0.666667;3;3;0;0;0;0.0;0.0;0.0;0.0;0.0;0.0;0.289033;0.2476;0.36766;0.378332;0.381;0.24305;17
ablation_no_real;happy_guided_reordered;Happy – même objectif mais ordre différent (c3 → c1 → c2);happy;3;3;1.0;0.666667;3;3;0;0;0;0.0;0.0;0.0;0.0;0.0;0.0;0.2945;0.2526;0.37284;0.383528;0.3862;0.24865;17
ablation_ceval_any_intersection;happy_guided_reordered;Happy – même objectif mais ordre différent (c3 → c1 → c2);happy;3;3;1.0;0.666667;3;3;0;0;0;0.0;0.0;0.0;0.0;0.0;0.0;0.2874;0.2439;0.36999;0.381198;0.384;0.2391;17
baseline_random_matched;happy_guided_reordered;Happy – même objectif mais ordre différent (c3 → c1 → c2);happy;3;1;0.333333;0.222222;;;0;2;0;0.0;0.666667;0.0;0.0;0.0;0.0;0.001767;0.0009;0.00333;0.003546;0.0036;0.00085;17
mcad;happy_guided_compact;Happy – parcours compact guidé;happy;3;3;1.0;0.666667;3;3;0;0;0;0.0;0.0;0.0;0.0;0.0;0.0;0.289667;0.2932;0.33163;0.335046;0.2932;0.2879;17
baseline_naive;happy_guided_compact;Happy – parcours compact guidé;happy;3;3;1.0;0.666667;3;3;0;0;0;0.0;0.0;0.0;0.0;0.0;0.0;0.000633;0.0005;0.00095;0.00099;0.001;0.00045;17
baseline_measure_overlap;happy_guided_compact;Happy – parcours compact guidé;happy;3;3;1.0;0.666667;3;3;0;0;0;0.0;0.0;0.0;0.0;0.0;0.0;0.009633;0.0074;0.01379;0.014358;0.0145;0.0072;17
ablation_no_sat;happy_guided_compact;Happy – parcours compact guidé;happy;3;3;1.0;0.666667;3;3;0;0;0;0.0;0.0;0.0;0.0;0.0;0.0;0.287733;0.279;0.32796;0.332312;0.279;0.2921;17
ablation_no_real;happy_guided_compact;Happy – parcours compact guidé;happy;3;3;1.0;0.666667;3;3;0;0;0;0.0;0.0;0.0;0.0;0.0;0.0;0.292533;0.2842;0.33406;0.338492;0.2842;0.2967;17
ablation_ceval_any_intersection;happy_guided_compact;Happy – parcours compact guidé;happy;3;3;1.0;0.666667;3;3;0;0;0;0.0;0.0;0.0;0.0;0.0;0.0;0.557867;0.5213;0.66035;0.67271;0.5213;0.57615;17
baseline_random_matched;happy_guided_compact;Happy – parcours compact guidé;happy;3;2;0.666667;0.555556;;;0;1;0;0.0;0.333333;0.0;0.0;0.0;0.0;0.002233;0.0014;0.0041;0.00434;0.0044;0.00115;17
mcad;border_growth_partial_1998_only;Border – croissance partielle 1998 seulement;border;1;0;0.0;0.0;;;0;0;0;0.0;0.0;0.0;0.0;0.0;1.0;0.3419;0.3419;0.3419;0.3419;0.3419;0.0;17
baseline_naive;border_growth_partial_1998_only;Border – croissance partielle 1998 seulement;border;1;1;0.0;0.0;;;1;0;1;1.0;0.0;1.0;0.0;0.0;0.0;0.0009;0.0009;0.0009;0.0009;0.0009;0.0;17
baseline_measure_overlap;border_growth_partial_1998_only;Border – croissance partielle 1998 seulement;border;1;1;0.0;0.0;;;1;0;1;1.0;0.0;1.0;0.0;0.0;0.0;0.0132;0.0132;0.0132;0.0132;0.0132;0.0;17
ablation_no_sat;border_growth_partial_1998_only;Border – croissance partielle 1998 seulement;border;1;0;0.0;0.0;;;0;0;0;0.0;0.0;0.0;0.0;0.0;1.0;0.3396;0.3396;0.3396;0.3396;0.3396;0.0;17
ablation_no_real;border_growth_partial_1998_only;Border – croissance partielle 1998 seulement;border;1;1;0.0;0.0;;;1;0;1;1.0;0.0;1.0;0.0;0.0;1.0;0.3542;0.3542;0.3542;0.3542;0.3542;0.0;17
ablation_ceval_any_intersection;border_growth_partial_1998_only;Border – croissance partielle 1998 seulement;border;1;1;0.0;0.0;;;1;0;1;1.0;0.0;1.0;0.0;0.0;0.0;0.5443;0.5443;0.5443;0.5443;0.5443;0.0;17
baseline_random_matched;border_growth_partial_1998_only;Border – croissance partielle 1998 seulement;border;1;1;0.0;0.0;;;1;0;1;1.0;0.0;1.0;0.0;0.0;0.0;0.0039;0.0039;0.0039;0.0039;0.0039;0.0;17
mcad;border_margin_wrong_grain;Border – marge avec grain trop grossier;border;1;0;0.0;0.0;;;0;0;0;0.0;0.0;0.0;1.0;0.0;0.0;0.2002;0.2002;0.2002;0.2002;0.2002;0.0;17
baseline_naive;border_margin_wrong_grain;Border – marge avec grain trop grossier;border;1;1;0.0;0.0;;;1;0;1;1.0;0.0;1.0;0.0;0.0;0.0;0.0009;0.0009;0.0009;0.0009;0.0009;0.0;17
baseline_measure_overlap;border_margin_wrong_grain;Border – marge avec grain trop grossier;border;1;1;0.0;0.0;;;1;0;1;1.0;0.0;1.0;0.0;0.0;0.0;0.0183;0.0183;0.0183;0.0183;0.0183;0.0;17
ablation_no_sat;border_margin_wrong_grain;Border – marge avec grain trop grossier;border;1;0;0.0;0.0;;;0;0;0;0.0;0.0;0.0;1.0;0.0;0.0;0.2618;0.2618;0.2618;0.2618;0.2618;0.0;17
ablation_no_real;border_margin_wrong_grain;Border – marge avec grain trop grossier;border;1;0;0.0;0.0;;;0;0;0;0.0;0.0;0.0;1.0;0.0;0.0;0.2084;0.2084;0.2084;0.2084;0.2084;0.0;17
ablation_ceval_any_intersection;border_margin_wrong_grain;Border – marge avec grain trop grossier;border;1;0;0.0;0.0;;;0;0;0;0.0;0.0;0.0;1.0;0.0;0.0;0.3138;0.3138;0.3138;0.3138;0.3138;0.0;17
baseline_random_matched;border_margin_wrong_grain;Border – marge avec grain trop grossier;border;1;1;0.0;0.0;;;1;0;1;1.0;0.0;1.0;0.0;0.0;0.0;0.0031;0.0031;0.0031;0.0031;0.0031;0.0;17
mcad;border_stockout_missing_store;Border – rupture sans grain magasin;border;1;0;0.0;0.0;;;0;0;0;0.0;0.0;0.0;1.0;0.0;0.0;0.2009;0.2009;0.2009;0.2009;0.2009;0.0;17
baseline_naive;border_stockout_missing_store;Border – rupture sans grain magasin;border;1;1;0.0;0.0;;;1;0;1;1.0;0.0;1.0;0.0;0.0;0.0;0.0014;0.0014;0.0014;0.0014;0.0014;0.0;17
baseline_measure_overlap;border_stockout_missing_store;Border – rupture sans grain magasin;border;1;1;0.0;0.0;;;1;0;1;1.0;0.0;1.0;0.0;0.0;0.0;0.0149;0.0149;0.0149;0.0149;0.0149;0.0;17
ablation_no_sat;border_stockout_missing_store;Border – rupture sans grain magasin;border;1;0;0.0;0.0;;;0;0;0;0.0;0.0;0.0;1.0;0.0;0.0;0.2725;0.2725;0.2725;0.2725;0.2725;0.0;17
ablation_no_real;border_stockout_missing_store;Border – rupture sans grain magasin;border;1;0;0.0;0.0;;;0;0;0;0.0;0.0;0.0;1.0;0.0;0.0;0.2035;0.2035;0.2035;0.2035;0.2035;0.0;17
ablation_ceval_any_intersection;border_stockout_missing_store;Border – rupture sans grain magasin;border;1;0;0.0;0.0;;;0;0;0;0.0;0.0;0.0;1.0;0.0;0.0;0.239;0.239;0.239;0.239;0.239;0.0;17
baseline_random_matched;border_stockout_missing_store;Border – rupture sans grain magasin;border;1;0;0.0;0.0;;;0;0;0;0.0;0.0;0.0;0.0;0.0;0.0;0.0033;0.0033;0.0033;0.0033;0.0033;0.0;17
mcad;adversarial_wrong_region;Adversarial – bonne mesure mais mauvaise région;adversarial;1;0;0.0;0.0;;;0;0;0;0.0;0.0;0.0;1.0;0.0;0.0;0.1744;0.1744;0.1744;0.1744;0.1744;0.0;17
baseline_naive;adversarial_wrong_region;Adversarial – bonne mesure mais mauvaise région;adversarial;1;1;0.0;0.0;;;1;0;1;1.0;0.0;1.0;0.0;0.0;0.0;0.0009;0.0009;0.0009;0.0009;0.0009;0.0;17
baseline_measure_overlap;adversarial_wrong_region;Adversarial – bonne mesure mais mauvaise région;adversarial;1;1;0.0;0.0;;;1;0;1;1.0;0.0;1.0;0.0;0.0;0.0;0.0133;0.0133;0.0133;0.0133;0.0133;0.0;17
ablation_no_sat;adversarial_wrong_region;Adversarial – bonne mesure mais mauvaise région;adversarial;1;0;0.0;0.0;;;0;0;0;0.0;0.0;0.0;1.0;0.0;0.0;0.3295;0.3295;0.3295;0.3295;0.3295;0.0;17
ablation_no_real;adversarial_wrong_region;Adversarial – bonne mesure mais mauvaise région;adversarial;1;0;0.0;0.0;;;0;0;0;0.0;0.0;0.0;1.0;0.0;0.0;0.1777;0.1777;0.1777;0.1777;0.1777;0.0;17
ablation_ceval_any_intersection;adversarial_wrong_region;Adversarial – bonne mesure mais mauvaise région;adversarial;1;0;0.0;0.0;;;0;0;0;0.0;0.0;0.0;1.0;0.0;0.0;0.1706;0.1706;0.1706;0.1706;0.1706;0.0;17
baseline_random_matched;adversarial_wrong_region;Adversarial – bonne mesure mais mauvaise région;adversarial;1;1;0.0;0.0;;;1;0;1;1.0;0.0;1.0;0.0;0.0;0.0;0.0029;0.0029;0.0029;0.0029;0.0029;0.0;17
mcad;adversarial_wrong_year;Adversarial – bonne structure mais mauvaise année;adversarial;1;0;0.0;0.0;;;0;0;0;0.0;0.0;0.0;1.0;0.0;0.0;0.1705;0.1705;0.1705;0.1705;0.1705;0.0;17
baseline_naive;adversarial_wrong_year;Adversarial – bonne structure mais mauvaise année;adversarial;1;1;0.0;0.0;;;1;0;1;1.0;0.0;1.0;0.0;0.0;0.0;0.0009;0.0009;0.0009;0.0009;0.0009;0.0;17
baseline_measure_overlap;adversarial_wrong_year;Adversarial – bonne structure mais mauvaise année;adversarial;1;1;0.0;0.0;;;1;0;1;1.0;0.0;1.0;0.0;0.0;0.0;0.013;0.013;0.013;0.013;0.013;0.0;17
ablation_no_sat;adversarial_wrong_year;Adversarial – bonne structure mais mauvaise année;adversarial;1;0;0.0;0.0;;;0;0;0;0.0;0.0;0.0;1.0;0.0;0.0;0.1939;0.1939;0.1939;0.1939;0.1939;0.0;17
ablation_no_real;adversarial_wrong_year;Adversarial – bonne structure mais mauvaise année;adversarial;1;0;0.0;0.0;;;0;0;0;0.0;0.0;0.0;1.0;0.0;0.0;0.26;0.26;0.26;0.26;0.26;0.0;17
ablation_ceval_any_intersection;adversarial_wrong_year;Adversarial – bonne structure mais mauvaise année;adversarial;1;0;0.0;0.0;;;0;0;0;0.0;0.0;0.0;1.0;0.0;0.0;0.1734;0.1734;0.1734;0.1734;0.1734;0.0;17
baseline_random_matched;adversarial_wrong_year;Adversarial – bonne structure mais mauvaise année;adversarial;1;1;0.0;0.0;;;1;0;1;1.0;0.0;1.0;0.0;0.0;0.0;0.0037;0.0037;0.0037;0.0037;0.0037;0.0;17
mcad;adversarial_invalid_no_measures;Adversarial – requête invalide sans mesure;adversarial;1;0;0.0;0.0;;;0;0;0;0.0;0.0;0.0;1.0;0.0;0.0;0.0781;0.0781;0.0781;0.0781;0.0781;0.0;17
baseline_naive;adversarial_invalid_no_measures;Adversarial – requête invalide sans mesure;adversarial;1;1;0.0;0.0;;;1;0;1;1.0;0.0;1.0;0.0;0.0;0.0;0.0009;0.0009;0.0009;0.0009;0.0009;0.0;17
baseline_measure_overlap;adversarial_invalid_no_measures;Adversarial – requête invalide sans mesure;adversarial;1;0;0.0;0.0;;;0;0;0;0.0;0.0;0.0;0.0;0.0;0.0;0.0145;0.0145;0.0145;0.0145;0.0145;0.0;17
ablation_no_sat;adversarial_invalid_no_measures;Adversarial – requête invalide sans mesure;adversarial;1;0;0.0;0.0;;;0;0;0;0.0;0.0;0.0;1.0;0.0;0.0;0.1026;0.1026;0.1026;0.1026;0.1026;0.0;17
ablation_no_real;adversarial_invalid_no_measures;Adversarial – requête invalide sans mesure;adversarial;1;0;0.0;0.0;;;0;0;0;0.0;0.0;0.0;1.0;0.0;0.0;0.1141;0.1141;0.1141;0.1141;0.1141;0.0;17
ablation_ceval_any_intersection;adversarial_invalid_no_measures;Adversarial – requête invalide sans mesure;adversarial;1;0;0.0;0.0;;;0;0;0;0.0;0.0;0.0;1.0;0.0;0.0;0.0736;0.0736;0.0736;0.0736;0.0736;0.0;17
baseline_random_matched;adversarial_invalid_no_measures;Adversarial – requête invalide sans mesure;adversarial;1;0;0.0;0.0;;;0;0;0;0.0;0.0;0.0;0.0;0.0;0.0;0.0029;0.0029;0.0029;0.0029;0.0029;0.0;17
mcad;stress_exploratory_then_useful;Stress – bruit exploratoire avant requête utile;stress;3;1;0.333333;0.111111;;;0;0;0;0.0;0.0;0.0;0.666667;0.0;0.0;0.204033;0.2035;0.25984;0.264848;0.2035;0.2043;17
baseline_naive;stress_exploratory_then_useful;Stress – bruit exploratoire avant requête utile;stress;3;3;0.333333;0.111111;;;2;0;2;0.666667;0.0;0.666667;0.0;0.0;0.0;0.000567;0.0004;0.00094;0.000988;0.001;0.00035;17
baseline_measure_overlap;stress_exploratory_then_useful;Stress – bruit exploratoire avant requête utile;stress;3;3;0.333333;0.111111;;;2;0;2;0.666667;0.0;0.666667;0.0;0.0;0.0;0.0074;0.0051;0.01221;0.012842;0.013;0.0046;17
ablation_no_sat;stress_exploratory_then_useful;Stress – bruit exploratoire avant requête utile;stress;3;1;0.333333;0.111111;;;0;0;0;0.0;0.0;0.0;0.666667;0.0;0.0;0.220367;0.242;0.24947;0.250134;0.242;0.20955;17
ablation_no_real;stress_exploratory_then_useful;Stress – bruit exploratoire avant requête utile;stress;3;1;0.333333;0.111111;;;0;0;0;0.0;0.0;0.0;0.666667;0.0;0.0;0.204633;0.2016;0.24948;0.253736;0.2016;0.20615;17
ablation_ceval_any_intersection;stress_exploratory_then_useful;Stress – bruit exploratoire avant requête utile;stress;3;1;0.333333;0.111111;;;0;0;0;0.0;0.0;0.0;0.666667;0.0;0.0;0.328967;0.3208;0.40639;0.413998;0.3208;0.33305;17
baseline_random_matched;stress_exploratory_then_useful;Stress – bruit exploratoire avant requête utile;stress;3;1;0.0;0.0;;;1;1;1;0.333333;0.333333;1.0;0.0;0.0;0.0;0.0015;0.0007;0.00304;0.003248;0.0033;0.0006;17
mcad;happy_guided_article_short;Happy – parcours guidé article (c1 → c2 → c3);happy;3;3;1.0;0.666667;3;3;0;0;0;0.0;0.0;0.0;0.0;0.0;0.0;0.286367;0.2794;0.33205;0.33673;0.2794;0.28985;18
baseline_naive;happy_guided_article_short;Happy – parcours guidé article (c1 → c2 → c3);happy;3;3;1.0;0.666667;3;3;0;0;0;0.0;0.0;0.0;0.0;0.0;0.0;0.0006;0.0005;0.00086;0.000892;0.0009;0.00045;18
baseline_measure_overlap;happy_guided_article_short;Happy – parcours guidé article (c1 → c2 → c3);happy;3;3;1.0;0.666667;3;3;0;0;0;0.0;0.0;0.0;0.0;0.0;0.0;0.0074;0.0055;0.01171;0.012262;0.0124;0.0049;18
ablation_no_sat;happy_guided_article_short;Happy – parcours guidé article (c1 → c2 → c3);happy;3;3;1.0;0.666667;3;3;0;0;0;0.0;0.0;0.0;0.0;0.0;0.0;0.290733;0.2915;0.32903;0.332366;0.2915;0.29035;18
ablation_no_real;happy_guided_article_short;Happy – parcours guidé article (c1 → c2 → c3);happy;3;3;1.0;0.666667;3;3;0;0;0;0.0;0.0;0.0;0.0;0.0;0.0;0.2968;0.2857;0.3352;0.3396;0.2857;0.30235;18
ablation_ceval_any_intersection;happy_guided_article_short;Happy – parcours guidé article (c1 → c2 → c3);happy;3;3;1.0;0.666667;3;3;0;0;0;0.0;0.0;0.0;0.0;0.0;0.0;0.547433;0.5971;0.62788;0.630616;0.6313;0.5055;18
baseline_random_matched;happy_guided_article_short;Happy – parcours guidé article (c1 → c2 → c3);happy;3;3;1.0;0.666667;3;3;0;0;0;0.0;0.0;0.0;0.0;0.0;0.0;0.0014;0.0007;0.00277;0.002954;0.003;0.0006;18
mcad;happy_guided_reordered;Happy – même objectif mais ordre différent (c3 → c1 → c2);happy;3;3;1.0;0.666667;3;3;0;0;0;0.0;0.0;0.0;0.0;0.0;0.0;0.2897;0.2503;0.35893;0.368586;0.371;0.24905;18
baseline_naive;happy_guided_reordered;Happy – même objectif mais ordre différent (c3 → c1 → c2);happy;3;3;1.0;0.666667;3;3;0;0;0;0.0;0.0;0.0;0.0;0.0;0.0;0.0006;0.0005;0.00086;0.000892;0.0009;0.00045;18
baseline_measure_overlap;happy_guided_reordered;Happy – même objectif mais ordre différent (c3 → c1 → c2);happy;3;3;1.0;0.666667;3;3;0;0;0;0.0;0.0;0.0;0.0;0.0;0.0;0.0119;0.0057;0.02352;0.025104;0.0255;0.0051;18
ablation_no_sat;happy_guided_reordered;Happy – même objectif mais ordre différent (c3 → c1 → c2);happy;3;3;1.0;0.666667;3;3;0;0;0;0.0;0.0;0.0;0.0;0.0;0.0;0.291333;0.2506;0.36715;0.37751;0.3801;0.24695;18
ablation_no_real;happy_guided_reordered;Happy – même objectif mais ordre différent (c3 → c1 → c2);happy;3;3;1.0;0.666667;3;3;0;0;0;0.0;0.0;0.0;0.0;0.0;0.0;0.295533;0.2585;0.37037;0.380314;0.3828;0.2519;18
ablation_ceval_any_intersection;happy_guided_reordered;Happy – même objectif mais ordre différent (c3 → c1 → c2);happy;3;3;1.0;0.666667;3;3;0;0;0;0.0;0.0;0.0;0.0;0.0;0.0;0.414467;0.4155;0.42144;0.421968;0.4155;0.41395;18
baseline_random_matched;happy_guided_reordered;Happy – même objectif mais ordre différent (c3 → c1 → c2);happy;3;2;0.666667;0.333333;;;0;1;0;0.0;0.333333;0.0;0.0;0.0;0.0;0.001267;0.0007;0.00241;0.002562;0.0026;0.0006;18
mcad;happy_guided_compact;Happy – parcours compact guidé;happy;3;3;1.0;0.666667;3;3;0;0;0;0.0;0.0;0.0;0.0;0.0;0.0;0.295833;0.2839;0.34771;0.353382;0.2839;0.3018;18
baseline_naive;happy_guided_compact;Happy – parcours compact guidé;happy;3;3;1.0;0.666667;3;3;0;0;0;0.0;0.0;0.0;0.0;0.0;0.0;0.0006;0.0005;0.00095;0.00099;0.001;0.0004;18
baseline_measure_overlap;happy_guided_compact;Happy – parcours compact guidé;happy;3;3;1.0;0.666667;3;3;0;0;0;0.0;0.0;0.0;0.0;0.0;0.0;0.007367;0.0051;0.01203;0.012646;0.0128;0.00465;18
ablation_no_sat;happy_guided_compact;Happy – parcours compact guidé;happy;3;3;1.0;0.666667;3;3;0;0;0;0.0;0.0;0.0;0.0;0.0;0.0;0.293733;0.2885;0.33305;0.33701;0.2885;0.29635;18
ablation_no_real;happy_guided_compact;Happy – parcours compact guidé;happy;3;3;1.0;0.666667;3;3;0;0;0;0.0;0.0;0.0;0.0;0.0;0.0;0.294967;0.2874;0.34473;0.349826;0.2874;0.29875;18
ablation_ceval_any_intersection;happy_guided_compact;Happy – parcours compact guidé;happy;3;3;1.0;0.666667;3;3;0;0;0;0.0;0.0;0.0;0.0;0.0;0.0;0.3015;0.2784;0.37227;0.380614;0.2784;0.31305;18
baseline_random_matched;happy_guided_compact;Happy – parcours compact guidé;happy;3;1;0.333333;0.222222;;;0;2;0;0.0;0.666667;0.0;0.0;0.0;0.0;0.0016;0.001;0.00289;0.003058;0.0031;0.00085;18
mcad;border_growth_partial_1998_only;Border – croissance partielle 1998 seulement;border;1;0;0.0;0.0;;;0;0;0;0.0;0.0;0.0;0.0;0.0;1.0;0.351;0.351;0.351;0.351;0.351;0.0;18
baseline_naive;border_growth_partial_1998_only;Border – croissance partielle 1998 seulement;border;1;1;0.0;0.0;;;1;0;1;1.0;0.0;1.0;0.0;0.0;0.0;0.0009;0.0009;0.0009;0.0009;0.0009;0.0;18
baseline_measure_overlap;border_growth_partial_1998_only;Border – croissance partielle 1998 seulement;border;1;1;0.0;0.0;;;1;0;1;1.0;0.0;1.0;0.0;0.0;0.0;0.0126;0.0126;0.0126;0.0126;0.0126;0.0;18
ablation_no_sat;border_growth_partial_1998_only;Border – croissance partielle 1998 seulement;border;1;0;0.0;0.0;;;0;0;0;0.0;0.0;0.0;0.0;0.0;1.0;0.3376;0.3376;0.3376;0.3376;0.3376;0.0;18
ablation_no_real;border_growth_partial_1998_only;Border – croissance partielle 1998 seulement;border;1;1;0.0;0.0;;;1;0;1;1.0;0.0;1.0;0.0;0.0;1.0;0.3498;0.3498;0.3498;0.3498;0.3498;0.0;18
ablation_ceval_any_intersection;border_growth_partial_1998_only;Border – croissance partielle 1998 seulement;border;1;1;0.0;0.0;;;1;0;1;1.0;0.0;1.0;0.0;0.0;0.0;0.3448;0.3448;0.3448;0.3448;0.3448;0.0;18
baseline_random_matched;border_growth_partial_1998_only;Border – croissance partielle 1998 seulement;border;1;1;0.0;0.0;;;1;0;1;1.0;0.0;1.0;0.0;0.0;0.0;0.0034;0.0034;0.0034;0.0034;0.0034;0.0;18
mcad;border_margin_wrong_grain;Border – marge avec grain trop grossier;border;1;0;0.0;0.0;;;0;0;0;0.0;0.0;0.0;1.0;0.0;0.0;0.2013;0.2013;0.2013;0.2013;0.2013;0.0;18
baseline_naive;border_margin_wrong_grain;Border – marge avec grain trop grossier;border;1;1;0.0;0.0;;;1;0;1;1.0;0.0;1.0;0.0;0.0;0.0;0.0012;0.0012;0.0012;0.0012;0.0012;0.0;18
baseline_measure_overlap;border_margin_wrong_grain;Border – marge avec grain trop grossier;border;1;1;0.0;0.0;;;1;0;1;1.0;0.0;1.0;0.0;0.0;0.0;0.0159;0.0159;0.0159;0.0159;0.0159;0.0;18
ablation_no_sat;border_margin_wrong_grain;Border – marge avec grain trop grossier;border;1;0;0.0;0.0;;;0;0;0;0.0;0.0;0.0;1.0;0.0;0.0;0.283;0.283;0.283;0.283;0.283;0.0;18
ablation_no_real;border_margin_wrong_grain;Border – marge avec grain trop grossier;border;1;0;0.0;0.0;;;0;0;0;0.0;0.0;0.0;1.0;0.0;0.0;0.2182;0.2182;0.2182;0.2182;0.2182;0.0;18
ablation_ceval_any_intersection;border_margin_wrong_grain;Border – marge avec grain trop grossier;border;1;0;0.0;0.0;;;0;0;0;0.0;0.0;0.0;1.0;0.0;0.0;0.1957;0.1957;0.1957;0.1957;0.1957;0.0;18
baseline_random_matched;border_margin_wrong_grain;Border – marge avec grain trop grossier;border;1;1;0.0;0.0;;;1;0;1;1.0;0.0;1.0;0.0;0.0;0.0;0.0041;0.0041;0.0041;0.0041;0.0041;0.0;18
mcad;border_stockout_missing_store;Border – rupture sans grain magasin;border;1;0;0.0;0.0;;;0;0;0;0.0;0.0;0.0;1.0;0.0;0.0;0.3644;0.3644;0.3644;0.3644;0.3644;0.0;18
baseline_naive;border_stockout_missing_store;Border – rupture sans grain magasin;border;1;1;0.0;0.0;;;1;0;1;1.0;0.0;1.0;0.0;0.0;0.0;0.0009;0.0009;0.0009;0.0009;0.0009;0.0;18
baseline_measure_overlap;border_stockout_missing_store;Border – rupture sans grain magasin;border;1;1;0.0;0.0;;;1;0;1;1.0;0.0;1.0;0.0;0.0;0.0;0.0193;0.0193;0.0193;0.0193;0.0193;0.0;18
ablation_no_sat;border_stockout_missing_store;Border – rupture sans grain magasin;border;1;0;0.0;0.0;;;0;0;0;0.0;0.0;0.0;1.0;0.0;0.0;0.7951;0.7951;0.7951;0.7951;0.7951;0.0;18
ablation_no_real;border_stockout_missing_store;Border – rupture sans grain magasin;border;1;0;0.0;0.0;;;0;0;0;0.0;0.0;0.0;1.0;0.0;0.0;0.3224;0.3224;0.3224;0.3224;0.3224;0.0;18
ablation_ceval_any_intersection;border_stockout_missing_store;Border – rupture sans grain magasin;border;1;0;0.0;0.0;;;0;0;0;0.0;0.0;0.0;1.0;0.0;0.0;0.1954;0.1954;0.1954;0.1954;0.1954;0.0;18
baseline_random_matched;border_stockout_missing_store;Border – rupture sans grain magasin;border;1;1;0.0;0.0;;;1;0;1;1.0;0.0;1.0;0.0;0.0;0.0;0.0028;0.0028;0.0028;0.0028;0.0028;0.0;18
mcad;adversarial_wrong_region;Adversarial – bonne mesure mais mauvaise région;adversarial;1;0;0.0;0.0;;;0;0;0;0.0;0.0;0.0;1.0;0.0;0.0;0.1827;0.1827;0.1827;0.1827;0.1827;0.0;18
baseline_naive;adversarial_wrong_region;Adversarial – bonne mesure mais mauvaise région;adversarial;1;1;0.0;0.0;;;1;0;1;1.0;0.0;1.0;0.0;0.0;0.0;0.0009;0.0009;0.0009;0.0009;0.0009;0.0;18
baseline_measure_overlap;adversarial_wrong_region;Adversarial – bonne mesure mais mauvaise région;adversarial;1;1;0.0;0.0;;;1;0;1;1.0;0.0;1.0;0.0;0.0;0.0;0.014;0.014;0.014;0.014;0.014;0.0;18
ablation_no_sat;adversarial_wrong_region;Adversarial – bonne mesure mais mauvaise région;adversarial;1;0;0.0;0.0;;;0;0;0;0.0;0.0;0.0;1.0;0.0;0.0;0.2191;0.2191;0.2191;0.2191;0.2191;0.0;18
ablation_no_real;adversarial_wrong_region;Adversarial – bonne mesure mais mauvaise région;adversarial;1;0;0.0;0.0;;;0;0;0;0.0;0.0;0.0;1.0;0.0;0.0;0.176;0.176;0.176;0.176;0.176;0.0;18
ablation_ceval_any_intersection;adversarial_wrong_region;Adversarial – bonne mesure mais mauvaise région;adversarial;1;0;0.0;0.0;;;0;0;0;0.0;0.0;0.0;1.0;0.0;0.0;0.2606;0.2606;0.2606;0.2606;0.2606;0.0;18
baseline_random_matched;adversarial_wrong_region;Adversarial – bonne mesure mais mauvaise région;adversarial;1;0;0.0;0.0;;;0;0;0;0.0;0.0;0.0;0.0;0.0;0.0;0.0027;0.0027;0.0027;0.0027;0.0027;0.0;18
mcad;adversarial_wrong_year;Adversarial – bonne structure mais mauvaise année;adversarial;1;0;0.0;0.0;;;0;0;0;0.0;0.0;0.0;1.0;0.0;0.0;0.1644;0.1644;0.1644;0.1644;0.1644;0.0;18
baseline_naive;adversarial_wrong_year;Adversarial – bonne structure mais mauvaise année;adversarial;1;1;0.0;0.0;;;1;0;1;1.0;0.0;1.0;0.0;0.0;0.0;0.0009;0.0009;0.0009;0.0009;0.0009;0.0;18
baseline_measure_overlap;adversarial_wrong_year;Adversarial – bonne structure mais mauvaise année;adversarial;1;1;0.0;0.0;;;1;0;1;1.0;0.0;1.0;0.0;0.0;0.0;0.0128;0.0128;0.0128;0.0128;0.0128;0.0;18
ablation_no_sat;adversarial_wrong_year;Adversarial – bonne structure mais mauvaise année;adversarial;1;0;0.0;0.0;;;0;0;0;0.0;0.0;0.0;1.0;0.0;0.0;0.1985;0.1985;0.1985;0.1985;0.1985;0.0;18
ablation_no_real;adversarial_wrong_year;Adversarial – bonne structure mais mauvaise année;adversarial;1;0;0.0;0.0;;;0;0;0;0.0;0.0;0.0;1.0;0.0;0.0;0.1802;0.1802;0.1802;0.1802;0.1802;0.0;18
ablation_ceval_any_intersection;adversarial_wrong_year;Adversarial – bonne structure mais mauvaise année;adversarial;1;0;0.0;0.0;;;0;0;0;0.0;0.0;0.0;1.0;0.0;0.0;0.2572;0.2572;0.2572;0.2572;0.2572;0.0;18
baseline_random_matched;adversarial_wrong_year;Adversarial – bonne structure mais mauvaise année;adversarial;1;0;0.0;0.0;;;0;0;0;0.0;0.0;0.0;0.0;0.0;0.0;0.0025;0.0025;0.0025;0.0025;0.0025;0.0;18
mcad;adversarial_invalid_no_measures;Adversarial – requête invalide sans mesure;adversarial;1;0;0.0;0.0;;;0;0;0;0.0;0.0;0.0;1.0;0.0;0.0;0.0736;0.0736;0.0736;0.0736;0.0736;0.0;18
baseline_naive;adversarial_invalid_no_measures;Adversarial – requête invalide sans mesure;adversarial;1;1;0.0;0.0;;;1;0;1;1.0;0.0;1.0;0.0;0.0;0.0;0.001;0.001;0.001;0.001;0.001;0.0;18
baseline_measure_overlap;adversarial_invalid_no_measures;Adversarial – requête invalide sans mesure;adversarial;1;0;0.0;0.0;;;0;0;0;0.0;0.0;0.0;0.0;0.0;0.0;0.0127;0.0127;0.0127;0.0127;0.0127;0.0;18
ablation_no_sat;adversarial_invalid_no_measures;Adversarial – requête invalide sans mesure;adversarial;1;0;0.0;0.0;;;0;0;0;0.0;0.0;0.0;1.0;0.0;0.0;0.0875;0.0875;0.0875;0.0875;0.0875;0.0;18
ablation_no_real;adversarial_invalid_no_measures;Adversarial – requête invalide sans mesure;adversarial;1;0;0.0;0.0;;;0;0;0;0.0;0.0;0.0;1.0;0.0;0.0;0.0791;0.0791;0.0791;0.0791;0.0791;0.0;18
ablation_ceval_any_intersection;adversarial_invalid_no_measures;Adversarial – requête invalide sans mesure;adversarial;1;0;0.0;0.0;;;0;0;0;0.0;0.0;0.0;1.0;0.0;0.0;0.0706;0.0706;0.0706;0.0706;0.0706;0.0;18
baseline_random_matched;adversarial_invalid_no_measures;Adversarial – requête invalide sans mesure;adversarial;1;0;0.0;0.0;;;0;0;0;0.0;0.0;0.0;0.0;0.0;0.0;0.0033;0.0033;0.0033;0.0033;0.0033;0.0;18
mcad;stress_exploratory_then_useful;Stress – bruit exploratoire avant requête utile;stress;3;1;0.333333;0.111111;;;0;0;0;0.0;0.0;0.0;0.666667;0.0;0.0;0.1964;0.1954;0.24499;0.249398;0.1954;0.1969;18
baseline_naive;stress_exploratory_then_useful;Stress – bruit exploratoire avant requête utile;stress;3;3;0.333333;0.111111;;;2;0;2;0.666667;0.0;0.666667;0.0;0.0;0.0;0.0006;0.0005;0.00086;0.000892;0.0009;0.00045;18
baseline_measure_overlap;stress_exploratory_then_useful;Stress – bruit exploratoire avant requête utile;stress;3;3;0.333333;0.111111;;;2;0;2;0.666667;0.0;0.666667;0.0;0.0;0.0;0.007133;0.0049;0.01165;0.01225;0.0124;0.0045;18
ablation_no_sat;stress_exploratory_then_useful;Stress – bruit exploratoire avant requête utile;stress;3;1;0.333333;0.111111;;;0;0;0;0.0;0.0;0.0;0.666667;0.0;0.0;0.219267;0.2423;0.24509;0.245338;0.2423;0.20775;18
ablation_no_real;stress_exploratory_then_useful;Stress – bruit exploratoire avant requête utile;stress;3;1;0.333333;0.111111;;;0;0;0;0.0;0.0;0.0;0.666667;0.0;0.0;0.200667;0.2026;0.24823;0.252286;0.2026;0.1997;18
ablation_ceval_any_intersection;stress_exploratory_then_useful;Stress – bruit exploratoire avant requête utile;stress;3;1;0.333333;0.111111;;;0;0;0;0.0;0.0;0.0;0.666667;0.0;0.0;0.195133;0.1959;0.24108;0.245096;0.1959;0.19475;18
baseline_random_matched;stress_exploratory_then_useful;Stress – bruit exploratoire avant requête utile;stress;3;1;0.0;0.0;;;1;1;1;0.333333;0.333333;1.0;0.0;0.0;0.0;0.001733;0.0009;0.00333;0.003546;0.0036;0.0008;18
mcad;happy_guided_article_short;Happy – parcours guidé article (c1 → c2 → c3);happy;3;3;1.0;0.666667;3;3;0;0;0;0.0;0.0;0.0;0.0;0.0;0.0;0.313467;0.2802;0.39999;0.410638;0.2802;0.3301;19
baseline_naive;happy_guided_article_short;Happy – parcours guidé article (c1 → c2 → c3);happy;3;3;1.0;0.666667;3;3;0;0;0;0.0;0.0;0.0;0.0;0.0;0.0;0.000567;0.0004;0.00085;0.00089;0.0009;0.0004;19
baseline_measure_overlap;happy_guided_article_short;Happy – parcours guidé article (c1 → c2 → c3);happy;3;3;1.0;0.666667;3;3;0;0;0;0.0;0.0;0.0;0.0;0.0;0.0;0.007467;0.0053;0.01196;0.012552;0.0127;0.00485;19
ablation_no_sat;happy_guided_article_short;Happy – parcours guidé article (c1 → c2 → c3);happy;3;3;1.0;0.666667;3;3;0;0;0;0.0;0.0;0.0;0.0;0.0;0.0;0.286467;0.2794;0.33268;0.337416;0.2794;0.29;19
ablation_no_real;happy_guided_article_short;Happy – parcours guidé article (c1 → c2 → c3);happy;3;3;1.0;0.666667;3;3;0;0;0;0.0;0.0;0.0;0.0;0.0;0.0;0.3077;0.2945;0.37199;0.378878;0.2945;0.3143;19
ablation_ceval_any_intersection;happy_guided_article_short;Happy – parcours guidé article (c1 → c2 → c3);happy;3;3;1.0;0.666667;3;3;0;0;0;0.0;0.0;0.0;0.0;0.0;0.0;0.282933;0.2818;0.32113;0.324626;0.2818;0.2835;19
baseline_random_matched;happy_guided_article_short;Happy – parcours guidé article (c1 → c2 → c3);happy;3;1;0.333333;0.111111;;;0;2;0;0.0;0.666667;0.0;0.0;0.0;0.0;0.001133;0.0006;0.00213;0.002266;0.0023;0.00055;19
mcad;happy_guided_reordered;Happy – même objectif mais ordre différent (c3 → c1 → c2);happy;3;3;1.0;0.666667;3;3;0;0;0;0.0;0.0;0.0;0.0;0.0;0.0;0.482733;0.4409;0.58355;0.59623;0.5994;0.4244;19
baseline_naive;happy_guided_reordered;Happy – même objectif mais ordre différent (c3 → c1 → c2);happy;3;3;1.0;0.666667;3;3;0;0;0;0.0;0.0;0.0;0.0;0.0;0.0;0.0006;0.0005;0.00086;0.000892;0.0009;0.00045;19
baseline_measure_overlap;happy_guided_reordered;Happy – même objectif mais ordre différent (c3 → c1 → c2);happy;3;3;1.0;0.666667;3;3;0;0;0;0.0;0.0;0.0;0.0;0.0;0.0;0.007467;0.005;0.0122;0.01284;0.013;0.0047;19
ablation_no_sat;happy_guided_reordered;Happy – même objectif mais ordre différent (c3 → c1 → c2);happy;3;3;1.0;0.666667;3;3;0;0;0;0.0;0.0;0.0;0.0;0.0;0.0;0.288067;0.2498;0.35393;0.363186;0.3655;0.24935;19
ablation_no_real;happy_guided_reordered;Happy – même objectif mais ordre différent (c3 → c1 → c2);happy;3;3;1.0;0.666667;3;3;0;0;0;0.0;0.0;0.0;0.0;0.0;0.0;0.291767;0.2523;0.36615;0.37627;0.3788;0.24825;19
ablation_ceval_any_intersection;happy_guided_reordered;Happy – même objectif mais ordre différent (c3 → c1 → c2);happy;3;3;1.0;0.666667;3;3;0;0;0;0.0;0.0;0.0;0.0;0.0;0.0;0.283733;0.2427;0.35646;0.366572;0.3691;0.24105;19
baseline_random_matched;happy_guided_reordered;Happy – même objectif mais ordre différent (c3 → c1 → c2);happy;3;2;0.666667;0.333333;;;0;1;0;0.0;0.333333;0.0;0.0;0.0;0.0;0.0014;0.0007;0.00277;0.002954;0.003;0.0006;19
mcad;happy_guided_compact;Happy – parcours compact guidé;happy;3;3;1.0;0.666667;3;3;0;0;0;0.0;0.0;0.0;0.0;0.0;0.0;0.480933;0.4558;0.56434;0.573988;0.4558;0.4935;19
baseline_naive;happy_guided_compact;Happy – parcours compact guidé;happy;3;3;1.0;0.666667;3;3;0;0;0;0.0;0.0;0.0;0.0;0.0;0.0;0.0006;0.0005;0.00095;0.00099;0.001;0.0004;19
baseline_measure_overlap;happy_guided_compact;Happy – parcours compact guidé;happy;3;3;1.0;0.666667;3;3;0;0;0;0.0;0.0;0.0;0.0;0.0;0.0;0.007233;0.0048;0.01191;0.012542;0.0127;0.0045;19
ablation_no_sat;happy_guided_compact;Happy – parcours compact guidé;happy;3;3;1.0;0.666667;3;3;0;0;0;0.0;0.0;0.0;0.0;0.0;0.0;0.301267;0.2881;0.32761;0.331122;0.2881;0.30785;19
ablation_no_real;happy_guided_compact;Happy – parcours compact guidé;happy;3;3;1.0;0.666667;3;3;0;0;0;0.0;0.0;0.0;0.0;0.0;0.0;0.292467;0.2824;0.33379;0.338358;0.2824;0.2975;19
ablation_ceval_any_intersection;happy_guided_compact;Happy – parcours compact guidé;happy;3;3;1.0;0.666667;3;3;0;0;0;0.0;0.0;0.0;0.0;0.0;0.0;0.280333;0.2734;0.32506;0.329652;0.2734;0.2838;19
baseline_random_matched;happy_guided_compact;Happy – parcours compact guidé;happy;3;2;0.666667;0.333333;;;0;1;0;0.0;0.333333;0.0;0.0;0.0;0.0;0.001067;0.0006;0.00204;0.002168;0.0022;0.0005;19
mcad;border_growth_partial_1998_only;Border – croissance partielle 1998 seulement;border;1;0;0.0;0.0;;;0;0;0;0.0;0.0;0.0;0.0;0.0;1.0;0.5662;0.5662;0.5662;0.5662;0.5662;0.0;19
baseline_naive;border_growth_partial_1998_only;Border – croissance partielle 1998 seulement;border;1;1;0.0;0.0;;;1;0;1;1.0;0.0;1.0;0.0;0.0;0.0;0.0009;0.0009;0.0009;0.0009;0.0009;0.0;19
baseline_measure_overlap;border_growth_partial_1998_only;Border – croissance partielle 1998 seulement;border;1;1;0.0;0.0;;;1;0;1;1.0;0.0;1.0;0.0;0.0;0.0;0.0129;0.0129;0.0129;0.0129;0.0129;0.0;19
ablation_no_sat;border_growth_partial_1998_only;Border – croissance partielle 1998 seulement;border;1;0;0.0;0.0;;;0;0;0;0.0;0.0;0.0;0.0;0.0;1.0;0.3348;0.3348;0.3348;0.3348;0.3348;0.0;19
ablation_no_real;border_growth_partial_1998_only;Border – croissance partielle 1998 seulement;border;1;1;0.0;0.0;;;1;0;1;1.0;0.0;1.0;0.0;0.0;1.0;0.3463;0.3463;0.3463;0.3463;0.3463;0.0;19
ablation_ceval_any_intersection;border_growth_partial_1998_only;Border – croissance partielle 1998 seulement;border;1;1;0.0;0.0;;;1;0;1;1.0;0.0;1.0;0.0;0.0;0.0;0.3441;0.3441;0.3441;0.3441;0.3441;0.0;19
baseline_random_matched;border_growth_partial_1998_only;Border – croissance partielle 1998 seulement;border;1;0;0.0;0.0;;;0;0;0;0.0;0.0;0.0;0.0;0.0;0.0;0.0025;0.0025;0.0025;0.0025;0.0025;0.0;19
mcad;border_margin_wrong_grain;Border – marge avec grain trop grossier;border;1;0;0.0;0.0;;;0;0;0;0.0;0.0;0.0;1.0;0.0;0.0;0.2169;0.2169;0.2169;0.2169;0.2169;0.0;19
baseline_naive;border_margin_wrong_grain;Border – marge avec grain trop grossier;border;1;1;0.0;0.0;;;1;0;1;1.0;0.0;1.0;0.0;0.0;0.0;0.001;0.001;0.001;0.001;0.001;0.0;19
baseline_measure_overlap;border_margin_wrong_grain;Border – marge avec grain trop grossier;border;1;1;0.0;0.0;;;1;0;1;1.0;0.0;1.0;0.0;0.0;0.0;0.0131;0.0131;0.0131;0.0131;0.0131;0.0;19
ablation_no_sat;border_margin_wrong_grain;Border – marge avec grain trop grossier;border;1;0;0.0;0.0;;;0;0;0;0.0;0.0;0.0;1.0;0.0;0.0;0.28;0.28;0.28;0.28;0.28;0.0;19
ablation_no_real;border_margin_wrong_grain;Border – marge avec grain trop grossier;border;1;0;0.0;0.0;;;0;0;0;0.0;0.0;0.0;1.0;0.0;0.0;0.3654;0.3654;0.3654;0.3654;0.3654;0.0;19
ablation_ceval_any_intersection;border_margin_wrong_grain;Border – marge avec grain trop grossier;border;1;0;0.0;0.0;;;0;0;0;0.0;0.0;0.0;1.0;0.0;0.0;0.2329;0.2329;0.2329;0.2329;0.2329;0.0;19
baseline_random_matched;border_margin_wrong_grain;Border – marge avec grain trop grossier;border;1;0;0.0;0.0;;;0;0;0;0.0;0.0;0.0;0.0;0.0;0.0;0.0028;0.0028;0.0028;0.0028;0.0028;0.0;19
mcad;border_stockout_missing_store;Border – rupture sans grain magasin;border;1;0;0.0;0.0;;;0;0;0;0.0;0.0;0.0;1.0;0.0;0.0;0.2035;0.2035;0.2035;0.2035;0.2035;0.0;19
baseline_naive;border_stockout_missing_store;Border – rupture sans grain magasin;border;1;1;0.0;0.0;;;1;0;1;1.0;0.0;1.0;0.0;0.0;0.0;0.0012;0.0012;0.0012;0.0012;0.0012;0.0;19
baseline_measure_overlap;border_stockout_missing_store;Border – rupture sans grain magasin;border;1;1;0.0;0.0;;;1;0;1;1.0;0.0;1.0;0.0;0.0;0.0;0.0139;0.0139;0.0139;0.0139;0.0139;0.0;19
ablation_no_sat;border_stockout_missing_store;Border – rupture sans grain magasin;border;1;0;0.0;0.0;;;0;0;0;0.0;0.0;0.0;1.0;0.0;0.0;0.2692;0.2692;0.2692;0.2692;0.2692;0.0;19
ablation_no_real;border_stockout_missing_store;Border – rupture sans grain magasin;border;1;0;0.0;0.0;;;0;0;0;0.0;0.0;0.0;1.0;0.0;0.0;0.201;0.201;0.201;0.201;0.201;0.0;19
ablation_ceval_any_intersection;border_stockout_missing_store;Border – rupture sans grain magasin;border;1;0;0.0;0.0;;;0;0;0;0.0;0.0;0.0;1.0;0.0;0.0;0.1955;0.1955;0.1955;0.1955;0.1955;0.0;19
baseline_random_matched;border_stockout_missing_store;Border – rupture sans grain magasin;border;1;1;0.0;0.0;;;1;0;1;1.0;0.0;1.0;0.0;0.0;0.0;0.0028;0.0028;0.0028;0.0028;0.0028;0.0;19
mcad;adversarial_wrong_region;Adversarial – bonne mesure mais mauvaise région;adversarial;1;0;0.0;0.0;;;0;0;0;0.0;0.0;0.0;1.0;0.0;0.0;0.1833;0.1833;0.1833;0.1833;0.1833;0.0;19
baseline_naive;adversarial_wrong_region;Adversarial – bonne mesure mais mauvaise région;adversarial;1;1;0.0;0.0;;;1;0;1;1.0;0.0;1.0;0.0;0.0;0.0;0.0015;0.0015;0.0015;0.0015;0.0015;0.0;19
baseline_measure_overlap;adversarial_wrong_region;Adversarial – bonne mesure mais mauvaise région;adversarial;1;1;0.0;0.0;;;1;0;1;1.0;0.0;1.0;0.0;0.0;0.0;0.0162;0.0162;0.0162;0.0162;0.0162;0.0;19
ablation_no_sat;adversarial_wrong_region;Adversarial – bonne mesure mais mauvaise région;adversarial;1;0;0.0;0.0;;;0;0;0;0.0;0.0;0.0;1.0;0.0;0.0;0.2261;0.2261;0.2261;0.2261;0.2261;0.0;19
ablation_no_real;adversarial_wrong_region;Adversarial – bonne mesure mais mauvaise région;adversarial;1;0;0.0;0.0;;;0;0;0;0.0;0.0;0.0;1.0;0.0;0.0;0.2028;0.2028;0.2028;0.2028;0.2028;0.0;19
ablation_ceval_any_intersection;adversarial_wrong_region;Adversarial – bonne mesure mais mauvaise région;adversarial;1;0;0.0;0.0;;;0;0;0;0.0;0.0;0.0;1.0;0.0;0.0;0.1848;0.1848;0.1848;0.1848;0.1848;0.0;19
baseline_random_matched;adversarial_wrong_region;Adversarial – bonne mesure mais mauvaise région;adversarial;1;0;0.0;0.0;;;0;0;0;0.0;0.0;0.0;0.0;0.0;0.0;0.0035;0.0035;0.0035;0.0035;0.0035;0.0;19
mcad;adversarial_wrong_year;Adversarial – bonne structure mais mauvaise année;adversarial;1;0;0.0;0.0;;;0;0;0;0.0;0.0;0.0;1.0;0.0;0.0;0.2824;0.2824;0.2824;0.2824;0.2824;0.0;19
baseline_naive;adversarial_wrong_year;Adversarial – bonne structure mais mauvaise année;adversarial;1;1;0.0;0.0;;;1;0;1;1.0;0.0;1.0;0.0;0.0;0.0;0.0015;0.0015;0.0015;0.0015;0.0015;0.0;19
baseline_measure_overlap;adversarial_wrong_year;Adversarial – bonne structure mais mauvaise année;adversarial;1;1;0.0;0.0;;;1;0;1;1.0;0.0;1.0;0.0;0.0;0.0;0.0183;0.0183;0.0183;0.0183;0.0183;0.0;19
ablation_no_sat;adversarial_wrong_year;Adversarial – bonne structure mais mauvaise année;adversarial;1;0;0.0;0.0;;;0;0;0;0.0;0.0;0.0;1.0;0.0;0.0;0.2103;0.2103;0.2103;0.2103;0.2103;0.0;19
ablation_no_real;adversarial_wrong_year;Adversarial – bonne structure mais mauvaise année;adversarial;1;0;0.0;0.0;;;0;0;0;0.0;0.0;0.0;1.0;0.0;0.0;0.1816;0.1816;0.1816;0.1816;0.1816;0.0;19
ablation_ceval_any_intersection;adversarial_wrong_year;Adversarial – bonne structure mais mauvaise année;adversarial;1;0;0.0;0.0;;;0;0;0;0.0;0.0;0.0;1.0;0.0;0.0;0.1678;0.1678;0.1678;0.1678;0.1678;0.0;19
baseline_random_matched;adversarial_wrong_year;Adversarial – bonne structure mais mauvaise année;adversarial;1;1;0.0;0.0;;;1;0;1;1.0;0.0;1.0;0.0;0.0;0.0;0.003;0.003;0.003;0.003;0.003;0.0;19
mcad;adversarial_invalid_no_measures;Adversarial – requête invalide sans mesure;adversarial;1;0;0.0;0.0;;;0;0;0;0.0;0.0;0.0;1.0;0.0;0.0;0.0741;0.0741;0.0741;0.0741;0.0741;0.0;19
baseline_naive;adversarial_invalid_no_measures;Adversarial – requête invalide sans mesure;adversarial;1;1;0.0;0.0;;;1;0;1;1.0;0.0;1.0;0.0;0.0;0.0;0.0009;0.0009;0.0009;0.0009;0.0009;0.0;19
baseline_measure_overlap;adversarial_invalid_no_measures;Adversarial – requête invalide sans mesure;adversarial;1;0;0.0;0.0;;;0;0;0;0.0;0.0;0.0;0.0;0.0;0.0;0.0167;0.0167;0.0167;0.0167;0.0167;0.0;19
ablation_no_sat;adversarial_invalid_no_measures;Adversarial – requête invalide sans mesure;adversarial;1;0;0.0;0.0;;;0;0;0;0.0;0.0;0.0;1.0;0.0;0.0;0.0905;0.0905;0.0905;0.0905;0.0905;0.0;19
ablation_no_real;adversarial_invalid_no_measures;Adversarial – requête invalide sans mesure;adversarial;1;0;0.0;0.0;;;0;0;0;0.0;0.0;0.0;1.0;0.0;0.0;0.0807;0.0807;0.0807;0.0807;0.0807;0.0;19
ablation_ceval_any_intersection;adversarial_invalid_no_measures;Adversarial – requête invalide sans mesure;adversarial;1;0;0.0;0.0;;;0;0;0;0.0;0.0;0.0;1.0;0.0;0.0;0.0717;0.0717;0.0717;0.0717;0.0717;0.0;19
baseline_random_matched;adversarial_invalid_no_measures;Adversarial – requête invalide sans mesure;adversarial;1;1;0.0;0.0;;;1;0;1;1.0;0.0;1.0;0.0;0.0;0.0;0.003;0.003;0.003;0.003;0.003;0.0;19
mcad;stress_exploratory_then_useful;Stress – bruit exploratoire avant requête utile;stress;3;1;0.333333;0.111111;;;0;0;0;0.0;0.0;0.0;0.666667;0.0;0.0;0.2028;0.2016;0.2583;0.26334;0.2016;0.2034;19
baseline_naive;stress_exploratory_then_useful;Stress – bruit exploratoire avant requête utile;stress;3;3;0.333333;0.111111;;;2;0;2;0.666667;0.0;0.666667;0.0;0.0;0.0;0.000533;0.0004;0.00085;0.00089;0.0009;0.00035;19
baseline_measure_overlap;stress_exploratory_then_useful;Stress – bruit exploratoire avant requête utile;stress;3;3;0.333333;0.111111;;;2;0;2;0.666667;0.0;0.666667;0.0;0.0;0.0;0.0112;0.0083;0.01721;0.018002;0.0182;0.0077;19
ablation_no_sat;stress_exploratory_then_useful;Stress – bruit exploratoire avant requête utile;stress;3;1;0.333333;0.111111;;;0;0;0;0.0;0.0;0.0;0.666667;0.0;0.0;0.217533;0.2384;0.24488;0.245456;0.2384;0.2071;19
ablation_no_real;stress_exploratory_then_useful;Stress – bruit exploratoire avant requête utile;stress;3;1;0.333333;0.111111;;;0;0;0;0.0;0.0;0.0;0.666667;0.0;0.0;0.2067;0.2032;0.2491;0.25318;0.2032;0.20845;19
ablation_ceval_any_intersection;stress_exploratory_then_useful;Stress – bruit exploratoire avant requête utile;stress;3;1;0.333333;0.111111;;;0;0;0;0.0;0.0;0.0;0.666667;0.0;0.0;0.193733;0.1958;0.23918;0.243036;0.1958;0.1927;19
baseline_random_matched;stress_exploratory_then_useful;Stress – bruit exploratoire avant requête utile;stress;3;2;0.333333;0.111111;;;1;0;1;0.333333;0.0;0.5;0.0;0.0;0.0;0.001333;0.0006;0.00276;0.002952;0.003;0.0005;19
mcad;happy_guided_article_short;Happy – parcours guidé article (c1 → c2 → c3);happy;3;3;1.0;0.666667;3;3;0;0;0;0.0;0.0;0.0;0.0;0.0;0.0;0.288367;0.2888;0.32723;0.330646;0.2888;0.28815;20
baseline_naive;happy_guided_article_short;Happy – parcours guidé article (c1 → c2 → c3);happy;3;3;1.0;0.666667;3;3;0;0;0;0.0;0.0;0.0;0.0;0.0;0.0;0.000567;0.0004;0.00085;0.00089;0.0009;0.0004;20
baseline_measure_overlap;happy_guided_article_short;Happy – parcours guidé article (c1 → c2 → c3);happy;3;3;1.0;0.666667;3;3;0;0;0;0.0;0.0;0.0;0.0;0.0;0.0;0.010967;0.008;0.01718;0.017996;0.0182;0.00735;20
ablation_no_sat;happy_guided_article_short;Happy – parcours guidé article (c1 → c2 → c3);happy;3;3;1.0;0.666667;3;3;0;0;0;0.0;0.0;0.0;0.0;0.0;0.0;0.288033;0.2812;0.33403;0.338726;0.2812;0.29145;20
ablation_no_real;happy_guided_article_short;Happy – parcours guidé article (c1 → c2 → c3);happy;3;3;1.0;0.666667;3;3;0;0;0;0.0;0.0;0.0;0.0;0.0;0.0;0.2947;0.2853;0.33975;0.34459;0.2853;0.2994;20
ablation_ceval_any_intersection;happy_guided_article_short;Happy – parcours guidé article (c1 → c2 → c3);happy;3;3;1.0;0.666667;3;3;0;0;0;0.0;0.0;0.0;0.0;0.0;0.0;0.2873;0.2755;0.33706;0.342532;0.2755;0.2932;20
baseline_random_matched;happy_guided_article_short;Happy – parcours guidé article (c1 → c2 → c3);happy;3;3;1.0;0.666667;3;3;0;0;0;0.0;0.0;0.0;0.0;0.0;0.0;0.0013;0.0006;0.00258;0.002756;0.0028;0.00055;20
mcad;happy_guided_reordered;Happy – même objectif mais ordre différent (c3 → c1 → c2);happy;3;3;1.0;0.666667;3;3;0;0;0;0.0;0.0;0.0;0.0;0.0;0.0;0.292667;0.2532;0.36759;0.377758;0.3803;0.24885;20
baseline_naive;happy_guided_reordered;Happy – même objectif mais ordre différent (c3 → c1 → c2);happy;3;3;1.0;0.666667;3;3;0;0;0;0.0;0.0;0.0;0.0;0.0;0.0;0.000567;0.0005;0.00086;0.000892;0.0009;0.0004;20
baseline_measure_overlap;happy_guided_reordered;Happy – même objectif mais ordre différent (c3 → c1 → c2);happy;3;3;1.0;0.666667;3;3;0;0;0;0.0;0.0;0.0;0.0;0.0;0.0;0.007267;0.005;0.01193;0.012546;0.0127;0.00455;20
ablation_no_sat;happy_guided_reordered;Happy – même objectif mais ordre différent (c3 → c1 → c2);happy;3;3;1.0;0.666667;3;3;0;0;0;0.0;0.0;0.0;0.0;0.0;0.0;0.302033;0.2856;0.36354;0.370468;0.3722;0.26695;20
ablation_no_real;happy_guided_reordered;Happy – même objectif mais ordre différent (c3 → c1 → c2);happy;3;3;1.0;0.666667;3;3;0;0;0;0.0;0.0;0.0;0.0;0.0;0.0;0.297667;0.2687;0.36536;0.373952;0.3761;0.25845;20
ablation_ceval_any_intersection;happy_guided_reordered;Happy – même objectif mais ordre différent (c3 → c1 → c2);happy;3;3;1.0;0.666667;3;3;0;0;0;0.0;0.0;0.0;0.0;0.0;0.0;0.290133;0.2607;0.35736;0.365952;0.3681;0.25115;20
baseline_random_matched;happy_guided_reordered;Happy – même objectif mais ordre différent (c3 → c1 → c2);happy;3;2;0.666667;0.555556;;;0;1;0;0.0;0.333333;0.0;0.0;0.0;0.0;0.0013;0.0007;0.0025;0.00266;0.0027;0.0006;20
mcad;happy_guided_compact;Happy – parcours compact guidé;happy;3;3;1.0;0.666667;3;3;0;0;0;0.0;0.0;0.0;0.0;0.0;0.0;0.289733;0.2796;0.3309;0.33546;0.2796;0.2948;20
baseline_naive;happy_guided_compact;Happy – parcours compact guidé;happy;3;3;1.0;0.666667;3;3;0;0;0;0.0;0.0;0.0;0.0;0.0;0.0;0.000533;0.0004;0.00085;0.00089;0.0009;0.00035;20
baseline_measure_overlap;happy_guided_compact;Happy – parcours compact guidé;happy;3;3;1.0;0.666667;3;3;0;0;0;0.0;0.0;0.0;0.0;0.0;0.0;0.008967;0.0053;0.01628;0.017256;0.0175;0.0047;20
ablation_no_sat;happy_guided_compact;Happy – parcours compact guidé;happy;3;3;1.0;0.666667;3;3;0;0;0;0.0;0.0;0.0;0.0;0.0;0.0;0.298633;0.3057;0.34179;0.344998;0.3057;0.2951;20
ablation_no_real;happy_guided_compact;Happy – parcours compact guidé;happy;3;3;1.0;0.666667;3;3;0;0;0;0.0;0.0;0.0;0.0;0.0;0.0;0.3412;0.3557;0.36983;0.371086;0.2965;0.36355;20
ablation_ceval_any_intersection;happy_guided_compact;Happy – parcours compact guidé;happy;3;3;1.0;0.666667;3;3;0;0;0;0.0;0.0;0.0;0.0;0.0;0.0;0.2878;0.2801;0.32897;0.333314;0.2801;0.29165;20
baseline_random_matched;happy_guided_compact;Happy – parcours compact guidé;happy;3;1;0.333333;0.111111;;;0;2;0;0.0;0.666667;0.0;0.0;0.0;0.0;0.001333;0.0006;0.00267;0.002854;0.0029;0.00055;20
mcad;border_growth_partial_1998_only;Border – croissance partielle 1998 seulement;border;1;0;0.0;0.0;;;0;0;0;0.0;0.0;0.0;0.0;0.0;1.0;0.3401;0.3401;0.3401;0.3401;0.3401;0.0;20
baseline_naive;border_growth_partial_1998_only;Border – croissance partielle 1998 seulement;border;1;1;0.0;0.0;;;1;0;1;1.0;0.0;1.0;0.0;0.0;0.0;0.0011;0.0011;0.0011;0.0011;0.0011;0.0;20
baseline_measure_overlap;border_growth_partial_1998_only;Border – croissance partielle 1998 seulement;border;1;1;0.0;0.0;;;1;0;1;1.0;0.0;1.0;0.0;0.0;0.0;0.0139;0.0139;0.0139;0.0139;0.0139;0.0;20
ablation_no_sat;border_growth_partial_1998_only;Border – croissance partielle 1998 seulement;border;1;0;0.0;0.0;;;0;0;0;0.0;0.0;0.0;0.0;0.0;1.0;0.3526;0.3526;0.3526;0.3526;0.3526;0.0;20
ablation_no_real;border_growth_partial_1998_only;Border – croissance partielle 1998 seulement;border;1;1;0.0;0.0;;;1;0;1;1.0;0.0;1.0;0.0;0.0;1.0;0.347;0.347;0.347;0.347;0.347;0.0;20
ablation_ceval_any_intersection;border_growth_partial_1998_only;Border – croissance partielle 1998 seulement;border;1;1;0.0;0.0;;;1;0;1;1.0;0.0;1.0;0.0;0.0;0.0;0.3481;0.3481;0.3481;0.3481;0.3481;0.0;20
baseline_random_matched;border_growth_partial_1998_only;Border – croissance partielle 1998 seulement;border;1;1;0.0;0.0;;;1;0;1;1.0;0.0;1.0;0.0;0.0;0.0;0.0025;0.0025;0.0025;0.0025;0.0025;0.0;20
mcad;border_margin_wrong_grain;Border – marge avec grain trop grossier;border;1;0;0.0;0.0;;;0;0;0;0.0;0.0;0.0;1.0;0.0;0.0;0.1981;0.1981;0.1981;0.1981;0.1981;0.0;20
baseline_naive;border_margin_wrong_grain;Border – marge avec grain trop grossier;border;1;1;0.0;0.0;;;1;0;1;1.0;0.0;1.0;0.0;0.0;0.0;0.0012;0.0012;0.0012;0.0012;0.0012;0.0;20
baseline_measure_overlap;border_margin_wrong_grain;Border – marge avec grain trop grossier;border;1;1;0.0;0.0;;;1;0;1;1.0;0.0;1.0;0.0;0.0;0.0;0.017;0.017;0.017;0.017;0.017;0.0;20
ablation_no_sat;border_margin_wrong_grain;Border – marge avec grain trop grossier;border;1;0;0.0;0.0;;;0;0;0;0.0;0.0;0.0;1.0;0.0;0.0;0.2634;0.2634;0.2634;0.2634;0.2634;0.0;20
ablation_no_real;border_margin_wrong_grain;Border – marge avec grain trop grossier;border;1;0;0.0;0.0;;;0;0;0;0.0;0.0;0.0;1.0;0.0;0.0;0.2057;0.2057;0.2057;0.2057;0.2057;0.0;20
ablation_ceval_any_intersection;border_margin_wrong_grain;Border – marge avec grain trop grossier;border;1;0;0.0;0.0;;;0;0;0;0.0;0.0;0.0;1.0;0.0;0.0;0.1979;0.1979;0.1979;0.1979;0.1979;0.0;20
baseline_random_matched;border_margin_wrong_grain;Border – marge avec grain trop grossier;border;1;1;0.0;0.0;;;1;0;1;1.0;0.0;1.0;0.0;0.0;0.0;0.0034;0.0034;0.0034;0.0034;0.0034;0.0;20
mcad;border_stockout_missing_store;Border – rupture sans grain magasin;border;1;0;0.0;0.0;;;0;0;0;0.0;0.0;0.0;1.0;0.0;0.0;0.2082;0.2082;0.2082;0.2082;0.2082;0.0;20
baseline_naive;border_stockout_missing_store;Border – rupture sans grain magasin;border;1;1;0.0;0.0;;;1;0;1;1.0;0.0;1.0;0.0;0.0;0.0;0.0012;0.0012;0.0012;0.0012;0.0012;0.0;20
baseline_measure_overlap;border_stockout_missing_store;Border – rupture sans grain magasin;border;1;1;0.0;0.0;;;1;0;1;1.0;0.0;1.0;0.0;0.0;0.0;0.013;0.013;0.013;0.013;0.013;0.0;20
ablation_no_sat;border_stockout_missing_store;Border – rupture sans grain magasin;border;1;0;0.0;0.0;;;0;0;0;0.0;0.0;0.0;1.0;0.0;0.0;0.2631;0.2631;0.2631;0.2631;0.2631;0.0;20
ablation_no_real;border_stockout_missing_store;Border – rupture sans grain magasin;border;1;0;0.0;0.0;;;0;0;0;0.0;0.0;0.0;1.0;0.0;0.0;0.2051;0.2051;0.2051;0.2051;0.2051;0.0;20
ablation_ceval_any_intersection;border_stockout_missing_store;Border – rupture sans grain magasin;border;1;0;0.0;0.0;;;0;0;0;0.0;0.0;0.0;1.0;0.0;0.0;0.1979;0.1979;0.1979;0.1979;0.1979;0.0;20
baseline_random_matched;border_stockout_missing_store;Border – rupture sans grain magasin;border;1;0;0.0;0.0;;;0;0;0;0.0;0.0;0.0;0.0;0.0;0.0;0.0024;0.0024;0.0024;0.0024;0.0024;0.0;20
mcad;adversarial_wrong_region;Adversarial – bonne mesure mais mauvaise région;adversarial;1;0;0.0;0.0;;;0;0;0;0.0;0.0;0.0;1.0;0.0;0.0;0.1701;0.1701;0.1701;0.1701;0.1701;0.0;20
baseline_naive;adversarial_wrong_region;Adversarial – bonne mesure mais mauvaise région;adversarial;1;1;0.0;0.0;;;1;0;1;1.0;0.0;1.0;0.0;0.0;0.0;0.0012;0.0012;0.0012;0.0012;0.0012;0.0;20
baseline_measure_overlap;adversarial_wrong_region;Adversarial – bonne mesure mais mauvaise région;adversarial;1;1;0.0;0.0;;;1;0;1;1.0;0.0;1.0;0.0;0.0;0.0;0.0194;0.0194;0.0194;0.0194;0.0194;0.0;20
ablation_no_sat;adversarial_wrong_region;Adversarial – bonne mesure mais mauvaise région;adversarial;1;0;0.0;0.0;;;0;0;0;0.0;0.0;0.0;1.0;0.0;0.0;0.3435;0.3435;0.3435;0.3435;0.3435;0.0;20
ablation_no_real;adversarial_wrong_region;Adversarial – bonne mesure mais mauvaise région;adversarial;1;0;0.0;0.0;;;0;0;0;0.0;0.0;0.0;1.0;0.0;0.0;0.1883;0.1883;0.1883;0.1883;0.1883;0.0;20
ablation_ceval_any_intersection;adversarial_wrong_region;Adversarial – bonne mesure mais mauvaise région;adversarial;1;0;0.0;0.0;;;0;0;0;0.0;0.0;0.0;1.0;0.0;0.0;0.1736;0.1736;0.1736;0.1736;0.1736;0.0;20
baseline_random_matched;adversarial_wrong_region;Adversarial – bonne mesure mais mauvaise région;adversarial;1;0;0.0;0.0;;;0;0;0;0.0;0.0;0.0;0.0;0.0;0.0;0.0032;0.0032;0.0032;0.0032;0.0032;0.0;20
mcad;adversarial_wrong_year;Adversarial – bonne structure mais mauvaise année;adversarial;1;0;0.0;0.0;;;0;0;0;0.0;0.0;0.0;1.0;0.0;0.0;0.1664;0.1664;0.1664;0.1664;0.1664;0.0;20
baseline_naive;adversarial_wrong_year;Adversarial – bonne structure mais mauvaise année;adversarial;1;1;0.0;0.0;;;1;0;1;1.0;0.0;1.0;0.0;0.0;0.0;0.001;0.001;0.001;0.001;0.001;0.0;20
baseline_measure_overlap;adversarial_wrong_year;Adversarial – bonne structure mais mauvaise année;adversarial;1;1;0.0;0.0;;;1;0;1;1.0;0.0;1.0;0.0;0.0;0.0;0.0137;0.0137;0.0137;0.0137;0.0137;0.0;20
ablation_no_sat;adversarial_wrong_year;Adversarial – bonne structure mais mauvaise année;adversarial;1;0;0.0;0.0;;;0;0;0;0.0;0.0;0.0;1.0;0.0;0.0;0.1923;0.1923;0.1923;0.1923;0.1923;0.0;20
ablation_no_real;adversarial_wrong_year;Adversarial – bonne structure mais mauvaise année;adversarial;1;0;0.0;0.0;;;0;0;0;0.0;0.0;0.0;1.0;0.0;0.0;0.1728;0.1728;0.1728;0.1728;0.1728;0.0;20
ablation_ceval_any_intersection;adversarial_wrong_year;Adversarial – bonne structure mais mauvaise année;adversarial;1;0;0.0;0.0;;;0;0;0;0.0;0.0;0.0;1.0;0.0;0.0;0.1618;0.1618;0.1618;0.1618;0.1618;0.0;20
baseline_random_matched;adversarial_wrong_year;Adversarial – bonne structure mais mauvaise année;adversarial;1;1;0.0;0.0;;;1;0;1;1.0;0.0;1.0;0.0;0.0;0.0;0.0028;0.0028;0.0028;0.0028;0.0028;0.0;20
mcad;adversarial_invalid_no_measures;Adversarial – requête invalide sans mesure;adversarial;1;0;0.0;0.0;;;0;0;0;0.0;0.0;0.0;1.0;0.0;0.0;0.1081;0.1081;0.1081;0.1081;0.1081;0.0;20
baseline_naive;adversarial_invalid_no_measures;Adversarial – requête invalide sans mesure;adversarial;1;1;0.0;0.0;;;1;0;1;1.0;0.0;1.0;0.0;0.0;0.0;0.001;0.001;0.001;0.001;0.001;0.0;20
baseline_measure_overlap;adversarial_invalid_no_measures;Adversarial – requête invalide sans mesure;adversarial;1;0;0.0;0.0;;;0;0;0;0.0;0.0;0.0;0.0;0.0;0.0;0.0165;0.0165;0.0165;0.0165;0.0165;0.0;20
ablation_no_sat;adversarial_invalid_no_measures;Adversarial – requête invalide sans mesure;adversarial;1;0;0.0;0.0;;;0;0;0;0.0;0.0;0.0;1.0;0.0;0.0;0.1043;0.1043;0.1043;0.1043;0.1043;0.0;20
ablation_no_real;adversarial_invalid_no_measures;Adversarial – requête invalide sans mesure;adversarial;1;0;0.0;0.0;;;0;0;0;0.0;0.0;0.0;1.0;0.0;0.0;0.0911;0.0911;0.0911;0.0911;0.0911;0.0;20
ablation_ceval_any_intersection;adversarial_invalid_no_measures;Adversarial – requête invalide sans mesure;adversarial;1;0;0.0;0.0;;;0;0;0;0.0;0.0;0.0;1.0;0.0;0.0;0.0761;0.0761;0.0761;0.0761;0.0761;0.0;20
baseline_random_matched;adversarial_invalid_no_measures;Adversarial – requête invalide sans mesure;adversarial;1;1;0.0;0.0;;;1;0;1;1.0;0.0;1.0;0.0;0.0;0.0;0.0031;0.0031;0.0031;0.0031;0.0031;0.0;20
mcad;stress_exploratory_then_useful;Stress – bruit exploratoire avant requête utile;stress;3;1;0.333333;0.111111;;;0;0;0;0.0;0.0;0.0;0.666667;0.0;0.0;0.310867;0.3269;0.37703;0.381486;0.3269;0.30285;20
baseline_naive;stress_exploratory_then_useful;Stress – bruit exploratoire avant requête utile;stress;3;3;0.333333;0.111111;;;2;0;2;0.666667;0.0;0.666667;0.0;0.0;0.0;0.000667;0.0005;0.00113;0.001186;0.0012;0.0004;20
baseline_measure_overlap;stress_exploratory_then_useful;Stress – bruit exploratoire avant requête utile;stress;3;3;0.333333;0.111111;;;2;0;2;0.666667;0.0;0.666667;0.0;0.0;0.0;0.008133;0.0053;0.01412;0.014904;0.0151;0.00465;20
ablation_no_sat;stress_exploratory_then_useful;Stress – bruit exploratoire avant requête utile;stress;3;1;0.333333;0.111111;;;0;0;0;0.0;0.0;0.0;0.666667;0.0;0.0;0.245533;0.2475;0.30861;0.314042;0.3154;0.2106;20
ablation_no_real;stress_exploratory_then_useful;Stress – bruit exploratoire avant requête utile;stress;3;1;0.333333;0.111111;;;0;0;0;0.0;0.0;0.0;0.666667;0.0;0.0;0.2129;0.2093;0.27491;0.280742;0.2093;0.2147;20
ablation_ceval_any_intersection;stress_exploratory_then_useful;Stress – bruit exploratoire avant requête utile;stress;3;1;0.333333;0.111111;;;0;0;0;0.0;0.0;0.0;0.666667;0.0;0.0;0.2003;0.1977;0.25152;0.256304;0.1977;0.2016;20
baseline_random_matched;stress_exploratory_then_useful;Stress – bruit exploratoire avant requête utile;stress;3;2;0.0;0.0;;;2;1;2;0.666667;0.333333;1.0;0.0;0.0;0.0;0.001333;0.0007;0.00259;0.002758;0.0028;0.0006;20
mcad;happy_guided_article_short;Happy – parcours guidé article (c1 → c2 → c3);happy;3;3;1.0;0.666667;3;3;0;0;0;0.0;0.0;0.0;0.0;0.0;0.0;0.286;0.2821;0.32638;0.330316;0.2821;0.28795;21
baseline_naive;happy_guided_article_short;Happy – parcours guidé article (c1 → c2 → c3);happy;3;3;1.0;0.666667;3;3;0;0;0;0.0;0.0;0.0;0.0;0.0;0.0;0.000733;0.0006;0.00114;0.001188;0.0012;0.0005;21
baseline_measure_overlap;happy_guided_article_short;Happy – parcours guidé article (c1 → c2 → c3);happy;3;3;1.0;0.666667;3;3;0;0;0;0.0;0.0;0.0;0.0;0.0;0.0;0.008167;0.0054;0.01368;0.014416;0.0146;0.00495;21
ablation_no_sat;happy_guided_article_short;Happy – parcours guidé article (c1 → c2 → c3);happy;3;3;1.0;0.666667;3;3;0;0;0;0.0;0.0;0.0;0.0;0.0;0.0;0.290233;0.2828;0.33302;0.337484;0.2828;0.29395;21
ablation_no_real;happy_guided_article_short;Happy – parcours guidé article (c1 → c2 → c3);happy;3;3;1.0;0.666667;3;3;0;0;0;0.0;0.0;0.0;0.0;0.0;0.0;0.294633;0.2841;0.34197;0.347114;0.2841;0.2999;21
ablation_ceval_any_intersection;happy_guided_article_short;Happy – parcours guidé article (c1 → c2 → c3);happy;3;3;1.0;0.666667;3;3;0;0;0;0.0;0.0;0.0;0.0;0.0;0.0;0.283367;0.2718;0.33057;0.335794;0.2718;0.28915;21
baseline_random_matched;happy_guided_article_short;Happy – parcours guidé article (c1 → c2 → c3);happy;3;1;0.333333;0.333333;;;0;2;0;0.0;0.666667;0.0;0.0;0.0;0.0;0.0014;0.0007;0.00277;0.002954;0.003;0.0006;21
mcad;happy_guided_reordered;Happy – même objectif mais ordre différent (c3 → c1 → c2);happy;3;3;1.0;0.666667;3;3;0;0;0;0.0;0.0;0.0;0.0;0.0;0.0;0.284733;0.2474;0.35351;0.362942;0.3653;0.24445;21
baseline_naive;happy_guided_reordered;Happy – même objectif mais ordre différent (c3 → c1 → c2);happy;3;3;1.0;0.666667;3;3;0;0;0;0.0;0.0;0.0;0.0;0.0;0.0;0.0009;0.0007;0.00133;0.001386;0.0014;0.00065;21
baseline_measure_overlap;happy_guided_reordered;Happy – même objectif mais ordre différent (c3 → c1 → c2);happy;3;3;1.0;0.666667;3;3;0;0;0;0.0;0.0;0.0;0.0;0.0;0.0;0.0077;0.0052;0.01249;0.013138;0.0133;0.0049;21
ablation_no_sat;happy_guided_reordered;Happy – même objectif mais ordre différent (c3 → c1 → c2);happy;3;3;1.0;0.666667;3;3;0;0;0;0.0;0.0;0.0;0.0;0.0;0.0;0.309833;0.2613;0.41025;0.42349;0.4268;0.25135;21
ablation_no_real;happy_guided_reordered;Happy – même objectif mais ordre différent (c3 → c1 → c2);happy;3;3;1.0;0.666667;3;3;0;0;0;0.0;0.0;0.0;0.0;0.0;0.0;0.338967;0.3237;0.42603;0.435126;0.4374;0.28975;21
ablation_ceval_any_intersection;happy_guided_reordered;Happy – même objectif mais ordre différent (c3 → c1 → c2);happy;3;3;1.0;0.666667;3;3;0;0;0;0.0;0.0;0.0;0.0;0.0;0.0;0.283533;0.2532;0.34977;0.358354;0.3605;0.24505;21
baseline_random_matched;happy_guided_reordered;Happy – même objectif mais ordre différent (c3 → c1 → c2);happy;3;1;0.333333;0.111111;;;0;2;0;0.0;0.666667;0.0;0.0;0.0;0.0;0.0013;0.0006;0.00267;0.002854;0.0029;0.0005;21
mcad;happy_guided_compact;Happy – parcours compact guidé;happy;3;3;1.0;0.666667;3;3;0;0;0;0.0;0.0;0.0;0.0;0.0;0.0;0.287633;0.2891;0.32951;0.333102;0.2891;0.2869;21
baseline_naive;happy_guided_compact;Happy – parcours compact guidé;happy;3;3;1.0;0.666667;3;3;0;0;0;0.0;0.0;0.0;0.0;0.0;0.0;0.000867;0.0007;0.00124;0.001288;0.0013;0.00065;21
baseline_measure_overlap;happy_guided_compact;Happy – parcours compact guidé;happy;3;3;1.0;0.666667;3;3;0;0;0;0.0;0.0;0.0;0.0;0.0;0.0;0.0076;0.0054;0.01224;0.012848;0.013;0.0049;21
ablation_no_sat;happy_guided_compact;Happy – parcours compact guidé;happy;3;3;1.0;0.666667;3;3;0;0;0;0.0;0.0;0.0;0.0;0.0;0.0;0.288933;0.2806;0.34054;0.345868;0.2806;0.2931;21
ablation_no_real;happy_guided_compact;Happy – parcours compact guidé;happy;3;3;1.0;0.666667;3;3;0;0;0;0.0;0.0;0.0;0.0;0.0;0.0;0.293333;0.2816;0.34316;0.348632;0.2816;0.2992;21
ablation_ceval_any_intersection;happy_guided_compact;Happy – parcours compact guidé;happy;3;3;1.0;0.666667;3;3;0;0;0;0.0;0.0;0.0;0.0;0.0;0.0;0.301233;0.3101;0.34376;0.346752;0.3101;0.2968;21
baseline_random_matched;happy_guided_compact;Happy – parcours compact guidé;happy;3;2;0.666667;0.444444;;;0;1;0;0.0;0.333333;0.0;0.0;0.0;0.0;0.001367;0.0007;0.00268;0.002856;0.0029;0.0006;21
mcad;border_growth_partial_1998_only;Border – croissance partielle 1998 seulement;border;1;0;0.0;0.0;;;0;0;0;0.0;0.0;0.0;0.0;0.0;1.0;0.3566;0.3566;0.3566;0.3566;0.3566;0.0;21
baseline_naive;border_growth_partial_1998_only;Border – croissance partielle 1998 seulement;border;1;1;0.0;0.0;;;1;0;1;1.0;0.0;1.0;0.0;0.0;0.0;0.0013;0.0013;0.0013;0.0013;0.0013;0.0;21
baseline_measure_overlap;border_growth_partial_1998_only;Border – croissance partielle 1998 seulement;border;1;1;0.0;0.0;;;1;0;1;1.0;0.0;1.0;0.0;0.0;0.0;0.0139;0.0139;0.0139;0.0139;0.0139;0.0;21
ablation_no_sat;border_growth_partial_1998_only;Border – croissance partielle 1998 seulement;border;1;0;0.0;0.0;;;0;0;0;0.0;0.0;0.0;0.0;0.0;1.0;0.3513;0.3513;0.3513;0.3513;0.3513;0.0;21
ablation_no_real;border_growth_partial_1998_only;Border – croissance partielle 1998 seulement;border;1;1;0.0;0.0;;;1;0;1;1.0;0.0;1.0;0.0;0.0;1.0;0.3512;0.3512;0.3512;0.3512;0.3512;0.0;21
ablation_ceval_any_intersection;border_growth_partial_1998_only;Border – croissance partielle 1998 seulement;border;1;1;0.0;0.0;;;1;0;1;1.0;0.0;1.0;0.0;0.0;0.0;0.3347;0.3347;0.3347;0.3347;0.3347;0.0;21
baseline_random_matched;border_growth_partial_1998_only;Border – croissance partielle 1998 seulement;border;1;0;0.0;0.0;;;0;0;0;0.0;0.0;0.0;0.0;0.0;0.0;0.0029;0.0029;0.0029;0.0029;0.0029;0.0;21
mcad;border_margin_wrong_grain;Border – marge avec grain trop grossier;border;1;0;0.0;0.0;;;0;0;0;0.0;0.0;0.0;1.0;0.0;0.0;0.1951;0.1951;0.1951;0.1951;0.1951;0.0;21
baseline_naive;border_margin_wrong_grain;Border – marge avec grain trop grossier;border;1;1;0.0;0.0;;;1;0;1;1.0;0.0;1.0;0.0;0.0;0.0;0.001;0.001;0.001;0.001;0.001;0.0;21
baseline_measure_overlap;border_margin_wrong_grain;Border – marge avec grain trop grossier;border;1;1;0.0;0.0;;;1;0;1;1.0;0.0;1.0;0.0;0.0;0.0;0.0184;0.0184;0.0184;0.0184;0.0184;0.0;21
ablation_no_sat;border_margin_wrong_grain;Border – marge avec grain trop grossier;border;1;0;0.0;0.0;;;0;0;0;0.0;0.0;0.0;1.0;0.0;0.0;0.3025;0.3025;0.3025;0.3025;0.3025;0.0;21
ablation_no_real;border_margin_wrong_grain;Border – marge avec grain trop grossier;border;1;0;0.0;0.0;;;0;0;0;0.0;0.0;0.0;1.0;0.0;0.0;0.2055;0.2055;0.2055;0.2055;0.2055;0.0;21
ablation_ceval_any_intersection;border_margin_wrong_grain;Border – marge avec grain trop grossier;border;1;0;0.0;0.0;;;0;0;0;0.0;0.0;0.0;1.0;0.0;0.0;0.1956;0.1956;0.1956;0.1956;0.1956;0.0;21
baseline_random_matched;border_margin_wrong_grain;Border – marge avec grain trop grossier;border;1;0;0.0;0.0;;;0;0;0;0.0;0.0;0.0;0.0;0.0;0.0;0.0032;0.0032;0.0032;0.0032;0.0032;0.0;21
mcad;border_stockout_missing_store;Border – rupture sans grain magasin;border;1;0;0.0;0.0;;;0;0;0;0.0;0.0;0.0;1.0;0.0;0.0;0.1932;0.1932;0.1932;0.1932;0.1932;0.0;21
baseline_naive;border_stockout_missing_store;Border – rupture sans grain magasin;border;1;1;0.0;0.0;;;1;0;1;1.0;0.0;1.0;0.0;0.0;0.0;0.001;0.001;0.001;0.001;0.001;0.0;21
baseline_measure_overlap;border_stockout_missing_store;Border – rupture sans grain magasin;border;1;1;0.0;0.0;;;1;0;1;1.0;0.0;1.0;0.0;0.0;0.0;0.0158;0.0158;0.0158;0.0158;0.0158;0.0;21
ablation_no_sat;border_stockout_missing_store;Border – rupture sans grain magasin;border;1;0;0.0;0.0;;;0;0;0;0.0;0.0;0.0;1.0;0.0;0.0;0.3178;0.3178;0.3178;0.3178;0.3178;0.0;21
ablation_no_real;border_stockout_missing_store;Border – rupture sans grain magasin;border;1;0;0.0;0.0;;;0;0;0;0.0;0.0;0.0;1.0;0.0;0.0;0.2391;0.2391;0.2391;0.2391;0.2391;0.0;21
ablation_ceval_any_intersection;border_stockout_missing_store;Border – rupture sans grain magasin;border;1;0;0.0;0.0;;;0;0;0;0.0;0.0;0.0;1.0;0.0;0.0;0.2001;0.2001;0.2001;0.2001;0.2001;0.0;21
baseline_random_matched;border_stockout_missing_store;Border – rupture sans grain magasin;border;1;1;0.0;0.0;;;1;0;1;1.0;0.0;1.0;0.0;0.0;0.0;0.003;0.003;0.003;0.003;0.003;0.0;21
mcad;adversarial_wrong_region;Adversarial – bonne mesure mais mauvaise région;adversarial;1;0;0.0;0.0;;;0;0;0;0.0;0.0;0.0;1.0;0.0;0.0;0.266;0.266;0.266;0.266;0.266;0.0;21
baseline_naive;adversarial_wrong_region;Adversarial – bonne mesure mais mauvaise région;adversarial;1;1;0.0;0.0;;;1;0;1;1.0;0.0;1.0;0.0;0.0;0.0;0.0009;0.0009;0.0009;0.0009;0.0009;0.0;21
baseline_measure_overlap;adversarial_wrong_region;Adversarial – bonne mesure mais mauvaise région;adversarial;1;1;0.0;0.0;;;1;0;1;1.0;0.0;1.0;0.0;0.0;0.0;0.0137;0.0137;0.0137;0.0137;0.0137;0.0;21
ablation_no_sat;adversarial_wrong_region;Adversarial – bonne mesure mais mauvaise région;adversarial;1;0;0.0;0.0;;;0;0;0;0.0;0.0;0.0;1.0;0.0;0.0;0.2127;0.2127;0.2127;0.2127;0.2127;0.0;21
ablation_no_real;adversarial_wrong_region;Adversarial – bonne mesure mais mauvaise région;adversarial;1;0;0.0;0.0;;;0;0;0;0.0;0.0;0.0;1.0;0.0;0.0;0.1776;0.1776;0.1776;0.1776;0.1776;0.0;21
ablation_ceval_any_intersection;adversarial_wrong_region;Adversarial – bonne mesure mais mauvaise région;adversarial;1;0;0.0;0.0;;;0;0;0;0.0;0.0;0.0;1.0;0.0;0.0;0.1793;0.1793;0.1793;0.1793;0.1793;0.0;21
baseline_random_matched;adversarial_wrong_region;Adversarial – bonne mesure mais mauvaise région;adversarial;1;0;0.0;0.0;;;0;0;0;0.0;0.0;0.0;0.0;0.0;0.0;0.003;0.003;0.003;0.003;0.003;0.0;21
mcad;adversarial_wrong_year;Adversarial – bonne structure mais mauvaise année;adversarial;1;0;0.0;0.0;;;0;0;0;0.0;0.0;0.0;1.0;0.0;0.0;0.282;0.282;0.282;0.282;0.282;0.0;21
baseline_naive;adversarial_wrong_year;Adversarial – bonne structure mais mauvaise année;adversarial;1;1;0.0;0.0;;;1;0;1;1.0;0.0;1.0;0.0;0.0;0.0;0.0015;0.0015;0.0015;0.0015;0.0015;0.0;21
baseline_measure_overlap;adversarial_wrong_year;Adversarial – bonne structure mais mauvaise année;adversarial;1;1;0.0;0.0;;;1;0;1;1.0;0.0;1.0;0.0;0.0;0.0;0.0191;0.0191;0.0191;0.0191;0.0191;0.0;21
ablation_no_sat;adversarial_wrong_year;Adversarial – bonne structure mais mauvaise année;adversarial;1;0;0.0;0.0;;;0;0;0;0.0;0.0;0.0;1.0;0.0;0.0;0.2129;0.2129;0.2129;0.2129;0.2129;0.0;21
ablation_no_real;adversarial_wrong_year;Adversarial – bonne structure mais mauvaise année;adversarial;1;0;0.0;0.0;;;0;0;0;0.0;0.0;0.0;1.0;0.0;0.0;0.1839;0.1839;0.1839;0.1839;0.1839;0.0;21
ablation_ceval_any_intersection;adversarial_wrong_year;Adversarial – bonne structure mais mauvaise année;adversarial;1;0;0.0;0.0;;;0;0;0;0.0;0.0;0.0;1.0;0.0;0.0;0.2549;0.2549;0.2549;0.2549;0.2549;0.0;21
baseline_random_matched;adversarial_wrong_year;Adversarial – bonne structure mais mauvaise année;adversarial;1;1;0.0;0.0;;;1;0;1;1.0;0.0;1.0;0.0;0.0;0.0;0.0036;0.0036;0.0036;0.0036;0.0036;0.0;21
mcad;adversarial_invalid_no_measures;Adversarial – requête invalide sans mesure;adversarial;1;0;0.0;0.0;;;0;0;0;0.0;0.0;0.0;1.0;0.0;0.0;0.0778;0.0778;0.0778;0.0778;0.0778;0.0;21
baseline_naive;adversarial_invalid_no_measures;Adversarial – requête invalide sans mesure;adversarial;1;1;0.0;0.0;;;1;0;1;1.0;0.0;1.0;0.0;0.0;0.0;0.0011;0.0011;0.0011;0.0011;0.0011;0.0;21
baseline_measure_overlap;adversarial_invalid_no_measures;Adversarial – requête invalide sans mesure;adversarial;1;0;0.0;0.0;;;0;0;0;0.0;0.0;0.0;0.0;0.0;0.0;0.014;0.014;0.014;0.014;0.014;0.0;21
ablation_no_sat;adversarial_invalid_no_measures;Adversarial – requête invalide sans mesure;adversarial;1;0;0.0;0.0;;;0;0;0;0.0;0.0;0.0;1.0;0.0;0.0;0.0921;0.0921;0.0921;0.0921;0.0921;0.0;21
ablation_no_real;adversarial_invalid_no_measures;Adversarial – requête invalide sans mesure;adversarial;1;0;0.0;0.0;;;0;0;0;0.0;0.0;0.0;1.0;0.0;0.0;0.081;0.081;0.081;0.081;0.081;0.0;21
ablation_ceval_any_intersection;adversarial_invalid_no_measures;Adversarial – requête invalide sans mesure;adversarial;1;0;0.0;0.0;;;0;0;0;0.0;0.0;0.0;1.0;0.0;0.0;0.0734;0.0734;0.0734;0.0734;0.0734;0.0;21
baseline_random_matched;adversarial_invalid_no_measures;Adversarial – requête invalide sans mesure;adversarial;1;0;0.0;0.0;;;0;0;0;0.0;0.0;0.0;0.0;0.0;0.0;0.0031;0.0031;0.0031;0.0031;0.0031;0.0;21
mcad;stress_exploratory_then_useful;Stress – bruit exploratoire avant requête utile;stress;3;1;0.333333;0.111111;;;0;0;0;0.0;0.0;0.0;0.666667;0.0;0.0;0.2013;0.2056;0.24673;0.250386;0.2056;0.19915;21
baseline_naive;stress_exploratory_then_useful;Stress – bruit exploratoire avant requête utile;stress;3;3;0.333333;0.111111;;;2;0;2;0.666667;0.0;0.666667;0.0;0.0;0.0;0.000567;0.0004;0.00094;0.000988;0.001;0.00035;21
baseline_measure_overlap;stress_exploratory_then_useful;Stress – bruit exploratoire avant requête utile;stress;3;3;0.333333;0.111111;;;2;0;2;0.666667;0.0;0.666667;0.0;0.0;0.0;0.007633;0.005;0.01301;0.013722;0.0139;0.0045;21
ablation_no_sat;stress_exploratory_then_useful;Stress – bruit exploratoire avant requête utile;stress;3;1;0.333333;0.111111;;;0;0;0;0.0;0.0;0.0;0.666667;0.0;0.0;0.221033;0.2368;0.24445;0.24513;0.2368;0.21315;21
ablation_no_real;stress_exploratory_then_useful;Stress – bruit exploratoire avant requête utile;stress;3;1;0.333333;0.111111;;;0;0;0;0.0;0.0;0.0;0.666667;0.0;0.0;0.385633;0.3897;0.48087;0.488974;0.3897;0.3836;21
ablation_ceval_any_intersection;stress_exploratory_then_useful;Stress – bruit exploratoire avant requête utile;stress;3;1;0.333333;0.111111;;;0;0;0;0.0;0.0;0.0;0.666667;0.0;0.0;0.3274;0.3317;0.41648;0.424016;0.3317;0.32525;21
baseline_random_matched;stress_exploratory_then_useful;Stress – bruit exploratoire avant requête utile;stress;3;1;0.333333;0.111111;;;0;0;0;0.0;0.0;0.0;0.0;0.0;0.0;0.002233;0.0007;0.00502;0.005404;0.0055;0.0006;21
mcad;happy_guided_article_short;Happy – parcours guidé article (c1 → c2 → c3);happy;3;3;1.0;0.666667;3;3;0;0;0;0.0;0.0;0.0;0.0;0.0;0.0;0.294467;0.305;0.33083;0.333126;0.305;0.2892;22
baseline_naive;happy_guided_article_short;Happy – parcours guidé article (c1 → c2 → c3);happy;3;3;1.0;0.666667;3;3;0;0;0;0.0;0.0;0.0;0.0;0.0;0.0;0.0006;0.0004;0.00103;0.001086;0.0011;0.00035;22
baseline_measure_overlap;happy_guided_article_short;Happy – parcours guidé article (c1 → c2 → c3);happy;3;3;1.0;0.666667;3;3;0;0;0;0.0;0.0;0.0;0.0;0.0;0.0;0.008133;0.0055;0.01351;0.014222;0.0144;0.005;22
ablation_no_sat;happy_guided_article_short;Happy – parcours guidé article (c1 → c2 → c3);happy;3;3;1.0;0.666667;3;3;0;0;0;0.0;0.0;0.0;0.0;0.0;0.0;0.293667;0.2834;0.3248;0.32848;0.2834;0.2988;22
ablation_no_real;happy_guided_article_short;Happy – parcours guidé article (c1 → c2 → c3);happy;3;3;1.0;0.666667;3;3;0;0;0;0.0;0.0;0.0;0.0;0.0;0.0;0.2952;0.2884;0.33286;0.336812;0.2884;0.2986;22
ablation_ceval_any_intersection;happy_guided_article_short;Happy – parcours guidé article (c1 → c2 → c3);happy;3;3;1.0;0.666667;3;3;0;0;0;0.0;0.0;0.0;0.0;0.0;0.0;0.489167;0.4675;0.55381;0.561482;0.4675;0.5;22
baseline_random_matched;happy_guided_article_short;Happy – parcours guidé article (c1 → c2 → c3);happy;3;2;0.666667;0.333333;;;0;1;0;0.0;0.333333;0.0;0.0;0.0;0.0;0.0014;0.0006;0.00294;0.003148;0.0032;0.0005;22
mcad;happy_guided_reordered;Happy – même objectif mais ordre différent (c3 → c1 → c2);happy;3;3;1.0;0.666667;3;3;0;0;0;0.0;0.0;0.0;0.0;0.0;0.0;0.292633;0.2491;0.37447;0.385614;0.3884;0.24475;22
baseline_naive;happy_guided_reordered;Happy – même objectif mais ordre différent (c3 → c1 → c2);happy;3;3;1.0;0.666667;3;3;0;0;0;0.0;0.0;0.0;0.0;0.0;0.0;0.000867;0.0008;0.00134;0.001388;0.0014;0.0006;22
baseline_measure_overlap;happy_guided_reordered;Happy – même objectif mais ordre différent (c3 → c1 → c2);happy;3;3;1.0;0.666667;3;3;0;0;0;0.0;0.0;0.0;0.0;0.0;0.0;0.0138;0.0093;0.02289;0.024098;0.0244;0.0085;22
ablation_no_sat;happy_guided_reordered;Happy – même objectif mais ordre différent (c3 → c1 → c2);happy;3;3;1.0;0.666667;3;3;0;0;0;0.0;0.0;0.0;0.0;0.0;0.0;0.580633;0.5225;0.71231;0.729182;0.7334;0.50425;22
ablation_no_real;happy_guided_reordered;Happy – même objectif mais ordre différent (c3 → c1 → c2);happy;3;3;1.0;0.666667;3;3;0;0;0;0.0;0.0;0.0;0.0;0.0;0.0;0.539667;0.4548;0.69159;0.712638;0.7179;0.45055;22
ablation_ceval_any_intersection;happy_guided_reordered;Happy – même objectif mais ordre différent (c3 → c1 → c2);happy;3;3;1.0;0.666667;3;3;0;0;0;0.0;0.0;0.0;0.0;0.0;0.0;1.1995;0.6535;2.32273;2.471106;0.6535;1.4725;22
baseline_random_matched;happy_guided_reordered;Happy – même objectif mais ordre différent (c3 → c1 → c2);happy;3;1;0.333333;0.111111;;;0;2;0;0.0;0.666667;0.0;0.0;0.0;0.0;0.0014;0.0007;0.00277;0.002954;0.003;0.0006;22
mcad;happy_guided_compact;Happy – parcours compact guidé;happy;3;3;1.0;0.666667;3;3;0;0;0;0.0;0.0;0.0;0.0;0.0;0.0;0.494767;0.4701;0.58125;0.59113;0.4701;0.5071;22
baseline_naive;happy_guided_compact;Happy – parcours compact guidé;happy;3;3;1.0;0.666667;3;3;0;0;0;0.0;0.0;0.0;0.0;0.0;0.0;0.0006;0.0005;0.00095;0.00099;0.001;0.0004;22
baseline_measure_overlap;happy_guided_compact;Happy – parcours compact guidé;happy;3;3;1.0;0.666667;3;3;0;0;0;0.0;0.0;0.0;0.0;0.0;0.0;0.007867;0.0052;0.0133;0.01402;0.0142;0.0047;22
ablation_no_sat;happy_guided_compact;Happy – parcours compact guidé;happy;3;3;1.0;0.666667;3;3;0;0;0;0.0;0.0;0.0;0.0;0.0;0.0;0.5854;0.5226;0.72951;0.747902;0.5226;0.6168;22
ablation_no_real;happy_guided_compact;Happy – parcours compact guidé;happy;3;3;1.0;0.666667;3;3;0;0;0;0.0;0.0;0.0;0.0;0.0;0.0;0.305533;0.2915;0.3581;0.36402;0.2915;0.31255;22
ablation_ceval_any_intersection;happy_guided_compact;Happy – parcours compact guidé;happy;3;3;1.0;0.666667;3;3;0;0;0;0.0;0.0;0.0;0.0;0.0;0.0;0.2856;0.2761;0.33379;0.338918;0.2761;0.29035;22
baseline_random_matched;happy_guided_compact;Happy – parcours compact guidé;happy;3;3;1.0;0.666667;3;3;0;0;0;0.0;0.0;0.0;0.0;0.0;0.0;0.001967;0.0009;0.00387;0.004134;0.0042;0.00085;22
mcad;border_growth_partial_1998_only;Border – croissance partielle 1998 seulement;border;1;0;0.0;0.0;;;0;0;0;0.0;0.0;0.0;0.0;0.0;1.0;0.3407;0.3407;0.3407;0.3407;0.3407;0.0;22
baseline_naive;border_growth_partial_1998_only;Border – croissance partielle 1998 seulement;border;1;1;0.0;0.0;;;1;0;1;1.0;0.0;1.0;0.0;0.0;0.0;0.001;0.001;0.001;0.001;0.001;0.0;22
baseline_measure_overlap;border_growth_partial_1998_only;Border – croissance partielle 1998 seulement;border;1;1;0.0;0.0;;;1;0;1;1.0;0.0;1.0;0.0;0.0;0.0;0.0143;0.0143;0.0143;0.0143;0.0143;0.0;22
ablation_no_sat;border_growth_partial_1998_only;Border – croissance partielle 1998 seulement;border;1;0;0.0;0.0;;;0;0;0;0.0;0.0;0.0;0.0;0.0;1.0;0.3636;0.3636;0.3636;0.3636;0.3636;0.0;22
ablation_no_real;border_growth_partial_1998_only;Border – croissance partielle 1998 seulement;border;1;1;0.0;0.0;;;1;0;1;1.0;0.0;1.0;0.0;0.0;1.0;0.3453;0.3453;0.3453;0.3453;0.3453;0.0;22
ablation_ceval_any_intersection;border_growth_partial_1998_only;Border – croissance partielle 1998 seulement;border;1;1;0.0;0.0;;;1;0;1;1.0;0.0;1.0;0.0;0.0;0.0;0.6114;0.6114;0.6114;0.6114;0.6114;0.0;22
baseline_random_matched;border_growth_partial_1998_only;Border – croissance partielle 1998 seulement;border;1;0;0.0;0.0;;;0;0;0;0.0;0.0;0.0;0.0;0.0;0.0;0.0037;0.0037;0.0037;0.0037;0.0037;0.0;22
mcad;border_margin_wrong_grain;Border – marge avec grain trop grossier;border;1;0;0.0;0.0;;;0;0;0;0.0;0.0;0.0;1.0;0.0;0.0;0.2297;0.2297;0.2297;0.2297;0.2297;0.0;22
baseline_naive;border_margin_wrong_grain;Border – marge avec grain trop grossier;border;1;1;0.0;0.0;;;1;0;1;1.0;0.0;1.0;0.0;0.0;0.0;0.0011;0.0011;0.0011;0.0011;0.0011;0.0;22
baseline_measure_overlap;border_margin_wrong_grain;Border – marge avec grain trop grossier;border;1;1;0.0;0.0;;;1;0;1;1.0;0.0;1.0;0.0;0.0;0.0;0.0142;0.0142;0.0142;0.0142;0.0142;0.0;22
ablation_no_sat;border_margin_wrong_grain;Border – marge avec grain trop grossier;border;1;0;0.0;0.0;;;0;0;0;0.0;0.0;0.0;1.0;0.0;0.0;0.2661;0.2661;0.2661;0.2661;0.2661;0.0;22
ablation_no_real;border_margin_wrong_grain;Border – marge avec grain trop grossier;border;1;0;0.0;0.0;;;0;0;0;0.0;0.0;0.0;1.0;0.0;0.0;0.2328;0.2328;0.2328;0.2328;0.2328;0.0;22
ablation_ceval_any_intersection;border_margin_wrong_grain;Border – marge avec grain trop grossier;border;1;0;0.0;0.0;;;0;0;0;0.0;0.0;0.0;1.0;0.0;0.0;0.2797;0.2797;0.2797;0.2797;0.2797;0.0;22
baseline_random_matched;border_margin_wrong_grain;Border – marge avec grain trop grossier;border;1;0;0.0;0.0;;;0;0;0;0.0;0.0;0.0;0.0;0.0;0.0;0.0032;0.0032;0.0032;0.0032;0.0032;0.0;22
mcad;border_stockout_missing_store;Border – rupture sans grain magasin;border;1;0;0.0;0.0;;;0;0;0;0.0;0.0;0.0;1.0;0.0;0.0;0.1984;0.1984;0.1984;0.1984;0.1984;0.0;22
baseline_naive;border_stockout_missing_store;Border – rupture sans grain magasin;border;1;1;0.0;0.0;;;1;0;1;1.0;0.0;1.0;0.0;0.0;0.0;0.0009;0.0009;0.0009;0.0009;0.0009;0.0;22
baseline_measure_overlap;border_stockout_missing_store;Border – rupture sans grain magasin;border;1;1;0.0;0.0;;;1;0;1;1.0;0.0;1.0;0.0;0.0;0.0;0.0137;0.0137;0.0137;0.0137;0.0137;0.0;22
ablation_no_sat;border_stockout_missing_store;Border – rupture sans grain magasin;border;1;0;0.0;0.0;;;0;0;0;0.0;0.0;0.0;1.0;0.0;0.0;0.3656;0.3656;0.3656;0.3656;0.3656;0.0;22
ablation_no_real;border_stockout_missing_store;Border – rupture sans grain magasin;border;1;0;0.0;0.0;;;0;0;0;0.0;0.0;0.0;1.0;0.0;0.0;0.3686;0.3686;0.3686;0.3686;0.3686;0.0;22
ablation_ceval_any_intersection;border_stockout_missing_store;Border – rupture sans grain magasin;border;1;0;0.0;0.0;;;0;0;0;0.0;0.0;0.0;1.0;0.0;0.0;0.3341;0.3341;0.3341;0.3341;0.3341;0.0;22
baseline_random_matched;border_stockout_missing_store;Border – rupture sans grain magasin;border;1;1;0.0;0.0;;;1;0;1;1.0;0.0;1.0;0.0;0.0;0.0;0.0034;0.0034;0.0034;0.0034;0.0034;0.0;22
mcad;adversarial_wrong_region;Adversarial – bonne mesure mais mauvaise région;adversarial;1;0;0.0;0.0;;;0;0;0;0.0;0.0;0.0;1.0;0.0;0.0;0.1714;0.1714;0.1714;0.1714;0.1714;0.0;22
baseline_naive;adversarial_wrong_region;Adversarial – bonne mesure mais mauvaise région;adversarial;1;1;0.0;0.0;;;1;0;1;1.0;0.0;1.0;0.0;0.0;0.0;0.0009;0.0009;0.0009;0.0009;0.0009;0.0;22
baseline_measure_overlap;adversarial_wrong_region;Adversarial – bonne mesure mais mauvaise région;adversarial;1;1;0.0;0.0;;;1;0;1;1.0;0.0;1.0;0.0;0.0;0.0;0.0134;0.0134;0.0134;0.0134;0.0134;0.0;22
ablation_no_sat;adversarial_wrong_region;Adversarial – bonne mesure mais mauvaise région;adversarial;1;0;0.0;0.0;;;0;0;0;0.0;0.0;0.0;1.0;0.0;0.0;0.2103;0.2103;0.2103;0.2103;0.2103;0.0;22
ablation_no_real;adversarial_wrong_region;Adversarial – bonne mesure mais mauvaise région;adversarial;1;0;0.0;0.0;;;0;0;0;0.0;0.0;0.0;1.0;0.0;0.0;0.3033;0.3033;0.3033;0.3033;0.3033;0.0;22
ablation_ceval_any_intersection;adversarial_wrong_region;Adversarial – bonne mesure mais mauvaise région;adversarial;1;0;0.0;0.0;;;0;0;0;0.0;0.0;0.0;1.0;0.0;0.0;0.1722;0.1722;0.1722;0.1722;0.1722;0.0;22
baseline_random_matched;adversarial_wrong_region;Adversarial – bonne mesure mais mauvaise région;adversarial;1;1;0.0;0.0;;;1;0;1;1.0;0.0;1.0;0.0;0.0;0.0;0.0031;0.0031;0.0031;0.0031;0.0031;0.0;22
mcad;adversarial_wrong_year;Adversarial – bonne structure mais mauvaise année;adversarial;1;0;0.0;0.0;;;0;0;0;0.0;0.0;0.0;1.0;0.0;0.0;0.1794;0.1794;0.1794;0.1794;0.1794;0.0;22
baseline_naive;adversarial_wrong_year;Adversarial – bonne structure mais mauvaise année;adversarial;1;1;0.0;0.0;;;1;0;1;1.0;0.0;1.0;0.0;0.0;0.0;0.001;0.001;0.001;0.001;0.001;0.0;22
baseline_measure_overlap;adversarial_wrong_year;Adversarial – bonne structure mais mauvaise année;adversarial;1;1;0.0;0.0;;;1;0;1;1.0;0.0;1.0;0.0;0.0;0.0;0.0138;0.0138;0.0138;0.0138;0.0138;0.0;22
ablation_no_sat;adversarial_wrong_year;Adversarial – bonne structure mais mauvaise année;adversarial;1;0;0.0;0.0;;;0;0;0;0.0;0.0;0.0;1.0;0.0;0.0;0.2156;0.2156;0.2156;0.2156;0.2156;0.0;22
ablation_no_real;adversarial_wrong_year;Adversarial – bonne structure mais mauvaise année;adversarial;1;0;0.0;0.0;;;0;0;0;0.0;0.0;0.0;1.0;0.0;0.0;0.2693;0.2693;0.2693;0.2693;0.2693;0.0;22
ablation_ceval_any_intersection;adversarial_wrong_year;Adversarial – bonne structure mais mauvaise année;adversarial;1;0;0.0;0.0;;;0;0;0;0.0;0.0;0.0;1.0;0.0;0.0;0.1669;0.1669;0.1669;0.1669;0.1669;0.0;22
baseline_random_matched;adversarial_wrong_year;Adversarial – bonne structure mais mauvaise année;adversarial;1;1;0.0;0.0;;;1;0;1;1.0;0.0;1.0;0.0;0.0;0.0;0.0032;0.0032;0.0032;0.0032;0.0032;0.0;22
mcad;adversarial_invalid_no_measures;Adversarial – requête invalide sans mesure;adversarial;1;0;0.0;0.0;;;0;0;0;0.0;0.0;0.0;1.0;0.0;0.0;0.0745;0.0745;0.0745;0.0745;0.0745;0.0;22
baseline_naive;adversarial_invalid_no_measures;Adversarial – requête invalide sans mesure;adversarial;1;1;0.0;0.0;;;1;0;1;1.0;0.0;1.0;0.0;0.0;0.0;0.001;0.001;0.001;0.001;0.001;0.0;22
baseline_measure_overlap;adversarial_invalid_no_measures;Adversarial – requête invalide sans mesure;adversarial;1;0;0.0;0.0;;;0;0;0;0.0;0.0;0.0;0.0;0.0;0.0;0.0132;0.0132;0.0132;0.0132;0.0132;0.0;22
ablation_no_sat;adversarial_invalid_no_measures;Adversarial – requête invalide sans mesure;adversarial;1;0;0.0;0.0;;;0;0;0;0.0;0.0;0.0;1.0;0.0;0.0;0.091;0.091;0.091;0.091;0.091;0.0;22
ablation_no_real;adversarial_invalid_no_measures;Adversarial – requête invalide sans mesure;adversarial;1;0;0.0;0.0;;;0;0;0;0.0;0.0;0.0;1.0;0.0;0.0;0.0797;0.0797;0.0797;0.0797;0.0797;0.0;22
ablation_ceval_any_intersection;adversarial_invalid_no_measures;Adversarial – requête invalide sans mesure;adversarial;1;0;0.0;0.0;;;0;0;0;0.0;0.0;0.0;1.0;0.0;0.0;0.111;0.111;0.111;0.111;0.111;0.0;22
baseline_random_matched;adversarial_invalid_no_measures;Adversarial – requête invalide sans mesure;adversarial;1;0;0.0;0.0;;;0;0;0;0.0;0.0;0.0;0.0;0.0;0.0;0.0042;0.0042;0.0042;0.0042;0.0042;0.0;22
mcad;stress_exploratory_then_useful;Stress – bruit exploratoire avant requête utile;stress;3;1;0.333333;0.111111;;;0;0;0;0.0;0.0;0.0;0.666667;0.0;0.0;0.199033;0.2008;0.24805;0.25225;0.2008;0.19815;22
baseline_naive;stress_exploratory_then_useful;Stress – bruit exploratoire avant requête utile;stress;3;3;0.333333;0.111111;;;2;0;2;0.666667;0.0;0.666667;0.0;0.0;0.0;0.0006;0.0005;0.00086;0.000892;0.0009;0.00045;22
baseline_measure_overlap;stress_exploratory_then_useful;Stress – bruit exploratoire avant requête utile;stress;3;3;0.333333;0.111111;;;2;0;2;0.666667;0.0;0.666667;0.0;0.0;0.0;0.0079;0.0057;0.0129;0.01354;0.0137;0.005;22
ablation_no_sat;stress_exploratory_then_useful;Stress – bruit exploratoire avant requête utile;stress;3;1;0.333333;0.111111;;;0;0;0;0.0;0.0;0.0;0.666667;0.0;0.0;0.225867;0.2419;0.25027;0.251014;0.2419;0.21785;22
ablation_no_real;stress_exploratory_then_useful;Stress – bruit exploratoire avant requête utile;stress;3;1;0.333333;0.111111;;;0;0;0;0.0;0.0;0.0;0.666667;0.0;0.0;0.248467;0.2609;0.29654;0.299708;0.3005;0.22245;22
ablation_ceval_any_intersection;stress_exploratory_then_useful;Stress – bruit exploratoire avant requête utile;stress;3;1;0.333333;0.111111;;;0;0;0;0.0;0.0;0.0;0.666667;0.0;0.0;0.3431;0.3382;0.43531;0.443942;0.3382;0.34555;22
baseline_random_matched;stress_exploratory_then_useful;Stress – bruit exploratoire avant requête utile;stress;3;2;0.333333;0.111111;;;1;0;1;0.333333;0.0;0.5;0.0;0.0;0.0;0.001367;0.0007;0.00268;0.002856;0.0029;0.0006;22
mcad;happy_guided_article_short;Happy – parcours guidé article (c1 → c2 → c3);happy;3;3;1.0;0.666667;3;3;0;0;0;0.0;0.0;0.0;0.0;0.0;0.0;0.295967;0.2874;0.33312;0.337184;0.2874;0.30025;23
baseline_naive;happy_guided_article_short;Happy – parcours guidé article (c1 → c2 → c3);happy;3;3;1.0;0.666667;3;3;0;0;0;0.0;0.0;0.0;0.0;0.0;0.0;0.000633;0.0004;0.00112;0.001184;0.0012;0.00035;23
baseline_measure_overlap;happy_guided_article_short;Happy – parcours guidé article (c1 → c2 → c3);happy;3;3;1.0;0.666667;3;3;0;0;0;0.0;0.0;0.0;0.0;0.0;0.0;0.008033;0.0052;0.01357;0.014314;0.0145;0.0048;23
ablation_no_sat;happy_guided_article_short;Happy – parcours guidé article (c1 → c2 → c3);happy;3;3;1.0;0.666667;3;3;0;0;0;0.0;0.0;0.0;0.0;0.0;0.0;0.3117;0.3352;0.33718;0.337356;0.3374;0.29885;23
ablation_no_real;happy_guided_article_short;Happy – parcours guidé article (c1 → c2 → c3);happy;3;3;1.0;0.666667;3;3;0;0;0;0.0;0.0;0.0;0.0;0.0;0.0;0.326833;0.3466;0.36631;0.368062;0.3685;0.306;23
ablation_ceval_any_intersection;happy_guided_article_short;Happy – parcours guidé article (c1 → c2 → c3);happy;3;3;1.0;0.666667;3;3;0;0;0;0.0;0.0;0.0;0.0;0.0;0.0;0.491767;0.4703;0.55922;0.567124;0.4703;0.5025;23
baseline_random_matched;happy_guided_article_short;Happy – parcours guidé article (c1 → c2 → c3);happy;3;3;1.0;0.666667;3;3;0;0;0;0.0;0.0;0.0;0.0;0.0;0.0;0.001667;0.0007;0.00349;0.003738;0.0038;0.0006;23
mcad;happy_guided_reordered;Happy – même objectif mais ordre différent (c3 → c1 → c2);happy;3;3;1.0;0.666667;3;3;0;0;0;0.0;0.0;0.0;0.0;0.0;0.0;0.320433;0.2663;0.43199;0.446718;0.4504;0.25545;23
baseline_naive;happy_guided_reordered;Happy – même objectif mais ordre différent (c3 → c1 → c2);happy;3;3;1.0;0.666667;3;3;0;0;0;0.0;0.0;0.0;0.0;0.0;0.0;0.000567;0.0005;0.00086;0.000892;0.0009;0.0004;23
baseline_measure_overlap;happy_guided_reordered;Happy – même objectif mais ordre différent (c3 → c1 → c2);happy;3;3;1.0;0.666667;3;3;0;0;0;0.0;0.0;0.0;0.0;0.0;0.0;0.0078;0.0052;0.01303;0.013726;0.0139;0.00475;23
ablation_no_sat;happy_guided_reordered;Happy – même objectif mais ordre différent (c3 → c1 → c2);happy;3;3;1.0;0.666667;3;3;0;0;0;0.0;0.0;0.0;0.0;0.0;0.0;0.292133;0.2537;0.36017;0.369634;0.372;0.2522;23
ablation_no_real;happy_guided_reordered;Happy – même objectif mais ordre différent (c3 → c1 → c2);happy;3;3;1.0;0.666667;3;3;0;0;0;0.0;0.0;0.0;0.0;0.0;0.0;0.296967;0.2576;0.36416;0.373632;0.376;0.25745;23
ablation_ceval_any_intersection;happy_guided_reordered;Happy – même objectif mais ordre différent (c3 → c1 → c2);happy;3;3;1.0;0.666667;3;3;0;0;0;0.0;0.0;0.0;0.0;0.0;0.0;0.485333;0.4316;0.57893;0.592026;0.5953;0.43035;23
baseline_random_matched;happy_guided_reordered;Happy – même objectif mais ordre différent (c3 → c1 → c2);happy;3;2;0.666667;0.333333;;;0;1;0;0.0;0.333333;0.0;0.0;0.0;0.0;0.001333;0.0007;0.00259;0.002758;0.0028;0.0006;23
mcad;happy_guided_compact;Happy – parcours compact guidé;happy;3;3;1.0;0.666667;3;3;0;0;0;0.0;0.0;0.0;0.0;0.0;0.0;0.291567;0.2915;0.33434;0.338148;0.2915;0.2916;23
baseline_naive;happy_guided_compact;Happy – parcours compact guidé;happy;3;3;1.0;0.666667;3;3;0;0;0;0.0;0.0;0.0;0.0;0.0;0.0;0.0006;0.0005;0.00086;0.000892;0.0009;0.00045;23
baseline_measure_overlap;happy_guided_compact;Happy – parcours compact guidé;happy;3;3;1.0;0.666667;3;3;0;0;0;0.0;0.0;0.0;0.0;0.0;0.0;0.009433;0.0084;0.01254;0.012908;0.013;0.00765;23
ablation_no_sat;happy_guided_compact;Happy – parcours compact guidé;happy;3;3;1.0;0.666667;3;3;0;0;0;0.0;0.0;0.0;0.0;0.0;0.0;0.290967;0.2784;0.34149;0.347098;0.2784;0.29725;23
ablation_no_real;happy_guided_compact;Happy – parcours compact guidé;happy;3;3;1.0;0.666667;3;3;0;0;0;0.0;0.0;0.0;0.0;0.0;0.0;0.2966;0.2909;0.3386;0.34284;0.2909;0.29945;23
ablation_ceval_any_intersection;happy_guided_compact;Happy – parcours compact guidé;happy;3;3;1.0;0.666667;3;3;0;0;0;0.0;0.0;0.0;0.0;0.0;0.0;0.2859;0.275;0.32819;0.332918;0.275;0.29135;23
baseline_random_matched;happy_guided_compact;Happy – parcours compact guidé;happy;3;3;1.0;0.666667;3;3;0;0;0;0.0;0.0;0.0;0.0;0.0;0.0;0.002;0.0011;0.00371;0.003942;0.004;0.001;23
mcad;border_growth_partial_1998_only;Border – croissance partielle 1998 seulement;border;1;0;0.0;0.0;;;0;0;0;0.0;0.0;0.0;0.0;0.0;1.0;0.3534;0.3534;0.3534;0.3534;0.3534;0.0;23
baseline_naive;border_growth_partial_1998_only;Border – croissance partielle 1998 seulement;border;1;1;0.0;0.0;;;1;0;1;1.0;0.0;1.0;0.0;0.0;0.0;0.0009;0.0009;0.0009;0.0009;0.0009;0.0;23
baseline_measure_overlap;border_growth_partial_1998_only;Border – croissance partielle 1998 seulement;border;1;1;0.0;0.0;;;1;0;1;1.0;0.0;1.0;0.0;0.0;0.0;0.0131;0.0131;0.0131;0.0131;0.0131;0.0;23
ablation_no_sat;border_growth_partial_1998_only;Border – croissance partielle 1998 seulement;border;1;0;0.0;0.0;;;0;0;0;0.0;0.0;0.0;0.0;0.0;1.0;0.335;0.335;0.335;0.335;0.335;0.0;23
ablation_no_real;border_growth_partial_1998_only;Border – croissance partielle 1998 seulement;border;1;1;0.0;0.0;;;1;0;1;1.0;0.0;1.0;0.0;0.0;1.0;0.3415;0.3415;0.3415;0.3415;0.3415;0.0;23
ablation_ceval_any_intersection;border_growth_partial_1998_only;Border – croissance partielle 1998 seulement;border;1;1;0.0;0.0;;;1;0;1;1.0;0.0;1.0;0.0;0.0;0.0;0.3349;0.3349;0.3349;0.3349;0.3349;0.0;23
baseline_random_matched;border_growth_partial_1998_only;Border – croissance partielle 1998 seulement;border;1;1;0.0;0.0;;;1;0;1;1.0;0.0;1.0;0.0;0.0;0.0;0.0033;0.0033;0.0033;0.0033;0.0033;0.0;23
mcad;border_margin_wrong_grain;Border – marge avec grain trop grossier;border;1;0;0.0;0.0;;;0;0;0;0.0;0.0;0.0;1.0;0.0;0.0;0.3151;0.3151;0.3151;0.3151;0.3151;0.0;23
baseline_naive;border_margin_wrong_grain;Border – marge avec grain trop grossier;border;1;1;0.0;0.0;;;1;0;1;1.0;0.0;1.0;0.0;0.0;0.0;0.001;0.001;0.001;0.001;0.001;0.0;23
baseline_measure_overlap;border_margin_wrong_grain;Border – marge avec grain trop grossier;border;1;1;0.0;0.0;;;1;0;1;1.0;0.0;1.0;0.0;0.0;0.0;0.0148;0.0148;0.0148;0.0148;0.0148;0.0;23
ablation_no_sat;border_margin_wrong_grain;Border – marge avec grain trop grossier;border;1;0;0.0;0.0;;;0;0;0;0.0;0.0;0.0;1.0;0.0;0.0;0.2641;0.2641;0.2641;0.2641;0.2641;0.0;23
ablation_no_real;border_margin_wrong_grain;Border – marge avec grain trop grossier;border;1;0;0.0;0.0;;;0;0;0;0.0;0.0;0.0;1.0;0.0;0.0;0.2044;0.2044;0.2044;0.2044;0.2044;0.0;23
ablation_ceval_any_intersection;border_margin_wrong_grain;Border – marge avec grain trop grossier;border;1;0;0.0;0.0;;;0;0;0;0.0;0.0;0.0;1.0;0.0;0.0;0.1995;0.1995;0.1995;0.1995;0.1995;0.0;23
baseline_random_matched;border_margin_wrong_grain;Border – marge avec grain trop grossier;border;1;0;0.0;0.0;;;0;0;0;0.0;0.0;0.0;0.0;0.0;0.0;0.0043;0.0043;0.0043;0.0043;0.0043;0.0;23
mcad;border_stockout_missing_store;Border – rupture sans grain magasin;border;1;0;0.0;0.0;;;0;0;0;0.0;0.0;0.0;1.0;0.0;0.0;0.201;0.201;0.201;0.201;0.201;0.0;23
baseline_naive;border_stockout_missing_store;Border – rupture sans grain magasin;border;1;1;0.0;0.0;;;1;0;1;1.0;0.0;1.0;0.0;0.0;0.0;0.001;0.001;0.001;0.001;0.001;0.0;23
baseline_measure_overlap;border_stockout_missing_store;Border – rupture sans grain magasin;border;1;1;0.0;0.0;;;1;0;1;1.0;0.0;1.0;0.0;0.0;0.0;0.016;0.016;0.016;0.016;0.016;0.0;23
ablation_no_sat;border_stockout_missing_store;Border – rupture sans grain magasin;border;1;0;0.0;0.0;;;0;0;0;0.0;0.0;0.0;1.0;0.0;0.0;0.263;0.263;0.263;0.263;0.263;0.0;23
ablation_no_real;border_stockout_missing_store;Border – rupture sans grain magasin;border;1;0;0.0;0.0;;;0;0;0;0.0;0.0;0.0;1.0;0.0;0.0;0.2048;0.2048;0.2048;0.2048;0.2048;0.0;23
ablation_ceval_any_intersection;border_stockout_missing_store;Border – rupture sans grain magasin;border;1;0;0.0;0.0;;;0;0;0;0.0;0.0;0.0;1.0;0.0;0.0;0.1949;0.1949;0.1949;0.1949;0.1949;0.0;23
baseline_random_matched;border_stockout_missing_store;Border – rupture sans grain magasin;border;1;1;0.0;0.0;;;1;0;1;1.0;0.0;1.0;0.0;0.0;0.0;0.0028;0.0028;0.0028;0.0028;0.0028;0.0;23
mcad;adversarial_wrong_region;Adversarial – bonne mesure mais mauvaise région;adversarial;1;0;0.0;0.0;;;0;0;0;0.0;0.0;0.0;1.0;0.0;0.0;0.2619;0.2619;0.2619;0.2619;0.2619;0.0;23
baseline_naive;adversarial_wrong_region;Adversarial – bonne mesure mais mauvaise région;adversarial;1;1;0.0;0.0;;;1;0;1;1.0;0.0;1.0;0.0;0.0;0.0;0.0012;0.0012;0.0012;0.0012;0.0012;0.0;23
baseline_measure_overlap;adversarial_wrong_region;Adversarial – bonne mesure mais mauvaise région;adversarial;1;1;0.0;0.0;;;1;0;1;1.0;0.0;1.0;0.0;0.0;0.0;0.0168;0.0168;0.0168;0.0168;0.0168;0.0;23
ablation_no_sat;adversarial_wrong_region;Adversarial – bonne mesure mais mauvaise région;adversarial;1;0;0.0;0.0;;;0;0;0;0.0;0.0;0.0;1.0;0.0;0.0;0.2269;0.2269;0.2269;0.2269;0.2269;0.0;23
ablation_no_real;adversarial_wrong_region;Adversarial – bonne mesure mais mauvaise région;adversarial;1;0;0.0;0.0;;;0;0;0;0.0;0.0;0.0;1.0;0.0;0.0;0.1828;0.1828;0.1828;0.1828;0.1828;0.0;23
ablation_ceval_any_intersection;adversarial_wrong_region;Adversarial – bonne mesure mais mauvaise région;adversarial;1;0;0.0;0.0;;;0;0;0;0.0;0.0;0.0;1.0;0.0;0.0;0.1766;0.1766;0.1766;0.1766;0.1766;0.0;23
baseline_random_matched;adversarial_wrong_region;Adversarial – bonne mesure mais mauvaise région;adversarial;1;1;0.0;0.0;;;1;0;1;1.0;0.0;1.0;0.0;0.0;0.0;0.0032;0.0032;0.0032;0.0032;0.0032;0.0;23
mcad;adversarial_wrong_year;Adversarial – bonne structure mais mauvaise année;adversarial;1;0;0.0;0.0;;;0;0;0;0.0;0.0;0.0;1.0;0.0;0.0;0.2787;0.2787;0.2787;0.2787;0.2787;0.0;23
baseline_naive;adversarial_wrong_year;Adversarial – bonne structure mais mauvaise année;adversarial;1;1;0.0;0.0;;;1;0;1;1.0;0.0;1.0;0.0;0.0;0.0;0.0017;0.0017;0.0017;0.0017;0.0017;0.0;23
baseline_measure_overlap;adversarial_wrong_year;Adversarial – bonne structure mais mauvaise année;adversarial;1;1;0.0;0.0;;;1;0;1;1.0;0.0;1.0;0.0;0.0;0.0;0.0188;0.0188;0.0188;0.0188;0.0188;0.0;23
ablation_no_sat;adversarial_wrong_year;Adversarial – bonne structure mais mauvaise année;adversarial;1;0;0.0;0.0;;;0;0;0;0.0;0.0;0.0;1.0;0.0;0.0;0.359;0.359;0.359;0.359;0.359;0.0;23
ablation_no_real;adversarial_wrong_year;Adversarial – bonne structure mais mauvaise année;adversarial;1;0;0.0;0.0;;;0;0;0;0.0;0.0;0.0;1.0;0.0;0.0;0.3121;0.3121;0.3121;0.3121;0.3121;0.0;23
ablation_ceval_any_intersection;adversarial_wrong_year;Adversarial – bonne structure mais mauvaise année;adversarial;1;0;0.0;0.0;;;0;0;0;0.0;0.0;0.0;1.0;0.0;0.0;0.2605;0.2605;0.2605;0.2605;0.2605;0.0;23
baseline_random_matched;adversarial_wrong_year;Adversarial – bonne structure mais mauvaise année;adversarial;1;1;0.0;0.0;;;1;0;1;1.0;0.0;1.0;0.0;0.0;0.0;0.0045;0.0045;0.0045;0.0045;0.0045;0.0;23
mcad;adversarial_invalid_no_measures;Adversarial – requête invalide sans mesure;adversarial;1;0;0.0;0.0;;;0;0;0;0.0;0.0;0.0;1.0;0.0;0.0;0.0793;0.0793;0.0793;0.0793;0.0793;0.0;23
baseline_naive;adversarial_invalid_no_measures;Adversarial – requête invalide sans mesure;adversarial;1;1;0.0;0.0;;;1;0;1;1.0;0.0;1.0;0.0;0.0;0.0;0.0009;0.0009;0.0009;0.0009;0.0009;0.0;23
baseline_measure_overlap;adversarial_invalid_no_measures;Adversarial – requête invalide sans mesure;adversarial;1;0;0.0;0.0;;;0;0;0;0.0;0.0;0.0;0.0;0.0;0.0;0.0143;0.0143;0.0143;0.0143;0.0143;0.0;23
ablation_no_sat;adversarial_invalid_no_measures;Adversarial – requête invalide sans mesure;adversarial;1;0;0.0;0.0;;;0;0;0;0.0;0.0;0.0;1.0;0.0;0.0;0.0924;0.0924;0.0924;0.0924;0.0924;0.0;23
ablation_no_real;adversarial_invalid_no_measures;Adversarial – requête invalide sans mesure;adversarial;1;0;0.0;0.0;;;0;0;0;0.0;0.0;0.0;1.0;0.0;0.0;0.0817;0.0817;0.0817;0.0817;0.0817;0.0;23
ablation_ceval_any_intersection;adversarial_invalid_no_measures;Adversarial – requête invalide sans mesure;adversarial;1;0;0.0;0.0;;;0;0;0;0.0;0.0;0.0;1.0;0.0;0.0;0.0746;0.0746;0.0746;0.0746;0.0746;0.0;23
baseline_random_matched;adversarial_invalid_no_measures;Adversarial – requête invalide sans mesure;adversarial;1;0;0.0;0.0;;;0;0;0;0.0;0.0;0.0;0.0;0.0;0.0;0.0044;0.0044;0.0044;0.0044;0.0044;0.0;23
mcad;stress_exploratory_then_useful;Stress – bruit exploratoire avant requête utile;stress;3;1;0.333333;0.111111;;;0;0;0;0.0;0.0;0.0;0.666667;0.0;0.0;0.203667;0.2035;0.25768;0.262496;0.2035;0.20375;23
baseline_naive;stress_exploratory_then_useful;Stress – bruit exploratoire avant requête utile;stress;3;3;0.333333;0.111111;;;2;0;2;0.666667;0.0;0.666667;0.0;0.0;0.0;0.000567;0.0005;0.00086;0.000892;0.0009;0.0004;23
baseline_measure_overlap;stress_exploratory_then_useful;Stress – bruit exploratoire avant requête utile;stress;3;3;0.333333;0.111111;;;2;0;2;0.666667;0.0;0.666667;0.0;0.0;0.0;0.008267;0.0054;0.01431;0.015102;0.0153;0.00475;23
ablation_no_sat;stress_exploratory_then_useful;Stress – bruit exploratoire avant requête utile;stress;3;1;0.333333;0.111111;;;0;0;0;0.0;0.0;0.0;0.666667;0.0;0.0;0.226567;0.2457;0.26289;0.264418;0.2648;0.20745;23
ablation_no_real;stress_exploratory_then_useful;Stress – bruit exploratoire avant requête utile;stress;3;1;0.333333;0.111111;;;0;0;0;0.0;0.0;0.0;0.666667;0.0;0.0;0.2099;0.2107;0.26596;0.270872;0.2107;0.2095;23
ablation_ceval_any_intersection;stress_exploratory_then_useful;Stress – bruit exploratoire avant requête utile;stress;3;1;0.333333;0.111111;;;0;0;0;0.0;0.0;0.0;0.666667;0.0;0.0;0.1963;0.2034;0.24084;0.244168;0.2034;0.19275;23
baseline_random_matched;stress_exploratory_then_useful;Stress – bruit exploratoire avant requête utile;stress;3;3;0.333333;0.111111;;;2;0;2;0.666667;0.0;0.666667;0.0;0.0;0.0;0.0019;0.0009;0.00378;0.004036;0.0041;0.0008;23
mcad;happy_guided_article_short;Happy – parcours guidé article (c1 → c2 → c3);happy;3;3;1.0;0.666667;3;3;0;0;0;0.0;0.0;0.0;0.0;0.0;0.0;0.3069;0.2899;0.35335;0.35899;0.2899;0.3154;24
baseline_naive;happy_guided_article_short;Happy – parcours guidé article (c1 → c2 → c3);happy;3;3;1.0;0.666667;3;3;0;0;0;0.0;0.0;0.0;0.0;0.0;0.0;0.000567;0.0004;0.00085;0.00089;0.0009;0.0004;24
baseline_measure_overlap;happy_guided_article_short;Happy – parcours guidé article (c1 → c2 → c3);happy;3;3;1.0;0.666667;3;3;0;0;0;0.0;0.0;0.0;0.0;0.0;0.0;0.0084;0.0056;0.01379;0.014518;0.0147;0.00525;24
ablation_no_sat;happy_guided_article_short;Happy – parcours guidé article (c1 → c2 → c3);happy;3;3;1.0;0.666667;3;3;0;0;0;0.0;0.0;0.0;0.0;0.0;0.0;0.294967;0.2872;0.34489;0.350018;0.2872;0.29885;24
ablation_no_real;happy_guided_article_short;Happy – parcours guidé article (c1 → c2 → c3);happy;3;3;1.0;0.666667;3;3;0;0;0;0.0;0.0;0.0;0.0;0.0;0.0;0.290933;0.289;0.32941;0.333002;0.289;0.2919;24
ablation_ceval_any_intersection;happy_guided_article_short;Happy – parcours guidé article (c1 → c2 → c3);happy;3;3;1.0;0.666667;3;3;0;0;0;0.0;0.0;0.0;0.0;0.0;0.0;0.2825;0.283;0.31963;0.322886;0.283;0.28225;24
baseline_random_matched;happy_guided_article_short;Happy – parcours guidé article (c1 → c2 → c3);happy;3;2;0.666667;0.555556;;;0;1;0;0.0;0.333333;0.0;0.0;0.0;0.0;0.0014;0.0007;0.00286;0.003052;0.0031;0.00055;24
mcad;happy_guided_reordered;Happy – même objectif mais ordre différent (c3 → c1 → c2);happy;3;3;1.0;0.666667;3;3;0;0;0;0.0;0.0;0.0;0.0;0.0;0.0;0.2934;0.2644;0.35656;0.364752;0.3668;0.2567;24
baseline_naive;happy_guided_reordered;Happy – même objectif mais ordre différent (c3 → c1 → c2);happy;3;3;1.0;0.666667;3;3;0;0;0;0.0;0.0;0.0;0.0;0.0;0.0;0.000567;0.0005;0.00086;0.000892;0.0009;0.0004;24
baseline_measure_overlap;happy_guided_reordered;Happy – même objectif mais ordre différent (c3 → c1 → c2);happy;3;3;1.0;0.666667;3;3;0;0;0;0.0;0.0;0.0;0.0;0.0;0.0;0.0073;0.0051;0.01194;0.012548;0.0127;0.0046;24
ablation_no_sat;happy_guided_reordered;Happy – même objectif mais ordre différent (c3 → c1 → c2);happy;3;3;1.0;0.666667;3;3;0;0;0;0.0;0.0;0.0;0.0;0.0;0.0;0.283867;0.2485;0.3538;0.36316;0.3655;0.24305;24
ablation_no_real;happy_guided_reordered;Happy – même objectif mais ordre différent (c3 → c1 → c2);happy;3;3;1.0;0.666667;3;3;0;0;0;0.0;0.0;0.0;0.0;0.0;0.0;0.304367;0.252;0.40131;0.414582;0.4179;0.2476;24
ablation_ceval_any_intersection;happy_guided_reordered;Happy – même objectif mais ordre différent (c3 → c1 → c2);happy;3;3;1.0;0.666667;3;3;0;0;0;0.0;0.0;0.0;0.0;0.0;0.0;0.284033;0.2521;0.35263;0.361566;0.3638;0.24415;24
baseline_random_matched;happy_guided_reordered;Happy – même objectif mais ordre différent (c3 → c1 → c2);happy;3;2;0.666667;0.444444;;;0;1;0;0.0;0.333333;0.0;0.0;0.0;0.0;0.002;0.0007;0.00439;0.004718;0.0048;0.0006;24
mcad;happy_guided_compact;Happy – parcours compact guidé;happy;3;3;1.0;0.666667;3;3;0;0;0;0.0;0.0;0.0;0.0;0.0;0.0;0.3238;0.3342;0.38082;0.384964;0.386;0.2927;24
baseline_naive;happy_guided_compact;Happy – parcours compact guidé;happy;3;3;1.0;0.666667;3;3;0;0;0;0.0;0.0;0.0;0.0;0.0;0.0;0.000633;0.0005;0.00104;0.001088;0.0011;0.0004;24
baseline_measure_overlap;happy_guided_compact;Happy – parcours compact guidé;happy;3;3;1.0;0.666667;3;3;0;0;0;0.0;0.0;0.0;0.0;0.0;0.0;0.011667;0.0053;0.02339;0.024998;0.0254;0.0048;24
ablation_no_sat;happy_guided_compact;Happy – parcours compact guidé;happy;3;3;1.0;0.666667;3;3;0;0;0;0.0;0.0;0.0;0.0;0.0;0.0;0.291667;0.2986;0.33145;0.33437;0.2986;0.2882;24
ablation_no_real;happy_guided_compact;Happy – parcours compact guidé;happy;3;3;1.0;0.666667;3;3;0;0;0;0.0;0.0;0.0;0.0;0.0;0.0;0.3101;0.343;0.34417;0.344274;0.343;0.29365;24
ablation_ceval_any_intersection;happy_guided_compact;Happy – parcours compact guidé;happy;3;3;1.0;0.666667;3;3;0;0;0;0.0;0.0;0.0;0.0;0.0;0.0;0.5026;0.4866;0.57885;0.58705;0.4866;0.5106;24
baseline_random_matched;happy_guided_compact;Happy – parcours compact guidé;happy;3;3;1.0;0.666667;3;3;0;0;0;0.0;0.0;0.0;0.0;0.0;0.0;0.001633;0.0007;0.00349;0.003738;0.0038;0.00055;24
mcad;border_growth_partial_1998_only;Border – croissance partielle 1998 seulement;border;1;0;0.0;0.0;;;0;0;0;0.0;0.0;0.0;0.0;0.0;1.0;0.3543;0.3543;0.3543;0.3543;0.3543;0.0;24
baseline_naive;border_growth_partial_1998_only;Border – croissance partielle 1998 seulement;border;1;1;0.0;0.0;;;1;0;1;1.0;0.0;1.0;0.0;0.0;0.0;0.0009;0.0009;0.0009;0.0009;0.0009;0.0;24
baseline_measure_overlap;border_growth_partial_1998_only;Border – croissance partielle 1998 seulement;border;1;1;0.0;0.0;;;1;0;1;1.0;0.0;1.0;0.0;0.0;0.0;0.015;0.015;0.015;0.015;0.015;0.0;24
ablation_no_sat;border_growth_partial_1998_only;Border – croissance partielle 1998 seulement;border;1;0;0.0;0.0;;;0;0;0;0.0;0.0;0.0;0.0;0.0;1.0;0.3521;0.3521;0.3521;0.3521;0.3521;0.0;24
ablation_no_real;border_growth_partial_1998_only;Border – croissance partielle 1998 seulement;border;1;1;0.0;0.0;;;1;0;1;1.0;0.0;1.0;0.0;0.0;1.0;0.4011;0.4011;0.4011;0.4011;0.4011;0.0;24
ablation_ceval_any_intersection;border_growth_partial_1998_only;Border – croissance partielle 1998 seulement;border;1;1;0.0;0.0;;;1;0;1;1.0;0.0;1.0;0.0;0.0;0.0;0.5649;0.5649;0.5649;0.5649;0.5649;0.0;24
baseline_random_matched;border_growth_partial_1998_only;Border – croissance partielle 1998 seulement;border;1;1;0.0;0.0;;;1;0;1;1.0;0.0;1.0;0.0;0.0;0.0;0.0043;0.0043;0.0043;0.0043;0.0043;0.0;24
mcad;border_margin_wrong_grain;Border – marge avec grain trop grossier;border;1;0;0.0;0.0;;;0;0;0;0.0;0.0;0.0;1.0;0.0;0.0;0.196;0.196;0.196;0.196;0.196;0.0;24
baseline_naive;border_margin_wrong_grain;Border – marge avec grain trop grossier;border;1;1;0.0;0.0;;;1;0;1;1.0;0.0;1.0;0.0;0.0;0.0;0.0009;0.0009;0.0009;0.0009;0.0009;0.0;24
baseline_measure_overlap;border_margin_wrong_grain;Border – marge avec grain trop grossier;border;1;1;0.0;0.0;;;1;0;1;1.0;0.0;1.0;0.0;0.0;0.0;0.0144;0.0144;0.0144;0.0144;0.0144;0.0;24
ablation_no_sat;border_margin_wrong_grain;Border – marge avec grain trop grossier;border;1;0;0.0;0.0;;;0;0;0;0.0;0.0;0.0;1.0;0.0;0.0;0.265;0.265;0.265;0.265;0.265;0.0;24
ablation_no_real;border_margin_wrong_grain;Border – marge avec grain trop grossier;border;1;0;0.0;0.0;;;0;0;0;0.0;0.0;0.0;1.0;0.0;0.0;0.2084;0.2084;0.2084;0.2084;0.2084;0.0;24
ablation_ceval_any_intersection;border_margin_wrong_grain;Border – marge avec grain trop grossier;border;1;0;0.0;0.0;;;0;0;0;0.0;0.0;0.0;1.0;0.0;0.0;0.3048;0.3048;0.3048;0.3048;0.3048;0.0;24
baseline_random_matched;border_margin_wrong_grain;Border – marge avec grain trop grossier;border;1;1;0.0;0.0;;;1;0;1;1.0;0.0;1.0;0.0;0.0;0.0;0.0032;0.0032;0.0032;0.0032;0.0032;0.0;24
mcad;border_stockout_missing_store;Border – rupture sans grain magasin;border;1;0;0.0;0.0;;;0;0;0;0.0;0.0;0.0;1.0;0.0;0.0;0.3267;0.3267;0.3267;0.3267;0.3267;0.0;24
baseline_naive;border_stockout_missing_store;Border – rupture sans grain magasin;border;1;1;0.0;0.0;;;1;0;1;1.0;0.0;1.0;0.0;0.0;0.0;0.0009;0.0009;0.0009;0.0009;0.0009;0.0;24
baseline_measure_overlap;border_stockout_missing_store;Border – rupture sans grain magasin;border;1;1;0.0;0.0;;;1;0;1;1.0;0.0;1.0;0.0;0.0;0.0;0.0237;0.0237;0.0237;0.0237;0.0237;0.0;24
ablation_no_sat;border_stockout_missing_store;Border – rupture sans grain magasin;border;1;0;0.0;0.0;;;0;0;0;0.0;0.0;0.0;1.0;0.0;0.0;10.5102;10.5102;10.5102;10.5102;10.5102;0.0;24
ablation_no_real;border_stockout_missing_store;Border – rupture sans grain magasin;border;1;0;0.0;0.0;;;0;0;0;0.0;0.0;0.0;1.0;0.0;0.0;0.4158;0.4158;0.4158;0.4158;0.4158;0.0;24
ablation_ceval_any_intersection;border_stockout_missing_store;Border – rupture sans grain magasin;border;1;0;0.0;0.0;;;0;0;0;0.0;0.0;0.0;1.0;0.0;0.0;0.3273;0.3273;0.3273;0.3273;0.3273;0.0;24
baseline_random_matched;border_stockout_missing_store;Border – rupture sans grain magasin;border;1;0;0.0;0.0;;;0;0;0;0.0;0.0;0.0;0.0;0.0;0.0;0.0058;0.0058;0.0058;0.0058;0.0058;0.0;24
mcad;adversarial_wrong_region;Adversarial – bonne mesure mais mauvaise région;adversarial;1;0;0.0;0.0;;;0;0;0;0.0;0.0;0.0;1.0;0.0;0.0;0.3055;0.3055;0.3055;0.3055;0.3055;0.0;24
baseline_naive;adversarial_wrong_region;Adversarial – bonne mesure mais mauvaise région;adversarial;1;1;0.0;0.0;;;1;0;1;1.0;0.0;1.0;0.0;0.0;0.0;0.0014;0.0014;0.0014;0.0014;0.0014;0.0;24
baseline_measure_overlap;adversarial_wrong_region;Adversarial – bonne mesure mais mauvaise région;adversarial;1;1;0.0;0.0;;;1;0;1;1.0;0.0;1.0;0.0;0.0;0.0;0.0243;0.0243;0.0243;0.0243;0.0243;0.0;24
ablation_no_sat;adversarial_wrong_region;Adversarial – bonne mesure mais mauvaise région;adversarial;1;0;0.0;0.0;;;0;0;0;0.0;0.0;0.0;1.0;0.0;0.0;0.228;0.228;0.228;0.228;0.228;0.0;24
ablation_no_real;adversarial_wrong_region;Adversarial – bonne mesure mais mauvaise région;adversarial;1;0;0.0;0.0;;;0;0;0;0.0;0.0;0.0;1.0;0.0;0.0;0.188;0.188;0.188;0.188;0.188;0.0;24
ablation_ceval_any_intersection;adversarial_wrong_region;Adversarial – bonne mesure mais mauvaise région;adversarial;1;0;0.0;0.0;;;0;0;0;0.0;0.0;0.0;1.0;0.0;0.0;0.1741;0.1741;0.1741;0.1741;0.1741;0.0;24
baseline_random_matched;adversarial_wrong_region;Adversarial – bonne mesure mais mauvaise région;adversarial;1;1;0.0;0.0;;;1;0;1;1.0;0.0;1.0;0.0;0.0;0.0;0.0031;0.0031;0.0031;0.0031;0.0031;0.0;24
mcad;adversarial_wrong_year;Adversarial – bonne structure mais mauvaise année;adversarial;1;0;0.0;0.0;;;0;0;0;0.0;0.0;0.0;1.0;0.0;0.0;0.1772;0.1772;0.1772;0.1772;0.1772;0.0;24
baseline_naive;adversarial_wrong_year;Adversarial – bonne structure mais mauvaise année;adversarial;1;1;0.0;0.0;;;1;0;1;1.0;0.0;1.0;0.0;0.0;0.0;0.001;0.001;0.001;0.001;0.001;0.0;24
baseline_measure_overlap;adversarial_wrong_year;Adversarial – bonne structure mais mauvaise année;adversarial;1;1;0.0;0.0;;;1;0;1;1.0;0.0;1.0;0.0;0.0;0.0;0.0144;0.0144;0.0144;0.0144;0.0144;0.0;24
ablation_no_sat;adversarial_wrong_year;Adversarial – bonne structure mais mauvaise année;adversarial;1;0;0.0;0.0;;;0;0;0;0.0;0.0;0.0;1.0;0.0;0.0;0.2968;0.2968;0.2968;0.2968;0.2968;0.0;24
ablation_no_real;adversarial_wrong_year;Adversarial – bonne structure mais mauvaise année;adversarial;1;0;0.0;0.0;;;0;0;0;0.0;0.0;0.0;1.0;0.0;0.0;0.1837;0.1837;0.1837;0.1837;0.1837;0.0;24
ablation_ceval_any_intersection;adversarial_wrong_year;Adversarial – bonne structure mais mauvaise année;adversarial;1;0;0.0;0.0;;;0;0;0;0.0;0.0;0.0;1.0;0.0;0.0;0.1951;0.1951;0.1951;0.1951;0.1951;0.0;24
baseline_random_matched;adversarial_wrong_year;Adversarial – bonne structure mais mauvaise année;adversarial;1;1;0.0;0.0;;;1;0;1;1.0;0.0;1.0;0.0;0.0;0.0;0.0035;0.0035;0.0035;0.0035;0.0035;0.0;24
mcad;adversarial_invalid_no_measures;Adversarial – requête invalide sans mesure;adversarial;1;0;0.0;0.0;;;0;0;0;0.0;0.0;0.0;1.0;0.0;0.0;0.0737;0.0737;0.0737;0.0737;0.0737;0.0;24
baseline_naive;adversarial_invalid_no_measures;Adversarial – requête invalide sans mesure;adversarial;1;1;0.0;0.0;;;1;0;1;1.0;0.0;1.0;0.0;0.0;0.0;0.001;0.001;0.001;0.001;0.001;0.0;24
baseline_measure_overlap;adversarial_invalid_no_measures;Adversarial – requête invalide sans mesure;adversarial;1;0;0.0;0.0;;;0;0;0;0.0;0.0;0.0;0.0;0.0;0.0;0.0128;0.0128;0.0128;0.0128;0.0128;0.0;24
ablation_no_sat;adversarial_invalid_no_measures;Adversarial – requête invalide sans mesure;adversarial;1;0;0.0;0.0;;;0;0;0;0.0;0.0;0.0;1.0;0.0;0.0;0.1293;0.1293;0.1293;0.1293;0.1293;0.0;24
ablation_no_real;adversarial_invalid_no_measures;Adversarial – requête invalide sans mesure;adversarial;1;0;0.0;0.0;;;0;0;0;0.0;0.0;0.0;1.0;0.0;0.0;0.0802;0.0802;0.0802;0.0802;0.0802;0.0;24
ablation_ceval_any_intersection;adversarial_invalid_no_measures;Adversarial – requête invalide sans mesure;adversarial;1;0;0.0;0.0;;;0;0;0;0.0;0.0;0.0;1.0;0.0;0.0;0.072;0.072;0.072;0.072;0.072;0.0;24
baseline_random_matched;adversarial_invalid_no_measures;Adversarial – requête invalide sans mesure;adversarial;1;1;0.0;0.0;;;1;0;1;1.0;0.0;1.0;0.0;0.0;0.0;0.0028;0.0028;0.0028;0.0028;0.0028;0.0;24
mcad;stress_exploratory_then_useful;Stress – bruit exploratoire avant requête utile;stress;3;1;0.333333;0.111111;;;0;0;0;0.0;0.0;0.0;0.666667;0.0;0.0;0.199733;0.1977;0.25278;0.257676;0.1977;0.20075;24
baseline_naive;stress_exploratory_then_useful;Stress – bruit exploratoire avant requête utile;stress;3;3;0.333333;0.111111;;;2;0;2;0.666667;0.0;0.666667;0.0;0.0;0.0;0.000567;0.0005;0.00086;0.000892;0.0009;0.0004;24
baseline_measure_overlap;stress_exploratory_then_useful;Stress – bruit exploratoire avant requête utile;stress;3;3;0.333333;0.111111;;;2;0;2;0.666667;0.0;0.666667;0.0;0.0;0.0;0.007733;0.0052;0.01321;0.013922;0.0141;0.00455;24
ablation_no_sat;stress_exploratory_then_useful;Stress – bruit exploratoire avant requête utile;stress;3;1;0.333333;0.111111;;;0;0;0;0.0;0.0;0.0;0.666667;0.0;0.0;0.228667;0.2359;0.24706;0.248052;0.2359;0.22505;24
ablation_no_real;stress_exploratory_then_useful;Stress – bruit exploratoire avant requête utile;stress;3;1;0.333333;0.111111;;;0;0;0;0.0;0.0;0.0;0.666667;0.0;0.0;0.345267;0.3369;0.43833;0.447346;0.3369;0.34945;24
ablation_ceval_any_intersection;stress_exploratory_then_useful;Stress – bruit exploratoire avant requête utile;stress;3;1;0.333333;0.111111;;;0;0;0;0.0;0.0;0.0;0.666667;0.0;0.0;0.197867;0.1966;0.24925;0.25393;0.1966;0.1985;24
baseline_random_matched;stress_exploratory_then_useful;Stress – bruit exploratoire avant requête utile;stress;3;3;0.333333;0.111111;;;2;0;2;0.666667;0.0;0.666667;0.0;0.0;0.0;0.001333;0.0006;0.00267;0.002854;0.0029;0.00055;24
mcad;happy_guided_article_short;Happy – parcours guidé article (c1 → c2 → c3);happy;3;3;1.0;0.666667;3;3;0;0;0;0.0;0.0;0.0;0.0;0.0;0.0;0.289067;0.2785;0.33781;0.343082;0.2785;0.29435;25
baseline_naive;happy_guided_article_short;Happy – parcours guidé article (c1 → c2 → c3);happy;3;3;1.0;0.666667;3;3;0;0;0;0.0;0.0;0.0;0.0;0.0;0.0;0.0006;0.0005;0.00095;0.00099;0.001;0.0004;25
baseline_measure_overlap;happy_guided_article_short;Happy – parcours guidé article (c1 → c2 → c3);happy;3;3;1.0;0.666667;3;3;0;0;0;0.0;0.0;0.0;0.0;0.0;0.0;0.0074;0.0051;0.01176;0.012352;0.0125;0.00485;25
ablation_no_sat;happy_guided_article_short;Happy – parcours guidé article (c1 → c2 → c3);happy;3;3;1.0;0.666667;3;3;0;0;0;0.0;0.0;0.0;0.0;0.0;0.0;0.288167;0.2905;0.32443;0.327446;0.2905;0.287;25
ablation_no_real;happy_guided_article_short;Happy – parcours guidé article (c1 → c2 → c3);happy;3;3;1.0;0.666667;3;3;0;0;0;0.0;0.0;0.0;0.0;0.0;0.0;0.4816;0.4481;0.55232;0.561584;0.4481;0.49835;25
ablation_ceval_any_intersection;happy_guided_article_short;Happy – parcours guidé article (c1 → c2 → c3);happy;3;3;1.0;0.666667;3;3;0;0;0;0.0;0.0;0.0;0.0;0.0;0.0;0.2928;0.275;0.32414;0.328508;0.275;0.3017;25
baseline_random_matched;happy_guided_article_short;Happy – parcours guidé article (c1 → c2 → c3);happy;3;1;0.333333;0.222222;;;0;2;0;0.0;0.666667;0.0;0.0;0.0;0.0;0.001267;0.0007;0.0025;0.00266;0.0027;0.00055;25
mcad;happy_guided_reordered;Happy – même objectif mais ordre différent (c3 → c1 → c2);happy;3;3;1.0;0.666667;3;3;0;0;0;0.0;0.0;0.0;0.0;0.0;0.0;0.286567;0.2587;0.35275;0.36111;0.3632;0.24825;25
baseline_naive;happy_guided_reordered;Happy – même objectif mais ordre différent (c3 → c1 → c2);happy;3;3;1.0;0.666667;3;3;0;0;0;0.0;0.0;0.0;0.0;0.0;0.0;0.0006;0.0005;0.00086;0.000892;0.0009;0.00045;25
baseline_measure_overlap;happy_guided_reordered;Happy – même objectif mais ordre différent (c3 → c1 → c2);happy;3;3;1.0;0.666667;3;3;0;0;0;0.0;0.0;0.0;0.0;0.0;0.0;0.007367;0.005;0.01211;0.012742;0.0129;0.0046;25
ablation_no_sat;happy_guided_reordered;Happy – même objectif mais ordre différent (c3 → c1 → c2);happy;3;3;1.0;0.666667;3;3;0;0;0;0.0;0.0;0.0;0.0;0.0;0.0;0.283667;0.2479;0.35194;0.361188;0.3635;0.24375;25
ablation_no_real;happy_guided_reordered;Happy – même objectif mais ordre différent (c3 → c1 → c2);happy;3;3;1.0;0.666667;3;3;0;0;0;0.0;0.0;0.0;0.0;0.0;0.0;0.461733;0.4212;0.55341;0.565162;0.5681;0.40855;25
ablation_ceval_any_intersection;happy_guided_reordered;Happy – même objectif mais ordre différent (c3 → c1 → c2);happy;3;3;1.0;0.666667;3;3;0;0;0;0.0;0.0;0.0;0.0;0.0;0.0;0.2837;0.2533;0.35005;0.35865;0.3608;0.24515;25
baseline_random_matched;happy_guided_reordered;Happy – même objectif mais ordre différent (c3 → c1 → c2);happy;3;3;1.0;0.666667;3;3;0;0;0;0.0;0.0;0.0;0.0;0.0;0.0;0.0012;0.0007;0.00223;0.002366;0.0024;0.0006;25
mcad;happy_guided_compact;Happy – parcours compact guidé;happy;3;3;1.0;0.666667;3;3;0;0;0;0.0;0.0;0.0;0.0;0.0;0.0;0.2895;0.2754;0.33417;0.339394;0.2754;0.29655;25
baseline_naive;happy_guided_compact;Happy – parcours compact guidé;happy;3;3;1.0;0.666667;3;3;0;0;0;0.0;0.0;0.0;0.0;0.0;0.0;0.0006;0.0005;0.00086;0.000892;0.0009;0.00045;25
baseline_measure_overlap;happy_guided_compact;Happy – parcours compact guidé;happy;3;3;1.0;0.666667;3;3;0;0;0;0.0;0.0;0.0;0.0;0.0;0.0;0.0075;0.0051;0.01203;0.012646;0.0128;0.00485;25
ablation_no_sat;happy_guided_compact;Happy – parcours compact guidé;happy;3;3;1.0;0.666667;3;3;0;0;0;0.0;0.0;0.0;0.0;0.0;0.0;0.288433;0.2777;0.34142;0.347084;0.2777;0.2938;25
ablation_no_real;happy_guided_compact;Happy – parcours compact guidé;happy;3;3;1.0;0.666667;3;3;0;0;0;0.0;0.0;0.0;0.0;0.0;0.0;0.376433;0.421;0.42514;0.425508;0.2827;0.4233;25
ablation_ceval_any_intersection;happy_guided_compact;Happy – parcours compact guidé;happy;3;3;1.0;0.666667;3;3;0;0;0;0.0;0.0;0.0;0.0;0.0;0.0;0.281833;0.2718;0.32202;0.326484;0.2718;0.28685;25
baseline_random_matched;happy_guided_compact;Happy – parcours compact guidé;happy;3;2;0.666667;0.333333;;;0;1;0;0.0;0.333333;0.0;0.0;0.0;0.0;0.001533;0.001;0.00262;0.002764;0.0028;0.0009;25
mcad;border_growth_partial_1998_only;Border – croissance partielle 1998 seulement;border;1;0;0.0;0.0;;;0;0;0;0.0;0.0;0.0;0.0;0.0;1.0;0.3725;0.3725;0.3725;0.3725;0.3725;0.0;25
baseline_naive;border_growth_partial_1998_only;Border – croissance partielle 1998 seulement;border;1;1;0.0;0.0;;;1;0;1;1.0;0.0;1.0;0.0;0.0;0.0;0.0009;0.0009;0.0009;0.0009;0.0009;0.0;25
baseline_measure_overlap;border_growth_partial_1998_only;Border – croissance partielle 1998 seulement;border;1;1;0.0;0.0;;;1;0;1;1.0;0.0;1.0;0.0;0.0;0.0;0.0133;0.0133;0.0133;0.0133;0.0133;0.0;25
ablation_no_sat;border_growth_partial_1998_only;Border – croissance partielle 1998 seulement;border;1;0;0.0;0.0;;;0;0;0;0.0;0.0;0.0;0.0;0.0;1.0;0.3397;0.3397;0.3397;0.3397;0.3397;0.0;25
ablation_no_real;border_growth_partial_1998_only;Border – croissance partielle 1998 seulement;border;1;1;0.0;0.0;;;1;0;1;1.0;0.0;1.0;0.0;0.0;1.0;0.5992;0.5992;0.5992;0.5992;0.5992;0.0;25
ablation_ceval_any_intersection;border_growth_partial_1998_only;Border – croissance partielle 1998 seulement;border;1;1;0.0;0.0;;;1;0;1;1.0;0.0;1.0;0.0;0.0;0.0;0.3487;0.3487;0.3487;0.3487;0.3487;0.0;25
baseline_random_matched;border_growth_partial_1998_only;Border – croissance partielle 1998 seulement;border;1;0;0.0;0.0;;;0;0;0;0.0;0.0;0.0;0.0;0.0;0.0;0.0023;0.0023;0.0023;0.0023;0.0023;0.0;25
mcad;border_margin_wrong_grain;Border – marge avec grain trop grossier;border;1;0;0.0;0.0;;;0;0;0;0.0;0.0;0.0;1.0;0.0;0.0;0.1968;0.1968;0.1968;0.1968;0.1968;0.0;25
baseline_naive;border_margin_wrong_grain;Border – marge avec grain trop grossier;border;1;1;0.0;0.0;;;1;0;1;1.0;0.0;1.0;0.0;0.0;0.0;0.0009;0.0009;0.0009;0.0009;0.0009;0.0;25
baseline_measure_overlap;border_margin_wrong_grain;Border – marge avec grain trop grossier;border;1;1;0.0;0.0;;;1;0;1;1.0;0.0;1.0;0.0;0.0;0.0;0.0132;0.0132;0.0132;0.0132;0.0132;0.0;25
ablation_no_sat;border_margin_wrong_grain;Border – marge avec grain trop grossier;border;1;0;0.0;0.0;;;0;0;0;0.0;0.0;0.0;1.0;0.0;0.0;0.2655;0.2655;0.2655;0.2655;0.2655;0.0;25
ablation_no_real;border_margin_wrong_grain;Border – marge avec grain trop grossier;border;1;0;0.0;0.0;;;0;0;0;0.0;0.0;0.0;1.0;0.0;0.0;0.2023;0.2023;0.2023;0.2023;0.2023;0.0;25
ablation_ceval_any_intersection;border_margin_wrong_grain;Border – marge avec grain trop grossier;border;1;0;0.0;0.0;;;0;0;0;0.0;0.0;0.0;1.0;0.0;0.0;0.3263;0.3263;0.3263;0.3263;0.3263;0.0;25
baseline_random_matched;border_margin_wrong_grain;Border – marge avec grain trop grossier;border;1;0;0.0;0.0;;;0;0;0;0.0;0.0;0.0;0.0;0.0;0.0;0.004;0.004;0.004;0.004;0.004;0.0;25
mcad;border_stockout_missing_store;Border – rupture sans grain magasin;border;1;0;0.0;0.0;;;0;0;0;0.0;0.0;0.0;1.0;0.0;0.0;0.2147;0.2147;0.2147;0.2147;0.2147;0.0;25
baseline_naive;border_stockout_missing_store;Border – rupture sans grain magasin;border;1;1;0.0;0.0;;;1;0;1;1.0;0.0;1.0;0.0;0.0;0.0;0.001;0.001;0.001;0.001;0.001;0.0;25
baseline_measure_overlap;border_stockout_missing_store;Border – rupture sans grain magasin;border;1;1;0.0;0.0;;;1;0;1;1.0;0.0;1.0;0.0;0.0;0.0;0.014;0.014;0.014;0.014;0.014;0.0;25
ablation_no_sat;border_stockout_missing_store;Border – rupture sans grain magasin;border;1;0;0.0;0.0;;;0;0;0;0.0;0.0;0.0;1.0;0.0;0.0;0.3963;0.3963;0.3963;0.3963;0.3963;0.0;25
ablation_no_real;border_stockout_missing_store;Border – rupture sans grain magasin;border;1;0;0.0;0.0;;;0;0;0;0.0;0.0;0.0;1.0;0.0;0.0;0.2068;0.2068;0.2068;0.2068;0.2068;0.0;25
ablation_ceval_any_intersection;border_stockout_missing_store;Border – rupture sans grain magasin;border;1;0;0.0;0.0;;;0;0;0;0.0;0.0;0.0;1.0;0.0;0.0;0.1962;0.1962;0.1962;0.1962;0.1962;0.0;25
baseline_random_matched;border_stockout_missing_store;Border – rupture sans grain magasin;border;1;0;0.0;0.0;;;0;0;0;0.0;0.0;0.0;0.0;0.0;0.0;0.0031;0.0031;0.0031;0.0031;0.0031;0.0;25
mcad;adversarial_wrong_region;Adversarial – bonne mesure mais mauvaise région;adversarial;1;0;0.0;0.0;;;0;0;0;0.0;0.0;0.0;1.0;0.0;0.0;0.1747;0.1747;0.1747;0.1747;0.1747;0.0;25
baseline_naive;adversarial_wrong_region;Adversarial – bonne mesure mais mauvaise région;adversarial;1;1;0.0;0.0;;;1;0;1;1.0;0.0;1.0;0.0;0.0;0.0;0.0009;0.0009;0.0009;0.0009;0.0009;0.0;25
baseline_measure_overlap;adversarial_wrong_region;Adversarial – bonne mesure mais mauvaise région;adversarial;1;1;0.0;0.0;;;1;0;1;1.0;0.0;1.0;0.0;0.0;0.0;0.0129;0.0129;0.0129;0.0129;0.0129;0.0;25
ablation_no_sat;adversarial_wrong_region;Adversarial – bonne mesure mais mauvaise région;adversarial;1;0;0.0;0.0;;;0;0;0;0.0;0.0;0.0;1.0;0.0;0.0;0.3273;0.3273;0.3273;0.3273;0.3273;0.0;25
ablation_no_real;adversarial_wrong_region;Adversarial – bonne mesure mais mauvaise région;adversarial;1;0;0.0;0.0;;;0;0;0;0.0;0.0;0.0;1.0;0.0;0.0;0.1782;0.1782;0.1782;0.1782;0.1782;0.0;25
ablation_ceval_any_intersection;adversarial_wrong_region;Adversarial – bonne mesure mais mauvaise région;adversarial;1;0;0.0;0.0;;;0;0;0;0.0;0.0;0.0;1.0;0.0;0.0;0.1713;0.1713;0.1713;0.1713;0.1713;0.0;25
baseline_random_matched;adversarial_wrong_region;Adversarial – bonne mesure mais mauvaise région;adversarial;1;1;0.0;0.0;;;1;0;1;1.0;0.0;1.0;0.0;0.0;0.0;0.0024;0.0024;0.0024;0.0024;0.0024;0.0;25
mcad;adversarial_wrong_year;Adversarial – bonne structure mais mauvaise année;adversarial;1;0;0.0;0.0;;;0;0;0;0.0;0.0;0.0;1.0;0.0;0.0;0.1784;0.1784;0.1784;0.1784;0.1784;0.0;25
baseline_naive;adversarial_wrong_year;Adversarial – bonne structure mais mauvaise année;adversarial;1;1;0.0;0.0;;;1;0;1;1.0;0.0;1.0;0.0;0.0;0.0;0.001;0.001;0.001;0.001;0.001;0.0;25
baseline_measure_overlap;adversarial_wrong_year;Adversarial – bonne structure mais mauvaise année;adversarial;1;1;0.0;0.0;;;1;0;1;1.0;0.0;1.0;0.0;0.0;0.0;0.0127;0.0127;0.0127;0.0127;0.0127;0.0;25
ablation_no_sat;adversarial_wrong_year;Adversarial – bonne structure mais mauvaise année;adversarial;1;0;0.0;0.0;;;0;0;0;0.0;0.0;0.0;1.0;0.0;0.0;0.3023;0.3023;0.3023;0.3023;0.3023;0.0;25
ablation_no_real;adversarial_wrong_year;Adversarial – bonne structure mais mauvaise année;adversarial;1;0;0.0;0.0;;;0;0;0;0.0;0.0;0.0;1.0;0.0;0.0;0.1824;0.1824;0.1824;0.1824;0.1824;0.0;25
ablation_ceval_any_intersection;adversarial_wrong_year;Adversarial – bonne structure mais mauvaise année;adversarial;1;0;0.0;0.0;;;0;0;0;0.0;0.0;0.0;1.0;0.0;0.0;0.1636;0.1636;0.1636;0.1636;0.1636;0.0;25
baseline_random_matched;adversarial_wrong_year;Adversarial – bonne structure mais mauvaise année;adversarial;1;1;0.0;0.0;;;1;0;1;1.0;0.0;1.0;0.0;0.0;0.0;0.0022;0.0022;0.0022;0.0022;0.0022;0.0;25
mcad;adversarial_invalid_no_measures;Adversarial – requête invalide sans mesure;adversarial;1;0;0.0;0.0;;;0;0;0;0.0;0.0;0.0;1.0;0.0;0.0;0.0732;0.0732;0.0732;0.0732;0.0732;0.0;25
baseline_naive;adversarial_invalid_no_measures;Adversarial – requête invalide sans mesure;adversarial;1;1;0.0;0.0;;;1;0;1;1.0;0.0;1.0;0.0;0.0;0.0;0.0009;0.0009;0.0009;0.0009;0.0009;0.0;25
baseline_measure_overlap;adversarial_invalid_no_measures;Adversarial – requête invalide sans mesure;adversarial;1;0;0.0;0.0;;;0;0;0;0.0;0.0;0.0;0.0;0.0;0.0;0.0122;0.0122;0.0122;0.0122;0.0122;0.0;25
ablation_no_sat;adversarial_invalid_no_measures;Adversarial – requête invalide sans mesure;adversarial;1;0;0.0;0.0;;;0;0;0;0.0;0.0;0.0;1.0;0.0;0.0;0.0868;0.0868;0.0868;0.0868;0.0868;0.0;25
ablation_no_real;adversarial_invalid_no_measures;Adversarial – requête invalide sans mesure;adversarial;1;0;0.0;0.0;;;0;0;0;0.0;0.0;0.0;1.0;0.0;0.0;0.1147;0.1147;0.1147;0.1147;0.1147;0.0;25
ablation_ceval_any_intersection;adversarial_invalid_no_measures;Adversarial – requête invalide sans mesure;adversarial;1;0;0.0;0.0;;;0;0;0;0.0;0.0;0.0;1.0;0.0;0.0;0.0783;0.0783;0.0783;0.0783;0.0783;0.0;25
baseline_random_matched;adversarial_invalid_no_measures;Adversarial – requête invalide sans mesure;adversarial;1;0;0.0;0.0;;;0;0;0;0.0;0.0;0.0;0.0;0.0;0.0;0.0024;0.0024;0.0024;0.0024;0.0024;0.0;25
mcad;stress_exploratory_then_useful;Stress – bruit exploratoire avant requête utile;stress;3;1;0.333333;0.111111;;;0;0;0;0.0;0.0;0.0;0.666667;0.0;0.0;0.202467;0.2106;0.24957;0.253034;0.2106;0.1984;25
baseline_naive;stress_exploratory_then_useful;Stress – bruit exploratoire avant requête utile;stress;3;3;0.333333;0.111111;;;2;0;2;0.666667;0.0;0.666667;0.0;0.0;0.0;0.000567;0.0005;0.00086;0.000892;0.0009;0.0004;25
baseline_measure_overlap;stress_exploratory_then_useful;Stress – bruit exploratoire avant requête utile;stress;3;3;0.333333;0.111111;;;2;0;2;0.666667;0.0;0.666667;0.0;0.0;0.0;0.0073;0.0051;0.01185;0.01245;0.0126;0.00465;25
ablation_no_sat;stress_exploratory_then_useful;Stress – bruit exploratoire avant requête utile;stress;3;1;0.333333;0.111111;;;0;0;0;0.0;0.0;0.0;0.666667;0.0;0.0;0.2218;0.2362;0.25681;0.258642;0.2362;0.2146;25
ablation_no_real;stress_exploratory_then_useful;Stress – bruit exploratoire avant requête utile;stress;3;1;0.333333;0.111111;;;0;0;0;0.0;0.0;0.0;0.666667;0.0;0.0;0.338367;0.341;0.4202;0.42724;0.341;0.33705;25
ablation_ceval_any_intersection;stress_exploratory_then_useful;Stress – bruit exploratoire avant requête utile;stress;3;1;0.333333;0.111111;;;0;0;0;0.0;0.0;0.0;0.666667;0.0;0.0;0.2025;0.1998;0.24777;0.252034;0.1998;0.20385;25
baseline_random_matched;stress_exploratory_then_useful;Stress – bruit exploratoire avant requête utile;stress;3;1;0.0;0.0;;;1;1;1;0.333333;0.333333;1.0;0.0;0.0;0.0;0.001267;0.0006;0.00249;0.002658;0.0027;0.00055;25
mcad;happy_guided_article_short;Happy – parcours guidé article (c1 → c2 → c3);happy;3;3;1.0;0.666667;3;3;0;0;0;0.0;0.0;0.0;0.0;0.0;0.0;0.292467;0.2837;0.3305;0.33466;0.2837;0.29685;26
baseline_naive;happy_guided_article_short;Happy – parcours guidé article (c1 → c2 → c3);happy;3;3;1.0;0.666667;3;3;0;0;0;0.0;0.0;0.0;0.0;0.0;0.0;0.0006;0.0005;0.00086;0.000892;0.0009;0.00045;26
baseline_measure_overlap;happy_guided_article_short;Happy – parcours guidé article (c1 → c2 → c3);happy;3;3;1.0;0.666667;3;3;0;0;0;0.0;0.0;0.0;0.0;0.0;0.0;0.0076;0.0055;0.01189;0.012458;0.0126;0.0051;26
ablation_no_sat;happy_guided_article_short;Happy – parcours guidé article (c1 → c2 → c3);happy;3;3;1.0;0.666667;3;3;0;0;0;0.0;0.0;0.0;0.0;0.0;0.0;0.291033;0.2887;0.33154;0.335348;0.2887;0.2922;26
ablation_no_real;happy_guided_article_short;Happy – parcours guidé article (c1 → c2 → c3);happy;3;3;1.0;0.666667;3;3;0;0;0;0.0;0.0;0.0;0.0;0.0;0.0;0.492167;0.4597;0.58309;0.594058;0.4597;0.5084;26
ablation_ceval_any_intersection;happy_guided_article_short;Happy – parcours guidé article (c1 → c2 → c3);happy;3;3;1.0;0.666667;3;3;0;0;0;0.0;0.0;0.0;0.0;0.0;0.0;0.308567;0.2882;0.35525;0.36121;0.2882;0.31875;26
baseline_random_matched;happy_guided_article_short;Happy – parcours guidé article (c1 → c2 → c3);happy;3;1;0.333333;0.222222;;;0;2;0;0.0;0.666667;0.0;0.0;0.0;0.0;0.0013;0.0008;0.00251;0.002662;0.0027;0.0006;26
mcad;happy_guided_reordered;Happy – même objectif mais ordre différent (c3 → c1 → c2);happy;3;3;1.0;0.666667;3;3;0;0;0;0.0;0.0;0.0;0.0;0.0;0.0;0.2911;0.2499;0.36735;0.37779;0.3804;0.24645;26
baseline_naive;happy_guided_reordered;Happy – même objectif mais ordre différent (c3 → c1 → c2);happy;3;3;1.0;0.666667;3;3;0;0;0;0.0;0.0;0.0;0.0;0.0;0.0;0.000567;0.0005;0.00086;0.000892;0.0009;0.0004;26
baseline_measure_overlap;happy_guided_reordered;Happy – même objectif mais ordre différent (c3 → c1 → c2);happy;3;3;1.0;0.666667;3;3;0;0;0;0.0;0.0;0.0;0.0;0.0;0.0;0.0077;0.0053;0.01232;0.012944;0.0131;0.005;26
ablation_no_sat;happy_guided_reordered;Happy – même objectif mais ordre différent (c3 → c1 → c2);happy;3;3;1.0;0.666667;3;3;0;0;0;0.0;0.0;0.0;0.0;0.0;0.0;0.294633;0.2542;0.37003;0.380326;0.3829;0.2505;26
ablation_no_real;happy_guided_reordered;Happy – même objectif mais ordre différent (c3 → c1 → c2);happy;3;3;1.0;0.666667;3;3;0;0;0;0.0;0.0;0.0;0.0;0.0;0.0;0.293467;0.2559;0.36291;0.372422;0.3748;0.2528;26
ablation_ceval_any_intersection;happy_guided_reordered;Happy – même objectif mais ordre différent (c3 → c1 → c2);happy;3;3;1.0;0.666667;3;3;0;0;0;0.0;0.0;0.0;0.0;0.0;0.0;0.4774;0.4216;0.58486;0.599372;0.603;0.4146;26
baseline_random_matched;happy_guided_reordered;Happy – même objectif mais ordre différent (c3 → c1 → c2);happy;3;2;0.666667;0.333333;;;0;1;0;0.0;0.333333;0.0;0.0;0.0;0.0;0.0013;0.0007;0.0025;0.00266;0.0027;0.0006;26
mcad;happy_guided_compact;Happy – parcours compact guidé;happy;3;3;1.0;0.666667;3;3;0;0;0;0.0;0.0;0.0;0.0;0.0;0.0;0.294333;0.2986;0.33703;0.340446;0.2986;0.2922;26
baseline_naive;happy_guided_compact;Happy – parcours compact guidé;happy;3;3;1.0;0.666667;3;3;0;0;0;0.0;0.0;0.0;0.0;0.0;0.0;0.000533;0.0004;0.00085;0.00089;0.0009;0.00035;26
baseline_measure_overlap;happy_guided_compact;Happy – parcours compact guidé;happy;3;3;1.0;0.666667;3;3;0;0;0;0.0;0.0;0.0;0.0;0.0;0.0;0.007533;0.0054;0.01197;0.012554;0.0127;0.00495;26
ablation_no_sat;happy_guided_compact;Happy – parcours compact guidé;happy;3;3;1.0;0.666667;3;3;0;0;0;0.0;0.0;0.0;0.0;0.0;0.0;0.2913;0.2899;0.33652;0.340664;0.2899;0.292;26
ablation_no_real;happy_guided_compact;Happy – parcours compact guidé;happy;3;3;1.0;0.666667;3;3;0;0;0;0.0;0.0;0.0;0.0;0.0;0.0;0.293767;0.284;0.3443;0.34966;0.284;0.29865;26
ablation_ceval_any_intersection;happy_guided_compact;Happy – parcours compact guidé;happy;3;3;1.0;0.666667;3;3;0;0;0;0.0;0.0;0.0;0.0;0.0;0.0;0.487767;0.4674;0.55848;0.566576;0.4674;0.49795;26
baseline_random_matched;happy_guided_compact;Happy – parcours compact guidé;happy;3;3;1.0;0.666667;3;3;0;0;0;0.0;0.0;0.0;0.0;0.0;0.0;0.001267;0.0007;0.0025;0.00266;0.0027;0.00055;26
mcad;border_growth_partial_1998_only;Border – croissance partielle 1998 seulement;border;1;0;0.0;0.0;;;0;0;0;0.0;0.0;0.0;0.0;0.0;1.0;0.3494;0.3494;0.3494;0.3494;0.3494;0.0;26
baseline_naive;border_growth_partial_1998_only;Border – croissance partielle 1998 seulement;border;1;1;0.0;0.0;;;1;0;1;1.0;0.0;1.0;0.0;0.0;0.0;0.0014;0.0014;0.0014;0.0014;0.0014;0.0;26
baseline_measure_overlap;border_growth_partial_1998_only;Border – croissance partielle 1998 seulement;border;1;1;0.0;0.0;;;1;0;1;1.0;0.0;1.0;0.0;0.0;0.0;0.0131;0.0131;0.0131;0.0131;0.0131;0.0;26
ablation_no_sat;border_growth_partial_1998_only;Border – croissance partielle 1998 seulement;border;1;0;0.0;0.0;;;0;0;0;0.0;0.0;0.0;0.0;0.0;1.0;0.3526;0.3526;0.3526;0.3526;0.3526;0.0;26
ablation_no_real;border_growth_partial_1998_only;Border – croissance partielle 1998 seulement;border;1;1;0.0;0.0;;;1;0;1;1.0;0.0;1.0;0.0;0.0;1.0;0.3449;0.3449;0.3449;0.3449;0.3449;0.0;26
ablation_ceval_any_intersection;border_growth_partial_1998_only;Border – croissance partielle 1998 seulement;border;1;1;0.0;0.0;;;1;0;1;1.0;0.0;1.0;0.0;0.0;0.0;0.5247;0.5247;0.5247;0.5247;0.5247;0.0;26
baseline_random_matched;border_growth_partial_1998_only;Border – croissance partielle 1998 seulement;border;1;1;0.0;0.0;;;1;0;1;1.0;0.0;1.0;0.0;0.0;0.0;0.0025;0.0025;0.0025;0.0025;0.0025;0.0;26
mcad;border_margin_wrong_grain;Border – marge avec grain trop grossier;border;1;0;0.0;0.0;;;0;0;0;0.0;0.0;0.0;1.0;0.0;0.0;0.1964;0.1964;0.1964;0.1964;0.1964;0.0;26
baseline_naive;border_margin_wrong_grain;Border – marge avec grain trop grossier;border;1;1;0.0;0.0;;;1;0;1;1.0;0.0;1.0;0.0;0.0;0.0;0.0009;0.0009;0.0009;0.0009;0.0009;0.0;26
baseline_measure_overlap;border_margin_wrong_grain;Border – marge avec grain trop grossier;border;1;1;0.0;0.0;;;1;0;1;1.0;0.0;1.0;0.0;0.0;0.0;0.0125;0.0125;0.0125;0.0125;0.0125;0.0;26
ablation_no_sat;border_margin_wrong_grain;Border – marge avec grain trop grossier;border;1;0;0.0;0.0;;;0;0;0;0.0;0.0;0.0;1.0;0.0;0.0;0.2572;0.2572;0.2572;0.2572;0.2572;0.0;26
ablation_no_real;border_margin_wrong_grain;Border – marge avec grain trop grossier;border;1;0;0.0;0.0;;;0;0;0;0.0;0.0;0.0;1.0;0.0;0.0;0.2028;0.2028;0.2028;0.2028;0.2028;0.0;26
ablation_ceval_any_intersection;border_margin_wrong_grain;Border – marge avec grain trop grossier;border;1;0;0.0;0.0;;;0;0;0;0.0;0.0;0.0;1.0;0.0;0.0;0.3423;0.3423;0.3423;0.3423;0.3423;0.0;26
baseline_random_matched;border_margin_wrong_grain;Border – marge avec grain trop grossier;border;1;1;0.0;0.0;;;1;0;1;1.0;0.0;1.0;0.0;0.0;0.0;0.0037;0.0037;0.0037;0.0037;0.0037;0.0;26
mcad;border_stockout_missing_store;Border – rupture sans grain magasin;border;1;0;0.0;0.0;;;0;0;0;0.0;0.0;0.0;1.0;0.0;0.0;0.198;0.198;0.198;0.198;0.198;0.0;26
baseline_naive;border_stockout_missing_store;Border – rupture sans grain magasin;border;1;1;0.0;0.0;;;1;0;1;1.0;0.0;1.0;0.0;0.0;0.0;0.001;0.001;0.001;0.001;0.001;0.0;26
baseline_measure_overlap;border_stockout_missing_store;Border – rupture sans grain magasin;border;1;1;0.0;0.0;;;1;0;1;1.0;0.0;1.0;0.0;0.0;0.0;0.0166;0.0166;0.0166;0.0166;0.0166;0.0;26
ablation_no_sat;border_stockout_missing_store;Border – rupture sans grain magasin;border;1;0;0.0;0.0;;;0;0;0;0.0;0.0;0.0;1.0;0.0;0.0;0.3785;0.3785;0.3785;0.3785;0.3785;0.0;26
ablation_no_real;border_stockout_missing_store;Border – rupture sans grain magasin;border;1;0;0.0;0.0;;;0;0;0;0.0;0.0;0.0;1.0;0.0;0.0;0.207;0.207;0.207;0.207;0.207;0.0;26
ablation_ceval_any_intersection;border_stockout_missing_store;Border – rupture sans grain magasin;border;1;0;0.0;0.0;;;0;0;0;0.0;0.0;0.0;1.0;0.0;0.0;0.3594;0.3594;0.3594;0.3594;0.3594;0.0;26
baseline_random_matched;border_stockout_missing_store;Border – rupture sans grain magasin;border;1;0;0.0;0.0;;;0;0;0;0.0;0.0;0.0;0.0;0.0;0.0;0.0034;0.0034;0.0034;0.0034;0.0034;0.0;26
mcad;adversarial_wrong_region;Adversarial – bonne mesure mais mauvaise région;adversarial;1;0;0.0;0.0;;;0;0;0;0.0;0.0;0.0;1.0;0.0;0.0;0.1746;0.1746;0.1746;0.1746;0.1746;0.0;26
baseline_naive;adversarial_wrong_region;Adversarial – bonne mesure mais mauvaise région;adversarial;1;1;0.0;0.0;;;1;0;1;1.0;0.0;1.0;0.0;0.0;0.0;0.001;0.001;0.001;0.001;0.001;0.0;26
baseline_measure_overlap;adversarial_wrong_region;Adversarial – bonne mesure mais mauvaise région;adversarial;1;1;0.0;0.0;;;1;0;1;1.0;0.0;1.0;0.0;0.0;0.0;0.0192;0.0192;0.0192;0.0192;0.0192;0.0;26
ablation_no_sat;adversarial_wrong_region;Adversarial – bonne mesure mais mauvaise région;adversarial;1;0;0.0;0.0;;;0;0;0;0.0;0.0;0.0;1.0;0.0;0.0;0.2104;0.2104;0.2104;0.2104;0.2104;0.0;26
ablation_no_real;adversarial_wrong_region;Adversarial – bonne mesure mais mauvaise région;adversarial;1;0;0.0;0.0;;;0;0;0;0.0;0.0;0.0;1.0;0.0;0.0;0.2054;0.2054;0.2054;0.2054;0.2054;0.0;26
ablation_ceval_any_intersection;adversarial_wrong_region;Adversarial – bonne mesure mais mauvaise région;adversarial;1;0;0.0;0.0;;;0;0;0;0.0;0.0;0.0;1.0;0.0;0.0;0.1693;0.1693;0.1693;0.1693;0.1693;0.0;26
baseline_random_matched;adversarial_wrong_region;Adversarial – bonne mesure mais mauvaise région;adversarial;1;0;0.0;0.0;;;0;0;0;0.0;0.0;0.0;0.0;0.0;0.0;0.0031;0.0031;0.0031;0.0031;0.0031;0.0;26
mcad;adversarial_wrong_year;Adversarial – bonne structure mais mauvaise année;adversarial;1;0;0.0;0.0;;;0;0;0;0.0;0.0;0.0;1.0;0.0;0.0;0.168;0.168;0.168;0.168;0.168;0.0;26
baseline_naive;adversarial_wrong_year;Adversarial – bonne structure mais mauvaise année;adversarial;1;1;0.0;0.0;;;1;0;1;1.0;0.0;1.0;0.0;0.0;0.0;0.001;0.001;0.001;0.001;0.001;0.0;26
baseline_measure_overlap;adversarial_wrong_year;Adversarial – bonne structure mais mauvaise année;adversarial;1;1;0.0;0.0;;;1;0;1;1.0;0.0;1.0;0.0;0.0;0.0;0.0137;0.0137;0.0137;0.0137;0.0137;0.0;26
ablation_no_sat;adversarial_wrong_year;Adversarial – bonne structure mais mauvaise année;adversarial;1;0;0.0;0.0;;;0;0;0;0.0;0.0;0.0;1.0;0.0;0.0;0.3017;0.3017;0.3017;0.3017;0.3017;0.0;26
ablation_no_real;adversarial_wrong_year;Adversarial – bonne structure mais mauvaise année;adversarial;1;0;0.0;0.0;;;0;0;0;0.0;0.0;0.0;1.0;0.0;0.0;0.1765;0.1765;0.1765;0.1765;0.1765;0.0;26
ablation_ceval_any_intersection;adversarial_wrong_year;Adversarial – bonne structure mais mauvaise année;adversarial;1;0;0.0;0.0;;;0;0;0;0.0;0.0;0.0;1.0;0.0;0.0;0.1636;0.1636;0.1636;0.1636;0.1636;0.0;26
baseline_random_matched;adversarial_wrong_year;Adversarial – bonne structure mais mauvaise année;adversarial;1;1;0.0;0.0;;;1;0;1;1.0;0.0;1.0;0.0;0.0;0.0;0.0028;0.0028;0.0028;0.0028;0.0028;0.0;26
mcad;adversarial_invalid_no_measures;Adversarial – requête invalide sans mesure;adversarial;1;0;0.0;0.0;;;0;0;0;0.0;0.0;0.0;1.0;0.0;0.0;0.0872;0.0872;0.0872;0.0872;0.0872;0.0;26
baseline_naive;adversarial_invalid_no_measures;Adversarial – requête invalide sans mesure;adversarial;1;1;0.0;0.0;;;1;0;1;1.0;0.0;1.0;0.0;0.0;0.0;0.001;0.001;0.001;0.001;0.001;0.0;26
baseline_measure_overlap;adversarial_invalid_no_measures;Adversarial – requête invalide sans mesure;adversarial;1;0;0.0;0.0;;;0;0;0;0.0;0.0;0.0;0.0;0.0;0.0;0.0124;0.0124;0.0124;0.0124;0.0124;0.0;26
ablation_no_sat;adversarial_invalid_no_measures;Adversarial – requête invalide sans mesure;adversarial;1;0;0.0;0.0;;;0;0;0;0.0;0.0;0.0;1.0;0.0;0.0;0.1275;0.1275;0.1275;0.1275;0.1275;0.0;26
ablation_no_real;adversarial_invalid_no_measures;Adversarial – requête invalide sans mesure;adversarial;1;0;0.0;0.0;;;0;0;0;0.0;0.0;0.0;1.0;0.0;0.0;0.0807;0.0807;0.0807;0.0807;0.0807;0.0;26
ablation_ceval_any_intersection;adversarial_invalid_no_measures;Adversarial – requête invalide sans mesure;adversarial;1;0;0.0;0.0;;;0;0;0;0.0;0.0;0.0;1.0;0.0;0.0;0.0733;0.0733;0.0733;0.0733;0.0733;0.0;26
baseline_random_matched;adversarial_invalid_no_measures;Adversarial – requête invalide sans mesure;adversarial;1;1;0.0;0.0;;;1;0;1;1.0;0.0;1.0;0.0;0.0;0.0;0.0028;0.0028;0.0028;0.0028;0.0028;0.0;26
mcad;stress_exploratory_then_useful;Stress – bruit exploratoire avant requête utile;stress;3;1;0.333333;0.111111;;;0;0;0;0.0;0.0;0.0;0.666667;0.0;0.0;0.2083;0.2308;0.24898;0.250596;0.2308;0.19705;26
baseline_naive;stress_exploratory_then_useful;Stress – bruit exploratoire avant requête utile;stress;3;3;0.333333;0.111111;;;2;0;2;0.666667;0.0;0.666667;0.0;0.0;0.0;0.000533;0.0004;0.00085;0.00089;0.0009;0.00035;26
baseline_measure_overlap;stress_exploratory_then_useful;Stress – bruit exploratoire avant requête utile;stress;3;3;0.333333;0.111111;;;2;0;2;0.666667;0.0;0.666667;0.0;0.0;0.0;0.007533;0.0051;0.01266;0.013332;0.0135;0.00455;26
ablation_no_sat;stress_exploratory_then_useful;Stress – bruit exploratoire avant requête utile;stress;3;1;0.333333;0.111111;;;0;0;0;0.0;0.0;0.0;0.666667;0.0;0.0;0.228733;0.2398;0.25051;0.251462;0.2398;0.2232;26
ablation_no_real;stress_exploratory_then_useful;Stress – bruit exploratoire avant requête utile;stress;3;1;0.333333;0.111111;;;0;0;0;0.0;0.0;0.0;0.666667;0.0;0.0;0.337133;0.3385;0.41689;0.423858;0.3385;0.33645;26
ablation_ceval_any_intersection;stress_exploratory_then_useful;Stress – bruit exploratoire avant requête utile;stress;3;1;0.333333;0.111111;;;0;0;0;0.0;0.0;0.0;0.666667;0.0;0.0;0.195133;0.1965;0.24177;0.245794;0.1965;0.19445;26
baseline_random_matched;stress_exploratory_then_useful;Stress – bruit exploratoire avant requête utile;stress;3;1;0.333333;0.111111;;;0;0;0;0.0;0.0;0.0;0.0;0.0;0.0;0.0013;0.0007;0.00259;0.002758;0.0028;0.00055;26
mcad;happy_guided_article_short;Happy – parcours guidé article (c1 → c2 → c3);happy;3;3;1.0;0.666667;3;3;0;0;0;0.0;0.0;0.0;0.0;0.0;0.0;0.2895;0.2917;0.32833;0.331586;0.2917;0.2884;27
baseline_naive;happy_guided_article_short;Happy – parcours guidé article (c1 → c2 → c3);happy;3;3;1.0;0.666667;3;3;0;0;0;0.0;0.0;0.0;0.0;0.0;0.0;0.000867;0.0007;0.00133;0.001386;0.0014;0.0006;27
baseline_measure_overlap;happy_guided_article_short;Happy – parcours guidé article (c1 → c2 → c3);happy;3;3;1.0;0.666667;3;3;0;0;0;0.0;0.0;0.0;0.0;0.0;0.0;0.014967;0.01;0.02494;0.026268;0.0266;0.00915;27
ablation_no_sat;happy_guided_article_short;Happy – parcours guidé article (c1 → c2 → c3);happy;3;3;1.0;0.666667;3;3;0;0;0;0.0;0.0;0.0;0.0;0.0;0.0;0.5706;0.581;0.65003;0.656166;0.581;0.5654;27
ablation_no_real;happy_guided_article_short;Happy – parcours guidé article (c1 → c2 → c3);happy;3;3;1.0;0.666667;3;3;0;0;0;0.0;0.0;0.0;0.0;0.0;0.0;1.270067;1.3619;1.88696;1.933632;1.9453;0.93245;27
ablation_ceval_any_intersection;happy_guided_article_short;Happy – parcours guidé article (c1 → c2 → c3);happy;3;3;1.0;0.666667;3;3;0;0;0;0.0;0.0;0.0;0.0;0.0;0.0;0.783667;0.5642;1.22174;1.280188;0.5642;0.8934;27
baseline_random_matched;happy_guided_article_short;Happy – parcours guidé article (c1 → c2 → c3);happy;3;1;0.333333;0.111111;;;0;2;0;0.0;0.666667;0.0;0.0;0.0;0.0;0.0022;0.0009;0.00468;0.005016;0.0051;0.00075;27
mcad;happy_guided_reordered;Happy – même objectif mais ordre différent (c3 → c1 → c2);happy;3;3;1.0;0.666667;3;3;0;0;0;0.0;0.0;0.0;0.0;0.0;0.0;0.676533;0.4596;1.04703;1.099246;1.1123;0.45865;27
baseline_naive;happy_guided_reordered;Happy – même objectif mais ordre différent (c3 → c1 → c2);happy;3;3;1.0;0.666667;3;3;0;0;0;0.0;0.0;0.0;0.0;0.0;0.0;0.000667;0.0005;0.00113;0.001186;0.0012;0.0004;27
baseline_measure_overlap;happy_guided_reordered;Happy – même objectif mais ordre différent (c3 → c1 → c2);happy;3;3;1.0;0.666667;3;3;0;0;0;0.0;0.0;0.0;0.0;0.0;0.0;0.0082;0.0054;0.01386;0.014612;0.0148;0.0049;27
ablation_no_sat;happy_guided_reordered;Happy – même objectif mais ordre différent (c3 → c1 → c2);happy;3;3;1.0;0.666667;3;3;0;0;0;0.0;0.0;0.0;0.0;0.0;0.0;0.292333;0.2497;0.36634;0.376708;0.3793;0.24885;27
ablation_no_real;happy_guided_reordered;Happy – même objectif mais ordre différent (c3 → c1 → c2);happy;3;3;1.0;0.666667;3;3;0;0;0;0.0;0.0;0.0;0.0;0.0;0.0;0.496467;0.4339;0.6085;0.62402;0.6279;0.43075;27
ablation_ceval_any_intersection;happy_guided_reordered;Happy – même objectif mais ordre différent (c3 → c1 → c2);happy;3;3;1.0;0.666667;3;3;0;0;0;0.0;0.0;0.0;0.0;0.0;0.0;0.2846;0.2467;0.3511;0.36038;0.3627;0.24555;27
baseline_random_matched;happy_guided_reordered;Happy – même objectif mais ordre différent (c3 → c1 → c2);happy;3;1;0.333333;0.111111;;;0;2;0;0.0;0.666667;0.0;0.0;0.0;0.0;0.001233;0.0007;0.00241;0.002562;0.0026;0.00055;27
mcad;happy_guided_compact;Happy – parcours compact guidé;happy;3;3;1.0;0.666667;3;3;0;0;0;0.0;0.0;0.0;0.0;0.0;0.0;0.381233;0.4234;0.42673;0.427026;0.2932;0.42525;27
baseline_naive;happy_guided_compact;Happy – parcours compact guidé;happy;3;3;1.0;0.666667;3;3;0;0;0;0.0;0.0;0.0;0.0;0.0;0.0;0.001;0.0008;0.00161;0.001682;0.0017;0.00065;27
baseline_measure_overlap;happy_guided_compact;Happy – parcours compact guidé;happy;3;3;1.0;0.666667;3;3;0;0;0;0.0;0.0;0.0;0.0;0.0;0.0;0.011533;0.0075;0.01893;0.019946;0.0202;0.0072;27
ablation_no_sat;happy_guided_compact;Happy – parcours compact guidé;happy;3;3;1.0;0.666667;3;3;0;0;0;0.0;0.0;0.0;0.0;0.0;0.0;0.2924;0.289;0.34183;0.346526;0.289;0.2941;27
ablation_no_real;happy_guided_compact;Happy – parcours compact guidé;happy;3;3;1.0;0.666667;3;3;0;0;0;0.0;0.0;0.0;0.0;0.0;0.0;0.297767;0.2909;0.34958;0.354796;0.2909;0.3012;27
ablation_ceval_any_intersection;happy_guided_compact;Happy – parcours compact guidé;happy;3;3;1.0;0.666667;3;3;0;0;0;0.0;0.0;0.0;0.0;0.0;0.0;0.2848;0.2739;0.33573;0.341226;0.2739;0.29025;27
baseline_random_matched;happy_guided_compact;Happy – parcours compact guidé;happy;3;0;0.0;0.0;;;0;3;0;0.0;1.0;0.0;0.0;0.0;0.0;0.001267;0.0007;0.00241;0.002562;0.0026;0.0006;27
mcad;border_growth_partial_1998_only;Border – croissance partielle 1998 seulement;border;1;0;0.0;0.0;;;0;0;0;0.0;0.0;0.0;0.0;0.0;1.0;0.3385;0.3385;0.3385;0.3385;0.3385;0.0;27
baseline_naive;border_growth_partial_1998_only;Border – croissance partielle 1998 seulement;border;1;1;0.0;0.0;;;1;0;1;1.0;0.0;1.0;0.0;0.0;0.0;0.001;0.001;0.001;0.001;0.001;0.0;27
baseline_measure_overlap;border_growth_partial_1998_only;Border – croissance partielle 1998 seulement;border;1;1;0.0;0.0;;;1;0;1;1.0;0.0;1.0;0.0;0.0;0.0;0.0176;0.0176;0.0176;0.0176;0.0176;0.0;27
ablation_no_sat;border_growth_partial_1998_only;Border – croissance partielle 1998 seulement;border;1;0;0.0;0.0;;;0;0;0;0.0;0.0;0.0;0.0;0.0;1.0;0.3383;0.3383;0.3383;0.3383;0.3383;0.0;27
ablation_no_real;border_growth_partial_1998_only;Border – croissance partielle 1998 seulement;border;1;1;0.0;0.0;;;1;0;1;1.0;0.0;1.0;0.0;0.0;1.0;0.3434;0.3434;0.3434;0.3434;0.3434;0.0;27
ablation_ceval_any_intersection;border_growth_partial_1998_only;Border – croissance partielle 1998 seulement;border;1;1;0.0;0.0;;;1;0;1;1.0;0.0;1.0;0.0;0.0;0.0;0.3452;0.3452;0.3452;0.3452;0.3452;0.0;27
baseline_random_matched;border_growth_partial_1998_only;Border – croissance partielle 1998 seulement;border;1;0;0.0;0.0;;;0;0;0;0.0;0.0;0.0;0.0;0.0;0.0;0.0043;0.0043;0.0043;0.0043;0.0043;0.0;27
mcad;border_margin_wrong_grain;Border – marge avec grain trop grossier;border;1;0;0.0;0.0;;;0;0;0;0.0;0.0;0.0;1.0;0.0;0.0;0.4049;0.4049;0.4049;0.4049;0.4049;0.0;27
baseline_naive;border_margin_wrong_grain;Border – marge avec grain trop grossier;border;1;1;0.0;0.0;;;1;0;1;1.0;0.0;1.0;0.0;0.0;0.0;0.0016;0.0016;0.0016;0.0016;0.0016;0.0;27
baseline_measure_overlap;border_margin_wrong_grain;Border – marge avec grain trop grossier;border;1;1;0.0;0.0;;;1;0;1;1.0;0.0;1.0;0.0;0.0;0.0;0.028;0.028;0.028;0.028;0.028;0.0;27
ablation_no_sat;border_margin_wrong_grain;Border – marge avec grain trop grossier;border;1;0;0.0;0.0;;;0;0;0;0.0;0.0;0.0;1.0;0.0;0.0;0.2849;0.2849;0.2849;0.2849;0.2849;0.0;27
ablation_no_real;border_margin_wrong_grain;Border – marge avec grain trop grossier;border;1;0;0.0;0.0;;;0;0;0;0.0;0.0;0.0;1.0;0.0;0.0;0.2148;0.2148;0.2148;0.2148;0.2148;0.0;27
ablation_ceval_any_intersection;border_margin_wrong_grain;Border – marge avec grain trop grossier;border;1;0;0.0;0.0;;;0;0;0;0.0;0.0;0.0;1.0;0.0;0.0;0.3436;0.3436;0.3436;0.3436;0.3436;0.0;27
baseline_random_matched;border_margin_wrong_grain;Border – marge avec grain trop grossier;border;1;1;0.0;0.0;;;1;0;1;1.0;0.0;1.0;0.0;0.0;0.0;0.0033;0.0033;0.0033;0.0033;0.0033;0.0;27
mcad;border_stockout_missing_store;Border – rupture sans grain magasin;border;1;0;0.0;0.0;;;0;0;0;0.0;0.0;0.0;1.0;0.0;0.0;0.3437;0.3437;0.3437;0.3437;0.3437;0.0;27
baseline_naive;border_stockout_missing_store;Border – rupture sans grain magasin;border;1;1;0.0;0.0;;;1;0;1;1.0;0.0;1.0;0.0;0.0;0.0;0.0015;0.0015;0.0015;0.0015;0.0015;0.0;27
baseline_measure_overlap;border_stockout_missing_store;Border – rupture sans grain magasin;border;1;1;0.0;0.0;;;1;0;1;1.0;0.0;1.0;0.0;0.0;0.0;0.0162;0.0162;0.0162;0.0162;0.0162;0.0;27
ablation_no_sat;border_stockout_missing_store;Border – rupture sans grain magasin;border;1;0;0.0;0.0;;;0;0;0;0.0;0.0;0.0;1.0;0.0;0.0;0.2796;0.2796;0.2796;0.2796;0.2796;0.0;27
ablation_no_real;border_stockout_missing_store;Border – rupture sans grain magasin;border;1;0;0.0;0.0;;;0;0;0;0.0;0.0;0.0;1.0;0.0;0.0;0.2105;0.2105;0.2105;0.2105;0.2105;0.0;27
ablation_ceval_any_intersection;border_stockout_missing_store;Border – rupture sans grain magasin;border;1;0;0.0;0.0;;;0;0;0;0.0;0.0;0.0;1.0;0.0;0.0;0.1994;0.1994;0.1994;0.1994;0.1994;0.0;27
baseline_random_matched;border_stockout_missing_store;Border – rupture sans grain magasin;border;1;1;0.0;0.0;;;1;0;1;1.0;0.0;1.0;0.0;0.0;0.0;0.0031;0.0031;0.0031;0.0031;0.0031;0.0;27
mcad;adversarial_wrong_region;Adversarial – bonne mesure mais mauvaise région;adversarial;1;0;0.0;0.0;;;0;0;0;0.0;0.0;0.0;1.0;0.0;0.0;0.2623;0.2623;0.2623;0.2623;0.2623;0.0;27
baseline_naive;adversarial_wrong_region;Adversarial – bonne mesure mais mauvaise région;adversarial;1;1;0.0;0.0;;;1;0;1;1.0;0.0;1.0;0.0;0.0;0.0;0.0011;0.0011;0.0011;0.0011;0.0011;0.0;27
baseline_measure_overlap;adversarial_wrong_region;Adversarial – bonne mesure mais mauvaise région;adversarial;1;1;0.0;0.0;;;1;0;1;1.0;0.0;1.0;0.0;0.0;0.0;0.0148;0.0148;0.0148;0.0148;0.0148;0.0;27
ablation_no_sat;adversarial_wrong_region;Adversarial – bonne mesure mais mauvaise région;adversarial;1;0;0.0;0.0;;;0;0;0;0.0;0.0;0.0;1.0;0.0;0.0;0.2114;0.2114;0.2114;0.2114;0.2114;0.0;27
ablation_no_real;adversarial_wrong_region;Adversarial – bonne mesure mais mauvaise région;adversarial;1;0;0.0;0.0;;;0;0;0;0.0;0.0;0.0;1.0;0.0;0.0;0.175;0.175;0.175;0.175;0.175;0.0;27
ablation_ceval_any_intersection;adversarial_wrong_region;Adversarial – bonne mesure mais mauvaise région;adversarial;1;0;0.0;0.0;;;0;0;0;0.0;0.0;0.0;1.0;0.0;0.0;0.1676;0.1676;0.1676;0.1676;0.1676;0.0;27
baseline_random_matched;adversarial_wrong_region;Adversarial – bonne mesure mais mauvaise région;adversarial;1;0;0.0;0.0;;;0;0;0;0.0;0.0;0.0;0.0;0.0;0.0;0.0031;0.0031;0.0031;0.0031;0.0031;0.0;27
mcad;adversarial_wrong_year;Adversarial – bonne structure mais mauvaise année;adversarial;1;0;0.0;0.0;;;0;0;0;0.0;0.0;0.0;1.0;0.0;0.0;0.1751;0.1751;0.1751;0.1751;0.1751;0.0;27
baseline_naive;adversarial_wrong_year;Adversarial – bonne structure mais mauvaise année;adversarial;1;1;0.0;0.0;;;1;0;1;1.0;0.0;1.0;0.0;0.0;0.0;0.0013;0.0013;0.0013;0.0013;0.0013;0.0;27
baseline_measure_overlap;adversarial_wrong_year;Adversarial – bonne structure mais mauvaise année;adversarial;1;1;0.0;0.0;;;1;0;1;1.0;0.0;1.0;0.0;0.0;0.0;0.0131;0.0131;0.0131;0.0131;0.0131;0.0;27
ablation_no_sat;adversarial_wrong_year;Adversarial – bonne structure mais mauvaise année;adversarial;1;0;0.0;0.0;;;0;0;0;0.0;0.0;0.0;1.0;0.0;0.0;0.1901;0.1901;0.1901;0.1901;0.1901;0.0;27
ablation_no_real;adversarial_wrong_year;Adversarial – bonne structure mais mauvaise année;adversarial;1;0;0.0;0.0;;;0;0;0;0.0;0.0;0.0;1.0;0.0;0.0;0.1701;0.1701;0.1701;0.1701;0.1701;0.0;27
ablation_ceval_any_intersection;adversarial_wrong_year;Adversarial – bonne structure mais mauvaise année;adversarial;1;0;0.0;0.0;;;0;0;0;0.0;0.0;0.0;1.0;0.0;0.0;0.1614;0.1614;0.1614;0.1614;0.1614;0.0;27
baseline_random_matched;adversarial_wrong_year;Adversarial – bonne structure mais mauvaise année;adversarial;1;1;0.0;0.0;;;1;0;1;1.0;0.0;1.0;0.0;0.0;0.0;0.0032;0.0032;0.0032;0.0032;0.0032;0.0;27
mcad;adversarial_invalid_no_measures;Adversarial – requête invalide sans mesure;adversarial;1;0;0.0;0.0;;;0;0;0;0.0;0.0;0.0;1.0;0.0;0.0;0.0734;0.0734;0.0734;0.0734;0.0734;0.0;27
baseline_naive;adversarial_invalid_no_measures;Adversarial – requête invalide sans mesure;adversarial;1;1;0.0;0.0;;;1;0;1;1.0;0.0;1.0;0.0;0.0;0.0;0.001;0.001;0.001;0.001;0.001;0.0;27
baseline_measure_overlap;adversarial_invalid_no_measures;Adversarial – requête invalide sans mesure;adversarial;1;0;0.0;0.0;;;0;0;0;0.0;0.0;0.0;0.0;0.0;0.0;0.0173;0.0173;0.0173;0.0173;0.0173;0.0;27
ablation_no_sat;adversarial_invalid_no_measures;Adversarial – requête invalide sans mesure;adversarial;1;0;0.0;0.0;;;0;0;0;0.0;0.0;0.0;1.0;0.0;0.0;0.0895;0.0895;0.0895;0.0895;0.0895;0.0;27
ablation_no_real;adversarial_invalid_no_measures;Adversarial – requête invalide sans mesure;adversarial;1;0;0.0;0.0;;;0;0;0;0.0;0.0;0.0;1.0;0.0;0.0;0.0792;0.0792;0.0792;0.0792;0.0792;0.0;27
ablation_ceval_any_intersection;adversarial_invalid_no_measures;Adversarial – requête invalide sans mesure;adversarial;1;0;0.0;0.0;;;0;0;0;0.0;0.0;0.0;1.0;0.0;0.0;0.0712;0.0712;0.0712;0.0712;0.0712;0.0;27
baseline_random_matched;adversarial_invalid_no_measures;Adversarial – requête invalide sans mesure;adversarial;1;1;0.0;0.0;;;1;0;1;1.0;0.0;1.0;0.0;0.0;0.0;0.0028;0.0028;0.0028;0.0028;0.0028;0.0;27
mcad;stress_exploratory_then_useful;Stress – bruit exploratoire avant requête utile;stress;3;1;0.333333;0.111111;;;0;0;0;0.0;0.0;0.0;0.666667;0.0;0.0;0.201167;0.2088;0.24822;0.251724;0.2088;0.19735;27
baseline_naive;stress_exploratory_then_useful;Stress – bruit exploratoire avant requête utile;stress;3;3;0.333333;0.111111;;;2;0;2;0.666667;0.0;0.666667;0.0;0.0;0.0;0.000567;0.0005;0.00086;0.000892;0.0009;0.0004;27
baseline_measure_overlap;stress_exploratory_then_useful;Stress – bruit exploratoire avant requête utile;stress;3;3;0.333333;0.111111;;;2;0;2;0.666667;0.0;0.666667;0.0;0.0;0.0;0.011067;0.0084;0.01686;0.017612;0.0178;0.0077;27
ablation_no_sat;stress_exploratory_then_useful;Stress – bruit exploratoire avant requête utile;stress;3;1;0.333333;0.111111;;;0;0;0;0.0;0.0;0.0;0.666667;0.0;0.0;0.2216;0.2452;0.24916;0.249512;0.2496;0.2076;27
ablation_no_real;stress_exploratory_then_useful;Stress – bruit exploratoire avant requête utile;stress;3;1;0.333333;0.111111;;;0;0;0;0.0;0.0;0.0;0.666667;0.0;0.0;0.213233;0.2023;0.28087;0.287854;0.2023;0.2187;27
ablation_ceval_any_intersection;stress_exploratory_then_useful;Stress – bruit exploratoire avant requête utile;stress;3;1;0.333333;0.111111;;;0;0;0;0.0;0.0;0.0;0.666667;0.0;0.0;0.1929;0.1926;0.23904;0.243168;0.1926;0.19305;27
baseline_random_matched;stress_exploratory_then_useful;Stress – bruit exploratoire avant requête utile;stress;3;1;0.0;0.0;;;1;1;1;0.333333;0.333333;1.0;0.0;0.0;0.0;0.0047;0.0008;0.01151;0.012462;0.0127;0.0007;27
mcad;happy_guided_article_short;Happy – parcours guidé article (c1 → c2 → c3);happy;3;3;1.0;0.666667;3;3;0;0;0;0.0;0.0;0.0;0.0;0.0;0.0;0.283067;0.2781;0.32076;0.324552;0.2781;0.28555;28
baseline_naive;happy_guided_article_short;Happy – parcours guidé article (c1 → c2 → c3);happy;3;3;1.0;0.666667;3;3;0;0;0;0.0;0.0;0.0;0.0;0.0;0.0;0.000567;0.0005;0.00086;0.000892;0.0009;0.0004;28
baseline_measure_overlap;happy_guided_article_short;Happy – parcours guidé article (c1 → c2 → c3);happy;3;3;1.0;0.666667;3;3;0;0;0;0.0;0.0;0.0;0.0;0.0;0.0;0.011033;0.0082;0.01675;0.01751;0.0177;0.0077;28
ablation_no_sat;happy_guided_article_short;Happy – parcours guidé article (c1 → c2 → c3);happy;3;3;1.0;0.666667;3;3;0;0;0;0.0;0.0;0.0;0.0;0.0;0.0;0.286967;0.2797;0.3229;0.32674;0.2797;0.2906;28
ablation_no_real;happy_guided_article_short;Happy – parcours guidé article (c1 → c2 → c3);happy;3;3;1.0;0.666667;3;3;0;0;0;0.0;0.0;0.0;0.0;0.0;0.0;0.3009;0.2863;0.33166;0.335692;0.2863;0.3082;28
ablation_ceval_any_intersection;happy_guided_article_short;Happy – parcours guidé article (c1 → c2 → c3);happy;3;3;1.0;0.666667;3;3;0;0;0;0.0;0.0;0.0;0.0;0.0;0.0;0.312767;0.3304;0.33562;0.336084;0.2717;0.3333;28
baseline_random_matched;happy_guided_article_short;Happy – parcours guidé article (c1 → c2 → c3);happy;3;1;0.333333;0.222222;;;0;2;0;0.0;0.666667;0.0;0.0;0.0;0.0;0.0012;0.0006;0.00231;0.002462;0.0025;0.00055;28
mcad;happy_guided_reordered;Happy – même objectif mais ordre différent (c3 → c1 → c2);happy;3;3;1.0;0.666667;3;3;0;0;0;0.0;0.0;0.0;0.0;0.0;0.0;0.312733;0.323;0.35954;0.362788;0.3636;0.2873;28
baseline_naive;happy_guided_reordered;Happy – même objectif mais ordre différent (c3 → c1 → c2);happy;3;3;1.0;0.666667;3;3;0;0;0;0.0;0.0;0.0;0.0;0.0;0.0;0.0006;0.0005;0.00086;0.000892;0.0009;0.00045;28
baseline_measure_overlap;happy_guided_reordered;Happy – même objectif mais ordre différent (c3 → c1 → c2);happy;3;3;1.0;0.666667;3;3;0;0;0;0.0;0.0;0.0;0.0;0.0;0.0;0.007633;0.0054;0.01197;0.012554;0.0127;0.0051;28
ablation_no_sat;happy_guided_reordered;Happy – même objectif mais ordre différent (c3 → c1 → c2);happy;3;3;1.0;0.666667;3;3;0;0;0;0.0;0.0;0.0;0.0;0.0;0.0;0.296067;0.2491;0.38599;0.398158;0.4012;0.2435;28
ablation_no_real;happy_guided_reordered;Happy – même objectif mais ordre différent (c3 → c1 → c2);happy;3;3;1.0;0.666667;3;3;0;0;0;0.0;0.0;0.0;0.0;0.0;0.0;0.292233;0.2528;0.36908;0.379416;0.382;0.24735;28
ablation_ceval_any_intersection;happy_guided_reordered;Happy – même objectif mais ordre différent (c3 → c1 → c2);happy;3;3;1.0;0.666667;3;3;0;0;0;0.0;0.0;0.0;0.0;0.0;0.0;0.2882;0.2576;0.35642;0.365204;0.3674;0.2486;28
baseline_random_matched;happy_guided_reordered;Happy – même objectif mais ordre différent (c3 → c1 → c2);happy;3;2;0.666667;0.333333;;;0;1;0;0.0;0.333333;0.0;0.0;0.0;0.0;0.0014;0.0006;0.00285;0.00305;0.0031;0.00055;28
mcad;happy_guided_compact;Happy – parcours compact guidé;happy;3;3;1.0;0.666667;3;3;0;0;0;0.0;0.0;0.0;0.0;0.0;0.0;0.485767;0.467;0.56132;0.569704;0.467;0.49515;28
baseline_naive;happy_guided_compact;Happy – parcours compact guidé;happy;3;3;1.0;0.666667;3;3;0;0;0;0.0;0.0;0.0;0.0;0.0;0.0;0.000567;0.0004;0.00094;0.000988;0.001;0.00035;28
baseline_measure_overlap;happy_guided_compact;Happy – parcours compact guidé;happy;3;3;1.0;0.666667;3;3;0;0;0;0.0;0.0;0.0;0.0;0.0;0.0;0.007733;0.0051;0.01293;0.013626;0.0138;0.0047;28
ablation_no_sat;happy_guided_compact;Happy – parcours compact guidé;happy;3;3;1.0;0.666667;3;3;0;0;0;0.0;0.0;0.0;0.0;0.0;0.0;0.287433;0.2798;0.3356;0.34056;0.2798;0.29125;28
ablation_no_real;happy_guided_compact;Happy – parcours compact guidé;happy;3;3;1.0;0.666667;3;3;0;0;0;0.0;0.0;0.0;0.0;0.0;0.0;0.296833;0.2847;0.34374;0.348988;0.2847;0.3029;28
ablation_ceval_any_intersection;happy_guided_compact;Happy – parcours compact guidé;happy;3;3;1.0;0.666667;3;3;0;0;0;0.0;0.0;0.0;0.0;0.0;0.0;0.285033;0.2741;0.3353;0.34074;0.2741;0.2905;28
baseline_random_matched;happy_guided_compact;Happy – parcours compact guidé;happy;3;1;0.333333;0.222222;;;0;2;0;0.0;0.666667;0.0;0.0;0.0;0.0;0.001333;0.0007;0.00259;0.002758;0.0028;0.0006;28
mcad;border_growth_partial_1998_only;Border – croissance partielle 1998 seulement;border;1;0;0.0;0.0;;;0;0;0;0.0;0.0;0.0;0.0;0.0;1.0;0.5645;0.5645;0.5645;0.5645;0.5645;0.0;28
baseline_naive;border_growth_partial_1998_only;Border – croissance partielle 1998 seulement;border;1;1;0.0;0.0;;;1;0;1;1.0;0.0;1.0;0.0;0.0;0.0;0.001;0.001;0.001;0.001;0.001;0.0;28
baseline_measure_overlap;border_growth_partial_1998_only;Border – croissance partielle 1998 seulement;border;1;1;0.0;0.0;;;1;0;1;1.0;0.0;1.0;0.0;0.0;0.0;0.0127;0.0127;0.0127;0.0127;0.0127;0.0;28
ablation_no_sat;border_growth_partial_1998_only;Border – croissance partielle 1998 seulement;border;1;0;0.0;0.0;;;0;0;0;0.0;0.0;0.0;0.0;0.0;1.0;0.3403;0.3403;0.3403;0.3403;0.3403;0.0;28
ablation_no_real;border_growth_partial_1998_only;Border – croissance partielle 1998 seulement;border;1;1;0.0;0.0;;;1;0;1;1.0;0.0;1.0;0.0;0.0;1.0;0.3424;0.3424;0.3424;0.3424;0.3424;0.0;28
ablation_ceval_any_intersection;border_growth_partial_1998_only;Border – croissance partielle 1998 seulement;border;1;1;0.0;0.0;;;1;0;1;1.0;0.0;1.0;0.0;0.0;0.0;0.3463;0.3463;0.3463;0.3463;0.3463;0.0;28
baseline_random_matched;border_growth_partial_1998_only;Border – croissance partielle 1998 seulement;border;1;1;0.0;0.0;;;1;0;1;1.0;0.0;1.0;0.0;0.0;0.0;0.0027;0.0027;0.0027;0.0027;0.0027;0.0;28
mcad;border_margin_wrong_grain;Border – marge avec grain trop grossier;border;1;0;0.0;0.0;;;0;0;0;0.0;0.0;0.0;1.0;0.0;0.0;0.1947;0.1947;0.1947;0.1947;0.1947;0.0;28
baseline_naive;border_margin_wrong_grain;Border – marge avec grain trop grossier;border;1;1;0.0;0.0;;;1;0;1;1.0;0.0;1.0;0.0;0.0;0.0;0.0012;0.0012;0.0012;0.0012;0.0012;0.0;28
baseline_measure_overlap;border_margin_wrong_grain;Border – marge avec grain trop grossier;border;1;1;0.0;0.0;;;1;0;1;1.0;0.0;1.0;0.0;0.0;0.0;0.0125;0.0125;0.0125;0.0125;0.0125;0.0;28
ablation_no_sat;border_margin_wrong_grain;Border – marge avec grain trop grossier;border;1;0;0.0;0.0;;;0;0;0;0.0;0.0;0.0;1.0;0.0;0.0;0.2922;0.2922;0.2922;0.2922;0.2922;0.0;28
ablation_no_real;border_margin_wrong_grain;Border – marge avec grain trop grossier;border;1;0;0.0;0.0;;;0;0;0;0.0;0.0;0.0;1.0;0.0;0.0;0.2029;0.2029;0.2029;0.2029;0.2029;0.0;28
ablation_ceval_any_intersection;border_margin_wrong_grain;Border – marge avec grain trop grossier;border;1;0;0.0;0.0;;;0;0;0;0.0;0.0;0.0;1.0;0.0;0.0;0.2742;0.2742;0.2742;0.2742;0.2742;0.0;28
baseline_random_matched;border_margin_wrong_grain;Border – marge avec grain trop grossier;border;1;1;0.0;0.0;;;1;0;1;1.0;0.0;1.0;0.0;0.0;0.0;0.0028;0.0028;0.0028;0.0028;0.0028;0.0;28
mcad;border_stockout_missing_store;Border – rupture sans grain magasin;border;1;0;0.0;0.0;;;0;0;0;0.0;0.0;0.0;1.0;0.0;0.0;0.3388;0.3388;0.3388;0.3388;0.3388;0.0;28
baseline_naive;border_stockout_missing_store;Border – rupture sans grain magasin;border;1;1;0.0;0.0;;;1;0;1;1.0;0.0;1.0;0.0;0.0;0.0;0.0009;0.0009;0.0009;0.0009;0.0009;0.0;28
baseline_measure_overlap;border_stockout_missing_store;Border – rupture sans grain magasin;border;1;1;0.0;0.0;;;1;0;1;1.0;0.0;1.0;0.0;0.0;0.0;0.0159;0.0159;0.0159;0.0159;0.0159;0.0;28
ablation_no_sat;border_stockout_missing_store;Border – rupture sans grain magasin;border;1;0;0.0;0.0;;;0;0;0;0.0;0.0;0.0;1.0;0.0;0.0;0.2757;0.2757;0.2757;0.2757;0.2757;0.0;28
ablation_no_real;border_stockout_missing_store;Border – rupture sans grain magasin;border;1;0;0.0;0.0;;;0;0;0;0.0;0.0;0.0;1.0;0.0;0.0;0.2054;0.2054;0.2054;0.2054;0.2054;0.0;28
ablation_ceval_any_intersection;border_stockout_missing_store;Border – rupture sans grain magasin;border;1;0;0.0;0.0;;;0;0;0;0.0;0.0;0.0;1.0;0.0;0.0;0.1975;0.1975;0.1975;0.1975;0.1975;0.0;28
baseline_random_matched;border_stockout_missing_store;Border – rupture sans grain magasin;border;1;0;0.0;0.0;;;0;0;0;0.0;0.0;0.0;0.0;0.0;0.0;0.0033;0.0033;0.0033;0.0033;0.0033;0.0;28
mcad;adversarial_wrong_region;Adversarial – bonne mesure mais mauvaise région;adversarial;1;0;0.0;0.0;;;0;0;0;0.0;0.0;0.0;1.0;0.0;0.0;0.1696;0.1696;0.1696;0.1696;0.1696;0.0;28
baseline_naive;adversarial_wrong_region;Adversarial – bonne mesure mais mauvaise région;adversarial;1;1;0.0;0.0;;;1;0;1;1.0;0.0;1.0;0.0;0.0;0.0;0.0009;0.0009;0.0009;0.0009;0.0009;0.0;28
baseline_measure_overlap;adversarial_wrong_region;Adversarial – bonne mesure mais mauvaise région;adversarial;1;1;0.0;0.0;;;1;0;1;1.0;0.0;1.0;0.0;0.0;0.0;0.0129;0.0129;0.0129;0.0129;0.0129;0.0;28
ablation_no_sat;adversarial_wrong_region;Adversarial – bonne mesure mais mauvaise région;adversarial;1;0;0.0;0.0;;;0;0;0;0.0;0.0;0.0;1.0;0.0;0.0;0.206;0.206;0.206;0.206;0.206;0.0;28
ablation_no_real;adversarial_wrong_region;Adversarial – bonne mesure mais mauvaise région;adversarial;1;0;0.0;0.0;;;0;0;0;0.0;0.0;0.0;1.0;0.0;0.0;0.1746;0.1746;0.1746;0.1746;0.1746;0.0;28
ablation_ceval_any_intersection;adversarial_wrong_region;Adversarial – bonne mesure mais mauvaise région;adversarial;1;0;0.0;0.0;;;0;0;0;0.0;0.0;0.0;1.0;0.0;0.0;0.1695;0.1695;0.1695;0.1695;0.1695;0.0;28
baseline_random_matched;adversarial_wrong_region;Adversarial – bonne mesure mais mauvaise région;adversarial;1;1;0.0;0.0;;;1;0;1;1.0;0.0;1.0;0.0;0.0;0.0;0.0039;0.0039;0.0039;0.0039;0.0039;0.0;28
mcad;adversarial_wrong_year;Adversarial – bonne structure mais mauvaise année;adversarial;1;0;0.0;0.0;;;0;0;0;0.0;0.0;0.0;1.0;0.0;0.0;0.1721;0.1721;0.1721;0.1721;0.1721;0.0;28
baseline_naive;adversarial_wrong_year;Adversarial – bonne structure mais mauvaise année;adversarial;1;1;0.0;0.0;;;1;0;1;1.0;0.0;1.0;0.0;0.0;0.0;0.0009;0.0009;0.0009;0.0009;0.0009;0.0;28
baseline_measure_overlap;adversarial_wrong_year;Adversarial – bonne structure mais mauvaise année;adversarial;1;1;0.0;0.0;;;1;0;1;1.0;0.0;1.0;0.0;0.0;0.0;0.0133;0.0133;0.0133;0.0133;0.0133;0.0;28
ablation_no_sat;adversarial_wrong_year;Adversarial – bonne structure mais mauvaise année;adversarial;1;0;0.0;0.0;;;0;0;0;0.0;0.0;0.0;1.0;0.0;0.0;0.2174;0.2174;0.2174;0.2174;0.2174;0.0;28
ablation_no_real;adversarial_wrong_year;Adversarial – bonne structure mais mauvaise année;adversarial;1;0;0.0;0.0;;;0;0;0;0.0;0.0;0.0;1.0;0.0;0.0;0.1707;0.1707;0.1707;0.1707;0.1707;0.0;28
ablation_ceval_any_intersection;adversarial_wrong_year;Adversarial – bonne structure mais mauvaise année;adversarial;1;0;0.0;0.0;;;0;0;0;0.0;0.0;0.0;1.0;0.0;0.0;0.1642;0.1642;0.1642;0.1642;0.1642;0.0;28
baseline_random_matched;adversarial_wrong_year;Adversarial – bonne structure mais mauvaise année;adversarial;1;1;0.0;0.0;;;1;0;1;1.0;0.0;1.0;0.0;0.0;0.0;0.0025;0.0025;0.0025;0.0025;0.0025;0.0;28
mcad;adversarial_invalid_no_measures;Adversarial – requête invalide sans mesure;adversarial;1;0;0.0;0.0;;;0;0;0;0.0;0.0;0.0;1.0;0.0;0.0;0.1072;0.1072;0.1072;0.1072;0.1072;0.0;28
baseline_naive;adversarial_invalid_no_measures;Adversarial – requête invalide sans mesure;adversarial;1;1;0.0;0.0;;;1;0;1;1.0;0.0;1.0;0.0;0.0;0.0;0.0009;0.0009;0.0009;0.0009;0.0009;0.0;28
baseline_measure_overlap;adversarial_invalid_no_measures;Adversarial – requête invalide sans mesure;adversarial;1;0;0.0;0.0;;;0;0;0;0.0;0.0;0.0;0.0;0.0;0.0;0.0128;0.0128;0.0128;0.0128;0.0128;0.0;28
ablation_no_sat;adversarial_invalid_no_measures;Adversarial – requête invalide sans mesure;adversarial;1;0;0.0;0.0;;;0;0;0;0.0;0.0;0.0;1.0;0.0;0.0;0.0882;0.0882;0.0882;0.0882;0.0882;0.0;28
ablation_no_real;adversarial_invalid_no_measures;Adversarial – requête invalide sans mesure;adversarial;1;0;0.0;0.0;;;0;0;0;0.0;0.0;0.0;1.0;0.0;0.0;0.0782;0.0782;0.0782;0.0782;0.0782;0.0;28
ablation_ceval_any_intersection;adversarial_invalid_no_measures;Adversarial – requête invalide sans mesure;adversarial;1;0;0.0;0.0;;;0;0;0;0.0;0.0;0.0;1.0;0.0;0.0;0.072;0.072;0.072;0.072;0.072;0.0;28
baseline_random_matched;adversarial_invalid_no_measures;Adversarial – requête invalide sans mesure;adversarial;1;1;0.0;0.0;;;1;0;1;1.0;0.0;1.0;0.0;0.0;0.0;0.0024;0.0024;0.0024;0.0024;0.0024;0.0;28
mcad;stress_exploratory_then_useful;Stress – bruit exploratoire avant requête utile;stress;3;1;0.333333;0.111111;;;0;0;0;0.0;0.0;0.0;0.666667;0.0;0.0;0.338733;0.3358;0.42751;0.435662;0.3358;0.3402;28
baseline_naive;stress_exploratory_then_useful;Stress – bruit exploratoire avant requête utile;stress;3;3;0.333333;0.111111;;;2;0;2;0.666667;0.0;0.666667;0.0;0.0;0.0;0.000567;0.0005;0.00086;0.000892;0.0009;0.0004;28
baseline_measure_overlap;stress_exploratory_then_useful;Stress – bruit exploratoire avant requête utile;stress;3;3;0.333333;0.111111;;;2;0;2;0.666667;0.0;0.666667;0.0;0.0;0.0;0.0074;0.0052;0.01213;0.012746;0.0129;0.00465;28
ablation_no_sat;stress_exploratory_then_useful;Stress – bruit exploratoire avant requête utile;stress;3;1;0.333333;0.111111;;;0;0;0;0.0;0.0;0.0;0.666667;0.0;0.0;0.2414;0.2365;0.25009;0.251298;0.2361;0.24405;28
ablation_no_real;stress_exploratory_then_useful;Stress – bruit exploratoire avant requête utile;stress;3;1;0.333333;0.111111;;;0;0;0;0.0;0.0;0.0;0.666667;0.0;0.0;0.207233;0.2132;0.25334;0.256908;0.2132;0.20425;28
ablation_ceval_any_intersection;stress_exploratory_then_useful;Stress – bruit exploratoire avant requête utile;stress;3;1;0.333333;0.111111;;;0;0;0;0.0;0.0;0.0;0.666667;0.0;0.0;0.195;0.1958;0.24215;0.24627;0.1958;0.1946;28
baseline_random_matched;stress_exploratory_then_useful;Stress – bruit exploratoire avant requête utile;stress;3;3;0.333333;0.111111;;;2;0;2;0.666667;0.0;0.666667;0.0;0.0;0.0;0.0012;0.0007;0.00214;0.002268;0.0023;0.00065;28
mcad;happy_guided_article_short;Happy – parcours guidé article (c1 → c2 → c3);happy;3;3;1.0;0.666667;3;3;0;0;0;0.0;0.0;0.0;0.0;0.0;0.0;0.294933;0.2866;0.33169;0.335698;0.2866;0.2991;29
baseline_naive;happy_guided_article_short;Happy – parcours guidé article (c1 → c2 → c3);happy;3;3;1.0;0.666667;3;3;0;0;0;0.0;0.0;0.0;0.0;0.0;0.0;0.000867;0.0007;0.00133;0.001386;0.0014;0.0006;29
baseline_measure_overlap;happy_guided_article_short;Happy – parcours guidé article (c1 → c2 → c3);happy;3;3;1.0;0.666667;3;3;0;0;0;0.0;0.0;0.0;0.0;0.0;0.0;0.007467;0.0056;0.01181;0.012362;0.0125;0.00495;29
ablation_no_sat;happy_guided_article_short;Happy – parcours guidé article (c1 → c2 → c3);happy;3;3;1.0;0.666667;3;3;0;0;0;0.0;0.0;0.0;0.0;0.0;0.0;0.2942;0.285;0.3426;0.34772;0.285;0.2988;29
ablation_no_real;happy_guided_article_short;Happy – parcours guidé article (c1 → c2 → c3);happy;3;3;1.0;0.666667;3;3;0;0;0;0.0;0.0;0.0;0.0;0.0;0.0;0.296733;0.287;0.34415;0.34923;0.287;0.3016;29
ablation_ceval_any_intersection;happy_guided_article_short;Happy – parcours guidé article (c1 → c2 → c3);happy;3;3;1.0;0.666667;3;3;0;0;0;0.0;0.0;0.0;0.0;0.0;0.0;0.289033;0.2765;0.33959;0.345198;0.2765;0.2953;29
baseline_random_matched;happy_guided_article_short;Happy – parcours guidé article (c1 → c2 → c3);happy;3;2;0.666667;0.444444;;;0;1;0;0.0;0.333333;0.0;0.0;0.0;0.0;0.001267;0.0007;0.00241;0.002562;0.0026;0.0006;29
mcad;happy_guided_reordered;Happy – même objectif mais ordre différent (c3 → c1 → c2);happy;3;3;1.0;0.666667;3;3;0;0;0;0.0;0.0;0.0;0.0;0.0;0.0;0.307467;0.2981;0.36371;0.369542;0.371;0.2757;29
baseline_naive;happy_guided_reordered;Happy – même objectif mais ordre différent (c3 → c1 → c2);happy;3;3;1.0;0.666667;3;3;0;0;0;0.0;0.0;0.0;0.0;0.0;0.0;0.000867;0.0007;0.00124;0.001288;0.0013;0.00065;29
baseline_measure_overlap;happy_guided_reordered;Happy – même objectif mais ordre différent (c3 → c1 → c2);happy;3;3;1.0;0.666667;3;3;0;0;0;0.0;0.0;0.0;0.0;0.0;0.0;0.007533;0.0053;0.01223;0.012846;0.013;0.0048;29
ablation_no_sat;happy_guided_reordered;Happy – même objectif mais ordre différent (c3 → c1 → c2);happy;3;3;1.0;0.666667;3;3;0;0;0;0.0;0.0;0.0;0.0;0.0;0.0;0.2905;0.2511;0.3672;0.37752;0.3801;0.2457;29
ablation_no_real;happy_guided_reordered;Happy – même objectif mais ordre différent (c3 → c1 → c2);happy;3;3;1.0;0.666667;3;3;0;0;0;0.0;0.0;0.0;0.0;0.0;0.0;0.2969;0.2558;0.37442;0.384964;0.3876;0.25155;29
ablation_ceval_any_intersection;happy_guided_reordered;Happy – même objectif mais ordre différent (c3 → c1 → c2);happy;3;3;1.0;0.666667;3;3;0;0;0;0.0;0.0;0.0;0.0;0.0;0.0;0.349667;0.3806;0.41984;0.423328;0.4242;0.3124;29
baseline_random_matched;happy_guided_reordered;Happy – même objectif mais ordre différent (c3 → c1 → c2);happy;3;2;0.666667;0.333333;;;0;1;0;0.0;0.333333;0.0;0.0;0.0;0.0;0.001233;0.0007;0.00232;0.002464;0.0025;0.0006;29
mcad;happy_guided_compact;Happy – parcours compact guidé;happy;3;3;1.0;0.666667;3;3;0;0;0;0.0;0.0;0.0;0.0;0.0;0.0;0.292333;0.2819;0.3458;0.35148;0.2819;0.29755;29
baseline_naive;happy_guided_compact;Happy – parcours compact guidé;happy;3;3;1.0;0.666667;3;3;0;0;0;0.0;0.0;0.0;0.0;0.0;0.0;0.000967;0.0008;0.00152;0.001584;0.0016;0.00065;29
baseline_measure_overlap;happy_guided_compact;Happy – parcours compact guidé;happy;3;3;1.0;0.666667;3;3;0;0;0;0.0;0.0;0.0;0.0;0.0;0.0;0.007467;0.0053;0.01205;0.01265;0.0128;0.0048;29
ablation_no_sat;happy_guided_compact;Happy – parcours compact guidé;happy;3;3;1.0;0.666667;3;3;0;0;0;0.0;0.0;0.0;0.0;0.0;0.0;0.294067;0.2848;0.34582;0.351244;0.2848;0.2987;29
ablation_no_real;happy_guided_compact;Happy – parcours compact guidé;happy;3;3;1.0;0.666667;3;3;0;0;0;0.0;0.0;0.0;0.0;0.0;0.0;0.298733;0.289;0.35092;0.356424;0.289;0.3036;29
ablation_ceval_any_intersection;happy_guided_compact;Happy – parcours compact guidé;happy;3;3;1.0;0.666667;3;3;0;0;0;0.0;0.0;0.0;0.0;0.0;0.0;0.291733;0.2796;0.34503;0.350846;0.2796;0.2978;29
baseline_random_matched;happy_guided_compact;Happy – parcours compact guidé;happy;3;2;0.666667;0.555556;;;0;1;0;0.0;0.333333;0.0;0.0;0.0;0.0;0.0013;0.0007;0.0025;0.00266;0.0027;0.0006;29
mcad;border_growth_partial_1998_only;Border – croissance partielle 1998 seulement;border;1;0;0.0;0.0;;;0;0;0;0.0;0.0;0.0;0.0;0.0;1.0;0.5861;0.5861;0.5861;0.5861;0.5861;0.0;29
baseline_naive;border_growth_partial_1998_only;Border – croissance partielle 1998 seulement;border;1;1;0.0;0.0;;;1;0;1;1.0;0.0;1.0;0.0;0.0;0.0;0.0011;0.0011;0.0011;0.0011;0.0011;0.0;29
baseline_measure_overlap;border_growth_partial_1998_only;Border – croissance partielle 1998 seulement;border;1;1;0.0;0.0;;;1;0;1;1.0;0.0;1.0;0.0;0.0;0.0;0.0128;0.0128;0.0128;0.0128;0.0128;0.0;29
ablation_no_sat;border_growth_partial_1998_only;Border – croissance partielle 1998 seulement;border;1;0;0.0;0.0;;;0;0;0;0.0;0.0;0.0;0.0;0.0;1.0;0.3514;0.3514;0.3514;0.3514;0.3514;0.0;29
ablation_no_real;border_growth_partial_1998_only;Border – croissance partielle 1998 seulement;border;1;1;0.0;0.0;;;1;0;1;1.0;0.0;1.0;0.0;0.0;1.0;0.3582;0.3582;0.3582;0.3582;0.3582;0.0;29
ablation_ceval_any_intersection;border_growth_partial_1998_only;Border – croissance partielle 1998 seulement;border;1;1;0.0;0.0;;;1;0;1;1.0;0.0;1.0;0.0;0.0;0.0;0.3364;0.3364;0.3364;0.3364;0.3364;0.0;29
baseline_random_matched;border_growth_partial_1998_only;Border – croissance partielle 1998 seulement;border;1;0;0.0;0.0;;;0;0;0;0.0;0.0;0.0;0.0;0.0;0.0;0.0022;0.0022;0.0022;0.0022;0.0022;0.0;29
mcad;border_margin_wrong_grain;Border – marge avec grain trop grossier;border;1;0;0.0;0.0;;;0;0;0;0.0;0.0;0.0;1.0;0.0;0.0;0.1969;0.1969;0.1969;0.1969;0.1969;0.0;29
baseline_naive;border_margin_wrong_grain;Border – marge avec grain trop grossier;border;1;1;0.0;0.0;;;1;0;1;1.0;0.0;1.0;0.0;0.0;0.0;0.0013;0.0013;0.0013;0.0013;0.0013;0.0;29
baseline_measure_overlap;border_margin_wrong_grain;Border – marge avec grain trop grossier;border;1;1;0.0;0.0;;;1;0;1;1.0;0.0;1.0;0.0;0.0;0.0;0.0134;0.0134;0.0134;0.0134;0.0134;0.0;29
ablation_no_sat;border_margin_wrong_grain;Border – marge avec grain trop grossier;border;1;0;0.0;0.0;;;0;0;0;0.0;0.0;0.0;1.0;0.0;0.0;0.2965;0.2965;0.2965;0.2965;0.2965;0.0;29
ablation_no_real;border_margin_wrong_grain;Border – marge avec grain trop grossier;border;1;0;0.0;0.0;;;0;0;0;0.0;0.0;0.0;1.0;0.0;0.0;0.2155;0.2155;0.2155;0.2155;0.2155;0.0;29
ablation_ceval_any_intersection;border_margin_wrong_grain;Border – marge avec grain trop grossier;border;1;0;0.0;0.0;;;0;0;0;0.0;0.0;0.0;1.0;0.0;0.0;0.1998;0.1998;0.1998;0.1998;0.1998;0.0;29
baseline_random_matched;border_margin_wrong_grain;Border – marge avec grain trop grossier;border;1;1;0.0;0.0;;;1;0;1;1.0;0.0;1.0;0.0;0.0;0.0;0.0038;0.0038;0.0038;0.0038;0.0038;0.0;29
mcad;border_stockout_missing_store;Border – rupture sans grain magasin;border;1;0;0.0;0.0;;;0;0;0;0.0;0.0;0.0;1.0;0.0;0.0;0.2143;0.2143;0.2143;0.2143;0.2143;0.0;29
baseline_naive;border_stockout_missing_store;Border – rupture sans grain magasin;border;1;1;0.0;0.0;;;1;0;1;1.0;0.0;1.0;0.0;0.0;0.0;0.001;0.001;0.001;0.001;0.001;0.0;29
baseline_measure_overlap;border_stockout_missing_store;Border – rupture sans grain magasin;border;1;1;0.0;0.0;;;1;0;1;1.0;0.0;1.0;0.0;0.0;0.0;0.0137;0.0137;0.0137;0.0137;0.0137;0.0;29
ablation_no_sat;border_stockout_missing_store;Border – rupture sans grain magasin;border;1;0;0.0;0.0;;;0;0;0;0.0;0.0;0.0;1.0;0.0;0.0;0.3017;0.3017;0.3017;0.3017;0.3017;0.0;29
ablation_no_real;border_stockout_missing_store;Border – rupture sans grain magasin;border;1;0;0.0;0.0;;;0;0;0;0.0;0.0;0.0;1.0;0.0;0.0;0.2051;0.2051;0.2051;0.2051;0.2051;0.0;29
ablation_ceval_any_intersection;border_stockout_missing_store;Border – rupture sans grain magasin;border;1;0;0.0;0.0;;;0;0;0;0.0;0.0;0.0;1.0;0.0;0.0;0.1956;0.1956;0.1956;0.1956;0.1956;0.0;29
baseline_random_matched;border_stockout_missing_store;Border – rupture sans grain magasin;border;1;0;0.0;0.0;;;0;0;0;0.0;0.0;0.0;0.0;0.0;0.0;0.0028;0.0028;0.0028;0.0028;0.0028;0.0;29
mcad;adversarial_wrong_region;Adversarial – bonne mesure mais mauvaise région;adversarial;1;0;0.0;0.0;;;0;0;0;0.0;0.0;0.0;1.0;0.0;0.0;0.2828;0.2828;0.2828;0.2828;0.2828;0.0;29
baseline_naive;adversarial_wrong_region;Adversarial – bonne mesure mais mauvaise région;adversarial;1;1;0.0;0.0;;;1;0;1;1.0;0.0;1.0;0.0;0.0;0.0;0.0009;0.0009;0.0009;0.0009;0.0009;0.0;29
baseline_measure_overlap;adversarial_wrong_region;Adversarial – bonne mesure mais mauvaise région;adversarial;1;1;0.0;0.0;;;1;0;1;1.0;0.0;1.0;0.0;0.0;0.0;0.0131;0.0131;0.0131;0.0131;0.0131;0.0;29
ablation_no_sat;adversarial_wrong_region;Adversarial – bonne mesure mais mauvaise région;adversarial;1;0;0.0;0.0;;;0;0;0;0.0;0.0;0.0;1.0;0.0;0.0;0.2197;0.2197;0.2197;0.2197;0.2197;0.0;29
ablation_no_real;adversarial_wrong_region;Adversarial – bonne mesure mais mauvaise région;adversarial;1;0;0.0;0.0;;;0;0;0;0.0;0.0;0.0;1.0;0.0;0.0;0.1861;0.1861;0.1861;0.1861;0.1861;0.0;29
ablation_ceval_any_intersection;adversarial_wrong_region;Adversarial – bonne mesure mais mauvaise région;adversarial;1;0;0.0;0.0;;;0;0;0;0.0;0.0;0.0;1.0;0.0;0.0;0.1669;0.1669;0.1669;0.1669;0.1669;0.0;29
baseline_random_matched;adversarial_wrong_region;Adversarial – bonne mesure mais mauvaise région;adversarial;1;0;0.0;0.0;;;0;0;0;0.0;0.0;0.0;0.0;0.0;0.0;0.0028;0.0028;0.0028;0.0028;0.0028;0.0;29
mcad;adversarial_wrong_year;Adversarial – bonne structure mais mauvaise année;adversarial;1;0;0.0;0.0;;;0;0;0;0.0;0.0;0.0;1.0;0.0;0.0;0.2478;0.2478;0.2478;0.2478;0.2478;0.0;29
baseline_naive;adversarial_wrong_year;Adversarial – bonne structure mais mauvaise année;adversarial;1;1;0.0;0.0;;;1;0;1;1.0;0.0;1.0;0.0;0.0;0.0;0.0009;0.0009;0.0009;0.0009;0.0009;0.0;29
baseline_measure_overlap;adversarial_wrong_year;Adversarial – bonne structure mais mauvaise année;adversarial;1;1;0.0;0.0;;;1;0;1;1.0;0.0;1.0;0.0;0.0;0.0;0.0137;0.0137;0.0137;0.0137;0.0137;0.0;29
ablation_no_sat;adversarial_wrong_year;Adversarial – bonne structure mais mauvaise année;adversarial;1;0;0.0;0.0;;;0;0;0;0.0;0.0;0.0;1.0;0.0;0.0;0.1912;0.1912;0.1912;0.1912;0.1912;0.0;29
ablation_no_real;adversarial_wrong_year;Adversarial – bonne structure mais mauvaise année;adversarial;1;0;0.0;0.0;;;0;0;0;0.0;0.0;0.0;1.0;0.0;0.0;0.1727;0.1727;0.1727;0.1727;0.1727;0.0;29
ablation_ceval_any_intersection;adversarial_wrong_year;Adversarial – bonne structure mais mauvaise année;adversarial;1;0;0.0;0.0;;;0;0;0;0.0;0.0;0.0;1.0;0.0;0.0;0.1648;0.1648;0.1648;0.1648;0.1648;0.0;29
baseline_random_matched;adversarial_wrong_year;Adversarial – bonne structure mais mauvaise année;adversarial;1;0;0.0;0.0;;;0;0;0;0.0;0.0;0.0;0.0;0.0;0.0;0.0026;0.0026;0.0026;0.0026;0.0026;0.0;29
mcad;adversarial_invalid_no_measures;Adversarial – requête invalide sans mesure;adversarial;1;0;0.0;0.0;;;0;0;0;0.0;0.0;0.0;1.0;0.0;0.0;0.0952;0.0952;0.0952;0.0952;0.0952;0.0;29
baseline_naive;adversarial_invalid_no_measures;Adversarial – requête invalide sans mesure;adversarial;1;1;0.0;0.0;;;1;0;1;1.0;0.0;1.0;0.0;0.0;0.0;0.0009;0.0009;0.0009;0.0009;0.0009;0.0;29
baseline_measure_overlap;adversarial_invalid_no_measures;Adversarial – requête invalide sans mesure;adversarial;1;0;0.0;0.0;;;0;0;0;0.0;0.0;0.0;0.0;0.0;0.0;0.0127;0.0127;0.0127;0.0127;0.0127;0.0;29
ablation_no_sat;adversarial_invalid_no_measures;Adversarial – requête invalide sans mesure;adversarial;1;0;0.0;0.0;;;0;0;0;0.0;0.0;0.0;1.0;0.0;0.0;0.0858;0.0858;0.0858;0.0858;0.0858;0.0;29
ablation_no_real;adversarial_invalid_no_measures;Adversarial – requête invalide sans mesure;adversarial;1;0;0.0;0.0;;;0;0;0;0.0;0.0;0.0;1.0;0.0;0.0;0.0775;0.0775;0.0775;0.0775;0.0775;0.0;29
ablation_ceval_any_intersection;adversarial_invalid_no_measures;Adversarial – requête invalide sans mesure;adversarial;1;0;0.0;0.0;;;0;0;0;0.0;0.0;0.0;1.0;0.0;0.0;0.0727;0.0727;0.0727;0.0727;0.0727;0.0;29
baseline_random_matched;adversarial_invalid_no_measures;Adversarial – requête invalide sans mesure;adversarial;1;0;0.0;0.0;;;0;0;0;0.0;0.0;0.0;0.0;0.0;0.0;0.0027;0.0027;0.0027;0.0027;0.0027;0.0;29
mcad;stress_exploratory_then_useful;Stress – bruit exploratoire avant requête utile;stress;3;1;0.333333;0.111111;;;0;0;0;0.0;0.0;0.0;0.666667;0.0;0.0;0.196333;0.1959;0.24603;0.250486;0.1959;0.19655;29
baseline_naive;stress_exploratory_then_useful;Stress – bruit exploratoire avant requête utile;stress;3;3;0.333333;0.111111;;;2;0;2;0.666667;0.0;0.666667;0.0;0.0;0.0;0.0008;0.0007;0.00115;0.00119;0.0012;0.0006;29
baseline_measure_overlap;stress_exploratory_then_useful;Stress – bruit exploratoire avant requête utile;stress;3;3;0.333333;0.111111;;;2;0;2;0.666667;0.0;0.666667;0.0;0.0;0.0;0.007533;0.0052;0.0124;0.01304;0.0132;0.0047;29
ablation_no_sat;stress_exploratory_then_useful;Stress – bruit exploratoire avant requête utile;stress;3;1;0.333333;0.111111;;;0;0;0;0.0;0.0;0.0;0.666667;0.0;0.0;0.222233;0.2312;0.24632;0.247664;0.2312;0.21775;29
ablation_no_real;stress_exploratory_then_useful;Stress – bruit exploratoire avant requête utile;stress;3;1;0.333333;0.111111;;;0;0;0;0.0;0.0;0.0;0.666667;0.0;0.0;0.2054;0.2143;0.25057;0.253794;0.2143;0.20095;29
ablation_ceval_any_intersection;stress_exploratory_then_useful;Stress – bruit exploratoire avant requête utile;stress;3;1;0.333333;0.111111;;;0;0;0;0.0;0.0;0.0;0.666667;0.0;0.0;0.1968;0.194;0.24854;0.253388;0.194;0.1982;29
baseline_random_matched;stress_exploratory_then_useful;Stress – bruit exploratoire avant requête utile;stress;3;2;0.333333;0.111111;;;1;0;1;0.333333;0.0;0.5;0.0;0.0;0.0;0.0017;0.0007;0.00349;0.003738;0.0038;0.00065;29
mcad;happy_guided_article_short;Happy – parcours guidé article (c1 → c2 → c3);happy;3;3;1.0;0.666667;3;3;0;0;0;0.0;0.0;0.0;0.0;0.0;0.0;0.299733;0.2819;0.33734;0.342268;0.2819;0.30865;30
baseline_naive;happy_guided_article_short;Happy – parcours guidé article (c1 → c2 → c3);happy;3;3;1.0;0.666667;3;3;0;0;0;0.0;0.0;0.0;0.0;0.0;0.0;0.0008;0.0007;0.00115;0.00119;0.0012;0.0006;30
baseline_measure_overlap;happy_guided_article_short;Happy – parcours guidé article (c1 → c2 → c3);happy;3;3;1.0;0.666667;3;3;0;0;0;0.0;0.0;0.0;0.0;0.0;0.0;0.007667;0.0053;0.01259;0.013238;0.0134;0.0048;30
ablation_no_sat;happy_guided_article_short;Happy – parcours guidé article (c1 → c2 → c3);happy;3;3;1.0;0.666667;3;3;0;0;0;0.0;0.0;0.0;0.0;0.0;0.0;0.289833;0.29;0.32933;0.332826;0.29;0.28975;30
ablation_no_real;happy_guided_article_short;Happy – parcours guidé article (c1 → c2 → c3);happy;3;3;1.0;0.666667;3;3;0;0;0;0.0;0.0;0.0;0.0;0.0;0.0;0.327033;0.2896;0.4174;0.42876;0.2896;0.34575;30
ablation_ceval_any_intersection;happy_guided_article_short;Happy – parcours guidé article (c1 → c2 → c3);happy;3;3;1.0;0.666667;3;3;0;0;0;0.0;0.0;0.0;0.0;0.0;0.0;0.284133;0.2741;0.32216;0.326432;0.2741;0.28915;30
baseline_random_matched;happy_guided_article_short;Happy – parcours guidé article (c1 → c2 → c3);happy;3;2;0.666667;0.444444;;;0;1;0;0.0;0.333333;0.0;0.0;0.0;0.0;0.001267;0.0007;0.00241;0.002562;0.0026;0.0006;30
mcad;happy_guided_reordered;Happy – même objectif mais ordre différent (c3 → c1 → c2);happy;3;3;1.0;0.666667;3;3;0;0;0;0.0;0.0;0.0;0.0;0.0;0.0;0.2917;0.2658;0.35733;0.365466;0.3675;0.2538;30
baseline_naive;happy_guided_reordered;Happy – même objectif mais ordre différent (c3 → c1 → c2);happy;3;3;1.0;0.666667;3;3;0;0;0;0.0;0.0;0.0;0.0;0.0;0.0;0.0007;0.0006;0.00105;0.00109;0.0011;0.0005;30
baseline_measure_overlap;happy_guided_reordered;Happy – même objectif mais ordre différent (c3 → c1 → c2);happy;3;3;1.0;0.666667;3;3;0;0;0;0.0;0.0;0.0;0.0;0.0;0.0;0.007533;0.0052;0.01231;0.012942;0.0131;0.00475;30
ablation_no_sat;happy_guided_reordered;Happy – même objectif mais ordre différent (c3 → c1 → c2);happy;3;3;1.0;0.666667;3;3;0;0;0;0.0;0.0;0.0;0.0;0.0;0.0;0.287633;0.2566;0.35326;0.361852;0.364;0.24945;30
ablation_no_real;happy_guided_reordered;Happy – même objectif mais ordre différent (c3 → c1 → c2);happy;3;3;1.0;0.666667;3;3;0;0;0;0.0;0.0;0.0;0.0;0.0;0.0;0.293567;0.2549;0.36011;0.369462;0.3718;0.25445;30
ablation_ceval_any_intersection;happy_guided_reordered;Happy – même objectif mais ordre différent (c3 → c1 → c2);happy;3;3;1.0;0.666667;3;3;0;0;0;0.0;0.0;0.0;0.0;0.0;0.0;0.282267;0.2461;0.35059;0.359878;0.3622;0.2423;30
baseline_random_matched;happy_guided_reordered;Happy – même objectif mais ordre différent (c3 → c1 → c2);happy;3;2;0.666667;0.444444;;;0;1;0;0.0;0.333333;0.0;0.0;0.0;0.0;0.0017;0.0009;0.00333;0.003546;0.0036;0.00075;30
mcad;happy_guided_compact;Happy – parcours compact guidé;happy;3;3;1.0;0.666667;3;3;0;0;0;0.0;0.0;0.0;0.0;0.0;0.0;0.290233;0.2921;0.33323;0.336886;0.2921;0.2893;30
baseline_naive;happy_guided_compact;Happy – parcours compact guidé;happy;3;3;1.0;0.666667;3;3;0;0;0;0.0;0.0;0.0;0.0;0.0;0.0;0.0006;0.0004;0.00094;0.000988;0.001;0.0004;30
baseline_measure_overlap;happy_guided_compact;Happy – parcours compact guidé;happy;3;3;1.0;0.666667;3;3;0;0;0;0.0;0.0;0.0;0.0;0.0;0.0;0.0114;0.008;0.01871;0.019662;0.0199;0.00715;30
ablation_no_sat;happy_guided_compact;Happy – parcours compact guidé;happy;3;3;1.0;0.666667;3;3;0;0;0;0.0;0.0;0.0;0.0;0.0;0.0;0.299333;0.2995;0.35107;0.355654;0.2995;0.29925;30
ablation_no_real;happy_guided_compact;Happy – parcours compact guidé;happy;3;3;1.0;0.666667;3;3;0;0;0;0.0;0.0;0.0;0.0;0.0;0.0;0.2955;0.2864;0.34706;0.352452;0.2864;0.30005;30
ablation_ceval_any_intersection;happy_guided_compact;Happy – parcours compact guidé;happy;3;3;1.0;0.666667;3;3;0;0;0;0.0;0.0;0.0;0.0;0.0;0.0;0.282933;0.2753;0.32777;0.332434;0.2753;0.28675;30
baseline_random_matched;happy_guided_compact;Happy – parcours compact guidé;happy;3;1;0.333333;0.111111;;;0;2;0;0.0;0.666667;0.0;0.0;0.0;0.0;0.001367;0.0007;0.00268;0.002856;0.0029;0.0006;30
mcad;border_growth_partial_1998_only;Border – croissance partielle 1998 seulement;border;1;0;0.0;0.0;;;0;0;0;0.0;0.0;0.0;0.0;0.0;1.0;0.3359;0.3359;0.3359;0.3359;0.3359;0.0;30
baseline_naive;border_growth_partial_1998_only;Border – croissance partielle 1998 seulement;border;1;1;0.0;0.0;;;1;0;1;1.0;0.0;1.0;0.0;0.0;0.0;0.0012;0.0012;0.0012;0.0012;0.0012;0.0;30
baseline_measure_overlap;border_growth_partial_1998_only;Border – croissance partielle 1998 seulement;border;1;1;0.0;0.0;;;1;0;1;1.0;0.0;1.0;0.0;0.0;0.0;0.0135;0.0135;0.0135;0.0135;0.0135;0.0;30
ablation_no_sat;border_growth_partial_1998_only;Border – croissance partielle 1998 seulement;border;1;0;0.0;0.0;;;0;0;0;0.0;0.0;0.0;0.0;0.0;1.0;0.3412;0.3412;0.3412;0.3412;0.3412;0.0;30
ablation_no_real;border_growth_partial_1998_only;Border – croissance partielle 1998 seulement;border;1;1;0.0;0.0;;;1;0;1;1.0;0.0;1.0;0.0;0.0;1.0;0.3919;0.3919;0.3919;0.3919;0.3919;0.0;30
ablation_ceval_any_intersection;border_growth_partial_1998_only;Border – croissance partielle 1998 seulement;border;1;1;0.0;0.0;;;1;0;1;1.0;0.0;1.0;0.0;0.0;0.0;0.3453;0.3453;0.3453;0.3453;0.3453;0.0;30
baseline_random_matched;border_growth_partial_1998_only;Border – croissance partielle 1998 seulement;border;1;0;0.0;0.0;;;0;0;0;0.0;0.0;0.0;0.0;0.0;0.0;0.0027;0.0027;0.0027;0.0027;0.0027;0.0;30
mcad;border_margin_wrong_grain;Border – marge avec grain trop grossier;border;1;0;0.0;0.0;;;0;0;0;0.0;0.0;0.0;1.0;0.0;0.0;0.2068;0.2068;0.2068;0.2068;0.2068;0.0;30
baseline_naive;border_margin_wrong_grain;Border – marge avec grain trop grossier;border;1;1;0.0;0.0;;;1;0;1;1.0;0.0;1.0;0.0;0.0;0.0;0.0009;0.0009;0.0009;0.0009;0.0009;0.0;30
baseline_measure_overlap;border_margin_wrong_grain;Border – marge avec grain trop grossier;border;1;1;0.0;0.0;;;1;0;1;1.0;0.0;1.0;0.0;0.0;0.0;0.0155;0.0155;0.0155;0.0155;0.0155;0.0;30
ablation_no_sat;border_margin_wrong_grain;Border – marge avec grain trop grossier;border;1;0;0.0;0.0;;;0;0;0;0.0;0.0;0.0;1.0;0.0;0.0;0.2691;0.2691;0.2691;0.2691;0.2691;0.0;30
ablation_no_real;border_margin_wrong_grain;Border – marge avec grain trop grossier;border;1;0;0.0;0.0;;;0;0;0;0.0;0.0;0.0;1.0;0.0;0.0;0.2029;0.2029;0.2029;0.2029;0.2029;0.0;30
ablation_ceval_any_intersection;border_margin_wrong_grain;Border – marge avec grain trop grossier;border;1;0;0.0;0.0;;;0;0;0;0.0;0.0;0.0;1.0;0.0;0.0;0.1957;0.1957;0.1957;0.1957;0.1957;0.0;30
baseline_random_matched;border_margin_wrong_grain;Border – marge avec grain trop grossier;border;1;0;0.0;0.0;;;0;0;0;0.0;0.0;0.0;0.0;0.0;0.0;0.0025;0.0025;0.0025;0.0025;0.0025;0.0;30
mcad;border_stockout_missing_store;Border – rupture sans grain magasin;border;1;0;0.0;0.0;;;0;0;0;0.0;0.0;0.0;1.0;0.0;0.0;0.1967;0.1967;0.1967;0.1967;0.1967;0.0;30
baseline_naive;border_stockout_missing_store;Border – rupture sans grain magasin;border;1;1;0.0;0.0;;;1;0;1;1.0;0.0;1.0;0.0;0.0;0.0;0.0009;0.0009;0.0009;0.0009;0.0009;0.0;30
baseline_measure_overlap;border_stockout_missing_store;Border – rupture sans grain magasin;border;1;1;0.0;0.0;;;1;0;1;1.0;0.0;1.0;0.0;0.0;0.0;0.0168;0.0168;0.0168;0.0168;0.0168;0.0;30
ablation_no_sat;border_stockout_missing_store;Border – rupture sans grain magasin;border;1;0;0.0;0.0;;;0;0;0;0.0;0.0;0.0;1.0;0.0;0.0;0.3739;0.3739;0.3739;0.3739;0.3739;0.0;30
ablation_no_real;border_stockout_missing_store;Border – rupture sans grain magasin;border;1;0;0.0;0.0;;;0;0;0;0.0;0.0;0.0;1.0;0.0;0.0;0.3662;0.3662;0.3662;0.3662;0.3662;0.0;30
ablation_ceval_any_intersection;border_stockout_missing_store;Border – rupture sans grain magasin;border;1;0;0.0;0.0;;;0;0;0;0.0;0.0;0.0;1.0;0.0;0.0;0.3769;0.3769;0.3769;0.3769;0.3769;0.0;30
baseline_random_matched;border_stockout_missing_store;Border – rupture sans grain magasin;border;1;1;0.0;0.0;;;1;0;1;1.0;0.0;1.0;0.0;0.0;0.0;0.0027;0.0027;0.0027;0.0027;0.0027;0.0;30
mcad;adversarial_wrong_region;Adversarial – bonne mesure mais mauvaise région;adversarial;1;0;0.0;0.0;;;0;0;0;0.0;0.0;0.0;1.0;0.0;0.0;0.2092;0.2092;0.2092;0.2092;0.2092;0.0;30
baseline_naive;adversarial_wrong_region;Adversarial – bonne mesure mais mauvaise région;adversarial;1;1;0.0;0.0;;;1;0;1;1.0;0.0;1.0;0.0;0.0;0.0;0.001;0.001;0.001;0.001;0.001;0.0;30
baseline_measure_overlap;adversarial_wrong_region;Adversarial – bonne mesure mais mauvaise région;adversarial;1;1;0.0;0.0;;;1;0;1;1.0;0.0;1.0;0.0;0.0;0.0;0.0146;0.0146;0.0146;0.0146;0.0146;0.0;30
ablation_no_sat;adversarial_wrong_region;Adversarial – bonne mesure mais mauvaise région;adversarial;1;0;0.0;0.0;;;0;0;0;0.0;0.0;0.0;1.0;0.0;0.0;0.2103;0.2103;0.2103;0.2103;0.2103;0.0;30
ablation_no_real;adversarial_wrong_region;Adversarial – bonne mesure mais mauvaise région;adversarial;1;0;0.0;0.0;;;0;0;0;0.0;0.0;0.0;1.0;0.0;0.0;0.1763;0.1763;0.1763;0.1763;0.1763;0.0;30
ablation_ceval_any_intersection;adversarial_wrong_region;Adversarial – bonne mesure mais mauvaise région;adversarial;1;0;0.0;0.0;;;0;0;0;0.0;0.0;0.0;1.0;0.0;0.0;0.1671;0.1671;0.1671;0.1671;0.1671;0.0;30
baseline_random_matched;adversarial_wrong_region;Adversarial – bonne mesure mais mauvaise région;adversarial;1;1;0.0;0.0;;;1;0;1;1.0;0.0;1.0;0.0;0.0;0.0;0.0033;0.0033;0.0033;0.0033;0.0033;0.0;30
mcad;adversarial_wrong_year;Adversarial – bonne structure mais mauvaise année;adversarial;1;0;0.0;0.0;;;0;0;0;0.0;0.0;0.0;1.0;0.0;0.0;0.3001;0.3001;0.3001;0.3001;0.3001;0.0;30
baseline_naive;adversarial_wrong_year;Adversarial – bonne structure mais mauvaise année;adversarial;1;1;0.0;0.0;;;1;0;1;1.0;0.0;1.0;0.0;0.0;0.0;0.0014;0.0014;0.0014;0.0014;0.0014;0.0;30
baseline_measure_overlap;adversarial_wrong_year;Adversarial – bonne structure mais mauvaise année;adversarial;1;1;0.0;0.0;;;1;0;1;1.0;0.0;1.0;0.0;0.0;0.0;0.0144;0.0144;0.0144;0.0144;0.0144;0.0;30
ablation_no_sat;adversarial_wrong_year;Adversarial – bonne structure mais mauvaise année;adversarial;1;0;0.0;0.0;;;0;0;0;0.0;0.0;0.0;1.0;0.0;0.0;0.1907;0.1907;0.1907;0.1907;0.1907;0.0;30
ablation_no_real;adversarial_wrong_year;Adversarial – bonne structure mais mauvaise année;adversarial;1;0;0.0;0.0;;;0;0;0;0.0;0.0;0.0;1.0;0.0;0.0;0.1718;0.1718;0.1718;0.1718;0.1718;0.0;30
ablation_ceval_any_intersection;adversarial_wrong_year;Adversarial – bonne structure mais mauvaise année;adversarial;1;0;0.0;0.0;;;0;0;0;0.0;0.0;0.0;1.0;0.0;0.0;0.1627;0.1627;0.1627;0.1627;0.1627;0.0;30
baseline_random_matched;adversarial_wrong_year;Adversarial – bonne structure mais mauvaise année;adversarial;1;1;0.0;0.0;;;1;0;1;1.0;0.0;1.0;0.0;0.0;0.0;0.0027;0.0027;0.0027;0.0027;0.0027;0.0;30
mcad;adversarial_invalid_no_measures;Adversarial – requête invalide sans mesure;adversarial;1;0;0.0;0.0;;;0;0;0;0.0;0.0;0.0;1.0;0.0;0.0;0.0736;0.0736;0.0736;0.0736;0.0736;0.0;30
baseline_naive;adversarial_invalid_no_measures;Adversarial – requête invalide sans mesure;adversarial;1;1;0.0;0.0;;;1;0;1;1.0;0.0;1.0;0.0;0.0;0.0;0.0013;0.0013;0.0013;0.0013;0.0013;0.0;30
baseline_measure_overlap;adversarial_invalid_no_measures;Adversarial – requête invalide sans mesure;adversarial;1;0;0.0;0.0;;;0;0;0;0.0;0.0;0.0;0.0;0.0;0.0;0.0133;0.0133;0.0133;0.0133;0.0133;0.0;30
ablation_no_sat;adversarial_invalid_no_measures;Adversarial – requête invalide sans mesure;adversarial;1;0;0.0;0.0;;;0;0;0;0.0;0.0;0.0;1.0;0.0;0.0;0.0877;0.0877;0.0877;0.0877;0.0877;0.0;30
ablation_no_real;adversarial_invalid_no_measures;Adversarial – requête invalide sans mesure;adversarial;1;0;0.0;0.0;;;0;0;0;0.0;0.0;0.0;1.0;0.0;0.0;0.0791;0.0791;0.0791;0.0791;0.0791;0.0;30
ablation_ceval_any_intersection;adversarial_invalid_no_measures;Adversarial – requête invalide sans mesure;adversarial;1;0;0.0;0.0;;;0;0;0;0.0;0.0;0.0;1.0;0.0;0.0;0.0709;0.0709;0.0709;0.0709;0.0709;0.0;30
baseline_random_matched;adversarial_invalid_no_measures;Adversarial – requête invalide sans mesure;adversarial;1;0;0.0;0.0;;;0;0;0;0.0;0.0;0.0;0.0;0.0;0.0;0.0028;0.0028;0.0028;0.0028;0.0028;0.0;30
mcad;stress_exploratory_then_useful;Stress – bruit exploratoire avant requête utile;stress;3;1;0.333333;0.111111;;;0;0;0;0.0;0.0;0.0;0.666667;0.0;0.0;0.207633;0.1941;0.27717;0.284554;0.1941;0.2144;30
baseline_naive;stress_exploratory_then_useful;Stress – bruit exploratoire avant requête utile;stress;3;3;0.333333;0.111111;;;2;0;2;0.666667;0.0;0.666667;0.0;0.0;0.0;0.000533;0.0004;0.00085;0.00089;0.0009;0.00035;30
baseline_measure_overlap;stress_exploratory_then_useful;Stress – bruit exploratoire avant requête utile;stress;3;3;0.333333;0.111111;;;2;0;2;0.666667;0.0;0.666667;0.0;0.0;0.0;0.0113;0.0082;0.01801;0.018882;0.0191;0.0074;30
ablation_no_sat;stress_exploratory_then_useful;Stress – bruit exploratoire avant requête utile;stress;3;1;0.333333;0.111111;;;0;0;0;0.0;0.0;0.0;0.666667;0.0;0.0;0.221833;0.2356;0.24595;0.24687;0.2356;0.21495;30
ablation_no_real;stress_exploratory_then_useful;Stress – bruit exploratoire avant requête utile;stress;3;1;0.333333;0.111111;;;0;0;0;0.0;0.0;0.0;0.666667;0.0;0.0;0.204833;0.2016;0.25839;0.263438;0.2016;0.20645;30
ablation_ceval_any_intersection;stress_exploratory_then_useful;Stress – bruit exploratoire avant requête utile;stress;3;1;0.333333;0.111111;;;0;0;0;0.0;0.0;0.0;0.666667;0.0;0.0;0.194433;0.1939;0.24079;0.244958;0.1939;0.1947;30
baseline_random_matched;stress_exploratory_then_useful;Stress – bruit exploratoire avant requête utile;stress;3;2;0.0;0.0;;;2;1;2;0.666667;0.333333;1.0;0.0;0.0;0.0;0.001133;0.0006;0.00213;0.002266;0.0023;0.00055;30
mcad;happy_guided_article_short;Happy – parcours guidé article (c1 → c2 → c3);happy;3;3;1.0;0.666667;3;3;0;0;0;0.0;0.0;0.0;0.0;0.0;0.0;0.2874;0.2901;0.32538;0.328516;0.2901;0.28605;31
baseline_naive;happy_guided_article_short;Happy – parcours guidé article (c1 → c2 → c3);happy;3;3;1.0;0.666667;3;3;0;0;0;0.0;0.0;0.0;0.0;0.0;0.0;0.000567;0.0005;0.00086;0.000892;0.0009;0.0004;31
baseline_measure_overlap;happy_guided_article_short;Happy – parcours guidé article (c1 → c2 → c3);happy;3;3;1.0;0.666667;3;3;0;0;0;0.0;0.0;0.0;0.0;0.0;0.0;0.010767;0.0077;0.01688;0.017696;0.0179;0.0072;31
ablation_no_sat;happy_guided_article_short;Happy – parcours guidé article (c1 → c2 → c3);happy;3;3;1.0;0.666667;3;3;0;0;0;0.0;0.0;0.0;0.0;0.0;0.0;0.288733;0.2779;0.33712;0.342384;0.2779;0.29415;31
ablation_no_real;happy_guided_article_short;Happy – parcours guidé article (c1 → c2 → c3);happy;3;3;1.0;0.666667;3;3;0;0;0;0.0;0.0;0.0;0.0;0.0;0.0;0.293167;0.2854;0.33913;0.343906;0.2854;0.29705;31
ablation_ceval_any_intersection;happy_guided_article_short;Happy – parcours guidé article (c1 → c2 → c3);happy;3;3;1.0;0.666667;3;3;0;0;0;0.0;0.0;0.0;0.0;0.0;0.0;0.281867;0.2727;0.32769;0.332578;0.2727;0.28645;31
baseline_random_matched;happy_guided_article_short;Happy – parcours guidé article (c1 → c2 → c3);happy;3;0;0.0;0.0;;;0;3;0;0.0;1.0;0.0;0.0;0.0;0.0;0.001167;0.0006;0.00231;0.002462;0.0025;0.0005;31
mcad;happy_guided_reordered;Happy – même objectif mais ordre différent (c3 → c1 → c2);happy;3;3;1.0;0.666667;3;3;0;0;0;0.0;0.0;0.0;0.0;0.0;0.0;0.286833;0.2473;0.36223;0.372446;0.375;0.24275;31
baseline_naive;happy_guided_reordered;Happy – même objectif mais ordre différent (c3 → c1 → c2);happy;3;3;1.0;0.666667;3;3;0;0;0;0.0;0.0;0.0;0.0;0.0;0.0;0.000567;0.0005;0.00086;0.000892;0.0009;0.0004;31
baseline_measure_overlap;happy_guided_reordered;Happy – même objectif mais ordre différent (c3 → c1 → c2);happy;3;3;1.0;0.666667;3;3;0;0;0;0.0;0.0;0.0;0.0;0.0;0.0;0.007567;0.0054;0.01206;0.012652;0.0128;0.00495;31
ablation_no_sat;happy_guided_reordered;Happy – même objectif mais ordre différent (c3 → c1 → c2);happy;3;3;1.0;0.666667;3;3;0;0;0;0.0;0.0;0.0;0.0;0.0;0.0;0.4572;0.4061;0.55334;0.566428;0.5697;0.40095;31
ablation_no_real;happy_guided_reordered;Happy – même objectif mais ordre différent (c3 → c1 → c2);happy;3;3;1.0;0.666667;3;3;0;0;0;0.0;0.0;0.0;0.0;0.0;0.0;0.2948;0.266;0.36203;0.370566;0.3727;0.25585;31
ablation_ceval_any_intersection;happy_guided_reordered;Happy – même objectif mais ordre différent (c3 → c1 → c2);happy;3;3;1.0;0.666667;3;3;0;0;0;0.0;0.0;0.0;0.0;0.0;0.0;0.2862;0.2503;0.35038;0.359276;0.3615;0.24855;31
baseline_random_matched;happy_guided_reordered;Happy – même objectif mais ordre différent (c3 → c1 → c2);happy;3;2;0.666667;0.333333;;;0;1;0;0.0;0.333333;0.0;0.0;0.0;0.0;0.001167;0.0007;0.00214;0.002268;0.0023;0.0006;31
mcad;happy_guided_compact;Happy – parcours compact guidé;happy;3;3;1.0;0.666667;3;3;0;0;0;0.0;0.0;0.0;0.0;0.0;0.0;0.297933;0.305;0.34307;0.346454;0.305;0.2944;31
baseline_naive;happy_guided_compact;Happy – parcours compact guidé;happy;3;3;1.0;0.666667;3;3;0;0;0;0.0;0.0;0.0;0.0;0.0;0.0;0.0006;0.0005;0.00086;0.000892;0.0009;0.00045;31
baseline_measure_overlap;happy_guided_compact;Happy – parcours compact guidé;happy;3;3;1.0;0.666667;3;3;0;0;0;0.0;0.0;0.0;0.0;0.0;0.0;0.007633;0.0051;0.01248;0.013136;0.0133;0.0048;31
ablation_no_sat;happy_guided_compact;Happy – parcours compact guidé;happy;3;3;1.0;0.666667;3;3;0;0;0;0.0;0.0;0.0;0.0;0.0;0.0;0.498567;0.4809;0.56802;0.575764;0.4809;0.5074;31
ablation_no_real;happy_guided_compact;Happy – parcours compact guidé;happy;3;3;1.0;0.666667;3;3;0;0;0;0.0;0.0;0.0;0.0;0.0;0.0;0.2938;0.2851;0.34324;0.348408;0.2851;0.29815;31
ablation_ceval_any_intersection;happy_guided_compact;Happy – parcours compact guidé;happy;3;3;1.0;0.666667;3;3;0;0;0;0.0;0.0;0.0;0.0;0.0;0.0;0.5215;0.5031;0.59679;0.605118;0.5031;0.5307;31
baseline_random_matched;happy_guided_compact;Happy – parcours compact guidé;happy;3;2;0.666667;0.444444;;;0;1;0;0.0;0.333333;0.0;0.0;0.0;0.0;0.001433;0.0008;0.00278;0.002956;0.003;0.00065;31
mcad;border_growth_partial_1998_only;Border – croissance partielle 1998 seulement;border;1;0;0.0;0.0;;;0;0;0;0.0;0.0;0.0;0.0;0.0;1.0;0.3388;0.3388;0.3388;0.3388;0.3388;0.0;31
baseline_naive;border_growth_partial_1998_only;Border – croissance partielle 1998 seulement;border;1;1;0.0;0.0;;;1;0;1;1.0;0.0;1.0;0.0;0.0;0.0;0.0009;0.0009;0.0009;0.0009;0.0009;0.0;31
baseline_measure_overlap;border_growth_partial_1998_only;Border – croissance partielle 1998 seulement;border;1;1;0.0;0.0;;;1;0;1;1.0;0.0;1.0;0.0;0.0;0.0;0.0134;0.0134;0.0134;0.0134;0.0134;0.0;31
ablation_no_sat;border_growth_partial_1998_only;Border – croissance partielle 1998 seulement;border;1;0;0.0;0.0;;;0;0;0;0.0;0.0;0.0;0.0;0.0;1.0;0.5205;0.5205;0.5205;0.5205;0.5205;0.0;31
ablation_no_real;border_growth_partial_1998_only;Border – croissance partielle 1998 seulement;border;1;1;0.0;0.0;;;1;0;1;1.0;0.0;1.0;0.0;0.0;1.0;0.3653;0.3653;0.3653;0.3653;0.3653;0.0;31
ablation_ceval_any_intersection;border_growth_partial_1998_only;Border – croissance partielle 1998 seulement;border;1;1;0.0;0.0;;;1;0;1;1.0;0.0;1.0;0.0;0.0;0.0;0.3311;0.3311;0.3311;0.3311;0.3311;0.0;31
baseline_random_matched;border_growth_partial_1998_only;Border – croissance partielle 1998 seulement;border;1;1;0.0;0.0;;;1;0;1;1.0;0.0;1.0;0.0;0.0;0.0;0.0026;0.0026;0.0026;0.0026;0.0026;0.0;31
mcad;border_margin_wrong_grain;Border – marge avec grain trop grossier;border;1;0;0.0;0.0;;;0;0;0;0.0;0.0;0.0;1.0;0.0;0.0;0.1952;0.1952;0.1952;0.1952;0.1952;0.0;31
baseline_naive;border_margin_wrong_grain;Border – marge avec grain trop grossier;border;1;1;0.0;0.0;;;1;0;1;1.0;0.0;1.0;0.0;0.0;0.0;0.0008;0.0008;0.0008;0.0008;0.0008;0.0;31
baseline_measure_overlap;border_margin_wrong_grain;Border – marge avec grain trop grossier;border;1;1;0.0;0.0;;;1;0;1;1.0;0.0;1.0;0.0;0.0;0.0;0.0127;0.0127;0.0127;0.0127;0.0127;0.0;31
ablation_no_sat;border_margin_wrong_grain;Border – marge avec grain trop grossier;border;1;0;0.0;0.0;;;0;0;0;0.0;0.0;0.0;1.0;0.0;0.0;0.3988;0.3988;0.3988;0.3988;0.3988;0.0;31
ablation_no_real;border_margin_wrong_grain;Border – marge avec grain trop grossier;border;1;0;0.0;0.0;;;0;0;0;0.0;0.0;0.0;1.0;0.0;0.0;0.2031;0.2031;0.2031;0.2031;0.2031;0.0;31
ablation_ceval_any_intersection;border_margin_wrong_grain;Border – marge avec grain trop grossier;border;1;0;0.0;0.0;;;0;0;0;0.0;0.0;0.0;1.0;0.0;0.0;0.1956;0.1956;0.1956;0.1956;0.1956;0.0;31
baseline_random_matched;border_margin_wrong_grain;Border – marge avec grain trop grossier;border;1;1;0.0;0.0;;;1;0;1;1.0;0.0;1.0;0.0;0.0;0.0;0.0025;0.0025;0.0025;0.0025;0.0025;0.0;31
mcad;border_stockout_missing_store;Border – rupture sans grain magasin;border;1;0;0.0;0.0;;;0;0;0;0.0;0.0;0.0;1.0;0.0;0.0;0.1959;0.1959;0.1959;0.1959;0.1959;0.0;31
baseline_naive;border_stockout_missing_store;Border – rupture sans grain magasin;border;1;1;0.0;0.0;;;1;0;1;1.0;0.0;1.0;0.0;0.0;0.0;0.0009;0.0009;0.0009;0.0009;0.0009;0.0;31
baseline_measure_overlap;border_stockout_missing_store;Border – rupture sans grain magasin;border;1;1;0.0;0.0;;;1;0;1;1.0;0.0;1.0;0.0;0.0;0.0;0.0135;0.0135;0.0135;0.0135;0.0135;0.0;31
ablation_no_sat;border_stockout_missing_store;Border – rupture sans grain magasin;border;1;0;0.0;0.0;;;0;0;0;0.0;0.0;0.0;1.0;0.0;0.0;0.2549;0.2549;0.2549;0.2549;0.2549;0.0;31
ablation_no_real;border_stockout_missing_store;Border – rupture sans grain magasin;border;1;0;0.0;0.0;;;0;0;0;0.0;0.0;0.0;1.0;0.0;0.0;0.3029;0.3029;0.3029;0.3029;0.3029;0.0;31
ablation_ceval_any_intersection;border_stockout_missing_store;Border – rupture sans grain magasin;border;1;0;0.0;0.0;;;0;0;0;0.0;0.0;0.0;1.0;0.0;0.0;0.1928;0.1928;0.1928;0.1928;0.1928;0.0;31
baseline_random_matched;border_stockout_missing_store;Border – rupture sans grain magasin;border;1;0;0.0;0.0;;;0;0;0;0.0;0.0;0.0;0.0;0.0;0.0;0.0025;0.0025;0.0025;0.0025;0.0025;0.0;31
mcad;adversarial_wrong_region;Adversarial – bonne mesure mais mauvaise région;adversarial;1;0;0.0;0.0;;;0;0;0;0.0;0.0;0.0;1.0;0.0;0.0;0.1702;0.1702;0.1702;0.1702;0.1702;0.0;31
baseline_naive;adversarial_wrong_region;Adversarial – bonne mesure mais mauvaise région;adversarial;1;1;0.0;0.0;;;1;0;1;1.0;0.0;1.0;0.0;0.0;0.0;0.0009;0.0009;0.0009;0.0009;0.0009;0.0;31
baseline_measure_overlap;adversarial_wrong_region;Adversarial – bonne mesure mais mauvaise région;adversarial;1;1;0.0;0.0;;;1;0;1;1.0;0.0;1.0;0.0;0.0;0.0;0.013;0.013;0.013;0.013;0.013;0.0;31
ablation_no_sat;adversarial_wrong_region;Adversarial – bonne mesure mais mauvaise région;adversarial;1;0;0.0;0.0;;;0;0;0;0.0;0.0;0.0;1.0;0.0;0.0;0.2156;0.2156;0.2156;0.2156;0.2156;0.0;31
ablation_no_real;adversarial_wrong_region;Adversarial – bonne mesure mais mauvaise région;adversarial;1;0;0.0;0.0;;;0;0;0;0.0;0.0;0.0;1.0;0.0;0.0;0.2556;0.2556;0.2556;0.2556;0.2556;0.0;31
ablation_ceval_any_intersection;adversarial_wrong_region;Adversarial – bonne mesure mais mauvaise région;adversarial;1;0;0.0;0.0;;;0;0;0;0.0;0.0;0.0;1.0;0.0;0.0;0.1675;0.1675;0.1675;0.1675;0.1675;0.0;31
baseline_random_matched;adversarial_wrong_region;Adversarial – bonne mesure mais mauvaise région;adversarial;1;1;0.0;0.0;;;1;0;1;1.0;0.0;1.0;0.0;0.0;0.0;0.0026;0.0026;0.0026;0.0026;0.0026;0.0;31
mcad;adversarial_wrong_year;Adversarial – bonne structure mais mauvaise année;adversarial;1;0;0.0;0.0;;;0;0;0;0.0;0.0;0.0;1.0;0.0;0.0;0.1704;0.1704;0.1704;0.1704;0.1704;0.0;31
baseline_naive;adversarial_wrong_year;Adversarial – bonne structure mais mauvaise année;adversarial;1;1;0.0;0.0;;;1;0;1;1.0;0.0;1.0;0.0;0.0;0.0;0.001;0.001;0.001;0.001;0.001;0.0;31
baseline_measure_overlap;adversarial_wrong_year;Adversarial – bonne structure mais mauvaise année;adversarial;1;1;0.0;0.0;;;1;0;1;1.0;0.0;1.0;0.0;0.0;0.0;0.0187;0.0187;0.0187;0.0187;0.0187;0.0;31
ablation_no_sat;adversarial_wrong_year;Adversarial – bonne structure mais mauvaise année;adversarial;1;0;0.0;0.0;;;0;0;0;0.0;0.0;0.0;1.0;0.0;0.0;0.1916;0.1916;0.1916;0.1916;0.1916;0.0;31
ablation_no_real;adversarial_wrong_year;Adversarial – bonne structure mais mauvaise année;adversarial;1;0;0.0;0.0;;;0;0;0;0.0;0.0;0.0;1.0;0.0;0.0;0.1709;0.1709;0.1709;0.1709;0.1709;0.0;31
ablation_ceval_any_intersection;adversarial_wrong_year;Adversarial – bonne structure mais mauvaise année;adversarial;1;0;0.0;0.0;;;0;0;0;0.0;0.0;0.0;1.0;0.0;0.0;0.2691;0.2691;0.2691;0.2691;0.2691;0.0;31
baseline_random_matched;adversarial_wrong_year;Adversarial – bonne structure mais mauvaise année;adversarial;1;0;0.0;0.0;;;0;0;0;0.0;0.0;0.0;0.0;0.0;0.0;0.0031;0.0031;0.0031;0.0031;0.0031;0.0;31
mcad;adversarial_invalid_no_measures;Adversarial – requête invalide sans mesure;adversarial;1;0;0.0;0.0;;;0;0;0;0.0;0.0;0.0;1.0;0.0;0.0;0.0731;0.0731;0.0731;0.0731;0.0731;0.0;31
baseline_naive;adversarial_invalid_no_measures;Adversarial – requête invalide sans mesure;adversarial;1;1;0.0;0.0;;;1;0;1;1.0;0.0;1.0;0.0;0.0;0.0;0.0008;0.0008;0.0008;0.0008;0.0008;0.0;31
baseline_measure_overlap;adversarial_invalid_no_measures;Adversarial – requête invalide sans mesure;adversarial;1;0;0.0;0.0;;;0;0;0;0.0;0.0;0.0;0.0;0.0;0.0;0.0141;0.0141;0.0141;0.0141;0.0141;0.0;31
ablation_no_sat;adversarial_invalid_no_measures;Adversarial – requête invalide sans mesure;adversarial;1;0;0.0;0.0;;;0;0;0;0.0;0.0;0.0;1.0;0.0;0.0;0.0924;0.0924;0.0924;0.0924;0.0924;0.0;31
ablation_no_real;adversarial_invalid_no_measures;Adversarial – requête invalide sans mesure;adversarial;1;0;0.0;0.0;;;0;0;0;0.0;0.0;0.0;1.0;0.0;0.0;0.1088;0.1088;0.1088;0.1088;0.1088;0.0;31
ablation_ceval_any_intersection;adversarial_invalid_no_measures;Adversarial – requête invalide sans mesure;adversarial;1;0;0.0;0.0;;;0;0;0;0.0;0.0;0.0;1.0;0.0;0.0;0.073;0.073;0.073;0.073;0.073;0.0;31
baseline_random_matched;adversarial_invalid_no_measures;Adversarial – requête invalide sans mesure;adversarial;1;1;0.0;0.0;;;1;0;1;1.0;0.0;1.0;0.0;0.0;0.0;0.0042;0.0042;0.0042;0.0042;0.0042;0.0;31
mcad;stress_exploratory_then_useful;Stress – bruit exploratoire avant requête utile;stress;3;1;0.333333;0.111111;;;0;0;0;0.0;0.0;0.0;0.666667;0.0;0.0;0.214167;0.2347;0.2626;0.26508;0.2347;0.2039;31
baseline_naive;stress_exploratory_then_useful;Stress – bruit exploratoire avant requête utile;stress;3;3;0.333333;0.111111;;;2;0;2;0.666667;0.0;0.666667;0.0;0.0;0.0;0.0006;0.0005;0.00086;0.000892;0.0009;0.00045;31
baseline_measure_overlap;stress_exploratory_then_useful;Stress – bruit exploratoire avant requête utile;stress;3;3;0.333333;0.111111;;;2;0;2;0.666667;0.0;0.666667;0.0;0.0;0.0;0.008133;0.0052;0.01402;0.014804;0.015;0.0047;31
ablation_no_sat;stress_exploratory_then_useful;Stress – bruit exploratoire avant requête utile;stress;3;1;0.333333;0.111111;;;0;0;0;0.0;0.0;0.0;0.666667;0.0;0.0;0.2188;0.2408;0.24602;0.246484;0.2408;0.2078;31
ablation_no_real;stress_exploratory_then_useful;Stress – bruit exploratoire avant requête utile;stress;3;1;0.333333;0.111111;;;0;0;0;0.0;0.0;0.0;0.666667;0.0;0.0;0.205467;0.2151;0.24975;0.25283;0.2151;0.20065;31
ablation_ceval_any_intersection;stress_exploratory_then_useful;Stress – bruit exploratoire avant requête utile;stress;3;1;0.333333;0.111111;;;0;0;0;0.0;0.0;0.0;0.666667;0.0;0.0;0.196067;0.1933;0.24784;0.252688;0.1933;0.19745;31
baseline_random_matched;stress_exploratory_then_useful;Stress – bruit exploratoire avant requête utile;stress;3;2;0.0;0.0;;;2;1;2;0.666667;0.333333;1.0;0.0;0.0;0.0;0.001767;0.0008;0.0035;0.00374;0.0038;0.00075;31
mcad;happy_guided_article_short;Happy – parcours guidé article (c1 → c2 → c3);happy;3;3;1.0;0.666667;3;3;0;0;0;0.0;0.0;0.0;0.0;0.0;0.0;0.290033;0.2824;0.32704;0.331008;0.2824;0.29385;32
baseline_naive;happy_guided_article_short;Happy – parcours guidé article (c1 → c2 → c3);happy;3;3;1.0;0.666667;3;3;0;0;0;0.0;0.0;0.0;0.0;0.0;0.0;0.0006;0.0005;0.00086;0.000892;0.0009;0.00045;32
baseline_measure_overlap;happy_guided_article_short;Happy – parcours guidé article (c1 → c2 → c3);happy;3;3;1.0;0.666667;3;3;0;0;0;0.0;0.0;0.0;0.0;0.0;0.0;0.008133;0.0054;0.0135;0.01422;0.0144;0.005;32
ablation_no_sat;happy_guided_article_short;Happy – parcours guidé article (c1 → c2 → c3);happy;3;3;1.0;0.666667;3;3;0;0;0;0.0;0.0;0.0;0.0;0.0;0.0;0.298467;0.2963;0.32879;0.331678;0.2963;0.29955;32
ablation_no_real;happy_guided_article_short;Happy – parcours guidé article (c1 → c2 → c3);happy;3;3;1.0;0.666667;3;3;0;0;0;0.0;0.0;0.0;0.0;0.0;0.0;0.294567;0.2984;0.33017;0.332994;0.2984;0.29265;32
ablation_ceval_any_intersection;happy_guided_article_short;Happy – parcours guidé article (c1 → c2 → c3);happy;3;3;1.0;0.666667;3;3;0;0;0;0.0;0.0;0.0;0.0;0.0;0.0;0.284867;0.2857;0.32314;0.326468;0.2857;0.28445;32
baseline_random_matched;happy_guided_article_short;Happy – parcours guidé article (c1 → c2 → c3);happy;3;1;0.333333;0.333333;;;0;2;0;0.0;0.666667;0.0;0.0;0.0;0.0;0.001967;0.0011;0.00389;0.004138;0.0042;0.00085;32
mcad;happy_guided_reordered;Happy – même objectif mais ordre différent (c3 → c1 → c2);happy;3;3;1.0;0.666667;3;3;0;0;0;0.0;0.0;0.0;0.0;0.0;0.0;0.601;0.5463;0.73224;0.748768;0.7529;0.52505;32
baseline_naive;happy_guided_reordered;Happy – même objectif mais ordre différent (c3 → c1 → c2);happy;3;3;1.0;0.666667;3;3;0;0;0;0.0;0.0;0.0;0.0;0.0;0.0;0.0013;0.0008;0.00233;0.002466;0.0025;0.0007;32
baseline_measure_overlap;happy_guided_reordered;Happy – même objectif mais ordre différent (c3 → c1 → c2);happy;3;3;1.0;0.666667;3;3;0;0;0;0.0;0.0;0.0;0.0;0.0;0.0;0.015967;0.0087;0.02967;0.031534;0.032;0.00795;32
ablation_no_sat;happy_guided_reordered;Happy – même objectif mais ordre différent (c3 → c1 → c2);happy;3;3;1.0;0.666667;3;3;0;0;0;0.0;0.0;0.0;0.0;0.0;0.0;0.462867;0.3875;0.59126;0.609372;0.6139;0.38735;32
ablation_no_real;happy_guided_reordered;Happy – même objectif mais ordre différent (c3 → c1 → c2);happy;3;3;1.0;0.666667;3;3;0;0;0;0.0;0.0;0.0;0.0;0.0;0.0;0.309133;0.2799;0.38736;0.396912;0.3993;0.26405;32
ablation_ceval_any_intersection;happy_guided_reordered;Happy – même objectif mais ordre différent (c3 → c1 → c2);happy;3;3;1.0;0.666667;3;3;0;0;0;0.0;0.0;0.0;0.0;0.0;0.0;0.7088;0.5539;0.98905;1.02773;0.5351;0.79565;32
baseline_random_matched;happy_guided_reordered;Happy – même objectif mais ordre différent (c3 → c1 → c2);happy;3;3;1.0;0.666667;3;3;0;0;0;0.0;0.0;0.0;0.0;0.0;0.0;0.0017;0.0007;0.00367;0.003934;0.004;0.00055;32
mcad;happy_guided_compact;Happy – parcours compact guidé;happy;3;3;1.0;0.666667;3;3;0;0;0;0.0;0.0;0.0;0.0;0.0;0.0;0.457333;0.4533;0.5262;0.53268;0.4533;0.45935;32
baseline_naive;happy_guided_compact;Happy – parcours compact guidé;happy;3;3;1.0;0.666667;3;3;0;0;0;0.0;0.0;0.0;0.0;0.0;0.0;0.000633;0.0005;0.00095;0.00099;0.001;0.00045;32
baseline_measure_overlap;happy_guided_compact;Happy – parcours compact guidé;happy;3;3;1.0;0.666667;3;3;0;0;0;0.0;0.0;0.0;0.0;0.0;0.0;0.0083;0.005;0.01445;0.01529;0.0155;0.0047;32
ablation_no_sat;happy_guided_compact;Happy – parcours compact guidé;happy;3;3;1.0;0.666667;3;3;0;0;0;0.0;0.0;0.0;0.0;0.0;0.0;0.340267;0.3326;0.39884;0.404728;0.282;0.3694;32
ablation_no_real;happy_guided_compact;Happy – parcours compact guidé;happy;3;3;1.0;0.666667;3;3;0;0;0;0.0;0.0;0.0;0.0;0.0;0.0;0.296167;0.303;0.33693;0.339946;0.303;0.29275;32
ablation_ceval_any_intersection;happy_guided_compact;Happy – parcours compact guidé;happy;3;3;1.0;0.666667;3;3;0;0;0;0.0;0.0;0.0;0.0;0.0;0.0;0.297833;0.2855;0.35867;0.365174;0.2855;0.304;32
baseline_random_matched;happy_guided_compact;Happy – parcours compact guidé;happy;3;1;0.333333;0.111111;;;0;2;0;0.0;0.666667;0.0;0.0;0.0;0.0;0.0014;0.0007;0.00286;0.003052;0.0031;0.00055;32
mcad;border_growth_partial_1998_only;Border – croissance partielle 1998 seulement;border;1;0;0.0;0.0;;;0;0;0;0.0;0.0;0.0;0.0;0.0;1.0;0.5246;0.5246;0.5246;0.5246;0.5246;0.0;32
baseline_naive;border_growth_partial_1998_only;Border – croissance partielle 1998 seulement;border;1;1;0.0;0.0;;;1;0;1;1.0;0.0;1.0;0.0;0.0;0.0;0.0015;0.0015;0.0015;0.0015;0.0015;0.0;32
baseline_measure_overlap;border_growth_partial_1998_only;Border – croissance partielle 1998 seulement;border;1;1;0.0;0.0;;;1;0;1;1.0;0.0;1.0;0.0;0.0;0.0;0.0169;0.0169;0.0169;0.0169;0.0169;0.0;32
ablation_no_sat;border_growth_partial_1998_only;Border – croissance partielle 1998 seulement;border;1;0;0.0;0.0;;;0;0;0;0.0;0.0;0.0;0.0;0.0;1.0;0.3486;0.3486;0.3486;0.3486;0.3486;0.0;32
ablation_no_real;border_growth_partial_1998_only;Border – croissance partielle 1998 seulement;border;1;1;0.0;0.0;;;1;0;1;1.0;0.0;1.0;0.0;0.0;1.0;0.3477;0.3477;0.3477;0.3477;0.3477;0.0;32
ablation_ceval_any_intersection;border_growth_partial_1998_only;Border – croissance partielle 1998 seulement;border;1;1;0.0;0.0;;;1;0;1;1.0;0.0;1.0;0.0;0.0;0.0;0.3975;0.3975;0.3975;0.3975;0.3975;0.0;32
baseline_random_matched;border_growth_partial_1998_only;Border – croissance partielle 1998 seulement;border;1;0;0.0;0.0;;;0;0;0;0.0;0.0;0.0;0.0;0.0;0.0;0.0033;0.0033;0.0033;0.0033;0.0033;0.0;32
mcad;border_margin_wrong_grain;Border – marge avec grain trop grossier;border;1;0;0.0;0.0;;;0;0;0;0.0;0.0;0.0;1.0;0.0;0.0;0.2915;0.2915;0.2915;0.2915;0.2915;0.0;32
baseline_naive;border_margin_wrong_grain;Border – marge avec grain trop grossier;border;1;1;0.0;0.0;;;1;0;1;1.0;0.0;1.0;0.0;0.0;0.0;0.0009;0.0009;0.0009;0.0009;0.0009;0.0;32
baseline_measure_overlap;border_margin_wrong_grain;Border – marge avec grain trop grossier;border;1;1;0.0;0.0;;;1;0;1;1.0;0.0;1.0;0.0;0.0;0.0;0.0247;0.0247;0.0247;0.0247;0.0247;0.0;32
ablation_no_sat;border_margin_wrong_grain;Border – marge avec grain trop grossier;border;1;0;0.0;0.0;;;0;0;0;0.0;0.0;0.0;1.0;0.0;0.0;0.5134;0.5134;0.5134;0.5134;0.5134;0.0;32
ablation_no_real;border_margin_wrong_grain;Border – marge avec grain trop grossier;border;1;0;0.0;0.0;;;0;0;0;0.0;0.0;0.0;1.0;0.0;0.0;0.2211;0.2211;0.2211;0.2211;0.2211;0.0;32
ablation_ceval_any_intersection;border_margin_wrong_grain;Border – marge avec grain trop grossier;border;1;0;0.0;0.0;;;0;0;0;0.0;0.0;0.0;1.0;0.0;0.0;0.3261;0.3261;0.3261;0.3261;0.3261;0.0;32
baseline_random_matched;border_margin_wrong_grain;Border – marge avec grain trop grossier;border;1;0;0.0;0.0;;;0;0;0;0.0;0.0;0.0;0.0;0.0;0.0;0.0032;0.0032;0.0032;0.0032;0.0032;0.0;32
mcad;border_stockout_missing_store;Border – rupture sans grain magasin;border;1;0;0.0;0.0;;;0;0;0;0.0;0.0;0.0;1.0;0.0;0.0;0.2099;0.2099;0.2099;0.2099;0.2099;0.0;32
baseline_naive;border_stockout_missing_store;Border – rupture sans grain magasin;border;1;1;0.0;0.0;;;1;0;1;1.0;0.0;1.0;0.0;0.0;0.0;0.0011;0.0011;0.0011;0.0011;0.0011;0.0;32
baseline_measure_overlap;border_stockout_missing_store;Border – rupture sans grain magasin;border;1;1;0.0;0.0;;;1;0;1;1.0;0.0;1.0;0.0;0.0;0.0;0.0143;0.0143;0.0143;0.0143;0.0143;0.0;32
ablation_no_sat;border_stockout_missing_store;Border – rupture sans grain magasin;border;1;0;0.0;0.0;;;0;0;0;0.0;0.0;0.0;1.0;0.0;0.0;0.2627;0.2627;0.2627;0.2627;0.2627;0.0;32
ablation_no_real;border_stockout_missing_store;Border – rupture sans grain magasin;border;1;0;0.0;0.0;;;0;0;0;0.0;0.0;0.0;1.0;0.0;0.0;0.289;0.289;0.289;0.289;0.289;0.0;32
ablation_ceval_any_intersection;border_stockout_missing_store;Border – rupture sans grain magasin;border;1;0;0.0;0.0;;;0;0;0;0.0;0.0;0.0;1.0;0.0;0.0;0.5168;0.5168;0.5168;0.5168;0.5168;0.0;32
baseline_random_matched;border_stockout_missing_store;Border – rupture sans grain magasin;border;1;1;0.0;0.0;;;1;0;1;1.0;0.0;1.0;0.0;0.0;0.0;0.0039;0.0039;0.0039;0.0039;0.0039;0.0;32
mcad;adversarial_wrong_region;Adversarial – bonne mesure mais mauvaise région;adversarial;1;0;0.0;0.0;;;0;0;0;0.0;0.0;0.0;1.0;0.0;0.0;0.2508;0.2508;0.2508;0.2508;0.2508;0.0;32
baseline_naive;adversarial_wrong_region;Adversarial – bonne mesure mais mauvaise région;adversarial;1;1;0.0;0.0;;;1;0;1;1.0;0.0;1.0;0.0;0.0;0.0;0.001;0.001;0.001;0.001;0.001;0.0;32
baseline_measure_overlap;adversarial_wrong_region;Adversarial – bonne mesure mais mauvaise région;adversarial;1;1;0.0;0.0;;;1;0;1;1.0;0.0;1.0;0.0;0.0;0.0;0.0215;0.0215;0.0215;0.0215;0.0215;0.0;32
ablation_no_sat;adversarial_wrong_region;Adversarial – bonne mesure mais mauvaise région;adversarial;1;0;0.0;0.0;;;0;0;0;0.0;0.0;0.0;1.0;0.0;0.0;0.3501;0.3501;0.3501;0.3501;0.3501;0.0;32
ablation_no_real;adversarial_wrong_region;Adversarial – bonne mesure mais mauvaise région;adversarial;1;0;0.0;0.0;;;0;0;0;0.0;0.0;0.0;1.0;0.0;0.0;0.1907;0.1907;0.1907;0.1907;0.1907;0.0;32
ablation_ceval_any_intersection;adversarial_wrong_region;Adversarial – bonne mesure mais mauvaise région;adversarial;1;0;0.0;0.0;;;0;0;0;0.0;0.0;0.0;1.0;0.0;0.0;0.1737;0.1737;0.1737;0.1737;0.1737;0.0;32
baseline_random_matched;adversarial_wrong_region;Adversarial – bonne mesure mais mauvaise région;adversarial;1;1;0.0;0.0;;;1;0;1;1.0;0.0;1.0;0.0;0.0;0.0;0.0031;0.0031;0.0031;0.0031;0.0031;0.0;32
mcad;adversarial_wrong_year;Adversarial – bonne structure mais mauvaise année;adversarial;1;0;0.0;0.0;;;0;0;0;0.0;0.0;0.0;1.0;0.0;0.0;0.169;0.169;0.169;0.169;0.169;0.0;32
baseline_naive;adversarial_wrong_year;Adversarial – bonne structure mais mauvaise année;adversarial;1;1;0.0;0.0;;;1;0;1;1.0;0.0;1.0;0.0;0.0;0.0;0.001;0.001;0.001;0.001;0.001;0.0;32
baseline_measure_overlap;adversarial_wrong_year;Adversarial – bonne structure mais mauvaise année;adversarial;1;1;0.0;0.0;;;1;0;1;1.0;0.0;1.0;0.0;0.0;0.0;0.0176;0.0176;0.0176;0.0176;0.0176;0.0;32
ablation_no_sat;adversarial_wrong_year;Adversarial – bonne structure mais mauvaise année;adversarial;1;0;0.0;0.0;;;0;0;0;0.0;0.0;0.0;1.0;0.0;0.0;0.1952;0.1952;0.1952;0.1952;0.1952;0.0;32
ablation_no_real;adversarial_wrong_year;Adversarial – bonne structure mais mauvaise année;adversarial;1;0;0.0;0.0;;;0;0;0;0.0;0.0;0.0;1.0;0.0;0.0;0.1751;0.1751;0.1751;0.1751;0.1751;0.0;32
ablation_ceval_any_intersection;adversarial_wrong_year;Adversarial – bonne structure mais mauvaise année;adversarial;1;0;0.0;0.0;;;0;0;0;0.0;0.0;0.0;1.0;0.0;0.0;0.1636;0.1636;0.1636;0.1636;0.1636;0.0;32
baseline_random_matched;adversarial_wrong_year;Adversarial – bonne structure mais mauvaise année;adversarial;1;1;0.0;0.0;;;1;0;1;1.0;0.0;1.0;0.0;0.0;0.0;0.003;0.003;0.003;0.003;0.003;0.0;32
mcad;adversarial_invalid_no_measures;Adversarial – requête invalide sans mesure;adversarial;1;0;0.0;0.0;;;0;0;0;0.0;0.0;0.0;1.0;0.0;0.0;0.0734;0.0734;0.0734;0.0734;0.0734;0.0;32
baseline_naive;adversarial_invalid_no_measures;Adversarial – requête invalide sans mesure;adversarial;1;1;0.0;0.0;;;1;0;1;1.0;0.0;1.0;0.0;0.0;0.0;0.0015;0.0015;0.0015;0.0015;0.0015;0.0;32
baseline_measure_overlap;adversarial_invalid_no_measures;Adversarial – requête invalide sans mesure;adversarial;1;0;0.0;0.0;;;0;0;0;0.0;0.0;0.0;0.0;0.0;0.0;0.0214;0.0214;0.0214;0.0214;0.0214;0.0;32
ablation_no_sat;adversarial_invalid_no_measures;Adversarial – requête invalide sans mesure;adversarial;1;0;0.0;0.0;;;0;0;0;0.0;0.0;0.0;1.0;0.0;0.0;0.1542;0.1542;0.1542;0.1542;0.1542;0.0;32
ablation_no_real;adversarial_invalid_no_measures;Adversarial – requête invalide sans mesure;adversarial;1;0;0.0;0.0;;;0;0;0;0.0;0.0;0.0;1.0;0.0;0.0;0.119;0.119;0.119;0.119;0.119;0.0;32
ablation_ceval_any_intersection;adversarial_invalid_no_measures;Adversarial – requête invalide sans mesure;adversarial;1;0;0.0;0.0;;;0;0;0;0.0;0.0;0.0;1.0;0.0;0.0;0.074;0.074;0.074;0.074;0.074;0.0;32
baseline_random_matched;adversarial_invalid_no_measures;Adversarial – requête invalide sans mesure;adversarial;1;0;0.0;0.0;;;0;0;0;0.0;0.0;0.0;0.0;0.0;0.0;0.0029;0.0029;0.0029;0.0029;0.0029;0.0;32
mcad;stress_exploratory_then_useful;Stress – bruit exploratoire avant requête utile;stress;3;1;0.333333;0.111111;;;0;0;0;0.0;0.0;0.0;0.666667;0.0;0.0;0.316333;0.3075;0.39282;0.400404;0.3075;0.32075;32
baseline_naive;stress_exploratory_then_useful;Stress – bruit exploratoire avant requête utile;stress;3;3;0.333333;0.111111;;;2;0;2;0.666667;0.0;0.666667;0.0;0.0;0.0;0.000567;0.0004;0.00094;0.000988;0.001;0.00035;32
baseline_measure_overlap;stress_exploratory_then_useful;Stress – bruit exploratoire avant requête utile;stress;3;3;0.333333;0.111111;;;2;0;2;0.666667;0.0;0.666667;0.0;0.0;0.0;0.011033;0.014;0.01463;0.014686;0.014;0.00955;32
ablation_no_sat;stress_exploratory_then_useful;Stress – bruit exploratoire avant requête utile;stress;3;1;0.333333;0.111111;;;0;0;0;0.0;0.0;0.0;0.666667;0.0;0.0;0.225033;0.2509;0.25261;0.252762;0.2528;0.21115;32
ablation_no_real;stress_exploratory_then_useful;Stress – bruit exploratoire avant requête utile;stress;3;1;0.333333;0.111111;;;0;0;0;0.0;0.0;0.0;0.666667;0.0;0.0;0.207267;0.2099;0.25706;0.261252;0.2099;0.20595;32
ablation_ceval_any_intersection;stress_exploratory_then_useful;Stress – bruit exploratoire avant requête utile;stress;3;1;0.333333;0.111111;;;0;0;0;0.0;0.0;0.0;0.666667;0.0;0.0;0.201633;0.1973;0.24482;0.249044;0.1973;0.2038;32
baseline_random_matched;stress_exploratory_then_useful;Stress – bruit exploratoire avant requête utile;stress;3;1;0.0;0.0;;;1;1;1;0.333333;0.333333;1.0;0.0;0.0;0.0;0.0014;0.0007;0.00277;0.002954;0.003;0.0006;32
mcad;happy_guided_article_short;Happy – parcours guidé article (c1 → c2 → c3);happy;3;3;1.0;0.666667;3;3;0;0;0;0.0;0.0;0.0;0.0;0.0;0.0;0.336167;0.2844;0.45558;0.470796;0.2844;0.36205;33
baseline_naive;happy_guided_article_short;Happy – parcours guidé article (c1 → c2 → c3);happy;3;3;1.0;0.666667;3;3;0;0;0;0.0;0.0;0.0;0.0;0.0;0.0;0.0007;0.0005;0.00104;0.001088;0.0011;0.0005;33
baseline_measure_overlap;happy_guided_article_short;Happy – parcours guidé article (c1 → c2 → c3);happy;3;3;1.0;0.666667;3;3;0;0;0;0.0;0.0;0.0;0.0;0.0;0.0;0.007633;0.0053;0.01232;0.012944;0.0131;0.0049;33
ablation_no_sat;happy_guided_article_short;Happy – parcours guidé article (c1 → c2 → c3);happy;3;3;1.0;0.666667;3;3;0;0;0;0.0;0.0;0.0;0.0;0.0;0.0;0.293;0.2844;0.33993;0.344866;0.2844;0.2973;33
ablation_no_real;happy_guided_article_short;Happy – parcours guidé article (c1 → c2 → c3);happy;3;3;1.0;0.666667;3;3;0;0;0;0.0;0.0;0.0;0.0;0.0;0.0;0.298133;0.3002;0.33665;0.33989;0.3002;0.2971;33
ablation_ceval_any_intersection;happy_guided_article_short;Happy – parcours guidé article (c1 → c2 → c3);happy;3;3;1.0;0.666667;3;3;0;0;0;0.0;0.0;0.0;0.0;0.0;0.0;0.297233;0.2815;0.3283;0.33246;0.2815;0.3051;33
baseline_random_matched;happy_guided_article_short;Happy – parcours guidé article (c1 → c2 → c3);happy;3;2;0.666667;0.333333;;;0;1;0;0.0;0.333333;0.0;0.0;0.0;0.0;0.001533;0.0007;0.00313;0.003346;0.0034;0.0006;33
mcad;happy_guided_reordered;Happy – même objectif mais ordre différent (c3 → c1 → c2);happy;3;3;1.0;0.666667;3;3;0;0;0;0.0;0.0;0.0;0.0;0.0;0.0;0.292633;0.2623;0.36184;0.370688;0.3729;0.2525;33
baseline_naive;happy_guided_reordered;Happy – même objectif mais ordre différent (c3 → c1 → c2);happy;3;3;1.0;0.666667;3;3;0;0;0;0.0;0.0;0.0;0.0;0.0;0.0;0.001067;0.0008;0.00161;0.001682;0.0017;0.00075;33
baseline_measure_overlap;happy_guided_reordered;Happy – même objectif mais ordre différent (c3 → c1 → c2);happy;3;3;1.0;0.666667;3;3;0;0;0;0.0;0.0;0.0;0.0;0.0;0.0;0.012967;0.0092;0.02072;0.021744;0.022;0.00845;33
ablation_no_sat;happy_guided_reordered;Happy – même objectif mais ordre différent (c3 → c1 → c2);happy;3;3;1.0;0.666667;3;3;0;0;0;0.0;0.0;0.0;0.0;0.0;0.0;0.311567;0.2668;0.40819;0.420758;0.4239;0.2554;33
ablation_no_real;happy_guided_reordered;Happy – même objectif mais ordre différent (c3 → c1 → c2);happy;3;3;1.0;0.666667;3;3;0;0;0;0.0;0.0;0.0;0.0;0.0;0.0;1.244633;0.5195;2.50202;2.678244;2.7223;0.5058;33
ablation_ceval_any_intersection;happy_guided_reordered;Happy – même objectif mais ordre différent (c3 → c1 → c2);happy;3;3;1.0;0.666667;3;3;0;0;0;0.0;0.0;0.0;0.0;0.0;0.0;0.291433;0.2514;0.36075;0.37047;0.3729;0.2507;33
baseline_random_matched;happy_guided_reordered;Happy – même objectif mais ordre différent (c3 → c1 → c2);happy;3;2;0.666667;0.333333;;;0;1;0;0.0;0.333333;0.0;0.0;0.0;0.0;0.001533;0.0007;0.00313;0.003346;0.0034;0.0006;33
mcad;happy_guided_compact;Happy – parcours compact guidé;happy;3;3;1.0;0.666667;3;3;0;0;0;0.0;0.0;0.0;0.0;0.0;0.0;0.2883;0.2815;0.33307;0.337654;0.2815;0.2917;33
baseline_naive;happy_guided_compact;Happy – parcours compact guidé;happy;3;3;1.0;0.666667;3;3;0;0;0;0.0;0.0;0.0;0.0;0.0;0.0;0.0006;0.0005;0.00086;0.000892;0.0009;0.00045;33
baseline_measure_overlap;happy_guided_compact;Happy – parcours compact guidé;happy;3;3;1.0;0.666667;3;3;0;0;0;0.0;0.0;0.0;0.0;0.0;0.0;0.008067;0.0055;0.01315;0.01383;0.014;0.0051;33
ablation_no_sat;happy_guided_compact;Happy – parcours compact guidé;happy;3;3;1.0;0.666667;3;3;0;0;0;0.0;0.0;0.0;0.0;0.0;0.0;0.292933;0.2954;0.33518;0.338716;0.2954;0.2917;33
ablation_no_real;happy_guided_compact;Happy – parcours compact guidé;happy;3;3;1.0;0.666667;3;3;0;0;0;0.0;0.0;0.0;0.0;0.0;0.0;0.4838;0.4545;0.55926;0.568572;0.4545;0.49845;33
ablation_ceval_any_intersection;happy_guided_compact;Happy – parcours compact guidé;happy;3;3;1.0;0.666667;3;3;0;0;0;0.0;0.0;0.0;0.0;0.0;0.0;0.285267;0.2793;0.32799;0.332318;0.2793;0.28825;33
baseline_random_matched;happy_guided_compact;Happy – parcours compact guidé;happy;3;2;0.666667;0.444444;;;0;1;0;0.0;0.333333;0.0;0.0;0.0;0.0;0.001367;0.0007;0.00268;0.002856;0.0029;0.0006;33
mcad;border_growth_partial_1998_only;Border – croissance partielle 1998 seulement;border;1;0;0.0;0.0;;;0;0;0;0.0;0.0;0.0;0.0;0.0;1.0;0.3423;0.3423;0.3423;0.3423;0.3423;0.0;33
baseline_naive;border_growth_partial_1998_only;Border – croissance partielle 1998 seulement;border;1;1;0.0;0.0;;;1;0;1;1.0;0.0;1.0;0.0;0.0;0.0;0.0009;0.0009;0.0009;0.0009;0.0009;0.0;33
baseline_measure_overlap;border_growth_partial_1998_only;Border – croissance partielle 1998 seulement;border;1;1;0.0;0.0;;;1;0;1;1.0;0.0;1.0;0.0;0.0;0.0;0.013;0.013;0.013;0.013;0.013;0.0;33
ablation_no_sat;border_growth_partial_1998_only;Border – croissance partielle 1998 seulement;border;1;0;0.0;0.0;;;0;0;0;0.0;0.0;0.0;0.0;0.0;1.0;0.3396;0.3396;0.3396;0.3396;0.3396;0.0;33
ablation_no_real;border_growth_partial_1998_only;Border – croissance partielle 1998 seulement;border;1;1;0.0;0.0;;;1;0;1;1.0;0.0;1.0;0.0;0.0;1.0;0.3415;0.3415;0.3415;0.3415;0.3415;0.0;33
ablation_ceval_any_intersection;border_growth_partial_1998_only;Border – croissance partielle 1998 seulement;border;1;1;0.0;0.0;;;1;0;1;1.0;0.0;1.0;0.0;0.0;0.0;0.5779;0.5779;0.5779;0.5779;0.5779;0.0;33
baseline_random_matched;border_growth_partial_1998_only;Border – croissance partielle 1998 seulement;border;1;0;0.0;0.0;;;0;0;0;0.0;0.0;0.0;0.0;0.0;0.0;0.0029;0.0029;0.0029;0.0029;0.0029;0.0;33
mcad;border_margin_wrong_grain;Border – marge avec grain trop grossier;border;1;0;0.0;0.0;;;0;0;0;0.0;0.0;0.0;1.0;0.0;0.0;0.2174;0.2174;0.2174;0.2174;0.2174;0.0;33
baseline_naive;border_margin_wrong_grain;Border – marge avec grain trop grossier;border;1;1;0.0;0.0;;;1;0;1;1.0;0.0;1.0;0.0;0.0;0.0;0.001;0.001;0.001;0.001;0.001;0.0;33
baseline_measure_overlap;border_margin_wrong_grain;Border – marge avec grain trop grossier;border;1;1;0.0;0.0;;;1;0;1;1.0;0.0;1.0;0.0;0.0;0.0;0.0138;0.0138;0.0138;0.0138;0.0138;0.0;33
ablation_no_sat;border_margin_wrong_grain;Border – marge avec grain trop grossier;border;1;0;0.0;0.0;;;0;0;0;0.0;0.0;0.0;1.0;0.0;0.0;0.4064;0.4064;0.4064;0.4064;0.4064;0.0;33
ablation_no_real;border_margin_wrong_grain;Border – marge avec grain trop grossier;border;1;0;0.0;0.0;;;0;0;0;0.0;0.0;0.0;1.0;0.0;0.0;0.2046;0.2046;0.2046;0.2046;0.2046;0.0;33
ablation_ceval_any_intersection;border_margin_wrong_grain;Border – marge avec grain trop grossier;border;1;0;0.0;0.0;;;0;0;0;0.0;0.0;0.0;1.0;0.0;0.0;0.2005;0.2005;0.2005;0.2005;0.2005;0.0;33
baseline_random_matched;border_margin_wrong_grain;Border – marge avec grain trop grossier;border;1;1;0.0;0.0;;;1;0;1;1.0;0.0;1.0;0.0;0.0;0.0;0.0028;0.0028;0.0028;0.0028;0.0028;0.0;33
mcad;border_stockout_missing_store;Border – rupture sans grain magasin;border;1;0;0.0;0.0;;;0;0;0;0.0;0.0;0.0;1.0;0.0;0.0;0.1937;0.1937;0.1937;0.1937;0.1937;0.0;33
baseline_naive;border_stockout_missing_store;Border – rupture sans grain magasin;border;1;1;0.0;0.0;;;1;0;1;1.0;0.0;1.0;0.0;0.0;0.0;0.0012;0.0012;0.0012;0.0012;0.0012;0.0;33
baseline_measure_overlap;border_stockout_missing_store;Border – rupture sans grain magasin;border;1;1;0.0;0.0;;;1;0;1;1.0;0.0;1.0;0.0;0.0;0.0;0.0129;0.0129;0.0129;0.0129;0.0129;0.0;33
ablation_no_sat;border_stockout_missing_store;Border – rupture sans grain magasin;border;1;0;0.0;0.0;;;0;0;0;0.0;0.0;0.0;1.0;0.0;0.0;0.2627;0.2627;0.2627;0.2627;0.2627;0.0;33
ablation_no_real;border_stockout_missing_store;Border – rupture sans grain magasin;border;1;0;0.0;0.0;;;0;0;0;0.0;0.0;0.0;1.0;0.0;0.0;0.3;0.3;0.3;0.3;0.3;0.0;33
ablation_ceval_any_intersection;border_stockout_missing_store;Border – rupture sans grain magasin;border;1;0;0.0;0.0;;;0;0;0;0.0;0.0;0.0;1.0;0.0;0.0;0.1943;0.1943;0.1943;0.1943;0.1943;0.0;33
baseline_random_matched;border_stockout_missing_store;Border – rupture sans grain magasin;border;1;1;0.0;0.0;;;1;0;1;1.0;0.0;1.0;0.0;0.0;0.0;0.0027;0.0027;0.0027;0.0027;0.0027;0.0;33
mcad;adversarial_wrong_region;Adversarial – bonne mesure mais mauvaise région;adversarial;1;0;0.0;0.0;;;0;0;0;0.0;0.0;0.0;1.0;0.0;0.0;0.1677;0.1677;0.1677;0.1677;0.1677;0.0;33
baseline_naive;adversarial_wrong_region;Adversarial – bonne mesure mais mauvaise région;adversarial;1;1;0.0;0.0;;;1;0;1;1.0;0.0;1.0;0.0;0.0;0.0;0.0009;0.0009;0.0009;0.0009;0.0009;0.0;33
baseline_measure_overlap;adversarial_wrong_region;Adversarial – bonne mesure mais mauvaise région;adversarial;1;1;0.0;0.0;;;1;0;1;1.0;0.0;1.0;0.0;0.0;0.0;0.0127;0.0127;0.0127;0.0127;0.0127;0.0;33
ablation_no_sat;adversarial_wrong_region;Adversarial – bonne mesure mais mauvaise région;adversarial;1;0;0.0;0.0;;;0;0;0;0.0;0.0;0.0;1.0;0.0;0.0;0.2116;0.2116;0.2116;0.2116;0.2116;0.0;33
ablation_no_real;adversarial_wrong_region;Adversarial – bonne mesure mais mauvaise région;adversarial;1;0;0.0;0.0;;;0;0;0;0.0;0.0;0.0;1.0;0.0;0.0;0.1966;0.1966;0.1966;0.1966;0.1966;0.0;33
ablation_ceval_any_intersection;adversarial_wrong_region;Adversarial – bonne mesure mais mauvaise région;adversarial;1;0;0.0;0.0;;;0;0;0;0.0;0.0;0.0;1.0;0.0;0.0;0.2717;0.2717;0.2717;0.2717;0.2717;0.0;33
baseline_random_matched;adversarial_wrong_region;Adversarial – bonne mesure mais mauvaise région;adversarial;1;1;0.0;0.0;;;1;0;1;1.0;0.0;1.0;0.0;0.0;0.0;0.0029;0.0029;0.0029;0.0029;0.0029;0.0;33
mcad;adversarial_wrong_year;Adversarial – bonne structure mais mauvaise année;adversarial;1;0;0.0;0.0;;;0;0;0;0.0;0.0;0.0;1.0;0.0;0.0;0.1653;0.1653;0.1653;0.1653;0.1653;0.0;33
baseline_naive;adversarial_wrong_year;Adversarial – bonne structure mais mauvaise année;adversarial;1;1;0.0;0.0;;;1;0;1;1.0;0.0;1.0;0.0;0.0;0.0;0.0009;0.0009;0.0009;0.0009;0.0009;0.0;33
baseline_measure_overlap;adversarial_wrong_year;Adversarial – bonne structure mais mauvaise année;adversarial;1;1;0.0;0.0;;;1;0;1;1.0;0.0;1.0;0.0;0.0;0.0;0.0131;0.0131;0.0131;0.0131;0.0131;0.0;33
ablation_no_sat;adversarial_wrong_year;Adversarial – bonne structure mais mauvaise année;adversarial;1;0;0.0;0.0;;;0;0;0;0.0;0.0;0.0;1.0;0.0;0.0;0.1902;0.1902;0.1902;0.1902;0.1902;0.0;33
ablation_no_real;adversarial_wrong_year;Adversarial – bonne structure mais mauvaise année;adversarial;1;0;0.0;0.0;;;0;0;0;0.0;0.0;0.0;1.0;0.0;0.0;0.1748;0.1748;0.1748;0.1748;0.1748;0.0;33
ablation_ceval_any_intersection;adversarial_wrong_year;Adversarial – bonne structure mais mauvaise année;adversarial;1;0;0.0;0.0;;;0;0;0;0.0;0.0;0.0;1.0;0.0;0.0;0.2578;0.2578;0.2578;0.2578;0.2578;0.0;33
baseline_random_matched;adversarial_wrong_year;Adversarial – bonne structure mais mauvaise année;adversarial;1;0;0.0;0.0;;;0;0;0;0.0;0.0;0.0;0.0;0.0;0.0;0.0029;0.0029;0.0029;0.0029;0.0029;0.0;33
mcad;adversarial_invalid_no_measures;Adversarial – requête invalide sans mesure;adversarial;1;0;0.0;0.0;;;0;0;0;0.0;0.0;0.0;1.0;0.0;0.0;0.0732;0.0732;0.0732;0.0732;0.0732;0.0;33
baseline_naive;adversarial_invalid_no_measures;Adversarial – requête invalide sans mesure;adversarial;1;1;0.0;0.0;;;1;0;1;1.0;0.0;1.0;0.0;0.0;0.0;0.0009;0.0009;0.0009;0.0009;0.0009;0.0;33
baseline_measure_overlap;adversarial_invalid_no_measures;Adversarial – requête invalide sans mesure;adversarial;1;0;0.0;0.0;;;0;0;0;0.0;0.0;0.0;0.0;0.0;0.0;0.0125;0.0125;0.0125;0.0125;0.0125;0.0;33
ablation_no_sat;adversarial_invalid_no_measures;Adversarial – requête invalide sans mesure;adversarial;1;0;0.0;0.0;;;0;0;0;0.0;0.0;0.0;1.0;0.0;0.0;0.096;0.096;0.096;0.096;0.096;0.0;33
ablation_no_real;adversarial_invalid_no_measures;Adversarial – requête invalide sans mesure;adversarial;1;0;0.0;0.0;;;0;0;0;0.0;0.0;0.0;1.0;0.0;0.0;0.0775;0.0775;0.0775;0.0775;0.0775;0.0;33
ablation_ceval_any_intersection;adversarial_invalid_no_measures;Adversarial – requête invalide sans mesure;adversarial;1;0;0.0;0.0;;;0;0;0;0.0;0.0;0.0;1.0;0.0;0.0;0.0718;0.0718;0.0718;0.0718;0.0718;0.0;33
baseline_random_matched;adversarial_invalid_no_measures;Adversarial – requête invalide sans mesure;adversarial;1;0;0.0;0.0;;;0;0;0;0.0;0.0;0.0;0.0;0.0;0.0;0.0034;0.0034;0.0034;0.0034;0.0034;0.0;33
mcad;stress_exploratory_then_useful;Stress – bruit exploratoire avant requête utile;stress;3;1;0.333333;0.111111;;;0;0;0;0.0;0.0;0.0;0.666667;0.0;0.0;0.200833;0.2091;0.24555;0.24879;0.2091;0.1967;33
baseline_naive;stress_exploratory_then_useful;Stress – bruit exploratoire avant requête utile;stress;3;3;0.333333;0.111111;;;2;0;2;0.666667;0.0;0.666667;0.0;0.0;0.0;0.000567;0.0005;0.00086;0.000892;0.0009;0.0004;33
baseline_measure_overlap;stress_exploratory_then_useful;Stress – bruit exploratoire avant requête utile;stress;3;3;0.333333;0.111111;;;2;0;2;0.666667;0.0;0.666667;0.0;0.0;0.0;0.007667;0.0053;0.01259;0.013238;0.0134;0.0048;33
ablation_no_sat;stress_exploratory_then_useful;Stress – bruit exploratoire avant requête utile;stress;3;1;0.333333;0.111111;;;0;0;0;0.0;0.0;0.0;0.666667;0.0;0.0;0.2254;0.2353;0.26707;0.269894;0.2353;0.22045;33
ablation_no_real;stress_exploratory_then_useful;Stress – bruit exploratoire avant requête utile;stress;3;1;0.333333;0.111111;;;0;0;0;0.0;0.0;0.0;0.666667;0.0;0.0;0.2041;0.2019;0.24717;0.251194;0.2019;0.2052;33
ablation_ceval_any_intersection;stress_exploratory_then_useful;Stress – bruit exploratoire avant requête utile;stress;3;1;0.333333;0.111111;;;0;0;0;0.0;0.0;0.0;0.666667;0.0;0.0;0.192633;0.1938;0.23844;0.242408;0.1938;0.19205;33
baseline_random_matched;stress_exploratory_then_useful;Stress – bruit exploratoire avant requête utile;stress;3;1;0.333333;0.111111;;;0;0;0;0.0;0.0;0.0;0.0;0.0;0.0;0.001667;0.0009;0.00306;0.003252;0.0033;0.00085;33
mcad;happy_guided_article_short;Happy – parcours guidé article (c1 → c2 → c3);happy;3;3;1.0;0.666667;3;3;0;0;0;0.0;0.0;0.0;0.0;0.0;0.0;0.2995;0.2918;0.32834;0.331588;0.2918;0.30335;34
baseline_naive;happy_guided_article_short;Happy – parcours guidé article (c1 → c2 → c3);happy;3;3;1.0;0.666667;3;3;0;0;0;0.0;0.0;0.0;0.0;0.0;0.0;0.000567;0.0004;0.00085;0.00089;0.0009;0.0004;34
baseline_measure_overlap;happy_guided_article_short;Happy – parcours guidé article (c1 → c2 → c3);happy;3;3;1.0;0.666667;3;3;0;0;0;0.0;0.0;0.0;0.0;0.0;0.0;0.007433;0.0049;0.01219;0.012838;0.013;0.00465;34
ablation_no_sat;happy_guided_article_short;Happy – parcours guidé article (c1 → c2 → c3);happy;3;3;1.0;0.666667;3;3;0;0;0;0.0;0.0;0.0;0.0;0.0;0.0;0.288433;0.2775;0.33609;0.341298;0.2775;0.2939;34
ablation_no_real;happy_guided_article_short;Happy – parcours guidé article (c1 → c2 → c3);happy;3;3;1.0;0.666667;3;3;0;0;0;0.0;0.0;0.0;0.0;0.0;0.0;0.294767;0.2853;0.3312;0.33528;0.2853;0.2995;34
ablation_ceval_any_intersection;happy_guided_article_short;Happy – parcours guidé article (c1 → c2 → c3);happy;3;3;1.0;0.666667;3;3;0;0;0;0.0;0.0;0.0;0.0;0.0;0.0;0.527467;0.5043;0.59232;0.600144;0.5043;0.53905;34
baseline_random_matched;happy_guided_article_short;Happy – parcours guidé article (c1 → c2 → c3);happy;3;2;0.666667;0.444444;;;0;1;0;0.0;0.333333;0.0;0.0;0.0;0.0;0.001667;0.001;0.00307;0.003254;0.0033;0.00085;34
mcad;happy_guided_reordered;Happy – même objectif mais ordre différent (c3 → c1 → c2);happy;3;3;1.0;0.666667;3;3;0;0;0;0.0;0.0;0.0;0.0;0.0;0.0;0.297367;0.2832;0.36051;0.367382;0.3691;0.2615;34
baseline_naive;happy_guided_reordered;Happy – même objectif mais ordre différent (c3 → c1 → c2);happy;3;3;1.0;0.666667;3;3;0;0;0;0.0;0.0;0.0;0.0;0.0;0.0;0.000567;0.0004;0.00085;0.00089;0.0009;0.0004;34
baseline_measure_overlap;happy_guided_reordered;Happy – même objectif mais ordre différent (c3 → c1 → c2);happy;3;3;1.0;0.666667;3;3;0;0;0;0.0;0.0;0.0;0.0;0.0;0.0;0.007567;0.0051;0.01203;0.012646;0.0128;0.00495;34
ablation_no_sat;happy_guided_reordered;Happy – même objectif mais ordre différent (c3 → c1 → c2);happy;3;3;1.0;0.666667;3;3;0;0;0;0.0;0.0;0.0;0.0;0.0;0.0;0.285133;0.2476;0.35524;0.364808;0.3672;0.2441;34
ablation_no_real;happy_guided_reordered;Happy – même objectif mais ordre différent (c3 → c1 → c2);happy;3;3;1.0;0.666667;3;3;0;0;0;0.0;0.0;0.0;0.0;0.0;0.0;0.291033;0.2542;0.36067;0.370134;0.3725;0.2503;34
ablation_ceval_any_intersection;happy_guided_reordered;Happy – même objectif mais ordre différent (c3 → c1 → c2);happy;3;3;1.0;0.666667;3;3;0;0;0;0.0;0.0;0.0;0.0;0.0;0.0;0.297067;0.2455;0.39472;0.407984;0.4113;0.23995;34
baseline_random_matched;happy_guided_reordered;Happy – même objectif mais ordre différent (c3 → c1 → c2);happy;3;1;0.333333;0.111111;;;0;2;0;0.0;0.666667;0.0;0.0;0.0;0.0;0.0019;0.0009;0.00369;0.003938;0.004;0.00085;34
mcad;happy_guided_compact;Happy – parcours compact guidé;happy;3;3;1.0;0.666667;3;3;0;0;0;0.0;0.0;0.0;0.0;0.0;0.0;0.291433;0.2855;0.34211;0.347142;0.2855;0.2944;34
baseline_naive;happy_guided_compact;Happy – parcours compact guidé;happy;3;3;1.0;0.666667;3;3;0;0;0;0.0;0.0;0.0;0.0;0.0;0.0;0.000567;0.0005;0.00086;0.000892;0.0009;0.0004;34
baseline_measure_overlap;happy_guided_compact;Happy – parcours compact guidé;happy;3;3;1.0;0.666667;3;3;0;0;0;0.0;0.0;0.0;0.0;0.0;0.0;0.008;0.0057;0.01326;0.013932;0.0141;0.00495;34
ablation_no_sat;happy_guided_compact;Happy – parcours compact guidé;happy;3;3;1.0;0.666667;3;3;0;0;0;0.0;0.0;0.0;0.0;0.0;0.0;0.288;0.2904;0.3291;0.33254;0.2904;0.2868;34
ablation_no_real;happy_guided_compact;Happy – parcours compact guidé;happy;3;3;1.0;0.666667;3;3;0;0;0;0.0;0.0;0.0;0.0;0.0;0.0;0.3245;0.2829;0.42825;0.44117;0.2829;0.3453;34
ablation_ceval_any_intersection;happy_guided_compact;Happy – parcours compact guidé;happy;3;3;1.0;0.666667;3;3;0;0;0;0.0;0.0;0.0;0.0;0.0;0.0;0.291967;0.2734;0.35233;0.359346;0.2734;0.30125;34
baseline_random_matched;happy_guided_compact;Happy – parcours compact guidé;happy;3;0;0.0;0.0;;;0;3;0;0.0;1.0;0.0;0.0;0.0;0.0;0.001533;0.0007;0.00313;0.003346;0.0034;0.0006;34
mcad;border_growth_partial_1998_only;Border – croissance partielle 1998 seulement;border;1;0;0.0;0.0;;;0;0;0;0.0;0.0;0.0;0.0;0.0;1.0;0.5827;0.5827;0.5827;0.5827;0.5827;0.0;34
baseline_naive;border_growth_partial_1998_only;Border – croissance partielle 1998 seulement;border;1;1;0.0;0.0;;;1;0;1;1.0;0.0;1.0;0.0;0.0;0.0;0.001;0.001;0.001;0.001;0.001;0.0;34
baseline_measure_overlap;border_growth_partial_1998_only;Border – croissance partielle 1998 seulement;border;1;1;0.0;0.0;;;1;0;1;1.0;0.0;1.0;0.0;0.0;0.0;0.0134;0.0134;0.0134;0.0134;0.0134;0.0;34
ablation_no_sat;border_growth_partial_1998_only;Border – croissance partielle 1998 seulement;border;1;0;0.0;0.0;;;0;0;0;0.0;0.0;0.0;0.0;0.0;1.0;0.3368;0.3368;0.3368;0.3368;0.3368;0.0;34
ablation_no_real;border_growth_partial_1998_only;Border – croissance partielle 1998 seulement;border;1;1;0.0;0.0;;;1;0;1;1.0;0.0;1.0;0.0;0.0;1.0;0.3442;0.3442;0.3442;0.3442;0.3442;0.0;34
ablation_ceval_any_intersection;border_growth_partial_1998_only;Border – croissance partielle 1998 seulement;border;1;1;0.0;0.0;;;1;0;1;1.0;0.0;1.0;0.0;0.0;0.0;0.6107;0.6107;0.6107;0.6107;0.6107;0.0;34
baseline_random_matched;border_growth_partial_1998_only;Border – croissance partielle 1998 seulement;border;1;0;0.0;0.0;;;0;0;0;0.0;0.0;0.0;0.0;0.0;0.0;0.0044;0.0044;0.0044;0.0044;0.0044;0.0;34
mcad;border_margin_wrong_grain;Border – marge avec grain trop grossier;border;1;0;0.0;0.0;;;0;0;0;0.0;0.0;0.0;1.0;0.0;0.0;0.4022;0.4022;0.4022;0.4022;0.4022;0.0;34
baseline_naive;border_margin_wrong_grain;Border – marge avec grain trop grossier;border;1;1;0.0;0.0;;;1;0;1;1.0;0.0;1.0;0.0;0.0;0.0;0.0018;0.0018;0.0018;0.0018;0.0018;0.0;34
baseline_measure_overlap;border_margin_wrong_grain;Border – marge avec grain trop grossier;border;1;1;0.0;0.0;;;1;0;1;1.0;0.0;1.0;0.0;0.0;0.0;0.031;0.031;0.031;0.031;0.031;0.0;34
ablation_no_sat;border_margin_wrong_grain;Border – marge avec grain trop grossier;border;1;0;0.0;0.0;;;0;0;0;0.0;0.0;0.0;1.0;0.0;0.0;0.5227;0.5227;0.5227;0.5227;0.5227;0.0;34
ablation_no_real;border_margin_wrong_grain;Border – marge avec grain trop grossier;border;1;0;0.0;0.0;;;0;0;0;0.0;0.0;0.0;1.0;0.0;0.0;0.3894;0.3894;0.3894;0.3894;0.3894;0.0;34
ablation_ceval_any_intersection;border_margin_wrong_grain;Border – marge avec grain trop grossier;border;1;0;0.0;0.0;;;0;0;0;0.0;0.0;0.0;1.0;0.0;0.0;1.0277;1.0277;1.0277;1.0277;1.0277;0.0;34
baseline_random_matched;border_margin_wrong_grain;Border – marge avec grain trop grossier;border;1;1;0.0;0.0;;;1;0;1;1.0;0.0;1.0;0.0;0.0;0.0;0.0062;0.0062;0.0062;0.0062;0.0062;0.0;34
mcad;border_stockout_missing_store;Border – rupture sans grain magasin;border;1;0;0.0;0.0;;;0;0;0;0.0;0.0;0.0;1.0;0.0;0.0;0.246;0.246;0.246;0.246;0.246;0.0;34
baseline_naive;border_stockout_missing_store;Border – rupture sans grain magasin;border;1;1;0.0;0.0;;;1;0;1;1.0;0.0;1.0;0.0;0.0;0.0;0.0011;0.0011;0.0011;0.0011;0.0011;0.0;34
baseline_measure_overlap;border_stockout_missing_store;Border – rupture sans grain magasin;border;1;1;0.0;0.0;;;1;0;1;1.0;0.0;1.0;0.0;0.0;0.0;0.0247;0.0247;0.0247;0.0247;0.0247;0.0;34
ablation_no_sat;border_stockout_missing_store;Border – rupture sans grain magasin;border;1;0;0.0;0.0;;;0;0;0;0.0;0.0;0.0;1.0;0.0;0.0;0.4325;0.4325;0.4325;0.4325;0.4325;0.0;34
ablation_no_real;border_stockout_missing_store;Border – rupture sans grain magasin;border;1;0;0.0;0.0;;;0;0;0;0.0;0.0;0.0;1.0;0.0;0.0;0.377;0.377;0.377;0.377;0.377;0.0;34
ablation_ceval_any_intersection;border_stockout_missing_store;Border – rupture sans grain magasin;border;1;0;0.0;0.0;;;0;0;0;0.0;0.0;0.0;1.0;0.0;0.0;0.1976;0.1976;0.1976;0.1976;0.1976;0.0;34
baseline_random_matched;border_stockout_missing_store;Border – rupture sans grain magasin;border;1;0;0.0;0.0;;;0;0;0;0.0;0.0;0.0;0.0;0.0;0.0;0.003;0.003;0.003;0.003;0.003;0.0;34
mcad;adversarial_wrong_region;Adversarial – bonne mesure mais mauvaise région;adversarial;1;0;0.0;0.0;;;0;0;0;0.0;0.0;0.0;1.0;0.0;0.0;0.172;0.172;0.172;0.172;0.172;0.0;34
baseline_naive;adversarial_wrong_region;Adversarial – bonne mesure mais mauvaise région;adversarial;1;1;0.0;0.0;;;1;0;1;1.0;0.0;1.0;0.0;0.0;0.0;0.001;0.001;0.001;0.001;0.001;0.0;34
baseline_measure_overlap;adversarial_wrong_region;Adversarial – bonne mesure mais mauvaise région;adversarial;1;1;0.0;0.0;;;1;0;1;1.0;0.0;1.0;0.0;0.0;0.0;0.0132;0.0132;0.0132;0.0132;0.0132;0.0;34
ablation_no_sat;adversarial_wrong_region;Adversarial – bonne mesure mais mauvaise région;adversarial;1;0;0.0;0.0;;;0;0;0;0.0;0.0;0.0;1.0;0.0;0.0;0.21;0.21;0.21;0.21;0.21;0.0;34
ablation_no_real;adversarial_wrong_region;Adversarial – bonne mesure mais mauvaise région;adversarial;1;0;0.0;0.0;;;0;0;0;0.0;0.0;0.0;1.0;0.0;0.0;0.33;0.33;0.33;0.33;0.33;0.0;34
ablation_ceval_any_intersection;adversarial_wrong_region;Adversarial – bonne mesure mais mauvaise région;adversarial;1;0;0.0;0.0;;;0;0;0;0.0;0.0;0.0;1.0;0.0;0.0;0.1705;0.1705;0.1705;0.1705;0.1705;0.0;34
baseline_random_matched;adversarial_wrong_region;Adversarial – bonne mesure mais mauvaise région;adversarial;1;0;0.0;0.0;;;0;0;0;0.0;0.0;0.0;0.0;0.0;0.0;0.0029;0.0029;0.0029;0.0029;0.0029;0.0;34
mcad;adversarial_wrong_year;Adversarial – bonne structure mais mauvaise année;adversarial;1;0;0.0;0.0;;;0;0;0;0.0;0.0;0.0;1.0;0.0;0.0;0.1643;0.1643;0.1643;0.1643;0.1643;0.0;34
baseline_naive;adversarial_wrong_year;Adversarial – bonne structure mais mauvaise année;adversarial;1;1;0.0;0.0;;;1;0;1;1.0;0.0;1.0;0.0;0.0;0.0;0.001;0.001;0.001;0.001;0.001;0.0;34
baseline_measure_overlap;adversarial_wrong_year;Adversarial – bonne structure mais mauvaise année;adversarial;1;1;0.0;0.0;;;1;0;1;1.0;0.0;1.0;0.0;0.0;0.0;0.0123;0.0123;0.0123;0.0123;0.0123;0.0;34
ablation_no_sat;adversarial_wrong_year;Adversarial – bonne structure mais mauvaise année;adversarial;1;0;0.0;0.0;;;0;0;0;0.0;0.0;0.0;1.0;0.0;0.0;0.1884;0.1884;0.1884;0.1884;0.1884;0.0;34
ablation_no_real;adversarial_wrong_year;Adversarial – bonne structure mais mauvaise année;adversarial;1;0;0.0;0.0;;;0;0;0;0.0;0.0;0.0;1.0;0.0;0.0;0.2925;0.2925;0.2925;0.2925;0.2925;0.0;34
ablation_ceval_any_intersection;adversarial_wrong_year;Adversarial – bonne structure mais mauvaise année;adversarial;1;0;0.0;0.0;;;0;0;0;0.0;0.0;0.0;1.0;0.0;0.0;0.1624;0.1624;0.1624;0.1624;0.1624;0.0;34
baseline_random_matched;adversarial_wrong_year;Adversarial – bonne structure mais mauvaise année;adversarial;1;1;0.0;0.0;;;1;0;1;1.0;0.0;1.0;0.0;0.0;0.0;0.0028;0.0028;0.0028;0.0028;0.0028;0.0;34
mcad;adversarial_invalid_no_measures;Adversarial – requête invalide sans mesure;adversarial;1;0;0.0;0.0;;;0;0;0;0.0;0.0;0.0;1.0;0.0;0.0;0.1001;0.1001;0.1001;0.1001;0.1001;0.0;34
baseline_naive;adversarial_invalid_no_measures;Adversarial – requête invalide sans mesure;adversarial;1;1;0.0;0.0;;;1;0;1;1.0;0.0;1.0;0.0;0.0;0.0;0.001;0.001;0.001;0.001;0.001;0.0;34
baseline_measure_overlap;adversarial_invalid_no_measures;Adversarial – requête invalide sans mesure;adversarial;1;0;0.0;0.0;;;0;0;0;0.0;0.0;0.0;0.0;0.0;0.0;0.0187;0.0187;0.0187;0.0187;0.0187;0.0;34
ablation_no_sat;adversarial_invalid_no_measures;Adversarial – requête invalide sans mesure;adversarial;1;0;0.0;0.0;;;0;0;0;0.0;0.0;0.0;1.0;0.0;0.0;0.0883;0.0883;0.0883;0.0883;0.0883;0.0;34
ablation_no_real;adversarial_invalid_no_measures;Adversarial – requête invalide sans mesure;adversarial;1;0;0.0;0.0;;;0;0;0;0.0;0.0;0.0;1.0;0.0;0.0;0.0783;0.0783;0.0783;0.0783;0.0783;0.0;34
ablation_ceval_any_intersection;adversarial_invalid_no_measures;Adversarial – requête invalide sans mesure;adversarial;1;0;0.0;0.0;;;0;0;0;0.0;0.0;0.0;1.0;0.0;0.0;0.095;0.095;0.095;0.095;0.095;0.0;34
baseline_random_matched;adversarial_invalid_no_measures;Adversarial – requête invalide sans mesure;adversarial;1;1;0.0;0.0;;;1;0;1;1.0;0.0;1.0;0.0;0.0;0.0;0.0027;0.0027;0.0027;0.0027;0.0027;0.0;34
mcad;stress_exploratory_then_useful;Stress – bruit exploratoire avant requête utile;stress;3;1;0.333333;0.111111;;;0;0;0;0.0;0.0;0.0;0.666667;0.0;0.0;0.195867;0.1968;0.24513;0.249426;0.1968;0.1954;34
baseline_naive;stress_exploratory_then_useful;Stress – bruit exploratoire avant requête utile;stress;3;3;0.333333;0.111111;;;2;0;2;0.666667;0.0;0.666667;0.0;0.0;0.0;0.000567;0.0004;0.00094;0.000988;0.001;0.00035;34
baseline_measure_overlap;stress_exploratory_then_useful;Stress – bruit exploratoire avant requête utile;stress;3;3;0.333333;0.111111;;;2;0;2;0.666667;0.0;0.666667;0.0;0.0;0.0;0.007033;0.0049;0.01156;0.012152;0.0123;0.0044;34
ablation_no_sat;stress_exploratory_then_useful;Stress – bruit exploratoire avant requête utile;stress;3;1;0.333333;0.111111;;;0;0;0;0.0;0.0;0.0;0.666667;0.0;0.0;0.2212;0.2445;0.2472;0.24744;0.2445;0.20955;34
ablation_no_real;stress_exploratory_then_useful;Stress – bruit exploratoire avant requête utile;stress;3;1;0.333333;0.111111;;;0;0;0;0.0;0.0;0.0;0.666667;0.0;0.0;0.340267;0.3237;0.44466;0.455412;0.3237;0.34855;34
ablation_ceval_any_intersection;stress_exploratory_then_useful;Stress – bruit exploratoire avant requête utile;stress;3;1;0.333333;0.111111;;;0;0;0;0.0;0.0;0.0;0.666667;0.0;0.0;0.338267;0.3216;0.4215;0.43038;0.3216;0.3466;34
baseline_random_matched;stress_exploratory_then_useful;Stress – bruit exploratoire avant requête utile;stress;3;1;0.0;0.0;;;1;1;1;0.333333;0.333333;1.0;0.0;0.0;0.0;0.001333;0.0007;0.00259;0.002758;0.0028;0.0006;34
mcad;happy_guided_article_short;Happy – parcours guidé article (c1 → c2 → c3);happy;3;3;1.0;0.666667;3;3;0;0;0;0.0;0.0;0.0;0.0;0.0;0.0;0.323433;0.3347;0.35405;0.35577;0.3562;0.30705;35
baseline_naive;happy_guided_article_short;Happy – parcours guidé article (c1 → c2 → c3);happy;3;3;1.0;0.666667;3;3;0;0;0;0.0;0.0;0.0;0.0;0.0;0.0;0.000733;0.0004;0.0013;0.00138;0.0014;0.0004;35
baseline_measure_overlap;happy_guided_article_short;Happy – parcours guidé article (c1 → c2 → c3);happy;3;3;1.0;0.666667;3;3;0;0;0;0.0;0.0;0.0;0.0;0.0;0.0;0.008167;0.0057;0.01389;0.014618;0.0148;0.00485;35
ablation_no_sat;happy_guided_article_short;Happy – parcours guidé article (c1 → c2 → c3);happy;3;3;1.0;0.666667;3;3;0;0;0;0.0;0.0;0.0;0.0;0.0;0.0;0.2888;0.2819;0.32429;0.328058;0.2819;0.29225;35
ablation_no_real;happy_guided_article_short;Happy – parcours guidé article (c1 → c2 → c3);happy;3;3;1.0;0.666667;3;3;0;0;0;0.0;0.0;0.0;0.0;0.0;0.0;0.294333;0.288;0.33057;0.334354;0.288;0.2975;35
ablation_ceval_any_intersection;happy_guided_article_short;Happy – parcours guidé article (c1 → c2 → c3);happy;3;3;1.0;0.666667;3;3;0;0;0;0.0;0.0;0.0;0.0;0.0;0.0;0.493767;0.4748;0.58244;0.592008;0.4748;0.50325;35
baseline_random_matched;happy_guided_article_short;Happy – parcours guidé article (c1 → c2 → c3);happy;3;2;0.666667;0.444444;;;0;1;0;0.0;0.333333;0.0;0.0;0.0;0.0;0.001667;0.0009;0.00342;0.003644;0.0037;0.00065;35
mcad;happy_guided_reordered;Happy – même objectif mais ordre différent (c3 → c1 → c2);happy;3;3;1.0;0.666667;3;3;0;0;0;0.0;0.0;0.0;0.0;0.0;0.0;0.291667;0.2539;0.36964;0.379928;0.3825;0.24625;35
baseline_naive;happy_guided_reordered;Happy – même objectif mais ordre différent (c3 → c1 → c2);happy;3;3;1.0;0.666667;3;3;0;0;0;0.0;0.0;0.0;0.0;0.0;0.0;0.0006;0.0005;0.00095;0.00099;0.001;0.0004;35
baseline_measure_overlap;happy_guided_reordered;Happy – même objectif mais ordre différent (c3 → c1 → c2);happy;3;3;1.0;0.666667;3;3;0;0;0;0.0;0.0;0.0;0.0;0.0;0.0;0.008167;0.0049;0.01426;0.015092;0.0153;0.0046;35
ablation_no_sat;happy_guided_reordered;Happy – même objectif mais ordre différent (c3 → c1 → c2);happy;3;3;1.0;0.666667;3;3;0;0;0;0.0;0.0;0.0;0.0;0.0;0.0;0.2913;0.2606;0.35915;0.36791;0.3701;0.2519;35
ablation_no_real;happy_guided_reordered;Happy – même objectif mais ordre différent (c3 → c1 → c2);happy;3;3;1.0;0.666667;3;3;0;0;0;0.0;0.0;0.0;0.0;0.0;0.0;0.306667;0.2647;0.39556;0.407192;0.4101;0.25495;35
ablation_ceval_any_intersection;happy_guided_reordered;Happy – même objectif mais ordre différent (c3 → c1 → c2);happy;3;3;1.0;0.666667;3;3;0;0;0;0.0;0.0;0.0;0.0;0.0;0.0;0.4983;0.4404;0.60627;0.621014;0.6247;0.4351;35
baseline_random_matched;happy_guided_reordered;Happy – même objectif mais ordre différent (c3 → c1 → c2);happy;3;2;0.666667;0.555556;;;0;1;0;0.0;0.333333;0.0;0.0;0.0;0.0;0.001433;0.0006;0.00294;0.003148;0.0032;0.00055;35
mcad;happy_guided_compact;Happy – parcours compact guidé;happy;3;3;1.0;0.666667;3;3;0;0;0;0.0;0.0;0.0;0.0;0.0;0.0;0.291167;0.277;0.33784;0.343248;0.277;0.29825;35
baseline_naive;happy_guided_compact;Happy – parcours compact guidé;happy;3;3;1.0;0.666667;3;3;0;0;0;0.0;0.0;0.0;0.0;0.0;0.0;0.000567;0.0005;0.00086;0.000892;0.0009;0.0004;35
baseline_measure_overlap;happy_guided_compact;Happy – parcours compact guidé;happy;3;3;1.0;0.666667;3;3;0;0;0;0.0;0.0;0.0;0.0;0.0;0.0;0.0078;0.0057;0.01254;0.013148;0.0133;0.00505;35
ablation_no_sat;happy_guided_compact;Happy – parcours compact guidé;happy;3;3;1.0;0.666667;3;3;0;0;0;0.0;0.0;0.0;0.0;0.0;0.0;0.2856;0.2804;0.32945;0.33381;0.2804;0.2882;35
ablation_no_real;happy_guided_compact;Happy – parcours compact guidé;happy;3;3;1.0;0.666667;3;3;0;0;0;0.0;0.0;0.0;0.0;0.0;0.0;0.317767;0.2917;0.40231;0.412142;0.2917;0.3308;35
ablation_ceval_any_intersection;happy_guided_compact;Happy – parcours compact guidé;happy;3;3;1.0;0.666667;3;3;0;0;0;0.0;0.0;0.0;0.0;0.0;0.0;0.310867;0.2822;0.39632;0.406464;0.2822;0.3252;35
baseline_random_matched;happy_guided_compact;Happy – parcours compact guidé;happy;3;2;0.666667;0.333333;;;0;1;0;0.0;0.333333;0.0;0.0;0.0;0.0;0.001867;0.001;0.0037;0.00394;0.004;0.0008;35
mcad;border_growth_partial_1998_only;Border – croissance partielle 1998 seulement;border;1;0;0.0;0.0;;;0;0;0;0.0;0.0;0.0;0.0;0.0;1.0;0.3564;0.3564;0.3564;0.3564;0.3564;0.0;35
baseline_naive;border_growth_partial_1998_only;Border – croissance partielle 1998 seulement;border;1;1;0.0;0.0;;;1;0;1;1.0;0.0;1.0;0.0;0.0;0.0;0.001;0.001;0.001;0.001;0.001;0.0;35
baseline_measure_overlap;border_growth_partial_1998_only;Border – croissance partielle 1998 seulement;border;1;1;0.0;0.0;;;1;0;1;1.0;0.0;1.0;0.0;0.0;0.0;0.015;0.015;0.015;0.015;0.015;0.0;35
ablation_no_sat;border_growth_partial_1998_only;Border – croissance partielle 1998 seulement;border;1;0;0.0;0.0;;;0;0;0;0.0;0.0;0.0;0.0;0.0;1.0;0.3613;0.3613;0.3613;0.3613;0.3613;0.0;35
ablation_no_real;border_growth_partial_1998_only;Border – croissance partielle 1998 seulement;border;1;1;0.0;0.0;;;1;0;1;1.0;0.0;1.0;0.0;0.0;1.0;0.3416;0.3416;0.3416;0.3416;0.3416;0.0;35
ablation_ceval_any_intersection;border_growth_partial_1998_only;Border – croissance partielle 1998 seulement;border;1;1;0.0;0.0;;;1;0;1;1.0;0.0;1.0;0.0;0.0;0.0;0.3313;0.3313;0.3313;0.3313;0.3313;0.0;35
baseline_random_matched;border_growth_partial_1998_only;Border – croissance partielle 1998 seulement;border;1;1;0.0;0.0;;;1;0;1;1.0;0.0;1.0;0.0;0.0;0.0;0.0036;0.0036;0.0036;0.0036;0.0036;0.0;35
mcad;border_margin_wrong_grain;Border – marge avec grain trop grossier;border;1;0;0.0;0.0;;;0;0;0;0.0;0.0;0.0;1.0;0.0;0.0;0.1983;0.1983;0.1983;0.1983;0.1983;0.0;35
baseline_naive;border_margin_wrong_grain;Border – marge avec grain trop grossier;border;1;1;0.0;0.0;;;1;0;1;1.0;0.0;1.0;0.0;0.0;0.0;0.0009;0.0009;0.0009;0.0009;0.0009;0.0;35
baseline_measure_overlap;border_margin_wrong_grain;Border – marge avec grain trop grossier;border;1;1;0.0;0.0;;;1;0;1;1.0;0.0;1.0;0.0;0.0;0.0;0.0127;0.0127;0.0127;0.0127;0.0127;0.0;35
ablation_no_sat;border_margin_wrong_grain;Border – marge avec grain trop grossier;border;1;0;0.0;0.0;;;0;0;0;0.0;0.0;0.0;1.0;0.0;0.0;0.2664;0.2664;0.2664;0.2664;0.2664;0.0;35
ablation_no_real;border_margin_wrong_grain;Border – marge avec grain trop grossier;border;1;0;0.0;0.0;;;0;0;0;0.0;0.0;0.0;1.0;0.0;0.0;0.2033;0.2033;0.2033;0.2033;0.2033;0.0;35
ablation_ceval_any_intersection;border_margin_wrong_grain;Border – marge avec grain trop grossier;border;1;0;0.0;0.0;;;0;0;0;0.0;0.0;0.0;1.0;0.0;0.0;0.1951;0.1951;0.1951;0.1951;0.1951;0.0;35
baseline_random_matched;border_margin_wrong_grain;Border – marge avec grain trop grossier;border;1;1;0.0;0.0;;;1;0;1;1.0;0.0;1.0;0.0;0.0;0.0;0.0028;0.0028;0.0028;0.0028;0.0028;0.0;35
mcad;border_stockout_missing_store;Border – rupture sans grain magasin;border;1;0;0.0;0.0;;;0;0;0;0.0;0.0;0.0;1.0;0.0;0.0;0.3272;0.3272;0.3272;0.3272;0.3272;0.0;35
baseline_naive;border_stockout_missing_store;Border – rupture sans grain magasin;border;1;1;0.0;0.0;;;1;0;1;1.0;0.0;1.0;0.0;0.0;0.0;0.0009;0.0009;0.0009;0.0009;0.0009;0.0;35
baseline_measure_overlap;border_stockout_missing_store;Border – rupture sans grain magasin;border;1;1;0.0;0.0;;;1;0;1;1.0;0.0;1.0;0.0;0.0;0.0;0.0124;0.0124;0.0124;0.0124;0.0124;0.0;35
ablation_no_sat;border_stockout_missing_store;Border – rupture sans grain magasin;border;1;0;0.0;0.0;;;0;0;0;0.0;0.0;0.0;1.0;0.0;0.0;0.2573;0.2573;0.2573;0.2573;0.2573;0.0;35
ablation_no_real;border_stockout_missing_store;Border – rupture sans grain magasin;border;1;0;0.0;0.0;;;0;0;0;0.0;0.0;0.0;1.0;0.0;0.0;0.2019;0.2019;0.2019;0.2019;0.2019;0.0;35
ablation_ceval_any_intersection;border_stockout_missing_store;Border – rupture sans grain magasin;border;1;0;0.0;0.0;;;0;0;0;0.0;0.0;0.0;1.0;0.0;0.0;0.1911;0.1911;0.1911;0.1911;0.1911;0.0;35
baseline_random_matched;border_stockout_missing_store;Border – rupture sans grain magasin;border;1;0;0.0;0.0;;;0;0;0;0.0;0.0;0.0;0.0;0.0;0.0;0.0029;0.0029;0.0029;0.0029;0.0029;0.0;35
mcad;adversarial_wrong_region;Adversarial – bonne mesure mais mauvaise région;adversarial;1;0;0.0;0.0;;;0;0;0;0.0;0.0;0.0;1.0;0.0;0.0;0.2833;0.2833;0.2833;0.2833;0.2833;0.0;35
baseline_naive;adversarial_wrong_region;Adversarial – bonne mesure mais mauvaise région;adversarial;1;1;0.0;0.0;;;1;0;1;1.0;0.0;1.0;0.0;0.0;0.0;0.0009;0.0009;0.0009;0.0009;0.0009;0.0;35
baseline_measure_overlap;adversarial_wrong_region;Adversarial – bonne mesure mais mauvaise région;adversarial;1;1;0.0;0.0;;;1;0;1;1.0;0.0;1.0;0.0;0.0;0.0;0.0149;0.0149;0.0149;0.0149;0.0149;0.0;35
ablation_no_sat;adversarial_wrong_region;Adversarial – bonne mesure mais mauvaise région;adversarial;1;0;0.0;0.0;;;0;0;0;0.0;0.0;0.0;1.0;0.0;0.0;0.2099;0.2099;0.2099;0.2099;0.2099;0.0;35
ablation_no_real;adversarial_wrong_region;Adversarial – bonne mesure mais mauvaise région;adversarial;1;0;0.0;0.0;;;0;0;0;0.0;0.0;0.0;1.0;0.0;0.0;0.1779;0.1779;0.1779;0.1779;0.1779;0.0;35
ablation_ceval_any_intersection;adversarial_wrong_region;Adversarial – bonne mesure mais mauvaise région;adversarial;1;0;0.0;0.0;;;0;0;0;0.0;0.0;0.0;1.0;0.0;0.0;0.1805;0.1805;0.1805;0.1805;0.1805;0.0;35
baseline_random_matched;adversarial_wrong_region;Adversarial – bonne mesure mais mauvaise région;adversarial;1;1;0.0;0.0;;;1;0;1;1.0;0.0;1.0;0.0;0.0;0.0;0.003;0.003;0.003;0.003;0.003;0.0;35
mcad;adversarial_wrong_year;Adversarial – bonne structure mais mauvaise année;adversarial;1;0;0.0;0.0;;;0;0;0;0.0;0.0;0.0;1.0;0.0;0.0;0.1692;0.1692;0.1692;0.1692;0.1692;0.0;35
baseline_naive;adversarial_wrong_year;Adversarial – bonne structure mais mauvaise année;adversarial;1;1;0.0;0.0;;;1;0;1;1.0;0.0;1.0;0.0;0.0;0.0;0.0016;0.0016;0.0016;0.0016;0.0016;0.0;35
baseline_measure_overlap;adversarial_wrong_year;Adversarial – bonne structure mais mauvaise année;adversarial;1;1;0.0;0.0;;;1;0;1;1.0;0.0;1.0;0.0;0.0;0.0;0.0158;0.0158;0.0158;0.0158;0.0158;0.0;35
ablation_no_sat;adversarial_wrong_year;Adversarial – bonne structure mais mauvaise année;adversarial;1;0;0.0;0.0;;;0;0;0;0.0;0.0;0.0;1.0;0.0;0.0;0.1989;0.1989;0.1989;0.1989;0.1989;0.0;35
ablation_no_real;adversarial_wrong_year;Adversarial – bonne structure mais mauvaise année;adversarial;1;0;0.0;0.0;;;0;0;0;0.0;0.0;0.0;1.0;0.0;0.0;0.1888;0.1888;0.1888;0.1888;0.1888;0.0;35
ablation_ceval_any_intersection;adversarial_wrong_year;Adversarial – bonne structure mais mauvaise année;adversarial;1;0;0.0;0.0;;;0;0;0;0.0;0.0;0.0;1.0;0.0;0.0;0.1655;0.1655;0.1655;0.1655;0.1655;0.0;35
baseline_random_matched;adversarial_wrong_year;Adversarial – bonne structure mais mauvaise année;adversarial;1;1;0.0;0.0;;;1;0;1;1.0;0.0;1.0;0.0;0.0;0.0;0.003;0.003;0.003;0.003;0.003;0.0;35
mcad;adversarial_invalid_no_measures;Adversarial – requête invalide sans mesure;adversarial;1;0;0.0;0.0;;;0;0;0;0.0;0.0;0.0;1.0;0.0;0.0;0.0751;0.0751;0.0751;0.0751;0.0751;0.0;35
baseline_naive;adversarial_invalid_no_measures;Adversarial – requête invalide sans mesure;adversarial;1;1;0.0;0.0;;;1;0;1;1.0;0.0;1.0;0.0;0.0;0.0;0.0012;0.0012;0.0012;0.0012;0.0012;0.0;35
baseline_measure_overlap;adversarial_invalid_no_measures;Adversarial – requête invalide sans mesure;adversarial;1;0;0.0;0.0;;;0;0;0;0.0;0.0;0.0;0.0;0.0;0.0;0.0141;0.0141;0.0141;0.0141;0.0141;0.0;35
ablation_no_sat;adversarial_invalid_no_measures;Adversarial – requête invalide sans mesure;adversarial;1;0;0.0;0.0;;;0;0;0;0.0;0.0;0.0;1.0;0.0;0.0;0.0908;0.0908;0.0908;0.0908;0.0908;0.0;35
ablation_no_real;adversarial_invalid_no_measures;Adversarial – requête invalide sans mesure;adversarial;1;0;0.0;0.0;;;0;0;0;0.0;0.0;0.0;1.0;0.0;0.0;0.0807;0.0807;0.0807;0.0807;0.0807;0.0;35
ablation_ceval_any_intersection;adversarial_invalid_no_measures;Adversarial – requête invalide sans mesure;adversarial;1;0;0.0;0.0;;;0;0;0;0.0;0.0;0.0;1.0;0.0;0.0;0.0708;0.0708;0.0708;0.0708;0.0708;0.0;35
baseline_random_matched;adversarial_invalid_no_measures;Adversarial – requête invalide sans mesure;adversarial;1;0;0.0;0.0;;;0;0;0;0.0;0.0;0.0;0.0;0.0;0.0;0.0028;0.0028;0.0028;0.0028;0.0028;0.0;35
mcad;stress_exploratory_then_useful;Stress – bruit exploratoire avant requête utile;stress;3;1;0.333333;0.111111;;;0;0;0;0.0;0.0;0.0;0.666667;0.0;0.0;0.201233;0.1982;0.25607;0.261214;0.1982;0.20275;35
baseline_naive;stress_exploratory_then_useful;Stress – bruit exploratoire avant requête utile;stress;3;3;0.333333;0.111111;;;2;0;2;0.666667;0.0;0.666667;0.0;0.0;0.0;0.000633;0.0005;0.00086;0.000892;0.0009;0.0005;35
baseline_measure_overlap;stress_exploratory_then_useful;Stress – bruit exploratoire avant requête utile;stress;3;3;0.333333;0.111111;;;2;0;2;0.666667;0.0;0.666667;0.0;0.0;0.0;0.011467;0.0088;0.01726;0.018012;0.0182;0.0081;35
ablation_no_sat;stress_exploratory_then_useful;Stress – bruit exploratoire avant requête utile;stress;3;1;0.333333;0.111111;;;0;0;0;0.0;0.0;0.0;0.666667;0.0;0.0;0.228467;0.2366;0.24542;0.246204;0.2366;0.2244;35
ablation_no_real;stress_exploratory_then_useful;Stress – bruit exploratoire avant requête utile;stress;3;1;0.333333;0.111111;;;0;0;0;0.0;0.0;0.0;0.666667;0.0;0.0;0.199967;0.2013;0.24702;0.251084;0.2013;0.1993;35
ablation_ceval_any_intersection;stress_exploratory_then_useful;Stress – bruit exploratoire avant requête utile;stress;3;1;0.333333;0.111111;;;0;0;0;0.0;0.0;0.0;0.666667;0.0;0.0;0.195533;0.2021;0.24026;0.243652;0.2021;0.19225;35
baseline_random_matched;stress_exploratory_then_useful;Stress – bruit exploratoire avant requête utile;stress;3;0;0.0;0.0;;;0;1;0;0.0;0.333333;0.0;0.0;0.0;0.0;0.001267;0.0006;0.00249;0.002658;0.0027;0.00055;35
mcad;happy_guided_article_short;Happy – parcours guidé article (c1 → c2 → c3);happy;3;3;1.0;0.666667;3;3;0;0;0;0.0;0.0;0.0;0.0;0.0;0.0;0.286767;0.2775;0.32412;0.328264;0.2775;0.2914;36
baseline_naive;happy_guided_article_short;Happy – parcours guidé article (c1 → c2 → c3);happy;3;3;1.0;0.666667;3;3;0;0;0;0.0;0.0;0.0;0.0;0.0;0.0;0.0008;0.0007;0.00115;0.00119;0.0012;0.0006;36
baseline_measure_overlap;happy_guided_article_short;Happy – parcours guidé article (c1 → c2 → c3);happy;3;3;1.0;0.666667;3;3;0;0;0;0.0;0.0;0.0;0.0;0.0;0.0;0.013467;0.0095;0.02156;0.022632;0.0229;0.00875;36
ablation_no_sat;happy_guided_article_short;Happy – parcours guidé article (c1 → c2 → c3);happy;3;3;1.0;0.666667;3;3;0;0;0;0.0;0.0;0.0;0.0;0.0;0.0;0.295267;0.2991;0.33933;0.342906;0.2991;0.29335;36
ablation_no_real;happy_guided_article_short;Happy – parcours guidé article (c1 → c2 → c3);happy;3;3;1.0;0.666667;3;3;0;0;0;0.0;0.0;0.0;0.0;0.0;0.0;0.3038;0.3083;0.34601;0.349362;0.3083;0.30155;36
ablation_ceval_any_intersection;happy_guided_article_short;Happy – parcours guidé article (c1 → c2 → c3);happy;3;3;1.0;0.666667;3;3;0;0;0;0.0;0.0;0.0;0.0;0.0;0.0;0.287767;0.2807;0.33245;0.33705;0.2807;0.2913;36
baseline_random_matched;happy_guided_article_short;Happy – parcours guidé article (c1 → c2 → c3);happy;3;1;0.333333;0.222222;;;0;2;0;0.0;0.666667;0.0;0.0;0.0;0.0;0.0021;0.0011;0.00398;0.004236;0.0043;0.001;36
mcad;happy_guided_reordered;Happy – même objectif mais ordre différent (c3 → c1 → c2);happy;3;3;1.0;0.666667;3;3;0;0;0;0.0;0.0;0.0;0.0;0.0;0.0;0.525867;0.4711;0.6466;0.6622;0.6661;0.45575;36
baseline_naive;happy_guided_reordered;Happy – même objectif mais ordre différent (c3 → c1 → c2);happy;3;3;1.0;0.666667;3;3;0;0;0;0.0;0.0;0.0;0.0;0.0;0.0;0.0006;0.0004;0.00103;0.001086;0.0011;0.00035;36
baseline_measure_overlap;happy_guided_reordered;Happy – même objectif mais ordre différent (c3 → c1 → c2);happy;3;3;1.0;0.666667;3;3;0;0;0;0.0;0.0;0.0;0.0;0.0;0.0;0.007833;0.0051;0.0132;0.01392;0.0141;0.0047;36
ablation_no_sat;happy_guided_reordered;Happy – même objectif mais ordre différent (c3 → c1 → c2);happy;3;3;1.0;0.666667;3;3;0;0;0;0.0;0.0;0.0;0.0;0.0;0.0;0.2865;0.2472;0.35385;0.36333;0.3657;0.2469;36
ablation_no_real;happy_guided_reordered;Happy – même objectif mais ordre différent (c3 → c1 → c2);happy;3;3;1.0;0.666667;3;3;0;0;0;0.0;0.0;0.0;0.0;0.0;0.0;0.289333;0.2514;0.35976;0.369392;0.3718;0.2481;36
ablation_ceval_any_intersection;happy_guided_reordered;Happy – même objectif mais ordre différent (c3 → c1 → c2);happy;3;3;1.0;0.666667;3;3;0;0;0;0.0;0.0;0.0;0.0;0.0;0.0;0.284333;0.2437;0.358;0.36816;0.3707;0.24115;36
baseline_random_matched;happy_guided_reordered;Happy – même objectif mais ordre différent (c3 → c1 → c2);happy;3;2;0.666667;0.444444;;;0;1;0;0.0;0.333333;0.0;0.0;0.0;0.0;0.001967;0.001;0.00379;0.004038;0.0041;0.0009;36
mcad;happy_guided_compact;Happy – parcours compact guidé;happy;3;3;1.0;0.666667;3;3;0;0;0;0.0;0.0;0.0;0.0;0.0;0.0;0.349;0.3399;0.45141;0.461322;0.4638;0.2916;36
baseline_naive;happy_guided_compact;Happy – parcours compact guidé;happy;3;3;1.0;0.666667;3;3;0;0;0;0.0;0.0;0.0;0.0;0.0;0.0;0.0006;0.0004;0.00094;0.000988;0.001;0.0004;36
baseline_measure_overlap;happy_guided_compact;Happy – parcours compact guidé;happy;3;3;1.0;0.666667;3;3;0;0;0;0.0;0.0;0.0;0.0;0.0;0.0;0.0077;0.0054;0.01278;0.013436;0.0136;0.00475;36
ablation_no_sat;happy_guided_compact;Happy – parcours compact guidé;happy;3;3;1.0;0.666667;3;3;0;0;0;0.0;0.0;0.0;0.0;0.0;0.0;0.318933;0.2889;0.40437;0.414634;0.2889;0.33395;36
ablation_no_real;happy_guided_compact;Happy – parcours compact guidé;happy;3;3;1.0;0.666667;3;3;0;0;0;0.0;0.0;0.0;0.0;0.0;0.0;0.296567;0.2968;0.3328;0.336;0.2968;0.29645;36
ablation_ceval_any_intersection;happy_guided_compact;Happy – parcours compact guidé;happy;3;3;1.0;0.666667;3;3;0;0;0;0.0;0.0;0.0;0.0;0.0;0.0;0.283067;0.2835;0.3249;0.32858;0.2835;0.28285;36
baseline_random_matched;happy_guided_compact;Happy – parcours compact guidé;happy;3;1;0.333333;0.333333;;;0;2;0;0.0;0.666667;0.0;0.0;0.0;0.0;0.001833;0.001;0.00343;0.003646;0.0037;0.0009;36
mcad;border_growth_partial_1998_only;Border – croissance partielle 1998 seulement;border;1;0;0.0;0.0;;;0;0;0;0.0;0.0;0.0;0.0;0.0;1.0;0.3356;0.3356;0.3356;0.3356;0.3356;0.0;36
baseline_naive;border_growth_partial_1998_only;Border – croissance partielle 1998 seulement;border;1;1;0.0;0.0;;;1;0;1;1.0;0.0;1.0;0.0;0.0;0.0;0.0009;0.0009;0.0009;0.0009;0.0009;0.0;36
baseline_measure_overlap;border_growth_partial_1998_only;Border – croissance partielle 1998 seulement;border;1;1;0.0;0.0;;;1;0;1;1.0;0.0;1.0;0.0;0.0;0.0;0.013;0.013;0.013;0.013;0.013;0.0;36
ablation_no_sat;border_growth_partial_1998_only;Border – croissance partielle 1998 seulement;border;1;0;0.0;0.0;;;0;0;0;0.0;0.0;0.0;0.0;0.0;1.0;0.3463;0.3463;0.3463;0.3463;0.3463;0.0;36
ablation_no_real;border_growth_partial_1998_only;Border – croissance partielle 1998 seulement;border;1;1;0.0;0.0;;;1;0;1;1.0;0.0;1.0;0.0;0.0;1.0;0.354;0.354;0.354;0.354;0.354;0.0;36
ablation_ceval_any_intersection;border_growth_partial_1998_only;Border – croissance partielle 1998 seulement;border;1;1;0.0;0.0;;;1;0;1;1.0;0.0;1.0;0.0;0.0;0.0;0.3861;0.3861;0.3861;0.3861;0.3861;0.0;36
baseline_random_matched;border_growth_partial_1998_only;Border – croissance partielle 1998 seulement;border;1;1;0.0;0.0;;;1;0;1;1.0;0.0;1.0;0.0;0.0;0.0;0.0025;0.0025;0.0025;0.0025;0.0025;0.0;36
mcad;border_margin_wrong_grain;Border – marge avec grain trop grossier;border;1;0;0.0;0.0;;;0;0;0;0.0;0.0;0.0;1.0;0.0;0.0;0.1992;0.1992;0.1992;0.1992;0.1992;0.0;36
baseline_naive;border_margin_wrong_grain;Border – marge avec grain trop grossier;border;1;1;0.0;0.0;;;1;0;1;1.0;0.0;1.0;0.0;0.0;0.0;0.0009;0.0009;0.0009;0.0009;0.0009;0.0;36
baseline_measure_overlap;border_margin_wrong_grain;Border – marge avec grain trop grossier;border;1;1;0.0;0.0;;;1;0;1;1.0;0.0;1.0;0.0;0.0;0.0;0.0135;0.0135;0.0135;0.0135;0.0135;0.0;36
ablation_no_sat;border_margin_wrong_grain;Border – marge avec grain trop grossier;border;1;0;0.0;0.0;;;0;0;0;0.0;0.0;0.0;1.0;0.0;0.0;0.2619;0.2619;0.2619;0.2619;0.2619;0.0;36
ablation_no_real;border_margin_wrong_grain;Border – marge avec grain trop grossier;border;1;0;0.0;0.0;;;0;0;0;0.0;0.0;0.0;1.0;0.0;0.0;0.2054;0.2054;0.2054;0.2054;0.2054;0.0;36
ablation_ceval_any_intersection;border_margin_wrong_grain;Border – marge avec grain trop grossier;border;1;0;0.0;0.0;;;0;0;0;0.0;0.0;0.0;1.0;0.0;0.0;0.1956;0.1956;0.1956;0.1956;0.1956;0.0;36
baseline_random_matched;border_margin_wrong_grain;Border – marge avec grain trop grossier;border;1;1;0.0;0.0;;;1;0;1;1.0;0.0;1.0;0.0;0.0;0.0;0.0028;0.0028;0.0028;0.0028;0.0028;0.0;36
mcad;border_stockout_missing_store;Border – rupture sans grain magasin;border;1;0;0.0;0.0;;;0;0;0;0.0;0.0;0.0;1.0;0.0;0.0;0.2077;0.2077;0.2077;0.2077;0.2077;0.0;36
baseline_naive;border_stockout_missing_store;Border – rupture sans grain magasin;border;1;1;0.0;0.0;;;1;0;1;1.0;0.0;1.0;0.0;0.0;0.0;0.001;0.001;0.001;0.001;0.001;0.0;36
baseline_measure_overlap;border_stockout_missing_store;Border – rupture sans grain magasin;border;1;1;0.0;0.0;;;1;0;1;1.0;0.0;1.0;0.0;0.0;0.0;0.0152;0.0152;0.0152;0.0152;0.0152;0.0;36
ablation_no_sat;border_stockout_missing_store;Border – rupture sans grain magasin;border;1;0;0.0;0.0;;;0;0;0;0.0;0.0;0.0;1.0;0.0;0.0;0.5114;0.5114;0.5114;0.5114;0.5114;0.0;36
ablation_no_real;border_stockout_missing_store;Border – rupture sans grain magasin;border;1;0;0.0;0.0;;;0;0;0;0.0;0.0;0.0;1.0;0.0;0.0;0.3584;0.3584;0.3584;0.3584;0.3584;0.0;36
ablation_ceval_any_intersection;border_stockout_missing_store;Border – rupture sans grain magasin;border;1;0;0.0;0.0;;;0;0;0;0.0;0.0;0.0;1.0;0.0;0.0;0.3509;0.3509;0.3509;0.3509;0.3509;0.0;36
baseline_random_matched;border_stockout_missing_store;Border – rupture sans grain magasin;border;1;0;0.0;0.0;;;0;0;0;0.0;0.0;0.0;0.0;0.0;0.0;0.0034;0.0034;0.0034;0.0034;0.0034;0.0;36
mcad;adversarial_wrong_region;Adversarial – bonne mesure mais mauvaise région;adversarial;1;0;0.0;0.0;;;0;0;0;0.0;0.0;0.0;1.0;0.0;0.0;0.1785;0.1785;0.1785;0.1785;0.1785;0.0;36
baseline_naive;adversarial_wrong_region;Adversarial – bonne mesure mais mauvaise région;adversarial;1;1;0.0;0.0;;;1;0;1;1.0;0.0;1.0;0.0;0.0;0.0;0.0011;0.0011;0.0011;0.0011;0.0011;0.0;36
baseline_measure_overlap;adversarial_wrong_region;Adversarial – bonne mesure mais mauvaise région;adversarial;1;1;0.0;0.0;;;1;0;1;1.0;0.0;1.0;0.0;0.0;0.0;0.0152;0.0152;0.0152;0.0152;0.0152;0.0;36
ablation_no_sat;adversarial_wrong_region;Adversarial – bonne mesure mais mauvaise région;adversarial;1;0;0.0;0.0;;;0;0;0;0.0;0.0;0.0;1.0;0.0;0.0;0.2135;0.2135;0.2135;0.2135;0.2135;0.0;36
ablation_no_real;adversarial_wrong_region;Adversarial – bonne mesure mais mauvaise région;adversarial;1;0;0.0;0.0;;;0;0;0;0.0;0.0;0.0;1.0;0.0;0.0;0.1922;0.1922;0.1922;0.1922;0.1922;0.0;36
ablation_ceval_any_intersection;adversarial_wrong_region;Adversarial – bonne mesure mais mauvaise région;adversarial;1;0;0.0;0.0;;;0;0;0;0.0;0.0;0.0;1.0;0.0;0.0;0.1758;0.1758;0.1758;0.1758;0.1758;0.0;36
baseline_random_matched;adversarial_wrong_region;Adversarial – bonne mesure mais mauvaise région;adversarial;1;1;0.0;0.0;;;1;0;1;1.0;0.0;1.0;0.0;0.0;0.0;0.0027;0.0027;0.0027;0.0027;0.0027;0.0;36
mcad;adversarial_wrong_year;Adversarial – bonne structure mais mauvaise année;adversarial;1;0;0.0;0.0;;;0;0;0;0.0;0.0;0.0;1.0;0.0;0.0;0.1657;0.1657;0.1657;0.1657;0.1657;0.0;36
baseline_naive;adversarial_wrong_year;Adversarial – bonne structure mais mauvaise année;adversarial;1;1;0.0;0.0;;;1;0;1;1.0;0.0;1.0;0.0;0.0;0.0;0.0013;0.0013;0.0013;0.0013;0.0013;0.0;36
baseline_measure_overlap;adversarial_wrong_year;Adversarial – bonne structure mais mauvaise année;adversarial;1;1;0.0;0.0;;;1;0;1;1.0;0.0;1.0;0.0;0.0;0.0;0.013;0.013;0.013;0.013;0.013;0.0;36
ablation_no_sat;adversarial_wrong_year;Adversarial – bonne structure mais mauvaise année;adversarial;1;0;0.0;0.0;;;0;0;0;0.0;0.0;0.0;1.0;0.0;0.0;0.2154;0.2154;0.2154;0.2154;0.2154;0.0;36
ablation_no_real;adversarial_wrong_year;Adversarial – bonne structure mais mauvaise année;adversarial;1;0;0.0;0.0;;;0;0;0;0.0;0.0;0.0;1.0;0.0;0.0;0.1766;0.1766;0.1766;0.1766;0.1766;0.0;36
ablation_ceval_any_intersection;adversarial_wrong_year;Adversarial – bonne structure mais mauvaise année;adversarial;1;0;0.0;0.0;;;0;0;0;0.0;0.0;0.0;1.0;0.0;0.0;0.2015;0.2015;0.2015;0.2015;0.2015;0.0;36
baseline_random_matched;adversarial_wrong_year;Adversarial – bonne structure mais mauvaise année;adversarial;1;0;0.0;0.0;;;0;0;0;0.0;0.0;0.0;0.0;0.0;0.0;0.004;0.004;0.004;0.004;0.004;0.0;36
mcad;adversarial_invalid_no_measures;Adversarial – requête invalide sans mesure;adversarial;1;0;0.0;0.0;;;0;0;0;0.0;0.0;0.0;1.0;0.0;0.0;0.0809;0.0809;0.0809;0.0809;0.0809;0.0;36
baseline_naive;adversarial_invalid_no_measures;Adversarial – requête invalide sans mesure;adversarial;1;1;0.0;0.0;;;1;0;1;1.0;0.0;1.0;0.0;0.0;0.0;0.0011;0.0011;0.0011;0.0011;0.0011;0.0;36
baseline_measure_overlap;adversarial_invalid_no_measures;Adversarial – requête invalide sans mesure;adversarial;1;0;0.0;0.0;;;0;0;0;0.0;0.0;0.0;0.0;0.0;0.0;0.0143;0.0143;0.0143;0.0143;0.0143;0.0;36
ablation_no_sat;adversarial_invalid_no_measures;Adversarial – requête invalide sans mesure;adversarial;1;0;0.0;0.0;;;0;0;0;0.0;0.0;0.0;1.0;0.0;0.0;0.0924;0.0924;0.0924;0.0924;0.0924;0.0;36
ablation_no_real;adversarial_invalid_no_measures;Adversarial – requête invalide sans mesure;adversarial;1;0;0.0;0.0;;;0;0;0;0.0;0.0;0.0;1.0;0.0;0.0;0.0808;0.0808;0.0808;0.0808;0.0808;0.0;36
ablation_ceval_any_intersection;adversarial_invalid_no_measures;Adversarial – requête invalide sans mesure;adversarial;1;0;0.0;0.0;;;0;0;0;0.0;0.0;0.0;1.0;0.0;0.0;0.0728;0.0728;0.0728;0.0728;0.0728;0.0;36
baseline_random_matched;adversarial_invalid_no_measures;Adversarial – requête invalide sans mesure;adversarial;1;0;0.0;0.0;;;0;0;0;0.0;0.0;0.0;0.0;0.0;0.0;0.0039;0.0039;0.0039;0.0039;0.0039;0.0;36
mcad;stress_exploratory_then_useful;Stress – bruit exploratoire avant requête utile;stress;3;1;0.333333;0.111111;;;0;0;0;0.0;0.0;0.0;0.666667;0.0;0.0;0.383133;0.3639;0.48369;0.494338;0.3639;0.39275;36
baseline_naive;stress_exploratory_then_useful;Stress – bruit exploratoire avant requête utile;stress;3;3;0.333333;0.111111;;;2;0;2;0.666667;0.0;0.666667;0.0;0.0;0.0;0.000967;0.0008;0.00143;0.001486;0.0015;0.0007;36
baseline_measure_overlap;stress_exploratory_then_useful;Stress – bruit exploratoire avant requête utile;stress;3;3;0.333333;0.111111;;;2;0;2;0.666667;0.0;0.666667;0.0;0.0;0.0;0.013733;0.0088;0.02383;0.025166;0.0255;0.00785;36
ablation_no_sat;stress_exploratory_then_useful;Stress – bruit exploratoire avant requête utile;stress;3;1;0.333333;0.111111;;;0;0;0;0.0;0.0;0.0;0.666667;0.0;0.0;0.464433;0.4934;0.54209;0.546418;0.4934;0.44995;36
ablation_no_real;stress_exploratory_then_useful;Stress – bruit exploratoire avant requête utile;stress;3;1;0.333333;0.111111;;;0;0;0;0.0;0.0;0.0;0.666667;0.0;0.0;0.397167;0.381;0.50655;0.51771;0.381;0.40525;36
ablation_ceval_any_intersection;stress_exploratory_then_useful;Stress – bruit exploratoire avant requête utile;stress;3;1;0.333333;0.111111;;;0;0;0;0.0;0.0;0.0;0.666667;0.0;0.0;0.197133;0.1999;0.24391;0.247822;0.1999;0.19575;36
baseline_random_matched;stress_exploratory_then_useful;Stress – bruit exploratoire avant requête utile;stress;3;2;0.333333;0.111111;;;1;0;1;0.333333;0.0;0.5;0.0;0.0;0.0;0.0017;0.0006;0.00366;0.003932;0.004;0.00055;36
mcad;happy_guided_article_short;Happy – parcours guidé article (c1 → c2 → c3);happy;3;3;1.0;0.666667;3;3;0;0;0;0.0;0.0;0.0;0.0;0.0;0.0;0.551233;0.5105;0.63983;0.651326;0.5105;0.5716;37
baseline_naive;happy_guided_article_short;Happy – parcours guidé article (c1 → c2 → c3);happy;3;3;1.0;0.666667;3;3;0;0;0;0.0;0.0;0.0;0.0;0.0;0.0;0.0006;0.0005;0.00095;0.00099;0.001;0.0004;37
baseline_measure_overlap;happy_guided_article_short;Happy – parcours guidé article (c1 → c2 → c3);happy;3;3;1.0;0.666667;3;3;0;0;0;0.0;0.0;0.0;0.0;0.0;0.0;0.0077;0.0053;0.01277;0.013434;0.0136;0.00475;37
ablation_no_sat;happy_guided_article_short;Happy – parcours guidé article (c1 → c2 → c3);happy;3;3;1.0;0.666667;3;3;0;0;0;0.0;0.0;0.0;0.0;0.0;0.0;0.2938;0.2965;0.3298;0.33276;0.2965;0.29245;37
ablation_no_real;happy_guided_article_short;Happy – parcours guidé article (c1 → c2 → c3);happy;3;3;1.0;0.666667;3;3;0;0;0;0.0;0.0;0.0;0.0;0.0;0.0;0.2988;0.3;0.33663;0.339886;0.3;0.2982;37
ablation_ceval_any_intersection;happy_guided_article_short;Happy – parcours guidé article (c1 → c2 → c3);happy;3;3;1.0;0.666667;3;3;0;0;0;0.0;0.0;0.0;0.0;0.0;0.0;0.2875;0.2765;0.32555;0.32991;0.2765;0.293;37
baseline_random_matched;happy_guided_article_short;Happy – parcours guidé article (c1 → c2 → c3);happy;3;1;0.333333;0.111111;;;0;2;0;0.0;0.666667;0.0;0.0;0.0;0.0;0.0014;0.0007;0.00277;0.002954;0.003;0.0006;37
mcad;happy_guided_reordered;Happy – même objectif mais ordre différent (c3 → c1 → c2);happy;3;3;1.0;0.666667;3;3;0;0;0;0.0;0.0;0.0;0.0;0.0;0.0;0.5245;0.4726;0.62695;0.64067;0.6441;0.4647;37
baseline_naive;happy_guided_reordered;Happy – même objectif mais ordre différent (c3 → c1 → c2);happy;3;3;1.0;0.666667;3;3;0;0;0;0.0;0.0;0.0;0.0;0.0;0.0;0.000633;0.0005;0.00104;0.001088;0.0011;0.0004;37
baseline_measure_overlap;happy_guided_reordered;Happy – même objectif mais ordre différent (c3 → c1 → c2);happy;3;3;1.0;0.666667;3;3;0;0;0;0.0;0.0;0.0;0.0;0.0;0.0;0.007833;0.0051;0.01302;0.013724;0.0139;0.0048;37
ablation_no_sat;happy_guided_reordered;Happy – même objectif mais ordre différent (c3 → c1 → c2);happy;3;3;1.0;0.666667;3;3;0;0;0;0.0;0.0;0.0;0.0;0.0;0.0;0.294633;0.2555;0.37016;0.380352;0.3829;0.2505;37
ablation_no_real;happy_guided_reordered;Happy – même objectif mais ordre différent (c3 → c1 → c2);happy;3;3;1.0;0.666667;3;3;0;0;0;0.0;0.0;0.0;0.0;0.0;0.0;0.298133;0.2675;0.3674;0.37628;0.3785;0.25795;37
ablation_ceval_any_intersection;happy_guided_reordered;Happy – même objectif mais ordre différent (c3 → c1 → c2);happy;3;3;1.0;0.666667;3;3;0;0;0;0.0;0.0;0.0;0.0;0.0;0.0;0.301533;0.2929;0.36058;0.366596;0.3681;0.26825;37
baseline_random_matched;happy_guided_reordered;Happy – même objectif mais ordre différent (c3 → c1 → c2);happy;3;3;1.0;0.666667;3;3;0;0;0;0.0;0.0;0.0;0.0;0.0;0.0;0.001433;0.0006;0.00294;0.003148;0.0032;0.00055;37
mcad;happy_guided_compact;Happy – parcours compact guidé;happy;3;3;1.0;0.666667;3;3;0;0;0;0.0;0.0;0.0;0.0;0.0;0.0;0.5339;0.493;0.63511;0.647742;0.493;0.55435;37
baseline_naive;happy_guided_compact;Happy – parcours compact guidé;happy;3;3;1.0;0.666667;3;3;0;0;0;0.0;0.0;0.0;0.0;0.0;0.0;0.0006;0.0005;0.00086;0.000892;0.0009;0.00045;37
baseline_measure_overlap;happy_guided_compact;Happy – parcours compact guidé;happy;3;3;1.0;0.666667;3;3;0;0;0;0.0;0.0;0.0;0.0;0.0;0.0;0.007467;0.0051;0.01239;0.013038;0.0132;0.0046;37
ablation_no_sat;happy_guided_compact;Happy – parcours compact guidé;happy;3;3;1.0;0.666667;3;3;0;0;0;0.0;0.0;0.0;0.0;0.0;0.0;0.289667;0.2835;0.33444;0.338968;0.2835;0.29275;37
ablation_no_real;happy_guided_compact;Happy – parcours compact guidé;happy;3;3;1.0;0.666667;3;3;0;0;0;0.0;0.0;0.0;0.0;0.0;0.0;0.297267;0.2972;0.34211;0.346102;0.2972;0.2973;37
ablation_ceval_any_intersection;happy_guided_compact;Happy – parcours compact guidé;happy;3;3;1.0;0.666667;3;3;0;0;0;0.0;0.0;0.0;0.0;0.0;0.0;0.2896;0.2763;0.34182;0.347644;0.2763;0.29625;37
baseline_random_matched;happy_guided_compact;Happy – parcours compact guidé;happy;3;1;0.333333;0.222222;;;0;2;0;0.0;0.666667;0.0;0.0;0.0;0.0;0.0012;0.0006;0.0024;0.00256;0.0026;0.0005;37
mcad;border_growth_partial_1998_only;Border – croissance partielle 1998 seulement;border;1;0;0.0;0.0;;;0;0;0;0.0;0.0;0.0;0.0;0.0;1.0;0.4314;0.4314;0.4314;0.4314;0.4314;0.0;37
baseline_naive;border_growth_partial_1998_only;Border – croissance partielle 1998 seulement;border;1;1;0.0;0.0;;;1;0;1;1.0;0.0;1.0;0.0;0.0;0.0;0.0009;0.0009;0.0009;0.0009;0.0009;0.0;37
baseline_measure_overlap;border_growth_partial_1998_only;Border – croissance partielle 1998 seulement;border;1;1;0.0;0.0;;;1;0;1;1.0;0.0;1.0;0.0;0.0;0.0;0.0153;0.0153;0.0153;0.0153;0.0153;0.0;37
ablation_no_sat;border_growth_partial_1998_only;Border – croissance partielle 1998 seulement;border;1;0;0.0;0.0;;;0;0;0;0.0;0.0;0.0;0.0;0.0;1.0;0.3436;0.3436;0.3436;0.3436;0.3436;0.0;37
ablation_no_real;border_growth_partial_1998_only;Border – croissance partielle 1998 seulement;border;1;1;0.0;0.0;;;1;0;1;1.0;0.0;1.0;0.0;0.0;1.0;0.3676;0.3676;0.3676;0.3676;0.3676;0.0;37
ablation_ceval_any_intersection;border_growth_partial_1998_only;Border – croissance partielle 1998 seulement;border;1;1;0.0;0.0;;;1;0;1;1.0;0.0;1.0;0.0;0.0;0.0;0.6008;0.6008;0.6008;0.6008;0.6008;0.0;37
baseline_random_matched;border_growth_partial_1998_only;Border – croissance partielle 1998 seulement;border;1;1;0.0;0.0;;;1;0;1;1.0;0.0;1.0;0.0;0.0;0.0;0.0043;0.0043;0.0043;0.0043;0.0043;0.0;37
mcad;border_margin_wrong_grain;Border – marge avec grain trop grossier;border;1;0;0.0;0.0;;;0;0;0;0.0;0.0;0.0;1.0;0.0;0.0;0.2112;0.2112;0.2112;0.2112;0.2112;0.0;37
baseline_naive;border_margin_wrong_grain;Border – marge avec grain trop grossier;border;1;1;0.0;0.0;;;1;0;1;1.0;0.0;1.0;0.0;0.0;0.0;0.0009;0.0009;0.0009;0.0009;0.0009;0.0;37
baseline_measure_overlap;border_margin_wrong_grain;Border – marge avec grain trop grossier;border;1;1;0.0;0.0;;;1;0;1;1.0;0.0;1.0;0.0;0.0;0.0;0.0136;0.0136;0.0136;0.0136;0.0136;0.0;37
ablation_no_sat;border_margin_wrong_grain;Border – marge avec grain trop grossier;border;1;0;0.0;0.0;;;0;0;0;0.0;0.0;0.0;1.0;0.0;0.0;0.267;0.267;0.267;0.267;0.267;0.0;37
ablation_no_real;border_margin_wrong_grain;Border – marge avec grain trop grossier;border;1;0;0.0;0.0;;;0;0;0;0.0;0.0;0.0;1.0;0.0;0.0;0.2079;0.2079;0.2079;0.2079;0.2079;0.0;37
ablation_ceval_any_intersection;border_margin_wrong_grain;Border – marge avec grain trop grossier;border;1;0;0.0;0.0;;;0;0;0;0.0;0.0;0.0;1.0;0.0;0.0;0.1981;0.1981;0.1981;0.1981;0.1981;0.0;37
baseline_random_matched;border_margin_wrong_grain;Border – marge avec grain trop grossier;border;1;0;0.0;0.0;;;0;0;0;0.0;0.0;0.0;0.0;0.0;0.0;0.0039;0.0039;0.0039;0.0039;0.0039;0.0;37
mcad;border_stockout_missing_store;Border – rupture sans grain magasin;border;1;0;0.0;0.0;;;0;0;0;0.0;0.0;0.0;1.0;0.0;0.0;0.1975;0.1975;0.1975;0.1975;0.1975;0.0;37
baseline_naive;border_stockout_missing_store;Border – rupture sans grain magasin;border;1;1;0.0;0.0;;;1;0;1;1.0;0.0;1.0;0.0;0.0;0.0;0.0009;0.0009;0.0009;0.0009;0.0009;0.0;37
baseline_measure_overlap;border_stockout_missing_store;Border – rupture sans grain magasin;border;1;1;0.0;0.0;;;1;0;1;1.0;0.0;1.0;0.0;0.0;0.0;0.0131;0.0131;0.0131;0.0131;0.0131;0.0;37
ablation_no_sat;border_stockout_missing_store;Border – rupture sans grain magasin;border;1;0;0.0;0.0;;;0;0;0;0.0;0.0;0.0;1.0;0.0;0.0;0.2601;0.2601;0.2601;0.2601;0.2601;0.0;37
ablation_no_real;border_stockout_missing_store;Border – rupture sans grain magasin;border;1;0;0.0;0.0;;;0;0;0;0.0;0.0;0.0;1.0;0.0;0.0;0.2025;0.2025;0.2025;0.2025;0.2025;0.0;37
ablation_ceval_any_intersection;border_stockout_missing_store;Border – rupture sans grain magasin;border;1;0;0.0;0.0;;;0;0;0;0.0;0.0;0.0;1.0;0.0;0.0;0.2063;0.2063;0.2063;0.2063;0.2063;0.0;37
baseline_random_matched;border_stockout_missing_store;Border – rupture sans grain magasin;border;1;1;0.0;0.0;;;1;0;1;1.0;0.0;1.0;0.0;0.0;0.0;0.0028;0.0028;0.0028;0.0028;0.0028;0.0;37
mcad;adversarial_wrong_region;Adversarial – bonne mesure mais mauvaise région;adversarial;1;0;0.0;0.0;;;0;0;0;0.0;0.0;0.0;1.0;0.0;0.0;0.1723;0.1723;0.1723;0.1723;0.1723;0.0;37
baseline_naive;adversarial_wrong_region;Adversarial – bonne mesure mais mauvaise région;adversarial;1;1;0.0;0.0;;;1;0;1;1.0;0.0;1.0;0.0;0.0;0.0;0.001;0.001;0.001;0.001;0.001;0.0;37
baseline_measure_overlap;adversarial_wrong_region;Adversarial – bonne mesure mais mauvaise région;adversarial;1;1;0.0;0.0;;;1;0;1;1.0;0.0;1.0;0.0;0.0;0.0;0.0132;0.0132;0.0132;0.0132;0.0132;0.0;37
ablation_no_sat;adversarial_wrong_region;Adversarial – bonne mesure mais mauvaise région;adversarial;1;0;0.0;0.0;;;0;0;0;0.0;0.0;0.0;1.0;0.0;0.0;0.3277;0.3277;0.3277;0.3277;0.3277;0.0;37
ablation_no_real;adversarial_wrong_region;Adversarial – bonne mesure mais mauvaise région;adversarial;1;0;0.0;0.0;;;0;0;0;0.0;0.0;0.0;1.0;0.0;0.0;0.2963;0.2963;0.2963;0.2963;0.2963;0.0;37
ablation_ceval_any_intersection;adversarial_wrong_region;Adversarial – bonne mesure mais mauvaise région;adversarial;1;0;0.0;0.0;;;0;0;0;0.0;0.0;0.0;1.0;0.0;0.0;0.2874;0.2874;0.2874;0.2874;0.2874;0.0;37
baseline_random_matched;adversarial_wrong_region;Adversarial – bonne mesure mais mauvaise région;adversarial;1;1;0.0;0.0;;;1;0;1;1.0;0.0;1.0;0.0;0.0;0.0;0.0034;0.0034;0.0034;0.0034;0.0034;0.0;37
mcad;adversarial_wrong_year;Adversarial – bonne structure mais mauvaise année;adversarial;1;0;0.0;0.0;;;0;0;0;0.0;0.0;0.0;1.0;0.0;0.0;0.1712;0.1712;0.1712;0.1712;0.1712;0.0;37
baseline_naive;adversarial_wrong_year;Adversarial – bonne structure mais mauvaise année;adversarial;1;1;0.0;0.0;;;1;0;1;1.0;0.0;1.0;0.0;0.0;0.0;0.001;0.001;0.001;0.001;0.001;0.0;37
baseline_measure_overlap;adversarial_wrong_year;Adversarial – bonne structure mais mauvaise année;adversarial;1;1;0.0;0.0;;;1;0;1;1.0;0.0;1.0;0.0;0.0;0.0;0.0149;0.0149;0.0149;0.0149;0.0149;0.0;37
ablation_no_sat;adversarial_wrong_year;Adversarial – bonne structure mais mauvaise année;adversarial;1;0;0.0;0.0;;;0;0;0;0.0;0.0;0.0;1.0;0.0;0.0;0.1943;0.1943;0.1943;0.1943;0.1943;0.0;37
ablation_no_real;adversarial_wrong_year;Adversarial – bonne structure mais mauvaise année;adversarial;1;0;0.0;0.0;;;0;0;0;0.0;0.0;0.0;1.0;0.0;0.0;0.3205;0.3205;0.3205;0.3205;0.3205;0.0;37
ablation_ceval_any_intersection;adversarial_wrong_year;Adversarial – bonne structure mais mauvaise année;adversarial;1;0;0.0;0.0;;;0;0;0;0.0;0.0;0.0;1.0;0.0;0.0;0.1652;0.1652;0.1652;0.1652;0.1652;0.0;37
baseline_random_matched;adversarial_wrong_year;Adversarial – bonne structure mais mauvaise année;adversarial;1;1;0.0;0.0;;;1;0;1;1.0;0.0;1.0;0.0;0.0;0.0;0.0029;0.0029;0.0029;0.0029;0.0029;0.0;37
mcad;adversarial_invalid_no_measures;Adversarial – requête invalide sans mesure;adversarial;1;0;0.0;0.0;;;0;0;0;0.0;0.0;0.0;1.0;0.0;0.0;0.0738;0.0738;0.0738;0.0738;0.0738;0.0;37
baseline_naive;adversarial_invalid_no_measures;Adversarial – requête invalide sans mesure;adversarial;1;1;0.0;0.0;;;1;0;1;1.0;0.0;1.0;0.0;0.0;0.0;0.001;0.001;0.001;0.001;0.001;0.0;37
baseline_measure_overlap;adversarial_invalid_no_measures;Adversarial – requête invalide sans mesure;adversarial;1;0;0.0;0.0;;;0;0;0;0.0;0.0;0.0;0.0;0.0;0.0;0.0128;0.0128;0.0128;0.0128;0.0128;0.0;37
ablation_no_sat;adversarial_invalid_no_measures;Adversarial – requête invalide sans mesure;adversarial;1;0;0.0;0.0;;;0;0;0;0.0;0.0;0.0;1.0;0.0;0.0;0.0911;0.0911;0.0911;0.0911;0.0911;0.0;37
ablation_no_real;adversarial_invalid_no_measures;Adversarial – requête invalide sans mesure;adversarial;1;0;0.0;0.0;;;0;0;0;0.0;0.0;0.0;1.0;0.0;0.0;0.1237;0.1237;0.1237;0.1237;0.1237;0.0;37
ablation_ceval_any_intersection;adversarial_invalid_no_measures;Adversarial – requête invalide sans mesure;adversarial;1;0;0.0;0.0;;;0;0;0;0.0;0.0;0.0;1.0;0.0;0.0;0.0839;0.0839;0.0839;0.0839;0.0839;0.0;37
baseline_random_matched;adversarial_invalid_no_measures;Adversarial – requête invalide sans mesure;adversarial;1;1;0.0;0.0;;;1;0;1;1.0;0.0;1.0;0.0;0.0;0.0;0.0057;0.0057;0.0057;0.0057;0.0057;0.0;37
mcad;stress_exploratory_then_useful;Stress – bruit exploratoire avant requête utile;stress;3;1;0.333333;0.111111;;;0;0;0;0.0;0.0;0.0;0.666667;0.0;0.0;0.2327;0.2168;0.3239;0.33342;0.2168;0.24065;37
baseline_naive;stress_exploratory_then_useful;Stress – bruit exploratoire avant requête utile;stress;3;3;0.333333;0.111111;;;2;0;2;0.666667;0.0;0.666667;0.0;0.0;0.0;0.0007;0.0004;0.0013;0.00138;0.0014;0.00035;37
baseline_measure_overlap;stress_exploratory_then_useful;Stress – bruit exploratoire avant requête utile;stress;3;3;0.333333;0.111111;;;2;0;2;0.666667;0.0;0.666667;0.0;0.0;0.0;0.008767;0.0053;0.01583;0.016766;0.017;0.00465;37
ablation_no_sat;stress_exploratory_then_useful;Stress – bruit exploratoire avant requête utile;stress;3;1;0.333333;0.111111;;;0;0;0;0.0;0.0;0.0;0.666667;0.0;0.0;0.4072;0.4363;0.47086;0.473932;0.4363;0.39265;37
ablation_no_real;stress_exploratory_then_useful;Stress – bruit exploratoire avant requête utile;stress;3;1;0.333333;0.111111;;;0;0;0;0.0;0.0;0.0;0.666667;0.0;0.0;0.3884;0.3999;0.48477;0.492314;0.3999;0.38265;37
ablation_ceval_any_intersection;stress_exploratory_then_useful;Stress – bruit exploratoire avant requête utile;stress;3;1;0.333333;0.111111;;;0;0;0;0.0;0.0;0.0;0.666667;0.0;0.0;0.201367;0.1996;0.25342;0.258204;0.1996;0.20225;37
baseline_random_matched;stress_exploratory_then_useful;Stress – bruit exploratoire avant requête utile;stress;3;1;0.0;0.0;;;1;1;1;0.333333;0.333333;1.0;0.0;0.0;0.0;0.001433;0.0007;0.00286;0.003052;0.0031;0.0006;37
mcad;happy_guided_article_short;Happy – parcours guidé article (c1 → c2 → c3);happy;3;3;1.0;0.666667;3;3;0;0;0;0.0;0.0;0.0;0.0;0.0;0.0;0.286667;0.2815;0.32704;0.331088;0.2815;0.28925;38
baseline_naive;happy_guided_article_short;Happy – parcours guidé article (c1 → c2 → c3);happy;3;3;1.0;0.666667;3;3;0;0;0;0.0;0.0;0.0;0.0;0.0;0.0;0.0006;0.0005;0.00095;0.00099;0.001;0.0004;38
baseline_measure_overlap;happy_guided_article_short;Happy – parcours guidé article (c1 → c2 → c3);happy;3;3;1.0;0.666667;3;3;0;0;0;0.0;0.0;0.0;0.0;0.0;0.0;0.011133;0.008;0.01799;0.018878;0.0191;0.00715;38
ablation_no_sat;happy_guided_article_short;Happy – parcours guidé article (c1 → c2 → c3);happy;3;3;1.0;0.666667;3;3;0;0;0;0.0;0.0;0.0;0.0;0.0;0.0;0.599967;0.6251;0.67028;0.674296;0.6251;0.5874;38
ablation_no_real;happy_guided_article_short;Happy – parcours guidé article (c1 → c2 → c3);happy;3;3;1.0;0.666667;3;3;0;0;0;0.0;0.0;0.0;0.0;0.0;0.0;0.581567;0.5409;0.6849;0.6977;0.5409;0.6019;38
ablation_ceval_any_intersection;happy_guided_article_short;Happy – parcours guidé article (c1 → c2 → c3);happy;3;3;1.0;0.666667;3;3;0;0;0;0.0;0.0;0.0;0.0;0.0;0.0;0.302333;0.288;0.35262;0.358364;0.288;0.3095;38
baseline_random_matched;happy_guided_article_short;Happy – parcours guidé article (c1 → c2 → c3);happy;3;1;0.333333;0.333333;;;0;2;0;0.0;0.666667;0.0;0.0;0.0;0.0;0.001867;0.001;0.00352;0.003744;0.0038;0.0009;38
mcad;happy_guided_reordered;Happy – même objectif mais ordre différent (c3 → c1 → c2);happy;3;3;1.0;0.666667;3;3;0;0;0;0.0;0.0;0.0;0.0;0.0;0.0;0.288067;0.248;0.36239;0.372558;0.3751;0.24455;38
baseline_naive;happy_guided_reordered;Happy – même objectif mais ordre différent (c3 → c1 → c2);happy;3;3;1.0;0.666667;3;3;0;0;0;0.0;0.0;0.0;0.0;0.0;0.0;0.000567;0.0005;0.00086;0.000892;0.0009;0.0004;38
baseline_measure_overlap;happy_guided_reordered;Happy – même objectif mais ordre différent (c3 → c1 → c2);happy;3;3;1.0;0.666667;3;3;0;0;0;0.0;0.0;0.0;0.0;0.0;0.0;0.0074;0.0053;0.01187;0.012454;0.0126;0.0048;38
ablation_no_sat;happy_guided_reordered;Happy – même objectif mais ordre différent (c3 → c1 → c2);happy;3;3;1.0;0.666667;3;3;0;0;0;0.0;0.0;0.0;0.0;0.0;0.0;0.288733;0.2591;0.35504;0.363568;0.3657;0.25025;38
ablation_no_real;happy_guided_reordered;Happy – même objectif mais ordre différent (c3 → c1 → c2);happy;3;3;1.0;0.666667;3;3;0;0;0;0.0;0.0;0.0;0.0;0.0;0.0;0.296733;0.266;0.36662;0.375564;0.3778;0.2562;38
ablation_ceval_any_intersection;happy_guided_reordered;Happy – même objectif mais ordre différent (c3 → c1 → c2);happy;3;3;1.0;0.666667;3;3;0;0;0;0.0;0.0;0.0;0.0;0.0;0.0;0.284267;0.2543;0.35078;0.359356;0.3615;0.24565;38
baseline_random_matched;happy_guided_reordered;Happy – même objectif mais ordre différent (c3 → c1 → c2);happy;3;1;0.333333;0.222222;;;0;2;0;0.0;0.666667;0.0;0.0;0.0;0.0;0.001167;0.0006;0.00222;0.002364;0.0024;0.00055;38
mcad;happy_guided_compact;Happy – parcours compact guidé;happy;3;3;1.0;0.666667;3;3;0;0;0;0.0;0.0;0.0;0.0;0.0;0.0;0.2995;0.2802;0.33312;0.337824;0.2802;0.30915;38
baseline_naive;happy_guided_compact;Happy – parcours compact guidé;happy;3;3;1.0;0.666667;3;3;0;0;0;0.0;0.0;0.0;0.0;0.0;0.0;0.0011;0.0007;0.00178;0.001876;0.0019;0.0007;38
baseline_measure_overlap;happy_guided_compact;Happy – parcours compact guidé;happy;3;3;1.0;0.666667;3;3;0;0;0;0.0;0.0;0.0;0.0;0.0;0.0;0.016667;0.0113;0.02795;0.02943;0.0298;0.0101;38
ablation_no_sat;happy_guided_compact;Happy – parcours compact guidé;happy;3;3;1.0;0.666667;3;3;0;0;0;0.0;0.0;0.0;0.0;0.0;0.0;0.300533;0.326;0.33464;0.335408;0.326;0.2878;38
ablation_no_real;happy_guided_compact;Happy – parcours compact guidé;happy;3;3;1.0;0.666667;3;3;0;0;0;0.0;0.0;0.0;0.0;0.0;0.0;0.297267;0.3088;0.33328;0.335456;0.3088;0.2915;38
ablation_ceval_any_intersection;happy_guided_compact;Happy – parcours compact guidé;happy;3;3;1.0;0.666667;3;3;0;0;0;0.0;0.0;0.0;0.0;0.0;0.0;0.492667;0.4789;0.58735;0.59699;0.4789;0.49955;38
baseline_random_matched;happy_guided_compact;Happy – parcours compact guidé;happy;3;2;0.666667;0.555556;;;0;1;0;0.0;0.333333;0.0;0.0;0.0;0.0;0.001367;0.0007;0.00277;0.002954;0.003;0.00055;38
mcad;border_growth_partial_1998_only;Border – croissance partielle 1998 seulement;border;1;0;0.0;0.0;;;0;0;0;0.0;0.0;0.0;0.0;0.0;1.0;0.3393;0.3393;0.3393;0.3393;0.3393;0.0;38
baseline_naive;border_growth_partial_1998_only;Border – croissance partielle 1998 seulement;border;1;1;0.0;0.0;;;1;0;1;1.0;0.0;1.0;0.0;0.0;0.0;0.001;0.001;0.001;0.001;0.001;0.0;38
baseline_measure_overlap;border_growth_partial_1998_only;Border – croissance partielle 1998 seulement;border;1;1;0.0;0.0;;;1;0;1;1.0;0.0;1.0;0.0;0.0;0.0;0.0131;0.0131;0.0131;0.0131;0.0131;0.0;38
ablation_no_sat;border_growth_partial_1998_only;Border – croissance partielle 1998 seulement;border;1;0;0.0;0.0;;;0;0;0;0.0;0.0;0.0;0.0;0.0;1.0;0.3483;0.3483;0.3483;0.3483;0.3483;0.0;38
ablation_no_real;border_growth_partial_1998_only;Border – croissance partielle 1998 seulement;border;1;1;0.0;0.0;;;1;0;1;1.0;0.0;1.0;0.0;0.0;1.0;0.3556;0.3556;0.3556;0.3556;0.3556;0.0;38
ablation_ceval_any_intersection;border_growth_partial_1998_only;Border – croissance partielle 1998 seulement;border;1;1;0.0;0.0;;;1;0;1;1.0;0.0;1.0;0.0;0.0;0.0;0.5898;0.5898;0.5898;0.5898;0.5898;0.0;38
baseline_random_matched;border_growth_partial_1998_only;Border – croissance partielle 1998 seulement;border;1;1;0.0;0.0;;;1;0;1;1.0;0.0;1.0;0.0;0.0;0.0;0.0066;0.0066;0.0066;0.0066;0.0066;0.0;38
mcad;border_margin_wrong_grain;Border – marge avec grain trop grossier;border;1;0;0.0;0.0;;;0;0;0;0.0;0.0;0.0;1.0;0.0;0.0;0.4135;0.4135;0.4135;0.4135;0.4135;0.0;38
baseline_naive;border_margin_wrong_grain;Border – marge avec grain trop grossier;border;1;1;0.0;0.0;;;1;0;1;1.0;0.0;1.0;0.0;0.0;0.0;0.0016;0.0016;0.0016;0.0016;0.0016;0.0;38
baseline_measure_overlap;border_margin_wrong_grain;Border – marge avec grain trop grossier;border;1;1;0.0;0.0;;;1;0;1;1.0;0.0;1.0;0.0;0.0;0.0;0.0198;0.0198;0.0198;0.0198;0.0198;0.0;38
ablation_no_sat;border_margin_wrong_grain;Border – marge avec grain trop grossier;border;1;0;0.0;0.0;;;0;0;0;0.0;0.0;0.0;1.0;0.0;0.0;0.4994;0.4994;0.4994;0.4994;0.4994;0.0;38
ablation_no_real;border_margin_wrong_grain;Border – marge avec grain trop grossier;border;1;0;0.0;0.0;;;0;0;0;0.0;0.0;0.0;1.0;0.0;0.0;0.2378;0.2378;0.2378;0.2378;0.2378;0.0;38
ablation_ceval_any_intersection;border_margin_wrong_grain;Border – marge avec grain trop grossier;border;1;0;0.0;0.0;;;0;0;0;0.0;0.0;0.0;1.0;0.0;0.0;0.2137;0.2137;0.2137;0.2137;0.2137;0.0;38
baseline_random_matched;border_margin_wrong_grain;Border – marge avec grain trop grossier;border;1;1;0.0;0.0;;;1;0;1;1.0;0.0;1.0;0.0;0.0;0.0;0.0034;0.0034;0.0034;0.0034;0.0034;0.0;38
mcad;border_stockout_missing_store;Border – rupture sans grain magasin;border;1;0;0.0;0.0;;;0;0;0;0.0;0.0;0.0;1.0;0.0;0.0;0.206;0.206;0.206;0.206;0.206;0.0;38
baseline_naive;border_stockout_missing_store;Border – rupture sans grain magasin;border;1;1;0.0;0.0;;;1;0;1;1.0;0.0;1.0;0.0;0.0;0.0;0.0009;0.0009;0.0009;0.0009;0.0009;0.0;38
baseline_measure_overlap;border_stockout_missing_store;Border – rupture sans grain magasin;border;1;1;0.0;0.0;;;1;0;1;1.0;0.0;1.0;0.0;0.0;0.0;0.0133;0.0133;0.0133;0.0133;0.0133;0.0;38
ablation_no_sat;border_stockout_missing_store;Border – rupture sans grain magasin;border;1;0;0.0;0.0;;;0;0;0;0.0;0.0;0.0;1.0;0.0;0.0;0.4588;0.4588;0.4588;0.4588;0.4588;0.0;38
ablation_no_real;border_stockout_missing_store;Border – rupture sans grain magasin;border;1;0;0.0;0.0;;;0;0;0;0.0;0.0;0.0;1.0;0.0;0.0;0.2025;0.2025;0.2025;0.2025;0.2025;0.0;38
ablation_ceval_any_intersection;border_stockout_missing_store;Border – rupture sans grain magasin;border;1;0;0.0;0.0;;;0;0;0;0.0;0.0;0.0;1.0;0.0;0.0;0.1949;0.1949;0.1949;0.1949;0.1949;0.0;38
baseline_random_matched;border_stockout_missing_store;Border – rupture sans grain magasin;border;1;0;0.0;0.0;;;0;0;0;0.0;0.0;0.0;0.0;0.0;0.0;0.0027;0.0027;0.0027;0.0027;0.0027;0.0;38
mcad;adversarial_wrong_region;Adversarial – bonne mesure mais mauvaise région;adversarial;1;0;0.0;0.0;;;0;0;0;0.0;0.0;0.0;1.0;0.0;0.0;0.1699;0.1699;0.1699;0.1699;0.1699;0.0;38
baseline_naive;adversarial_wrong_region;Adversarial – bonne mesure mais mauvaise région;adversarial;1;1;0.0;0.0;;;1;0;1;1.0;0.0;1.0;0.0;0.0;0.0;0.0009;0.0009;0.0009;0.0009;0.0009;0.0;38
baseline_measure_overlap;adversarial_wrong_region;Adversarial – bonne mesure mais mauvaise région;adversarial;1;1;0.0;0.0;;;1;0;1;1.0;0.0;1.0;0.0;0.0;0.0;0.0135;0.0135;0.0135;0.0135;0.0135;0.0;38
ablation_no_sat;adversarial_wrong_region;Adversarial – bonne mesure mais mauvaise région;adversarial;1;0;0.0;0.0;;;0;0;0;0.0;0.0;0.0;1.0;0.0;0.0;0.2116;0.2116;0.2116;0.2116;0.2116;0.0;38
ablation_no_real;adversarial_wrong_region;Adversarial – bonne mesure mais mauvaise région;adversarial;1;0;0.0;0.0;;;0;0;0;0.0;0.0;0.0;1.0;0.0;0.0;0.3057;0.3057;0.3057;0.3057;0.3057;0.0;38
ablation_ceval_any_intersection;adversarial_wrong_region;Adversarial – bonne mesure mais mauvaise région;adversarial;1;0;0.0;0.0;;;0;0;0;0.0;0.0;0.0;1.0;0.0;0.0;0.1692;0.1692;0.1692;0.1692;0.1692;0.0;38
baseline_random_matched;adversarial_wrong_region;Adversarial – bonne mesure mais mauvaise région;adversarial;1;1;0.0;0.0;;;1;0;1;1.0;0.0;1.0;0.0;0.0;0.0;0.0027;0.0027;0.0027;0.0027;0.0027;0.0;38
mcad;adversarial_wrong_year;Adversarial – bonne structure mais mauvaise année;adversarial;1;0;0.0;0.0;;;0;0;0;0.0;0.0;0.0;1.0;0.0;0.0;0.1702;0.1702;0.1702;0.1702;0.1702;0.0;38
baseline_naive;adversarial_wrong_year;Adversarial – bonne structure mais mauvaise année;adversarial;1;1;0.0;0.0;;;1;0;1;1.0;0.0;1.0;0.0;0.0;0.0;0.0009;0.0009;0.0009;0.0009;0.0009;0.0;38
baseline_measure_overlap;adversarial_wrong_year;Adversarial – bonne structure mais mauvaise année;adversarial;1;1;0.0;0.0;;;1;0;1;1.0;0.0;1.0;0.0;0.0;0.0;0.0191;0.0191;0.0191;0.0191;0.0191;0.0;38
ablation_no_sat;adversarial_wrong_year;Adversarial – bonne structure mais mauvaise année;adversarial;1;0;0.0;0.0;;;0;0;0;0.0;0.0;0.0;1.0;0.0;0.0;0.1962;0.1962;0.1962;0.1962;0.1962;0.0;38
ablation_no_real;adversarial_wrong_year;Adversarial – bonne structure mais mauvaise année;adversarial;1;0;0.0;0.0;;;0;0;0;0.0;0.0;0.0;1.0;0.0;0.0;0.2742;0.2742;0.2742;0.2742;0.2742;0.0;38
ablation_ceval_any_intersection;adversarial_wrong_year;Adversarial – bonne structure mais mauvaise année;adversarial;1;0;0.0;0.0;;;0;0;0;0.0;0.0;0.0;1.0;0.0;0.0;0.1684;0.1684;0.1684;0.1684;0.1684;0.0;38
baseline_random_matched;adversarial_wrong_year;Adversarial – bonne structure mais mauvaise année;adversarial;1;1;0.0;0.0;;;1;0;1;1.0;0.0;1.0;0.0;0.0;0.0;0.003;0.003;0.003;0.003;0.003;0.0;38
mcad;adversarial_invalid_no_measures;Adversarial – requête invalide sans mesure;adversarial;1;0;0.0;0.0;;;0;0;0;0.0;0.0;0.0;1.0;0.0;0.0;0.0741;0.0741;0.0741;0.0741;0.0741;0.0;38
baseline_naive;adversarial_invalid_no_measures;Adversarial – requête invalide sans mesure;adversarial;1;1;0.0;0.0;;;1;0;1;1.0;0.0;1.0;0.0;0.0;0.0;0.0009;0.0009;0.0009;0.0009;0.0009;0.0;38
baseline_measure_overlap;adversarial_invalid_no_measures;Adversarial – requête invalide sans mesure;adversarial;1;0;0.0;0.0;;;0;0;0;0.0;0.0;0.0;0.0;0.0;0.0;0.0135;0.0135;0.0135;0.0135;0.0135;0.0;38
ablation_no_sat;adversarial_invalid_no_measures;Adversarial – requête invalide sans mesure;adversarial;1;0;0.0;0.0;;;0;0;0;0.0;0.0;0.0;1.0;0.0;0.0;0.0881;0.0881;0.0881;0.0881;0.0881;0.0;38
ablation_no_real;adversarial_invalid_no_measures;Adversarial – requête invalide sans mesure;adversarial;1;0;0.0;0.0;;;0;0;0;0.0;0.0;0.0;1.0;0.0;0.0;0.1181;0.1181;0.1181;0.1181;0.1181;0.0;38
ablation_ceval_any_intersection;adversarial_invalid_no_measures;Adversarial – requête invalide sans mesure;adversarial;1;0;0.0;0.0;;;0;0;0;0.0;0.0;0.0;1.0;0.0;0.0;0.1116;0.1116;0.1116;0.1116;0.1116;0.0;38
baseline_random_matched;adversarial_invalid_no_measures;Adversarial – requête invalide sans mesure;adversarial;1;0;0.0;0.0;;;0;0;0;0.0;0.0;0.0;0.0;0.0;0.0;0.003;0.003;0.003;0.003;0.003;0.0;38
mcad;stress_exploratory_then_useful;Stress – bruit exploratoire avant requête utile;stress;3;1;0.333333;0.111111;;;0;0;0;0.0;0.0;0.0;0.666667;0.0;0.0;0.197967;0.2019;0.24564;0.249528;0.2019;0.196;38
baseline_naive;stress_exploratory_then_useful;Stress – bruit exploratoire avant requête utile;stress;3;3;0.333333;0.111111;;;2;0;2;0.666667;0.0;0.666667;0.0;0.0;0.0;0.000533;0.0004;0.00085;0.00089;0.0009;0.00035;38
baseline_measure_overlap;stress_exploratory_then_useful;Stress – bruit exploratoire avant requête utile;stress;3;3;0.333333;0.111111;;;2;0;2;0.666667;0.0;0.666667;0.0;0.0;0.0;0.007767;0.0051;0.01329;0.014018;0.0142;0.00455;38
ablation_no_sat;stress_exploratory_then_useful;Stress – bruit exploratoire avant requête utile;stress;3;1;0.333333;0.111111;;;0;0;0;0.0;0.0;0.0;0.666667;0.0;0.0;0.228733;0.2354;0.27581;0.279402;0.2354;0.2254;38
ablation_no_real;stress_exploratory_then_useful;Stress – bruit exploratoire avant requête utile;stress;3;1;0.333333;0.111111;;;0;0;0;0.0;0.0;0.0;0.666667;0.0;0.0;0.372433;0.3698;0.46538;0.473876;0.3698;0.37375;38
ablation_ceval_any_intersection;stress_exploratory_then_useful;Stress – bruit exploratoire avant requête utile;stress;3;1;0.333333;0.111111;;;0;0;0;0.0;0.0;0.0;0.666667;0.0;0.0;0.194233;0.1964;0.23996;0.243832;0.1964;0.19315;38
baseline_random_matched;stress_exploratory_then_useful;Stress – bruit exploratoire avant requête utile;stress;3;3;0.333333;0.111111;;;2;0;2;0.666667;0.0;0.666667;0.0;0.0;0.0;0.0016;0.0007;0.00331;0.003542;0.0036;0.0006;38
mcad;happy_guided_article_short;Happy – parcours guidé article (c1 → c2 → c3);happy;3;3;1.0;0.666667;3;3;0;0;0;0.0;0.0;0.0;0.0;0.0;0.0;0.508767;0.4779;0.63252;0.646264;0.4779;0.5242;39
baseline_naive;happy_guided_article_short;Happy – parcours guidé article (c1 → c2 → c3);happy;3;3;1.0;0.666667;3;3;0;0;0;0.0;0.0;0.0;0.0;0.0;0.0;0.000567;0.0005;0.00086;0.000892;0.0009;0.0004;39
baseline_measure_overlap;happy_guided_article_short;Happy – parcours guidé article (c1 → c2 → c3);happy;3;3;1.0;0.666667;3;3;0;0;0;0.0;0.0;0.0;0.0;0.0;0.0;0.007733;0.0052;0.01285;0.01353;0.0137;0.00475;39
ablation_no_sat;happy_guided_article_short;Happy – parcours guidé article (c1 → c2 → c3);happy;3;3;1.0;0.666667;3;3;0;0;0;0.0;0.0;0.0;0.0;0.0;0.0;0.2954;0.2821;0.32872;0.332864;0.2821;0.30205;39
ablation_no_real;happy_guided_article_short;Happy – parcours guidé article (c1 → c2 → c3);happy;3;3;1.0;0.666667;3;3;0;0;0;0.0;0.0;0.0;0.0;0.0;0.0;0.493233;0.506;0.5132;0.51384;0.506;0.48685;39
ablation_ceval_any_intersection;happy_guided_article_short;Happy – parcours guidé article (c1 → c2 → c3);happy;3;3;1.0;0.666667;3;3;0;0;0;0.0;0.0;0.0;0.0;0.0;0.0;0.475433;0.4505;0.54338;0.551636;0.4505;0.4879;39
baseline_random_matched;happy_guided_article_short;Happy – parcours guidé article (c1 → c2 → c3);happy;3;0;0.0;0.0;;;0;3;0;0.0;1.0;0.0;0.0;0.0;0.0;0.0016;0.0007;0.0034;0.00364;0.0037;0.00055;39
mcad;happy_guided_reordered;Happy – même objectif mais ordre différent (c3 → c1 → c2);happy;3;3;1.0;0.666667;3;3;0;0;0;0.0;0.0;0.0;0.0;0.0;0.0;0.290433;0.2478;0.36957;0.380394;0.3831;0.2441;39
baseline_naive;happy_guided_reordered;Happy – même objectif mais ordre différent (c3 → c1 → c2);happy;3;3;1.0;0.666667;3;3;0;0;0;0.0;0.0;0.0;0.0;0.0;0.0;0.0006;0.0005;0.00095;0.00099;0.001;0.0004;39
baseline_measure_overlap;happy_guided_reordered;Happy – même objectif mais ordre différent (c3 → c1 → c2);happy;3;3;1.0;0.666667;3;3;0;0;0;0.0;0.0;0.0;0.0;0.0;0.0;0.007833;0.0052;0.01312;0.013824;0.014;0.00475;39
ablation_no_sat;happy_guided_reordered;Happy – même objectif mais ordre différent (c3 → c1 → c2);happy;3;3;1.0;0.666667;3;3;0;0;0;0.0;0.0;0.0;0.0;0.0;0.0;0.288067;0.2458;0.36604;0.376728;0.3794;0.2424;39
ablation_no_real;happy_guided_reordered;Happy – même objectif mais ordre différent (c3 → c1 → c2);happy;3;3;1.0;0.666667;3;3;0;0;0;0.0;0.0;0.0;0.0;0.0;0.0;0.524867;0.4561;0.64384;0.660528;0.6647;0.45495;39
ablation_ceval_any_intersection;happy_guided_reordered;Happy – même objectif mais ordre différent (c3 → c1 → c2);happy;3;3;1.0;0.666667;3;3;0;0;0;0.0;0.0;0.0;0.0;0.0;0.0;0.285467;0.2507;0.35186;0.360852;0.3631;0.24665;39
baseline_random_matched;happy_guided_reordered;Happy – même objectif mais ordre différent (c3 → c1 → c2);happy;3;1;0.333333;0.111111;;;0;2;0;0.0;0.666667;0.0;0.0;0.0;0.0;0.001233;0.0006;0.0024;0.00256;0.0026;0.00055;39
mcad;happy_guided_compact;Happy – parcours compact guidé;happy;3;3;1.0;0.666667;3;3;0;0;0;0.0;0.0;0.0;0.0;0.0;0.0;0.528933;0.4619;0.64505;0.66133;0.4595;0.56365;39
baseline_naive;happy_guided_compact;Happy – parcours compact guidé;happy;3;3;1.0;0.666667;3;3;0;0;0;0.0;0.0;0.0;0.0;0.0;0.0;0.0006;0.0005;0.00086;0.000892;0.0009;0.00045;39
baseline_measure_overlap;happy_guided_compact;Happy – parcours compact guidé;happy;3;3;1.0;0.666667;3;3;0;0;0;0.0;0.0;0.0;0.0;0.0;0.0;0.007733;0.0051;0.01266;0.013332;0.0135;0.00485;39
ablation_no_sat;happy_guided_compact;Happy – parcours compact guidé;happy;3;3;1.0;0.666667;3;3;0;0;0;0.0;0.0;0.0;0.0;0.0;0.0;0.2846;0.2779;0.3301;0.33474;0.2779;0.28795;39
ablation_no_real;happy_guided_compact;Happy – parcours compact guidé;happy;3;3;1.0;0.666667;3;3;0;0;0;0.0;0.0;0.0;0.0;0.0;0.0;0.508467;0.4844;0.59465;0.60445;0.4844;0.5205;39
ablation_ceval_any_intersection;happy_guided_compact;Happy – parcours compact guidé;happy;3;3;1.0;0.666667;3;3;0;0;0;0.0;0.0;0.0;0.0;0.0;0.0;0.2876;0.2772;0.34029;0.345898;0.2772;0.2928;39
baseline_random_matched;happy_guided_compact;Happy – parcours compact guidé;happy;3;3;1.0;0.666667;3;3;0;0;0;0.0;0.0;0.0;0.0;0.0;0.0;0.0013;0.0007;0.0025;0.00266;0.0027;0.0006;39
mcad;border_growth_partial_1998_only;Border – croissance partielle 1998 seulement;border;1;0;0.0;0.0;;;0;0;0;0.0;0.0;0.0;0.0;0.0;1.0;0.3373;0.3373;0.3373;0.3373;0.3373;0.0;39
baseline_naive;border_growth_partial_1998_only;Border – croissance partielle 1998 seulement;border;1;1;0.0;0.0;;;1;0;1;1.0;0.0;1.0;0.0;0.0;0.0;0.0009;0.0009;0.0009;0.0009;0.0009;0.0;39
baseline_measure_overlap;border_growth_partial_1998_only;Border – croissance partielle 1998 seulement;border;1;1;0.0;0.0;;;1;0;1;1.0;0.0;1.0;0.0;0.0;0.0;0.0124;0.0124;0.0124;0.0124;0.0124;0.0;39
ablation_no_sat;border_growth_partial_1998_only;Border – croissance partielle 1998 seulement;border;1;0;0.0;0.0;;;0;0;0;0.0;0.0;0.0;0.0;0.0;1.0;0.3362;0.3362;0.3362;0.3362;0.3362;0.0;39
ablation_no_real;border_growth_partial_1998_only;Border – croissance partielle 1998 seulement;border;1;1;0.0;0.0;;;1;0;1;1.0;0.0;1.0;0.0;0.0;1.0;0.588;0.588;0.588;0.588;0.588;0.0;39
ablation_ceval_any_intersection;border_growth_partial_1998_only;Border – croissance partielle 1998 seulement;border;1;1;0.0;0.0;;;1;0;1;1.0;0.0;1.0;0.0;0.0;0.0;0.3692;0.3692;0.3692;0.3692;0.3692;0.0;39
baseline_random_matched;border_growth_partial_1998_only;Border – croissance partielle 1998 seulement;border;1;0;0.0;0.0;;;0;0;0;0.0;0.0;0.0;0.0;0.0;0.0;0.0025;0.0025;0.0025;0.0025;0.0025;0.0;39
mcad;border_margin_wrong_grain;Border – marge avec grain trop grossier;border;1;0;0.0;0.0;;;0;0;0;0.0;0.0;0.0;1.0;0.0;0.0;0.1966;0.1966;0.1966;0.1966;0.1966;0.0;39
baseline_naive;border_margin_wrong_grain;Border – marge avec grain trop grossier;border;1;1;0.0;0.0;;;1;0;1;1.0;0.0;1.0;0.0;0.0;0.0;0.0009;0.0009;0.0009;0.0009;0.0009;0.0;39
baseline_measure_overlap;border_margin_wrong_grain;Border – marge avec grain trop grossier;border;1;1;0.0;0.0;;;1;0;1;1.0;0.0;1.0;0.0;0.0;0.0;0.0129;0.0129;0.0129;0.0129;0.0129;0.0;39
ablation_no_sat;border_margin_wrong_grain;Border – marge avec grain trop grossier;border;1;0;0.0;0.0;;;0;0;0;0.0;0.0;0.0;1.0;0.0;0.0;0.2616;0.2616;0.2616;0.2616;0.2616;0.0;39
ablation_no_real;border_margin_wrong_grain;Border – marge avec grain trop grossier;border;1;0;0.0;0.0;;;0;0;0;0.0;0.0;0.0;1.0;0.0;0.0;0.2157;0.2157;0.2157;0.2157;0.2157;0.0;39
ablation_ceval_any_intersection;border_margin_wrong_grain;Border – marge avec grain trop grossier;border;1;0;0.0;0.0;;;0;0;0;0.0;0.0;0.0;1.0;0.0;0.0;0.3527;0.3527;0.3527;0.3527;0.3527;0.0;39
baseline_random_matched;border_margin_wrong_grain;Border – marge avec grain trop grossier;border;1;0;0.0;0.0;;;0;0;0;0.0;0.0;0.0;0.0;0.0;0.0;0.0029;0.0029;0.0029;0.0029;0.0029;0.0;39
mcad;border_stockout_missing_store;Border – rupture sans grain magasin;border;1;0;0.0;0.0;;;0;0;0;0.0;0.0;0.0;1.0;0.0;0.0;0.2078;0.2078;0.2078;0.2078;0.2078;0.0;39
baseline_naive;border_stockout_missing_store;Border – rupture sans grain magasin;border;1;1;0.0;0.0;;;1;0;1;1.0;0.0;1.0;0.0;0.0;0.0;0.001;0.001;0.001;0.001;0.001;0.0;39
baseline_measure_overlap;border_stockout_missing_store;Border – rupture sans grain magasin;border;1;1;0.0;0.0;;;1;0;1;1.0;0.0;1.0;0.0;0.0;0.0;0.0129;0.0129;0.0129;0.0129;0.0129;0.0;39
ablation_no_sat;border_stockout_missing_store;Border – rupture sans grain magasin;border;1;0;0.0;0.0;;;0;0;0;0.0;0.0;0.0;1.0;0.0;0.0;0.2603;0.2603;0.2603;0.2603;0.2603;0.0;39
ablation_no_real;border_stockout_missing_store;Border – rupture sans grain magasin;border;1;0;0.0;0.0;;;0;0;0;0.0;0.0;0.0;1.0;0.0;0.0;0.2056;0.2056;0.2056;0.2056;0.2056;0.0;39
ablation_ceval_any_intersection;border_stockout_missing_store;Border – rupture sans grain magasin;border;1;0;0.0;0.0;;;0;0;0;0.0;0.0;0.0;1.0;0.0;0.0;0.3392;0.3392;0.3392;0.3392;0.3392;0.0;39
baseline_random_matched;border_stockout_missing_store;Border – rupture sans grain magasin;border;1;1;0.0;0.0;;;1;0;1;1.0;0.0;1.0;0.0;0.0;0.0;0.0027;0.0027;0.0027;0.0027;0.0027;0.0;39
mcad;adversarial_wrong_region;Adversarial – bonne mesure mais mauvaise région;adversarial;1;0;0.0;0.0;;;0;0;0;0.0;0.0;0.0;1.0;0.0;0.0;0.1759;0.1759;0.1759;0.1759;0.1759;0.0;39
baseline_naive;adversarial_wrong_region;Adversarial – bonne mesure mais mauvaise région;adversarial;1;1;0.0;0.0;;;1;0;1;1.0;0.0;1.0;0.0;0.0;0.0;0.0008;0.0008;0.0008;0.0008;0.0008;0.0;39
baseline_measure_overlap;adversarial_wrong_region;Adversarial – bonne mesure mais mauvaise région;adversarial;1;1;0.0;0.0;;;1;0;1;1.0;0.0;1.0;0.0;0.0;0.0;0.0138;0.0138;0.0138;0.0138;0.0138;0.0;39
ablation_no_sat;adversarial_wrong_region;Adversarial – bonne mesure mais mauvaise région;adversarial;1;0;0.0;0.0;;;0;0;0;0.0;0.0;0.0;1.0;0.0;0.0;0.2104;0.2104;0.2104;0.2104;0.2104;0.0;39
ablation_no_real;adversarial_wrong_region;Adversarial – bonne mesure mais mauvaise région;adversarial;1;0;0.0;0.0;;;0;0;0;0.0;0.0;0.0;1.0;0.0;0.0;0.1761;0.1761;0.1761;0.1761;0.1761;0.0;39
ablation_ceval_any_intersection;adversarial_wrong_region;Adversarial – bonne mesure mais mauvaise région;adversarial;1;0;0.0;0.0;;;0;0;0;0.0;0.0;0.0;1.0;0.0;0.0;0.1867;0.1867;0.1867;0.1867;0.1867;0.0;39
baseline_random_matched;adversarial_wrong_region;Adversarial – bonne mesure mais mauvaise région;adversarial;1;1;0.0;0.0;;;1;0;1;1.0;0.0;1.0;0.0;0.0;0.0;0.004;0.004;0.004;0.004;0.004;0.0;39
mcad;adversarial_wrong_year;Adversarial – bonne structure mais mauvaise année;adversarial;1;0;0.0;0.0;;;0;0;0;0.0;0.0;0.0;1.0;0.0;0.0;0.1659;0.1659;0.1659;0.1659;0.1659;0.0;39
baseline_naive;adversarial_wrong_year;Adversarial – bonne structure mais mauvaise année;adversarial;1;1;0.0;0.0;;;1;0;1;1.0;0.0;1.0;0.0;0.0;0.0;0.0009;0.0009;0.0009;0.0009;0.0009;0.0;39
baseline_measure_overlap;adversarial_wrong_year;Adversarial – bonne structure mais mauvaise année;adversarial;1;1;0.0;0.0;;;1;0;1;1.0;0.0;1.0;0.0;0.0;0.0;0.0129;0.0129;0.0129;0.0129;0.0129;0.0;39
ablation_no_sat;adversarial_wrong_year;Adversarial – bonne structure mais mauvaise année;adversarial;1;0;0.0;0.0;;;0;0;0;0.0;0.0;0.0;1.0;0.0;0.0;0.1889;0.1889;0.1889;0.1889;0.1889;0.0;39
ablation_no_real;adversarial_wrong_year;Adversarial – bonne structure mais mauvaise année;adversarial;1;0;0.0;0.0;;;0;0;0;0.0;0.0;0.0;1.0;0.0;0.0;0.1708;0.1708;0.1708;0.1708;0.1708;0.0;39
ablation_ceval_any_intersection;adversarial_wrong_year;Adversarial – bonne structure mais mauvaise année;adversarial;1;0;0.0;0.0;;;0;0;0;0.0;0.0;0.0;1.0;0.0;0.0;0.1623;0.1623;0.1623;0.1623;0.1623;0.0;39
baseline_random_matched;adversarial_wrong_year;Adversarial – bonne structure mais mauvaise année;adversarial;1;1;0.0;0.0;;;1;0;1;1.0;0.0;1.0;0.0;0.0;0.0;0.0039;0.0039;0.0039;0.0039;0.0039;0.0;39
mcad;adversarial_invalid_no_measures;Adversarial – requête invalide sans mesure;adversarial;1;0;0.0;0.0;;;0;0;0;0.0;0.0;0.0;1.0;0.0;0.0;0.1147;0.1147;0.1147;0.1147;0.1147;0.0;39
baseline_naive;adversarial_invalid_no_measures;Adversarial – requête invalide sans mesure;adversarial;1;1;0.0;0.0;;;1;0;1;1.0;0.0;1.0;0.0;0.0;0.0;0.001;0.001;0.001;0.001;0.001;0.0;39
baseline_measure_overlap;adversarial_invalid_no_measures;Adversarial – requête invalide sans mesure;adversarial;1;0;0.0;0.0;;;0;0;0;0.0;0.0;0.0;0.0;0.0;0.0;0.0133;0.0133;0.0133;0.0133;0.0133;0.0;39
ablation_no_sat;adversarial_invalid_no_measures;Adversarial – requête invalide sans mesure;adversarial;1;0;0.0;0.0;;;0;0;0;0.0;0.0;0.0;1.0;0.0;0.0;0.0896;0.0896;0.0896;0.0896;0.0896;0.0;39
ablation_no_real;adversarial_invalid_no_measures;Adversarial – requête invalide sans mesure;adversarial;1;0;0.0;0.0;;;0;0;0;0.0;0.0;0.0;1.0;0.0;0.0;0.0803;0.0803;0.0803;0.0803;0.0803;0.0;39
ablation_ceval_any_intersection;adversarial_invalid_no_measures;Adversarial – requête invalide sans mesure;adversarial;1;0;0.0;0.0;;;0;0;0;0.0;0.0;0.0;1.0;0.0;0.0;0.0723;0.0723;0.0723;0.0723;0.0723;0.0;39
baseline_random_matched;adversarial_invalid_no_measures;Adversarial – requête invalide sans mesure;adversarial;1;0;0.0;0.0;;;0;0;0;0.0;0.0;0.0;0.0;0.0;0.0;0.0034;0.0034;0.0034;0.0034;0.0034;0.0;39
mcad;stress_exploratory_then_useful;Stress – bruit exploratoire avant requête utile;stress;3;1;0.333333;0.111111;;;0;0;0;0.0;0.0;0.0;0.666667;0.0;0.0;0.201467;0.21;0.24735;0.25067;0.21;0.1972;39
baseline_naive;stress_exploratory_then_useful;Stress – bruit exploratoire avant requête utile;stress;3;3;0.333333;0.111111;;;2;0;2;0.666667;0.0;0.666667;0.0;0.0;0.0;0.000567;0.0005;0.00086;0.000892;0.0009;0.0004;39
baseline_measure_overlap;stress_exploratory_then_useful;Stress – bruit exploratoire avant requête utile;stress;3;3;0.333333;0.111111;;;2;0;2;0.666667;0.0;0.666667;0.0;0.0;0.0;0.007267;0.005;0.01202;0.012644;0.0128;0.0045;39
ablation_no_sat;stress_exploratory_then_useful;Stress – bruit exploratoire avant requête utile;stress;3;1;0.333333;0.111111;;;0;0;0;0.0;0.0;0.0;0.666667;0.0;0.0;0.397267;0.4236;0.45609;0.458978;0.4236;0.3841;39
ablation_no_real;stress_exploratory_then_useful;Stress – bruit exploratoire avant requête utile;stress;3;1;0.333333;0.111111;;;0;0;0;0.0;0.0;0.0;0.666667;0.0;0.0;0.202567;0.203;0.24926;0.253372;0.203;0.20235;39
ablation_ceval_any_intersection;stress_exploratory_then_useful;Stress – bruit exploratoire avant requête utile;stress;3;1;0.333333;0.111111;;;0;0;0;0.0;0.0;0.0;0.666667;0.0;0.0;0.1978;0.2051;0.24218;0.245476;0.2051;0.19415;39
baseline_random_matched;stress_exploratory_then_useful;Stress – bruit exploratoire avant requête utile;stress;3;1;0.0;0.0;;;1;1;1;0.333333;0.333333;1.0;0.0;0.0;0.0;0.001633;0.001;0.00298;0.003156;0.0032;0.00085;39
mcad;happy_guided_article_short;Happy – parcours guidé article (c1 → c2 → c3);happy;3;3;1.0;0.666667;3;3;0;0;0;0.0;0.0;0.0;0.0;0.0;0.0;0.289833;0.2786;0.32882;0.333284;0.2786;0.29545;40
baseline_naive;happy_guided_article_short;Happy – parcours guidé article (c1 → c2 → c3);happy;3;3;1.0;0.666667;3;3;0;0;0;0.0;0.0;0.0;0.0;0.0;0.0;0.000933;0.0005;0.00176;0.001872;0.0019;0.00045;40
baseline_measure_overlap;happy_guided_article_short;Happy – parcours guidé article (c1 → c2 → c3);happy;3;3;1.0;0.666667;3;3;0;0;0;0.0;0.0;0.0;0.0;0.0;0.0;0.008633;0.0052;0.0151;0.01598;0.0162;0.00485;40
ablation_no_sat;happy_guided_article_short;Happy – parcours guidé article (c1 → c2 → c3);happy;3;3;1.0;0.666667;3;3;0;0;0;0.0;0.0;0.0;0.0;0.0;0.0;0.292533;0.3027;0.32718;0.329356;0.3027;0.28745;40
ablation_no_real;happy_guided_article_short;Happy – parcours guidé article (c1 → c2 → c3);happy;3;3;1.0;0.666667;3;3;0;0;0;0.0;0.0;0.0;0.0;0.0;0.0;0.504333;0.4912;0.58921;0.597922;0.4912;0.5109;40
ablation_ceval_any_intersection;happy_guided_article_short;Happy – parcours guidé article (c1 → c2 → c3);happy;3;3;1.0;0.666667;3;3;0;0;0;0.0;0.0;0.0;0.0;0.0;0.0;0.289533;0.2964;0.32538;0.327956;0.2964;0.2861;40
baseline_random_matched;happy_guided_article_short;Happy – parcours guidé article (c1 → c2 → c3);happy;3;2;0.666667;0.444444;;;0;1;0;0.0;0.333333;0.0;0.0;0.0;0.0;0.0016;0.0006;0.00339;0.003638;0.0037;0.00055;40
mcad;happy_guided_reordered;Happy – même objectif mais ordre différent (c3 → c1 → c2);happy;3;3;1.0;0.666667;3;3;0;0;0;0.0;0.0;0.0;0.0;0.0;0.0;0.296233;0.2473;0.38617;0.398514;0.4016;0.24355;40
baseline_naive;happy_guided_reordered;Happy – même objectif mais ordre différent (c3 → c1 → c2);happy;3;3;1.0;0.666667;3;3;0;0;0;0.0;0.0;0.0;0.0;0.0;0.0;0.0006;0.0004;0.00103;0.001086;0.0011;0.00035;40
baseline_measure_overlap;happy_guided_reordered;Happy – même objectif mais ordre différent (c3 → c1 → c2);happy;3;3;1.0;0.666667;3;3;0;0;0;0.0;0.0;0.0;0.0;0.0;0.0;0.0079;0.0052;0.0133;0.01402;0.0142;0.00475;40
ablation_no_sat;happy_guided_reordered;Happy – même objectif mais ordre différent (c3 → c1 → c2);happy;3;3;1.0;0.666667;3;3;0;0;0;0.0;0.0;0.0;0.0;0.0;0.0;0.290067;0.2593;0.35758;0.366316;0.3685;0.25085;40
ablation_no_real;happy_guided_reordered;Happy – même objectif mais ordre différent (c3 → c1 → c2);happy;3;3;1.0;0.666667;3;3;0;0;0;0.0;0.0;0.0;0.0;0.0;0.0;0.319767;0.2664;0.42804;0.442408;0.446;0.25665;40
ablation_ceval_any_intersection;happy_guided_reordered;Happy – même objectif mais ordre différent (c3 → c1 → c2);happy;3;3;1.0;0.666667;3;3;0;0;0;0.0;0.0;0.0;0.0;0.0;0.0;0.473367;0.4348;0.61759;0.633838;0.6379;0.3911;40
baseline_random_matched;happy_guided_reordered;Happy – même objectif mais ordre différent (c3 → c1 → c2);happy;3;1;0.333333;0.333333;;;0;2;0;0.0;0.666667;0.0;0.0;0.0;0.0;0.001467;0.0007;0.00304;0.003248;0.0033;0.00055;40
mcad;happy_guided_compact;Happy – parcours compact guidé;happy;3;3;1.0;0.666667;3;3;0;0;0;0.0;0.0;0.0;0.0;0.0;0.0;0.287367;0.2795;0.32747;0.331734;0.2795;0.2913;40
baseline_naive;happy_guided_compact;Happy – parcours compact guidé;happy;3;3;1.0;0.666667;3;3;0;0;0;0.0;0.0;0.0;0.0;0.0;0.0;0.000567;0.0005;0.00086;0.000892;0.0009;0.0004;40
baseline_measure_overlap;happy_guided_compact;Happy – parcours compact guidé;happy;3;3;1.0;0.666667;3;3;0;0;0;0.0;0.0;0.0;0.0;0.0;0.0;0.0106;0.013;0.01363;0.013686;0.013;0.0094;40
ablation_no_sat;happy_guided_compact;Happy – parcours compact guidé;happy;3;3;1.0;0.666667;3;3;0;0;0;0.0;0.0;0.0;0.0;0.0;0.0;0.2899;0.2812;0.33142;0.335884;0.2812;0.29425;40
ablation_no_real;happy_guided_compact;Happy – parcours compact guidé;happy;3;3;1.0;0.666667;3;3;0;0;0;0.0;0.0;0.0;0.0;0.0;0.0;0.290667;0.2854;0.33445;0.33881;0.2854;0.2933;40
ablation_ceval_any_intersection;happy_guided_compact;Happy – parcours compact guidé;happy;3;3;1.0;0.666667;3;3;0;0;0;0.0;0.0;0.0;0.0;0.0;0.0;0.489867;0.4666;0.56218;0.570676;0.4666;0.5015;40
baseline_random_matched;happy_guided_compact;Happy – parcours compact guidé;happy;3;2;0.666667;0.555556;;;0;1;0;0.0;0.333333;0.0;0.0;0.0;0.0;0.0013;0.0006;0.00258;0.002756;0.0028;0.00055;40
mcad;border_growth_partial_1998_only;Border – croissance partielle 1998 seulement;border;1;0;0.0;0.0;;;0;0;0;0.0;0.0;0.0;0.0;0.0;1.0;0.3518;0.3518;0.3518;0.3518;0.3518;0.0;40
baseline_naive;border_growth_partial_1998_only;Border – croissance partielle 1998 seulement;border;1;1;0.0;0.0;;;1;0;1;1.0;0.0;1.0;0.0;0.0;0.0;0.0009;0.0009;0.0009;0.0009;0.0009;0.0;40
baseline_measure_overlap;border_growth_partial_1998_only;Border – croissance partielle 1998 seulement;border;1;1;0.0;0.0;;;1;0;1;1.0;0.0;1.0;0.0;0.0;0.0;0.0141;0.0141;0.0141;0.0141;0.0141;0.0;40
ablation_no_sat;border_growth_partial_1998_only;Border – croissance partielle 1998 seulement;border;1;0;0.0;0.0;;;0;0;0;0.0;0.0;0.0;0.0;0.0;1.0;0.3487;0.3487;0.3487;0.3487;0.3487;0.0;40
ablation_no_real;border_growth_partial_1998_only;Border – croissance partielle 1998 seulement;border;1;1;0.0;0.0;;;1;0;1;1.0;0.0;1.0;0.0;0.0;1.0;0.3448;0.3448;0.3448;0.3448;0.3448;0.0;40
ablation_ceval_any_intersection;border_growth_partial_1998_only;Border – croissance partielle 1998 seulement;border;1;1;0.0;0.0;;;1;0;1;1.0;0.0;1.0;0.0;0.0;0.0;0.5767;0.5767;0.5767;0.5767;0.5767;0.0;40
baseline_random_matched;border_growth_partial_1998_only;Border – croissance partielle 1998 seulement;border;1;0;0.0;0.0;;;0;0;0;0.0;0.0;0.0;0.0;0.0;0.0;0.0031;0.0031;0.0031;0.0031;0.0031;0.0;40
mcad;border_margin_wrong_grain;Border – marge avec grain trop grossier;border;1;0;0.0;0.0;;;0;0;0;0.0;0.0;0.0;1.0;0.0;0.0;0.1987;0.1987;0.1987;0.1987;0.1987;0.0;40
baseline_naive;border_margin_wrong_grain;Border – marge avec grain trop grossier;border;1;1;0.0;0.0;;;1;0;1;1.0;0.0;1.0;0.0;0.0;0.0;0.0009;0.0009;0.0009;0.0009;0.0009;0.0;40
baseline_measure_overlap;border_margin_wrong_grain;Border – marge avec grain trop grossier;border;1;1;0.0;0.0;;;1;0;1;1.0;0.0;1.0;0.0;0.0;0.0;0.0209;0.0209;0.0209;0.0209;0.0209;0.0;40
ablation_no_sat;border_margin_wrong_grain;Border – marge avec grain trop grossier;border;1;0;0.0;0.0;;;0;0;0;0.0;0.0;0.0;1.0;0.0;0.0;0.4963;0.4963;0.4963;0.4963;0.4963;0.0;40
ablation_no_real;border_margin_wrong_grain;Border – marge avec grain trop grossier;border;1;0;0.0;0.0;;;0;0;0;0.0;0.0;0.0;1.0;0.0;0.0;0.3594;0.3594;0.3594;0.3594;0.3594;0.0;40
ablation_ceval_any_intersection;border_margin_wrong_grain;Border – marge avec grain trop grossier;border;1;0;0.0;0.0;;;0;0;0;0.0;0.0;0.0;1.0;0.0;0.0;0.2186;0.2186;0.2186;0.2186;0.2186;0.0;40
baseline_random_matched;border_margin_wrong_grain;Border – marge avec grain trop grossier;border;1;1;0.0;0.0;;;1;0;1;1.0;0.0;1.0;0.0;0.0;0.0;0.0033;0.0033;0.0033;0.0033;0.0033;0.0;40
mcad;border_stockout_missing_store;Border – rupture sans grain magasin;border;1;0;0.0;0.0;;;0;0;0;0.0;0.0;0.0;1.0;0.0;0.0;0.1995;0.1995;0.1995;0.1995;0.1995;0.0;40
baseline_naive;border_stockout_missing_store;Border – rupture sans grain magasin;border;1;1;0.0;0.0;;;1;0;1;1.0;0.0;1.0;0.0;0.0;0.0;0.001;0.001;0.001;0.001;0.001;0.0;40
baseline_measure_overlap;border_stockout_missing_store;Border – rupture sans grain magasin;border;1;1;0.0;0.0;;;1;0;1;1.0;0.0;1.0;0.0;0.0;0.0;0.0145;0.0145;0.0145;0.0145;0.0145;0.0;40
ablation_no_sat;border_stockout_missing_store;Border – rupture sans grain magasin;border;1;0;0.0;0.0;;;0;0;0;0.0;0.0;0.0;1.0;0.0;0.0;0.4247;0.4247;0.4247;0.4247;0.4247;0.0;40
ablation_no_real;border_stockout_missing_store;Border – rupture sans grain magasin;border;1;0;0.0;0.0;;;0;0;0;0.0;0.0;0.0;1.0;0.0;0.0;0.2043;0.2043;0.2043;0.2043;0.2043;0.0;40
ablation_ceval_any_intersection;border_stockout_missing_store;Border – rupture sans grain magasin;border;1;0;0.0;0.0;;;0;0;0;0.0;0.0;0.0;1.0;0.0;0.0;0.1935;0.1935;0.1935;0.1935;0.1935;0.0;40
baseline_random_matched;border_stockout_missing_store;Border – rupture sans grain magasin;border;1;1;0.0;0.0;;;1;0;1;1.0;0.0;1.0;0.0;0.0;0.0;0.0029;0.0029;0.0029;0.0029;0.0029;0.0;40
mcad;adversarial_wrong_region;Adversarial – bonne mesure mais mauvaise région;adversarial;1;0;0.0;0.0;;;0;0;0;0.0;0.0;0.0;1.0;0.0;0.0;0.1701;0.1701;0.1701;0.1701;0.1701;0.0;40
baseline_naive;adversarial_wrong_region;Adversarial – bonne mesure mais mauvaise région;adversarial;1;1;0.0;0.0;;;1;0;1;1.0;0.0;1.0;0.0;0.0;0.0;0.0009;0.0009;0.0009;0.0009;0.0009;0.0;40
baseline_measure_overlap;adversarial_wrong_region;Adversarial – bonne mesure mais mauvaise région;adversarial;1;1;0.0;0.0;;;1;0;1;1.0;0.0;1.0;0.0;0.0;0.0;0.0136;0.0136;0.0136;0.0136;0.0136;0.0;40
ablation_no_sat;adversarial_wrong_region;Adversarial – bonne mesure mais mauvaise région;adversarial;1;0;0.0;0.0;;;0;0;0;0.0;0.0;0.0;1.0;0.0;0.0;0.2194;0.2194;0.2194;0.2194;0.2194;0.0;40
ablation_no_real;adversarial_wrong_region;Adversarial – bonne mesure mais mauvaise région;adversarial;1;0;0.0;0.0;;;0;0;0;0.0;0.0;0.0;1.0;0.0;0.0;0.2925;0.2925;0.2925;0.2925;0.2925;0.0;40
ablation_ceval_any_intersection;adversarial_wrong_region;Adversarial – bonne mesure mais mauvaise région;adversarial;1;0;0.0;0.0;;;0;0;0;0.0;0.0;0.0;1.0;0.0;0.0;0.1669;0.1669;0.1669;0.1669;0.1669;0.0;40
baseline_random_matched;adversarial_wrong_region;Adversarial – bonne mesure mais mauvaise région;adversarial;1;0;0.0;0.0;;;0;0;0;0.0;0.0;0.0;0.0;0.0;0.0;0.0025;0.0025;0.0025;0.0025;0.0025;0.0;40
mcad;adversarial_wrong_year;Adversarial – bonne structure mais mauvaise année;adversarial;1;0;0.0;0.0;;;0;0;0;0.0;0.0;0.0;1.0;0.0;0.0;0.1627;0.1627;0.1627;0.1627;0.1627;0.0;40
baseline_naive;adversarial_wrong_year;Adversarial – bonne structure mais mauvaise année;adversarial;1;1;0.0;0.0;;;1;0;1;1.0;0.0;1.0;0.0;0.0;0.0;0.0009;0.0009;0.0009;0.0009;0.0009;0.0;40
baseline_measure_overlap;adversarial_wrong_year;Adversarial – bonne structure mais mauvaise année;adversarial;1;1;0.0;0.0;;;1;0;1;1.0;0.0;1.0;0.0;0.0;0.0;0.0133;0.0133;0.0133;0.0133;0.0133;0.0;40
ablation_no_sat;adversarial_wrong_year;Adversarial – bonne structure mais mauvaise année;adversarial;1;0;0.0;0.0;;;0;0;0;0.0;0.0;0.0;1.0;0.0;0.0;0.1906;0.1906;0.1906;0.1906;0.1906;0.0;40
ablation_no_real;adversarial_wrong_year;Adversarial – bonne structure mais mauvaise année;adversarial;1;0;0.0;0.0;;;0;0;0;0.0;0.0;0.0;1.0;0.0;0.0;0.2868;0.2868;0.2868;0.2868;0.2868;0.0;40
ablation_ceval_any_intersection;adversarial_wrong_year;Adversarial – bonne structure mais mauvaise année;adversarial;1;0;0.0;0.0;;;0;0;0;0.0;0.0;0.0;1.0;0.0;0.0;0.1632;0.1632;0.1632;0.1632;0.1632;0.0;40
baseline_random_matched;adversarial_wrong_year;Adversarial – bonne structure mais mauvaise année;adversarial;1;0;0.0;0.0;;;0;0;0;0.0;0.0;0.0;0.0;0.0;0.0;0.0025;0.0025;0.0025;0.0025;0.0025;0.0;40
mcad;adversarial_invalid_no_measures;Adversarial – requête invalide sans mesure;adversarial;1;0;0.0;0.0;;;0;0;0;0.0;0.0;0.0;1.0;0.0;0.0;0.0733;0.0733;0.0733;0.0733;0.0733;0.0;40
baseline_naive;adversarial_invalid_no_measures;Adversarial – requête invalide sans mesure;adversarial;1;1;0.0;0.0;;;1;0;1;1.0;0.0;1.0;0.0;0.0;0.0;0.001;0.001;0.001;0.001;0.001;0.0;40
baseline_measure_overlap;adversarial_invalid_no_measures;Adversarial – requête invalide sans mesure;adversarial;1;0;0.0;0.0;;;0;0;0;0.0;0.0;0.0;0.0;0.0;0.0;0.0129;0.0129;0.0129;0.0129;0.0129;0.0;40
ablation_no_sat;adversarial_invalid_no_measures;Adversarial – requête invalide sans mesure;adversarial;1;0;0.0;0.0;;;0;0;0;0.0;0.0;0.0;1.0;0.0;0.0;0.0889;0.0889;0.0889;0.0889;0.0889;0.0;40
ablation_no_real;adversarial_invalid_no_measures;Adversarial – requête invalide sans mesure;adversarial;1;0;0.0;0.0;;;0;0;0;0.0;0.0;0.0;1.0;0.0;0.0;0.1148;0.1148;0.1148;0.1148;0.1148;0.0;40
ablation_ceval_any_intersection;adversarial_invalid_no_measures;Adversarial – requête invalide sans mesure;adversarial;1;0;0.0;0.0;;;0;0;0;0.0;0.0;0.0;1.0;0.0;0.0;0.0724;0.0724;0.0724;0.0724;0.0724;0.0;40
baseline_random_matched;adversarial_invalid_no_measures;Adversarial – requête invalide sans mesure;adversarial;1;0;0.0;0.0;;;0;0;0;0.0;0.0;0.0;0.0;0.0;0.0;0.0024;0.0024;0.0024;0.0024;0.0024;0.0;40
mcad;stress_exploratory_then_useful;Stress – bruit exploratoire avant requête utile;stress;3;1;0.333333;0.111111;;;0;0;0;0.0;0.0;0.0;0.666667;0.0;0.0;0.197233;0.1978;0.24568;0.249936;0.1978;0.19695;40
baseline_naive;stress_exploratory_then_useful;Stress – bruit exploratoire avant requête utile;stress;3;3;0.333333;0.111111;;;2;0;2;0.666667;0.0;0.666667;0.0;0.0;0.0;0.000533;0.0004;0.00085;0.00089;0.0009;0.00035;40
baseline_measure_overlap;stress_exploratory_then_useful;Stress – bruit exploratoire avant requête utile;stress;3;3;0.333333;0.111111;;;2;0;2;0.666667;0.0;0.666667;0.0;0.0;0.0;0.0095;0.0084;0.01263;0.013006;0.0131;0.0077;40
ablation_no_sat;stress_exploratory_then_useful;Stress – bruit exploratoire avant requête utile;stress;3;1;0.333333;0.111111;;;0;0;0;0.0;0.0;0.0;0.666667;0.0;0.0;0.2259;0.2365;0.26818;0.270996;0.2365;0.2206;40
ablation_no_real;stress_exploratory_then_useful;Stress – bruit exploratoire avant requête utile;stress;3;1;0.333333;0.111111;;;0;0;0;0.0;0.0;0.0;0.666667;0.0;0.0;0.3563;0.3432;0.45435;0.46423;0.3432;0.36285;40
ablation_ceval_any_intersection;stress_exploratory_then_useful;Stress – bruit exploratoire avant requête utile;stress;3;1;0.333333;0.111111;;;0;0;0;0.0;0.0;0.0;0.666667;0.0;0.0;0.195067;0.2011;0.23845;0.24177;0.2011;0.19205;40
baseline_random_matched;stress_exploratory_then_useful;Stress – bruit exploratoire avant requête utile;stress;3;2;0.333333;0.111111;;;1;0;1;0.333333;0.0;0.5;0.0;0.0;0.0;0.001133;0.0006;0.00213;0.002266;0.0023;0.00055;40
mcad;happy_guided_article_short;Happy – parcours guidé article (c1 → c2 → c3);happy;3;3;1.0;0.666667;3;3;0;0;0;0.0;0.0;0.0;0.0;0.0;0.0;0.287067;0.2877;0.32505;0.32837;0.2877;0.28675;41
baseline_naive;happy_guided_article_short;Happy – parcours guidé article (c1 → c2 → c3);happy;3;3;1.0;0.666667;3;3;0;0;0;0.0;0.0;0.0;0.0;0.0;0.0;0.000533;0.0004;0.00085;0.00089;0.0009;0.00035;41
baseline_measure_overlap;happy_guided_article_short;Happy – parcours guidé article (c1 → c2 → c3);happy;3;3;1.0;0.666667;3;3;0;0;0;0.0;0.0;0.0;0.0;0.0;0.0;0.0074;0.0052;0.01195;0.01255;0.0127;0.00475;41
ablation_no_sat;happy_guided_article_short;Happy – parcours guidé article (c1 → c2 → c3);happy;3;3;1.0;0.666667;3;3;0;0;0;0.0;0.0;0.0;0.0;0.0;0.0;0.285767;0.2751;0.33342;0.338604;0.2751;0.2911;41
ablation_no_real;happy_guided_article_short;Happy – parcours guidé article (c1 → c2 → c3);happy;3;3;1.0;0.666667;3;3;0;0;0;0.0;0.0;0.0;0.0;0.0;0.0;0.4825;0.4643;0.55997;0.568474;0.4643;0.4916;41
ablation_ceval_any_intersection;happy_guided_article_short;Happy – parcours guidé article (c1 → c2 → c3);happy;3;3;1.0;0.666667;3;3;0;0;0;0.0;0.0;0.0;0.0;0.0;0.0;0.293767;0.2731;0.35968;0.367376;0.2731;0.3041;41
baseline_random_matched;happy_guided_article_short;Happy – parcours guidé article (c1 → c2 → c3);happy;3;1;0.333333;0.333333;;;0;2;0;0.0;0.666667;0.0;0.0;0.0;0.0;0.001233;0.0007;0.00232;0.002464;0.0025;0.0006;41
mcad;happy_guided_reordered;Happy – même objectif mais ordre différent (c3 → c1 → c2);happy;3;3;1.0;0.666667;3;3;0;0;0;0.0;0.0;0.0;0.0;0.0;0.0;0.2855;0.2482;0.34918;0.358156;0.3604;0.24805;41
baseline_naive;happy_guided_reordered;Happy – même objectif mais ordre différent (c3 → c1 → c2);happy;3;3;1.0;0.666667;3;3;0;0;0;0.0;0.0;0.0;0.0;0.0;0.0;0.000533;0.0004;0.00085;0.00089;0.0009;0.00035;41
baseline_measure_overlap;happy_guided_reordered;Happy – même objectif mais ordre différent (c3 → c1 → c2);happy;3;3;1.0;0.666667;3;3;0;0;0;0.0;0.0;0.0;0.0;0.0;0.0;0.007467;0.005;0.01211;0.012742;0.0129;0.00475;41
ablation_no_sat;happy_guided_reordered;Happy – même objectif mais ordre différent (c3 → c1 → c2);happy;3;3;1.0;0.666667;3;3;0;0;0;0.0;0.0;0.0;0.0;0.0;0.0;0.2839;0.2462;0.35276;0.362232;0.3646;0.24355;41
ablation_no_real;happy_guided_reordered;Happy – même objectif mais ordre différent (c3 → c1 → c2);happy;3;3;1.0;0.666667;3;3;0;0;0;0.0;0.0;0.0;0.0;0.0;0.0;0.292367;0.2528;0.36827;0.378534;0.3811;0.248;41
ablation_ceval_any_intersection;happy_guided_reordered;Happy – même objectif mais ordre différent (c3 → c1 → c2);happy;3;3;1.0;0.666667;3;3;0;0;0;0.0;0.0;0.0;0.0;0.0;0.0;0.423633;0.41;0.60098;0.617956;0.6222;0.32435;41
baseline_random_matched;happy_guided_reordered;Happy – même objectif mais ordre différent (c3 → c1 → c2);happy;3;2;0.666667;0.333333;;;0;1;0;0.0;0.333333;0.0;0.0;0.0;0.0;0.001267;0.0007;0.00232;0.002464;0.0025;0.00065;41
mcad;happy_guided_compact;Happy – parcours compact guidé;happy;3;3;1.0;0.666667;3;3;0;0;0;0.0;0.0;0.0;0.0;0.0;0.0;0.287867;0.2768;0.33836;0.343832;0.2768;0.2934;41
baseline_naive;happy_guided_compact;Happy – parcours compact guidé;happy;3;3;1.0;0.666667;3;3;0;0;0;0.0;0.0;0.0;0.0;0.0;0.0;0.000567;0.0004;0.00085;0.00089;0.0009;0.0004;41
baseline_measure_overlap;happy_guided_compact;Happy – parcours compact guidé;happy;3;3;1.0;0.666667;3;3;0;0;0;0.0;0.0;0.0;0.0;0.0;0.0;0.007033;0.0049;0.01138;0.011956;0.0121;0.0045;41
ablation_no_sat;happy_guided_compact;Happy – parcours compact guidé;happy;3;3;1.0;0.666667;3;3;0;0;0;0.0;0.0;0.0;0.0;0.0;0.0;0.300233;0.3065;0.33332;0.335704;0.3065;0.2971;41
ablation_no_real;happy_guided_compact;Happy – parcours compact guidé;happy;3;3;1.0;0.666667;3;3;0;0;0;0.0;0.0;0.0;0.0;0.0;0.0;0.296933;0.2859;0.33891;0.343622;0.2859;0.30245;41
ablation_ceval_any_intersection;happy_guided_compact;Happy – parcours compact guidé;happy;3;3;1.0;0.666667;3;3;0;0;0;0.0;0.0;0.0;0.0;0.0;0.0;0.5022;0.4674;0.59349;0.604698;0.4674;0.5196;41
baseline_random_matched;happy_guided_compact;Happy – parcours compact guidé;happy;3;2;0.666667;0.444444;;;0;1;0;0.0;0.333333;0.0;0.0;0.0;0.0;0.001333;0.0007;0.00259;0.002758;0.0028;0.0006;41
mcad;border_growth_partial_1998_only;Border – croissance partielle 1998 seulement;border;1;0;0.0;0.0;;;0;0;0;0.0;0.0;0.0;0.0;0.0;1.0;0.3432;0.3432;0.3432;0.3432;0.3432;0.0;41
baseline_naive;border_growth_partial_1998_only;Border – croissance partielle 1998 seulement;border;1;1;0.0;0.0;;;1;0;1;1.0;0.0;1.0;0.0;0.0;0.0;0.0019;0.0019;0.0019;0.0019;0.0019;0.0;41
baseline_measure_overlap;border_growth_partial_1998_only;Border – croissance partielle 1998 seulement;border;1;1;0.0;0.0;;;1;0;1;1.0;0.0;1.0;0.0;0.0;0.0;0.0209;0.0209;0.0209;0.0209;0.0209;0.0;41
ablation_no_sat;border_growth_partial_1998_only;Border – croissance partielle 1998 seulement;border;1;0;0.0;0.0;;;0;0;0;0.0;0.0;0.0;0.0;0.0;1.0;0.6046;0.6046;0.6046;0.6046;0.6046;0.0;41
ablation_no_real;border_growth_partial_1998_only;Border – croissance partielle 1998 seulement;border;1;1;0.0;0.0;;;1;0;1;1.0;0.0;1.0;0.0;0.0;1.0;0.3586;0.3586;0.3586;0.3586;0.3586;0.0;41
ablation_ceval_any_intersection;border_growth_partial_1998_only;Border – croissance partielle 1998 seulement;border;1;1;0.0;0.0;;;1;0;1;1.0;0.0;1.0;0.0;0.0;0.0;0.3422;0.3422;0.3422;0.3422;0.3422;0.0;41
baseline_random_matched;border_growth_partial_1998_only;Border – croissance partielle 1998 seulement;border;1;1;0.0;0.0;;;1;0;1;1.0;0.0;1.0;0.0;0.0;0.0;0.003;0.003;0.003;0.003;0.003;0.0;41
mcad;border_margin_wrong_grain;Border – marge avec grain trop grossier;border;1;0;0.0;0.0;;;0;0;0;0.0;0.0;0.0;1.0;0.0;0.0;0.2035;0.2035;0.2035;0.2035;0.2035;0.0;41
baseline_naive;border_margin_wrong_grain;Border – marge avec grain trop grossier;border;1;1;0.0;0.0;;;1;0;1;1.0;0.0;1.0;0.0;0.0;0.0;0.0009;0.0009;0.0009;0.0009;0.0009;0.0;41
baseline_measure_overlap;border_margin_wrong_grain;Border – marge avec grain trop grossier;border;1;1;0.0;0.0;;;1;0;1;1.0;0.0;1.0;0.0;0.0;0.0;0.0132;0.0132;0.0132;0.0132;0.0132;0.0;41
ablation_no_sat;border_margin_wrong_grain;Border – marge avec grain trop grossier;border;1;0;0.0;0.0;;;0;0;0;0.0;0.0;0.0;1.0;0.0;0.0;0.4402;0.4402;0.4402;0.4402;0.4402;0.0;41
ablation_no_real;border_margin_wrong_grain;Border – marge avec grain trop grossier;border;1;0;0.0;0.0;;;0;0;0;0.0;0.0;0.0;1.0;0.0;0.0;0.2057;0.2057;0.2057;0.2057;0.2057;0.0;41
ablation_ceval_any_intersection;border_margin_wrong_grain;Border – marge avec grain trop grossier;border;1;0;0.0;0.0;;;0;0;0;0.0;0.0;0.0;1.0;0.0;0.0;0.202;0.202;0.202;0.202;0.202;0.0;41
baseline_random_matched;border_margin_wrong_grain;Border – marge avec grain trop grossier;border;1;1;0.0;0.0;;;1;0;1;1.0;0.0;1.0;0.0;0.0;0.0;0.0027;0.0027;0.0027;0.0027;0.0027;0.0;41
mcad;border_stockout_missing_store;Border – rupture sans grain magasin;border;1;0;0.0;0.0;;;0;0;0;0.0;0.0;0.0;1.0;0.0;0.0;0.1973;0.1973;0.1973;0.1973;0.1973;0.0;41
baseline_naive;border_stockout_missing_store;Border – rupture sans grain magasin;border;1;1;0.0;0.0;;;1;0;1;1.0;0.0;1.0;0.0;0.0;0.0;0.0009;0.0009;0.0009;0.0009;0.0009;0.0;41
baseline_measure_overlap;border_stockout_missing_store;Border – rupture sans grain magasin;border;1;1;0.0;0.0;;;1;0;1;1.0;0.0;1.0;0.0;0.0;0.0;0.0126;0.0126;0.0126;0.0126;0.0126;0.0;41
ablation_no_sat;border_stockout_missing_store;Border – rupture sans grain magasin;border;1;0;0.0;0.0;;;0;0;0;0.0;0.0;0.0;1.0;0.0;0.0;0.2583;0.2583;0.2583;0.2583;0.2583;0.0;41
ablation_no_real;border_stockout_missing_store;Border – rupture sans grain magasin;border;1;0;0.0;0.0;;;0;0;0;0.0;0.0;0.0;1.0;0.0;0.0;0.3396;0.3396;0.3396;0.3396;0.3396;0.0;41
ablation_ceval_any_intersection;border_stockout_missing_store;Border – rupture sans grain magasin;border;1;0;0.0;0.0;;;0;0;0;0.0;0.0;0.0;1.0;0.0;0.0;0.1965;0.1965;0.1965;0.1965;0.1965;0.0;41
baseline_random_matched;border_stockout_missing_store;Border – rupture sans grain magasin;border;1;0;0.0;0.0;;;0;0;0;0.0;0.0;0.0;0.0;0.0;0.0;0.0032;0.0032;0.0032;0.0032;0.0032;0.0;41
mcad;adversarial_wrong_region;Adversarial – bonne mesure mais mauvaise région;adversarial;1;0;0.0;0.0;;;0;0;0;0.0;0.0;0.0;1.0;0.0;0.0;0.1737;0.1737;0.1737;0.1737;0.1737;0.0;41
baseline_naive;adversarial_wrong_region;Adversarial – bonne mesure mais mauvaise région;adversarial;1;1;0.0;0.0;;;1;0;1;1.0;0.0;1.0;0.0;0.0;0.0;0.0009;0.0009;0.0009;0.0009;0.0009;0.0;41
baseline_measure_overlap;adversarial_wrong_region;Adversarial – bonne mesure mais mauvaise région;adversarial;1;1;0.0;0.0;;;1;0;1;1.0;0.0;1.0;0.0;0.0;0.0;0.0133;0.0133;0.0133;0.0133;0.0133;0.0;41
ablation_no_sat;adversarial_wrong_region;Adversarial – bonne mesure mais mauvaise région;adversarial;1;0;0.0;0.0;;;0;0;0;0.0;0.0;0.0;1.0;0.0;0.0;0.213;0.213;0.213;0.213;0.213;0.0;41
ablation_no_real;adversarial_wrong_region;Adversarial – bonne mesure mais mauvaise région;adversarial;1;0;0.0;0.0;;;0;0;0;0.0;0.0;0.0;1.0;0.0;0.0;0.2844;0.2844;0.2844;0.2844;0.2844;0.0;41
ablation_ceval_any_intersection;adversarial_wrong_region;Adversarial – bonne mesure mais mauvaise région;adversarial;1;0;0.0;0.0;;;0;0;0;0.0;0.0;0.0;1.0;0.0;0.0;0.1698;0.1698;0.1698;0.1698;0.1698;0.0;41
baseline_random_matched;adversarial_wrong_region;Adversarial – bonne mesure mais mauvaise région;adversarial;1;1;0.0;0.0;;;1;0;1;1.0;0.0;1.0;0.0;0.0;0.0;0.003;0.003;0.003;0.003;0.003;0.0;41
mcad;adversarial_wrong_year;Adversarial – bonne structure mais mauvaise année;adversarial;1;0;0.0;0.0;;;0;0;0;0.0;0.0;0.0;1.0;0.0;0.0;0.1652;0.1652;0.1652;0.1652;0.1652;0.0;41
baseline_naive;adversarial_wrong_year;Adversarial – bonne structure mais mauvaise année;adversarial;1;1;0.0;0.0;;;1;0;1;1.0;0.0;1.0;0.0;0.0;0.0;0.0009;0.0009;0.0009;0.0009;0.0009;0.0;41
baseline_measure_overlap;adversarial_wrong_year;Adversarial – bonne structure mais mauvaise année;adversarial;1;1;0.0;0.0;;;1;0;1;1.0;0.0;1.0;0.0;0.0;0.0;0.0128;0.0128;0.0128;0.0128;0.0128;0.0;41
ablation_no_sat;adversarial_wrong_year;Adversarial – bonne structure mais mauvaise année;adversarial;1;0;0.0;0.0;;;0;0;0;0.0;0.0;0.0;1.0;0.0;0.0;0.1996;0.1996;0.1996;0.1996;0.1996;0.0;41
ablation_no_real;adversarial_wrong_year;Adversarial – bonne structure mais mauvaise année;adversarial;1;0;0.0;0.0;;;0;0;0;0.0;0.0;0.0;1.0;0.0;0.0;0.1727;0.1727;0.1727;0.1727;0.1727;0.0;41
ablation_ceval_any_intersection;adversarial_wrong_year;Adversarial – bonne structure mais mauvaise année;adversarial;1;0;0.0;0.0;;;0;0;0;0.0;0.0;0.0;1.0;0.0;0.0;0.2519;0.2519;0.2519;0.2519;0.2519;0.0;41
baseline_random_matched;adversarial_wrong_year;Adversarial – bonne structure mais mauvaise année;adversarial;1;0;0.0;0.0;;;0;0;0;0.0;0.0;0.0;0.0;0.0;0.0;0.0054;0.0054;0.0054;0.0054;0.0054;0.0;41
mcad;adversarial_invalid_no_measures;Adversarial – requête invalide sans mesure;adversarial;1;0;0.0;0.0;;;0;0;0;0.0;0.0;0.0;1.0;0.0;0.0;0.1135;0.1135;0.1135;0.1135;0.1135;0.0;41
baseline_naive;adversarial_invalid_no_measures;Adversarial – requête invalide sans mesure;adversarial;1;1;0.0;0.0;;;1;0;1;1.0;0.0;1.0;0.0;0.0;0.0;0.0014;0.0014;0.0014;0.0014;0.0014;0.0;41
baseline_measure_overlap;adversarial_invalid_no_measures;Adversarial – requête invalide sans mesure;adversarial;1;0;0.0;0.0;;;0;0;0;0.0;0.0;0.0;0.0;0.0;0.0;0.0248;0.0248;0.0248;0.0248;0.0248;0.0;41
ablation_no_sat;adversarial_invalid_no_measures;Adversarial – requête invalide sans mesure;adversarial;1;0;0.0;0.0;;;0;0;0;0.0;0.0;0.0;1.0;0.0;0.0;0.17;0.17;0.17;0.17;0.17;0.0;41
ablation_no_real;adversarial_invalid_no_measures;Adversarial – requête invalide sans mesure;adversarial;1;0;0.0;0.0;;;0;0;0;0.0;0.0;0.0;1.0;0.0;0.0;0.136;0.136;0.136;0.136;0.136;0.0;41
ablation_ceval_any_intersection;adversarial_invalid_no_measures;Adversarial – requête invalide sans mesure;adversarial;1;0;0.0;0.0;;;0;0;0;0.0;0.0;0.0;1.0;0.0;0.0;0.0873;0.0873;0.0873;0.0873;0.0873;0.0;41
baseline_random_matched;adversarial_invalid_no_measures;Adversarial – requête invalide sans mesure;adversarial;1;1;0.0;0.0;;;1;0;1;1.0;0.0;1.0;0.0;0.0;0.0;0.0052;0.0052;0.0052;0.0052;0.0052;0.0;41
mcad;stress_exploratory_then_useful;Stress – bruit exploratoire avant requête utile;stress;3;1;0.333333;0.111111;;;0;0;0;0.0;0.0;0.0;0.666667;0.0;0.0;0.208633;0.2144;0.26237;0.266634;0.2144;0.20575;41
baseline_naive;stress_exploratory_then_useful;Stress – bruit exploratoire avant requête utile;stress;3;3;0.333333;0.111111;;;2;0;2;0.666667;0.0;0.666667;0.0;0.0;0.0;0.000633;0.0005;0.00104;0.001088;0.0011;0.0004;41
baseline_measure_overlap;stress_exploratory_then_useful;Stress – bruit exploratoire avant requête utile;stress;3;3;0.333333;0.111111;;;2;0;2;0.666667;0.0;0.666667;0.0;0.0;0.0;0.009133;0.0057;0.01614;0.017068;0.0173;0.00505;41
ablation_no_sat;stress_exploratory_then_useful;Stress – bruit exploratoire avant requête utile;stress;3;1;0.333333;0.111111;;;0;0;0;0.0;0.0;0.0;0.666667;0.0;0.0;0.2257;0.2505;0.25401;0.254322;0.2544;0.21135;41
ablation_no_real;stress_exploratory_then_useful;Stress – bruit exploratoire avant requête utile;stress;3;1;0.333333;0.111111;;;0;0;0;0.0;0.0;0.0;0.666667;0.0;0.0;0.213933;0.2269;0.25948;0.262376;0.2269;0.20745;41
ablation_ceval_any_intersection;stress_exploratory_then_useful;Stress – bruit exploratoire avant requête utile;stress;3;1;0.333333;0.111111;;;0;0;0;0.0;0.0;0.0;0.666667;0.0;0.0;0.198933;0.2023;0.24523;0.249046;0.2023;0.19725;41
baseline_random_matched;stress_exploratory_then_useful;Stress – bruit exploratoire avant requête utile;stress;3;0;0.0;0.0;;;0;1;0;0.0;0.333333;0.0;0.0;0.0;0.0;0.001867;0.0011;0.00353;0.003746;0.0038;0.0009;41
mcad;happy_guided_article_short;Happy – parcours guidé article (c1 → c2 → c3);happy;3;3;1.0;0.666667;3;3;0;0;0;0.0;0.0;0.0;0.0;0.0;0.0;0.290533;0.2826;0.33723;0.342086;0.2826;0.2945;42
baseline_naive;happy_guided_article_short;Happy – parcours guidé article (c1 → c2 → c3);happy;3;3;1.0;0.666667;3;3;0;0;0;0.0;0.0;0.0;0.0;0.0;0.0;0.0006;0.0005;0.00095;0.00099;0.001;0.0004;42
baseline_measure_overlap;happy_guided_article_short;Happy – parcours guidé article (c1 → c2 → c3);happy;3;3;1.0;0.666667;3;3;0;0;0;0.0;0.0;0.0;0.0;0.0;0.0;0.008;0.0055;0.01333;0.014026;0.0142;0.0049;42
ablation_no_sat;happy_guided_article_short;Happy – parcours guidé article (c1 → c2 → c3);happy;3;3;1.0;0.666667;3;3;0;0;0;0.0;0.0;0.0;0.0;0.0;0.0;0.291233;0.2821;0.33826;0.343252;0.2821;0.2958;42
ablation_no_real;happy_guided_article_short;Happy – parcours guidé article (c1 → c2 → c3);happy;3;3;1.0;0.666667;3;3;0;0;0;0.0;0.0;0.0;0.0;0.0;0.0;0.296733;0.2967;0.33648;0.340016;0.2967;0.29675;42
ablation_ceval_any_intersection;happy_guided_article_short;Happy – parcours guidé article (c1 → c2 → c3);happy;3;3;1.0;0.666667;3;3;0;0;0;0.0;0.0;0.0;0.0;0.0;0.0;0.288733;0.2895;0.32748;0.330856;0.2895;0.28835;42
baseline_random_matched;happy_guided_article_short;Happy – parcours guidé article (c1 → c2 → c3);happy;3;1;0.333333;0.222222;;;0;2;0;0.0;0.666667;0.0;0.0;0.0;0.0;0.001333;0.0006;0.00276;0.002952;0.003;0.0005;42
mcad;happy_guided_reordered;Happy – même objectif mais ordre différent (c3 → c1 → c2);happy;3;3;1.0;0.666667;3;3;0;0;0;0.0;0.0;0.0;0.0;0.0;0.0;0.511767;0.4726;0.61408;0.626656;0.6298;0.45275;42
baseline_naive;happy_guided_reordered;Happy – même objectif mais ordre différent (c3 → c1 → c2);happy;3;3;1.0;0.666667;3;3;0;0;0;0.0;0.0;0.0;0.0;0.0;0.0;0.000567;0.0004;0.00094;0.000988;0.001;0.00035;42
baseline_measure_overlap;happy_guided_reordered;Happy – même objectif mais ordre différent (c3 → c1 → c2);happy;3;3;1.0;0.666667;3;3;0;0;0;0.0;0.0;0.0;0.0;0.0;0.0;0.0076;0.0051;0.01248;0.013136;0.0133;0.00475;42
ablation_no_sat;happy_guided_reordered;Happy – même objectif mais ordre différent (c3 → c1 → c2);happy;3;3;1.0;0.666667;3;3;0;0;0;0.0;0.0;0.0;0.0;0.0;0.0;0.291933;0.2502;0.37089;0.381618;0.3843;0.24575;42
ablation_no_real;happy_guided_reordered;Happy – même objectif mais ordre différent (c3 → c1 → c2);happy;3;3;1.0;0.666667;3;3;0;0;0;0.0;0.0;0.0;0.0;0.0;0.0;0.296933;0.2678;0.36365;0.37217;0.3743;0.25825;42
ablation_ceval_any_intersection;happy_guided_reordered;Happy – même objectif mais ordre différent (c3 → c1 → c2);happy;3;3;1.0;0.666667;3;3;0;0;0;0.0;0.0;0.0;0.0;0.0;0.0;0.2997;0.2704;0.35896;0.366832;0.3688;0.26515;42
baseline_random_matched;happy_guided_reordered;Happy – même objectif mais ordre différent (c3 → c1 → c2);happy;3;2;0.666667;0.333333;;;0;1;0;0.0;0.333333;0.0;0.0;0.0;0.0;0.001367;0.0007;0.00268;0.002856;0.0029;0.0006;42
mcad;happy_guided_compact;Happy – parcours compact guidé;happy;3;3;1.0;0.666667;3;3;0;0;0;0.0;0.0;0.0;0.0;0.0;0.0;0.509533;0.4802;0.60296;0.613872;0.4802;0.5242;42
baseline_naive;happy_guided_compact;Happy – parcours compact guidé;happy;3;3;1.0;0.666667;3;3;0;0;0;0.0;0.0;0.0;0.0;0.0;0.0;0.0006;0.0004;0.00094;0.000988;0.001;0.0004;42
baseline_measure_overlap;happy_guided_compact;Happy – parcours compact guidé;happy;3;3;1.0;0.666667;3;3;0;0;0;0.0;0.0;0.0;0.0;0.0;0.0;0.0124;0.0054;0.02511;0.026862;0.0273;0.00495;42
ablation_no_sat;happy_guided_compact;Happy – parcours compact guidé;happy;3;3;1.0;0.666667;3;3;0;0;0;0.0;0.0;0.0;0.0;0.0;0.0;0.3172;0.3475;0.35668;0.357496;0.3475;0.30205;42
ablation_no_real;happy_guided_compact;Happy – parcours compact guidé;happy;3;3;1.0;0.666667;3;3;0;0;0;0.0;0.0;0.0;0.0;0.0;0.0;0.3002;0.2976;0.34746;0.351892;0.2976;0.3015;42
ablation_ceval_any_intersection;happy_guided_compact;Happy – parcours compact guidé;happy;3;3;1.0;0.666667;3;3;0;0;0;0.0;0.0;0.0;0.0;0.0;0.0;0.288367;0.2768;0.32837;0.332954;0.2768;0.29415;42
baseline_random_matched;happy_guided_compact;Happy – parcours compact guidé;happy;3;0;0.0;0.0;;;0;3;0;0.0;1.0;0.0;0.0;0.0;0.0;0.001433;0.0006;0.00294;0.003148;0.0032;0.00055;42
mcad;border_growth_partial_1998_only;Border – croissance partielle 1998 seulement;border;1;0;0.0;0.0;;;0;0;0;0.0;0.0;0.0;0.0;0.0;1.0;0.5945;0.5945;0.5945;0.5945;0.5945;0.0;42
baseline_naive;border_growth_partial_1998_only;Border – croissance partielle 1998 seulement;border;1;1;0.0;0.0;;;1;0;1;1.0;0.0;1.0;0.0;0.0;0.0;0.0011;0.0011;0.0011;0.0011;0.0011;0.0;42
baseline_measure_overlap;border_growth_partial_1998_only;Border – croissance partielle 1998 seulement;border;1;1;0.0;0.0;;;1;0;1;1.0;0.0;1.0;0.0;0.0;0.0;0.0153;0.0153;0.0153;0.0153;0.0153;0.0;42
ablation_no_sat;border_growth_partial_1998_only;Border – croissance partielle 1998 seulement;border;1;0;0.0;0.0;;;0;0;0;0.0;0.0;0.0;0.0;0.0;1.0;0.3514;0.3514;0.3514;0.3514;0.3514;0.0;42
ablation_no_real;border_growth_partial_1998_only;Border – croissance partielle 1998 seulement;border;1;1;0.0;0.0;;;1;0;1;1.0;0.0;1.0;0.0;0.0;1.0;0.3538;0.3538;0.3538;0.3538;0.3538;0.0;42
ablation_ceval_any_intersection;border_growth_partial_1998_only;Border – croissance partielle 1998 seulement;border;1;1;0.0;0.0;;;1;0;1;1.0;0.0;1.0;0.0;0.0;0.0;0.347;0.347;0.347;0.347;0.347;0.0;42
baseline_random_matched;border_growth_partial_1998_only;Border – croissance partielle 1998 seulement;border;1;0;0.0;0.0;;;0;0;0;0.0;0.0;0.0;0.0;0.0;0.0;0.0031;0.0031;0.0031;0.0031;0.0031;0.0;42
mcad;border_margin_wrong_grain;Border – marge avec grain trop grossier;border;1;0;0.0;0.0;;;0;0;0;0.0;0.0;0.0;1.0;0.0;0.0;0.3146;0.3146;0.3146;0.3146;0.3146;0.0;42
baseline_naive;border_margin_wrong_grain;Border – marge avec grain trop grossier;border;1;1;0.0;0.0;;;1;0;1;1.0;0.0;1.0;0.0;0.0;0.0;0.0013;0.0013;0.0013;0.0013;0.0013;0.0;42
baseline_measure_overlap;border_margin_wrong_grain;Border – marge avec grain trop grossier;border;1;1;0.0;0.0;;;1;0;1;1.0;0.0;1.0;0.0;0.0;0.0;0.0202;0.0202;0.0202;0.0202;0.0202;0.0;42
ablation_no_sat;border_margin_wrong_grain;Border – marge avec grain trop grossier;border;1;0;0.0;0.0;;;0;0;0;0.0;0.0;0.0;1.0;0.0;0.0;0.2812;0.2812;0.2812;0.2812;0.2812;0.0;42
ablation_no_real;border_margin_wrong_grain;Border – marge avec grain trop grossier;border;1;0;0.0;0.0;;;0;0;0;0.0;0.0;0.0;1.0;0.0;0.0;0.2229;0.2229;0.2229;0.2229;0.2229;0.0;42
ablation_ceval_any_intersection;border_margin_wrong_grain;Border – marge avec grain trop grossier;border;1;0;0.0;0.0;;;0;0;0;0.0;0.0;0.0;1.0;0.0;0.0;0.315;0.315;0.315;0.315;0.315;0.0;42
baseline_random_matched;border_margin_wrong_grain;Border – marge avec grain trop grossier;border;1;1;0.0;0.0;;;1;0;1;1.0;0.0;1.0;0.0;0.0;0.0;0.0033;0.0033;0.0033;0.0033;0.0033;0.0;42
mcad;border_stockout_missing_store;Border – rupture sans grain magasin;border;1;0;0.0;0.0;;;0;0;0;0.0;0.0;0.0;1.0;0.0;0.0;0.2041;0.2041;0.2041;0.2041;0.2041;0.0;42
baseline_naive;border_stockout_missing_store;Border – rupture sans grain magasin;border;1;1;0.0;0.0;;;1;0;1;1.0;0.0;1.0;0.0;0.0;0.0;0.0009;0.0009;0.0009;0.0009;0.0009;0.0;42
baseline_measure_overlap;border_stockout_missing_store;Border – rupture sans grain magasin;border;1;1;0.0;0.0;;;1;0;1;1.0;0.0;1.0;0.0;0.0;0.0;0.0136;0.0136;0.0136;0.0136;0.0136;0.0;42
ablation_no_sat;border_stockout_missing_store;Border – rupture sans grain magasin;border;1;0;0.0;0.0;;;0;0;0;0.0;0.0;0.0;1.0;0.0;0.0;0.2579;0.2579;0.2579;0.2579;0.2579;0.0;42
ablation_no_real;border_stockout_missing_store;Border – rupture sans grain magasin;border;1;0;0.0;0.0;;;0;0;0;0.0;0.0;0.0;1.0;0.0;0.0;0.2;0.2;0.2;0.2;0.2;0.0;42
ablation_ceval_any_intersection;border_stockout_missing_store;Border – rupture sans grain magasin;border;1;0;0.0;0.0;;;0;0;0;0.0;0.0;0.0;1.0;0.0;0.0;0.1924;0.1924;0.1924;0.1924;0.1924;0.0;42
baseline_random_matched;border_stockout_missing_store;Border – rupture sans grain magasin;border;1;1;0.0;0.0;;;1;0;1;1.0;0.0;1.0;0.0;0.0;0.0;0.004;0.004;0.004;0.004;0.004;0.0;42
mcad;adversarial_wrong_region;Adversarial – bonne mesure mais mauvaise région;adversarial;1;0;0.0;0.0;;;0;0;0;0.0;0.0;0.0;1.0;0.0;0.0;0.1705;0.1705;0.1705;0.1705;0.1705;0.0;42
baseline_naive;adversarial_wrong_region;Adversarial – bonne mesure mais mauvaise région;adversarial;1;1;0.0;0.0;;;1;0;1;1.0;0.0;1.0;0.0;0.0;0.0;0.0009;0.0009;0.0009;0.0009;0.0009;0.0;42
baseline_measure_overlap;adversarial_wrong_region;Adversarial – bonne mesure mais mauvaise région;adversarial;1;1;0.0;0.0;;;1;0;1;1.0;0.0;1.0;0.0;0.0;0.0;0.0134;0.0134;0.0134;0.0134;0.0134;0.0;42
ablation_no_sat;adversarial_wrong_region;Adversarial – bonne mesure mais mauvaise région;adversarial;1;0;0.0;0.0;;;0;0;0;0.0;0.0;0.0;1.0;0.0;0.0;0.2061;0.2061;0.2061;0.2061;0.2061;0.0;42
ablation_no_real;adversarial_wrong_region;Adversarial – bonne mesure mais mauvaise région;adversarial;1;0;0.0;0.0;;;0;0;0;0.0;0.0;0.0;1.0;0.0;0.0;0.1753;0.1753;0.1753;0.1753;0.1753;0.0;42
ablation_ceval_any_intersection;adversarial_wrong_region;Adversarial – bonne mesure mais mauvaise région;adversarial;1;0;0.0;0.0;;;0;0;0;0.0;0.0;0.0;1.0;0.0;0.0;0.1674;0.1674;0.1674;0.1674;0.1674;0.0;42
baseline_random_matched;adversarial_wrong_region;Adversarial – bonne mesure mais mauvaise région;adversarial;1;0;0.0;0.0;;;0;0;0;0.0;0.0;0.0;0.0;0.0;0.0;0.0039;0.0039;0.0039;0.0039;0.0039;0.0;42
mcad;adversarial_wrong_year;Adversarial – bonne structure mais mauvaise année;adversarial;1;0;0.0;0.0;;;0;0;0;0.0;0.0;0.0;1.0;0.0;0.0;0.1753;0.1753;0.1753;0.1753;0.1753;0.0;42
baseline_naive;adversarial_wrong_year;Adversarial – bonne structure mais mauvaise année;adversarial;1;1;0.0;0.0;;;1;0;1;1.0;0.0;1.0;0.0;0.0;0.0;0.0012;0.0012;0.0012;0.0012;0.0012;0.0;42
baseline_measure_overlap;adversarial_wrong_year;Adversarial – bonne structure mais mauvaise année;adversarial;1;1;0.0;0.0;;;1;0;1;1.0;0.0;1.0;0.0;0.0;0.0;0.0137;0.0137;0.0137;0.0137;0.0137;0.0;42
ablation_no_sat;adversarial_wrong_year;Adversarial – bonne structure mais mauvaise année;adversarial;1;0;0.0;0.0;;;0;0;0;0.0;0.0;0.0;1.0;0.0;0.0;0.1922;0.1922;0.1922;0.1922;0.1922;0.0;42
ablation_no_real;adversarial_wrong_year;Adversarial – bonne structure mais mauvaise année;adversarial;1;0;0.0;0.0;;;0;0;0;0.0;0.0;0.0;1.0;0.0;0.0;0.1728;0.1728;0.1728;0.1728;0.1728;0.0;42
ablation_ceval_any_intersection;adversarial_wrong_year;Adversarial – bonne structure mais mauvaise année;adversarial;1;0;0.0;0.0;;;0;0;0;0.0;0.0;0.0;1.0;0.0;0.0;0.1659;0.1659;0.1659;0.1659;0.1659;0.0;42
baseline_random_matched;adversarial_wrong_year;Adversarial – bonne structure mais mauvaise année;adversarial;1;0;0.0;0.0;;;0;0;0;0.0;0.0;0.0;0.0;0.0;0.0;0.0037;0.0037;0.0037;0.0037;0.0037;0.0;42
mcad;adversarial_invalid_no_measures;Adversarial – requête invalide sans mesure;adversarial;1;0;0.0;0.0;;;0;0;0;0.0;0.0;0.0;1.0;0.0;0.0;0.1089;0.1089;0.1089;0.1089;0.1089;0.0;42
baseline_naive;adversarial_invalid_no_measures;Adversarial – requête invalide sans mesure;adversarial;1;1;0.0;0.0;;;1;0;1;1.0;0.0;1.0;0.0;0.0;0.0;0.0009;0.0009;0.0009;0.0009;0.0009;0.0;42
baseline_measure_overlap;adversarial_invalid_no_measures;Adversarial – requête invalide sans mesure;adversarial;1;0;0.0;0.0;;;0;0;0;0.0;0.0;0.0;0.0;0.0;0.0;0.0141;0.0141;0.0141;0.0141;0.0141;0.0;42
ablation_no_sat;adversarial_invalid_no_measures;Adversarial – requête invalide sans mesure;adversarial;1;0;0.0;0.0;;;0;0;0;0.0;0.0;0.0;1.0;0.0;0.0;0.0879;0.0879;0.0879;0.0879;0.0879;0.0;42
ablation_no_real;adversarial_invalid_no_measures;Adversarial – requête invalide sans mesure;adversarial;1;0;0.0;0.0;;;0;0;0;0.0;0.0;0.0;1.0;0.0;0.0;0.0799;0.0799;0.0799;0.0799;0.0799;0.0;42
ablation_ceval_any_intersection;adversarial_invalid_no_measures;Adversarial – requête invalide sans mesure;adversarial;1;0;0.0;0.0;;;0;0;0;0.0;0.0;0.0;1.0;0.0;0.0;0.0723;0.0723;0.0723;0.0723;0.0723;0.0;42
baseline_random_matched;adversarial_invalid_no_measures;Adversarial – requête invalide sans mesure;adversarial;1;0;0.0;0.0;;;0;0;0;0.0;0.0;0.0;0.0;0.0;0.0;0.0038;0.0038;0.0038;0.0038;0.0038;0.0;42
mcad;stress_exploratory_then_useful;Stress – bruit exploratoire avant requête utile;stress;3;1;0.333333;0.111111;;;0;0;0;0.0;0.0;0.0;0.666667;0.0;0.0;0.210233;0.2015;0.27737;0.284114;0.2015;0.2146;42
baseline_naive;stress_exploratory_then_useful;Stress – bruit exploratoire avant requête utile;stress;3;3;0.333333;0.111111;;;2;0;2;0.666667;0.0;0.666667;0.0;0.0;0.0;0.000533;0.0004;0.00085;0.00089;0.0009;0.00035;42
baseline_measure_overlap;stress_exploratory_then_useful;Stress – bruit exploratoire avant requête utile;stress;3;3;0.333333;0.111111;;;2;0;2;0.666667;0.0;0.666667;0.0;0.0;0.0;0.007667;0.0053;0.01286;0.013532;0.0137;0.00465;42
ablation_no_sat;stress_exploratory_then_useful;Stress – bruit exploratoire avant requête utile;stress;3;1;0.333333;0.111111;;;0;0;0;0.0;0.0;0.0;0.666667;0.0;0.0;0.215667;0.2334;0.24285;0.24369;0.2334;0.2068;42
ablation_no_real;stress_exploratory_then_useful;Stress – bruit exploratoire avant requête utile;stress;3;1;0.333333;0.111111;;;0;0;0;0.0;0.0;0.0;0.666667;0.0;0.0;0.203767;0.1996;0.24883;0.253206;0.1996;0.20585;42
ablation_ceval_any_intersection;stress_exploratory_then_useful;Stress – bruit exploratoire avant requête utile;stress;3;1;0.333333;0.111111;;;0;0;0;0.0;0.0;0.0;0.666667;0.0;0.0;0.192767;0.1938;0.23853;0.242506;0.1938;0.19225;42
baseline_random_matched;stress_exploratory_then_useful;Stress – bruit exploratoire avant requête utile;stress;3;2;0.333333;0.111111;;;1;0;1;0.333333;0.0;0.5;0.0;0.0;0.0;0.0019;0.001;0.00361;0.003842;0.0039;0.0009;42
mcad;happy_guided_article_short;Happy – parcours guidé article (c1 → c2 → c3);happy;3;3;1.0;0.666667;3;3;0;0;0;0.0;0.0;0.0;0.0;0.0;0.0;0.6788;0.4932;1.01907;1.065814;0.4932;0.7716;43
baseline_naive;happy_guided_article_short;Happy – parcours guidé article (c1 → c2 → c3);happy;3;3;1.0;0.666667;3;3;0;0;0;0.0;0.0;0.0;0.0;0.0;0.0;0.0006;0.0005;0.00095;0.00099;0.001;0.0004;43
baseline_measure_overlap;happy_guided_article_short;Happy – parcours guidé article (c1 → c2 → c3);happy;3;3;1.0;0.666667;3;3;0;0;0;0.0;0.0;0.0;0.0;0.0;0.0;0.008333;0.0052;0.01447;0.015294;0.0155;0.00475;43
ablation_no_sat;happy_guided_article_short;Happy – parcours guidé article (c1 → c2 → c3);happy;3;3;1.0;0.666667;3;3;0;0;0;0.0;0.0;0.0;0.0;0.0;0.0;0.290133;0.285;0.33513;0.339586;0.285;0.2927;43
ablation_no_real;happy_guided_article_short;Happy – parcours guidé article (c1 → c2 → c3);happy;3;3;1.0;0.666667;3;3;0;0;0;0.0;0.0;0.0;0.0;0.0;0.0;0.517233;0.4955;0.60359;0.613198;0.4955;0.5281;43
ablation_ceval_any_intersection;happy_guided_article_short;Happy – parcours guidé article (c1 → c2 → c3);happy;3;3;1.0;0.666667;3;3;0;0;0;0.0;0.0;0.0;0.0;0.0;0.0;0.2838;0.2852;0.32246;0.325772;0.2852;0.2831;43
baseline_random_matched;happy_guided_article_short;Happy – parcours guidé article (c1 → c2 → c3);happy;3;3;1.0;0.666667;3;3;0;0;0;0.0;0.0;0.0;0.0;0.0;0.0;0.0014;0.0006;0.00285;0.00305;0.0031;0.00055;43
mcad;happy_guided_reordered;Happy – même objectif mais ordre différent (c3 → c1 → c2);happy;3;3;1.0;0.666667;3;3;0;0;0;0.0;0.0;0.0;0.0;0.0;0.0;0.298633;0.2593;0.38242;0.393364;0.3961;0.2499;43
baseline_naive;happy_guided_reordered;Happy – même objectif mais ordre différent (c3 → c1 → c2);happy;3;3;1.0;0.666667;3;3;0;0;0;0.0;0.0;0.0;0.0;0.0;0.0;0.0006;0.0005;0.00095;0.00099;0.001;0.0004;43
baseline_measure_overlap;happy_guided_reordered;Happy – même objectif mais ordre différent (c3 → c1 → c2);happy;3;3;1.0;0.666667;3;3;0;0;0;0.0;0.0;0.0;0.0;0.0;0.0;0.007733;0.0051;0.01275;0.01343;0.0136;0.0048;43
ablation_no_sat;happy_guided_reordered;Happy – même objectif mais ordre différent (c3 → c1 → c2);happy;3;3;1.0;0.666667;3;3;0;0;0;0.0;0.0;0.0;0.0;0.0;0.0;0.296433;0.2769;0.35583;0.362846;0.3646;0.26235;43
ablation_no_real;happy_guided_reordered;Happy – même objectif mais ordre différent (c3 → c1 → c2);happy;3;3;1.0;0.666667;3;3;0;0;0;0.0;0.0;0.0;0.0;0.0;0.0;0.2888;0.2516;0.35744;0.366848;0.3692;0.2486;43
ablation_ceval_any_intersection;happy_guided_reordered;Happy – même objectif mais ordre différent (c3 → c1 → c2);happy;3;3;1.0;0.666667;3;3;0;0;0;0.0;0.0;0.0;0.0;0.0;0.0;0.5007;0.4476;0.61392;0.628704;0.6324;0.43485;43
baseline_random_matched;happy_guided_reordered;Happy – même objectif mais ordre différent (c3 → c1 → c2);happy;3;1;0.333333;0.333333;;;0;2;0;0.0;0.666667;0.0;0.0;0.0;0.0;0.001333;0.0006;0.00276;0.002952;0.003;0.0005;43
mcad;happy_guided_compact;Happy – parcours compact guidé;happy;3;3;1.0;0.666667;3;3;0;0;0;0.0;0.0;0.0;0.0;0.0;0.0;0.289567;0.2807;0.34181;0.347242;0.2807;0.294;43
baseline_naive;happy_guided_compact;Happy – parcours compact guidé;happy;3;3;1.0;0.666667;3;3;0;0;0;0.0;0.0;0.0;0.0;0.0;0.0;0.000567;0.0005;0.00086;0.000892;0.0009;0.0004;43
baseline_measure_overlap;happy_guided_compact;Happy – parcours compact guidé;happy;3;3;1.0;0.666667;3;3;0;0;0;0.0;0.0;0.0;0.0;0.0;0.0;0.0101;0.007;0.01618;0.016996;0.0172;0.00655;43
ablation_no_sat;happy_guided_compact;Happy – parcours compact guidé;happy;3;3;1.0;0.666667;3;3;0;0;0;0.0;0.0;0.0;0.0;0.0;0.0;0.8088;0.7166;1.15985;1.19925;1.2091;0.60865;43
ablation_no_real;happy_guided_compact;Happy – parcours compact guidé;happy;3;3;1.0;0.666667;3;3;0;0;0;0.0;0.0;0.0;0.0;0.0;0.0;0.3021;0.2888;0.36224;0.368768;0.2888;0.30875;43
ablation_ceval_any_intersection;happy_guided_compact;Happy – parcours compact guidé;happy;3;3;1.0;0.666667;3;3;0;0;0;0.0;0.0;0.0;0.0;0.0;0.0;0.2858;0.2757;0.32736;0.331952;0.2757;0.29085;43
baseline_random_matched;happy_guided_compact;Happy – parcours compact guidé;happy;3;1;0.333333;0.222222;;;0;2;0;0.0;0.666667;0.0;0.0;0.0;0.0;0.0014;0.0008;0.00269;0.002858;0.0029;0.00065;43
mcad;border_growth_partial_1998_only;Border – croissance partielle 1998 seulement;border;1;0;0.0;0.0;;;0;0;0;0.0;0.0;0.0;0.0;0.0;1.0;0.3367;0.3367;0.3367;0.3367;0.3367;0.0;43
baseline_naive;border_growth_partial_1998_only;Border – croissance partielle 1998 seulement;border;1;1;0.0;0.0;;;1;0;1;1.0;0.0;1.0;0.0;0.0;0.0;0.0009;0.0009;0.0009;0.0009;0.0009;0.0;43
baseline_measure_overlap;border_growth_partial_1998_only;Border – croissance partielle 1998 seulement;border;1;1;0.0;0.0;;;1;0;1;1.0;0.0;1.0;0.0;0.0;0.0;0.0132;0.0132;0.0132;0.0132;0.0132;0.0;43
ablation_no_sat;border_growth_partial_1998_only;Border – croissance partielle 1998 seulement;border;1;0;0.0;0.0;;;0;0;0;0.0;0.0;0.0;0.0;0.0;1.0;0.338;0.338;0.338;0.338;0.338;0.0;43
ablation_no_real;border_growth_partial_1998_only;Border – croissance partielle 1998 seulement;border;1;1;0.0;0.0;;;1;0;1;1.0;0.0;1.0;0.0;0.0;1.0;0.604;0.604;0.604;0.604;0.604;0.0;43
ablation_ceval_any_intersection;border_growth_partial_1998_only;Border – croissance partielle 1998 seulement;border;1;1;0.0;0.0;;;1;0;1;1.0;0.0;1.0;0.0;0.0;0.0;0.3352;0.3352;0.3352;0.3352;0.3352;0.0;43
baseline_random_matched;border_growth_partial_1998_only;Border – croissance partielle 1998 seulement;border;1;0;0.0;0.0;;;0;0;0;0.0;0.0;0.0;0.0;0.0;0.0;0.0026;0.0026;0.0026;0.0026;0.0026;0.0;43
mcad;border_margin_wrong_grain;Border – marge avec grain trop grossier;border;1;0;0.0;0.0;;;0;0;0;0.0;0.0;0.0;1.0;0.0;0.0;0.3364;0.3364;0.3364;0.3364;0.3364;0.0;43
baseline_naive;border_margin_wrong_grain;Border – marge avec grain trop grossier;border;1;1;0.0;0.0;;;1;0;1;1.0;0.0;1.0;0.0;0.0;0.0;0.0016;0.0016;0.0016;0.0016;0.0016;0.0;43
baseline_measure_overlap;border_margin_wrong_grain;Border – marge avec grain trop grossier;border;1;1;0.0;0.0;;;1;0;1;1.0;0.0;1.0;0.0;0.0;0.0;0.0223;0.0223;0.0223;0.0223;0.0223;0.0;43
ablation_no_sat;border_margin_wrong_grain;Border – marge avec grain trop grossier;border;1;0;0.0;0.0;;;0;0;0;0.0;0.0;0.0;1.0;0.0;0.0;0.4471;0.4471;0.4471;0.4471;0.4471;0.0;43
ablation_no_real;border_margin_wrong_grain;Border – marge avec grain trop grossier;border;1;0;0.0;0.0;;;0;0;0;0.0;0.0;0.0;1.0;0.0;0.0;0.2067;0.2067;0.2067;0.2067;0.2067;0.0;43
ablation_ceval_any_intersection;border_margin_wrong_grain;Border – marge avec grain trop grossier;border;1;0;0.0;0.0;;;0;0;0;0.0;0.0;0.0;1.0;0.0;0.0;0.194;0.194;0.194;0.194;0.194;0.0;43
baseline_random_matched;border_margin_wrong_grain;Border – marge avec grain trop grossier;border;1;0;0.0;0.0;;;0;0;0;0.0;0.0;0.0;0.0;0.0;0.0;0.0028;0.0028;0.0028;0.0028;0.0028;0.0;43
mcad;border_stockout_missing_store;Border – rupture sans grain magasin;border;1;0;0.0;0.0;;;0;0;0;0.0;0.0;0.0;1.0;0.0;0.0;0.1946;0.1946;0.1946;0.1946;0.1946;0.0;43
baseline_naive;border_stockout_missing_store;Border – rupture sans grain magasin;border;1;1;0.0;0.0;;;1;0;1;1.0;0.0;1.0;0.0;0.0;0.0;0.0009;0.0009;0.0009;0.0009;0.0009;0.0;43
baseline_measure_overlap;border_stockout_missing_store;Border – rupture sans grain magasin;border;1;1;0.0;0.0;;;1;0;1;1.0;0.0;1.0;0.0;0.0;0.0;0.0181;0.0181;0.0181;0.0181;0.0181;0.0;43
ablation_no_sat;border_stockout_missing_store;Border – rupture sans grain magasin;border;1;0;0.0;0.0;;;0;0;0;0.0;0.0;0.0;1.0;0.0;0.0;0.2581;0.2581;0.2581;0.2581;0.2581;0.0;43
ablation_no_real;border_stockout_missing_store;Border – rupture sans grain magasin;border;1;0;0.0;0.0;;;0;0;0;0.0;0.0;0.0;1.0;0.0;0.0;0.2013;0.2013;0.2013;0.2013;0.2013;0.0;43
ablation_ceval_any_intersection;border_stockout_missing_store;Border – rupture sans grain magasin;border;1;0;0.0;0.0;;;0;0;0;0.0;0.0;0.0;1.0;0.0;0.0;0.1925;0.1925;0.1925;0.1925;0.1925;0.0;43
baseline_random_matched;border_stockout_missing_store;Border – rupture sans grain magasin;border;1;1;0.0;0.0;;;1;0;1;1.0;0.0;1.0;0.0;0.0;0.0;0.003;0.003;0.003;0.003;0.003;0.0;43
mcad;adversarial_wrong_region;Adversarial – bonne mesure mais mauvaise région;adversarial;1;0;0.0;0.0;;;0;0;0;0.0;0.0;0.0;1.0;0.0;0.0;0.1688;0.1688;0.1688;0.1688;0.1688;0.0;43
baseline_naive;adversarial_wrong_region;Adversarial – bonne mesure mais mauvaise région;adversarial;1;1;0.0;0.0;;;1;0;1;1.0;0.0;1.0;0.0;0.0;0.0;0.001;0.001;0.001;0.001;0.001;0.0;43
baseline_measure_overlap;adversarial_wrong_region;Adversarial – bonne mesure mais mauvaise région;adversarial;1;1;0.0;0.0;;;1;0;1;1.0;0.0;1.0;0.0;0.0;0.0;0.0179;0.0179;0.0179;0.0179;0.0179;0.0;43
ablation_no_sat;adversarial_wrong_region;Adversarial – bonne mesure mais mauvaise région;adversarial;1;0;0.0;0.0;;;0;0;0;0.0;0.0;0.0;1.0;0.0;0.0;0.362;0.362;0.362;0.362;0.362;0.0;43
ablation_no_real;adversarial_wrong_region;Adversarial – bonne mesure mais mauvaise région;adversarial;1;0;0.0;0.0;;;0;0;0;0.0;0.0;0.0;1.0;0.0;0.0;0.1991;0.1991;0.1991;0.1991;0.1991;0.0;43
ablation_ceval_any_intersection;adversarial_wrong_region;Adversarial – bonne mesure mais mauvaise région;adversarial;1;0;0.0;0.0;;;0;0;0;0.0;0.0;0.0;1.0;0.0;0.0;0.418;0.418;0.418;0.418;0.418;0.0;43
baseline_random_matched;adversarial_wrong_region;Adversarial – bonne mesure mais mauvaise région;adversarial;1;1;0.0;0.0;;;1;0;1;1.0;0.0;1.0;0.0;0.0;0.0;0.0032;0.0032;0.0032;0.0032;0.0032;0.0;43
mcad;adversarial_wrong_year;Adversarial – bonne structure mais mauvaise année;adversarial;1;0;0.0;0.0;;;0;0;0;0.0;0.0;0.0;1.0;0.0;0.0;0.1664;0.1664;0.1664;0.1664;0.1664;0.0;43
baseline_naive;adversarial_wrong_year;Adversarial – bonne structure mais mauvaise année;adversarial;1;1;0.0;0.0;;;1;0;1;1.0;0.0;1.0;0.0;0.0;0.0;0.0009;0.0009;0.0009;0.0009;0.0009;0.0;43
baseline_measure_overlap;adversarial_wrong_year;Adversarial – bonne structure mais mauvaise année;adversarial;1;1;0.0;0.0;;;1;0;1;1.0;0.0;1.0;0.0;0.0;0.0;0.0135;0.0135;0.0135;0.0135;0.0135;0.0;43
ablation_no_sat;adversarial_wrong_year;Adversarial – bonne structure mais mauvaise année;adversarial;1;0;0.0;0.0;;;0;0;0;0.0;0.0;0.0;1.0;0.0;0.0;0.3018;0.3018;0.3018;0.3018;0.3018;0.0;43
ablation_no_real;adversarial_wrong_year;Adversarial – bonne structure mais mauvaise année;adversarial;1;0;0.0;0.0;;;0;0;0;0.0;0.0;0.0;1.0;0.0;0.0;0.1729;0.1729;0.1729;0.1729;0.1729;0.0;43
ablation_ceval_any_intersection;adversarial_wrong_year;Adversarial – bonne structure mais mauvaise année;adversarial;1;0;0.0;0.0;;;0;0;0;0.0;0.0;0.0;1.0;0.0;0.0;0.163;0.163;0.163;0.163;0.163;0.0;43
baseline_random_matched;adversarial_wrong_year;Adversarial – bonne structure mais mauvaise année;adversarial;1;0;0.0;0.0;;;0;0;0;0.0;0.0;0.0;0.0;0.0;0.0;0.0029;0.0029;0.0029;0.0029;0.0029;0.0;43
mcad;adversarial_invalid_no_measures;Adversarial – requête invalide sans mesure;adversarial;1;0;0.0;0.0;;;0;0;0;0.0;0.0;0.0;1.0;0.0;0.0;0.0755;0.0755;0.0755;0.0755;0.0755;0.0;43
baseline_naive;adversarial_invalid_no_measures;Adversarial – requête invalide sans mesure;adversarial;1;1;0.0;0.0;;;1;0;1;1.0;0.0;1.0;0.0;0.0;0.0;0.0009;0.0009;0.0009;0.0009;0.0009;0.0;43
baseline_measure_overlap;adversarial_invalid_no_measures;Adversarial – requête invalide sans mesure;adversarial;1;0;0.0;0.0;;;0;0;0;0.0;0.0;0.0;0.0;0.0;0.0;0.0133;0.0133;0.0133;0.0133;0.0133;0.0;43
ablation_no_sat;adversarial_invalid_no_measures;Adversarial – requête invalide sans mesure;adversarial;1;0;0.0;0.0;;;0;0;0;0.0;0.0;0.0;1.0;0.0;0.0;0.1607;0.1607;0.1607;0.1607;0.1607;0.0;43
ablation_no_real;adversarial_invalid_no_measures;Adversarial – requête invalide sans mesure;adversarial;1;0;0.0;0.0;;;0;0;0;0.0;0.0;0.0;1.0;0.0;0.0;0.0875;0.0875;0.0875;0.0875;0.0875;0.0;43
ablation_ceval_any_intersection;adversarial_invalid_no_measures;Adversarial – requête invalide sans mesure;adversarial;1;0;0.0;0.0;;;0;0;0;0.0;0.0;0.0;1.0;0.0;0.0;0.0738;0.0738;0.0738;0.0738;0.0738;0.0;43
baseline_random_matched;adversarial_invalid_no_measures;Adversarial – requête invalide sans mesure;adversarial;1;0;0.0;0.0;;;0;0;0;0.0;0.0;0.0;0.0;0.0;0.0;0.0028;0.0028;0.0028;0.0028;0.0028;0.0;43
mcad;stress_exploratory_then_useful;Stress – bruit exploratoire avant requête utile;stress;3;1;0.333333;0.111111;;;0;0;0;0.0;0.0;0.0;0.666667;0.0;0.0;0.2034;0.2015;0.24938;0.253636;0.2015;0.20435;43
baseline_naive;stress_exploratory_then_useful;Stress – bruit exploratoire avant requête utile;stress;3;3;0.333333;0.111111;;;2;0;2;0.666667;0.0;0.666667;0.0;0.0;0.0;0.000567;0.0005;0.00086;0.000892;0.0009;0.0004;43
baseline_measure_overlap;stress_exploratory_then_useful;Stress – bruit exploratoire avant requête utile;stress;3;3;0.333333;0.111111;;;2;0;2;0.666667;0.0;0.666667;0.0;0.0;0.0;0.007433;0.005;0.01229;0.012938;0.0131;0.0046;43
ablation_no_sat;stress_exploratory_then_useful;Stress – bruit exploratoire avant requête utile;stress;3;1;0.333333;0.111111;;;0;0;0;0.0;0.0;0.0;0.666667;0.0;0.0;0.3705;0.3893;0.43754;0.441828;0.3893;0.3611;43
ablation_no_real;stress_exploratory_then_useful;Stress – bruit exploratoire avant requête utile;stress;3;1;0.333333;0.111111;;;0;0;0;0.0;0.0;0.0;0.666667;0.0;0.0;0.214167;0.2085;0.2787;0.28494;0.2085;0.217;43
ablation_ceval_any_intersection;stress_exploratory_then_useful;Stress – bruit exploratoire avant requête utile;stress;3;1;0.333333;0.111111;;;0;0;0;0.0;0.0;0.0;0.666667;0.0;0.0;0.2051;0.2121;0.25575;0.25963;0.2121;0.2016;43
baseline_random_matched;stress_exploratory_then_useful;Stress – bruit exploratoire avant requête utile;stress;3;1;0.0;0.0;;;1;1;1;0.333333;0.333333;1.0;0.0;0.0;0.0;0.001767;0.0007;0.00376;0.004032;0.0041;0.0006;43
mcad;happy_guided_article_short;Happy – parcours guidé article (c1 → c2 → c3);happy;3;3;1.0;0.666667;3;3;0;0;0;0.0;0.0;0.0;0.0;0.0;0.0;0.285733;0.2831;0.32576;0.329552;0.2831;0.28705;44
baseline_naive;happy_guided_article_short;Happy – parcours guidé article (c1 → c2 → c3);happy;3;3;1.0;0.666667;3;3;0;0;0;0.0;0.0;0.0;0.0;0.0;0.0;0.0008;0.0006;0.00123;0.001286;0.0013;0.00055;44
baseline_measure_overlap;happy_guided_article_short;Happy – parcours guidé article (c1 → c2 → c3);happy;3;3;1.0;0.666667;3;3;0;0;0;0.0;0.0;0.0;0.0;0.0;0.0;0.0078;0.0051;0.01329;0.014018;0.0142;0.0046;44
ablation_no_sat;happy_guided_article_short;Happy – parcours guidé article (c1 → c2 → c3);happy;3;3;1.0;0.666667;3;3;0;0;0;0.0;0.0;0.0;0.0;0.0;0.0;0.289267;0.2823;0.33648;0.341296;0.2823;0.29275;44
ablation_no_real;happy_guided_article_short;Happy – parcours guidé article (c1 → c2 → c3);happy;3;3;1.0;0.666667;3;3;0;0;0;0.0;0.0;0.0;0.0;0.0;0.0;0.330033;0.3021;0.42315;0.43391;0.3021;0.344;44
ablation_ceval_any_intersection;happy_guided_article_short;Happy – parcours guidé article (c1 → c2 → c3);happy;3;3;1.0;0.666667;3;3;0;0;0;0.0;0.0;0.0;0.0;0.0;0.0;0.2856;0.275;0.32387;0.328214;0.275;0.2909;44
baseline_random_matched;happy_guided_article_short;Happy – parcours guidé article (c1 → c2 → c3);happy;3;1;0.333333;0.333333;;;0;2;0;0.0;0.666667;0.0;0.0;0.0;0.0;0.001167;0.0006;0.00222;0.002364;0.0024;0.00055;44
mcad;happy_guided_reordered;Happy – même objectif mais ordre différent (c3 → c1 → c2);happy;3;3;1.0;0.666667;3;3;0;0;0;0.0;0.0;0.0;0.0;0.0;0.0;0.2859;0.2463;0.35358;0.363116;0.3655;0.2461;44
baseline_naive;happy_guided_reordered;Happy – même objectif mais ordre différent (c3 → c1 → c2);happy;3;3;1.0;0.666667;3;3;0;0;0;0.0;0.0;0.0;0.0;0.0;0.0;0.000567;0.0005;0.00086;0.000892;0.0009;0.0004;44
baseline_measure_overlap;happy_guided_reordered;Happy – même objectif mais ordre différent (c3 → c1 → c2);happy;3;3;1.0;0.666667;3;3;0;0;0;0.0;0.0;0.0;0.0;0.0;0.0;0.007533;0.0053;0.0125;0.01314;0.0133;0.00465;44
ablation_no_sat;happy_guided_reordered;Happy – même objectif mais ordre différent (c3 → c1 → c2);happy;3;3;1.0;0.666667;3;3;0;0;0;0.0;0.0;0.0;0.0;0.0;0.0;0.370933;0.3657;0.42699;0.432438;0.3657;0.37355;44
ablation_no_real;happy_guided_reordered;Happy – même objectif mais ordre différent (c3 → c1 → c2);happy;3;3;1.0;0.666667;3;3;0;0;0;0.0;0.0;0.0;0.0;0.0;0.0;0.596667;0.5785;0.72925;0.74265;0.746;0.522;44
ablation_ceval_any_intersection;happy_guided_reordered;Happy – même objectif mais ordre différent (c3 → c1 → c2);happy;3;3;1.0;0.666667;3;3;0;0;0;0.0;0.0;0.0;0.0;0.0;0.0;0.2901;0.2459;0.37262;0.383884;0.3867;0.2418;44
baseline_random_matched;happy_guided_reordered;Happy – même objectif mais ordre différent (c3 → c1 → c2);happy;3;3;1.0;0.666667;3;3;0;0;0;0.0;0.0;0.0;0.0;0.0;0.0;0.002167;0.001;0.00433;0.004626;0.0047;0.0009;44
mcad;happy_guided_compact;Happy – parcours compact guidé;happy;3;3;1.0;0.666667;3;3;0;0;0;0.0;0.0;0.0;0.0;0.0;0.0;0.516;0.5015;0.59663;0.605086;0.5015;0.52325;44
baseline_naive;happy_guided_compact;Happy – parcours compact guidé;happy;3;3;1.0;0.666667;3;3;0;0;0;0.0;0.0;0.0;0.0;0.0;0.0;0.001033;0.0007;0.00169;0.001778;0.0018;0.00065;44
baseline_measure_overlap;happy_guided_compact;Happy – parcours compact guidé;happy;3;3;1.0;0.666667;3;3;0;0;0;0.0;0.0;0.0;0.0;0.0;0.0;0.0147;0.0098;0.02492;0.026264;0.0266;0.00875;44
ablation_no_sat;happy_guided_compact;Happy – parcours compact guidé;happy;3;3;1.0;0.666667;3;3;0;0;0;0.0;0.0;0.0;0.0;0.0;0.0;1.108333;1.2301;1.37833;1.391506;1.2301;1.04745;44
ablation_no_real;happy_guided_compact;Happy – parcours compact guidé;happy;3;3;1.0;0.666667;3;3;0;0;0;0.0;0.0;0.0;0.0;0.0;0.0;0.2967;0.2995;0.33694;0.340268;0.2995;0.2953;44
ablation_ceval_any_intersection;happy_guided_compact;Happy – parcours compact guidé;happy;3;3;1.0;0.666667;3;3;0;0;0;0.0;0.0;0.0;0.0;0.0;0.0;0.287633;0.2826;0.32607;0.329934;0.2826;0.29015;44
baseline_random_matched;happy_guided_compact;Happy – parcours compact guidé;happy;3;2;0.666667;0.555556;;;0;1;0;0.0;0.333333;0.0;0.0;0.0;0.0;0.002267;0.0009;0.00477;0.005114;0.0052;0.0008;44
mcad;border_growth_partial_1998_only;Border – croissance partielle 1998 seulement;border;1;0;0.0;0.0;;;0;0;0;0.0;0.0;0.0;0.0;0.0;1.0;0.61;0.61;0.61;0.61;0.61;0.0;44
baseline_naive;border_growth_partial_1998_only;Border – croissance partielle 1998 seulement;border;1;1;0.0;0.0;;;1;0;1;1.0;0.0;1.0;0.0;0.0;0.0;0.0015;0.0015;0.0015;0.0015;0.0015;0.0;44
baseline_measure_overlap;border_growth_partial_1998_only;Border – croissance partielle 1998 seulement;border;1;1;0.0;0.0;;;1;0;1;1.0;0.0;1.0;0.0;0.0;0.0;0.0171;0.0171;0.0171;0.0171;0.0171;0.0;44
ablation_no_sat;border_growth_partial_1998_only;Border – croissance partielle 1998 seulement;border;1;0;0.0;0.0;;;0;0;0;0.0;0.0;0.0;0.0;0.0;1.0;0.3676;0.3676;0.3676;0.3676;0.3676;0.0;44
ablation_no_real;border_growth_partial_1998_only;Border – croissance partielle 1998 seulement;border;1;1;0.0;0.0;;;1;0;1;1.0;0.0;1.0;0.0;0.0;1.0;0.3495;0.3495;0.3495;0.3495;0.3495;0.0;44
ablation_ceval_any_intersection;border_growth_partial_1998_only;Border – croissance partielle 1998 seulement;border;1;1;0.0;0.0;;;1;0;1;1.0;0.0;1.0;0.0;0.0;0.0;0.3323;0.3323;0.3323;0.3323;0.3323;0.0;44
baseline_random_matched;border_growth_partial_1998_only;Border – croissance partielle 1998 seulement;border;1;1;0.0;0.0;;;1;0;1;1.0;0.0;1.0;0.0;0.0;0.0;0.003;0.003;0.003;0.003;0.003;0.0;44
mcad;border_margin_wrong_grain;Border – marge avec grain trop grossier;border;1;0;0.0;0.0;;;0;0;0;0.0;0.0;0.0;1.0;0.0;0.0;0.1976;0.1976;0.1976;0.1976;0.1976;0.0;44
baseline_naive;border_margin_wrong_grain;Border – marge avec grain trop grossier;border;1;1;0.0;0.0;;;1;0;1;1.0;0.0;1.0;0.0;0.0;0.0;0.001;0.001;0.001;0.001;0.001;0.0;44
baseline_measure_overlap;border_margin_wrong_grain;Border – marge avec grain trop grossier;border;1;1;0.0;0.0;;;1;0;1;1.0;0.0;1.0;0.0;0.0;0.0;0.0129;0.0129;0.0129;0.0129;0.0129;0.0;44
ablation_no_sat;border_margin_wrong_grain;Border – marge avec grain trop grossier;border;1;0;0.0;0.0;;;0;0;0;0.0;0.0;0.0;1.0;0.0;0.0;0.2587;0.2587;0.2587;0.2587;0.2587;0.0;44
ablation_no_real;border_margin_wrong_grain;Border – marge avec grain trop grossier;border;1;0;0.0;0.0;;;0;0;0;0.0;0.0;0.0;1.0;0.0;0.0;0.205;0.205;0.205;0.205;0.205;0.0;44
ablation_ceval_any_intersection;border_margin_wrong_grain;Border – marge avec grain trop grossier;border;1;0;0.0;0.0;;;0;0;0;0.0;0.0;0.0;1.0;0.0;0.0;0.2071;0.2071;0.2071;0.2071;0.2071;0.0;44
baseline_random_matched;border_margin_wrong_grain;Border – marge avec grain trop grossier;border;1;0;0.0;0.0;;;0;0;0;0.0;0.0;0.0;0.0;0.0;0.0;0.0038;0.0038;0.0038;0.0038;0.0038;0.0;44
mcad;border_stockout_missing_store;Border – rupture sans grain magasin;border;1;0;0.0;0.0;;;0;0;0;0.0;0.0;0.0;1.0;0.0;0.0;0.1969;0.1969;0.1969;0.1969;0.1969;0.0;44
baseline_naive;border_stockout_missing_store;Border – rupture sans grain magasin;border;1;1;0.0;0.0;;;1;0;1;1.0;0.0;1.0;0.0;0.0;0.0;0.001;0.001;0.001;0.001;0.001;0.0;44
baseline_measure_overlap;border_stockout_missing_store;Border – rupture sans grain magasin;border;1;1;0.0;0.0;;;1;0;1;1.0;0.0;1.0;0.0;0.0;0.0;0.0143;0.0143;0.0143;0.0143;0.0143;0.0;44
ablation_no_sat;border_stockout_missing_store;Border – rupture sans grain magasin;border;1;0;0.0;0.0;;;0;0;0;0.0;0.0;0.0;1.0;0.0;0.0;0.2565;0.2565;0.2565;0.2565;0.2565;0.0;44
ablation_no_real;border_stockout_missing_store;Border – rupture sans grain magasin;border;1;0;0.0;0.0;;;0;0;0;0.0;0.0;0.0;1.0;0.0;0.0;0.2126;0.2126;0.2126;0.2126;0.2126;0.0;44
ablation_ceval_any_intersection;border_stockout_missing_store;Border – rupture sans grain magasin;border;1;0;0.0;0.0;;;0;0;0;0.0;0.0;0.0;1.0;0.0;0.0;0.1934;0.1934;0.1934;0.1934;0.1934;0.0;44
baseline_random_matched;border_stockout_missing_store;Border – rupture sans grain magasin;border;1;1;0.0;0.0;;;1;0;1;1.0;0.0;1.0;0.0;0.0;0.0;0.0035;0.0035;0.0035;0.0035;0.0035;0.0;44
mcad;adversarial_wrong_region;Adversarial – bonne mesure mais mauvaise région;adversarial;1;0;0.0;0.0;;;0;0;0;0.0;0.0;0.0;1.0;0.0;0.0;0.1746;0.1746;0.1746;0.1746;0.1746;0.0;44
baseline_naive;adversarial_wrong_region;Adversarial – bonne mesure mais mauvaise région;adversarial;1;1;0.0;0.0;;;1;0;1;1.0;0.0;1.0;0.0;0.0;0.0;0.001;0.001;0.001;0.001;0.001;0.0;44
baseline_measure_overlap;adversarial_wrong_region;Adversarial – bonne mesure mais mauvaise région;adversarial;1;1;0.0;0.0;;;1;0;1;1.0;0.0;1.0;0.0;0.0;0.0;0.0148;0.0148;0.0148;0.0148;0.0148;0.0;44
ablation_no_sat;adversarial_wrong_region;Adversarial – bonne mesure mais mauvaise région;adversarial;1;0;0.0;0.0;;;0;0;0;0.0;0.0;0.0;1.0;0.0;0.0;0.2128;0.2128;0.2128;0.2128;0.2128;0.0;44
ablation_no_real;adversarial_wrong_region;Adversarial – bonne mesure mais mauvaise région;adversarial;1;0;0.0;0.0;;;0;0;0;0.0;0.0;0.0;1.0;0.0;0.0;0.1788;0.1788;0.1788;0.1788;0.1788;0.0;44
ablation_ceval_any_intersection;adversarial_wrong_region;Adversarial – bonne mesure mais mauvaise région;adversarial;1;0;0.0;0.0;;;0;0;0;0.0;0.0;0.0;1.0;0.0;0.0;0.1671;0.1671;0.1671;0.1671;0.1671;0.0;44
baseline_random_matched;adversarial_wrong_region;Adversarial – bonne mesure mais mauvaise région;adversarial;1;1;0.0;0.0;;;1;0;1;1.0;0.0;1.0;0.0;0.0;0.0;0.0028;0.0028;0.0028;0.0028;0.0028;0.0;44
mcad;adversarial_wrong_year;Adversarial – bonne structure mais mauvaise année;adversarial;1;0;0.0;0.0;;;0;0;0;0.0;0.0;0.0;1.0;0.0;0.0;0.2816;0.2816;0.2816;0.2816;0.2816;0.0;44
baseline_naive;adversarial_wrong_year;Adversarial – bonne structure mais mauvaise année;adversarial;1;1;0.0;0.0;;;1;0;1;1.0;0.0;1.0;0.0;0.0;0.0;0.0009;0.0009;0.0009;0.0009;0.0009;0.0;44
baseline_measure_overlap;adversarial_wrong_year;Adversarial – bonne structure mais mauvaise année;adversarial;1;1;0.0;0.0;;;1;0;1;1.0;0.0;1.0;0.0;0.0;0.0;0.0135;0.0135;0.0135;0.0135;0.0135;0.0;44
ablation_no_sat;adversarial_wrong_year;Adversarial – bonne structure mais mauvaise année;adversarial;1;0;0.0;0.0;;;0;0;0;0.0;0.0;0.0;1.0;0.0;0.0;0.1898;0.1898;0.1898;0.1898;0.1898;0.0;44
ablation_no_real;adversarial_wrong_year;Adversarial – bonne structure mais mauvaise année;adversarial;1;0;0.0;0.0;;;0;0;0;0.0;0.0;0.0;1.0;0.0;0.0;0.172;0.172;0.172;0.172;0.172;0.0;44
ablation_ceval_any_intersection;adversarial_wrong_year;Adversarial – bonne structure mais mauvaise année;adversarial;1;0;0.0;0.0;;;0;0;0;0.0;0.0;0.0;1.0;0.0;0.0;0.1634;0.1634;0.1634;0.1634;0.1634;0.0;44
baseline_random_matched;adversarial_wrong_year;Adversarial – bonne structure mais mauvaise année;adversarial;1;1;0.0;0.0;;;1;0;1;1.0;0.0;1.0;0.0;0.0;0.0;0.0027;0.0027;0.0027;0.0027;0.0027;0.0;44
mcad;adversarial_invalid_no_measures;Adversarial – requête invalide sans mesure;adversarial;1;0;0.0;0.0;;;0;0;0;0.0;0.0;0.0;1.0;0.0;0.0;0.1351;0.1351;0.1351;0.1351;0.1351;0.0;44
baseline_naive;adversarial_invalid_no_measures;Adversarial – requête invalide sans mesure;adversarial;1;1;0.0;0.0;;;1;0;1;1.0;0.0;1.0;0.0;0.0;0.0;0.001;0.001;0.001;0.001;0.001;0.0;44
baseline_measure_overlap;adversarial_invalid_no_measures;Adversarial – requête invalide sans mesure;adversarial;1;0;0.0;0.0;;;0;0;0;0.0;0.0;0.0;0.0;0.0;0.0;0.0122;0.0122;0.0122;0.0122;0.0122;0.0;44
ablation_no_sat;adversarial_invalid_no_measures;Adversarial – requête invalide sans mesure;adversarial;1;0;0.0;0.0;;;0;0;0;0.0;0.0;0.0;1.0;0.0;0.0;0.0861;0.0861;0.0861;0.0861;0.0861;0.0;44
ablation_no_real;adversarial_invalid_no_measures;Adversarial – requête invalide sans mesure;adversarial;1;0;0.0;0.0;;;0;0;0;0.0;0.0;0.0;1.0;0.0;0.0;0.0779;0.0779;0.0779;0.0779;0.0779;0.0;44
ablation_ceval_any_intersection;adversarial_invalid_no_measures;Adversarial – requête invalide sans mesure;adversarial;1;0;0.0;0.0;;;0;0;0;0.0;0.0;0.0;1.0;0.0;0.0;0.0708;0.0708;0.0708;0.0708;0.0708;0.0;44
baseline_random_matched;adversarial_invalid_no_measures;Adversarial – requête invalide sans mesure;adversarial;1;1;0.0;0.0;;;1;0;1;1.0;0.0;1.0;0.0;0.0;0.0;0.003;0.003;0.003;0.003;0.003;0.0;44
mcad;stress_exploratory_then_useful;Stress – bruit exploratoire avant requête utile;stress;3;1;0.333333;0.111111;;;0;0;0;0.0;0.0;0.0;0.666667;0.0;0.0;0.346833;0.3432;0.41655;0.42307;0.3432;0.34865;44
baseline_naive;stress_exploratory_then_useful;Stress – bruit exploratoire avant requête utile;stress;3;3;0.333333;0.111111;;;2;0;2;0.666667;0.0;0.666667;0.0;0.0;0.0;0.0006;0.0005;0.00095;0.00099;0.001;0.0004;44
baseline_measure_overlap;stress_exploratory_then_useful;Stress – bruit exploratoire avant requête utile;stress;3;3;0.333333;0.111111;;;2;0;2;0.666667;0.0;0.666667;0.0;0.0;0.0;0.007467;0.0054;0.01206;0.012652;0.0128;0.0048;44
ablation_no_sat;stress_exploratory_then_useful;Stress – bruit exploratoire avant requête utile;stress;3;1;0.333333;0.111111;;;0;0;0;0.0;0.0;0.0;0.666667;0.0;0.0;0.219733;0.2446;0.24487;0.244894;0.2449;0.20715;44
ablation_no_real;stress_exploratory_then_useful;Stress – bruit exploratoire avant requête utile;stress;3;1;0.333333;0.111111;;;0;0;0;0.0;0.0;0.0;0.666667;0.0;0.0;0.204667;0.2009;0.2585;0.26362;0.2009;0.20655;44
ablation_ceval_any_intersection;stress_exploratory_then_useful;Stress – bruit exploratoire avant requête utile;stress;3;1;0.333333;0.111111;;;0;0;0;0.0;0.0;0.0;0.666667;0.0;0.0;0.192967;0.1931;0.23891;0.242982;0.1931;0.1929;44
baseline_random_matched;stress_exploratory_then_useful;Stress – bruit exploratoire avant requête utile;stress;3;2;0.0;0.0;;;2;1;2;0.666667;0.333333;1.0;0.0;0.0;0.0;0.001233;0.0007;0.00241;0.002562;0.0026;0.00055;44
mcad;happy_guided_article_short;Happy – parcours guidé article (c1 → c2 → c3);happy;3;3;1.0;0.666667;3;3;0;0;0;0.0;0.0;0.0;0.0;0.0;0.0;0.29;0.2799;0.32931;0.333702;0.2799;0.29505;45
baseline_naive;happy_guided_article_short;Happy – parcours guidé article (c1 → c2 → c3);happy;3;3;1.0;0.666667;3;3;0;0;0;0.0;0.0;0.0;0.0;0.0;0.0;0.000567;0.0005;0.00086;0.000892;0.0009;0.0004;45
baseline_measure_overlap;happy_guided_article_short;Happy – parcours guidé article (c1 → c2 → c3);happy;3;3;1.0;0.666667;3;3;0;0;0;0.0;0.0;0.0;0.0;0.0;0.0;0.007467;0.0051;0.01212;0.012744;0.0129;0.00475;45
ablation_no_sat;happy_guided_article_short;Happy – parcours guidé article (c1 → c2 → c3);happy;3;3;1.0;0.666667;3;3;0;0;0;0.0;0.0;0.0;0.0;0.0;0.0;0.2985;0.3079;0.33013;0.332106;0.3079;0.2938;45
ablation_no_real;happy_guided_article_short;Happy – parcours guidé article (c1 → c2 → c3);happy;3;3;1.0;0.666667;3;3;0;0;0;0.0;0.0;0.0;0.0;0.0;0.0;0.3091;0.2875;0.34933;0.354826;0.2836;0.32185;45
ablation_ceval_any_intersection;happy_guided_article_short;Happy – parcours guidé article (c1 → c2 → c3);happy;3;3;1.0;0.666667;3;3;0;0;0;0.0;0.0;0.0;0.0;0.0;0.0;0.284233;0.2716;0.3337;0.33922;0.2716;0.29055;45
baseline_random_matched;happy_guided_article_short;Happy – parcours guidé article (c1 → c2 → c3);happy;3;3;1.0;0.666667;3;3;0;0;0;0.0;0.0;0.0;0.0;0.0;0.0;0.0012;0.0007;0.00223;0.002366;0.0024;0.0006;45
mcad;happy_guided_reordered;Happy – même objectif mais ordre différent (c3 → c1 → c2);happy;3;3;1.0;0.666667;3;3;0;0;0;0.0;0.0;0.0;0.0;0.0;0.0;0.3276;0.2589;0.45078;0.467836;0.4721;0.25535;45
baseline_naive;happy_guided_reordered;Happy – même objectif mais ordre différent (c3 → c1 → c2);happy;3;3;1.0;0.666667;3;3;0;0;0;0.0;0.0;0.0;0.0;0.0;0.0;0.000867;0.0007;0.00124;0.001288;0.0013;0.00065;45
baseline_measure_overlap;happy_guided_reordered;Happy – même objectif mais ordre différent (c3 → c1 → c2);happy;3;3;1.0;0.666667;3;3;0;0;0;0.0;0.0;0.0;0.0;0.0;0.0;0.007367;0.0053;0.01187;0.012454;0.0126;0.00475;45
ablation_no_sat;happy_guided_reordered;Happy – même objectif mais ordre différent (c3 → c1 → c2);happy;3;3;1.0;0.666667;3;3;0;0;0;0.0;0.0;0.0;0.0;0.0;0.0;0.285967;0.2565;0.35064;0.359008;0.3611;0.2484;45
ablation_no_real;happy_guided_reordered;Happy – même objectif mais ordre différent (c3 → c1 → c2);happy;3;3;1.0;0.666667;3;3;0;0;0;0.0;0.0;0.0;0.0;0.0;0.0;0.300733;0.2738;0.3584;0.36592;0.3678;0.2672;45
ablation_ceval_any_intersection;happy_guided_reordered;Happy – même objectif mais ordre différent (c3 → c1 → c2);happy;3;3;1.0;0.666667;3;3;0;0;0;0.0;0.0;0.0;0.0;0.0;0.0;0.284667;0.2476;0.3511;0.3603;0.3626;0.2457;45
baseline_random_matched;happy_guided_reordered;Happy – même objectif mais ordre différent (c3 → c1 → c2);happy;3;3;1.0;0.666667;3;3;0;0;0;0.0;0.0;0.0;0.0;0.0;0.0;0.0012;0.0007;0.00223;0.002366;0.0024;0.0006;45
mcad;happy_guided_compact;Happy – parcours compact guidé;happy;3;3;1.0;0.666667;3;3;0;0;0;0.0;0.0;0.0;0.0;0.0;0.0;0.294467;0.3054;0.33105;0.33333;0.3054;0.289;45
baseline_naive;happy_guided_compact;Happy – parcours compact guidé;happy;3;3;1.0;0.666667;3;3;0;0;0;0.0;0.0;0.0;0.0;0.0;0.0;0.000833;0.0008;0.00116;0.001192;0.0012;0.00065;45
baseline_measure_overlap;happy_guided_compact;Happy – parcours compact guidé;happy;3;3;1.0;0.666667;3;3;0;0;0;0.0;0.0;0.0;0.0;0.0;0.0;0.0078;0.0054;0.01305;0.01373;0.0139;0.00475;45
ablation_no_sat;happy_guided_compact;Happy – parcours compact guidé;happy;3;3;1.0;0.666667;3;3;0;0;0;0.0;0.0;0.0;0.0;0.0;0.0;0.2905;0.2797;0.3337;0.3385;0.2797;0.2959;45
ablation_no_real;happy_guided_compact;Happy – parcours compact guidé;happy;3;3;1.0;0.666667;3;3;0;0;0;0.0;0.0;0.0;0.0;0.0;0.0;0.2946;0.2877;0.33648;0.340816;0.2877;0.29805;45
ablation_ceval_any_intersection;happy_guided_compact;Happy – parcours compact guidé;happy;3;3;1.0;0.666667;3;3;0;0;0;0.0;0.0;0.0;0.0;0.0;0.0;0.291767;0.2907;0.33174;0.335388;0.2907;0.2923;45
baseline_random_matched;happy_guided_compact;Happy – parcours compact guidé;happy;3;2;0.666667;0.555556;;;0;1;0;0.0;0.333333;0.0;0.0;0.0;0.0;0.0023;0.0011;0.0047;0.00502;0.0051;0.0009;45
mcad;border_growth_partial_1998_only;Border – croissance partielle 1998 seulement;border;1;0;0.0;0.0;;;0;0;0;0.0;0.0;0.0;0.0;0.0;1.0;0.3541;0.3541;0.3541;0.3541;0.3541;0.0;45
baseline_naive;border_growth_partial_1998_only;Border – croissance partielle 1998 seulement;border;1;1;0.0;0.0;;;1;0;1;1.0;0.0;1.0;0.0;0.0;0.0;0.0009;0.0009;0.0009;0.0009;0.0009;0.0;45
baseline_measure_overlap;border_growth_partial_1998_only;Border – croissance partielle 1998 seulement;border;1;1;0.0;0.0;;;1;0;1;1.0;0.0;1.0;0.0;0.0;0.0;0.0133;0.0133;0.0133;0.0133;0.0133;0.0;45
ablation_no_sat;border_growth_partial_1998_only;Border – croissance partielle 1998 seulement;border;1;0;0.0;0.0;;;0;0;0;0.0;0.0;0.0;0.0;0.0;1.0;0.3386;0.3386;0.3386;0.3386;0.3386;0.0;45
ablation_no_real;border_growth_partial_1998_only;Border – croissance partielle 1998 seulement;border;1;1;0.0;0.0;;;1;0;1;1.0;0.0;1.0;0.0;0.0;1.0;0.3445;0.3445;0.3445;0.3445;0.3445;0.0;45
ablation_ceval_any_intersection;border_growth_partial_1998_only;Border – croissance partielle 1998 seulement;border;1;1;0.0;0.0;;;1;0;1;1.0;0.0;1.0;0.0;0.0;0.0;0.3609;0.3609;0.3609;0.3609;0.3609;0.0;45
baseline_random_matched;border_growth_partial_1998_only;Border – croissance partielle 1998 seulement;border;1;1;0.0;0.0;;;1;0;1;1.0;0.0;1.0;0.0;0.0;0.0;0.0024;0.0024;0.0024;0.0024;0.0024;0.0;45
mcad;border_margin_wrong_grain;Border – marge avec grain trop grossier;border;1;0;0.0;0.0;;;0;0;0;0.0;0.0;0.0;1.0;0.0;0.0;0.3362;0.3362;0.3362;0.3362;0.3362;0.0;45
baseline_naive;border_margin_wrong_grain;Border – marge avec grain trop grossier;border;1;1;0.0;0.0;;;1;0;1;1.0;0.0;1.0;0.0;0.0;0.0;0.0009;0.0009;0.0009;0.0009;0.0009;0.0;45
baseline_measure_overlap;border_margin_wrong_grain;Border – marge avec grain trop grossier;border;1;1;0.0;0.0;;;1;0;1;1.0;0.0;1.0;0.0;0.0;0.0;0.0132;0.0132;0.0132;0.0132;0.0132;0.0;45
ablation_no_sat;border_margin_wrong_grain;Border – marge avec grain trop grossier;border;1;0;0.0;0.0;;;0;0;0;0.0;0.0;0.0;1.0;0.0;0.0;0.2587;0.2587;0.2587;0.2587;0.2587;0.0;45
ablation_no_real;border_margin_wrong_grain;Border – marge avec grain trop grossier;border;1;0;0.0;0.0;;;0;0;0;0.0;0.0;0.0;1.0;0.0;0.0;0.2038;0.2038;0.2038;0.2038;0.2038;0.0;45
ablation_ceval_any_intersection;border_margin_wrong_grain;Border – marge avec grain trop grossier;border;1;0;0.0;0.0;;;0;0;0;0.0;0.0;0.0;1.0;0.0;0.0;0.1955;0.1955;0.1955;0.1955;0.1955;0.0;45
baseline_random_matched;border_margin_wrong_grain;Border – marge avec grain trop grossier;border;1;1;0.0;0.0;;;1;0;1;1.0;0.0;1.0;0.0;0.0;0.0;0.0025;0.0025;0.0025;0.0025;0.0025;0.0;45
mcad;border_stockout_missing_store;Border – rupture sans grain magasin;border;1;0;0.0;0.0;;;0;0;0;0.0;0.0;0.0;1.0;0.0;0.0;0.3263;0.3263;0.3263;0.3263;0.3263;0.0;45
baseline_naive;border_stockout_missing_store;Border – rupture sans grain magasin;border;1;1;0.0;0.0;;;1;0;1;1.0;0.0;1.0;0.0;0.0;0.0;0.0009;0.0009;0.0009;0.0009;0.0009;0.0;45
baseline_measure_overlap;border_stockout_missing_store;Border – rupture sans grain magasin;border;1;1;0.0;0.0;;;1;0;1;1.0;0.0;1.0;0.0;0.0;0.0;0.0133;0.0133;0.0133;0.0133;0.0133;0.0;45
ablation_no_sat;border_stockout_missing_store;Border – rupture sans grain magasin;border;1;0;0.0;0.0;;;0;0;0;0.0;0.0;0.0;1.0;0.0;0.0;0.2559;0.2559;0.2559;0.2559;0.2559;0.0;45
ablation_no_real;border_stockout_missing_store;Border – rupture sans grain magasin;border;1;0;0.0;0.0;;;0;0;0;0.0;0.0;0.0;1.0;0.0;0.0;0.2101;0.2101;0.2101;0.2101;0.2101;0.0;45
ablation_ceval_any_intersection;border_stockout_missing_store;Border – rupture sans grain magasin;border;1;0;0.0;0.0;;;0;0;0;0.0;0.0;0.0;1.0;0.0;0.0;0.1925;0.1925;0.1925;0.1925;0.1925;0.0;45
baseline_random_matched;border_stockout_missing_store;Border – rupture sans grain magasin;border;1;0;0.0;0.0;;;0;0;0;0.0;0.0;0.0;0.0;0.0;0.0;0.0025;0.0025;0.0025;0.0025;0.0025;0.0;45
mcad;adversarial_wrong_region;Adversarial – bonne mesure mais mauvaise région;adversarial;1;0;0.0;0.0;;;0;0;0;0.0;0.0;0.0;1.0;0.0;0.0;0.2868;0.2868;0.2868;0.2868;0.2868;0.0;45
baseline_naive;adversarial_wrong_region;Adversarial – bonne mesure mais mauvaise région;adversarial;1;1;0.0;0.0;;;1;0;1;1.0;0.0;1.0;0.0;0.0;0.0;0.0012;0.0012;0.0012;0.0012;0.0012;0.0;45
baseline_measure_overlap;adversarial_wrong_region;Adversarial – bonne mesure mais mauvaise région;adversarial;1;1;0.0;0.0;;;1;0;1;1.0;0.0;1.0;0.0;0.0;0.0;0.0128;0.0128;0.0128;0.0128;0.0128;0.0;45
ablation_no_sat;adversarial_wrong_region;Adversarial – bonne mesure mais mauvaise région;adversarial;1;0;0.0;0.0;;;0;0;0;0.0;0.0;0.0;1.0;0.0;0.0;0.2065;0.2065;0.2065;0.2065;0.2065;0.0;45
ablation_no_real;adversarial_wrong_region;Adversarial – bonne mesure mais mauvaise région;adversarial;1;0;0.0;0.0;;;0;0;0;0.0;0.0;0.0;1.0;0.0;0.0;0.1773;0.1773;0.1773;0.1773;0.1773;0.0;45
ablation_ceval_any_intersection;adversarial_wrong_region;Adversarial – bonne mesure mais mauvaise région;adversarial;1;0;0.0;0.0;;;0;0;0;0.0;0.0;0.0;1.0;0.0;0.0;0.1951;0.1951;0.1951;0.1951;0.1951;0.0;45
baseline_random_matched;adversarial_wrong_region;Adversarial – bonne mesure mais mauvaise région;adversarial;1;1;0.0;0.0;;;1;0;1;1.0;0.0;1.0;0.0;0.0;0.0;0.0027;0.0027;0.0027;0.0027;0.0027;0.0;45
mcad;adversarial_wrong_year;Adversarial – bonne structure mais mauvaise année;adversarial;1;0;0.0;0.0;;;0;0;0;0.0;0.0;0.0;1.0;0.0;0.0;0.1652;0.1652;0.1652;0.1652;0.1652;0.0;45
baseline_naive;adversarial_wrong_year;Adversarial – bonne structure mais mauvaise année;adversarial;1;1;0.0;0.0;;;1;0;1;1.0;0.0;1.0;0.0;0.0;0.0;0.0014;0.0014;0.0014;0.0014;0.0014;0.0;45
baseline_measure_overlap;adversarial_wrong_year;Adversarial – bonne structure mais mauvaise année;adversarial;1;1;0.0;0.0;;;1;0;1;1.0;0.0;1.0;0.0;0.0;0.0;0.0137;0.0137;0.0137;0.0137;0.0137;0.0;45
ablation_no_sat;adversarial_wrong_year;Adversarial – bonne structure mais mauvaise année;adversarial;1;0;0.0;0.0;;;0;0;0;0.0;0.0;0.0;1.0;0.0;0.0;0.3378;0.3378;0.3378;0.3378;0.3378;0.0;45
ablation_no_real;adversarial_wrong_year;Adversarial – bonne structure mais mauvaise année;adversarial;1;0;0.0;0.0;;;0;0;0;0.0;0.0;0.0;1.0;0.0;0.0;0.1767;0.1767;0.1767;0.1767;0.1767;0.0;45
ablation_ceval_any_intersection;adversarial_wrong_year;Adversarial – bonne structure mais mauvaise année;adversarial;1;0;0.0;0.0;;;0;0;0;0.0;0.0;0.0;1.0;0.0;0.0;0.1652;0.1652;0.1652;0.1652;0.1652;0.0;45
baseline_random_matched;adversarial_wrong_year;Adversarial – bonne structure mais mauvaise année;adversarial;1;0;0.0;0.0;;;0;0;0;0.0;0.0;0.0;0.0;0.0;0.0;0.0036;0.0036;0.0036;0.0036;0.0036;0.0;45
mcad;adversarial_invalid_no_measures;Adversarial – requête invalide sans mesure;adversarial;1;0;0.0;0.0;;;0;0;0;0.0;0.0;0.0;1.0;0.0;0.0;0.0718;0.0718;0.0718;0.0718;0.0718;0.0;45
baseline_naive;adversarial_invalid_no_measures;Adversarial – requête invalide sans mesure;adversarial;1;1;0.0;0.0;;;1;0;1;1.0;0.0;1.0;0.0;0.0;0.0;0.0014;0.0014;0.0014;0.0014;0.0014;0.0;45
baseline_measure_overlap;adversarial_invalid_no_measures;Adversarial – requête invalide sans mesure;adversarial;1;0;0.0;0.0;;;0;0;0;0.0;0.0;0.0;0.0;0.0;0.0;0.0131;0.0131;0.0131;0.0131;0.0131;0.0;45
ablation_no_sat;adversarial_invalid_no_measures;Adversarial – requête invalide sans mesure;adversarial;1;0;0.0;0.0;;;0;0;0;0.0;0.0;0.0;1.0;0.0;0.0;0.0883;0.0883;0.0883;0.0883;0.0883;0.0;45
ablation_no_real;adversarial_invalid_no_measures;Adversarial – requête invalide sans mesure;adversarial;1;0;0.0;0.0;;;0;0;0;0.0;0.0;0.0;1.0;0.0;0.0;0.0788;0.0788;0.0788;0.0788;0.0788;0.0;45
ablation_ceval_any_intersection;adversarial_invalid_no_measures;Adversarial – requête invalide sans mesure;adversarial;1;0;0.0;0.0;;;0;0;0;0.0;0.0;0.0;1.0;0.0;0.0;0.0891;0.0891;0.0891;0.0891;0.0891;0.0;45
baseline_random_matched;adversarial_invalid_no_measures;Adversarial – requête invalide sans mesure;adversarial;1;1;0.0;0.0;;;1;0;1;1.0;0.0;1.0;0.0;0.0;0.0;0.0027;0.0027;0.0027;0.0027;0.0027;0.0;45
mcad;stress_exploratory_then_useful;Stress – bruit exploratoire avant requête utile;stress;3;1;0.333333;0.111111;;;0;0;0;0.0;0.0;0.0;0.666667;0.0;0.0;0.2692;0.2095;0.4066;0.42412;0.2095;0.29905;45
baseline_naive;stress_exploratory_then_useful;Stress – bruit exploratoire avant requête utile;stress;3;3;0.333333;0.111111;;;2;0;2;0.666667;0.0;0.666667;0.0;0.0;0.0;0.0008;0.0006;0.00123;0.001286;0.0013;0.00055;45
baseline_measure_overlap;stress_exploratory_then_useful;Stress – bruit exploratoire avant requête utile;stress;3;3;0.333333;0.111111;;;2;0;2;0.666667;0.0;0.666667;0.0;0.0;0.0;0.008233;0.0053;0.01403;0.014806;0.015;0.00485;45
ablation_no_sat;stress_exploratory_then_useful;Stress – bruit exploratoire avant requête utile;stress;3;1;0.333333;0.111111;;;0;0;0;0.0;0.0;0.0;0.666667;0.0;0.0;0.218133;0.2381;0.24539;0.246038;0.2381;0.20815;45
ablation_no_real;stress_exploratory_then_useful;Stress – bruit exploratoire avant requête utile;stress;3;1;0.333333;0.111111;;;0;0;0;0.0;0.0;0.0;0.666667;0.0;0.0;0.205433;0.214;0.25072;0.253984;0.214;0.20115;45
ablation_ceval_any_intersection;stress_exploratory_then_useful;Stress – bruit exploratoire avant requête utile;stress;3;1;0.333333;0.111111;;;0;0;0;0.0;0.0;0.0;0.666667;0.0;0.0;0.198867;0.1953;0.24372;0.248024;0.1953;0.20065;45
baseline_random_matched;stress_exploratory_then_useful;Stress – bruit exploratoire avant requête utile;stress;3;1;0.0;0.0;;;1;1;1;0.333333;0.333333;1.0;0.0;0.0;0.0;0.0012;0.0006;0.00231;0.002462;0.0025;0.00055;45
mcad;happy_guided_article_short;Happy – parcours guidé article (c1 → c2 → c3);happy;3;3;1.0;0.666667;3;3;0;0;0;0.0;0.0;0.0;0.0;0.0;0.0;0.2874;0.2791;0.32707;0.331334;0.2791;0.29155;46
baseline_naive;happy_guided_article_short;Happy – parcours guidé article (c1 → c2 → c3);happy;3;3;1.0;0.666667;3;3;0;0;0;0.0;0.0;0.0;0.0;0.0;0.0;0.000867;0.0007;0.00124;0.001288;0.0013;0.00065;46
baseline_measure_overlap;happy_guided_article_short;Happy – parcours guidé article (c1 → c2 → c3);happy;3;3;1.0;0.666667;3;3;0;0;0;0.0;0.0;0.0;0.0;0.0;0.0;0.0077;0.0056;0.01226;0.012852;0.013;0.00505;46
ablation_no_sat;happy_guided_article_short;Happy – parcours guidé article (c1 → c2 → c3);happy;3;3;1.0;0.666667;3;3;0;0;0;0.0;0.0;0.0;0.0;0.0;0.0;0.290267;0.281;0.33662;0.341564;0.281;0.2949;46
ablation_no_real;happy_guided_article_short;Happy – parcours guidé article (c1 → c2 → c3);happy;3;3;1.0;0.666667;3;3;0;0;0;0.0;0.0;0.0;0.0;0.0;0.0;0.290767;0.2847;0.33312;0.337424;0.2847;0.2938;46
ablation_ceval_any_intersection;happy_guided_article_short;Happy – parcours guidé article (c1 → c2 → c3);happy;3;3;1.0;0.666667;3;3;0;0;0;0.0;0.0;0.0;0.0;0.0;0.0;0.2851;0.2836;0.325;0.32868;0.2836;0.28585;46
baseline_random_matched;happy_guided_article_short;Happy – parcours guidé article (c1 → c2 → c3);happy;3;1;0.333333;0.111111;;;0;2;0;0.0;0.666667;0.0;0.0;0.0;0.0;0.001233;0.0007;0.00241;0.002562;0.0026;0.00055;46
mcad;happy_guided_reordered;Happy – même objectif mais ordre différent (c3 → c1 → c2);happy;3;3;1.0;0.666667;3;3;0;0;0;0.0;0.0;0.0;0.0;0.0;0.0;0.294767;0.2584;0.37072;0.380704;0.3832;0.25055;46
baseline_naive;happy_guided_reordered;Happy – même objectif mais ordre différent (c3 → c1 → c2);happy;3;3;1.0;0.666667;3;3;0;0;0;0.0;0.0;0.0;0.0;0.0;0.0;0.0008;0.0007;0.00115;0.00119;0.0012;0.0006;46
baseline_measure_overlap;happy_guided_reordered;Happy – même objectif mais ordre différent (c3 → c1 → c2);happy;3;3;1.0;0.666667;3;3;0;0;0;0.0;0.0;0.0;0.0;0.0;0.0;0.0077;0.005;0.01283;0.013526;0.0137;0.0047;46
ablation_no_sat;happy_guided_reordered;Happy – même objectif mais ordre différent (c3 → c1 → c2);happy;3;3;1.0;0.666667;3;3;0;0;0;0.0;0.0;0.0;0.0;0.0;0.0;0.288067;0.2501;0.36269;0.372698;0.3752;0.2445;46
ablation_no_real;happy_guided_reordered;Happy – même objectif mais ordre différent (c3 → c1 → c2);happy;3;3;1.0;0.666667;3;3;0;0;0;0.0;0.0;0.0;0.0;0.0;0.0;0.294067;0.2624;0.36266;0.371572;0.3738;0.2542;46
ablation_ceval_any_intersection;happy_guided_reordered;Happy – même objectif mais ordre différent (c3 → c1 → c2);happy;3;3;1.0;0.666667;3;3;0;0;0;0.0;0.0;0.0;0.0;0.0;0.0;0.2848;0.2551;0.35077;0.359274;0.3614;0.2465;46
baseline_random_matched;happy_guided_reordered;Happy – même objectif mais ordre différent (c3 → c1 → c2);happy;3;2;0.666667;0.444444;;;0;1;0;0.0;0.333333;0.0;0.0;0.0;0.0;0.001267;0.0006;0.0024;0.00256;0.0026;0.0006;46
mcad;happy_guided_compact;Happy – parcours compact guidé;happy;3;3;1.0;0.666667;3;3;0;0;0;0.0;0.0;0.0;0.0;0.0;0.0;0.286033;0.2757;0.32745;0.33205;0.2757;0.2912;46
baseline_naive;happy_guided_compact;Happy – parcours compact guidé;happy;3;3;1.0;0.666667;3;3;0;0;0;0.0;0.0;0.0;0.0;0.0;0.0;0.000567;0.0005;0.00077;0.000794;0.0008;0.00045;46
baseline_measure_overlap;happy_guided_compact;Happy – parcours compact guidé;happy;3;3;1.0;0.666667;3;3;0;0;0;0.0;0.0;0.0;0.0;0.0;0.0;0.0115;0.0082;0.01819;0.019078;0.0193;0.0076;46
ablation_no_sat;happy_guided_compact;Happy – parcours compact guidé;happy;3;3;1.0;0.666667;3;3;0;0;0;0.0;0.0;0.0;0.0;0.0;0.0;0.286367;0.2766;0.33555;0.34079;0.2766;0.29125;46
ablation_no_real;happy_guided_compact;Happy – parcours compact guidé;happy;3;3;1.0;0.666667;3;3;0;0;0;0.0;0.0;0.0;0.0;0.0;0.0;0.291933;0.2834;0.34064;0.345728;0.2834;0.2962;46
ablation_ceval_any_intersection;happy_guided_compact;Happy – parcours compact guidé;happy;3;3;1.0;0.666667;3;3;0;0;0;0.0;0.0;0.0;0.0;0.0;0.0;0.285967;0.2757;0.33717;0.342634;0.2757;0.2911;46
baseline_random_matched;happy_guided_compact;Happy – parcours compact guidé;happy;3;3;1.0;0.666667;3;3;0;0;0;0.0;0.0;0.0;0.0;0.0;0.0;0.001133;0.0007;0.00205;0.00217;0.0022;0.0006;46
mcad;border_growth_partial_1998_only;Border – croissance partielle 1998 seulement;border;1;0;0.0;0.0;;;0;0;0;0.0;0.0;0.0;0.0;0.0;1.0;0.339;0.339;0.339;0.339;0.339;0.0;46
baseline_naive;border_growth_partial_1998_only;Border – croissance partielle 1998 seulement;border;1;1;0.0;0.0;;;1;0;1;1.0;0.0;1.0;0.0;0.0;0.0;0.0009;0.0009;0.0009;0.0009;0.0009;0.0;46
baseline_measure_overlap;border_growth_partial_1998_only;Border – croissance partielle 1998 seulement;border;1;1;0.0;0.0;;;1;0;1;1.0;0.0;1.0;0.0;0.0;0.0;0.0177;0.0177;0.0177;0.0177;0.0177;0.0;46
ablation_no_sat;border_growth_partial_1998_only;Border – croissance partielle 1998 seulement;border;1;0;0.0;0.0;;;0;0;0;0.0;0.0;0.0;0.0;0.0;1.0;0.347;0.347;0.347;0.347;0.347;0.0;46
ablation_no_real;border_growth_partial_1998_only;Border – croissance partielle 1998 seulement;border;1;1;0.0;0.0;;;1;0;1;1.0;0.0;1.0;0.0;0.0;1.0;0.5245;0.5245;0.5245;0.5245;0.5245;0.0;46
ablation_ceval_any_intersection;border_growth_partial_1998_only;Border – croissance partielle 1998 seulement;border;1;1;0.0;0.0;;;1;0;1;1.0;0.0;1.0;0.0;0.0;0.0;0.3426;0.3426;0.3426;0.3426;0.3426;0.0;46
baseline_random_matched;border_growth_partial_1998_only;Border – croissance partielle 1998 seulement;border;1;0;0.0;0.0;;;0;0;0;0.0;0.0;0.0;0.0;0.0;0.0;0.0037;0.0037;0.0037;0.0037;0.0037;0.0;46
mcad;border_margin_wrong_grain;Border – marge avec grain trop grossier;border;1;0;0.0;0.0;;;0;0;0;0.0;0.0;0.0;1.0;0.0;0.0;0.3509;0.3509;0.3509;0.3509;0.3509;0.0;46
baseline_naive;border_margin_wrong_grain;Border – marge avec grain trop grossier;border;1;1;0.0;0.0;;;1;0;1;1.0;0.0;1.0;0.0;0.0;0.0;0.0011;0.0011;0.0011;0.0011;0.0011;0.0;46
baseline_measure_overlap;border_margin_wrong_grain;Border – marge avec grain trop grossier;border;1;1;0.0;0.0;;;1;0;1;1.0;0.0;1.0;0.0;0.0;0.0;0.014;0.014;0.014;0.014;0.014;0.0;46
ablation_no_sat;border_margin_wrong_grain;Border – marge avec grain trop grossier;border;1;0;0.0;0.0;;;0;0;0;0.0;0.0;0.0;1.0;0.0;0.0;0.2648;0.2648;0.2648;0.2648;0.2648;0.0;46
ablation_no_real;border_margin_wrong_grain;Border – marge avec grain trop grossier;border;1;0;0.0;0.0;;;0;0;0;0.0;0.0;0.0;1.0;0.0;0.0;0.2171;0.2171;0.2171;0.2171;0.2171;0.0;46
ablation_ceval_any_intersection;border_margin_wrong_grain;Border – marge avec grain trop grossier;border;1;0;0.0;0.0;;;0;0;0;0.0;0.0;0.0;1.0;0.0;0.0;0.1979;0.1979;0.1979;0.1979;0.1979;0.0;46
baseline_random_matched;border_margin_wrong_grain;Border – marge avec grain trop grossier;border;1;1;0.0;0.0;;;1;0;1;1.0;0.0;1.0;0.0;0.0;0.0;0.0027;0.0027;0.0027;0.0027;0.0027;0.0;46
mcad;border_stockout_missing_store;Border – rupture sans grain magasin;border;1;0;0.0;0.0;;;0;0;0;0.0;0.0;0.0;1.0;0.0;0.0;0.3252;0.3252;0.3252;0.3252;0.3252;0.0;46
baseline_naive;border_stockout_missing_store;Border – rupture sans grain magasin;border;1;1;0.0;0.0;;;1;0;1;1.0;0.0;1.0;0.0;0.0;0.0;0.0009;0.0009;0.0009;0.0009;0.0009;0.0;46
baseline_measure_overlap;border_stockout_missing_store;Border – rupture sans grain magasin;border;1;1;0.0;0.0;;;1;0;1;1.0;0.0;1.0;0.0;0.0;0.0;0.0214;0.0214;0.0214;0.0214;0.0214;0.0;46
ablation_no_sat;border_stockout_missing_store;Border – rupture sans grain magasin;border;1;0;0.0;0.0;;;0;0;0;0.0;0.0;0.0;1.0;0.0;0.0;0.4397;0.4397;0.4397;0.4397;0.4397;0.0;46
ablation_no_real;border_stockout_missing_store;Border – rupture sans grain magasin;border;1;0;0.0;0.0;;;0;0;0;0.0;0.0;0.0;1.0;0.0;0.0;0.2327;0.2327;0.2327;0.2327;0.2327;0.0;46
ablation_ceval_any_intersection;border_stockout_missing_store;Border – rupture sans grain magasin;border;1;0;0.0;0.0;;;0;0;0;0.0;0.0;0.0;1.0;0.0;0.0;0.3595;0.3595;0.3595;0.3595;0.3595;0.0;46
baseline_random_matched;border_stockout_missing_store;Border – rupture sans grain magasin;border;1;1;0.0;0.0;;;1;0;1;1.0;0.0;1.0;0.0;0.0;0.0;0.0038;0.0038;0.0038;0.0038;0.0038;0.0;46
mcad;adversarial_wrong_region;Adversarial – bonne mesure mais mauvaise région;adversarial;1;0;0.0;0.0;;;0;0;0;0.0;0.0;0.0;1.0;0.0;0.0;0.1737;0.1737;0.1737;0.1737;0.1737;0.0;46
baseline_naive;adversarial_wrong_region;Adversarial – bonne mesure mais mauvaise région;adversarial;1;1;0.0;0.0;;;1;0;1;1.0;0.0;1.0;0.0;0.0;0.0;0.0009;0.0009;0.0009;0.0009;0.0009;0.0;46
baseline_measure_overlap;adversarial_wrong_region;Adversarial – bonne mesure mais mauvaise région;adversarial;1;1;0.0;0.0;;;1;0;1;1.0;0.0;1.0;0.0;0.0;0.0;0.0212;0.0212;0.0212;0.0212;0.0212;0.0;46
ablation_no_sat;adversarial_wrong_region;Adversarial – bonne mesure mais mauvaise région;adversarial;1;0;0.0;0.0;;;0;0;0;0.0;0.0;0.0;1.0;0.0;0.0;0.3613;0.3613;0.3613;0.3613;0.3613;0.0;46
ablation_no_real;adversarial_wrong_region;Adversarial – bonne mesure mais mauvaise région;adversarial;1;0;0.0;0.0;;;0;0;0;0.0;0.0;0.0;1.0;0.0;0.0;0.3427;0.3427;0.3427;0.3427;0.3427;0.0;46
ablation_ceval_any_intersection;adversarial_wrong_region;Adversarial – bonne mesure mais mauvaise région;adversarial;1;0;0.0;0.0;;;0;0;0;0.0;0.0;0.0;1.0;0.0;0.0;0.3221;0.3221;0.3221;0.3221;0.3221;0.0;46
baseline_random_matched;adversarial_wrong_region;Adversarial – bonne mesure mais mauvaise région;adversarial;1;1;0.0;0.0;;;1;0;1;1.0;0.0;1.0;0.0;0.0;0.0;0.0044;0.0044;0.0044;0.0044;0.0044;0.0;46
mcad;adversarial_wrong_year;Adversarial – bonne structure mais mauvaise année;adversarial;1;0;0.0;0.0;;;0;0;0;0.0;0.0;0.0;1.0;0.0;0.0;0.1926;0.1926;0.1926;0.1926;0.1926;0.0;46
baseline_naive;adversarial_wrong_year;Adversarial – bonne structure mais mauvaise année;adversarial;1;1;0.0;0.0;;;1;0;1;1.0;0.0;1.0;0.0;0.0;0.0;0.0013;0.0013;0.0013;0.0013;0.0013;0.0;46
baseline_measure_overlap;adversarial_wrong_year;Adversarial – bonne structure mais mauvaise année;adversarial;1;1;0.0;0.0;;;1;0;1;1.0;0.0;1.0;0.0;0.0;0.0;0.0233;0.0233;0.0233;0.0233;0.0233;0.0;46
ablation_no_sat;adversarial_wrong_year;Adversarial – bonne structure mais mauvaise année;adversarial;1;0;0.0;0.0;;;0;0;0;0.0;0.0;0.0;1.0;0.0;0.0;0.2039;0.2039;0.2039;0.2039;0.2039;0.0;46
ablation_no_real;adversarial_wrong_year;Adversarial – bonne structure mais mauvaise année;adversarial;1;0;0.0;0.0;;;0;0;0;0.0;0.0;0.0;1.0;0.0;0.0;0.1782;0.1782;0.1782;0.1782;0.1782;0.0;46
ablation_ceval_any_intersection;adversarial_wrong_year;Adversarial – bonne structure mais mauvaise année;adversarial;1;0;0.0;0.0;;;0;0;0;0.0;0.0;0.0;1.0;0.0;0.0;0.1645;0.1645;0.1645;0.1645;0.1645;0.0;46
baseline_random_matched;adversarial_wrong_year;Adversarial – bonne structure mais mauvaise année;adversarial;1;1;0.0;0.0;;;1;0;1;1.0;0.0;1.0;0.0;0.0;0.0;0.003;0.003;0.003;0.003;0.003;0.0;46
mcad;adversarial_invalid_no_measures;Adversarial – requête invalide sans mesure;adversarial;1;0;0.0;0.0;;;0;0;0;0.0;0.0;0.0;1.0;0.0;0.0;0.0728;0.0728;0.0728;0.0728;0.0728;0.0;46
baseline_naive;adversarial_invalid_no_measures;Adversarial – requête invalide sans mesure;adversarial;1;1;0.0;0.0;;;1;0;1;1.0;0.0;1.0;0.0;0.0;0.0;0.0009;0.0009;0.0009;0.0009;0.0009;0.0;46
baseline_measure_overlap;adversarial_invalid_no_measures;Adversarial – requête invalide sans mesure;adversarial;1;0;0.0;0.0;;;0;0;0;0.0;0.0;0.0;0.0;0.0;0.0;0.018;0.018;0.018;0.018;0.018;0.0;46
ablation_no_sat;adversarial_invalid_no_measures;Adversarial – requête invalide sans mesure;adversarial;1;0;0.0;0.0;;;0;0;0;0.0;0.0;0.0;1.0;0.0;0.0;0.0896;0.0896;0.0896;0.0896;0.0896;0.0;46
ablation_no_real;adversarial_invalid_no_measures;Adversarial – requête invalide sans mesure;adversarial;1;0;0.0;0.0;;;0;0;0;0.0;0.0;0.0;1.0;0.0;0.0;0.1031;0.1031;0.1031;0.1031;0.1031;0.0;46
ablation_ceval_any_intersection;adversarial_invalid_no_measures;Adversarial – requête invalide sans mesure;adversarial;1;0;0.0;0.0;;;0;0;0;0.0;0.0;0.0;1.0;0.0;0.0;0.0727;0.0727;0.0727;0.0727;0.0727;0.0;46
baseline_random_matched;adversarial_invalid_no_measures;Adversarial – requête invalide sans mesure;adversarial;1;1;0.0;0.0;;;1;0;1;1.0;0.0;1.0;0.0;0.0;0.0;0.0027;0.0027;0.0027;0.0027;0.0027;0.0;46
mcad;stress_exploratory_then_useful;Stress – bruit exploratoire avant requête utile;stress;3;1;0.333333;0.111111;;;0;0;0;0.0;0.0;0.0;0.666667;0.0;0.0;0.202633;0.1989;0.25866;0.263972;0.1989;0.2045;46
baseline_naive;stress_exploratory_then_useful;Stress – bruit exploratoire avant requête utile;stress;3;3;0.333333;0.111111;;;2;0;2;0.666667;0.0;0.666667;0.0;0.0;0.0;0.0006;0.0005;0.00095;0.00099;0.001;0.0004;46
baseline_measure_overlap;stress_exploratory_then_useful;Stress – bruit exploratoire avant requête utile;stress;3;3;0.333333;0.111111;;;2;0;2;0.666667;0.0;0.666667;0.0;0.0;0.0;0.007433;0.0051;0.0123;0.01294;0.0131;0.0046;46
ablation_no_sat;stress_exploratory_then_useful;Stress – bruit exploratoire avant requête utile;stress;3;1;0.333333;0.111111;;;0;0;0;0.0;0.0;0.0;0.666667;0.0;0.0;0.3797;0.4093;0.43504;0.437328;0.4093;0.3649;46
ablation_no_real;stress_exploratory_then_useful;Stress – bruit exploratoire avant requête utile;stress;3;1;0.333333;0.111111;;;0;0;0;0.0;0.0;0.0;0.666667;0.0;0.0;0.208567;0.2071;0.25291;0.256982;0.2071;0.2093;46
ablation_ceval_any_intersection;stress_exploratory_then_useful;Stress – bruit exploratoire avant requête utile;stress;3;1;0.333333;0.111111;;;0;0;0;0.0;0.0;0.0;0.666667;0.0;0.0;0.1957;0.197;0.24155;0.24551;0.197;0.19505;46
baseline_random_matched;stress_exploratory_then_useful;Stress – bruit exploratoire avant requête utile;stress;3;1;0.333333;0.111111;;;0;0;0;0.0;0.0;0.0;0.0;0.0;0.0;0.0014;0.0007;0.00277;0.002954;0.003;0.0006;46
mcad;happy_guided_article_short;Happy – parcours guidé article (c1 → c2 → c3);happy;3;3;1.0;0.666667;3;3;0;0;0;0.0;0.0;0.0;0.0;0.0;0.0;0.2928;0.2921;0.3335;0.33718;0.2921;0.29315;47
baseline_naive;happy_guided_article_short;Happy – parcours guidé article (c1 → c2 → c3);happy;3;3;1.0;0.666667;3;3;0;0;0;0.0;0.0;0.0;0.0;0.0;0.0;0.000567;0.0005;0.00086;0.000892;0.0009;0.0004;47
baseline_measure_overlap;happy_guided_article_short;Happy – parcours guidé article (c1 → c2 → c3);happy;3;3;1.0;0.666667;3;3;0;0;0;0.0;0.0;0.0;0.0;0.0;0.0;0.007433;0.0052;0.01231;0.012942;0.0131;0.0046;47
ablation_no_sat;happy_guided_article_short;Happy – parcours guidé article (c1 → c2 → c3);happy;3;3;1.0;0.666667;3;3;0;0;0;0.0;0.0;0.0;0.0;0.0;0.0;0.502633;0.484;0.58192;0.590624;0.484;0.51195;47
ablation_no_real;happy_guided_article_short;Happy – parcours guidé article (c1 → c2 → c3);happy;3;3;1.0;0.666667;3;3;0;0;0;0.0;0.0;0.0;0.0;0.0;0.0;0.301733;0.2947;0.337;0.34076;0.2947;0.30525;47
ablation_ceval_any_intersection;happy_guided_article_short;Happy – parcours guidé article (c1 → c2 → c3);happy;3;3;1.0;0.666667;3;3;0;0;0;0.0;0.0;0.0;0.0;0.0;0.0;0.2887;0.2775;0.32745;0.33189;0.2775;0.2943;47
baseline_random_matched;happy_guided_article_short;Happy – parcours guidé article (c1 → c2 → c3);happy;3;2;0.666667;0.555556;;;0;1;0;0.0;0.333333;0.0;0.0;0.0;0.0;0.001333;0.0007;0.00268;0.002856;0.0029;0.00055;47
mcad;happy_guided_reordered;Happy – même objectif mais ordre différent (c3 → c1 → c2);happy;3;3;1.0;0.666667;3;3;0;0;0;0.0;0.0;0.0;0.0;0.0;0.0;0.292867;0.2645;0.35936;0.367792;0.3699;0.25435;47
baseline_naive;happy_guided_reordered;Happy – même objectif mais ordre différent (c3 → c1 → c2);happy;3;3;1.0;0.666667;3;3;0;0;0;0.0;0.0;0.0;0.0;0.0;0.0;0.000567;0.0005;0.00086;0.000892;0.0009;0.0004;47
baseline_measure_overlap;happy_guided_reordered;Happy – même objectif mais ordre différent (c3 → c1 → c2);happy;3;3;1.0;0.666667;3;3;0;0;0;0.0;0.0;0.0;0.0;0.0;0.0;0.0077;0.0054;0.01269;0.013338;0.0135;0.0048;47
ablation_no_sat;happy_guided_reordered;Happy – même objectif mais ordre différent (c3 → c1 → c2);happy;3;3;1.0;0.666667;3;3;0;0;0;0.0;0.0;0.0;0.0;0.0;0.0;0.5074;0.4502;0.6194;0.63444;0.6382;0.442;47
ablation_no_real;happy_guided_reordered;Happy – même objectif mais ordre différent (c3 → c1 → c2);happy;3;3;1.0;0.666667;3;3;0;0;0;0.0;0.0;0.0;0.0;0.0;0.0;0.305367;0.2658;0.37614;0.385948;0.3884;0.26385;47
ablation_ceval_any_intersection;happy_guided_reordered;Happy – même objectif mais ordre différent (c3 → c1 → c2);happy;3;3;1.0;0.666667;3;3;0;0;0;0.0;0.0;0.0;0.0;0.0;0.0;0.2923;0.25;0.3733;0.38426;0.387;0.24495;47
baseline_random_matched;happy_guided_reordered;Happy – même objectif mais ordre différent (c3 → c1 → c2);happy;3;1;0.333333;0.333333;;;0;2;0;0.0;0.666667;0.0;0.0;0.0;0.0;0.001333;0.0007;0.00259;0.002758;0.0028;0.0006;47
mcad;happy_guided_compact;Happy – parcours compact guidé;happy;3;3;1.0;0.666667;3;3;0;0;0;0.0;0.0;0.0;0.0;0.0;0.0;0.314833;0.2944;0.36262;0.368684;0.2799;0.3323;47
baseline_naive;happy_guided_compact;Happy – parcours compact guidé;happy;3;3;1.0;0.666667;3;3;0;0;0;0.0;0.0;0.0;0.0;0.0;0.0;0.0006;0.0004;0.00094;0.000988;0.001;0.0004;47
baseline_measure_overlap;happy_guided_compact;Happy – parcours compact guidé;happy;3;3;1.0;0.666667;3;3;0;0;0;0.0;0.0;0.0;0.0;0.0;0.0;0.007267;0.005;0.01175;0.01235;0.0125;0.00465;47
ablation_no_sat;happy_guided_compact;Happy – parcours compact guidé;happy;3;3;1.0;0.666667;3;3;0;0;0;0.0;0.0;0.0;0.0;0.0;0.0;0.364533;0.3438;0.45585;0.46581;0.2815;0.40605;47
ablation_no_real;happy_guided_compact;Happy – parcours compact guidé;happy;3;3;1.0;0.666667;3;3;0;0;0;0.0;0.0;0.0;0.0;0.0;0.0;0.297267;0.2873;0.33905;0.34365;0.2873;0.30225;47
ablation_ceval_any_intersection;happy_guided_compact;Happy – parcours compact guidé;happy;3;3;1.0;0.666667;3;3;0;0;0;0.0;0.0;0.0;0.0;0.0;0.0;0.284867;0.2787;0.32973;0.334266;0.2787;0.28795;47
baseline_random_matched;happy_guided_compact;Happy – parcours compact guidé;happy;3;2;0.666667;0.444444;;;0;1;0;0.0;0.333333;0.0;0.0;0.0;0.0;0.004133;0.0007;0.01024;0.011088;0.0113;0.00055;47
mcad;border_growth_partial_1998_only;Border – croissance partielle 1998 seulement;border;1;0;0.0;0.0;;;0;0;0;0.0;0.0;0.0;0.0;0.0;1.0;0.3572;0.3572;0.3572;0.3572;0.3572;0.0;47
baseline_naive;border_growth_partial_1998_only;Border – croissance partielle 1998 seulement;border;1;1;0.0;0.0;;;1;0;1;1.0;0.0;1.0;0.0;0.0;0.0;0.0009;0.0009;0.0009;0.0009;0.0009;0.0;47
baseline_measure_overlap;border_growth_partial_1998_only;Border – croissance partielle 1998 seulement;border;1;1;0.0;0.0;;;1;0;1;1.0;0.0;1.0;0.0;0.0;0.0;0.0132;0.0132;0.0132;0.0132;0.0132;0.0;47
ablation_no_sat;border_growth_partial_1998_only;Border – croissance partielle 1998 seulement;border;1;0;0.0;0.0;;;0;0;0;0.0;0.0;0.0;0.0;0.0;1.0;0.3409;0.3409;0.3409;0.3409;0.3409;0.0;47
ablation_no_real;border_growth_partial_1998_only;Border – croissance partielle 1998 seulement;border;1;1;0.0;0.0;;;1;0;1;1.0;0.0;1.0;0.0;0.0;1.0;0.5729;0.5729;0.5729;0.5729;0.5729;0.0;47
ablation_ceval_any_intersection;border_growth_partial_1998_only;Border – croissance partielle 1998 seulement;border;1;1;0.0;0.0;;;1;0;1;1.0;0.0;1.0;0.0;0.0;0.0;0.3403;0.3403;0.3403;0.3403;0.3403;0.0;47
baseline_random_matched;border_growth_partial_1998_only;Border – croissance partielle 1998 seulement;border;1;1;0.0;0.0;;;1;0;1;1.0;0.0;1.0;0.0;0.0;0.0;0.0028;0.0028;0.0028;0.0028;0.0028;0.0;47
mcad;border_margin_wrong_grain;Border – marge avec grain trop grossier;border;1;0;0.0;0.0;;;0;0;0;0.0;0.0;0.0;1.0;0.0;0.0;0.1999;0.1999;0.1999;0.1999;0.1999;0.0;47
baseline_naive;border_margin_wrong_grain;Border – marge avec grain trop grossier;border;1;1;0.0;0.0;;;1;0;1;1.0;0.0;1.0;0.0;0.0;0.0;0.0008;0.0008;0.0008;0.0008;0.0008;0.0;47
baseline_measure_overlap;border_margin_wrong_grain;Border – marge avec grain trop grossier;border;1;1;0.0;0.0;;;1;0;1;1.0;0.0;1.0;0.0;0.0;0.0;0.0129;0.0129;0.0129;0.0129;0.0129;0.0;47
ablation_no_sat;border_margin_wrong_grain;Border – marge avec grain trop grossier;border;1;0;0.0;0.0;;;0;0;0;0.0;0.0;0.0;1.0;0.0;0.0;0.2722;0.2722;0.2722;0.2722;0.2722;0.0;47
ablation_no_real;border_margin_wrong_grain;Border – marge avec grain trop grossier;border;1;0;0.0;0.0;;;0;0;0;0.0;0.0;0.0;1.0;0.0;0.0;0.3603;0.3603;0.3603;0.3603;0.3603;0.0;47
ablation_ceval_any_intersection;border_margin_wrong_grain;Border – marge avec grain trop grossier;border;1;0;0.0;0.0;;;0;0;0;0.0;0.0;0.0;1.0;0.0;0.0;0.1987;0.1987;0.1987;0.1987;0.1987;0.0;47
baseline_random_matched;border_margin_wrong_grain;Border – marge avec grain trop grossier;border;1;1;0.0;0.0;;;1;0;1;1.0;0.0;1.0;0.0;0.0;0.0;0.0026;0.0026;0.0026;0.0026;0.0026;0.0;47
mcad;border_stockout_missing_store;Border – rupture sans grain magasin;border;1;0;0.0;0.0;;;0;0;0;0.0;0.0;0.0;1.0;0.0;0.0;0.1958;0.1958;0.1958;0.1958;0.1958;0.0;47
baseline_naive;border_stockout_missing_store;Border – rupture sans grain magasin;border;1;1;0.0;0.0;;;1;0;1;1.0;0.0;1.0;0.0;0.0;0.0;0.001;0.001;0.001;0.001;0.001;0.0;47
baseline_measure_overlap;border_stockout_missing_store;Border – rupture sans grain magasin;border;1;1;0.0;0.0;;;1;0;1;1.0;0.0;1.0;0.0;0.0;0.0;0.0133;0.0133;0.0133;0.0133;0.0133;0.0;47
ablation_no_sat;border_stockout_missing_store;Border – rupture sans grain magasin;border;1;0;0.0;0.0;;;0;0;0;0.0;0.0;0.0;1.0;0.0;0.0;0.2584;0.2584;0.2584;0.2584;0.2584;0.0;47
ablation_no_real;border_stockout_missing_store;Border – rupture sans grain magasin;border;1;0;0.0;0.0;;;0;0;0;0.0;0.0;0.0;1.0;0.0;0.0;0.366;0.366;0.366;0.366;0.366;0.0;47
ablation_ceval_any_intersection;border_stockout_missing_store;Border – rupture sans grain magasin;border;1;0;0.0;0.0;;;0;0;0;0.0;0.0;0.0;1.0;0.0;0.0;0.1965;0.1965;0.1965;0.1965;0.1965;0.0;47
baseline_random_matched;border_stockout_missing_store;Border – rupture sans grain magasin;border;1;1;0.0;0.0;;;1;0;1;1.0;0.0;1.0;0.0;0.0;0.0;0.0028;0.0028;0.0028;0.0028;0.0028;0.0;47
mcad;adversarial_wrong_region;Adversarial – bonne mesure mais mauvaise région;adversarial;1;0;0.0;0.0;;;0;0;0;0.0;0.0;0.0;1.0;0.0;0.0;0.1703;0.1703;0.1703;0.1703;0.1703;0.0;47
baseline_naive;adversarial_wrong_region;Adversarial – bonne mesure mais mauvaise région;adversarial;1;1;0.0;0.0;;;1;0;1;1.0;0.0;1.0;0.0;0.0;0.0;0.0009;0.0009;0.0009;0.0009;0.0009;0.0;47
baseline_measure_overlap;adversarial_wrong_region;Adversarial – bonne mesure mais mauvaise région;adversarial;1;1;0.0;0.0;;;1;0;1;1.0;0.0;1.0;0.0;0.0;0.0;0.0126;0.0126;0.0126;0.0126;0.0126;0.0;47
ablation_no_sat;adversarial_wrong_region;Adversarial – bonne mesure mais mauvaise région;adversarial;1;0;0.0;0.0;;;0;0;0;0.0;0.0;0.0;1.0;0.0;0.0;0.2082;0.2082;0.2082;0.2082;0.2082;0.0;47
ablation_no_real;adversarial_wrong_region;Adversarial – bonne mesure mais mauvaise région;adversarial;1;0;0.0;0.0;;;0;0;0;0.0;0.0;0.0;1.0;0.0;0.0;0.1761;0.1761;0.1761;0.1761;0.1761;0.0;47
ablation_ceval_any_intersection;adversarial_wrong_region;Adversarial – bonne mesure mais mauvaise région;adversarial;1;0;0.0;0.0;;;0;0;0;0.0;0.0;0.0;1.0;0.0;0.0;0.3179;0.3179;0.3179;0.3179;0.3179;0.0;47
baseline_random_matched;adversarial_wrong_region;Adversarial – bonne mesure mais mauvaise région;adversarial;1;1;0.0;0.0;;;1;0;1;1.0;0.0;1.0;0.0;0.0;0.0;0.0039;0.0039;0.0039;0.0039;0.0039;0.0;47
mcad;adversarial_wrong_year;Adversarial – bonne structure mais mauvaise année;adversarial;1;0;0.0;0.0;;;0;0;0;0.0;0.0;0.0;1.0;0.0;0.0;0.175;0.175;0.175;0.175;0.175;0.0;47
baseline_naive;adversarial_wrong_year;Adversarial – bonne structure mais mauvaise année;adversarial;1;1;0.0;0.0;;;1;0;1;1.0;0.0;1.0;0.0;0.0;0.0;0.001;0.001;0.001;0.001;0.001;0.0;47
baseline_measure_overlap;adversarial_wrong_year;Adversarial – bonne structure mais mauvaise année;adversarial;1;1;0.0;0.0;;;1;0;1;1.0;0.0;1.0;0.0;0.0;0.0;0.0143;0.0143;0.0143;0.0143;0.0143;0.0;47
ablation_no_sat;adversarial_wrong_year;Adversarial – bonne structure mais mauvaise année;adversarial;1;0;0.0;0.0;;;0;0;0;0.0;0.0;0.0;1.0;0.0;0.0;0.3231;0.3231;0.3231;0.3231;0.3231;0.0;47
ablation_no_real;adversarial_wrong_year;Adversarial – bonne structure mais mauvaise année;adversarial;1;0;0.0;0.0;;;0;0;0;0.0;0.0;0.0;1.0;0.0;0.0;0.1744;0.1744;0.1744;0.1744;0.1744;0.0;47
ablation_ceval_any_intersection;adversarial_wrong_year;Adversarial – bonne structure mais mauvaise année;adversarial;1;0;0.0;0.0;;;0;0;0;0.0;0.0;0.0;1.0;0.0;0.0;0.2905;0.2905;0.2905;0.2905;0.2905;0.0;47
baseline_random_matched;adversarial_wrong_year;Adversarial – bonne structure mais mauvaise année;adversarial;1;0;0.0;0.0;;;0;0;0;0.0;0.0;0.0;0.0;0.0;0.0;0.0033;0.0033;0.0033;0.0033;0.0033;0.0;47
mcad;adversarial_invalid_no_measures;Adversarial – requête invalide sans mesure;adversarial;1;0;0.0;0.0;;;0;0;0;0.0;0.0;0.0;1.0;0.0;0.0;0.0836;0.0836;0.0836;0.0836;0.0836;0.0;47
baseline_naive;adversarial_invalid_no_measures;Adversarial – requête invalide sans mesure;adversarial;1;1;0.0;0.0;;;1;0;1;1.0;0.0;1.0;0.0;0.0;0.0;0.0009;0.0009;0.0009;0.0009;0.0009;0.0;47
baseline_measure_overlap;adversarial_invalid_no_measures;Adversarial – requête invalide sans mesure;adversarial;1;0;0.0;0.0;;;0;0;0;0.0;0.0;0.0;0.0;0.0;0.0;0.0133;0.0133;0.0133;0.0133;0.0133;0.0;47
ablation_no_sat;adversarial_invalid_no_measures;Adversarial – requête invalide sans mesure;adversarial;1;0;0.0;0.0;;;0;0;0;0.0;0.0;0.0;1.0;0.0;0.0;0.0967;0.0967;0.0967;0.0967;0.0967;0.0;47
ablation_no_real;adversarial_invalid_no_measures;Adversarial – requête invalide sans mesure;adversarial;1;0;0.0;0.0;;;0;0;0;0.0;0.0;0.0;1.0;0.0;0.0;0.0797;0.0797;0.0797;0.0797;0.0797;0.0;47
ablation_ceval_any_intersection;adversarial_invalid_no_measures;Adversarial – requête invalide sans mesure;adversarial;1;0;0.0;0.0;;;0;0;0;0.0;0.0;0.0;1.0;0.0;0.0;0.1061;0.1061;0.1061;0.1061;0.1061;0.0;47
baseline_random_matched;adversarial_invalid_no_measures;Adversarial – requête invalide sans mesure;adversarial;1;1;0.0;0.0;;;1;0;1;1.0;0.0;1.0;0.0;0.0;0.0;0.0034;0.0034;0.0034;0.0034;0.0034;0.0;47
mcad;stress_exploratory_then_useful;Stress – bruit exploratoire avant requête utile;stress;3;1;0.333333;0.111111;;;0;0;0;0.0;0.0;0.0;0.666667;0.0;0.0;0.2077;0.2283;0.249;0.25084;0.2283;0.1974;47
baseline_naive;stress_exploratory_then_useful;Stress – bruit exploratoire avant requête utile;stress;3;3;0.333333;0.111111;;;2;0;2;0.666667;0.0;0.666667;0.0;0.0;0.0;0.000567;0.0004;0.00094;0.000988;0.001;0.00035;47
baseline_measure_overlap;stress_exploratory_then_useful;Stress – bruit exploratoire avant requête utile;stress;3;3;0.333333;0.111111;;;2;0;2;0.666667;0.0;0.666667;0.0;0.0;0.0;0.0084;0.0053;0.01475;0.01559;0.0158;0.0047;47
ablation_no_sat;stress_exploratory_then_useful;Stress – bruit exploratoire avant requête utile;stress;3;1;0.333333;0.111111;;;0;0;0;0.0;0.0;0.0;0.666667;0.0;0.0;0.367733;0.3833;0.43343;0.437886;0.3833;0.35995;47
ablation_no_real;stress_exploratory_then_useful;Stress – bruit exploratoire avant requête utile;stress;3;1;0.333333;0.111111;;;0;0;0;0.0;0.0;0.0;0.666667;0.0;0.0;0.2146;0.2379;0.25626;0.257892;0.2379;0.20295;47
ablation_ceval_any_intersection;stress_exploratory_then_useful;Stress – bruit exploratoire avant requête utile;stress;3;1;0.333333;0.111111;;;0;0;0;0.0;0.0;0.0;0.666667;0.0;0.0;0.201867;0.2006;0.24317;0.246954;0.2006;0.2025;47
baseline_random_matched;stress_exploratory_then_useful;Stress – bruit exploratoire avant requête utile;stress;3;1;0.333333;0.111111;;;0;0;0;0.0;0.0;0.0;0.0;0.0;0.0;0.001333;0.0006;0.00267;0.002854;0.0029;0.00055;47
mcad;happy_guided_article_short;Happy – parcours guidé article (c1 → c2 → c3);happy;3;3;1.0;0.666667;3;3;0;0;0;0.0;0.0;0.0;0.0;0.0;0.0;0.292867;0.2781;0.34884;0.355128;0.2781;0.30025;48
baseline_naive;happy_guided_article_short;Happy – parcours guidé article (c1 → c2 → c3);happy;3;3;1.0;0.666667;3;3;0;0;0;0.0;0.0;0.0;0.0;0.0;0.0;0.000567;0.0005;0.00086;0.000892;0.0009;0.0004;48
baseline_measure_overlap;happy_guided_article_short;Happy – parcours guidé article (c1 → c2 → c3);happy;3;3;1.0;0.666667;3;3;0;0;0;0.0;0.0;0.0;0.0;0.0;0.0;0.007567;0.0051;0.01275;0.01343;0.0136;0.00455;48
ablation_no_sat;happy_guided_article_short;Happy – parcours guidé article (c1 → c2 → c3);happy;3;3;1.0;0.666667;3;3;0;0;0;0.0;0.0;0.0;0.0;0.0;0.0;0.475133;0.4381;0.5542;0.56452;0.4381;0.49365;48
ablation_no_real;happy_guided_article_short;Happy – parcours guidé article (c1 → c2 → c3);happy;3;3;1.0;0.666667;3;3;0;0;0;0.0;0.0;0.0;0.0;0.0;0.0;0.293367;0.2964;0.33195;0.33511;0.2964;0.29185;48
ablation_ceval_any_intersection;happy_guided_article_short;Happy – parcours guidé article (c1 → c2 → c3);happy;3;3;1.0;0.666667;3;3;0;0;0;0.0;0.0;0.0;0.0;0.0;0.0;0.281367;0.273;0.32214;0.326508;0.273;0.28555;48
baseline_random_matched;happy_guided_article_short;Happy – parcours guidé article (c1 → c2 → c3);happy;3;1;0.333333;0.333333;;;0;2;0;0.0;0.666667;0.0;0.0;0.0;0.0;0.001333;0.0007;0.00259;0.002758;0.0028;0.0006;48
mcad;happy_guided_reordered;Happy – même objectif mais ordre différent (c3 → c1 → c2);happy;3;3;1.0;0.666667;3;3;0;0;0;0.0;0.0;0.0;0.0;0.0;0.0;0.290233;0.2479;0.36292;0.373144;0.3757;0.2475;48
baseline_naive;happy_guided_reordered;Happy – même objectif mais ordre différent (c3 → c1 → c2);happy;3;3;1.0;0.666667;3;3;0;0;0;0.0;0.0;0.0;0.0;0.0;0.0;0.000533;0.0004;0.00085;0.00089;0.0009;0.00035;48
baseline_measure_overlap;happy_guided_reordered;Happy – même objectif mais ordre différent (c3 → c1 → c2);happy;3;3;1.0;0.666667;3;3;0;0;0;0.0;0.0;0.0;0.0;0.0;0.0;0.007367;0.0049;0.0121;0.01274;0.0129;0.0046;48
ablation_no_sat;happy_guided_reordered;Happy – même objectif mais ordre différent (c3 → c1 → c2);happy;3;3;1.0;0.666667;3;3;0;0;0;0.0;0.0;0.0;0.0;0.0;0.0;0.289033;0.2514;0.36165;0.37145;0.3739;0.2466;48
ablation_no_real;happy_guided_reordered;Happy – même objectif mais ordre différent (c3 → c1 → c2);happy;3;3;1.0;0.666667;3;3;0;0;0;0.0;0.0;0.0;0.0;0.0;0.0;0.307567;0.2925;0.36675;0.37335;0.375;0.27385;48
ablation_ceval_any_intersection;happy_guided_reordered;Happy – même objectif mais ordre différent (c3 → c1 → c2);happy;3;3;1.0;0.666667;3;3;0;0;0;0.0;0.0;0.0;0.0;0.0;0.0;0.3318;0.3665;0.37946;0.380612;0.3665;0.31445;48
baseline_random_matched;happy_guided_reordered;Happy – même objectif mais ordre différent (c3 → c1 → c2);happy;3;2;0.666667;0.333333;;;0;1;0;0.0;0.333333;0.0;0.0;0.0;0.0;0.0015;0.0007;0.00304;0.003248;0.0033;0.0006;48
mcad;happy_guided_compact;Happy – parcours compact guidé;happy;3;3;1.0;0.666667;3;3;0;0;0;0.0;0.0;0.0;0.0;0.0;0.0;0.2892;0.2809;0.33751;0.342542;0.2809;0.29335;48
baseline_naive;happy_guided_compact;Happy – parcours compact guidé;happy;3;3;1.0;0.666667;3;3;0;0;0;0.0;0.0;0.0;0.0;0.0;0.0;0.000567;0.0005;0.00086;0.000892;0.0009;0.0004;48
baseline_measure_overlap;happy_guided_compact;Happy – parcours compact guidé;happy;3;3;1.0;0.666667;3;3;0;0;0;0.0;0.0;0.0;0.0;0.0;0.0;0.0078;0.0054;0.01305;0.01373;0.0139;0.00475;48
ablation_no_sat;happy_guided_compact;Happy – parcours compact guidé;happy;3;3;1.0;0.666667;3;3;0;0;0;0.0;0.0;0.0;0.0;0.0;0.0;0.303167;0.3199;0.34465;0.34685;0.3199;0.2948;48
ablation_no_real;happy_guided_compact;Happy – parcours compact guidé;happy;3;3;1.0;0.666667;3;3;0;0;0;0.0;0.0;0.0;0.0;0.0;0.0;0.558167;0.5859;0.63135;0.63539;0.5859;0.5443;48
ablation_ceval_any_intersection;happy_guided_compact;Happy – parcours compact guidé;happy;3;3;1.0;0.666667;3;3;0;0;0;0.0;0.0;0.0;0.0;0.0;0.0;0.592567;0.5028;0.82923;0.858246;0.5028;0.63745;48
baseline_random_matched;happy_guided_compact;Happy – parcours compact guidé;happy;3;2;0.666667;0.555556;;;0;1;0;0.0;0.333333;0.0;0.0;0.0;0.0;0.0017;0.0006;0.00366;0.003932;0.004;0.00055;48
mcad;border_growth_partial_1998_only;Border – croissance partielle 1998 seulement;border;1;0;0.0;0.0;;;0;0;0;0.0;0.0;0.0;0.0;0.0;1.0;0.3698;0.3698;0.3698;0.3698;0.3698;0.0;48
baseline_naive;border_growth_partial_1998_only;Border – croissance partielle 1998 seulement;border;1;1;0.0;0.0;;;1;0;1;1.0;0.0;1.0;0.0;0.0;0.0;0.0013;0.0013;0.0013;0.0013;0.0013;0.0;48
baseline_measure_overlap;border_growth_partial_1998_only;Border – croissance partielle 1998 seulement;border;1;1;0.0;0.0;;;1;0;1;1.0;0.0;1.0;0.0;0.0;0.0;0.0265;0.0265;0.0265;0.0265;0.0265;0.0;48
ablation_no_sat;border_growth_partial_1998_only;Border – croissance partielle 1998 seulement;border;1;0;0.0;0.0;;;0;0;0;0.0;0.0;0.0;0.0;0.0;1.0;0.7643;0.7643;0.7643;0.7643;0.7643;0.0;48
ablation_no_real;border_growth_partial_1998_only;Border – croissance partielle 1998 seulement;border;1;1;0.0;0.0;;;1;0;1;1.0;0.0;1.0;0.0;0.0;1.0;0.3623;0.3623;0.3623;0.3623;0.3623;0.0;48
ablation_ceval_any_intersection;border_growth_partial_1998_only;Border – croissance partielle 1998 seulement;border;1;1;0.0;0.0;;;1;0;1;1.0;0.0;1.0;0.0;0.0;0.0;0.3465;0.3465;0.3465;0.3465;0.3465;0.0;48
baseline_random_matched;border_growth_partial_1998_only;Border – croissance partielle 1998 seulement;border;1;1;0.0;0.0;;;1;0;1;1.0;0.0;1.0;0.0;0.0;0.0;0.0041;0.0041;0.0041;0.0041;0.0041;0.0;48
mcad;border_margin_wrong_grain;Border – marge avec grain trop grossier;border;1;0;0.0;0.0;;;0;0;0;0.0;0.0;0.0;1.0;0.0;0.0;0.2103;0.2103;0.2103;0.2103;0.2103;0.0;48
baseline_naive;border_margin_wrong_grain;Border – marge avec grain trop grossier;border;1;1;0.0;0.0;;;1;0;1;1.0;0.0;1.0;0.0;0.0;0.0;0.001;0.001;0.001;0.001;0.001;0.0;48
baseline_measure_overlap;border_margin_wrong_grain;Border – marge avec grain trop grossier;border;1;1;0.0;0.0;;;1;0;1;1.0;0.0;1.0;0.0;0.0;0.0;0.0142;0.0142;0.0142;0.0142;0.0142;0.0;48
ablation_no_sat;border_margin_wrong_grain;Border – marge avec grain trop grossier;border;1;0;0.0;0.0;;;0;0;0;0.0;0.0;0.0;1.0;0.0;0.0;0.2742;0.2742;0.2742;0.2742;0.2742;0.0;48
ablation_no_real;border_margin_wrong_grain;Border – marge avec grain trop grossier;border;1;0;0.0;0.0;;;0;0;0;0.0;0.0;0.0;1.0;0.0;0.0;0.222;0.222;0.222;0.222;0.222;0.0;48
ablation_ceval_any_intersection;border_margin_wrong_grain;Border – marge avec grain trop grossier;border;1;0;0.0;0.0;;;0;0;0;0.0;0.0;0.0;1.0;0.0;0.0;0.3446;0.3446;0.3446;0.3446;0.3446;0.0;48
baseline_random_matched;border_margin_wrong_grain;Border – marge avec grain trop grossier;border;1;0;0.0;0.0;;;0;0;0;0.0;0.0;0.0;0.0;0.0;0.0;0.0052;0.0052;0.0052;0.0052;0.0052;0.0;48
mcad;border_stockout_missing_store;Border – rupture sans grain magasin;border;1;0;0.0;0.0;;;0;0;0;0.0;0.0;0.0;1.0;0.0;0.0;0.21;0.21;0.21;0.21;0.21;0.0;48
baseline_naive;border_stockout_missing_store;Border – rupture sans grain magasin;border;1;1;0.0;0.0;;;1;0;1;1.0;0.0;1.0;0.0;0.0;0.0;0.0014;0.0014;0.0014;0.0014;0.0014;0.0;48
baseline_measure_overlap;border_stockout_missing_store;Border – rupture sans grain magasin;border;1;1;0.0;0.0;;;1;0;1;1.0;0.0;1.0;0.0;0.0;0.0;0.016;0.016;0.016;0.016;0.016;0.0;48
ablation_no_sat;border_stockout_missing_store;Border – rupture sans grain magasin;border;1;0;0.0;0.0;;;0;0;0;0.0;0.0;0.0;1.0;0.0;0.0;0.2671;0.2671;0.2671;0.2671;0.2671;0.0;48
ablation_no_real;border_stockout_missing_store;Border – rupture sans grain magasin;border;1;0;0.0;0.0;;;0;0;0;0.0;0.0;0.0;1.0;0.0;0.0;0.2146;0.2146;0.2146;0.2146;0.2146;0.0;48
ablation_ceval_any_intersection;border_stockout_missing_store;Border – rupture sans grain magasin;border;1;0;0.0;0.0;;;0;0;0;0.0;0.0;0.0;1.0;0.0;0.0;0.3188;0.3188;0.3188;0.3188;0.3188;0.0;48
baseline_random_matched;border_stockout_missing_store;Border – rupture sans grain magasin;border;1;0;0.0;0.0;;;0;0;0;0.0;0.0;0.0;0.0;0.0;0.0;0.0031;0.0031;0.0031;0.0031;0.0031;0.0;48
mcad;adversarial_wrong_region;Adversarial – bonne mesure mais mauvaise région;adversarial;1;0;0.0;0.0;;;0;0;0;0.0;0.0;0.0;1.0;0.0;0.0;0.1704;0.1704;0.1704;0.1704;0.1704;0.0;48
baseline_naive;adversarial_wrong_region;Adversarial – bonne mesure mais mauvaise région;adversarial;1;1;0.0;0.0;;;1;0;1;1.0;0.0;1.0;0.0;0.0;0.0;0.0009;0.0009;0.0009;0.0009;0.0009;0.0;48
baseline_measure_overlap;adversarial_wrong_region;Adversarial – bonne mesure mais mauvaise région;adversarial;1;1;0.0;0.0;;;1;0;1;1.0;0.0;1.0;0.0;0.0;0.0;0.0145;0.0145;0.0145;0.0145;0.0145;0.0;48
ablation_no_sat;adversarial_wrong_region;Adversarial – bonne mesure mais mauvaise région;adversarial;1;0;0.0;0.0;;;0;0;0;0.0;0.0;0.0;1.0;0.0;0.0;0.386;0.386;0.386;0.386;0.386;0.0;48
ablation_no_real;adversarial_wrong_region;Adversarial – bonne mesure mais mauvaise région;adversarial;1;0;0.0;0.0;;;0;0;0;0.0;0.0;0.0;1.0;0.0;0.0;0.3348;0.3348;0.3348;0.3348;0.3348;0.0;48
ablation_ceval_any_intersection;adversarial_wrong_region;Adversarial – bonne mesure mais mauvaise région;adversarial;1;0;0.0;0.0;;;0;0;0;0.0;0.0;0.0;1.0;0.0;0.0;0.3014;0.3014;0.3014;0.3014;0.3014;0.0;48
baseline_random_matched;adversarial_wrong_region;Adversarial – bonne mesure mais mauvaise région;adversarial;1;1;0.0;0.0;;;1;0;1;1.0;0.0;1.0;0.0;0.0;0.0;0.004;0.004;0.004;0.004;0.004;0.0;48
mcad;adversarial_wrong_year;Adversarial – bonne structure mais mauvaise année;adversarial;1;0;0.0;0.0;;;0;0;0;0.0;0.0;0.0;1.0;0.0;0.0;0.165;0.165;0.165;0.165;0.165;0.0;48
baseline_naive;adversarial_wrong_year;Adversarial – bonne structure mais mauvaise année;adversarial;1;1;0.0;0.0;;;1;0;1;1.0;0.0;1.0;0.0;0.0;0.0;0.0009;0.0009;0.0009;0.0009;0.0009;0.0;48
baseline_measure_overlap;adversarial_wrong_year;Adversarial – bonne structure mais mauvaise année;adversarial;1;1;0.0;0.0;;;1;0;1;1.0;0.0;1.0;0.0;0.0;0.0;0.0142;0.0142;0.0142;0.0142;0.0142;0.0;48
ablation_no_sat;adversarial_wrong_year;Adversarial – bonne structure mais mauvaise année;adversarial;1;0;0.0;0.0;;;0;0;0;0.0;0.0;0.0;1.0;0.0;0.0;0.3246;0.3246;0.3246;0.3246;0.3246;0.0;48
ablation_no_real;adversarial_wrong_year;Adversarial – bonne structure mais mauvaise année;adversarial;1;0;0.0;0.0;;;0;0;0;0.0;0.0;0.0;1.0;0.0;0.0;0.1854;0.1854;0.1854;0.1854;0.1854;0.0;48
ablation_ceval_any_intersection;adversarial_wrong_year;Adversarial – bonne structure mais mauvaise année;adversarial;1;0;0.0;0.0;;;0;0;0;0.0;0.0;0.0;1.0;0.0;0.0;0.1649;0.1649;0.1649;0.1649;0.1649;0.0;48
baseline_random_matched;adversarial_wrong_year;Adversarial – bonne structure mais mauvaise année;adversarial;1;1;0.0;0.0;;;1;0;1;1.0;0.0;1.0;0.0;0.0;0.0;0.0029;0.0029;0.0029;0.0029;0.0029;0.0;48
mcad;adversarial_invalid_no_measures;Adversarial – requête invalide sans mesure;adversarial;1;0;0.0;0.0;;;0;0;0;0.0;0.0;0.0;1.0;0.0;0.0;0.0737;0.0737;0.0737;0.0737;0.0737;0.0;48
baseline_naive;adversarial_invalid_no_measures;Adversarial – requête invalide sans mesure;adversarial;1;1;0.0;0.0;;;1;0;1;1.0;0.0;1.0;0.0;0.0;0.0;0.001;0.001;0.001;0.001;0.001;0.0;48
baseline_measure_overlap;adversarial_invalid_no_measures;Adversarial – requête invalide sans mesure;adversarial;1;0;0.0;0.0;;;0;0;0;0.0;0.0;0.0;0.0;0.0;0.0;0.013;0.013;0.013;0.013;0.013;0.0;48
ablation_no_sat;adversarial_invalid_no_measures;Adversarial – requête invalide sans mesure;adversarial;1;0;0.0;0.0;;;0;0;0;0.0;0.0;0.0;1.0;0.0;0.0;0.1246;0.1246;0.1246;0.1246;0.1246;0.0;48
ablation_no_real;adversarial_invalid_no_measures;Adversarial – requête invalide sans mesure;adversarial;1;0;0.0;0.0;;;0;0;0;0.0;0.0;0.0;1.0;0.0;0.0;0.0812;0.0812;0.0812;0.0812;0.0812;0.0;48
ablation_ceval_any_intersection;adversarial_invalid_no_measures;Adversarial – requête invalide sans mesure;adversarial;1;0;0.0;0.0;;;0;0;0;0.0;0.0;0.0;1.0;0.0;0.0;0.0722;0.0722;0.0722;0.0722;0.0722;0.0;48
baseline_random_matched;adversarial_invalid_no_measures;Adversarial – requête invalide sans mesure;adversarial;1;1;0.0;0.0;;;1;0;1;1.0;0.0;1.0;0.0;0.0;0.0;0.0029;0.0029;0.0029;0.0029;0.0029;0.0;48
mcad;stress_exploratory_then_useful;Stress – bruit exploratoire avant requête utile;stress;3;1;0.333333;0.111111;;;0;0;0;0.0;0.0;0.0;0.666667;0.0;0.0;0.197233;0.1983;0.24618;0.250436;0.1983;0.1967;48
baseline_naive;stress_exploratory_then_useful;Stress – bruit exploratoire avant requête utile;stress;3;3;0.333333;0.111111;;;2;0;2;0.666667;0.0;0.666667;0.0;0.0;0.0;0.000533;0.0004;0.00085;0.00089;0.0009;0.00035;48
baseline_measure_overlap;stress_exploratory_then_useful;Stress – bruit exploratoire avant requête utile;stress;3;3;0.333333;0.111111;;;2;0;2;0.666667;0.0;0.666667;0.0;0.0;0.0;0.007467;0.005;0.01247;0.013134;0.0133;0.00455;48
ablation_no_sat;stress_exploratory_then_useful;Stress – bruit exploratoire avant requête utile;stress;3;1;0.333333;0.111111;;;0;0;0;0.0;0.0;0.0;0.666667;0.0;0.0;0.382533;0.4163;0.43016;0.431392;0.4317;0.35795;48
ablation_no_real;stress_exploratory_then_useful;Stress – bruit exploratoire avant requête utile;stress;3;1;0.333333;0.111111;;;0;0;0;0.0;0.0;0.0;0.666667;0.0;0.0;0.205733;0.2035;0.26074;0.265828;0.2035;0.20685;48
ablation_ceval_any_intersection;stress_exploratory_then_useful;Stress – bruit exploratoire avant requête utile;stress;3;1;0.333333;0.111111;;;0;0;0;0.0;0.0;0.0;0.666667;0.0;0.0;0.193133;0.1944;0.23823;0.242126;0.1944;0.1925;48
baseline_random_matched;stress_exploratory_then_useful;Stress – bruit exploratoire avant requête utile;stress;3;2;0.333333;0.111111;;;1;0;1;0.333333;0.0;0.5;0.0;0.0;0.0;0.001433;0.0007;0.00286;0.003052;0.0031;0.0006;48
mcad;happy_guided_article_short;Happy – parcours guidé article (c1 → c2 → c3);happy;3;3;1.0;0.666667;3;3;0;0;0;0.0;0.0;0.0;0.0;0.0;0.0;0.2895;0.2818;0.32626;0.330212;0.2818;0.29335;49
baseline_naive;happy_guided_article_short;Happy – parcours guidé article (c1 → c2 → c3);happy;3;3;1.0;0.666667;3;3;0;0;0;0.0;0.0;0.0;0.0;0.0;0.0;0.0006;0.0005;0.00095;0.00099;0.001;0.0004;49
baseline_measure_overlap;happy_guided_article_short;Happy – parcours guidé article (c1 → c2 → c3);happy;3;3;1.0;0.666667;3;3;0;0;0;0.0;0.0;0.0;0.0;0.0;0.0;0.0075;0.0053;0.01214;0.012748;0.0129;0.0048;49
ablation_no_sat;happy_guided_article_short;Happy – parcours guidé article (c1 → c2 → c3);happy;3;3;1.0;0.666667;3;3;0;0;0;0.0;0.0;0.0;0.0;0.0;0.0;0.289067;0.2899;0.32833;0.331746;0.2899;0.28865;49
ablation_no_real;happy_guided_article_short;Happy – parcours guidé article (c1 → c2 → c3);happy;3;3;1.0;0.666667;3;3;0;0;0;0.0;0.0;0.0;0.0;0.0;0.0;0.427333;0.469;0.47278;0.473116;0.4732;0.4044;49
ablation_ceval_any_intersection;happy_guided_article_short;Happy – parcours guidé article (c1 → c2 → c3);happy;3;3;1.0;0.666667;3;3;0;0;0;0.0;0.0;0.0;0.0;0.0;0.0;0.307767;0.3101;0.3344;0.33656;0.2761;0.3236;49
baseline_random_matched;happy_guided_article_short;Happy – parcours guidé article (c1 → c2 → c3);happy;3;1;0.333333;0.333333;;;0;2;0;0.0;0.666667;0.0;0.0;0.0;0.0;0.001267;0.0007;0.00241;0.002562;0.0026;0.0006;49
mcad;happy_guided_reordered;Happy – même objectif mais ordre différent (c3 → c1 → c2);happy;3;3;1.0;0.666667;3;3;0;0;0;0.0;0.0;0.0;0.0;0.0;0.0;0.295833;0.2509;0.37888;0.390256;0.3931;0.2472;49
baseline_naive;happy_guided_reordered;Happy – même objectif mais ordre différent (c3 → c1 → c2);happy;3;3;1.0;0.666667;3;3;0;0;0;0.0;0.0;0.0;0.0;0.0;0.0;0.000567;0.0004;0.00094;0.000988;0.001;0.00035;49
baseline_measure_overlap;happy_guided_reordered;Happy – même objectif mais ordre différent (c3 → c1 → c2);happy;3;3;1.0;0.666667;3;3;0;0;0;0.0;0.0;0.0;0.0;0.0;0.0;0.007367;0.0051;0.01194;0.012548;0.0127;0.0047;49
ablation_no_sat;happy_guided_reordered;Happy – même objectif mais ordre différent (c3 → c1 → c2);happy;3;3;1.0;0.666667;3;3;0;0;0;0.0;0.0;0.0;0.0;0.0;0.0;0.286233;0.2463;0.35943;0.369486;0.372;0.24335;49
ablation_no_real;happy_guided_reordered;Happy – même objectif mais ordre différent (c3 → c1 → c2);happy;3;3;1.0;0.666667;3;3;0;0;0;0.0;0.0;0.0;0.0;0.0;0.0;0.485667;0.4245;0.59568;0.610896;0.6147;0.42115;49
ablation_ceval_any_intersection;happy_guided_reordered;Happy – même objectif mais ordre différent (c3 → c1 → c2);happy;3;3;1.0;0.666667;3;3;0;0;0;0.0;0.0;0.0;0.0;0.0;0.0;0.283133;0.2425;0.35716;0.367352;0.3699;0.23975;49
baseline_random_matched;happy_guided_reordered;Happy – même objectif mais ordre différent (c3 → c1 → c2);happy;3;1;0.333333;0.333333;;;0;2;0;0.0;0.666667;0.0;0.0;0.0;0.0;0.0012;0.0007;0.00232;0.002464;0.0025;0.00055;49
mcad;happy_guided_compact;Happy – parcours compact guidé;happy;3;3;1.0;0.666667;3;3;0;0;0;0.0;0.0;0.0;0.0;0.0;0.0;0.2887;0.2803;0.33907;0.344294;0.2803;0.2929;49
baseline_naive;happy_guided_compact;Happy – parcours compact guidé;happy;3;3;1.0;0.666667;3;3;0;0;0;0.0;0.0;0.0;0.0;0.0;0.0;0.000567;0.0005;0.00086;0.000892;0.0009;0.0004;49
baseline_measure_overlap;happy_guided_compact;Happy – parcours compact guidé;happy;3;3;1.0;0.666667;3;3;0;0;0;0.0;0.0;0.0;0.0;0.0;0.0;0.0125;0.0084;0.02046;0.021532;0.0218;0.00785;49
ablation_no_sat;happy_guided_compact;Happy – parcours compact guidé;happy;3;3;1.0;0.666667;3;3;0;0;0;0.0;0.0;0.0;0.0;0.0;0.0;0.289433;0.2918;0.33122;0.334724;0.2918;0.28825;49
ablation_no_real;happy_guided_compact;Happy – parcours compact guidé;happy;3;3;1.0;0.666667;3;3;0;0;0;0.0;0.0;0.0;0.0;0.0;0.0;0.294833;0.298;0.33643;0.339846;0.298;0.29325;49
ablation_ceval_any_intersection;happy_guided_compact;Happy – parcours compact guidé;happy;3;3;1.0;0.666667;3;3;0;0;0;0.0;0.0;0.0;0.0;0.0;0.0;0.287367;0.2875;0.33133;0.335226;0.2875;0.2873;49
baseline_random_matched;happy_guided_compact;Happy – parcours compact guidé;happy;3;2;0.666667;0.555556;;;0;1;0;0.0;0.333333;0.0;0.0;0.0;0.0;0.001233;0.0006;0.00249;0.002658;0.0027;0.0005;49
mcad;border_growth_partial_1998_only;Border – croissance partielle 1998 seulement;border;1;0;0.0;0.0;;;0;0;0;0.0;0.0;0.0;0.0;0.0;1.0;0.3375;0.3375;0.3375;0.3375;0.3375;0.0;49
baseline_naive;border_growth_partial_1998_only;Border – croissance partielle 1998 seulement;border;1;1;0.0;0.0;;;1;0;1;1.0;0.0;1.0;0.0;0.0;0.0;0.0009;0.0009;0.0009;0.0009;0.0009;0.0;49
baseline_measure_overlap;border_growth_partial_1998_only;Border – croissance partielle 1998 seulement;border;1;1;0.0;0.0;;;1;0;1;1.0;0.0;1.0;0.0;0.0;0.0;0.0133;0.0133;0.0133;0.0133;0.0133;0.0;49
ablation_no_sat;border_growth_partial_1998_only;Border – croissance partielle 1998 seulement;border;1;0;0.0;0.0;;;0;0;0;0.0;0.0;0.0;0.0;0.0;1.0;0.593;0.593;0.593;0.593;0.593;0.0;49
ablation_no_real;border_growth_partial_1998_only;Border – croissance partielle 1998 seulement;border;1;1;0.0;0.0;;;1;0;1;1.0;0.0;1.0;0.0;0.0;1.0;0.3454;0.3454;0.3454;0.3454;0.3454;0.0;49
ablation_ceval_any_intersection;border_growth_partial_1998_only;Border – croissance partielle 1998 seulement;border;1;1;0.0;0.0;;;1;0;1;1.0;0.0;1.0;0.0;0.0;0.0;0.3344;0.3344;0.3344;0.3344;0.3344;0.0;49
baseline_random_matched;border_growth_partial_1998_only;Border – croissance partielle 1998 seulement;border;1;0;0.0;0.0;;;0;0;0;0.0;0.0;0.0;0.0;0.0;0.0;0.0026;0.0026;0.0026;0.0026;0.0026;0.0;49
mcad;border_margin_wrong_grain;Border – marge avec grain trop grossier;border;1;0;0.0;0.0;;;0;0;0;0.0;0.0;0.0;1.0;0.0;0.0;0.2041;0.2041;0.2041;0.2041;0.2041;0.0;49
baseline_naive;border_margin_wrong_grain;Border – marge avec grain trop grossier;border;1;1;0.0;0.0;;;1;0;1;1.0;0.0;1.0;0.0;0.0;0.0;0.0009;0.0009;0.0009;0.0009;0.0009;0.0;49
baseline_measure_overlap;border_margin_wrong_grain;Border – marge avec grain trop grossier;border;1;1;0.0;0.0;;;1;0;1;1.0;0.0;1.0;0.0;0.0;0.0;0.0126;0.0126;0.0126;0.0126;0.0126;0.0;49
ablation_no_sat;border_margin_wrong_grain;Border – marge avec grain trop grossier;border;1;0;0.0;0.0;;;0;0;0;0.0;0.0;0.0;1.0;0.0;0.0;0.4518;0.4518;0.4518;0.4518;0.4518;0.0;49
ablation_no_real;border_margin_wrong_grain;Border – marge avec grain trop grossier;border;1;0;0.0;0.0;;;0;0;0;0.0;0.0;0.0;1.0;0.0;0.0;0.2034;0.2034;0.2034;0.2034;0.2034;0.0;49
ablation_ceval_any_intersection;border_margin_wrong_grain;Border – marge avec grain trop grossier;border;1;0;0.0;0.0;;;0;0;0;0.0;0.0;0.0;1.0;0.0;0.0;0.1954;0.1954;0.1954;0.1954;0.1954;0.0;49
baseline_random_matched;border_margin_wrong_grain;Border – marge avec grain trop grossier;border;1;0;0.0;0.0;;;0;0;0;0.0;0.0;0.0;0.0;0.0;0.0;0.0023;0.0023;0.0023;0.0023;0.0023;0.0;49
mcad;border_stockout_missing_store;Border – rupture sans grain magasin;border;1;0;0.0;0.0;;;0;0;0;0.0;0.0;0.0;1.0;0.0;0.0;0.2063;0.2063;0.2063;0.2063;0.2063;0.0;49
baseline_naive;border_stockout_missing_store;Border – rupture sans grain magasin;border;1;1;0.0;0.0;;;1;0;1;1.0;0.0;1.0;0.0;0.0;0.0;0.001;0.001;0.001;0.001;0.001;0.0;49
baseline_measure_overlap;border_stockout_missing_store;Border – rupture sans grain magasin;border;1;1;0.0;0.0;;;1;0;1;1.0;0.0;1.0;0.0;0.0;0.0;0.0135;0.0135;0.0135;0.0135;0.0135;0.0;49
ablation_no_sat;border_stockout_missing_store;Border – rupture sans grain magasin;border;1;0;0.0;0.0;;;0;0;0;0.0;0.0;0.0;1.0;0.0;0.0;0.4254;0.4254;0.4254;0.4254;0.4254;0.0;49
ablation_no_real;border_stockout_missing_store;Border – rupture sans grain magasin;border;1;0;0.0;0.0;;;0;0;0;0.0;0.0;0.0;1.0;0.0;0.0;0.2021;0.2021;0.2021;0.2021;0.2021;0.0;49
ablation_ceval_any_intersection;border_stockout_missing_store;Border – rupture sans grain magasin;border;1;0;0.0;0.0;;;0;0;0;0.0;0.0;0.0;1.0;0.0;0.0;0.1942;0.1942;0.1942;0.1942;0.1942;0.0;49
baseline_random_matched;border_stockout_missing_store;Border – rupture sans grain magasin;border;1;1;0.0;0.0;;;1;0;1;1.0;0.0;1.0;0.0;0.0;0.0;0.0024;0.0024;0.0024;0.0024;0.0024;0.0;49
mcad;adversarial_wrong_region;Adversarial – bonne mesure mais mauvaise région;adversarial;1;0;0.0;0.0;;;0;0;0;0.0;0.0;0.0;1.0;0.0;0.0;0.1714;0.1714;0.1714;0.1714;0.1714;0.0;49
baseline_naive;adversarial_wrong_region;Adversarial – bonne mesure mais mauvaise région;adversarial;1;1;0.0;0.0;;;1;0;1;1.0;0.0;1.0;0.0;0.0;0.0;0.0009;0.0009;0.0009;0.0009;0.0009;0.0;49
baseline_measure_overlap;adversarial_wrong_region;Adversarial – bonne mesure mais mauvaise région;adversarial;1;1;0.0;0.0;;;1;0;1;1.0;0.0;1.0;0.0;0.0;0.0;0.0127;0.0127;0.0127;0.0127;0.0127;0.0;49
ablation_no_sat;adversarial_wrong_region;Adversarial – bonne mesure mais mauvaise région;adversarial;1;0;0.0;0.0;;;0;0;0;0.0;0.0;0.0;1.0;0.0;0.0;0.353;0.353;0.353;0.353;0.353;0.0;49
ablation_no_real;adversarial_wrong_region;Adversarial – bonne mesure mais mauvaise région;adversarial;1;0;0.0;0.0;;;0;0;0;0.0;0.0;0.0;1.0;0.0;0.0;0.3054;0.3054;0.3054;0.3054;0.3054;0.0;49
ablation_ceval_any_intersection;adversarial_wrong_region;Adversarial – bonne mesure mais mauvaise région;adversarial;1;0;0.0;0.0;;;0;0;0;0.0;0.0;0.0;1.0;0.0;0.0;0.1673;0.1673;0.1673;0.1673;0.1673;0.0;49
baseline_random_matched;adversarial_wrong_region;Adversarial – bonne mesure mais mauvaise région;adversarial;1;0;0.0;0.0;;;0;0;0;0.0;0.0;0.0;0.0;0.0;0.0;0.0025;0.0025;0.0025;0.0025;0.0025;0.0;49
mcad;adversarial_wrong_year;Adversarial – bonne structure mais mauvaise année;adversarial;1;0;0.0;0.0;;;0;0;0;0.0;0.0;0.0;1.0;0.0;0.0;0.165;0.165;0.165;0.165;0.165;0.0;49
baseline_naive;adversarial_wrong_year;Adversarial – bonne structure mais mauvaise année;adversarial;1;1;0.0;0.0;;;1;0;1;1.0;0.0;1.0;0.0;0.0;0.0;0.0009;0.0009;0.0009;0.0009;0.0009;0.0;49
baseline_measure_overlap;adversarial_wrong_year;Adversarial – bonne structure mais mauvaise année;adversarial;1;1;0.0;0.0;;;1;0;1;1.0;0.0;1.0;0.0;0.0;0.0;0.0127;0.0127;0.0127;0.0127;0.0127;0.0;49
ablation_no_sat;adversarial_wrong_year;Adversarial – bonne structure mais mauvaise année;adversarial;1;0;0.0;0.0;;;0;0;0;0.0;0.0;0.0;1.0;0.0;0.0;0.3041;0.3041;0.3041;0.3041;0.3041;0.0;49
ablation_no_real;adversarial_wrong_year;Adversarial – bonne structure mais mauvaise année;adversarial;1;0;0.0;0.0;;;0;0;0;0.0;0.0;0.0;1.0;0.0;0.0;0.1728;0.1728;0.1728;0.1728;0.1728;0.0;49
ablation_ceval_any_intersection;adversarial_wrong_year;Adversarial – bonne structure mais mauvaise année;adversarial;1;0;0.0;0.0;;;0;0;0;0.0;0.0;0.0;1.0;0.0;0.0;0.1629;0.1629;0.1629;0.1629;0.1629;0.0;49
baseline_random_matched;adversarial_wrong_year;Adversarial – bonne structure mais mauvaise année;adversarial;1;1;0.0;0.0;;;1;0;1;1.0;0.0;1.0;0.0;0.0;0.0;0.0023;0.0023;0.0023;0.0023;0.0023;0.0;49
mcad;adversarial_invalid_no_measures;Adversarial – requête invalide sans mesure;adversarial;1;0;0.0;0.0;;;0;0;0;0.0;0.0;0.0;1.0;0.0;0.0;0.0721;0.0721;0.0721;0.0721;0.0721;0.0;49
baseline_naive;adversarial_invalid_no_measures;Adversarial – requête invalide sans mesure;adversarial;1;1;0.0;0.0;;;1;0;1;1.0;0.0;1.0;0.0;0.0;0.0;0.0009;0.0009;0.0009;0.0009;0.0009;0.0;49
baseline_measure_overlap;adversarial_invalid_no_measures;Adversarial – requête invalide sans mesure;adversarial;1;0;0.0;0.0;;;0;0;0;0.0;0.0;0.0;0.0;0.0;0.0;0.0142;0.0142;0.0142;0.0142;0.0142;0.0;49
ablation_no_sat;adversarial_invalid_no_measures;Adversarial – requête invalide sans mesure;adversarial;1;0;0.0;0.0;;;0;0;0;0.0;0.0;0.0;1.0;0.0;0.0;0.0947;0.0947;0.0947;0.0947;0.0947;0.0;49
ablation_no_real;adversarial_invalid_no_measures;Adversarial – requête invalide sans mesure;adversarial;1;0;0.0;0.0;;;0;0;0;0.0;0.0;0.0;1.0;0.0;0.0;0.1394;0.1394;0.1394;0.1394;0.1394;0.0;49
ablation_ceval_any_intersection;adversarial_invalid_no_measures;Adversarial – requête invalide sans mesure;adversarial;1;0;0.0;0.0;;;0;0;0;0.0;0.0;0.0;1.0;0.0;0.0;0.0762;0.0762;0.0762;0.0762;0.0762;0.0;49
baseline_random_matched;adversarial_invalid_no_measures;Adversarial – requête invalide sans mesure;adversarial;1;1;0.0;0.0;;;1;0;1;1.0;0.0;1.0;0.0;0.0;0.0;0.0027;0.0027;0.0027;0.0027;0.0027;0.0;49
mcad;stress_exploratory_then_useful;Stress – bruit exploratoire avant requête utile;stress;3;1;0.333333;0.111111;;;0;0;0;0.0;0.0;0.0;0.666667;0.0;0.0;0.199833;0.2062;0.24643;0.250006;0.2062;0.19665;49
baseline_naive;stress_exploratory_then_useful;Stress – bruit exploratoire avant requête utile;stress;3;3;0.333333;0.111111;;;2;0;2;0.666667;0.0;0.666667;0.0;0.0;0.0;0.0006;0.0005;0.00095;0.00099;0.001;0.0004;49
baseline_measure_overlap;stress_exploratory_then_useful;Stress – bruit exploratoire avant requête utile;stress;3;3;0.333333;0.111111;;;2;0;2;0.666667;0.0;0.666667;0.0;0.0;0.0;0.0079;0.0054;0.01323;0.013926;0.0141;0.0048;49
ablation_no_sat;stress_exploratory_then_useful;Stress – bruit exploratoire avant requête utile;stress;3;1;0.333333;0.111111;;;0;0;0;0.0;0.0;0.0;0.666667;0.0;0.0;0.222433;0.2462;0.24971;0.250022;0.2501;0.2086;49
ablation_no_real;stress_exploratory_then_useful;Stress – bruit exploratoire avant requête utile;stress;3;1;0.333333;0.111111;;;0;0;0;0.0;0.0;0.0;0.666667;0.0;0.0;0.3491;0.3309;0.43323;0.442326;0.3309;0.3582;49
ablation_ceval_any_intersection;stress_exploratory_then_useful;Stress – bruit exploratoire avant requête utile;stress;3;1;0.333333;0.111111;;;0;0;0;0.0;0.0;0.0;0.666667;0.0;0.0;0.192567;0.1943;0.23948;0.243496;0.1943;0.1917;49
baseline_random_matched;stress_exploratory_then_useful;Stress – bruit exploratoire avant requête utile;stress;3;2;0.0;0.0;;;2;1;2;0.666667;0.333333;1.0;0.0;0.0;0.0;0.001233;0.0006;0.00231;0.002462;0.0025;0.0006;49
