policy;scenario_id;scenario_type;step_idx;step_name;oracle_allow;oracle_ceval;allow;false_allow;false_block;executed_non_contrib;phi_leq_t;latency_ms;sat;real_size;ceval_size;repeat_id
mcad;happy_guided_article_short;happy;1;Q1_margin_month;True;c1;True;0;0;0;0.333333;0.2909;True;1;1;0
mcad;happy_guided_article_short;happy;2;Q2_stockout_store;True;c2;True;0;0;0;0.666667;0.2467;True;1;1;0
mcad;happy_guided_article_short;happy;3;Q3_sales_growth;True;c3;True;0;0;0;1.0;0.3339;True;2;1;0
baseline_naive;happy_guided_article_short;happy;1;Q1_margin_month;True;c1;True;0;0;0;0.333333;0.0012;;0;0;0
baseline_naive;happy_guided_article_short;happy;2;Q2_stockout_store;True;c2;True;0;0;0;0.666667;0.0006;;0;0;0
baseline_naive;happy_guided_article_short;happy;3;Q3_sales_growth;True;c3;True;0;0;0;1.0;0.0004;;0;0;0
baseline_measure_overlap;happy_guided_article_short;happy;1;Q1_margin_month;True;c1;True;0;0;0;0.333333;0.0216;;0;0;0
baseline_measure_overlap;happy_guided_article_short;happy;2;Q2_stockout_store;True;c2;True;0;0;0;0.666667;0.0072;;0;0;0
baseline_measure_overlap;happy_guided_article_short;happy;3;Q3_sales_growth;True;c3;True;0;0;0;1.0;0.0051;;0;0;0
ablation_no_sat;happy_guided_article_short;happy;1;Q1_margin_month;True;c1;True;0;0;0;0.333333;0.4274;True;1;1;0
ablation_no_sat;happy_guided_article_short;happy;2;Q2_stockout_store;True;c2;True;0;0;0;0.666667;0.393;True;1;1;0
ablation_no_sat;happy_guided_article_short;happy;3;Q3_sales_growth;True;c3;True;0;0;0;1.0;0.5497;True;2;1;0
ablation_no_real;happy_guided_article_short;happy;1;Q1_margin_month;True;c1;True;0;0;0;0.333333;0.3023;True;1;1;0
ablation_no_real;happy_guided_article_short;happy;2;Q2_stockout_store;True;c2;True;0;0;0;0.666667;0.2585;True;1;1;0
ablation_no_real;happy_guided_article_short;happy;3;Q3_sales_growth;True;c3;True;0;0;0;1.0;0.3441;True;2;1;0
ablation_ceval_any_intersection;happy_guided_article_short;happy;1;Q1_margin_month;True;c1;True;0;0;0;0.333333;0.274;True;1;1;0
ablation_ceval_any_intersection;happy_guided_article_short;happy;2;Q2_stockout_store;True;c2;True;0;0;0;0.666667;0.2452;True;1;1;0
ablation_ceval_any_intersection;happy_guided_article_short;happy;3;Q3_sales_growth;True;c3;True;0;0;0;1.0;0.3398;True;2;1;0
baseline_random_matched;happy_guided_article_short;happy;1;Q1_margin_month;True;c1;False;0;1;0;0.0;0.0033;;0;0;0
baseline_random_matched;happy_guided_article_short;happy;2;Q2_stockout_store;True;c2;True;0;0;0;0.333333;0.001;;0;0;0
baseline_random_matched;happy_guided_article_short;happy;3;Q3_sales_growth;True;c3;True;0;0;0;0.666667;0.0006;;0;0;0
mcad;happy_guided_reordered;happy;1;Q1_sales_growth;True;c3;True;0;0;0;0.333333;0.3776;True;2;1;0
mcad;happy_guided_reordered;happy;2;Q2_margin_month;True;c1;True;0;0;0;0.666667;0.2512;True;1;1;0
mcad;happy_guided_reordered;happy;3;Q3_stockout_store;True;c2;True;0;0;0;1.0;0.2408;True;1;1;0
baseline_naive;happy_guided_reordered;happy;1;Q1_sales_growth;True;c3;True;0;0;0;0.333333;0.0009;;0;0;0
baseline_naive;happy_guided_reordered;happy;2;Q2_margin_month;True;c1;True;0;0;0;0.666667;0.0005;;0;0;0
baseline_naive;happy_guided_reordered;happy;3;Q3_stockout_store;True;c2;True;0;0;0;1.0;0.0003;;0;0;0
baseline_measure_overlap;happy_guided_reordered;happy;1;Q1_sales_growth;True;c3;True;0;0;0;0.333333;0.0137;;0;0;0
baseline_measure_overlap;happy_guided_reordered;happy;2;Q2_margin_month;True;c1;True;0;0;0;0.666667;0.0053;;0;0;0
baseline_measure_overlap;happy_guided_reordered;happy;3;Q3_stockout_store;True;c2;True;0;0;0;1.0;0.0044;;0;0;0
ablation_no_sat;happy_guided_reordered;happy;1;Q1_sales_growth;True;c3;True;0;0;0;0.333333;0.6112;True;2;1;0
ablation_no_sat;happy_guided_reordered;happy;2;Q2_margin_month;True;c1;True;0;0;0;0.666667;0.4379;True;1;1;0
ablation_no_sat;happy_guided_reordered;happy;3;Q3_stockout_store;True;c2;True;0;0;0;1.0;0.4209;True;1;1;0
ablation_no_real;happy_guided_reordered;happy;1;Q1_sales_growth;True;c3;True;0;0;0;0.333333;0.376;True;2;1;0
ablation_no_real;happy_guided_reordered;happy;2;Q2_margin_month;True;c1;True;0;0;0;0.666667;0.2553;True;1;1;0
ablation_no_real;happy_guided_reordered;happy;3;Q3_stockout_store;True;c2;True;0;0;0;1.0;0.2732;True;1;1;0
ablation_ceval_any_intersection;happy_guided_reordered;happy;1;Q1_sales_growth;True;c3;True;0;0;0;0.333333;0.5826;True;2;1;0
ablation_ceval_any_intersection;happy_guided_reordered;happy;2;Q2_margin_month;True;c1;True;0;0;0;0.666667;0.4227;True;1;1;0
ablation_ceval_any_intersection;happy_guided_reordered;happy;3;Q3_stockout_store;True;c2;True;0;0;0;1.0;0.7419;True;1;1;0
baseline_random_matched;happy_guided_reordered;happy;1;Q1_sales_growth;True;c3;True;0;0;0;0.333333;0.0028;;0;0;0
baseline_random_matched;happy_guided_reordered;happy;2;Q2_margin_month;True;c1;False;0;1;0;0.333333;0.0008;;0;0;0
baseline_random_matched;happy_guided_reordered;happy;3;Q3_stockout_store;True;c2;True;0;0;0;0.666667;0.0005;;0;0;0
mcad;happy_guided_compact;happy;1;Q1_margin_month;True;c1;True;0;0;0;0.333333;0.2788;True;1;1;0
mcad;happy_guided_compact;happy;2;Q2_sales_growth;True;c3;True;0;0;0;0.666667;0.3362;True;2;1;0
mcad;happy_guided_compact;happy;3;Q3_stockout_store;True;c2;True;0;0;0;1.0;0.2514;True;1;1;0
baseline_naive;happy_guided_compact;happy;1;Q1_margin_month;True;c1;True;0;0;0;0.333333;0.0009;;0;0;0
baseline_naive;happy_guided_compact;happy;2;Q2_sales_growth;True;c3;True;0;0;0;0.666667;0.0005;;0;0;0
baseline_naive;happy_guided_compact;happy;3;Q3_stockout_store;True;c2;True;0;0;0;1.0;0.0003;;0;0;0
baseline_measure_overlap;happy_guided_compact;happy;1;Q1_margin_month;True;c1;True;0;0;0;0.333333;0.0132;;0;0;0
baseline_measure_overlap;happy_guided_compact;happy;2;Q2_sales_growth;True;c3;True;0;0;0;0.666667;0.0053;;0;0;0
baseline_measure_overlap;happy_guided_compact;happy;3;Q3_stockout_store;True;c2;True;0;0;0;1.0;0.0044;;0;0;0
ablation_no_sat;happy_guided_compact;happy;1;Q1_margin_month;True;c1;True;0;0;0;0.333333;0.2885;True;1;1;0
ablation_no_sat;happy_guided_compact;happy;2;Q2_sales_growth;True;c3;True;0;0;0;0.666667;0.3401;True;2;1;0
ablation_no_sat;happy_guided_compact;happy;3;Q3_stockout_store;True;c2;True;0;0;0;1.0;0.2449;True;1;1;0
ablation_no_real;happy_guided_compact;happy;1;Q1_margin_month;True;c1;True;0;0;0;0.333333;0.3976;True;1;1;0
ablation_no_real;happy_guided_compact;happy;2;Q2_sales_growth;True;c3;True;0;0;0;0.666667;0.343;True;2;1;0
ablation_no_real;happy_guided_compact;happy;3;Q3_stockout_store;True;c2;True;0;0;0;1.0;0.2475;True;1;1;0
ablation_ceval_any_intersection;happy_guided_compact;happy;1;Q1_margin_month;True;c1;True;0;0;0;0.333333;0.275;True;1;1;0
ablation_ceval_any_intersection;happy_guided_compact;happy;2;Q2_sales_growth;True;c3;True;0;0;0;0.666667;0.3454;True;2;1;0
ablation_ceval_any_intersection;happy_guided_compact;happy;3;Q3_stockout_store;True;c2;True;0;0;0;1.0;0.2394;True;1;1;0
baseline_random_matched;happy_guided_compact;happy;1;Q1_margin_month;True;c1;True;0;0;0;0.333333;0.0028;;0;0;0
baseline_random_matched;happy_guided_compact;happy;2;Q2_sales_growth;True;c3;True;0;0;0;0.666667;0.0007;;0;0;0
baseline_random_matched;happy_guided_compact;happy;3;Q3_stockout_store;True;c2;False;0;1;0;0.666667;0.0005;;0;0;0
mcad;border_growth_partial_1998_only;border;1;Q1_sales_1998_only;False;;False;0;0;0;0.0;0.3503;True;1;0;0
baseline_naive;border_growth_partial_1998_only;border;1;Q1_sales_1998_only;False;;True;1;0;1;0.0;0.0009;;0;0;0
baseline_measure_overlap;border_growth_partial_1998_only;border;1;Q1_sales_1998_only;False;;True;1;0;1;0.0;0.0131;;0;0;0
ablation_no_sat;border_growth_partial_1998_only;border;1;Q1_sales_1998_only;False;;False;0;0;0;0.0;0.3409;True;1;0;0
ablation_no_real;border_growth_partial_1998_only;border;1;Q1_sales_1998_only;False;;True;1;0;1;0.0;0.5159;True;1;0;0
ablation_ceval_any_intersection;border_growth_partial_1998_only;border;1;Q1_sales_1998_only;False;;True;1;0;1;0.0;0.3387;True;1;1;0
baseline_random_matched;border_growth_partial_1998_only;border;1;Q1_sales_1998_only;False;;True;1;0;1;0.0;0.0028;;0;0;0
mcad;border_margin_wrong_grain;border;1;Q1_margin_quarter_only;False;;False;0;0;0;0.0;0.1984;False;0;0;0
baseline_naive;border_margin_wrong_grain;border;1;Q1_margin_quarter_only;False;;True;1;0;1;0.0;0.001;;0;0;0
baseline_measure_overlap;border_margin_wrong_grain;border;1;Q1_margin_quarter_only;False;;True;1;0;1;0.0;0.0132;;0;0;0
ablation_no_sat;border_margin_wrong_grain;border;1;Q1_margin_quarter_only;False;;False;0;0;0;0.0;0.4395;False;0;0;0
ablation_no_real;border_margin_wrong_grain;border;1;Q1_margin_quarter_only;False;;False;0;0;0;0.0;0.215;False;0;0;0
ablation_ceval_any_intersection;border_margin_wrong_grain;border;1;Q1_margin_quarter_only;False;;False;0;0;0;0.0;0.2025;False;0;0;0
baseline_random_matched;border_margin_wrong_grain;border;1;Q1_margin_quarter_only;False;;False;0;0;0;0.0;0.003;;0;0;0
mcad;border_stockout_missing_store;border;1;Q1_stockout_category_only;False;;False;0;0;0;0.0;0.1962;False;0;0;0
baseline_naive;border_stockout_missing_store;border;1;Q1_stockout_category_only;False;;True;1;0;1;0.0;0.0011;;0;0;0
baseline_measure_overlap;border_stockout_missing_store;border;1;Q1_stockout_category_only;False;;True;1;0;1;0.0;0.014;;0;0;0
ablation_no_sat;border_stockout_missing_store;border;1;Q1_stockout_category_only;False;;False;0;0;0;0.0;0.4196;False;0;0;0
ablation_no_real;border_stockout_missing_store;border;1;Q1_stockout_category_only;False;;False;0;0;0;0.0;0.2037;False;0;0;0
ablation_ceval_any_intersection;border_stockout_missing_store;border;1;Q1_stockout_category_only;False;;False;0;0;0;0.0;0.1937;False;0;0;0
baseline_random_matched;border_stockout_missing_store;border;1;Q1_stockout_category_only;False;;True;1;0;1;0.0;0.0024;;0;0;0
mcad;adversarial_wrong_region;adversarial;1;Q1_margin_south;False;;False;0;0;0;0.0;0.1703;False;0;0;0
baseline_naive;adversarial_wrong_region;adversarial;1;Q1_margin_south;False;;True;1;0;1;0.0;0.0009;;0;0;0
baseline_measure_overlap;adversarial_wrong_region;adversarial;1;Q1_margin_south;False;;True;1;0;1;0.0;0.0133;;0;0;0
ablation_no_sat;adversarial_wrong_region;adversarial;1;Q1_margin_south;False;;False;0;0;0;0.0;0.3553;False;0;0;0
ablation_no_real;adversarial_wrong_region;adversarial;1;Q1_margin_south;False;;False;0;0;0;0.0;0.2779;False;0;0;0
ablation_ceval_any_intersection;adversarial_wrong_region;adversarial;1;Q1_margin_south;False;;False;0;0;0;0.0;0.1714;False;0;0;0
baseline_random_matched;adversarial_wrong_region;adversarial;1;Q1_margin_south;False;;True;1;0;1;0.0;0.0021;;0;0;0
mcad;adversarial_wrong_year;adversarial;1;Q1_stockout_1997;False;;False;0;0;0;0.0;0.165;False;0;0;0
baseline_naive;adversarial_wrong_year;adversarial;1;Q1_stockout_1997;False;;True;1;0;1;0.0;0.0009;;0;0;0
baseline_measure_overlap;adversarial_wrong_year;adversarial;1;Q1_stockout_1997;False;;True;1;0;1;0.0;0.0136;;0;0;0
ablation_no_sat;adversarial_wrong_year;adversarial;1;Q1_stockout_1997;False;;False;0;0;0;0.0;0.1898;False;0;0;0
ablation_no_real;adversarial_wrong_year;adversarial;1;Q1_stockout_1997;False;;False;0;0;0;0.0;0.2721;False;0;0;0
ablation_ceval_any_intersection;adversarial_wrong_year;adversarial;1;Q1_stockout_1997;False;;False;0;0;0;0.0;0.1664;False;0;0;0
baseline_random_matched;adversarial_wrong_year;adversarial;1;Q1_stockout_1997;False;;True;1;0;1;0.0;0.0021;;0;0;0
mcad;adversarial_invalid_no_measures;adversarial;1;Q1_invalid_no_measure;False;;False;0;0;0;0.0;0.072;False;0;0;0
baseline_naive;adversarial_invalid_no_measures;adversarial;1;Q1_invalid_no_measure;False;;True;1;0;1;0.0;0.0008;;0;0;0
baseline_measure_overlap;adversarial_invalid_no_measures;adversarial;1;Q1_invalid_no_measure;False;;False;0;0;0;0.0;0.0129;;0;0;0
ablation_no_sat;adversarial_invalid_no_measures;adversarial;1;Q1_invalid_no_measure;False;;False;0;0;0;0.0;0.0967;False;0;0;0
ablation_no_real;adversarial_invalid_no_measures;adversarial;1;Q1_invalid_no_measure;False;;False;0;0;0;0.0;0.0773;False;0;0;0
ablation_ceval_any_intersection;adversarial_invalid_no_measures;adversarial;1;Q1_invalid_no_measure;False;;False;0;0;0;0.0;0.095;False;0;0;0
baseline_random_matched;adversarial_invalid_no_measures;adversarial;1;Q1_invalid_no_measure;False;;True;1;0;1;0.0;0.0025;;0;0;0
mcad;stress_exploratory_then_useful;stress;1;Q1_noise_region;False;;False;0;0;0;0.0;0.1991;False;0;0;0
mcad;stress_exploratory_then_useful;stress;2;Q2_noise_margin_all;False;;False;0;0;0;0.0;0.141;False;0;0;0
mcad;stress_exploratory_then_useful;stress;3;Q3_useful_margin;True;c1;True;0;0;0;0.333333;0.2512;True;1;1;0
baseline_naive;stress_exploratory_then_useful;stress;1;Q1_noise_region;False;;True;1;0;1;0.0;0.0009;;0;0;0
baseline_naive;stress_exploratory_then_useful;stress;2;Q2_noise_margin_all;False;;True;1;0;1;0.0;0.0005;;0;0;0
baseline_naive;stress_exploratory_then_useful;stress;3;Q3_useful_margin;True;c1;True;0;0;0;0.333333;0.0003;;0;0;0
baseline_measure_overlap;stress_exploratory_then_useful;stress;1;Q1_noise_region;False;;True;1;0;1;0.0;0.0141;;0;0;0
baseline_measure_overlap;stress_exploratory_then_useful;stress;2;Q2_noise_margin_all;False;;True;1;0;1;0.0;0.0054;;0;0;0
baseline_measure_overlap;stress_exploratory_then_useful;stress;3;Q3_useful_margin;True;c1;True;0;0;0;0.333333;0.0041;;0;0;0
ablation_no_sat;stress_exploratory_then_useful;stress;1;Q1_noise_region;False;;False;0;0;0;0.0;0.2521;False;0;0;0
ablation_no_sat;stress_exploratory_then_useful;stress;2;Q2_noise_margin_all;False;;False;0;0;0;0.0;0.1692;False;0;0;0
ablation_no_sat;stress_exploratory_then_useful;stress;3;Q3_useful_margin;True;c1;True;0;0;0;0.333333;0.2441;True;1;1;0
ablation_no_real;stress_exploratory_then_useful;stress;1;Q1_noise_region;False;;False;0;0;0;0.0;0.2048;False;0;0;0
ablation_no_real;stress_exploratory_then_useful;stress;2;Q2_noise_margin_all;False;;False;0;0;0;0.0;0.1481;False;0;0;0
ablation_no_real;stress_exploratory_then_useful;stress;3;Q3_useful_margin;True;c1;True;0;0;0;0.333333;0.2628;True;1;1;0
ablation_ceval_any_intersection;stress_exploratory_then_useful;stress;1;Q1_noise_region;False;;False;0;0;0;0.0;0.2906;False;0;0;0
ablation_ceval_any_intersection;stress_exploratory_then_useful;stress;2;Q2_noise_margin_all;False;;False;0;0;0;0.0;0.2368;False;0;0;0
ablation_ceval_any_intersection;stress_exploratory_then_useful;stress;3;Q3_useful_margin;True;c1;True;0;0;0;0.333333;0.3879;True;1;1;0
baseline_random_matched;stress_exploratory_then_useful;stress;1;Q1_noise_region;False;;True;1;0;1;0.0;0.0027;;0;0;0
baseline_random_matched;stress_exploratory_then_useful;stress;2;Q2_noise_margin_all;False;;True;1;0;1;0.0;0.0006;;0;0;0
baseline_random_matched;stress_exploratory_then_useful;stress;3;Q3_useful_margin;True;c1;True;0;0;0;0.333333;0.0005;;0;0;0
mcad;happy_guided_article_short;happy;1;Q1_margin_month;True;c1;True;0;0;0;0.333333;0.2919;True;1;1;1
mcad;happy_guided_article_short;happy;2;Q2_stockout_store;True;c2;True;0;0;0;0.666667;0.2446;True;1;1;1
mcad;happy_guided_article_short;happy;3;Q3_sales_growth;True;c3;True;0;0;0;1.0;0.3321;True;2;1;1
baseline_naive;happy_guided_article_short;happy;1;Q1_margin_month;True;c1;True;0;0;0;0.333333;0.0009;;0;0;1
baseline_naive;happy_guided_article_short;happy;2;Q2_stockout_store;True;c2;True;0;0;0;0.666667;0.0004;;0;0;1
baseline_naive;happy_guided_article_short;happy;3;Q3_sales_growth;True;c3;True;0;0;0;1.0;0.0003;;0;0;1
baseline_measure_overlap;happy_guided_article_short;happy;1;Q1_margin_month;True;c1;True;0;0;0;0.333333;0.0132;;0;0;1
baseline_measure_overlap;happy_guided_article_short;happy;2;Q2_stockout_store;True;c2;True;0;0;0;0.666667;0.0051;;0;0;1
baseline_measure_overlap;happy_guided_article_short;happy;3;Q3_sales_growth;True;c3;True;0;0;0;1.0;0.0045;;0;0;1
ablation_no_sat;happy_guided_article_short;happy;1;Q1_margin_month;True;c1;True;0;0;0;0.333333;0.2906;True;1;1;1
ablation_no_sat;happy_guided_article_short;happy;2;Q2_stockout_store;True;c2;True;0;0;0;0.666667;0.2418;True;1;1;1
ablation_no_sat;happy_guided_article_short;happy;3;Q3_sales_growth;True;c3;True;0;0;0;1.0;0.3263;True;2;1;1
ablation_no_real;happy_guided_article_short;happy;1;Q1_margin_month;True;c1;True;0;0;0;0.333333;0.5761;True;1;1;1
ablation_no_real;happy_guided_article_short;happy;2;Q2_stockout_store;True;c2;True;0;0;0;0.666667;0.5282;True;1;1;1
ablation_no_real;happy_guided_article_short;happy;3;Q3_sales_growth;True;c3;True;0;0;0;1.0;0.6532;True;2;1;1
ablation_ceval_any_intersection;happy_guided_article_short;happy;1;Q1_margin_month;True;c1;True;0;0;0;0.333333;0.4734;True;1;1;1
ablation_ceval_any_intersection;happy_guided_article_short;happy;2;Q2_stockout_store;True;c2;True;0;0;0;0.666667;0.4149;True;1;1;1
ablation_ceval_any_intersection;happy_guided_article_short;happy;3;Q3_sales_growth;True;c3;True;0;0;0;1.0;0.5685;True;2;1;1
baseline_random_matched;happy_guided_article_short;happy;1;Q1_margin_month;True;c1;True;0;0;0;0.333333;0.0033;;0;0;1
baseline_random_matched;happy_guided_article_short;happy;2;Q2_stockout_store;True;c2;True;0;0;0;0.666667;0.0006;;0;0;1
baseline_random_matched;happy_guided_article_short;happy;3;Q3_sales_growth;True;c3;False;0;1;0;0.666667;0.0005;;0;0;1
mcad;happy_guided_reordered;happy;1;Q1_sales_growth;True;c3;True;0;0;0;0.333333;0.3817;True;2;1;1
mcad;happy_guided_reordered;happy;2;Q2_margin_month;True;c1;True;0;0;0;0.666667;0.2479;True;1;1;1
mcad;happy_guided_reordered;happy;3;Q3_stockout_store;True;c2;True;0;0;0;1.0;0.2407;True;1;1;1
baseline_naive;happy_guided_reordered;happy;1;Q1_sales_growth;True;c3;True;0;0;0;0.333333;0.0011;;0;0;1
baseline_naive;happy_guided_reordered;happy;2;Q2_margin_month;True;c1;True;0;0;0;0.666667;0.0004;;0;0;1
baseline_naive;happy_guided_reordered;happy;3;Q3_stockout_store;True;c2;True;0;0;0;1.0;0.0003;;0;0;1
baseline_measure_overlap;happy_guided_reordered;happy;1;Q1_sales_growth;True;c3;True;0;0;0;0.333333;0.0148;;0;0;1
baseline_measure_overlap;happy_guided_reordered;happy;2;Q2_margin_month;True;c1;True;0;0;0;0.666667;0.0053;;0;0;1
baseline_measure_overlap;happy_guided_reordered;happy;3;Q3_stockout_store;True;c2;True;0;0;0;1.0;0.0043;;0;0;1
ablation_no_sat;happy_guided_reordered;happy;1;Q1_sales_growth;True;c3;True;0;0;0;0.333333;0.3703;True;2;1;1
ablation_no_sat;happy_guided_reordered;happy;2;Q2_margin_month;True;c1;True;0;0;0;0.666667;0.25;True;1;1;1
ablation_no_sat;happy_guided_reordered;happy;3;Q3_stockout_store;True;c2;True;0;0;0;1.0;0.2506;True;1;1;1
ablation_no_real;happy_guided_reordered;happy;1;Q1_sales_growth;True;c3;True;0;0;0;0.333333;0.6181;True;2;1;1
ablation_no_real;happy_guided_reordered;happy;2;Q2_margin_month;True;c1;True;0;0;0;0.666667;0.446;True;1;1;1
ablation_no_real;happy_guided_reordered;happy;3;Q3_stockout_store;True;c2;True;0;0;0;1.0;0.4196;True;1;1;1
ablation_ceval_any_intersection;happy_guided_reordered;happy;1;Q1_sales_growth;True;c3;True;0;0;0;0.333333;0.3732;True;2;1;1
ablation_ceval_any_intersection;happy_guided_reordered;happy;2;Q2_margin_month;True;c1;True;0;0;0;0.666667;0.2437;True;1;1;1
ablation_ceval_any_intersection;happy_guided_reordered;happy;3;Q3_stockout_store;True;c2;True;0;0;0;1.0;0.2354;True;1;1;1
baseline_random_matched;happy_guided_reordered;happy;1;Q1_sales_growth;True;c3;False;0;1;0;0.0;0.003;;0;0;1
baseline_random_matched;happy_guided_reordered;happy;2;Q2_margin_month;True;c1;True;0;0;0;0.333333;0.0007;;0;0;1
baseline_random_matched;happy_guided_reordered;happy;3;Q3_stockout_store;True;c2;True;0;0;0;0.666667;0.0004;;0;0;1
mcad;happy_guided_compact;happy;1;Q1_margin_month;True;c1;True;0;0;0;0.333333;0.2931;True;1;1;1
mcad;happy_guided_compact;happy;2;Q2_sales_growth;True;c3;True;0;0;0;0.666667;0.3322;True;2;1;1
mcad;happy_guided_compact;happy;3;Q3_stockout_store;True;c2;True;0;0;0;1.0;0.2389;True;1;1;1
baseline_naive;happy_guided_compact;happy;1;Q1_margin_month;True;c1;True;0;0;0;0.333333;0.0009;;0;0;1
baseline_naive;happy_guided_compact;happy;2;Q2_sales_growth;True;c3;True;0;0;0;0.666667;0.0005;;0;0;1
baseline_naive;happy_guided_compact;happy;3;Q3_stockout_store;True;c2;True;0;0;0;1.0;0.0003;;0;0;1
baseline_measure_overlap;happy_guided_compact;happy;1;Q1_margin_month;True;c1;True;0;0;0;0.333333;0.0143;;0;0;1
baseline_measure_overlap;happy_guided_compact;happy;2;Q2_sales_growth;True;c3;True;0;0;0;0.666667;0.0049;;0;0;1
baseline_measure_overlap;happy_guided_compact;happy;3;Q3_stockout_store;True;c2;True;0;0;0;1.0;0.0042;;0;0;1
ablation_no_sat;happy_guided_compact;happy;1;Q1_margin_month;True;c1;True;0;0;0;0.333333;0.2797;True;1;1;1
ablation_no_sat;happy_guided_compact;happy;2;Q2_sales_growth;True;c3;True;0;0;0;0.666667;0.3441;True;2;1;1
ablation_no_sat;happy_guided_compact;happy;3;Q3_stockout_store;True;c2;True;0;0;0;1.0;0.2414;True;1;1;1
ablation_no_real;happy_guided_compact;happy;1;Q1_margin_month;True;c1;True;0;0;0;0.333333;0.4756;True;1;1;1
ablation_no_real;happy_guided_compact;happy;2;Q2_sales_growth;True;c3;True;0;0;0;0.666667;0.5991;True;2;1;1
ablation_no_real;happy_guided_compact;happy;3;Q3_stockout_store;True;c2;True;0;0;0;1.0;0.4316;True;1;1;1
ablation_ceval_any_intersection;happy_guided_compact;happy;1;Q1_margin_month;True;c1;True;0;0;0;0.333333;0.2849;True;1;1;1
ablation_ceval_any_intersection;happy_guided_compact;happy;2;Q2_sales_growth;True;c3;True;0;0;0;0.666667;0.3298;True;2;1;1
ablation_ceval_any_intersection;happy_guided_compact;happy;3;Q3_stockout_store;True;c2;True;0;0;0;1.0;0.2395;True;1;1;1
baseline_random_matched;happy_guided_compact;happy;1;Q1_margin_month;True;c1;False;0;1;0;0.0;0.0027;;0;0;1
baseline_random_matched;happy_guided_compact;happy;2;Q2_sales_growth;True;c3;True;0;0;0;0.333333;0.0007;;0;0;1
baseline_random_matched;happy_guided_compact;happy;3;Q3_stockout_store;True;c2;False;0;1;0;0.333333;0.0006;;0;0;1
mcad;border_growth_partial_1998_only;border;1;Q1_sales_1998_only;False;;False;0;0;0;0.0;0.337;True;1;0;1
baseline_naive;border_growth_partial_1998_only;border;1;Q1_sales_1998_only;False;;True;1;0;1;0.0;0.0009;;0;0;1
baseline_measure_overlap;border_growth_partial_1998_only;border;1;Q1_sales_1998_only;False;;True;1;0;1;0.0;0.0139;;0;0;1
ablation_no_sat;border_growth_partial_1998_only;border;1;Q1_sales_1998_only;False;;False;0;0;0;0.0;0.3353;True;1;0;1
ablation_no_real;border_growth_partial_1998_only;border;1;Q1_sales_1998_only;False;;True;1;0;1;0.0;0.3411;True;1;0;1
ablation_ceval_any_intersection;border_growth_partial_1998_only;border;1;Q1_sales_1998_only;False;;True;1;0;1;0.0;0.3473;True;1;1;1
baseline_random_matched;border_growth_partial_1998_only;border;1;Q1_sales_1998_only;False;;False;0;0;0;0.0;0.0031;;0;0;1
mcad;border_margin_wrong_grain;border;1;Q1_margin_quarter_only;False;;False;0;0;0;0.0;0.1963;False;0;0;1
baseline_naive;border_margin_wrong_grain;border;1;Q1_margin_quarter_only;False;;True;1;0;1;0.0;0.001;;0;0;1
baseline_measure_overlap;border_margin_wrong_grain;border;1;Q1_margin_quarter_only;False;;True;1;0;1;0.0;0.0138;;0;0;1
ablation_no_sat;border_margin_wrong_grain;border;1;Q1_margin_quarter_only;False;;False;0;0;0;0.0;0.2708;False;0;0;1
ablation_no_real;border_margin_wrong_grain;border;1;Q1_margin_quarter_only;False;;False;0;0;0;0.0;0.2068;False;0;0;1
ablation_ceval_any_intersection;border_margin_wrong_grain;border;1;Q1_margin_quarter_only;False;;False;0;0;0;0.0;0.2914;False;0;0;1
baseline_random_matched;border_margin_wrong_grain;border;1;Q1_margin_quarter_only;False;;True;1;0;1;0.0;0.0037;;0;0;1
mcad;border_stockout_missing_store;border;1;Q1_stockout_category_only;False;;False;0;0;0;0.0;0.202;False;0;0;1
baseline_naive;border_stockout_missing_store;border;1;Q1_stockout_category_only;False;;True;1;0;1;0.0;0.0022;;0;0;1
baseline_measure_overlap;border_stockout_missing_store;border;1;Q1_stockout_category_only;False;;True;1;0;1;0.0;0.0144;;0;0;1
ablation_no_sat;border_stockout_missing_store;border;1;Q1_stockout_category_only;False;;False;0;0;0;0.0;0.2691;False;0;0;1
ablation_no_real;border_stockout_missing_store;border;1;Q1_stockout_category_only;False;;False;0;0;0;0.0;0.2057;False;0;0;1
ablation_ceval_any_intersection;border_stockout_missing_store;border;1;Q1_stockout_category_only;False;;False;0;0;0;0.0;0.1937;False;0;0;1
baseline_random_matched;border_stockout_missing_store;border;1;Q1_stockout_category_only;False;;True;1;0;1;0.0;0.0045;;0;0;1
mcad;adversarial_wrong_region;adversarial;1;Q1_margin_south;False;;False;0;0;0;0.0;0.1685;False;0;0;1
baseline_naive;adversarial_wrong_region;adversarial;1;Q1_margin_south;False;;True;1;0;1;0.0;0.001;;0;0;1
baseline_measure_overlap;adversarial_wrong_region;adversarial;1;Q1_margin_south;False;;True;1;0;1;0.0;0.0227;;0;0;1
ablation_no_sat;adversarial_wrong_region;adversarial;1;Q1_margin_south;False;;False;0;0;0;0.0;0.2163;False;0;0;1
ablation_no_real;adversarial_wrong_region;adversarial;1;Q1_margin_south;False;;False;0;0;0;0.0;0.1738;False;0;0;1
ablation_ceval_any_intersection;adversarial_wrong_region;adversarial;1;Q1_margin_south;False;;False;0;0;0;0.0;0.1687;False;0;0;1
baseline_random_matched;adversarial_wrong_region;adversarial;1;Q1_margin_south;False;;True;1;0;1;0.0;0.0035;;0;0;1
mcad;adversarial_wrong_year;adversarial;1;Q1_stockout_1997;False;;False;0;0;0;0.0;0.2742;False;0;0;1
baseline_naive;adversarial_wrong_year;adversarial;1;Q1_stockout_1997;False;;True;1;0;1;0.0;0.001;;0;0;1
baseline_measure_overlap;adversarial_wrong_year;adversarial;1;Q1_stockout_1997;False;;True;1;0;1;0.0;0.0193;;0;0;1
ablation_no_sat;adversarial_wrong_year;adversarial;1;Q1_stockout_1997;False;;False;0;0;0;0.0;0.2108;False;0;0;1
ablation_no_real;adversarial_wrong_year;adversarial;1;Q1_stockout_1997;False;;False;0;0;0;0.0;0.2808;False;0;0;1
ablation_ceval_any_intersection;adversarial_wrong_year;adversarial;1;Q1_stockout_1997;False;;False;0;0;0;0.0;0.1971;False;0;0;1
baseline_random_matched;adversarial_wrong_year;adversarial;1;Q1_stockout_1997;False;;False;0;0;0;0.0;0.003;;0;0;1
mcad;adversarial_invalid_no_measures;adversarial;1;Q1_invalid_no_measure;False;;False;0;0;0;0.0;0.0732;False;0;0;1
baseline_naive;adversarial_invalid_no_measures;adversarial;1;Q1_invalid_no_measure;False;;True;1;0;1;0.0;0.001;;0;0;1
baseline_measure_overlap;adversarial_invalid_no_measures;adversarial;1;Q1_invalid_no_measure;False;;False;0;0;0;0.0;0.0144;;0;0;1
ablation_no_sat;adversarial_invalid_no_measures;adversarial;1;Q1_invalid_no_measure;False;;False;0;0;0;0.0;0.1202;False;0;0;1
ablation_no_real;adversarial_invalid_no_measures;adversarial;1;Q1_invalid_no_measure;False;;False;0;0;0;0.0;0.0809;False;0;0;1
ablation_ceval_any_intersection;adversarial_invalid_no_measures;adversarial;1;Q1_invalid_no_measure;False;;False;0;0;0;0.0;0.1043;False;0;0;1
baseline_random_matched;adversarial_invalid_no_measures;adversarial;1;Q1_invalid_no_measure;False;;True;1;0;1;0.0;0.0032;;0;0;1
mcad;stress_exploratory_then_useful;stress;1;Q1_noise_region;False;;False;0;0;0;0.0;0.2008;False;0;0;1
mcad;stress_exploratory_then_useful;stress;2;Q2_noise_margin_all;False;;False;0;0;0;0.0;0.1409;False;0;0;1
mcad;stress_exploratory_then_useful;stress;3;Q3_useful_margin;True;c1;True;0;0;0;0.333333;0.2622;True;1;1;1
baseline_naive;stress_exploratory_then_useful;stress;1;Q1_noise_region;False;;True;1;0;1;0.0;0.0009;;0;0;1
baseline_naive;stress_exploratory_then_useful;stress;2;Q2_noise_margin_all;False;;True;1;0;1;0.0;0.0004;;0;0;1
baseline_naive;stress_exploratory_then_useful;stress;3;Q3_useful_margin;True;c1;True;0;0;0;0.333333;0.0003;;0;0;1
baseline_measure_overlap;stress_exploratory_then_useful;stress;1;Q1_noise_region;False;;True;1;0;1;0.0;0.0145;;0;0;1
baseline_measure_overlap;stress_exploratory_then_useful;stress;2;Q2_noise_margin_all;False;;True;1;0;1;0.0;0.0051;;0;0;1
baseline_measure_overlap;stress_exploratory_then_useful;stress;3;Q3_useful_margin;True;c1;True;0;0;0;0.333333;0.0039;;0;0;1
ablation_no_sat;stress_exploratory_then_useful;stress;1;Q1_noise_region;False;;False;0;0;0;0.0;0.4097;False;0;0;1
ablation_no_sat;stress_exploratory_then_useful;stress;2;Q2_noise_margin_all;False;;False;0;0;0;0.0;0.2929;False;0;0;1
ablation_no_sat;stress_exploratory_then_useful;stress;3;Q3_useful_margin;True;c1;True;0;0;0;0.333333;0.4838;True;1;1;1
ablation_no_real;stress_exploratory_then_useful;stress;1;Q1_noise_region;False;;False;0;0;0;0.0;0.2056;False;0;0;1
ablation_no_real;stress_exploratory_then_useful;stress;2;Q2_noise_margin_all;False;;False;0;0;0;0.0;0.1471;False;0;0;1
ablation_no_real;stress_exploratory_then_useful;stress;3;Q3_useful_margin;True;c1;True;0;0;0;0.333333;0.2548;True;1;1;1
ablation_ceval_any_intersection;stress_exploratory_then_useful;stress;1;Q1_noise_region;False;;False;0;0;0;0.0;0.3191;False;0;0;1
ablation_ceval_any_intersection;stress_exploratory_then_useful;stress;2;Q2_noise_margin_all;False;;False;0;0;0;0.0;0.2349;False;0;0;1
ablation_ceval_any_intersection;stress_exploratory_then_useful;stress;3;Q3_useful_margin;True;c1;True;0;0;0;0.333333;0.4182;True;1;1;1
baseline_random_matched;stress_exploratory_then_useful;stress;1;Q1_noise_region;False;;True;1;0;1;0.0;0.0029;;0;0;1
baseline_random_matched;stress_exploratory_then_useful;stress;2;Q2_noise_margin_all;False;;True;1;0;1;0.0;0.0006;;0;0;1
baseline_random_matched;stress_exploratory_then_useful;stress;3;Q3_useful_margin;True;c1;True;0;0;0;0.333333;0.0005;;0;0;1
mcad;happy_guided_article_short;happy;1;Q1_margin_month;True;c1;True;0;0;0;0.333333;0.2873;True;1;1;2
mcad;happy_guided_article_short;happy;2;Q2_stockout_store;True;c2;True;0;0;0;0.666667;0.2812;True;1;1;2
mcad;happy_guided_article_short;happy;3;Q3_sales_growth;True;c3;True;0;0;0;1.0;0.3343;True;2;1;2
baseline_naive;happy_guided_article_short;happy;1;Q1_margin_month;True;c1;True;0;0;0;0.333333;0.0009;;0;0;2
baseline_naive;happy_guided_article_short;happy;2;Q2_stockout_store;True;c2;True;0;0;0;0.666667;0.0005;;0;0;2
baseline_naive;happy_guided_article_short;happy;3;Q3_sales_growth;True;c3;True;0;0;0;1.0;0.0004;;0;0;2
baseline_measure_overlap;happy_guided_article_short;happy;1;Q1_margin_month;True;c1;True;0;0;0;0.333333;0.0163;;0;0;2
baseline_measure_overlap;happy_guided_article_short;happy;2;Q2_stockout_store;True;c2;True;0;0;0;0.666667;0.0055;;0;0;2
baseline_measure_overlap;happy_guided_article_short;happy;3;Q3_sales_growth;True;c3;True;0;0;0;1.0;0.0041;;0;0;2
ablation_no_sat;happy_guided_article_short;happy;1;Q1_margin_month;True;c1;True;0;0;0;0.333333;0.2889;True;1;1;2
ablation_no_sat;happy_guided_article_short;happy;2;Q2_stockout_store;True;c2;True;0;0;0;0.666667;0.2456;True;1;1;2
ablation_no_sat;happy_guided_article_short;happy;3;Q3_sales_growth;True;c3;True;0;0;0;1.0;0.3401;True;2;1;2
ablation_no_real;happy_guided_article_short;happy;1;Q1_margin_month;True;c1;True;0;0;0;0.333333;0.2871;True;1;1;2
ablation_no_real;happy_guided_article_short;happy;2;Q2_stockout_store;True;c2;True;0;0;0;0.666667;0.2489;True;1;1;2
ablation_no_real;happy_guided_article_short;happy;3;Q3_sales_growth;True;c3;True;0;0;0;1.0;0.3362;True;2;1;2
ablation_ceval_any_intersection;happy_guided_article_short;happy;1;Q1_margin_month;True;c1;True;0;0;0;0.333333;0.4416;True;1;1;2
ablation_ceval_any_intersection;happy_guided_article_short;happy;2;Q2_stockout_store;True;c2;True;0;0;0;0.666667;0.4202;True;1;1;2
ablation_ceval_any_intersection;happy_guided_article_short;happy;3;Q3_sales_growth;True;c3;True;0;0;0;1.0;0.5657;True;2;1;2
baseline_random_matched;happy_guided_article_short;happy;1;Q1_margin_month;True;c1;False;0;1;0;0.0;0.0029;;0;0;2
baseline_random_matched;happy_guided_article_short;happy;2;Q2_stockout_store;True;c2;False;0;1;0;0.0;0.0007;;0;0;2
baseline_random_matched;happy_guided_article_short;happy;3;Q3_sales_growth;True;c3;True;0;0;0;0.333333;0.0004;;0;0;2
mcad;happy_guided_reordered;happy;1;Q1_sales_growth;True;c3;True;0;0;0;0.333333;0.378;True;2;1;2
mcad;happy_guided_reordered;happy;2;Q2_margin_month;True;c1;True;0;0;0;0.666667;0.2511;True;1;1;2
mcad;happy_guided_reordered;happy;3;Q3_stockout_store;True;c2;True;0;0;0;1.0;0.2393;True;1;1;2
baseline_naive;happy_guided_reordered;happy;1;Q1_sales_growth;True;c3;True;0;0;0;0.333333;0.0009;;0;0;2
baseline_naive;happy_guided_reordered;happy;2;Q2_margin_month;True;c1;True;0;0;0;0.666667;0.0005;;0;0;2
baseline_naive;happy_guided_reordered;happy;3;Q3_stockout_store;True;c2;True;0;0;0;1.0;0.0003;;0;0;2
baseline_measure_overlap;happy_guided_reordered;happy;1;Q1_sales_growth;True;c3;True;0;0;0;0.333333;0.0137;;0;0;2
baseline_measure_overlap;happy_guided_reordered;happy;2;Q2_margin_month;True;c1;True;0;0;0;0.666667;0.0052;;0;0;2
baseline_measure_overlap;happy_guided_reordered;happy;3;Q3_stockout_store;True;c2;True;0;0;0;1.0;0.0041;;0;0;2
ablation_no_sat;happy_guided_reordered;happy;1;Q1_sales_growth;True;c3;True;0;0;0;0.333333;0.3748;True;2;1;2
ablation_no_sat;happy_guided_reordered;happy;2;Q2_margin_month;True;c1;True;0;0;0;0.666667;0.2487;True;1;1;2
ablation_no_sat;happy_guided_reordered;happy;3;Q3_stockout_store;True;c2;True;0;0;0;1.0;0.2388;True;1;1;2
ablation_no_real;happy_guided_reordered;happy;1;Q1_sales_growth;True;c3;True;0;0;0;0.333333;0.3817;True;2;1;2
ablation_no_real;happy_guided_reordered;happy;2;Q2_margin_month;True;c1;True;0;0;0;0.666667;0.252;True;1;1;2
ablation_no_real;happy_guided_reordered;happy;3;Q3_stockout_store;True;c2;True;0;0;0;1.0;0.2431;True;1;1;2
ablation_ceval_any_intersection;happy_guided_reordered;happy;1;Q1_sales_growth;True;c3;True;0;0;0;0.333333;0.3593;True;2;1;2
ablation_ceval_any_intersection;happy_guided_reordered;happy;2;Q2_margin_month;True;c1;True;0;0;0;0.666667;0.2536;True;1;1;2
ablation_ceval_any_intersection;happy_guided_reordered;happy;3;Q3_stockout_store;True;c2;True;0;0;0;1.0;0.2382;True;1;1;2
baseline_random_matched;happy_guided_reordered;happy;1;Q1_sales_growth;True;c3;True;0;0;0;0.333333;0.0036;;0;0;2
baseline_random_matched;happy_guided_reordered;happy;2;Q2_margin_month;True;c1;False;0;1;0;0.333333;0.0009;;0;0;2
baseline_random_matched;happy_guided_reordered;happy;3;Q3_stockout_store;True;c2;False;0;1;0;0.333333;0.0008;;0;0;2
mcad;happy_guided_compact;happy;1;Q1_margin_month;True;c1;True;0;0;0;0.333333;0.288;True;1;1;2
mcad;happy_guided_compact;happy;2;Q2_sales_growth;True;c3;True;0;0;0;0.666667;0.3348;True;2;1;2
mcad;happy_guided_compact;happy;3;Q3_stockout_store;True;c2;True;0;0;0;1.0;0.2389;True;1;1;2
baseline_naive;happy_guided_compact;happy;1;Q1_margin_month;True;c1;True;0;0;0;0.333333;0.0014;;0;0;2
baseline_naive;happy_guided_compact;happy;2;Q2_sales_growth;True;c3;True;0;0;0;0.666667;0.0008;;0;0;2
baseline_naive;happy_guided_compact;happy;3;Q3_stockout_store;True;c2;True;0;0;0;1.0;0.0006;;0;0;2
baseline_measure_overlap;happy_guided_compact;happy;1;Q1_margin_month;True;c1;True;0;0;0;0.333333;0.0143;;0;0;2
baseline_measure_overlap;happy_guided_compact;happy;2;Q2_sales_growth;True;c3;True;0;0;0;0.666667;0.0051;;0;0;2
baseline_measure_overlap;happy_guided_compact;happy;3;Q3_stockout_store;True;c2;True;0;0;0;1.0;0.0038;;0;0;2
ablation_no_sat;happy_guided_compact;happy;1;Q1_margin_month;True;c1;True;0;0;0;0.333333;0.2915;True;1;1;2
ablation_no_sat;happy_guided_compact;happy;2;Q2_sales_growth;True;c3;True;0;0;0;0.666667;0.3364;True;2;1;2
ablation_no_sat;happy_guided_compact;happy;3;Q3_stockout_store;True;c2;True;0;0;0;1.0;0.241;True;1;1;2
ablation_no_real;happy_guided_compact;happy;1;Q1_margin_month;True;c1;True;0;0;0;0.333333;0.2853;True;1;1;2
ablation_no_real;happy_guided_compact;happy;2;Q2_sales_growth;True;c3;True;0;0;0;0.666667;0.3511;True;2;1;2
ablation_no_real;happy_guided_compact;happy;3;Q3_stockout_store;True;c2;True;0;0;0;1.0;0.2468;True;1;1;2
ablation_ceval_any_intersection;happy_guided_compact;happy;1;Q1_margin_month;True;c1;True;0;0;0;0.333333;0.2783;True;1;1;2
ablation_ceval_any_intersection;happy_guided_compact;happy;2;Q2_sales_growth;True;c3;True;0;0;0;0.666667;0.3362;True;2;1;2
ablation_ceval_any_intersection;happy_guided_compact;happy;3;Q3_stockout_store;True;c2;True;0;0;0;1.0;0.2518;True;1;1;2
baseline_random_matched;happy_guided_compact;happy;1;Q1_margin_month;True;c1;False;0;1;0;0.0;0.0035;;0;0;2
baseline_random_matched;happy_guided_compact;happy;2;Q2_sales_growth;True;c3;False;0;1;0;0.0;0.0009;;0;0;2
baseline_random_matched;happy_guided_compact;happy;3;Q3_stockout_store;True;c2;True;0;0;0;0.333333;0.0008;;0;0;2
mcad;border_growth_partial_1998_only;border;1;Q1_sales_1998_only;False;;False;0;0;0;0.0;0.3393;True;1;0;2
baseline_naive;border_growth_partial_1998_only;border;1;Q1_sales_1998_only;False;;True;1;0;1;0.0;0.0014;;0;0;2
baseline_measure_overlap;border_growth_partial_1998_only;border;1;Q1_sales_1998_only;False;;True;1;0;1;0.0;0.0159;;0;0;2
ablation_no_sat;border_growth_partial_1998_only;border;1;Q1_sales_1998_only;False;;False;0;0;0;0.0;0.3541;True;1;0;2
ablation_no_real;border_growth_partial_1998_only;border;1;Q1_sales_1998_only;False;;True;1;0;1;0.0;0.5912;True;1;0;2
ablation_ceval_any_intersection;border_growth_partial_1998_only;border;1;Q1_sales_1998_only;False;;True;1;0;1;0.0;0.3426;True;1;1;2
baseline_random_matched;border_growth_partial_1998_only;border;1;Q1_sales_1998_only;False;;False;0;0;0;0.0;0.0029;;0;0;2
mcad;border_margin_wrong_grain;border;1;Q1_margin_quarter_only;False;;False;0;0;0;0.0;0.1956;False;0;0;2
baseline_naive;border_margin_wrong_grain;border;1;Q1_margin_quarter_only;False;;True;1;0;1;0.0;0.0009;;0;0;2
baseline_measure_overlap;border_margin_wrong_grain;border;1;Q1_margin_quarter_only;False;;True;1;0;1;0.0;0.0143;;0;0;2
ablation_no_sat;border_margin_wrong_grain;border;1;Q1_margin_quarter_only;False;;False;0;0;0;0.0;0.2629;False;0;0;2
ablation_no_real;border_margin_wrong_grain;border;1;Q1_margin_quarter_only;False;;False;0;0;0;0.0;0.2056;False;0;0;2
ablation_ceval_any_intersection;border_margin_wrong_grain;border;1;Q1_margin_quarter_only;False;;False;0;0;0;0.0;0.324;False;0;0;2
baseline_random_matched;border_margin_wrong_grain;border;1;Q1_margin_quarter_only;False;;False;0;0;0;0.0;0.0029;;0;0;2
mcad;border_stockout_missing_store;border;1;Q1_stockout_category_only;False;;False;0;0;0;0.0;0.1968;False;0;0;2
baseline_naive;border_stockout_missing_store;border;1;Q1_stockout_category_only;False;;True;1;0;1;0.0;0.0008;;0;0;2
baseline_measure_overlap;border_stockout_missing_store;border;1;Q1_stockout_category_only;False;;True;1;0;1;0.0;0.013;;0;0;2
ablation_no_sat;border_stockout_missing_store;border;1;Q1_stockout_category_only;False;;False;0;0;0;0.0;0.2634;False;0;0;2
ablation_no_real;border_stockout_missing_store;border;1;Q1_stockout_category_only;False;;False;0;0;0;0.0;0.2007;False;0;0;2
ablation_ceval_any_intersection;border_stockout_missing_store;border;1;Q1_stockout_category_only;False;;False;0;0;0;0.0;0.195;False;0;0;2
baseline_random_matched;border_stockout_missing_store;border;1;Q1_stockout_category_only;False;;False;0;0;0;0.0;0.0034;;0;0;2
mcad;adversarial_wrong_region;adversarial;1;Q1_margin_south;False;;False;0;0;0;0.0;0.168;False;0;0;2
baseline_naive;adversarial_wrong_region;adversarial;1;Q1_margin_south;False;;True;1;0;1;0.0;0.0009;;0;0;2
baseline_measure_overlap;adversarial_wrong_region;adversarial;1;Q1_margin_south;False;;True;1;0;1;0.0;0.0133;;0;0;2
ablation_no_sat;adversarial_wrong_region;adversarial;1;Q1_margin_south;False;;False;0;0;0;0.0;0.2169;False;0;0;2
ablation_no_real;adversarial_wrong_region;adversarial;1;Q1_margin_south;False;;False;0;0;0;0.0;0.1853;False;0;0;2
ablation_ceval_any_intersection;adversarial_wrong_region;adversarial;1;Q1_margin_south;False;;False;0;0;0;0.0;0.169;False;0;0;2
baseline_random_matched;adversarial_wrong_region;adversarial;1;Q1_margin_south;False;;True;1;0;1;0.0;0.004;;0;0;2
mcad;adversarial_wrong_year;adversarial;1;Q1_stockout_1997;False;;False;0;0;0;0.0;0.1808;False;0;0;2
baseline_naive;adversarial_wrong_year;adversarial;1;Q1_stockout_1997;False;;True;1;0;1;0.0;0.001;;0;0;2
baseline_measure_overlap;adversarial_wrong_year;adversarial;1;Q1_stockout_1997;False;;True;1;0;1;0.0;0.023;;0;0;2
ablation_no_sat;adversarial_wrong_year;adversarial;1;Q1_stockout_1997;False;;False;0;0;0;0.0;0.2024;False;0;0;2
ablation_no_real;adversarial_wrong_year;adversarial;1;Q1_stockout_1997;False;;False;0;0;0;0.0;0.1726;False;0;0;2
ablation_ceval_any_intersection;adversarial_wrong_year;adversarial;1;Q1_stockout_1997;False;;False;0;0;0;0.0;0.163;False;0;0;2
baseline_random_matched;adversarial_wrong_year;adversarial;1;Q1_stockout_1997;False;;True;1;0;1;0.0;0.0035;;0;0;2
mcad;adversarial_invalid_no_measures;adversarial;1;Q1_invalid_no_measure;False;;False;0;0;0;0.0;0.1077;False;0;0;2
baseline_naive;adversarial_invalid_no_measures;adversarial;1;Q1_invalid_no_measure;False;;True;1;0;1;0.0;0.0009;;0;0;2
baseline_measure_overlap;adversarial_invalid_no_measures;adversarial;1;Q1_invalid_no_measure;False;;False;0;0;0;0.0;0.0151;;0;0;2
ablation_no_sat;adversarial_invalid_no_measures;adversarial;1;Q1_invalid_no_measure;False;;False;0;0;0;0.0;0.0889;False;0;0;2
ablation_no_real;adversarial_invalid_no_measures;adversarial;1;Q1_invalid_no_measure;False;;False;0;0;0;0.0;0.0792;False;0;0;2
ablation_ceval_any_intersection;adversarial_invalid_no_measures;adversarial;1;Q1_invalid_no_measure;False;;False;0;0;0;0.0;0.0824;False;0;0;2
baseline_random_matched;adversarial_invalid_no_measures;adversarial;1;Q1_invalid_no_measure;False;;False;0;0;0;0.0;0.003;;0;0;2
mcad;stress_exploratory_then_useful;stress;1;Q1_noise_region;False;;False;0;0;0;0.0;0.3259;False;0;0;2
mcad;stress_exploratory_then_useful;stress;2;Q2_noise_margin_all;False;;False;0;0;0;0.0;0.2503;False;0;0;2
mcad;stress_exploratory_then_useful;stress;3;Q3_useful_margin;True;c1;True;0;0;0;0.333333;0.4364;True;1;1;2
baseline_naive;stress_exploratory_then_useful;stress;1;Q1_noise_region;False;;True;1;0;1;0.0;0.0009;;0;0;2
baseline_naive;stress_exploratory_then_useful;stress;2;Q2_noise_margin_all;False;;True;1;0;1;0.0;0.0005;;0;0;2
baseline_naive;stress_exploratory_then_useful;stress;3;Q3_useful_margin;True;c1;True;0;0;0;0.333333;0.0003;;0;0;2
baseline_measure_overlap;stress_exploratory_then_useful;stress;1;Q1_noise_region;False;;True;1;0;1;0.0;0.0148;;0;0;2
baseline_measure_overlap;stress_exploratory_then_useful;stress;2;Q2_noise_margin_all;False;;True;1;0;1;0.0;0.0054;;0;0;2
baseline_measure_overlap;stress_exploratory_then_useful;stress;3;Q3_useful_margin;True;c1;True;0;0;0;0.333333;0.004;;0;0;2
ablation_no_sat;stress_exploratory_then_useful;stress;1;Q1_noise_region;False;;False;0;0;0;0.0;0.4078;False;0;0;2
ablation_no_sat;stress_exploratory_then_useful;stress;2;Q2_noise_margin_all;False;;False;0;0;0;0.0;0.2914;False;0;0;2
ablation_no_sat;stress_exploratory_then_useful;stress;3;Q3_useful_margin;True;c1;True;0;0;0;0.333333;0.4327;True;1;1;2
ablation_no_real;stress_exploratory_then_useful;stress;1;Q1_noise_region;False;;False;0;0;0;0.0;0.2022;False;0;0;2
ablation_no_real;stress_exploratory_then_useful;stress;2;Q2_noise_margin_all;False;;False;0;0;0;0.0;0.1447;False;0;0;2
ablation_no_real;stress_exploratory_then_useful;stress;3;Q3_useful_margin;True;c1;True;0;0;0;0.333333;0.2483;True;1;1;2
ablation_ceval_any_intersection;stress_exploratory_then_useful;stress;1;Q1_noise_region;False;;False;0;0;0;0.0;0.2252;False;0;0;2
ablation_ceval_any_intersection;stress_exploratory_then_useful;stress;2;Q2_noise_margin_all;False;;False;0;0;0;0.0;0.1449;False;0;0;2
ablation_ceval_any_intersection;stress_exploratory_then_useful;stress;3;Q3_useful_margin;True;c1;True;0;0;0;0.333333;0.2451;True;1;1;2
baseline_random_matched;stress_exploratory_then_useful;stress;1;Q1_noise_region;False;;True;1;0;1;0.0;0.0026;;0;0;2
baseline_random_matched;stress_exploratory_then_useful;stress;2;Q2_noise_margin_all;False;;True;1;0;1;0.0;0.0005;;0;0;2
baseline_random_matched;stress_exploratory_then_useful;stress;3;Q3_useful_margin;True;c1;True;0;0;0;0.333333;0.0005;;0;0;2
mcad;happy_guided_article_short;happy;1;Q1_margin_month;True;c1;True;0;0;0;0.333333;0.2785;True;1;1;3
mcad;happy_guided_article_short;happy;2;Q2_stockout_store;True;c2;True;0;0;0;0.666667;0.2439;True;1;1;3
mcad;happy_guided_article_short;happy;3;Q3_sales_growth;True;c3;True;0;0;0;1.0;0.4814;True;2;1;3
baseline_naive;happy_guided_article_short;happy;1;Q1_margin_month;True;c1;True;0;0;0;0.333333;0.0012;;0;0;3
baseline_naive;happy_guided_article_short;happy;2;Q2_stockout_store;True;c2;True;0;0;0;0.666667;0.0007;;0;0;3
baseline_naive;happy_guided_article_short;happy;3;Q3_sales_growth;True;c3;True;0;0;0;1.0;0.0004;;0;0;3
baseline_measure_overlap;happy_guided_article_short;happy;1;Q1_margin_month;True;c1;True;0;0;0;0.333333;0.015;;0;0;3
baseline_measure_overlap;happy_guided_article_short;happy;2;Q2_stockout_store;True;c2;True;0;0;0;0.666667;0.0052;;0;0;3
baseline_measure_overlap;happy_guided_article_short;happy;3;Q3_sales_growth;True;c3;True;0;0;0;1.0;0.0041;;0;0;3
ablation_no_sat;happy_guided_article_short;happy;1;Q1_margin_month;True;c1;True;0;0;0;0.333333;0.2834;True;1;1;3
ablation_no_sat;happy_guided_article_short;happy;2;Q2_stockout_store;True;c2;True;0;0;0;0.666667;0.2555;True;1;1;3
ablation_no_sat;happy_guided_article_short;happy;3;Q3_sales_growth;True;c3;True;0;0;0;1.0;0.3295;True;2;1;3
ablation_no_real;happy_guided_article_short;happy;1;Q1_margin_month;True;c1;True;0;0;0;0.333333;0.2866;True;1;1;3
ablation_no_real;happy_guided_article_short;happy;2;Q2_stockout_store;True;c2;True;0;0;0;0.666667;0.2505;True;1;1;3
ablation_no_real;happy_guided_article_short;happy;3;Q3_sales_growth;True;c3;True;0;0;0;1.0;0.3341;True;2;1;3
ablation_ceval_any_intersection;happy_guided_article_short;happy;1;Q1_margin_month;True;c1;True;0;0;0;0.333333;0.2833;True;1;1;3
ablation_ceval_any_intersection;happy_guided_article_short;happy;2;Q2_stockout_store;True;c2;True;0;0;0;0.666667;0.2412;True;1;1;3
ablation_ceval_any_intersection;happy_guided_article_short;happy;3;Q3_sales_growth;True;c3;True;0;0;0;1.0;0.3243;True;2;1;3
baseline_random_matched;happy_guided_article_short;happy;1;Q1_margin_month;True;c1;True;0;0;0;0.333333;0.0028;;0;0;3
baseline_random_matched;happy_guided_article_short;happy;2;Q2_stockout_store;True;c2;True;0;0;0;0.666667;0.0007;;0;0;3
baseline_random_matched;happy_guided_article_short;happy;3;Q3_sales_growth;True;c3;True;0;0;0;1.0;0.0005;;0;0;3
mcad;happy_guided_reordered;happy;1;Q1_sales_growth;True;c3;True;0;0;0;0.333333;0.3656;True;2;1;3
mcad;happy_guided_reordered;happy;2;Q2_margin_month;True;c1;True;0;0;0;0.666667;0.263;True;1;1;3
mcad;happy_guided_reordered;happy;3;Q3_stockout_store;True;c2;True;0;0;0;1.0;0.2392;True;1;1;3
baseline_naive;happy_guided_reordered;happy;1;Q1_sales_growth;True;c3;True;0;0;0;0.333333;0.0012;;0;0;3
baseline_naive;happy_guided_reordered;happy;2;Q2_margin_month;True;c1;True;0;0;0;0.666667;0.0007;;0;0;3
baseline_naive;happy_guided_reordered;happy;3;Q3_stockout_store;True;c2;True;0;0;0;1.0;0.0004;;0;0;3
baseline_measure_overlap;happy_guided_reordered;happy;1;Q1_sales_growth;True;c3;True;0;0;0;0.333333;0.0207;;0;0;3
baseline_measure_overlap;happy_guided_reordered;happy;2;Q2_margin_month;True;c1;True;0;0;0;0.666667;0.0087;;0;0;3
baseline_measure_overlap;happy_guided_reordered;happy;3;Q3_stockout_store;True;c2;True;0;0;0;1.0;0.0078;;0;0;3
ablation_no_sat;happy_guided_reordered;happy;1;Q1_sales_growth;True;c3;True;0;0;0;0.333333;0.6838;True;2;1;3
ablation_no_sat;happy_guided_reordered;happy;2;Q2_margin_month;True;c1;True;0;0;0;0.666667;0.4574;True;1;1;3
ablation_no_sat;happy_guided_reordered;happy;3;Q3_stockout_store;True;c2;True;0;0;0;1.0;0.6008;True;1;1;3
ablation_no_real;happy_guided_reordered;happy;1;Q1_sales_growth;True;c3;True;0;0;0;0.333333;0.4031;True;2;1;3
ablation_no_real;happy_guided_reordered;happy;2;Q2_margin_month;True;c1;True;0;0;0;0.666667;0.2554;True;1;1;3
ablation_no_real;happy_guided_reordered;happy;3;Q3_stockout_store;True;c2;True;0;0;0;1.0;0.2451;True;1;1;3
ablation_ceval_any_intersection;happy_guided_reordered;happy;1;Q1_sales_growth;True;c3;True;0;0;0;0.333333;0.3668;True;2;1;3
ablation_ceval_any_intersection;happy_guided_reordered;happy;2;Q2_margin_month;True;c1;True;0;0;0;0.666667;0.2433;True;1;1;3
ablation_ceval_any_intersection;happy_guided_reordered;happy;3;Q3_stockout_store;True;c2;True;0;0;0;1.0;0.2477;True;1;1;3
baseline_random_matched;happy_guided_reordered;happy;1;Q1_sales_growth;True;c3;False;0;1;0;0.0;0.0041;;0;0;3
baseline_random_matched;happy_guided_reordered;happy;2;Q2_margin_month;True;c1;False;0;1;0;0.0;0.001;;0;0;3
baseline_random_matched;happy_guided_reordered;happy;3;Q3_stockout_store;True;c2;False;0;1;0;0.0;0.0006;;0;0;3
mcad;happy_guided_compact;happy;1;Q1_margin_month;True;c1;True;0;0;0;0.333333;0.2927;True;1;1;3
mcad;happy_guided_compact;happy;2;Q2_sales_growth;True;c3;True;0;0;0;0.666667;0.3443;True;2;1;3
mcad;happy_guided_compact;happy;3;Q3_stockout_store;True;c2;True;0;0;0;1.0;0.2414;True;1;1;3
baseline_naive;happy_guided_compact;happy;1;Q1_margin_month;True;c1;True;0;0;0;0.333333;0.0014;;0;0;3
baseline_naive;happy_guided_compact;happy;2;Q2_sales_growth;True;c3;True;0;0;0;0.666667;0.0007;;0;0;3
baseline_naive;happy_guided_compact;happy;3;Q3_stockout_store;True;c2;True;0;0;0;1.0;0.0005;;0;0;3
baseline_measure_overlap;happy_guided_compact;happy;1;Q1_margin_month;True;c1;True;0;0;0;0.333333;0.0224;;0;0;3
baseline_measure_overlap;happy_guided_compact;happy;2;Q2_sales_growth;True;c3;True;0;0;0;0.666667;0.0053;;0;0;3
baseline_measure_overlap;happy_guided_compact;happy;3;Q3_stockout_store;True;c2;True;0;0;0;1.0;0.0046;;0;0;3
ablation_no_sat;happy_guided_compact;happy;1;Q1_margin_month;True;c1;True;0;0;0;0.333333;0.3419;True;1;1;3
ablation_no_sat;happy_guided_compact;happy;2;Q2_sales_growth;True;c3;True;0;0;0;0.666667;0.3358;True;2;1;3
ablation_no_sat;happy_guided_compact;happy;3;Q3_stockout_store;True;c2;True;0;0;0;1.0;0.2395;True;1;1;3
ablation_no_real;happy_guided_compact;happy;1;Q1_margin_month;True;c1;True;0;0;0;0.333333;0.3341;True;1;1;3
ablation_no_real;happy_guided_compact;happy;2;Q2_sales_growth;True;c3;True;0;0;0;0.666667;0.3396;True;2;1;3
ablation_no_real;happy_guided_compact;happy;3;Q3_stockout_store;True;c2;True;0;0;0;1.0;0.2455;True;1;1;3
ablation_ceval_any_intersection;happy_guided_compact;happy;1;Q1_margin_month;True;c1;True;0;0;0;0.333333;0.3101;True;1;1;3
ablation_ceval_any_intersection;happy_guided_compact;happy;2;Q2_sales_growth;True;c3;True;0;0;0;0.666667;0.3307;True;2;1;3
ablation_ceval_any_intersection;happy_guided_compact;happy;3;Q3_stockout_store;True;c2;True;0;0;0;1.0;0.2369;True;1;1;3
baseline_random_matched;happy_guided_compact;happy;1;Q1_margin_month;True;c1;True;0;0;0;0.333333;0.0056;;0;0;3
baseline_random_matched;happy_guided_compact;happy;2;Q2_sales_growth;True;c3;False;0;1;0;0.333333;0.0011;;0;0;3
baseline_random_matched;happy_guided_compact;happy;3;Q3_stockout_store;True;c2;True;0;0;0;0.666667;0.0008;;0;0;3
mcad;border_growth_partial_1998_only;border;1;Q1_sales_1998_only;False;;False;0;0;0;0.0;0.4104;True;1;0;3
baseline_naive;border_growth_partial_1998_only;border;1;Q1_sales_1998_only;False;;True;1;0;1;0.0;0.0011;;0;0;3
baseline_measure_overlap;border_growth_partial_1998_only;border;1;Q1_sales_1998_only;False;;True;1;0;1;0.0;0.0186;;0;0;3
ablation_no_sat;border_growth_partial_1998_only;border;1;Q1_sales_1998_only;False;;False;0;0;0;0.0;0.3569;True;1;0;3
ablation_no_real;border_growth_partial_1998_only;border;1;Q1_sales_1998_only;False;;True;1;0;1;0.0;0.355;True;1;0;3
ablation_ceval_any_intersection;border_growth_partial_1998_only;border;1;Q1_sales_1998_only;False;;True;1;0;1;0.0;0.448;True;1;1;3
baseline_random_matched;border_growth_partial_1998_only;border;1;Q1_sales_1998_only;False;;True;1;0;1;0.0;0.0039;;0;0;3
mcad;border_margin_wrong_grain;border;1;Q1_margin_quarter_only;False;;False;0;0;0;0.0;0.2149;False;0;0;3
baseline_naive;border_margin_wrong_grain;border;1;Q1_margin_quarter_only;False;;True;1;0;1;0.0;0.001;;0;0;3
baseline_measure_overlap;border_margin_wrong_grain;border;1;Q1_margin_quarter_only;False;;True;1;0;1;0.0;0.0163;;0;0;3
ablation_no_sat;border_margin_wrong_grain;border;1;Q1_margin_quarter_only;False;;False;0;0;0;0.0;0.271;False;0;0;3
ablation_no_real;border_margin_wrong_grain;border;1;Q1_margin_quarter_only;False;;False;0;0;0;0.0;0.2088;False;0;0;3
ablation_ceval_any_intersection;border_margin_wrong_grain;border;1;Q1_margin_quarter_only;False;;False;0;0;0;0.0;0.2061;False;0;0;3
baseline_random_matched;border_margin_wrong_grain;border;1;Q1_margin_quarter_only;False;;True;1;0;1;0.0;0.0038;;0;0;3
mcad;border_stockout_missing_store;border;1;Q1_stockout_category_only;False;;False;0;0;0;0.0;0.2978;False;0;0;3
baseline_naive;border_stockout_missing_store;border;1;Q1_stockout_category_only;False;;True;1;0;1;0.0;0.0012;;0;0;3
baseline_measure_overlap;border_stockout_missing_store;border;1;Q1_stockout_category_only;False;;True;1;0;1;0.0;0.0172;;0;0;3
ablation_no_sat;border_stockout_missing_store;border;1;Q1_stockout_category_only;False;;False;0;0;0;0.0;0.2829;False;0;0;3
ablation_no_real;border_stockout_missing_store;border;1;Q1_stockout_category_only;False;;False;0;0;0;0.0;0.3487;False;0;0;3
ablation_ceval_any_intersection;border_stockout_missing_store;border;1;Q1_stockout_category_only;False;;False;0;0;0;0.0;0.3558;False;0;0;3
baseline_random_matched;border_stockout_missing_store;border;1;Q1_stockout_category_only;False;;True;1;0;1;0.0;0.0044;;0;0;3
mcad;adversarial_wrong_region;adversarial;1;Q1_margin_south;False;;False;0;0;0;0.0;0.353;False;0;0;3
baseline_naive;adversarial_wrong_region;adversarial;1;Q1_margin_south;False;;True;1;0;1;0.0;0.002;;0;0;3
baseline_measure_overlap;adversarial_wrong_region;adversarial;1;Q1_margin_south;False;;True;1;0;1;0.0;0.0271;;0;0;3
ablation_no_sat;adversarial_wrong_region;adversarial;1;Q1_margin_south;False;;False;0;0;0;0.0;0.3986;False;0;0;3
ablation_no_real;adversarial_wrong_region;adversarial;1;Q1_margin_south;False;;False;0;0;0;0.0;0.4216;False;0;0;3
ablation_ceval_any_intersection;adversarial_wrong_region;adversarial;1;Q1_margin_south;False;;False;0;0;0;0.0;0.1994;False;0;0;3
baseline_random_matched;adversarial_wrong_region;adversarial;1;Q1_margin_south;False;;True;1;0;1;0.0;0.0045;;0;0;3
mcad;adversarial_wrong_year;adversarial;1;Q1_stockout_1997;False;;False;0;0;0;0.0;0.194;False;0;0;3
baseline_naive;adversarial_wrong_year;adversarial;1;Q1_stockout_1997;False;;True;1;0;1;0.0;0.001;;0;0;3
baseline_measure_overlap;adversarial_wrong_year;adversarial;1;Q1_stockout_1997;False;;True;1;0;1;0.0;0.0176;;0;0;3
ablation_no_sat;adversarial_wrong_year;adversarial;1;Q1_stockout_1997;False;;False;0;0;0;0.0;0.2183;False;0;0;3
ablation_no_real;adversarial_wrong_year;adversarial;1;Q1_stockout_1997;False;;False;0;0;0;0.0;0.1963;False;0;0;3
ablation_ceval_any_intersection;adversarial_wrong_year;adversarial;1;Q1_stockout_1997;False;;False;0;0;0;0.0;0.1667;False;0;0;3
baseline_random_matched;adversarial_wrong_year;adversarial;1;Q1_stockout_1997;False;;True;1;0;1;0.0;0.003;;0;0;3
mcad;adversarial_invalid_no_measures;adversarial;1;Q1_invalid_no_measure;False;;False;0;0;0;0.0;0.1083;False;0;0;3
baseline_naive;adversarial_invalid_no_measures;adversarial;1;Q1_invalid_no_measure;False;;True;1;0;1;0.0;0.001;;0;0;3
baseline_measure_overlap;adversarial_invalid_no_measures;adversarial;1;Q1_invalid_no_measure;False;;False;0;0;0;0.0;0.0141;;0;0;3
ablation_no_sat;adversarial_invalid_no_measures;adversarial;1;Q1_invalid_no_measure;False;;False;0;0;0;0.0;0.0897;False;0;0;3
ablation_no_real;adversarial_invalid_no_measures;adversarial;1;Q1_invalid_no_measure;False;;False;0;0;0;0.0;0.0796;False;0;0;3
ablation_ceval_any_intersection;adversarial_invalid_no_measures;adversarial;1;Q1_invalid_no_measure;False;;False;0;0;0;0.0;0.0712;False;0;0;3
baseline_random_matched;adversarial_invalid_no_measures;adversarial;1;Q1_invalid_no_measure;False;;True;1;0;1;0.0;0.003;;0;0;3
mcad;stress_exploratory_then_useful;stress;1;Q1_noise_region;False;;False;0;0;0;0.0;0.1969;False;0;0;3
mcad;stress_exploratory_then_useful;stress;2;Q2_noise_margin_all;False;;False;0;0;0;0.0;0.1402;False;0;0;3
mcad;stress_exploratory_then_useful;stress;3;Q3_useful_margin;True;c1;True;0;0;0;0.333333;0.2486;True;1;1;3
baseline_naive;stress_exploratory_then_useful;stress;1;Q1_noise_region;False;;True;1;0;1;0.0;0.001;;0;0;3
baseline_naive;stress_exploratory_then_useful;stress;2;Q2_noise_margin_all;False;;True;1;0;1;0.0;0.0004;;0;0;3
baseline_naive;stress_exploratory_then_useful;stress;3;Q3_useful_margin;True;c1;True;0;0;0;0.333333;0.0003;;0;0;3
baseline_measure_overlap;stress_exploratory_then_useful;stress;1;Q1_noise_region;False;;True;1;0;1;0.0;0.0134;;0;0;3
baseline_measure_overlap;stress_exploratory_then_useful;stress;2;Q2_noise_margin_all;False;;True;1;0;1;0.0;0.0052;;0;0;3
baseline_measure_overlap;stress_exploratory_then_useful;stress;3;Q3_useful_margin;True;c1;True;0;0;0;0.333333;0.0039;;0;0;3
ablation_no_sat;stress_exploratory_then_useful;stress;1;Q1_noise_region;False;;False;0;0;0;0.0;0.2356;False;0;0;3
ablation_no_sat;stress_exploratory_then_useful;stress;2;Q2_noise_margin_all;False;;False;0;0;0;0.0;0.1686;False;0;0;3
ablation_no_sat;stress_exploratory_then_useful;stress;3;Q3_useful_margin;True;c1;True;0;0;0;0.333333;0.2705;True;1;1;3
ablation_no_real;stress_exploratory_then_useful;stress;1;Q1_noise_region;False;;False;0;0;0;0.0;0.2038;False;0;0;3
ablation_no_real;stress_exploratory_then_useful;stress;2;Q2_noise_margin_all;False;;False;0;0;0;0.0;0.1487;False;0;0;3
ablation_no_real;stress_exploratory_then_useful;stress;3;Q3_useful_margin;True;c1;True;0;0;0;0.333333;0.2511;True;1;1;3
ablation_ceval_any_intersection;stress_exploratory_then_useful;stress;1;Q1_noise_region;False;;False;0;0;0;0.0;0.1929;False;0;0;3
ablation_ceval_any_intersection;stress_exploratory_then_useful;stress;2;Q2_noise_margin_all;False;;False;0;0;0;0.0;0.1411;False;0;0;3
ablation_ceval_any_intersection;stress_exploratory_then_useful;stress;3;Q3_useful_margin;True;c1;True;0;0;0;0.333333;0.2549;True;1;1;3
baseline_random_matched;stress_exploratory_then_useful;stress;1;Q1_noise_region;False;;False;0;0;0;0.0;0.0028;;0;0;3
baseline_random_matched;stress_exploratory_then_useful;stress;2;Q2_noise_margin_all;False;;False;0;0;0;0.0;0.0007;;0;0;3
baseline_random_matched;stress_exploratory_then_useful;stress;3;Q3_useful_margin;True;c1;True;0;0;0;0.333333;0.0005;;0;0;3
mcad;happy_guided_article_short;happy;1;Q1_margin_month;True;c1;True;0;0;0;0.333333;0.2791;True;1;1;4
mcad;happy_guided_article_short;happy;2;Q2_stockout_store;True;c2;True;0;0;0;0.666667;0.2454;True;1;1;4
mcad;happy_guided_article_short;happy;3;Q3_sales_growth;True;c3;True;0;0;0;1.0;0.3415;True;2;1;4
baseline_naive;happy_guided_article_short;happy;1;Q1_margin_month;True;c1;True;0;0;0;0.333333;0.0011;;0;0;4
baseline_naive;happy_guided_article_short;happy;2;Q2_stockout_store;True;c2;True;0;0;0;0.666667;0.0005;;0;0;4
baseline_naive;happy_guided_article_short;happy;3;Q3_sales_growth;True;c3;True;0;0;0;1.0;0.0004;;0;0;4
baseline_measure_overlap;happy_guided_article_short;happy;1;Q1_margin_month;True;c1;True;0;0;0;0.333333;0.013;;0;0;4
baseline_measure_overlap;happy_guided_article_short;happy;2;Q2_stockout_store;True;c2;True;0;0;0;0.666667;0.005;;0;0;4
baseline_measure_overlap;happy_guided_article_short;happy;3;Q3_sales_growth;True;c3;True;0;0;0;1.0;0.0046;;0;0;4
ablation_no_sat;happy_guided_article_short;happy;1;Q1_margin_month;True;c1;True;0;0;0;0.333333;0.2898;True;1;1;4
ablation_no_sat;happy_guided_article_short;happy;2;Q2_stockout_store;True;c2;True;0;0;0;0.666667;0.2476;True;1;1;4
ablation_no_sat;happy_guided_article_short;happy;3;Q3_sales_growth;True;c3;True;0;0;0;1.0;0.3321;True;2;1;4
ablation_no_real;happy_guided_article_short;happy;1;Q1_margin_month;True;c1;True;0;0;0;0.333333;0.3029;True;1;1;4
ablation_no_real;happy_guided_article_short;happy;2;Q2_stockout_store;True;c2;True;0;0;0;0.666667;0.2474;True;1;1;4
ablation_no_real;happy_guided_article_short;happy;3;Q3_sales_growth;True;c3;True;0;0;0;1.0;0.3455;True;2;1;4
ablation_ceval_any_intersection;happy_guided_article_short;happy;1;Q1_margin_month;True;c1;True;0;0;0;0.333333;0.2734;True;1;1;4
ablation_ceval_any_intersection;happy_guided_article_short;happy;2;Q2_stockout_store;True;c2;True;0;0;0;0.666667;0.2443;True;1;1;4
ablation_ceval_any_intersection;happy_guided_article_short;happy;3;Q3_sales_growth;True;c3;True;0;0;0;1.0;0.3275;True;2;1;4
baseline_random_matched;happy_guided_article_short;happy;1;Q1_margin_month;True;c1;False;0;1;0;0.0;0.0034;;0;0;4
baseline_random_matched;happy_guided_article_short;happy;2;Q2_stockout_store;True;c2;True;0;0;0;0.333333;0.0011;;0;0;4
baseline_random_matched;happy_guided_article_short;happy;3;Q3_sales_growth;True;c3;False;0;1;0;0.333333;0.0009;;0;0;4
mcad;happy_guided_reordered;happy;1;Q1_sales_growth;True;c3;True;0;0;0;0.333333;0.3842;True;2;1;4
mcad;happy_guided_reordered;happy;2;Q2_margin_month;True;c1;True;0;0;0;0.666667;0.2552;True;1;1;4
mcad;happy_guided_reordered;happy;3;Q3_stockout_store;True;c2;True;0;0;0;1.0;0.2464;True;1;1;4
baseline_naive;happy_guided_reordered;happy;1;Q1_sales_growth;True;c3;True;0;0;0;0.333333;0.0012;;0;0;4
baseline_naive;happy_guided_reordered;happy;2;Q2_margin_month;True;c1;True;0;0;0;0.666667;0.0007;;0;0;4
baseline_naive;happy_guided_reordered;happy;3;Q3_stockout_store;True;c2;True;0;0;0;1.0;0.0006;;0;0;4
baseline_measure_overlap;happy_guided_reordered;happy;1;Q1_sales_growth;True;c3;True;0;0;0;0.333333;0.0132;;0;0;4
baseline_measure_overlap;happy_guided_reordered;happy;2;Q2_margin_month;True;c1;True;0;0;0;0.666667;0.0051;;0;0;4
baseline_measure_overlap;happy_guided_reordered;happy;3;Q3_stockout_store;True;c2;True;0;0;0;1.0;0.0043;;0;0;4
ablation_no_sat;happy_guided_reordered;happy;1;Q1_sales_growth;True;c3;True;0;0;0;0.333333;0.3741;True;2;1;4
ablation_no_sat;happy_guided_reordered;happy;2;Q2_margin_month;True;c1;True;0;0;0;0.666667;0.3217;True;1;1;4
ablation_no_sat;happy_guided_reordered;happy;3;Q3_stockout_store;True;c2;True;0;0;0;1.0;0.2392;True;1;1;4
ablation_no_real;happy_guided_reordered;happy;1;Q1_sales_growth;True;c3;True;0;0;0;0.333333;0.7274;True;2;1;4
ablation_no_real;happy_guided_reordered;happy;2;Q2_margin_month;True;c1;True;0;0;0;0.666667;0.5354;True;1;1;4
ablation_no_real;happy_guided_reordered;happy;3;Q3_stockout_store;True;c2;True;0;0;0;1.0;0.4746;True;1;1;4
ablation_ceval_any_intersection;happy_guided_reordered;happy;1;Q1_sales_growth;True;c3;True;0;0;0;0.333333;0.3638;True;2;1;4
ablation_ceval_any_intersection;happy_guided_reordered;happy;2;Q2_margin_month;True;c1;True;0;0;0;0.666667;0.3337;True;1;1;4
ablation_ceval_any_intersection;happy_guided_reordered;happy;3;Q3_stockout_store;True;c2;True;0;0;0;1.0;0.372;True;1;1;4
baseline_random_matched;happy_guided_reordered;happy;1;Q1_sales_growth;True;c3;True;0;0;0;0.333333;0.0024;;0;0;4
baseline_random_matched;happy_guided_reordered;happy;2;Q2_margin_month;True;c1;False;0;1;0;0.333333;0.0006;;0;0;4
baseline_random_matched;happy_guided_reordered;happy;3;Q3_stockout_store;True;c2;False;0;1;0;0.333333;0.0005;;0;0;4
mcad;happy_guided_compact;happy;1;Q1_margin_month;True;c1;True;0;0;0;0.333333;0.2866;True;1;1;4
mcad;happy_guided_compact;happy;2;Q2_sales_growth;True;c3;True;0;0;0;0.666667;0.3357;True;2;1;4
mcad;happy_guided_compact;happy;3;Q3_stockout_store;True;c2;True;0;0;0;1.0;0.2397;True;1;1;4
baseline_naive;happy_guided_compact;happy;1;Q1_margin_month;True;c1;True;0;0;0;0.333333;0.0012;;0;0;4
baseline_naive;happy_guided_compact;happy;2;Q2_sales_growth;True;c3;True;0;0;0;0.666667;0.0007;;0;0;4
baseline_naive;happy_guided_compact;happy;3;Q3_stockout_store;True;c2;True;0;0;0;1.0;0.0005;;0;0;4
baseline_measure_overlap;happy_guided_compact;happy;1;Q1_margin_month;True;c1;True;0;0;0;0.333333;0.0135;;0;0;4
baseline_measure_overlap;happy_guided_compact;happy;2;Q2_sales_growth;True;c3;True;0;0;0;0.666667;0.0052;;0;0;4
baseline_measure_overlap;happy_guided_compact;happy;3;Q3_stockout_store;True;c2;True;0;0;0;1.0;0.0041;;0;0;4
ablation_no_sat;happy_guided_compact;happy;1;Q1_margin_month;True;c1;True;0;0;0;0.333333;0.2759;True;1;1;4
ablation_no_sat;happy_guided_compact;happy;2;Q2_sales_growth;True;c3;True;0;0;0;0.666667;0.3352;True;2;1;4
ablation_no_sat;happy_guided_compact;happy;3;Q3_stockout_store;True;c2;True;0;0;0;1.0;0.2417;True;1;1;4
ablation_no_real;happy_guided_compact;happy;1;Q1_margin_month;True;c1;True;0;0;0;0.333333;0.2816;True;1;1;4
ablation_no_real;happy_guided_compact;happy;2;Q2_sales_growth;True;c3;True;0;0;0;0.666667;0.3399;True;2;1;4
ablation_no_real;happy_guided_compact;happy;3;Q3_stockout_store;True;c2;True;0;0;0;1.0;0.247;True;1;1;4
ablation_ceval_any_intersection;happy_guided_compact;happy;1;Q1_margin_month;True;c1;True;0;0;0;0.333333;0.2743;True;1;1;4
ablation_ceval_any_intersection;happy_guided_compact;happy;2;Q2_sales_growth;True;c3;True;0;0;0;0.666667;0.3312;True;2;1;4
ablation_ceval_any_intersection;happy_guided_compact;happy;3;Q3_stockout_store;True;c2;True;0;0;0;1.0;0.2364;True;1;1;4
baseline_random_matched;happy_guided_compact;happy;1;Q1_margin_month;True;c1;False;0;1;0;0.0;0.0025;;0;0;4
baseline_random_matched;happy_guided_compact;happy;2;Q2_sales_growth;True;c3;False;0;1;0;0.0;0.0007;;0;0;4
baseline_random_matched;happy_guided_compact;happy;3;Q3_stockout_store;True;c2;True;0;0;0;0.333333;0.0005;;0;0;4
mcad;border_growth_partial_1998_only;border;1;Q1_sales_1998_only;False;;False;0;0;0;0.0;0.3341;True;1;0;4
baseline_naive;border_growth_partial_1998_only;border;1;Q1_sales_1998_only;False;;True;1;0;1;0.0;0.0012;;0;0;4
baseline_measure_overlap;border_growth_partial_1998_only;border;1;Q1_sales_1998_only;False;;True;1;0;1;0.0;0.0141;;0;0;4
ablation_no_sat;border_growth_partial_1998_only;border;1;Q1_sales_1998_only;False;;False;0;0;0;0.0;0.5459;True;1;0;4
ablation_no_real;border_growth_partial_1998_only;border;1;Q1_sales_1998_only;False;;True;1;0;1;0.0;0.3458;True;1;0;4
ablation_ceval_any_intersection;border_growth_partial_1998_only;border;1;Q1_sales_1998_only;False;;True;1;0;1;0.0;0.3331;True;1;1;4
baseline_random_matched;border_growth_partial_1998_only;border;1;Q1_sales_1998_only;False;;True;1;0;1;0.0;0.0027;;0;0;4
mcad;border_margin_wrong_grain;border;1;Q1_margin_quarter_only;False;;False;0;0;0;0.0;0.2329;False;0;0;4
baseline_naive;border_margin_wrong_grain;border;1;Q1_margin_quarter_only;False;;True;1;0;1;0.0;0.0012;;0;0;4
baseline_measure_overlap;border_margin_wrong_grain;border;1;Q1_margin_quarter_only;False;;True;1;0;1;0.0;0.0255;;0;0;4
ablation_no_sat;border_margin_wrong_grain;border;1;Q1_margin_quarter_only;False;;False;0;0;0;0.0;0.6252;False;0;0;4
ablation_no_real;border_margin_wrong_grain;border;1;Q1_margin_quarter_only;False;;False;0;0;0;0.0;0.3654;False;0;0;4
ablation_ceval_any_intersection;border_margin_wrong_grain;border;1;Q1_margin_quarter_only;False;;False;0;0;0;0.0;0.3217;False;0;0;4
baseline_random_matched;border_margin_wrong_grain;border;1;Q1_margin_quarter_only;False;;False;0;0;0;0.0;0.0133;;0;0;4
mcad;border_stockout_missing_store;border;1;Q1_stockout_category_only;False;;False;0;0;0;0.0;0.1999;False;0;0;4
baseline_naive;border_stockout_missing_store;border;1;Q1_stockout_category_only;False;;True;1;0;1;0.0;0.0014;;0;0;4
baseline_measure_overlap;border_stockout_missing_store;border;1;Q1_stockout_category_only;False;;True;1;0;1;0.0;0.0209;;0;0;4
ablation_no_sat;border_stockout_missing_store;border;1;Q1_stockout_category_only;False;;False;0;0;0;0.0;0.5537;False;0;0;4
ablation_no_real;border_stockout_missing_store;border;1;Q1_stockout_category_only;False;;False;0;0;0;0.0;0.4177;False;0;0;4
ablation_ceval_any_intersection;border_stockout_missing_store;border;1;Q1_stockout_category_only;False;;False;0;0;0;0.0;0.3328;False;0;0;4
baseline_random_matched;border_stockout_missing_store;border;1;Q1_stockout_category_only;False;;True;1;0;1;0.0;0.0036;;0;0;4
mcad;adversarial_wrong_region;adversarial;1;Q1_margin_south;False;;False;0;0;0;0.0;0.1856;False;0;0;4
baseline_naive;adversarial_wrong_region;adversarial;1;Q1_margin_south;False;;True;1;0;1;0.0;0.0016;;0;0;4
baseline_measure_overlap;adversarial_wrong_region;adversarial;1;Q1_margin_south;False;;True;1;0;1;0.0;0.0224;;0;0;4
ablation_no_sat;adversarial_wrong_region;adversarial;1;Q1_margin_south;False;;False;0;0;0;0.0;0.2271;False;0;0;4
ablation_no_real;adversarial_wrong_region;adversarial;1;Q1_margin_south;False;;False;0;0;0;0.0;0.1888;False;0;0;4
ablation_ceval_any_intersection;adversarial_wrong_region;adversarial;1;Q1_margin_south;False;;False;0;0;0;0.0;0.1744;False;0;0;4
baseline_random_matched;adversarial_wrong_region;adversarial;1;Q1_margin_south;False;;False;0;0;0;0.0;0.0031;;0;0;4
mcad;adversarial_wrong_year;adversarial;1;Q1_stockout_1997;False;;False;0;0;0;0.0;0.1718;False;0;0;4
baseline_naive;adversarial_wrong_year;adversarial;1;Q1_stockout_1997;False;;True;1;0;1;0.0;0.001;;0;0;4
baseline_measure_overlap;adversarial_wrong_year;adversarial;1;Q1_stockout_1997;False;;True;1;0;1;0.0;0.0153;;0;0;4
ablation_no_sat;adversarial_wrong_year;adversarial;1;Q1_stockout_1997;False;;False;0;0;0;0.0;0.3079;False;0;0;4
ablation_no_real;adversarial_wrong_year;adversarial;1;Q1_stockout_1997;False;;False;0;0;0;0.0;0.1735;False;0;0;4
ablation_ceval_any_intersection;adversarial_wrong_year;adversarial;1;Q1_stockout_1997;False;;False;0;0;0;0.0;0.1644;False;0;0;4
baseline_random_matched;adversarial_wrong_year;adversarial;1;Q1_stockout_1997;False;;False;0;0;0;0.0;0.0029;;0;0;4
mcad;adversarial_invalid_no_measures;adversarial;1;Q1_invalid_no_measure;False;;False;0;0;0;0.0;0.0726;False;0;0;4
baseline_naive;adversarial_invalid_no_measures;adversarial;1;Q1_invalid_no_measure;False;;True;1;0;1;0.0;0.0013;;0;0;4
baseline_measure_overlap;adversarial_invalid_no_measures;adversarial;1;Q1_invalid_no_measure;False;;False;0;0;0;0.0;0.0333;;0;0;4
ablation_no_sat;adversarial_invalid_no_measures;adversarial;1;Q1_invalid_no_measure;False;;False;0;0;0;0.0;0.136;False;0;0;4
ablation_no_real;adversarial_invalid_no_measures;adversarial;1;Q1_invalid_no_measure;False;;False;0;0;0;0.0;0.0834;False;0;0;4
ablation_ceval_any_intersection;adversarial_invalid_no_measures;adversarial;1;Q1_invalid_no_measure;False;;False;0;0;0;0.0;0.0943;False;0;0;4
baseline_random_matched;adversarial_invalid_no_measures;adversarial;1;Q1_invalid_no_measure;False;;True;1;0;1;0.0;0.003;;0;0;4
mcad;stress_exploratory_then_useful;stress;1;Q1_noise_region;False;;False;0;0;0;0.0;0.2084;False;0;0;4
mcad;stress_exploratory_then_useful;stress;2;Q2_noise_margin_all;False;;False;0;0;0;0.0;0.1414;False;0;0;4
mcad;stress_exploratory_then_useful;stress;3;Q3_useful_margin;True;c1;True;0;0;0;0.333333;0.2498;True;1;1;4
baseline_naive;stress_exploratory_then_useful;stress;1;Q1_noise_region;False;;True;1;0;1;0.0;0.0009;;0;0;4
baseline_naive;stress_exploratory_then_useful;stress;2;Q2_noise_margin_all;False;;True;1;0;1;0.0;0.0005;;0;0;4
baseline_naive;stress_exploratory_then_useful;stress;3;Q3_useful_margin;True;c1;True;0;0;0;0.333333;0.0003;;0;0;4
baseline_measure_overlap;stress_exploratory_then_useful;stress;1;Q1_noise_region;False;;True;1;0;1;0.0;0.0137;;0;0;4
baseline_measure_overlap;stress_exploratory_then_useful;stress;2;Q2_noise_margin_all;False;;True;1;0;1;0.0;0.0056;;0;0;4
baseline_measure_overlap;stress_exploratory_then_useful;stress;3;Q3_useful_margin;True;c1;True;0;0;0;0.333333;0.004;;0;0;4
ablation_no_sat;stress_exploratory_then_useful;stress;1;Q1_noise_region;False;;False;0;0;0;0.0;0.2349;False;0;0;4
ablation_no_sat;stress_exploratory_then_useful;stress;2;Q2_noise_margin_all;False;;False;0;0;0;0.0;0.1682;False;0;0;4
ablation_no_sat;stress_exploratory_then_useful;stress;3;Q3_useful_margin;True;c1;True;0;0;0;0.333333;0.3216;True;1;1;4
ablation_no_real;stress_exploratory_then_useful;stress;1;Q1_noise_region;False;;False;0;0;0;0.0;0.4031;False;0;0;4
ablation_no_real;stress_exploratory_then_useful;stress;2;Q2_noise_margin_all;False;;False;0;0;0;0.0;0.3004;False;0;0;4
ablation_no_real;stress_exploratory_then_useful;stress;3;Q3_useful_margin;True;c1;True;0;0;0;0.333333;0.4883;True;1;1;4
ablation_ceval_any_intersection;stress_exploratory_then_useful;stress;1;Q1_noise_region;False;;False;0;0;0;0.0;0.2197;False;0;0;4
ablation_ceval_any_intersection;stress_exploratory_then_useful;stress;2;Q2_noise_margin_all;False;;False;0;0;0;0.0;0.1427;False;0;0;4
ablation_ceval_any_intersection;stress_exploratory_then_useful;stress;3;Q3_useful_margin;True;c1;True;0;0;0;0.333333;0.2726;True;1;1;4
baseline_random_matched;stress_exploratory_then_useful;stress;1;Q1_noise_region;False;;True;1;0;1;0.0;0.0046;;0;0;4
baseline_random_matched;stress_exploratory_then_useful;stress;2;Q2_noise_margin_all;False;;True;1;0;1;0.0;0.0007;;0;0;4
baseline_random_matched;stress_exploratory_then_useful;stress;3;Q3_useful_margin;True;c1;True;0;0;0;0.333333;0.0005;;0;0;4
mcad;happy_guided_article_short;happy;1;Q1_margin_month;True;c1;True;0;0;0;0.333333;0.2956;True;1;1;5
mcad;happy_guided_article_short;happy;2;Q2_stockout_store;True;c2;True;0;0;0;0.666667;0.2554;True;1;1;5
mcad;happy_guided_article_short;happy;3;Q3_sales_growth;True;c3;True;0;0;0;1.0;0.333;True;2;1;5
baseline_naive;happy_guided_article_short;happy;1;Q1_margin_month;True;c1;True;0;0;0;0.333333;0.0012;;0;0;5
baseline_naive;happy_guided_article_short;happy;2;Q2_stockout_store;True;c2;True;0;0;0;0.666667;0.0004;;0;0;5
baseline_naive;happy_guided_article_short;happy;3;Q3_sales_growth;True;c3;True;0;0;0;1.0;0.0003;;0;0;5
baseline_measure_overlap;happy_guided_article_short;happy;1;Q1_margin_month;True;c1;True;0;0;0;0.333333;0.016;;0;0;5
baseline_measure_overlap;happy_guided_article_short;happy;2;Q2_stockout_store;True;c2;True;0;0;0;0.666667;0.0056;;0;0;5
baseline_measure_overlap;happy_guided_article_short;happy;3;Q3_sales_growth;True;c3;True;0;0;0;1.0;0.0043;;0;0;5
ablation_no_sat;happy_guided_article_short;happy;1;Q1_margin_month;True;c1;True;0;0;0;0.333333;0.2976;True;1;1;5
ablation_no_sat;happy_guided_article_short;happy;2;Q2_stockout_store;True;c2;True;0;0;0;0.666667;0.2793;True;1;1;5
ablation_no_sat;happy_guided_article_short;happy;3;Q3_sales_growth;True;c3;True;0;0;0;1.0;0.3375;True;2;1;5
ablation_no_real;happy_guided_article_short;happy;1;Q1_margin_month;True;c1;True;0;0;0;0.333333;0.2953;True;1;1;5
ablation_no_real;happy_guided_article_short;happy;2;Q2_stockout_store;True;c2;True;0;0;0;0.666667;0.2509;True;1;1;5
ablation_no_real;happy_guided_article_short;happy;3;Q3_sales_growth;True;c3;True;0;0;0;1.0;0.3443;True;2;1;5
ablation_ceval_any_intersection;happy_guided_article_short;happy;1;Q1_margin_month;True;c1;True;0;0;0;0.333333;0.2912;True;1;1;5
ablation_ceval_any_intersection;happy_guided_article_short;happy;2;Q2_stockout_store;True;c2;True;0;0;0;0.666667;0.2404;True;1;1;5
ablation_ceval_any_intersection;happy_guided_article_short;happy;3;Q3_sales_growth;True;c3;True;0;0;0;1.0;0.3223;True;2;1;5
baseline_random_matched;happy_guided_article_short;happy;1;Q1_margin_month;True;c1;True;0;0;0;0.333333;0.0028;;0;0;5
baseline_random_matched;happy_guided_article_short;happy;2;Q2_stockout_store;True;c2;False;0;1;0;0.333333;0.0007;;0;0;5
baseline_random_matched;happy_guided_article_short;happy;3;Q3_sales_growth;True;c3;True;0;0;0;0.666667;0.0004;;0;0;5
mcad;happy_guided_reordered;happy;1;Q1_sales_growth;True;c3;True;0;0;0;0.333333;0.3704;True;2;1;5
mcad;happy_guided_reordered;happy;2;Q2_margin_month;True;c1;True;0;0;0;0.666667;0.2582;True;1;1;5
mcad;happy_guided_reordered;happy;3;Q3_stockout_store;True;c2;True;0;0;0;1.0;0.246;True;1;1;5
baseline_naive;happy_guided_reordered;happy;1;Q1_sales_growth;True;c3;True;0;0;0;0.333333;0.001;;0;0;5
baseline_naive;happy_guided_reordered;happy;2;Q2_margin_month;True;c1;True;0;0;0;0.666667;0.0005;;0;0;5
baseline_naive;happy_guided_reordered;happy;3;Q3_stockout_store;True;c2;True;0;0;0;1.0;0.0003;;0;0;5
baseline_measure_overlap;happy_guided_reordered;happy;1;Q1_sales_growth;True;c3;True;0;0;0;0.333333;0.0175;;0;0;5
baseline_measure_overlap;happy_guided_reordered;happy;2;Q2_margin_month;True;c1;True;0;0;0;0.666667;0.0071;;0;0;5
baseline_measure_overlap;happy_guided_reordered;happy;3;Q3_stockout_store;True;c2;True;0;0;0;1.0;0.0064;;0;0;5
ablation_no_sat;happy_guided_reordered;happy;1;Q1_sales_growth;True;c3;True;0;0;0;0.333333;0.7759;True;2;1;5
ablation_no_sat;happy_guided_reordered;happy;2;Q2_margin_month;True;c1;True;0;0;0;0.666667;0.4278;True;1;1;5
ablation_no_sat;happy_guided_reordered;happy;3;Q3_stockout_store;True;c2;True;0;0;0;1.0;0.3206;True;1;1;5
ablation_no_real;happy_guided_reordered;happy;1;Q1_sales_growth;True;c3;True;0;0;0;0.333333;0.5879;True;2;1;5
ablation_no_real;happy_guided_reordered;happy;2;Q2_margin_month;True;c1;True;0;0;0;0.666667;0.4412;True;1;1;5
ablation_no_real;happy_guided_reordered;happy;3;Q3_stockout_store;True;c2;True;0;0;0;1.0;0.4198;True;1;1;5
ablation_ceval_any_intersection;happy_guided_reordered;happy;1;Q1_sales_growth;True;c3;True;0;0;0;0.333333;0.3592;True;2;1;5
ablation_ceval_any_intersection;happy_guided_reordered;happy;2;Q2_margin_month;True;c1;True;0;0;0;0.666667;0.2436;True;1;1;5
ablation_ceval_any_intersection;happy_guided_reordered;happy;3;Q3_stockout_store;True;c2;True;0;0;0;1.0;0.2461;True;1;1;5
baseline_random_matched;happy_guided_reordered;happy;1;Q1_sales_growth;True;c3;True;0;0;0;0.333333;0.0027;;0;0;5
baseline_random_matched;happy_guided_reordered;happy;2;Q2_margin_month;True;c1;False;0;1;0;0.333333;0.0007;;0;0;5
baseline_random_matched;happy_guided_reordered;happy;3;Q3_stockout_store;True;c2;True;0;0;0;0.666667;0.0005;;0;0;5
mcad;happy_guided_compact;happy;1;Q1_margin_month;True;c1;True;0;0;0;0.333333;0.2767;True;1;1;5
mcad;happy_guided_compact;happy;2;Q2_sales_growth;True;c3;True;0;0;0;0.666667;0.3432;True;2;1;5
mcad;happy_guided_compact;happy;3;Q3_stockout_store;True;c2;True;0;0;0;1.0;0.2402;True;1;1;5
baseline_naive;happy_guided_compact;happy;1;Q1_margin_month;True;c1;True;0;0;0;0.333333;0.0009;;0;0;5
baseline_naive;happy_guided_compact;happy;2;Q2_sales_growth;True;c3;True;0;0;0;0.666667;0.0004;;0;0;5
baseline_naive;happy_guided_compact;happy;3;Q3_stockout_store;True;c2;True;0;0;0;1.0;0.0003;;0;0;5
baseline_measure_overlap;happy_guided_compact;happy;1;Q1_margin_month;True;c1;True;0;0;0;0.333333;0.0133;;0;0;5
baseline_measure_overlap;happy_guided_compact;happy;2;Q2_sales_growth;True;c3;True;0;0;0;0.666667;0.0052;;0;0;5
baseline_measure_overlap;happy_guided_compact;happy;3;Q3_stockout_store;True;c2;True;0;0;0;1.0;0.004;;0;0;5
ablation_no_sat;happy_guided_compact;happy;1;Q1_margin_month;True;c1;True;0;0;0;0.333333;0.29;True;1;1;5
ablation_no_sat;happy_guided_compact;happy;2;Q2_sales_growth;True;c3;True;0;0;0;0.666667;0.3375;True;2;1;5
ablation_no_sat;happy_guided_compact;happy;3;Q3_stockout_store;True;c2;True;0;0;0;1.0;0.2995;True;1;1;5
ablation_no_real;happy_guided_compact;happy;1;Q1_margin_month;True;c1;True;0;0;0;0.333333;0.4689;True;1;1;5
ablation_no_real;happy_guided_compact;happy;2;Q2_sales_growth;True;c3;True;0;0;0;0.666667;0.4667;True;2;1;5
ablation_no_real;happy_guided_compact;happy;3;Q3_stockout_store;True;c2;True;0;0;0;1.0;0.4551;True;1;1;5
ablation_ceval_any_intersection;happy_guided_compact;happy;1;Q1_margin_month;True;c1;True;0;0;0;0.333333;0.2899;True;1;1;5
ablation_ceval_any_intersection;happy_guided_compact;happy;2;Q2_sales_growth;True;c3;True;0;0;0;0.666667;0.335;True;2;1;5
ablation_ceval_any_intersection;happy_guided_compact;happy;3;Q3_stockout_store;True;c2;True;0;0;0;1.0;0.2402;True;1;1;5
baseline_random_matched;happy_guided_compact;happy;1;Q1_margin_month;True;c1;True;0;0;0;0.333333;0.0027;;0;0;5
baseline_random_matched;happy_guided_compact;happy;2;Q2_sales_growth;True;c3;False;0;1;0;0.333333;0.0006;;0;0;5
baseline_random_matched;happy_guided_compact;happy;3;Q3_stockout_store;True;c2;False;0;1;0;0.333333;0.0004;;0;0;5
mcad;border_growth_partial_1998_only;border;1;Q1_sales_1998_only;False;;False;0;0;0;0.0;0.3376;True;1;0;5
baseline_naive;border_growth_partial_1998_only;border;1;Q1_sales_1998_only;False;;True;1;0;1;0.0;0.0009;;0;0;5
baseline_measure_overlap;border_growth_partial_1998_only;border;1;Q1_sales_1998_only;False;;True;1;0;1;0.0;0.0132;;0;0;5
ablation_no_sat;border_growth_partial_1998_only;border;1;Q1_sales_1998_only;False;;False;0;0;0;0.0;0.337;True;1;0;5
ablation_no_real;border_growth_partial_1998_only;border;1;Q1_sales_1998_only;False;;True;1;0;1;0.0;0.5612;True;1;0;5
ablation_ceval_any_intersection;border_growth_partial_1998_only;border;1;Q1_sales_1998_only;False;;True;1;0;1;0.0;0.3462;True;1;1;5
baseline_random_matched;border_growth_partial_1998_only;border;1;Q1_sales_1998_only;False;;True;1;0;1;0.0;0.0114;;0;0;5
mcad;border_margin_wrong_grain;border;1;Q1_margin_quarter_only;False;;False;0;0;0;0.0;0.1938;False;0;0;5
baseline_naive;border_margin_wrong_grain;border;1;Q1_margin_quarter_only;False;;True;1;0;1;0.0;0.0009;;0;0;5
baseline_measure_overlap;border_margin_wrong_grain;border;1;Q1_margin_quarter_only;False;;True;1;0;1;0.0;0.0129;;0;0;5
ablation_no_sat;border_margin_wrong_grain;border;1;Q1_margin_quarter_only;False;;False;0;0;0;0.0;0.257;False;0;0;5
ablation_no_real;border_margin_wrong_grain;border;1;Q1_margin_quarter_only;False;;False;0;0;0;0.0;0.2028;False;0;0;5
ablation_ceval_any_intersection;border_margin_wrong_grain;border;1;Q1_margin_quarter_only;False;;False;0;0;0;0.0;0.3183;False;0;0;5
baseline_random_matched;border_margin_wrong_grain;border;1;Q1_margin_quarter_only;False;;True;1;0;1;0.0;0.0028;;0;0;5
mcad;border_stockout_missing_store;border;1;Q1_stockout_category_only;False;;False;0;0;0;0.0;0.1955;False;0;0;5
baseline_naive;border_stockout_missing_store;border;1;Q1_stockout_category_only;False;;True;1;0;1;0.0;0.001;;0;0;5
baseline_measure_overlap;border_stockout_missing_store;border;1;Q1_stockout_category_only;False;;True;1;0;1;0.0;0.0136;;0;0;5
ablation_no_sat;border_stockout_missing_store;border;1;Q1_stockout_category_only;False;;False;0;0;0;0.0;0.4542;False;0;0;5
ablation_no_real;border_stockout_missing_store;border;1;Q1_stockout_category_only;False;;False;0;0;0;0.0;0.2039;False;0;0;5
ablation_ceval_any_intersection;border_stockout_missing_store;border;1;Q1_stockout_category_only;False;;False;0;0;0;0.0;0.1986;False;0;0;5
baseline_random_matched;border_stockout_missing_store;border;1;Q1_stockout_category_only;False;;False;0;0;0;0.0;0.0034;;0;0;5
mcad;adversarial_wrong_region;adversarial;1;Q1_margin_south;False;;False;0;0;0;0.0;0.1799;False;0;0;5
baseline_naive;adversarial_wrong_region;adversarial;1;Q1_margin_south;False;;True;1;0;1;0.0;0.001;;0;0;5
baseline_measure_overlap;adversarial_wrong_region;adversarial;1;Q1_margin_south;False;;True;1;0;1;0.0;0.0197;;0;0;5
ablation_no_sat;adversarial_wrong_region;adversarial;1;Q1_margin_south;False;;False;0;0;0;0.0;0.2113;False;0;0;5
ablation_no_real;adversarial_wrong_region;adversarial;1;Q1_margin_south;False;;False;0;0;0;0.0;0.1761;False;0;0;5
ablation_ceval_any_intersection;adversarial_wrong_region;adversarial;1;Q1_margin_south;False;;False;0;0;0;0.0;0.2907;False;0;0;5
baseline_random_matched;adversarial_wrong_region;adversarial;1;Q1_margin_south;False;;False;0;0;0;0.0;0.003;;0;0;5
mcad;adversarial_wrong_year;adversarial;1;Q1_stockout_1997;False;;False;0;0;0;0.0;0.193;False;0;0;5
baseline_naive;adversarial_wrong_year;adversarial;1;Q1_stockout_1997;False;;True;1;0;1;0.0;0.0012;;0;0;5
baseline_measure_overlap;adversarial_wrong_year;adversarial;1;Q1_stockout_1997;False;;True;1;0;1;0.0;0.0145;;0;0;5
ablation_no_sat;adversarial_wrong_year;adversarial;1;Q1_stockout_1997;False;;False;0;0;0;0.0;0.2025;False;0;0;5
ablation_no_real;adversarial_wrong_year;adversarial;1;Q1_stockout_1997;False;;False;0;0;0;0.0;0.1829;False;0;0;5
ablation_ceval_any_intersection;adversarial_wrong_year;adversarial;1;Q1_stockout_1997;False;;False;0;0;0;0.0;0.165;False;0;0;5
baseline_random_matched;adversarial_wrong_year;adversarial;1;Q1_stockout_1997;False;;True;1;0;1;0.0;0.0029;;0;0;5
mcad;adversarial_invalid_no_measures;adversarial;1;Q1_invalid_no_measure;False;;False;0;0;0;0.0;0.1153;False;0;0;5
baseline_naive;adversarial_invalid_no_measures;adversarial;1;Q1_invalid_no_measure;False;;True;1;0;1;0.0;0.0009;;0;0;5
baseline_measure_overlap;adversarial_invalid_no_measures;adversarial;1;Q1_invalid_no_measure;False;;False;0;0;0;0.0;0.0142;;0;0;5
ablation_no_sat;adversarial_invalid_no_measures;adversarial;1;Q1_invalid_no_measure;False;;False;0;0;0;0.0;0.0901;False;0;0;5
ablation_no_real;adversarial_invalid_no_measures;adversarial;1;Q1_invalid_no_measure;False;;False;0;0;0;0.0;0.1138;False;0;0;5
ablation_ceval_any_intersection;adversarial_invalid_no_measures;adversarial;1;Q1_invalid_no_measure;False;;False;0;0;0;0.0;0.0771;False;0;0;5
baseline_random_matched;adversarial_invalid_no_measures;adversarial;1;Q1_invalid_no_measure;False;;False;0;0;0;0.0;0.0028;;0;0;5
mcad;stress_exploratory_then_useful;stress;1;Q1_noise_region;False;;False;0;0;0;0.0;0.2009;False;0;0;5
mcad;stress_exploratory_then_useful;stress;2;Q2_noise_margin_all;False;;False;0;0;0;0.0;0.1421;False;0;0;5
mcad;stress_exploratory_then_useful;stress;3;Q3_useful_margin;True;c1;True;0;0;0;0.333333;0.2771;True;1;1;5
baseline_naive;stress_exploratory_then_useful;stress;1;Q1_noise_region;False;;True;1;0;1;0.0;0.001;;0;0;5
baseline_naive;stress_exploratory_then_useful;stress;2;Q2_noise_margin_all;False;;True;1;0;1;0.0;0.0005;;0;0;5
baseline_naive;stress_exploratory_then_useful;stress;3;Q3_useful_margin;True;c1;True;0;0;0;0.333333;0.0003;;0;0;5
baseline_measure_overlap;stress_exploratory_then_useful;stress;1;Q1_noise_region;False;;True;1;0;1;0.0;0.0139;;0;0;5
baseline_measure_overlap;stress_exploratory_then_useful;stress;2;Q2_noise_margin_all;False;;True;1;0;1;0.0;0.0055;;0;0;5
baseline_measure_overlap;stress_exploratory_then_useful;stress;3;Q3_useful_margin;True;c1;True;0;0;0;0.333333;0.0042;;0;0;5
ablation_no_sat;stress_exploratory_then_useful;stress;1;Q1_noise_region;False;;False;0;0;0;0.0;0.2395;False;0;0;5
ablation_no_sat;stress_exploratory_then_useful;stress;2;Q2_noise_margin_all;False;;False;0;0;0;0.0;0.2023;False;0;0;5
ablation_no_sat;stress_exploratory_then_useful;stress;3;Q3_useful_margin;True;c1;True;0;0;0;0.333333;0.2569;True;1;1;5
ablation_no_real;stress_exploratory_then_useful;stress;1;Q1_noise_region;False;;False;0;0;0;0.0;0.2189;False;0;0;5
ablation_no_real;stress_exploratory_then_useful;stress;2;Q2_noise_margin_all;False;;False;0;0;0;0.0;0.2292;False;0;0;5
ablation_no_real;stress_exploratory_then_useful;stress;3;Q3_useful_margin;True;c1;True;0;0;0;0.333333;0.4789;True;1;1;5
ablation_ceval_any_intersection;stress_exploratory_then_useful;stress;1;Q1_noise_region;False;;False;0;0;0;0.0;0.2007;False;0;0;5
ablation_ceval_any_intersection;stress_exploratory_then_useful;stress;2;Q2_noise_margin_all;False;;False;0;0;0;0.0;0.1429;False;0;0;5
ablation_ceval_any_intersection;stress_exploratory_then_useful;stress;3;Q3_useful_margin;True;c1;True;0;0;0;0.333333;0.2463;True;1;1;5
baseline_random_matched;stress_exploratory_then_useful;stress;1;Q1_noise_region;False;;True;1;0;1;0.0;0.0033;;0;0;5
baseline_random_matched;stress_exploratory_then_useful;stress;2;Q2_noise_margin_all;False;;False;0;0;0;0.0;0.0006;;0;0;5
baseline_random_matched;stress_exploratory_then_useful;stress;3;Q3_useful_margin;True;c1;False;0;1;0;0.0;0.0005;;0;0;5
mcad;happy_guided_article_short;happy;1;Q1_margin_month;True;c1;True;0;0;0;0.333333;0.2776;True;1;1;6
mcad;happy_guided_article_short;happy;2;Q2_stockout_store;True;c2;True;0;0;0;0.666667;0.2453;True;1;1;6
mcad;happy_guided_article_short;happy;3;Q3_sales_growth;True;c3;True;0;0;0;1.0;0.3335;True;2;1;6
baseline_naive;happy_guided_article_short;happy;1;Q1_margin_month;True;c1;True;0;0;0;0.333333;0.001;;0;0;6
baseline_naive;happy_guided_article_short;happy;2;Q2_stockout_store;True;c2;True;0;0;0;0.666667;0.0005;;0;0;6
baseline_naive;happy_guided_article_short;happy;3;Q3_sales_growth;True;c3;True;0;0;0;1.0;0.0004;;0;0;6
baseline_measure_overlap;happy_guided_article_short;happy;1;Q1_margin_month;True;c1;True;0;0;0;0.333333;0.0137;;0;0;6
baseline_measure_overlap;happy_guided_article_short;happy;2;Q2_stockout_store;True;c2;True;0;0;0;0.666667;0.0055;;0;0;6
baseline_measure_overlap;happy_guided_article_short;happy;3;Q3_sales_growth;True;c3;True;0;0;0;1.0;0.0044;;0;0;6
ablation_no_sat;happy_guided_article_short;happy;1;Q1_margin_month;True;c1;True;0;0;0;0.333333;0.2814;True;1;1;6
ablation_no_sat;happy_guided_article_short;happy;2;Q2_stockout_store;True;c2;True;0;0;0;0.666667;0.2582;True;1;1;6
ablation_no_sat;happy_guided_article_short;happy;3;Q3_sales_growth;True;c3;True;0;0;0;1.0;0.3321;True;2;1;6
ablation_no_real;happy_guided_article_short;happy;1;Q1_margin_month;True;c1;True;0;0;0;0.333333;0.4861;True;1;1;6
ablation_no_real;happy_guided_article_short;happy;2;Q2_stockout_store;True;c2;True;0;0;0;0.666667;0.4774;True;1;1;6
ablation_no_real;happy_guided_article_short;happy;3;Q3_sales_growth;True;c3;True;0;0;0;1.0;0.6335;True;2;1;6
ablation_ceval_any_intersection;happy_guided_article_short;happy;1;Q1_margin_month;True;c1;True;0;0;0;0.333333;0.2796;True;1;1;6
ablation_ceval_any_intersection;happy_guided_article_short;happy;2;Q2_stockout_store;True;c2;True;0;0;0;0.666667;0.2446;True;1;1;6
ablation_ceval_any_intersection;happy_guided_article_short;happy;3;Q3_sales_growth;True;c3;True;0;0;0;1.0;0.3254;True;2;1;6
baseline_random_matched;happy_guided_article_short;happy;1;Q1_margin_month;True;c1;False;0;1;0;0.0;0.0029;;0;0;6
baseline_random_matched;happy_guided_article_short;happy;2;Q2_stockout_store;True;c2;True;0;0;0;0.333333;0.0006;;0;0;6
baseline_random_matched;happy_guided_article_short;happy;3;Q3_sales_growth;True;c3;True;0;0;0;0.666667;0.0005;;0;0;6
mcad;happy_guided_reordered;happy;1;Q1_sales_growth;True;c3;True;0;0;0;0.333333;0.369;True;2;1;6
mcad;happy_guided_reordered;happy;2;Q2_margin_month;True;c1;True;0;0;0;0.666667;0.2624;True;1;1;6
mcad;happy_guided_reordered;happy;3;Q3_stockout_store;True;c2;True;0;0;0;1.0;0.2418;True;1;1;6
baseline_naive;happy_guided_reordered;happy;1;Q1_sales_growth;True;c3;True;0;0;0;0.333333;0.001;;0;0;6
baseline_naive;happy_guided_reordered;happy;2;Q2_margin_month;True;c1;True;0;0;0;0.666667;0.0004;;0;0;6
baseline_naive;happy_guided_reordered;happy;3;Q3_stockout_store;True;c2;True;0;0;0;1.0;0.0003;;0;0;6
baseline_measure_overlap;happy_guided_reordered;happy;1;Q1_sales_growth;True;c3;True;0;0;0;0.333333;0.0137;;0;0;6
baseline_measure_overlap;happy_guided_reordered;happy;2;Q2_margin_month;True;c1;True;0;0;0;0.666667;0.0056;;0;0;6
baseline_measure_overlap;happy_guided_reordered;happy;3;Q3_stockout_store;True;c2;True;0;0;0;1.0;0.0042;;0;0;6
ablation_no_sat;happy_guided_reordered;happy;1;Q1_sales_growth;True;c3;True;0;0;0;0.333333;0.3774;True;2;1;6
ablation_no_sat;happy_guided_reordered;happy;2;Q2_margin_month;True;c1;True;0;0;0;0.666667;0.2493;True;1;1;6
ablation_no_sat;happy_guided_reordered;happy;3;Q3_stockout_store;True;c2;True;0;0;0;1.0;0.2431;True;1;1;6
ablation_no_real;happy_guided_reordered;happy;1;Q1_sales_growth;True;c3;True;0;0;0;0.333333;0.4014;True;2;1;6
ablation_no_real;happy_guided_reordered;happy;2;Q2_margin_month;True;c1;True;0;0;0;0.666667;0.2519;True;1;1;6
ablation_no_real;happy_guided_reordered;happy;3;Q3_stockout_store;True;c2;True;0;0;0;1.0;0.2449;True;1;1;6
ablation_ceval_any_intersection;happy_guided_reordered;happy;1;Q1_sales_growth;True;c3;True;0;0;0;0.333333;0.5931;True;2;1;6
ablation_ceval_any_intersection;happy_guided_reordered;happy;2;Q2_margin_month;True;c1;True;0;0;0;0.666667;0.4557;True;1;1;6
ablation_ceval_any_intersection;happy_guided_reordered;happy;3;Q3_stockout_store;True;c2;True;0;0;0;1.0;0.4407;True;1;1;6
baseline_random_matched;happy_guided_reordered;happy;1;Q1_sales_growth;True;c3;True;0;0;0;0.333333;0.0028;;0;0;6
baseline_random_matched;happy_guided_reordered;happy;2;Q2_margin_month;True;c1;True;0;0;0;0.666667;0.0007;;0;0;6
baseline_random_matched;happy_guided_reordered;happy;3;Q3_stockout_store;True;c2;False;0;1;0;0.666667;0.0004;;0;0;6
mcad;happy_guided_compact;happy;1;Q1_margin_month;True;c1;True;0;0;0;0.333333;0.2838;True;1;1;6
mcad;happy_guided_compact;happy;2;Q2_sales_growth;True;c3;True;0;0;0;0.666667;0.3315;True;2;1;6
mcad;happy_guided_compact;happy;3;Q3_stockout_store;True;c2;True;0;0;0;1.0;0.249;True;1;1;6
baseline_naive;happy_guided_compact;happy;1;Q1_margin_month;True;c1;True;0;0;0;0.333333;0.001;;0;0;6
baseline_naive;happy_guided_compact;happy;2;Q2_sales_growth;True;c3;True;0;0;0;0.666667;0.0005;;0;0;6
baseline_naive;happy_guided_compact;happy;3;Q3_stockout_store;True;c2;True;0;0;0;1.0;0.0003;;0;0;6
baseline_measure_overlap;happy_guided_compact;happy;1;Q1_margin_month;True;c1;True;0;0;0;0.333333;0.0149;;0;0;6
baseline_measure_overlap;happy_guided_compact;happy;2;Q2_sales_growth;True;c3;True;0;0;0;0.666667;0.0049;;0;0;6
baseline_measure_overlap;happy_guided_compact;happy;3;Q3_stockout_store;True;c2;True;0;0;0;1.0;0.0041;;0;0;6
ablation_no_sat;happy_guided_compact;happy;1;Q1_margin_month;True;c1;True;0;0;0;0.333333;0.2858;True;1;1;6
ablation_no_sat;happy_guided_compact;happy;2;Q2_sales_growth;True;c3;True;0;0;0;0.666667;0.4985;True;2;1;6
ablation_no_sat;happy_guided_compact;happy;3;Q3_stockout_store;True;c2;True;0;0;0;1.0;0.4105;True;1;1;6
ablation_no_real;happy_guided_compact;happy;1;Q1_margin_month;True;c1;True;0;0;0;0.333333;0.2926;True;1;1;6
ablation_no_real;happy_guided_compact;happy;2;Q2_sales_growth;True;c3;True;0;0;0;0.666667;0.3763;True;2;1;6
ablation_no_real;happy_guided_compact;happy;3;Q3_stockout_store;True;c2;True;0;0;0;1.0;0.2465;True;1;1;6
ablation_ceval_any_intersection;happy_guided_compact;happy;1;Q1_margin_month;True;c1;True;0;0;0;0.333333;0.4874;True;1;1;6
ablation_ceval_any_intersection;happy_guided_compact;happy;2;Q2_sales_growth;True;c3;True;0;0;0;0.666667;0.6276;True;2;1;6
ablation_ceval_any_intersection;happy_guided_compact;happy;3;Q3_stockout_store;True;c2;True;0;0;0;1.0;0.4425;True;1;1;6
baseline_random_matched;happy_guided_compact;happy;1;Q1_margin_month;True;c1;False;0;1;0;0.0;0.0033;;0;0;6
baseline_random_matched;happy_guided_compact;happy;2;Q2_sales_growth;True;c3;True;0;0;0;0.333333;0.0006;;0;0;6
baseline_random_matched;happy_guided_compact;happy;3;Q3_stockout_store;True;c2;False;0;1;0;0.333333;0.0005;;0;0;6
mcad;border_growth_partial_1998_only;border;1;Q1_sales_1998_only;False;;False;0;0;0;0.0;0.3416;True;1;0;6
baseline_naive;border_growth_partial_1998_only;border;1;Q1_sales_1998_only;False;;True;1;0;1;0.0;0.0009;;0;0;6
baseline_measure_overlap;border_growth_partial_1998_only;border;1;Q1_sales_1998_only;False;;True;1;0;1;0.0;0.015;;0;0;6
ablation_no_sat;border_growth_partial_1998_only;border;1;Q1_sales_1998_only;False;;False;0;0;0;0.0;0.3486;True;1;0;6
ablation_no_real;border_growth_partial_1998_only;border;1;Q1_sales_1998_only;False;;True;1;0;1;0.0;0.3565;True;1;0;6
ablation_ceval_any_intersection;border_growth_partial_1998_only;border;1;Q1_sales_1998_only;False;;True;1;0;1;0.0;0.3348;True;1;1;6
baseline_random_matched;border_growth_partial_1998_only;border;1;Q1_sales_1998_only;False;;False;0;0;0;0.0;0.0038;;0;0;6
mcad;border_margin_wrong_grain;border;1;Q1_margin_quarter_only;False;;False;0;0;0;0.0;0.1965;False;0;0;6
baseline_naive;border_margin_wrong_grain;border;1;Q1_margin_quarter_only;False;;True;1;0;1;0.0;0.001;;0;0;6
baseline_measure_overlap;border_margin_wrong_grain;border;1;Q1_margin_quarter_only;False;;True;1;0;1;0.0;0.0137;;0;0;6
ablation_no_sat;border_margin_wrong_grain;border;1;Q1_margin_quarter_only;False;;False;0;0;0;0.0;0.2594;False;0;0;6
ablation_no_real;border_margin_wrong_grain;border;1;Q1_margin_quarter_only;False;;False;0;0;0;0.0;0.2041;False;0;0;6
ablation_ceval_any_intersection;border_margin_wrong_grain;border;1;Q1_margin_quarter_only;False;;False;0;0;0;0.0;0.1949;False;0;0;6
baseline_random_matched;border_margin_wrong_grain;border;1;Q1_margin_quarter_only;False;;True;1;0;1;0.0;0.0037;;0;0;6
mcad;border_stockout_missing_store;border;1;Q1_stockout_category_only;False;;False;0;0;0;0.0;0.1941;False;0;0;6
baseline_naive;border_stockout_missing_store;border;1;Q1_stockout_category_only;False;;True;1;0;1;0.0;0.0009;;0;0;6
baseline_measure_overlap;border_stockout_missing_store;border;1;Q1_stockout_category_only;False;;True;1;0;1;0.0;0.0132;;0;0;6
ablation_no_sat;border_stockout_missing_store;border;1;Q1_stockout_category_only;False;;False;0;0;0;0.0;0.2596;False;0;0;6
ablation_no_real;border_stockout_missing_store;border;1;Q1_stockout_category_only;False;;False;0;0;0;0.0;0.2018;False;0;0;6
ablation_ceval_any_intersection;border_stockout_missing_store;border;1;Q1_stockout_category_only;False;;False;0;0;0;0.0;0.3363;False;0;0;6
baseline_random_matched;border_stockout_missing_store;border;1;Q1_stockout_category_only;False;;True;1;0;1;0.0;0.0035;;0;0;6
mcad;adversarial_wrong_region;adversarial;1;Q1_margin_south;False;;False;0;0;0;0.0;0.1706;False;0;0;6
baseline_naive;adversarial_wrong_region;adversarial;1;Q1_margin_south;False;;True;1;0;1;0.0;0.0009;;0;0;6
baseline_measure_overlap;adversarial_wrong_region;adversarial;1;Q1_margin_south;False;;True;1;0;1;0.0;0.0138;;0;0;6
ablation_no_sat;adversarial_wrong_region;adversarial;1;Q1_margin_south;False;;False;0;0;0;0.0;0.2083;False;0;0;6
ablation_no_real;adversarial_wrong_region;adversarial;1;Q1_margin_south;False;;False;0;0;0;0.0;0.1774;False;0;0;6
ablation_ceval_any_intersection;adversarial_wrong_region;adversarial;1;Q1_margin_south;False;;False;0;0;0;0.0;0.1672;False;0;0;6
baseline_random_matched;adversarial_wrong_region;adversarial;1;Q1_margin_south;False;;False;0;0;0;0.0;0.0037;;0;0;6
mcad;adversarial_wrong_year;adversarial;1;Q1_stockout_1997;False;;False;0;0;0;0.0;0.169;False;0;0;6
baseline_naive;adversarial_wrong_year;adversarial;1;Q1_stockout_1997;False;;True;1;0;1;0.0;0.0009;;0;0;6
baseline_measure_overlap;adversarial_wrong_year;adversarial;1;Q1_stockout_1997;False;;True;1;0;1;0.0;0.014;;0;0;6
ablation_no_sat;adversarial_wrong_year;adversarial;1;Q1_stockout_1997;False;;False;0;0;0;0.0;0.1931;False;0;0;6
ablation_no_real;adversarial_wrong_year;adversarial;1;Q1_stockout_1997;False;;False;0;0;0;0.0;0.1724;False;0;0;6
ablation_ceval_any_intersection;adversarial_wrong_year;adversarial;1;Q1_stockout_1997;False;;False;0;0;0;0.0;0.1853;False;0;0;6
baseline_random_matched;adversarial_wrong_year;adversarial;1;Q1_stockout_1997;False;;True;1;0;1;0.0;0.0029;;0;0;6
mcad;adversarial_invalid_no_measures;adversarial;1;Q1_invalid_no_measure;False;;False;0;0;0;0.0;0.1545;False;0;0;6
baseline_naive;adversarial_invalid_no_measures;adversarial;1;Q1_invalid_no_measure;False;;True;1;0;1;0.0;0.001;;0;0;6
baseline_measure_overlap;adversarial_invalid_no_measures;adversarial;1;Q1_invalid_no_measure;False;;False;0;0;0;0.0;0.0144;;0;0;6
ablation_no_sat;adversarial_invalid_no_measures;adversarial;1;Q1_invalid_no_measure;False;;False;0;0;0;0.0;0.093;False;0;0;6
ablation_no_real;adversarial_invalid_no_measures;adversarial;1;Q1_invalid_no_measure;False;;False;0;0;0;0.0;0.0809;False;0;0;6
ablation_ceval_any_intersection;adversarial_invalid_no_measures;adversarial;1;Q1_invalid_no_measure;False;;False;0;0;0;0.0;0.0708;False;0;0;6
baseline_random_matched;adversarial_invalid_no_measures;adversarial;1;Q1_invalid_no_measure;False;;True;1;0;1;0.0;0.003;;0;0;6
mcad;stress_exploratory_then_useful;stress;1;Q1_noise_region;False;;False;0;0;0;0.0;0.3241;False;0;0;6
mcad;stress_exploratory_then_useful;stress;2;Q2_noise_margin_all;False;;False;0;0;0;0.0;0.2389;False;0;0;6
mcad;stress_exploratory_then_useful;stress;3;Q3_useful_margin;True;c1;True;0;0;0;0.333333;0.4451;True;1;1;6
baseline_naive;stress_exploratory_then_useful;stress;1;Q1_noise_region;False;;True;1;0;1;0.0;0.0011;;0;0;6
baseline_naive;stress_exploratory_then_useful;stress;2;Q2_noise_margin_all;False;;True;1;0;1;0.0;0.0005;;0;0;6
baseline_naive;stress_exploratory_then_useful;stress;3;Q3_useful_margin;True;c1;True;0;0;0;0.333333;0.0003;;0;0;6
baseline_measure_overlap;stress_exploratory_then_useful;stress;1;Q1_noise_region;False;;True;1;0;1;0.0;0.0151;;0;0;6
baseline_measure_overlap;stress_exploratory_then_useful;stress;2;Q2_noise_margin_all;False;;True;1;0;1;0.0;0.0054;;0;0;6
baseline_measure_overlap;stress_exploratory_then_useful;stress;3;Q3_useful_margin;True;c1;True;0;0;0;0.333333;0.0043;;0;0;6
ablation_no_sat;stress_exploratory_then_useful;stress;1;Q1_noise_region;False;;False;0;0;0;0.0;0.2402;False;0;0;6
ablation_no_sat;stress_exploratory_then_useful;stress;2;Q2_noise_margin_all;False;;False;0;0;0;0.0;0.1711;False;0;0;6
ablation_no_sat;stress_exploratory_then_useful;stress;3;Q3_useful_margin;True;c1;True;0;0;0;0.333333;0.264;True;1;1;6
ablation_no_real;stress_exploratory_then_useful;stress;1;Q1_noise_region;False;;False;0;0;0;0.0;0.2166;False;0;0;6
ablation_no_real;stress_exploratory_then_useful;stress;2;Q2_noise_margin_all;False;;False;0;0;0;0.0;0.148;False;0;0;6
ablation_no_real;stress_exploratory_then_useful;stress;3;Q3_useful_margin;True;c1;True;0;0;0;0.333333;0.2812;True;1;1;6
ablation_ceval_any_intersection;stress_exploratory_then_useful;stress;1;Q1_noise_region;False;;False;0;0;0;0.0;0.1975;False;0;0;6
ablation_ceval_any_intersection;stress_exploratory_then_useful;stress;2;Q2_noise_margin_all;False;;False;0;0;0;0.0;0.1416;False;0;0;6
ablation_ceval_any_intersection;stress_exploratory_then_useful;stress;3;Q3_useful_margin;True;c1;True;0;0;0;0.333333;0.2569;True;1;1;6
baseline_random_matched;stress_exploratory_then_useful;stress;1;Q1_noise_region;False;;False;0;0;0;0.0;0.003;;0;0;6
baseline_random_matched;stress_exploratory_then_useful;stress;2;Q2_noise_margin_all;False;;True;1;0;1;0.0;0.0006;;0;0;6
baseline_random_matched;stress_exploratory_then_useful;stress;3;Q3_useful_margin;True;c1;True;0;0;0;0.333333;0.0005;;0;0;6
mcad;happy_guided_article_short;happy;1;Q1_margin_month;True;c1;True;0;0;0;0.333333;0.2807;True;1;1;7
mcad;happy_guided_article_short;happy;2;Q2_stockout_store;True;c2;True;0;0;0;0.666667;0.2642;True;1;1;7
mcad;happy_guided_article_short;happy;3;Q3_sales_growth;True;c3;True;0;0;0;1.0;0.3436;True;2;1;7
baseline_naive;happy_guided_article_short;happy;1;Q1_margin_month;True;c1;True;0;0;0;0.333333;0.0012;;0;0;7
baseline_naive;happy_guided_article_short;happy;2;Q2_stockout_store;True;c2;True;0;0;0;0.666667;0.0005;;0;0;7
baseline_naive;happy_guided_article_short;happy;3;Q3_sales_growth;True;c3;True;0;0;0;1.0;0.0005;;0;0;7
baseline_measure_overlap;happy_guided_article_short;happy;1;Q1_margin_month;True;c1;True;0;0;0;0.333333;0.0133;;0;0;7
baseline_measure_overlap;happy_guided_article_short;happy;2;Q2_stockout_store;True;c2;True;0;0;0;0.666667;0.0058;;0;0;7
baseline_measure_overlap;happy_guided_article_short;happy;3;Q3_sales_growth;True;c3;True;0;0;0;1.0;0.0044;;0;0;7
ablation_no_sat;happy_guided_article_short;happy;1;Q1_margin_month;True;c1;True;0;0;0;0.333333;0.4752;True;1;1;7
ablation_no_sat;happy_guided_article_short;happy;2;Q2_stockout_store;True;c2;True;0;0;0;0.666667;0.4079;True;1;1;7
ablation_no_sat;happy_guided_article_short;happy;3;Q3_sales_growth;True;c3;True;0;0;0;1.0;0.6863;True;2;1;7
ablation_no_real;happy_guided_article_short;happy;1;Q1_margin_month;True;c1;True;0;0;0;0.333333;0.5519;True;1;1;7
ablation_no_real;happy_guided_article_short;happy;2;Q2_stockout_store;True;c2;True;0;0;0;0.666667;0.4873;True;1;1;7
ablation_no_real;happy_guided_article_short;happy;3;Q3_sales_growth;True;c3;True;0;0;0;1.0;0.688;True;2;1;7
ablation_ceval_any_intersection;happy_guided_article_short;happy;1;Q1_margin_month;True;c1;True;0;0;0;0.333333;0.4051;True;1;1;7
ablation_ceval_any_intersection;happy_guided_article_short;happy;2;Q2_stockout_store;True;c2;True;0;0;0;0.666667;0.2476;True;1;1;7
ablation_ceval_any_intersection;happy_guided_article_short;happy;3;Q3_sales_growth;True;c3;True;0;0;0;1.0;0.3573;True;2;1;7
baseline_random_matched;happy_guided_article_short;happy;1;Q1_margin_month;True;c1;False;0;1;0;0.0;0.0045;;0;0;7
baseline_random_matched;happy_guided_article_short;happy;2;Q2_stockout_store;True;c2;True;0;0;0;0.333333;0.001;;0;0;7
baseline_random_matched;happy_guided_article_short;happy;3;Q3_sales_growth;True;c3;True;0;0;0;0.666667;0.0009;;0;0;7
mcad;happy_guided_reordered;happy;1;Q1_sales_growth;True;c3;True;0;0;0;0.333333;0.367;True;2;1;7
mcad;happy_guided_reordered;happy;2;Q2_margin_month;True;c1;True;0;0;0;0.666667;0.2498;True;1;1;7
mcad;happy_guided_reordered;happy;3;Q3_stockout_store;True;c2;True;0;0;0;1.0;0.2541;True;1;1;7
baseline_naive;happy_guided_reordered;happy;1;Q1_sales_growth;True;c3;True;0;0;0;0.333333;0.0009;;0;0;7
baseline_naive;happy_guided_reordered;happy;2;Q2_margin_month;True;c1;True;0;0;0;0.666667;0.0004;;0;0;7
baseline_naive;happy_guided_reordered;happy;3;Q3_stockout_store;True;c2;True;0;0;0;1.0;0.0003;;0;0;7
baseline_measure_overlap;happy_guided_reordered;happy;1;Q1_sales_growth;True;c3;True;0;0;0;0.333333;0.0138;;0;0;7
baseline_measure_overlap;happy_guided_reordered;happy;2;Q2_margin_month;True;c1;True;0;0;0;0.666667;0.0051;;0;0;7
baseline_measure_overlap;happy_guided_reordered;happy;3;Q3_stockout_store;True;c2;True;0;0;0;1.0;0.0041;;0;0;7
ablation_no_sat;happy_guided_reordered;happy;1;Q1_sales_growth;True;c3;True;0;0;0;0.333333;0.3604;True;2;1;7
ablation_no_sat;happy_guided_reordered;happy;2;Q2_margin_month;True;c1;True;0;0;0;0.666667;0.2575;True;1;1;7
ablation_no_sat;happy_guided_reordered;happy;3;Q3_stockout_store;True;c2;True;0;0;0;1.0;0.2379;True;1;1;7
ablation_no_real;happy_guided_reordered;happy;1;Q1_sales_growth;True;c3;True;0;0;0;0.333333;0.6627;True;2;1;7
ablation_no_real;happy_guided_reordered;happy;2;Q2_margin_month;True;c1;True;0;0;0;0.666667;0.4783;True;1;1;7
ablation_no_real;happy_guided_reordered;happy;3;Q3_stockout_store;True;c2;True;0;0;0;1.0;0.9636;True;1;1;7
ablation_ceval_any_intersection;happy_guided_reordered;happy;1;Q1_sales_growth;True;c3;True;0;0;0;0.333333;0.6757;True;2;1;7
ablation_ceval_any_intersection;happy_guided_reordered;happy;2;Q2_margin_month;True;c1;True;0;0;0;0.666667;0.4722;True;1;1;7
ablation_ceval_any_intersection;happy_guided_reordered;happy;3;Q3_stockout_store;True;c2;True;0;0;0;1.0;0.4866;True;1;1;7
baseline_random_matched;happy_guided_reordered;happy;1;Q1_sales_growth;True;c3;True;0;0;0;0.333333;0.0029;;0;0;7
baseline_random_matched;happy_guided_reordered;happy;2;Q2_margin_month;True;c1;True;0;0;0;0.666667;0.0007;;0;0;7
baseline_random_matched;happy_guided_reordered;happy;3;Q3_stockout_store;True;c2;True;0;0;0;1.0;0.0005;;0;0;7
mcad;happy_guided_compact;happy;1;Q1_margin_month;True;c1;True;0;0;0;0.333333;0.2776;True;1;1;7
mcad;happy_guided_compact;happy;2;Q2_sales_growth;True;c3;True;0;0;0;0.666667;0.336;True;2;1;7
mcad;happy_guided_compact;happy;3;Q3_stockout_store;True;c2;True;0;0;0;1.0;0.2509;True;1;1;7
baseline_naive;happy_guided_compact;happy;1;Q1_margin_month;True;c1;True;0;0;0;0.333333;0.0009;;0;0;7
baseline_naive;happy_guided_compact;happy;2;Q2_sales_growth;True;c3;True;0;0;0;0.666667;0.0004;;0;0;7
baseline_naive;happy_guided_compact;happy;3;Q3_stockout_store;True;c2;True;0;0;0;1.0;0.0003;;0;0;7
baseline_measure_overlap;happy_guided_compact;happy;1;Q1_margin_month;True;c1;True;0;0;0;0.333333;0.014;;0;0;7
baseline_measure_overlap;happy_guided_compact;happy;2;Q2_sales_growth;True;c3;True;0;0;0;0.666667;0.0052;;0;0;7
baseline_measure_overlap;happy_guided_compact;happy;3;Q3_stockout_store;True;c2;True;0;0;0;1.0;0.0041;;0;0;7
ablation_no_sat;happy_guided_compact;happy;1;Q1_margin_month;True;c1;True;0;0;0;0.333333;0.2976;True;1;1;7
ablation_no_sat;happy_guided_compact;happy;2;Q2_sales_growth;True;c3;True;0;0;0;0.666667;0.3846;True;2;1;7
ablation_no_sat;happy_guided_compact;happy;3;Q3_stockout_store;True;c2;True;0;0;0;1.0;0.2415;True;1;1;7
ablation_no_real;happy_guided_compact;happy;1;Q1_margin_month;True;c1;True;0;0;0;0.333333;0.5251;True;1;1;7
ablation_no_real;happy_guided_compact;happy;2;Q2_sales_growth;True;c3;True;0;0;0;0.666667;0.653;True;2;1;7
ablation_no_real;happy_guided_compact;happy;3;Q3_stockout_store;True;c2;True;0;0;0;1.0;0.4622;True;1;1;7
ablation_ceval_any_intersection;happy_guided_compact;happy;1;Q1_margin_month;True;c1;True;0;0;0;0.333333;0.2963;True;1;1;7
ablation_ceval_any_intersection;happy_guided_compact;happy;2;Q2_sales_growth;True;c3;True;0;0;0;0.666667;0.3287;True;2;1;7
ablation_ceval_any_intersection;happy_guided_compact;happy;3;Q3_stockout_store;True;c2;True;0;0;0;1.0;0.2359;True;1;1;7
baseline_random_matched;happy_guided_compact;happy;1;Q1_margin_month;True;c1;False;0;1;0;0.0;0.0028;;0;0;7
baseline_random_matched;happy_guided_compact;happy;2;Q2_sales_growth;True;c3;False;0;1;0;0.0;0.0006;;0;0;7
baseline_random_matched;happy_guided_compact;happy;3;Q3_stockout_store;True;c2;True;0;0;0;0.333333;0.0004;;0;0;7
mcad;border_growth_partial_1998_only;border;1;Q1_sales_1998_only;False;;False;0;0;0;0.0;0.3336;True;1;0;7
baseline_naive;border_growth_partial_1998_only;border;1;Q1_sales_1998_only;False;;True;1;0;1;0.0;0.0009;;0;0;7
baseline_measure_overlap;border_growth_partial_1998_only;border;1;Q1_sales_1998_only;False;;True;1;0;1;0.0;0.0129;;0;0;7
ablation_no_sat;border_growth_partial_1998_only;border;1;Q1_sales_1998_only;False;;False;0;0;0;0.0;0.3482;True;1;0;7
ablation_no_real;border_growth_partial_1998_only;border;1;Q1_sales_1998_only;False;;True;1;0;1;0.0;0.5405;True;1;0;7
ablation_ceval_any_intersection;border_growth_partial_1998_only;border;1;Q1_sales_1998_only;False;;True;1;0;1;0.0;0.3506;True;1;1;7
baseline_random_matched;border_growth_partial_1998_only;border;1;Q1_sales_1998_only;False;;True;1;0;1;0.0;0.0031;;0;0;7
mcad;border_margin_wrong_grain;border;1;Q1_margin_quarter_only;False;;False;0;0;0;0.0;0.2081;False;0;0;7
baseline_naive;border_margin_wrong_grain;border;1;Q1_margin_quarter_only;False;;True;1;0;1;0.0;0.0011;;0;0;7
baseline_measure_overlap;border_margin_wrong_grain;border;1;Q1_margin_quarter_only;False;;True;1;0;1;0.0;0.014;;0;0;7
ablation_no_sat;border_margin_wrong_grain;border;1;Q1_margin_quarter_only;False;;False;0;0;0;0.0;0.2626;False;0;0;7
ablation_no_real;border_margin_wrong_grain;border;1;Q1_margin_quarter_only;False;;False;0;0;0;0.0;0.2433;False;0;0;7
ablation_ceval_any_intersection;border_margin_wrong_grain;border;1;Q1_margin_quarter_only;False;;False;0;0;0;0.0;0.2024;False;0;0;7
baseline_random_matched;border_margin_wrong_grain;border;1;Q1_margin_quarter_only;False;;True;1;0;1;0.0;0.0031;;0;0;7
mcad;border_stockout_missing_store;border;1;Q1_stockout_category_only;False;;False;0;0;0;0.0;0.1998;False;0;0;7
baseline_naive;border_stockout_missing_store;border;1;Q1_stockout_category_only;False;;True;1;0;1;0.0;0.001;;0;0;7
baseline_measure_overlap;border_stockout_missing_store;border;1;Q1_stockout_category_only;False;;True;1;0;1;0.0;0.0131;;0;0;7
ablation_no_sat;border_stockout_missing_store;border;1;Q1_stockout_category_only;False;;False;0;0;0;0.0;0.2883;False;0;0;7
ablation_no_real;border_stockout_missing_store;border;1;Q1_stockout_category_only;False;;False;0;0;0;0.0;0.2007;False;0;0;7
ablation_ceval_any_intersection;border_stockout_missing_store;border;1;Q1_stockout_category_only;False;;False;0;0;0;0.0;0.3346;False;0;0;7
baseline_random_matched;border_stockout_missing_store;border;1;Q1_stockout_category_only;False;;True;1;0;1;0.0;0.0039;;0;0;7
mcad;adversarial_wrong_region;adversarial;1;Q1_margin_south;False;;False;0;0;0;0.0;0.1811;False;0;0;7
baseline_naive;adversarial_wrong_region;adversarial;1;Q1_margin_south;False;;True;1;0;1;0.0;0.0009;;0;0;7
baseline_measure_overlap;adversarial_wrong_region;adversarial;1;Q1_margin_south;False;;True;1;0;1;0.0;0.0131;;0;0;7
ablation_no_sat;adversarial_wrong_region;adversarial;1;Q1_margin_south;False;;False;0;0;0;0.0;0.2048;False;0;0;7
ablation_no_real;adversarial_wrong_region;adversarial;1;Q1_margin_south;False;;False;0;0;0;0.0;0.1731;False;0;0;7
ablation_ceval_any_intersection;adversarial_wrong_region;adversarial;1;Q1_margin_south;False;;False;0;0;0;0.0;0.2968;False;0;0;7
baseline_random_matched;adversarial_wrong_region;adversarial;1;Q1_margin_south;False;;True;1;0;1;0.0;0.0032;;0;0;7
mcad;adversarial_wrong_year;adversarial;1;Q1_stockout_1997;False;;False;0;0;0;0.0;0.1667;False;0;0;7
baseline_naive;adversarial_wrong_year;adversarial;1;Q1_stockout_1997;False;;True;1;0;1;0.0;0.0009;;0;0;7
baseline_measure_overlap;adversarial_wrong_year;adversarial;1;Q1_stockout_1997;False;;True;1;0;1;0.0;0.0137;;0;0;7
ablation_no_sat;adversarial_wrong_year;adversarial;1;Q1_stockout_1997;False;;False;0;0;0;0.0;0.1924;False;0;0;7
ablation_no_real;adversarial_wrong_year;adversarial;1;Q1_stockout_1997;False;;False;0;0;0;0.0;0.1739;False;0;0;7
ablation_ceval_any_intersection;adversarial_wrong_year;adversarial;1;Q1_stockout_1997;False;;False;0;0;0;0.0;0.1649;False;0;0;7
baseline_random_matched;adversarial_wrong_year;adversarial;1;Q1_stockout_1997;False;;False;0;0;0;0.0;0.0036;;0;0;7
mcad;adversarial_invalid_no_measures;adversarial;1;Q1_invalid_no_measure;False;;False;0;0;0;0.0;0.075;False;0;0;7
baseline_naive;adversarial_invalid_no_measures;adversarial;1;Q1_invalid_no_measure;False;;True;1;0;1;0.0;0.0009;;0;0;7
baseline_measure_overlap;adversarial_invalid_no_measures;adversarial;1;Q1_invalid_no_measure;False;;False;0;0;0;0.0;0.0131;;0;0;7
ablation_no_sat;adversarial_invalid_no_measures;adversarial;1;Q1_invalid_no_measure;False;;False;0;0;0;0.0;0.0868;False;0;0;7
ablation_no_real;adversarial_invalid_no_measures;adversarial;1;Q1_invalid_no_measure;False;;False;0;0;0;0.0;0.0763;False;0;0;7
ablation_ceval_any_intersection;adversarial_invalid_no_measures;adversarial;1;Q1_invalid_no_measure;False;;False;0;0;0;0.0;0.0703;False;0;0;7
baseline_random_matched;adversarial_invalid_no_measures;adversarial;1;Q1_invalid_no_measure;False;;False;0;0;0;0.0;0.0033;;0;0;7
mcad;stress_exploratory_then_useful;stress;1;Q1_noise_region;False;;False;0;0;0;0.0;0.2274;False;0;0;7
mcad;stress_exploratory_then_useful;stress;2;Q2_noise_margin_all;False;;False;0;0;0;0.0;0.1436;False;0;0;7
mcad;stress_exploratory_then_useful;stress;3;Q3_useful_margin;True;c1;True;0;0;0;0.333333;0.2517;True;1;1;7
baseline_naive;stress_exploratory_then_useful;stress;1;Q1_noise_region;False;;True;1;0;1;0.0;0.001;;0;0;7
baseline_naive;stress_exploratory_then_useful;stress;2;Q2_noise_margin_all;False;;True;1;0;1;0.0;0.0005;;0;0;7
baseline_naive;stress_exploratory_then_useful;stress;3;Q3_useful_margin;True;c1;True;0;0;0;0.333333;0.0003;;0;0;7
baseline_measure_overlap;stress_exploratory_then_useful;stress;1;Q1_noise_region;False;;True;1;0;1;0.0;0.0141;;0;0;7
baseline_measure_overlap;stress_exploratory_then_useful;stress;2;Q2_noise_margin_all;False;;True;1;0;1;0.0;0.0051;;0;0;7
baseline_measure_overlap;stress_exploratory_then_useful;stress;3;Q3_useful_margin;True;c1;True;0;0;0;0.333333;0.0042;;0;0;7
ablation_no_sat;stress_exploratory_then_useful;stress;1;Q1_noise_region;False;;False;0;0;0;0.0;0.2353;False;0;0;7
ablation_no_sat;stress_exploratory_then_useful;stress;2;Q2_noise_margin_all;False;;False;0;0;0;0.0;0.17;False;0;0;7
ablation_no_sat;stress_exploratory_then_useful;stress;3;Q3_useful_margin;True;c1;True;0;0;0;0.333333;0.2485;True;1;1;7
ablation_no_real;stress_exploratory_then_useful;stress;1;Q1_noise_region;False;;False;0;0;0;0.0;0.2003;False;0;0;7
ablation_no_real;stress_exploratory_then_useful;stress;2;Q2_noise_margin_all;False;;False;0;0;0;0.0;0.1463;False;0;0;7
ablation_no_real;stress_exploratory_then_useful;stress;3;Q3_useful_margin;True;c1;True;0;0;0;0.333333;0.2631;True;1;1;7
ablation_ceval_any_intersection;stress_exploratory_then_useful;stress;1;Q1_noise_region;False;;False;0;0;0;0.0;0.2028;False;0;0;7
ablation_ceval_any_intersection;stress_exploratory_then_useful;stress;2;Q2_noise_margin_all;False;;False;0;0;0;0.0;0.1391;False;0;0;7
ablation_ceval_any_intersection;stress_exploratory_then_useful;stress;3;Q3_useful_margin;True;c1;True;0;0;0;0.333333;0.2424;True;1;1;7
baseline_random_matched;stress_exploratory_then_useful;stress;1;Q1_noise_region;False;;True;1;0;1;0.0;0.0026;;0;0;7
baseline_random_matched;stress_exploratory_then_useful;stress;2;Q2_noise_margin_all;False;;False;0;0;0;0.0;0.0006;;0;0;7
baseline_random_matched;stress_exploratory_then_useful;stress;3;Q3_useful_margin;True;c1;False;0;1;0;0.0;0.0005;;0;0;7
mcad;happy_guided_article_short;happy;1;Q1_margin_month;True;c1;True;0;0;0;0.333333;0.4703;True;1;1;8
mcad;happy_guided_article_short;happy;2;Q2_stockout_store;True;c2;True;0;0;0;0.666667;0.4657;True;1;1;8
mcad;happy_guided_article_short;happy;3;Q3_sales_growth;True;c3;True;0;0;0;1.0;0.6122;True;2;1;8
baseline_naive;happy_guided_article_short;happy;1;Q1_margin_month;True;c1;True;0;0;0;0.333333;0.0009;;0;0;8
baseline_naive;happy_guided_article_short;happy;2;Q2_stockout_store;True;c2;True;0;0;0;0.666667;0.0005;;0;0;8
baseline_naive;happy_guided_article_short;happy;3;Q3_sales_growth;True;c3;True;0;0;0;1.0;0.0003;;0;0;8
baseline_measure_overlap;happy_guided_article_short;happy;1;Q1_margin_month;True;c1;True;0;0;0;0.333333;0.0149;;0;0;8
baseline_measure_overlap;happy_guided_article_short;happy;2;Q2_stockout_store;True;c2;True;0;0;0;0.666667;0.0055;;0;0;8
baseline_measure_overlap;happy_guided_article_short;happy;3;Q3_sales_growth;True;c3;True;0;0;0;1.0;0.0046;;0;0;8
ablation_no_sat;happy_guided_article_short;happy;1;Q1_margin_month;True;c1;True;0;0;0;0.333333;0.2945;True;1;1;8
ablation_no_sat;happy_guided_article_short;happy;2;Q2_stockout_store;True;c2;True;0;0;0;0.666667;0.2436;True;1;1;8
ablation_no_sat;happy_guided_article_short;happy;3;Q3_sales_growth;True;c3;True;0;0;0;1.0;0.3304;True;2;1;8
ablation_no_real;happy_guided_article_short;happy;1;Q1_margin_month;True;c1;True;0;0;0;0.333333;0.285;True;1;1;8
ablation_no_real;happy_guided_article_short;happy;2;Q2_stockout_store;True;c2;True;0;0;0;0.666667;0.2479;True;1;1;8
ablation_no_real;happy_guided_article_short;happy;3;Q3_sales_growth;True;c3;True;0;0;0;1.0;0.3502;True;2;1;8
ablation_ceval_any_intersection;happy_guided_article_short;happy;1;Q1_margin_month;True;c1;True;0;0;0;0.333333;0.2782;True;1;1;8
ablation_ceval_any_intersection;happy_guided_article_short;happy;2;Q2_stockout_store;True;c2;True;0;0;0;0.666667;0.2577;True;1;1;8
ablation_ceval_any_intersection;happy_guided_article_short;happy;3;Q3_sales_growth;True;c3;True;0;0;0;1.0;0.3273;True;2;1;8
baseline_random_matched;happy_guided_article_short;happy;1;Q1_margin_month;True;c1;True;0;0;0;0.333333;0.0028;;0;0;8
baseline_random_matched;happy_guided_article_short;happy;2;Q2_stockout_store;True;c2;False;0;1;0;0.333333;0.0007;;0;0;8
baseline_random_matched;happy_guided_article_short;happy;3;Q3_sales_growth;True;c3;True;0;0;0;0.666667;0.0005;;0;0;8
mcad;happy_guided_reordered;happy;1;Q1_sales_growth;True;c3;True;0;0;0;0.333333;0.6802;True;2;1;8
mcad;happy_guided_reordered;happy;2;Q2_margin_month;True;c1;True;0;0;0;0.666667;0.4623;True;1;1;8
mcad;happy_guided_reordered;happy;3;Q3_stockout_store;True;c2;True;0;0;0;1.0;0.4437;True;1;1;8
baseline_naive;happy_guided_reordered;happy;1;Q1_sales_growth;True;c3;True;0;0;0;0.333333;0.0009;;0;0;8
baseline_naive;happy_guided_reordered;happy;2;Q2_margin_month;True;c1;True;0;0;0;0.666667;0.0004;;0;0;8
baseline_naive;happy_guided_reordered;happy;3;Q3_stockout_store;True;c2;True;0;0;0;1.0;0.0003;;0;0;8
baseline_measure_overlap;happy_guided_reordered;happy;1;Q1_sales_growth;True;c3;True;0;0;0;0.333333;0.0156;;0;0;8
baseline_measure_overlap;happy_guided_reordered;happy;2;Q2_margin_month;True;c1;True;0;0;0;0.666667;0.0052;;0;0;8
baseline_measure_overlap;happy_guided_reordered;happy;3;Q3_stockout_store;True;c2;True;0;0;0;1.0;0.0044;;0;0;8
ablation_no_sat;happy_guided_reordered;happy;1;Q1_sales_growth;True;c3;True;0;0;0;0.333333;0.3886;True;2;1;8
ablation_no_sat;happy_guided_reordered;happy;2;Q2_margin_month;True;c1;True;0;0;0;0.666667;0.2484;True;1;1;8
ablation_no_sat;happy_guided_reordered;happy;3;Q3_stockout_store;True;c2;True;0;0;0;1.0;0.2423;True;1;1;8
ablation_no_real;happy_guided_reordered;happy;1;Q1_sales_growth;True;c3;True;0;0;0;0.333333;0.3793;True;2;1;8
ablation_no_real;happy_guided_reordered;happy;2;Q2_margin_month;True;c1;True;0;0;0;0.666667;0.264;True;1;1;8
ablation_no_real;happy_guided_reordered;happy;3;Q3_stockout_store;True;c2;True;0;0;0;1.0;0.2463;True;1;1;8
ablation_ceval_any_intersection;happy_guided_reordered;happy;1;Q1_sales_growth;True;c3;True;0;0;0;0.333333;0.3661;True;2;1;8
ablation_ceval_any_intersection;happy_guided_reordered;happy;2;Q2_margin_month;True;c1;True;0;0;0;0.666667;0.2421;True;1;1;8
ablation_ceval_any_intersection;happy_guided_reordered;happy;3;Q3_stockout_store;True;c2;True;0;0;0;1.0;0.2459;True;1;1;8
baseline_random_matched;happy_guided_reordered;happy;1;Q1_sales_growth;True;c3;False;0;1;0;0.0;0.0031;;0;0;8
baseline_random_matched;happy_guided_reordered;happy;2;Q2_margin_month;True;c1;True;0;0;0;0.333333;0.0006;;0;0;8
baseline_random_matched;happy_guided_reordered;happy;3;Q3_stockout_store;True;c2;True;0;0;0;0.666667;0.0004;;0;0;8
mcad;happy_guided_compact;happy;1;Q1_margin_month;True;c1;True;0;0;0;0.333333;0.5044;True;1;1;8
mcad;happy_guided_compact;happy;2;Q2_sales_growth;True;c3;True;0;0;0;0.666667;0.6095;True;2;1;8
mcad;happy_guided_compact;happy;3;Q3_stockout_store;True;c2;True;0;0;0;1.0;0.4137;True;1;1;8
baseline_naive;happy_guided_compact;happy;1;Q1_margin_month;True;c1;True;0;0;0;0.333333;0.0009;;0;0;8
baseline_naive;happy_guided_compact;happy;2;Q2_sales_growth;True;c3;True;0;0;0;0.666667;0.0005;;0;0;8
baseline_naive;happy_guided_compact;happy;3;Q3_stockout_store;True;c2;True;0;0;0;1.0;0.0003;;0;0;8
baseline_measure_overlap;happy_guided_compact;happy;1;Q1_margin_month;True;c1;True;0;0;0;0.333333;0.0167;;0;0;8
baseline_measure_overlap;happy_guided_compact;happy;2;Q2_sales_growth;True;c3;True;0;0;0;0.666667;0.0051;;0;0;8
baseline_measure_overlap;happy_guided_compact;happy;3;Q3_stockout_store;True;c2;True;0;0;0;1.0;0.0043;;0;0;8
ablation_no_sat;happy_guided_compact;happy;1;Q1_margin_month;True;c1;True;0;0;0;0.333333;0.2898;True;1;1;8
ablation_no_sat;happy_guided_compact;happy;2;Q2_sales_growth;True;c3;True;0;0;0;0.666667;0.343;True;2;1;8
ablation_no_sat;happy_guided_compact;happy;3;Q3_stockout_store;True;c2;True;0;0;0;1.0;0.2388;True;1;1;8
ablation_no_real;happy_guided_compact;happy;1;Q1_margin_month;True;c1;True;0;0;0;0.333333;0.2964;True;1;1;8
ablation_no_real;happy_guided_compact;happy;2;Q2_sales_growth;True;c3;True;0;0;0;0.666667;0.3414;True;2;1;8
ablation_no_real;happy_guided_compact;happy;3;Q3_stockout_store;True;c2;True;0;0;0;1.0;0.2553;True;1;1;8
ablation_ceval_any_intersection;happy_guided_compact;happy;1;Q1_margin_month;True;c1;True;0;0;0;0.333333;0.2878;True;1;1;8
ablation_ceval_any_intersection;happy_guided_compact;happy;2;Q2_sales_growth;True;c3;True;0;0;0;0.666667;0.3646;True;2;1;8
ablation_ceval_any_intersection;happy_guided_compact;happy;3;Q3_stockout_store;True;c2;True;0;0;0;1.0;0.272;True;1;1;8
baseline_random_matched;happy_guided_compact;happy;1;Q1_margin_month;True;c1;True;0;0;0;0.333333;0.004;;0;0;8
baseline_random_matched;happy_guided_compact;happy;2;Q2_sales_growth;True;c3;False;0;1;0;0.333333;0.0007;;0;0;8
baseline_random_matched;happy_guided_compact;happy;3;Q3_stockout_store;True;c2;True;0;0;0;0.666667;0.0005;;0;0;8
mcad;border_growth_partial_1998_only;border;1;Q1_sales_1998_only;False;;False;0;0;0;0.0;0.3483;True;1;0;8
baseline_naive;border_growth_partial_1998_only;border;1;Q1_sales_1998_only;False;;True;1;0;1;0.0;0.002;;0;0;8
baseline_measure_overlap;border_growth_partial_1998_only;border;1;Q1_sales_1998_only;False;;True;1;0;1;0.0;0.0201;;0;0;8
ablation_no_sat;border_growth_partial_1998_only;border;1;Q1_sales_1998_only;False;;False;0;0;0;0.0;0.367;True;1;0;8
ablation_no_real;border_growth_partial_1998_only;border;1;Q1_sales_1998_only;False;;True;1;0;1;0.0;0.3801;True;1;0;8
ablation_ceval_any_intersection;border_growth_partial_1998_only;border;1;Q1_sales_1998_only;False;;True;1;0;1;0.0;0.9591;True;1;1;8
baseline_random_matched;border_growth_partial_1998_only;border;1;Q1_sales_1998_only;False;;True;1;0;1;0.0;0.005;;0;0;8
mcad;border_margin_wrong_grain;border;1;Q1_margin_quarter_only;False;;False;0;0;0;0.0;0.2083;False;0;0;8
baseline_naive;border_margin_wrong_grain;border;1;Q1_margin_quarter_only;False;;True;1;0;1;0.0;0.0011;;0;0;8
baseline_measure_overlap;border_margin_wrong_grain;border;1;Q1_margin_quarter_only;False;;True;1;0;1;0.0;0.0147;;0;0;8
ablation_no_sat;border_margin_wrong_grain;border;1;Q1_margin_quarter_only;False;;False;0;0;0;0.0;0.2794;False;0;0;8
ablation_no_real;border_margin_wrong_grain;border;1;Q1_margin_quarter_only;False;;False;0;0;0;0.0;0.2144;False;0;0;8
ablation_ceval_any_intersection;border_margin_wrong_grain;border;1;Q1_margin_quarter_only;False;;False;0;0;0;0.0;0.1969;False;0;0;8
baseline_random_matched;border_margin_wrong_grain;border;1;Q1_margin_quarter_only;False;;True;1;0;1;0.0;0.0036;;0;0;8
mcad;border_stockout_missing_store;border;1;Q1_stockout_category_only;False;;False;0;0;0;0.0;0.2;False;0;0;8
baseline_naive;border_stockout_missing_store;border;1;Q1_stockout_category_only;False;;True;1;0;1;0.0;0.0009;;0;0;8
baseline_measure_overlap;border_stockout_missing_store;border;1;Q1_stockout_category_only;False;;True;1;0;1;0.0;0.013;;0;0;8
ablation_no_sat;border_stockout_missing_store;border;1;Q1_stockout_category_only;False;;False;0;0;0;0.0;0.2581;False;0;0;8
ablation_no_real;border_stockout_missing_store;border;1;Q1_stockout_category_only;False;;False;0;0;0;0.0;0.2019;False;0;0;8
ablation_ceval_any_intersection;border_stockout_missing_store;border;1;Q1_stockout_category_only;False;;False;0;0;0;0.0;0.193;False;0;0;8
baseline_random_matched;border_stockout_missing_store;border;1;Q1_stockout_category_only;False;;True;1;0;1;0.0;0.0027;;0;0;8
mcad;adversarial_wrong_region;adversarial;1;Q1_margin_south;False;;False;0;0;0;0.0;0.1751;False;0;0;8
baseline_naive;adversarial_wrong_region;adversarial;1;Q1_margin_south;False;;True;1;0;1;0.0;0.001;;0;0;8
baseline_measure_overlap;adversarial_wrong_region;adversarial;1;Q1_margin_south;False;;True;1;0;1;0.0;0.0165;;0;0;8
ablation_no_sat;adversarial_wrong_region;adversarial;1;Q1_margin_south;False;;False;0;0;0;0.0;0.2136;False;0;0;8
ablation_no_real;adversarial_wrong_region;adversarial;1;Q1_margin_south;False;;False;0;0;0;0.0;0.1821;False;0;0;8
ablation_ceval_any_intersection;adversarial_wrong_region;adversarial;1;Q1_margin_south;False;;False;0;0;0;0.0;0.1641;False;0;0;8
baseline_random_matched;adversarial_wrong_region;adversarial;1;Q1_margin_south;False;;True;1;0;1;0.0;0.0027;;0;0;8
mcad;adversarial_wrong_year;adversarial;1;Q1_stockout_1997;False;;False;0;0;0;0.0;0.2715;False;0;0;8
baseline_naive;adversarial_wrong_year;adversarial;1;Q1_stockout_1997;False;;True;1;0;1;0.0;0.001;;0;0;8
baseline_measure_overlap;adversarial_wrong_year;adversarial;1;Q1_stockout_1997;False;;True;1;0;1;0.0;0.0133;;0;0;8
ablation_no_sat;adversarial_wrong_year;adversarial;1;Q1_stockout_1997;False;;False;0;0;0;0.0;0.2046;False;0;0;8
ablation_no_real;adversarial_wrong_year;adversarial;1;Q1_stockout_1997;False;;False;0;0;0;0.0;0.196;False;0;0;8
ablation_ceval_any_intersection;adversarial_wrong_year;adversarial;1;Q1_stockout_1997;False;;False;0;0;0;0.0;0.1651;False;0;0;8
baseline_random_matched;adversarial_wrong_year;adversarial;1;Q1_stockout_1997;False;;True;1;0;1;0.0;0.0026;;0;0;8
mcad;adversarial_invalid_no_measures;adversarial;1;Q1_invalid_no_measure;False;;False;0;0;0;0.0;0.0718;False;0;0;8
baseline_naive;adversarial_invalid_no_measures;adversarial;1;Q1_invalid_no_measure;False;;True;1;0;1;0.0;0.001;;0;0;8
baseline_measure_overlap;adversarial_invalid_no_measures;adversarial;1;Q1_invalid_no_measure;False;;False;0;0;0;0.0;0.0139;;0;0;8
ablation_no_sat;adversarial_invalid_no_measures;adversarial;1;Q1_invalid_no_measure;False;;False;0;0;0;0.0;0.0912;False;0;0;8
ablation_no_real;adversarial_invalid_no_measures;adversarial;1;Q1_invalid_no_measure;False;;False;0;0;0;0.0;0.0797;False;0;0;8
ablation_ceval_any_intersection;adversarial_invalid_no_measures;adversarial;1;Q1_invalid_no_measure;False;;False;0;0;0;0.0;0.0701;False;0;0;8
baseline_random_matched;adversarial_invalid_no_measures;adversarial;1;Q1_invalid_no_measure;False;;True;1;0;1;0.0;0.003;;0;0;8
mcad;stress_exploratory_then_useful;stress;1;Q1_noise_region;False;;False;0;0;0;0.0;0.1985;False;0;0;8
mcad;stress_exploratory_then_useful;stress;2;Q2_noise_margin_all;False;;False;0;0;0;0.0;0.1411;False;0;0;8
mcad;stress_exploratory_then_useful;stress;3;Q3_useful_margin;True;c1;True;0;0;0;0.333333;0.2746;True;1;1;8
baseline_naive;stress_exploratory_then_useful;stress;1;Q1_noise_region;False;;True;1;0;1;0.0;0.001;;0;0;8
baseline_naive;stress_exploratory_then_useful;stress;2;Q2_noise_margin_all;False;;True;1;0;1;0.0;0.0004;;0;0;8
baseline_naive;stress_exploratory_then_useful;stress;3;Q3_useful_margin;True;c1;True;0;0;0;0.333333;0.0003;;0;0;8
baseline_measure_overlap;stress_exploratory_then_useful;stress;1;Q1_noise_region;False;;True;1;0;1;0.0;0.0135;;0;0;8
baseline_measure_overlap;stress_exploratory_then_useful;stress;2;Q2_noise_margin_all;False;;True;1;0;1;0.0;0.0055;;0;0;8
baseline_measure_overlap;stress_exploratory_then_useful;stress;3;Q3_useful_margin;True;c1;True;0;0;0;0.333333;0.0042;;0;0;8
ablation_no_sat;stress_exploratory_then_useful;stress;1;Q1_noise_region;False;;False;0;0;0;0.0;0.2366;False;0;0;8
ablation_no_sat;stress_exploratory_then_useful;stress;2;Q2_noise_margin_all;False;;False;0;0;0;0.0;0.1808;False;0;0;8
ablation_no_sat;stress_exploratory_then_useful;stress;3;Q3_useful_margin;True;c1;True;0;0;0;0.333333;0.2463;True;1;1;8
ablation_no_real;stress_exploratory_then_useful;stress;1;Q1_noise_region;False;;False;0;0;0;0.0;0.2031;False;0;0;8
ablation_no_real;stress_exploratory_then_useful;stress;2;Q2_noise_margin_all;False;;False;0;0;0;0.0;0.146;False;0;0;8
ablation_no_real;stress_exploratory_then_useful;stress;3;Q3_useful_margin;True;c1;True;0;0;0;0.333333;0.2524;True;1;1;8
ablation_ceval_any_intersection;stress_exploratory_then_useful;stress;1;Q1_noise_region;False;;False;0;0;0;0.0;0.1941;False;0;0;8
ablation_ceval_any_intersection;stress_exploratory_then_useful;stress;2;Q2_noise_margin_all;False;;False;0;0;0;0.0;0.151;False;0;0;8
ablation_ceval_any_intersection;stress_exploratory_then_useful;stress;3;Q3_useful_margin;True;c1;True;0;0;0;0.333333;0.2463;True;1;1;8
baseline_random_matched;stress_exploratory_then_useful;stress;1;Q1_noise_region;False;;True;1;0;1;0.0;0.0116;;0;0;8
baseline_random_matched;stress_exploratory_then_useful;stress;2;Q2_noise_margin_all;False;;True;1;0;1;0.0;0.0007;;0;0;8
baseline_random_matched;stress_exploratory_then_useful;stress;3;Q3_useful_margin;True;c1;False;0;1;0;0.0;0.0005;;0;0;8
mcad;happy_guided_article_short;happy;1;Q1_margin_month;True;c1;True;0;0;0;0.333333;0.3063;True;1;1;9
mcad;happy_guided_article_short;happy;2;Q2_stockout_store;True;c2;True;0;0;0;0.666667;0.244;True;1;1;9
mcad;happy_guided_article_short;happy;3;Q3_sales_growth;True;c3;True;0;0;0;1.0;0.3289;True;2;1;9
baseline_naive;happy_guided_article_short;happy;1;Q1_margin_month;True;c1;True;0;0;0;0.333333;0.0012;;0;0;9
baseline_naive;happy_guided_article_short;happy;2;Q2_stockout_store;True;c2;True;0;0;0;0.666667;0.0008;;0;0;9
baseline_naive;happy_guided_article_short;happy;3;Q3_sales_growth;True;c3;True;0;0;0;1.0;0.0006;;0;0;9
baseline_measure_overlap;happy_guided_article_short;happy;1;Q1_margin_month;True;c1;True;0;0;0;0.333333;0.0132;;0;0;9
baseline_measure_overlap;happy_guided_article_short;happy;2;Q2_stockout_store;True;c2;True;0;0;0;0.666667;0.0059;;0;0;9
baseline_measure_overlap;happy_guided_article_short;happy;3;Q3_sales_growth;True;c3;True;0;0;0;1.0;0.0043;;0;0;9
ablation_no_sat;happy_guided_article_short;happy;1;Q1_margin_month;True;c1;True;0;0;0;0.333333;0.2906;True;1;1;9
ablation_no_sat;happy_guided_article_short;happy;2;Q2_stockout_store;True;c2;True;0;0;0;0.666667;0.2481;True;1;1;9
ablation_no_sat;happy_guided_article_short;happy;3;Q3_sales_growth;True;c3;True;0;0;0;1.0;0.333;True;2;1;9
ablation_no_real;happy_guided_article_short;happy;1;Q1_margin_month;True;c1;True;0;0;0;0.333333;0.2819;True;1;1;9
ablation_no_real;happy_guided_article_short;happy;2;Q2_stockout_store;True;c2;True;0;0;0;0.666667;0.2579;True;1;1;9
ablation_no_real;happy_guided_article_short;happy;3;Q3_sales_growth;True;c3;True;0;0;0;1.0;0.336;True;2;1;9
ablation_ceval_any_intersection;happy_guided_article_short;happy;1;Q1_margin_month;True;c1;True;0;0;0;0.333333;0.2776;True;1;1;9
ablation_ceval_any_intersection;happy_guided_article_short;happy;2;Q2_stockout_store;True;c2;True;0;0;0;0.666667;0.2403;True;1;1;9
ablation_ceval_any_intersection;happy_guided_article_short;happy;3;Q3_sales_growth;True;c3;True;0;0;0;1.0;0.3363;True;2;1;9
baseline_random_matched;happy_guided_article_short;happy;1;Q1_margin_month;True;c1;True;0;0;0;0.333333;0.0041;;0;0;9
baseline_random_matched;happy_guided_article_short;happy;2;Q2_stockout_store;True;c2;True;0;0;0;0.666667;0.0009;;0;0;9
baseline_random_matched;happy_guided_article_short;happy;3;Q3_sales_growth;True;c3;True;0;0;0;1.0;0.0006;;0;0;9
mcad;happy_guided_reordered;happy;1;Q1_sales_growth;True;c3;True;0;0;0;0.333333;0.3945;True;2;1;9
mcad;happy_guided_reordered;happy;2;Q2_margin_month;True;c1;True;0;0;0;0.666667;0.2502;True;1;1;9
mcad;happy_guided_reordered;happy;3;Q3_stockout_store;True;c2;True;0;0;0;1.0;0.2411;True;1;1;9
baseline_naive;happy_guided_reordered;happy;1;Q1_sales_growth;True;c3;True;0;0;0;0.333333;0.0014;;0;0;9
baseline_naive;happy_guided_reordered;happy;2;Q2_margin_month;True;c1;True;0;0;0;0.666667;0.0007;;0;0;9
baseline_naive;happy_guided_reordered;happy;3;Q3_stockout_store;True;c2;True;0;0;0;1.0;0.0005;;0;0;9
baseline_measure_overlap;happy_guided_reordered;happy;1;Q1_sales_growth;True;c3;True;0;0;0;0.333333;0.0247;;0;0;9
baseline_measure_overlap;happy_guided_reordered;happy;2;Q2_margin_month;True;c1;True;0;0;0;0.666667;0.0095;;0;0;9
baseline_measure_overlap;happy_guided_reordered;happy;3;Q3_stockout_store;True;c2;True;0;0;0;1.0;0.0077;;0;0;9
ablation_no_sat;happy_guided_reordered;happy;1;Q1_sales_growth;True;c3;True;0;0;0;0.333333;0.4106;True;2;1;9
ablation_no_sat;happy_guided_reordered;happy;2;Q2_margin_month;True;c1;True;0;0;0;0.666667;0.2482;True;1;1;9
ablation_no_sat;happy_guided_reordered;happy;3;Q3_stockout_store;True;c2;True;0;0;0;1.0;0.2424;True;1;1;9
ablation_no_real;happy_guided_reordered;happy;1;Q1_sales_growth;True;c3;True;0;0;0;0.333333;0.3828;True;2;1;9
ablation_no_real;happy_guided_reordered;happy;2;Q2_margin_month;True;c1;True;0;0;0;0.666667;0.2855;True;1;1;9
ablation_no_real;happy_guided_reordered;happy;3;Q3_stockout_store;True;c2;True;0;0;0;1.0;0.4615;True;1;1;9
ablation_ceval_any_intersection;happy_guided_reordered;happy;1;Q1_sales_growth;True;c3;True;0;0;0;0.333333;0.3695;True;2;1;9
ablation_ceval_any_intersection;happy_guided_reordered;happy;2;Q2_margin_month;True;c1;True;0;0;0;0.666667;0.269;True;1;1;9
ablation_ceval_any_intersection;happy_guided_reordered;happy;3;Q3_stockout_store;True;c2;True;0;0;0;1.0;0.2396;True;1;1;9
baseline_random_matched;happy_guided_reordered;happy;1;Q1_sales_growth;True;c3;True;0;0;0;0.333333;0.0039;;0;0;9
baseline_random_matched;happy_guided_reordered;happy;2;Q2_margin_month;True;c1;True;0;0;0;0.666667;0.001;;0;0;9
baseline_random_matched;happy_guided_reordered;happy;3;Q3_stockout_store;True;c2;False;0;1;0;0.666667;0.0006;;0;0;9
mcad;happy_guided_compact;happy;1;Q1_margin_month;True;c1;True;0;0;0;0.333333;0.3131;True;1;1;9
mcad;happy_guided_compact;happy;2;Q2_sales_growth;True;c3;True;0;0;0;0.666667;0.3342;True;2;1;9
mcad;happy_guided_compact;happy;3;Q3_stockout_store;True;c2;True;0;0;0;1.0;0.2405;True;1;1;9
baseline_naive;happy_guided_compact;happy;1;Q1_margin_month;True;c1;True;0;0;0;0.333333;0.0011;;0;0;9
baseline_naive;happy_guided_compact;happy;2;Q2_sales_growth;True;c3;True;0;0;0;0.666667;0.0005;;0;0;9
baseline_naive;happy_guided_compact;happy;3;Q3_stockout_store;True;c2;True;0;0;0;1.0;0.0004;;0;0;9
baseline_measure_overlap;happy_guided_compact;happy;1;Q1_margin_month;True;c1;True;0;0;0;0.333333;0.018;;0;0;9
baseline_measure_overlap;happy_guided_compact;happy;2;Q2_sales_growth;True;c3;True;0;0;0;0.666667;0.0053;;0;0;9
baseline_measure_overlap;happy_guided_compact;happy;3;Q3_stockout_store;True;c2;True;0;0;0;1.0;0.0047;;0;0;9
ablation_no_sat;happy_guided_compact;happy;1;Q1_margin_month;True;c1;True;0;0;0;0.333333;0.2947;True;1;1;9
ablation_no_sat;happy_guided_compact;happy;2;Q2_sales_growth;True;c3;True;0;0;0;0.666667;0.3352;True;2;1;9
ablation_no_sat;happy_guided_compact;happy;3;Q3_stockout_store;True;c2;True;0;0;0;1.0;0.2453;True;1;1;9
ablation_no_real;happy_guided_compact;happy;1;Q1_margin_month;True;c1;True;0;0;0;0.333333;0.3297;True;1;1;9
ablation_no_real;happy_guided_compact;happy;2;Q2_sales_growth;True;c3;True;0;0;0;0.666667;0.339;True;2;1;9
ablation_no_real;happy_guided_compact;happy;3;Q3_stockout_store;True;c2;True;0;0;0;1.0;0.242;True;1;1;9
ablation_ceval_any_intersection;happy_guided_compact;happy;1;Q1_margin_month;True;c1;True;0;0;0;0.333333;0.2918;True;1;1;9
ablation_ceval_any_intersection;happy_guided_compact;happy;2;Q2_sales_growth;True;c3;True;0;0;0;0.666667;0.3296;True;2;1;9
ablation_ceval_any_intersection;happy_guided_compact;happy;3;Q3_stockout_store;True;c2;True;0;0;0;1.0;0.2372;True;1;1;9
baseline_random_matched;happy_guided_compact;happy;1;Q1_margin_month;True;c1;False;0;1;0;0.0;0.0028;;0;0;9
baseline_random_matched;happy_guided_compact;happy;2;Q2_sales_growth;True;c3;False;0;1;0;0.0;0.0006;;0;0;9
baseline_random_matched;happy_guided_compact;happy;3;Q3_stockout_store;True;c2;False;0;1;0;0.0;0.0004;;0;0;9
mcad;border_growth_partial_1998_only;border;1;Q1_sales_1998_only;False;;False;0;0;0;0.0;0.6098;True;1;0;9
baseline_naive;border_growth_partial_1998_only;border;1;Q1_sales_1998_only;False;;True;1;0;1;0.0;0.001;;0;0;9
baseline_measure_overlap;border_growth_partial_1998_only;border;1;Q1_sales_1998_only;False;;True;1;0;1;0.0;0.0136;;0;0;9
ablation_no_sat;border_growth_partial_1998_only;border;1;Q1_sales_1998_only;False;;False;0;0;0;0.0;0.3542;True;1;0;9
ablation_no_real;border_growth_partial_1998_only;border;1;Q1_sales_1998_only;False;;True;1;0;1;0.0;0.429;True;1;0;9
ablation_ceval_any_intersection;border_growth_partial_1998_only;border;1;Q1_sales_1998_only;False;;True;1;0;1;0.0;0.3315;True;1;1;9
baseline_random_matched;border_growth_partial_1998_only;border;1;Q1_sales_1998_only;False;;False;0;0;0;0.0;0.0028;;0;0;9
mcad;border_margin_wrong_grain;border;1;Q1_margin_quarter_only;False;;False;0;0;0;0.0;0.348;False;0;0;9
baseline_naive;border_margin_wrong_grain;border;1;Q1_margin_quarter_only;False;;True;1;0;1;0.0;0.001;;0;0;9
baseline_measure_overlap;border_margin_wrong_grain;border;1;Q1_margin_quarter_only;False;;True;1;0;1;0.0;0.0132;;0;0;9
ablation_no_sat;border_margin_wrong_grain;border;1;Q1_margin_quarter_only;False;;False;0;0;0;0.0;0.2591;False;0;0;9
ablation_no_real;border_margin_wrong_grain;border;1;Q1_margin_quarter_only;False;;False;0;0;0;0.0;0.2029;False;0;0;9
ablation_ceval_any_intersection;border_margin_wrong_grain;border;1;Q1_margin_quarter_only;False;;False;0;0;0;0.0;0.2032;False;0;0;9
baseline_random_matched;border_margin_wrong_grain;border;1;Q1_margin_quarter_only;False;;True;1;0;1;0.0;0.0026;;0;0;9
mcad;border_stockout_missing_store;border;1;Q1_stockout_category_only;False;;False;0;0;0;0.0;0.1941;False;0;0;9
baseline_naive;border_stockout_missing_store;border;1;Q1_stockout_category_only;False;;True;1;0;1;0.0;0.0013;;0;0;9
baseline_measure_overlap;border_stockout_missing_store;border;1;Q1_stockout_category_only;False;;True;1;0;1;0.0;0.0144;;0;0;9
ablation_no_sat;border_stockout_missing_store;border;1;Q1_stockout_category_only;False;;False;0;0;0;0.0;0.2626;False;0;0;9
ablation_no_real;border_stockout_missing_store;border;1;Q1_stockout_category_only;False;;False;0;0;0;0.0;0.3723;False;0;0;9
ablation_ceval_any_intersection;border_stockout_missing_store;border;1;Q1_stockout_category_only;False;;False;0;0;0;0.0;0.3043;False;0;0;9
baseline_random_matched;border_stockout_missing_store;border;1;Q1_stockout_category_only;False;;True;1;0;1;0.0;0.0037;;0;0;9
mcad;adversarial_wrong_region;adversarial;1;Q1_margin_south;False;;False;0;0;0;0.0;0.3145;False;0;0;9
baseline_naive;adversarial_wrong_region;adversarial;1;Q1_margin_south;False;;True;1;0;1;0.0;0.0013;;0;0;9
baseline_measure_overlap;adversarial_wrong_region;adversarial;1;Q1_margin_south;False;;True;1;0;1;0.0;0.0158;;0;0;9
ablation_no_sat;adversarial_wrong_region;adversarial;1;Q1_margin_south;False;;False;0;0;0;0.0;0.2149;False;0;0;9
ablation_no_real;adversarial_wrong_region;adversarial;1;Q1_margin_south;False;;False;0;0;0;0.0;0.2292;False;0;0;9
ablation_ceval_any_intersection;adversarial_wrong_region;adversarial;1;Q1_margin_south;False;;False;0;0;0;0.0;0.1928;False;0;0;9
baseline_random_matched;adversarial_wrong_region;adversarial;1;Q1_margin_south;False;;True;1;0;1;0.0;0.0028;;0;0;9
mcad;adversarial_wrong_year;adversarial;1;Q1_stockout_1997;False;;False;0;0;0;0.0;0.1697;False;0;0;9
baseline_naive;adversarial_wrong_year;adversarial;1;Q1_stockout_1997;False;;True;1;0;1;0.0;0.001;;0;0;9
baseline_measure_overlap;adversarial_wrong_year;adversarial;1;Q1_stockout_1997;False;;True;1;0;1;0.0;0.0153;;0;0;9
ablation_no_sat;adversarial_wrong_year;adversarial;1;Q1_stockout_1997;False;;False;0;0;0;0.0;0.1956;False;0;0;9
ablation_no_real;adversarial_wrong_year;adversarial;1;Q1_stockout_1997;False;;False;0;0;0;0.0;0.174;False;0;0;9
ablation_ceval_any_intersection;adversarial_wrong_year;adversarial;1;Q1_stockout_1997;False;;False;0;0;0;0.0;0.1625;False;0;0;9
baseline_random_matched;adversarial_wrong_year;adversarial;1;Q1_stockout_1997;False;;False;0;0;0;0.0;0.0026;;0;0;9
mcad;adversarial_invalid_no_measures;adversarial;1;Q1_invalid_no_measure;False;;False;0;0;0;0.0;0.0826;False;0;0;9
baseline_naive;adversarial_invalid_no_measures;adversarial;1;Q1_invalid_no_measure;False;;True;1;0;1;0.0;0.0009;;0;0;9
baseline_measure_overlap;adversarial_invalid_no_measures;adversarial;1;Q1_invalid_no_measure;False;;False;0;0;0;0.0;0.0207;;0;0;9
ablation_no_sat;adversarial_invalid_no_measures;adversarial;1;Q1_invalid_no_measure;False;;False;0;0;0;0.0;0.202;False;0;0;9
ablation_no_real;adversarial_invalid_no_measures;adversarial;1;Q1_invalid_no_measure;False;;False;0;0;0;0.0;0.1067;False;0;0;9
ablation_ceval_any_intersection;adversarial_invalid_no_measures;adversarial;1;Q1_invalid_no_measure;False;;False;0;0;0;0.0;0.0813;False;0;0;9
baseline_random_matched;adversarial_invalid_no_measures;adversarial;1;Q1_invalid_no_measure;False;;True;1;0;1;0.0;0.0031;;0;0;9
mcad;stress_exploratory_then_useful;stress;1;Q1_noise_region;False;;False;0;0;0;0.0;0.2123;False;0;0;9
mcad;stress_exploratory_then_useful;stress;2;Q2_noise_margin_all;False;;False;0;0;0;0.0;0.1425;False;0;0;9
mcad;stress_exploratory_then_useful;stress;3;Q3_useful_margin;True;c1;True;0;0;0;0.333333;0.2528;True;1;1;9
baseline_naive;stress_exploratory_then_useful;stress;1;Q1_noise_region;False;;True;1;0;1;0.0;0.0013;;0;0;9
baseline_naive;stress_exploratory_then_useful;stress;2;Q2_noise_margin_all;False;;True;1;0;1;0.0;0.0007;;0;0;9
baseline_naive;stress_exploratory_then_useful;stress;3;Q3_useful_margin;True;c1;True;0;0;0;0.333333;0.0006;;0;0;9
baseline_measure_overlap;stress_exploratory_then_useful;stress;1;Q1_noise_region;False;;True;1;0;1;0.0;0.0143;;0;0;9
baseline_measure_overlap;stress_exploratory_then_useful;stress;2;Q2_noise_margin_all;False;;True;1;0;1;0.0;0.005;;0;0;9
baseline_measure_overlap;stress_exploratory_then_useful;stress;3;Q3_useful_margin;True;c1;True;0;0;0;0.333333;0.004;;0;0;9
ablation_no_sat;stress_exploratory_then_useful;stress;1;Q1_noise_region;False;;False;0;0;0;0.0;0.2524;False;0;0;9
ablation_no_sat;stress_exploratory_then_useful;stress;2;Q2_noise_margin_all;False;;False;0;0;0;0.0;0.1765;False;0;0;9
ablation_no_sat;stress_exploratory_then_useful;stress;3;Q3_useful_margin;True;c1;True;0;0;0;0.333333;0.2542;True;1;1;9
ablation_no_real;stress_exploratory_then_useful;stress;1;Q1_noise_region;False;;False;0;0;0;0.0;0.2075;False;0;0;9
ablation_no_real;stress_exploratory_then_useful;stress;2;Q2_noise_margin_all;False;;False;0;0;0;0.0;0.1849;False;0;0;9
ablation_no_real;stress_exploratory_then_useful;stress;3;Q3_useful_margin;True;c1;True;0;0;0;0.333333;0.2608;True;1;1;9
ablation_ceval_any_intersection;stress_exploratory_then_useful;stress;1;Q1_noise_region;False;;False;0;0;0;0.0;0.1961;False;0;0;9
ablation_ceval_any_intersection;stress_exploratory_then_useful;stress;2;Q2_noise_margin_all;False;;False;0;0;0;0.0;0.143;False;0;0;9
ablation_ceval_any_intersection;stress_exploratory_then_useful;stress;3;Q3_useful_margin;True;c1;True;0;0;0;0.333333;0.2491;True;1;1;9
baseline_random_matched;stress_exploratory_then_useful;stress;1;Q1_noise_region;False;;True;1;0;1;0.0;0.004;;0;0;9
baseline_random_matched;stress_exploratory_then_useful;stress;2;Q2_noise_margin_all;False;;False;0;0;0;0.0;0.001;;0;0;9
baseline_random_matched;stress_exploratory_then_useful;stress;3;Q3_useful_margin;True;c1;True;0;0;0;0.333333;0.0008;;0;0;9
mcad;happy_guided_article_short;happy;1;Q1_margin_month;True;c1;True;0;0;0;0.333333;0.285;True;1;1;10
mcad;happy_guided_article_short;happy;2;Q2_stockout_store;True;c2;True;0;0;0;0.666667;0.2472;True;1;1;10
mcad;happy_guided_article_short;happy;3;Q3_sales_growth;True;c3;True;0;0;0;1.0;0.3511;True;2;1;10
baseline_naive;happy_guided_article_short;happy;1;Q1_margin_month;True;c1;True;0;0;0;0.333333;0.0013;;0;0;10
baseline_naive;happy_guided_article_short;happy;2;Q2_stockout_store;True;c2;True;0;0;0;0.666667;0.0006;;0;0;10
baseline_naive;happy_guided_article_short;happy;3;Q3_sales_growth;True;c3;True;0;0;0;1.0;0.0005;;0;0;10
baseline_measure_overlap;happy_guided_article_short;happy;1;Q1_margin_month;True;c1;True;0;0;0;0.333333;0.0144;;0;0;10
baseline_measure_overlap;happy_guided_article_short;happy;2;Q2_stockout_store;True;c2;True;0;0;0;0.666667;0.0056;;0;0;10
baseline_measure_overlap;happy_guided_article_short;happy;3;Q3_sales_growth;True;c3;True;0;0;0;1.0;0.0043;;0;0;10
ablation_no_sat;happy_guided_article_short;happy;1;Q1_margin_month;True;c1;True;0;0;0;0.333333;0.2844;True;1;1;10
ablation_no_sat;happy_guided_article_short;happy;2;Q2_stockout_store;True;c2;True;0;0;0;0.666667;0.2499;True;1;1;10
ablation_no_sat;happy_guided_article_short;happy;3;Q3_sales_growth;True;c3;True;0;0;0;1.0;0.3349;True;2;1;10
ablation_no_real;happy_guided_article_short;happy;1;Q1_margin_month;True;c1;True;0;0;0;0.333333;0.383;True;1;1;10
ablation_no_real;happy_guided_article_short;happy;2;Q2_stockout_store;True;c2;True;0;0;0;0.666667;0.4384;True;1;1;10
ablation_no_real;happy_guided_article_short;happy;3;Q3_sales_growth;True;c3;True;0;0;0;1.0;0.6189;True;2;1;10
ablation_ceval_any_intersection;happy_guided_article_short;happy;1;Q1_margin_month;True;c1;True;0;0;0;0.333333;0.499;True;1;1;10
ablation_ceval_any_intersection;happy_guided_article_short;happy;2;Q2_stockout_store;True;c2;True;0;0;0;0.666667;0.4396;True;1;1;10
ablation_ceval_any_intersection;happy_guided_article_short;happy;3;Q3_sales_growth;True;c3;True;0;0;0;1.0;0.6156;True;2;1;10
baseline_random_matched;happy_guided_article_short;happy;1;Q1_margin_month;True;c1;True;0;0;0;0.333333;0.0034;;0;0;10
baseline_random_matched;happy_guided_article_short;happy;2;Q2_stockout_store;True;c2;True;0;0;0;0.666667;0.0007;;0;0;10
baseline_random_matched;happy_guided_article_short;happy;3;Q3_sales_growth;True;c3;True;0;0;0;1.0;0.0005;;0;0;10
mcad;happy_guided_reordered;happy;1;Q1_sales_growth;True;c3;True;0;0;0;0.333333;0.3662;True;2;1;10
mcad;happy_guided_reordered;happy;2;Q2_margin_month;True;c1;True;0;0;0;0.666667;0.2639;True;1;1;10
mcad;happy_guided_reordered;happy;3;Q3_stockout_store;True;c2;True;0;0;0;1.0;0.2401;True;1;1;10
baseline_naive;happy_guided_reordered;happy;1;Q1_sales_growth;True;c3;True;0;0;0;0.333333;0.0009;;0;0;10
baseline_naive;happy_guided_reordered;happy;2;Q2_margin_month;True;c1;True;0;0;0;0.666667;0.0005;;0;0;10
baseline_naive;happy_guided_reordered;happy;3;Q3_stockout_store;True;c2;True;0;0;0;1.0;0.0003;;0;0;10
baseline_measure_overlap;happy_guided_reordered;happy;1;Q1_sales_growth;True;c3;True;0;0;0;0.333333;0.0136;;0;0;10
baseline_measure_overlap;happy_guided_reordered;happy;2;Q2_margin_month;True;c1;True;0;0;0;0.666667;0.0053;;0;0;10
baseline_measure_overlap;happy_guided_reordered;happy;3;Q3_stockout_store;True;c2;True;0;0;0;1.0;0.0041;;0;0;10
ablation_no_sat;happy_guided_reordered;happy;1;Q1_sales_growth;True;c3;True;0;0;0;0.333333;0.3655;True;2;1;10
ablation_no_sat;happy_guided_reordered;happy;2;Q2_margin_month;True;c1;True;0;0;0;0.666667;0.257;True;1;1;10
ablation_no_sat;happy_guided_reordered;happy;3;Q3_stockout_store;True;c2;True;0;0;0;1.0;0.2408;True;1;1;10
ablation_no_real;happy_guided_reordered;happy;1;Q1_sales_growth;True;c3;True;0;0;0;0.333333;0.368;True;2;1;10
ablation_no_real;happy_guided_reordered;happy;2;Q2_margin_month;True;c1;True;0;0;0;0.666667;0.2531;True;1;1;10
ablation_no_real;happy_guided_reordered;happy;3;Q3_stockout_store;True;c2;True;0;0;0;1.0;0.2424;True;1;1;10
ablation_ceval_any_intersection;happy_guided_reordered;happy;1;Q1_sales_growth;True;c3;True;0;0;0;0.333333;0.3715;True;2;1;10
ablation_ceval_any_intersection;happy_guided_reordered;happy;2;Q2_margin_month;True;c1;True;0;0;0;0.666667;0.2438;True;1;1;10
ablation_ceval_any_intersection;happy_guided_reordered;happy;3;Q3_stockout_store;True;c2;True;0;0;0;1.0;0.2367;True;1;1;10
baseline_random_matched;happy_guided_reordered;happy;1;Q1_sales_growth;True;c3;True;0;0;0;0.333333;0.0029;;0;0;10
baseline_random_matched;happy_guided_reordered;happy;2;Q2_margin_month;True;c1;True;0;0;0;0.666667;0.0006;;0;0;10
baseline_random_matched;happy_guided_reordered;happy;3;Q3_stockout_store;True;c2;True;0;0;0;1.0;0.0005;;0;0;10
mcad;happy_guided_compact;happy;1;Q1_margin_month;True;c1;True;0;0;0;0.333333;0.4948;True;1;1;10
mcad;happy_guided_compact;happy;2;Q2_sales_growth;True;c3;True;0;0;0;0.666667;0.6358;True;2;1;10
mcad;happy_guided_compact;happy;3;Q3_stockout_store;True;c2;True;0;0;0;1.0;0.4488;True;1;1;10
baseline_naive;happy_guided_compact;happy;1;Q1_margin_month;True;c1;True;0;0;0;0.333333;0.0009;;0;0;10
baseline_naive;happy_guided_compact;happy;2;Q2_sales_growth;True;c3;True;0;0;0;0.666667;0.0005;;0;0;10
baseline_naive;happy_guided_compact;happy;3;Q3_stockout_store;True;c2;True;0;0;0;1.0;0.0003;;0;0;10
baseline_measure_overlap;happy_guided_compact;happy;1;Q1_margin_month;True;c1;True;0;0;0;0.333333;0.0214;;0;0;10
baseline_measure_overlap;happy_guided_compact;happy;2;Q2_sales_growth;True;c3;True;0;0;0;0.666667;0.0094;;0;0;10
baseline_measure_overlap;happy_guided_compact;happy;3;Q3_stockout_store;True;c2;True;0;0;0;1.0;0.0072;;0;0;10
ablation_no_sat;happy_guided_compact;happy;1;Q1_margin_month;True;c1;True;0;0;0;0.333333;0.5273;True;1;1;10
ablation_no_sat;happy_guided_compact;happy;2;Q2_sales_growth;True;c3;True;0;0;0;0.666667;0.6424;True;2;1;10
ablation_no_sat;happy_guided_compact;happy;3;Q3_stockout_store;True;c2;True;0;0;0;1.0;0.4635;True;1;1;10
ablation_no_real;happy_guided_compact;happy;1;Q1_margin_month;True;c1;True;0;0;0;0.333333;0.5295;True;1;1;10
ablation_no_real;happy_guided_compact;happy;2;Q2_sales_growth;True;c3;True;0;0;0;0.666667;0.6736;True;2;1;10
ablation_no_real;happy_guided_compact;happy;3;Q3_stockout_store;True;c2;True;0;0;0;1.0;0.4813;True;1;1;10
ablation_ceval_any_intersection;happy_guided_compact;happy;1;Q1_margin_month;True;c1;True;0;0;0;0.333333;0.3019;True;1;1;10
ablation_ceval_any_intersection;happy_guided_compact;happy;2;Q2_sales_growth;True;c3;True;0;0;0;0.666667;0.334;True;2;1;10
ablation_ceval_any_intersection;happy_guided_compact;happy;3;Q3_stockout_store;True;c2;True;0;0;0;1.0;0.4553;True;1;1;10
baseline_random_matched;happy_guided_compact;happy;1;Q1_margin_month;True;c1;True;0;0;0;0.333333;0.0031;;0;0;10
baseline_random_matched;happy_guided_compact;happy;2;Q2_sales_growth;True;c3;True;0;0;0;0.666667;0.0006;;0;0;10
baseline_random_matched;happy_guided_compact;happy;3;Q3_stockout_store;True;c2;False;0;1;0;0.666667;0.0005;;0;0;10
mcad;border_growth_partial_1998_only;border;1;Q1_sales_1998_only;False;;False;0;0;0;0.0;0.3355;True;1;0;10
baseline_naive;border_growth_partial_1998_only;border;1;Q1_sales_1998_only;False;;True;1;0;1;0.0;0.001;;0;0;10
baseline_measure_overlap;border_growth_partial_1998_only;border;1;Q1_sales_1998_only;False;;True;1;0;1;0.0;0.0191;;0;0;10
ablation_no_sat;border_growth_partial_1998_only;border;1;Q1_sales_1998_only;False;;False;0;0;0;0.0;0.3428;True;1;0;10
ablation_no_real;border_growth_partial_1998_only;border;1;Q1_sales_1998_only;False;;True;1;0;1;0.0;0.4635;True;1;0;10
ablation_ceval_any_intersection;border_growth_partial_1998_only;border;1;Q1_sales_1998_only;False;;True;1;0;1;0.0;0.6213;True;1;1;10
baseline_random_matched;border_growth_partial_1998_only;border;1;Q1_sales_1998_only;False;;True;1;0;1;0.0;0.0028;;0;0;10
mcad;border_margin_wrong_grain;border;1;Q1_margin_quarter_only;False;;False;0;0;0;0.0;0.3322;False;0;0;10
baseline_naive;border_margin_wrong_grain;border;1;Q1_margin_quarter_only;False;;True;1;0;1;0.0;0.0009;;0;0;10
baseline_measure_overlap;border_margin_wrong_grain;border;1;Q1_margin_quarter_only;False;;True;1;0;1;0.0;0.0144;;0;0;10
ablation_no_sat;border_margin_wrong_grain;border;1;Q1_margin_quarter_only;False;;False;0;0;0;0.0;0.2665;False;0;0;10
ablation_no_real;border_margin_wrong_grain;border;1;Q1_margin_quarter_only;False;;False;0;0;0;0.0;0.2052;False;0;0;10
ablation_ceval_any_intersection;border_margin_wrong_grain;border;1;Q1_margin_quarter_only;False;;False;0;0;0;0.0;0.1958;False;0;0;10
baseline_random_matched;border_margin_wrong_grain;border;1;Q1_margin_quarter_only;False;;True;1;0;1;0.0;0.0041;;0;0;10
mcad;border_stockout_missing_store;border;1;Q1_stockout_category_only;False;;False;0;0;0;0.0;0.382;False;0;0;10
baseline_naive;border_stockout_missing_store;border;1;Q1_stockout_category_only;False;;True;1;0;1;0.0;0.0009;;0;0;10
baseline_measure_overlap;border_stockout_missing_store;border;1;Q1_stockout_category_only;False;;True;1;0;1;0.0;0.0179;;0;0;10
ablation_no_sat;border_stockout_missing_store;border;1;Q1_stockout_category_only;False;;False;0;0;0;0.0;0.542;False;0;0;10
ablation_no_real;border_stockout_missing_store;border;1;Q1_stockout_category_only;False;;False;0;0;0;0.0;0.2072;False;0;0;10
ablation_ceval_any_intersection;border_stockout_missing_store;border;1;Q1_stockout_category_only;False;;False;0;0;0;0.0;0.1934;False;0;0;10
baseline_random_matched;border_stockout_missing_store;border;1;Q1_stockout_category_only;False;;True;1;0;1;0.0;0.0036;;0;0;10
mcad;adversarial_wrong_region;adversarial;1;Q1_margin_south;False;;False;0;0;0;0.0;0.1777;False;0;0;10
baseline_naive;adversarial_wrong_region;adversarial;1;Q1_margin_south;False;;True;1;0;1;0.0;0.0009;;0;0;10
baseline_measure_overlap;adversarial_wrong_region;adversarial;1;Q1_margin_south;False;;True;1;0;1;0.0;0.0141;;0;0;10
ablation_no_sat;adversarial_wrong_region;adversarial;1;Q1_margin_south;False;;False;0;0;0;0.0;0.2092;False;0;0;10
ablation_no_real;adversarial_wrong_region;adversarial;1;Q1_margin_south;False;;False;0;0;0;0.0;0.1797;False;0;0;10
ablation_ceval_any_intersection;adversarial_wrong_region;adversarial;1;Q1_margin_south;False;;False;0;0;0;0.0;0.1667;False;0;0;10
baseline_random_matched;adversarial_wrong_region;adversarial;1;Q1_margin_south;False;;False;0;0;0;0.0;0.0029;;0;0;10
mcad;adversarial_wrong_year;adversarial;1;Q1_stockout_1997;False;;False;0;0;0;0.0;0.1664;False;0;0;10
baseline_naive;adversarial_wrong_year;adversarial;1;Q1_stockout_1997;False;;True;1;0;1;0.0;0.0009;;0;0;10
baseline_measure_overlap;adversarial_wrong_year;adversarial;1;Q1_stockout_1997;False;;True;1;0;1;0.0;0.0136;;0;0;10
ablation_no_sat;adversarial_wrong_year;adversarial;1;Q1_stockout_1997;False;;False;0;0;0;0.0;0.1881;False;0;0;10
ablation_no_real;adversarial_wrong_year;adversarial;1;Q1_stockout_1997;False;;False;0;0;0;0.0;0.2729;False;0;0;10
ablation_ceval_any_intersection;adversarial_wrong_year;adversarial;1;Q1_stockout_1997;False;;False;0;0;0;0.0;0.1636;False;0;0;10
baseline_random_matched;adversarial_wrong_year;adversarial;1;Q1_stockout_1997;False;;True;1;0;1;0.0;0.0028;;0;0;10
mcad;adversarial_invalid_no_measures;adversarial;1;Q1_invalid_no_measure;False;;False;0;0;0;0.0;0.1055;False;0;0;10
baseline_naive;adversarial_invalid_no_measures;adversarial;1;Q1_invalid_no_measure;False;;True;1;0;1;0.0;0.0009;;0;0;10
baseline_measure_overlap;adversarial_invalid_no_measures;adversarial;1;Q1_invalid_no_measure;False;;False;0;0;0;0.0;0.0133;;0;0;10
ablation_no_sat;adversarial_invalid_no_measures;adversarial;1;Q1_invalid_no_measure;False;;False;0;0;0;0.0;0.0898;False;0;0;10
ablation_no_real;adversarial_invalid_no_measures;adversarial;1;Q1_invalid_no_measure;False;;False;0;0;0;0.0;0.0775;False;0;0;10
ablation_ceval_any_intersection;adversarial_invalid_no_measures;adversarial;1;Q1_invalid_no_measure;False;;False;0;0;0;0.0;0.0817;False;0;0;10
baseline_random_matched;adversarial_invalid_no_measures;adversarial;1;Q1_invalid_no_measure;False;;True;1;0;1;0.0;0.0026;;0;0;10
mcad;stress_exploratory_then_useful;stress;1;Q1_noise_region;False;;False;0;0;0;0.0;0.1963;False;0;0;10
mcad;stress_exploratory_then_useful;stress;2;Q2_noise_margin_all;False;;False;0;0;0;0.0;0.1457;False;0;0;10
mcad;stress_exploratory_then_useful;stress;3;Q3_useful_margin;True;c1;True;0;0;0;0.333333;0.2511;True;1;1;10
baseline_naive;stress_exploratory_then_useful;stress;1;Q1_noise_region;False;;True;1;0;1;0.0;0.0013;;0;0;10
baseline_naive;stress_exploratory_then_useful;stress;2;Q2_noise_margin_all;False;;True;1;0;1;0.0;0.0007;;0;0;10
baseline_naive;stress_exploratory_then_useful;stress;3;Q3_useful_margin;True;c1;True;0;0;0;0.333333;0.0005;;0;0;10
baseline_measure_overlap;stress_exploratory_then_useful;stress;1;Q1_noise_region;False;;True;1;0;1;0.0;0.0145;;0;0;10
baseline_measure_overlap;stress_exploratory_then_useful;stress;2;Q2_noise_margin_all;False;;True;1;0;1;0.0;0.0056;;0;0;10
baseline_measure_overlap;stress_exploratory_then_useful;stress;3;Q3_useful_margin;True;c1;True;0;0;0;0.333333;0.0043;;0;0;10
ablation_no_sat;stress_exploratory_then_useful;stress;1;Q1_noise_region;False;;False;0;0;0;0.0;0.2416;False;0;0;10
ablation_no_sat;stress_exploratory_then_useful;stress;2;Q2_noise_margin_all;False;;False;0;0;0;0.0;0.1733;False;0;0;10
ablation_no_sat;stress_exploratory_then_useful;stress;3;Q3_useful_margin;True;c1;True;0;0;0;0.333333;0.2503;True;1;1;10
ablation_no_real;stress_exploratory_then_useful;stress;1;Q1_noise_region;False;;False;0;0;0;0.0;0.2065;False;0;0;10
ablation_no_real;stress_exploratory_then_useful;stress;2;Q2_noise_margin_all;False;;False;0;0;0;0.0;0.158;False;0;0;10
ablation_no_real;stress_exploratory_then_useful;stress;3;Q3_useful_margin;True;c1;True;0;0;0;0.333333;0.2554;True;1;1;10
ablation_ceval_any_intersection;stress_exploratory_then_useful;stress;1;Q1_noise_region;False;;False;0;0;0;0.0;0.1965;False;0;0;10
ablation_ceval_any_intersection;stress_exploratory_then_useful;stress;2;Q2_noise_margin_all;False;;False;0;0;0;0.0;0.1421;False;0;0;10
ablation_ceval_any_intersection;stress_exploratory_then_useful;stress;3;Q3_useful_margin;True;c1;True;0;0;0;0.333333;0.2443;True;1;1;10
baseline_random_matched;stress_exploratory_then_useful;stress;1;Q1_noise_region;False;;True;1;0;1;0.0;0.0031;;0;0;10
baseline_random_matched;stress_exploratory_then_useful;stress;2;Q2_noise_margin_all;False;;False;0;0;0;0.0;0.0006;;0;0;10
baseline_random_matched;stress_exploratory_then_useful;stress;3;Q3_useful_margin;True;c1;False;0;1;0;0.0;0.0005;;0;0;10
mcad;happy_guided_article_short;happy;1;Q1_margin_month;True;c1;True;0;0;0;0.333333;0.28;True;1;1;11
mcad;happy_guided_article_short;happy;2;Q2_stockout_store;True;c2;True;0;0;0;0.666667;0.2454;True;1;1;11
mcad;happy_guided_article_short;happy;3;Q3_sales_growth;True;c3;True;0;0;0;1.0;0.3355;True;2;1;11
baseline_naive;happy_guided_article_short;happy;1;Q1_margin_month;True;c1;True;0;0;0;0.333333;0.0013;;0;0;11
baseline_naive;happy_guided_article_short;happy;2;Q2_stockout_store;True;c2;True;0;0;0;0.666667;0.0006;;0;0;11
baseline_naive;happy_guided_article_short;happy;3;Q3_sales_growth;True;c3;True;0;0;0;1.0;0.0005;;0;0;11
baseline_measure_overlap;happy_guided_article_short;happy;1;Q1_margin_month;True;c1;True;0;0;0;0.333333;0.0134;;0;0;11
baseline_measure_overlap;happy_guided_article_short;happy;2;Q2_stockout_store;True;c2;True;0;0;0;0.666667;0.0059;;0;0;11
baseline_measure_overlap;happy_guided_article_short;happy;3;Q3_sales_growth;True;c3;True;0;0;0;1.0;0.0045;;0;0;11
ablation_no_sat;happy_guided_article_short;happy;1;Q1_margin_month;True;c1;True;0;0;0;0.333333;0.281;True;1;1;11
ablation_no_sat;happy_guided_article_short;happy;2;Q2_stockout_store;True;c2;True;0;0;0;0.666667;0.2547;True;1;1;11
ablation_no_sat;happy_guided_article_short;happy;3;Q3_sales_growth;True;c3;True;0;0;0;1.0;0.3294;True;2;1;11
ablation_no_real;happy_guided_article_short;happy;1;Q1_margin_month;True;c1;True;0;0;0;0.333333;0.2832;True;1;1;11
ablation_no_real;happy_guided_article_short;happy;2;Q2_stockout_store;True;c2;True;0;0;0;0.666667;0.3457;True;1;1;11
ablation_no_real;happy_guided_article_short;happy;3;Q3_sales_growth;True;c3;True;0;0;0;1.0;0.5861;True;2;1;11
ablation_ceval_any_intersection;happy_guided_article_short;happy;1;Q1_margin_month;True;c1;True;0;0;0;0.333333;0.539;True;1;1;11
ablation_ceval_any_intersection;happy_guided_article_short;happy;2;Q2_stockout_store;True;c2;True;0;0;0;0.666667;0.4643;True;1;1;11
ablation_ceval_any_intersection;happy_guided_article_short;happy;3;Q3_sales_growth;True;c3;True;0;0;0;1.0;0.6663;True;2;1;11
baseline_random_matched;happy_guided_article_short;happy;1;Q1_margin_month;True;c1;True;0;0;0;0.333333;0.0039;;0;0;11
baseline_random_matched;happy_guided_article_short;happy;2;Q2_stockout_store;True;c2;False;0;1;0;0.333333;0.001;;0;0;11
baseline_random_matched;happy_guided_article_short;happy;3;Q3_sales_growth;True;c3;True;0;0;0;0.666667;0.0008;;0;0;11
mcad;happy_guided_reordered;happy;1;Q1_sales_growth;True;c3;True;0;0;0;0.333333;0.374;True;2;1;11
mcad;happy_guided_reordered;happy;2;Q2_margin_month;True;c1;True;0;0;0;0.666667;0.2515;True;1;1;11
mcad;happy_guided_reordered;happy;3;Q3_stockout_store;True;c2;True;0;0;0;1.0;0.2442;True;1;1;11
baseline_naive;happy_guided_reordered;happy;1;Q1_sales_growth;True;c3;True;0;0;0;0.333333;0.0009;;0;0;11
baseline_naive;happy_guided_reordered;happy;2;Q2_margin_month;True;c1;True;0;0;0;0.666667;0.0005;;0;0;11
baseline_naive;happy_guided_reordered;happy;3;Q3_stockout_store;True;c2;True;0;0;0;1.0;0.0003;;0;0;11
baseline_measure_overlap;happy_guided_reordered;happy;1;Q1_sales_growth;True;c3;True;0;0;0;0.333333;0.0142;;0;0;11
baseline_measure_overlap;happy_guided_reordered;happy;2;Q2_margin_month;True;c1;True;0;0;0;0.666667;0.0053;;0;0;11
baseline_measure_overlap;happy_guided_reordered;happy;3;Q3_stockout_store;True;c2;True;0;0;0;1.0;0.0045;;0;0;11
ablation_no_sat;happy_guided_reordered;happy;1;Q1_sales_growth;True;c3;True;0;0;0;0.333333;0.3741;True;2;1;11
ablation_no_sat;happy_guided_reordered;happy;2;Q2_margin_month;True;c1;True;0;0;0;0.666667;0.2504;True;1;1;11
ablation_no_sat;happy_guided_reordered;happy;3;Q3_stockout_store;True;c2;True;0;0;0;1.0;0.26;True;1;1;11
ablation_no_real;happy_guided_reordered;happy;1;Q1_sales_growth;True;c3;True;0;0;0;0.333333;0.3881;True;2;1;11
ablation_no_real;happy_guided_reordered;happy;2;Q2_margin_month;True;c1;True;0;0;0;0.666667;0.2585;True;1;1;11
ablation_no_real;happy_guided_reordered;happy;3;Q3_stockout_store;True;c2;True;0;0;0;1.0;0.2501;True;1;1;11
ablation_ceval_any_intersection;happy_guided_reordered;happy;1;Q1_sales_growth;True;c3;True;0;0;0;0.333333;0.3771;True;2;1;11
ablation_ceval_any_intersection;happy_guided_reordered;happy;2;Q2_margin_month;True;c1;True;0;0;0;0.666667;0.2488;True;1;1;11
ablation_ceval_any_intersection;happy_guided_reordered;happy;3;Q3_stockout_store;True;c2;True;0;0;0;1.0;0.2435;True;1;1;11
baseline_random_matched;happy_guided_reordered;happy;1;Q1_sales_growth;True;c3;True;0;0;0;0.333333;0.0036;;0;0;11
baseline_random_matched;happy_guided_reordered;happy;2;Q2_margin_month;True;c1;True;0;0;0;0.666667;0.001;;0;0;11
baseline_random_matched;happy_guided_reordered;happy;3;Q3_stockout_store;True;c2;False;0;1;0;0.666667;0.0008;;0;0;11
mcad;happy_guided_compact;happy;1;Q1_margin_month;True;c1;True;0;0;0;0.333333;0.28;True;1;1;11
mcad;happy_guided_compact;happy;2;Q2_sales_growth;True;c3;True;0;0;0;0.666667;0.3354;True;2;1;11
mcad;happy_guided_compact;happy;3;Q3_stockout_store;True;c2;True;0;0;0;1.0;0.2413;True;1;1;11
baseline_naive;happy_guided_compact;happy;1;Q1_margin_month;True;c1;True;0;0;0;0.333333;0.0009;;0;0;11
baseline_naive;happy_guided_compact;happy;2;Q2_sales_growth;True;c3;True;0;0;0;0.666667;0.0004;;0;0;11
baseline_naive;happy_guided_compact;happy;3;Q3_stockout_store;True;c2;True;0;0;0;1.0;0.0004;;0;0;11
baseline_measure_overlap;happy_guided_compact;happy;1;Q1_margin_month;True;c1;True;0;0;0;0.333333;0.0166;;0;0;11
baseline_measure_overlap;happy_guided_compact;happy;2;Q2_sales_growth;True;c3;True;0;0;0;0.666667;0.0084;;0;0;11
baseline_measure_overlap;happy_guided_compact;happy;3;Q3_stockout_store;True;c2;True;0;0;0;1.0;0.0063;;0;0;11
ablation_no_sat;happy_guided_compact;happy;1;Q1_margin_month;True;c1;True;0;0;0;0.333333;0.3084;True;1;1;11
ablation_no_sat;happy_guided_compact;happy;2;Q2_sales_growth;True;c3;True;0;0;0;0.666667;0.338;True;2;1;11
ablation_no_sat;happy_guided_compact;happy;3;Q3_stockout_store;True;c2;True;0;0;0;1.0;0.2413;True;1;1;11
ablation_no_real;happy_guided_compact;happy;1;Q1_margin_month;True;c1;True;0;0;0;0.333333;0.2837;True;1;1;11
ablation_no_real;happy_guided_compact;happy;2;Q2_sales_growth;True;c3;True;0;0;0;0.666667;0.3555;True;2;1;11
ablation_no_real;happy_guided_compact;happy;3;Q3_stockout_store;True;c2;True;0;0;0;1.0;0.2438;True;1;1;11
ablation_ceval_any_intersection;happy_guided_compact;happy;1;Q1_margin_month;True;c1;True;0;0;0;0.333333;0.2704;True;1;1;11
ablation_ceval_any_intersection;happy_guided_compact;happy;2;Q2_sales_growth;True;c3;True;0;0;0;0.666667;0.3265;True;2;1;11
ablation_ceval_any_intersection;happy_guided_compact;happy;3;Q3_stockout_store;True;c2;True;0;0;0;1.0;0.2469;True;1;1;11
baseline_random_matched;happy_guided_compact;happy;1;Q1_margin_month;True;c1;False;0;1;0;0.0;0.0036;;0;0;11
baseline_random_matched;happy_guided_compact;happy;2;Q2_sales_growth;True;c3;False;0;1;0;0.0;0.001;;0;0;11
baseline_random_matched;happy_guided_compact;happy;3;Q3_stockout_store;True;c2;True;0;0;0;0.333333;0.0008;;0;0;11
mcad;border_growth_partial_1998_only;border;1;Q1_sales_1998_only;False;;False;0;0;0;0.0;0.5377;True;1;0;11
baseline_naive;border_growth_partial_1998_only;border;1;Q1_sales_1998_only;False;;True;1;0;1;0.0;0.0009;;0;0;11
baseline_measure_overlap;border_growth_partial_1998_only;border;1;Q1_sales_1998_only;False;;True;1;0;1;0.0;0.0136;;0;0;11
ablation_no_sat;border_growth_partial_1998_only;border;1;Q1_sales_1998_only;False;;False;0;0;0;0.0;0.3359;True;1;0;11
ablation_no_real;border_growth_partial_1998_only;border;1;Q1_sales_1998_only;False;;True;1;0;1;0.0;0.3399;True;1;0;11
ablation_ceval_any_intersection;border_growth_partial_1998_only;border;1;Q1_sales_1998_only;False;;True;1;0;1;0.0;0.3322;True;1;1;11
baseline_random_matched;border_growth_partial_1998_only;border;1;Q1_sales_1998_only;False;;True;1;0;1;0.0;0.0027;;0;0;11
mcad;border_margin_wrong_grain;border;1;Q1_margin_quarter_only;False;;False;0;0;0;0.0;0.3348;False;0;0;11
baseline_naive;border_margin_wrong_grain;border;1;Q1_margin_quarter_only;False;;True;1;0;1;0.0;0.0009;;0;0;11
baseline_measure_overlap;border_margin_wrong_grain;border;1;Q1_margin_quarter_only;False;;True;1;0;1;0.0;0.0138;;0;0;11
ablation_no_sat;border_margin_wrong_grain;border;1;Q1_margin_quarter_only;False;;False;0;0;0;0.0;0.2581;False;0;0;11
ablation_no_real;border_margin_wrong_grain;border;1;Q1_margin_quarter_only;False;;False;0;0;0;0.0;0.2017;False;0;0;11
ablation_ceval_any_intersection;border_margin_wrong_grain;border;1;Q1_margin_quarter_only;False;;False;0;0;0;0.0;0.1945;False;0;0;11
baseline_random_matched;border_margin_wrong_grain;border;1;Q1_margin_quarter_only;False;;True;1;0;1;0.0;0.0028;;0;0;11
mcad;border_stockout_missing_store;border;1;Q1_stockout_category_only;False;;False;0;0;0;0.0;0.2025;False;0;0;11
baseline_naive;border_stockout_missing_store;border;1;Q1_stockout_category_only;False;;True;1;0;1;0.0;0.0012;;0;0;11
baseline_measure_overlap;border_stockout_missing_store;border;1;Q1_stockout_category_only;False;;True;1;0;1;0.0;0.0138;;0;0;11
ablation_no_sat;border_stockout_missing_store;border;1;Q1_stockout_category_only;False;;False;0;0;0;0.0;0.2689;False;0;0;11
ablation_no_real;border_stockout_missing_store;border;1;Q1_stockout_category_only;False;;False;0;0;0;0.0;0.2114;False;0;0;11
ablation_ceval_any_intersection;border_stockout_missing_store;border;1;Q1_stockout_category_only;False;;False;0;0;0;0.0;0.2011;False;0;0;11
baseline_random_matched;border_stockout_missing_store;border;1;Q1_stockout_category_only;False;;False;0;0;0;0.0;0.0028;;0;0;11
mcad;adversarial_wrong_region;adversarial;1;Q1_margin_south;False;;False;0;0;0;0.0;0.1689;False;0;0;11
baseline_naive;adversarial_wrong_region;adversarial;1;Q1_margin_south;False;;True;1;0;1;0.0;0.0013;;0;0;11
baseline_measure_overlap;adversarial_wrong_region;adversarial;1;Q1_margin_south;False;;True;1;0;1;0.0;0.015;;0;0;11
ablation_no_sat;adversarial_wrong_region;adversarial;1;Q1_margin_south;False;;False;0;0;0;0.0;0.2053;False;0;0;11
ablation_no_real;adversarial_wrong_region;adversarial;1;Q1_margin_south;False;;False;0;0;0;0.0;0.1755;False;0;0;11
ablation_ceval_any_intersection;adversarial_wrong_region;adversarial;1;Q1_margin_south;False;;False;0;0;0;0.0;0.1677;False;0;0;11
baseline_random_matched;adversarial_wrong_region;adversarial;1;Q1_margin_south;False;;True;1;0;1;0.0;0.0027;;0;0;11
mcad;adversarial_wrong_year;adversarial;1;Q1_stockout_1997;False;;False;0;0;0;0.0;0.1648;False;0;0;11
baseline_naive;adversarial_wrong_year;adversarial;1;Q1_stockout_1997;False;;True;1;0;1;0.0;0.0012;;0;0;11
baseline_measure_overlap;adversarial_wrong_year;adversarial;1;Q1_stockout_1997;False;;True;1;0;1;0.0;0.0139;;0;0;11
ablation_no_sat;adversarial_wrong_year;adversarial;1;Q1_stockout_1997;False;;False;0;0;0;0.0;0.1907;False;0;0;11
ablation_no_real;adversarial_wrong_year;adversarial;1;Q1_stockout_1997;False;;False;0;0;0;0.0;0.1692;False;0;0;11
ablation_ceval_any_intersection;adversarial_wrong_year;adversarial;1;Q1_stockout_1997;False;;False;0;0;0;0.0;0.1602;False;0;0;11
baseline_random_matched;adversarial_wrong_year;adversarial;1;Q1_stockout_1997;False;;False;0;0;0;0.0;0.0028;;0;0;11
mcad;adversarial_invalid_no_measures;adversarial;1;Q1_invalid_no_measure;False;;False;0;0;0;0.0;0.0724;False;0;0;11
baseline_naive;adversarial_invalid_no_measures;adversarial;1;Q1_invalid_no_measure;False;;True;1;0;1;0.0;0.0009;;0;0;11
baseline_measure_overlap;adversarial_invalid_no_measures;adversarial;1;Q1_invalid_no_measure;False;;False;0;0;0;0.0;0.0182;;0;0;11
ablation_no_sat;adversarial_invalid_no_measures;adversarial;1;Q1_invalid_no_measure;False;;False;0;0;0;0.0;0.0899;False;0;0;11
ablation_no_real;adversarial_invalid_no_measures;adversarial;1;Q1_invalid_no_measure;False;;False;0;0;0;0.0;0.0798;False;0;0;11
ablation_ceval_any_intersection;adversarial_invalid_no_measures;adversarial;1;Q1_invalid_no_measure;False;;False;0;0;0;0.0;0.0709;False;0;0;11
baseline_random_matched;adversarial_invalid_no_measures;adversarial;1;Q1_invalid_no_measure;False;;True;1;0;1;0.0;0.0027;;0;0;11
mcad;stress_exploratory_then_useful;stress;1;Q1_noise_region;False;;False;0;0;0;0.0;0.2022;False;0;0;11
mcad;stress_exploratory_then_useful;stress;2;Q2_noise_margin_all;False;;False;0;0;0;0.0;0.1425;False;0;0;11
mcad;stress_exploratory_then_useful;stress;3;Q3_useful_margin;True;c1;True;0;0;0;0.333333;0.2821;True;1;1;11
baseline_naive;stress_exploratory_then_useful;stress;1;Q1_noise_region;False;;True;1;0;1;0.0;0.0009;;0;0;11
baseline_naive;stress_exploratory_then_useful;stress;2;Q2_noise_margin_all;False;;True;1;0;1;0.0;0.0004;;0;0;11
baseline_naive;stress_exploratory_then_useful;stress;3;Q3_useful_margin;True;c1;True;0;0;0;0.333333;0.0003;;0;0;11
baseline_measure_overlap;stress_exploratory_then_useful;stress;1;Q1_noise_region;False;;True;1;0;1;0.0;0.0171;;0;0;11
baseline_measure_overlap;stress_exploratory_then_useful;stress;2;Q2_noise_margin_all;False;;True;1;0;1;0.0;0.0077;;0;0;11
baseline_measure_overlap;stress_exploratory_then_useful;stress;3;Q3_useful_margin;True;c1;True;0;0;0;0.333333;0.0066;;0;0;11
ablation_no_sat;stress_exploratory_then_useful;stress;1;Q1_noise_region;False;;False;0;0;0;0.0;0.2387;False;0;0;11
ablation_no_sat;stress_exploratory_then_useful;stress;2;Q2_noise_margin_all;False;;False;0;0;0;0.0;0.1962;False;0;0;11
ablation_no_sat;stress_exploratory_then_useful;stress;3;Q3_useful_margin;True;c1;True;0;0;0;0.333333;0.2483;True;1;1;11
ablation_no_real;stress_exploratory_then_useful;stress;1;Q1_noise_region;False;;False;0;0;0;0.0;0.2043;False;0;0;11
ablation_no_real;stress_exploratory_then_useful;stress;2;Q2_noise_margin_all;False;;False;0;0;0;0.0;0.1493;False;0;0;11
ablation_no_real;stress_exploratory_then_useful;stress;3;Q3_useful_margin;True;c1;True;0;0;0;0.333333;0.2553;True;1;1;11
ablation_ceval_any_intersection;stress_exploratory_then_useful;stress;1;Q1_noise_region;False;;False;0;0;0;0.0;0.1963;False;0;0;11
ablation_ceval_any_intersection;stress_exploratory_then_useful;stress;2;Q2_noise_margin_all;False;;False;0;0;0;0.0;0.1425;False;0;0;11
ablation_ceval_any_intersection;stress_exploratory_then_useful;stress;3;Q3_useful_margin;True;c1;True;0;0;0;0.333333;0.2554;True;1;1;11
baseline_random_matched;stress_exploratory_then_useful;stress;1;Q1_noise_region;False;;False;0;0;0;0.0;0.0032;;0;0;11
baseline_random_matched;stress_exploratory_then_useful;stress;2;Q2_noise_margin_all;False;;False;0;0;0;0.0;0.0006;;0;0;11
baseline_random_matched;stress_exploratory_then_useful;stress;3;Q3_useful_margin;True;c1;True;0;0;0;0.333333;0.0005;;0;0;11
mcad;happy_guided_article_short;happy;1;Q1_margin_month;True;c1;True;0;0;0;0.333333;0.2886;True;1;1;12
mcad;happy_guided_article_short;happy;2;Q2_stockout_store;True;c2;True;0;0;0;0.666667;0.2476;True;1;1;12
mcad;happy_guided_article_short;happy;3;Q3_sales_growth;True;c3;True;0;0;0;1.0;0.3297;True;2;1;12
baseline_naive;happy_guided_article_short;happy;1;Q1_margin_month;True;c1;True;0;0;0;0.333333;0.001;;0;0;12
baseline_naive;happy_guided_article_short;happy;2;Q2_stockout_store;True;c2;True;0;0;0;0.666667;0.0004;;0;0;12
baseline_naive;happy_guided_article_short;happy;3;Q3_sales_growth;True;c3;True;0;0;0;1.0;0.0003;;0;0;12
baseline_measure_overlap;happy_guided_article_short;happy;1;Q1_margin_month;True;c1;True;0;0;0;0.333333;0.0132;;0;0;12
baseline_measure_overlap;happy_guided_article_short;happy;2;Q2_stockout_store;True;c2;True;0;0;0;0.666667;0.0055;;0;0;12
baseline_measure_overlap;happy_guided_article_short;happy;3;Q3_sales_growth;True;c3;True;0;0;0;1.0;0.0044;;0;0;12
ablation_no_sat;happy_guided_article_short;happy;1;Q1_margin_month;True;c1;True;0;0;0;0.333333;0.4286;True;1;1;12
ablation_no_sat;happy_guided_article_short;happy;2;Q2_stockout_store;True;c2;True;0;0;0;0.666667;0.2477;True;1;1;12
ablation_no_sat;happy_guided_article_short;happy;3;Q3_sales_growth;True;c3;True;0;0;0;1.0;0.3273;True;2;1;12
ablation_no_real;happy_guided_article_short;happy;1;Q1_margin_month;True;c1;True;0;0;0;0.333333;0.2876;True;1;1;12
ablation_no_real;happy_guided_article_short;happy;2;Q2_stockout_store;True;c2;True;0;0;0;0.666667;0.2596;True;1;1;12
ablation_no_real;happy_guided_article_short;happy;3;Q3_sales_growth;True;c3;True;0;0;0;1.0;0.3339;True;2;1;12
ablation_ceval_any_intersection;happy_guided_article_short;happy;1;Q1_margin_month;True;c1;True;0;0;0;0.333333;0.2746;True;1;1;12
ablation_ceval_any_intersection;happy_guided_article_short;happy;2;Q2_stockout_store;True;c2;True;0;0;0;0.666667;0.2395;True;1;1;12
ablation_ceval_any_intersection;happy_guided_article_short;happy;3;Q3_sales_growth;True;c3;True;0;0;0;1.0;0.3335;True;2;1;12
baseline_random_matched;happy_guided_article_short;happy;1;Q1_margin_month;True;c1;True;0;0;0;0.333333;0.003;;0;0;12
baseline_random_matched;happy_guided_article_short;happy;2;Q2_stockout_store;True;c2;False;0;1;0;0.333333;0.0006;;0;0;12
baseline_random_matched;happy_guided_article_short;happy;3;Q3_sales_growth;True;c3;True;0;0;0;0.666667;0.0005;;0;0;12
mcad;happy_guided_reordered;happy;1;Q1_sales_growth;True;c3;True;0;0;0;0.333333;0.3691;True;2;1;12
mcad;happy_guided_reordered;happy;2;Q2_margin_month;True;c1;True;0;0;0;0.666667;0.247;True;1;1;12
mcad;happy_guided_reordered;happy;3;Q3_stockout_store;True;c2;True;0;0;0;1.0;0.2383;True;1;1;12
baseline_naive;happy_guided_reordered;happy;1;Q1_sales_growth;True;c3;True;0;0;0;0.333333;0.0009;;0;0;12
baseline_naive;happy_guided_reordered;happy;2;Q2_margin_month;True;c1;True;0;0;0;0.666667;0.0004;;0;0;12
baseline_naive;happy_guided_reordered;happy;3;Q3_stockout_store;True;c2;True;0;0;0;1.0;0.0003;;0;0;12
baseline_measure_overlap;happy_guided_reordered;happy;1;Q1_sales_growth;True;c3;True;0;0;0;0.333333;0.0128;;0;0;12
baseline_measure_overlap;happy_guided_reordered;happy;2;Q2_margin_month;True;c1;True;0;0;0;0.666667;0.0053;;0;0;12
baseline_measure_overlap;happy_guided_reordered;happy;3;Q3_stockout_store;True;c2;True;0;0;0;1.0;0.0043;;0;0;12
ablation_no_sat;happy_guided_reordered;happy;1;Q1_sales_growth;True;c3;True;0;0;0;0.333333;0.5957;True;2;1;12
ablation_no_sat;happy_guided_reordered;happy;2;Q2_margin_month;True;c1;True;0;0;0;0.666667;0.4002;True;1;1;12
ablation_no_sat;happy_guided_reordered;happy;3;Q3_stockout_store;True;c2;True;0;0;0;1.0;0.4028;True;1;1;12
ablation_no_real;happy_guided_reordered;happy;1;Q1_sales_growth;True;c3;True;0;0;0;0.333333;0.383;True;2;1;12
ablation_no_real;happy_guided_reordered;happy;2;Q2_margin_month;True;c1;True;0;0;0;0.666667;0.2543;True;1;1;12
ablation_no_real;happy_guided_reordered;happy;3;Q3_stockout_store;True;c2;True;0;0;0;1.0;0.2439;True;1;1;12
ablation_ceval_any_intersection;happy_guided_reordered;happy;1;Q1_sales_growth;True;c3;True;0;0;0;0.333333;0.6711;True;2;1;12
ablation_ceval_any_intersection;happy_guided_reordered;happy;2;Q2_margin_month;True;c1;True;0;0;0;0.666667;0.5382;True;1;1;12
ablation_ceval_any_intersection;happy_guided_reordered;happy;3;Q3_stockout_store;True;c2;True;0;0;0;1.0;0.5721;True;1;1;12
baseline_random_matched;happy_guided_reordered;happy;1;Q1_sales_growth;True;c3;False;0;1;0;0.0;0.0044;;0;0;12
baseline_random_matched;happy_guided_reordered;happy;2;Q2_margin_month;True;c1;True;0;0;0;0.333333;0.001;;0;0;12
baseline_random_matched;happy_guided_reordered;happy;3;Q3_stockout_store;True;c2;False;0;1;0;0.333333;0.0009;;0;0;12
mcad;happy_guided_compact;happy;1;Q1_margin_month;True;c1;True;0;0;0;0.333333;0.2827;True;1;1;12
mcad;happy_guided_compact;happy;2;Q2_sales_growth;True;c3;True;0;0;0;0.666667;0.3489;True;2;1;12
mcad;happy_guided_compact;happy;3;Q3_stockout_store;True;c2;True;0;0;0;1.0;0.2455;True;1;1;12
baseline_naive;happy_guided_compact;happy;1;Q1_margin_month;True;c1;True;0;0;0;0.333333;0.0013;;0;0;12
baseline_naive;happy_guided_compact;happy;2;Q2_sales_growth;True;c3;True;0;0;0;0.666667;0.0007;;0;0;12
baseline_naive;happy_guided_compact;happy;3;Q3_stockout_store;True;c2;True;0;0;0;1.0;0.0005;;0;0;12
baseline_measure_overlap;happy_guided_compact;happy;1;Q1_margin_month;True;c1;True;0;0;0;0.333333;0.0151;;0;0;12
baseline_measure_overlap;happy_guided_compact;happy;2;Q2_sales_growth;True;c3;True;0;0;0;0.666667;0.0054;;0;0;12
baseline_measure_overlap;happy_guided_compact;happy;3;Q3_stockout_store;True;c2;True;0;0;0;1.0;0.004;;0;0;12
ablation_no_sat;happy_guided_compact;happy;1;Q1_margin_month;True;c1;True;0;0;0;0.333333;0.2846;True;1;1;12
ablation_no_sat;happy_guided_compact;happy;2;Q2_sales_growth;True;c3;True;0;0;0;0.666667;0.3328;True;2;1;12
ablation_no_sat;happy_guided_compact;happy;3;Q3_stockout_store;True;c2;True;0;0;0;1.0;0.2506;True;1;1;12
ablation_no_real;happy_guided_compact;happy;1;Q1_margin_month;True;c1;True;0;0;0;0.333333;0.2992;True;1;1;12
ablation_no_real;happy_guided_compact;happy;2;Q2_sales_growth;True;c3;True;0;0;0;0.666667;0.3362;True;2;1;12
ablation_no_real;happy_guided_compact;happy;3;Q3_stockout_store;True;c2;True;0;0;0;1.0;0.2453;True;1;1;12
ablation_ceval_any_intersection;happy_guided_compact;happy;1;Q1_margin_month;True;c1;True;0;0;0;0.333333;0.2762;True;1;1;12
ablation_ceval_any_intersection;happy_guided_compact;happy;2;Q2_sales_growth;True;c3;True;0;0;0;0.666667;0.3389;True;2;1;12
ablation_ceval_any_intersection;happy_guided_compact;happy;3;Q3_stockout_store;True;c2;True;0;0;0;1.0;0.2363;True;1;1;12
baseline_random_matched;happy_guided_compact;happy;1;Q1_margin_month;True;c1;True;0;0;0;0.333333;0.0028;;0;0;12
baseline_random_matched;happy_guided_compact;happy;2;Q2_sales_growth;True;c3;True;0;0;0;0.666667;0.0006;;0;0;12
baseline_random_matched;happy_guided_compact;happy;3;Q3_stockout_store;True;c2;True;0;0;0;1.0;0.0005;;0;0;12
mcad;border_growth_partial_1998_only;border;1;Q1_sales_1998_only;False;;False;0;0;0;0.0;0.3429;True;1;0;12
baseline_naive;border_growth_partial_1998_only;border;1;Q1_sales_1998_only;False;;True;1;0;1;0.0;0.0017;;0;0;12
baseline_measure_overlap;border_growth_partial_1998_only;border;1;Q1_sales_1998_only;False;;True;1;0;1;0.0;0.0154;;0;0;12
ablation_no_sat;border_growth_partial_1998_only;border;1;Q1_sales_1998_only;False;;False;0;0;0;0.0;0.3577;True;1;0;12
ablation_no_real;border_growth_partial_1998_only;border;1;Q1_sales_1998_only;False;;True;1;0;1;0.0;0.3607;True;1;0;12
ablation_ceval_any_intersection;border_growth_partial_1998_only;border;1;Q1_sales_1998_only;False;;True;1;0;1;0.0;0.3521;True;1;1;12
baseline_random_matched;border_growth_partial_1998_only;border;1;Q1_sales_1998_only;False;;True;1;0;1;0.0;0.0028;;0;0;12
mcad;border_margin_wrong_grain;border;1;Q1_margin_quarter_only;False;;False;0;0;0;0.0;0.3583;False;0;0;12
baseline_naive;border_margin_wrong_grain;border;1;Q1_margin_quarter_only;False;;True;1;0;1;0.0;0.0009;;0;0;12
baseline_measure_overlap;border_margin_wrong_grain;border;1;Q1_margin_quarter_only;False;;True;1;0;1;0.0;0.0148;;0;0;12
ablation_no_sat;border_margin_wrong_grain;border;1;Q1_margin_quarter_only;False;;False;0;0;0;0.0;0.2715;False;0;0;12
ablation_no_real;border_margin_wrong_grain;border;1;Q1_margin_quarter_only;False;;False;0;0;0;0.0;0.2114;False;0;0;12
ablation_ceval_any_intersection;border_margin_wrong_grain;border;1;Q1_margin_quarter_only;False;;False;0;0;0;0.0;0.2034;False;0;0;12
baseline_random_matched;border_margin_wrong_grain;border;1;Q1_margin_quarter_only;False;;False;0;0;0;0.0;0.0028;;0;0;12
mcad;border_stockout_missing_store;border;1;Q1_stockout_category_only;False;;False;0;0;0;0.0;0.3454;False;0;0;12
baseline_naive;border_stockout_missing_store;border;1;Q1_stockout_category_only;False;;True;1;0;1;0.0;0.0009;;0;0;12
baseline_measure_overlap;border_stockout_missing_store;border;1;Q1_stockout_category_only;False;;True;1;0;1;0.0;0.0133;;0;0;12
ablation_no_sat;border_stockout_missing_store;border;1;Q1_stockout_category_only;False;;False;0;0;0;0.0;0.2611;False;0;0;12
ablation_no_real;border_stockout_missing_store;border;1;Q1_stockout_category_only;False;;False;0;0;0;0.0;0.2023;False;0;0;12
ablation_ceval_any_intersection;border_stockout_missing_store;border;1;Q1_stockout_category_only;False;;False;0;0;0;0.0;0.1967;False;0;0;12
baseline_random_matched;border_stockout_missing_store;border;1;Q1_stockout_category_only;False;;True;1;0;1;0.0;0.0029;;0;0;12
mcad;adversarial_wrong_region;adversarial;1;Q1_margin_south;False;;False;0;0;0;0.0;0.2926;False;0;0;12
baseline_naive;adversarial_wrong_region;adversarial;1;Q1_margin_south;False;;True;1;0;1;0.0;0.001;;0;0;12
baseline_measure_overlap;adversarial_wrong_region;adversarial;1;Q1_margin_south;False;;True;1;0;1;0.0;0.0128;;0;0;12
ablation_no_sat;adversarial_wrong_region;adversarial;1;Q1_margin_south;False;;False;0;0;0;0.0;0.2122;False;0;0;12
ablation_no_real;adversarial_wrong_region;adversarial;1;Q1_margin_south;False;;False;0;0;0;0.0;0.1765;False;0;0;12
ablation_ceval_any_intersection;adversarial_wrong_region;adversarial;1;Q1_margin_south;False;;False;0;0;0;0.0;0.1674;False;0;0;12
baseline_random_matched;adversarial_wrong_region;adversarial;1;Q1_margin_south;False;;True;1;0;1;0.0;0.0031;;0;0;12
mcad;adversarial_wrong_year;adversarial;1;Q1_stockout_1997;False;;False;0;0;0;0.0;0.1742;False;0;0;12
baseline_naive;adversarial_wrong_year;adversarial;1;Q1_stockout_1997;False;;True;1;0;1;0.0;0.0013;;0;0;12
baseline_measure_overlap;adversarial_wrong_year;adversarial;1;Q1_stockout_1997;False;;True;1;0;1;0.0;0.0144;;0;0;12
ablation_no_sat;adversarial_wrong_year;adversarial;1;Q1_stockout_1997;False;;False;0;0;0;0.0;0.2018;False;0;0;12
ablation_no_real;adversarial_wrong_year;adversarial;1;Q1_stockout_1997;False;;False;0;0;0;0.0;0.195;False;0;0;12
ablation_ceval_any_intersection;adversarial_wrong_year;adversarial;1;Q1_stockout_1997;False;;False;0;0;0;0.0;0.1626;False;0;0;12
baseline_random_matched;adversarial_wrong_year;adversarial;1;Q1_stockout_1997;False;;False;0;0;0;0.0;0.0028;;0;0;12
mcad;adversarial_invalid_no_measures;adversarial;1;Q1_invalid_no_measure;False;;False;0;0;0;0.0;0.0707;False;0;0;12
baseline_naive;adversarial_invalid_no_measures;adversarial;1;Q1_invalid_no_measure;False;;True;1;0;1;0.0;0.0012;;0;0;12
baseline_measure_overlap;adversarial_invalid_no_measures;adversarial;1;Q1_invalid_no_measure;False;;False;0;0;0;0.0;0.0185;;0;0;12
ablation_no_sat;adversarial_invalid_no_measures;adversarial;1;Q1_invalid_no_measure;False;;False;0;0;0;0.0;0.0879;False;0;0;12
ablation_no_real;adversarial_invalid_no_measures;adversarial;1;Q1_invalid_no_measure;False;;False;0;0;0;0.0;0.0792;False;0;0;12
ablation_ceval_any_intersection;adversarial_invalid_no_measures;adversarial;1;Q1_invalid_no_measure;False;;False;0;0;0;0.0;0.0697;False;0;0;12
baseline_random_matched;adversarial_invalid_no_measures;adversarial;1;Q1_invalid_no_measure;False;;True;1;0;1;0.0;0.0024;;0;0;12
mcad;stress_exploratory_then_useful;stress;1;Q1_noise_region;False;;False;0;0;0;0.0;0.2045;False;0;0;12
mcad;stress_exploratory_then_useful;stress;2;Q2_noise_margin_all;False;;False;0;0;0;0.0;0.1414;False;0;0;12
mcad;stress_exploratory_then_useful;stress;3;Q3_useful_margin;True;c1;True;0;0;0;0.333333;0.2486;True;1;1;12
baseline_naive;stress_exploratory_then_useful;stress;1;Q1_noise_region;False;;True;1;0;1;0.0;0.0009;;0;0;12
baseline_naive;stress_exploratory_then_useful;stress;2;Q2_noise_margin_all;False;;True;1;0;1;0.0;0.0005;;0;0;12
baseline_naive;stress_exploratory_then_useful;stress;3;Q3_useful_margin;True;c1;True;0;0;0;0.333333;0.0003;;0;0;12
baseline_measure_overlap;stress_exploratory_then_useful;stress;1;Q1_noise_region;False;;True;1;0;1;0.0;0.0347;;0;0;12
baseline_measure_overlap;stress_exploratory_then_useful;stress;2;Q2_noise_margin_all;False;;True;1;0;1;0.0;0.0099;;0;0;12
baseline_measure_overlap;stress_exploratory_then_useful;stress;3;Q3_useful_margin;True;c1;True;0;0;0;0.333333;0.0042;;0;0;12
ablation_no_sat;stress_exploratory_then_useful;stress;1;Q1_noise_region;False;;False;0;0;0;0.0;0.2337;False;0;0;12
ablation_no_sat;stress_exploratory_then_useful;stress;2;Q2_noise_margin_all;False;;False;0;0;0;0.0;0.1699;False;0;0;12
ablation_no_sat;stress_exploratory_then_useful;stress;3;Q3_useful_margin;True;c1;True;0;0;0;0.333333;0.2472;True;1;1;12
ablation_no_real;stress_exploratory_then_useful;stress;1;Q1_noise_region;False;;False;0;0;0;0.0;0.2009;False;0;0;12
ablation_no_real;stress_exploratory_then_useful;stress;2;Q2_noise_margin_all;False;;False;0;0;0;0.0;0.1442;False;0;0;12
ablation_no_real;stress_exploratory_then_useful;stress;3;Q3_useful_margin;True;c1;True;0;0;0;0.333333;0.253;True;1;1;12
ablation_ceval_any_intersection;stress_exploratory_then_useful;stress;1;Q1_noise_region;False;;False;0;0;0;0.0;0.1939;False;0;0;12
ablation_ceval_any_intersection;stress_exploratory_then_useful;stress;2;Q2_noise_margin_all;False;;False;0;0;0;0.0;0.1417;False;0;0;12
ablation_ceval_any_intersection;stress_exploratory_then_useful;stress;3;Q3_useful_margin;True;c1;True;0;0;0;0.333333;0.2553;True;1;1;12
baseline_random_matched;stress_exploratory_then_useful;stress;1;Q1_noise_region;False;;False;0;0;0;0.0;0.0028;;0;0;12
baseline_random_matched;stress_exploratory_then_useful;stress;2;Q2_noise_margin_all;False;;False;0;0;0;0.0;0.0006;;0;0;12
baseline_random_matched;stress_exploratory_then_useful;stress;3;Q3_useful_margin;True;c1;False;0;1;0;0.0;0.0005;;0;0;12
mcad;happy_guided_article_short;happy;1;Q1_margin_month;True;c1;True;0;0;0;0.333333;0.2759;True;1;1;13
mcad;happy_guided_article_short;happy;2;Q2_stockout_store;True;c2;True;0;0;0;0.666667;0.2545;True;1;1;13
mcad;happy_guided_article_short;happy;3;Q3_sales_growth;True;c3;True;0;0;0;1.0;0.3278;True;2;1;13
baseline_naive;happy_guided_article_short;happy;1;Q1_margin_month;True;c1;True;0;0;0;0.333333;0.001;;0;0;13
baseline_naive;happy_guided_article_short;happy;2;Q2_stockout_store;True;c2;True;0;0;0;0.666667;0.0005;;0;0;13
baseline_naive;happy_guided_article_short;happy;3;Q3_sales_growth;True;c3;True;0;0;0;1.0;0.0003;;0;0;13
baseline_measure_overlap;happy_guided_article_short;happy;1;Q1_margin_month;True;c1;True;0;0;0;0.333333;0.0247;;0;0;13
baseline_measure_overlap;happy_guided_article_short;happy;2;Q2_stockout_store;True;c2;True;0;0;0;0.666667;0.008;;0;0;13
baseline_measure_overlap;happy_guided_article_short;happy;3;Q3_sales_growth;True;c3;True;0;0;0;1.0;0.0068;;0;0;13
ablation_no_sat;happy_guided_article_short;happy;1;Q1_margin_month;True;c1;True;0;0;0;0.333333;0.2957;True;1;1;13
ablation_no_sat;happy_guided_article_short;happy;2;Q2_stockout_store;True;c2;True;0;0;0;0.666667;0.2426;True;1;1;13
ablation_no_sat;happy_guided_article_short;happy;3;Q3_sales_growth;True;c3;True;0;0;0;1.0;0.3431;True;2;1;13
ablation_no_real;happy_guided_article_short;happy;1;Q1_margin_month;True;c1;True;0;0;0;0.333333;0.3068;True;1;1;13
ablation_no_real;happy_guided_article_short;happy;2;Q2_stockout_store;True;c2;True;0;0;0;0.666667;0.2532;True;1;1;13
ablation_no_real;happy_guided_article_short;happy;3;Q3_sales_growth;True;c3;True;0;0;0;1.0;0.338;True;2;1;13
ablation_ceval_any_intersection;happy_guided_article_short;happy;1;Q1_margin_month;True;c1;True;0;0;0;0.333333;0.2821;True;1;1;13
ablation_ceval_any_intersection;happy_guided_article_short;happy;2;Q2_stockout_store;True;c2;True;0;0;0;0.666667;0.255;True;1;1;13
ablation_ceval_any_intersection;happy_guided_article_short;happy;3;Q3_sales_growth;True;c3;True;0;0;0;1.0;0.3275;True;2;1;13
baseline_random_matched;happy_guided_article_short;happy;1;Q1_margin_month;True;c1;True;0;0;0;0.333333;0.0029;;0;0;13
baseline_random_matched;happy_guided_article_short;happy;2;Q2_stockout_store;True;c2;True;0;0;0;0.666667;0.0006;;0;0;13
baseline_random_matched;happy_guided_article_short;happy;3;Q3_sales_growth;True;c3;True;0;0;0;1.0;0.0005;;0;0;13
mcad;happy_guided_reordered;happy;1;Q1_sales_growth;True;c3;True;0;0;0;0.333333;0.3726;True;2;1;13
mcad;happy_guided_reordered;happy;2;Q2_margin_month;True;c1;True;0;0;0;0.666667;0.2492;True;1;1;13
mcad;happy_guided_reordered;happy;3;Q3_stockout_store;True;c2;True;0;0;0;1.0;0.2413;True;1;1;13
baseline_naive;happy_guided_reordered;happy;1;Q1_sales_growth;True;c3;True;0;0;0;0.333333;0.0011;;0;0;13
baseline_naive;happy_guided_reordered;happy;2;Q2_margin_month;True;c1;True;0;0;0;0.666667;0.0005;;0;0;13
baseline_naive;happy_guided_reordered;happy;3;Q3_stockout_store;True;c2;True;0;0;0;1.0;0.0004;;0;0;13
baseline_measure_overlap;happy_guided_reordered;happy;1;Q1_sales_growth;True;c3;True;0;0;0;0.333333;0.0155;;0;0;13
baseline_measure_overlap;happy_guided_reordered;happy;2;Q2_margin_month;True;c1;True;0;0;0;0.666667;0.0053;;0;0;13
baseline_measure_overlap;happy_guided_reordered;happy;3;Q3_stockout_store;True;c2;True;0;0;0;1.0;0.0042;;0;0;13
ablation_no_sat;happy_guided_reordered;happy;1;Q1_sales_growth;True;c3;True;0;0;0;0.333333;2.8263;True;2;1;13
ablation_no_sat;happy_guided_reordered;happy;2;Q2_margin_month;True;c1;True;0;0;0;0.666667;1.9587;True;1;1;13
ablation_no_sat;happy_guided_reordered;happy;3;Q3_stockout_store;True;c2;True;0;0;0;1.0;0.8395;True;1;1;13
ablation_no_real;happy_guided_reordered;happy;1;Q1_sales_growth;True;c3;True;0;0;0;0.333333;2.4158;True;2;1;13
ablation_no_real;happy_guided_reordered;happy;2;Q2_margin_month;True;c1;True;0;0;0;0.666667;2.4505;True;1;1;13
ablation_no_real;happy_guided_reordered;happy;3;Q3_stockout_store;True;c2;True;0;0;0;1.0;0.8106;True;1;1;13
ablation_ceval_any_intersection;happy_guided_reordered;happy;1;Q1_sales_growth;True;c3;True;0;0;0;0.333333;0.3654;True;2;1;13
ablation_ceval_any_intersection;happy_guided_reordered;happy;2;Q2_margin_month;True;c1;True;0;0;0;0.666667;0.2442;True;1;1;13
ablation_ceval_any_intersection;happy_guided_reordered;happy;3;Q3_stockout_store;True;c2;True;0;0;0;1.0;0.2374;True;1;1;13
baseline_random_matched;happy_guided_reordered;happy;1;Q1_sales_growth;True;c3;True;0;0;0;0.333333;0.0032;;0;0;13
baseline_random_matched;happy_guided_reordered;happy;2;Q2_margin_month;True;c1;True;0;0;0;0.666667;0.0007;;0;0;13
baseline_random_matched;happy_guided_reordered;happy;3;Q3_stockout_store;True;c2;True;0;0;0;1.0;0.0005;;0;0;13
mcad;happy_guided_compact;happy;1;Q1_margin_month;True;c1;True;0;0;0;0.333333;0.4977;True;1;1;13
mcad;happy_guided_compact;happy;2;Q2_sales_growth;True;c3;True;0;0;0;0.666667;0.606;True;2;1;13
mcad;happy_guided_compact;happy;3;Q3_stockout_store;True;c2;True;0;0;0;1.0;0.4274;True;1;1;13
baseline_naive;happy_guided_compact;happy;1;Q1_margin_month;True;c1;True;0;0;0;0.333333;0.001;;0;0;13
baseline_naive;happy_guided_compact;happy;2;Q2_sales_growth;True;c3;True;0;0;0;0.666667;0.0004;;0;0;13
baseline_naive;happy_guided_compact;happy;3;Q3_stockout_store;True;c2;True;0;0;0;1.0;0.0003;;0;0;13
baseline_measure_overlap;happy_guided_compact;happy;1;Q1_margin_month;True;c1;True;0;0;0;0.333333;0.0148;;0;0;13
baseline_measure_overlap;happy_guided_compact;happy;2;Q2_sales_growth;True;c3;True;0;0;0;0.666667;0.0051;;0;0;13
baseline_measure_overlap;happy_guided_compact;happy;3;Q3_stockout_store;True;c2;True;0;0;0;1.0;0.0042;;0;0;13
ablation_no_sat;happy_guided_compact;happy;1;Q1_margin_month;True;c1;True;0;0;0;0.333333;0.2863;True;1;1;13
ablation_no_sat;happy_guided_compact;happy;2;Q2_sales_growth;True;c3;True;0;0;0;0.666667;0.3331;True;2;1;13
ablation_no_sat;happy_guided_compact;happy;3;Q3_stockout_store;True;c2;True;0;0;0;1.0;0.2414;True;1;1;13
ablation_no_real;happy_guided_compact;happy;1;Q1_margin_month;True;c1;True;0;0;0;0.333333;0.2829;True;1;1;13
ablation_no_real;happy_guided_compact;happy;2;Q2_sales_growth;True;c3;True;0;0;0;0.666667;0.3488;True;2;1;13
ablation_no_real;happy_guided_compact;happy;3;Q3_stockout_store;True;c2;True;0;0;0;1.0;0.2464;True;1;1;13
ablation_ceval_any_intersection;happy_guided_compact;happy;1;Q1_margin_month;True;c1;True;0;0;0;0.333333;0.2732;True;1;1;13
ablation_ceval_any_intersection;happy_guided_compact;happy;2;Q2_sales_growth;True;c3;True;0;0;0;0.666667;0.3295;True;2;1;13
ablation_ceval_any_intersection;happy_guided_compact;happy;3;Q3_stockout_store;True;c2;True;0;0;0;1.0;0.2386;True;1;1;13
baseline_random_matched;happy_guided_compact;happy;1;Q1_margin_month;True;c1;True;0;0;0;0.333333;0.003;;0;0;13
baseline_random_matched;happy_guided_compact;happy;2;Q2_sales_growth;True;c3;False;0;1;0;0.333333;0.0007;;0;0;13
baseline_random_matched;happy_guided_compact;happy;3;Q3_stockout_store;True;c2;False;0;1;0;0.333333;0.0005;;0;0;13
mcad;border_growth_partial_1998_only;border;1;Q1_sales_1998_only;False;;False;0;0;0;0.0;0.3453;True;1;0;13
baseline_naive;border_growth_partial_1998_only;border;1;Q1_sales_1998_only;False;;True;1;0;1;0.0;0.0009;;0;0;13
baseline_measure_overlap;border_growth_partial_1998_only;border;1;Q1_sales_1998_only;False;;True;1;0;1;0.0;0.0139;;0;0;13
ablation_no_sat;border_growth_partial_1998_only;border;1;Q1_sales_1998_only;False;;False;0;0;0;0.0;0.4128;True;1;0;13
ablation_no_real;border_growth_partial_1998_only;border;1;Q1_sales_1998_only;False;;True;1;0;1;0.0;0.3437;True;1;0;13
ablation_ceval_any_intersection;border_growth_partial_1998_only;border;1;Q1_sales_1998_only;False;;True;1;0;1;0.0;0.3541;True;1;1;13
baseline_random_matched;border_growth_partial_1998_only;border;1;Q1_sales_1998_only;False;;True;1;0;1;0.0;0.0025;;0;0;13
mcad;border_margin_wrong_grain;border;1;Q1_margin_quarter_only;False;;False;0;0;0;0.0;0.1949;False;0;0;13
baseline_naive;border_margin_wrong_grain;border;1;Q1_margin_quarter_only;False;;True;1;0;1;0.0;0.0012;;0;0;13
baseline_measure_overlap;border_margin_wrong_grain;border;1;Q1_margin_quarter_only;False;;True;1;0;1;0.0;0.0136;;0;0;13
ablation_no_sat;border_margin_wrong_grain;border;1;Q1_margin_quarter_only;False;;False;0;0;0;0.0;0.2731;False;0;0;13
ablation_no_real;border_margin_wrong_grain;border;1;Q1_margin_quarter_only;False;;False;0;0;0;0.0;0.2144;False;0;0;13
ablation_ceval_any_intersection;border_margin_wrong_grain;border;1;Q1_margin_quarter_only;False;;False;0;0;0;0.0;0.2068;False;0;0;13
baseline_random_matched;border_margin_wrong_grain;border;1;Q1_margin_quarter_only;False;;False;0;0;0;0.0;0.0028;;0;0;13
mcad;border_stockout_missing_store;border;1;Q1_stockout_category_only;False;;False;0;0;0;0.0;0.3456;False;0;0;13
baseline_naive;border_stockout_missing_store;border;1;Q1_stockout_category_only;False;;True;1;0;1;0.0;0.0013;;0;0;13
baseline_measure_overlap;border_stockout_missing_store;border;1;Q1_stockout_category_only;False;;True;1;0;1;0.0;0.0212;;0;0;13
ablation_no_sat;border_stockout_missing_store;border;1;Q1_stockout_category_only;False;;False;0;0;0;0.0;0.4976;False;0;0;13
ablation_no_real;border_stockout_missing_store;border;1;Q1_stockout_category_only;False;;False;0;0;0;0.0;0.3985;False;0;0;13
ablation_ceval_any_intersection;border_stockout_missing_store;border;1;Q1_stockout_category_only;False;;False;0;0;0;0.0;0.3672;False;0;0;13
baseline_random_matched;border_stockout_missing_store;border;1;Q1_stockout_category_only;False;;True;1;0;1;0.0;0.0058;;0;0;13
mcad;adversarial_wrong_region;adversarial;1;Q1_margin_south;False;;False;0;0;0;0.0;0.3462;False;0;0;13
baseline_naive;adversarial_wrong_region;adversarial;1;Q1_margin_south;False;;True;1;0;1;0.0;0.0016;;0;0;13
baseline_measure_overlap;adversarial_wrong_region;adversarial;1;Q1_margin_south;False;;True;1;0;1;0.0;0.0203;;0;0;13
ablation_no_sat;adversarial_wrong_region;adversarial;1;Q1_margin_south;False;;False;0;0;0;0.0;0.244;False;0;0;13
ablation_no_real;adversarial_wrong_region;adversarial;1;Q1_margin_south;False;;False;0;0;0;0.0;0.1908;False;0;0;13
ablation_ceval_any_intersection;adversarial_wrong_region;adversarial;1;Q1_margin_south;False;;False;0;0;0;0.0;0.183;False;0;0;13
baseline_random_matched;adversarial_wrong_region;adversarial;1;Q1_margin_south;False;;True;1;0;1;0.0;0.0038;;0;0;13
mcad;adversarial_wrong_year;adversarial;1;Q1_stockout_1997;False;;False;0;0;0;0.0;0.166;False;0;0;13
baseline_naive;adversarial_wrong_year;adversarial;1;Q1_stockout_1997;False;;True;1;0;1;0.0;0.001;;0;0;13
baseline_measure_overlap;adversarial_wrong_year;adversarial;1;Q1_stockout_1997;False;;True;1;0;1;0.0;0.013;;0;0;13
ablation_no_sat;adversarial_wrong_year;adversarial;1;Q1_stockout_1997;False;;False;0;0;0;0.0;0.1923;False;0;0;13
ablation_no_real;adversarial_wrong_year;adversarial;1;Q1_stockout_1997;False;;False;0;0;0;0.0;0.1731;False;0;0;13
ablation_ceval_any_intersection;adversarial_wrong_year;adversarial;1;Q1_stockout_1997;False;;False;0;0;0;0.0;0.1953;False;0;0;13
baseline_random_matched;adversarial_wrong_year;adversarial;1;Q1_stockout_1997;False;;False;0;0;0;0.0;0.0029;;0;0;13
mcad;adversarial_invalid_no_measures;adversarial;1;Q1_invalid_no_measure;False;;False;0;0;0;0.0;0.0757;False;0;0;13
baseline_naive;adversarial_invalid_no_measures;adversarial;1;Q1_invalid_no_measure;False;;True;1;0;1;0.0;0.0009;;0;0;13
baseline_measure_overlap;adversarial_invalid_no_measures;adversarial;1;Q1_invalid_no_measure;False;;False;0;0;0;0.0;0.0123;;0;0;13
ablation_no_sat;adversarial_invalid_no_measures;adversarial;1;Q1_invalid_no_measure;False;;False;0;0;0;0.0;0.0859;False;0;0;13
ablation_no_real;adversarial_invalid_no_measures;adversarial;1;Q1_invalid_no_measure;False;;False;0;0;0;0.0;0.0771;False;0;0;13
ablation_ceval_any_intersection;adversarial_invalid_no_measures;adversarial;1;Q1_invalid_no_measure;False;;False;0;0;0;0.0;0.0717;False;0;0;13
baseline_random_matched;adversarial_invalid_no_measures;adversarial;1;Q1_invalid_no_measure;False;;False;0;0;0;0.0;0.0036;;0;0;13
mcad;stress_exploratory_then_useful;stress;1;Q1_noise_region;False;;False;0;0;0;0.0;0.392;False;0;0;13
mcad;stress_exploratory_then_useful;stress;2;Q2_noise_margin_all;False;;False;0;0;0;0.0;0.2659;False;0;0;13
mcad;stress_exploratory_then_useful;stress;3;Q3_useful_margin;True;c1;True;0;0;0;0.333333;0.4695;True;1;1;13
baseline_naive;stress_exploratory_then_useful;stress;1;Q1_noise_region;False;;True;1;0;1;0.0;0.001;;0;0;13
baseline_naive;stress_exploratory_then_useful;stress;2;Q2_noise_margin_all;False;;True;1;0;1;0.0;0.0005;;0;0;13
baseline_naive;stress_exploratory_then_useful;stress;3;Q3_useful_margin;True;c1;True;0;0;0;0.333333;0.0003;;0;0;13
baseline_measure_overlap;stress_exploratory_then_useful;stress;1;Q1_noise_region;False;;True;1;0;1;0.0;0.0159;;0;0;13
baseline_measure_overlap;stress_exploratory_then_useful;stress;2;Q2_noise_margin_all;False;;True;1;0;1;0.0;0.0054;;0;0;13
baseline_measure_overlap;stress_exploratory_then_useful;stress;3;Q3_useful_margin;True;c1;True;0;0;0;0.333333;0.0041;;0;0;13
ablation_no_sat;stress_exploratory_then_useful;stress;1;Q1_noise_region;False;;False;0;0;0;0.0;0.2357;False;0;0;13
ablation_no_sat;stress_exploratory_then_useful;stress;2;Q2_noise_margin_all;False;;False;0;0;0;0.0;0.1714;False;0;0;13
ablation_no_sat;stress_exploratory_then_useful;stress;3;Q3_useful_margin;True;c1;True;0;0;0;0.333333;0.2482;True;1;1;13
ablation_no_real;stress_exploratory_then_useful;stress;1;Q1_noise_region;False;;False;0;0;0;0.0;0.2029;False;0;0;13
ablation_no_real;stress_exploratory_then_useful;stress;2;Q2_noise_margin_all;False;;False;0;0;0;0.0;0.1472;False;0;0;13
ablation_no_real;stress_exploratory_then_useful;stress;3;Q3_useful_margin;True;c1;True;0;0;0;0.333333;0.2886;True;1;1;13
ablation_ceval_any_intersection;stress_exploratory_then_useful;stress;1;Q1_noise_region;False;;False;0;0;0;0.0;0.1967;False;0;0;13
ablation_ceval_any_intersection;stress_exploratory_then_useful;stress;2;Q2_noise_margin_all;False;;False;0;0;0;0.0;0.1418;False;0;0;13
ablation_ceval_any_intersection;stress_exploratory_then_useful;stress;3;Q3_useful_margin;True;c1;True;0;0;0;0.333333;0.2503;True;1;1;13
baseline_random_matched;stress_exploratory_then_useful;stress;1;Q1_noise_region;False;;False;0;0;0;0.0;0.0027;;0;0;13
baseline_random_matched;stress_exploratory_then_useful;stress;2;Q2_noise_margin_all;False;;True;1;0;1;0.0;0.0005;;0;0;13
baseline_random_matched;stress_exploratory_then_useful;stress;3;Q3_useful_margin;True;c1;True;0;0;0;0.333333;0.0005;;0;0;13
mcad;happy_guided_article_short;happy;1;Q1_margin_month;True;c1;True;0;0;0;0.333333;0.281;True;1;1;14
mcad;happy_guided_article_short;happy;2;Q2_stockout_store;True;c2;True;0;0;0;0.666667;0.245;True;1;1;14
mcad;happy_guided_article_short;happy;3;Q3_sales_growth;True;c3;True;0;0;0;1.0;0.3431;True;2;1;14
baseline_naive;happy_guided_article_short;happy;1;Q1_margin_month;True;c1;True;0;0;0;0.333333;0.0013;;0;0;14
baseline_naive;happy_guided_article_short;happy;2;Q2_stockout_store;True;c2;True;0;0;0;0.666667;0.0006;;0;0;14
baseline_naive;happy_guided_article_short;happy;3;Q3_sales_growth;True;c3;True;0;0;0;1.0;0.0005;;0;0;14
baseline_measure_overlap;happy_guided_article_short;happy;1;Q1_margin_month;True;c1;True;0;0;0;0.333333;0.0145;;0;0;14
baseline_measure_overlap;happy_guided_article_short;happy;2;Q2_stockout_store;True;c2;True;0;0;0;0.666667;0.0054;;0;0;14
baseline_measure_overlap;happy_guided_article_short;happy;3;Q3_sales_growth;True;c3;True;0;0;0;1.0;0.0043;;0;0;14
ablation_no_sat;happy_guided_article_short;happy;1;Q1_margin_month;True;c1;True;0;0;0;0.333333;0.2886;True;1;1;14
ablation_no_sat;happy_guided_article_short;happy;2;Q2_stockout_store;True;c2;True;0;0;0;0.666667;0.2441;True;1;1;14
ablation_no_sat;happy_guided_article_short;happy;3;Q3_sales_growth;True;c3;True;0;0;0;1.0;0.3279;True;2;1;14
ablation_no_real;happy_guided_article_short;happy;1;Q1_margin_month;True;c1;True;0;0;0;0.333333;0.286;True;1;1;14
ablation_no_real;happy_guided_article_short;happy;2;Q2_stockout_store;True;c2;True;0;0;0;0.666667;0.2592;True;1;1;14
ablation_no_real;happy_guided_article_short;happy;3;Q3_sales_growth;True;c3;True;0;0;0;1.0;0.3356;True;2;1;14
ablation_ceval_any_intersection;happy_guided_article_short;happy;1;Q1_margin_month;True;c1;True;0;0;0;0.333333;0.2731;True;1;1;14
ablation_ceval_any_intersection;happy_guided_article_short;happy;2;Q2_stockout_store;True;c2;True;0;0;0;0.666667;0.239;True;1;1;14
ablation_ceval_any_intersection;happy_guided_article_short;happy;3;Q3_sales_growth;True;c3;True;0;0;0;1.0;0.3299;True;2;1;14
baseline_random_matched;happy_guided_article_short;happy;1;Q1_margin_month;True;c1;True;0;0;0;0.333333;0.0031;;0;0;14
baseline_random_matched;happy_guided_article_short;happy;2;Q2_stockout_store;True;c2;False;0;1;0;0.333333;0.0007;;0;0;14
baseline_random_matched;happy_guided_article_short;happy;3;Q3_sales_growth;True;c3;False;0;1;0;0.333333;0.0004;;0;0;14
mcad;happy_guided_reordered;happy;1;Q1_sales_growth;True;c3;True;0;0;0;0.333333;0.5754;True;2;1;14
mcad;happy_guided_reordered;happy;2;Q2_margin_month;True;c1;True;0;0;0;0.666667;0.4447;True;1;1;14
mcad;happy_guided_reordered;happy;3;Q3_stockout_store;True;c2;True;0;0;0;1.0;0.4329;True;1;1;14
baseline_naive;happy_guided_reordered;happy;1;Q1_sales_growth;True;c3;True;0;0;0;0.333333;0.0012;;0;0;14
baseline_naive;happy_guided_reordered;happy;2;Q2_margin_month;True;c1;True;0;0;0;0.666667;0.0007;;0;0;14
baseline_naive;happy_guided_reordered;happy;3;Q3_stockout_store;True;c2;True;0;0;0;1.0;0.0006;;0;0;14
baseline_measure_overlap;happy_guided_reordered;happy;1;Q1_sales_growth;True;c3;True;0;0;0;0.333333;0.0153;;0;0;14
baseline_measure_overlap;happy_guided_reordered;happy;2;Q2_margin_month;True;c1;True;0;0;0;0.666667;0.0057;;0;0;14
baseline_measure_overlap;happy_guided_reordered;happy;3;Q3_stockout_store;True;c2;True;0;0;0;1.0;0.0047;;0;0;14
ablation_no_sat;happy_guided_reordered;happy;1;Q1_sales_growth;True;c3;True;0;0;0;0.333333;0.383;True;2;1;14
ablation_no_sat;happy_guided_reordered;happy;2;Q2_margin_month;True;c1;True;0;0;0;0.666667;0.2555;True;1;1;14
ablation_no_sat;happy_guided_reordered;happy;3;Q3_stockout_store;True;c2;True;0;0;0;1.0;0.2452;True;1;1;14
ablation_no_real;happy_guided_reordered;happy;1;Q1_sales_growth;True;c3;True;0;0;0;0.333333;0.3802;True;2;1;14
ablation_no_real;happy_guided_reordered;happy;2;Q2_margin_month;True;c1;True;0;0;0;0.666667;0.2629;True;1;1;14
ablation_no_real;happy_guided_reordered;happy;3;Q3_stockout_store;True;c2;True;0;0;0;1.0;0.2492;True;1;1;14
ablation_ceval_any_intersection;happy_guided_reordered;happy;1;Q1_sales_growth;True;c3;True;0;0;0;0.333333;0.3687;True;2;1;14
ablation_ceval_any_intersection;happy_guided_reordered;happy;2;Q2_margin_month;True;c1;True;0;0;0;0.666667;0.2453;True;1;1;14
ablation_ceval_any_intersection;happy_guided_reordered;happy;3;Q3_stockout_store;True;c2;True;0;0;0;1.0;0.2434;True;1;1;14
baseline_random_matched;happy_guided_reordered;happy;1;Q1_sales_growth;True;c3;True;0;0;0;0.333333;0.0032;;0;0;14
baseline_random_matched;happy_guided_reordered;happy;2;Q2_margin_month;True;c1;True;0;0;0;0.666667;0.0006;;0;0;14
baseline_random_matched;happy_guided_reordered;happy;3;Q3_stockout_store;True;c2;True;0;0;0;1.0;0.0005;;0;0;14
mcad;happy_guided_compact;happy;1;Q1_margin_month;True;c1;True;0;0;0;0.333333;0.4866;True;1;1;14
mcad;happy_guided_compact;happy;2;Q2_sales_growth;True;c3;True;0;0;0;0.666667;0.5836;True;2;1;14
mcad;happy_guided_compact;happy;3;Q3_stockout_store;True;c2;True;0;0;0;1.0;0.3152;True;1;1;14
baseline_naive;happy_guided_compact;happy;1;Q1_margin_month;True;c1;True;0;0;0;0.333333;0.0014;;0;0;14
baseline_naive;happy_guided_compact;happy;2;Q2_sales_growth;True;c3;True;0;0;0;0.666667;0.0007;;0;0;14
baseline_naive;happy_guided_compact;happy;3;Q3_stockout_store;True;c2;True;0;0;0;1.0;0.0006;;0;0;14
baseline_measure_overlap;happy_guided_compact;happy;1;Q1_margin_month;True;c1;True;0;0;0;0.333333;0.0151;;0;0;14
baseline_measure_overlap;happy_guided_compact;happy;2;Q2_sales_growth;True;c3;True;0;0;0;0.666667;0.0051;;0;0;14
baseline_measure_overlap;happy_guided_compact;happy;3;Q3_stockout_store;True;c2;True;0;0;0;1.0;0.0042;;0;0;14
ablation_no_sat;happy_guided_compact;happy;1;Q1_margin_month;True;c1;True;0;0;0;0.333333;0.2875;True;1;1;14
ablation_no_sat;happy_guided_compact;happy;2;Q2_sales_growth;True;c3;True;0;0;0;0.666667;0.3485;True;2;1;14
ablation_no_sat;happy_guided_compact;happy;3;Q3_stockout_store;True;c2;True;0;0;0;1.0;0.2421;True;1;1;14
ablation_no_real;happy_guided_compact;happy;1;Q1_margin_month;True;c1;True;0;0;0;0.333333;0.2925;True;1;1;14
ablation_no_real;happy_guided_compact;happy;2;Q2_sales_growth;True;c3;True;0;0;0;0.666667;0.343;True;2;1;14
ablation_no_real;happy_guided_compact;happy;3;Q3_stockout_store;True;c2;True;0;0;0;1.0;0.2611;True;1;1;14
ablation_ceval_any_intersection;happy_guided_compact;happy;1;Q1_margin_month;True;c1;True;0;0;0;0.333333;0.2908;True;1;1;14
ablation_ceval_any_intersection;happy_guided_compact;happy;2;Q2_sales_growth;True;c3;True;0;0;0;0.666667;0.3356;True;2;1;14
ablation_ceval_any_intersection;happy_guided_compact;happy;3;Q3_stockout_store;True;c2;True;0;0;0;1.0;0.2411;True;1;1;14
baseline_random_matched;happy_guided_compact;happy;1;Q1_margin_month;True;c1;True;0;0;0;0.333333;0.0029;;0;0;14
baseline_random_matched;happy_guided_compact;happy;2;Q2_sales_growth;True;c3;True;0;0;0;0.666667;0.0006;;0;0;14
baseline_random_matched;happy_guided_compact;happy;3;Q3_stockout_store;True;c2;True;0;0;0;1.0;0.0005;;0;0;14
mcad;border_growth_partial_1998_only;border;1;Q1_sales_1998_only;False;;False;0;0;0;0.0;0.3446;True;1;0;14
baseline_naive;border_growth_partial_1998_only;border;1;Q1_sales_1998_only;False;;True;1;0;1;0.0;0.0016;;0;0;14
baseline_measure_overlap;border_growth_partial_1998_only;border;1;Q1_sales_1998_only;False;;True;1;0;1;0.0;0.0195;;0;0;14
ablation_no_sat;border_growth_partial_1998_only;border;1;Q1_sales_1998_only;False;;False;0;0;0;0.0;0.354;True;1;0;14
ablation_no_real;border_growth_partial_1998_only;border;1;Q1_sales_1998_only;False;;True;1;0;1;0.0;0.3632;True;1;0;14
ablation_ceval_any_intersection;border_growth_partial_1998_only;border;1;Q1_sales_1998_only;False;;True;1;0;1;0.0;0.3446;True;1;1;14
baseline_random_matched;border_growth_partial_1998_only;border;1;Q1_sales_1998_only;False;;False;0;0;0;0.0;0.003;;0;0;14
mcad;border_margin_wrong_grain;border;1;Q1_margin_quarter_only;False;;False;0;0;0;0.0;0.2078;False;0;0;14
baseline_naive;border_margin_wrong_grain;border;1;Q1_margin_quarter_only;False;;True;1;0;1;0.0;0.0012;;0;0;14
baseline_measure_overlap;border_margin_wrong_grain;border;1;Q1_margin_quarter_only;False;;True;1;0;1;0.0;0.0139;;0;0;14
ablation_no_sat;border_margin_wrong_grain;border;1;Q1_margin_quarter_only;False;;False;0;0;0;0.0;0.2617;False;0;0;14
ablation_no_real;border_margin_wrong_grain;border;1;Q1_margin_quarter_only;False;;False;0;0;0;0.0;0.2051;False;0;0;14
ablation_ceval_any_intersection;border_margin_wrong_grain;border;1;Q1_margin_quarter_only;False;;False;0;0;0;0.0;0.3152;False;0;0;14
baseline_random_matched;border_margin_wrong_grain;border;1;Q1_margin_quarter_only;False;;False;0;0;0;0.0;0.0037;;0;0;14
mcad;border_stockout_missing_store;border;1;Q1_stockout_category_only;False;;False;0;0;0;0.0;0.3898;False;0;0;14
baseline_naive;border_stockout_missing_store;border;1;Q1_stockout_category_only;False;;True;1;0;1;0.0;0.0018;;0;0;14
baseline_measure_overlap;border_stockout_missing_store;border;1;Q1_stockout_category_only;False;;True;1;0;1;0.0;0.0228;;0;0;14
ablation_no_sat;border_stockout_missing_store;border;1;Q1_stockout_category_only;False;;False;0;0;0;0.0;0.4418;False;0;0;14
ablation_no_real;border_stockout_missing_store;border;1;Q1_stockout_category_only;False;;False;0;0;0;0.0;0.2057;False;0;0;14
ablation_ceval_any_intersection;border_stockout_missing_store;border;1;Q1_stockout_category_only;False;;False;0;0;0;0.0;0.2174;False;0;0;14
baseline_random_matched;border_stockout_missing_store;border;1;Q1_stockout_category_only;False;;True;1;0;1;0.0;0.0034;;0;0;14
mcad;adversarial_wrong_region;adversarial;1;Q1_margin_south;False;;False;0;0;0;0.0;0.1697;False;0;0;14
baseline_naive;adversarial_wrong_region;adversarial;1;Q1_margin_south;False;;True;1;0;1;0.0;0.0009;;0;0;14
baseline_measure_overlap;adversarial_wrong_region;adversarial;1;Q1_margin_south;False;;True;1;0;1;0.0;0.022;;0;0;14
ablation_no_sat;adversarial_wrong_region;adversarial;1;Q1_margin_south;False;;False;0;0;0;0.0;0.2064;False;0;0;14
ablation_no_real;adversarial_wrong_region;adversarial;1;Q1_margin_south;False;;False;0;0;0;0.0;0.177;False;0;0;14
ablation_ceval_any_intersection;adversarial_wrong_region;adversarial;1;Q1_margin_south;False;;False;0;0;0;0.0;0.2935;False;0;0;14
baseline_random_matched;adversarial_wrong_region;adversarial;1;Q1_margin_south;False;;True;1;0;1;0.0;0.0036;;0;0;14
mcad;adversarial_wrong_year;adversarial;1;Q1_stockout_1997;False;;False;0;0;0;0.0;0.1661;False;0;0;14
baseline_naive;adversarial_wrong_year;adversarial;1;Q1_stockout_1997;False;;True;1;0;1;0.0;0.001;;0;0;14
baseline_measure_overlap;adversarial_wrong_year;adversarial;1;Q1_stockout_1997;False;;True;1;0;1;0.0;0.0134;;0;0;14
ablation_no_sat;adversarial_wrong_year;adversarial;1;Q1_stockout_1997;False;;False;0;0;0;0.0;0.1885;False;0;0;14
ablation_no_real;adversarial_wrong_year;adversarial;1;Q1_stockout_1997;False;;False;0;0;0;0.0;0.169;False;0;0;14
ablation_ceval_any_intersection;adversarial_wrong_year;adversarial;1;Q1_stockout_1997;False;;False;0;0;0;0.0;0.1642;False;0;0;14
baseline_random_matched;adversarial_wrong_year;adversarial;1;Q1_stockout_1997;False;;False;0;0;0;0.0;0.0035;;0;0;14
mcad;adversarial_invalid_no_measures;adversarial;1;Q1_invalid_no_measure;False;;False;0;0;0;0.0;0.0737;False;0;0;14
baseline_naive;adversarial_invalid_no_measures;adversarial;1;Q1_invalid_no_measure;False;;True;1;0;1;0.0;0.0009;;0;0;14
baseline_measure_overlap;adversarial_invalid_no_measures;adversarial;1;Q1_invalid_no_measure;False;;False;0;0;0;0.0;0.0128;;0;0;14
ablation_no_sat;adversarial_invalid_no_measures;adversarial;1;Q1_invalid_no_measure;False;;False;0;0;0;0.0;0.087;False;0;0;14
ablation_no_real;adversarial_invalid_no_measures;adversarial;1;Q1_invalid_no_measure;False;;False;0;0;0;0.0;0.0773;False;0;0;14
ablation_ceval_any_intersection;adversarial_invalid_no_measures;adversarial;1;Q1_invalid_no_measure;False;;False;0;0;0;0.0;0.0703;False;0;0;14
baseline_random_matched;adversarial_invalid_no_measures;adversarial;1;Q1_invalid_no_measure;False;;False;0;0;0;0.0;0.0028;;0;0;14
mcad;stress_exploratory_then_useful;stress;1;Q1_noise_region;False;;False;0;0;0;0.0;0.2053;False;0;0;14
mcad;stress_exploratory_then_useful;stress;2;Q2_noise_margin_all;False;;False;0;0;0;0.0;0.1443;False;0;0;14
mcad;stress_exploratory_then_useful;stress;3;Q3_useful_margin;True;c1;True;0;0;0;0.333333;0.2495;True;1;1;14
baseline_naive;stress_exploratory_then_useful;stress;1;Q1_noise_region;False;;True;1;0;1;0.0;0.0009;;0;0;14
baseline_naive;stress_exploratory_then_useful;stress;2;Q2_noise_margin_all;False;;True;1;0;1;0.0;0.0004;;0;0;14
baseline_naive;stress_exploratory_then_useful;stress;3;Q3_useful_margin;True;c1;True;0;0;0;0.333333;0.0003;;0;0;14
baseline_measure_overlap;stress_exploratory_then_useful;stress;1;Q1_noise_region;False;;True;1;0;1;0.0;0.0141;;0;0;14
baseline_measure_overlap;stress_exploratory_then_useful;stress;2;Q2_noise_margin_all;False;;True;1;0;1;0.0;0.0054;;0;0;14
baseline_measure_overlap;stress_exploratory_then_useful;stress;3;Q3_useful_margin;True;c1;True;0;0;0;0.333333;0.0043;;0;0;14
ablation_no_sat;stress_exploratory_then_useful;stress;1;Q1_noise_region;False;;False;0;0;0;0.0;0.2413;False;0;0;14
ablation_no_sat;stress_exploratory_then_useful;stress;2;Q2_noise_margin_all;False;;False;0;0;0;0.0;0.173;False;0;0;14
ablation_no_sat;stress_exploratory_then_useful;stress;3;Q3_useful_margin;True;c1;True;0;0;0;0.333333;0.2485;True;1;1;14
ablation_no_real;stress_exploratory_then_useful;stress;1;Q1_noise_region;False;;False;0;0;0;0.0;0.2025;False;0;0;14
ablation_no_real;stress_exploratory_then_useful;stress;2;Q2_noise_margin_all;False;;False;0;0;0;0.0;0.1578;False;0;0;14
ablation_no_real;stress_exploratory_then_useful;stress;3;Q3_useful_margin;True;c1;True;0;0;0;0.333333;0.2521;True;1;1;14
ablation_ceval_any_intersection;stress_exploratory_then_useful;stress;1;Q1_noise_region;False;;False;0;0;0;0.0;0.1974;False;0;0;14
ablation_ceval_any_intersection;stress_exploratory_then_useful;stress;2;Q2_noise_margin_all;False;;False;0;0;0;0.0;0.1437;False;0;0;14
ablation_ceval_any_intersection;stress_exploratory_then_useful;stress;3;Q3_useful_margin;True;c1;True;0;0;0;0.333333;0.2444;True;1;1;14
baseline_random_matched;stress_exploratory_then_useful;stress;1;Q1_noise_region;False;;False;0;0;0;0.0;0.0036;;0;0;14
baseline_random_matched;stress_exploratory_then_useful;stress;2;Q2_noise_margin_all;False;;True;1;0;1;0.0;0.001;;0;0;14
baseline_random_matched;stress_exploratory_then_useful;stress;3;Q3_useful_margin;True;c1;True;0;0;0;0.333333;0.0008;;0;0;14
mcad;happy_guided_article_short;happy;1;Q1_margin_month;True;c1;True;0;0;0;0.333333;0.4223;True;1;1;15
mcad;happy_guided_article_short;happy;2;Q2_stockout_store;True;c2;True;0;0;0;0.666667;0.2456;True;1;1;15
mcad;happy_guided_article_short;happy;3;Q3_sales_growth;True;c3;True;0;0;0;1.0;0.3309;True;2;1;15
baseline_naive;happy_guided_article_short;happy;1;Q1_margin_month;True;c1;True;0;0;0;0.333333;0.001;;0;0;15
baseline_naive;happy_guided_article_short;happy;2;Q2_stockout_store;True;c2;True;0;0;0;0.666667;0.0004;;0;0;15
baseline_naive;happy_guided_article_short;happy;3;Q3_sales_growth;True;c3;True;0;0;0;1.0;0.0003;;0;0;15
baseline_measure_overlap;happy_guided_article_short;happy;1;Q1_margin_month;True;c1;True;0;0;0;0.333333;0.013;;0;0;15
baseline_measure_overlap;happy_guided_article_short;happy;2;Q2_stockout_store;True;c2;True;0;0;0;0.666667;0.0052;;0;0;15
baseline_measure_overlap;happy_guided_article_short;happy;3;Q3_sales_growth;True;c3;True;0;0;0;1.0;0.0043;;0;0;15
ablation_no_sat;happy_guided_article_short;happy;1;Q1_margin_month;True;c1;True;0;0;0;0.333333;0.2781;True;1;1;15
ablation_no_sat;happy_guided_article_short;happy;2;Q2_stockout_store;True;c2;True;0;0;0;0.666667;0.2432;True;1;1;15
ablation_no_sat;happy_guided_article_short;happy;3;Q3_sales_growth;True;c3;True;0;0;0;1.0;0.337;True;2;1;15
ablation_no_real;happy_guided_article_short;happy;1;Q1_margin_month;True;c1;True;0;0;0;0.333333;0.4928;True;1;1;15
ablation_no_real;happy_guided_article_short;happy;2;Q2_stockout_store;True;c2;True;0;0;0;0.666667;0.3629;True;1;1;15
ablation_no_real;happy_guided_article_short;happy;3;Q3_sales_growth;True;c3;True;0;0;0;1.0;0.6636;True;2;1;15
ablation_ceval_any_intersection;happy_guided_article_short;happy;1;Q1_margin_month;True;c1;True;0;0;0;0.333333;0.4896;True;1;1;15
ablation_ceval_any_intersection;happy_guided_article_short;happy;2;Q2_stockout_store;True;c2;True;0;0;0;0.666667;0.4223;True;1;1;15
ablation_ceval_any_intersection;happy_guided_article_short;happy;3;Q3_sales_growth;True;c3;True;0;0;0;1.0;0.8938;True;2;1;15
baseline_random_matched;happy_guided_article_short;happy;1;Q1_margin_month;True;c1;True;0;0;0;0.333333;0.004;;0;0;15
baseline_random_matched;happy_guided_article_short;happy;2;Q2_stockout_store;True;c2;True;0;0;0;0.666667;0.0011;;0;0;15
baseline_random_matched;happy_guided_article_short;happy;3;Q3_sales_growth;True;c3;True;0;0;0;1.0;0.0008;;0;0;15
mcad;happy_guided_reordered;happy;1;Q1_sales_growth;True;c3;True;0;0;0;0.333333;0.3997;True;2;1;15
mcad;happy_guided_reordered;happy;2;Q2_margin_month;True;c1;True;0;0;0;0.666667;0.2517;True;1;1;15
mcad;happy_guided_reordered;happy;3;Q3_stockout_store;True;c2;True;0;0;0;1.0;0.242;True;1;1;15
baseline_naive;happy_guided_reordered;happy;1;Q1_sales_growth;True;c3;True;0;0;0;0.333333;0.0009;;0;0;15
baseline_naive;happy_guided_reordered;happy;2;Q2_margin_month;True;c1;True;0;0;0;0.666667;0.0005;;0;0;15
baseline_naive;happy_guided_reordered;happy;3;Q3_stockout_store;True;c2;True;0;0;0;1.0;0.0003;;0;0;15
baseline_measure_overlap;happy_guided_reordered;happy;1;Q1_sales_growth;True;c3;True;0;0;0;0.333333;0.0159;;0;0;15
baseline_measure_overlap;happy_guided_reordered;happy;2;Q2_margin_month;True;c1;True;0;0;0;0.666667;0.0051;;0;0;15
baseline_measure_overlap;happy_guided_reordered;happy;3;Q3_stockout_store;True;c2;True;0;0;0;1.0;0.0044;;0;0;15
ablation_no_sat;happy_guided_reordered;happy;1;Q1_sales_growth;True;c3;True;0;0;0;0.333333;0.3748;True;2;1;15
ablation_no_sat;happy_guided_reordered;happy;2;Q2_margin_month;True;c1;True;0;0;0;0.666667;0.2736;True;1;1;15
ablation_no_sat;happy_guided_reordered;happy;3;Q3_stockout_store;True;c2;True;0;0;0;1.0;0.2399;True;1;1;15
ablation_no_real;happy_guided_reordered;happy;1;Q1_sales_growth;True;c3;True;0;0;0;0.333333;0.6663;True;2;1;15
ablation_no_real;happy_guided_reordered;happy;2;Q2_margin_month;True;c1;True;0;0;0;0.666667;1.3633;True;1;1;15
ablation_no_real;happy_guided_reordered;happy;3;Q3_stockout_store;True;c2;True;0;0;0;1.0;0.4682;True;1;1;15
ablation_ceval_any_intersection;happy_guided_reordered;happy;1;Q1_sales_growth;True;c3;True;0;0;0;0.333333;0.6314;True;2;1;15
ablation_ceval_any_intersection;happy_guided_reordered;happy;2;Q2_margin_month;True;c1;True;0;0;0;0.666667;0.486;True;1;1;15
ablation_ceval_any_intersection;happy_guided_reordered;happy;3;Q3_stockout_store;True;c2;True;0;0;0;1.0;0.5634;True;1;1;15
baseline_random_matched;happy_guided_reordered;happy;1;Q1_sales_growth;True;c3;False;0;1;0;0.0;0.0044;;0;0;15
baseline_random_matched;happy_guided_reordered;happy;2;Q2_margin_month;True;c1;False;0;1;0;0.0;0.0009;;0;0;15
baseline_random_matched;happy_guided_reordered;happy;3;Q3_stockout_store;True;c2;False;0;1;0;0.0;0.0008;;0;0;15
mcad;happy_guided_compact;happy;1;Q1_margin_month;True;c1;True;0;0;0;0.333333;0.3126;True;1;1;15
mcad;happy_guided_compact;happy;2;Q2_sales_growth;True;c3;True;0;0;0;0.666667;0.3343;True;2;1;15
mcad;happy_guided_compact;happy;3;Q3_stockout_store;True;c2;True;0;0;0;1.0;0.2451;True;1;1;15
baseline_naive;happy_guided_compact;happy;1;Q1_margin_month;True;c1;True;0;0;0;0.333333;0.001;;0;0;15
baseline_naive;happy_guided_compact;happy;2;Q2_sales_growth;True;c3;True;0;0;0;0.666667;0.0004;;0;0;15
baseline_naive;happy_guided_compact;happy;3;Q3_stockout_store;True;c2;True;0;0;0;1.0;0.0004;;0;0;15
baseline_measure_overlap;happy_guided_compact;happy;1;Q1_margin_month;True;c1;True;0;0;0;0.333333;0.0171;;0;0;15
baseline_measure_overlap;happy_guided_compact;happy;2;Q2_sales_growth;True;c3;True;0;0;0;0.666667;0.0051;;0;0;15
baseline_measure_overlap;happy_guided_compact;happy;3;Q3_stockout_store;True;c2;True;0;0;0;1.0;0.0043;;0;0;15
ablation_no_sat;happy_guided_compact;happy;1;Q1_margin_month;True;c1;True;0;0;0;0.333333;0.2888;True;1;1;15
ablation_no_sat;happy_guided_compact;happy;2;Q2_sales_growth;True;c3;True;0;0;0;0.666667;0.3343;True;2;1;15
ablation_no_sat;happy_guided_compact;happy;3;Q3_stockout_store;True;c2;True;0;0;0;1.0;0.2595;True;1;1;15
ablation_no_real;happy_guided_compact;happy;1;Q1_margin_month;True;c1;True;0;0;0;0.333333;0.3041;True;1;1;15
ablation_no_real;happy_guided_compact;happy;2;Q2_sales_growth;True;c3;True;0;0;0;0.666667;0.3739;True;2;1;15
ablation_no_real;happy_guided_compact;happy;3;Q3_stockout_store;True;c2;True;0;0;0;1.0;0.2464;True;1;1;15
ablation_ceval_any_intersection;happy_guided_compact;happy;1;Q1_margin_month;True;c1;True;0;0;0;0.333333;0.2749;True;1;1;15
ablation_ceval_any_intersection;happy_guided_compact;happy;2;Q2_sales_growth;True;c3;True;0;0;0;0.666667;0.3268;True;2;1;15
ablation_ceval_any_intersection;happy_guided_compact;happy;3;Q3_stockout_store;True;c2;True;0;0;0;1.0;0.3297;True;1;1;15
baseline_random_matched;happy_guided_compact;happy;1;Q1_margin_month;True;c1;True;0;0;0;0.333333;0.0028;;0;0;15
baseline_random_matched;happy_guided_compact;happy;2;Q2_sales_growth;True;c3;False;0;1;0;0.333333;0.0006;;0;0;15
baseline_random_matched;happy_guided_compact;happy;3;Q3_stockout_store;True;c2;False;0;1;0;0.333333;0.0005;;0;0;15
mcad;border_growth_partial_1998_only;border;1;Q1_sales_1998_only;False;;False;0;0;0;0.0;0.3499;True;1;0;15
baseline_naive;border_growth_partial_1998_only;border;1;Q1_sales_1998_only;False;;True;1;0;1;0.0;0.001;;0;0;15
baseline_measure_overlap;border_growth_partial_1998_only;border;1;Q1_sales_1998_only;False;;True;1;0;1;0.0;0.013;;0;0;15
ablation_no_sat;border_growth_partial_1998_only;border;1;Q1_sales_1998_only;False;;False;0;0;0;0.0;0.6291;True;1;0;15
ablation_no_real;border_growth_partial_1998_only;border;1;Q1_sales_1998_only;False;;True;1;0;1;0.0;0.3467;True;1;0;15
ablation_ceval_any_intersection;border_growth_partial_1998_only;border;1;Q1_sales_1998_only;False;;True;1;0;1;0.0;0.3342;True;1;1;15
baseline_random_matched;border_growth_partial_1998_only;border;1;Q1_sales_1998_only;False;;False;0;0;0;0.0;0.0032;;0;0;15
mcad;border_margin_wrong_grain;border;1;Q1_margin_quarter_only;False;;False;0;0;0;0.0;0.1956;False;0;0;15
baseline_naive;border_margin_wrong_grain;border;1;Q1_margin_quarter_only;False;;True;1;0;1;0.0;0.0013;;0;0;15
baseline_measure_overlap;border_margin_wrong_grain;border;1;Q1_margin_quarter_only;False;;True;1;0;1;0.0;0.0194;;0;0;15
ablation_no_sat;border_margin_wrong_grain;border;1;Q1_margin_quarter_only;False;;False;0;0;0;0.0;0.2818;False;0;0;15
ablation_no_real;border_margin_wrong_grain;border;1;Q1_margin_quarter_only;False;;False;0;0;0;0.0;0.2479;False;0;0;15
ablation_ceval_any_intersection;border_margin_wrong_grain;border;1;Q1_margin_quarter_only;False;;False;0;0;0;0.0;0.1993;False;0;0;15
baseline_random_matched;border_margin_wrong_grain;border;1;Q1_margin_quarter_only;False;;False;0;0;0;0.0;0.003;;0;0;15
mcad;border_stockout_missing_store;border;1;Q1_stockout_category_only;False;;False;0;0;0;0.0;0.2264;False;0;0;15
baseline_naive;border_stockout_missing_store;border;1;Q1_stockout_category_only;False;;True;1;0;1;0.0;0.0009;;0;0;15
baseline_measure_overlap;border_stockout_missing_store;border;1;Q1_stockout_category_only;False;;True;1;0;1;0.0;0.015;;0;0;15
ablation_no_sat;border_stockout_missing_store;border;1;Q1_stockout_category_only;False;;False;0;0;0;0.0;0.3716;False;0;0;15
ablation_no_real;border_stockout_missing_store;border;1;Q1_stockout_category_only;False;;False;0;0;0;0.0;0.2021;False;0;0;15
ablation_ceval_any_intersection;border_stockout_missing_store;border;1;Q1_stockout_category_only;False;;False;0;0;0;0.0;0.3392;False;0;0;15
baseline_random_matched;border_stockout_missing_store;border;1;Q1_stockout_category_only;False;;False;0;0;0;0.0;0.0038;;0;0;15
mcad;adversarial_wrong_region;adversarial;1;Q1_margin_south;False;;False;0;0;0;0.0;0.2978;False;0;0;15
baseline_naive;adversarial_wrong_region;adversarial;1;Q1_margin_south;False;;True;1;0;1;0.0;0.0012;;0;0;15
baseline_measure_overlap;adversarial_wrong_region;adversarial;1;Q1_margin_south;False;;True;1;0;1;0.0;0.0145;;0;0;15
ablation_no_sat;adversarial_wrong_region;adversarial;1;Q1_margin_south;False;;False;0;0;0;0.0;0.2087;False;0;0;15
ablation_no_real;adversarial_wrong_region;adversarial;1;Q1_margin_south;False;;False;0;0;0;0.0;0.1772;False;0;0;15
ablation_ceval_any_intersection;adversarial_wrong_region;adversarial;1;Q1_margin_south;False;;False;0;0;0;0.0;0.167;False;0;0;15
baseline_random_matched;adversarial_wrong_region;adversarial;1;Q1_margin_south;False;;True;1;0;1;0.0;0.003;;0;0;15
mcad;adversarial_wrong_year;adversarial;1;Q1_stockout_1997;False;;False;0;0;0;0.0;0.2629;False;0;0;15
baseline_naive;adversarial_wrong_year;adversarial;1;Q1_stockout_1997;False;;True;1;0;1;0.0;0.0009;;0;0;15
baseline_measure_overlap;adversarial_wrong_year;adversarial;1;Q1_stockout_1997;False;;True;1;0;1;0.0;0.0133;;0;0;15
ablation_no_sat;adversarial_wrong_year;adversarial;1;Q1_stockout_1997;False;;False;0;0;0;0.0;0.1913;False;0;0;15
ablation_no_real;adversarial_wrong_year;adversarial;1;Q1_stockout_1997;False;;False;0;0;0;0.0;0.1732;False;0;0;15
ablation_ceval_any_intersection;adversarial_wrong_year;adversarial;1;Q1_stockout_1997;False;;False;0;0;0;0.0;0.1642;False;0;0;15
baseline_random_matched;adversarial_wrong_year;adversarial;1;Q1_stockout_1997;False;;True;1;0;1;0.0;0.0032;;0;0;15
mcad;adversarial_invalid_no_measures;adversarial;1;Q1_invalid_no_measure;False;;False;0;0;0;0.0;0.1086;False;0;0;15
baseline_naive;adversarial_invalid_no_measures;adversarial;1;Q1_invalid_no_measure;False;;True;1;0;1;0.0;0.001;;0;0;15
baseline_measure_overlap;adversarial_invalid_no_measures;adversarial;1;Q1_invalid_no_measure;False;;False;0;0;0;0.0;0.0133;;0;0;15
ablation_no_sat;adversarial_invalid_no_measures;adversarial;1;Q1_invalid_no_measure;False;;False;0;0;0;0.0;0.099;False;0;0;15
ablation_no_real;adversarial_invalid_no_measures;adversarial;1;Q1_invalid_no_measure;False;;False;0;0;0;0.0;0.0788;False;0;0;15
ablation_ceval_any_intersection;adversarial_invalid_no_measures;adversarial;1;Q1_invalid_no_measure;False;;False;0;0;0;0.0;0.0694;False;0;0;15
baseline_random_matched;adversarial_invalid_no_measures;adversarial;1;Q1_invalid_no_measure;False;;True;1;0;1;0.0;0.0032;;0;0;15
mcad;stress_exploratory_then_useful;stress;1;Q1_noise_region;False;;False;0;0;0;0.0;0.1976;False;0;0;15
mcad;stress_exploratory_then_useful;stress;2;Q2_noise_margin_all;False;;False;0;0;0;0.0;0.1427;False;0;0;15
mcad;stress_exploratory_then_useful;stress;3;Q3_useful_margin;True;c1;True;0;0;0;0.333333;0.2476;True;1;1;15
baseline_naive;stress_exploratory_then_useful;stress;1;Q1_noise_region;False;;True;1;0;1;0.0;0.0012;;0;0;15
baseline_naive;stress_exploratory_then_useful;stress;2;Q2_noise_margin_all;False;;True;1;0;1;0.0;0.0007;;0;0;15
baseline_naive;stress_exploratory_then_useful;stress;3;Q3_useful_margin;True;c1;True;0;0;0;0.333333;0.0005;;0;0;15
baseline_measure_overlap;stress_exploratory_then_useful;stress;1;Q1_noise_region;False;;True;1;0;1;0.0;0.0131;;0;0;15
baseline_measure_overlap;stress_exploratory_then_useful;stress;2;Q2_noise_margin_all;False;;True;1;0;1;0.0;0.0059;;0;0;15
baseline_measure_overlap;stress_exploratory_then_useful;stress;3;Q3_useful_margin;True;c1;True;0;0;0;0.333333;0.0043;;0;0;15
ablation_no_sat;stress_exploratory_then_useful;stress;1;Q1_noise_region;False;;False;0;0;0;0.0;0.2315;False;0;0;15
ablation_no_sat;stress_exploratory_then_useful;stress;2;Q2_noise_margin_all;False;;False;0;0;0;0.0;0.1793;False;0;0;15
ablation_no_sat;stress_exploratory_then_useful;stress;3;Q3_useful_margin;True;c1;True;0;0;0;0.333333;0.2463;True;1;1;15
ablation_no_real;stress_exploratory_then_useful;stress;1;Q1_noise_region;False;;False;0;0;0;0.0;0.2008;False;0;0;15
ablation_no_real;stress_exploratory_then_useful;stress;2;Q2_noise_margin_all;False;;False;0;0;0;0.0;0.1458;False;0;0;15
ablation_no_real;stress_exploratory_then_useful;stress;3;Q3_useful_margin;True;c1;True;0;0;0;0.333333;0.25;True;1;1;15
ablation_ceval_any_intersection;stress_exploratory_then_useful;stress;1;Q1_noise_region;False;;False;0;0;0;0.0;0.1935;False;0;0;15
ablation_ceval_any_intersection;stress_exploratory_then_useful;stress;2;Q2_noise_margin_all;False;;False;0;0;0;0.0;0.1404;False;0;0;15
ablation_ceval_any_intersection;stress_exploratory_then_useful;stress;3;Q3_useful_margin;True;c1;True;0;0;0;0.333333;0.2529;True;1;1;15
baseline_random_matched;stress_exploratory_then_useful;stress;1;Q1_noise_region;False;;True;1;0;1;0.0;0.0028;;0;0;15
baseline_random_matched;stress_exploratory_then_useful;stress;2;Q2_noise_margin_all;False;;False;0;0;0;0.0;0.0007;;0;0;15
baseline_random_matched;stress_exploratory_then_useful;stress;3;Q3_useful_margin;True;c1;False;0;1;0;0.0;0.0005;;0;0;15
mcad;happy_guided_article_short;happy;1;Q1_margin_month;True;c1;True;0;0;0;0.333333;0.281;True;1;1;16
mcad;happy_guided_article_short;happy;2;Q2_stockout_store;True;c2;True;0;0;0;0.666667;0.2465;True;1;1;16
mcad;happy_guided_article_short;happy;3;Q3_sales_growth;True;c3;True;0;0;0;1.0;0.3294;True;2;1;16
baseline_naive;happy_guided_article_short;happy;1;Q1_margin_month;True;c1;True;0;0;0;0.333333;0.0014;;0;0;16
baseline_naive;happy_guided_article_short;happy;2;Q2_stockout_store;True;c2;True;0;0;0;0.666667;0.0008;;0;0;16
baseline_naive;happy_guided_article_short;happy;3;Q3_sales_growth;True;c3;True;0;0;0;1.0;0.0006;;0;0;16
baseline_measure_overlap;happy_guided_article_short;happy;1;Q1_margin_month;True;c1;True;0;0;0;0.333333;0.0155;;0;0;16
baseline_measure_overlap;happy_guided_article_short;happy;2;Q2_stockout_store;True;c2;True;0;0;0;0.666667;0.0055;;0;0;16
baseline_measure_overlap;happy_guided_article_short;happy;3;Q3_sales_growth;True;c3;True;0;0;0;1.0;0.0043;;0;0;16
ablation_no_sat;happy_guided_article_short;happy;1;Q1_margin_month;True;c1;True;0;0;0;0.333333;0.2921;True;1;1;16
ablation_no_sat;happy_guided_article_short;happy;2;Q2_stockout_store;True;c2;True;0;0;0;0.666667;0.3302;True;1;1;16
ablation_no_sat;happy_guided_article_short;happy;3;Q3_sales_growth;True;c3;True;0;0;0;1.0;0.3367;True;2;1;16
ablation_no_real;happy_guided_article_short;happy;1;Q1_margin_month;True;c1;True;0;0;0;0.333333;0.3371;True;1;1;16
ablation_no_real;happy_guided_article_short;happy;2;Q2_stockout_store;True;c2;True;0;0;0;0.666667;0.2664;True;1;1;16
ablation_no_real;happy_guided_article_short;happy;3;Q3_sales_growth;True;c3;True;0;0;0;1.0;0.3393;True;2;1;16
ablation_ceval_any_intersection;happy_guided_article_short;happy;1;Q1_margin_month;True;c1;True;0;0;0;0.333333;0.2966;True;1;1;16
ablation_ceval_any_intersection;happy_guided_article_short;happy;2;Q2_stockout_store;True;c2;True;0;0;0;0.666667;0.2599;True;1;1;16
ablation_ceval_any_intersection;happy_guided_article_short;happy;3;Q3_sales_growth;True;c3;True;0;0;0;1.0;0.3347;True;2;1;16
baseline_random_matched;happy_guided_article_short;happy;1;Q1_margin_month;True;c1;True;0;0;0;0.333333;0.0031;;0;0;16
baseline_random_matched;happy_guided_article_short;happy;2;Q2_stockout_store;True;c2;True;0;0;0;0.666667;0.0007;;0;0;16
baseline_random_matched;happy_guided_article_short;happy;3;Q3_sales_growth;True;c3;False;0;1;0;0.666667;0.0005;;0;0;16
mcad;happy_guided_reordered;happy;1;Q1_sales_growth;True;c3;True;0;0;0;0.333333;0.3704;True;2;1;16
mcad;happy_guided_reordered;happy;2;Q2_margin_month;True;c1;True;0;0;0;0.666667;0.2625;True;1;1;16
mcad;happy_guided_reordered;happy;3;Q3_stockout_store;True;c2;True;0;0;0;1.0;0.2755;True;1;1;16
baseline_naive;happy_guided_reordered;happy;1;Q1_sales_growth;True;c3;True;0;0;0;0.333333;0.001;;0;0;16
baseline_naive;happy_guided_reordered;happy;2;Q2_margin_month;True;c1;True;0;0;0;0.666667;0.0005;;0;0;16
baseline_naive;happy_guided_reordered;happy;3;Q3_stockout_store;True;c2;True;0;0;0;1.0;0.0003;;0;0;16
baseline_measure_overlap;happy_guided_reordered;happy;1;Q1_sales_growth;True;c3;True;0;0;0;0.333333;0.0149;;0;0;16
baseline_measure_overlap;happy_guided_reordered;happy;2;Q2_margin_month;True;c1;True;0;0;0;0.666667;0.0053;;0;0;16
baseline_measure_overlap;happy_guided_reordered;happy;3;Q3_stockout_store;True;c2;True;0;0;0;1.0;0.0042;;0;0;16
ablation_no_sat;happy_guided_reordered;happy;1;Q1_sales_growth;True;c3;True;0;0;0;0.333333;0.3905;True;2;1;16
ablation_no_sat;happy_guided_reordered;happy;2;Q2_margin_month;True;c1;True;0;0;0;0.666667;0.2516;True;1;1;16
ablation_no_sat;happy_guided_reordered;happy;3;Q3_stockout_store;True;c2;True;0;0;0;1.0;0.243;True;1;1;16
ablation_no_real;happy_guided_reordered;happy;1;Q1_sales_growth;True;c3;True;0;0;0;0.333333;0.3857;True;2;1;16
ablation_no_real;happy_guided_reordered;happy;2;Q2_margin_month;True;c1;True;0;0;0;0.666667;0.2692;True;1;1;16
ablation_no_real;happy_guided_reordered;happy;3;Q3_stockout_store;True;c2;True;0;0;0;1.0;0.249;True;1;1;16
ablation_ceval_any_intersection;happy_guided_reordered;happy;1;Q1_sales_growth;True;c3;True;0;0;0;0.333333;0.3695;True;2;1;16
ablation_ceval_any_intersection;happy_guided_reordered;happy;2;Q2_margin_month;True;c1;True;0;0;0;0.666667;0.2607;True;1;1;16
ablation_ceval_any_intersection;happy_guided_reordered;happy;3;Q3_stockout_store;True;c2;True;0;0;0;1.0;0.2408;True;1;1;16
baseline_random_matched;happy_guided_reordered;happy;1;Q1_sales_growth;True;c3;True;0;0;0;0.333333;0.0033;;0;0;16
baseline_random_matched;happy_guided_reordered;happy;2;Q2_margin_month;True;c1;True;0;0;0;0.666667;0.0007;;0;0;16
baseline_random_matched;happy_guided_reordered;happy;3;Q3_stockout_store;True;c2;False;0;1;0;0.666667;0.0004;;0;0;16
mcad;happy_guided_compact;happy;1;Q1_margin_month;True;c1;True;0;0;0;0.333333;0.289;True;1;1;16
mcad;happy_guided_compact;happy;2;Q2_sales_growth;True;c3;True;0;0;0;0.666667;0.3393;True;2;1;16
mcad;happy_guided_compact;happy;3;Q3_stockout_store;True;c2;True;0;0;0;1.0;0.2712;True;1;1;16
baseline_naive;happy_guided_compact;happy;1;Q1_margin_month;True;c1;True;0;0;0;0.333333;0.0011;;0;0;16
baseline_naive;happy_guided_compact;happy;2;Q2_sales_growth;True;c3;True;0;0;0;0.666667;0.0004;;0;0;16
baseline_naive;happy_guided_compact;happy;3;Q3_stockout_store;True;c2;True;0;0;0;1.0;0.0003;;0;0;16
baseline_measure_overlap;happy_guided_compact;happy;1;Q1_margin_month;True;c1;True;0;0;0;0.333333;0.0199;;0;0;16
baseline_measure_overlap;happy_guided_compact;happy;2;Q2_sales_growth;True;c3;True;0;0;0;0.666667;0.0082;;0;0;16
baseline_measure_overlap;happy_guided_compact;happy;3;Q3_stockout_store;True;c2;True;0;0;0;1.0;0.0071;;0;0;16
ablation_no_sat;happy_guided_compact;happy;1;Q1_margin_month;True;c1;True;0;0;0;0.333333;0.2907;True;1;1;16
ablation_no_sat;happy_guided_compact;happy;2;Q2_sales_growth;True;c3;True;0;0;0;0.666667;0.3372;True;2;1;16
ablation_no_sat;happy_guided_compact;happy;3;Q3_stockout_store;True;c2;True;0;0;0;1.0;0.2514;True;1;1;16
ablation_no_real;happy_guided_compact;happy;1;Q1_margin_month;True;c1;True;0;0;0;0.333333;0.3055;True;1;1;16
ablation_no_real;happy_guided_compact;happy;2;Q2_sales_growth;True;c3;True;0;0;0;0.666667;0.3431;True;2;1;16
ablation_no_real;happy_guided_compact;happy;3;Q3_stockout_store;True;c2;True;0;0;0;1.0;0.2554;True;1;1;16
ablation_ceval_any_intersection;happy_guided_compact;happy;1;Q1_margin_month;True;c1;True;0;0;0;0.333333;0.2974;True;1;1;16
ablation_ceval_any_intersection;happy_guided_compact;happy;2;Q2_sales_growth;True;c3;True;0;0;0;0.666667;0.3496;True;2;1;16
ablation_ceval_any_intersection;happy_guided_compact;happy;3;Q3_stockout_store;True;c2;True;0;0;0;1.0;0.2412;True;1;1;16
baseline_random_matched;happy_guided_compact;happy;1;Q1_margin_month;True;c1;False;0;1;0;0.0;0.0035;;0;0;16
baseline_random_matched;happy_guided_compact;happy;2;Q2_sales_growth;True;c3;True;0;0;0;0.333333;0.0007;;0;0;16
baseline_random_matched;happy_guided_compact;happy;3;Q3_stockout_store;True;c2;False;0;1;0;0.333333;0.0005;;0;0;16
mcad;border_growth_partial_1998_only;border;1;Q1_sales_1998_only;False;;False;0;0;0;0.0;0.5474;True;1;0;16
baseline_naive;border_growth_partial_1998_only;border;1;Q1_sales_1998_only;False;;True;1;0;1;0.0;0.001;;0;0;16
baseline_measure_overlap;border_growth_partial_1998_only;border;1;Q1_sales_1998_only;False;;True;1;0;1;0.0;0.014;;0;0;16
ablation_no_sat;border_growth_partial_1998_only;border;1;Q1_sales_1998_only;False;;False;0;0;0;0.0;0.3474;True;1;0;16
ablation_no_real;border_growth_partial_1998_only;border;1;Q1_sales_1998_only;False;;True;1;0;1;0.0;0.3432;True;1;0;16
ablation_ceval_any_intersection;border_growth_partial_1998_only;border;1;Q1_sales_1998_only;False;;True;1;0;1;0.0;0.3334;True;1;1;16
baseline_random_matched;border_growth_partial_1998_only;border;1;Q1_sales_1998_only;False;;True;1;0;1;0.0;0.0024;;0;0;16
mcad;border_margin_wrong_grain;border;1;Q1_margin_quarter_only;False;;False;0;0;0;0.0;0.2226;False;0;0;16
baseline_naive;border_margin_wrong_grain;border;1;Q1_margin_quarter_only;False;;True;1;0;1;0.0;0.0012;;0;0;16
baseline_measure_overlap;border_margin_wrong_grain;border;1;Q1_margin_quarter_only;False;;True;1;0;1;0.0;0.0141;;0;0;16
ablation_no_sat;border_margin_wrong_grain;border;1;Q1_margin_quarter_only;False;;False;0;0;0;0.0;0.2582;False;0;0;16
ablation_no_real;border_margin_wrong_grain;border;1;Q1_margin_quarter_only;False;;False;0;0;0;0.0;0.2071;False;0;0;16
ablation_ceval_any_intersection;border_margin_wrong_grain;border;1;Q1_margin_quarter_only;False;;False;0;0;0;0.0;0.1962;False;0;0;16
baseline_random_matched;border_margin_wrong_grain;border;1;Q1_margin_quarter_only;False;;False;0;0;0;0.0;0.0025;;0;0;16
mcad;border_stockout_missing_store;border;1;Q1_stockout_category_only;False;;False;0;0;0;0.0;0.1978;False;0;0;16
baseline_naive;border_stockout_missing_store;border;1;Q1_stockout_category_only;False;;True;1;0;1;0.0;0.0012;;0;0;16
baseline_measure_overlap;border_stockout_missing_store;border;1;Q1_stockout_category_only;False;;True;1;0;1;0.0;0.0147;;0;0;16
ablation_no_sat;border_stockout_missing_store;border;1;Q1_stockout_category_only;False;;False;0;0;0;0.0;0.2603;False;0;0;16
ablation_no_real;border_stockout_missing_store;border;1;Q1_stockout_category_only;False;;False;0;0;0;0.0;0.2019;False;0;0;16
ablation_ceval_any_intersection;border_stockout_missing_store;border;1;Q1_stockout_category_only;False;;False;0;0;0;0.0;0.1969;False;0;0;16
baseline_random_matched;border_stockout_missing_store;border;1;Q1_stockout_category_only;False;;True;1;0;1;0.0;0.0028;;0;0;16
mcad;adversarial_wrong_region;adversarial;1;Q1_margin_south;False;;False;0;0;0;0.0;0.174;False;0;0;16
baseline_naive;adversarial_wrong_region;adversarial;1;Q1_margin_south;False;;True;1;0;1;0.0;0.0014;;0;0;16
baseline_measure_overlap;adversarial_wrong_region;adversarial;1;Q1_margin_south;False;;True;1;0;1;0.0;0.0155;;0;0;16
ablation_no_sat;adversarial_wrong_region;adversarial;1;Q1_margin_south;False;;False;0;0;0;0.0;0.2118;False;0;0;16
ablation_no_real;adversarial_wrong_region;adversarial;1;Q1_margin_south;False;;False;0;0;0;0.0;0.1772;False;0;0;16
ablation_ceval_any_intersection;adversarial_wrong_region;adversarial;1;Q1_margin_south;False;;False;0;0;0;0.0;0.1683;False;0;0;16
baseline_random_matched;adversarial_wrong_region;adversarial;1;Q1_margin_south;False;;True;1;0;1;0.0;0.0026;;0;0;16
mcad;adversarial_wrong_year;adversarial;1;Q1_stockout_1997;False;;False;0;0;0;0.0;0.1641;False;0;0;16
baseline_naive;adversarial_wrong_year;adversarial;1;Q1_stockout_1997;False;;True;1;0;1;0.0;0.0009;;0;0;16
baseline_measure_overlap;adversarial_wrong_year;adversarial;1;Q1_stockout_1997;False;;True;1;0;1;0.0;0.0178;;0;0;16
ablation_no_sat;adversarial_wrong_year;adversarial;1;Q1_stockout_1997;False;;False;0;0;0;0.0;0.188;False;0;0;16
ablation_no_real;adversarial_wrong_year;adversarial;1;Q1_stockout_1997;False;;False;0;0;0;0.0;0.1705;False;0;0;16
ablation_ceval_any_intersection;adversarial_wrong_year;adversarial;1;Q1_stockout_1997;False;;False;0;0;0;0.0;0.162;False;0;0;16
baseline_random_matched;adversarial_wrong_year;adversarial;1;Q1_stockout_1997;False;;True;1;0;1;0.0;0.0024;;0;0;16
mcad;adversarial_invalid_no_measures;adversarial;1;Q1_invalid_no_measure;False;;False;0;0;0;0.0;0.0724;False;0;0;16
baseline_naive;adversarial_invalid_no_measures;adversarial;1;Q1_invalid_no_measure;False;;True;1;0;1;0.0;0.0009;;0;0;16
baseline_measure_overlap;adversarial_invalid_no_measures;adversarial;1;Q1_invalid_no_measure;False;;False;0;0;0;0.0;0.0124;;0;0;16
ablation_no_sat;adversarial_invalid_no_measures;adversarial;1;Q1_invalid_no_measure;False;;False;0;0;0;0.0;0.1412;False;0;0;16
ablation_no_real;adversarial_invalid_no_measures;adversarial;1;Q1_invalid_no_measure;False;;False;0;0;0;0.0;0.0836;False;0;0;16
ablation_ceval_any_intersection;adversarial_invalid_no_measures;adversarial;1;Q1_invalid_no_measure;False;;False;0;0;0;0.0;0.0726;False;0;0;16
baseline_random_matched;adversarial_invalid_no_measures;adversarial;1;Q1_invalid_no_measure;False;;True;1;0;1;0.0;0.0029;;0;0;16
mcad;stress_exploratory_then_useful;stress;1;Q1_noise_region;False;;False;0;0;0;0.0;0.2012;False;0;0;16
mcad;stress_exploratory_then_useful;stress;2;Q2_noise_margin_all;False;;False;0;0;0;0.0;0.1431;False;0;0;16
mcad;stress_exploratory_then_useful;stress;3;Q3_useful_margin;True;c1;True;0;0;0;0.333333;0.251;True;1;1;16
baseline_naive;stress_exploratory_then_useful;stress;1;Q1_noise_region;False;;True;1;0;1;0.0;0.001;;0;0;16
baseline_naive;stress_exploratory_then_useful;stress;2;Q2_noise_margin_all;False;;True;1;0;1;0.0;0.0005;;0;0;16
baseline_naive;stress_exploratory_then_useful;stress;3;Q3_useful_margin;True;c1;True;0;0;0;0.333333;0.0003;;0;0;16
baseline_measure_overlap;stress_exploratory_then_useful;stress;1;Q1_noise_region;False;;True;1;0;1;0.0;0.0136;;0;0;16
baseline_measure_overlap;stress_exploratory_then_useful;stress;2;Q2_noise_margin_all;False;;True;1;0;1;0.0;0.0053;;0;0;16
baseline_measure_overlap;stress_exploratory_then_useful;stress;3;Q3_useful_margin;True;c1;True;0;0;0;0.333333;0.004;;0;0;16
ablation_no_sat;stress_exploratory_then_useful;stress;1;Q1_noise_region;False;;False;0;0;0;0.0;0.3675;False;0;0;16
ablation_no_sat;stress_exploratory_then_useful;stress;2;Q2_noise_margin_all;False;;False;0;0;0;0.0;0.2952;False;0;0;16
ablation_no_sat;stress_exploratory_then_useful;stress;3;Q3_useful_margin;True;c1;True;0;0;0;0.333333;0.4193;True;1;1;16
ablation_no_real;stress_exploratory_then_useful;stress;1;Q1_noise_region;False;;False;0;0;0;0.0;0.2018;False;0;0;16
ablation_no_real;stress_exploratory_then_useful;stress;2;Q2_noise_margin_all;False;;False;0;0;0;0.0;0.146;False;0;0;16
ablation_no_real;stress_exploratory_then_useful;stress;3;Q3_useful_margin;True;c1;True;0;0;0;0.333333;0.2674;True;1;1;16
ablation_ceval_any_intersection;stress_exploratory_then_useful;stress;1;Q1_noise_region;False;;False;0;0;0;0.0;0.1952;False;0;0;16
ablation_ceval_any_intersection;stress_exploratory_then_useful;stress;2;Q2_noise_margin_all;False;;False;0;0;0;0.0;0.1399;False;0;0;16
ablation_ceval_any_intersection;stress_exploratory_then_useful;stress;3;Q3_useful_margin;True;c1;True;0;0;0;0.333333;0.2441;True;1;1;16
baseline_random_matched;stress_exploratory_then_useful;stress;1;Q1_noise_region;False;;True;1;0;1;0.0;0.0027;;0;0;16
baseline_random_matched;stress_exploratory_then_useful;stress;2;Q2_noise_margin_all;False;;True;1;0;1;0.0;0.0006;;0;0;16
baseline_random_matched;stress_exploratory_then_useful;stress;3;Q3_useful_margin;True;c1;False;0;1;0;0.0;0.0005;;0;0;16
mcad;happy_guided_article_short;happy;1;Q1_margin_month;True;c1;True;0;0;0;0.333333;0.2741;True;1;1;17
mcad;happy_guided_article_short;happy;2;Q2_stockout_store;True;c2;True;0;0;0;0.666667;0.2431;True;1;1;17
mcad;happy_guided_article_short;happy;3;Q3_sales_growth;True;c3;True;0;0;0;1.0;0.3393;True;2;1;17
baseline_naive;happy_guided_article_short;happy;1;Q1_margin_month;True;c1;True;0;0;0;0.333333;0.0009;;0;0;17
baseline_naive;happy_guided_article_short;happy;2;Q2_stockout_store;True;c2;True;0;0;0;0.666667;0.0005;;0;0;17
baseline_naive;happy_guided_article_short;happy;3;Q3_sales_growth;True;c3;True;0;0;0;1.0;0.0004;;0;0;17
baseline_measure_overlap;happy_guided_article_short;happy;1;Q1_margin_month;True;c1;True;0;0;0;0.333333;0.0193;;0;0;17
baseline_measure_overlap;happy_guided_article_short;happy;2;Q2_stockout_store;True;c2;True;0;0;0;0.666667;0.0083;;0;0;17
baseline_measure_overlap;happy_guided_article_short;happy;3;Q3_sales_growth;True;c3;True;0;0;0;1.0;0.0074;;0;0;17
ablation_no_sat;happy_guided_article_short;happy;1;Q1_margin_month;True;c1;True;0;0;0;0.333333;0.4852;True;1;1;17
ablation_no_sat;happy_guided_article_short;happy;2;Q2_stockout_store;True;c2;True;0;0;0;0.666667;0.4528;True;1;1;17
ablation_no_sat;happy_guided_article_short;happy;3;Q3_sales_growth;True;c3;True;0;0;0;1.0;0.585;True;2;1;17
ablation_no_real;happy_guided_article_short;happy;1;Q1_margin_month;True;c1;True;0;0;0;0.333333;0.5766;True;1;1;17
ablation_no_real;happy_guided_article_short;happy;2;Q2_stockout_store;True;c2;True;0;0;0;0.666667;0.4901;True;1;1;17
ablation_no_real;happy_guided_article_short;happy;3;Q3_sales_growth;True;c3;True;0;0;0;1.0;0.6077;True;2;1;17
ablation_ceval_any_intersection;happy_guided_article_short;happy;1;Q1_margin_month;True;c1;True;0;0;0;0.333333;0.4463;True;1;1;17
ablation_ceval_any_intersection;happy_guided_article_short;happy;2;Q2_stockout_store;True;c2;True;0;0;0;0.666667;2.536;True;1;1;17
ablation_ceval_any_intersection;happy_guided_article_short;happy;3;Q3_sales_growth;True;c3;True;0;0;0;1.0;0.5507;True;2;1;17
baseline_random_matched;happy_guided_article_short;happy;1;Q1_margin_month;True;c1;True;0;0;0;0.333333;0.0046;;0;0;17
baseline_random_matched;happy_guided_article_short;happy;2;Q2_stockout_store;True;c2;False;0;1;0;0.333333;0.0009;;0;0;17
baseline_random_matched;happy_guided_article_short;happy;3;Q3_sales_growth;True;c3;True;0;0;0;0.666667;0.0008;;0;0;17
mcad;happy_guided_reordered;happy;1;Q1_sales_growth;True;c3;True;0;0;0;0.333333;0.3782;True;2;1;17
mcad;happy_guided_reordered;happy;2;Q2_margin_month;True;c1;True;0;0;0;0.666667;0.2483;True;1;1;17
mcad;happy_guided_reordered;happy;3;Q3_stockout_store;True;c2;True;0;0;0;1.0;0.2386;True;1;1;17
baseline_naive;happy_guided_reordered;happy;1;Q1_sales_growth;True;c3;True;0;0;0;0.333333;0.0013;;0;0;17
baseline_naive;happy_guided_reordered;happy;2;Q2_margin_month;True;c1;True;0;0;0;0.666667;0.0005;;0;0;17
baseline_naive;happy_guided_reordered;happy;3;Q3_stockout_store;True;c2;True;0;0;0;1.0;0.0003;;0;0;17
baseline_measure_overlap;happy_guided_reordered;happy;1;Q1_sales_growth;True;c3;True;0;0;0;0.333333;0.0149;;0;0;17
baseline_measure_overlap;happy_guided_reordered;happy;2;Q2_margin_month;True;c1;True;0;0;0;0.666667;0.0054;;0;0;17
baseline_measure_overlap;happy_guided_reordered;happy;3;Q3_stockout_store;True;c2;True;0;0;0;1.0;0.0041;;0;0;17
ablation_no_sat;happy_guided_reordered;happy;1;Q1_sales_growth;True;c3;True;0;0;0;0.333333;0.3685;True;2;1;17
ablation_no_sat;happy_guided_reordered;happy;2;Q2_margin_month;True;c1;True;0;0;0;0.666667;0.2495;True;1;1;17
ablation_no_sat;happy_guided_reordered;happy;3;Q3_stockout_store;True;c2;True;0;0;0;1.0;0.2515;True;1;1;17
ablation_no_real;happy_guided_reordered;happy;1;Q1_sales_growth;True;c3;True;0;0;0;0.333333;0.3854;True;2;1;17
ablation_no_real;happy_guided_reordered;happy;2;Q2_margin_month;True;c1;True;0;0;0;0.666667;0.2527;True;1;1;17
ablation_no_real;happy_guided_reordered;happy;3;Q3_stockout_store;True;c2;True;0;0;0;1.0;0.2426;True;1;1;17
ablation_ceval_any_intersection;happy_guided_reordered;happy;1;Q1_sales_growth;True;c3;True;0;0;0;0.333333;0.361;True;2;1;17
ablation_ceval_any_intersection;happy_guided_reordered;happy;2;Q2_margin_month;True;c1;True;0;0;0;0.666667;0.2557;True;1;1;17
ablation_ceval_any_intersection;happy_guided_reordered;happy;3;Q3_stockout_store;True;c2;True;0;0;0;1.0;0.237;True;1;1;17
baseline_random_matched;happy_guided_reordered;happy;1;Q1_sales_growth;True;c3;False;0;1;0;0.0;0.0048;;0;0;17
baseline_random_matched;happy_guided_reordered;happy;2;Q2_margin_month;True;c1;True;0;0;0;0.333333;0.001;;0;0;17
baseline_random_matched;happy_guided_reordered;happy;3;Q3_stockout_store;True;c2;False;0;1;0;0.333333;0.0007;;0;0;17
mcad;happy_guided_compact;happy;1;Q1_margin_month;True;c1;True;0;0;0;0.333333;0.305;True;1;1;17
mcad;happy_guided_compact;happy;2;Q2_sales_growth;True;c3;True;0;0;0;0.666667;0.3332;True;2;1;17
mcad;happy_guided_compact;happy;3;Q3_stockout_store;True;c2;True;0;0;0;1.0;0.2376;True;1;1;17
baseline_naive;happy_guided_compact;happy;1;Q1_margin_month;True;c1;True;0;0;0;0.333333;0.0011;;0;0;17
baseline_naive;happy_guided_compact;happy;2;Q2_sales_growth;True;c3;True;0;0;0;0.666667;0.0005;;0;0;17
baseline_naive;happy_guided_compact;happy;3;Q3_stockout_store;True;c2;True;0;0;0;1.0;0.0003;;0;0;17
baseline_measure_overlap;happy_guided_compact;happy;1;Q1_margin_month;True;c1;True;0;0;0;0.333333;0.0152;;0;0;17
baseline_measure_overlap;happy_guided_compact;happy;2;Q2_sales_growth;True;c3;True;0;0;0;0.666667;0.005;;0;0;17
baseline_measure_overlap;happy_guided_compact;happy;3;Q3_stockout_store;True;c2;True;0;0;0;1.0;0.0044;;0;0;17
ablation_no_sat;happy_guided_compact;happy;1;Q1_margin_month;True;c1;True;0;0;0;0.333333;0.3068;True;1;1;17
ablation_no_sat;happy_guided_compact;happy;2;Q2_sales_growth;True;c3;True;0;0;0;0.666667;0.3336;True;2;1;17
ablation_no_sat;happy_guided_compact;happy;3;Q3_stockout_store;True;c2;True;0;0;0;1.0;0.2439;True;1;1;17
ablation_no_real;happy_guided_compact;happy;1;Q1_margin_month;True;c1;True;0;0;0;0.333333;0.2903;True;1;1;17
ablation_no_real;happy_guided_compact;happy;2;Q2_sales_growth;True;c3;True;0;0;0;0.666667;0.3469;True;2;1;17
ablation_no_real;happy_guided_compact;happy;3;Q3_stockout_store;True;c2;True;0;0;0;1.0;0.2455;True;1;1;17
ablation_ceval_any_intersection;happy_guided_compact;happy;1;Q1_margin_month;True;c1;True;0;0;0;0.333333;0.3001;True;1;1;17
ablation_ceval_any_intersection;happy_guided_compact;happy;2;Q2_sales_growth;True;c3;True;0;0;0;0.666667;0.332;True;2;1;17
ablation_ceval_any_intersection;happy_guided_compact;happy;3;Q3_stockout_store;True;c2;True;0;0;0;1.0;0.2496;True;1;1;17
baseline_random_matched;happy_guided_compact;happy;1;Q1_margin_month;True;c1;True;0;0;0;0.333333;0.0029;;0;0;17
baseline_random_matched;happy_guided_compact;happy;2;Q2_sales_growth;True;c3;True;0;0;0;0.666667;0.0008;;0;0;17
baseline_random_matched;happy_guided_compact;happy;3;Q3_stockout_store;True;c2;False;0;1;0;0.666667;0.0005;;0;0;17
mcad;border_growth_partial_1998_only;border;1;Q1_sales_1998_only;False;;False;0;0;0;0.0;0.5623;True;1;0;17
baseline_naive;border_growth_partial_1998_only;border;1;Q1_sales_1998_only;False;;True;1;0;1;0.0;0.0009;;0;0;17
baseline_measure_overlap;border_growth_partial_1998_only;border;1;Q1_sales_1998_only;False;;True;1;0;1;0.0;0.0147;;0;0;17
ablation_no_sat;border_growth_partial_1998_only;border;1;Q1_sales_1998_only;False;;False;0;0;0;0.0;0.4151;True;1;0;17
ablation_no_real;border_growth_partial_1998_only;border;1;Q1_sales_1998_only;False;;True;1;0;1;0.0;0.3428;True;1;0;17
ablation_ceval_any_intersection;border_growth_partial_1998_only;border;1;Q1_sales_1998_only;False;;True;1;0;1;0.0;0.3354;True;1;1;17
baseline_random_matched;border_growth_partial_1998_only;border;1;Q1_sales_1998_only;False;;True;1;0;1;0.0;0.0028;;0;0;17
mcad;border_margin_wrong_grain;border;1;Q1_margin_quarter_only;False;;False;0;0;0;0.0;0.3162;False;0;0;17
baseline_naive;border_margin_wrong_grain;border;1;Q1_margin_quarter_only;False;;True;1;0;1;0.0;0.0009;;0;0;17
baseline_measure_overlap;border_margin_wrong_grain;border;1;Q1_margin_quarter_only;False;;True;1;0;1;0.0;0.0135;;0;0;17
ablation_no_sat;border_margin_wrong_grain;border;1;Q1_margin_quarter_only;False;;False;0;0;0;0.0;0.2573;False;0;0;17
ablation_no_real;border_margin_wrong_grain;border;1;Q1_margin_quarter_only;False;;False;0;0;0;0.0;0.3631;False;0;0;17
ablation_ceval_any_intersection;border_margin_wrong_grain;border;1;Q1_margin_quarter_only;False;;False;0;0;0;0.0;0.2046;False;0;0;17
baseline_random_matched;border_margin_wrong_grain;border;1;Q1_margin_quarter_only;False;;True;1;0;1;0.0;0.0026;;0;0;17
mcad;border_stockout_missing_store;border;1;Q1_stockout_category_only;False;;False;0;0;0;0.0;0.3158;False;0;0;17
baseline_naive;border_stockout_missing_store;border;1;Q1_stockout_category_only;False;;True;1;0;1;0.0;0.0009;;0;0;17
baseline_measure_overlap;border_stockout_missing_store;border;1;Q1_stockout_category_only;False;;True;1;0;1;0.0;0.0131;;0;0;17
ablation_no_sat;border_stockout_missing_store;border;1;Q1_stockout_category_only;False;;False;0;0;0;0.0;0.2607;False;0;0;17
ablation_no_real;border_stockout_missing_store;border;1;Q1_stockout_category_only;False;;False;0;0;0;0.0;0.2007;False;0;0;17
ablation_ceval_any_intersection;border_stockout_missing_store;border;1;Q1_stockout_category_only;False;;False;0;0;0;0.0;0.2089;False;0;0;17
baseline_random_matched;border_stockout_missing_store;border;1;Q1_stockout_category_only;False;;False;0;0;0;0.0;0.0046;;0;0;17
mcad;adversarial_wrong_region;adversarial;1;Q1_margin_south;False;;False;0;0;0;0.0;0.1829;False;0;0;17
baseline_naive;adversarial_wrong_region;adversarial;1;Q1_margin_south;False;;True;1;0;1;0.0;0.0009;;0;0;17
baseline_measure_overlap;adversarial_wrong_region;adversarial;1;Q1_margin_south;False;;True;1;0;1;0.0;0.0144;;0;0;17
ablation_no_sat;adversarial_wrong_region;adversarial;1;Q1_margin_south;False;;False;0;0;0;0.0;0.2128;False;0;0;17
ablation_no_real;adversarial_wrong_region;adversarial;1;Q1_margin_south;False;;False;0;0;0;0.0;0.1785;False;0;0;17
ablation_ceval_any_intersection;adversarial_wrong_region;adversarial;1;Q1_margin_south;False;;False;0;0;0;0.0;0.1672;False;0;0;17
baseline_random_matched;adversarial_wrong_region;adversarial;1;Q1_margin_south;False;;True;1;0;1;0.0;0.0034;;0;0;17
mcad;adversarial_wrong_year;adversarial;1;Q1_stockout_1997;False;;False;0;0;0;0.0;0.1956;False;0;0;17
baseline_naive;adversarial_wrong_year;adversarial;1;Q1_stockout_1997;False;;True;1;0;1;0.0;0.0009;;0;0;17
baseline_measure_overlap;adversarial_wrong_year;adversarial;1;Q1_stockout_1997;False;;True;1;0;1;0.0;0.014;;0;0;17
ablation_no_sat;adversarial_wrong_year;adversarial;1;Q1_stockout_1997;False;;False;0;0;0;0.0;0.1922;False;0;0;17
ablation_no_real;adversarial_wrong_year;adversarial;1;Q1_stockout_1997;False;;False;0;0;0;0.0;0.1668;False;0;0;17
ablation_ceval_any_intersection;adversarial_wrong_year;adversarial;1;Q1_stockout_1997;False;;False;0;0;0;0.0;0.1617;False;0;0;17
baseline_random_matched;adversarial_wrong_year;adversarial;1;Q1_stockout_1997;False;;True;1;0;1;0.0;0.003;;0;0;17
mcad;adversarial_invalid_no_measures;adversarial;1;Q1_invalid_no_measure;False;;False;0;0;0;0.0;0.1107;False;0;0;17
baseline_naive;adversarial_invalid_no_measures;adversarial;1;Q1_invalid_no_measure;False;;True;1;0;1;0.0;0.0009;;0;0;17
baseline_measure_overlap;adversarial_invalid_no_measures;adversarial;1;Q1_invalid_no_measure;False;;False;0;0;0;0.0;0.0152;;0;0;17
ablation_no_sat;adversarial_invalid_no_measures;adversarial;1;Q1_invalid_no_measure;False;;False;0;0;0;0.0;0.0956;False;0;0;17
ablation_no_real;adversarial_invalid_no_measures;adversarial;1;Q1_invalid_no_measure;False;;False;0;0;0;0.0;0.0835;False;0;0;17
ablation_ceval_any_intersection;adversarial_invalid_no_measures;adversarial;1;Q1_invalid_no_measure;False;;False;0;0;0;0.0;0.0805;False;0;0;17
baseline_random_matched;adversarial_invalid_no_measures;adversarial;1;Q1_invalid_no_measure;False;;False;0;0;0;0.0;0.0027;;0;0;17
mcad;stress_exploratory_then_useful;stress;1;Q1_noise_region;False;;False;0;0;0;0.0;0.2459;False;0;0;17
mcad;stress_exploratory_then_useful;stress;2;Q2_noise_margin_all;False;;False;0;0;0;0.0;0.2459;False;0;0;17
mcad;stress_exploratory_then_useful;stress;3;Q3_useful_margin;True;c1;True;0;0;0;0.333333;0.4308;True;1;1;17
baseline_naive;stress_exploratory_then_useful;stress;1;Q1_noise_region;False;;True;1;0;1;0.0;0.001;;0;0;17
baseline_naive;stress_exploratory_then_useful;stress;2;Q2_noise_margin_all;False;;True;1;0;1;0.0;0.0005;;0;0;17
baseline_naive;stress_exploratory_then_useful;stress;3;Q3_useful_margin;True;c1;True;0;0;0;0.333333;0.0003;;0;0;17
baseline_measure_overlap;stress_exploratory_then_useful;stress;1;Q1_noise_region;False;;True;1;0;1;0.0;0.0131;;0;0;17
baseline_measure_overlap;stress_exploratory_then_useful;stress;2;Q2_noise_margin_all;False;;True;1;0;1;0.0;0.0053;;0;0;17
baseline_measure_overlap;stress_exploratory_then_useful;stress;3;Q3_useful_margin;True;c1;True;0;0;0;0.333333;0.004;;0;0;17
ablation_no_sat;stress_exploratory_then_useful;stress;1;Q1_noise_region;False;;False;0;0;0;0.0;0.2412;False;0;0;17
ablation_no_sat;stress_exploratory_then_useful;stress;2;Q2_noise_margin_all;False;;False;0;0;0;0.0;0.1808;False;0;0;17
ablation_no_sat;stress_exploratory_then_useful;stress;3;Q3_useful_margin;True;c1;True;0;0;0;0.333333;0.2463;True;1;1;17
ablation_no_real;stress_exploratory_then_useful;stress;1;Q1_noise_region;False;;False;0;0;0;0.0;0.2046;False;0;0;17
ablation_no_real;stress_exploratory_then_useful;stress;2;Q2_noise_margin_all;False;;False;0;0;0;0.0;0.1475;False;0;0;17
ablation_no_real;stress_exploratory_then_useful;stress;3;Q3_useful_margin;True;c1;True;0;0;0;0.333333;0.2505;True;1;1;17
ablation_ceval_any_intersection;stress_exploratory_then_useful;stress;1;Q1_noise_region;False;;False;0;0;0;0.0;0.193;False;0;0;17
ablation_ceval_any_intersection;stress_exploratory_then_useful;stress;2;Q2_noise_margin_all;False;;False;0;0;0;0.0;0.1409;False;0;0;17
ablation_ceval_any_intersection;stress_exploratory_then_useful;stress;3;Q3_useful_margin;True;c1;True;0;0;0;0.333333;0.2554;True;1;1;17
baseline_random_matched;stress_exploratory_then_useful;stress;1;Q1_noise_region;False;;True;1;0;1;0.0;0.0026;;0;0;17
baseline_random_matched;stress_exploratory_then_useful;stress;2;Q2_noise_margin_all;False;;False;0;0;0;0.0;0.0007;;0;0;17
baseline_random_matched;stress_exploratory_then_useful;stress;3;Q3_useful_margin;True;c1;False;0;1;0;0.0;0.0005;;0;0;17
mcad;happy_guided_article_short;happy;1;Q1_margin_month;True;c1;True;0;0;0;0.333333;0.291;True;1;1;18
mcad;happy_guided_article_short;happy;2;Q2_stockout_store;True;c2;True;0;0;0;0.666667;0.246;True;1;1;18
mcad;happy_guided_article_short;happy;3;Q3_sales_growth;True;c3;True;0;0;0;1.0;0.3284;True;2;1;18
baseline_naive;happy_guided_article_short;happy;1;Q1_margin_month;True;c1;True;0;0;0;0.333333;0.0013;;0;0;18
baseline_naive;happy_guided_article_short;happy;2;Q2_stockout_store;True;c2;True;0;0;0;0.666667;0.0007;;0;0;18
baseline_naive;happy_guided_article_short;happy;3;Q3_sales_growth;True;c3;True;0;0;0;1.0;0.0005;;0;0;18
baseline_measure_overlap;happy_guided_article_short;happy;1;Q1_margin_month;True;c1;True;0;0;0;0.333333;0.0234;;0;0;18
baseline_measure_overlap;happy_guided_article_short;happy;2;Q2_stockout_store;True;c2;True;0;0;0;0.666667;0.0053;;0;0;18
baseline_measure_overlap;happy_guided_article_short;happy;3;Q3_sales_growth;True;c3;True;0;0;0;1.0;0.0044;;0;0;18
ablation_no_sat;happy_guided_article_short;happy;1;Q1_margin_month;True;c1;True;0;0;0;0.333333;0.32;True;1;1;18
ablation_no_sat;happy_guided_article_short;happy;2;Q2_stockout_store;True;c2;True;0;0;0;0.666667;0.2504;True;1;1;18
ablation_no_sat;happy_guided_article_short;happy;3;Q3_sales_growth;True;c3;True;0;0;0;1.0;0.3771;True;2;1;18
ablation_no_real;happy_guided_article_short;happy;1;Q1_margin_month;True;c1;True;0;0;0;0.333333;0.2877;True;1;1;18
ablation_no_real;happy_guided_article_short;happy;2;Q2_stockout_store;True;c2;True;0;0;0;0.666667;0.2628;True;1;1;18
ablation_no_real;happy_guided_article_short;happy;3;Q3_sales_growth;True;c3;True;0;0;0;1.0;0.3433;True;2;1;18
ablation_ceval_any_intersection;happy_guided_article_short;happy;1;Q1_margin_month;True;c1;True;0;0;0;0.333333;0.2776;True;1;1;18
ablation_ceval_any_intersection;happy_guided_article_short;happy;2;Q2_stockout_store;True;c2;True;0;0;0;0.666667;0.2465;True;1;1;18
ablation_ceval_any_intersection;happy_guided_article_short;happy;3;Q3_sales_growth;True;c3;True;0;0;0;1.0;0.3465;True;2;1;18
baseline_random_matched;happy_guided_article_short;happy;1;Q1_margin_month;True;c1;True;0;0;0;0.333333;0.0122;;0;0;18
baseline_random_matched;happy_guided_article_short;happy;2;Q2_stockout_store;True;c2;True;0;0;0;0.666667;0.0007;;0;0;18
baseline_random_matched;happy_guided_article_short;happy;3;Q3_sales_growth;True;c3;True;0;0;0;1.0;0.0004;;0;0;18
mcad;happy_guided_reordered;happy;1;Q1_sales_growth;True;c3;True;0;0;0;0.333333;0.3818;True;2;1;18
mcad;happy_guided_reordered;happy;2;Q2_margin_month;True;c1;True;0;0;0;0.666667;0.2559;True;1;1;18
mcad;happy_guided_reordered;happy;3;Q3_stockout_store;True;c2;True;0;0;0;1.0;0.2473;True;1;1;18
baseline_naive;happy_guided_reordered;happy;1;Q1_sales_growth;True;c3;True;0;0;0;0.333333;0.0013;;0;0;18
baseline_naive;happy_guided_reordered;happy;2;Q2_margin_month;True;c1;True;0;0;0;0.666667;0.0008;;0;0;18
baseline_naive;happy_guided_reordered;happy;3;Q3_stockout_store;True;c2;True;0;0;0;1.0;0.0006;;0;0;18
baseline_measure_overlap;happy_guided_reordered;happy;1;Q1_sales_growth;True;c3;True;0;0;0;0.333333;0.0195;;0;0;18
baseline_measure_overlap;happy_guided_reordered;happy;2;Q2_margin_month;True;c1;True;0;0;0;0.666667;0.0128;;0;0;18
baseline_measure_overlap;happy_guided_reordered;happy;3;Q3_stockout_store;True;c2;True;0;0;0;1.0;0.0107;;0;0;18
ablation_no_sat;happy_guided_reordered;happy;1;Q1_sales_growth;True;c3;True;0;0;0;0.333333;0.3741;True;2;1;18
ablation_no_sat;happy_guided_reordered;happy;2;Q2_margin_month;True;c1;True;0;0;0;0.666667;0.2517;True;1;1;18
ablation_no_sat;happy_guided_reordered;happy;3;Q3_stockout_store;True;c2;True;0;0;0;1.0;0.2543;True;1;1;18
ablation_no_real;happy_guided_reordered;happy;1;Q1_sales_growth;True;c3;True;0;0;0;0.333333;0.3874;True;2;1;18
ablation_no_real;happy_guided_reordered;happy;2;Q2_margin_month;True;c1;True;0;0;0;0.666667;0.2571;True;1;1;18
ablation_no_real;happy_guided_reordered;happy;3;Q3_stockout_store;True;c2;True;0;0;0;1.0;0.2506;True;1;1;18
ablation_ceval_any_intersection;happy_guided_reordered;happy;1;Q1_sales_growth;True;c3;True;0;0;0;0.333333;0.4141;True;2;1;18
ablation_ceval_any_intersection;happy_guided_reordered;happy;2;Q2_margin_month;True;c1;True;0;0;0;0.666667;0.2502;True;1;1;18
ablation_ceval_any_intersection;happy_guided_reordered;happy;3;Q3_stockout_store;True;c2;True;0;0;0;1.0;0.2424;True;1;1;18
baseline_random_matched;happy_guided_reordered;happy;1;Q1_sales_growth;True;c3;False;0;1;0;0.0;0.0031;;0;0;18
baseline_random_matched;happy_guided_reordered;happy;2;Q2_margin_month;True;c1;True;0;0;0;0.333333;0.0006;;0;0;18
baseline_random_matched;happy_guided_reordered;happy;3;Q3_stockout_store;True;c2;True;0;0;0;0.666667;0.0005;;0;0;18
mcad;happy_guided_compact;happy;1;Q1_margin_month;True;c1;True;0;0;0;0.333333;0.2806;True;1;1;18
mcad;happy_guided_compact;happy;2;Q2_sales_growth;True;c3;True;0;0;0;0.666667;0.3423;True;2;1;18
mcad;happy_guided_compact;happy;3;Q3_stockout_store;True;c2;True;0;0;0;1.0;0.2565;True;1;1;18
baseline_naive;happy_guided_compact;happy;1;Q1_margin_month;True;c1;True;0;0;0;0.333333;0.0012;;0;0;18
baseline_naive;happy_guided_compact;happy;2;Q2_sales_growth;True;c3;True;0;0;0;0.666667;0.0008;;0;0;18
baseline_naive;happy_guided_compact;happy;3;Q3_stockout_store;True;c2;True;0;0;0;1.0;0.0006;;0;0;18
baseline_measure_overlap;happy_guided_compact;happy;1;Q1_margin_month;True;c1;True;0;0;0;0.333333;0.0141;;0;0;18
baseline_measure_overlap;happy_guided_compact;happy;2;Q2_sales_growth;True;c3;True;0;0;0;0.666667;0.0052;;0;0;18
baseline_measure_overlap;happy_guided_compact;happy;3;Q3_stockout_store;True;c2;True;0;0;0;1.0;0.0041;;0;0;18
ablation_no_sat;happy_guided_compact;happy;1;Q1_margin_month;True;c1;True;0;0;0;0.333333;0.2862;True;1;1;18
ablation_no_sat;happy_guided_compact;happy;2;Q2_sales_growth;True;c3;True;0;0;0;0.666667;0.3497;True;2;1;18
ablation_no_sat;happy_guided_compact;happy;3;Q3_stockout_store;True;c2;True;0;0;0;1.0;0.2414;True;1;1;18
ablation_no_real;happy_guided_compact;happy;1;Q1_margin_month;True;c1;True;0;0;0;0.333333;0.2885;True;1;1;18
ablation_no_real;happy_guided_compact;happy;2;Q2_sales_growth;True;c3;True;0;0;0;0.666667;0.3419;True;2;1;18
ablation_no_real;happy_guided_compact;happy;3;Q3_stockout_store;True;c2;True;0;0;0;1.0;0.258;True;1;1;18
ablation_ceval_any_intersection;happy_guided_compact;happy;1;Q1_margin_month;True;c1;True;0;0;0;0.333333;0.2781;True;1;1;18
ablation_ceval_any_intersection;happy_guided_compact;happy;2;Q2_sales_growth;True;c3;True;0;0;0;0.666667;0.3364;True;2;1;18
ablation_ceval_any_intersection;happy_guided_compact;happy;3;Q3_stockout_store;True;c2;True;0;0;0;1.0;0.2401;True;1;1;18
baseline_random_matched;happy_guided_compact;happy;1;Q1_margin_month;True;c1;False;0;1;0;0.0;0.0027;;0;0;18
baseline_random_matched;happy_guided_compact;happy;2;Q2_sales_growth;True;c3;True;0;0;0;0.333333;0.0007;;0;0;18
baseline_random_matched;happy_guided_compact;happy;3;Q3_stockout_store;True;c2;False;0;1;0;0.333333;0.0005;;0;0;18
mcad;border_growth_partial_1998_only;border;1;Q1_sales_1998_only;False;;False;0;0;0;0.0;0.3386;True;1;0;18
baseline_naive;border_growth_partial_1998_only;border;1;Q1_sales_1998_only;False;;True;1;0;1;0.0;0.0008;;0;0;18
baseline_measure_overlap;border_growth_partial_1998_only;border;1;Q1_sales_1998_only;False;;True;1;0;1;0.0;0.0189;;0;0;18
ablation_no_sat;border_growth_partial_1998_only;border;1;Q1_sales_1998_only;False;;False;0;0;0;0.0;0.3403;True;1;0;18
ablation_no_real;border_growth_partial_1998_only;border;1;Q1_sales_1998_only;False;;True;1;0;1;0.0;0.4018;True;1;0;18
ablation_ceval_any_intersection;border_growth_partial_1998_only;border;1;Q1_sales_1998_only;False;;True;1;0;1;0.0;0.335;True;1;1;18
baseline_random_matched;border_growth_partial_1998_only;border;1;Q1_sales_1998_only;False;;True;1;0;1;0.0;0.003;;0;0;18
mcad;border_margin_wrong_grain;border;1;Q1_margin_quarter_only;False;;False;0;0;0;0.0;0.1955;False;0;0;18
baseline_naive;border_margin_wrong_grain;border;1;Q1_margin_quarter_only;False;;True;1;0;1;0.0;0.0009;;0;0;18
baseline_measure_overlap;border_margin_wrong_grain;border;1;Q1_margin_quarter_only;False;;True;1;0;1;0.0;0.019;;0;0;18
ablation_no_sat;border_margin_wrong_grain;border;1;Q1_margin_quarter_only;False;;False;0;0;0;0.0;0.3396;False;0;0;18
ablation_no_real;border_margin_wrong_grain;border;1;Q1_margin_quarter_only;False;;False;0;0;0;0.0;0.2161;False;0;0;18
ablation_ceval_any_intersection;border_margin_wrong_grain;border;1;Q1_margin_quarter_only;False;;False;0;0;0;0.0;0.2063;False;0;0;18
baseline_random_matched;border_margin_wrong_grain;border;1;Q1_margin_quarter_only;False;;True;1;0;1;0.0;0.0037;;0;0;18
mcad;border_stockout_missing_store;border;1;Q1_stockout_category_only;False;;False;0;0;0;0.0;0.3437;False;0;0;18
baseline_naive;border_stockout_missing_store;border;1;Q1_stockout_category_only;False;;True;1;0;1;0.0;0.0009;;0;0;18
baseline_measure_overlap;border_stockout_missing_store;border;1;Q1_stockout_category_only;False;;True;1;0;1;0.0;0.0195;;0;0;18
ablation_no_sat;border_stockout_missing_store;border;1;Q1_stockout_category_only;False;;False;0;0;0;0.0;0.2722;False;0;0;18
ablation_no_real;border_stockout_missing_store;border;1;Q1_stockout_category_only;False;;False;0;0;0;0.0;0.2044;False;0;0;18
ablation_ceval_any_intersection;border_stockout_missing_store;border;1;Q1_stockout_category_only;False;;False;0;0;0;0.0;0.1923;False;0;0;18
baseline_random_matched;border_stockout_missing_store;border;1;Q1_stockout_category_only;False;;True;1;0;1;0.0;0.003;;0;0;18
mcad;adversarial_wrong_region;adversarial;1;Q1_margin_south;False;;False;0;0;0;0.0;0.168;False;0;0;18
baseline_naive;adversarial_wrong_region;adversarial;1;Q1_margin_south;False;;True;1;0;1;0.0;0.001;;0;0;18
baseline_measure_overlap;adversarial_wrong_region;adversarial;1;Q1_margin_south;False;;True;1;0;1;0.0;0.0137;;0;0;18
ablation_no_sat;adversarial_wrong_region;adversarial;1;Q1_margin_south;False;;False;0;0;0;0.0;0.3456;False;0;0;18
ablation_no_real;adversarial_wrong_region;adversarial;1;Q1_margin_south;False;;False;0;0;0;0.0;0.1853;False;0;0;18
ablation_ceval_any_intersection;adversarial_wrong_region;adversarial;1;Q1_margin_south;False;;False;0;0;0;0.0;0.1649;False;0;0;18
baseline_random_matched;adversarial_wrong_region;adversarial;1;Q1_margin_south;False;;False;0;0;0;0.0;0.0025;;0;0;18
mcad;adversarial_wrong_year;adversarial;1;Q1_stockout_1997;False;;False;0;0;0;0.0;0.1644;False;0;0;18
baseline_naive;adversarial_wrong_year;adversarial;1;Q1_stockout_1997;False;;True;1;0;1;0.0;0.0009;;0;0;18
baseline_measure_overlap;adversarial_wrong_year;adversarial;1;Q1_stockout_1997;False;;True;1;0;1;0.0;0.0132;;0;0;18
ablation_no_sat;adversarial_wrong_year;adversarial;1;Q1_stockout_1997;False;;False;0;0;0;0.0;0.1972;False;0;0;18
ablation_no_real;adversarial_wrong_year;adversarial;1;Q1_stockout_1997;False;;False;0;0;0;0.0;0.1754;False;0;0;18
ablation_ceval_any_intersection;adversarial_wrong_year;adversarial;1;Q1_stockout_1997;False;;False;0;0;0;0.0;0.1655;False;0;0;18
baseline_random_matched;adversarial_wrong_year;adversarial;1;Q1_stockout_1997;False;;False;0;0;0;0.0;0.0027;;0;0;18
mcad;adversarial_invalid_no_measures;adversarial;1;Q1_invalid_no_measure;False;;False;0;0;0;0.0;0.0708;False;0;0;18
baseline_naive;adversarial_invalid_no_measures;adversarial;1;Q1_invalid_no_measure;False;;True;1;0;1;0.0;0.001;;0;0;18
baseline_measure_overlap;adversarial_invalid_no_measures;adversarial;1;Q1_invalid_no_measure;False;;False;0;0;0;0.0;0.013;;0;0;18
ablation_no_sat;adversarial_invalid_no_measures;adversarial;1;Q1_invalid_no_measure;False;;False;0;0;0;0.0;0.1163;False;0;0;18
ablation_no_real;adversarial_invalid_no_measures;adversarial;1;Q1_invalid_no_measure;False;;False;0;0;0;0.0;0.1159;False;0;0;18
ablation_ceval_any_intersection;adversarial_invalid_no_measures;adversarial;1;Q1_invalid_no_measure;False;;False;0;0;0;0.0;0.0731;False;0;0;18
baseline_random_matched;adversarial_invalid_no_measures;adversarial;1;Q1_invalid_no_measure;False;;False;0;0;0;0.0;0.0028;;0;0;18
mcad;stress_exploratory_then_useful;stress;1;Q1_noise_region;False;;False;0;0;0;0.0;0.1999;False;0;0;18
mcad;stress_exploratory_then_useful;stress;2;Q2_noise_margin_all;False;;False;0;0;0;0.0;0.1422;False;0;0;18
mcad;stress_exploratory_then_useful;stress;3;Q3_useful_margin;True;c1;True;0;0;0;0.333333;0.2498;True;1;1;18
baseline_naive;stress_exploratory_then_useful;stress;1;Q1_noise_region;False;;True;1;0;1;0.0;0.001;;0;0;18
baseline_naive;stress_exploratory_then_useful;stress;2;Q2_noise_margin_all;False;;True;1;0;1;0.0;0.0005;;0;0;18
baseline_naive;stress_exploratory_then_useful;stress;3;Q3_useful_margin;True;c1;True;0;0;0;0.333333;0.0003;;0;0;18
baseline_measure_overlap;stress_exploratory_then_useful;stress;1;Q1_noise_region;False;;True;1;0;1;0.0;0.0142;;0;0;18
baseline_measure_overlap;stress_exploratory_then_useful;stress;2;Q2_noise_margin_all;False;;True;1;0;1;0.0;0.0056;;0;0;18
baseline_measure_overlap;stress_exploratory_then_useful;stress;3;Q3_useful_margin;True;c1;True;0;0;0;0.333333;0.004;;0;0;18
ablation_no_sat;stress_exploratory_then_useful;stress;1;Q1_noise_region;False;;False;0;0;0;0.0;0.2488;False;0;0;18
ablation_no_sat;stress_exploratory_then_useful;stress;2;Q2_noise_margin_all;False;;False;0;0;0;0.0;0.1731;False;0;0;18
ablation_no_sat;stress_exploratory_then_useful;stress;3;Q3_useful_margin;True;c1;True;0;0;0;0.333333;0.2465;True;1;1;18
ablation_no_real;stress_exploratory_then_useful;stress;1;Q1_noise_region;False;;False;0;0;0;0.0;0.3345;False;0;0;18
ablation_no_real;stress_exploratory_then_useful;stress;2;Q2_noise_margin_all;False;;False;0;0;0;0.0;0.2536;False;0;0;18
ablation_no_real;stress_exploratory_then_useful;stress;3;Q3_useful_margin;True;c1;True;0;0;0;0.333333;0.4684;True;1;1;18
ablation_ceval_any_intersection;stress_exploratory_then_useful;stress;1;Q1_noise_region;False;;False;0;0;0;0.0;0.3529;False;0;0;18
ablation_ceval_any_intersection;stress_exploratory_then_useful;stress;2;Q2_noise_margin_all;False;;False;0;0;0;0.0;0.2531;False;0;0;18
ablation_ceval_any_intersection;stress_exploratory_then_useful;stress;3;Q3_useful_margin;True;c1;True;0;0;0;0.333333;0.4577;True;1;1;18
baseline_random_matched;stress_exploratory_then_useful;stress;1;Q1_noise_region;False;;True;1;0;1;0.0;0.0027;;0;0;18
baseline_random_matched;stress_exploratory_then_useful;stress;2;Q2_noise_margin_all;False;;False;0;0;0;0.0;0.0007;;0;0;18
baseline_random_matched;stress_exploratory_then_useful;stress;3;Q3_useful_margin;True;c1;False;0;1;0;0.0;0.0005;;0;0;18
mcad;happy_guided_article_short;happy;1;Q1_margin_month;True;c1;True;0;0;0;0.333333;0.2815;True;1;1;19
mcad;happy_guided_article_short;happy;2;Q2_stockout_store;True;c2;True;0;0;0;0.666667;0.2539;True;1;1;19
mcad;happy_guided_article_short;happy;3;Q3_sales_growth;True;c3;True;0;0;0;1.0;0.3281;True;2;1;19
baseline_naive;happy_guided_article_short;happy;1;Q1_margin_month;True;c1;True;0;0;0;0.333333;0.0009;;0;0;19
baseline_naive;happy_guided_article_short;happy;2;Q2_stockout_store;True;c2;True;0;0;0;0.666667;0.0005;;0;0;19
baseline_naive;happy_guided_article_short;happy;3;Q3_sales_growth;True;c3;True;0;0;0;1.0;0.0003;;0;0;19
baseline_measure_overlap;happy_guided_article_short;happy;1;Q1_margin_month;True;c1;True;0;0;0;0.333333;0.0155;;0;0;19
baseline_measure_overlap;happy_guided_article_short;happy;2;Q2_stockout_store;True;c2;True;0;0;0;0.666667;0.0055;;0;0;19
baseline_measure_overlap;happy_guided_article_short;happy;3;Q3_sales_growth;True;c3;True;0;0;0;1.0;0.0044;;0;0;19
ablation_no_sat;happy_guided_article_short;happy;1;Q1_margin_month;True;c1;True;0;0;0;0.333333;0.2944;True;1;1;19
ablation_no_sat;happy_guided_article_short;happy;2;Q2_stockout_store;True;c2;True;0;0;0;0.666667;0.2532;True;1;1;19
ablation_no_sat;happy_guided_article_short;happy;3;Q3_sales_growth;True;c3;True;0;0;0;1.0;0.3291;True;2;1;19
ablation_no_real;happy_guided_article_short;happy;1;Q1_margin_month;True;c1;True;0;0;0;0.333333;0.2974;True;1;1;19
ablation_no_real;happy_guided_article_short;happy;2;Q2_stockout_store;True;c2;True;0;0;0;0.666667;0.2598;True;1;1;19
ablation_no_real;happy_guided_article_short;happy;3;Q3_sales_growth;True;c3;True;0;0;0;1.0;0.3336;True;2;1;19
ablation_ceval_any_intersection;happy_guided_article_short;happy;1;Q1_margin_month;True;c1;True;0;0;0;0.333333;0.2836;True;1;1;19
ablation_ceval_any_intersection;happy_guided_article_short;happy;2;Q2_stockout_store;True;c2;True;0;0;0;0.666667;0.2383;True;1;1;19
ablation_ceval_any_intersection;happy_guided_article_short;happy;3;Q3_sales_growth;True;c3;True;0;0;0;1.0;0.332;True;2;1;19
baseline_random_matched;happy_guided_article_short;happy;1;Q1_margin_month;True;c1;False;0;1;0;0.0;0.0045;;0;0;19
baseline_random_matched;happy_guided_article_short;happy;2;Q2_stockout_store;True;c2;False;0;1;0;0.0;0.001;;0;0;19
baseline_random_matched;happy_guided_article_short;happy;3;Q3_sales_growth;True;c3;True;0;0;0;0.333333;0.0008;;0;0;19
mcad;happy_guided_reordered;happy;1;Q1_sales_growth;True;c3;True;0;0;0;0.333333;0.3733;True;2;1;19
mcad;happy_guided_reordered;happy;2;Q2_margin_month;True;c1;True;0;0;0;0.666667;0.2445;True;1;1;19
mcad;happy_guided_reordered;happy;3;Q3_stockout_store;True;c2;True;0;0;0;1.0;0.2398;True;1;1;19
baseline_naive;happy_guided_reordered;happy;1;Q1_sales_growth;True;c3;True;0;0;0;0.333333;0.0009;;0;0;19
baseline_naive;happy_guided_reordered;happy;2;Q2_margin_month;True;c1;True;0;0;0;0.666667;0.0005;;0;0;19
baseline_naive;happy_guided_reordered;happy;3;Q3_stockout_store;True;c2;True;0;0;0;1.0;0.0003;;0;0;19
baseline_measure_overlap;happy_guided_reordered;happy;1;Q1_sales_growth;True;c3;True;0;0;0;0.333333;0.0145;;0;0;19
baseline_measure_overlap;happy_guided_reordered;happy;2;Q2_margin_month;True;c1;True;0;0;0;0.666667;0.0052;;0;0;19
baseline_measure_overlap;happy_guided_reordered;happy;3;Q3_stockout_store;True;c2;True;0;0;0;1.0;0.0043;;0;0;19
ablation_no_sat;happy_guided_reordered;happy;1;Q1_sales_growth;True;c3;True;0;0;0;0.333333;0.3724;True;2;1;19
ablation_no_sat;happy_guided_reordered;happy;2;Q2_margin_month;True;c1;True;0;0;0;0.666667;0.2476;True;1;1;19
ablation_no_sat;happy_guided_reordered;happy;3;Q3_stockout_store;True;c2;True;0;0;0;1.0;0.249;True;1;1;19
ablation_no_real;happy_guided_reordered;happy;1;Q1_sales_growth;True;c3;True;0;0;0;0.333333;0.3739;True;2;1;19
ablation_no_real;happy_guided_reordered;happy;2;Q2_margin_month;True;c1;True;0;0;0;0.666667;0.253;True;1;1;19
ablation_no_real;happy_guided_reordered;happy;3;Q3_stockout_store;True;c2;True;0;0;0;1.0;0.2531;True;1;1;19
ablation_ceval_any_intersection;happy_guided_reordered;happy;1;Q1_sales_growth;True;c3;True;0;0;0;0.333333;0.6214;True;2;1;19
ablation_ceval_any_intersection;happy_guided_reordered;happy;2;Q2_margin_month;True;c1;True;0;0;0;0.666667;0.4347;True;1;1;19
ablation_ceval_any_intersection;happy_guided_reordered;happy;3;Q3_stockout_store;True;c2;True;0;0;0;1.0;0.415;True;1;1;19
baseline_random_matched;happy_guided_reordered;happy;1;Q1_sales_growth;True;c3;False;0;1;0;0.0;0.0042;;0;0;19
baseline_random_matched;happy_guided_reordered;happy;2;Q2_margin_month;True;c1;True;0;0;0;0.333333;0.0011;;0;0;19
baseline_random_matched;happy_guided_reordered;happy;3;Q3_stockout_store;True;c2;True;0;0;0;0.666667;0.0009;;0;0;19
mcad;happy_guided_compact;happy;1;Q1_margin_month;True;c1;True;0;0;0;0.333333;0.2986;True;1;1;19
mcad;happy_guided_compact;happy;2;Q2_sales_growth;True;c3;True;0;0;0;0.666667;0.3534;True;2;1;19
mcad;happy_guided_compact;happy;3;Q3_stockout_store;True;c2;True;0;0;0;1.0;0.2378;True;1;1;19
baseline_naive;happy_guided_compact;happy;1;Q1_margin_month;True;c1;True;0;0;0;0.333333;0.0012;;0;0;19
baseline_naive;happy_guided_compact;happy;2;Q2_sales_growth;True;c3;True;0;0;0;0.666667;0.0008;;0;0;19
baseline_naive;happy_guided_compact;happy;3;Q3_stockout_store;True;c2;True;0;0;0;1.0;0.0006;;0;0;19
baseline_measure_overlap;happy_guided_compact;happy;1;Q1_margin_month;True;c1;True;0;0;0;0.333333;0.0169;;0;0;19
baseline_measure_overlap;happy_guided_compact;happy;2;Q2_sales_growth;True;c3;True;0;0;0;0.666667;0.0053;;0;0;19
baseline_measure_overlap;happy_guided_compact;happy;3;Q3_stockout_store;True;c2;True;0;0;0;1.0;0.0047;;0;0;19
ablation_no_sat;happy_guided_compact;happy;1;Q1_margin_month;True;c1;True;0;0;0;0.333333;0.3098;True;1;1;19
ablation_no_sat;happy_guided_compact;happy;2;Q2_sales_growth;True;c3;True;0;0;0;0.666667;0.3316;True;2;1;19
ablation_no_sat;happy_guided_compact;happy;3;Q3_stockout_store;True;c2;True;0;0;0;1.0;0.2384;True;1;1;19
ablation_no_real;happy_guided_compact;happy;1;Q1_margin_month;True;c1;True;0;0;0;0.333333;0.3207;True;1;1;19
ablation_no_real;happy_guided_compact;happy;2;Q2_sales_growth;True;c3;True;0;0;0;0.666667;0.3555;True;2;1;19
ablation_no_real;happy_guided_compact;happy;3;Q3_stockout_store;True;c2;True;0;0;0;1.0;0.254;True;1;1;19
ablation_ceval_any_intersection;happy_guided_compact;happy;1;Q1_margin_month;True;c1;True;0;0;0;0.333333;0.2894;True;1;1;19
ablation_ceval_any_intersection;happy_guided_compact;happy;2;Q2_sales_growth;True;c3;True;0;0;0;0.666667;0.3313;True;2;1;19
ablation_ceval_any_intersection;happy_guided_compact;happy;3;Q3_stockout_store;True;c2;True;0;0;0;1.0;0.2368;True;1;1;19
baseline_random_matched;happy_guided_compact;happy;1;Q1_margin_month;True;c1;False;0;1;0;0.0;0.0029;;0;0;19
baseline_random_matched;happy_guided_compact;happy;2;Q2_sales_growth;True;c3;True;0;0;0;0.333333;0.0006;;0;0;19
baseline_random_matched;happy_guided_compact;happy;3;Q3_stockout_store;True;c2;True;0;0;0;0.666667;0.0005;;0;0;19
mcad;border_growth_partial_1998_only;border;1;Q1_sales_1998_only;False;;False;0;0;0;0.0;0.3404;True;1;0;19
baseline_naive;border_growth_partial_1998_only;border;1;Q1_sales_1998_only;False;;True;1;0;1;0.0;0.0009;;0;0;19
baseline_measure_overlap;border_growth_partial_1998_only;border;1;Q1_sales_1998_only;False;;True;1;0;1;0.0;0.0136;;0;0;19
ablation_no_sat;border_growth_partial_1998_only;border;1;Q1_sales_1998_only;False;;False;0;0;0;0.0;0.3421;True;1;0;19
ablation_no_real;border_growth_partial_1998_only;border;1;Q1_sales_1998_only;False;;True;1;0;1;0.0;0.3915;True;1;0;19
ablation_ceval_any_intersection;border_growth_partial_1998_only;border;1;Q1_sales_1998_only;False;;True;1;0;1;0.0;0.3379;True;1;1;19
baseline_random_matched;border_growth_partial_1998_only;border;1;Q1_sales_1998_only;False;;False;0;0;0;0.0;0.0029;;0;0;19
mcad;border_margin_wrong_grain;border;1;Q1_margin_quarter_only;False;;False;0;0;0;0.0;0.196;False;0;0;19
baseline_naive;border_margin_wrong_grain;border;1;Q1_margin_quarter_only;False;;True;1;0;1;0.0;0.0009;;0;0;19
baseline_measure_overlap;border_margin_wrong_grain;border;1;Q1_margin_quarter_only;False;;True;1;0;1;0.0;0.024;;0;0;19
ablation_no_sat;border_margin_wrong_grain;border;1;Q1_margin_quarter_only;False;;False;0;0;0;0.0;0.4184;False;0;0;19
ablation_no_real;border_margin_wrong_grain;border;1;Q1_margin_quarter_only;False;;False;0;0;0;0.0;0.2053;False;0;0;19
ablation_ceval_any_intersection;border_margin_wrong_grain;border;1;Q1_margin_quarter_only;False;;False;0;0;0;0.0;0.1941;False;0;0;19
baseline_random_matched;border_margin_wrong_grain;border;1;Q1_margin_quarter_only;False;;False;0;0;0;0.0;0.0034;;0;0;19
mcad;border_stockout_missing_store;border;1;Q1_stockout_category_only;False;;False;0;0;0;0.0;0.205;False;0;0;19
baseline_naive;border_stockout_missing_store;border;1;Q1_stockout_category_only;False;;True;1;0;1;0.0;0.0009;;0;0;19
baseline_measure_overlap;border_stockout_missing_store;border;1;Q1_stockout_category_only;False;;True;1;0;1;0.0;0.0203;;0;0;19
ablation_no_sat;border_stockout_missing_store;border;1;Q1_stockout_category_only;False;;False;0;0;0;0.0;0.4539;False;0;0;19
ablation_no_real;border_stockout_missing_store;border;1;Q1_stockout_category_only;False;;False;0;0;0;0.0;0.3899;False;0;0;19
ablation_ceval_any_intersection;border_stockout_missing_store;border;1;Q1_stockout_category_only;False;;False;0;0;0;0.0;0.3529;False;0;0;19
baseline_random_matched;border_stockout_missing_store;border;1;Q1_stockout_category_only;False;;True;1;0;1;0.0;0.0049;;0;0;19
mcad;adversarial_wrong_region;adversarial;1;Q1_margin_south;False;;False;0;0;0;0.0;0.2876;False;0;0;19
baseline_naive;adversarial_wrong_region;adversarial;1;Q1_margin_south;False;;True;1;0;1;0.0;0.0011;;0;0;19
baseline_measure_overlap;adversarial_wrong_region;adversarial;1;Q1_margin_south;False;;True;1;0;1;0.0;0.0165;;0;0;19
ablation_no_sat;adversarial_wrong_region;adversarial;1;Q1_margin_south;False;;False;0;0;0;0.0;0.2162;False;0;0;19
ablation_no_real;adversarial_wrong_region;adversarial;1;Q1_margin_south;False;;False;0;0;0;0.0;0.178;False;0;0;19
ablation_ceval_any_intersection;adversarial_wrong_region;adversarial;1;Q1_margin_south;False;;False;0;0;0;0.0;0.1682;False;0;0;19
baseline_random_matched;adversarial_wrong_region;adversarial;1;Q1_margin_south;False;;False;0;0;0;0.0;0.003;;0;0;19
mcad;adversarial_wrong_year;adversarial;1;Q1_stockout_1997;False;;False;0;0;0;0.0;0.165;False;0;0;19
baseline_naive;adversarial_wrong_year;adversarial;1;Q1_stockout_1997;False;;True;1;0;1;0.0;0.0013;;0;0;19
baseline_measure_overlap;adversarial_wrong_year;adversarial;1;Q1_stockout_1997;False;;True;1;0;1;0.0;0.0131;;0;0;19
ablation_no_sat;adversarial_wrong_year;adversarial;1;Q1_stockout_1997;False;;False;0;0;0;0.0;0.1891;False;0;0;19
ablation_no_real;adversarial_wrong_year;adversarial;1;Q1_stockout_1997;False;;False;0;0;0;0.0;0.172;False;0;0;19
ablation_ceval_any_intersection;adversarial_wrong_year;adversarial;1;Q1_stockout_1997;False;;False;0;0;0;0.0;0.1619;False;0;0;19
baseline_random_matched;adversarial_wrong_year;adversarial;1;Q1_stockout_1997;False;;True;1;0;1;0.0;0.0033;;0;0;19
mcad;adversarial_invalid_no_measures;adversarial;1;Q1_invalid_no_measure;False;;False;0;0;0;0.0;0.0719;False;0;0;19
baseline_naive;adversarial_invalid_no_measures;adversarial;1;Q1_invalid_no_measure;False;;True;1;0;1;0.0;0.0012;;0;0;19
baseline_measure_overlap;adversarial_invalid_no_measures;adversarial;1;Q1_invalid_no_measure;False;;False;0;0;0;0.0;0.0194;;0;0;19
ablation_no_sat;adversarial_invalid_no_measures;adversarial;1;Q1_invalid_no_measure;False;;False;0;0;0;0.0;0.1128;False;0;0;19
ablation_no_real;adversarial_invalid_no_measures;adversarial;1;Q1_invalid_no_measure;False;;False;0;0;0;0.0;0.0801;False;0;0;19
ablation_ceval_any_intersection;adversarial_invalid_no_measures;adversarial;1;Q1_invalid_no_measure;False;;False;0;0;0;0.0;0.0718;False;0;0;19
baseline_random_matched;adversarial_invalid_no_measures;adversarial;1;Q1_invalid_no_measure;False;;True;1;0;1;0.0;0.0026;;0;0;19
mcad;stress_exploratory_then_useful;stress;1;Q1_noise_region;False;;False;0;0;0;0.0;0.201;False;0;0;19
mcad;stress_exploratory_then_useful;stress;2;Q2_noise_margin_all;False;;False;0;0;0;0.0;0.1425;False;0;0;19
mcad;stress_exploratory_then_useful;stress;3;Q3_useful_margin;True;c1;True;0;0;0;0.333333;0.2499;True;1;1;19
baseline_naive;stress_exploratory_then_useful;stress;1;Q1_noise_region;False;;True;1;0;1;0.0;0.0009;;0;0;19
baseline_naive;stress_exploratory_then_useful;stress;2;Q2_noise_margin_all;False;;True;1;0;1;0.0;0.0005;;0;0;19
baseline_naive;stress_exploratory_then_useful;stress;3;Q3_useful_margin;True;c1;True;0;0;0;0.333333;0.0003;;0;0;19
baseline_measure_overlap;stress_exploratory_then_useful;stress;1;Q1_noise_region;False;;True;1;0;1;0.0;0.0204;;0;0;19
baseline_measure_overlap;stress_exploratory_then_useful;stress;2;Q2_noise_margin_all;False;;True;1;0;1;0.0;0.0087;;0;0;19
baseline_measure_overlap;stress_exploratory_then_useful;stress;3;Q3_useful_margin;True;c1;True;0;0;0;0.333333;0.0078;;0;0;19
ablation_no_sat;stress_exploratory_then_useful;stress;1;Q1_noise_region;False;;False;0;0;0;0.0;0.2408;False;0;0;19
ablation_no_sat;stress_exploratory_then_useful;stress;2;Q2_noise_margin_all;False;;False;0;0;0;0.0;0.1686;False;0;0;19
ablation_no_sat;stress_exploratory_then_useful;stress;3;Q3_useful_margin;True;c1;True;0;0;0;0.333333;0.2554;True;1;1;19
ablation_no_real;stress_exploratory_then_useful;stress;1;Q1_noise_region;False;;False;0;0;0;0.0;0.2149;False;0;0;19
ablation_no_real;stress_exploratory_then_useful;stress;2;Q2_noise_margin_all;False;;False;0;0;0;0.0;0.1521;False;0;0;19
ablation_no_real;stress_exploratory_then_useful;stress;3;Q3_useful_margin;True;c1;True;0;0;0;0.333333;0.2539;True;1;1;19
ablation_ceval_any_intersection;stress_exploratory_then_useful;stress;1;Q1_noise_region;False;;False;0;0;0;0.0;0.1946;False;0;0;19
ablation_ceval_any_intersection;stress_exploratory_then_useful;stress;2;Q2_noise_margin_all;False;;False;0;0;0;0.0;0.1412;False;0;0;19
ablation_ceval_any_intersection;stress_exploratory_then_useful;stress;3;Q3_useful_margin;True;c1;True;0;0;0;0.333333;0.2436;True;1;1;19
baseline_random_matched;stress_exploratory_then_useful;stress;1;Q1_noise_region;False;;False;0;0;0;0.0;0.0026;;0;0;19
baseline_random_matched;stress_exploratory_then_useful;stress;2;Q2_noise_margin_all;False;;True;1;0;1;0.0;0.0006;;0;0;19
baseline_random_matched;stress_exploratory_then_useful;stress;3;Q3_useful_margin;True;c1;True;0;0;0;0.333333;0.0005;;0;0;19
mcad;happy_guided_article_short;happy;1;Q1_margin_month;True;c1;True;0;0;0;0.333333;0.2758;True;1;1;20
mcad;happy_guided_article_short;happy;2;Q2_stockout_store;True;c2;True;0;0;0;0.666667;0.2531;True;1;1;20
mcad;happy_guided_article_short;happy;3;Q3_sales_growth;True;c3;True;0;0;0;1.0;0.3266;True;2;1;20
baseline_naive;happy_guided_article_short;happy;1;Q1_margin_month;True;c1;True;0;0;0;0.333333;0.0009;;0;0;20
baseline_naive;happy_guided_article_short;happy;2;Q2_stockout_store;True;c2;True;0;0;0;0.666667;0.0004;;0;0;20
baseline_naive;happy_guided_article_short;happy;3;Q3_sales_growth;True;c3;True;0;0;0;1.0;0.0004;;0;0;20
baseline_measure_overlap;happy_guided_article_short;happy;1;Q1_margin_month;True;c1;True;0;0;0;0.333333;0.0136;;0;0;20
baseline_measure_overlap;happy_guided_article_short;happy;2;Q2_stockout_store;True;c2;True;0;0;0;0.666667;0.0056;;0;0;20
baseline_measure_overlap;happy_guided_article_short;happy;3;Q3_sales_growth;True;c3;True;0;0;0;1.0;0.0043;;0;0;20
ablation_no_sat;happy_guided_article_short;happy;1;Q1_margin_month;True;c1;True;0;0;0;0.333333;0.2777;True;1;1;20
ablation_no_sat;happy_guided_article_short;happy;2;Q2_stockout_store;True;c2;True;0;0;0;0.666667;0.2434;True;1;1;20
ablation_no_sat;happy_guided_article_short;happy;3;Q3_sales_growth;True;c3;True;0;0;0;1.0;0.337;True;2;1;20
ablation_no_real;happy_guided_article_short;happy;1;Q1_margin_month;True;c1;True;0;0;0;0.333333;0.2841;True;1;1;20
ablation_no_real;happy_guided_article_short;happy;2;Q2_stockout_store;True;c2;True;0;0;0;0.666667;0.2775;True;1;1;20
ablation_no_real;happy_guided_article_short;happy;3;Q3_sales_growth;True;c3;True;0;0;0;1.0;0.334;True;2;1;20
ablation_ceval_any_intersection;happy_guided_article_short;happy;1;Q1_margin_month;True;c1;True;0;0;0;0.333333;0.2799;True;1;1;20
ablation_ceval_any_intersection;happy_guided_article_short;happy;2;Q2_stockout_store;True;c2;True;0;0;0;0.666667;0.2457;True;1;1;20
ablation_ceval_any_intersection;happy_guided_article_short;happy;3;Q3_sales_growth;True;c3;True;0;0;0;1.0;0.3702;True;2;1;20
baseline_random_matched;happy_guided_article_short;happy;1;Q1_margin_month;True;c1;True;0;0;0;0.333333;0.0042;;0;0;20
baseline_random_matched;happy_guided_article_short;happy;2;Q2_stockout_store;True;c2;True;0;0;0;0.666667;0.001;;0;0;20
baseline_random_matched;happy_guided_article_short;happy;3;Q3_sales_growth;True;c3;True;0;0;0;1.0;0.0007;;0;0;20
mcad;happy_guided_reordered;happy;1;Q1_sales_growth;True;c3;True;0;0;0;0.333333;0.3697;True;2;1;20
mcad;happy_guided_reordered;happy;2;Q2_margin_month;True;c1;True;0;0;0;0.666667;0.252;True;1;1;20
mcad;happy_guided_reordered;happy;3;Q3_stockout_store;True;c2;True;0;0;0;1.0;0.2901;True;1;1;20
baseline_naive;happy_guided_reordered;happy;1;Q1_sales_growth;True;c3;True;0;0;0;0.333333;0.0009;;0;0;20
baseline_naive;happy_guided_reordered;happy;2;Q2_margin_month;True;c1;True;0;0;0;0.666667;0.0004;;0;0;20
baseline_naive;happy_guided_reordered;happy;3;Q3_stockout_store;True;c2;True;0;0;0;1.0;0.0003;;0;0;20
baseline_measure_overlap;happy_guided_reordered;happy;1;Q1_sales_growth;True;c3;True;0;0;0;0.333333;0.0239;;0;0;20
baseline_measure_overlap;happy_guided_reordered;happy;2;Q2_margin_month;True;c1;True;0;0;0;0.666667;0.0079;;0;0;20
baseline_measure_overlap;happy_guided_reordered;happy;3;Q3_stockout_store;True;c2;True;0;0;0;1.0;0.0071;;0;0;20
ablation_no_sat;happy_guided_reordered;happy;1;Q1_sales_growth;True;c3;True;0;0;0;0.333333;0.3721;True;2;1;20
ablation_no_sat;happy_guided_reordered;happy;2;Q2_margin_month;True;c1;True;0;0;0;0.666667;0.276;True;1;1;20
ablation_no_sat;happy_guided_reordered;happy;3;Q3_stockout_store;True;c2;True;0;0;0;1.0;0.2493;True;1;1;20
ablation_no_real;happy_guided_reordered;happy;1;Q1_sales_growth;True;c3;True;0;0;0;0.333333;0.3912;True;2;1;20
ablation_no_real;happy_guided_reordered;happy;2;Q2_margin_month;True;c1;True;0;0;0;0.666667;0.2868;True;1;1;20
ablation_no_real;happy_guided_reordered;happy;3;Q3_stockout_store;True;c2;True;0;0;0;1.0;0.2584;True;1;1;20
ablation_ceval_any_intersection;happy_guided_reordered;happy;1;Q1_sales_growth;True;c3;True;0;0;0;0.333333;0.3742;True;2;1;20
ablation_ceval_any_intersection;happy_guided_reordered;happy;2;Q2_margin_month;True;c1;True;0;0;0;0.666667;0.2457;True;1;1;20
ablation_ceval_any_intersection;happy_guided_reordered;happy;3;Q3_stockout_store;True;c2;True;0;0;0;1.0;0.2377;True;1;1;20
baseline_random_matched;happy_guided_reordered;happy;1;Q1_sales_growth;True;c3;True;0;0;0;0.333333;0.0029;;0;0;20
baseline_random_matched;happy_guided_reordered;happy;2;Q2_margin_month;True;c1;True;0;0;0;0.666667;0.0007;;0;0;20
baseline_random_matched;happy_guided_reordered;happy;3;Q3_stockout_store;True;c2;False;0;1;0;0.666667;0.0006;;0;0;20
mcad;happy_guided_compact;happy;1;Q1_margin_month;True;c1;True;0;0;0;0.333333;0.2818;True;1;1;20
mcad;happy_guided_compact;happy;2;Q2_sales_growth;True;c3;True;0;0;0;0.666667;0.3472;True;2;1;20
mcad;happy_guided_compact;happy;3;Q3_stockout_store;True;c2;True;0;0;0;1.0;0.2416;True;1;1;20
baseline_naive;happy_guided_compact;happy;1;Q1_margin_month;True;c1;True;0;0;0;0.333333;0.0009;;0;0;20
baseline_naive;happy_guided_compact;happy;2;Q2_sales_growth;True;c3;True;0;0;0;0.666667;0.0005;;0;0;20
baseline_naive;happy_guided_compact;happy;3;Q3_stockout_store;True;c2;True;0;0;0;1.0;0.0003;;0;0;20
baseline_measure_overlap;happy_guided_compact;happy;1;Q1_margin_month;True;c1;True;0;0;0;0.333333;0.0193;;0;0;20
baseline_measure_overlap;happy_guided_compact;happy;2;Q2_sales_growth;True;c3;True;0;0;0;0.666667;0.0053;;0;0;20
baseline_measure_overlap;happy_guided_compact;happy;3;Q3_stockout_store;True;c2;True;0;0;0;1.0;0.004;;0;0;20
ablation_no_sat;happy_guided_compact;happy;1;Q1_margin_month;True;c1;True;0;0;0;0.333333;0.3029;True;1;1;20
ablation_no_sat;happy_guided_compact;happy;2;Q2_sales_growth;True;c3;True;0;0;0;0.666667;0.3359;True;2;1;20
ablation_no_sat;happy_guided_compact;happy;3;Q3_stockout_store;True;c2;True;0;0;0;1.0;0.2493;True;1;1;20
ablation_no_real;happy_guided_compact;happy;1;Q1_margin_month;True;c1;True;0;0;0;0.333333;0.3058;True;1;1;20
ablation_no_real;happy_guided_compact;happy;2;Q2_sales_growth;True;c3;True;0;0;0;0.666667;0.3455;True;2;1;20
ablation_no_real;happy_guided_compact;happy;3;Q3_stockout_store;True;c2;True;0;0;0;1.0;0.2502;True;1;1;20
ablation_ceval_any_intersection;happy_guided_compact;happy;1;Q1_margin_month;True;c1;True;0;0;0;0.333333;0.279;True;1;1;20
ablation_ceval_any_intersection;happy_guided_compact;happy;2;Q2_sales_growth;True;c3;True;0;0;0;0.666667;0.344;True;2;1;20
ablation_ceval_any_intersection;happy_guided_compact;happy;3;Q3_stockout_store;True;c2;True;0;0;0;1.0;0.2395;True;1;1;20
baseline_random_matched;happy_guided_compact;happy;1;Q1_margin_month;True;c1;False;0;1;0;0.0;0.0028;;0;0;20
baseline_random_matched;happy_guided_compact;happy;2;Q2_sales_growth;True;c3;False;0;1;0;0.0;0.0007;;0;0;20
baseline_random_matched;happy_guided_compact;happy;3;Q3_stockout_store;True;c2;True;0;0;0;0.333333;0.0005;;0;0;20
mcad;border_growth_partial_1998_only;border;1;Q1_sales_1998_only;False;;False;0;0;0;0.0;0.3417;True;1;0;20
baseline_naive;border_growth_partial_1998_only;border;1;Q1_sales_1998_only;False;;True;1;0;1;0.0;0.0015;;0;0;20
baseline_measure_overlap;border_growth_partial_1998_only;border;1;Q1_sales_1998_only;False;;True;1;0;1;0.0;0.0136;;0;0;20
ablation_no_sat;border_growth_partial_1998_only;border;1;Q1_sales_1998_only;False;;False;0;0;0;0.0;0.3395;True;1;0;20
ablation_no_real;border_growth_partial_1998_only;border;1;Q1_sales_1998_only;False;;True;1;0;1;0.0;0.3556;True;1;0;20
ablation_ceval_any_intersection;border_growth_partial_1998_only;border;1;Q1_sales_1998_only;False;;True;1;0;1;0.0;0.3403;True;1;1;20
baseline_random_matched;border_growth_partial_1998_only;border;1;Q1_sales_1998_only;False;;True;1;0;1;0.0;0.003;;0;0;20
mcad;border_margin_wrong_grain;border;1;Q1_margin_quarter_only;False;;False;0;0;0;0.0;0.1969;False;0;0;20
baseline_naive;border_margin_wrong_grain;border;1;Q1_margin_quarter_only;False;;True;1;0;1;0.0;0.0009;;0;0;20
baseline_measure_overlap;border_margin_wrong_grain;border;1;Q1_margin_quarter_only;False;;True;1;0;1;0.0;0.0187;;0;0;20
ablation_no_sat;border_margin_wrong_grain;border;1;Q1_margin_quarter_only;False;;False;0;0;0;0.0;0.2743;False;0;0;20
ablation_no_real;border_margin_wrong_grain;border;1;Q1_margin_quarter_only;False;;False;0;0;0;0.0;0.2078;False;0;0;20
ablation_ceval_any_intersection;border_margin_wrong_grain;border;1;Q1_margin_quarter_only;False;;False;0;0;0;0.0;0.1967;False;0;0;20
baseline_random_matched;border_margin_wrong_grain;border;1;Q1_margin_quarter_only;False;;True;1;0;1;0.0;0.003;;0;0;20
mcad;border_stockout_missing_store;border;1;Q1_stockout_category_only;False;;False;0;0;0;0.0;0.1995;False;0;0;20
baseline_naive;border_stockout_missing_store;border;1;Q1_stockout_category_only;False;;True;1;0;1;0.0;0.0009;;0;0;20
baseline_measure_overlap;border_stockout_missing_store;border;1;Q1_stockout_category_only;False;;True;1;0;1;0.0;0.0195;;0;0;20
ablation_no_sat;border_stockout_missing_store;border;1;Q1_stockout_category_only;False;;False;0;0;0;0.0;0.4626;False;0;0;20
ablation_no_real;border_stockout_missing_store;border;1;Q1_stockout_category_only;False;;False;0;0;0;0.0;0.2096;False;0;0;20
ablation_ceval_any_intersection;border_stockout_missing_store;border;1;Q1_stockout_category_only;False;;False;0;0;0;0.0;0.1987;False;0;0;20
baseline_random_matched;border_stockout_missing_store;border;1;Q1_stockout_category_only;False;;False;0;0;0;0.0;0.0028;;0;0;20
mcad;adversarial_wrong_region;adversarial;1;Q1_margin_south;False;;False;0;0;0;0.0;0.1693;False;0;0;20
baseline_naive;adversarial_wrong_region;adversarial;1;Q1_margin_south;False;;True;1;0;1;0.0;0.0009;;0;0;20
baseline_measure_overlap;adversarial_wrong_region;adversarial;1;Q1_margin_south;False;;True;1;0;1;0.0;0.0186;;0;0;20
ablation_no_sat;adversarial_wrong_region;adversarial;1;Q1_margin_south;False;;False;0;0;0;0.0;0.3769;False;0;0;20
ablation_no_real;adversarial_wrong_region;adversarial;1;Q1_margin_south;False;;False;0;0;0;0.0;0.2678;False;0;0;20
ablation_ceval_any_intersection;adversarial_wrong_region;adversarial;1;Q1_margin_south;False;;False;0;0;0;0.0;0.3066;False;0;0;20
baseline_random_matched;adversarial_wrong_region;adversarial;1;Q1_margin_south;False;;False;0;0;0;0.0;0.0041;;0;0;20
mcad;adversarial_wrong_year;adversarial;1;Q1_stockout_1997;False;;False;0;0;0;0.0;0.2977;False;0;0;20
baseline_naive;adversarial_wrong_year;adversarial;1;Q1_stockout_1997;False;;True;1;0;1;0.0;0.0012;;0;0;20
baseline_measure_overlap;adversarial_wrong_year;adversarial;1;Q1_stockout_1997;False;;True;1;0;1;0.0;0.017;;0;0;20
ablation_no_sat;adversarial_wrong_year;adversarial;1;Q1_stockout_1997;False;;False;0;0;0;0.0;0.2057;False;0;0;20
ablation_no_real;adversarial_wrong_year;adversarial;1;Q1_stockout_1997;False;;False;0;0;0;0.0;0.1789;False;0;0;20
ablation_ceval_any_intersection;adversarial_wrong_year;adversarial;1;Q1_stockout_1997;False;;False;0;0;0;0.0;0.168;False;0;0;20
baseline_random_matched;adversarial_wrong_year;adversarial;1;Q1_stockout_1997;False;;True;1;0;1;0.0;0.0029;;0;0;20
mcad;adversarial_invalid_no_measures;adversarial;1;Q1_invalid_no_measure;False;;False;0;0;0;0.0;0.1106;False;0;0;20
baseline_naive;adversarial_invalid_no_measures;adversarial;1;Q1_invalid_no_measure;False;;True;1;0;1;0.0;0.0013;;0;0;20
baseline_measure_overlap;adversarial_invalid_no_measures;adversarial;1;Q1_invalid_no_measure;False;;False;0;0;0;0.0;0.0153;;0;0;20
ablation_no_sat;adversarial_invalid_no_measures;adversarial;1;Q1_invalid_no_measure;False;;False;0;0;0;0.0;0.0972;False;0;0;20
ablation_no_real;adversarial_invalid_no_measures;adversarial;1;Q1_invalid_no_measure;False;;False;0;0;0;0.0;0.0859;False;0;0;20
ablation_ceval_any_intersection;adversarial_invalid_no_measures;adversarial;1;Q1_invalid_no_measure;False;;False;0;0;0;0.0;0.078;False;0;0;20
baseline_random_matched;adversarial_invalid_no_measures;adversarial;1;Q1_invalid_no_measure;False;;True;1;0;1;0.0;0.0029;;0;0;20
mcad;stress_exploratory_then_useful;stress;1;Q1_noise_region;False;;False;0;0;0;0.0;0.3562;False;0;0;20
mcad;stress_exploratory_then_useful;stress;2;Q2_noise_margin_all;False;;False;0;0;0;0.0;0.8615;False;0;0;20
mcad;stress_exploratory_then_useful;stress;3;Q3_useful_margin;True;c1;True;0;0;0;0.333333;1.0456;True;1;1;20
baseline_naive;stress_exploratory_then_useful;stress;1;Q1_noise_region;False;;True;1;0;1;0.0;0.0016;;0;0;20
baseline_naive;stress_exploratory_then_useful;stress;2;Q2_noise_margin_all;False;;True;1;0;1;0.0;0.0007;;0;0;20
baseline_naive;stress_exploratory_then_useful;stress;3;Q3_useful_margin;True;c1;True;0;0;0;0.333333;0.0006;;0;0;20
baseline_measure_overlap;stress_exploratory_then_useful;stress;1;Q1_noise_region;False;;True;1;0;1;0.0;0.0163;;0;0;20
baseline_measure_overlap;stress_exploratory_then_useful;stress;2;Q2_noise_margin_all;False;;True;1;0;1;0.0;0.0059;;0;0;20
baseline_measure_overlap;stress_exploratory_then_useful;stress;3;Q3_useful_margin;True;c1;True;0;0;0;0.333333;0.004;;0;0;20
ablation_no_sat;stress_exploratory_then_useful;stress;1;Q1_noise_region;False;;False;0;0;0;0.0;0.2498;False;0;0;20
ablation_no_sat;stress_exploratory_then_useful;stress;2;Q2_noise_margin_all;False;;False;0;0;0;0.0;0.1701;False;0;0;20
ablation_no_sat;stress_exploratory_then_useful;stress;3;Q3_useful_margin;True;c1;True;0;0;0;0.333333;0.2469;True;1;1;20
ablation_no_real;stress_exploratory_then_useful;stress;1;Q1_noise_region;False;;False;0;0;0;0.0;0.2052;False;0;0;20
ablation_no_real;stress_exploratory_then_useful;stress;2;Q2_noise_margin_all;False;;False;0;0;0;0.0;0.1488;False;0;0;20
ablation_no_real;stress_exploratory_then_useful;stress;3;Q3_useful_margin;True;c1;True;0;0;0;0.333333;0.2802;True;1;1;20
ablation_ceval_any_intersection;stress_exploratory_then_useful;stress;1;Q1_noise_region;False;;False;0;0;0;0.0;0.1945;False;0;0;20
ablation_ceval_any_intersection;stress_exploratory_then_useful;stress;2;Q2_noise_margin_all;False;;False;0;0;0;0.0;0.151;False;0;0;20
ablation_ceval_any_intersection;stress_exploratory_then_useful;stress;3;Q3_useful_margin;True;c1;True;0;0;0;0.333333;0.3413;True;1;1;20
baseline_random_matched;stress_exploratory_then_useful;stress;1;Q1_noise_region;False;;True;1;0;1;0.0;0.004;;0;0;20
baseline_random_matched;stress_exploratory_then_useful;stress;2;Q2_noise_margin_all;False;;True;1;0;1;0.0;0.001;;0;0;20
baseline_random_matched;stress_exploratory_then_useful;stress;3;Q3_useful_margin;True;c1;False;0;1;0;0.0;0.0008;;0;0;20
mcad;happy_guided_article_short;happy;1;Q1_margin_month;True;c1;True;0;0;0;0.333333;0.2808;True;1;1;21
mcad;happy_guided_article_short;happy;2;Q2_stockout_store;True;c2;True;0;0;0;0.666667;0.2705;True;1;1;21
mcad;happy_guided_article_short;happy;3;Q3_sales_growth;True;c3;True;0;0;0;1.0;0.3547;True;2;1;21
baseline_naive;happy_guided_article_short;happy;1;Q1_margin_month;True;c1;True;0;0;0;0.333333;0.0009;;0;0;21
baseline_naive;happy_guided_article_short;happy;2;Q2_stockout_store;True;c2;True;0;0;0;0.666667;0.0005;;0;0;21
baseline_naive;happy_guided_article_short;happy;3;Q3_sales_growth;True;c3;True;0;0;0;1.0;0.0003;;0;0;21
baseline_measure_overlap;happy_guided_article_short;happy;1;Q1_margin_month;True;c1;True;0;0;0;0.333333;0.0144;;0;0;21
baseline_measure_overlap;happy_guided_article_short;happy;2;Q2_stockout_store;True;c2;True;0;0;0;0.666667;0.0055;;0;0;21
baseline_measure_overlap;happy_guided_article_short;happy;3;Q3_sales_growth;True;c3;True;0;0;0;1.0;0.0045;;0;0;21
ablation_no_sat;happy_guided_article_short;happy;1;Q1_margin_month;True;c1;True;0;0;0;0.333333;0.2807;True;1;1;21
ablation_no_sat;happy_guided_article_short;happy;2;Q2_stockout_store;True;c2;True;0;0;0;0.666667;0.2438;True;1;1;21
ablation_no_sat;happy_guided_article_short;happy;3;Q3_sales_growth;True;c3;True;0;0;0;1.0;0.3413;True;2;1;21
ablation_no_real;happy_guided_article_short;happy;1;Q1_margin_month;True;c1;True;0;0;0;0.333333;0.2854;True;1;1;21
ablation_no_real;happy_guided_article_short;happy;2;Q2_stockout_store;True;c2;True;0;0;0;0.666667;0.2518;True;1;1;21
ablation_no_real;happy_guided_article_short;happy;3;Q3_sales_growth;True;c3;True;0;0;0;1.0;0.3348;True;2;1;21
ablation_ceval_any_intersection;happy_guided_article_short;happy;1;Q1_margin_month;True;c1;True;0;0;0;0.333333;0.4611;True;1;1;21
ablation_ceval_any_intersection;happy_guided_article_short;happy;2;Q2_stockout_store;True;c2;True;0;0;0;0.666667;0.4591;True;1;1;21
ablation_ceval_any_intersection;happy_guided_article_short;happy;3;Q3_sales_growth;True;c3;True;0;0;0;1.0;0.826;True;2;1;21
baseline_random_matched;happy_guided_article_short;happy;1;Q1_margin_month;True;c1;True;0;0;0;0.333333;0.0042;;0;0;21
baseline_random_matched;happy_guided_article_short;happy;2;Q2_stockout_store;True;c2;False;0;1;0;0.333333;0.0012;;0;0;21
baseline_random_matched;happy_guided_article_short;happy;3;Q3_sales_growth;True;c3;False;0;1;0;0.333333;0.0008;;0;0;21
mcad;happy_guided_reordered;happy;1;Q1_sales_growth;True;c3;True;0;0;0;0.333333;0.7199;True;2;1;21
mcad;happy_guided_reordered;happy;2;Q2_margin_month;True;c1;True;0;0;0;0.666667;0.4945;True;1;1;21
mcad;happy_guided_reordered;happy;3;Q3_stockout_store;True;c2;True;0;0;0;1.0;0.4955;True;1;1;21
baseline_naive;happy_guided_reordered;happy;1;Q1_sales_growth;True;c3;True;0;0;0;0.333333;0.0014;;0;0;21
baseline_naive;happy_guided_reordered;happy;2;Q2_margin_month;True;c1;True;0;0;0;0.666667;0.0008;;0;0;21
baseline_naive;happy_guided_reordered;happy;3;Q3_stockout_store;True;c2;True;0;0;0;1.0;0.0005;;0;0;21
baseline_measure_overlap;happy_guided_reordered;happy;1;Q1_sales_growth;True;c3;True;0;0;0;0.333333;0.0233;;0;0;21
baseline_measure_overlap;happy_guided_reordered;happy;2;Q2_margin_month;True;c1;True;0;0;0;0.666667;0.0098;;0;0;21
baseline_measure_overlap;happy_guided_reordered;happy;3;Q3_stockout_store;True;c2;True;0;0;0;1.0;0.0082;;0;0;21
ablation_no_sat;happy_guided_reordered;happy;1;Q1_sales_growth;True;c3;True;0;0;0;0.333333;0.668;True;2;1;21
ablation_no_sat;happy_guided_reordered;happy;2;Q2_margin_month;True;c1;True;0;0;0;0.666667;0.4541;True;1;1;21
ablation_no_sat;happy_guided_reordered;happy;3;Q3_stockout_store;True;c2;True;0;0;0;1.0;0.4456;True;1;1;21
ablation_no_real;happy_guided_reordered;happy;1;Q1_sales_growth;True;c3;True;0;0;0;0.333333;0.3796;True;2;1;21
ablation_no_real;happy_guided_reordered;happy;2;Q2_margin_month;True;c1;True;0;0;0;0.666667;0.2522;True;1;1;21
ablation_no_real;happy_guided_reordered;happy;3;Q3_stockout_store;True;c2;True;0;0;0;1.0;0.2544;True;1;1;21
ablation_ceval_any_intersection;happy_guided_reordered;happy;1;Q1_sales_growth;True;c3;True;0;0;0;0.333333;0.6716;True;2;1;21
ablation_ceval_any_intersection;happy_guided_reordered;happy;2;Q2_margin_month;True;c1;True;0;0;0;0.666667;0.4859;True;1;1;21
ablation_ceval_any_intersection;happy_guided_reordered;happy;3;Q3_stockout_store;True;c2;True;0;0;0;1.0;0.4641;True;1;1;21
baseline_random_matched;happy_guided_reordered;happy;1;Q1_sales_growth;True;c3;False;0;1;0;0.0;0.0029;;0;0;21
baseline_random_matched;happy_guided_reordered;happy;2;Q2_margin_month;True;c1;False;0;1;0;0.0;0.0007;;0;0;21
baseline_random_matched;happy_guided_reordered;happy;3;Q3_stockout_store;True;c2;True;0;0;0;0.333333;0.0005;;0;0;21
mcad;happy_guided_compact;happy;1;Q1_margin_month;True;c1;True;0;0;0;0.333333;0.2784;True;1;1;21
mcad;happy_guided_compact;happy;2;Q2_sales_growth;True;c3;True;0;0;0;0.666667;0.3464;True;2;1;21
mcad;happy_guided_compact;happy;3;Q3_stockout_store;True;c2;True;0;0;0;1.0;0.2424;True;1;1;21
baseline_naive;happy_guided_compact;happy;1;Q1_margin_month;True;c1;True;0;0;0;0.333333;0.0009;;0;0;21
baseline_naive;happy_guided_compact;happy;2;Q2_sales_growth;True;c3;True;0;0;0;0.666667;0.0004;;0;0;21
baseline_naive;happy_guided_compact;happy;3;Q3_stockout_store;True;c2;True;0;0;0;1.0;0.0003;;0;0;21
baseline_measure_overlap;happy_guided_compact;happy;1;Q1_margin_month;True;c1;True;0;0;0;0.333333;0.0186;;0;0;21
baseline_measure_overlap;happy_guided_compact;happy;2;Q2_sales_growth;True;c3;True;0;0;0;0.666667;0.0081;;0;0;21
baseline_measure_overlap;happy_guided_compact;happy;3;Q3_stockout_store;True;c2;True;0;0;0;1.0;0.0068;;0;0;21
ablation_no_sat;happy_guided_compact;happy;1;Q1_margin_month;True;c1;True;0;0;0;0.333333;0.2952;True;1;1;21
ablation_no_sat;happy_guided_compact;happy;2;Q2_sales_growth;True;c3;True;0;0;0;0.666667;0.3341;True;2;1;21
ablation_no_sat;happy_guided_compact;happy;3;Q3_stockout_store;True;c2;True;0;0;0;1.0;0.2415;True;1;1;21
ablation_no_real;happy_guided_compact;happy;1;Q1_margin_month;True;c1;True;0;0;0;0.333333;0.2856;True;1;1;21
ablation_no_real;happy_guided_compact;happy;2;Q2_sales_growth;True;c3;True;0;0;0;0.666667;0.3457;True;2;1;21
ablation_no_real;happy_guided_compact;happy;3;Q3_stockout_store;True;c2;True;0;0;0;1.0;0.2462;True;1;1;21
ablation_ceval_any_intersection;happy_guided_compact;happy;1;Q1_margin_month;True;c1;True;0;0;0;0.333333;0.2735;True;1;1;21
ablation_ceval_any_intersection;happy_guided_compact;happy;2;Q2_sales_growth;True;c3;True;0;0;0;0.666667;0.3293;True;2;1;21
ablation_ceval_any_intersection;happy_guided_compact;happy;3;Q3_stockout_store;True;c2;True;0;0;0;1.0;0.2394;True;1;1;21
baseline_random_matched;happy_guided_compact;happy;1;Q1_margin_month;True;c1;True;0;0;0;0.333333;0.0028;;0;0;21
baseline_random_matched;happy_guided_compact;happy;2;Q2_sales_growth;True;c3;False;0;1;0;0.333333;0.0007;;0;0;21
baseline_random_matched;happy_guided_compact;happy;3;Q3_stockout_store;True;c2;True;0;0;0;0.666667;0.0004;;0;0;21
mcad;border_growth_partial_1998_only;border;1;Q1_sales_1998_only;False;;False;0;0;0;0.0;0.3485;True;1;0;21
baseline_naive;border_growth_partial_1998_only;border;1;Q1_sales_1998_only;False;;True;1;0;1;0.0;0.0009;;0;0;21
baseline_measure_overlap;border_growth_partial_1998_only;border;1;Q1_sales_1998_only;False;;True;1;0;1;0.0;0.0133;;0;0;21
ablation_no_sat;border_growth_partial_1998_only;border;1;Q1_sales_1998_only;False;;False;0;0;0;0.0;0.6569;True;1;0;21
ablation_no_real;border_growth_partial_1998_only;border;1;Q1_sales_1998_only;False;;True;1;0;1;0.0;0.3448;True;1;0;21
ablation_ceval_any_intersection;border_growth_partial_1998_only;border;1;Q1_sales_1998_only;False;;True;1;0;1;0.0;0.3339;True;1;1;21
baseline_random_matched;border_growth_partial_1998_only;border;1;Q1_sales_1998_only;False;;False;0;0;0;0.0;0.0027;;0;0;21
mcad;border_margin_wrong_grain;border;1;Q1_margin_quarter_only;False;;False;0;0;0;0.0;0.2039;False;0;0;21
baseline_naive;border_margin_wrong_grain;border;1;Q1_margin_quarter_only;False;;True;1;0;1;0.0;0.0009;;0;0;21
baseline_measure_overlap;border_margin_wrong_grain;border;1;Q1_margin_quarter_only;False;;True;1;0;1;0.0;0.0131;;0;0;21
ablation_no_sat;border_margin_wrong_grain;border;1;Q1_margin_quarter_only;False;;False;0;0;0;0.0;0.4618;False;0;0;21
ablation_no_real;border_margin_wrong_grain;border;1;Q1_margin_quarter_only;False;;False;0;0;0;0.0;0.2041;False;0;0;21
ablation_ceval_any_intersection;border_margin_wrong_grain;border;1;Q1_margin_quarter_only;False;;False;0;0;0;0.0;0.1984;False;0;0;21
baseline_random_matched;border_margin_wrong_grain;border;1;Q1_margin_quarter_only;False;;False;0;0;0;0.0;0.0027;;0;0;21
mcad;border_stockout_missing_store;border;1;Q1_stockout_category_only;False;;False;0;0;0;0.0;0.1954;False;0;0;21
baseline_naive;border_stockout_missing_store;border;1;Q1_stockout_category_only;False;;True;1;0;1;0.0;0.0009;;0;0;21
baseline_measure_overlap;border_stockout_missing_store;border;1;Q1_stockout_category_only;False;;True;1;0;1;0.0;0.0191;;0;0;21
ablation_no_sat;border_stockout_missing_store;border;1;Q1_stockout_category_only;False;;False;0;0;0;0.0;0.2861;False;0;0;21
ablation_no_real;border_stockout_missing_store;border;1;Q1_stockout_category_only;False;;False;0;0;0;0.0;0.2089;False;0;0;21
ablation_ceval_any_intersection;border_stockout_missing_store;border;1;Q1_stockout_category_only;False;;False;0;0;0;0.0;0.1959;False;0;0;21
baseline_random_matched;border_stockout_missing_store;border;1;Q1_stockout_category_only;False;;True;1;0;1;0.0;0.0029;;0;0;21
mcad;adversarial_wrong_region;adversarial;1;Q1_margin_south;False;;False;0;0;0;0.0;0.168;False;0;0;21
baseline_naive;adversarial_wrong_region;adversarial;1;Q1_margin_south;False;;True;1;0;1;0.0;0.0009;;0;0;21
baseline_measure_overlap;adversarial_wrong_region;adversarial;1;Q1_margin_south;False;;True;1;0;1;0.0;0.0191;;0;0;21
ablation_no_sat;adversarial_wrong_region;adversarial;1;Q1_margin_south;False;;False;0;0;0;0.0;0.2044;False;0;0;21
ablation_no_real;adversarial_wrong_region;adversarial;1;Q1_margin_south;False;;False;0;0;0;0.0;0.1838;False;0;0;21
ablation_ceval_any_intersection;adversarial_wrong_region;adversarial;1;Q1_margin_south;False;;False;0;0;0;0.0;0.1779;False;0;0;21
baseline_random_matched;adversarial_wrong_region;adversarial;1;Q1_margin_south;False;;False;0;0;0;0.0;0.0028;;0;0;21
mcad;adversarial_wrong_year;adversarial;1;Q1_stockout_1997;False;;False;0;0;0;0.0;0.1673;False;0;0;21
baseline_naive;adversarial_wrong_year;adversarial;1;Q1_stockout_1997;False;;True;1;0;1;0.0;0.0009;;0;0;21
baseline_measure_overlap;adversarial_wrong_year;adversarial;1;Q1_stockout_1997;False;;True;1;0;1;0.0;0.0189;;0;0;21
ablation_no_sat;adversarial_wrong_year;adversarial;1;Q1_stockout_1997;False;;False;0;0;0;0.0;0.1886;False;0;0;21
ablation_no_real;adversarial_wrong_year;adversarial;1;Q1_stockout_1997;False;;False;0;0;0;0.0;0.1971;False;0;0;21
ablation_ceval_any_intersection;adversarial_wrong_year;adversarial;1;Q1_stockout_1997;False;;False;0;0;0;0.0;0.1634;False;0;0;21
baseline_random_matched;adversarial_wrong_year;adversarial;1;Q1_stockout_1997;False;;True;1;0;1;0.0;0.0033;;0;0;21
mcad;adversarial_invalid_no_measures;adversarial;1;Q1_invalid_no_measure;False;;False;0;0;0;0.0;0.0723;False;0;0;21
baseline_naive;adversarial_invalid_no_measures;adversarial;1;Q1_invalid_no_measure;False;;True;1;0;1;0.0;0.0009;;0;0;21
baseline_measure_overlap;adversarial_invalid_no_measures;adversarial;1;Q1_invalid_no_measure;False;;False;0;0;0;0.0;0.0128;;0;0;21
ablation_no_sat;adversarial_invalid_no_measures;adversarial;1;Q1_invalid_no_measure;False;;False;0;0;0;0.0;0.1315;False;0;0;21
ablation_no_real;adversarial_invalid_no_measures;adversarial;1;Q1_invalid_no_measure;False;;False;0;0;0;0.0;0.083;False;0;0;21
ablation_ceval_any_intersection;adversarial_invalid_no_measures;adversarial;1;Q1_invalid_no_measure;False;;False;0;0;0;0.0;0.071;False;0;0;21
baseline_random_matched;adversarial_invalid_no_measures;adversarial;1;Q1_invalid_no_measure;False;;False;0;0;0;0.0;0.0029;;0;0;21
mcad;stress_exploratory_then_useful;stress;1;Q1_noise_region;False;;False;0;0;0;0.0;0.203;False;0;0;21
mcad;stress_exploratory_then_useful;stress;2;Q2_noise_margin_all;False;;False;0;0;0;0.0;0.1464;False;0;0;21
mcad;stress_exploratory_then_useful;stress;3;Q3_useful_margin;True;c1;True;0;0;0;0.333333;0.2503;True;1;1;21
baseline_naive;stress_exploratory_then_useful;stress;1;Q1_noise_region;False;;True;1;0;1;0.0;0.001;;0;0;21
baseline_naive;stress_exploratory_then_useful;stress;2;Q2_noise_margin_all;False;;True;1;0;1;0.0;0.0004;;0;0;21
baseline_naive;stress_exploratory_then_useful;stress;3;Q3_useful_margin;True;c1;True;0;0;0;0.333333;0.0003;;0;0;21
baseline_measure_overlap;stress_exploratory_then_useful;stress;1;Q1_noise_region;False;;True;1;0;1;0.0;0.014;;0;0;21
baseline_measure_overlap;stress_exploratory_then_useful;stress;2;Q2_noise_margin_all;False;;True;1;0;1;0.0;0.0104;;0;0;21
baseline_measure_overlap;stress_exploratory_then_useful;stress;3;Q3_useful_margin;True;c1;True;0;0;0;0.333333;0.0041;;0;0;21
ablation_no_sat;stress_exploratory_then_useful;stress;1;Q1_noise_region;False;;False;0;0;0;0.0;0.2397;False;0;0;21
ablation_no_sat;stress_exploratory_then_useful;stress;2;Q2_noise_margin_all;False;;False;0;0;0;0.0;0.1687;False;0;0;21
ablation_no_sat;stress_exploratory_then_useful;stress;3;Q3_useful_margin;True;c1;True;0;0;0;0.333333;0.2681;True;1;1;21
ablation_no_real;stress_exploratory_then_useful;stress;1;Q1_noise_region;False;;False;0;0;0;0.0;0.3551;False;0;0;21
ablation_no_real;stress_exploratory_then_useful;stress;2;Q2_noise_margin_all;False;;False;0;0;0;0.0;0.267;False;0;0;21
ablation_no_real;stress_exploratory_then_useful;stress;3;Q3_useful_margin;True;c1;True;0;0;0;0.333333;0.3041;True;1;1;21
ablation_ceval_any_intersection;stress_exploratory_then_useful;stress;1;Q1_noise_region;False;;False;0;0;0;0.0;0.1965;False;0;0;21
ablation_ceval_any_intersection;stress_exploratory_then_useful;stress;2;Q2_noise_margin_all;False;;False;0;0;0;0.0;0.1428;False;0;0;21
ablation_ceval_any_intersection;stress_exploratory_then_useful;stress;3;Q3_useful_margin;True;c1;True;0;0;0;0.333333;0.2477;True;1;1;21
baseline_random_matched;stress_exploratory_then_useful;stress;1;Q1_noise_region;False;;False;0;0;0;0.0;0.0028;;0;0;21
baseline_random_matched;stress_exploratory_then_useful;stress;2;Q2_noise_margin_all;False;;False;0;0;0;0.0;0.0007;;0;0;21
baseline_random_matched;stress_exploratory_then_useful;stress;3;Q3_useful_margin;True;c1;True;0;0;0;0.333333;0.0004;;0;0;21
mcad;happy_guided_article_short;happy;1;Q1_margin_month;True;c1;True;0;0;0;0.333333;0.511;True;1;1;22
mcad;happy_guided_article_short;happy;2;Q2_stockout_store;True;c2;True;0;0;0;0.666667;0.489;True;1;1;22
mcad;happy_guided_article_short;happy;3;Q3_sales_growth;True;c3;True;0;0;0;1.0;0.672;True;2;1;22
baseline_naive;happy_guided_article_short;happy;1;Q1_margin_month;True;c1;True;0;0;0;0.333333;0.0015;;0;0;22
baseline_naive;happy_guided_article_short;happy;2;Q2_stockout_store;True;c2;True;0;0;0;0.666667;0.0007;;0;0;22
baseline_naive;happy_guided_article_short;happy;3;Q3_sales_growth;True;c3;True;0;0;0;1.0;0.0006;;0;0;22
baseline_measure_overlap;happy_guided_article_short;happy;1;Q1_margin_month;True;c1;True;0;0;0;0.333333;0.028;;0;0;22
baseline_measure_overlap;happy_guided_article_short;happy;2;Q2_stockout_store;True;c2;True;0;0;0;0.666667;0.015;;0;0;22
baseline_measure_overlap;happy_guided_article_short;happy;3;Q3_sales_growth;True;c3;True;0;0;0;1.0;0.0108;;0;0;22
ablation_no_sat;happy_guided_article_short;happy;1;Q1_margin_month;True;c1;True;0;0;0;0.333333;0.2862;True;1;1;22
ablation_no_sat;happy_guided_article_short;happy;2;Q2_stockout_store;True;c2;True;0;0;0;0.666667;0.2572;True;1;1;22
ablation_no_sat;happy_guided_article_short;happy;3;Q3_sales_growth;True;c3;True;0;0;0;1.0;0.436;True;2;1;22
ablation_no_real;happy_guided_article_short;happy;1;Q1_margin_month;True;c1;True;0;0;0;0.333333;0.2893;True;1;1;22
ablation_no_real;happy_guided_article_short;happy;2;Q2_stockout_store;True;c2;True;0;0;0;0.666667;0.272;True;1;1;22
ablation_no_real;happy_guided_article_short;happy;3;Q3_sales_growth;True;c3;True;0;0;0;1.0;0.3468;True;2;1;22
ablation_ceval_any_intersection;happy_guided_article_short;happy;1;Q1_margin_month;True;c1;True;0;0;0;0.333333;0.2773;True;1;1;22
ablation_ceval_any_intersection;happy_guided_article_short;happy;2;Q2_stockout_store;True;c2;True;0;0;0;0.666667;0.2435;True;1;1;22
ablation_ceval_any_intersection;happy_guided_article_short;happy;3;Q3_sales_growth;True;c3;True;0;0;0;1.0;0.3277;True;2;1;22
baseline_random_matched;happy_guided_article_short;happy;1;Q1_margin_month;True;c1;False;0;1;0;0.0;0.0027;;0;0;22
baseline_random_matched;happy_guided_article_short;happy;2;Q2_stockout_store;True;c2;True;0;0;0;0.333333;0.0006;;0;0;22
baseline_random_matched;happy_guided_article_short;happy;3;Q3_sales_growth;True;c3;True;0;0;0;0.666667;0.0004;;0;0;22
mcad;happy_guided_reordered;happy;1;Q1_sales_growth;True;c3;True;0;0;0;0.333333;0.367;True;2;1;22
mcad;happy_guided_reordered;happy;2;Q2_margin_month;True;c1;True;0;0;0;0.666667;0.2588;True;1;1;22
mcad;happy_guided_reordered;happy;3;Q3_stockout_store;True;c2;True;0;0;0;1.0;0.2404;True;1;1;22
baseline_naive;happy_guided_reordered;happy;1;Q1_sales_growth;True;c3;True;0;0;0;0.333333;0.0014;;0;0;22
baseline_naive;happy_guided_reordered;happy;2;Q2_margin_month;True;c1;True;0;0;0;0.666667;0.0007;;0;0;22
baseline_naive;happy_guided_reordered;happy;3;Q3_stockout_store;True;c2;True;0;0;0;1.0;0.0005;;0;0;22
baseline_measure_overlap;happy_guided_reordered;happy;1;Q1_sales_growth;True;c3;True;0;0;0;0.333333;0.0142;;0;0;22
baseline_measure_overlap;happy_guided_reordered;happy;2;Q2_margin_month;True;c1;True;0;0;0;0.666667;0.0053;;0;0;22
baseline_measure_overlap;happy_guided_reordered;happy;3;Q3_stockout_store;True;c2;True;0;0;0;1.0;0.0041;;0;0;22
ablation_no_sat;happy_guided_reordered;happy;1;Q1_sales_growth;True;c3;True;0;0;0;0.333333;0.379;True;2;1;22
ablation_no_sat;happy_guided_reordered;happy;2;Q2_margin_month;True;c1;True;0;0;0;0.666667;0.2459;True;1;1;22
ablation_no_sat;happy_guided_reordered;happy;3;Q3_stockout_store;True;c2;True;0;0;0;1.0;0.2377;True;1;1;22
ablation_no_real;happy_guided_reordered;happy;1;Q1_sales_growth;True;c3;True;0;0;0;0.333333;0.3684;True;2;1;22
ablation_no_real;happy_guided_reordered;happy;2;Q2_margin_month;True;c1;True;0;0;0;0.666667;0.2509;True;1;1;22
ablation_no_real;happy_guided_reordered;happy;3;Q3_stockout_store;True;c2;True;0;0;0;1.0;0.2522;True;1;1;22
ablation_ceval_any_intersection;happy_guided_reordered;happy;1;Q1_sales_growth;True;c3;True;0;0;0;0.333333;0.3604;True;2;1;22
ablation_ceval_any_intersection;happy_guided_reordered;happy;2;Q2_margin_month;True;c1;True;0;0;0;0.666667;0.2436;True;1;1;22
ablation_ceval_any_intersection;happy_guided_reordered;happy;3;Q3_stockout_store;True;c2;True;0;0;0;1.0;0.2343;True;1;1;22
baseline_random_matched;happy_guided_reordered;happy;1;Q1_sales_growth;True;c3;False;0;1;0;0.0;0.0026;;0;0;22
baseline_random_matched;happy_guided_reordered;happy;2;Q2_margin_month;True;c1;False;0;1;0;0.0;0.0006;;0;0;22
baseline_random_matched;happy_guided_reordered;happy;3;Q3_stockout_store;True;c2;True;0;0;0;0.333333;0.0004;;0;0;22
mcad;happy_guided_compact;happy;1;Q1_margin_month;True;c1;True;0;0;0;0.333333;0.2764;True;1;1;22
mcad;happy_guided_compact;happy;2;Q2_sales_growth;True;c3;True;0;0;0;0.666667;0.3602;True;2;1;22
mcad;happy_guided_compact;happy;3;Q3_stockout_store;True;c2;True;0;0;0;1.0;0.2417;True;1;1;22
baseline_naive;happy_guided_compact;happy;1;Q1_margin_month;True;c1;True;0;0;0;0.333333;0.0009;;0;0;22
baseline_naive;happy_guided_compact;happy;2;Q2_sales_growth;True;c3;True;0;0;0;0.666667;0.0004;;0;0;22
baseline_naive;happy_guided_compact;happy;3;Q3_stockout_store;True;c2;True;0;0;0;1.0;0.0004;;0;0;22
baseline_measure_overlap;happy_guided_compact;happy;1;Q1_margin_month;True;c1;True;0;0;0;0.333333;0.0188;;0;0;22
baseline_measure_overlap;happy_guided_compact;happy;2;Q2_sales_growth;True;c3;True;0;0;0;0.666667;0.0086;;0;0;22
baseline_measure_overlap;happy_guided_compact;happy;3;Q3_stockout_store;True;c2;True;0;0;0;1.0;0.0075;;0;0;22
ablation_no_sat;happy_guided_compact;happy;1;Q1_margin_month;True;c1;True;0;0;0;0.333333;0.278;True;1;1;22
ablation_no_sat;happy_guided_compact;happy;2;Q2_sales_growth;True;c3;True;0;0;0;0.666667;0.3331;True;2;1;22
ablation_no_sat;happy_guided_compact;happy;3;Q3_stockout_store;True;c2;True;0;0;0;1.0;0.2396;True;1;1;22
ablation_no_real;happy_guided_compact;happy;1;Q1_margin_month;True;c1;True;0;0;0;0.333333;0.2837;True;1;1;22
ablation_no_real;happy_guided_compact;happy;2;Q2_sales_growth;True;c3;True;0;0;0;0.666667;0.3514;True;2;1;22
ablation_no_real;happy_guided_compact;happy;3;Q3_stockout_store;True;c2;True;0;0;0;1.0;0.2439;True;1;1;22
ablation_ceval_any_intersection;happy_guided_compact;happy;1;Q1_margin_month;True;c1;True;0;0;0;0.333333;0.2731;True;1;1;22
ablation_ceval_any_intersection;happy_guided_compact;happy;2;Q2_sales_growth;True;c3;True;0;0;0;0.666667;0.3377;True;2;1;22
ablation_ceval_any_intersection;happy_guided_compact;happy;3;Q3_stockout_store;True;c2;True;0;0;0;1.0;0.2417;True;1;1;22
baseline_random_matched;happy_guided_compact;happy;1;Q1_margin_month;True;c1;True;0;0;0;0.333333;0.0024;;0;0;22
baseline_random_matched;happy_guided_compact;happy;2;Q2_sales_growth;True;c3;True;0;0;0;0.666667;0.0006;;0;0;22
baseline_random_matched;happy_guided_compact;happy;3;Q3_stockout_store;True;c2;True;0;0;0;1.0;0.0005;;0;0;22
mcad;border_growth_partial_1998_only;border;1;Q1_sales_1998_only;False;;False;0;0;0;0.0;0.3484;True;1;0;22
baseline_naive;border_growth_partial_1998_only;border;1;Q1_sales_1998_only;False;;True;1;0;1;0.0;0.001;;0;0;22
baseline_measure_overlap;border_growth_partial_1998_only;border;1;Q1_sales_1998_only;False;;True;1;0;1;0.0;0.0179;;0;0;22
ablation_no_sat;border_growth_partial_1998_only;border;1;Q1_sales_1998_only;False;;False;0;0;0;0.0;0.3391;True;1;0;22
ablation_no_real;border_growth_partial_1998_only;border;1;Q1_sales_1998_only;False;;True;1;0;1;0.0;0.3436;True;1;0;22
ablation_ceval_any_intersection;border_growth_partial_1998_only;border;1;Q1_sales_1998_only;False;;True;1;0;1;0.0;0.3419;True;1;1;22
baseline_random_matched;border_growth_partial_1998_only;border;1;Q1_sales_1998_only;False;;False;0;0;0;0.0;0.0024;;0;0;22
mcad;border_margin_wrong_grain;border;1;Q1_margin_quarter_only;False;;False;0;0;0;0.0;0.3338;False;0;0;22
baseline_naive;border_margin_wrong_grain;border;1;Q1_margin_quarter_only;False;;True;1;0;1;0.0;0.0013;;0;0;22
baseline_measure_overlap;border_margin_wrong_grain;border;1;Q1_margin_quarter_only;False;;True;1;0;1;0.0;0.0233;;0;0;22
ablation_no_sat;border_margin_wrong_grain;border;1;Q1_margin_quarter_only;False;;False;0;0;0;0.0;0.2939;False;0;0;22
ablation_no_real;border_margin_wrong_grain;border;1;Q1_margin_quarter_only;False;;False;0;0;0;0.0;0.232;False;0;0;22
ablation_ceval_any_intersection;border_margin_wrong_grain;border;1;Q1_margin_quarter_only;False;;False;0;0;0;0.0;0.2136;False;0;0;22
baseline_random_matched;border_margin_wrong_grain;border;1;Q1_margin_quarter_only;False;;False;0;0;0;0.0;0.0026;;0;0;22
mcad;border_stockout_missing_store;border;1;Q1_stockout_category_only;False;;False;0;0;0;0.0;0.1974;False;0;0;22
baseline_naive;border_stockout_missing_store;border;1;Q1_stockout_category_only;False;;True;1;0;1;0.0;0.0013;;0;0;22
baseline_measure_overlap;border_stockout_missing_store;border;1;Q1_stockout_category_only;False;;True;1;0;1;0.0;0.0147;;0;0;22
ablation_no_sat;border_stockout_missing_store;border;1;Q1_stockout_category_only;False;;False;0;0;0;0.0;0.26;False;0;0;22
ablation_no_real;border_stockout_missing_store;border;1;Q1_stockout_category_only;False;;False;0;0;0;0.0;0.2036;False;0;0;22
ablation_ceval_any_intersection;border_stockout_missing_store;border;1;Q1_stockout_category_only;False;;False;0;0;0;0.0;0.1956;False;0;0;22
baseline_random_matched;border_stockout_missing_store;border;1;Q1_stockout_category_only;False;;True;1;0;1;0.0;0.0027;;0;0;22
mcad;adversarial_wrong_region;adversarial;1;Q1_margin_south;False;;False;0;0;0;0.0;0.1807;False;0;0;22
baseline_naive;adversarial_wrong_region;adversarial;1;Q1_margin_south;False;;True;1;0;1;0.0;0.001;;0;0;22
baseline_measure_overlap;adversarial_wrong_region;adversarial;1;Q1_margin_south;False;;True;1;0;1;0.0;0.0186;;0;0;22
ablation_no_sat;adversarial_wrong_region;adversarial;1;Q1_margin_south;False;;False;0;0;0;0.0;0.211;False;0;0;22
ablation_no_real;adversarial_wrong_region;adversarial;1;Q1_margin_south;False;;False;0;0;0;0.0;0.1778;False;0;0;22
ablation_ceval_any_intersection;adversarial_wrong_region;adversarial;1;Q1_margin_south;False;;False;0;0;0;0.0;0.2091;False;0;0;22
baseline_random_matched;adversarial_wrong_region;adversarial;1;Q1_margin_south;False;;True;1;0;1;0.0;0.0029;;0;0;22
mcad;adversarial_wrong_year;adversarial;1;Q1_stockout_1997;False;;False;0;0;0;0.0;0.1652;False;0;0;22
baseline_naive;adversarial_wrong_year;adversarial;1;Q1_stockout_1997;False;;True;1;0;1;0.0;0.0009;;0;0;22
baseline_measure_overlap;adversarial_wrong_year;adversarial;1;Q1_stockout_1997;False;;True;1;0;1;0.0;0.0176;;0;0;22
ablation_no_sat;adversarial_wrong_year;adversarial;1;Q1_stockout_1997;False;;False;0;0;0;0.0;0.2067;False;0;0;22
ablation_no_real;adversarial_wrong_year;adversarial;1;Q1_stockout_1997;False;;False;0;0;0;0.0;0.1741;False;0;0;22
ablation_ceval_any_intersection;adversarial_wrong_year;adversarial;1;Q1_stockout_1997;False;;False;0;0;0;0.0;0.1644;False;0;0;22
baseline_random_matched;adversarial_wrong_year;adversarial;1;Q1_stockout_1997;False;;True;1;0;1;0.0;0.0028;;0;0;22
mcad;adversarial_invalid_no_measures;adversarial;1;Q1_invalid_no_measure;False;;False;0;0;0;0.0;0.0721;False;0;0;22
baseline_naive;adversarial_invalid_no_measures;adversarial;1;Q1_invalid_no_measure;False;;True;1;0;1;0.0;0.0009;;0;0;22
baseline_measure_overlap;adversarial_invalid_no_measures;adversarial;1;Q1_invalid_no_measure;False;;False;0;0;0;0.0;0.0223;;0;0;22
ablation_no_sat;adversarial_invalid_no_measures;adversarial;1;Q1_invalid_no_measure;False;;False;0;0;0;0.0;0.0871;False;0;0;22
ablation_no_real;adversarial_invalid_no_measures;adversarial;1;Q1_invalid_no_measure;False;;False;0;0;0;0.0;0.0895;False;0;0;22
ablation_ceval_any_intersection;adversarial_invalid_no_measures;adversarial;1;Q1_invalid_no_measure;False;;False;0;0;0;0.0;0.0703;False;0;0;22
baseline_random_matched;adversarial_invalid_no_measures;adversarial;1;Q1_invalid_no_measure;False;;False;0;0;0;0.0;0.0028;;0;0;22
mcad;stress_exploratory_then_useful;stress;1;Q1_noise_region;False;;False;0;0;0;0.0;0.1968;False;0;0;22
mcad;stress_exploratory_then_useful;stress;2;Q2_noise_margin_all;False;;False;0;0;0;0.0;0.1406;False;0;0;22
mcad;stress_exploratory_then_useful;stress;3;Q3_useful_margin;True;c1;True;0;0;0;0.333333;0.2566;True;1;1;22
baseline_naive;stress_exploratory_then_useful;stress;1;Q1_noise_region;False;;True;1;0;1;0.0;0.0009;;0;0;22
baseline_naive;stress_exploratory_then_useful;stress;2;Q2_noise_margin_all;False;;True;1;0;1;0.0;0.0005;;0;0;22
baseline_naive;stress_exploratory_then_useful;stress;3;Q3_useful_margin;True;c1;True;0;0;0;0.333333;0.0003;;0;0;22
baseline_measure_overlap;stress_exploratory_then_useful;stress;1;Q1_noise_region;False;;True;1;0;1;0.0;0.0141;;0;0;22
baseline_measure_overlap;stress_exploratory_then_useful;stress;2;Q2_noise_margin_all;False;;True;1;0;1;0.0;0.0055;;0;0;22
baseline_measure_overlap;stress_exploratory_then_useful;stress;3;Q3_useful_margin;True;c1;True;0;0;0;0.333333;0.0042;;0;0;22
ablation_no_sat;stress_exploratory_then_useful;stress;1;Q1_noise_region;False;;False;0;0;0;0.0;0.3776;False;0;0;22
ablation_no_sat;stress_exploratory_then_useful;stress;2;Q2_noise_margin_all;False;;False;0;0;0;0.0;0.29;False;0;0;22
ablation_no_sat;stress_exploratory_then_useful;stress;3;Q3_useful_margin;True;c1;True;0;0;0;0.333333;0.4489;True;1;1;22
ablation_no_real;stress_exploratory_then_useful;stress;1;Q1_noise_region;False;;False;0;0;0;0.0;0.2048;False;0;0;22
ablation_no_real;stress_exploratory_then_useful;stress;2;Q2_noise_margin_all;False;;False;0;0;0;0.0;0.1615;False;0;0;22
ablation_no_real;stress_exploratory_then_useful;stress;3;Q3_useful_margin;True;c1;True;0;0;0;0.333333;0.2571;True;1;1;22
ablation_ceval_any_intersection;stress_exploratory_then_useful;stress;1;Q1_noise_region;False;;False;0;0;0;0.0;0.1977;False;0;0;22
ablation_ceval_any_intersection;stress_exploratory_then_useful;stress;2;Q2_noise_margin_all;False;;False;0;0;0;0.0;0.145;False;0;0;22
ablation_ceval_any_intersection;stress_exploratory_then_useful;stress;3;Q3_useful_margin;True;c1;True;0;0;0;0.333333;0.2498;True;1;1;22
baseline_random_matched;stress_exploratory_then_useful;stress;1;Q1_noise_region;False;;False;0;0;0;0.0;0.0028;;0;0;22
baseline_random_matched;stress_exploratory_then_useful;stress;2;Q2_noise_margin_all;False;;True;1;0;1;0.0;0.0007;;0;0;22
baseline_random_matched;stress_exploratory_then_useful;stress;3;Q3_useful_margin;True;c1;True;0;0;0;0.333333;0.0005;;0;0;22
mcad;happy_guided_article_short;happy;1;Q1_margin_month;True;c1;True;0;0;0;0.333333;0.2812;True;1;1;23
mcad;happy_guided_article_short;happy;2;Q2_stockout_store;True;c2;True;0;0;0;0.666667;0.2497;True;1;1;23
mcad;happy_guided_article_short;happy;3;Q3_sales_growth;True;c3;True;0;0;0;1.0;0.3445;True;2;1;23
baseline_naive;happy_guided_article_short;happy;1;Q1_margin_month;True;c1;True;0;0;0;0.333333;0.0009;;0;0;23
baseline_naive;happy_guided_article_short;happy;2;Q2_stockout_store;True;c2;True;0;0;0;0.666667;0.0005;;0;0;23
baseline_naive;happy_guided_article_short;happy;3;Q3_sales_growth;True;c3;True;0;0;0;1.0;0.0004;;0;0;23
baseline_measure_overlap;happy_guided_article_short;happy;1;Q1_margin_month;True;c1;True;0;0;0;0.333333;0.0136;;0;0;23
baseline_measure_overlap;happy_guided_article_short;happy;2;Q2_stockout_store;True;c2;True;0;0;0;0.666667;0.0053;;0;0;23
baseline_measure_overlap;happy_guided_article_short;happy;3;Q3_sales_growth;True;c3;True;0;0;0;1.0;0.0045;;0;0;23
ablation_no_sat;happy_guided_article_short;happy;1;Q1_margin_month;True;c1;True;0;0;0;0.333333;0.3694;True;1;1;23
ablation_no_sat;happy_guided_article_short;happy;2;Q2_stockout_store;True;c2;True;0;0;0;0.666667;0.2535;True;1;1;23
ablation_no_sat;happy_guided_article_short;happy;3;Q3_sales_growth;True;c3;True;0;0;0;1.0;0.3374;True;2;1;23
ablation_no_real;happy_guided_article_short;happy;1;Q1_margin_month;True;c1;True;0;0;0;0.333333;0.4955;True;1;1;23
ablation_no_real;happy_guided_article_short;happy;2;Q2_stockout_store;True;c2;True;0;0;0;0.666667;0.4603;True;1;1;23
ablation_no_real;happy_guided_article_short;happy;3;Q3_sales_growth;True;c3;True;0;0;0;1.0;0.6557;True;2;1;23
ablation_ceval_any_intersection;happy_guided_article_short;happy;1;Q1_margin_month;True;c1;True;0;0;0;0.333333;0.2793;True;1;1;23
ablation_ceval_any_intersection;happy_guided_article_short;happy;2;Q2_stockout_store;True;c2;True;0;0;0;0.666667;0.2439;True;1;1;23
ablation_ceval_any_intersection;happy_guided_article_short;happy;3;Q3_sales_growth;True;c3;True;0;0;0;1.0;0.3545;True;2;1;23
baseline_random_matched;happy_guided_article_short;happy;1;Q1_margin_month;True;c1;True;0;0;0;0.333333;0.0028;;0;0;23
baseline_random_matched;happy_guided_article_short;happy;2;Q2_stockout_store;True;c2;True;0;0;0;0.666667;0.0006;;0;0;23
baseline_random_matched;happy_guided_article_short;happy;3;Q3_sales_growth;True;c3;True;0;0;0;1.0;0.0005;;0;0;23
mcad;happy_guided_reordered;happy;1;Q1_sales_growth;True;c3;True;0;0;0;0.333333;0.4133;True;2;1;23
mcad;happy_guided_reordered;happy;2;Q2_margin_month;True;c1;True;0;0;0;0.666667;0.254;True;1;1;23
mcad;happy_guided_reordered;happy;3;Q3_stockout_store;True;c2;True;0;0;0;1.0;0.2447;True;1;1;23
baseline_naive;happy_guided_reordered;happy;1;Q1_sales_growth;True;c3;True;0;0;0;0.333333;0.001;;0;0;23
baseline_naive;happy_guided_reordered;happy;2;Q2_margin_month;True;c1;True;0;0;0;0.666667;0.0005;;0;0;23
baseline_naive;happy_guided_reordered;happy;3;Q3_stockout_store;True;c2;True;0;0;0;1.0;0.0003;;0;0;23
baseline_measure_overlap;happy_guided_reordered;happy;1;Q1_sales_growth;True;c3;True;0;0;0;0.333333;0.014;;0;0;23
baseline_measure_overlap;happy_guided_reordered;happy;2;Q2_margin_month;True;c1;True;0;0;0;0.666667;0.0055;;0;0;23
baseline_measure_overlap;happy_guided_reordered;happy;3;Q3_stockout_store;True;c2;True;0;0;0;1.0;0.0045;;0;0;23
ablation_no_sat;happy_guided_reordered;happy;1;Q1_sales_growth;True;c3;True;0;0;0;0.333333;0.3735;True;2;1;23
ablation_no_sat;happy_guided_reordered;happy;2;Q2_margin_month;True;c1;True;0;0;0;0.666667;0.2519;True;1;1;23
ablation_no_sat;happy_guided_reordered;happy;3;Q3_stockout_store;True;c2;True;0;0;0;1.0;0.2516;True;1;1;23
ablation_no_real;happy_guided_reordered;happy;1;Q1_sales_growth;True;c3;True;0;0;0;0.333333;0.3768;True;2;1;23
ablation_no_real;happy_guided_reordered;happy;2;Q2_margin_month;True;c1;True;0;0;0;0.666667;0.2561;True;1;1;23
ablation_no_real;happy_guided_reordered;happy;3;Q3_stockout_store;True;c2;True;0;0;0;1.0;0.2599;True;1;1;23
ablation_ceval_any_intersection;happy_guided_reordered;happy;1;Q1_sales_growth;True;c3;True;0;0;0;0.333333;0.5932;True;2;1;23
ablation_ceval_any_intersection;happy_guided_reordered;happy;2;Q2_margin_month;True;c1;True;0;0;0;0.666667;0.4342;True;1;1;23
ablation_ceval_any_intersection;happy_guided_reordered;happy;3;Q3_stockout_store;True;c2;True;0;0;0;1.0;0.4226;True;1;1;23
baseline_random_matched;happy_guided_reordered;happy;1;Q1_sales_growth;True;c3;False;0;1;0;0.0;0.0038;;0;0;23
baseline_random_matched;happy_guided_reordered;happy;2;Q2_margin_month;True;c1;True;0;0;0;0.333333;0.0007;;0;0;23
baseline_random_matched;happy_guided_reordered;happy;3;Q3_stockout_store;True;c2;True;0;0;0;0.666667;0.0004;;0;0;23
mcad;happy_guided_compact;happy;1;Q1_margin_month;True;c1;True;0;0;0;0.333333;0.3011;True;1;1;23
mcad;happy_guided_compact;happy;2;Q2_sales_growth;True;c3;True;0;0;0;0.666667;0.3518;True;2;1;23
mcad;happy_guided_compact;happy;3;Q3_stockout_store;True;c2;True;0;0;0;1.0;0.3316;True;1;1;23
baseline_naive;happy_guided_compact;happy;1;Q1_margin_month;True;c1;True;0;0;0;0.333333;0.001;;0;0;23
baseline_naive;happy_guided_compact;happy;2;Q2_sales_growth;True;c3;True;0;0;0;0.666667;0.0004;;0;0;23
baseline_naive;happy_guided_compact;happy;3;Q3_stockout_store;True;c2;True;0;0;0;1.0;0.0004;;0;0;23
baseline_measure_overlap;happy_guided_compact;happy;1;Q1_margin_month;True;c1;True;0;0;0;0.333333;0.0219;;0;0;23
baseline_measure_overlap;happy_guided_compact;happy;2;Q2_sales_growth;True;c3;True;0;0;0;0.666667;0.0085;;0;0;23
baseline_measure_overlap;happy_guided_compact;happy;3;Q3_stockout_store;True;c2;True;0;0;0;1.0;0.0074;;0;0;23
ablation_no_sat;happy_guided_compact;happy;1;Q1_margin_month;True;c1;True;0;0;0;0.333333;0.2933;True;1;1;23
ablation_no_sat;happy_guided_compact;happy;2;Q2_sales_growth;True;c3;True;0;0;0;0.666667;0.3365;True;2;1;23
ablation_no_sat;happy_guided_compact;happy;3;Q3_stockout_store;True;c2;True;0;0;0;1.0;0.2566;True;1;1;23
ablation_no_real;happy_guided_compact;happy;1;Q1_margin_month;True;c1;True;0;0;0;0.333333;0.3052;True;1;1;23
ablation_no_real;happy_guided_compact;happy;2;Q2_sales_growth;True;c3;True;0;0;0;0.666667;0.3433;True;2;1;23
ablation_no_real;happy_guided_compact;happy;3;Q3_stockout_store;True;c2;True;0;0;0;1.0;0.248;True;1;1;23
ablation_ceval_any_intersection;happy_guided_compact;happy;1;Q1_margin_month;True;c1;True;0;0;0;0.333333;0.278;True;1;1;23
ablation_ceval_any_intersection;happy_guided_compact;happy;2;Q2_sales_growth;True;c3;True;0;0;0;0.666667;0.4087;True;2;1;23
ablation_ceval_any_intersection;happy_guided_compact;happy;3;Q3_stockout_store;True;c2;True;0;0;0;1.0;0.2427;True;1;1;23
baseline_random_matched;happy_guided_compact;happy;1;Q1_margin_month;True;c1;True;0;0;0;0.333333;0.0029;;0;0;23
baseline_random_matched;happy_guided_compact;happy;2;Q2_sales_growth;True;c3;True;0;0;0;0.666667;0.0007;;0;0;23
baseline_random_matched;happy_guided_compact;happy;3;Q3_stockout_store;True;c2;True;0;0;0;1.0;0.0005;;0;0;23
mcad;border_growth_partial_1998_only;border;1;Q1_sales_1998_only;False;;False;0;0;0;0.0;0.341;True;1;0;23
baseline_naive;border_growth_partial_1998_only;border;1;Q1_sales_1998_only;False;;True;1;0;1;0.0;0.0009;;0;0;23
baseline_measure_overlap;border_growth_partial_1998_only;border;1;Q1_sales_1998_only;False;;True;1;0;1;0.0;0.0142;;0;0;23
ablation_no_sat;border_growth_partial_1998_only;border;1;Q1_sales_1998_only;False;;False;0;0;0;0.0;0.3365;True;1;0;23
ablation_no_real;border_growth_partial_1998_only;border;1;Q1_sales_1998_only;False;;True;1;0;1;0.0;0.3437;True;1;0;23
ablation_ceval_any_intersection;border_growth_partial_1998_only;border;1;Q1_sales_1998_only;False;;True;1;0;1;0.0;0.3423;True;1;1;23
baseline_random_matched;border_growth_partial_1998_only;border;1;Q1_sales_1998_only;False;;True;1;0;1;0.0;0.0025;;0;0;23
mcad;border_margin_wrong_grain;border;1;Q1_margin_quarter_only;False;;False;0;0;0;0.0;0.2072;False;0;0;23
baseline_naive;border_margin_wrong_grain;border;1;Q1_margin_quarter_only;False;;True;1;0;1;0.0;0.0009;;0;0;23
baseline_measure_overlap;border_margin_wrong_grain;border;1;Q1_margin_quarter_only;False;;True;1;0;1;0.0;0.0242;;0;0;23
ablation_no_sat;border_margin_wrong_grain;border;1;Q1_margin_quarter_only;False;;False;0;0;0;0.0;0.4318;False;0;0;23
ablation_no_real;border_margin_wrong_grain;border;1;Q1_margin_quarter_only;False;;False;0;0;0;0.0;0.4311;False;0;0;23
ablation_ceval_any_intersection;border_margin_wrong_grain;border;1;Q1_margin_quarter_only;False;;False;0;0;0;0.0;0.3432;False;0;0;23
baseline_random_matched;border_margin_wrong_grain;border;1;Q1_margin_quarter_only;False;;False;0;0;0;0.0;0.0036;;0;0;23
mcad;border_stockout_missing_store;border;1;Q1_stockout_category_only;False;;False;0;0;0;0.0;0.3592;False;0;0;23
baseline_naive;border_stockout_missing_store;border;1;Q1_stockout_category_only;False;;True;1;0;1;0.0;0.0014;;0;0;23
baseline_measure_overlap;border_stockout_missing_store;border;1;Q1_stockout_category_only;False;;True;1;0;1;0.0;0.0268;;0;0;23
ablation_no_sat;border_stockout_missing_store;border;1;Q1_stockout_category_only;False;;False;0;0;0;0.0;0.51;False;0;0;23
ablation_no_real;border_stockout_missing_store;border;1;Q1_stockout_category_only;False;;False;0;0;0;0.0;0.4802;False;0;0;23
ablation_ceval_any_intersection;border_stockout_missing_store;border;1;Q1_stockout_category_only;False;;False;0;0;0;0.0;0.3678;False;0;0;23
baseline_random_matched;border_stockout_missing_store;border;1;Q1_stockout_category_only;False;;True;1;0;1;0.0;0.0049;;0;0;23
mcad;adversarial_wrong_region;adversarial;1;Q1_margin_south;False;;False;0;0;0;0.0;0.2145;False;0;0;23
baseline_naive;adversarial_wrong_region;adversarial;1;Q1_margin_south;False;;True;1;0;1;0.0;0.001;;0;0;23
baseline_measure_overlap;adversarial_wrong_region;adversarial;1;Q1_margin_south;False;;True;1;0;1;0.0;0.0413;;0;0;23
ablation_no_sat;adversarial_wrong_region;adversarial;1;Q1_margin_south;False;;False;0;0;0;0.0;0.2409;False;0;0;23
ablation_no_real;adversarial_wrong_region;adversarial;1;Q1_margin_south;False;;False;0;0;0;0.0;0.2001;False;0;0;23
ablation_ceval_any_intersection;adversarial_wrong_region;adversarial;1;Q1_margin_south;False;;False;0;0;0;0.0;0.1854;False;0;0;23
baseline_random_matched;adversarial_wrong_region;adversarial;1;Q1_margin_south;False;;True;1;0;1;0.0;0.0034;;0;0;23
mcad;adversarial_wrong_year;adversarial;1;Q1_stockout_1997;False;;False;0;0;0;0.0;0.1692;False;0;0;23
baseline_naive;adversarial_wrong_year;adversarial;1;Q1_stockout_1997;False;;True;1;0;1;0.0;0.001;;0;0;23
baseline_measure_overlap;adversarial_wrong_year;adversarial;1;Q1_stockout_1997;False;;True;1;0;1;0.0;0.0208;;0;0;23
ablation_no_sat;adversarial_wrong_year;adversarial;1;Q1_stockout_1997;False;;False;0;0;0;0.0;0.1972;False;0;0;23
ablation_no_real;adversarial_wrong_year;adversarial;1;Q1_stockout_1997;False;;False;0;0;0;0.0;0.1761;False;0;0;23
ablation_ceval_any_intersection;adversarial_wrong_year;adversarial;1;Q1_stockout_1997;False;;False;0;0;0;0.0;0.1627;False;0;0;23
baseline_random_matched;adversarial_wrong_year;adversarial;1;Q1_stockout_1997;False;;True;1;0;1;0.0;0.0028;;0;0;23
mcad;adversarial_invalid_no_measures;adversarial;1;Q1_invalid_no_measure;False;;False;0;0;0;0.0;0.0836;False;0;0;23
baseline_naive;adversarial_invalid_no_measures;adversarial;1;Q1_invalid_no_measure;False;;True;1;0;1;0.0;0.001;;0;0;23
baseline_measure_overlap;adversarial_invalid_no_measures;adversarial;1;Q1_invalid_no_measure;False;;False;0;0;0;0.0;0.013;;0;0;23
ablation_no_sat;adversarial_invalid_no_measures;adversarial;1;Q1_invalid_no_measure;False;;False;0;0;0;0.0;0.0857;False;0;0;23
ablation_no_real;adversarial_invalid_no_measures;adversarial;1;Q1_invalid_no_measure;False;;False;0;0;0;0.0;0.1136;False;0;0;23
ablation_ceval_any_intersection;adversarial_invalid_no_measures;adversarial;1;Q1_invalid_no_measure;False;;False;0;0;0;0.0;0.082;False;0;0;23
baseline_random_matched;adversarial_invalid_no_measures;adversarial;1;Q1_invalid_no_measure;False;;False;0;0;0;0.0;0.0026;;0;0;23
mcad;stress_exploratory_then_useful;stress;1;Q1_noise_region;False;;False;0;0;0;0.0;0.1971;False;0;0;23
mcad;stress_exploratory_then_useful;stress;2;Q2_noise_margin_all;False;;False;0;0;0;0.0;0.141;False;0;0;23
mcad;stress_exploratory_then_useful;stress;3;Q3_useful_margin;True;c1;True;0;0;0;0.333333;0.2603;True;1;1;23
baseline_naive;stress_exploratory_then_useful;stress;1;Q1_noise_region;False;;True;1;0;1;0.0;0.0009;;0;0;23
baseline_naive;stress_exploratory_then_useful;stress;2;Q2_noise_margin_all;False;;True;1;0;1;0.0;0.0005;;0;0;23
baseline_naive;stress_exploratory_then_useful;stress;3;Q3_useful_margin;True;c1;True;0;0;0;0.333333;0.0003;;0;0;23
baseline_measure_overlap;stress_exploratory_then_useful;stress;1;Q1_noise_region;False;;True;1;0;1;0.0;0.0135;;0;0;23
baseline_measure_overlap;stress_exploratory_then_useful;stress;2;Q2_noise_margin_all;False;;True;1;0;1;0.0;0.0051;;0;0;23
baseline_measure_overlap;stress_exploratory_then_useful;stress;3;Q3_useful_margin;True;c1;True;0;0;0;0.333333;0.0041;;0;0;23
ablation_no_sat;stress_exploratory_then_useful;stress;1;Q1_noise_region;False;;False;0;0;0;0.0;0.3993;False;0;0;23
ablation_no_sat;stress_exploratory_then_useful;stress;2;Q2_noise_margin_all;False;;False;0;0;0;0.0;0.2697;False;0;0;23
ablation_no_sat;stress_exploratory_then_useful;stress;3;Q3_useful_margin;True;c1;True;0;0;0;0.333333;0.444;True;1;1;23
ablation_no_real;stress_exploratory_then_useful;stress;1;Q1_noise_region;False;;False;0;0;0;0.0;0.3249;False;0;0;23
ablation_no_real;stress_exploratory_then_useful;stress;2;Q2_noise_margin_all;False;;False;0;0;0;0.0;0.2369;False;0;0;23
ablation_no_real;stress_exploratory_then_useful;stress;3;Q3_useful_margin;True;c1;True;0;0;0;0.333333;0.4102;True;1;1;23
ablation_ceval_any_intersection;stress_exploratory_then_useful;stress;1;Q1_noise_region;False;;False;0;0;0;0.0;0.2048;False;0;0;23
ablation_ceval_any_intersection;stress_exploratory_then_useful;stress;2;Q2_noise_margin_all;False;;False;0;0;0;0.0;0.1414;False;0;0;23
ablation_ceval_any_intersection;stress_exploratory_then_useful;stress;3;Q3_useful_margin;True;c1;True;0;0;0;0.333333;0.2418;True;1;1;23
baseline_random_matched;stress_exploratory_then_useful;stress;1;Q1_noise_region;False;;True;1;0;1;0.0;0.0026;;0;0;23
baseline_random_matched;stress_exploratory_then_useful;stress;2;Q2_noise_margin_all;False;;True;1;0;1;0.0;0.0007;;0;0;23
baseline_random_matched;stress_exploratory_then_useful;stress;3;Q3_useful_margin;True;c1;True;0;0;0;0.333333;0.0005;;0;0;23
mcad;happy_guided_article_short;happy;1;Q1_margin_month;True;c1;True;0;0;0;0.333333;0.2809;True;1;1;24
mcad;happy_guided_article_short;happy;2;Q2_stockout_store;True;c2;True;0;0;0;0.666667;0.2441;True;1;1;24
mcad;happy_guided_article_short;happy;3;Q3_sales_growth;True;c3;True;0;0;0;1.0;0.3348;True;2;1;24
baseline_naive;happy_guided_article_short;happy;1;Q1_margin_month;True;c1;True;0;0;0;0.333333;0.0009;;0;0;24
baseline_naive;happy_guided_article_short;happy;2;Q2_stockout_store;True;c2;True;0;0;0;0.666667;0.0005;;0;0;24
baseline_naive;happy_guided_article_short;happy;3;Q3_sales_growth;True;c3;True;0;0;0;1.0;0.0004;;0;0;24
baseline_measure_overlap;happy_guided_article_short;happy;1;Q1_margin_month;True;c1;True;0;0;0;0.333333;0.0132;;0;0;24
baseline_measure_overlap;happy_guided_article_short;happy;2;Q2_stockout_store;True;c2;True;0;0;0;0.666667;0.0052;;0;0;24
baseline_measure_overlap;happy_guided_article_short;happy;3;Q3_sales_growth;True;c3;True;0;0;0;1.0;0.0043;;0;0;24
ablation_no_sat;happy_guided_article_short;happy;1;Q1_margin_month;True;c1;True;0;0;0;0.333333;0.2771;True;1;1;24
ablation_no_sat;happy_guided_article_short;happy;2;Q2_stockout_store;True;c2;True;0;0;0;0.666667;0.2419;True;1;1;24
ablation_no_sat;happy_guided_article_short;happy;3;Q3_sales_growth;True;c3;True;0;0;0;1.0;0.3355;True;2;1;24
ablation_no_real;happy_guided_article_short;happy;1;Q1_margin_month;True;c1;True;0;0;0;0.333333;0.2866;True;1;1;24
ablation_no_real;happy_guided_article_short;happy;2;Q2_stockout_store;True;c2;True;0;0;0;0.666667;0.4643;True;1;1;24
ablation_no_real;happy_guided_article_short;happy;3;Q3_sales_growth;True;c3;True;0;0;0;1.0;0.6208;True;2;1;24
ablation_ceval_any_intersection;happy_guided_article_short;happy;1;Q1_margin_month;True;c1;True;0;0;0;0.333333;0.2852;True;1;1;24
ablation_ceval_any_intersection;happy_guided_article_short;happy;2;Q2_stockout_store;True;c2;True;0;0;0;0.666667;0.2395;True;1;1;24
ablation_ceval_any_intersection;happy_guided_article_short;happy;3;Q3_sales_growth;True;c3;True;0;0;0;1.0;0.3219;True;2;1;24
baseline_random_matched;happy_guided_article_short;happy;1;Q1_margin_month;True;c1;True;0;0;0;0.333333;0.0023;;0;0;24
baseline_random_matched;happy_guided_article_short;happy;2;Q2_stockout_store;True;c2;True;0;0;0;0.666667;0.0007;;0;0;24
baseline_random_matched;happy_guided_article_short;happy;3;Q3_sales_growth;True;c3;False;0;1;0;0.666667;0.0005;;0;0;24
mcad;happy_guided_reordered;happy;1;Q1_sales_growth;True;c3;True;0;0;0;0.333333;0.4187;True;2;1;24
mcad;happy_guided_reordered;happy;2;Q2_margin_month;True;c1;True;0;0;0;0.666667;0.2588;True;1;1;24
mcad;happy_guided_reordered;happy;3;Q3_stockout_store;True;c2;True;0;0;0;1.0;0.2406;True;1;1;24
baseline_naive;happy_guided_reordered;happy;1;Q1_sales_growth;True;c3;True;0;0;0;0.333333;0.001;;0;0;24
baseline_naive;happy_guided_reordered;happy;2;Q2_margin_month;True;c1;True;0;0;0;0.666667;0.0004;;0;0;24
baseline_naive;happy_guided_reordered;happy;3;Q3_stockout_store;True;c2;True;0;0;0;1.0;0.0003;;0;0;24
baseline_measure_overlap;happy_guided_reordered;happy;1;Q1_sales_growth;True;c3;True;0;0;0;0.333333;0.0129;;0;0;24
baseline_measure_overlap;happy_guided_reordered;happy;2;Q2_margin_month;True;c1;True;0;0;0;0.666667;0.0052;;0;0;24
baseline_measure_overlap;happy_guided_reordered;happy;3;Q3_stockout_store;True;c2;True;0;0;0;1.0;0.0043;;0;0;24
ablation_no_sat;happy_guided_reordered;happy;1;Q1_sales_growth;True;c3;True;0;0;0;0.333333;0.3638;True;2;1;24
ablation_no_sat;happy_guided_reordered;happy;2;Q2_margin_month;True;c1;True;0;0;0;0.666667;0.2584;True;1;1;24
ablation_no_sat;happy_guided_reordered;happy;3;Q3_stockout_store;True;c2;True;0;0;0;1.0;0.2391;True;1;1;24
ablation_no_real;happy_guided_reordered;happy;1;Q1_sales_growth;True;c3;True;0;0;0;0.333333;0.6835;True;2;1;24
ablation_no_real;happy_guided_reordered;happy;2;Q2_margin_month;True;c1;True;0;0;0;0.666667;0.4725;True;1;1;24
ablation_no_real;happy_guided_reordered;happy;3;Q3_stockout_store;True;c2;True;0;0;0;1.0;0.4706;True;1;1;24
ablation_ceval_any_intersection;happy_guided_reordered;happy;1;Q1_sales_growth;True;c3;True;0;0;0;0.333333;0.3607;True;2;1;24
ablation_ceval_any_intersection;happy_guided_reordered;happy;2;Q2_margin_month;True;c1;True;0;0;0;0.666667;0.2529;True;1;1;24
ablation_ceval_any_intersection;happy_guided_reordered;happy;3;Q3_stockout_store;True;c2;True;0;0;0;1.0;0.2383;True;1;1;24
baseline_random_matched;happy_guided_reordered;happy;1;Q1_sales_growth;True;c3;True;0;0;0;0.333333;0.0042;;0;0;24
baseline_random_matched;happy_guided_reordered;happy;2;Q2_margin_month;True;c1;False;0;1;0;0.333333;0.0007;;0;0;24
baseline_random_matched;happy_guided_reordered;happy;3;Q3_stockout_store;True;c2;True;0;0;0;0.666667;0.0004;;0;0;24
mcad;happy_guided_compact;happy;1;Q1_margin_month;True;c1;True;0;0;0;0.333333;0.3038;True;1;1;24
mcad;happy_guided_compact;happy;2;Q2_sales_growth;True;c3;True;0;0;0;0.666667;0.3321;True;2;1;24
mcad;happy_guided_compact;happy;3;Q3_stockout_store;True;c2;True;0;0;0;1.0;0.2381;True;1;1;24
baseline_naive;happy_guided_compact;happy;1;Q1_margin_month;True;c1;True;0;0;0;0.333333;0.001;;0;0;24
baseline_naive;happy_guided_compact;happy;2;Q2_sales_growth;True;c3;True;0;0;0;0.666667;0.0005;;0;0;24
baseline_naive;happy_guided_compact;happy;3;Q3_stockout_store;True;c2;True;0;0;0;1.0;0.0003;;0;0;24
baseline_measure_overlap;happy_guided_compact;happy;1;Q1_margin_month;True;c1;True;0;0;0;0.333333;0.0193;;0;0;24
baseline_measure_overlap;happy_guided_compact;happy;2;Q2_sales_growth;True;c3;True;0;0;0;0.666667;0.0085;;0;0;24
baseline_measure_overlap;happy_guided_compact;happy;3;Q3_stockout_store;True;c2;True;0;0;0;1.0;0.0072;;0;0;24
ablation_no_sat;happy_guided_compact;happy;1;Q1_margin_month;True;c1;True;0;0;0;0.333333;0.2883;True;1;1;24
ablation_no_sat;happy_guided_compact;happy;2;Q2_sales_growth;True;c3;True;0;0;0;0.666667;0.3468;True;2;1;24
ablation_no_sat;happy_guided_compact;happy;3;Q3_stockout_store;True;c2;True;0;0;0;1.0;0.2426;True;1;1;24
ablation_no_real;happy_guided_compact;happy;1;Q1_margin_month;True;c1;True;0;0;0;0.333333;0.283;True;1;1;24
ablation_no_real;happy_guided_compact;happy;2;Q2_sales_growth;True;c3;True;0;0;0;0.666667;0.3371;True;2;1;24
ablation_no_real;happy_guided_compact;happy;3;Q3_stockout_store;True;c2;True;0;0;0;1.0;0.2556;True;1;1;24
ablation_ceval_any_intersection;happy_guided_compact;happy;1;Q1_margin_month;True;c1;True;0;0;0;0.333333;0.2857;True;1;1;24
ablation_ceval_any_intersection;happy_guided_compact;happy;2;Q2_sales_growth;True;c3;True;0;0;0;0.666667;0.3318;True;2;1;24
ablation_ceval_any_intersection;happy_guided_compact;happy;3;Q3_stockout_store;True;c2;True;0;0;0;1.0;0.2394;True;1;1;24
baseline_random_matched;happy_guided_compact;happy;1;Q1_margin_month;True;c1;True;0;0;0;0.333333;0.0028;;0;0;24
baseline_random_matched;happy_guided_compact;happy;2;Q2_sales_growth;True;c3;True;0;0;0;0.666667;0.0007;;0;0;24
baseline_random_matched;happy_guided_compact;happy;3;Q3_stockout_store;True;c2;True;0;0;0;1.0;0.0006;;0;0;24
mcad;border_growth_partial_1998_only;border;1;Q1_sales_1998_only;False;;False;0;0;0;0.0;0.3359;True;1;0;24
baseline_naive;border_growth_partial_1998_only;border;1;Q1_sales_1998_only;False;;True;1;0;1;0.0;0.0013;;0;0;24
baseline_measure_overlap;border_growth_partial_1998_only;border;1;Q1_sales_1998_only;False;;True;1;0;1;0.0;0.0137;;0;0;24
ablation_no_sat;border_growth_partial_1998_only;border;1;Q1_sales_1998_only;False;;False;0;0;0;0.0;0.3365;True;1;0;24
ablation_no_real;border_growth_partial_1998_only;border;1;Q1_sales_1998_only;False;;True;1;0;1;0.0;0.3467;True;1;0;24
ablation_ceval_any_intersection;border_growth_partial_1998_only;border;1;Q1_sales_1998_only;False;;True;1;0;1;0.0;0.3487;True;1;1;24
baseline_random_matched;border_growth_partial_1998_only;border;1;Q1_sales_1998_only;False;;True;1;0;1;0.0;0.0026;;0;0;24
mcad;border_margin_wrong_grain;border;1;Q1_margin_quarter_only;False;;False;0;0;0;0.0;0.1958;False;0;0;24
baseline_naive;border_margin_wrong_grain;border;1;Q1_margin_quarter_only;False;;True;1;0;1;0.0;0.001;;0;0;24
baseline_measure_overlap;border_margin_wrong_grain;border;1;Q1_margin_quarter_only;False;;True;1;0;1;0.0;0.0195;;0;0;24
ablation_no_sat;border_margin_wrong_grain;border;1;Q1_margin_quarter_only;False;;False;0;0;0;0.0;0.4636;False;0;0;24
ablation_no_real;border_margin_wrong_grain;border;1;Q1_margin_quarter_only;False;;False;0;0;0;0.0;0.3888;False;0;0;24
ablation_ceval_any_intersection;border_margin_wrong_grain;border;1;Q1_margin_quarter_only;False;;False;0;0;0;0.0;0.3603;False;0;0;24
baseline_random_matched;border_margin_wrong_grain;border;1;Q1_margin_quarter_only;False;;True;1;0;1;0.0;0.0044;;0;0;24
mcad;border_stockout_missing_store;border;1;Q1_stockout_category_only;False;;False;0;0;0;0.0;0.3498;False;0;0;24
baseline_naive;border_stockout_missing_store;border;1;Q1_stockout_category_only;False;;True;1;0;1;0.0;0.0009;;0;0;24
baseline_measure_overlap;border_stockout_missing_store;border;1;Q1_stockout_category_only;False;;True;1;0;1;0.0;0.015;;0;0;24
ablation_no_sat;border_stockout_missing_store;border;1;Q1_stockout_category_only;False;;False;0;0;0;0.0;0.2633;False;0;0;24
ablation_no_real;border_stockout_missing_store;border;1;Q1_stockout_category_only;False;;False;0;0;0;0.0;0.2053;False;0;0;24
ablation_ceval_any_intersection;border_stockout_missing_store;border;1;Q1_stockout_category_only;False;;False;0;0;0;0.0;0.1961;False;0;0;24
baseline_random_matched;border_stockout_missing_store;border;1;Q1_stockout_category_only;False;;False;0;0;0;0.0;0.0028;;0;0;24
mcad;adversarial_wrong_region;adversarial;1;Q1_margin_south;False;;False;0;0;0;0.0;0.3025;False;0;0;24
baseline_naive;adversarial_wrong_region;adversarial;1;Q1_margin_south;False;;True;1;0;1;0.0;0.001;;0;0;24
baseline_measure_overlap;adversarial_wrong_region;adversarial;1;Q1_margin_south;False;;True;1;0;1;0.0;0.0154;;0;0;24
ablation_no_sat;adversarial_wrong_region;adversarial;1;Q1_margin_south;False;;False;0;0;0;0.0;0.2154;False;0;0;24
ablation_no_real;adversarial_wrong_region;adversarial;1;Q1_margin_south;False;;False;0;0;0;0.0;0.1778;False;0;0;24
ablation_ceval_any_intersection;adversarial_wrong_region;adversarial;1;Q1_margin_south;False;;False;0;0;0;0.0;0.1769;False;0;0;24
baseline_random_matched;adversarial_wrong_region;adversarial;1;Q1_margin_south;False;;True;1;0;1;0.0;0.0029;;0;0;24
mcad;adversarial_wrong_year;adversarial;1;Q1_stockout_1997;False;;False;0;0;0;0.0;0.2775;False;0;0;24
baseline_naive;adversarial_wrong_year;adversarial;1;Q1_stockout_1997;False;;True;1;0;1;0.0;0.0009;;0;0;24
baseline_measure_overlap;adversarial_wrong_year;adversarial;1;Q1_stockout_1997;False;;True;1;0;1;0.0;0.0176;;0;0;24
ablation_no_sat;adversarial_wrong_year;adversarial;1;Q1_stockout_1997;False;;False;0;0;0;0.0;0.1868;False;0;0;24
ablation_no_real;adversarial_wrong_year;adversarial;1;Q1_stockout_1997;False;;False;0;0;0;0.0;0.1705;False;0;0;24
ablation_ceval_any_intersection;adversarial_wrong_year;adversarial;1;Q1_stockout_1997;False;;False;0;0;0;0.0;0.1632;False;0;0;24
baseline_random_matched;adversarial_wrong_year;adversarial;1;Q1_stockout_1997;False;;True;1;0;1;0.0;0.0028;;0;0;24
mcad;adversarial_invalid_no_measures;adversarial;1;Q1_invalid_no_measure;False;;False;0;0;0;0.0;0.073;False;0;0;24
baseline_naive;adversarial_invalid_no_measures;adversarial;1;Q1_invalid_no_measure;False;;True;1;0;1;0.0;0.0009;;0;0;24
baseline_measure_overlap;adversarial_invalid_no_measures;adversarial;1;Q1_invalid_no_measure;False;;False;0;0;0;0.0;0.0136;;0;0;24
ablation_no_sat;adversarial_invalid_no_measures;adversarial;1;Q1_invalid_no_measure;False;;False;0;0;0;0.0;0.094;False;0;0;24
ablation_no_real;adversarial_invalid_no_measures;adversarial;1;Q1_invalid_no_measure;False;;False;0;0;0;0.0;0.0782;False;0;0;24
ablation_ceval_any_intersection;adversarial_invalid_no_measures;adversarial;1;Q1_invalid_no_measure;False;;False;0;0;0;0.0;0.0704;False;0;0;24
baseline_random_matched;adversarial_invalid_no_measures;adversarial;1;Q1_invalid_no_measure;False;;True;1;0;1;0.0;0.0026;;0;0;24
mcad;stress_exploratory_then_useful;stress;1;Q1_noise_region;False;;False;0;0;0;0.0;0.2061;False;0;0;24
mcad;stress_exploratory_then_useful;stress;2;Q2_noise_margin_all;False;;False;0;0;0;0.0;0.1406;False;0;0;24
mcad;stress_exploratory_then_useful;stress;3;Q3_useful_margin;True;c1;True;0;0;0;0.333333;0.258;True;1;1;24
baseline_naive;stress_exploratory_then_useful;stress;1;Q1_noise_region;False;;True;1;0;1;0.0;0.0011;;0;0;24
baseline_naive;stress_exploratory_then_useful;stress;2;Q2_noise_margin_all;False;;True;1;0;1;0.0;0.0007;;0;0;24
baseline_naive;stress_exploratory_then_useful;stress;3;Q3_useful_margin;True;c1;True;0;0;0;0.333333;0.0005;;0;0;24
baseline_measure_overlap;stress_exploratory_then_useful;stress;1;Q1_noise_region;False;;True;1;0;1;0.0;0.0138;;0;0;24
baseline_measure_overlap;stress_exploratory_then_useful;stress;2;Q2_noise_margin_all;False;;True;1;0;1;0.0;0.0053;;0;0;24
baseline_measure_overlap;stress_exploratory_then_useful;stress;3;Q3_useful_margin;True;c1;True;0;0;0;0.333333;0.0043;;0;0;24
ablation_no_sat;stress_exploratory_then_useful;stress;1;Q1_noise_region;False;;False;0;0;0;0.0;0.2424;False;0;0;24
ablation_no_sat;stress_exploratory_then_useful;stress;2;Q2_noise_margin_all;False;;False;0;0;0;0.0;0.1712;False;0;0;24
ablation_no_sat;stress_exploratory_then_useful;stress;3;Q3_useful_margin;True;c1;True;0;0;0;0.333333;0.2454;True;1;1;24
ablation_no_real;stress_exploratory_then_useful;stress;1;Q1_noise_region;False;;False;0;0;0;0.0;0.1993;False;0;0;24
ablation_no_real;stress_exploratory_then_useful;stress;2;Q2_noise_margin_all;False;;False;0;0;0;0.0;0.1487;False;0;0;24
ablation_no_real;stress_exploratory_then_useful;stress;3;Q3_useful_margin;True;c1;True;0;0;0;0.333333;0.2534;True;1;1;24
ablation_ceval_any_intersection;stress_exploratory_then_useful;stress;1;Q1_noise_region;False;;False;0;0;0;0.0;0.2042;False;0;0;24
ablation_ceval_any_intersection;stress_exploratory_then_useful;stress;2;Q2_noise_margin_all;False;;False;0;0;0;0.0;0.1407;False;0;0;24
ablation_ceval_any_intersection;stress_exploratory_then_useful;stress;3;Q3_useful_margin;True;c1;True;0;0;0;0.333333;0.2428;True;1;1;24
baseline_random_matched;stress_exploratory_then_useful;stress;1;Q1_noise_region;False;;True;1;0;1;0.0;0.0029;;0;0;24
baseline_random_matched;stress_exploratory_then_useful;stress;2;Q2_noise_margin_all;False;;True;1;0;1;0.0;0.0006;;0;0;24
baseline_random_matched;stress_exploratory_then_useful;stress;3;Q3_useful_margin;True;c1;True;0;0;0;0.333333;0.0005;;0;0;24
mcad;happy_guided_article_short;happy;1;Q1_margin_month;True;c1;True;0;0;0;0.333333;0.2798;True;1;1;25
mcad;happy_guided_article_short;happy;2;Q2_stockout_store;True;c2;True;0;0;0;0.666667;0.2469;True;1;1;25
mcad;happy_guided_article_short;happy;3;Q3_sales_growth;True;c3;True;0;0;0;1.0;0.3435;True;2;1;25
baseline_naive;happy_guided_article_short;happy;1;Q1_margin_month;True;c1;True;0;0;0;0.333333;0.0009;;0;0;25
baseline_naive;happy_guided_article_short;happy;2;Q2_stockout_store;True;c2;True;0;0;0;0.666667;0.0004;;0;0;25
baseline_naive;happy_guided_article_short;happy;3;Q3_sales_growth;True;c3;True;0;0;0;1.0;0.0003;;0;0;25
baseline_measure_overlap;happy_guided_article_short;happy;1;Q1_margin_month;True;c1;True;0;0;0;0.333333;0.0197;;0;0;25
baseline_measure_overlap;happy_guided_article_short;happy;2;Q2_stockout_store;True;c2;True;0;0;0;0.666667;0.0082;;0;0;25
baseline_measure_overlap;happy_guided_article_short;happy;3;Q3_sales_growth;True;c3;True;0;0;0;1.0;0.0073;;0;0;25
ablation_no_sat;happy_guided_article_short;happy;1;Q1_margin_month;True;c1;True;0;0;0;0.333333;0.2896;True;1;1;25
ablation_no_sat;happy_guided_article_short;happy;2;Q2_stockout_store;True;c2;True;0;0;0;0.666667;0.2449;True;1;1;25
ablation_no_sat;happy_guided_article_short;happy;3;Q3_sales_growth;True;c3;True;0;0;0;1.0;0.3463;True;2;1;25
ablation_no_real;happy_guided_article_short;happy;1;Q1_margin_month;True;c1;True;0;0;0;0.333333;0.3037;True;1;1;25
ablation_no_real;happy_guided_article_short;happy;2;Q2_stockout_store;True;c2;True;0;0;0;0.666667;0.2534;True;1;1;25
ablation_no_real;happy_guided_article_short;happy;3;Q3_sales_growth;True;c3;True;0;0;0;1.0;0.3345;True;2;1;25
ablation_ceval_any_intersection;happy_guided_article_short;happy;1;Q1_margin_month;True;c1;True;0;0;0;0.333333;0.2742;True;1;1;25
ablation_ceval_any_intersection;happy_guided_article_short;happy;2;Q2_stockout_store;True;c2;True;0;0;0;0.666667;0.3221;True;1;1;25
ablation_ceval_any_intersection;happy_guided_article_short;happy;3;Q3_sales_growth;True;c3;True;0;0;0;1.0;0.3301;True;2;1;25
baseline_random_matched;happy_guided_article_short;happy;1;Q1_margin_month;True;c1;False;0;1;0;0.0;0.0033;;0;0;25
baseline_random_matched;happy_guided_article_short;happy;2;Q2_stockout_store;True;c2;True;0;0;0;0.333333;0.0005;;0;0;25
baseline_random_matched;happy_guided_article_short;happy;3;Q3_sales_growth;True;c3;False;0;1;0;0.333333;0.0005;;0;0;25
mcad;happy_guided_reordered;happy;1;Q1_sales_growth;True;c3;True;0;0;0;0.333333;0.6566;True;2;1;25
mcad;happy_guided_reordered;happy;2;Q2_margin_month;True;c1;True;0;0;0;0.666667;0.5182;True;1;1;25
mcad;happy_guided_reordered;happy;3;Q3_stockout_store;True;c2;True;0;0;0;1.0;0.4355;True;1;1;25
baseline_naive;happy_guided_reordered;happy;1;Q1_sales_growth;True;c3;True;0;0;0;0.333333;0.0014;;0;0;25
baseline_naive;happy_guided_reordered;happy;2;Q2_margin_month;True;c1;True;0;0;0;0.666667;0.0009;;0;0;25
baseline_naive;happy_guided_reordered;happy;3;Q3_stockout_store;True;c2;True;0;0;0;1.0;0.0006;;0;0;25
baseline_measure_overlap;happy_guided_reordered;happy;1;Q1_sales_growth;True;c3;True;0;0;0;0.333333;0.0164;;0;0;25
baseline_measure_overlap;happy_guided_reordered;happy;2;Q2_margin_month;True;c1;True;0;0;0;0.666667;0.0054;;0;0;25
baseline_measure_overlap;happy_guided_reordered;happy;3;Q3_stockout_store;True;c2;True;0;0;0;1.0;0.0044;;0;0;25
ablation_no_sat;happy_guided_reordered;happy;1;Q1_sales_growth;True;c3;True;0;0;0;0.333333;0.4109;True;2;1;25
ablation_no_sat;happy_guided_reordered;happy;2;Q2_margin_month;True;c1;True;0;0;0;0.666667;0.2485;True;1;1;25
ablation_no_sat;happy_guided_reordered;happy;3;Q3_stockout_store;True;c2;True;0;0;0;1.0;0.2408;True;1;1;25
ablation_no_real;happy_guided_reordered;happy;1;Q1_sales_growth;True;c3;True;0;0;0;0.333333;0.4081;True;2;1;25
ablation_no_real;happy_guided_reordered;happy;2;Q2_margin_month;True;c1;True;0;0;0;0.666667;0.2572;True;1;1;25
ablation_no_real;happy_guided_reordered;happy;3;Q3_stockout_store;True;c2;True;0;0;0;1.0;0.2443;True;1;1;25
ablation_ceval_any_intersection;happy_guided_reordered;happy;1;Q1_sales_growth;True;c3;True;0;0;0;0.333333;0.366;True;2;1;25
ablation_ceval_any_intersection;happy_guided_reordered;happy;2;Q2_margin_month;True;c1;True;0;0;0;0.666667;0.2554;True;1;1;25
ablation_ceval_any_intersection;happy_guided_reordered;happy;3;Q3_stockout_store;True;c2;True;0;0;0;1.0;0.2363;True;1;1;25
baseline_random_matched;happy_guided_reordered;happy;1;Q1_sales_growth;True;c3;True;0;0;0;0.333333;0.004;;0;0;25
baseline_random_matched;happy_guided_reordered;happy;2;Q2_margin_month;True;c1;True;0;0;0;0.666667;0.0011;;0;0;25
baseline_random_matched;happy_guided_reordered;happy;3;Q3_stockout_store;True;c2;True;0;0;0;1.0;0.0007;;0;0;25
mcad;happy_guided_compact;happy;1;Q1_margin_month;True;c1;True;0;0;0;0.333333;0.2985;True;1;1;25
mcad;happy_guided_compact;happy;2;Q2_sales_growth;True;c3;True;0;0;0;0.666667;0.3649;True;2;1;25
mcad;happy_guided_compact;happy;3;Q3_stockout_store;True;c2;True;0;0;0;1.0;0.2433;True;1;1;25
baseline_naive;happy_guided_compact;happy;1;Q1_margin_month;True;c1;True;0;0;0;0.333333;0.001;;0;0;25
baseline_naive;happy_guided_compact;happy;2;Q2_sales_growth;True;c3;True;0;0;0;0.666667;0.0005;;0;0;25
baseline_naive;happy_guided_compact;happy;3;Q3_stockout_store;True;c2;True;0;0;0;1.0;0.0004;;0;0;25
baseline_measure_overlap;happy_guided_compact;happy;1;Q1_margin_month;True;c1;True;0;0;0;0.333333;0.0134;;0;0;25
baseline_measure_overlap;happy_guided_compact;happy;2;Q2_sales_growth;True;c3;True;0;0;0;0.666667;0.0049;;0;0;25
baseline_measure_overlap;happy_guided_compact;happy;3;Q3_stockout_store;True;c2;True;0;0;0;1.0;0.004;;0;0;25
ablation_no_sat;happy_guided_compact;happy;1;Q1_margin_month;True;c1;True;0;0;0;0.333333;0.2801;True;1;1;25
ablation_no_sat;happy_guided_compact;happy;2;Q2_sales_growth;True;c3;True;0;0;0;0.666667;0.3363;True;2;1;25
ablation_no_sat;happy_guided_compact;happy;3;Q3_stockout_store;True;c2;True;0;0;0;1.0;0.2477;True;1;1;25
ablation_no_real;happy_guided_compact;happy;1;Q1_margin_month;True;c1;True;0;0;0;0.333333;0.2967;True;1;1;25
ablation_no_real;happy_guided_compact;happy;2;Q2_sales_growth;True;c3;True;0;0;0;0.666667;0.3394;True;2;1;25
ablation_no_real;happy_guided_compact;happy;3;Q3_stockout_store;True;c2;True;0;0;0;1.0;0.2456;True;1;1;25
ablation_ceval_any_intersection;happy_guided_compact;happy;1;Q1_margin_month;True;c1;True;0;0;0;0.333333;0.2774;True;1;1;25
ablation_ceval_any_intersection;happy_guided_compact;happy;2;Q2_sales_growth;True;c3;True;0;0;0;0.666667;0.3413;True;2;1;25
ablation_ceval_any_intersection;happy_guided_compact;happy;3;Q3_stockout_store;True;c2;True;0;0;0;1.0;0.2362;True;1;1;25
baseline_random_matched;happy_guided_compact;happy;1;Q1_margin_month;True;c1;False;0;1;0;0.0;0.0035;;0;0;25
baseline_random_matched;happy_guided_compact;happy;2;Q2_sales_growth;True;c3;True;0;0;0;0.333333;0.001;;0;0;25
baseline_random_matched;happy_guided_compact;happy;3;Q3_stockout_store;True;c2;True;0;0;0;0.666667;0.0008;;0;0;25
mcad;border_growth_partial_1998_only;border;1;Q1_sales_1998_only;False;;False;0;0;0;0.0;0.3556;True;1;0;25
baseline_naive;border_growth_partial_1998_only;border;1;Q1_sales_1998_only;False;;True;1;0;1;0.0;0.0009;;0;0;25
baseline_measure_overlap;border_growth_partial_1998_only;border;1;Q1_sales_1998_only;False;;True;1;0;1;0.0;0.0136;;0;0;25
ablation_no_sat;border_growth_partial_1998_only;border;1;Q1_sales_1998_only;False;;False;0;0;0;0.0;0.4199;True;1;0;25
ablation_no_real;border_growth_partial_1998_only;border;1;Q1_sales_1998_only;False;;True;1;0;1;0.0;0.3426;True;1;0;25
ablation_ceval_any_intersection;border_growth_partial_1998_only;border;1;Q1_sales_1998_only;False;;True;1;0;1;0.0;0.5875;True;1;1;25
baseline_random_matched;border_growth_partial_1998_only;border;1;Q1_sales_1998_only;False;;False;0;0;0;0.0;0.0037;;0;0;25
mcad;border_margin_wrong_grain;border;1;Q1_margin_quarter_only;False;;False;0;0;0;0.0;0.2086;False;0;0;25
baseline_naive;border_margin_wrong_grain;border;1;Q1_margin_quarter_only;False;;True;1;0;1;0.0;0.0009;;0;0;25
baseline_measure_overlap;border_margin_wrong_grain;border;1;Q1_margin_quarter_only;False;;True;1;0;1;0.0;0.0134;;0;0;25
ablation_no_sat;border_margin_wrong_grain;border;1;Q1_margin_quarter_only;False;;False;0;0;0;0.0;0.2589;False;0;0;25
ablation_no_real;border_margin_wrong_grain;border;1;Q1_margin_quarter_only;False;;False;0;0;0;0.0;0.2029;False;0;0;25
ablation_ceval_any_intersection;border_margin_wrong_grain;border;1;Q1_margin_quarter_only;False;;False;0;0;0;0.0;0.1937;False;0;0;25
baseline_random_matched;border_margin_wrong_grain;border;1;Q1_margin_quarter_only;False;;False;0;0;0;0.0;0.004;;0;0;25
mcad;border_stockout_missing_store;border;1;Q1_stockout_category_only;False;;False;0;0;0;0.0;0.2256;False;0;0;25
baseline_naive;border_stockout_missing_store;border;1;Q1_stockout_category_only;False;;True;1;0;1;0.0;0.001;;0;0;25
baseline_measure_overlap;border_stockout_missing_store;border;1;Q1_stockout_category_only;False;;True;1;0;1;0.0;0.0147;;0;0;25
ablation_no_sat;border_stockout_missing_store;border;1;Q1_stockout_category_only;False;;False;0;0;0;0.0;0.2732;False;0;0;25
ablation_no_real;border_stockout_missing_store;border;1;Q1_stockout_category_only;False;;False;0;0;0;0.0;0.2075;False;0;0;25
ablation_ceval_any_intersection;border_stockout_missing_store;border;1;Q1_stockout_category_only;False;;False;0;0;0;0.0;0.3071;False;0;0;25
baseline_random_matched;border_stockout_missing_store;border;1;Q1_stockout_category_only;False;;False;0;0;0;0.0;0.0026;;0;0;25
mcad;adversarial_wrong_region;adversarial;1;Q1_margin_south;False;;False;0;0;0;0.0;0.3071;False;0;0;25
baseline_naive;adversarial_wrong_region;adversarial;1;Q1_margin_south;False;;True;1;0;1;0.0;0.0009;;0;0;25
baseline_measure_overlap;adversarial_wrong_region;adversarial;1;Q1_margin_south;False;;True;1;0;1;0.0;0.0134;;0;0;25
ablation_no_sat;adversarial_wrong_region;adversarial;1;Q1_margin_south;False;;False;0;0;0;0.0;0.2116;False;0;0;25
ablation_no_real;adversarial_wrong_region;adversarial;1;Q1_margin_south;False;;False;0;0;0;0.0;0.1774;False;0;0;25
ablation_ceval_any_intersection;adversarial_wrong_region;adversarial;1;Q1_margin_south;False;;False;0;0;0;0.0;0.2628;False;0;0;25
baseline_random_matched;adversarial_wrong_region;adversarial;1;Q1_margin_south;False;;True;1;0;1;0.0;0.003;;0;0;25
mcad;adversarial_wrong_year;adversarial;1;Q1_stockout_1997;False;;False;0;0;0;0.0;0.1717;False;0;0;25
baseline_naive;adversarial_wrong_year;adversarial;1;Q1_stockout_1997;False;;True;1;0;1;0.0;0.0009;;0;0;25
baseline_measure_overlap;adversarial_wrong_year;adversarial;1;Q1_stockout_1997;False;;True;1;0;1;0.0;0.0142;;0;0;25
ablation_no_sat;adversarial_wrong_year;adversarial;1;Q1_stockout_1997;False;;False;0;0;0;0.0;0.2025;False;0;0;25
ablation_no_real;adversarial_wrong_year;adversarial;1;Q1_stockout_1997;False;;False;0;0;0;0.0;0.1749;False;0;0;25
ablation_ceval_any_intersection;adversarial_wrong_year;adversarial;1;Q1_stockout_1997;False;;False;0;0;0;0.0;0.1656;False;0;0;25
baseline_random_matched;adversarial_wrong_year;adversarial;1;Q1_stockout_1997;False;;True;1;0;1;0.0;0.0037;;0;0;25
mcad;adversarial_invalid_no_measures;adversarial;1;Q1_invalid_no_measure;False;;False;0;0;0;0.0;0.073;False;0;0;25
baseline_naive;adversarial_invalid_no_measures;adversarial;1;Q1_invalid_no_measure;False;;True;1;0;1;0.0;0.0009;;0;0;25
baseline_measure_overlap;adversarial_invalid_no_measures;adversarial;1;Q1_invalid_no_measure;False;;False;0;0;0;0.0;0.0136;;0;0;25
ablation_no_sat;adversarial_invalid_no_measures;adversarial;1;Q1_invalid_no_measure;False;;False;0;0;0;0.0;0.0898;False;0;0;25
ablation_no_real;adversarial_invalid_no_measures;adversarial;1;Q1_invalid_no_measure;False;;False;0;0;0;0.0;0.0782;False;0;0;25
ablation_ceval_any_intersection;adversarial_invalid_no_measures;adversarial;1;Q1_invalid_no_measure;False;;False;0;0;0;0.0;0.1091;False;0;0;25
baseline_random_matched;adversarial_invalid_no_measures;adversarial;1;Q1_invalid_no_measure;False;;False;0;0;0;0.0;0.0027;;0;0;25
mcad;stress_exploratory_then_useful;stress;1;Q1_noise_region;False;;False;0;0;0;0.0;0.3265;False;0;0;25
mcad;stress_exploratory_then_useful;stress;2;Q2_noise_margin_all;False;;False;0;0;0;0.0;0.2425;False;0;0;25
mcad;stress_exploratory_then_useful;stress;3;Q3_useful_margin;True;c1;True;0;0;0;0.333333;0.3633;True;1;1;25
baseline_naive;stress_exploratory_then_useful;stress;1;Q1_noise_region;False;;True;1;0;1;0.0;0.0009;;0;0;25
baseline_naive;stress_exploratory_then_useful;stress;2;Q2_noise_margin_all;False;;True;1;0;1;0.0;0.0005;;0;0;25
baseline_naive;stress_exploratory_then_useful;stress;3;Q3_useful_margin;True;c1;True;0;0;0;0.333333;0.0003;;0;0;25
baseline_measure_overlap;stress_exploratory_then_useful;stress;1;Q1_noise_region;False;;True;1;0;1;0.0;0.0134;;0;0;25
baseline_measure_overlap;stress_exploratory_then_useful;stress;2;Q2_noise_margin_all;False;;True;1;0;1;0.0;0.0052;;0;0;25
baseline_measure_overlap;stress_exploratory_then_useful;stress;3;Q3_useful_margin;True;c1;True;0;0;0;0.333333;0.0041;;0;0;25
ablation_no_sat;stress_exploratory_then_useful;stress;1;Q1_noise_region;False;;False;0;0;0;0.0;0.4448;False;0;0;25
ablation_no_sat;stress_exploratory_then_useful;stress;2;Q2_noise_margin_all;False;;False;0;0;0;0.0;0.3706;False;0;0;25
ablation_no_sat;stress_exploratory_then_useful;stress;3;Q3_useful_margin;True;c1;True;0;0;0;0.333333;0.4472;True;1;1;25
ablation_no_real;stress_exploratory_then_useful;stress;1;Q1_noise_region;False;;False;0;0;0;0.0;0.663;False;0;0;25
ablation_no_real;stress_exploratory_then_useful;stress;2;Q2_noise_margin_all;False;;False;0;0;0;0.0;0.6536;False;0;0;25
ablation_no_real;stress_exploratory_then_useful;stress;3;Q3_useful_margin;True;c1;True;0;0;0;0.333333;0.469;True;1;1;25
ablation_ceval_any_intersection;stress_exploratory_then_useful;stress;1;Q1_noise_region;False;;False;0;0;0;0.0;0.296;False;0;0;25
ablation_ceval_any_intersection;stress_exploratory_then_useful;stress;2;Q2_noise_margin_all;False;;False;0;0;0;0.0;0.2444;False;0;0;25
ablation_ceval_any_intersection;stress_exploratory_then_useful;stress;3;Q3_useful_margin;True;c1;True;0;0;0;0.333333;0.4115;True;1;1;25
baseline_random_matched;stress_exploratory_then_useful;stress;1;Q1_noise_region;False;;False;0;0;0;0.0;0.003;;0;0;25
baseline_random_matched;stress_exploratory_then_useful;stress;2;Q2_noise_margin_all;False;;True;1;0;1;0.0;0.0006;;0;0;25
baseline_random_matched;stress_exploratory_then_useful;stress;3;Q3_useful_margin;True;c1;False;0;1;0;0.0;0.0005;;0;0;25
mcad;happy_guided_article_short;happy;1;Q1_margin_month;True;c1;True;0;0;0;0.333333;0.4385;True;1;1;26
mcad;happy_guided_article_short;happy;2;Q2_stockout_store;True;c2;True;0;0;0;0.666667;0.3204;True;1;1;26
mcad;happy_guided_article_short;happy;3;Q3_sales_growth;True;c3;True;0;0;0;1.0;0.3403;True;2;1;26
baseline_naive;happy_guided_article_short;happy;1;Q1_margin_month;True;c1;True;0;0;0;0.333333;0.0011;;0;0;26
baseline_naive;happy_guided_article_short;happy;2;Q2_stockout_store;True;c2;True;0;0;0;0.666667;0.0004;;0;0;26
baseline_naive;happy_guided_article_short;happy;3;Q3_sales_growth;True;c3;True;0;0;0;1.0;0.0003;;0;0;26
baseline_measure_overlap;happy_guided_article_short;happy;1;Q1_margin_month;True;c1;True;0;0;0;0.333333;0.0138;;0;0;26
baseline_measure_overlap;happy_guided_article_short;happy;2;Q2_stockout_store;True;c2;True;0;0;0;0.666667;0.0054;;0;0;26
baseline_measure_overlap;happy_guided_article_short;happy;3;Q3_sales_growth;True;c3;True;0;0;0;1.0;0.0044;;0;0;26
ablation_no_sat;happy_guided_article_short;happy;1;Q1_margin_month;True;c1;True;0;0;0;0.333333;0.2953;True;1;1;26
ablation_no_sat;happy_guided_article_short;happy;2;Q2_stockout_store;True;c2;True;0;0;0;0.666667;0.2505;True;1;1;26
ablation_no_sat;happy_guided_article_short;happy;3;Q3_sales_growth;True;c3;True;0;0;0;1.0;0.3359;True;2;1;26
ablation_no_real;happy_guided_article_short;happy;1;Q1_margin_month;True;c1;True;0;0;0;0.333333;0.2992;True;1;1;26
ablation_no_real;happy_guided_article_short;happy;2;Q2_stockout_store;True;c2;True;0;0;0;0.666667;0.2568;True;1;1;26
ablation_no_real;happy_guided_article_short;happy;3;Q3_sales_growth;True;c3;True;0;0;0;1.0;0.3445;True;2;1;26
ablation_ceval_any_intersection;happy_guided_article_short;happy;1;Q1_margin_month;True;c1;True;0;0;0;0.333333;0.4759;True;1;1;26
ablation_ceval_any_intersection;happy_guided_article_short;happy;2;Q2_stockout_store;True;c2;True;0;0;0;0.666667;0.4253;True;1;1;26
ablation_ceval_any_intersection;happy_guided_article_short;happy;3;Q3_sales_growth;True;c3;True;0;0;0;1.0;0.6067;True;2;1;26
baseline_random_matched;happy_guided_article_short;happy;1;Q1_margin_month;True;c1;False;0;1;0;0.0;0.0031;;0;0;26
baseline_random_matched;happy_guided_article_short;happy;2;Q2_stockout_store;True;c2;True;0;0;0;0.333333;0.0007;;0;0;26
baseline_random_matched;happy_guided_article_short;happy;3;Q3_sales_growth;True;c3;False;0;1;0;0.333333;0.0004;;0;0;26
mcad;happy_guided_reordered;happy;1;Q1_sales_growth;True;c3;True;0;0;0;0.333333;0.4224;True;2;1;26
mcad;happy_guided_reordered;happy;2;Q2_margin_month;True;c1;True;0;0;0;0.666667;0.4868;True;1;1;26
mcad;happy_guided_reordered;happy;3;Q3_stockout_store;True;c2;True;0;0;0;1.0;0.5229;True;1;1;26
baseline_naive;happy_guided_reordered;happy;1;Q1_sales_growth;True;c3;True;0;0;0;0.333333;0.0009;;0;0;26
baseline_naive;happy_guided_reordered;happy;2;Q2_margin_month;True;c1;True;0;0;0;0.666667;0.0005;;0;0;26
baseline_naive;happy_guided_reordered;happy;3;Q3_stockout_store;True;c2;True;0;0;0;1.0;0.0003;;0;0;26
baseline_measure_overlap;happy_guided_reordered;happy;1;Q1_sales_growth;True;c3;True;0;0;0;0.333333;0.0134;;0;0;26
baseline_measure_overlap;happy_guided_reordered;happy;2;Q2_margin_month;True;c1;True;0;0;0;0.666667;0.0054;;0;0;26
baseline_measure_overlap;happy_guided_reordered;happy;3;Q3_stockout_store;True;c2;True;0;0;0;1.0;0.0044;;0;0;26
ablation_no_sat;happy_guided_reordered;happy;1;Q1_sales_growth;True;c3;True;0;0;0;0.333333;0.3674;True;2;1;26
ablation_no_sat;happy_guided_reordered;happy;2;Q2_margin_month;True;c1;True;0;0;0;0.666667;0.2863;True;1;1;26
ablation_no_sat;happy_guided_reordered;happy;3;Q3_stockout_store;True;c2;True;0;0;0;1.0;0.244;True;1;1;26
ablation_no_real;happy_guided_reordered;happy;1;Q1_sales_growth;True;c3;True;0;0;0;0.333333;0.3812;True;2;1;26
ablation_no_real;happy_guided_reordered;happy;2;Q2_margin_month;True;c1;True;0;0;0;0.666667;0.258;True;1;1;26
ablation_no_real;happy_guided_reordered;happy;3;Q3_stockout_store;True;c2;True;0;0;0;1.0;0.2646;True;1;1;26
ablation_ceval_any_intersection;happy_guided_reordered;happy;1;Q1_sales_growth;True;c3;True;0;0;0;0.333333;0.6334;True;2;1;26
ablation_ceval_any_intersection;happy_guided_reordered;happy;2;Q2_margin_month;True;c1;True;0;0;0;0.666667;0.4104;True;1;1;26
ablation_ceval_any_intersection;happy_guided_reordered;happy;3;Q3_stockout_store;True;c2;True;0;0;0;1.0;0.3961;True;1;1;26
baseline_random_matched;happy_guided_reordered;happy;1;Q1_sales_growth;True;c3;False;0;1;0;0.0;0.0039;;0;0;26
baseline_random_matched;happy_guided_reordered;happy;2;Q2_margin_month;True;c1;True;0;0;0;0.333333;0.0008;;0;0;26
baseline_random_matched;happy_guided_reordered;happy;3;Q3_stockout_store;True;c2;True;0;0;0;0.666667;0.0006;;0;0;26
mcad;happy_guided_compact;happy;1;Q1_margin_month;True;c1;True;0;0;0;0.333333;0.2923;True;1;1;26
mcad;happy_guided_compact;happy;2;Q2_sales_growth;True;c3;True;0;0;0;0.666667;0.3554;True;2;1;26
mcad;happy_guided_compact;happy;3;Q3_stockout_store;True;c2;True;0;0;0;1.0;0.2455;True;1;1;26
baseline_naive;happy_guided_compact;happy;1;Q1_margin_month;True;c1;True;0;0;0;0.333333;0.001;;0;0;26
baseline_naive;happy_guided_compact;happy;2;Q2_sales_growth;True;c3;True;0;0;0;0.666667;0.0005;;0;0;26
baseline_naive;happy_guided_compact;happy;3;Q3_stockout_store;True;c2;True;0;0;0;1.0;0.0003;;0;0;26
baseline_measure_overlap;happy_guided_compact;happy;1;Q1_margin_month;True;c1;True;0;0;0;0.333333;0.0151;;0;0;26
baseline_measure_overlap;happy_guided_compact;happy;2;Q2_sales_growth;True;c3;True;0;0;0;0.666667;0.005;;0;0;26
baseline_measure_overlap;happy_guided_compact;happy;3;Q3_stockout_store;True;c2;True;0;0;0;1.0;0.0043;;0;0;26
ablation_no_sat;happy_guided_compact;happy;1;Q1_margin_month;True;c1;True;0;0;0;0.333333;0.2803;True;1;1;26
ablation_no_sat;happy_guided_compact;happy;2;Q2_sales_growth;True;c3;True;0;0;0;0.666667;0.3389;True;2;1;26
ablation_no_sat;happy_guided_compact;happy;3;Q3_stockout_store;True;c2;True;0;0;0;1.0;0.2785;True;1;1;26
ablation_no_real;happy_guided_compact;happy;1;Q1_margin_month;True;c1;True;0;0;0;0.333333;0.4724;True;1;1;26
ablation_no_real;happy_guided_compact;happy;2;Q2_sales_growth;True;c3;True;0;0;0;0.666667;0.585;True;2;1;26
ablation_no_real;happy_guided_compact;happy;3;Q3_stockout_store;True;c2;True;0;0;0;1.0;0.4097;True;1;1;26
ablation_ceval_any_intersection;happy_guided_compact;happy;1;Q1_margin_month;True;c1;True;0;0;0;0.333333;0.2745;True;1;1;26
ablation_ceval_any_intersection;happy_guided_compact;happy;2;Q2_sales_growth;True;c3;True;0;0;0;0.666667;0.3268;True;2;1;26
ablation_ceval_any_intersection;happy_guided_compact;happy;3;Q3_stockout_store;True;c2;True;0;0;0;1.0;0.2356;True;1;1;26
baseline_random_matched;happy_guided_compact;happy;1;Q1_margin_month;True;c1;True;0;0;0;0.333333;0.0028;;0;0;26
baseline_random_matched;happy_guided_compact;happy;2;Q2_sales_growth;True;c3;True;0;0;0;0.666667;0.0007;;0;0;26
baseline_random_matched;happy_guided_compact;happy;3;Q3_stockout_store;True;c2;True;0;0;0;1.0;0.0005;;0;0;26
mcad;border_growth_partial_1998_only;border;1;Q1_sales_1998_only;False;;False;0;0;0;0.0;0.3481;True;1;0;26
baseline_naive;border_growth_partial_1998_only;border;1;Q1_sales_1998_only;False;;True;1;0;1;0.0;0.001;;0;0;26
baseline_measure_overlap;border_growth_partial_1998_only;border;1;Q1_sales_1998_only;False;;True;1;0;1;0.0;0.0145;;0;0;26
ablation_no_sat;border_growth_partial_1998_only;border;1;Q1_sales_1998_only;False;;False;0;0;0;0.0;0.3343;True;1;0;26
ablation_no_real;border_growth_partial_1998_only;border;1;Q1_sales_1998_only;False;;True;1;0;1;0.0;0.6151;True;1;0;26
ablation_ceval_any_intersection;border_growth_partial_1998_only;border;1;Q1_sales_1998_only;False;;True;1;0;1;0.0;0.5563;True;1;1;26
baseline_random_matched;border_growth_partial_1998_only;border;1;Q1_sales_1998_only;False;;True;1;0;1;0.0;0.0042;;0;0;26
mcad;border_margin_wrong_grain;border;1;Q1_margin_quarter_only;False;;False;0;0;0;0.0;0.3535;False;0;0;26
baseline_naive;border_margin_wrong_grain;border;1;Q1_margin_quarter_only;False;;True;1;0;1;0.0;0.001;;0;0;26
baseline_measure_overlap;border_margin_wrong_grain;border;1;Q1_margin_quarter_only;False;;True;1;0;1;0.0;0.0191;;0;0;26
ablation_no_sat;border_margin_wrong_grain;border;1;Q1_margin_quarter_only;False;;False;0;0;0;0.0;0.2653;False;0;0;26
ablation_no_real;border_margin_wrong_grain;border;1;Q1_margin_quarter_only;False;;False;0;0;0;0.0;0.206;False;0;0;26
ablation_ceval_any_intersection;border_margin_wrong_grain;border;1;Q1_margin_quarter_only;False;;False;0;0;0;0.0;0.2024;False;0;0;26
baseline_random_matched;border_margin_wrong_grain;border;1;Q1_margin_quarter_only;False;;True;1;0;1;0.0;0.003;;0;0;26
mcad;border_stockout_missing_store;border;1;Q1_stockout_category_only;False;;False;0;0;0;0.0;0.1936;False;0;0;26
baseline_naive;border_stockout_missing_store;border;1;Q1_stockout_category_only;False;;True;1;0;1;0.0;0.0009;;0;0;26
baseline_measure_overlap;border_stockout_missing_store;border;1;Q1_stockout_category_only;False;;True;1;0;1;0.0;0.018;;0;0;26
ablation_no_sat;border_stockout_missing_store;border;1;Q1_stockout_category_only;False;;False;0;0;0;0.0;0.2587;False;0;0;26
ablation_no_real;border_stockout_missing_store;border;1;Q1_stockout_category_only;False;;False;0;0;0;0.0;0.2016;False;0;0;26
ablation_ceval_any_intersection;border_stockout_missing_store;border;1;Q1_stockout_category_only;False;;False;0;0;0;0.0;0.2323;False;0;0;26
baseline_random_matched;border_stockout_missing_store;border;1;Q1_stockout_category_only;False;;False;0;0;0;0.0;0.0029;;0;0;26
mcad;adversarial_wrong_region;adversarial;1;Q1_margin_south;False;;False;0;0;0;0.0;0.1686;False;0;0;26
baseline_naive;adversarial_wrong_region;adversarial;1;Q1_margin_south;False;;True;1;0;1;0.0;0.0009;;0;0;26
baseline_measure_overlap;adversarial_wrong_region;adversarial;1;Q1_margin_south;False;;True;1;0;1;0.0;0.0135;;0;0;26
ablation_no_sat;adversarial_wrong_region;adversarial;1;Q1_margin_south;False;;False;0;0;0;0.0;0.348;False;0;0;26
ablation_no_real;adversarial_wrong_region;adversarial;1;Q1_margin_south;False;;False;0;0;0;0.0;0.1758;False;0;0;26
ablation_ceval_any_intersection;adversarial_wrong_region;adversarial;1;Q1_margin_south;False;;False;0;0;0;0.0;0.1787;False;0;0;26
baseline_random_matched;adversarial_wrong_region;adversarial;1;Q1_margin_south;False;;False;0;0;0;0.0;0.003;;0;0;26
mcad;adversarial_wrong_year;adversarial;1;Q1_stockout_1997;False;;False;0;0;0;0.0;0.1632;False;0;0;26
baseline_naive;adversarial_wrong_year;adversarial;1;Q1_stockout_1997;False;;True;1;0;1;0.0;0.0008;;0;0;26
baseline_measure_overlap;adversarial_wrong_year;adversarial;1;Q1_stockout_1997;False;;True;1;0;1;0.0;0.0133;;0;0;26
ablation_no_sat;adversarial_wrong_year;adversarial;1;Q1_stockout_1997;False;;False;0;0;0;0.0;0.1936;False;0;0;26
ablation_no_real;adversarial_wrong_year;adversarial;1;Q1_stockout_1997;False;;False;0;0;0;0.0;0.2654;False;0;0;26
ablation_ceval_any_intersection;adversarial_wrong_year;adversarial;1;Q1_stockout_1997;False;;False;0;0;0;0.0;0.1657;False;0;0;26
baseline_random_matched;adversarial_wrong_year;adversarial;1;Q1_stockout_1997;False;;True;1;0;1;0.0;0.0031;;0;0;26
mcad;adversarial_invalid_no_measures;adversarial;1;Q1_invalid_no_measure;False;;False;0;0;0;0.0;0.0734;False;0;0;26
baseline_naive;adversarial_invalid_no_measures;adversarial;1;Q1_invalid_no_measure;False;;True;1;0;1;0.0;0.0009;;0;0;26
baseline_measure_overlap;adversarial_invalid_no_measures;adversarial;1;Q1_invalid_no_measure;False;;False;0;0;0;0.0;0.0128;;0;0;26
ablation_no_sat;adversarial_invalid_no_measures;adversarial;1;Q1_invalid_no_measure;False;;False;0;0;0;0.0;0.0867;False;0;0;26
ablation_no_real;adversarial_invalid_no_measures;adversarial;1;Q1_invalid_no_measure;False;;False;0;0;0;0.0;0.1094;False;0;0;26
ablation_ceval_any_intersection;adversarial_invalid_no_measures;adversarial;1;Q1_invalid_no_measure;False;;False;0;0;0;0.0;0.1021;False;0;0;26
baseline_random_matched;adversarial_invalid_no_measures;adversarial;1;Q1_invalid_no_measure;False;;True;1;0;1;0.0;0.0038;;0;0;26
mcad;stress_exploratory_then_useful;stress;1;Q1_noise_region;False;;False;0;0;0;0.0;0.3757;False;0;0;26
mcad;stress_exploratory_then_useful;stress;2;Q2_noise_margin_all;False;;False;0;0;0;0.0;0.2746;False;0;0;26
mcad;stress_exploratory_then_useful;stress;3;Q3_useful_margin;True;c1;True;0;0;0;0.333333;0.4857;True;1;1;26
baseline_naive;stress_exploratory_then_useful;stress;1;Q1_noise_region;False;;True;1;0;1;0.0;0.0009;;0;0;26
baseline_naive;stress_exploratory_then_useful;stress;2;Q2_noise_margin_all;False;;True;1;0;1;0.0;0.0005;;0;0;26
baseline_naive;stress_exploratory_then_useful;stress;3;Q3_useful_margin;True;c1;True;0;0;0;0.333333;0.0003;;0;0;26
baseline_measure_overlap;stress_exploratory_then_useful;stress;1;Q1_noise_region;False;;True;1;0;1;0.0;0.02;;0;0;26
baseline_measure_overlap;stress_exploratory_then_useful;stress;2;Q2_noise_margin_all;False;;True;1;0;1;0.0;0.0077;;0;0;26
baseline_measure_overlap;stress_exploratory_then_useful;stress;3;Q3_useful_margin;True;c1;True;0;0;0;0.333333;0.0065;;0;0;26
ablation_no_sat;stress_exploratory_then_useful;stress;1;Q1_noise_region;False;;False;0;0;0;0.0;0.2619;False;0;0;26
ablation_no_sat;stress_exploratory_then_useful;stress;2;Q2_noise_margin_all;False;;False;0;0;0;0.0;0.1714;False;0;0;26
ablation_no_sat;stress_exploratory_then_useful;stress;3;Q3_useful_margin;True;c1;True;0;0;0;0.333333;0.2526;True;1;1;26
ablation_no_real;stress_exploratory_then_useful;stress;1;Q1_noise_region;False;;False;0;0;0;0.0;0.2081;False;0;0;26
ablation_no_real;stress_exploratory_then_useful;stress;2;Q2_noise_margin_all;False;;False;0;0;0;0.0;0.146;False;0;0;26
ablation_no_real;stress_exploratory_then_useful;stress;3;Q3_useful_margin;True;c1;True;0;0;0;0.333333;0.2647;True;1;1;26
ablation_ceval_any_intersection;stress_exploratory_then_useful;stress;1;Q1_noise_region;False;;False;0;0;0;0.0;0.2532;False;0;0;26
ablation_ceval_any_intersection;stress_exploratory_then_useful;stress;2;Q2_noise_margin_all;False;;False;0;0;0;0.0;0.1699;False;0;0;26
ablation_ceval_any_intersection;stress_exploratory_then_useful;stress;3;Q3_useful_margin;True;c1;True;0;0;0;0.333333;0.2469;True;1;1;26
baseline_random_matched;stress_exploratory_then_useful;stress;1;Q1_noise_region;False;;False;0;0;0;0.0;0.003;;0;0;26
baseline_random_matched;stress_exploratory_then_useful;stress;2;Q2_noise_margin_all;False;;False;0;0;0;0.0;0.0006;;0;0;26
baseline_random_matched;stress_exploratory_then_useful;stress;3;Q3_useful_margin;True;c1;True;0;0;0;0.333333;0.0004;;0;0;26
mcad;happy_guided_article_short;happy;1;Q1_margin_month;True;c1;True;0;0;0;0.333333;0.2793;True;1;1;27
mcad;happy_guided_article_short;happy;2;Q2_stockout_store;True;c2;True;0;0;0;0.666667;0.2457;True;1;1;27
mcad;happy_guided_article_short;happy;3;Q3_sales_growth;True;c3;True;0;0;0;1.0;0.3416;True;2;1;27
baseline_naive;happy_guided_article_short;happy;1;Q1_margin_month;True;c1;True;0;0;0;0.333333;0.001;;0;0;27
baseline_naive;happy_guided_article_short;happy;2;Q2_stockout_store;True;c2;True;0;0;0;0.666667;0.0005;;0;0;27
baseline_naive;happy_guided_article_short;happy;3;Q3_sales_growth;True;c3;True;0;0;0;1.0;0.0003;;0;0;27
baseline_measure_overlap;happy_guided_article_short;happy;1;Q1_margin_month;True;c1;True;0;0;0;0.333333;0.014;;0;0;27
baseline_measure_overlap;happy_guided_article_short;happy;2;Q2_stockout_store;True;c2;True;0;0;0;0.666667;0.0055;;0;0;27
baseline_measure_overlap;happy_guided_article_short;happy;3;Q3_sales_growth;True;c3;True;0;0;0;1.0;0.0043;;0;0;27
ablation_no_sat;happy_guided_article_short;happy;1;Q1_margin_month;True;c1;True;0;0;0;0.333333;0.4642;True;1;1;27
ablation_no_sat;happy_guided_article_short;happy;2;Q2_stockout_store;True;c2;True;0;0;0;0.666667;0.3927;True;1;1;27
ablation_no_sat;happy_guided_article_short;happy;3;Q3_sales_growth;True;c3;True;0;0;0;1.0;0.6973;True;2;1;27
ablation_no_real;happy_guided_article_short;happy;1;Q1_margin_month;True;c1;True;0;0;0;0.333333;0.2829;True;1;1;27
ablation_no_real;happy_guided_article_short;happy;2;Q2_stockout_store;True;c2;True;0;0;0;0.666667;0.2514;True;1;1;27
ablation_no_real;happy_guided_article_short;happy;3;Q3_sales_growth;True;c3;True;0;0;0;1.0;0.3309;True;2;1;27
ablation_ceval_any_intersection;happy_guided_article_short;happy;1;Q1_margin_month;True;c1;True;0;0;0;0.333333;0.3007;True;1;1;27
ablation_ceval_any_intersection;happy_guided_article_short;happy;2;Q2_stockout_store;True;c2;True;0;0;0;0.666667;0.2433;True;1;1;27
ablation_ceval_any_intersection;happy_guided_article_short;happy;3;Q3_sales_growth;True;c3;True;0;0;0;1.0;0.3267;True;2;1;27
baseline_random_matched;happy_guided_article_short;happy;1;Q1_margin_month;True;c1;False;0;1;0;0.0;0.0047;;0;0;27
baseline_random_matched;happy_guided_article_short;happy;2;Q2_stockout_store;True;c2;False;0;1;0;0.0;0.001;;0;0;27
baseline_random_matched;happy_guided_article_short;happy;3;Q3_sales_growth;True;c3;True;0;0;0;0.333333;0.0008;;0;0;27
mcad;happy_guided_reordered;happy;1;Q1_sales_growth;True;c3;True;0;0;0;0.333333;0.3918;True;2;1;27
mcad;happy_guided_reordered;happy;2;Q2_margin_month;True;c1;True;0;0;0;0.666667;0.2515;True;1;1;27
mcad;happy_guided_reordered;happy;3;Q3_stockout_store;True;c2;True;0;0;0;1.0;0.254;True;1;1;27
baseline_naive;happy_guided_reordered;happy;1;Q1_sales_growth;True;c3;True;0;0;0;0.333333;0.0015;;0;0;27
baseline_naive;happy_guided_reordered;happy;2;Q2_margin_month;True;c1;True;0;0;0;0.666667;0.0006;;0;0;27
baseline_naive;happy_guided_reordered;happy;3;Q3_stockout_store;True;c2;True;0;0;0;1.0;0.0004;;0;0;27
baseline_measure_overlap;happy_guided_reordered;happy;1;Q1_sales_growth;True;c3;True;0;0;0;0.333333;0.0175;;0;0;27
baseline_measure_overlap;happy_guided_reordered;happy;2;Q2_margin_month;True;c1;True;0;0;0;0.666667;0.0056;;0;0;27
baseline_measure_overlap;happy_guided_reordered;happy;3;Q3_stockout_store;True;c2;True;0;0;0;1.0;0.0047;;0;0;27
ablation_no_sat;happy_guided_reordered;happy;1;Q1_sales_growth;True;c3;True;0;0;0;0.333333;0.3918;True;2;1;27
ablation_no_sat;happy_guided_reordered;happy;2;Q2_margin_month;True;c1;True;0;0;0;0.666667;0.2466;True;1;1;27
ablation_no_sat;happy_guided_reordered;happy;3;Q3_stockout_store;True;c2;True;0;0;0;1.0;0.2403;True;1;1;27
ablation_no_real;happy_guided_reordered;happy;1;Q1_sales_growth;True;c3;True;0;0;0;0.333333;0.3835;True;2;1;27
ablation_no_real;happy_guided_reordered;happy;2;Q2_margin_month;True;c1;True;0;0;0;0.666667;0.2686;True;1;1;27
ablation_no_real;happy_guided_reordered;happy;3;Q3_stockout_store;True;c2;True;0;0;0;1.0;0.2459;True;1;1;27
ablation_ceval_any_intersection;happy_guided_reordered;happy;1;Q1_sales_growth;True;c3;True;0;0;0;0.333333;0.3675;True;2;1;27
ablation_ceval_any_intersection;happy_guided_reordered;happy;2;Q2_margin_month;True;c1;True;0;0;0;0.666667;0.2436;True;1;1;27
ablation_ceval_any_intersection;happy_guided_reordered;happy;3;Q3_stockout_store;True;c2;True;0;0;0;1.0;0.2589;True;1;1;27
baseline_random_matched;happy_guided_reordered;happy;1;Q1_sales_growth;True;c3;False;0;1;0;0.0;0.0029;;0;0;27
baseline_random_matched;happy_guided_reordered;happy;2;Q2_margin_month;True;c1;False;0;1;0;0.0;0.0006;;0;0;27
baseline_random_matched;happy_guided_reordered;happy;3;Q3_stockout_store;True;c2;True;0;0;0;0.333333;0.0005;;0;0;27
mcad;happy_guided_compact;happy;1;Q1_margin_month;True;c1;True;0;0;0;0.333333;0.2953;True;1;1;27
mcad;happy_guided_compact;happy;2;Q2_sales_growth;True;c3;True;0;0;0;0.666667;0.3355;True;2;1;27
mcad;happy_guided_compact;happy;3;Q3_stockout_store;True;c2;True;0;0;0;1.0;0.2388;True;1;1;27
baseline_naive;happy_guided_compact;happy;1;Q1_margin_month;True;c1;True;0;0;0;0.333333;0.0012;;0;0;27
baseline_naive;happy_guided_compact;happy;2;Q2_sales_growth;True;c3;True;0;0;0;0.666667;0.0005;;0;0;27
baseline_naive;happy_guided_compact;happy;3;Q3_stockout_store;True;c2;True;0;0;0;1.0;0.0006;;0;0;27
baseline_measure_overlap;happy_guided_compact;happy;1;Q1_margin_month;True;c1;True;0;0;0;0.333333;0.0159;;0;0;27
baseline_measure_overlap;happy_guided_compact;happy;2;Q2_sales_growth;True;c3;True;0;0;0;0.666667;0.0051;;0;0;27
baseline_measure_overlap;happy_guided_compact;happy;3;Q3_stockout_store;True;c2;True;0;0;0;1.0;0.0044;;0;0;27
ablation_no_sat;happy_guided_compact;happy;1;Q1_margin_month;True;c1;True;0;0;0;0.333333;0.2859;True;1;1;27
ablation_no_sat;happy_guided_compact;happy;2;Q2_sales_growth;True;c3;True;0;0;0;0.666667;0.3374;True;2;1;27
ablation_no_sat;happy_guided_compact;happy;3;Q3_stockout_store;True;c2;True;0;0;0;1.0;0.2494;True;1;1;27
ablation_no_real;happy_guided_compact;happy;1;Q1_margin_month;True;c1;True;0;0;0;0.333333;0.3009;True;1;1;27
ablation_no_real;happy_guided_compact;happy;2;Q2_sales_growth;True;c3;True;0;0;0;0.666667;0.3395;True;2;1;27
ablation_no_real;happy_guided_compact;happy;3;Q3_stockout_store;True;c2;True;0;0;0;1.0;0.2452;True;1;1;27
ablation_ceval_any_intersection;happy_guided_compact;happy;1;Q1_margin_month;True;c1;True;0;0;0;0.333333;0.2728;True;1;1;27
ablation_ceval_any_intersection;happy_guided_compact;happy;2;Q2_sales_growth;True;c3;True;0;0;0;0.666667;0.3304;True;2;1;27
ablation_ceval_any_intersection;happy_guided_compact;happy;3;Q3_stockout_store;True;c2;True;0;0;0;1.0;0.2431;True;1;1;27
baseline_random_matched;happy_guided_compact;happy;1;Q1_margin_month;True;c1;False;0;1;0;0.0;0.0028;;0;0;27
baseline_random_matched;happy_guided_compact;happy;2;Q2_sales_growth;True;c3;False;0;1;0;0.0;0.0007;;0;0;27
baseline_random_matched;happy_guided_compact;happy;3;Q3_stockout_store;True;c2;False;0;1;0;0.0;0.0005;;0;0;27
mcad;border_growth_partial_1998_only;border;1;Q1_sales_1998_only;False;;False;0;0;0;0.0;0.3452;True;1;0;27
baseline_naive;border_growth_partial_1998_only;border;1;Q1_sales_1998_only;False;;True;1;0;1;0.0;0.0012;;0;0;27
baseline_measure_overlap;border_growth_partial_1998_only;border;1;Q1_sales_1998_only;False;;True;1;0;1;0.0;0.0137;;0;0;27
ablation_no_sat;border_growth_partial_1998_only;border;1;Q1_sales_1998_only;False;;False;0;0;0;0.0;0.3699;True;1;0;27
ablation_no_real;border_growth_partial_1998_only;border;1;Q1_sales_1998_only;False;;True;1;0;1;0.0;0.3551;True;1;0;27
ablation_ceval_any_intersection;border_growth_partial_1998_only;border;1;Q1_sales_1998_only;False;;True;1;0;1;0.0;0.3346;True;1;1;27
baseline_random_matched;border_growth_partial_1998_only;border;1;Q1_sales_1998_only;False;;False;0;0;0;0.0;0.0026;;0;0;27
mcad;border_margin_wrong_grain;border;1;Q1_margin_quarter_only;False;;False;0;0;0;0.0;0.1941;False;0;0;27
baseline_naive;border_margin_wrong_grain;border;1;Q1_margin_quarter_only;False;;True;1;0;1;0.0;0.0013;;0;0;27
baseline_measure_overlap;border_margin_wrong_grain;border;1;Q1_margin_quarter_only;False;;True;1;0;1;0.0;0.0139;;0;0;27
ablation_no_sat;border_margin_wrong_grain;border;1;Q1_margin_quarter_only;False;;False;0;0;0;0.0;0.2582;False;0;0;27
ablation_no_real;border_margin_wrong_grain;border;1;Q1_margin_quarter_only;False;;False;0;0;0;0.0;0.2032;False;0;0;27
ablation_ceval_any_intersection;border_margin_wrong_grain;border;1;Q1_margin_quarter_only;False;;False;0;0;0;0.0;0.1956;False;0;0;27
baseline_random_matched;border_margin_wrong_grain;border;1;Q1_margin_quarter_only;False;;True;1;0;1;0.0;0.0022;;0;0;27
mcad;border_stockout_missing_store;border;1;Q1_stockout_category_only;False;;False;0;0;0;0.0;0.1936;False;0;0;27
baseline_naive;border_stockout_missing_store;border;1;Q1_stockout_category_only;False;;True;1;0;1;0.0;0.0009;;0;0;27
baseline_measure_overlap;border_stockout_missing_store;border;1;Q1_stockout_category_only;False;;True;1;0;1;0.0;0.0182;;0;0;27
ablation_no_sat;border_stockout_missing_store;border;1;Q1_stockout_category_only;False;;False;0;0;0;0.0;0.2657;False;0;0;27
ablation_no_real;border_stockout_missing_store;border;1;Q1_stockout_category_only;False;;False;0;0;0;0.0;0.2109;False;0;0;27
ablation_ceval_any_intersection;border_stockout_missing_store;border;1;Q1_stockout_category_only;False;;False;0;0;0;0.0;0.1964;False;0;0;27
baseline_random_matched;border_stockout_missing_store;border;1;Q1_stockout_category_only;False;;True;1;0;1;0.0;0.003;;0;0;27
mcad;adversarial_wrong_region;adversarial;1;Q1_margin_south;False;;False;0;0;0;0.0;0.1683;False;0;0;27
baseline_naive;adversarial_wrong_region;adversarial;1;Q1_margin_south;False;;True;1;0;1;0.0;0.001;;0;0;27
baseline_measure_overlap;adversarial_wrong_region;adversarial;1;Q1_margin_south;False;;True;1;0;1;0.0;0.0141;;0;0;27
ablation_no_sat;adversarial_wrong_region;adversarial;1;Q1_margin_south;False;;False;0;0;0;0.0;0.339;False;0;0;27
ablation_no_real;adversarial_wrong_region;adversarial;1;Q1_margin_south;False;;False;0;0;0;0.0;0.1863;False;0;0;27
ablation_ceval_any_intersection;adversarial_wrong_region;adversarial;1;Q1_margin_south;False;;False;0;0;0;0.0;0.168;False;0;0;27
baseline_random_matched;adversarial_wrong_region;adversarial;1;Q1_margin_south;False;;False;0;0;0;0.0;0.0033;;0;0;27
mcad;adversarial_wrong_year;adversarial;1;Q1_stockout_1997;False;;False;0;0;0;0.0;0.1658;False;0;0;27
baseline_naive;adversarial_wrong_year;adversarial;1;Q1_stockout_1997;False;;True;1;0;1;0.0;0.0009;;0;0;27
baseline_measure_overlap;adversarial_wrong_year;adversarial;1;Q1_stockout_1997;False;;True;1;0;1;0.0;0.0134;;0;0;27
ablation_no_sat;adversarial_wrong_year;adversarial;1;Q1_stockout_1997;False;;False;0;0;0;0.0;0.2765;False;0;0;27
ablation_no_real;adversarial_wrong_year;adversarial;1;Q1_stockout_1997;False;;False;0;0;0;0.0;0.241;False;0;0;27
ablation_ceval_any_intersection;adversarial_wrong_year;adversarial;1;Q1_stockout_1997;False;;False;0;0;0;0.0;0.162;False;0;0;27
baseline_random_matched;adversarial_wrong_year;adversarial;1;Q1_stockout_1997;False;;True;1;0;1;0.0;0.0028;;0;0;27
mcad;adversarial_invalid_no_measures;adversarial;1;Q1_invalid_no_measure;False;;False;0;0;0;0.0;0.0736;False;0;0;27
baseline_naive;adversarial_invalid_no_measures;adversarial;1;Q1_invalid_no_measure;False;;True;1;0;1;0.0;0.0009;;0;0;27
baseline_measure_overlap;adversarial_invalid_no_measures;adversarial;1;Q1_invalid_no_measure;False;;False;0;0;0;0.0;0.013;;0;0;27
ablation_no_sat;adversarial_invalid_no_measures;adversarial;1;Q1_invalid_no_measure;False;;False;0;0;0;0.0;0.0898;False;0;0;27
ablation_no_real;adversarial_invalid_no_measures;adversarial;1;Q1_invalid_no_measure;False;;False;0;0;0;0.0;0.1237;False;0;0;27
ablation_ceval_any_intersection;adversarial_invalid_no_measures;adversarial;1;Q1_invalid_no_measure;False;;False;0;0;0;0.0;0.084;False;0;0;27
baseline_random_matched;adversarial_invalid_no_measures;adversarial;1;Q1_invalid_no_measure;False;;True;1;0;1;0.0;0.0045;;0;0;27
mcad;stress_exploratory_then_useful;stress;1;Q1_noise_region;False;;False;0;0;0;0.0;0.2076;False;0;0;27
mcad;stress_exploratory_then_useful;stress;2;Q2_noise_margin_all;False;;False;0;0;0;0.0;0.1411;False;0;0;27
mcad;stress_exploratory_then_useful;stress;3;Q3_useful_margin;True;c1;True;0;0;0;0.333333;0.2623;True;1;1;27
baseline_naive;stress_exploratory_then_useful;stress;1;Q1_noise_region;False;;True;1;0;1;0.0;0.001;;0;0;27
baseline_naive;stress_exploratory_then_useful;stress;2;Q2_noise_margin_all;False;;True;1;0;1;0.0;0.0004;;0;0;27
baseline_naive;stress_exploratory_then_useful;stress;3;Q3_useful_margin;True;c1;True;0;0;0;0.333333;0.0004;;0;0;27
baseline_measure_overlap;stress_exploratory_then_useful;stress;1;Q1_noise_region;False;;True;1;0;1;0.0;0.0156;;0;0;27
baseline_measure_overlap;stress_exploratory_then_useful;stress;2;Q2_noise_margin_all;False;;True;1;0;1;0.0;0.0054;;0;0;27
baseline_measure_overlap;stress_exploratory_then_useful;stress;3;Q3_useful_margin;True;c1;True;0;0;0;0.333333;0.004;;0;0;27
ablation_no_sat;stress_exploratory_then_useful;stress;1;Q1_noise_region;False;;False;0;0;0;0.0;0.2435;False;0;0;27
ablation_no_sat;stress_exploratory_then_useful;stress;2;Q2_noise_margin_all;False;;False;0;0;0;0.0;0.1795;False;0;0;27
ablation_no_sat;stress_exploratory_then_useful;stress;3;Q3_useful_margin;True;c1;True;0;0;0;0.333333;0.2474;True;1;1;27
ablation_no_real;stress_exploratory_then_useful;stress;1;Q1_noise_region;False;;False;0;0;0;0.0;0.4046;False;0;0;27
ablation_no_real;stress_exploratory_then_useful;stress;2;Q2_noise_margin_all;False;;False;0;0;0;0.0;0.262;False;0;0;27
ablation_no_real;stress_exploratory_then_useful;stress;3;Q3_useful_margin;True;c1;True;0;0;0;0.333333;0.4356;True;1;1;27
ablation_ceval_any_intersection;stress_exploratory_then_useful;stress;1;Q1_noise_region;False;;False;0;0;0;0.0;0.2003;False;0;0;27
ablation_ceval_any_intersection;stress_exploratory_then_useful;stress;2;Q2_noise_margin_all;False;;False;0;0;0;0.0;0.1421;False;0;0;27
ablation_ceval_any_intersection;stress_exploratory_then_useful;stress;3;Q3_useful_margin;True;c1;True;0;0;0;0.333333;0.2433;True;1;1;27
baseline_random_matched;stress_exploratory_then_useful;stress;1;Q1_noise_region;False;;False;0;0;0;0.0;0.003;;0;0;27
baseline_random_matched;stress_exploratory_then_useful;stress;2;Q2_noise_margin_all;False;;True;1;0;1;0.0;0.0007;;0;0;27
baseline_random_matched;stress_exploratory_then_useful;stress;3;Q3_useful_margin;True;c1;False;0;1;0;0.0;0.0005;;0;0;27
mcad;happy_guided_article_short;happy;1;Q1_margin_month;True;c1;True;0;0;0;0.333333;0.2938;True;1;1;28
mcad;happy_guided_article_short;happy;2;Q2_stockout_store;True;c2;True;0;0;0;0.666667;0.2459;True;1;1;28
mcad;happy_guided_article_short;happy;3;Q3_sales_growth;True;c3;True;0;0;0;1.0;0.3282;True;2;1;28
baseline_naive;happy_guided_article_short;happy;1;Q1_margin_month;True;c1;True;0;0;0;0.333333;0.0009;;0;0;28
baseline_naive;happy_guided_article_short;happy;2;Q2_stockout_store;True;c2;True;0;0;0;0.666667;0.0004;;0;0;28
baseline_naive;happy_guided_article_short;happy;3;Q3_sales_growth;True;c3;True;0;0;0;1.0;0.0003;;0;0;28
baseline_measure_overlap;happy_guided_article_short;happy;1;Q1_margin_month;True;c1;True;0;0;0;0.333333;0.0144;;0;0;28
baseline_measure_overlap;happy_guided_article_short;happy;2;Q2_stockout_store;True;c2;True;0;0;0;0.666667;0.0052;;0;0;28
baseline_measure_overlap;happy_guided_article_short;happy;3;Q3_sales_growth;True;c3;True;0;0;0;1.0;0.0041;;0;0;28
ablation_no_sat;happy_guided_article_short;happy;1;Q1_margin_month;True;c1;True;0;0;0;0.333333;0.2839;True;1;1;28
ablation_no_sat;happy_guided_article_short;happy;2;Q2_stockout_store;True;c2;True;0;0;0;0.666667;0.2438;True;1;1;28
ablation_no_sat;happy_guided_article_short;happy;3;Q3_sales_growth;True;c3;True;0;0;0;1.0;0.3386;True;2;1;28
ablation_no_real;happy_guided_article_short;happy;1;Q1_margin_month;True;c1;True;0;0;0;0.333333;0.3201;True;1;1;28
ablation_no_real;happy_guided_article_short;happy;2;Q2_stockout_store;True;c2;True;0;0;0;0.666667;0.2507;True;1;1;28
ablation_no_real;happy_guided_article_short;happy;3;Q3_sales_growth;True;c3;True;0;0;0;1.0;0.3338;True;2;1;28
ablation_ceval_any_intersection;happy_guided_article_short;happy;1;Q1_margin_month;True;c1;True;0;0;0;0.333333;0.4717;True;1;1;28
ablation_ceval_any_intersection;happy_guided_article_short;happy;2;Q2_stockout_store;True;c2;True;0;0;0;0.666667;0.4153;True;1;1;28
ablation_ceval_any_intersection;happy_guided_article_short;happy;3;Q3_sales_growth;True;c3;True;0;0;0;1.0;0.5798;True;2;1;28
baseline_random_matched;happy_guided_article_short;happy;1;Q1_margin_month;True;c1;False;0;1;0;0.0;0.0028;;0;0;28
baseline_random_matched;happy_guided_article_short;happy;2;Q2_stockout_store;True;c2;True;0;0;0;0.333333;0.0006;;0;0;28
baseline_random_matched;happy_guided_article_short;happy;3;Q3_sales_growth;True;c3;False;0;1;0;0.333333;0.0099;;0;0;28
mcad;happy_guided_reordered;happy;1;Q1_sales_growth;True;c3;True;0;0;0;0.333333;0.3717;True;2;1;28
mcad;happy_guided_reordered;happy;2;Q2_margin_month;True;c1;True;0;0;0;0.666667;0.2473;True;1;1;28
mcad;happy_guided_reordered;happy;3;Q3_stockout_store;True;c2;True;0;0;0;1.0;0.242;True;1;1;28
baseline_naive;happy_guided_reordered;happy;1;Q1_sales_growth;True;c3;True;0;0;0;0.333333;0.0009;;0;0;28
baseline_naive;happy_guided_reordered;happy;2;Q2_margin_month;True;c1;True;0;0;0;0.666667;0.0005;;0;0;28
baseline_naive;happy_guided_reordered;happy;3;Q3_stockout_store;True;c2;True;0;0;0;1.0;0.0003;;0;0;28
baseline_measure_overlap;happy_guided_reordered;happy;1;Q1_sales_growth;True;c3;True;0;0;0;0.333333;0.0141;;0;0;28
baseline_measure_overlap;happy_guided_reordered;happy;2;Q2_margin_month;True;c1;True;0;0;0;0.666667;0.0053;;0;0;28
baseline_measure_overlap;happy_guided_reordered;happy;3;Q3_stockout_store;True;c2;True;0;0;0;1.0;0.0043;;0;0;28
ablation_no_sat;happy_guided_reordered;happy;1;Q1_sales_growth;True;c3;True;0;0;0;0.333333;0.6305;True;2;1;28
ablation_no_sat;happy_guided_reordered;happy;2;Q2_margin_month;True;c1;True;0;0;0;0.666667;0.3872;True;1;1;28
ablation_no_sat;happy_guided_reordered;happy;3;Q3_stockout_store;True;c2;True;0;0;0;1.0;0.3769;True;1;1;28
ablation_no_real;happy_guided_reordered;happy;1;Q1_sales_growth;True;c3;True;0;0;0;0.333333;0.3754;True;2;1;28
ablation_no_real;happy_guided_reordered;happy;2;Q2_margin_month;True;c1;True;0;0;0;0.666667;0.265;True;1;1;28
ablation_no_real;happy_guided_reordered;happy;3;Q3_stockout_store;True;c2;True;0;0;0;1.0;0.2448;True;1;1;28
ablation_ceval_any_intersection;happy_guided_reordered;happy;1;Q1_sales_growth;True;c3;True;0;0;0;0.333333;0.3593;True;2;1;28
ablation_ceval_any_intersection;happy_guided_reordered;happy;2;Q2_margin_month;True;c1;True;0;0;0;0.666667;0.2418;True;1;1;28
ablation_ceval_any_intersection;happy_guided_reordered;happy;3;Q3_stockout_store;True;c2;True;0;0;0;1.0;0.2459;True;1;1;28
baseline_random_matched;happy_guided_reordered;happy;1;Q1_sales_growth;True;c3;False;0;1;0;0.0;0.0033;;0;0;28
baseline_random_matched;happy_guided_reordered;happy;2;Q2_margin_month;True;c1;True;0;0;0;0.333333;0.0007;;0;0;28
baseline_random_matched;happy_guided_reordered;happy;3;Q3_stockout_store;True;c2;True;0;0;0;0.666667;0.0005;;0;0;28
mcad;happy_guided_compact;happy;1;Q1_margin_month;True;c1;True;0;0;0;0.333333;0.286;True;1;1;28
mcad;happy_guided_compact;happy;2;Q2_sales_growth;True;c3;True;0;0;0;0.666667;0.3332;True;2;1;28
mcad;happy_guided_compact;happy;3;Q3_stockout_store;True;c2;True;0;0;0;1.0;0.2429;True;1;1;28
baseline_naive;happy_guided_compact;happy;1;Q1_margin_month;True;c1;True;0;0;0;0.333333;0.001;;0;0;28
baseline_naive;happy_guided_compact;happy;2;Q2_sales_growth;True;c3;True;0;0;0;0.666667;0.0006;;0;0;28
baseline_naive;happy_guided_compact;happy;3;Q3_stockout_store;True;c2;True;0;0;0;1.0;0.0003;;0;0;28
baseline_measure_overlap;happy_guided_compact;happy;1;Q1_margin_month;True;c1;True;0;0;0;0.333333;0.0133;;0;0;28
baseline_measure_overlap;happy_guided_compact;happy;2;Q2_sales_growth;True;c3;True;0;0;0;0.666667;0.0049;;0;0;28
baseline_measure_overlap;happy_guided_compact;happy;3;Q3_stockout_store;True;c2;True;0;0;0;1.0;0.0044;;0;0;28
ablation_no_sat;happy_guided_compact;happy;1;Q1_margin_month;True;c1;True;0;0;0;0.333333;0.4488;True;1;1;28
ablation_no_sat;happy_guided_compact;happy;2;Q2_sales_growth;True;c3;True;0;0;0;0.666667;0.5674;True;2;1;28
ablation_no_sat;happy_guided_compact;happy;3;Q3_stockout_store;True;c2;True;0;0;0;1.0;0.4317;True;1;1;28
ablation_no_real;happy_guided_compact;happy;1;Q1_margin_month;True;c1;True;0;0;0;0.333333;0.4731;True;1;1;28
ablation_no_real;happy_guided_compact;happy;2;Q2_sales_growth;True;c3;True;0;0;0;0.666667;0.4435;True;2;1;28
ablation_no_real;happy_guided_compact;happy;3;Q3_stockout_store;True;c2;True;0;0;0;1.0;0.2523;True;1;1;28
ablation_ceval_any_intersection;happy_guided_compact;happy;1;Q1_margin_month;True;c1;True;0;0;0;0.333333;0.2745;True;1;1;28
ablation_ceval_any_intersection;happy_guided_compact;happy;2;Q2_sales_growth;True;c3;True;0;0;0;0.666667;0.3338;True;2;1;28
ablation_ceval_any_intersection;happy_guided_compact;happy;3;Q3_stockout_store;True;c2;True;0;0;0;1.0;0.2484;True;1;1;28
baseline_random_matched;happy_guided_compact;happy;1;Q1_margin_month;True;c1;False;0;1;0;0.0;0.0117;;0;0;28
baseline_random_matched;happy_guided_compact;happy;2;Q2_sales_growth;True;c3;True;0;0;0;0.333333;0.0007;;0;0;28
baseline_random_matched;happy_guided_compact;happy;3;Q3_stockout_store;True;c2;False;0;1;0;0.333333;0.0005;;0;0;28
mcad;border_growth_partial_1998_only;border;1;Q1_sales_1998_only;False;;False;0;0;0;0.0;0.3625;True;1;0;28
baseline_naive;border_growth_partial_1998_only;border;1;Q1_sales_1998_only;False;;True;1;0;1;0.0;0.0009;;0;0;28
baseline_measure_overlap;border_growth_partial_1998_only;border;1;Q1_sales_1998_only;False;;True;1;0;1;0.0;0.0134;;0;0;28
ablation_no_sat;border_growth_partial_1998_only;border;1;Q1_sales_1998_only;False;;False;0;0;0;0.0;0.3376;True;1;0;28
ablation_no_real;border_growth_partial_1998_only;border;1;Q1_sales_1998_only;False;;True;1;0;1;0.0;0.537;True;1;0;28
ablation_ceval_any_intersection;border_growth_partial_1998_only;border;1;Q1_sales_1998_only;False;;True;1;0;1;0.0;0.3345;True;1;1;28
baseline_random_matched;border_growth_partial_1998_only;border;1;Q1_sales_1998_only;False;;True;1;0;1;0.0;0.0038;;0;0;28
mcad;border_margin_wrong_grain;border;1;Q1_margin_quarter_only;False;;False;0;0;0;0.0;0.1971;False;0;0;28
baseline_naive;border_margin_wrong_grain;border;1;Q1_margin_quarter_only;False;;True;1;0;1;0.0;0.0009;;0;0;28
baseline_measure_overlap;border_margin_wrong_grain;border;1;Q1_margin_quarter_only;False;;True;1;0;1;0.0;0.0131;;0;0;28
ablation_no_sat;border_margin_wrong_grain;border;1;Q1_margin_quarter_only;False;;False;0;0;0;0.0;0.2574;False;0;0;28
ablation_no_real;border_margin_wrong_grain;border;1;Q1_margin_quarter_only;False;;False;0;0;0;0.0;0.326;False;0;0;28
ablation_ceval_any_intersection;border_margin_wrong_grain;border;1;Q1_margin_quarter_only;False;;False;0;0;0;0.0;0.1956;False;0;0;28
baseline_random_matched;border_margin_wrong_grain;border;1;Q1_margin_quarter_only;False;;True;1;0;1;0.0;0.0027;;0;0;28
mcad;border_stockout_missing_store;border;1;Q1_stockout_category_only;False;;False;0;0;0;0.0;0.1932;False;0;0;28
baseline_naive;border_stockout_missing_store;border;1;Q1_stockout_category_only;False;;True;1;0;1;0.0;0.0009;;0;0;28
baseline_measure_overlap;border_stockout_missing_store;border;1;Q1_stockout_category_only;False;;True;1;0;1;0.0;0.0132;;0;0;28
ablation_no_sat;border_stockout_missing_store;border;1;Q1_stockout_category_only;False;;False;0;0;0;0.0;0.2533;False;0;0;28
ablation_no_real;border_stockout_missing_store;border;1;Q1_stockout_category_only;False;;False;0;0;0;0.0;0.1993;False;0;0;28
ablation_ceval_any_intersection;border_stockout_missing_store;border;1;Q1_stockout_category_only;False;;False;0;0;0;0.0;0.3309;False;0;0;28
baseline_random_matched;border_stockout_missing_store;border;1;Q1_stockout_category_only;False;;False;0;0;0;0.0;0.0031;;0;0;28
mcad;adversarial_wrong_region;adversarial;1;Q1_margin_south;False;;False;0;0;0;0.0;0.1673;False;0;0;28
baseline_naive;adversarial_wrong_region;adversarial;1;Q1_margin_south;False;;True;1;0;1;0.0;0.0009;;0;0;28
baseline_measure_overlap;adversarial_wrong_region;adversarial;1;Q1_margin_south;False;;True;1;0;1;0.0;0.0142;;0;0;28
ablation_no_sat;adversarial_wrong_region;adversarial;1;Q1_margin_south;False;;False;0;0;0;0.0;0.2085;False;0;0;28
ablation_no_real;adversarial_wrong_region;adversarial;1;Q1_margin_south;False;;False;0;0;0;0.0;0.176;False;0;0;28
ablation_ceval_any_intersection;adversarial_wrong_region;adversarial;1;Q1_margin_south;False;;False;0;0;0;0.0;0.2719;False;0;0;28
baseline_random_matched;adversarial_wrong_region;adversarial;1;Q1_margin_south;False;;True;1;0;1;0.0;0.0027;;0;0;28
mcad;adversarial_wrong_year;adversarial;1;Q1_stockout_1997;False;;False;0;0;0;0.0;0.1633;False;0;0;28
baseline_naive;adversarial_wrong_year;adversarial;1;Q1_stockout_1997;False;;True;1;0;1;0.0;0.0009;;0;0;28
baseline_measure_overlap;adversarial_wrong_year;adversarial;1;Q1_stockout_1997;False;;True;1;0;1;0.0;0.0222;;0;0;28
ablation_no_sat;adversarial_wrong_year;adversarial;1;Q1_stockout_1997;False;;False;0;0;0;0.0;0.1908;False;0;0;28
ablation_no_real;adversarial_wrong_year;adversarial;1;Q1_stockout_1997;False;;False;0;0;0;0.0;0.1689;False;0;0;28
ablation_ceval_any_intersection;adversarial_wrong_year;adversarial;1;Q1_stockout_1997;False;;False;0;0;0;0.0;0.1647;False;0;0;28
baseline_random_matched;adversarial_wrong_year;adversarial;1;Q1_stockout_1997;False;;True;1;0;1;0.0;0.0036;;0;0;28
mcad;adversarial_invalid_no_measures;adversarial;1;Q1_invalid_no_measure;False;;False;0;0;0;0.0;0.0831;False;0;0;28
baseline_naive;adversarial_invalid_no_measures;adversarial;1;Q1_invalid_no_measure;False;;True;1;0;1;0.0;0.001;;0;0;28
baseline_measure_overlap;adversarial_invalid_no_measures;adversarial;1;Q1_invalid_no_measure;False;;False;0;0;0;0.0;0.0139;;0;0;28
ablation_no_sat;adversarial_invalid_no_measures;adversarial;1;Q1_invalid_no_measure;False;;False;0;0;0;0.0;0.0977;False;0;0;28
ablation_no_real;adversarial_invalid_no_measures;adversarial;1;Q1_invalid_no_measure;False;;False;0;0;0;0.0;0.0863;False;0;0;28
ablation_ceval_any_intersection;adversarial_invalid_no_measures;adversarial;1;Q1_invalid_no_measure;False;;False;0;0;0;0.0;0.0757;False;0;0;28
baseline_random_matched;adversarial_invalid_no_measures;adversarial;1;Q1_invalid_no_measure;False;;True;1;0;1;0.0;0.0037;;0;0;28
mcad;stress_exploratory_then_useful;stress;1;Q1_noise_region;False;;False;0;0;0;0.0;0.209;False;0;0;28
mcad;stress_exploratory_then_useful;stress;2;Q2_noise_margin_all;False;;False;0;0;0;0.0;0.1459;False;0;0;28
mcad;stress_exploratory_then_useful;stress;3;Q3_useful_margin;True;c1;True;0;0;0;0.333333;0.265;True;1;1;28
baseline_naive;stress_exploratory_then_useful;stress;1;Q1_noise_region;False;;True;1;0;1;0.0;0.001;;0;0;28
baseline_naive;stress_exploratory_then_useful;stress;2;Q2_noise_margin_all;False;;True;1;0;1;0.0;0.0005;;0;0;28
baseline_naive;stress_exploratory_then_useful;stress;3;Q3_useful_margin;True;c1;True;0;0;0;0.333333;0.0003;;0;0;28
baseline_measure_overlap;stress_exploratory_then_useful;stress;1;Q1_noise_region;False;;True;1;0;1;0.0;0.015;;0;0;28
baseline_measure_overlap;stress_exploratory_then_useful;stress;2;Q2_noise_margin_all;False;;True;1;0;1;0.0;0.0051;;0;0;28
baseline_measure_overlap;stress_exploratory_then_useful;stress;3;Q3_useful_margin;True;c1;True;0;0;0;0.333333;0.004;;0;0;28
ablation_no_sat;stress_exploratory_then_useful;stress;1;Q1_noise_region;False;;False;0;0;0;0.0;0.2411;False;0;0;28
ablation_no_sat;stress_exploratory_then_useful;stress;2;Q2_noise_margin_all;False;;False;0;0;0;0.0;0.1803;False;0;0;28
ablation_no_sat;stress_exploratory_then_useful;stress;3;Q3_useful_margin;True;c1;True;0;0;0;0.333333;0.2618;True;1;1;28
ablation_no_real;stress_exploratory_then_useful;stress;1;Q1_noise_region;False;;False;0;0;0;0.0;0.2212;False;0;0;28
ablation_no_real;stress_exploratory_then_useful;stress;2;Q2_noise_margin_all;False;;False;0;0;0;0.0;0.2073;False;0;0;28
ablation_no_real;stress_exploratory_then_useful;stress;3;Q3_useful_margin;True;c1;True;0;0;0;0.333333;0.2593;True;1;1;28
ablation_ceval_any_intersection;stress_exploratory_then_useful;stress;1;Q1_noise_region;False;;False;0;0;0;0.0;0.2123;False;0;0;28
ablation_ceval_any_intersection;stress_exploratory_then_useful;stress;2;Q2_noise_margin_all;False;;False;0;0;0;0.0;0.1416;False;0;0;28
ablation_ceval_any_intersection;stress_exploratory_then_useful;stress;3;Q3_useful_margin;True;c1;True;0;0;0;0.333333;0.2497;True;1;1;28
baseline_random_matched;stress_exploratory_then_useful;stress;1;Q1_noise_region;False;;True;1;0;1;0.0;0.0028;;0;0;28
baseline_random_matched;stress_exploratory_then_useful;stress;2;Q2_noise_margin_all;False;;True;1;0;1;0.0;0.0006;;0;0;28
baseline_random_matched;stress_exploratory_then_useful;stress;3;Q3_useful_margin;True;c1;True;0;0;0;0.333333;0.0007;;0;0;28
mcad;happy_guided_article_short;happy;1;Q1_margin_month;True;c1;True;0;0;0;0.333333;0.4769;True;1;1;29
mcad;happy_guided_article_short;happy;2;Q2_stockout_store;True;c2;True;0;0;0;0.666667;0.4373;True;1;1;29
mcad;happy_guided_article_short;happy;3;Q3_sales_growth;True;c3;True;0;0;0;1.0;0.5839;True;2;1;29
baseline_naive;happy_guided_article_short;happy;1;Q1_margin_month;True;c1;True;0;0;0;0.333333;0.001;;0;0;29
baseline_naive;happy_guided_article_short;happy;2;Q2_stockout_store;True;c2;True;0;0;0;0.666667;0.0004;;0;0;29
baseline_naive;happy_guided_article_short;happy;3;Q3_sales_growth;True;c3;True;0;0;0;1.0;0.0003;;0;0;29
baseline_measure_overlap;happy_guided_article_short;happy;1;Q1_margin_month;True;c1;True;0;0;0;0.333333;0.0145;;0;0;29
baseline_measure_overlap;happy_guided_article_short;happy;2;Q2_stockout_store;True;c2;True;0;0;0;0.666667;0.0053;;0;0;29
baseline_measure_overlap;happy_guided_article_short;happy;3;Q3_sales_growth;True;c3;True;0;0;0;1.0;0.0043;;0;0;29
ablation_no_sat;happy_guided_article_short;happy;1;Q1_margin_month;True;c1;True;0;0;0;0.333333;0.2888;True;1;1;29
ablation_no_sat;happy_guided_article_short;happy;2;Q2_stockout_store;True;c2;True;0;0;0;0.666667;0.2512;True;1;1;29
ablation_no_sat;happy_guided_article_short;happy;3;Q3_sales_growth;True;c3;True;0;0;0;1.0;0.3465;True;2;1;29
ablation_no_real;happy_guided_article_short;happy;1;Q1_margin_month;True;c1;True;0;0;0;0.333333;0.3132;True;1;1;29
ablation_no_real;happy_guided_article_short;happy;2;Q2_stockout_store;True;c2;True;0;0;0;0.666667;0.2517;True;1;1;29
ablation_no_real;happy_guided_article_short;happy;3;Q3_sales_growth;True;c3;True;0;0;0;1.0;0.3381;True;2;1;29
ablation_ceval_any_intersection;happy_guided_article_short;happy;1;Q1_margin_month;True;c1;True;0;0;0;0.333333;0.2857;True;1;1;29
ablation_ceval_any_intersection;happy_guided_article_short;happy;2;Q2_stockout_store;True;c2;True;0;0;0;0.666667;0.2459;True;1;1;29
ablation_ceval_any_intersection;happy_guided_article_short;happy;3;Q3_sales_growth;True;c3;True;0;0;0;1.0;0.3324;True;2;1;29
baseline_random_matched;happy_guided_article_short;happy;1;Q1_margin_month;True;c1;True;0;0;0;0.333333;0.0027;;0;0;29
baseline_random_matched;happy_guided_article_short;happy;2;Q2_stockout_store;True;c2;False;0;1;0;0.333333;0.0006;;0;0;29
baseline_random_matched;happy_guided_article_short;happy;3;Q3_sales_growth;True;c3;True;0;0;0;0.666667;0.0005;;0;0;29
mcad;happy_guided_reordered;happy;1;Q1_sales_growth;True;c3;True;0;0;0;0.333333;0.5923;True;2;1;29
mcad;happy_guided_reordered;happy;2;Q2_margin_month;True;c1;True;0;0;0;0.666667;0.415;True;1;1;29
mcad;happy_guided_reordered;happy;3;Q3_stockout_store;True;c2;True;0;0;0;1.0;0.4297;True;1;1;29
baseline_naive;happy_guided_reordered;happy;1;Q1_sales_growth;True;c3;True;0;0;0;0.333333;0.001;;0;0;29
baseline_naive;happy_guided_reordered;happy;2;Q2_margin_month;True;c1;True;0;0;0;0.666667;0.0004;;0;0;29
baseline_naive;happy_guided_reordered;happy;3;Q3_stockout_store;True;c2;True;0;0;0;1.0;0.0003;;0;0;29
baseline_measure_overlap;happy_guided_reordered;happy;1;Q1_sales_growth;True;c3;True;0;0;0;0.333333;0.0137;;0;0;29
baseline_measure_overlap;happy_guided_reordered;happy;2;Q2_margin_month;True;c1;True;0;0;0;0.666667;0.0048;;0;0;29
baseline_measure_overlap;happy_guided_reordered;happy;3;Q3_stockout_store;True;c2;True;0;0;0;1.0;0.0042;;0;0;29
ablation_no_sat;happy_guided_reordered;happy;1;Q1_sales_growth;True;c3;True;0;0;0;0.333333;0.3729;True;2;1;29
ablation_no_sat;happy_guided_reordered;happy;2;Q2_margin_month;True;c1;True;0;0;0;0.666667;0.2522;True;1;1;29
ablation_no_sat;happy_guided_reordered;happy;3;Q3_stockout_store;True;c2;True;0;0;0;1.0;0.2579;True;1;1;29
ablation_no_real;happy_guided_reordered;happy;1;Q1_sales_growth;True;c3;True;0;0;0;0.333333;0.3976;True;2;1;29
ablation_no_real;happy_guided_reordered;happy;2;Q2_margin_month;True;c1;True;0;0;0;0.666667;0.2565;True;1;1;29
ablation_no_real;happy_guided_reordered;happy;3;Q3_stockout_store;True;c2;True;0;0;0;1.0;0.2486;True;1;1;29
ablation_ceval_any_intersection;happy_guided_reordered;happy;1;Q1_sales_growth;True;c3;True;0;0;0;0.333333;0.3773;True;2;1;29
ablation_ceval_any_intersection;happy_guided_reordered;happy;2;Q2_margin_month;True;c1;True;0;0;0;0.666667;0.248;True;1;1;29
ablation_ceval_any_intersection;happy_guided_reordered;happy;3;Q3_stockout_store;True;c2;True;0;0;0;1.0;0.2389;True;1;1;29
baseline_random_matched;happy_guided_reordered;happy;1;Q1_sales_growth;True;c3;False;0;1;0;0.0;0.0027;;0;0;29
baseline_random_matched;happy_guided_reordered;happy;2;Q2_margin_month;True;c1;True;0;0;0;0.333333;0.0007;;0;0;29
baseline_random_matched;happy_guided_reordered;happy;3;Q3_stockout_store;True;c2;True;0;0;0;0.666667;0.0005;;0;0;29
mcad;happy_guided_compact;happy;1;Q1_margin_month;True;c1;True;0;0;0;0.333333;0.4332;True;1;1;29
mcad;happy_guided_compact;happy;2;Q2_sales_growth;True;c3;True;0;0;0;0.666667;0.6052;True;2;1;29
mcad;happy_guided_compact;happy;3;Q3_stockout_store;True;c2;True;0;0;0;1.0;0.4255;True;1;1;29
baseline_naive;happy_guided_compact;happy;1;Q1_margin_month;True;c1;True;0;0;0;0.333333;0.0016;;0;0;29
baseline_naive;happy_guided_compact;happy;2;Q2_sales_growth;True;c3;True;0;0;0;0.666667;0.0007;;0;0;29
baseline_naive;happy_guided_compact;happy;3;Q3_stockout_store;True;c2;True;0;0;0;1.0;0.0007;;0;0;29
baseline_measure_overlap;happy_guided_compact;happy;1;Q1_margin_month;True;c1;True;0;0;0;0.333333;0.022;;0;0;29
baseline_measure_overlap;happy_guided_compact;happy;2;Q2_sales_growth;True;c3;True;0;0;0;0.666667;0.0083;;0;0;29
baseline_measure_overlap;happy_guided_compact;happy;3;Q3_stockout_store;True;c2;True;0;0;0;1.0;0.0074;;0;0;29
ablation_no_sat;happy_guided_compact;happy;1;Q1_margin_month;True;c1;True;0;0;0;0.333333;0.3143;True;1;1;29
ablation_no_sat;happy_guided_compact;happy;2;Q2_sales_growth;True;c3;True;0;0;0;0.666667;0.4755;True;2;1;29
ablation_no_sat;happy_guided_compact;happy;3;Q3_stockout_store;True;c2;True;0;0;0;1.0;0.2493;True;1;1;29
ablation_no_real;happy_guided_compact;happy;1;Q1_margin_month;True;c1;True;0;0;0;0.333333;0.311;True;1;1;29
ablation_no_real;happy_guided_compact;happy;2;Q2_sales_growth;True;c3;True;0;0;0;0.666667;0.3449;True;2;1;29
ablation_no_real;happy_guided_compact;happy;3;Q3_stockout_store;True;c2;True;0;0;0;1.0;0.2554;True;1;1;29
ablation_ceval_any_intersection;happy_guided_compact;happy;1;Q1_margin_month;True;c1;True;0;0;0;0.333333;0.4645;True;1;1;29
ablation_ceval_any_intersection;happy_guided_compact;happy;2;Q2_sales_growth;True;c3;True;0;0;0;0.666667;0.5961;True;2;1;29
ablation_ceval_any_intersection;happy_guided_compact;happy;3;Q3_stockout_store;True;c2;True;0;0;0;1.0;0.3533;True;1;1;29
baseline_random_matched;happy_guided_compact;happy;1;Q1_margin_month;True;c1;True;0;0;0;0.333333;0.0031;;0;0;29
baseline_random_matched;happy_guided_compact;happy;2;Q2_sales_growth;True;c3;True;0;0;0;0.666667;0.0008;;0;0;29
baseline_random_matched;happy_guided_compact;happy;3;Q3_stockout_store;True;c2;False;0;1;0;0.666667;0.0004;;0;0;29
mcad;border_growth_partial_1998_only;border;1;Q1_sales_1998_only;False;;False;0;0;0;0.0;0.3467;True;1;0;29
baseline_naive;border_growth_partial_1998_only;border;1;Q1_sales_1998_only;False;;True;1;0;1;0.0;0.0009;;0;0;29
baseline_measure_overlap;border_growth_partial_1998_only;border;1;Q1_sales_1998_only;False;;True;1;0;1;0.0;0.014;;0;0;29
ablation_no_sat;border_growth_partial_1998_only;border;1;Q1_sales_1998_only;False;;False;0;0;0;0.0;0.3465;True;1;0;29
ablation_no_real;border_growth_partial_1998_only;border;1;Q1_sales_1998_only;False;;True;1;0;1;0.0;0.3516;True;1;0;29
ablation_ceval_any_intersection;border_growth_partial_1998_only;border;1;Q1_sales_1998_only;False;;True;1;0;1;0.0;0.3431;True;1;1;29
baseline_random_matched;border_growth_partial_1998_only;border;1;Q1_sales_1998_only;False;;False;0;0;0;0.0;0.0036;;0;0;29
mcad;border_margin_wrong_grain;border;1;Q1_margin_quarter_only;False;;False;0;0;0;0.0;0.2001;False;0;0;29
baseline_naive;border_margin_wrong_grain;border;1;Q1_margin_quarter_only;False;;True;1;0;1;0.0;0.0009;;0;0;29
baseline_measure_overlap;border_margin_wrong_grain;border;1;Q1_margin_quarter_only;False;;True;1;0;1;0.0;0.0212;;0;0;29
ablation_no_sat;border_margin_wrong_grain;border;1;Q1_margin_quarter_only;False;;False;0;0;0;0.0;0.2993;False;0;0;29
ablation_no_real;border_margin_wrong_grain;border;1;Q1_margin_quarter_only;False;;False;0;0;0;0.0;0.3542;False;0;0;29
ablation_ceval_any_intersection;border_margin_wrong_grain;border;1;Q1_margin_quarter_only;False;;False;0;0;0;0.0;0.3469;False;0;0;29
baseline_random_matched;border_margin_wrong_grain;border;1;Q1_margin_quarter_only;False;;True;1;0;1;0.0;0.0049;;0;0;29
mcad;border_stockout_missing_store;border;1;Q1_stockout_category_only;False;;False;0;0;0;0.0;0.3853;False;0;0;29
baseline_naive;border_stockout_missing_store;border;1;Q1_stockout_category_only;False;;True;1;0;1;0.0;0.0013;;0;0;29
baseline_measure_overlap;border_stockout_missing_store;border;1;Q1_stockout_category_only;False;;True;1;0;1;0.0;0.021;;0;0;29
ablation_no_sat;border_stockout_missing_store;border;1;Q1_stockout_category_only;False;;False;0;0;0;0.0;0.3972;False;0;0;29
ablation_no_real;border_stockout_missing_store;border;1;Q1_stockout_category_only;False;;False;0;0;0;0.0;0.215;False;0;0;29
ablation_ceval_any_intersection;border_stockout_missing_store;border;1;Q1_stockout_category_only;False;;False;0;0;0;0.0;0.2009;False;0;0;29
baseline_random_matched;border_stockout_missing_store;border;1;Q1_stockout_category_only;False;;False;0;0;0;0.0;0.0034;;0;0;29
mcad;adversarial_wrong_region;adversarial;1;Q1_margin_south;False;;False;0;0;0;0.0;0.2619;False;0;0;29
baseline_naive;adversarial_wrong_region;adversarial;1;Q1_margin_south;False;;True;1;0;1;0.0;0.0013;;0;0;29
baseline_measure_overlap;adversarial_wrong_region;adversarial;1;Q1_margin_south;False;;True;1;0;1;0.0;0.0147;;0;0;29
ablation_no_sat;adversarial_wrong_region;adversarial;1;Q1_margin_south;False;;False;0;0;0;0.0;0.2117;False;0;0;29
ablation_no_real;adversarial_wrong_region;adversarial;1;Q1_margin_south;False;;False;0;0;0;0.0;0.2544;False;0;0;29
ablation_ceval_any_intersection;adversarial_wrong_region;adversarial;1;Q1_margin_south;False;;False;0;0;0;0.0;0.1691;False;0;0;29
baseline_random_matched;adversarial_wrong_region;adversarial;1;Q1_margin_south;False;;False;0;0;0;0.0;0.0029;;0;0;29
mcad;adversarial_wrong_year;adversarial;1;Q1_stockout_1997;False;;False;0;0;0;0.0;0.1739;False;0;0;29
baseline_naive;adversarial_wrong_year;adversarial;1;Q1_stockout_1997;False;;True;1;0;1;0.0;0.0012;;0;0;29
baseline_measure_overlap;adversarial_wrong_year;adversarial;1;Q1_stockout_1997;False;;True;1;0;1;0.0;0.0169;;0;0;29
ablation_no_sat;adversarial_wrong_year;adversarial;1;Q1_stockout_1997;False;;False;0;0;0;0.0;0.1982;False;0;0;29
ablation_no_real;adversarial_wrong_year;adversarial;1;Q1_stockout_1997;False;;False;0;0;0;0.0;0.1748;False;0;0;29
ablation_ceval_any_intersection;adversarial_wrong_year;adversarial;1;Q1_stockout_1997;False;;False;0;0;0;0.0;0.165;False;0;0;29
baseline_random_matched;adversarial_wrong_year;adversarial;1;Q1_stockout_1997;False;;False;0;0;0;0.0;0.0036;;0;0;29
mcad;adversarial_invalid_no_measures;adversarial;1;Q1_invalid_no_measure;False;;False;0;0;0;0.0;0.0729;False;0;0;29
baseline_naive;adversarial_invalid_no_measures;adversarial;1;Q1_invalid_no_measure;False;;True;1;0;1;0.0;0.0009;;0;0;29
baseline_measure_overlap;adversarial_invalid_no_measures;adversarial;1;Q1_invalid_no_measure;False;;False;0;0;0;0.0;0.0171;;0;0;29
ablation_no_sat;adversarial_invalid_no_measures;adversarial;1;Q1_invalid_no_measure;False;;False;0;0;0;0.0;0.0891;False;0;0;29
ablation_no_real;adversarial_invalid_no_measures;adversarial;1;Q1_invalid_no_measure;False;;False;0;0;0;0.0;0.0805;False;0;0;29
ablation_ceval_any_intersection;adversarial_invalid_no_measures;adversarial;1;Q1_invalid_no_measure;False;;False;0;0;0;0.0;0.0717;False;0;0;29
baseline_random_matched;adversarial_invalid_no_measures;adversarial;1;Q1_invalid_no_measure;False;;False;0;0;0;0.0;0.0027;;0;0;29
mcad;stress_exploratory_then_useful;stress;1;Q1_noise_region;False;;False;0;0;0;0.0;0.195;False;0;0;29
mcad;stress_exploratory_then_useful;stress;2;Q2_noise_margin_all;False;;False;0;0;0;0.0;0.1419;False;0;0;29
mcad;stress_exploratory_then_useful;stress;3;Q3_useful_margin;True;c1;True;0;0;0;0.333333;0.2609;True;1;1;29
baseline_naive;stress_exploratory_then_useful;stress;1;Q1_noise_region;False;;True;1;0;1;0.0;0.0009;;0;0;29
baseline_naive;stress_exploratory_then_useful;stress;2;Q2_noise_margin_all;False;;True;1;0;1;0.0;0.0004;;0;0;29
baseline_naive;stress_exploratory_then_useful;stress;3;Q3_useful_margin;True;c1;True;0;0;0;0.333333;0.0003;;0;0;29
baseline_measure_overlap;stress_exploratory_then_useful;stress;1;Q1_noise_region;False;;True;1;0;1;0.0;0.0179;;0;0;29
baseline_measure_overlap;stress_exploratory_then_useful;stress;2;Q2_noise_margin_all;False;;True;1;0;1;0.0;0.0081;;0;0;29
baseline_measure_overlap;stress_exploratory_then_useful;stress;3;Q3_useful_margin;True;c1;True;0;0;0;0.333333;0.0068;;0;0;29
ablation_no_sat;stress_exploratory_then_useful;stress;1;Q1_noise_region;False;;False;0;0;0;0.0;0.2608;False;0;0;29
ablation_no_sat;stress_exploratory_then_useful;stress;2;Q2_noise_margin_all;False;;False;0;0;0;0.0;0.1731;False;0;0;29
ablation_no_sat;stress_exploratory_then_useful;stress;3;Q3_useful_margin;True;c1;True;0;0;0;0.333333;0.2501;True;1;1;29
ablation_no_real;stress_exploratory_then_useful;stress;1;Q1_noise_region;False;;False;0;0;0;0.0;0.2113;False;0;0;29
ablation_no_real;stress_exploratory_then_useful;stress;2;Q2_noise_margin_all;False;;False;0;0;0;0.0;0.1472;False;0;0;29
ablation_no_real;stress_exploratory_then_useful;stress;3;Q3_useful_margin;True;c1;True;0;0;0;0.333333;0.2676;True;1;1;29
ablation_ceval_any_intersection;stress_exploratory_then_useful;stress;1;Q1_noise_region;False;;False;0;0;0;0.0;0.2312;False;0;0;29
ablation_ceval_any_intersection;stress_exploratory_then_useful;stress;2;Q2_noise_margin_all;False;;False;0;0;0;0.0;0.1422;False;0;0;29
ablation_ceval_any_intersection;stress_exploratory_then_useful;stress;3;Q3_useful_margin;True;c1;True;0;0;0;0.333333;0.2452;True;1;1;29
baseline_random_matched;stress_exploratory_then_useful;stress;1;Q1_noise_region;False;;True;1;0;1;0.0;0.0038;;0;0;29
baseline_random_matched;stress_exploratory_then_useful;stress;2;Q2_noise_margin_all;False;;False;0;0;0;0.0;0.0007;;0;0;29
baseline_random_matched;stress_exploratory_then_useful;stress;3;Q3_useful_margin;True;c1;True;0;0;0;0.333333;0.0005;;0;0;29
mcad;happy_guided_article_short;happy;1;Q1_margin_month;True;c1;True;0;0;0;0.333333;0.2902;True;1;1;30
mcad;happy_guided_article_short;happy;2;Q2_stockout_store;True;c2;True;0;0;0;0.666667;0.2442;True;1;1;30
mcad;happy_guided_article_short;happy;3;Q3_sales_growth;True;c3;True;0;0;0;1.0;0.3389;True;2;1;30
baseline_naive;happy_guided_article_short;happy;1;Q1_margin_month;True;c1;True;0;0;0;0.333333;0.0014;;0;0;30
baseline_naive;happy_guided_article_short;happy;2;Q2_stockout_store;True;c2;True;0;0;0;0.666667;0.0004;;0;0;30
baseline_naive;happy_guided_article_short;happy;3;Q3_sales_growth;True;c3;True;0;0;0;1.0;0.0004;;0;0;30
baseline_measure_overlap;happy_guided_article_short;happy;1;Q1_margin_month;True;c1;True;0;0;0;0.333333;0.0153;;0;0;30
baseline_measure_overlap;happy_guided_article_short;happy;2;Q2_stockout_store;True;c2;True;0;0;0;0.666667;0.0054;;0;0;30
baseline_measure_overlap;happy_guided_article_short;happy;3;Q3_sales_growth;True;c3;True;0;0;0;1.0;0.0044;;0;0;30
ablation_no_sat;happy_guided_article_short;happy;1;Q1_margin_month;True;c1;True;0;0;0;0.333333;0.4658;True;1;1;30
ablation_no_sat;happy_guided_article_short;happy;2;Q2_stockout_store;True;c2;True;0;0;0;0.666667;0.402;True;1;1;30
ablation_no_sat;happy_guided_article_short;happy;3;Q3_sales_growth;True;c3;True;0;0;0;1.0;0.5537;True;2;1;30
ablation_no_real;happy_guided_article_short;happy;1;Q1_margin_month;True;c1;True;0;0;0;0.333333;0.3155;True;1;1;30
ablation_no_real;happy_guided_article_short;happy;2;Q2_stockout_store;True;c2;True;0;0;0;0.666667;0.3154;True;1;1;30
ablation_no_real;happy_guided_article_short;happy;3;Q3_sales_growth;True;c3;True;0;0;0;1.0;0.3703;True;2;1;30
ablation_ceval_any_intersection;happy_guided_article_short;happy;1;Q1_margin_month;True;c1;True;0;0;0;0.333333;0.293;True;1;1;30
ablation_ceval_any_intersection;happy_guided_article_short;happy;2;Q2_stockout_store;True;c2;True;0;0;0;0.666667;0.2448;True;1;1;30
ablation_ceval_any_intersection;happy_guided_article_short;happy;3;Q3_sales_growth;True;c3;True;0;0;0;1.0;0.3278;True;2;1;30
baseline_random_matched;happy_guided_article_short;happy;1;Q1_margin_month;True;c1;True;0;0;0;0.333333;0.0031;;0;0;30
baseline_random_matched;happy_guided_article_short;happy;2;Q2_stockout_store;True;c2;False;0;1;0;0.333333;0.0006;;0;0;30
baseline_random_matched;happy_guided_article_short;happy;3;Q3_sales_growth;True;c3;True;0;0;0;0.666667;0.0005;;0;0;30
mcad;happy_guided_reordered;happy;1;Q1_sales_growth;True;c3;True;0;0;0;0.333333;0.4205;True;2;1;30
mcad;happy_guided_reordered;happy;2;Q2_margin_month;True;c1;True;0;0;0;0.666667;0.2609;True;1;1;30
mcad;happy_guided_reordered;happy;3;Q3_stockout_store;True;c2;True;0;0;0;1.0;0.24;True;1;1;30
baseline_naive;happy_guided_reordered;happy;1;Q1_sales_growth;True;c3;True;0;0;0;0.333333;0.0011;;0;0;30
baseline_naive;happy_guided_reordered;happy;2;Q2_margin_month;True;c1;True;0;0;0;0.666667;0.0005;;0;0;30
baseline_naive;happy_guided_reordered;happy;3;Q3_stockout_store;True;c2;True;0;0;0;1.0;0.0003;;0;0;30
baseline_measure_overlap;happy_guided_reordered;happy;1;Q1_sales_growth;True;c3;True;0;0;0;0.333333;0.0157;;0;0;30
baseline_measure_overlap;happy_guided_reordered;happy;2;Q2_margin_month;True;c1;True;0;0;0;0.666667;0.0052;;0;0;30
baseline_measure_overlap;happy_guided_reordered;happy;3;Q3_stockout_store;True;c2;True;0;0;0;1.0;0.0043;;0;0;30
ablation_no_sat;happy_guided_reordered;happy;1;Q1_sales_growth;True;c3;True;0;0;0;0.333333;0.528;True;2;1;30
ablation_no_sat;happy_guided_reordered;happy;2;Q2_margin_month;True;c1;True;0;0;0;0.666667;0.4958;True;1;1;30
ablation_no_sat;happy_guided_reordered;happy;3;Q3_stockout_store;True;c2;True;0;0;0;1.0;0.4745;True;1;1;30
ablation_no_real;happy_guided_reordered;happy;1;Q1_sales_growth;True;c3;True;0;0;0;0.333333;0.3893;True;2;1;30
ablation_no_real;happy_guided_reordered;happy;2;Q2_margin_month;True;c1;True;0;0;0;0.666667;0.2535;True;1;1;30
ablation_no_real;happy_guided_reordered;happy;3;Q3_stockout_store;True;c2;True;0;0;0;1.0;0.2447;True;1;1;30
ablation_ceval_any_intersection;happy_guided_reordered;happy;1;Q1_sales_growth;True;c3;True;0;0;0;0.333333;0.3654;True;2;1;30
ablation_ceval_any_intersection;happy_guided_reordered;happy;2;Q2_margin_month;True;c1;True;0;0;0;0.666667;0.2563;True;1;1;30
ablation_ceval_any_intersection;happy_guided_reordered;happy;3;Q3_stockout_store;True;c2;True;0;0;0;1.0;0.2387;True;1;1;30
baseline_random_matched;happy_guided_reordered;happy;1;Q1_sales_growth;True;c3;True;0;0;0;0.333333;0.0029;;0;0;30
baseline_random_matched;happy_guided_reordered;happy;2;Q2_margin_month;True;c1;False;0;1;0;0.333333;0.0006;;0;0;30
baseline_random_matched;happy_guided_reordered;happy;3;Q3_stockout_store;True;c2;True;0;0;0;0.666667;0.0004;;0;0;30
mcad;happy_guided_compact;happy;1;Q1_margin_month;True;c1;True;0;0;0;0.333333;0.2809;True;1;1;30
mcad;happy_guided_compact;happy;2;Q2_sales_growth;True;c3;True;0;0;0;0.666667;0.3338;True;2;1;30
mcad;happy_guided_compact;happy;3;Q3_stockout_store;True;c2;True;0;0;0;1.0;0.2398;True;1;1;30
baseline_naive;happy_guided_compact;happy;1;Q1_margin_month;True;c1;True;0;0;0;0.333333;0.001;;0;0;30
baseline_naive;happy_guided_compact;happy;2;Q2_sales_growth;True;c3;True;0;0;0;0.666667;0.0005;;0;0;30
baseline_naive;happy_guided_compact;happy;3;Q3_stockout_store;True;c2;True;0;0;0;1.0;0.0003;;0;0;30
baseline_measure_overlap;happy_guided_compact;happy;1;Q1_margin_month;True;c1;True;0;0;0;0.333333;0.0144;;0;0;30
baseline_measure_overlap;happy_guided_compact;happy;2;Q2_sales_growth;True;c3;True;0;0;0;0.666667;0.0051;;0;0;30
baseline_measure_overlap;happy_guided_compact;happy;3;Q3_stockout_store;True;c2;True;0;0;0;1.0;0.0041;;0;0;30
ablation_no_sat;happy_guided_compact;happy;1;Q1_margin_month;True;c1;True;0;0;0;0.333333;0.4559;True;1;1;30
ablation_no_sat;happy_guided_compact;happy;2;Q2_sales_growth;True;c3;True;0;0;0;0.666667;0.6814;True;2;1;30
ablation_no_sat;happy_guided_compact;happy;3;Q3_stockout_store;True;c2;True;0;0;0;1.0;0.3933;True;1;1;30
ablation_no_real;happy_guided_compact;happy;1;Q1_margin_month;True;c1;True;0;0;0;0.333333;0.4298;True;1;1;30
ablation_no_real;happy_guided_compact;happy;2;Q2_sales_growth;True;c3;True;0;0;0;0.666667;0.3731;True;2;1;30
ablation_no_real;happy_guided_compact;happy;3;Q3_stockout_store;True;c2;True;0;0;0;1.0;0.2619;True;1;1;30
ablation_ceval_any_intersection;happy_guided_compact;happy;1;Q1_margin_month;True;c1;True;0;0;0;0.333333;0.2757;True;1;1;30
ablation_ceval_any_intersection;happy_guided_compact;happy;2;Q2_sales_growth;True;c3;True;0;0;0;0.666667;0.3425;True;2;1;30
ablation_ceval_any_intersection;happy_guided_compact;happy;3;Q3_stockout_store;True;c2;True;0;0;0;1.0;0.2373;True;1;1;30
baseline_random_matched;happy_guided_compact;happy;1;Q1_margin_month;True;c1;False;0;1;0;0.0;0.0031;;0;0;30
baseline_random_matched;happy_guided_compact;happy;2;Q2_sales_growth;True;c3;False;0;1;0;0.0;0.0006;;0;0;30
baseline_random_matched;happy_guided_compact;happy;3;Q3_stockout_store;True;c2;True;0;0;0;0.333333;0.0004;;0;0;30
mcad;border_growth_partial_1998_only;border;1;Q1_sales_1998_only;False;;False;0;0;0;0.0;0.3483;True;1;0;30
baseline_naive;border_growth_partial_1998_only;border;1;Q1_sales_1998_only;False;;True;1;0;1;0.0;0.0011;;0;0;30
baseline_measure_overlap;border_growth_partial_1998_only;border;1;Q1_sales_1998_only;False;;True;1;0;1;0.0;0.0142;;0;0;30
ablation_no_sat;border_growth_partial_1998_only;border;1;Q1_sales_1998_only;False;;False;0;0;0;0.0;0.3472;True;1;0;30
ablation_no_real;border_growth_partial_1998_only;border;1;Q1_sales_1998_only;False;;True;1;0;1;0.0;0.6624;True;1;0;30
ablation_ceval_any_intersection;border_growth_partial_1998_only;border;1;Q1_sales_1998_only;False;;True;1;0;1;0.0;0.3468;True;1;1;30
baseline_random_matched;border_growth_partial_1998_only;border;1;Q1_sales_1998_only;False;;False;0;0;0;0.0;0.0028;;0;0;30
mcad;border_margin_wrong_grain;border;1;Q1_margin_quarter_only;False;;False;0;0;0;0.0;0.1992;False;0;0;30
baseline_naive;border_margin_wrong_grain;border;1;Q1_margin_quarter_only;False;;True;1;0;1;0.0;0.0016;;0;0;30
baseline_measure_overlap;border_margin_wrong_grain;border;1;Q1_margin_quarter_only;False;;True;1;0;1;0.0;0.015;;0;0;30
ablation_no_sat;border_margin_wrong_grain;border;1;Q1_margin_quarter_only;False;;False;0;0;0;0.0;0.2629;False;0;0;30
ablation_no_real;border_margin_wrong_grain;border;1;Q1_margin_quarter_only;False;;False;0;0;0;0.0;0.2043;False;0;0;30
ablation_ceval_any_intersection;border_margin_wrong_grain;border;1;Q1_margin_quarter_only;False;;False;0;0;0;0.0;0.1983;False;0;0;30
baseline_random_matched;border_margin_wrong_grain;border;1;Q1_margin_quarter_only;False;;False;0;0;0;0.0;0.0027;;0;0;30
mcad;border_stockout_missing_store;border;1;Q1_stockout_category_only;False;;False;0;0;0;0.0;0.1963;False;0;0;30
baseline_naive;border_stockout_missing_store;border;1;Q1_stockout_category_only;False;;True;1;0;1;0.0;0.0014;;0;0;30
baseline_measure_overlap;border_stockout_missing_store;border;1;Q1_stockout_category_only;False;;True;1;0;1;0.0;0.0143;;0;0;30
ablation_no_sat;border_stockout_missing_store;border;1;Q1_stockout_category_only;False;;False;0;0;0;0.0;0.2662;False;0;0;30
ablation_no_real;border_stockout_missing_store;border;1;Q1_stockout_category_only;False;;False;0;0;0;0.0;0.335;False;0;0;30
ablation_ceval_any_intersection;border_stockout_missing_store;border;1;Q1_stockout_category_only;False;;False;0;0;0;0.0;0.2483;False;0;0;30
baseline_random_matched;border_stockout_missing_store;border;1;Q1_stockout_category_only;False;;True;1;0;1;0.0;0.0029;;0;0;30
mcad;adversarial_wrong_region;adversarial;1;Q1_margin_south;False;;False;0;0;0;0.0;0.1691;False;0;0;30
baseline_naive;adversarial_wrong_region;adversarial;1;Q1_margin_south;False;;True;1;0;1;0.0;0.0009;;0;0;30
baseline_measure_overlap;adversarial_wrong_region;adversarial;1;Q1_margin_south;False;;True;1;0;1;0.0;0.0148;;0;0;30
ablation_no_sat;adversarial_wrong_region;adversarial;1;Q1_margin_south;False;;False;0;0;0;0.0;0.2123;False;0;0;30
ablation_no_real;adversarial_wrong_region;adversarial;1;Q1_margin_south;False;;False;0;0;0;0.0;0.1898;False;0;0;30
ablation_ceval_any_intersection;adversarial_wrong_region;adversarial;1;Q1_margin_south;False;;False;0;0;0;0.0;0.2754;False;0;0;30
baseline_random_matched;adversarial_wrong_region;adversarial;1;Q1_margin_south;False;;True;1;0;1;0.0;0.0045;;0;0;30
mcad;adversarial_wrong_year;adversarial;1;Q1_stockout_1997;False;;False;0;0;0;0.0;0.169;False;0;0;30
baseline_naive;adversarial_wrong_year;adversarial;1;Q1_stockout_1997;False;;True;1;0;1;0.0;0.001;;0;0;30
baseline_measure_overlap;adversarial_wrong_year;adversarial;1;Q1_stockout_1997;False;;True;1;0;1;0.0;0.0143;;0;0;30
ablation_no_sat;adversarial_wrong_year;adversarial;1;Q1_stockout_1997;False;;False;0;0;0;0.0;0.1973;False;0;0;30
ablation_no_real;adversarial_wrong_year;adversarial;1;Q1_stockout_1997;False;;False;0;0;0;0.0;0.1774;False;0;0;30
ablation_ceval_any_intersection;adversarial_wrong_year;adversarial;1;Q1_stockout_1997;False;;False;0;0;0;0.0;0.2675;False;0;0;30
baseline_random_matched;adversarial_wrong_year;adversarial;1;Q1_stockout_1997;False;;True;1;0;1;0.0;0.003;;0;0;30
mcad;adversarial_invalid_no_measures;adversarial;1;Q1_invalid_no_measure;False;;False;0;0;0;0.0;0.0758;False;0;0;30
baseline_naive;adversarial_invalid_no_measures;adversarial;1;Q1_invalid_no_measure;False;;True;1;0;1;0.0;0.0012;;0;0;30
baseline_measure_overlap;adversarial_invalid_no_measures;adversarial;1;Q1_invalid_no_measure;False;;False;0;0;0;0.0;0.0159;;0;0;30
ablation_no_sat;adversarial_invalid_no_measures;adversarial;1;Q1_invalid_no_measure;False;;False;0;0;0;0.0;0.0965;False;0;0;30
ablation_no_real;adversarial_invalid_no_measures;adversarial;1;Q1_invalid_no_measure;False;;False;0;0;0;0.0;0.0832;False;0;0;30
ablation_ceval_any_intersection;adversarial_invalid_no_measures;adversarial;1;Q1_invalid_no_measure;False;;False;0;0;0;0.0;0.0743;False;0;0;30
baseline_random_matched;adversarial_invalid_no_measures;adversarial;1;Q1_invalid_no_measure;False;;False;0;0;0;0.0;0.0041;;0;0;30
mcad;stress_exploratory_then_useful;stress;1;Q1_noise_region;False;;False;0;0;0;0.0;0.2114;False;0;0;30
mcad;stress_exploratory_then_useful;stress;2;Q2_noise_margin_all;False;;False;0;0;0;0.0;0.1422;False;0;0;30
mcad;stress_exploratory_then_useful;stress;3;Q3_useful_margin;True;c1;True;0;0;0;0.333333;0.2516;True;1;1;30
baseline_naive;stress_exploratory_then_useful;stress;1;Q1_noise_region;False;;True;1;0;1;0.0;0.0011;;0;0;30
baseline_naive;stress_exploratory_then_useful;stress;2;Q2_noise_margin_all;False;;True;1;0;1;0.0;0.0005;;0;0;30
baseline_naive;stress_exploratory_then_useful;stress;3;Q3_useful_margin;True;c1;True;0;0;0;0.333333;0.0003;;0;0;30
baseline_measure_overlap;stress_exploratory_then_useful;stress;1;Q1_noise_region;False;;True;1;0;1;0.0;0.0157;;0;0;30
baseline_measure_overlap;stress_exploratory_then_useful;stress;2;Q2_noise_margin_all;False;;True;1;0;1;0.0;0.0049;;0;0;30
baseline_measure_overlap;stress_exploratory_then_useful;stress;3;Q3_useful_margin;True;c1;True;0;0;0;0.333333;0.004;;0;0;30
ablation_no_sat;stress_exploratory_then_useful;stress;1;Q1_noise_region;False;;False;0;0;0;0.0;0.2452;False;0;0;30
ablation_no_sat;stress_exploratory_then_useful;stress;2;Q2_noise_margin_all;False;;False;0;0;0;0.0;0.1692;False;0;0;30
ablation_no_sat;stress_exploratory_then_useful;stress;3;Q3_useful_margin;True;c1;True;0;0;0;0.333333;0.2494;True;1;1;30
ablation_no_real;stress_exploratory_then_useful;stress;1;Q1_noise_region;False;;False;0;0;0;0.0;0.2074;False;0;0;30
ablation_no_real;stress_exploratory_then_useful;stress;2;Q2_noise_margin_all;False;;False;0;0;0;0.0;0.1448;False;0;0;30
ablation_no_real;stress_exploratory_then_useful;stress;3;Q3_useful_margin;True;c1;True;0;0;0;0.333333;0.3488;True;1;1;30
ablation_ceval_any_intersection;stress_exploratory_then_useful;stress;1;Q1_noise_region;False;;False;0;0;0;0.0;0.2008;False;0;0;30
ablation_ceval_any_intersection;stress_exploratory_then_useful;stress;2;Q2_noise_margin_all;False;;False;0;0;0;0.0;0.1429;False;0;0;30
ablation_ceval_any_intersection;stress_exploratory_then_useful;stress;3;Q3_useful_margin;True;c1;True;0;0;0;0.333333;0.2479;True;1;1;30
baseline_random_matched;stress_exploratory_then_useful;stress;1;Q1_noise_region;False;;True;1;0;1;0.0;0.0041;;0;0;30
baseline_random_matched;stress_exploratory_then_useful;stress;2;Q2_noise_margin_all;False;;True;1;0;1;0.0;0.0009;;0;0;30
baseline_random_matched;stress_exploratory_then_useful;stress;3;Q3_useful_margin;True;c1;False;0;1;0;0.0;0.001;;0;0;30
mcad;happy_guided_article_short;happy;1;Q1_margin_month;True;c1;True;0;0;0;0.333333;0.2948;True;1;1;31
mcad;happy_guided_article_short;happy;2;Q2_stockout_store;True;c2;True;0;0;0;0.666667;0.257;True;1;1;31
mcad;happy_guided_article_short;happy;3;Q3_sales_growth;True;c3;True;0;0;0;1.0;0.3326;True;2;1;31
baseline_naive;happy_guided_article_short;happy;1;Q1_margin_month;True;c1;True;0;0;0;0.333333;0.001;;0;0;31
baseline_naive;happy_guided_article_short;happy;2;Q2_stockout_store;True;c2;True;0;0;0;0.666667;0.0004;;0;0;31
baseline_naive;happy_guided_article_short;happy;3;Q3_sales_growth;True;c3;True;0;0;0;1.0;0.0003;;0;0;31
baseline_measure_overlap;happy_guided_article_short;happy;1;Q1_margin_month;True;c1;True;0;0;0;0.333333;0.0164;;0;0;31
baseline_measure_overlap;happy_guided_article_short;happy;2;Q2_stockout_store;True;c2;True;0;0;0;0.666667;0.0056;;0;0;31
baseline_measure_overlap;happy_guided_article_short;happy;3;Q3_sales_growth;True;c3;True;0;0;0;1.0;0.0047;;0;0;31
ablation_no_sat;happy_guided_article_short;happy;1;Q1_margin_month;True;c1;True;0;0;0;0.333333;0.2925;True;1;1;31
ablation_no_sat;happy_guided_article_short;happy;2;Q2_stockout_store;True;c2;True;0;0;0;0.666667;0.2481;True;1;1;31
ablation_no_sat;happy_guided_article_short;happy;3;Q3_sales_growth;True;c3;True;0;0;0;1.0;0.3382;True;2;1;31
ablation_no_real;happy_guided_article_short;happy;1;Q1_margin_month;True;c1;True;0;0;0;0.333333;0.3029;True;1;1;31
ablation_no_real;happy_guided_article_short;happy;2;Q2_stockout_store;True;c2;True;0;0;0;0.666667;0.302;True;1;1;31
ablation_no_real;happy_guided_article_short;happy;3;Q3_sales_growth;True;c3;True;0;0;0;1.0;0.5843;True;2;1;31
ablation_ceval_any_intersection;happy_guided_article_short;happy;1;Q1_margin_month;True;c1;True;0;0;0;0.333333;0.2809;True;1;1;31
ablation_ceval_any_intersection;happy_guided_article_short;happy;2;Q2_stockout_store;True;c2;True;0;0;0;0.666667;0.2404;True;1;1;31
ablation_ceval_any_intersection;happy_guided_article_short;happy;3;Q3_sales_growth;True;c3;True;0;0;0;1.0;0.336;True;2;1;31
baseline_random_matched;happy_guided_article_short;happy;1;Q1_margin_month;True;c1;False;0;1;0;0.0;0.0043;;0;0;31
baseline_random_matched;happy_guided_article_short;happy;2;Q2_stockout_store;True;c2;False;0;1;0;0.0;0.001;;0;0;31
baseline_random_matched;happy_guided_article_short;happy;3;Q3_sales_growth;True;c3;False;0;1;0;0.0;0.0006;;0;0;31
mcad;happy_guided_reordered;happy;1;Q1_sales_growth;True;c3;True;0;0;0;0.333333;0.3723;True;2;1;31
mcad;happy_guided_reordered;happy;2;Q2_margin_month;True;c1;True;0;0;0;0.666667;0.2474;True;1;1;31
mcad;happy_guided_reordered;happy;3;Q3_stockout_store;True;c2;True;0;0;0;1.0;0.24;True;1;1;31
baseline_naive;happy_guided_reordered;happy;1;Q1_sales_growth;True;c3;True;0;0;0;0.333333;0.001;;0;0;31
baseline_naive;happy_guided_reordered;happy;2;Q2_margin_month;True;c1;True;0;0;0;0.666667;0.0004;;0;0;31
baseline_naive;happy_guided_reordered;happy;3;Q3_stockout_store;True;c2;True;0;0;0;1.0;0.0003;;0;0;31
baseline_measure_overlap;happy_guided_reordered;happy;1;Q1_sales_growth;True;c3;True;0;0;0;0.333333;0.0158;;0;0;31
baseline_measure_overlap;happy_guided_reordered;happy;2;Q2_margin_month;True;c1;True;0;0;0;0.666667;0.0051;;0;0;31
baseline_measure_overlap;happy_guided_reordered;happy;3;Q3_stockout_store;True;c2;True;0;0;0;1.0;0.0041;;0;0;31
ablation_no_sat;happy_guided_reordered;happy;1;Q1_sales_growth;True;c3;True;0;0;0;0.333333;0.3838;True;2;1;31
ablation_no_sat;happy_guided_reordered;happy;2;Q2_margin_month;True;c1;True;0;0;0;0.666667;0.2611;True;1;1;31
ablation_no_sat;happy_guided_reordered;happy;3;Q3_stockout_store;True;c2;True;0;0;0;1.0;0.3804;True;1;1;31
ablation_no_real;happy_guided_reordered;happy;1;Q1_sales_growth;True;c3;True;0;0;0;0.333333;0.6601;True;2;1;31
ablation_no_real;happy_guided_reordered;happy;2;Q2_margin_month;True;c1;True;0;0;0;0.666667;0.352;True;1;1;31
ablation_no_real;happy_guided_reordered;happy;3;Q3_stockout_store;True;c2;True;0;0;0;1.0;0.2838;True;1;1;31
ablation_ceval_any_intersection;happy_guided_reordered;happy;1;Q1_sales_growth;True;c3;True;0;0;0;0.333333;0.3617;True;2;1;31
ablation_ceval_any_intersection;happy_guided_reordered;happy;2;Q2_margin_month;True;c1;True;0;0;0;0.666667;0.2445;True;1;1;31
ablation_ceval_any_intersection;happy_guided_reordered;happy;3;Q3_stockout_store;True;c2;True;0;0;0;1.0;0.2477;True;1;1;31
baseline_random_matched;happy_guided_reordered;happy;1;Q1_sales_growth;True;c3;False;0;1;0;0.0;0.0035;;0;0;31
baseline_random_matched;happy_guided_reordered;happy;2;Q2_margin_month;True;c1;True;0;0;0;0.333333;0.0007;;0;0;31
baseline_random_matched;happy_guided_reordered;happy;3;Q3_stockout_store;True;c2;True;0;0;0;0.666667;0.0004;;0;0;31
mcad;happy_guided_compact;happy;1;Q1_margin_month;True;c1;True;0;0;0;0.333333;0.4911;True;1;1;31
mcad;happy_guided_compact;happy;2;Q2_sales_growth;True;c3;True;0;0;0;0.666667;0.5849;True;2;1;31
mcad;happy_guided_compact;happy;3;Q3_stockout_store;True;c2;True;0;0;0;1.0;0.4277;True;1;1;31
baseline_naive;happy_guided_compact;happy;1;Q1_margin_month;True;c1;True;0;0;0;0.333333;0.001;;0;0;31
baseline_naive;happy_guided_compact;happy;2;Q2_sales_growth;True;c3;True;0;0;0;0.666667;0.0005;;0;0;31
baseline_naive;happy_guided_compact;happy;3;Q3_stockout_store;True;c2;True;0;0;0;1.0;0.0004;;0;0;31
baseline_measure_overlap;happy_guided_compact;happy;1;Q1_margin_month;True;c1;True;0;0;0;0.333333;0.0171;;0;0;31
baseline_measure_overlap;happy_guided_compact;happy;2;Q2_sales_growth;True;c3;True;0;0;0;0.666667;0.0053;;0;0;31
baseline_measure_overlap;happy_guided_compact;happy;3;Q3_stockout_store;True;c2;True;0;0;0;1.0;0.0044;;0;0;31
ablation_no_sat;happy_guided_compact;happy;1;Q1_margin_month;True;c1;True;0;0;0;0.333333;0.4868;True;1;1;31
ablation_no_sat;happy_guided_compact;happy;2;Q2_sales_growth;True;c3;True;0;0;0;0.666667;0.5847;True;2;1;31
ablation_no_sat;happy_guided_compact;happy;3;Q3_stockout_store;True;c2;True;0;0;0;1.0;0.4188;True;1;1;31
ablation_no_real;happy_guided_compact;happy;1;Q1_margin_month;True;c1;True;0;0;0;0.333333;0.6409;True;1;1;31
ablation_no_real;happy_guided_compact;happy;2;Q2_sales_growth;True;c3;True;0;0;0;0.666667;0.5408;True;2;1;31
ablation_no_real;happy_guided_compact;happy;3;Q3_stockout_store;True;c2;True;0;0;0;1.0;0.5174;True;1;1;31
ablation_ceval_any_intersection;happy_guided_compact;happy;1;Q1_margin_month;True;c1;True;0;0;0;0.333333;0.5043;True;1;1;31
ablation_ceval_any_intersection;happy_guided_compact;happy;2;Q2_sales_growth;True;c3;True;0;0;0;0.666667;0.5734;True;2;1;31
ablation_ceval_any_intersection;happy_guided_compact;happy;3;Q3_stockout_store;True;c2;True;0;0;0;1.0;0.401;True;1;1;31
baseline_random_matched;happy_guided_compact;happy;1;Q1_margin_month;True;c1;True;0;0;0;0.333333;0.0037;;0;0;31
baseline_random_matched;happy_guided_compact;happy;2;Q2_sales_growth;True;c3;False;0;1;0;0.333333;0.0007;;0;0;31
baseline_random_matched;happy_guided_compact;happy;3;Q3_stockout_store;True;c2;True;0;0;0;0.666667;0.0005;;0;0;31
mcad;border_growth_partial_1998_only;border;1;Q1_sales_1998_only;False;;False;0;0;0;0.0;0.3664;True;1;0;31
baseline_naive;border_growth_partial_1998_only;border;1;Q1_sales_1998_only;False;;True;1;0;1;0.0;0.0009;;0;0;31
baseline_measure_overlap;border_growth_partial_1998_only;border;1;Q1_sales_1998_only;False;;True;1;0;1;0.0;0.017;;0;0;31
ablation_no_sat;border_growth_partial_1998_only;border;1;Q1_sales_1998_only;False;;False;0;0;0;0.0;0.3448;True;1;0;31
ablation_no_real;border_growth_partial_1998_only;border;1;Q1_sales_1998_only;False;;True;1;0;1;0.0;0.3469;True;1;0;31
ablation_ceval_any_intersection;border_growth_partial_1998_only;border;1;Q1_sales_1998_only;False;;True;1;0;1;0.0;0.5366;True;1;1;31
baseline_random_matched;border_growth_partial_1998_only;border;1;Q1_sales_1998_only;False;;True;1;0;1;0.0;0.0035;;0;0;31
mcad;border_margin_wrong_grain;border;1;Q1_margin_quarter_only;False;;False;0;0;0;0.0;0.2038;False;0;0;31
baseline_naive;border_margin_wrong_grain;border;1;Q1_margin_quarter_only;False;;True;1;0;1;0.0;0.0009;;0;0;31
baseline_measure_overlap;border_margin_wrong_grain;border;1;Q1_margin_quarter_only;False;;True;1;0;1;0.0;0.015;;0;0;31
ablation_no_sat;border_margin_wrong_grain;border;1;Q1_margin_quarter_only;False;;False;0;0;0;0.0;0.4947;False;0;0;31
ablation_no_real;border_margin_wrong_grain;border;1;Q1_margin_quarter_only;False;;False;0;0;0;0.0;0.3709;False;0;0;31
ablation_ceval_any_intersection;border_margin_wrong_grain;border;1;Q1_margin_quarter_only;False;;False;0;0;0;0.0;0.3298;False;0;0;31
baseline_random_matched;border_margin_wrong_grain;border;1;Q1_margin_quarter_only;False;;True;1;0;1;0.0;0.0044;;0;0;31
mcad;border_stockout_missing_store;border;1;Q1_stockout_category_only;False;;False;0;0;0;0.0;0.2192;False;0;0;31
baseline_naive;border_stockout_missing_store;border;1;Q1_stockout_category_only;False;;True;1;0;1;0.0;0.0015;;0;0;31
baseline_measure_overlap;border_stockout_missing_store;border;1;Q1_stockout_category_only;False;;True;1;0;1;0.0;0.0178;;0;0;31
ablation_no_sat;border_stockout_missing_store;border;1;Q1_stockout_category_only;False;;False;0;0;0;0.0;0.4245;False;0;0;31
ablation_no_real;border_stockout_missing_store;border;1;Q1_stockout_category_only;False;;False;0;0;0;0.0;0.2157;False;0;0;31
ablation_ceval_any_intersection;border_stockout_missing_store;border;1;Q1_stockout_category_only;False;;False;0;0;0;0.0;0.2024;False;0;0;31
baseline_random_matched;border_stockout_missing_store;border;1;Q1_stockout_category_only;False;;False;0;0;0;0.0;0.003;;0;0;31
mcad;adversarial_wrong_region;adversarial;1;Q1_margin_south;False;;False;0;0;0;0.0;0.1713;False;0;0;31
baseline_naive;adversarial_wrong_region;adversarial;1;Q1_margin_south;False;;True;1;0;1;0.0;0.001;;0;0;31
baseline_measure_overlap;adversarial_wrong_region;adversarial;1;Q1_margin_south;False;;True;1;0;1;0.0;0.0144;;0;0;31
ablation_no_sat;adversarial_wrong_region;adversarial;1;Q1_margin_south;False;;False;0;0;0;0.0;0.3148;False;0;0;31
ablation_no_real;adversarial_wrong_region;adversarial;1;Q1_margin_south;False;;False;0;0;0;0.0;0.1771;False;0;0;31
ablation_ceval_any_intersection;adversarial_wrong_region;adversarial;1;Q1_margin_south;False;;False;0;0;0;0.0;0.1675;False;0;0;31
baseline_random_matched;adversarial_wrong_region;adversarial;1;Q1_margin_south;False;;True;1;0;1;0.0;0.003;;0;0;31
mcad;adversarial_wrong_year;adversarial;1;Q1_stockout_1997;False;;False;0;0;0;0.0;0.1642;False;0;0;31
baseline_naive;adversarial_wrong_year;adversarial;1;Q1_stockout_1997;False;;True;1;0;1;0.0;0.001;;0;0;31
baseline_measure_overlap;adversarial_wrong_year;adversarial;1;Q1_stockout_1997;False;;True;1;0;1;0.0;0.0224;;0;0;31
ablation_no_sat;adversarial_wrong_year;adversarial;1;Q1_stockout_1997;False;;False;0;0;0;0.0;0.2212;False;0;0;31
ablation_no_real;adversarial_wrong_year;adversarial;1;Q1_stockout_1997;False;;False;0;0;0;0.0;0.1928;False;0;0;31
ablation_ceval_any_intersection;adversarial_wrong_year;adversarial;1;Q1_stockout_1997;False;;False;0;0;0;0.0;0.1733;False;0;0;31
baseline_random_matched;adversarial_wrong_year;adversarial;1;Q1_stockout_1997;False;;False;0;0;0;0.0;0.0033;;0;0;31
mcad;adversarial_invalid_no_measures;adversarial;1;Q1_invalid_no_measure;False;;False;0;0;0;0.0;0.0863;False;0;0;31
baseline_naive;adversarial_invalid_no_measures;adversarial;1;Q1_invalid_no_measure;False;;True;1;0;1;0.0;0.001;;0;0;31
baseline_measure_overlap;adversarial_invalid_no_measures;adversarial;1;Q1_invalid_no_measure;False;;False;0;0;0;0.0;0.0185;;0;0;31
ablation_no_sat;adversarial_invalid_no_measures;adversarial;1;Q1_invalid_no_measure;False;;False;0;0;0;0.0;0.0905;False;0;0;31
ablation_no_real;adversarial_invalid_no_measures;adversarial;1;Q1_invalid_no_measure;False;;False;0;0;0;0.0;0.079;False;0;0;31
ablation_ceval_any_intersection;adversarial_invalid_no_measures;adversarial;1;Q1_invalid_no_measure;False;;False;0;0;0;0.0;0.0703;False;0;0;31
baseline_random_matched;adversarial_invalid_no_measures;adversarial;1;Q1_invalid_no_measure;False;;True;1;0;1;0.0;0.0029;;0;0;31
mcad;stress_exploratory_then_useful;stress;1;Q1_noise_region;False;;False;0;0;0;0.0;0.3317;False;0;0;31
mcad;stress_exploratory_then_useful;stress;2;Q2_noise_margin_all;False;;False;0;0;0;0.0;0.2476;False;0;0;31
mcad;stress_exploratory_then_useful;stress;3;Q3_useful_margin;True;c1;True;0;0;0;0.333333;0.4589;True;1;1;31
baseline_naive;stress_exploratory_then_useful;stress;1;Q1_noise_region;False;;True;1;0;1;0.0;0.0015;;0;0;31
baseline_naive;stress_exploratory_then_useful;stress;2;Q2_noise_margin_all;False;;True;1;0;1;0.0;0.0007;;0;0;31
baseline_naive;stress_exploratory_then_useful;stress;3;Q3_useful_margin;True;c1;True;0;0;0;0.333333;0.0005;;0;0;31
baseline_measure_overlap;stress_exploratory_then_useful;stress;1;Q1_noise_region;False;;True;1;0;1;0.0;0.0263;;0;0;31
baseline_measure_overlap;stress_exploratory_then_useful;stress;2;Q2_noise_margin_all;False;;True;1;0;1;0.0;0.009;;0;0;31
baseline_measure_overlap;stress_exploratory_then_useful;stress;3;Q3_useful_margin;True;c1;True;0;0;0;0.333333;0.0075;;0;0;31
ablation_no_sat;stress_exploratory_then_useful;stress;1;Q1_noise_region;False;;False;0;0;0;0.0;0.4565;False;0;0;31
ablation_no_sat;stress_exploratory_then_useful;stress;2;Q2_noise_margin_all;False;;False;0;0;0;0.0;0.3616;False;0;0;31
ablation_no_sat;stress_exploratory_then_useful;stress;3;Q3_useful_margin;True;c1;True;0;0;0;0.333333;0.498;True;1;1;31
ablation_no_real;stress_exploratory_then_useful;stress;1;Q1_noise_region;False;;False;0;0;0;0.0;0.3944;False;0;0;31
ablation_no_real;stress_exploratory_then_useful;stress;2;Q2_noise_margin_all;False;;False;0;0;0;0.0;0.3324;False;0;0;31
ablation_no_real;stress_exploratory_then_useful;stress;3;Q3_useful_margin;True;c1;True;0;0;0;0.333333;0.5063;True;1;1;31
ablation_ceval_any_intersection;stress_exploratory_then_useful;stress;1;Q1_noise_region;False;;False;0;0;0;0.0;0.297;False;0;0;31
ablation_ceval_any_intersection;stress_exploratory_then_useful;stress;2;Q2_noise_margin_all;False;;False;0;0;0;0.0;0.2253;False;0;0;31
ablation_ceval_any_intersection;stress_exploratory_then_useful;stress;3;Q3_useful_margin;True;c1;True;0;0;0;0.333333;0.4048;True;1;1;31
baseline_random_matched;stress_exploratory_then_useful;stress;1;Q1_noise_region;False;;True;1;0;1;0.0;0.0037;;0;0;31
baseline_random_matched;stress_exploratory_then_useful;stress;2;Q2_noise_margin_all;False;;True;1;0;1;0.0;0.0006;;0;0;31
baseline_random_matched;stress_exploratory_then_useful;stress;3;Q3_useful_margin;True;c1;False;0;1;0;0.0;0.0005;;0;0;31
mcad;happy_guided_article_short;happy;1;Q1_margin_month;True;c1;True;0;0;0;0.333333;0.285;True;1;1;32
mcad;happy_guided_article_short;happy;2;Q2_stockout_store;True;c2;True;0;0;0;0.666667;0.2426;True;1;1;32
mcad;happy_guided_article_short;happy;3;Q3_sales_growth;True;c3;True;0;0;0;1.0;0.3259;True;2;1;32
baseline_naive;happy_guided_article_short;happy;1;Q1_margin_month;True;c1;True;0;0;0;0.333333;0.001;;0;0;32
baseline_naive;happy_guided_article_short;happy;2;Q2_stockout_store;True;c2;True;0;0;0;0.666667;0.0004;;0;0;32
baseline_naive;happy_guided_article_short;happy;3;Q3_sales_growth;True;c3;True;0;0;0;1.0;0.0004;;0;0;32
baseline_measure_overlap;happy_guided_article_short;happy;1;Q1_margin_month;True;c1;True;0;0;0;0.333333;0.0146;;0;0;32
baseline_measure_overlap;happy_guided_article_short;happy;2;Q2_stockout_store;True;c2;True;0;0;0;0.666667;0.0053;;0;0;32
baseline_measure_overlap;happy_guided_article_short;happy;3;Q3_sales_growth;True;c3;True;0;0;0;1.0;0.0043;;0;0;32
ablation_no_sat;happy_guided_article_short;happy;1;Q1_margin_month;True;c1;True;0;0;0;0.333333;0.2855;True;1;1;32
ablation_no_sat;happy_guided_article_short;happy;2;Q2_stockout_store;True;c2;True;0;0;0;0.666667;0.2559;True;1;1;32
ablation_no_sat;happy_guided_article_short;happy;3;Q3_sales_growth;True;c3;True;0;0;0;1.0;0.3296;True;2;1;32
ablation_no_real;happy_guided_article_short;happy;1;Q1_margin_month;True;c1;True;0;0;0;0.333333;0.2831;True;1;1;32
ablation_no_real;happy_guided_article_short;happy;2;Q2_stockout_store;True;c2;True;0;0;0;0.666667;0.2456;True;1;1;32
ablation_no_real;happy_guided_article_short;happy;3;Q3_sales_growth;True;c3;True;0;0;0;1.0;0.3405;True;2;1;32
ablation_ceval_any_intersection;happy_guided_article_short;happy;1;Q1_margin_month;True;c1;True;0;0;0;0.333333;0.2842;True;1;1;32
ablation_ceval_any_intersection;happy_guided_article_short;happy;2;Q2_stockout_store;True;c2;True;0;0;0;0.666667;0.2384;True;1;1;32
ablation_ceval_any_intersection;happy_guided_article_short;happy;3;Q3_sales_growth;True;c3;True;0;0;0;1.0;0.3258;True;2;1;32
baseline_random_matched;happy_guided_article_short;happy;1;Q1_margin_month;True;c1;True;0;0;0;0.333333;0.0044;;0;0;32
baseline_random_matched;happy_guided_article_short;happy;2;Q2_stockout_store;True;c2;False;0;1;0;0.333333;0.001;;0;0;32
baseline_random_matched;happy_guided_article_short;happy;3;Q3_sales_growth;True;c3;False;0;1;0;0.333333;0.0008;;0;0;32
mcad;happy_guided_reordered;happy;1;Q1_sales_growth;True;c3;True;0;0;0;0.333333;0.4808;True;2;1;32
mcad;happy_guided_reordered;happy;2;Q2_margin_month;True;c1;True;0;0;0;0.666667;0.2696;True;1;1;32
mcad;happy_guided_reordered;happy;3;Q3_stockout_store;True;c2;True;0;0;0;1.0;0.2395;True;1;1;32
baseline_naive;happy_guided_reordered;happy;1;Q1_sales_growth;True;c3;True;0;0;0;0.333333;0.0013;;0;0;32
baseline_naive;happy_guided_reordered;happy;2;Q2_margin_month;True;c1;True;0;0;0;0.666667;0.0004;;0;0;32
baseline_naive;happy_guided_reordered;happy;3;Q3_stockout_store;True;c2;True;0;0;0;1.0;0.0004;;0;0;32
baseline_measure_overlap;happy_guided_reordered;happy;1;Q1_sales_growth;True;c3;True;0;0;0;0.333333;0.0176;;0;0;32
baseline_measure_overlap;happy_guided_reordered;happy;2;Q2_margin_month;True;c1;True;0;0;0;0.666667;0.005;;0;0;32
baseline_measure_overlap;happy_guided_reordered;happy;3;Q3_stockout_store;True;c2;True;0;0;0;1.0;0.0041;;0;0;32
ablation_no_sat;happy_guided_reordered;happy;1;Q1_sales_growth;True;c3;True;0;0;0;0.333333;0.3813;True;2;1;32
ablation_no_sat;happy_guided_reordered;happy;2;Q2_margin_month;True;c1;True;0;0;0;0.666667;0.2481;True;1;1;32
ablation_no_sat;happy_guided_reordered;happy;3;Q3_stockout_store;True;c2;True;0;0;0;1.0;0.2509;True;1;1;32
ablation_no_real;happy_guided_reordered;happy;1;Q1_sales_growth;True;c3;True;0;0;0;0.333333;0.6219;True;2;1;32
ablation_no_real;happy_guided_reordered;happy;2;Q2_margin_month;True;c1;True;0;0;0;0.666667;0.4119;True;1;1;32
ablation_no_real;happy_guided_reordered;happy;3;Q3_stockout_store;True;c2;True;0;0;0;1.0;0.3982;True;1;1;32
ablation_ceval_any_intersection;happy_guided_reordered;happy;1;Q1_sales_growth;True;c3;True;0;0;0;0.333333;0.3775;True;2;1;32
ablation_ceval_any_intersection;happy_guided_reordered;happy;2;Q2_margin_month;True;c1;True;0;0;0;0.666667;0.3233;True;1;1;32
ablation_ceval_any_intersection;happy_guided_reordered;happy;3;Q3_stockout_store;True;c2;True;0;0;0;1.0;0.317;True;1;1;32
baseline_random_matched;happy_guided_reordered;happy;1;Q1_sales_growth;True;c3;True;0;0;0;0.333333;0.0031;;0;0;32
baseline_random_matched;happy_guided_reordered;happy;2;Q2_margin_month;True;c1;True;0;0;0;0.666667;0.0006;;0;0;32
baseline_random_matched;happy_guided_reordered;happy;3;Q3_stockout_store;True;c2;True;0;0;0;1.0;0.0004;;0;0;32
mcad;happy_guided_compact;happy;1;Q1_margin_month;True;c1;True;0;0;0;0.333333;0.295;True;1;1;32
mcad;happy_guided_compact;happy;2;Q2_sales_growth;True;c3;True;0;0;0;0.666667;0.3344;True;2;1;32
mcad;happy_guided_compact;happy;3;Q3_stockout_store;True;c2;True;0;0;0;1.0;0.2424;True;1;1;32
baseline_naive;happy_guided_compact;happy;1;Q1_margin_month;True;c1;True;0;0;0;0.333333;0.0009;;0;0;32
baseline_naive;happy_guided_compact;happy;2;Q2_sales_growth;True;c3;True;0;0;0;0.666667;0.0005;;0;0;32
baseline_naive;happy_guided_compact;happy;3;Q3_stockout_store;True;c2;True;0;0;0;1.0;0.0003;;0;0;32
baseline_measure_overlap;happy_guided_compact;happy;1;Q1_margin_month;True;c1;True;0;0;0;0.333333;0.0145;;0;0;32
baseline_measure_overlap;happy_guided_compact;happy;2;Q2_sales_growth;True;c3;True;0;0;0;0.666667;0.0051;;0;0;32
baseline_measure_overlap;happy_guided_compact;happy;3;Q3_stockout_store;True;c2;True;0;0;0;1.0;0.0046;;0;0;32
ablation_no_sat;happy_guided_compact;happy;1;Q1_margin_month;True;c1;True;0;0;0;0.333333;0.2906;True;1;1;32
ablation_no_sat;happy_guided_compact;happy;2;Q2_sales_growth;True;c3;True;0;0;0;0.666667;0.3352;True;2;1;32
ablation_no_sat;happy_guided_compact;happy;3;Q3_stockout_store;True;c2;True;0;0;0;1.0;0.2385;True;1;1;32
ablation_no_real;happy_guided_compact;happy;1;Q1_margin_month;True;c1;True;0;0;0;0.333333;0.2965;True;1;1;32
ablation_no_real;happy_guided_compact;happy;2;Q2_sales_growth;True;c3;True;0;0;0;0.666667;0.367;True;2;1;32
ablation_no_real;happy_guided_compact;happy;3;Q3_stockout_store;True;c2;True;0;0;0;1.0;0.2458;True;1;1;32
ablation_ceval_any_intersection;happy_guided_compact;happy;1;Q1_margin_month;True;c1;True;0;0;0;0.333333;0.2799;True;1;1;32
ablation_ceval_any_intersection;happy_guided_compact;happy;2;Q2_sales_growth;True;c3;True;0;0;0;0.666667;0.3488;True;2;1;32
ablation_ceval_any_intersection;happy_guided_compact;happy;3;Q3_stockout_store;True;c2;True;0;0;0;1.0;0.2373;True;1;1;32
baseline_random_matched;happy_guided_compact;happy;1;Q1_margin_month;True;c1;False;0;1;0;0.0;0.003;;0;0;32
baseline_random_matched;happy_guided_compact;happy;2;Q2_sales_growth;True;c3;False;0;1;0;0.0;0.0006;;0;0;32
baseline_random_matched;happy_guided_compact;happy;3;Q3_stockout_store;True;c2;True;0;0;0;0.333333;0.0004;;0;0;32
mcad;border_growth_partial_1998_only;border;1;Q1_sales_1998_only;False;;False;0;0;0;0.0;0.5595;True;1;0;32
baseline_naive;border_growth_partial_1998_only;border;1;Q1_sales_1998_only;False;;True;1;0;1;0.0;0.001;;0;0;32
baseline_measure_overlap;border_growth_partial_1998_only;border;1;Q1_sales_1998_only;False;;True;1;0;1;0.0;0.014;;0;0;32
ablation_no_sat;border_growth_partial_1998_only;border;1;Q1_sales_1998_only;False;;False;0;0;0;0.0;0.357;True;1;0;32
ablation_no_real;border_growth_partial_1998_only;border;1;Q1_sales_1998_only;False;;True;1;0;1;0.0;0.6632;True;1;0;32
ablation_ceval_any_intersection;border_growth_partial_1998_only;border;1;Q1_sales_1998_only;False;;True;1;0;1;0.0;0.3689;True;1;1;32
baseline_random_matched;border_growth_partial_1998_only;border;1;Q1_sales_1998_only;False;;False;0;0;0;0.0;0.0033;;0;0;32
mcad;border_margin_wrong_grain;border;1;Q1_margin_quarter_only;False;;False;0;0;0;0.0;0.2027;False;0;0;32
baseline_naive;border_margin_wrong_grain;border;1;Q1_margin_quarter_only;False;;True;1;0;1;0.0;0.001;;0;0;32
baseline_measure_overlap;border_margin_wrong_grain;border;1;Q1_margin_quarter_only;False;;True;1;0;1;0.0;0.0148;;0;0;32
ablation_no_sat;border_margin_wrong_grain;border;1;Q1_margin_quarter_only;False;;False;0;0;0;0.0;0.2643;False;0;0;32
ablation_no_real;border_margin_wrong_grain;border;1;Q1_margin_quarter_only;False;;False;0;0;0;0.0;0.2089;False;0;0;32
ablation_ceval_any_intersection;border_margin_wrong_grain;border;1;Q1_margin_quarter_only;False;;False;0;0;0;0.0;0.323;False;0;0;32
baseline_random_matched;border_margin_wrong_grain;border;1;Q1_margin_quarter_only;False;;False;0;0;0;0.0;0.0037;;0;0;32
mcad;border_stockout_missing_store;border;1;Q1_stockout_category_only;False;;False;0;0;0;0.0;0.201;False;0;0;32
baseline_naive;border_stockout_missing_store;border;1;Q1_stockout_category_only;False;;True;1;0;1;0.0;0.001;;0;0;32
baseline_measure_overlap;border_stockout_missing_store;border;1;Q1_stockout_category_only;False;;True;1;0;1;0.0;0.0149;;0;0;32
ablation_no_sat;border_stockout_missing_store;border;1;Q1_stockout_category_only;False;;False;0;0;0;0.0;0.2656;False;0;0;32
ablation_no_real;border_stockout_missing_store;border;1;Q1_stockout_category_only;False;;False;0;0;0;0.0;0.2082;False;0;0;32
ablation_ceval_any_intersection;border_stockout_missing_store;border;1;Q1_stockout_category_only;False;;False;0;0;0;0.0;0.3058;False;0;0;32
baseline_random_matched;border_stockout_missing_store;border;1;Q1_stockout_category_only;False;;True;1;0;1;0.0;0.0034;;0;0;32
mcad;adversarial_wrong_region;adversarial;1;Q1_margin_south;False;;False;0;0;0;0.0;0.2357;False;0;0;32
baseline_naive;adversarial_wrong_region;adversarial;1;Q1_margin_south;False;;True;1;0;1;0.0;0.0011;;0;0;32
baseline_measure_overlap;adversarial_wrong_region;adversarial;1;Q1_margin_south;False;;True;1;0;1;0.0;0.0144;;0;0;32
ablation_no_sat;adversarial_wrong_region;adversarial;1;Q1_margin_south;False;;False;0;0;0;0.0;0.2146;False;0;0;32
ablation_no_real;adversarial_wrong_region;adversarial;1;Q1_margin_south;False;;False;0;0;0;0.0;0.18;False;0;0;32
ablation_ceval_any_intersection;adversarial_wrong_region;adversarial;1;Q1_margin_south;False;;False;0;0;0;0.0;0.2953;False;0;0;32
baseline_random_matched;adversarial_wrong_region;adversarial;1;Q1_margin_south;False;;True;1;0;1;0.0;0.0051;;0;0;32
mcad;adversarial_wrong_year;adversarial;1;Q1_stockout_1997;False;;False;0;0;0;0.0;0.1846;False;0;0;32
baseline_naive;adversarial_wrong_year;adversarial;1;Q1_stockout_1997;False;;True;1;0;1;0.0;0.001;;0;0;32
baseline_measure_overlap;adversarial_wrong_year;adversarial;1;Q1_stockout_1997;False;;True;1;0;1;0.0;0.0179;;0;0;32
ablation_no_sat;adversarial_wrong_year;adversarial;1;Q1_stockout_1997;False;;False;0;0;0;0.0;0.2118;False;0;0;32
ablation_no_real;adversarial_wrong_year;adversarial;1;Q1_stockout_1997;False;;False;0;0;0;0.0;0.181;False;0;0;32
ablation_ceval_any_intersection;adversarial_wrong_year;adversarial;1;Q1_stockout_1997;False;;False;0;0;0;0.0;0.1724;False;0;0;32
baseline_random_matched;adversarial_wrong_year;adversarial;1;Q1_stockout_1997;False;;True;1;0;1;0.0;0.0039;;0;0;32
mcad;adversarial_invalid_no_measures;adversarial;1;Q1_invalid_no_measure;False;;False;0;0;0;0.0;0.0958;False;0;0;32
baseline_naive;adversarial_invalid_no_measures;adversarial;1;Q1_invalid_no_measure;False;;True;1;0;1;0.0;0.0009;;0;0;32
baseline_measure_overlap;adversarial_invalid_no_measures;adversarial;1;Q1_invalid_no_measure;False;;False;0;0;0;0.0;0.0186;;0;0;32
ablation_no_sat;adversarial_invalid_no_measures;adversarial;1;Q1_invalid_no_measure;False;;False;0;0;0;0.0;0.1067;False;0;0;32
ablation_no_real;adversarial_invalid_no_measures;adversarial;1;Q1_invalid_no_measure;False;;False;0;0;0;0.0;0.0894;False;0;0;32
ablation_ceval_any_intersection;adversarial_invalid_no_measures;adversarial;1;Q1_invalid_no_measure;False;;False;0;0;0;0.0;0.078;False;0;0;32
baseline_random_matched;adversarial_invalid_no_measures;adversarial;1;Q1_invalid_no_measure;False;;False;0;0;0;0.0;0.0039;;0;0;32
mcad;stress_exploratory_then_useful;stress;1;Q1_noise_region;False;;False;0;0;0;0.0;0.3292;False;0;0;32
mcad;stress_exploratory_then_useful;stress;2;Q2_noise_margin_all;False;;False;0;0;0;0.0;0.3465;False;0;0;32
mcad;stress_exploratory_then_useful;stress;3;Q3_useful_margin;True;c1;True;0;0;0;0.333333;0.5744;True;1;1;32
baseline_naive;stress_exploratory_then_useful;stress;1;Q1_noise_region;False;;True;1;0;1;0.0;0.0014;;0;0;32
baseline_naive;stress_exploratory_then_useful;stress;2;Q2_noise_margin_all;False;;True;1;0;1;0.0;0.0004;;0;0;32
baseline_naive;stress_exploratory_then_useful;stress;3;Q3_useful_margin;True;c1;True;0;0;0;0.333333;0.0003;;0;0;32
baseline_measure_overlap;stress_exploratory_then_useful;stress;1;Q1_noise_region;False;;True;1;0;1;0.0;0.021;;0;0;32
baseline_measure_overlap;stress_exploratory_then_useful;stress;2;Q2_noise_margin_all;False;;True;1;0;1;0.0;0.0083;;0;0;32
baseline_measure_overlap;stress_exploratory_then_useful;stress;3;Q3_useful_margin;True;c1;True;0;0;0;0.333333;0.0162;;0;0;32
ablation_no_sat;stress_exploratory_then_useful;stress;1;Q1_noise_region;False;;False;0;0;0;0.0;0.466;False;0;0;32
ablation_no_sat;stress_exploratory_then_useful;stress;2;Q2_noise_margin_all;False;;False;0;0;0;0.0;0.3267;False;0;0;32
ablation_no_sat;stress_exploratory_then_useful;stress;3;Q3_useful_margin;True;c1;True;0;0;0;0.333333;0.4796;True;1;1;32
ablation_no_real;stress_exploratory_then_useful;stress;1;Q1_noise_region;False;;False;0;0;0;0.0;0.3738;False;0;0;32
ablation_no_real;stress_exploratory_then_useful;stress;2;Q2_noise_margin_all;False;;False;0;0;0;0.0;0.2953;False;0;0;32
ablation_no_real;stress_exploratory_then_useful;stress;3;Q3_useful_margin;True;c1;True;0;0;0;0.333333;0.4745;True;1;1;32
ablation_ceval_any_intersection;stress_exploratory_then_useful;stress;1;Q1_noise_region;False;;False;0;0;0;0.0;0.3795;False;0;0;32
ablation_ceval_any_intersection;stress_exploratory_then_useful;stress;2;Q2_noise_margin_all;False;;False;0;0;0;0.0;0.3171;False;0;0;32
ablation_ceval_any_intersection;stress_exploratory_then_useful;stress;3;Q3_useful_margin;True;c1;True;0;0;0;0.333333;0.5113;True;1;1;32
baseline_random_matched;stress_exploratory_then_useful;stress;1;Q1_noise_region;False;;False;0;0;0;0.0;0.0048;;0;0;32
baseline_random_matched;stress_exploratory_then_useful;stress;2;Q2_noise_margin_all;False;;True;1;0;1;0.0;0.0009;;0;0;32
baseline_random_matched;stress_exploratory_then_useful;stress;3;Q3_useful_margin;True;c1;False;0;1;0;0.0;0.0007;;0;0;32
mcad;happy_guided_article_short;happy;1;Q1_margin_month;True;c1;True;0;0;0;0.333333;0.3106;True;1;1;33
mcad;happy_guided_article_short;happy;2;Q2_stockout_store;True;c2;True;0;0;0;0.666667;0.3376;True;1;1;33
mcad;happy_guided_article_short;happy;3;Q3_sales_growth;True;c3;True;0;0;0;1.0;0.3393;True;2;1;33
baseline_naive;happy_guided_article_short;happy;1;Q1_margin_month;True;c1;True;0;0;0;0.333333;0.0014;;0;0;33
baseline_naive;happy_guided_article_short;happy;2;Q2_stockout_store;True;c2;True;0;0;0;0.666667;0.0004;;0;0;33
baseline_naive;happy_guided_article_short;happy;3;Q3_sales_growth;True;c3;True;0;0;0;1.0;0.0003;;0;0;33
baseline_measure_overlap;happy_guided_article_short;happy;1;Q1_margin_month;True;c1;True;0;0;0;0.333333;0.0184;;0;0;33
baseline_measure_overlap;happy_guided_article_short;happy;2;Q2_stockout_store;True;c2;True;0;0;0;0.666667;0.0055;;0;0;33
baseline_measure_overlap;happy_guided_article_short;happy;3;Q3_sales_growth;True;c3;True;0;0;0;1.0;0.0046;;0;0;33
ablation_no_sat;happy_guided_article_short;happy;1;Q1_margin_month;True;c1;True;0;0;0;0.333333;0.3058;True;1;1;33
ablation_no_sat;happy_guided_article_short;happy;2;Q2_stockout_store;True;c2;True;0;0;0;0.666667;0.2518;True;1;1;33
ablation_no_sat;happy_guided_article_short;happy;3;Q3_sales_growth;True;c3;True;0;0;0;1.0;0.3431;True;2;1;33
ablation_no_real;happy_guided_article_short;happy;1;Q1_margin_month;True;c1;True;0;0;0;0.333333;0.3123;True;1;1;33
ablation_no_real;happy_guided_article_short;happy;2;Q2_stockout_store;True;c2;True;0;0;0;0.666667;0.254;True;1;1;33
ablation_no_real;happy_guided_article_short;happy;3;Q3_sales_growth;True;c3;True;0;0;0;1.0;0.347;True;2;1;33
ablation_ceval_any_intersection;happy_guided_article_short;happy;1;Q1_margin_month;True;c1;True;0;0;0;0.333333;0.6616;True;1;1;33
ablation_ceval_any_intersection;happy_guided_article_short;happy;2;Q2_stockout_store;True;c2;True;0;0;0;0.666667;0.3976;True;1;1;33
ablation_ceval_any_intersection;happy_guided_article_short;happy;3;Q3_sales_growth;True;c3;True;0;0;0;1.0;0.5601;True;2;1;33
baseline_random_matched;happy_guided_article_short;happy;1;Q1_margin_month;True;c1;False;0;1;0;0.0;0.0034;;0;0;33
baseline_random_matched;happy_guided_article_short;happy;2;Q2_stockout_store;True;c2;True;0;0;0;0.333333;0.0006;;0;0;33
baseline_random_matched;happy_guided_article_short;happy;3;Q3_sales_growth;True;c3;True;0;0;0;0.666667;0.0005;;0;0;33
mcad;happy_guided_reordered;happy;1;Q1_sales_growth;True;c3;True;0;0;0;0.333333;0.4296;True;2;1;33
mcad;happy_guided_reordered;happy;2;Q2_margin_month;True;c1;True;0;0;0;0.666667;0.2511;True;1;1;33
mcad;happy_guided_reordered;happy;3;Q3_stockout_store;True;c2;True;0;0;0;1.0;0.243;True;1;1;33
baseline_naive;happy_guided_reordered;happy;1;Q1_sales_growth;True;c3;True;0;0;0;0.333333;0.0012;;0;0;33
baseline_naive;happy_guided_reordered;happy;2;Q2_margin_month;True;c1;True;0;0;0;0.666667;0.0004;;0;0;33
baseline_naive;happy_guided_reordered;happy;3;Q3_stockout_store;True;c2;True;0;0;0;1.0;0.0004;;0;0;33
baseline_measure_overlap;happy_guided_reordered;happy;1;Q1_sales_growth;True;c3;True;0;0;0;0.333333;0.0184;;0;0;33
baseline_measure_overlap;happy_guided_reordered;happy;2;Q2_margin_month;True;c1;True;0;0;0;0.666667;0.0051;;0;0;33
baseline_measure_overlap;happy_guided_reordered;happy;3;Q3_stockout_store;True;c2;True;0;0;0;1.0;0.0045;;0;0;33
ablation_no_sat;happy_guided_reordered;happy;1;Q1_sales_growth;True;c3;True;0;0;0;0.333333;0.3864;True;2;1;33
ablation_no_sat;happy_guided_reordered;happy;2;Q2_margin_month;True;c1;True;0;0;0;0.666667;0.2527;True;1;1;33
ablation_no_sat;happy_guided_reordered;happy;3;Q3_stockout_store;True;c2;True;0;0;0;1.0;0.2466;True;1;1;33
ablation_no_real;happy_guided_reordered;happy;1;Q1_sales_growth;True;c3;True;0;0;0;0.333333;0.4938;True;2;1;33
ablation_no_real;happy_guided_reordered;happy;2;Q2_margin_month;True;c1;True;0;0;0;0.666667;0.2658;True;1;1;33
ablation_no_real;happy_guided_reordered;happy;3;Q3_stockout_store;True;c2;True;0;0;0;1.0;0.2753;True;1;1;33
ablation_ceval_any_intersection;happy_guided_reordered;happy;1;Q1_sales_growth;True;c3;True;0;0;0;0.333333;0.3885;True;2;1;33
ablation_ceval_any_intersection;happy_guided_reordered;happy;2;Q2_margin_month;True;c1;True;0;0;0;0.666667;0.2471;True;1;1;33
ablation_ceval_any_intersection;happy_guided_reordered;happy;3;Q3_stockout_store;True;c2;True;0;0;0;1.0;0.2412;True;1;1;33
baseline_random_matched;happy_guided_reordered;happy;1;Q1_sales_growth;True;c3;False;0;1;0;0.0;0.0046;;0;0;33
baseline_random_matched;happy_guided_reordered;happy;2;Q2_margin_month;True;c1;True;0;0;0;0.333333;0.0011;;0;0;33
baseline_random_matched;happy_guided_reordered;happy;3;Q3_stockout_store;True;c2;True;0;0;0;0.666667;0.0007;;0;0;33
mcad;happy_guided_compact;happy;1;Q1_margin_month;True;c1;True;0;0;0;0.333333;0.5143;True;1;1;33
mcad;happy_guided_compact;happy;2;Q2_sales_growth;True;c3;True;0;0;0;0.666667;0.6295;True;2;1;33
mcad;happy_guided_compact;happy;3;Q3_stockout_store;True;c2;True;0;0;0;1.0;0.4309;True;1;1;33
baseline_naive;happy_guided_compact;happy;1;Q1_margin_month;True;c1;True;0;0;0;0.333333;0.0017;;0;0;33
baseline_naive;happy_guided_compact;happy;2;Q2_sales_growth;True;c3;True;0;0;0;0.666667;0.0005;;0;0;33
baseline_naive;happy_guided_compact;happy;3;Q3_stockout_store;True;c2;True;0;0;0;1.0;0.0004;;0;0;33
baseline_measure_overlap;happy_guided_compact;happy;1;Q1_margin_month;True;c1;True;0;0;0;0.333333;0.0229;;0;0;33
baseline_measure_overlap;happy_guided_compact;happy;2;Q2_sales_growth;True;c3;True;0;0;0;0.666667;0.0053;;0;0;33
baseline_measure_overlap;happy_guided_compact;happy;3;Q3_stockout_store;True;c2;True;0;0;0;1.0;0.0045;;0;0;33
ablation_no_sat;happy_guided_compact;happy;1;Q1_margin_month;True;c1;True;0;0;0;0.333333;0.4769;True;1;1;33
ablation_no_sat;happy_guided_compact;happy;2;Q2_sales_growth;True;c3;True;0;0;0;0.666667;0.5401;True;2;1;33
ablation_no_sat;happy_guided_compact;happy;3;Q3_stockout_store;True;c2;True;0;0;0;1.0;0.3947;True;1;1;33
ablation_no_real;happy_guided_compact;happy;1;Q1_margin_month;True;c1;True;0;0;0;0.333333;0.3208;True;1;1;33
ablation_no_real;happy_guided_compact;happy;2;Q2_sales_growth;True;c3;True;0;0;0;0.666667;0.3481;True;2;1;33
ablation_no_real;happy_guided_compact;happy;3;Q3_stockout_store;True;c2;True;0;0;0;1.0;0.253;True;1;1;33
ablation_ceval_any_intersection;happy_guided_compact;happy;1;Q1_margin_month;True;c1;True;0;0;0;0.333333;0.2915;True;1;1;33
ablation_ceval_any_intersection;happy_guided_compact;happy;2;Q2_sales_growth;True;c3;True;0;0;0;0.666667;0.3317;True;2;1;33
ablation_ceval_any_intersection;happy_guided_compact;happy;3;Q3_stockout_store;True;c2;True;0;0;0;1.0;0.2842;True;1;1;33
baseline_random_matched;happy_guided_compact;happy;1;Q1_margin_month;True;c1;True;0;0;0;0.333333;0.0034;;0;0;33
baseline_random_matched;happy_guided_compact;happy;2;Q2_sales_growth;True;c3;False;0;1;0;0.333333;0.0006;;0;0;33
baseline_random_matched;happy_guided_compact;happy;3;Q3_stockout_store;True;c2;True;0;0;0;0.666667;0.0005;;0;0;33
mcad;border_growth_partial_1998_only;border;1;Q1_sales_1998_only;False;;False;0;0;0;0.0;0.3606;True;1;0;33
baseline_naive;border_growth_partial_1998_only;border;1;Q1_sales_1998_only;False;;True;1;0;1;0.0;0.0009;;0;0;33
baseline_measure_overlap;border_growth_partial_1998_only;border;1;Q1_sales_1998_only;False;;True;1;0;1;0.0;0.0156;;0;0;33
ablation_no_sat;border_growth_partial_1998_only;border;1;Q1_sales_1998_only;False;;False;0;0;0;0.0;0.3487;True;1;0;33
ablation_no_real;border_growth_partial_1998_only;border;1;Q1_sales_1998_only;False;;True;1;0;1;0.0;0.3957;True;1;0;33
ablation_ceval_any_intersection;border_growth_partial_1998_only;border;1;Q1_sales_1998_only;False;;True;1;0;1;0.0;0.3379;True;1;1;33
baseline_random_matched;border_growth_partial_1998_only;border;1;Q1_sales_1998_only;False;;False;0;0;0;0.0;0.0038;;0;0;33
mcad;border_margin_wrong_grain;border;1;Q1_margin_quarter_only;False;;False;0;0;0;0.0;0.428;False;0;0;33
baseline_naive;border_margin_wrong_grain;border;1;Q1_margin_quarter_only;False;;True;1;0;1;0.0;0.0022;;0;0;33
baseline_measure_overlap;border_margin_wrong_grain;border;1;Q1_margin_quarter_only;False;;True;1;0;1;0.0;0.0366;;0;0;33
ablation_no_sat;border_margin_wrong_grain;border;1;Q1_margin_quarter_only;False;;False;0;0;0;0.0;0.5706;False;0;0;33
ablation_no_real;border_margin_wrong_grain;border;1;Q1_margin_quarter_only;False;;False;0;0;0;0.0;0.3976;False;0;0;33
ablation_ceval_any_intersection;border_margin_wrong_grain;border;1;Q1_margin_quarter_only;False;;False;0;0;0;0.0;0.8539;False;0;0;33
baseline_random_matched;border_margin_wrong_grain;border;1;Q1_margin_quarter_only;False;;True;1;0;1;0.0;0.0064;;0;0;33
mcad;border_stockout_missing_store;border;1;Q1_stockout_category_only;False;;False;0;0;0;0.0;0.2395;False;0;0;33
baseline_naive;border_stockout_missing_store;border;1;Q1_stockout_category_only;False;;True;1;0;1;0.0;0.0013;;0;0;33
baseline_measure_overlap;border_stockout_missing_store;border;1;Q1_stockout_category_only;False;;True;1;0;1;0.0;0.0217;;0;0;33
ablation_no_sat;border_stockout_missing_store;border;1;Q1_stockout_category_only;False;;False;0;0;0;0.0;0.2886;False;0;0;33
ablation_no_real;border_stockout_missing_store;border;1;Q1_stockout_category_only;False;;False;0;0;0;0.0;0.2167;False;0;0;33
ablation_ceval_any_intersection;border_stockout_missing_store;border;1;Q1_stockout_category_only;False;;False;0;0;0;0.0;0.2003;False;0;0;33
baseline_random_matched;border_stockout_missing_store;border;1;Q1_stockout_category_only;False;;True;1;0;1;0.0;0.003;;0;0;33
mcad;adversarial_wrong_region;adversarial;1;Q1_margin_south;False;;False;0;0;0;0.0;0.1756;False;0;0;33
baseline_naive;adversarial_wrong_region;adversarial;1;Q1_margin_south;False;;True;1;0;1;0.0;0.0013;;0;0;33
baseline_measure_overlap;adversarial_wrong_region;adversarial;1;Q1_margin_south;False;;True;1;0;1;0.0;0.0152;;0;0;33
ablation_no_sat;adversarial_wrong_region;adversarial;1;Q1_margin_south;False;;False;0;0;0;0.0;0.2312;False;0;0;33
ablation_no_real;adversarial_wrong_region;adversarial;1;Q1_margin_south;False;;False;0;0;0;0.0;0.2113;False;0;0;33
ablation_ceval_any_intersection;adversarial_wrong_region;adversarial;1;Q1_margin_south;False;;False;0;0;0;0.0;0.1669;False;0;0;33
baseline_random_matched;adversarial_wrong_region;adversarial;1;Q1_margin_south;False;;True;1;0;1;0.0;0.0028;;0;0;33
mcad;adversarial_wrong_year;adversarial;1;Q1_stockout_1997;False;;False;0;0;0;0.0;0.166;False;0;0;33
baseline_naive;adversarial_wrong_year;adversarial;1;Q1_stockout_1997;False;;True;1;0;1;0.0;0.001;;0;0;33
baseline_measure_overlap;adversarial_wrong_year;adversarial;1;Q1_stockout_1997;False;;True;1;0;1;0.0;0.0203;;0;0;33
ablation_no_sat;adversarial_wrong_year;adversarial;1;Q1_stockout_1997;False;;False;0;0;0;0.0;0.1989;False;0;0;33
ablation_no_real;adversarial_wrong_year;adversarial;1;Q1_stockout_1997;False;;False;0;0;0;0.0;0.1788;False;0;0;33
ablation_ceval_any_intersection;adversarial_wrong_year;adversarial;1;Q1_stockout_1997;False;;False;0;0;0;0.0;0.1765;False;0;0;33
baseline_random_matched;adversarial_wrong_year;adversarial;1;Q1_stockout_1997;False;;False;0;0;0;0.0;0.003;;0;0;33
mcad;adversarial_invalid_no_measures;adversarial;1;Q1_invalid_no_measure;False;;False;0;0;0;0.0;0.072;False;0;0;33
baseline_naive;adversarial_invalid_no_measures;adversarial;1;Q1_invalid_no_measure;False;;True;1;0;1;0.0;0.0009;;0;0;33
baseline_measure_overlap;adversarial_invalid_no_measures;adversarial;1;Q1_invalid_no_measure;False;;False;0;0;0;0.0;0.0189;;0;0;33
ablation_no_sat;adversarial_invalid_no_measures;adversarial;1;Q1_invalid_no_measure;False;;False;0;0;0;0.0;0.0927;False;0;0;33
ablation_no_real;adversarial_invalid_no_measures;adversarial;1;Q1_invalid_no_measure;False;;False;0;0;0;0.0;0.0957;False;0;0;33
ablation_ceval_any_intersection;adversarial_invalid_no_measures;adversarial;1;Q1_invalid_no_measure;False;;False;0;0;0;0.0;0.0713;False;0;0;33
baseline_random_matched;adversarial_invalid_no_measures;adversarial;1;Q1_invalid_no_measure;False;;False;0;0;0;0.0;0.0031;;0;0;33
mcad;stress_exploratory_then_useful;stress;1;Q1_noise_region;False;;False;0;0;0;0.0;0.2011;False;0;0;33
mcad;stress_exploratory_then_useful;stress;2;Q2_noise_margin_all;False;;False;0;0;0;0.0;0.1437;False;0;0;33
mcad;stress_exploratory_then_useful;stress;3;Q3_useful_margin;True;c1;True;0;0;0;0.333333;0.3157;True;1;1;33
baseline_naive;stress_exploratory_then_useful;stress;1;Q1_noise_region;False;;True;1;0;1;0.0;0.001;;0;0;33
baseline_naive;stress_exploratory_then_useful;stress;2;Q2_noise_margin_all;False;;True;1;0;1;0.0;0.0004;;0;0;33
baseline_naive;stress_exploratory_then_useful;stress;3;Q3_useful_margin;True;c1;True;0;0;0;0.333333;0.0003;;0;0;33
baseline_measure_overlap;stress_exploratory_then_useful;stress;1;Q1_noise_region;False;;True;1;0;1;0.0;0.0156;;0;0;33
baseline_measure_overlap;stress_exploratory_then_useful;stress;2;Q2_noise_margin_all;False;;True;1;0;1;0.0;0.0052;;0;0;33
baseline_measure_overlap;stress_exploratory_then_useful;stress;3;Q3_useful_margin;True;c1;True;0;0;0;0.333333;0.0042;;0;0;33
ablation_no_sat;stress_exploratory_then_useful;stress;1;Q1_noise_region;False;;False;0;0;0;0.0;0.4147;False;0;0;33
ablation_no_sat;stress_exploratory_then_useful;stress;2;Q2_noise_margin_all;False;;False;0;0;0;0.0;0.304;False;0;0;33
ablation_no_sat;stress_exploratory_then_useful;stress;3;Q3_useful_margin;True;c1;True;0;0;0;0.333333;0.4281;True;1;1;33
ablation_no_real;stress_exploratory_then_useful;stress;1;Q1_noise_region;False;;False;0;0;0;0.0;0.2274;False;0;0;33
ablation_no_real;stress_exploratory_then_useful;stress;2;Q2_noise_margin_all;False;;False;0;0;0;0.0;0.1472;False;0;0;33
ablation_no_real;stress_exploratory_then_useful;stress;3;Q3_useful_margin;True;c1;True;0;0;0;0.333333;0.2563;True;1;1;33
ablation_ceval_any_intersection;stress_exploratory_then_useful;stress;1;Q1_noise_region;False;;False;0;0;0;0.0;0.2056;False;0;0;33
ablation_ceval_any_intersection;stress_exploratory_then_useful;stress;2;Q2_noise_margin_all;False;;False;0;0;0;0.0;0.1526;False;0;0;33
ablation_ceval_any_intersection;stress_exploratory_then_useful;stress;3;Q3_useful_margin;True;c1;True;0;0;0;0.333333;0.2472;True;1;1;33
baseline_random_matched;stress_exploratory_then_useful;stress;1;Q1_noise_region;False;;False;0;0;0;0.0;0.0031;;0;0;33
baseline_random_matched;stress_exploratory_then_useful;stress;2;Q2_noise_margin_all;False;;False;0;0;0;0.0;0.0007;;0;0;33
baseline_random_matched;stress_exploratory_then_useful;stress;3;Q3_useful_margin;True;c1;True;0;0;0;0.333333;0.0005;;0;0;33
mcad;happy_guided_article_short;happy;1;Q1_margin_month;True;c1;True;0;0;0;0.333333;0.2833;True;1;1;34
mcad;happy_guided_article_short;happy;2;Q2_stockout_store;True;c2;True;0;0;0;0.666667;0.2826;True;1;1;34
mcad;happy_guided_article_short;happy;3;Q3_sales_growth;True;c3;True;0;0;0;1.0;0.3346;True;2;1;34
baseline_naive;happy_guided_article_short;happy;1;Q1_margin_month;True;c1;True;0;0;0;0.333333;0.001;;0;0;34
baseline_naive;happy_guided_article_short;happy;2;Q2_stockout_store;True;c2;True;0;0;0;0.666667;0.0005;;0;0;34
baseline_naive;happy_guided_article_short;happy;3;Q3_sales_growth;True;c3;True;0;0;0;1.0;0.0004;;0;0;34
baseline_measure_overlap;happy_guided_article_short;happy;1;Q1_margin_month;True;c1;True;0;0;0;0.333333;0.0145;;0;0;34
baseline_measure_overlap;happy_guided_article_short;happy;2;Q2_stockout_store;True;c2;True;0;0;0;0.666667;0.0056;;0;0;34
baseline_measure_overlap;happy_guided_article_short;happy;3;Q3_sales_growth;True;c3;True;0;0;0;1.0;0.0044;;0;0;34
ablation_no_sat;happy_guided_article_short;happy;1;Q1_margin_month;True;c1;True;0;0;0;0.333333;0.4705;True;1;1;34
ablation_no_sat;happy_guided_article_short;happy;2;Q2_stockout_store;True;c2;True;0;0;0;0.666667;0.4082;True;1;1;34
ablation_no_sat;happy_guided_article_short;happy;3;Q3_sales_growth;True;c3;True;0;0;0;1.0;0.5898;True;2;1;34
ablation_no_real;happy_guided_article_short;happy;1;Q1_margin_month;True;c1;True;0;0;0;0.333333;0.386;True;1;1;34
ablation_no_real;happy_guided_article_short;happy;2;Q2_stockout_store;True;c2;True;0;0;0;0.666667;0.2504;True;1;1;34
ablation_no_real;happy_guided_article_short;happy;3;Q3_sales_growth;True;c3;True;0;0;0;1.0;0.3341;True;2;1;34
ablation_ceval_any_intersection;happy_guided_article_short;happy;1;Q1_margin_month;True;c1;True;0;0;0;0.333333;0.2808;True;1;1;34
ablation_ceval_any_intersection;happy_guided_article_short;happy;2;Q2_stockout_store;True;c2;True;0;0;0;0.666667;0.2554;True;1;1;34
ablation_ceval_any_intersection;happy_guided_article_short;happy;3;Q3_sales_growth;True;c3;True;0;0;0;1.0;0.3272;True;2;1;34
baseline_random_matched;happy_guided_article_short;happy;1;Q1_margin_month;True;c1;True;0;0;0;0.333333;0.0031;;0;0;34
baseline_random_matched;happy_guided_article_short;happy;2;Q2_stockout_store;True;c2;False;0;1;0;0.333333;0.0007;;0;0;34
baseline_random_matched;happy_guided_article_short;happy;3;Q3_sales_growth;True;c3;True;0;0;0;0.666667;0.0005;;0;0;34
mcad;happy_guided_reordered;happy;1;Q1_sales_growth;True;c3;True;0;0;0;0.333333;0.3781;True;2;1;34
mcad;happy_guided_reordered;happy;2;Q2_margin_month;True;c1;True;0;0;0;0.666667;0.2463;True;1;1;34
mcad;happy_guided_reordered;happy;3;Q3_stockout_store;True;c2;True;0;0;0;1.0;0.2416;True;1;1;34
baseline_naive;happy_guided_reordered;happy;1;Q1_sales_growth;True;c3;True;0;0;0;0.333333;0.0011;;0;0;34
baseline_naive;happy_guided_reordered;happy;2;Q2_margin_month;True;c1;True;0;0;0;0.666667;0.0005;;0;0;34
baseline_naive;happy_guided_reordered;happy;3;Q3_stockout_store;True;c2;True;0;0;0;1.0;0.0003;;0;0;34
baseline_measure_overlap;happy_guided_reordered;happy;1;Q1_sales_growth;True;c3;True;0;0;0;0.333333;0.0148;;0;0;34
baseline_measure_overlap;happy_guided_reordered;happy;2;Q2_margin_month;True;c1;True;0;0;0;0.666667;0.0052;;0;0;34
baseline_measure_overlap;happy_guided_reordered;happy;3;Q3_stockout_store;True;c2;True;0;0;0;1.0;0.0044;;0;0;34
ablation_no_sat;happy_guided_reordered;happy;1;Q1_sales_growth;True;c3;True;0;0;0;0.333333;0.3768;True;2;1;34
ablation_no_sat;happy_guided_reordered;happy;2;Q2_margin_month;True;c1;True;0;0;0;0.666667;0.2482;True;1;1;34
ablation_no_sat;happy_guided_reordered;happy;3;Q3_stockout_store;True;c2;True;0;0;0;1.0;0.267;True;1;1;34
ablation_no_real;happy_guided_reordered;happy;1;Q1_sales_growth;True;c3;True;0;0;0;0.333333;0.5763;True;2;1;34
ablation_no_real;happy_guided_reordered;happy;2;Q2_margin_month;True;c1;True;0;0;0;0.666667;0.4271;True;1;1;34
ablation_no_real;happy_guided_reordered;happy;3;Q3_stockout_store;True;c2;True;0;0;0;1.0;0.4065;True;1;1;34
ablation_ceval_any_intersection;happy_guided_reordered;happy;1;Q1_sales_growth;True;c3;True;0;0;0;0.333333;0.3685;True;2;1;34
ablation_ceval_any_intersection;happy_guided_reordered;happy;2;Q2_margin_month;True;c1;True;0;0;0;0.666667;0.246;True;1;1;34
ablation_ceval_any_intersection;happy_guided_reordered;happy;3;Q3_stockout_store;True;c2;True;0;0;0;1.0;0.2369;True;1;1;34
baseline_random_matched;happy_guided_reordered;happy;1;Q1_sales_growth;True;c3;False;0;1;0;0.0;0.003;;0;0;34
baseline_random_matched;happy_guided_reordered;happy;2;Q2_margin_month;True;c1;False;0;1;0;0.0;0.0007;;0;0;34
baseline_random_matched;happy_guided_reordered;happy;3;Q3_stockout_store;True;c2;True;0;0;0;0.333333;0.0005;;0;0;34
mcad;happy_guided_compact;happy;1;Q1_margin_month;True;c1;True;0;0;0;0.333333;0.2807;True;1;1;34
mcad;happy_guided_compact;happy;2;Q2_sales_growth;True;c3;True;0;0;0;0.666667;0.3367;True;2;1;34
mcad;happy_guided_compact;happy;3;Q3_stockout_store;True;c2;True;0;0;0;1.0;0.2491;True;1;1;34
baseline_naive;happy_guided_compact;happy;1;Q1_margin_month;True;c1;True;0;0;0;0.333333;0.0009;;0;0;34
baseline_naive;happy_guided_compact;happy;2;Q2_sales_growth;True;c3;True;0;0;0;0.666667;0.0005;;0;0;34
baseline_naive;happy_guided_compact;happy;3;Q3_stockout_store;True;c2;True;0;0;0;1.0;0.0003;;0;0;34
baseline_measure_overlap;happy_guided_compact;happy;1;Q1_margin_month;True;c1;True;0;0;0;0.333333;0.0134;;0;0;34
baseline_measure_overlap;happy_guided_compact;happy;2;Q2_sales_growth;True;c3;True;0;0;0;0.666667;0.0051;;0;0;34
baseline_measure_overlap;happy_guided_compact;happy;3;Q3_stockout_store;True;c2;True;0;0;0;1.0;0.0043;;0;0;34
ablation_no_sat;happy_guided_compact;happy;1;Q1_margin_month;True;c1;True;0;0;0;0.333333;0.2795;True;1;1;34
ablation_no_sat;happy_guided_compact;happy;2;Q2_sales_growth;True;c3;True;0;0;0;0.666667;0.3323;True;2;1;34
ablation_no_sat;happy_guided_compact;happy;3;Q3_stockout_store;True;c2;True;0;0;0;1.0;0.2612;True;1;1;34
ablation_no_real;happy_guided_compact;happy;1;Q1_margin_month;True;c1;True;0;0;0;0.333333;0.4436;True;1;1;34
ablation_no_real;happy_guided_compact;happy;2;Q2_sales_growth;True;c3;True;0;0;0;0.666667;0.5293;True;2;1;34
ablation_no_real;happy_guided_compact;happy;3;Q3_stockout_store;True;c2;True;0;0;0;1.0;0.4118;True;1;1;34
ablation_ceval_any_intersection;happy_guided_compact;happy;1;Q1_margin_month;True;c1;True;0;0;0;0.333333;0.501;True;1;1;34
ablation_ceval_any_intersection;happy_guided_compact;happy;2;Q2_sales_growth;True;c3;True;0;0;0;0.666667;0.6224;True;2;1;34
ablation_ceval_any_intersection;happy_guided_compact;happy;3;Q3_stockout_store;True;c2;True;0;0;0;1.0;0.4248;True;1;1;34
baseline_random_matched;happy_guided_compact;happy;1;Q1_margin_month;True;c1;False;0;1;0;0.0;0.003;;0;0;34
baseline_random_matched;happy_guided_compact;happy;2;Q2_sales_growth;True;c3;False;0;1;0;0.0;0.0006;;0;0;34
baseline_random_matched;happy_guided_compact;happy;3;Q3_stockout_store;True;c2;False;0;1;0;0.0;0.0004;;0;0;34
mcad;border_growth_partial_1998_only;border;1;Q1_sales_1998_only;False;;False;0;0;0;0.0;0.3362;True;1;0;34
baseline_naive;border_growth_partial_1998_only;border;1;Q1_sales_1998_only;False;;True;1;0;1;0.0;0.0009;;0;0;34
baseline_measure_overlap;border_growth_partial_1998_only;border;1;Q1_sales_1998_only;False;;True;1;0;1;0.0;0.014;;0;0;34
ablation_no_sat;border_growth_partial_1998_only;border;1;Q1_sales_1998_only;False;;False;0;0;0;0.0;0.3516;True;1;0;34
ablation_no_real;border_growth_partial_1998_only;border;1;Q1_sales_1998_only;False;;True;1;0;1;0.0;0.6066;True;1;0;34
ablation_ceval_any_intersection;border_growth_partial_1998_only;border;1;Q1_sales_1998_only;False;;True;1;0;1;0.0;0.3373;True;1;1;34
baseline_random_matched;border_growth_partial_1998_only;border;1;Q1_sales_1998_only;False;;False;0;0;0;0.0;0.0051;;0;0;34
mcad;border_margin_wrong_grain;border;1;Q1_margin_quarter_only;False;;False;0;0;0;0.0;0.3642;False;0;0;34
baseline_naive;border_margin_wrong_grain;border;1;Q1_margin_quarter_only;False;;True;1;0;1;0.0;0.0017;;0;0;34
baseline_measure_overlap;border_margin_wrong_grain;border;1;Q1_margin_quarter_only;False;;True;1;0;1;0.0;0.0254;;0;0;34
ablation_no_sat;border_margin_wrong_grain;border;1;Q1_margin_quarter_only;False;;False;0;0;0;0.0;0.4856;False;0;0;34
ablation_no_real;border_margin_wrong_grain;border;1;Q1_margin_quarter_only;False;;False;0;0;0;0.0;0.2475;False;0;0;34
ablation_ceval_any_intersection;border_margin_wrong_grain;border;1;Q1_margin_quarter_only;False;;False;0;0;0;0.0;0.2185;False;0;0;34
baseline_random_matched;border_margin_wrong_grain;border;1;Q1_margin_quarter_only;False;;True;1;0;1;0.0;0.0032;;0;0;34
mcad;border_stockout_missing_store;border;1;Q1_stockout_category_only;False;;False;0;0;0;0.0;0.199;False;0;0;34
baseline_naive;border_stockout_missing_store;border;1;Q1_stockout_category_only;False;;True;1;0;1;0.0;0.0013;;0;0;34
baseline_measure_overlap;border_stockout_missing_store;border;1;Q1_stockout_category_only;False;;True;1;0;1;0.0;0.0207;;0;0;34
ablation_no_sat;border_stockout_missing_store;border;1;Q1_stockout_category_only;False;;False;0;0;0;0.0;0.2816;False;0;0;34
ablation_no_real;border_stockout_missing_store;border;1;Q1_stockout_category_only;False;;False;0;0;0;0.0;0.2115;False;0;0;34
ablation_ceval_any_intersection;border_stockout_missing_store;border;1;Q1_stockout_category_only;False;;False;0;0;0;0.0;0.1971;False;0;0;34
baseline_random_matched;border_stockout_missing_store;border;1;Q1_stockout_category_only;False;;False;0;0;0;0.0;0.0029;;0;0;34
mcad;adversarial_wrong_region;adversarial;1;Q1_margin_south;False;;False;0;0;0;0.0;0.1805;False;0;0;34
baseline_naive;adversarial_wrong_region;adversarial;1;Q1_margin_south;False;;True;1;0;1;0.0;0.0009;;0;0;34
baseline_measure_overlap;adversarial_wrong_region;adversarial;1;Q1_margin_south;False;;True;1;0;1;0.0;0.0201;;0;0;34
ablation_no_sat;adversarial_wrong_region;adversarial;1;Q1_margin_south;False;;False;0;0;0;0.0;0.2092;False;0;0;34
ablation_no_real;adversarial_wrong_region;adversarial;1;Q1_margin_south;False;;False;0;0;0;0.0;0.1782;False;0;0;34
ablation_ceval_any_intersection;adversarial_wrong_region;adversarial;1;Q1_margin_south;False;;False;0;0;0;0.0;0.1779;False;0;0;34
baseline_random_matched;adversarial_wrong_region;adversarial;1;Q1_margin_south;False;;False;0;0;0;0.0;0.0029;;0;0;34
mcad;adversarial_wrong_year;adversarial;1;Q1_stockout_1997;False;;False;0;0;0;0.0;0.1756;False;0;0;34
baseline_naive;adversarial_wrong_year;adversarial;1;Q1_stockout_1997;False;;True;1;0;1;0.0;0.001;;0;0;34
baseline_measure_overlap;adversarial_wrong_year;adversarial;1;Q1_stockout_1997;False;;True;1;0;1;0.0;0.0147;;0;0;34
ablation_no_sat;adversarial_wrong_year;adversarial;1;Q1_stockout_1997;False;;False;0;0;0;0.0;0.1935;False;0;0;34
ablation_no_real;adversarial_wrong_year;adversarial;1;Q1_stockout_1997;False;;False;0;0;0;0.0;0.1811;False;0;0;34
ablation_ceval_any_intersection;adversarial_wrong_year;adversarial;1;Q1_stockout_1997;False;;False;0;0;0;0.0;0.1786;False;0;0;34
baseline_random_matched;adversarial_wrong_year;adversarial;1;Q1_stockout_1997;False;;True;1;0;1;0.0;0.0037;;0;0;34
mcad;adversarial_invalid_no_measures;adversarial;1;Q1_invalid_no_measure;False;;False;0;0;0;0.0;0.0782;False;0;0;34
baseline_naive;adversarial_invalid_no_measures;adversarial;1;Q1_invalid_no_measure;False;;True;1;0;1;0.0;0.0009;;0;0;34
baseline_measure_overlap;adversarial_invalid_no_measures;adversarial;1;Q1_invalid_no_measure;False;;False;0;0;0;0.0;0.0145;;0;0;34
ablation_no_sat;adversarial_invalid_no_measures;adversarial;1;Q1_invalid_no_measure;False;;False;0;0;0;0.0;0.0935;False;0;0;34
ablation_no_real;adversarial_invalid_no_measures;adversarial;1;Q1_invalid_no_measure;False;;False;0;0;0;0.0;0.0827;False;0;0;34
ablation_ceval_any_intersection;adversarial_invalid_no_measures;adversarial;1;Q1_invalid_no_measure;False;;False;0;0;0;0.0;0.0718;False;0;0;34
baseline_random_matched;adversarial_invalid_no_measures;adversarial;1;Q1_invalid_no_measure;False;;True;1;0;1;0.0;0.0028;;0;0;34
mcad;stress_exploratory_then_useful;stress;1;Q1_noise_region;False;;False;0;0;0;0.0;0.314;False;0;0;34
mcad;stress_exploratory_then_useful;stress;2;Q2_noise_margin_all;False;;False;0;0;0;0.0;0.2141;False;0;0;34
mcad;stress_exploratory_then_useful;stress;3;Q3_useful_margin;True;c1;True;0;0;0;0.333333;0.4033;True;1;1;34
baseline_naive;stress_exploratory_then_useful;stress;1;Q1_noise_region;False;;True;1;0;1;0.0;0.0011;;0;0;34
baseline_naive;stress_exploratory_then_useful;stress;2;Q2_noise_margin_all;False;;True;1;0;1;0.0;0.0005;;0;0;34
baseline_naive;stress_exploratory_then_useful;stress;3;Q3_useful_margin;True;c1;True;0;0;0;0.333333;0.0003;;0;0;34
baseline_measure_overlap;stress_exploratory_then_useful;stress;1;Q1_noise_region;False;;True;1;0;1;0.0;0.0158;;0;0;34
baseline_measure_overlap;stress_exploratory_then_useful;stress;2;Q2_noise_margin_all;False;;True;1;0;1;0.0;0.0052;;0;0;34
baseline_measure_overlap;stress_exploratory_then_useful;stress;3;Q3_useful_margin;True;c1;True;0;0;0;0.333333;0.0042;;0;0;34
ablation_no_sat;stress_exploratory_then_useful;stress;1;Q1_noise_region;False;;False;0;0;0;0.0;0.3159;False;0;0;34
ablation_no_sat;stress_exploratory_then_useful;stress;2;Q2_noise_margin_all;False;;False;0;0;0;0.0;0.2726;False;0;0;34
ablation_no_sat;stress_exploratory_then_useful;stress;3;Q3_useful_margin;True;c1;True;0;0;0;0.333333;0.396;True;1;1;34
ablation_no_real;stress_exploratory_then_useful;stress;1;Q1_noise_region;False;;False;0;0;0;0.0;0.215;False;0;0;34
ablation_no_real;stress_exploratory_then_useful;stress;2;Q2_noise_margin_all;False;;False;0;0;0;0.0;0.174;False;0;0;34
ablation_no_real;stress_exploratory_then_useful;stress;3;Q3_useful_margin;True;c1;True;0;0;0;0.333333;0.2552;True;1;1;34
ablation_ceval_any_intersection;stress_exploratory_then_useful;stress;1;Q1_noise_region;False;;False;0;0;0;0.0;0.1969;False;0;0;34
ablation_ceval_any_intersection;stress_exploratory_then_useful;stress;2;Q2_noise_margin_all;False;;False;0;0;0;0.0;0.142;False;0;0;34
ablation_ceval_any_intersection;stress_exploratory_then_useful;stress;3;Q3_useful_margin;True;c1;True;0;0;0;0.333333;0.2446;True;1;1;34
baseline_random_matched;stress_exploratory_then_useful;stress;1;Q1_noise_region;False;;False;0;0;0;0.0;0.0029;;0;0;34
baseline_random_matched;stress_exploratory_then_useful;stress;2;Q2_noise_margin_all;False;;True;1;0;1;0.0;0.0007;;0;0;34
baseline_random_matched;stress_exploratory_then_useful;stress;3;Q3_useful_margin;True;c1;False;0;1;0;0.0;0.0006;;0;0;34
mcad;happy_guided_article_short;happy;1;Q1_margin_month;True;c1;True;0;0;0;0.333333;0.2771;True;1;1;35
mcad;happy_guided_article_short;happy;2;Q2_stockout_store;True;c2;True;0;0;0;0.666667;0.244;True;1;1;35
mcad;happy_guided_article_short;happy;3;Q3_sales_growth;True;c3;True;0;0;0;1.0;0.3477;True;2;1;35
baseline_naive;happy_guided_article_short;happy;1;Q1_margin_month;True;c1;True;0;0;0;0.333333;0.0009;;0;0;35
baseline_naive;happy_guided_article_short;happy;2;Q2_stockout_store;True;c2;True;0;0;0;0.666667;0.0004;;0;0;35
baseline_naive;happy_guided_article_short;happy;3;Q3_sales_growth;True;c3;True;0;0;0;1.0;0.0003;;0;0;35
baseline_measure_overlap;happy_guided_article_short;happy;1;Q1_margin_month;True;c1;True;0;0;0;0.333333;0.0149;;0;0;35
baseline_measure_overlap;happy_guided_article_short;happy;2;Q2_stockout_store;True;c2;True;0;0;0;0.666667;0.0056;;0;0;35
baseline_measure_overlap;happy_guided_article_short;happy;3;Q3_sales_growth;True;c3;True;0;0;0;1.0;0.0046;;0;0;35
ablation_no_sat;happy_guided_article_short;happy;1;Q1_margin_month;True;c1;True;0;0;0;0.333333;0.3575;True;1;1;35
ablation_no_sat;happy_guided_article_short;happy;2;Q2_stockout_store;True;c2;True;0;0;0;0.666667;0.246;True;1;1;35
ablation_no_sat;happy_guided_article_short;happy;3;Q3_sales_growth;True;c3;True;0;0;0;1.0;0.3314;True;2;1;35
ablation_no_real;happy_guided_article_short;happy;1;Q1_margin_month;True;c1;True;0;0;0;0.333333;0.4818;True;1;1;35
ablation_no_real;happy_guided_article_short;happy;2;Q2_stockout_store;True;c2;True;0;0;0;0.666667;0.3982;True;1;1;35
ablation_no_real;happy_guided_article_short;happy;3;Q3_sales_growth;True;c3;True;0;0;0;1.0;0.5839;True;2;1;35
ablation_ceval_any_intersection;happy_guided_article_short;happy;1;Q1_margin_month;True;c1;True;0;0;0;0.333333;0.2751;True;1;1;35
ablation_ceval_any_intersection;happy_guided_article_short;happy;2;Q2_stockout_store;True;c2;True;0;0;0;0.666667;0.2402;True;1;1;35
ablation_ceval_any_intersection;happy_guided_article_short;happy;3;Q3_sales_growth;True;c3;True;0;0;0;1.0;0.3346;True;2;1;35
baseline_random_matched;happy_guided_article_short;happy;1;Q1_margin_month;True;c1;True;0;0;0;0.333333;0.0032;;0;0;35
baseline_random_matched;happy_guided_article_short;happy;2;Q2_stockout_store;True;c2;False;0;1;0;0.333333;0.0006;;0;0;35
baseline_random_matched;happy_guided_article_short;happy;3;Q3_sales_growth;True;c3;True;0;0;0;0.666667;0.0005;;0;0;35
mcad;happy_guided_reordered;happy;1;Q1_sales_growth;True;c3;True;0;0;0;0.333333;0.3643;True;2;1;35
mcad;happy_guided_reordered;happy;2;Q2_margin_month;True;c1;True;0;0;0;0.666667;0.2619;True;1;1;35
mcad;happy_guided_reordered;happy;3;Q3_stockout_store;True;c2;True;0;0;0;1.0;0.2436;True;1;1;35
baseline_naive;happy_guided_reordered;happy;1;Q1_sales_growth;True;c3;True;0;0;0;0.333333;0.0012;;0;0;35
baseline_naive;happy_guided_reordered;happy;2;Q2_margin_month;True;c1;True;0;0;0;0.666667;0.0005;;0;0;35
baseline_naive;happy_guided_reordered;happy;3;Q3_stockout_store;True;c2;True;0;0;0;1.0;0.0004;;0;0;35
baseline_measure_overlap;happy_guided_reordered;happy;1;Q1_sales_growth;True;c3;True;0;0;0;0.333333;0.0244;;0;0;35
baseline_measure_overlap;happy_guided_reordered;happy;2;Q2_margin_month;True;c1;True;0;0;0;0.666667;0.0091;;0;0;35
baseline_measure_overlap;happy_guided_reordered;happy;3;Q3_stockout_store;True;c2;True;0;0;0;1.0;0.0073;;0;0;35
ablation_no_sat;happy_guided_reordered;happy;1;Q1_sales_growth;True;c3;True;0;0;0;0.333333;0.7248;True;2;1;35
ablation_no_sat;happy_guided_reordered;happy;2;Q2_margin_month;True;c1;True;0;0;0;0.666667;0.436;True;1;1;35
ablation_no_sat;happy_guided_reordered;happy;3;Q3_stockout_store;True;c2;True;0;0;0;1.0;2.8164;True;1;1;35
ablation_no_real;happy_guided_reordered;happy;1;Q1_sales_growth;True;c3;True;0;0;0;0.333333;0.6407;True;2;1;35
ablation_no_real;happy_guided_reordered;happy;2;Q2_margin_month;True;c1;True;0;0;0;0.666667;0.4275;True;1;1;35
ablation_no_real;happy_guided_reordered;happy;3;Q3_stockout_store;True;c2;True;0;0;0;1.0;0.4199;True;1;1;35
ablation_ceval_any_intersection;happy_guided_reordered;happy;1;Q1_sales_growth;True;c3;True;0;0;0;0.333333;0.3714;True;2;1;35
ablation_ceval_any_intersection;happy_guided_reordered;happy;2;Q2_margin_month;True;c1;True;0;0;0;0.666667;0.2559;True;1;1;35
ablation_ceval_any_intersection;happy_guided_reordered;happy;3;Q3_stockout_store;True;c2;True;0;0;0;1.0;0.2366;True;1;1;35
baseline_random_matched;happy_guided_reordered;happy;1;Q1_sales_growth;True;c3;True;0;0;0;0.333333;0.0032;;0;0;35
baseline_random_matched;happy_guided_reordered;happy;2;Q2_margin_month;True;c1;True;0;0;0;0.666667;0.0006;;0;0;35
baseline_random_matched;happy_guided_reordered;happy;3;Q3_stockout_store;True;c2;False;0;1;0;0.666667;0.0005;;0;0;35
mcad;happy_guided_compact;happy;1;Q1_margin_month;True;c1;True;0;0;0;0.333333;0.284;True;1;1;35
mcad;happy_guided_compact;happy;2;Q2_sales_growth;True;c3;True;0;0;0;0.666667;0.3312;True;2;1;35
mcad;happy_guided_compact;happy;3;Q3_stockout_store;True;c2;True;0;0;0;1.0;0.2396;True;1;1;35
baseline_naive;happy_guided_compact;happy;1;Q1_margin_month;True;c1;True;0;0;0;0.333333;0.001;;0;0;35
baseline_naive;happy_guided_compact;happy;2;Q2_sales_growth;True;c3;True;0;0;0;0.666667;0.0004;;0;0;35
baseline_naive;happy_guided_compact;happy;3;Q3_stockout_store;True;c2;True;0;0;0;1.0;0.0004;;0;0;35
baseline_measure_overlap;happy_guided_compact;happy;1;Q1_margin_month;True;c1;True;0;0;0;0.333333;0.0204;;0;0;35
baseline_measure_overlap;happy_guided_compact;happy;2;Q2_sales_growth;True;c3;True;0;0;0;0.666667;0.0082;;0;0;35
baseline_measure_overlap;happy_guided_compact;happy;3;Q3_stockout_store;True;c2;True;0;0;0;1.0;0.0067;;0;0;35
ablation_no_sat;happy_guided_compact;happy;1;Q1_margin_month;True;c1;True;0;0;0;0.333333;0.2949;True;1;1;35
ablation_no_sat;happy_guided_compact;happy;2;Q2_sales_growth;True;c3;True;0;0;0;0.666667;0.3494;True;2;1;35
ablation_no_sat;happy_guided_compact;happy;3;Q3_stockout_store;True;c2;True;0;0;0;1.0;0.2393;True;1;1;35
ablation_no_real;happy_guided_compact;happy;1;Q1_margin_month;True;c1;True;0;0;0;0.333333;0.2933;True;1;1;35
ablation_no_real;happy_guided_compact;happy;2;Q2_sales_growth;True;c3;True;0;0;0;0.666667;0.34;True;2;1;35
ablation_no_real;happy_guided_compact;happy;3;Q3_stockout_store;True;c2;True;0;0;0;1.0;0.2469;True;1;1;35
ablation_ceval_any_intersection;happy_guided_compact;happy;1;Q1_margin_month;True;c1;True;0;0;0;0.333333;0.2888;True;1;1;35
ablation_ceval_any_intersection;happy_guided_compact;happy;2;Q2_sales_growth;True;c3;True;0;0;0;0.666667;0.3275;True;2;1;35
ablation_ceval_any_intersection;happy_guided_compact;happy;3;Q3_stockout_store;True;c2;True;0;0;0;1.0;0.2377;True;1;1;35
baseline_random_matched;happy_guided_compact;happy;1;Q1_margin_month;True;c1;False;0;1;0;0.0;0.0029;;0;0;35
baseline_random_matched;happy_guided_compact;happy;2;Q2_sales_growth;True;c3;True;0;0;0;0.333333;0.0006;;0;0;35
baseline_random_matched;happy_guided_compact;happy;3;Q3_stockout_store;True;c2;True;0;0;0;0.666667;0.0005;;0;0;35
mcad;border_growth_partial_1998_only;border;1;Q1_sales_1998_only;False;;False;0;0;0;0.0;0.3404;True;1;0;35
baseline_naive;border_growth_partial_1998_only;border;1;Q1_sales_1998_only;False;;True;1;0;1;0.0;0.0009;;0;0;35
baseline_measure_overlap;border_growth_partial_1998_only;border;1;Q1_sales_1998_only;False;;True;1;0;1;0.0;0.0191;;0;0;35
ablation_no_sat;border_growth_partial_1998_only;border;1;Q1_sales_1998_only;False;;False;0;0;0;0.0;0.3428;True;1;0;35
ablation_no_real;border_growth_partial_1998_only;border;1;Q1_sales_1998_only;False;;True;1;0;1;0.0;0.3476;True;1;0;35
ablation_ceval_any_intersection;border_growth_partial_1998_only;border;1;Q1_sales_1998_only;False;;True;1;0;1;0.0;0.3318;True;1;1;35
baseline_random_matched;border_growth_partial_1998_only;border;1;Q1_sales_1998_only;False;;True;1;0;1;0.0;0.0028;;0;0;35
mcad;border_margin_wrong_grain;border;1;Q1_margin_quarter_only;False;;False;0;0;0;0.0;0.2368;False;0;0;35
baseline_naive;border_margin_wrong_grain;border;1;Q1_margin_quarter_only;False;;True;1;0;1;0.0;0.0009;;0;0;35
baseline_measure_overlap;border_margin_wrong_grain;border;1;Q1_margin_quarter_only;False;;True;1;0;1;0.0;0.0196;;0;0;35
ablation_no_sat;border_margin_wrong_grain;border;1;Q1_margin_quarter_only;False;;False;0;0;0;0.0;0.2753;False;0;0;35
ablation_no_real;border_margin_wrong_grain;border;1;Q1_margin_quarter_only;False;;False;0;0;0;0.0;0.2153;False;0;0;35
ablation_ceval_any_intersection;border_margin_wrong_grain;border;1;Q1_margin_quarter_only;False;;False;0;0;0;0.0;0.2039;False;0;0;35
baseline_random_matched;border_margin_wrong_grain;border;1;Q1_margin_quarter_only;False;;True;1;0;1;0.0;0.0029;;0;0;35
mcad;border_stockout_missing_store;border;1;Q1_stockout_category_only;False;;False;0;0;0;0.0;0.1926;False;0;0;35
baseline_naive;border_stockout_missing_store;border;1;Q1_stockout_category_only;False;;True;1;0;1;0.0;0.0009;;0;0;35
baseline_measure_overlap;border_stockout_missing_store;border;1;Q1_stockout_category_only;False;;True;1;0;1;0.0;0.0139;;0;0;35
ablation_no_sat;border_stockout_missing_store;border;1;Q1_stockout_category_only;False;;False;0;0;0;0.0;0.4394;False;0;0;35
ablation_no_real;border_stockout_missing_store;border;1;Q1_stockout_category_only;False;;False;0;0;0;0.0;0.213;False;0;0;35
ablation_ceval_any_intersection;border_stockout_missing_store;border;1;Q1_stockout_category_only;False;;False;0;0;0;0.0;0.1994;False;0;0;35
baseline_random_matched;border_stockout_missing_store;border;1;Q1_stockout_category_only;False;;False;0;0;0;0.0;0.0031;;0;0;35
mcad;adversarial_wrong_region;adversarial;1;Q1_margin_south;False;;False;0;0;0;0.0;0.178;False;0;0;35
baseline_naive;adversarial_wrong_region;adversarial;1;Q1_margin_south;False;;True;1;0;1;0.0;0.0009;;0;0;35
baseline_measure_overlap;adversarial_wrong_region;adversarial;1;Q1_margin_south;False;;True;1;0;1;0.0;0.0163;;0;0;35
ablation_no_sat;adversarial_wrong_region;adversarial;1;Q1_margin_south;False;;False;0;0;0;0.0;0.3351;False;0;0;35
ablation_no_real;adversarial_wrong_region;adversarial;1;Q1_margin_south;False;;False;0;0;0;0.0;0.1853;False;0;0;35
ablation_ceval_any_intersection;adversarial_wrong_region;adversarial;1;Q1_margin_south;False;;False;0;0;0;0.0;0.1732;False;0;0;35
baseline_random_matched;adversarial_wrong_region;adversarial;1;Q1_margin_south;False;;True;1;0;1;0.0;0.0029;;0;0;35
mcad;adversarial_wrong_year;adversarial;1;Q1_stockout_1997;False;;False;0;0;0;0.0;0.1678;False;0;0;35
baseline_naive;adversarial_wrong_year;adversarial;1;Q1_stockout_1997;False;;True;1;0;1;0.0;0.001;;0;0;35
baseline_measure_overlap;adversarial_wrong_year;adversarial;1;Q1_stockout_1997;False;;True;1;0;1;0.0;0.0157;;0;0;35
ablation_no_sat;adversarial_wrong_year;adversarial;1;Q1_stockout_1997;False;;False;0;0;0;0.0;0.3093;False;0;0;35
ablation_no_real;adversarial_wrong_year;adversarial;1;Q1_stockout_1997;False;;False;0;0;0;0.0;0.179;False;0;0;35
ablation_ceval_any_intersection;adversarial_wrong_year;adversarial;1;Q1_stockout_1997;False;;False;0;0;0;0.0;0.2885;False;0;0;35
baseline_random_matched;adversarial_wrong_year;adversarial;1;Q1_stockout_1997;False;;True;1;0;1;0.0;0.0033;;0;0;35
mcad;adversarial_invalid_no_measures;adversarial;1;Q1_invalid_no_measure;False;;False;0;0;0;0.0;0.0774;False;0;0;35
baseline_naive;adversarial_invalid_no_measures;adversarial;1;Q1_invalid_no_measure;False;;True;1;0;1;0.0;0.0009;;0;0;35
baseline_measure_overlap;adversarial_invalid_no_measures;adversarial;1;Q1_invalid_no_measure;False;;False;0;0;0;0.0;0.0145;;0;0;35
ablation_no_sat;adversarial_invalid_no_measures;adversarial;1;Q1_invalid_no_measure;False;;False;0;0;0;0.0;0.0913;False;0;0;35
ablation_no_real;adversarial_invalid_no_measures;adversarial;1;Q1_invalid_no_measure;False;;False;0;0;0;0.0;0.1077;False;0;0;35
ablation_ceval_any_intersection;adversarial_invalid_no_measures;adversarial;1;Q1_invalid_no_measure;False;;False;0;0;0;0.0;0.0751;False;0;0;35
baseline_random_matched;adversarial_invalid_no_measures;adversarial;1;Q1_invalid_no_measure;False;;False;0;0;0;0.0;0.0038;;0;0;35
mcad;stress_exploratory_then_useful;stress;1;Q1_noise_region;False;;False;0;0;0;0.0;0.2046;False;0;0;35
mcad;stress_exploratory_then_useful;stress;2;Q2_noise_margin_all;False;;False;0;0;0;0.0;0.1432;False;0;0;35
mcad;stress_exploratory_then_useful;stress;3;Q3_useful_margin;True;c1;True;0;0;0;0.333333;0.264;True;1;1;35
baseline_naive;stress_exploratory_then_useful;stress;1;Q1_noise_region;False;;True;1;0;1;0.0;0.0009;;0;0;35
baseline_naive;stress_exploratory_then_useful;stress;2;Q2_noise_margin_all;False;;True;1;0;1;0.0;0.0004;;0;0;35
baseline_naive;stress_exploratory_then_useful;stress;3;Q3_useful_margin;True;c1;True;0;0;0;0.333333;0.0003;;0;0;35
baseline_measure_overlap;stress_exploratory_then_useful;stress;1;Q1_noise_region;False;;True;1;0;1;0.0;0.0145;;0;0;35
baseline_measure_overlap;stress_exploratory_then_useful;stress;2;Q2_noise_margin_all;False;;True;1;0;1;0.0;0.0053;;0;0;35
baseline_measure_overlap;stress_exploratory_then_useful;stress;3;Q3_useful_margin;True;c1;True;0;0;0;0.333333;0.004;;0;0;35
ablation_no_sat;stress_exploratory_then_useful;stress;1;Q1_noise_region;False;;False;0;0;0;0.0;0.2378;False;0;0;35
ablation_no_sat;stress_exploratory_then_useful;stress;2;Q2_noise_margin_all;False;;False;0;0;0;0.0;0.1691;False;0;0;35
ablation_no_sat;stress_exploratory_then_useful;stress;3;Q3_useful_margin;True;c1;True;0;0;0;0.333333;0.2591;True;1;1;35
ablation_no_real;stress_exploratory_then_useful;stress;1;Q1_noise_region;False;;False;0;0;0;0.0;0.3045;False;0;0;35
ablation_no_real;stress_exploratory_then_useful;stress;2;Q2_noise_margin_all;False;;False;0;0;0;0.0;0.2236;False;0;0;35
ablation_no_real;stress_exploratory_then_useful;stress;3;Q3_useful_margin;True;c1;True;0;0;0;0.333333;0.4095;True;1;1;35
ablation_ceval_any_intersection;stress_exploratory_then_useful;stress;1;Q1_noise_region;False;;False;0;0;0;0.0;0.1986;False;0;0;35
ablation_ceval_any_intersection;stress_exploratory_then_useful;stress;2;Q2_noise_margin_all;False;;False;0;0;0;0.0;0.152;False;0;0;35
ablation_ceval_any_intersection;stress_exploratory_then_useful;stress;3;Q3_useful_margin;True;c1;True;0;0;0;0.333333;0.2463;True;1;1;35
baseline_random_matched;stress_exploratory_then_useful;stress;1;Q1_noise_region;False;;False;0;0;0;0.0;0.0031;;0;0;35
baseline_random_matched;stress_exploratory_then_useful;stress;2;Q2_noise_margin_all;False;;False;0;0;0;0.0;0.0006;;0;0;35
baseline_random_matched;stress_exploratory_then_useful;stress;3;Q3_useful_margin;True;c1;False;0;1;0;0.0;0.0005;;0;0;35
mcad;happy_guided_article_short;happy;1;Q1_margin_month;True;c1;True;0;0;0;0.333333;0.2817;True;1;1;36
mcad;happy_guided_article_short;happy;2;Q2_stockout_store;True;c2;True;0;0;0;0.666667;0.2419;True;1;1;36
mcad;happy_guided_article_short;happy;3;Q3_sales_growth;True;c3;True;0;0;0;1.0;0.3272;True;2;1;36
baseline_naive;happy_guided_article_short;happy;1;Q1_margin_month;True;c1;True;0;0;0;0.333333;0.001;;0;0;36
baseline_naive;happy_guided_article_short;happy;2;Q2_stockout_store;True;c2;True;0;0;0;0.666667;0.0005;;0;0;36
baseline_naive;happy_guided_article_short;happy;3;Q3_sales_growth;True;c3;True;0;0;0;1.0;0.0003;;0;0;36
baseline_measure_overlap;happy_guided_article_short;happy;1;Q1_margin_month;True;c1;True;0;0;0;0.333333;0.0149;;0;0;36
baseline_measure_overlap;happy_guided_article_short;happy;2;Q2_stockout_store;True;c2;True;0;0;0;0.666667;0.0057;;0;0;36
baseline_measure_overlap;happy_guided_article_short;happy;3;Q3_sales_growth;True;c3;True;0;0;0;1.0;0.0045;;0;0;36
ablation_no_sat;happy_guided_article_short;happy;1;Q1_margin_month;True;c1;True;0;0;0;0.333333;0.2845;True;1;1;36
ablation_no_sat;happy_guided_article_short;happy;2;Q2_stockout_store;True;c2;True;0;0;0;0.666667;0.2572;True;1;1;36
ablation_no_sat;happy_guided_article_short;happy;3;Q3_sales_growth;True;c3;True;0;0;0;1.0;0.3628;True;2;1;36
ablation_no_real;happy_guided_article_short;happy;1;Q1_margin_month;True;c1;True;0;0;0;0.333333;0.3435;True;1;1;36
ablation_no_real;happy_guided_article_short;happy;2;Q2_stockout_store;True;c2;True;0;0;0;0.666667;0.2533;True;1;1;36
ablation_no_real;happy_guided_article_short;happy;3;Q3_sales_growth;True;c3;True;0;0;0;1.0;0.3345;True;2;1;36
ablation_ceval_any_intersection;happy_guided_article_short;happy;1;Q1_margin_month;True;c1;True;0;0;0;0.333333;0.4053;True;1;1;36
ablation_ceval_any_intersection;happy_guided_article_short;happy;2;Q2_stockout_store;True;c2;True;0;0;0;0.666667;0.2793;True;1;1;36
ablation_ceval_any_intersection;happy_guided_article_short;happy;3;Q3_sales_growth;True;c3;True;0;0;0;1.0;0.3484;True;2;1;36
baseline_random_matched;happy_guided_article_short;happy;1;Q1_margin_month;True;c1;False;0;1;0;0.0;0.0033;;0;0;36
baseline_random_matched;happy_guided_article_short;happy;2;Q2_stockout_store;True;c2;True;0;0;0;0.333333;0.0006;;0;0;36
baseline_random_matched;happy_guided_article_short;happy;3;Q3_sales_growth;True;c3;False;0;1;0;0.333333;0.0005;;0;0;36
mcad;happy_guided_reordered;happy;1;Q1_sales_growth;True;c3;True;0;0;0;0.333333;0.3729;True;2;1;36
mcad;happy_guided_reordered;happy;2;Q2_margin_month;True;c1;True;0;0;0;0.666667;0.2477;True;1;1;36
mcad;happy_guided_reordered;happy;3;Q3_stockout_store;True;c2;True;0;0;0;1.0;0.2485;True;1;1;36
baseline_naive;happy_guided_reordered;happy;1;Q1_sales_growth;True;c3;True;0;0;0;0.333333;0.001;;0;0;36
baseline_naive;happy_guided_reordered;happy;2;Q2_margin_month;True;c1;True;0;0;0;0.666667;0.0005;;0;0;36
baseline_naive;happy_guided_reordered;happy;3;Q3_stockout_store;True;c2;True;0;0;0;1.0;0.0003;;0;0;36
baseline_measure_overlap;happy_guided_reordered;happy;1;Q1_sales_growth;True;c3;True;0;0;0;0.333333;0.0175;;0;0;36
baseline_measure_overlap;happy_guided_reordered;happy;2;Q2_margin_month;True;c1;True;0;0;0;0.666667;0.0051;;0;0;36
baseline_measure_overlap;happy_guided_reordered;happy;3;Q3_stockout_store;True;c2;True;0;0;0;1.0;0.0042;;0;0;36
ablation_no_sat;happy_guided_reordered;happy;1;Q1_sales_growth;True;c3;True;0;0;0;0.333333;0.6114;True;2;1;36
ablation_no_sat;happy_guided_reordered;happy;2;Q2_margin_month;True;c1;True;0;0;0;0.666667;0.4166;True;1;1;36
ablation_no_sat;happy_guided_reordered;happy;3;Q3_stockout_store;True;c2;True;0;0;0;1.0;0.4233;True;1;1;36
ablation_no_real;happy_guided_reordered;happy;1;Q1_sales_growth;True;c3;True;0;0;0;0.333333;0.3872;True;2;1;36
ablation_no_real;happy_guided_reordered;happy;2;Q2_margin_month;True;c1;True;0;0;0;0.666667;0.2658;True;1;1;36
ablation_no_real;happy_guided_reordered;happy;3;Q3_stockout_store;True;c2;True;0;0;0;1.0;0.2506;True;1;1;36
ablation_ceval_any_intersection;happy_guided_reordered;happy;1;Q1_sales_growth;True;c3;True;0;0;0;0.333333;0.3705;True;2;1;36
ablation_ceval_any_intersection;happy_guided_reordered;happy;2;Q2_margin_month;True;c1;True;0;0;0;0.666667;0.2423;True;1;1;36
ablation_ceval_any_intersection;happy_guided_reordered;happy;3;Q3_stockout_store;True;c2;True;0;0;0;1.0;0.244;True;1;1;36
baseline_random_matched;happy_guided_reordered;happy;1;Q1_sales_growth;True;c3;True;0;0;0;0.333333;0.0029;;0;0;36
baseline_random_matched;happy_guided_reordered;happy;2;Q2_margin_month;True;c1;False;0;1;0;0.333333;0.0007;;0;0;36
baseline_random_matched;happy_guided_reordered;happy;3;Q3_stockout_store;True;c2;True;0;0;0;0.666667;0.0005;;0;0;36
mcad;happy_guided_compact;happy;1;Q1_margin_month;True;c1;True;0;0;0;0.333333;0.2809;True;1;1;36
mcad;happy_guided_compact;happy;2;Q2_sales_growth;True;c3;True;0;0;0;0.666667;0.3451;True;2;1;36
mcad;happy_guided_compact;happy;3;Q3_stockout_store;True;c2;True;0;0;0;1.0;0.2402;True;1;1;36
baseline_naive;happy_guided_compact;happy;1;Q1_margin_month;True;c1;True;0;0;0;0.333333;0.0011;;0;0;36
baseline_naive;happy_guided_compact;happy;2;Q2_sales_growth;True;c3;True;0;0;0;0.666667;0.0004;;0;0;36
baseline_naive;happy_guided_compact;happy;3;Q3_stockout_store;True;c2;True;0;0;0;1.0;0.0003;;0;0;36
baseline_measure_overlap;happy_guided_compact;happy;1;Q1_margin_month;True;c1;True;0;0;0;0.333333;0.0151;;0;0;36
baseline_measure_overlap;happy_guided_compact;happy;2;Q2_sales_growth;True;c3;True;0;0;0;0.666667;0.0164;;0;0;36
baseline_measure_overlap;happy_guided_compact;happy;3;Q3_stockout_store;True;c2;True;0;0;0;1.0;0.0044;;0;0;36
ablation_no_sat;happy_guided_compact;happy;1;Q1_margin_month;True;c1;True;0;0;0;0.333333;0.4641;True;1;1;36
ablation_no_sat;happy_guided_compact;happy;2;Q2_sales_growth;True;c3;True;0;0;0;0.666667;0.5502;True;2;1;36
ablation_no_sat;happy_guided_compact;happy;3;Q3_stockout_store;True;c2;True;0;0;0;1.0;0.3989;True;1;1;36
ablation_no_real;happy_guided_compact;happy;1;Q1_margin_month;True;c1;True;0;0;0;0.333333;0.3162;True;1;1;36
ablation_no_real;happy_guided_compact;happy;2;Q2_sales_growth;True;c3;True;0;0;0;0.666667;0.3391;True;2;1;36
ablation_no_real;happy_guided_compact;happy;3;Q3_stockout_store;True;c2;True;0;0;0;1.0;0.2513;True;1;1;36
ablation_ceval_any_intersection;happy_guided_compact;happy;1;Q1_margin_month;True;c1;True;0;0;0;0.333333;0.2764;True;1;1;36
ablation_ceval_any_intersection;happy_guided_compact;happy;2;Q2_sales_growth;True;c3;True;0;0;0;0.666667;0.33;True;2;1;36
ablation_ceval_any_intersection;happy_guided_compact;happy;3;Q3_stockout_store;True;c2;True;0;0;0;1.0;0.2486;True;1;1;36
baseline_random_matched;happy_guided_compact;happy;1;Q1_margin_month;True;c1;True;0;0;0;0.333333;0.0044;;0;0;36
baseline_random_matched;happy_guided_compact;happy;2;Q2_sales_growth;True;c3;False;0;1;0;0.333333;0.0009;;0;0;36
baseline_random_matched;happy_guided_compact;happy;3;Q3_stockout_store;True;c2;False;0;1;0;0.333333;0.0007;;0;0;36
mcad;border_growth_partial_1998_only;border;1;Q1_sales_1998_only;False;;False;0;0;0;0.0;0.3538;True;1;0;36
baseline_naive;border_growth_partial_1998_only;border;1;Q1_sales_1998_only;False;;True;1;0;1;0.0;0.0009;;0;0;36
baseline_measure_overlap;border_growth_partial_1998_only;border;1;Q1_sales_1998_only;False;;True;1;0;1;0.0;0.0151;;0;0;36
ablation_no_sat;border_growth_partial_1998_only;border;1;Q1_sales_1998_only;False;;False;0;0;0;0.0;0.5689;True;1;0;36
ablation_no_real;border_growth_partial_1998_only;border;1;Q1_sales_1998_only;False;;True;1;0;1;0.0;0.3591;True;1;0;36
ablation_ceval_any_intersection;border_growth_partial_1998_only;border;1;Q1_sales_1998_only;False;;True;1;0;1;0.0;0.3622;True;1;1;36
baseline_random_matched;border_growth_partial_1998_only;border;1;Q1_sales_1998_only;False;;True;1;0;1;0.0;0.0028;;0;0;36
mcad;border_margin_wrong_grain;border;1;Q1_margin_quarter_only;False;;False;0;0;0;0.0;0.1973;False;0;0;36
baseline_naive;border_margin_wrong_grain;border;1;Q1_margin_quarter_only;False;;True;1;0;1;0.0;0.0009;;0;0;36
baseline_measure_overlap;border_margin_wrong_grain;border;1;Q1_margin_quarter_only;False;;True;1;0;1;0.0;0.0151;;0;0;36
ablation_no_sat;border_margin_wrong_grain;border;1;Q1_margin_quarter_only;False;;False;0;0;0;0.0;0.2668;False;0;0;36
ablation_no_real;border_margin_wrong_grain;border;1;Q1_margin_quarter_only;False;;False;0;0;0;0.0;0.2112;False;0;0;36
ablation_ceval_any_intersection;border_margin_wrong_grain;border;1;Q1_margin_quarter_only;False;;False;0;0;0;0.0;0.1995;False;0;0;36
baseline_random_matched;border_margin_wrong_grain;border;1;Q1_margin_quarter_only;False;;True;1;0;1;0.0;0.0029;;0;0;36
mcad;border_stockout_missing_store;border;1;Q1_stockout_category_only;False;;False;0;0;0;0.0;0.2001;False;0;0;36
baseline_naive;border_stockout_missing_store;border;1;Q1_stockout_category_only;False;;True;1;0;1;0.0;0.0009;;0;0;36
baseline_measure_overlap;border_stockout_missing_store;border;1;Q1_stockout_category_only;False;;True;1;0;1;0.0;0.0142;;0;0;36
ablation_no_sat;border_stockout_missing_store;border;1;Q1_stockout_category_only;False;;False;0;0;0;0.0;0.273;False;0;0;36
ablation_no_real;border_stockout_missing_store;border;1;Q1_stockout_category_only;False;;False;0;0;0;0.0;0.3351;False;0;0;36
ablation_ceval_any_intersection;border_stockout_missing_store;border;1;Q1_stockout_category_only;False;;False;0;0;0;0.0;0.1946;False;0;0;36
baseline_random_matched;border_stockout_missing_store;border;1;Q1_stockout_category_only;False;;False;0;0;0;0.0;0.0029;;0;0;36
mcad;adversarial_wrong_region;adversarial;1;Q1_margin_south;False;;False;0;0;0;0.0;0.3578;False;0;0;36
baseline_naive;adversarial_wrong_region;adversarial;1;Q1_margin_south;False;;True;1;0;1;0.0;0.001;;0;0;36
baseline_measure_overlap;adversarial_wrong_region;adversarial;1;Q1_margin_south;False;;True;1;0;1;0.0;0.014;;0;0;36
ablation_no_sat;adversarial_wrong_region;adversarial;1;Q1_margin_south;False;;False;0;0;0;0.0;0.2157;False;0;0;36
ablation_no_real;adversarial_wrong_region;adversarial;1;Q1_margin_south;False;;False;0;0;0;0.0;0.1786;False;0;0;36
ablation_ceval_any_intersection;adversarial_wrong_region;adversarial;1;Q1_margin_south;False;;False;0;0;0;0.0;0.1716;False;0;0;36
baseline_random_matched;adversarial_wrong_region;adversarial;1;Q1_margin_south;False;;True;1;0;1;0.0;0.0029;;0;0;36
mcad;adversarial_wrong_year;adversarial;1;Q1_stockout_1997;False;;False;0;0;0;0.0;0.1701;False;0;0;36
baseline_naive;adversarial_wrong_year;adversarial;1;Q1_stockout_1997;False;;True;1;0;1;0.0;0.001;;0;0;36
baseline_measure_overlap;adversarial_wrong_year;adversarial;1;Q1_stockout_1997;False;;True;1;0;1;0.0;0.0182;;0;0;36
ablation_no_sat;adversarial_wrong_year;adversarial;1;Q1_stockout_1997;False;;False;0;0;0;0.0;0.1965;False;0;0;36
ablation_no_real;adversarial_wrong_year;adversarial;1;Q1_stockout_1997;False;;False;0;0;0;0.0;0.1738;False;0;0;36
ablation_ceval_any_intersection;adversarial_wrong_year;adversarial;1;Q1_stockout_1997;False;;False;0;0;0;0.0;0.1671;False;0;0;36
baseline_random_matched;adversarial_wrong_year;adversarial;1;Q1_stockout_1997;False;;False;0;0;0;0.0;0.0041;;0;0;36
mcad;adversarial_invalid_no_measures;adversarial;1;Q1_invalid_no_measure;False;;False;0;0;0;0.0;0.0821;False;0;0;36
baseline_naive;adversarial_invalid_no_measures;adversarial;1;Q1_invalid_no_measure;False;;True;1;0;1;0.0;0.001;;0;0;36
baseline_measure_overlap;adversarial_invalid_no_measures;adversarial;1;Q1_invalid_no_measure;False;;False;0;0;0;0.0;0.0163;;0;0;36
ablation_no_sat;adversarial_invalid_no_measures;adversarial;1;Q1_invalid_no_measure;False;;False;0;0;0;0.0;0.0936;False;0;0;36
ablation_no_real;adversarial_invalid_no_measures;adversarial;1;Q1_invalid_no_measure;False;;False;0;0;0;0.0;0.0805;False;0;0;36
ablation_ceval_any_intersection;adversarial_invalid_no_measures;adversarial;1;Q1_invalid_no_measure;False;;False;0;0;0;0.0;0.0797;False;0;0;36
baseline_random_matched;adversarial_invalid_no_measures;adversarial;1;Q1_invalid_no_measure;False;;False;0;0;0;0.0;0.004;;0;0;36
mcad;stress_exploratory_then_useful;stress;1;Q1_noise_region;False;;False;0;0;0;0.0;0.3554;False;0;0;36
mcad;stress_exploratory_then_useful;stress;2;Q2_noise_margin_all;False;;False;0;0;0;0.0;0.285;False;0;0;36
mcad;stress_exploratory_then_useful;stress;3;Q3_useful_margin;True;c1;True;0;0;0;0.333333;0.4901;True;1;1;36
baseline_naive;stress_exploratory_then_useful;stress;1;Q1_noise_region;False;;True;1;0;1;0.0;0.002;;0;0;36
baseline_naive;stress_exploratory_then_useful;stress;2;Q2_noise_margin_all;False;;True;1;0;1;0.0;0.0009;;0;0;36
baseline_naive;stress_exploratory_then_useful;stress;3;Q3_useful_margin;True;c1;True;0;0;0;0.333333;0.0005;;0;0;36
baseline_measure_overlap;stress_exploratory_then_useful;stress;1;Q1_noise_region;False;;True;1;0;1;0.0;0.0354;;0;0;36
baseline_measure_overlap;stress_exploratory_then_useful;stress;2;Q2_noise_margin_all;False;;True;1;0;1;0.0;0.0079;;0;0;36
baseline_measure_overlap;stress_exploratory_then_useful;stress;3;Q3_useful_margin;True;c1;True;0;0;0;0.333333;0.0067;;0;0;36
ablation_no_sat;stress_exploratory_then_useful;stress;1;Q1_noise_region;False;;False;0;0;0;0.0;0.4459;False;0;0;36
ablation_no_sat;stress_exploratory_then_useful;stress;2;Q2_noise_margin_all;False;;False;0;0;0;0.0;0.2931;False;0;0;36
ablation_no_sat;stress_exploratory_then_useful;stress;3;Q3_useful_margin;True;c1;True;0;0;0;0.333333;0.4319;True;1;1;36
ablation_no_real;stress_exploratory_then_useful;stress;1;Q1_noise_region;False;;False;0;0;0;0.0;0.2417;False;0;0;36
ablation_no_real;stress_exploratory_then_useful;stress;2;Q2_noise_margin_all;False;;False;0;0;0;0.0;0.1498;False;0;0;36
ablation_no_real;stress_exploratory_then_useful;stress;3;Q3_useful_margin;True;c1;True;0;0;0;0.333333;0.2576;True;1;1;36
ablation_ceval_any_intersection;stress_exploratory_then_useful;stress;1;Q1_noise_region;False;;False;0;0;0;0.0;0.2119;False;0;0;36
ablation_ceval_any_intersection;stress_exploratory_then_useful;stress;2;Q2_noise_margin_all;False;;False;0;0;0;0.0;0.1444;False;0;0;36
ablation_ceval_any_intersection;stress_exploratory_then_useful;stress;3;Q3_useful_margin;True;c1;True;0;0;0;0.333333;0.2619;True;1;1;36
baseline_random_matched;stress_exploratory_then_useful;stress;1;Q1_noise_region;False;;True;1;0;1;0.0;0.005;;0;0;36
baseline_random_matched;stress_exploratory_then_useful;stress;2;Q2_noise_margin_all;False;;False;0;0;0;0.0;0.0007;;0;0;36
baseline_random_matched;stress_exploratory_then_useful;stress;3;Q3_useful_margin;True;c1;True;0;0;0;0.333333;0.0005;;0;0;36
mcad;happy_guided_article_short;happy;1;Q1_margin_month;True;c1;True;0;0;0;0.333333;0.4655;True;1;1;37
mcad;happy_guided_article_short;happy;2;Q2_stockout_store;True;c2;True;0;0;0;0.666667;0.2552;True;1;1;37
mcad;happy_guided_article_short;happy;3;Q3_sales_growth;True;c3;True;0;0;0;1.0;0.3361;True;2;1;37
baseline_naive;happy_guided_article_short;happy;1;Q1_margin_month;True;c1;True;0;0;0;0.333333;0.0014;;0;0;37
baseline_naive;happy_guided_article_short;happy;2;Q2_stockout_store;True;c2;True;0;0;0;0.666667;0.0004;;0;0;37
baseline_naive;happy_guided_article_short;happy;3;Q3_sales_growth;True;c3;True;0;0;0;1.0;0.0003;;0;0;37
baseline_measure_overlap;happy_guided_article_short;happy;1;Q1_margin_month;True;c1;True;0;0;0;0.333333;0.015;;0;0;37
baseline_measure_overlap;happy_guided_article_short;happy;2;Q2_stockout_store;True;c2;True;0;0;0;0.666667;0.0052;;0;0;37
baseline_measure_overlap;happy_guided_article_short;happy;3;Q3_sales_growth;True;c3;True;0;0;0;1.0;0.0045;;0;0;37
ablation_no_sat;happy_guided_article_short;happy;1;Q1_margin_month;True;c1;True;0;0;0;0.333333;0.4799;True;1;1;37
ablation_no_sat;happy_guided_article_short;happy;2;Q2_stockout_store;True;c2;True;0;0;0;0.666667;0.4355;True;1;1;37
ablation_no_sat;happy_guided_article_short;happy;3;Q3_sales_growth;True;c3;True;0;0;0;1.0;0.5981;True;2;1;37
ablation_no_real;happy_guided_article_short;happy;1;Q1_margin_month;True;c1;True;0;0;0;0.333333;0.4517;True;1;1;37
ablation_no_real;happy_guided_article_short;happy;2;Q2_stockout_store;True;c2;True;0;0;0;0.666667;0.3852;True;1;1;37
ablation_no_real;happy_guided_article_short;happy;3;Q3_sales_growth;True;c3;True;0;0;0;1.0;0.5805;True;2;1;37
ablation_ceval_any_intersection;happy_guided_article_short;happy;1;Q1_margin_month;True;c1;True;0;0;0;0.333333;0.2849;True;1;1;37
ablation_ceval_any_intersection;happy_guided_article_short;happy;2;Q2_stockout_store;True;c2;True;0;0;0;0.666667;0.2452;True;1;1;37
ablation_ceval_any_intersection;happy_guided_article_short;happy;3;Q3_sales_growth;True;c3;True;0;0;0;1.0;0.342;True;2;1;37
baseline_random_matched;happy_guided_article_short;happy;1;Q1_margin_month;True;c1;False;0;1;0;0.0;0.0033;;0;0;37
baseline_random_matched;happy_guided_article_short;happy;2;Q2_stockout_store;True;c2;False;0;1;0;0.0;0.0006;;0;0;37
baseline_random_matched;happy_guided_article_short;happy;3;Q3_sales_growth;True;c3;True;0;0;0;0.333333;0.0004;;0;0;37
mcad;happy_guided_reordered;happy;1;Q1_sales_growth;True;c3;True;0;0;0;0.333333;0.3847;True;2;1;37
mcad;happy_guided_reordered;happy;2;Q2_margin_month;True;c1;True;0;0;0;0.666667;0.2531;True;1;1;37
mcad;happy_guided_reordered;happy;3;Q3_stockout_store;True;c2;True;0;0;0;1.0;0.249;True;1;1;37
baseline_naive;happy_guided_reordered;happy;1;Q1_sales_growth;True;c3;True;0;0;0;0.333333;0.0009;;0;0;37
baseline_naive;happy_guided_reordered;happy;2;Q2_margin_month;True;c1;True;0;0;0;0.666667;0.0005;;0;0;37
baseline_naive;happy_guided_reordered;happy;3;Q3_stockout_store;True;c2;True;0;0;0;1.0;0.0004;;0;0;37
baseline_measure_overlap;happy_guided_reordered;happy;1;Q1_sales_growth;True;c3;True;0;0;0;0.333333;0.0189;;0;0;37
baseline_measure_overlap;happy_guided_reordered;happy;2;Q2_margin_month;True;c1;True;0;0;0;0.666667;0.0085;;0;0;37
baseline_measure_overlap;happy_guided_reordered;happy;3;Q3_stockout_store;True;c2;True;0;0;0;1.0;0.0074;;0;0;37
ablation_no_sat;happy_guided_reordered;happy;1;Q1_sales_growth;True;c3;True;0;0;0;0.333333;0.6616;True;2;1;37
ablation_no_sat;happy_guided_reordered;happy;2;Q2_margin_month;True;c1;True;0;0;0;0.666667;2.8792;True;1;1;37
ablation_no_sat;happy_guided_reordered;happy;3;Q3_stockout_store;True;c2;True;0;0;0;1.0;0.3971;True;1;1;37
ablation_no_real;happy_guided_reordered;happy;1;Q1_sales_growth;True;c3;True;0;0;0;0.333333;0.7378;True;2;1;37
ablation_no_real;happy_guided_reordered;happy;2;Q2_margin_month;True;c1;True;0;0;0;0.666667;0.399;True;1;1;37
ablation_no_real;happy_guided_reordered;happy;3;Q3_stockout_store;True;c2;True;0;0;0;1.0;0.4399;True;1;1;37
ablation_ceval_any_intersection;happy_guided_reordered;happy;1;Q1_sales_growth;True;c3;True;0;0;0;0.333333;0.3918;True;2;1;37
ablation_ceval_any_intersection;happy_guided_reordered;happy;2;Q2_margin_month;True;c1;True;0;0;0;0.666667;0.2476;True;1;1;37
ablation_ceval_any_intersection;happy_guided_reordered;happy;3;Q3_stockout_store;True;c2;True;0;0;0;1.0;0.2439;True;1;1;37
baseline_random_matched;happy_guided_reordered;happy;1;Q1_sales_growth;True;c3;True;0;0;0;0.333333;0.0049;;0;0;37
baseline_random_matched;happy_guided_reordered;happy;2;Q2_margin_month;True;c1;True;0;0;0;0.666667;0.0011;;0;0;37
baseline_random_matched;happy_guided_reordered;happy;3;Q3_stockout_store;True;c2;True;0;0;0;1.0;0.0008;;0;0;37
mcad;happy_guided_compact;happy;1;Q1_margin_month;True;c1;True;0;0;0;0.333333;0.3025;True;1;1;37
mcad;happy_guided_compact;happy;2;Q2_sales_growth;True;c3;True;0;0;0;0.666667;0.3524;True;2;1;37
mcad;happy_guided_compact;happy;3;Q3_stockout_store;True;c2;True;0;0;0;1.0;0.2471;True;1;1;37
baseline_naive;happy_guided_compact;happy;1;Q1_margin_month;True;c1;True;0;0;0;0.333333;0.001;;0;0;37
baseline_naive;happy_guided_compact;happy;2;Q2_sales_growth;True;c3;True;0;0;0;0.666667;0.0005;;0;0;37
baseline_naive;happy_guided_compact;happy;3;Q3_stockout_store;True;c2;True;0;0;0;1.0;0.0004;;0;0;37
baseline_measure_overlap;happy_guided_compact;happy;1;Q1_margin_month;True;c1;True;0;0;0;0.333333;0.0231;;0;0;37
baseline_measure_overlap;happy_guided_compact;happy;2;Q2_sales_growth;True;c3;True;0;0;0;0.666667;0.0079;;0;0;37
baseline_measure_overlap;happy_guided_compact;happy;3;Q3_stockout_store;True;c2;True;0;0;0;1.0;0.0083;;0;0;37
ablation_no_sat;happy_guided_compact;happy;1;Q1_margin_month;True;c1;True;0;0;0;0.333333;0.311;True;1;1;37
ablation_no_sat;happy_guided_compact;happy;2;Q2_sales_growth;True;c3;True;0;0;0;0.666667;0.3433;True;2;1;37
ablation_no_sat;happy_guided_compact;happy;3;Q3_stockout_store;True;c2;True;0;0;0;1.0;0.2459;True;1;1;37
ablation_no_real;happy_guided_compact;happy;1;Q1_margin_month;True;c1;True;0;0;0;0.333333;0.3013;True;1;1;37
ablation_no_real;happy_guided_compact;happy;2;Q2_sales_growth;True;c3;True;0;0;0;0.666667;0.355;True;2;1;37
ablation_no_real;happy_guided_compact;happy;3;Q3_stockout_store;True;c2;True;0;0;0;1.0;0.2525;True;1;1;37
ablation_ceval_any_intersection;happy_guided_compact;happy;1;Q1_margin_month;True;c1;True;0;0;0;0.333333;0.4917;True;1;1;37
ablation_ceval_any_intersection;happy_guided_compact;happy;2;Q2_sales_growth;True;c3;True;0;0;0;0.666667;0.601;True;2;1;37
ablation_ceval_any_intersection;happy_guided_compact;happy;3;Q3_stockout_store;True;c2;True;0;0;0;1.0;0.5063;True;1;1;37
baseline_random_matched;happy_guided_compact;happy;1;Q1_margin_month;True;c1;False;0;1;0;0.0;0.005;;0;0;37
baseline_random_matched;happy_guided_compact;happy;2;Q2_sales_growth;True;c3;True;0;0;0;0.333333;0.0015;;0;0;37
baseline_random_matched;happy_guided_compact;happy;3;Q3_stockout_store;True;c2;False;0;1;0;0.333333;0.0008;;0;0;37
mcad;border_growth_partial_1998_only;border;1;Q1_sales_1998_only;False;;False;0;0;0;0.0;0.7055;True;1;0;37
baseline_naive;border_growth_partial_1998_only;border;1;Q1_sales_1998_only;False;;True;1;0;1;0.0;0.0021;;0;0;37
baseline_measure_overlap;border_growth_partial_1998_only;border;1;Q1_sales_1998_only;False;;True;1;0;1;0.0;0.0206;;0;0;37
ablation_no_sat;border_growth_partial_1998_only;border;1;Q1_sales_1998_only;False;;False;0;0;0;0.0;0.6346;True;1;0;37
ablation_no_real;border_growth_partial_1998_only;border;1;Q1_sales_1998_only;False;;True;1;0;1;0.0;0.3946;True;1;0;37
ablation_ceval_any_intersection;border_growth_partial_1998_only;border;1;Q1_sales_1998_only;False;;True;1;0;1;0.0;0.3563;True;1;1;37
baseline_random_matched;border_growth_partial_1998_only;border;1;Q1_sales_1998_only;False;;True;1;0;1;0.0;0.0031;;0;0;37
mcad;border_margin_wrong_grain;border;1;Q1_margin_quarter_only;False;;False;0;0;0;0.0;0.2156;False;0;0;37
baseline_naive;border_margin_wrong_grain;border;1;Q1_margin_quarter_only;False;;True;1;0;1;0.0;0.001;;0;0;37
baseline_measure_overlap;border_margin_wrong_grain;border;1;Q1_margin_quarter_only;False;;True;1;0;1;0.0;0.0199;;0;0;37
ablation_no_sat;border_margin_wrong_grain;border;1;Q1_margin_quarter_only;False;;False;0;0;0;0.0;0.2765;False;0;0;37
ablation_no_real;border_margin_wrong_grain;border;1;Q1_margin_quarter_only;False;;False;0;0;0;0.0;0.2201;False;0;0;37
ablation_ceval_any_intersection;border_margin_wrong_grain;border;1;Q1_margin_quarter_only;False;;False;0;0;0;0.0;0.2004;False;0;0;37
baseline_random_matched;border_margin_wrong_grain;border;1;Q1_margin_quarter_only;False;;False;0;0;0;0.0;0.0026;;0;0;37
mcad;border_stockout_missing_store;border;1;Q1_stockout_category_only;False;;False;0;0;0;0.0;0.1944;False;0;0;37
baseline_naive;border_stockout_missing_store;border;1;Q1_stockout_category_only;False;;True;1;0;1;0.0;0.0012;;0;0;37
baseline_measure_overlap;border_stockout_missing_store;border;1;Q1_stockout_category_only;False;;True;1;0;1;0.0;0.0197;;0;0;37
ablation_no_sat;border_stockout_missing_store;border;1;Q1_stockout_category_only;False;;False;0;0;0;0.0;0.264;False;0;0;37
ablation_no_real;border_stockout_missing_store;border;1;Q1_stockout_category_only;False;;False;0;0;0;0.0;0.2055;False;0;0;37
ablation_ceval_any_intersection;border_stockout_missing_store;border;1;Q1_stockout_category_only;False;;False;0;0;0;0.0;0.1969;False;0;0;37
baseline_random_matched;border_stockout_missing_store;border;1;Q1_stockout_category_only;False;;True;1;0;1;0.0;0.0027;;0;0;37
mcad;adversarial_wrong_region;adversarial;1;Q1_margin_south;False;;False;0;0;0;0.0;0.1697;False;0;0;37
baseline_naive;adversarial_wrong_region;adversarial;1;Q1_margin_south;False;;True;1;0;1;0.0;0.001;;0;0;37
baseline_measure_overlap;adversarial_wrong_region;adversarial;1;Q1_margin_south;False;;True;1;0;1;0.0;0.0207;;0;0;37
ablation_no_sat;adversarial_wrong_region;adversarial;1;Q1_margin_south;False;;False;0;0;0;0.0;0.2247;False;0;0;37
ablation_no_real;adversarial_wrong_region;adversarial;1;Q1_margin_south;False;;False;0;0;0;0.0;0.1875;False;0;0;37
ablation_ceval_any_intersection;adversarial_wrong_region;adversarial;1;Q1_margin_south;False;;False;0;0;0;0.0;0.2017;False;0;0;37
baseline_random_matched;adversarial_wrong_region;adversarial;1;Q1_margin_south;False;;True;1;0;1;0.0;0.0031;;0;0;37
mcad;adversarial_wrong_year;adversarial;1;Q1_stockout_1997;False;;False;0;0;0;0.0;0.1698;False;0;0;37
baseline_naive;adversarial_wrong_year;adversarial;1;Q1_stockout_1997;False;;True;1;0;1;0.0;0.0011;;0;0;37
baseline_measure_overlap;adversarial_wrong_year;adversarial;1;Q1_stockout_1997;False;;True;1;0;1;0.0;0.0212;;0;0;37
ablation_no_sat;adversarial_wrong_year;adversarial;1;Q1_stockout_1997;False;;False;0;0;0;0.0;0.3219;False;0;0;37
ablation_no_real;adversarial_wrong_year;adversarial;1;Q1_stockout_1997;False;;False;0;0;0;0.0;0.1788;False;0;0;37
ablation_ceval_any_intersection;adversarial_wrong_year;adversarial;1;Q1_stockout_1997;False;;False;0;0;0;0.0;0.1668;False;0;0;37
baseline_random_matched;adversarial_wrong_year;adversarial;1;Q1_stockout_1997;False;;True;1;0;1;0.0;0.0031;;0;0;37
mcad;adversarial_invalid_no_measures;adversarial;1;Q1_invalid_no_measure;False;;False;0;0;0;0.0;0.0742;False;0;0;37
baseline_naive;adversarial_invalid_no_measures;adversarial;1;Q1_invalid_no_measure;False;;True;1;0;1;0.0;0.001;;0;0;37
baseline_measure_overlap;adversarial_invalid_no_measures;adversarial;1;Q1_invalid_no_measure;False;;False;0;0;0;0.0;0.0147;;0;0;37
ablation_no_sat;adversarial_invalid_no_measures;adversarial;1;Q1_invalid_no_measure;False;;False;0;0;0;0.0;0.1541;False;0;0;37
ablation_no_real;adversarial_invalid_no_measures;adversarial;1;Q1_invalid_no_measure;False;;False;0;0;0;0.0;0.0923;False;0;0;37
ablation_ceval_any_intersection;adversarial_invalid_no_measures;adversarial;1;Q1_invalid_no_measure;False;;False;0;0;0;0.0;0.0929;False;0;0;37
baseline_random_matched;adversarial_invalid_no_measures;adversarial;1;Q1_invalid_no_measure;False;;True;1;0;1;0.0;0.0037;;0;0;37
mcad;stress_exploratory_then_useful;stress;1;Q1_noise_region;False;;False;0;0;0;0.0;0.214;False;0;0;37
mcad;stress_exploratory_then_useful;stress;2;Q2_noise_margin_all;False;;False;0;0;0;0.0;0.1419;False;0;0;37
mcad;stress_exploratory_then_useful;stress;3;Q3_useful_margin;True;c1;True;0;0;0;0.333333;0.2665;True;1;1;37
baseline_naive;stress_exploratory_then_useful;stress;1;Q1_noise_region;False;;True;1;0;1;0.0;0.0011;;0;0;37
baseline_naive;stress_exploratory_then_useful;stress;2;Q2_noise_margin_all;False;;True;1;0;1;0.0;0.0007;;0;0;37
baseline_naive;stress_exploratory_then_useful;stress;3;Q3_useful_margin;True;c1;True;0;0;0;0.333333;0.0004;;0;0;37
baseline_measure_overlap;stress_exploratory_then_useful;stress;1;Q1_noise_region;False;;True;1;0;1;0.0;0.0179;;0;0;37
baseline_measure_overlap;stress_exploratory_then_useful;stress;2;Q2_noise_margin_all;False;;True;1;0;1;0.0;0.0051;;0;0;37
baseline_measure_overlap;stress_exploratory_then_useful;stress;3;Q3_useful_margin;True;c1;True;0;0;0;0.333333;0.0042;;0;0;37
ablation_no_sat;stress_exploratory_then_useful;stress;1;Q1_noise_region;False;;False;0;0;0;0.0;0.2656;False;0;0;37
ablation_no_sat;stress_exploratory_then_useful;stress;2;Q2_noise_margin_all;False;;False;0;0;0;0.0;0.1703;False;0;0;37
ablation_no_sat;stress_exploratory_then_useful;stress;3;Q3_useful_margin;True;c1;True;0;0;0;0.333333;0.2465;True;1;1;37
ablation_no_real;stress_exploratory_then_useful;stress;1;Q1_noise_region;False;;False;0;0;0;0.0;0.3929;False;0;0;37
ablation_no_real;stress_exploratory_then_useful;stress;2;Q2_noise_margin_all;False;;False;0;0;0;0.0;0.2489;False;0;0;37
ablation_no_real;stress_exploratory_then_useful;stress;3;Q3_useful_margin;True;c1;True;0;0;0;0.333333;0.4419;True;1;1;37
ablation_ceval_any_intersection;stress_exploratory_then_useful;stress;1;Q1_noise_region;False;;False;0;0;0;0.0;0.2344;False;0;0;37
ablation_ceval_any_intersection;stress_exploratory_then_useful;stress;2;Q2_noise_margin_all;False;;False;0;0;0;0.0;0.1439;False;0;0;37
ablation_ceval_any_intersection;stress_exploratory_then_useful;stress;3;Q3_useful_margin;True;c1;True;0;0;0;0.333333;0.2472;True;1;1;37
baseline_random_matched;stress_exploratory_then_useful;stress;1;Q1_noise_region;False;;False;0;0;0;0.0;0.0036;;0;0;37
baseline_random_matched;stress_exploratory_then_useful;stress;2;Q2_noise_margin_all;False;;True;1;0;1;0.0;0.0006;;0;0;37
baseline_random_matched;stress_exploratory_then_useful;stress;3;Q3_useful_margin;True;c1;False;0;1;0;0.0;0.0004;;0;0;37
mcad;happy_guided_article_short;happy;1;Q1_margin_month;True;c1;True;0;0;0;0.333333;0.296;True;1;1;38
mcad;happy_guided_article_short;happy;2;Q2_stockout_store;True;c2;True;0;0;0;0.666667;0.2431;True;1;1;38
mcad;happy_guided_article_short;happy;3;Q3_sales_growth;True;c3;True;0;0;0;1.0;0.3278;True;2;1;38
baseline_naive;happy_guided_article_short;happy;1;Q1_margin_month;True;c1;True;0;0;0;0.333333;0.0011;;0;0;38
baseline_naive;happy_guided_article_short;happy;2;Q2_stockout_store;True;c2;True;0;0;0;0.666667;0.0004;;0;0;38
baseline_naive;happy_guided_article_short;happy;3;Q3_sales_growth;True;c3;True;0;0;0;1.0;0.0004;;0;0;38
baseline_measure_overlap;happy_guided_article_short;happy;1;Q1_margin_month;True;c1;True;0;0;0;0.333333;0.0165;;0;0;38
baseline_measure_overlap;happy_guided_article_short;happy;2;Q2_stockout_store;True;c2;True;0;0;0;0.666667;0.0054;;0;0;38
baseline_measure_overlap;happy_guided_article_short;happy;3;Q3_sales_growth;True;c3;True;0;0;0;1.0;0.004;;0;0;38
ablation_no_sat;happy_guided_article_short;happy;1;Q1_margin_month;True;c1;True;0;0;0;0.333333;0.3005;True;1;1;38
ablation_no_sat;happy_guided_article_short;happy;2;Q2_stockout_store;True;c2;True;0;0;0;0.666667;0.2458;True;1;1;38
ablation_no_sat;happy_guided_article_short;happy;3;Q3_sales_growth;True;c3;True;0;0;0;1.0;0.3287;True;2;1;38
ablation_no_real;happy_guided_article_short;happy;1;Q1_margin_month;True;c1;True;0;0;0;0.333333;0.3361;True;1;1;38
ablation_no_real;happy_guided_article_short;happy;2;Q2_stockout_store;True;c2;True;0;0;0;0.666667;0.2605;True;1;1;38
ablation_no_real;happy_guided_article_short;happy;3;Q3_sales_growth;True;c3;True;0;0;0;1.0;0.3433;True;2;1;38
ablation_ceval_any_intersection;happy_guided_article_short;happy;1;Q1_margin_month;True;c1;True;0;0;0;0.333333;0.2938;True;1;1;38
ablation_ceval_any_intersection;happy_guided_article_short;happy;2;Q2_stockout_store;True;c2;True;0;0;0;0.666667;0.2451;True;1;1;38
ablation_ceval_any_intersection;happy_guided_article_short;happy;3;Q3_sales_growth;True;c3;True;0;0;0;1.0;0.3281;True;2;1;38
baseline_random_matched;happy_guided_article_short;happy;1;Q1_margin_month;True;c1;True;0;0;0;0.333333;0.004;;0;0;38
baseline_random_matched;happy_guided_article_short;happy;2;Q2_stockout_store;True;c2;False;0;1;0;0.333333;0.0006;;0;0;38
baseline_random_matched;happy_guided_article_short;happy;3;Q3_sales_growth;True;c3;False;0;1;0;0.333333;0.0005;;0;0;38
mcad;happy_guided_reordered;happy;1;Q1_sales_growth;True;c3;True;0;0;0;0.333333;0.3689;True;2;1;38
mcad;happy_guided_reordered;happy;2;Q2_margin_month;True;c1;True;0;0;0;0.666667;0.2494;True;1;1;38
mcad;happy_guided_reordered;happy;3;Q3_stockout_store;True;c2;True;0;0;0;1.0;0.2402;True;1;1;38
baseline_naive;happy_guided_reordered;happy;1;Q1_sales_growth;True;c3;True;0;0;0;0.333333;0.0011;;0;0;38
baseline_naive;happy_guided_reordered;happy;2;Q2_margin_month;True;c1;True;0;0;0;0.666667;0.0005;;0;0;38
baseline_naive;happy_guided_reordered;happy;3;Q3_stockout_store;True;c2;True;0;0;0;1.0;0.0003;;0;0;38
baseline_measure_overlap;happy_guided_reordered;happy;1;Q1_sales_growth;True;c3;True;0;0;0;0.333333;0.0139;;0;0;38
baseline_measure_overlap;happy_guided_reordered;happy;2;Q2_margin_month;True;c1;True;0;0;0;0.666667;0.0053;;0;0;38
baseline_measure_overlap;happy_guided_reordered;happy;3;Q3_stockout_store;True;c2;True;0;0;0;1.0;0.0043;;0;0;38
ablation_no_sat;happy_guided_reordered;happy;1;Q1_sales_growth;True;c3;True;0;0;0;0.333333;0.3671;True;2;1;38
ablation_no_sat;happy_guided_reordered;happy;2;Q2_margin_month;True;c1;True;0;0;0;0.666667;0.2519;True;1;1;38
ablation_no_sat;happy_guided_reordered;happy;3;Q3_stockout_store;True;c2;True;0;0;0;1.0;0.2505;True;1;1;38
ablation_no_real;happy_guided_reordered;happy;1;Q1_sales_growth;True;c3;True;0;0;0;0.333333;0.4964;True;2;1;38
ablation_no_real;happy_guided_reordered;happy;2;Q2_margin_month;True;c1;True;0;0;0;0.666667;0.2563;True;1;1;38
ablation_no_real;happy_guided_reordered;happy;3;Q3_stockout_store;True;c2;True;0;0;0;1.0;0.2479;True;1;1;38
ablation_ceval_any_intersection;happy_guided_reordered;happy;1;Q1_sales_growth;True;c3;True;0;0;0;0.333333;0.3628;True;2;1;38
ablation_ceval_any_intersection;happy_guided_reordered;happy;2;Q2_margin_month;True;c1;True;0;0;0;0.666667;0.2435;True;1;1;38
ablation_ceval_any_intersection;happy_guided_reordered;happy;3;Q3_stockout_store;True;c2;True;0;0;0;1.0;0.2651;True;1;1;38
baseline_random_matched;happy_guided_reordered;happy;1;Q1_sales_growth;True;c3;False;0;1;0;0.0;0.003;;0;0;38
baseline_random_matched;happy_guided_reordered;happy;2;Q2_margin_month;True;c1;True;0;0;0;0.333333;0.0006;;0;0;38
baseline_random_matched;happy_guided_reordered;happy;3;Q3_stockout_store;True;c2;False;0;1;0;0.333333;0.0005;;0;0;38
mcad;happy_guided_compact;happy;1;Q1_margin_month;True;c1;True;0;0;0;0.333333;0.2769;True;1;1;38
mcad;happy_guided_compact;happy;2;Q2_sales_growth;True;c3;True;0;0;0;0.666667;0.3456;True;2;1;38
mcad;happy_guided_compact;happy;3;Q3_stockout_store;True;c2;True;0;0;0;1.0;0.2439;True;1;1;38
baseline_naive;happy_guided_compact;happy;1;Q1_margin_month;True;c1;True;0;0;0;0.333333;0.0009;;0;0;38
baseline_naive;happy_guided_compact;happy;2;Q2_sales_growth;True;c3;True;0;0;0;0.666667;0.0005;;0;0;38
baseline_naive;happy_guided_compact;happy;3;Q3_stockout_store;True;c2;True;0;0;0;1.0;0.0003;;0;0;38
baseline_measure_overlap;happy_guided_compact;happy;1;Q1_margin_month;True;c1;True;0;0;0;0.333333;0.0203;;0;0;38
baseline_measure_overlap;happy_guided_compact;happy;2;Q2_sales_growth;True;c3;True;0;0;0;0.666667;0.0092;;0;0;38
baseline_measure_overlap;happy_guided_compact;happy;3;Q3_stockout_store;True;c2;True;0;0;0;1.0;0.0081;;0;0;38
ablation_no_sat;happy_guided_compact;happy;1;Q1_margin_month;True;c1;True;0;0;0;0.333333;0.2953;True;1;1;38
ablation_no_sat;happy_guided_compact;happy;2;Q2_sales_growth;True;c3;True;0;0;0;0.666667;0.3345;True;2;1;38
ablation_no_sat;happy_guided_compact;happy;3;Q3_stockout_store;True;c2;True;0;0;0;1.0;0.2386;True;1;1;38
ablation_no_real;happy_guided_compact;happy;1;Q1_margin_month;True;c1;True;0;0;0;0.333333;0.498;True;1;1;38
ablation_no_real;happy_guided_compact;happy;2;Q2_sales_growth;True;c3;True;0;0;0;0.666667;0.6098;True;2;1;38
ablation_no_real;happy_guided_compact;happy;3;Q3_stockout_store;True;c2;True;0;0;0;1.0;0.4364;True;1;1;38
ablation_ceval_any_intersection;happy_guided_compact;happy;1;Q1_margin_month;True;c1;True;0;0;0;0.333333;0.2812;True;1;1;38
ablation_ceval_any_intersection;happy_guided_compact;happy;2;Q2_sales_growth;True;c3;True;0;0;0;0.666667;0.352;True;2;1;38
ablation_ceval_any_intersection;happy_guided_compact;happy;3;Q3_stockout_store;True;c2;True;0;0;0;1.0;0.2391;True;1;1;38
baseline_random_matched;happy_guided_compact;happy;1;Q1_margin_month;True;c1;True;0;0;0;0.333333;0.0029;;0;0;38
baseline_random_matched;happy_guided_compact;happy;2;Q2_sales_growth;True;c3;True;0;0;0;0.666667;0.0006;;0;0;38
baseline_random_matched;happy_guided_compact;happy;3;Q3_stockout_store;True;c2;False;0;1;0;0.666667;0.0005;;0;0;38
mcad;border_growth_partial_1998_only;border;1;Q1_sales_1998_only;False;;False;0;0;0;0.0;0.3535;True;1;0;38
baseline_naive;border_growth_partial_1998_only;border;1;Q1_sales_1998_only;False;;True;1;0;1;0.0;0.0011;;0;0;38
baseline_measure_overlap;border_growth_partial_1998_only;border;1;Q1_sales_1998_only;False;;True;1;0;1;0.0;0.0148;;0;0;38
ablation_no_sat;border_growth_partial_1998_only;border;1;Q1_sales_1998_only;False;;False;0;0;0;0.0;0.3413;True;1;0;38
ablation_no_real;border_growth_partial_1998_only;border;1;Q1_sales_1998_only;False;;True;1;0;1;0.0;0.57;True;1;0;38
ablation_ceval_any_intersection;border_growth_partial_1998_only;border;1;Q1_sales_1998_only;False;;True;1;0;1;0.0;0.6122;True;1;1;38
baseline_random_matched;border_growth_partial_1998_only;border;1;Q1_sales_1998_only;False;;True;1;0;1;0.0;0.0032;;0;0;38
mcad;border_margin_wrong_grain;border;1;Q1_margin_quarter_only;False;;False;0;0;0;0.0;0.214;False;0;0;38
baseline_naive;border_margin_wrong_grain;border;1;Q1_margin_quarter_only;False;;True;1;0;1;0.0;0.001;;0;0;38
baseline_measure_overlap;border_margin_wrong_grain;border;1;Q1_margin_quarter_only;False;;True;1;0;1;0.0;0.0145;;0;0;38
ablation_no_sat;border_margin_wrong_grain;border;1;Q1_margin_quarter_only;False;;False;0;0;0;0.0;0.2646;False;0;0;38
ablation_no_real;border_margin_wrong_grain;border;1;Q1_margin_quarter_only;False;;False;0;0;0;0.0;0.2049;False;0;0;38
ablation_ceval_any_intersection;border_margin_wrong_grain;border;1;Q1_margin_quarter_only;False;;False;0;0;0;0.0;0.3234;False;0;0;38
baseline_random_matched;border_margin_wrong_grain;border;1;Q1_margin_quarter_only;False;;True;1;0;1;0.0;0.0035;;0;0;38
mcad;border_stockout_missing_store;border;1;Q1_stockout_category_only;False;;False;0;0;0;0.0;0.1966;False;0;0;38
baseline_naive;border_stockout_missing_store;border;1;Q1_stockout_category_only;False;;True;1;0;1;0.0;0.001;;0;0;38
baseline_measure_overlap;border_stockout_missing_store;border;1;Q1_stockout_category_only;False;;True;1;0;1;0.0;0.0152;;0;0;38
ablation_no_sat;border_stockout_missing_store;border;1;Q1_stockout_category_only;False;;False;0;0;0;0.0;0.2611;False;0;0;38
ablation_no_real;border_stockout_missing_store;border;1;Q1_stockout_category_only;False;;False;0;0;0;0.0;0.205;False;0;0;38
ablation_ceval_any_intersection;border_stockout_missing_store;border;1;Q1_stockout_category_only;False;;False;0;0;0;0.0;0.195;False;0;0;38
baseline_random_matched;border_stockout_missing_store;border;1;Q1_stockout_category_only;False;;False;0;0;0;0.0;0.0043;;0;0;38
mcad;adversarial_wrong_region;adversarial;1;Q1_margin_south;False;;False;0;0;0;0.0;0.2042;False;0;0;38
baseline_naive;adversarial_wrong_region;adversarial;1;Q1_margin_south;False;;True;1;0;1;0.0;0.0013;;0;0;38
baseline_measure_overlap;adversarial_wrong_region;adversarial;1;Q1_margin_south;False;;True;1;0;1;0.0;0.0171;;0;0;38
ablation_no_sat;adversarial_wrong_region;adversarial;1;Q1_margin_south;False;;False;0;0;0;0.0;0.2243;False;0;0;38
ablation_no_real;adversarial_wrong_region;adversarial;1;Q1_margin_south;False;;False;0;0;0;0.0;0.1863;False;0;0;38
ablation_ceval_any_intersection;adversarial_wrong_region;adversarial;1;Q1_margin_south;False;;False;0;0;0;0.0;0.2042;False;0;0;38
baseline_random_matched;adversarial_wrong_region;adversarial;1;Q1_margin_south;False;;True;1;0;1;0.0;0.0049;;0;0;38
mcad;adversarial_wrong_year;adversarial;1;Q1_stockout_1997;False;;False;0;0;0;0.0;0.188;False;0;0;38
baseline_naive;adversarial_wrong_year;adversarial;1;Q1_stockout_1997;False;;True;1;0;1;0.0;0.0015;;0;0;38
baseline_measure_overlap;adversarial_wrong_year;adversarial;1;Q1_stockout_1997;False;;True;1;0;1;0.0;0.019;;0;0;38
ablation_no_sat;adversarial_wrong_year;adversarial;1;Q1_stockout_1997;False;;False;0;0;0;0.0;0.2105;False;0;0;38
ablation_no_real;adversarial_wrong_year;adversarial;1;Q1_stockout_1997;False;;False;0;0;0;0.0;0.184;False;0;0;38
ablation_ceval_any_intersection;adversarial_wrong_year;adversarial;1;Q1_stockout_1997;False;;False;0;0;0;0.0;0.1696;False;0;0;38
baseline_random_matched;adversarial_wrong_year;adversarial;1;Q1_stockout_1997;False;;True;1;0;1;0.0;0.003;;0;0;38
mcad;adversarial_invalid_no_measures;adversarial;1;Q1_invalid_no_measure;False;;False;0;0;0;0.0;0.075;False;0;0;38
baseline_naive;adversarial_invalid_no_measures;adversarial;1;Q1_invalid_no_measure;False;;True;1;0;1;0.0;0.001;;0;0;38
baseline_measure_overlap;adversarial_invalid_no_measures;adversarial;1;Q1_invalid_no_measure;False;;False;0;0;0;0.0;0.0141;;0;0;38
ablation_no_sat;adversarial_invalid_no_measures;adversarial;1;Q1_invalid_no_measure;False;;False;0;0;0;0.0;0.0888;False;0;0;38
ablation_no_real;adversarial_invalid_no_measures;adversarial;1;Q1_invalid_no_measure;False;;False;0;0;0;0.0;0.0801;False;0;0;38
ablation_ceval_any_intersection;adversarial_invalid_no_measures;adversarial;1;Q1_invalid_no_measure;False;;False;0;0;0;0.0;0.0727;False;0;0;38
baseline_random_matched;adversarial_invalid_no_measures;adversarial;1;Q1_invalid_no_measure;False;;False;0;0;0;0.0;0.0032;;0;0;38
mcad;stress_exploratory_then_useful;stress;1;Q1_noise_region;False;;False;0;0;0;0.0;0.3417;False;0;0;38
mcad;stress_exploratory_then_useful;stress;2;Q2_noise_margin_all;False;;False;0;0;0;0.0;0.2434;False;0;0;38
mcad;stress_exploratory_then_useful;stress;3;Q3_useful_margin;True;c1;True;0;0;0;0.333333;0.4407;True;1;1;38
baseline_naive;stress_exploratory_then_useful;stress;1;Q1_noise_region;False;;True;1;0;1;0.0;0.0009;;0;0;38
baseline_naive;stress_exploratory_then_useful;stress;2;Q2_noise_margin_all;False;;True;1;0;1;0.0;0.0005;;0;0;38
baseline_naive;stress_exploratory_then_useful;stress;3;Q3_useful_margin;True;c1;True;0;0;0;0.333333;0.0003;;0;0;38
baseline_measure_overlap;stress_exploratory_then_useful;stress;1;Q1_noise_region;False;;True;1;0;1;0.0;0.0137;;0;0;38
baseline_measure_overlap;stress_exploratory_then_useful;stress;2;Q2_noise_margin_all;False;;True;1;0;1;0.0;0.0053;;0;0;38
baseline_measure_overlap;stress_exploratory_then_useful;stress;3;Q3_useful_margin;True;c1;True;0;0;0;0.333333;0.0042;;0;0;38
ablation_no_sat;stress_exploratory_then_useful;stress;1;Q1_noise_region;False;;False;0;0;0;0.0;0.2364;False;0;0;38
ablation_no_sat;stress_exploratory_then_useful;stress;2;Q2_noise_margin_all;False;;False;0;0;0;0.0;0.1687;False;0;0;38
ablation_no_sat;stress_exploratory_then_useful;stress;3;Q3_useful_margin;True;c1;True;0;0;0;0.333333;0.2573;True;1;1;38
ablation_no_real;stress_exploratory_then_useful;stress;1;Q1_noise_region;False;;False;0;0;0;0.0;0.2157;False;0;0;38
ablation_no_real;stress_exploratory_then_useful;stress;2;Q2_noise_margin_all;False;;False;0;0;0;0.0;0.1469;False;0;0;38
ablation_no_real;stress_exploratory_then_useful;stress;3;Q3_useful_margin;True;c1;True;0;0;0;0.333333;0.2808;True;1;1;38
ablation_ceval_any_intersection;stress_exploratory_then_useful;stress;1;Q1_noise_region;False;;False;0;0;0;0.0;0.1942;False;0;0;38
ablation_ceval_any_intersection;stress_exploratory_then_useful;stress;2;Q2_noise_margin_all;False;;False;0;0;0;0.0;0.1436;False;0;0;38
ablation_ceval_any_intersection;stress_exploratory_then_useful;stress;3;Q3_useful_margin;True;c1;True;0;0;0;0.333333;0.2554;True;1;1;38
baseline_random_matched;stress_exploratory_then_useful;stress;1;Q1_noise_region;False;;True;1;0;1;0.0;0.0029;;0;0;38
baseline_random_matched;stress_exploratory_then_useful;stress;2;Q2_noise_margin_all;False;;True;1;0;1;0.0;0.0007;;0;0;38
baseline_random_matched;stress_exploratory_then_useful;stress;3;Q3_useful_margin;True;c1;True;0;0;0;0.333333;0.0005;;0;0;38
mcad;happy_guided_article_short;happy;1;Q1_margin_month;True;c1;True;0;0;0;0.333333;0.4805;True;1;1;39
mcad;happy_guided_article_short;happy;2;Q2_stockout_store;True;c2;True;0;0;0;0.666667;0.4519;True;1;1;39
mcad;happy_guided_article_short;happy;3;Q3_sales_growth;True;c3;True;0;0;0;1.0;0.5872;True;2;1;39
baseline_naive;happy_guided_article_short;happy;1;Q1_margin_month;True;c1;True;0;0;0;0.333333;0.0009;;0;0;39
baseline_naive;happy_guided_article_short;happy;2;Q2_stockout_store;True;c2;True;0;0;0;0.666667;0.0005;;0;0;39
baseline_naive;happy_guided_article_short;happy;3;Q3_sales_growth;True;c3;True;0;0;0;1.0;0.0003;;0;0;39
baseline_measure_overlap;happy_guided_article_short;happy;1;Q1_margin_month;True;c1;True;0;0;0;0.333333;0.0185;;0;0;39
baseline_measure_overlap;happy_guided_article_short;happy;2;Q2_stockout_store;True;c2;True;0;0;0;0.666667;0.0083;;0;0;39
baseline_measure_overlap;happy_guided_article_short;happy;3;Q3_sales_growth;True;c3;True;0;0;0;1.0;0.0074;;0;0;39
ablation_no_sat;happy_guided_article_short;happy;1;Q1_margin_month;True;c1;True;0;0;0;0.333333;0.2981;True;1;1;39
ablation_no_sat;happy_guided_article_short;happy;2;Q2_stockout_store;True;c2;True;0;0;0;0.666667;0.2477;True;1;1;39
ablation_no_sat;happy_guided_article_short;happy;3;Q3_sales_growth;True;c3;True;0;0;0;1.0;0.3421;True;2;1;39
ablation_no_real;happy_guided_article_short;happy;1;Q1_margin_month;True;c1;True;0;0;0;0.333333;0.2858;True;1;1;39
ablation_no_real;happy_guided_article_short;happy;2;Q2_stockout_store;True;c2;True;0;0;0;0.666667;0.2613;True;1;1;39
ablation_no_real;happy_guided_article_short;happy;3;Q3_sales_growth;True;c3;True;0;0;0;1.0;0.3341;True;2;1;39
ablation_ceval_any_intersection;happy_guided_article_short;happy;1;Q1_margin_month;True;c1;True;0;0;0;0.333333;0.2747;True;1;1;39
ablation_ceval_any_intersection;happy_guided_article_short;happy;2;Q2_stockout_store;True;c2;True;0;0;0;0.666667;0.2425;True;1;1;39
ablation_ceval_any_intersection;happy_guided_article_short;happy;3;Q3_sales_growth;True;c3;True;0;0;0;1.0;0.3457;True;2;1;39
baseline_random_matched;happy_guided_article_short;happy;1;Q1_margin_month;True;c1;False;0;1;0;0.0;0.0031;;0;0;39
baseline_random_matched;happy_guided_article_short;happy;2;Q2_stockout_store;True;c2;False;0;1;0;0.0;0.0007;;0;0;39
baseline_random_matched;happy_guided_article_short;happy;3;Q3_sales_growth;True;c3;False;0;1;0;0.0;0.0005;;0;0;39
mcad;happy_guided_reordered;happy;1;Q1_sales_growth;True;c3;True;0;0;0;0.333333;0.3676;True;2;1;39
mcad;happy_guided_reordered;happy;2;Q2_margin_month;True;c1;True;0;0;0;0.666667;0.2472;True;1;1;39
mcad;happy_guided_reordered;happy;3;Q3_stockout_store;True;c2;True;0;0;0;1.0;0.2399;True;1;1;39
baseline_naive;happy_guided_reordered;happy;1;Q1_sales_growth;True;c3;True;0;0;0;0.333333;0.0012;;0;0;39
baseline_naive;happy_guided_reordered;happy;2;Q2_margin_month;True;c1;True;0;0;0;0.666667;0.0007;;0;0;39
baseline_naive;happy_guided_reordered;happy;3;Q3_stockout_store;True;c2;True;0;0;0;1.0;0.0005;;0;0;39
baseline_measure_overlap;happy_guided_reordered;happy;1;Q1_sales_growth;True;c3;True;0;0;0;0.333333;0.0192;;0;0;39
baseline_measure_overlap;happy_guided_reordered;happy;2;Q2_margin_month;True;c1;True;0;0;0;0.666667;0.0089;;0;0;39
baseline_measure_overlap;happy_guided_reordered;happy;3;Q3_stockout_store;True;c2;True;0;0;0;1.0;0.0077;;0;0;39
ablation_no_sat;happy_guided_reordered;happy;1;Q1_sales_growth;True;c3;True;0;0;0;0.333333;0.3654;True;2;1;39
ablation_no_sat;happy_guided_reordered;happy;2;Q2_margin_month;True;c1;True;0;0;0;0.666667;0.2576;True;1;1;39
ablation_no_sat;happy_guided_reordered;happy;3;Q3_stockout_store;True;c2;True;0;0;0;1.0;0.2387;True;1;1;39
ablation_no_real;happy_guided_reordered;happy;1;Q1_sales_growth;True;c3;True;0;0;0;0.333333;0.3724;True;2;1;39
ablation_no_real;happy_guided_reordered;happy;2;Q2_margin_month;True;c1;True;0;0;0;0.666667;0.2517;True;1;1;39
ablation_no_real;happy_guided_reordered;happy;3;Q3_stockout_store;True;c2;True;0;0;0;1.0;0.2428;True;1;1;39
ablation_ceval_any_intersection;happy_guided_reordered;happy;1;Q1_sales_growth;True;c3;True;0;0;0;0.333333;0.3707;True;2;1;39
ablation_ceval_any_intersection;happy_guided_reordered;happy;2;Q2_margin_month;True;c1;True;0;0;0;0.666667;0.2452;True;1;1;39
ablation_ceval_any_intersection;happy_guided_reordered;happy;3;Q3_stockout_store;True;c2;True;0;0;0;1.0;0.2411;True;1;1;39
baseline_random_matched;happy_guided_reordered;happy;1;Q1_sales_growth;True;c3;False;0;1;0;0.0;0.0029;;0;0;39
baseline_random_matched;happy_guided_reordered;happy;2;Q2_margin_month;True;c1;False;0;1;0;0.0;0.0007;;0;0;39
baseline_random_matched;happy_guided_reordered;happy;3;Q3_stockout_store;True;c2;True;0;0;0;0.333333;0.0005;;0;0;39
mcad;happy_guided_compact;happy;1;Q1_margin_month;True;c1;True;0;0;0;0.333333;0.42;True;1;1;39
mcad;happy_guided_compact;happy;2;Q2_sales_growth;True;c3;True;0;0;0;0.666667;0.5685;True;2;1;39
mcad;happy_guided_compact;happy;3;Q3_stockout_store;True;c2;True;0;0;0;1.0;0.4216;True;1;1;39
baseline_naive;happy_guided_compact;happy;1;Q1_margin_month;True;c1;True;0;0;0;0.333333;0.0015;;0;0;39
baseline_naive;happy_guided_compact;happy;2;Q2_sales_growth;True;c3;True;0;0;0;0.666667;0.0007;;0;0;39
baseline_naive;happy_guided_compact;happy;3;Q3_stockout_store;True;c2;True;0;0;0;1.0;0.0006;;0;0;39
baseline_measure_overlap;happy_guided_compact;happy;1;Q1_margin_month;True;c1;True;0;0;0;0.333333;0.0267;;0;0;39
baseline_measure_overlap;happy_guided_compact;happy;2;Q2_sales_growth;True;c3;True;0;0;0;0.666667;0.0079;;0;0;39
baseline_measure_overlap;happy_guided_compact;happy;3;Q3_stockout_store;True;c2;True;0;0;0;1.0;0.0062;;0;0;39
ablation_no_sat;happy_guided_compact;happy;1;Q1_margin_month;True;c1;True;0;0;0;0.333333;0.3284;True;1;1;39
ablation_no_sat;happy_guided_compact;happy;2;Q2_sales_growth;True;c3;True;0;0;0;0.666667;0.3486;True;2;1;39
ablation_no_sat;happy_guided_compact;happy;3;Q3_stockout_store;True;c2;True;0;0;0;1.0;0.2416;True;1;1;39
ablation_no_real;happy_guided_compact;happy;1;Q1_margin_month;True;c1;True;0;0;0;0.333333;0.3238;True;1;1;39
ablation_no_real;happy_guided_compact;happy;2;Q2_sales_growth;True;c3;True;0;0;0;0.666667;0.3409;True;2;1;39
ablation_no_real;happy_guided_compact;happy;3;Q3_stockout_store;True;c2;True;0;0;0;1.0;0.246;True;1;1;39
ablation_ceval_any_intersection;happy_guided_compact;happy;1;Q1_margin_month;True;c1;True;0;0;0;0.333333;0.4967;True;1;1;39
ablation_ceval_any_intersection;happy_guided_compact;happy;2;Q2_sales_growth;True;c3;True;0;0;0;0.666667;0.5779;True;2;1;39
ablation_ceval_any_intersection;happy_guided_compact;happy;3;Q3_stockout_store;True;c2;True;0;0;0;1.0;0.3911;True;1;1;39
baseline_random_matched;happy_guided_compact;happy;1;Q1_margin_month;True;c1;True;0;0;0;0.333333;0.0038;;0;0;39
baseline_random_matched;happy_guided_compact;happy;2;Q2_sales_growth;True;c3;True;0;0;0;0.666667;0.0006;;0;0;39
baseline_random_matched;happy_guided_compact;happy;3;Q3_stockout_store;True;c2;True;0;0;0;1.0;0.0004;;0;0;39
mcad;border_growth_partial_1998_only;border;1;Q1_sales_1998_only;False;;False;0;0;0;0.0;0.3533;True;1;0;39
baseline_naive;border_growth_partial_1998_only;border;1;Q1_sales_1998_only;False;;True;1;0;1;0.0;0.0009;;0;0;39
baseline_measure_overlap;border_growth_partial_1998_only;border;1;Q1_sales_1998_only;False;;True;1;0;1;0.0;0.0154;;0;0;39
ablation_no_sat;border_growth_partial_1998_only;border;1;Q1_sales_1998_only;False;;False;0;0;0;0.0;0.363;True;1;0;39
ablation_no_real;border_growth_partial_1998_only;border;1;Q1_sales_1998_only;False;;True;1;0;1;0.0;0.3892;True;1;0;39
ablation_ceval_any_intersection;border_growth_partial_1998_only;border;1;Q1_sales_1998_only;False;;True;1;0;1;0.0;0.5154;True;1;1;39
baseline_random_matched;border_growth_partial_1998_only;border;1;Q1_sales_1998_only;False;;False;0;0;0;0.0;0.0035;;0;0;39
mcad;border_margin_wrong_grain;border;1;Q1_margin_quarter_only;False;;False;0;0;0;0.0;0.363;False;0;0;39
baseline_naive;border_margin_wrong_grain;border;1;Q1_margin_quarter_only;False;;True;1;0;1;0.0;0.0016;;0;0;39
baseline_measure_overlap;border_margin_wrong_grain;border;1;Q1_margin_quarter_only;False;;True;1;0;1;0.0;0.0302;;0;0;39
ablation_no_sat;border_margin_wrong_grain;border;1;Q1_margin_quarter_only;False;;False;0;0;0;0.0;0.5476;False;0;0;39
ablation_no_real;border_margin_wrong_grain;border;1;Q1_margin_quarter_only;False;;False;0;0;0;0.0;0.3719;False;0;0;39
ablation_ceval_any_intersection;border_margin_wrong_grain;border;1;Q1_margin_quarter_only;False;;False;0;0;0;0.0;0.3648;False;0;0;39
baseline_random_matched;border_margin_wrong_grain;border;1;Q1_margin_quarter_only;False;;False;0;0;0;0.0;0.0032;;0;0;39
mcad;border_stockout_missing_store;border;1;Q1_stockout_category_only;False;;False;0;0;0;0.0;0.2115;False;0;0;39
baseline_naive;border_stockout_missing_store;border;1;Q1_stockout_category_only;False;;True;1;0;1;0.0;0.0009;;0;0;39
baseline_measure_overlap;border_stockout_missing_store;border;1;Q1_stockout_category_only;False;;True;1;0;1;0.0;0.0194;;0;0;39
ablation_no_sat;border_stockout_missing_store;border;1;Q1_stockout_category_only;False;;False;0;0;0;0.0;0.2608;False;0;0;39
ablation_no_real;border_stockout_missing_store;border;1;Q1_stockout_category_only;False;;False;0;0;0;0.0;0.2022;False;0;0;39
ablation_ceval_any_intersection;border_stockout_missing_store;border;1;Q1_stockout_category_only;False;;False;0;0;0;0.0;0.2071;False;0;0;39
baseline_random_matched;border_stockout_missing_store;border;1;Q1_stockout_category_only;False;;True;1;0;1;0.0;0.0035;;0;0;39
mcad;adversarial_wrong_region;adversarial;1;Q1_margin_south;False;;False;0;0;0;0.0;0.1675;False;0;0;39
baseline_naive;adversarial_wrong_region;adversarial;1;Q1_margin_south;False;;True;1;0;1;0.0;0.001;;0;0;39
baseline_measure_overlap;adversarial_wrong_region;adversarial;1;Q1_margin_south;False;;True;1;0;1;0.0;0.0138;;0;0;39
ablation_no_sat;adversarial_wrong_region;adversarial;1;Q1_margin_south;False;;False;0;0;0;0.0;0.323;False;0;0;39
ablation_no_real;adversarial_wrong_region;adversarial;1;Q1_margin_south;False;;False;0;0;0;0.0;0.285;False;0;0;39
ablation_ceval_any_intersection;adversarial_wrong_region;adversarial;1;Q1_margin_south;False;;False;0;0;0;0.0;0.17;False;0;0;39
baseline_random_matched;adversarial_wrong_region;adversarial;1;Q1_margin_south;False;;True;1;0;1;0.0;0.0032;;0;0;39
mcad;adversarial_wrong_year;adversarial;1;Q1_stockout_1997;False;;False;0;0;0;0.0;0.1655;False;0;0;39
baseline_naive;adversarial_wrong_year;adversarial;1;Q1_stockout_1997;False;;True;1;0;1;0.0;0.001;;0;0;39
baseline_measure_overlap;adversarial_wrong_year;adversarial;1;Q1_stockout_1997;False;;True;1;0;1;0.0;0.0148;;0;0;39
ablation_no_sat;adversarial_wrong_year;adversarial;1;Q1_stockout_1997;False;;False;0;0;0;0.0;0.3114;False;0;0;39
ablation_no_real;adversarial_wrong_year;adversarial;1;Q1_stockout_1997;False;;False;0;0;0;0.0;0.1773;False;0;0;39
ablation_ceval_any_intersection;adversarial_wrong_year;adversarial;1;Q1_stockout_1997;False;;False;0;0;0;0.0;0.1663;False;0;0;39
baseline_random_matched;adversarial_wrong_year;adversarial;1;Q1_stockout_1997;False;;True;1;0;1;0.0;0.003;;0;0;39
mcad;adversarial_invalid_no_measures;adversarial;1;Q1_invalid_no_measure;False;;False;0;0;0;0.0;0.0733;False;0;0;39
baseline_naive;adversarial_invalid_no_measures;adversarial;1;Q1_invalid_no_measure;False;;True;1;0;1;0.0;0.001;;0;0;39
baseline_measure_overlap;adversarial_invalid_no_measures;adversarial;1;Q1_invalid_no_measure;False;;False;0;0;0;0.0;0.0144;;0;0;39
ablation_no_sat;adversarial_invalid_no_measures;adversarial;1;Q1_invalid_no_measure;False;;False;0;0;0;0.0;0.0893;False;0;0;39
ablation_no_real;adversarial_invalid_no_measures;adversarial;1;Q1_invalid_no_measure;False;;False;0;0;0;0.0;0.0809;False;0;0;39
ablation_ceval_any_intersection;adversarial_invalid_no_measures;adversarial;1;Q1_invalid_no_measure;False;;False;0;0;0;0.0;0.0846;False;0;0;39
baseline_random_matched;adversarial_invalid_no_measures;adversarial;1;Q1_invalid_no_measure;False;;False;0;0;0;0.0;0.0031;;0;0;39
mcad;stress_exploratory_then_useful;stress;1;Q1_noise_region;False;;False;0;0;0;0.0;0.2058;False;0;0;39
mcad;stress_exploratory_then_useful;stress;2;Q2_noise_margin_all;False;;False;0;0;0;0.0;0.154;False;0;0;39
mcad;stress_exploratory_then_useful;stress;3;Q3_useful_margin;True;c1;True;0;0;0;0.333333;0.2535;True;1;1;39
baseline_naive;stress_exploratory_then_useful;stress;1;Q1_noise_region;False;;True;1;0;1;0.0;0.0009;;0;0;39
baseline_naive;stress_exploratory_then_useful;stress;2;Q2_noise_margin_all;False;;True;1;0;1;0.0;0.0004;;0;0;39
baseline_naive;stress_exploratory_then_useful;stress;3;Q3_useful_margin;True;c1;True;0;0;0;0.333333;0.0003;;0;0;39
baseline_measure_overlap;stress_exploratory_then_useful;stress;1;Q1_noise_region;False;;True;1;0;1;0.0;0.0156;;0;0;39
baseline_measure_overlap;stress_exploratory_then_useful;stress;2;Q2_noise_margin_all;False;;True;1;0;1;0.0;0.0054;;0;0;39
baseline_measure_overlap;stress_exploratory_then_useful;stress;3;Q3_useful_margin;True;c1;True;0;0;0;0.333333;0.0043;;0;0;39
ablation_no_sat;stress_exploratory_then_useful;stress;1;Q1_noise_region;False;;False;0;0;0;0.0;0.2441;False;0;0;39
ablation_no_sat;stress_exploratory_then_useful;stress;2;Q2_noise_margin_all;False;;False;0;0;0;0.0;0.1685;False;0;0;39
ablation_no_sat;stress_exploratory_then_useful;stress;3;Q3_useful_margin;True;c1;True;0;0;0;0.333333;0.246;True;1;1;39
ablation_no_real;stress_exploratory_then_useful;stress;1;Q1_noise_region;False;;False;0;0;0;0.0;0.2065;False;0;0;39
ablation_no_real;stress_exploratory_then_useful;stress;2;Q2_noise_margin_all;False;;False;0;0;0;0.0;0.1524;False;0;0;39
ablation_no_real;stress_exploratory_then_useful;stress;3;Q3_useful_margin;True;c1;True;0;0;0;0.333333;0.2657;True;1;1;39
ablation_ceval_any_intersection;stress_exploratory_then_useful;stress;1;Q1_noise_region;False;;False;0;0;0;0.0;0.2032;False;0;0;39
ablation_ceval_any_intersection;stress_exploratory_then_useful;stress;2;Q2_noise_margin_all;False;;False;0;0;0;0.0;0.1426;False;0;0;39
ablation_ceval_any_intersection;stress_exploratory_then_useful;stress;3;Q3_useful_margin;True;c1;True;0;0;0;0.333333;0.2446;True;1;1;39
baseline_random_matched;stress_exploratory_then_useful;stress;1;Q1_noise_region;False;;False;0;0;0;0.0;0.0029;;0;0;39
baseline_random_matched;stress_exploratory_then_useful;stress;2;Q2_noise_margin_all;False;;True;1;0;1;0.0;0.0006;;0;0;39
baseline_random_matched;stress_exploratory_then_useful;stress;3;Q3_useful_margin;True;c1;False;0;1;0;0.0;0.0005;;0;0;39
mcad;happy_guided_article_short;happy;1;Q1_margin_month;True;c1;True;0;0;0;0.333333;0.2855;True;1;1;40
mcad;happy_guided_article_short;happy;2;Q2_stockout_store;True;c2;True;0;0;0;0.666667;0.2464;True;1;1;40
mcad;happy_guided_article_short;happy;3;Q3_sales_growth;True;c3;True;0;0;0;1.0;0.3385;True;2;1;40
baseline_naive;happy_guided_article_short;happy;1;Q1_margin_month;True;c1;True;0;0;0;0.333333;0.0019;;0;0;40
baseline_naive;happy_guided_article_short;happy;2;Q2_stockout_store;True;c2;True;0;0;0;0.666667;0.0004;;0;0;40
baseline_naive;happy_guided_article_short;happy;3;Q3_sales_growth;True;c3;True;0;0;0;1.0;0.0004;;0;0;40
baseline_measure_overlap;happy_guided_article_short;happy;1;Q1_margin_month;True;c1;True;0;0;0;0.333333;0.0183;;0;0;40
baseline_measure_overlap;happy_guided_article_short;happy;2;Q2_stockout_store;True;c2;True;0;0;0;0.666667;0.0053;;0;0;40
baseline_measure_overlap;happy_guided_article_short;happy;3;Q3_sales_growth;True;c3;True;0;0;0;1.0;0.0044;;0;0;40
ablation_no_sat;happy_guided_article_short;happy;1;Q1_margin_month;True;c1;True;0;0;0;0.333333;0.4809;True;1;1;40
ablation_no_sat;happy_guided_article_short;happy;2;Q2_stockout_store;True;c2;True;0;0;0;0.666667;0.4206;True;1;1;40
ablation_no_sat;happy_guided_article_short;happy;3;Q3_sales_growth;True;c3;True;0;0;0;1.0;0.5546;True;2;1;40
ablation_no_real;happy_guided_article_short;happy;1;Q1_margin_month;True;c1;True;0;0;0;0.333333;0.315;True;1;1;40
ablation_no_real;happy_guided_article_short;happy;2;Q2_stockout_store;True;c2;True;0;0;0;0.666667;0.2789;True;1;1;40
ablation_no_real;happy_guided_article_short;happy;3;Q3_sales_growth;True;c3;True;0;0;0;1.0;0.338;True;2;1;40
ablation_ceval_any_intersection;happy_guided_article_short;happy;1;Q1_margin_month;True;c1;True;0;0;0;0.333333;0.2867;True;1;1;40
ablation_ceval_any_intersection;happy_guided_article_short;happy;2;Q2_stockout_store;True;c2;True;0;0;0;0.666667;0.2412;True;1;1;40
ablation_ceval_any_intersection;happy_guided_article_short;happy;3;Q3_sales_growth;True;c3;True;0;0;0;1.0;0.3381;True;2;1;40
baseline_random_matched;happy_guided_article_short;happy;1;Q1_margin_month;True;c1;True;0;0;0;0.333333;0.0034;;0;0;40
baseline_random_matched;happy_guided_article_short;happy;2;Q2_stockout_store;True;c2;False;0;1;0;0.333333;0.0007;;0;0;40
baseline_random_matched;happy_guided_article_short;happy;3;Q3_sales_growth;True;c3;True;0;0;0;0.666667;0.0004;;0;0;40
mcad;happy_guided_reordered;happy;1;Q1_sales_growth;True;c3;True;0;0;0;0.333333;0.3823;True;2;1;40
mcad;happy_guided_reordered;happy;2;Q2_margin_month;True;c1;True;0;0;0;0.666667;0.2492;True;1;1;40
mcad;happy_guided_reordered;happy;3;Q3_stockout_store;True;c2;True;0;0;0;1.0;0.2417;True;1;1;40
baseline_naive;happy_guided_reordered;happy;1;Q1_sales_growth;True;c3;True;0;0;0;0.333333;0.0011;;0;0;40
baseline_naive;happy_guided_reordered;happy;2;Q2_margin_month;True;c1;True;0;0;0;0.666667;0.0005;;0;0;40
baseline_naive;happy_guided_reordered;happy;3;Q3_stockout_store;True;c2;True;0;0;0;1.0;0.0003;;0;0;40
baseline_measure_overlap;happy_guided_reordered;happy;1;Q1_sales_growth;True;c3;True;0;0;0;0.333333;0.0161;;0;0;40
baseline_measure_overlap;happy_guided_reordered;happy;2;Q2_margin_month;True;c1;True;0;0;0;0.666667;0.0055;;0;0;40
baseline_measure_overlap;happy_guided_reordered;happy;3;Q3_stockout_store;True;c2;True;0;0;0;1.0;0.0044;;0;0;40
ablation_no_sat;happy_guided_reordered;happy;1;Q1_sales_growth;True;c3;True;0;0;0;0.333333;0.6676;True;2;1;40
ablation_no_sat;happy_guided_reordered;happy;2;Q2_margin_month;True;c1;True;0;0;0;0.666667;0.4414;True;1;1;40
ablation_no_sat;happy_guided_reordered;happy;3;Q3_stockout_store;True;c2;True;0;0;0;1.0;0.428;True;1;1;40
ablation_no_real;happy_guided_reordered;happy;1;Q1_sales_growth;True;c3;True;0;0;0;0.333333;0.3972;True;2;1;40
ablation_no_real;happy_guided_reordered;happy;2;Q2_margin_month;True;c1;True;0;0;0;0.666667;0.2521;True;1;1;40
ablation_no_real;happy_guided_reordered;happy;3;Q3_stockout_store;True;c2;True;0;0;0;1.0;0.2418;True;1;1;40
ablation_ceval_any_intersection;happy_guided_reordered;happy;1;Q1_sales_growth;True;c3;True;0;0;0;0.333333;0.3654;True;2;1;40
ablation_ceval_any_intersection;happy_guided_reordered;happy;2;Q2_margin_month;True;c1;True;0;0;0;0.666667;0.2541;True;1;1;40
ablation_ceval_any_intersection;happy_guided_reordered;happy;3;Q3_stockout_store;True;c2;True;0;0;0;1.0;0.2348;True;1;1;40
baseline_random_matched;happy_guided_reordered;happy;1;Q1_sales_growth;True;c3;True;0;0;0;0.333333;0.003;;0;0;40
baseline_random_matched;happy_guided_reordered;happy;2;Q2_margin_month;True;c1;False;0;1;0;0.333333;0.0007;;0;0;40
baseline_random_matched;happy_guided_reordered;happy;3;Q3_stockout_store;True;c2;False;0;1;0;0.333333;0.0004;;0;0;40
mcad;happy_guided_compact;happy;1;Q1_margin_month;True;c1;True;0;0;0;0.333333;0.2812;True;1;1;40
mcad;happy_guided_compact;happy;2;Q2_sales_growth;True;c3;True;0;0;0;0.666667;0.3349;True;2;1;40
mcad;happy_guided_compact;happy;3;Q3_stockout_store;True;c2;True;0;0;0;1.0;0.2511;True;1;1;40
baseline_naive;happy_guided_compact;happy;1;Q1_margin_month;True;c1;True;0;0;0;0.333333;0.0011;;0;0;40
baseline_naive;happy_guided_compact;happy;2;Q2_sales_growth;True;c3;True;0;0;0;0.666667;0.0004;;0;0;40
baseline_naive;happy_guided_compact;happy;3;Q3_stockout_store;True;c2;True;0;0;0;1.0;0.0003;;0;0;40
baseline_measure_overlap;happy_guided_compact;happy;1;Q1_margin_month;True;c1;True;0;0;0;0.333333;0.0146;;0;0;40
baseline_measure_overlap;happy_guided_compact;happy;2;Q2_sales_growth;True;c3;True;0;0;0;0.666667;0.0053;;0;0;40
baseline_measure_overlap;happy_guided_compact;happy;3;Q3_stockout_store;True;c2;True;0;0;0;1.0;0.0041;;0;0;40
ablation_no_sat;happy_guided_compact;happy;1;Q1_margin_month;True;c1;True;0;0;0;0.333333;0.2883;True;1;1;40
ablation_no_sat;happy_guided_compact;happy;2;Q2_sales_growth;True;c3;True;0;0;0;0.666667;0.3357;True;2;1;40
ablation_no_sat;happy_guided_compact;happy;3;Q3_stockout_store;True;c2;True;0;0;0;1.0;0.2555;True;1;1;40
ablation_no_real;happy_guided_compact;happy;1;Q1_margin_month;True;c1;True;0;0;0;0.333333;0.2908;True;1;1;40
ablation_no_real;happy_guided_compact;happy;2;Q2_sales_growth;True;c3;True;0;0;0;0.666667;0.3371;True;2;1;40
ablation_no_real;happy_guided_compact;happy;3;Q3_stockout_store;True;c2;True;0;0;0;1.0;0.2475;True;1;1;40
ablation_ceval_any_intersection;happy_guided_compact;happy;1;Q1_margin_month;True;c1;True;0;0;0;0.333333;0.2971;True;1;1;40
ablation_ceval_any_intersection;happy_guided_compact;happy;2;Q2_sales_growth;True;c3;True;0;0;0;0.666667;0.3321;True;2;1;40
ablation_ceval_any_intersection;happy_guided_compact;happy;3;Q3_stockout_store;True;c2;True;0;0;0;1.0;0.2374;True;1;1;40
baseline_random_matched;happy_guided_compact;happy;1;Q1_margin_month;True;c1;True;0;0;0;0.333333;0.0029;;0;0;40
baseline_random_matched;happy_guided_compact;happy;2;Q2_sales_growth;True;c3;True;0;0;0;0.666667;0.0007;;0;0;40
baseline_random_matched;happy_guided_compact;happy;3;Q3_stockout_store;True;c2;False;0;1;0;0.666667;0.0004;;0;0;40
mcad;border_growth_partial_1998_only;border;1;Q1_sales_1998_only;False;;False;0;0;0;0.0;0.5549;True;1;0;40
baseline_naive;border_growth_partial_1998_only;border;1;Q1_sales_1998_only;False;;True;1;0;1;0.0;0.001;;0;0;40
baseline_measure_overlap;border_growth_partial_1998_only;border;1;Q1_sales_1998_only;False;;True;1;0;1;0.0;0.0161;;0;0;40
ablation_no_sat;border_growth_partial_1998_only;border;1;Q1_sales_1998_only;False;;False;0;0;0;0.0;0.3796;True;1;0;40
ablation_no_real;border_growth_partial_1998_only;border;1;Q1_sales_1998_only;False;;True;1;0;1;0.0;0.5949;True;1;0;40
ablation_ceval_any_intersection;border_growth_partial_1998_only;border;1;Q1_sales_1998_only;False;;True;1;0;1;0.0;0.3533;True;1;1;40
baseline_random_matched;border_growth_partial_1998_only;border;1;Q1_sales_1998_only;False;;False;0;0;0;0.0;0.0033;;0;0;40
mcad;border_margin_wrong_grain;border;1;Q1_margin_quarter_only;False;;False;0;0;0;0.0;0.2092;False;0;0;40
baseline_naive;border_margin_wrong_grain;border;1;Q1_margin_quarter_only;False;;True;1;0;1;0.0;0.001;;0;0;40
baseline_measure_overlap;border_margin_wrong_grain;border;1;Q1_margin_quarter_only;False;;True;1;0;1;0.0;0.0158;;0;0;40
ablation_no_sat;border_margin_wrong_grain;border;1;Q1_margin_quarter_only;False;;False;0;0;0;0.0;0.2732;False;0;0;40
ablation_no_real;border_margin_wrong_grain;border;1;Q1_margin_quarter_only;False;;False;0;0;0;0.0;0.3198;False;0;0;40
ablation_ceval_any_intersection;border_margin_wrong_grain;border;1;Q1_margin_quarter_only;False;;False;0;0;0;0.0;0.2048;False;0;0;40
baseline_random_matched;border_margin_wrong_grain;border;1;Q1_margin_quarter_only;False;;True;1;0;1;0.0;0.0035;;0;0;40
mcad;border_stockout_missing_store;border;1;Q1_stockout_category_only;False;;False;0;0;0;0.0;0.1999;False;0;0;40
baseline_naive;border_stockout_missing_store;border;1;Q1_stockout_category_only;False;;True;1;0;1;0.0;0.0012;;0;0;40
baseline_measure_overlap;border_stockout_missing_store;border;1;Q1_stockout_category_only;False;;True;1;0;1;0.0;0.0158;;0;0;40
ablation_no_sat;border_stockout_missing_store;border;1;Q1_stockout_category_only;False;;False;0;0;0;0.0;0.2725;False;0;0;40
ablation_no_real;border_stockout_missing_store;border;1;Q1_stockout_category_only;False;;False;0;0;0;0.0;0.2173;False;0;0;40
ablation_ceval_any_intersection;border_stockout_missing_store;border;1;Q1_stockout_category_only;False;;False;0;0;0;0.0;0.206;False;0;0;40
baseline_random_matched;border_stockout_missing_store;border;1;Q1_stockout_category_only;False;;True;1;0;1;0.0;0.0039;;0;0;40
mcad;adversarial_wrong_region;adversarial;1;Q1_margin_south;False;;False;0;0;0;0.0;0.1786;False;0;0;40
baseline_naive;adversarial_wrong_region;adversarial;1;Q1_margin_south;False;;True;1;0;1;0.0;0.0012;;0;0;40
baseline_measure_overlap;adversarial_wrong_region;adversarial;1;Q1_margin_south;False;;True;1;0;1;0.0;0.0162;;0;0;40
ablation_no_sat;adversarial_wrong_region;adversarial;1;Q1_margin_south;False;;False;0;0;0;0.0;0.2275;False;0;0;40
ablation_no_real;adversarial_wrong_region;adversarial;1;Q1_margin_south;False;;False;0;0;0;0.0;0.1774;False;0;0;40
ablation_ceval_any_intersection;adversarial_wrong_region;adversarial;1;Q1_margin_south;False;;False;0;0;0;0.0;0.2835;False;0;0;40
baseline_random_matched;adversarial_wrong_region;adversarial;1;Q1_margin_south;False;;False;0;0;0;0.0;0.0031;;0;0;40
mcad;adversarial_wrong_year;adversarial;1;Q1_stockout_1997;False;;False;0;0;0;0.0;0.1735;False;0;0;40
baseline_naive;adversarial_wrong_year;adversarial;1;Q1_stockout_1997;False;;True;1;0;1;0.0;0.0014;;0;0;40
baseline_measure_overlap;adversarial_wrong_year;adversarial;1;Q1_stockout_1997;False;;True;1;0;1;0.0;0.0161;;0;0;40
ablation_no_sat;adversarial_wrong_year;adversarial;1;Q1_stockout_1997;False;;False;0;0;0;0.0;0.2065;False;0;0;40
ablation_no_real;adversarial_wrong_year;adversarial;1;Q1_stockout_1997;False;;False;0;0;0;0.0;0.1856;False;0;0;40
ablation_ceval_any_intersection;adversarial_wrong_year;adversarial;1;Q1_stockout_1997;False;;False;0;0;0;0.0;0.2582;False;0;0;40
baseline_random_matched;adversarial_wrong_year;adversarial;1;Q1_stockout_1997;False;;False;0;0;0;0.0;0.0031;;0;0;40
mcad;adversarial_invalid_no_measures;adversarial;1;Q1_invalid_no_measure;False;;False;0;0;0;0.0;0.0779;False;0;0;40
baseline_naive;adversarial_invalid_no_measures;adversarial;1;Q1_invalid_no_measure;False;;True;1;0;1;0.0;0.0011;;0;0;40
baseline_measure_overlap;adversarial_invalid_no_measures;adversarial;1;Q1_invalid_no_measure;False;;False;0;0;0;0.0;0.0147;;0;0;40
ablation_no_sat;adversarial_invalid_no_measures;adversarial;1;Q1_invalid_no_measure;False;;False;0;0;0;0.0;0.0916;False;0;0;40
ablation_no_real;adversarial_invalid_no_measures;adversarial;1;Q1_invalid_no_measure;False;;False;0;0;0;0.0;0.0829;False;0;0;40
ablation_ceval_any_intersection;adversarial_invalid_no_measures;adversarial;1;Q1_invalid_no_measure;False;;False;0;0;0;0.0;0.0715;False;0;0;40
baseline_random_matched;adversarial_invalid_no_measures;adversarial;1;Q1_invalid_no_measure;False;;False;0;0;0;0.0;0.0036;;0;0;40
mcad;stress_exploratory_then_useful;stress;1;Q1_noise_region;False;;False;0;0;0;0.0;0.3056;False;0;0;40
mcad;stress_exploratory_then_useful;stress;2;Q2_noise_margin_all;False;;False;0;0;0;0.0;0.2175;False;0;0;40
mcad;stress_exploratory_then_useful;stress;3;Q3_useful_margin;True;c1;True;0;0;0;0.333333;0.3999;True;1;1;40
baseline_naive;stress_exploratory_then_useful;stress;1;Q1_noise_region;False;;True;1;0;1;0.0;0.0009;;0;0;40
baseline_naive;stress_exploratory_then_useful;stress;2;Q2_noise_margin_all;False;;True;1;0;1;0.0;0.0005;;0;0;40
baseline_naive;stress_exploratory_then_useful;stress;3;Q3_useful_margin;True;c1;True;0;0;0;0.333333;0.0003;;0;0;40
baseline_measure_overlap;stress_exploratory_then_useful;stress;1;Q1_noise_region;False;;True;1;0;1;0.0;0.0145;;0;0;40
baseline_measure_overlap;stress_exploratory_then_useful;stress;2;Q2_noise_margin_all;False;;True;1;0;1;0.0;0.0053;;0;0;40
baseline_measure_overlap;stress_exploratory_then_useful;stress;3;Q3_useful_margin;True;c1;True;0;0;0;0.333333;0.0043;;0;0;40
ablation_no_sat;stress_exploratory_then_useful;stress;1;Q1_noise_region;False;;False;0;0;0;0.0;0.2417;False;0;0;40
ablation_no_sat;stress_exploratory_then_useful;stress;2;Q2_noise_margin_all;False;;False;0;0;0;0.0;0.1717;False;0;0;40
ablation_no_sat;stress_exploratory_then_useful;stress;3;Q3_useful_margin;True;c1;True;0;0;0;0.333333;0.2496;True;1;1;40
ablation_no_real;stress_exploratory_then_useful;stress;1;Q1_noise_region;False;;False;0;0;0;0.0;0.2191;False;0;0;40
ablation_no_real;stress_exploratory_then_useful;stress;2;Q2_noise_margin_all;False;;False;0;0;0;0.0;0.1462;False;0;0;40
ablation_no_real;stress_exploratory_then_useful;stress;3;Q3_useful_margin;True;c1;True;0;0;0;0.333333;0.2529;True;1;1;40
ablation_ceval_any_intersection;stress_exploratory_then_useful;stress;1;Q1_noise_region;False;;False;0;0;0;0.0;0.195;False;0;0;40
ablation_ceval_any_intersection;stress_exploratory_then_useful;stress;2;Q2_noise_margin_all;False;;False;0;0;0;0.0;0.1407;False;0;0;40
ablation_ceval_any_intersection;stress_exploratory_then_useful;stress;3;Q3_useful_margin;True;c1;True;0;0;0;0.333333;0.2525;True;1;1;40
baseline_random_matched;stress_exploratory_then_useful;stress;1;Q1_noise_region;False;;False;0;0;0;0.0;0.0046;;0;0;40
baseline_random_matched;stress_exploratory_then_useful;stress;2;Q2_noise_margin_all;False;;True;1;0;1;0.0;0.001;;0;0;40
baseline_random_matched;stress_exploratory_then_useful;stress;3;Q3_useful_margin;True;c1;True;0;0;0;0.333333;0.0007;;0;0;40
mcad;happy_guided_article_short;happy;1;Q1_margin_month;True;c1;True;0;0;0;0.333333;0.5078;True;1;1;41
mcad;happy_guided_article_short;happy;2;Q2_stockout_store;True;c2;True;0;0;0;0.666667;0.4244;True;1;1;41
mcad;happy_guided_article_short;happy;3;Q3_sales_growth;True;c3;True;0;0;0;1.0;0.5927;True;2;1;41
baseline_naive;happy_guided_article_short;happy;1;Q1_margin_month;True;c1;True;0;0;0;0.333333;0.0012;;0;0;41
baseline_naive;happy_guided_article_short;happy;2;Q2_stockout_store;True;c2;True;0;0;0;0.666667;0.0004;;0;0;41
baseline_naive;happy_guided_article_short;happy;3;Q3_sales_growth;True;c3;True;0;0;0;1.0;0.0003;;0;0;41
baseline_measure_overlap;happy_guided_article_short;happy;1;Q1_margin_month;True;c1;True;0;0;0;0.333333;0.022;;0;0;41
baseline_measure_overlap;happy_guided_article_short;happy;2;Q2_stockout_store;True;c2;True;0;0;0;0.666667;0.0069;;0;0;41
baseline_measure_overlap;happy_guided_article_short;happy;3;Q3_sales_growth;True;c3;True;0;0;0;1.0;0.0066;;0;0;41
ablation_no_sat;happy_guided_article_short;happy;1;Q1_margin_month;True;c1;True;0;0;0;0.333333;0.3034;True;1;1;41
ablation_no_sat;happy_guided_article_short;happy;2;Q2_stockout_store;True;c2;True;0;0;0;0.666667;0.2465;True;1;1;41
ablation_no_sat;happy_guided_article_short;happy;3;Q3_sales_growth;True;c3;True;0;0;0;1.0;0.4004;True;2;1;41
ablation_no_real;happy_guided_article_short;happy;1;Q1_margin_month;True;c1;True;0;0;0;0.333333;0.3007;True;1;1;41
ablation_no_real;happy_guided_article_short;happy;2;Q2_stockout_store;True;c2;True;0;0;0;0.666667;0.2473;True;1;1;41
ablation_no_real;happy_guided_article_short;happy;3;Q3_sales_growth;True;c3;True;0;0;0;1.0;0.3618;True;2;1;41
ablation_ceval_any_intersection;happy_guided_article_short;happy;1;Q1_margin_month;True;c1;True;0;0;0;0.333333;0.2888;True;1;1;41
ablation_ceval_any_intersection;happy_guided_article_short;happy;2;Q2_stockout_store;True;c2;True;0;0;0;0.666667;0.2436;True;1;1;41
ablation_ceval_any_intersection;happy_guided_article_short;happy;3;Q3_sales_growth;True;c3;True;0;0;0;1.0;0.3262;True;2;1;41
baseline_random_matched;happy_guided_article_short;happy;1;Q1_margin_month;True;c1;True;0;0;0;0.333333;0.0028;;0;0;41
baseline_random_matched;happy_guided_article_short;happy;2;Q2_stockout_store;True;c2;False;0;1;0;0.333333;0.0007;;0;0;41
baseline_random_matched;happy_guided_article_short;happy;3;Q3_sales_growth;True;c3;False;0;1;0;0.333333;0.0005;;0;0;41
mcad;happy_guided_reordered;happy;1;Q1_sales_growth;True;c3;True;0;0;0;0.333333;0.6014;True;2;1;41
mcad;happy_guided_reordered;happy;2;Q2_margin_month;True;c1;True;0;0;0;0.666667;0.4454;True;1;1;41
mcad;happy_guided_reordered;happy;3;Q3_stockout_store;True;c2;True;0;0;0;1.0;0.421;True;1;1;41
baseline_naive;happy_guided_reordered;happy;1;Q1_sales_growth;True;c3;True;0;0;0;0.333333;0.0009;;0;0;41
baseline_naive;happy_guided_reordered;happy;2;Q2_margin_month;True;c1;True;0;0;0;0.666667;0.0005;;0;0;41
baseline_naive;happy_guided_reordered;happy;3;Q3_stockout_store;True;c2;True;0;0;0;1.0;0.0003;;0;0;41
baseline_measure_overlap;happy_guided_reordered;happy;1;Q1_sales_growth;True;c3;True;0;0;0;0.333333;0.0149;;0;0;41
baseline_measure_overlap;happy_guided_reordered;happy;2;Q2_margin_month;True;c1;True;0;0;0;0.666667;0.005;;0;0;41
baseline_measure_overlap;happy_guided_reordered;happy;3;Q3_stockout_store;True;c2;True;0;0;0;1.0;0.0045;;0;0;41
ablation_no_sat;happy_guided_reordered;happy;1;Q1_sales_growth;True;c3;True;0;0;0;0.333333;0.365;True;2;1;41
ablation_no_sat;happy_guided_reordered;happy;2;Q2_margin_month;True;c1;True;0;0;0;0.666667;0.2486;True;1;1;41
ablation_no_sat;happy_guided_reordered;happy;3;Q3_stockout_store;True;c2;True;0;0;0;1.0;0.2666;True;1;1;41
ablation_no_real;happy_guided_reordered;happy;1;Q1_sales_growth;True;c3;True;0;0;0;0.333333;0.3892;True;2;1;41
ablation_no_real;happy_guided_reordered;happy;2;Q2_margin_month;True;c1;True;0;0;0;0.666667;0.2555;True;1;1;41
ablation_no_real;happy_guided_reordered;happy;3;Q3_stockout_store;True;c2;True;0;0;0;1.0;0.2444;True;1;1;41
ablation_ceval_any_intersection;happy_guided_reordered;happy;1;Q1_sales_growth;True;c3;True;0;0;0;0.333333;0.3623;True;2;1;41
ablation_ceval_any_intersection;happy_guided_reordered;happy;2;Q2_margin_month;True;c1;True;0;0;0;0.666667;0.2584;True;1;1;41
ablation_ceval_any_intersection;happy_guided_reordered;happy;3;Q3_stockout_store;True;c2;True;0;0;0;1.0;0.24;True;1;1;41
baseline_random_matched;happy_guided_reordered;happy;1;Q1_sales_growth;True;c3;False;0;1;0;0.0;0.0031;;0;0;41
baseline_random_matched;happy_guided_reordered;happy;2;Q2_margin_month;True;c1;True;0;0;0;0.333333;0.0006;;0;0;41
baseline_random_matched;happy_guided_reordered;happy;3;Q3_stockout_store;True;c2;True;0;0;0;0.666667;0.0005;;0;0;41
mcad;happy_guided_compact;happy;1;Q1_margin_month;True;c1;True;0;0;0;0.333333;0.2813;True;1;1;41
mcad;happy_guided_compact;happy;2;Q2_sales_growth;True;c3;True;0;0;0;0.666667;0.3297;True;2;1;41
mcad;happy_guided_compact;happy;3;Q3_stockout_store;True;c2;True;0;0;0;1.0;0.2626;True;1;1;41
baseline_naive;happy_guided_compact;happy;1;Q1_margin_month;True;c1;True;0;0;0;0.333333;0.0011;;0;0;41
baseline_naive;happy_guided_compact;happy;2;Q2_sales_growth;True;c3;True;0;0;0;0.666667;0.0004;;0;0;41
baseline_naive;happy_guided_compact;happy;3;Q3_stockout_store;True;c2;True;0;0;0;1.0;0.0004;;0;0;41
baseline_measure_overlap;happy_guided_compact;happy;1;Q1_margin_month;True;c1;True;0;0;0;0.333333;0.0191;;0;0;41
baseline_measure_overlap;happy_guided_compact;happy;2;Q2_sales_growth;True;c3;True;0;0;0;0.666667;0.0061;;0;0;41
baseline_measure_overlap;happy_guided_compact;happy;3;Q3_stockout_store;True;c2;True;0;0;0;1.0;0.0044;;0;0;41
ablation_no_sat;happy_guided_compact;happy;1;Q1_margin_month;True;c1;True;0;0;0;0.333333;0.3003;True;1;1;41
ablation_no_sat;happy_guided_compact;happy;2;Q2_sales_growth;True;c3;True;0;0;0;0.666667;0.3714;True;2;1;41
ablation_no_sat;happy_guided_compact;happy;3;Q3_stockout_store;True;c2;True;0;0;0;1.0;0.2569;True;1;1;41
ablation_no_real;happy_guided_compact;happy;1;Q1_margin_month;True;c1;True;0;0;0;0.333333;0.5087;True;1;1;41
ablation_no_real;happy_guided_compact;happy;2;Q2_sales_growth;True;c3;True;0;0;0;0.666667;0.6294;True;2;1;41
ablation_no_real;happy_guided_compact;happy;3;Q3_stockout_store;True;c2;True;0;0;0;1.0;0.4521;True;1;1;41
ablation_ceval_any_intersection;happy_guided_compact;happy;1;Q1_margin_month;True;c1;True;0;0;0;0.333333;0.4696;True;1;1;41
ablation_ceval_any_intersection;happy_guided_compact;happy;2;Q2_sales_growth;True;c3;True;0;0;0;0.666667;0.5496;True;2;1;41
ablation_ceval_any_intersection;happy_guided_compact;happy;3;Q3_stockout_store;True;c2;True;0;0;0;1.0;0.4606;True;1;1;41
baseline_random_matched;happy_guided_compact;happy;1;Q1_margin_month;True;c1;True;0;0;0;0.333333;0.0042;;0;0;41
baseline_random_matched;happy_guided_compact;happy;2;Q2_sales_growth;True;c3;False;0;1;0;0.333333;0.0007;;0;0;41
baseline_random_matched;happy_guided_compact;happy;3;Q3_stockout_store;True;c2;True;0;0;0;0.666667;0.0005;;0;0;41
mcad;border_growth_partial_1998_only;border;1;Q1_sales_1998_only;False;;False;0;0;0;0.0;0.3628;True;1;0;41
baseline_naive;border_growth_partial_1998_only;border;1;Q1_sales_1998_only;False;;True;1;0;1;0.0;0.0015;;0;0;41
baseline_measure_overlap;border_growth_partial_1998_only;border;1;Q1_sales_1998_only;False;;True;1;0;1;0.0;0.0182;;0;0;41
ablation_no_sat;border_growth_partial_1998_only;border;1;Q1_sales_1998_only;False;;False;0;0;0;0.0;0.3965;True;1;0;41
ablation_no_real;border_growth_partial_1998_only;border;1;Q1_sales_1998_only;False;;True;1;0;1;0.0;0.4089;True;1;0;41
ablation_ceval_any_intersection;border_growth_partial_1998_only;border;1;Q1_sales_1998_only;False;;True;1;0;1;0.0;0.3728;True;1;1;41
baseline_random_matched;border_growth_partial_1998_only;border;1;Q1_sales_1998_only;False;;True;1;0;1;0.0;0.0033;;0;0;41
mcad;border_margin_wrong_grain;border;1;Q1_margin_quarter_only;False;;False;0;0;0;0.0;0.2063;False;0;0;41
baseline_naive;border_margin_wrong_grain;border;1;Q1_margin_quarter_only;False;;True;1;0;1;0.0;0.001;;0;0;41
baseline_measure_overlap;border_margin_wrong_grain;border;1;Q1_margin_quarter_only;False;;True;1;0;1;0.0;0.0149;;0;0;41
ablation_no_sat;border_margin_wrong_grain;border;1;Q1_margin_quarter_only;False;;False;0;0;0;0.0;0.4545;False;0;0;41
ablation_no_real;border_margin_wrong_grain;border;1;Q1_margin_quarter_only;False;;False;0;0;0;0.0;0.214;False;0;0;41
ablation_ceval_any_intersection;border_margin_wrong_grain;border;1;Q1_margin_quarter_only;False;;False;0;0;0;0.0;0.2031;False;0;0;41
baseline_random_matched;border_margin_wrong_grain;border;1;Q1_margin_quarter_only;False;;True;1;0;1;0.0;0.003;;0;0;41
mcad;border_stockout_missing_store;border;1;Q1_stockout_category_only;False;;False;0;0;0;0.0;0.1998;False;0;0;41
baseline_naive;border_stockout_missing_store;border;1;Q1_stockout_category_only;False;;True;1;0;1;0.0;0.0009;;0;0;41
baseline_measure_overlap;border_stockout_missing_store;border;1;Q1_stockout_category_only;False;;True;1;0;1;0.0;0.0146;;0;0;41
ablation_no_sat;border_stockout_missing_store;border;1;Q1_stockout_category_only;False;;False;0;0;0;0.0;0.284;False;0;0;41
ablation_no_real;border_stockout_missing_store;border;1;Q1_stockout_category_only;False;;False;0;0;0;0.0;0.3567;False;0;0;41
ablation_ceval_any_intersection;border_stockout_missing_store;border;1;Q1_stockout_category_only;False;;False;0;0;0;0.0;0.2016;False;0;0;41
baseline_random_matched;border_stockout_missing_store;border;1;Q1_stockout_category_only;False;;False;0;0;0;0.0;0.0034;;0;0;41
mcad;adversarial_wrong_region;adversarial;1;Q1_margin_south;False;;False;0;0;0;0.0;0.1751;False;0;0;41
baseline_naive;adversarial_wrong_region;adversarial;1;Q1_margin_south;False;;True;1;0;1;0.0;0.0013;;0;0;41
baseline_measure_overlap;adversarial_wrong_region;adversarial;1;Q1_margin_south;False;;True;1;0;1;0.0;0.0144;;0;0;41
ablation_no_sat;adversarial_wrong_region;adversarial;1;Q1_margin_south;False;;False;0;0;0;0.0;0.2274;False;0;0;41
ablation_no_real;adversarial_wrong_region;adversarial;1;Q1_margin_south;False;;False;0;0;0;0.0;0.2835;False;0;0;41
ablation_ceval_any_intersection;adversarial_wrong_region;adversarial;1;Q1_margin_south;False;;False;0;0;0;0.0;0.1882;False;0;0;41
baseline_random_matched;adversarial_wrong_region;adversarial;1;Q1_margin_south;False;;True;1;0;1;0.0;0.003;;0;0;41
mcad;adversarial_wrong_year;adversarial;1;Q1_stockout_1997;False;;False;0;0;0;0.0;0.173;False;0;0;41
baseline_naive;adversarial_wrong_year;adversarial;1;Q1_stockout_1997;False;;True;1;0;1;0.0;0.001;;0;0;41
baseline_measure_overlap;adversarial_wrong_year;adversarial;1;Q1_stockout_1997;False;;True;1;0;1;0.0;0.015;;0;0;41
ablation_no_sat;adversarial_wrong_year;adversarial;1;Q1_stockout_1997;False;;False;0;0;0;0.0;0.198;False;0;0;41
ablation_no_real;adversarial_wrong_year;adversarial;1;Q1_stockout_1997;False;;False;0;0;0;0.0;0.1772;False;0;0;41
ablation_ceval_any_intersection;adversarial_wrong_year;adversarial;1;Q1_stockout_1997;False;;False;0;0;0;0.0;0.2453;False;0;0;41
baseline_random_matched;adversarial_wrong_year;adversarial;1;Q1_stockout_1997;False;;False;0;0;0;0.0;0.0033;;0;0;41
mcad;adversarial_invalid_no_measures;adversarial;1;Q1_invalid_no_measure;False;;False;0;0;0;0.0;0.0782;False;0;0;41
baseline_naive;adversarial_invalid_no_measures;adversarial;1;Q1_invalid_no_measure;False;;True;1;0;1;0.0;0.0011;;0;0;41
baseline_measure_overlap;adversarial_invalid_no_measures;adversarial;1;Q1_invalid_no_measure;False;;False;0;0;0;0.0;0.0156;;0;0;41
ablation_no_sat;adversarial_invalid_no_measures;adversarial;1;Q1_invalid_no_measure;False;;False;0;0;0;0.0;0.0912;False;0;0;41
ablation_no_real;adversarial_invalid_no_measures;adversarial;1;Q1_invalid_no_measure;False;;False;0;0;0;0.0;0.0805;False;0;0;41
ablation_ceval_any_intersection;adversarial_invalid_no_measures;adversarial;1;Q1_invalid_no_measure;False;;False;0;0;0;0.0;0.1059;False;0;0;41
baseline_random_matched;adversarial_invalid_no_measures;adversarial;1;Q1_invalid_no_measure;False;;True;1;0;1;0.0;0.0052;;0;0;41
mcad;stress_exploratory_then_useful;stress;1;Q1_noise_region;False;;False;0;0;0;0.0;0.3884;False;0;0;41
mcad;stress_exploratory_then_useful;stress;2;Q2_noise_margin_all;False;;False;0;0;0;0.0;0.267;False;0;0;41
mcad;stress_exploratory_then_useful;stress;3;Q3_useful_margin;True;c1;True;0;0;0;0.333333;0.4972;True;1;1;41
baseline_naive;stress_exploratory_then_useful;stress;1;Q1_noise_region;False;;True;1;0;1;0.0;0.0014;;0;0;41
baseline_naive;stress_exploratory_then_useful;stress;2;Q2_noise_margin_all;False;;True;1;0;1;0.0;0.0005;;0;0;41
baseline_naive;stress_exploratory_then_useful;stress;3;Q3_useful_margin;True;c1;True;0;0;0;0.333333;0.0005;;0;0;41
baseline_measure_overlap;stress_exploratory_then_useful;stress;1;Q1_noise_region;False;;True;1;0;1;0.0;0.0216;;0;0;41
baseline_measure_overlap;stress_exploratory_then_useful;stress;2;Q2_noise_margin_all;False;;True;1;0;1;0.0;0.0057;;0;0;41
baseline_measure_overlap;stress_exploratory_then_useful;stress;3;Q3_useful_margin;True;c1;True;0;0;0;0.333333;0.0043;;0;0;41
ablation_no_sat;stress_exploratory_then_useful;stress;1;Q1_noise_region;False;;False;0;0;0;0.0;0.267;False;0;0;41
ablation_no_sat;stress_exploratory_then_useful;stress;2;Q2_noise_margin_all;False;;False;0;0;0;0.0;0.1712;False;0;0;41
ablation_no_sat;stress_exploratory_then_useful;stress;3;Q3_useful_margin;True;c1;True;0;0;0;0.333333;0.2767;True;1;1;41
ablation_no_real;stress_exploratory_then_useful;stress;1;Q1_noise_region;False;;False;0;0;0;0.0;0.3722;False;0;0;41
ablation_no_real;stress_exploratory_then_useful;stress;2;Q2_noise_margin_all;False;;False;0;0;0;0.0;2.3387;False;0;0;41
ablation_no_real;stress_exploratory_then_useful;stress;3;Q3_useful_margin;True;c1;True;0;0;0;0.333333;0.4613;True;1;1;41
ablation_ceval_any_intersection;stress_exploratory_then_useful;stress;1;Q1_noise_region;False;;False;0;0;0;0.0;0.2248;False;0;0;41
ablation_ceval_any_intersection;stress_exploratory_then_useful;stress;2;Q2_noise_margin_all;False;;False;0;0;0;0.0;0.1489;False;0;0;41
ablation_ceval_any_intersection;stress_exploratory_then_useful;stress;3;Q3_useful_margin;True;c1;True;0;0;0;0.333333;0.3071;True;1;1;41
baseline_random_matched;stress_exploratory_then_useful;stress;1;Q1_noise_region;False;;False;0;0;0;0.0;0.0038;;0;0;41
baseline_random_matched;stress_exploratory_then_useful;stress;2;Q2_noise_margin_all;False;;False;0;0;0;0.0;0.0006;;0;0;41
baseline_random_matched;stress_exploratory_then_useful;stress;3;Q3_useful_margin;True;c1;False;0;1;0;0.0;0.0005;;0;0;41
mcad;happy_guided_article_short;happy;1;Q1_margin_month;True;c1;True;0;0;0;0.333333;0.3009;True;1;1;42
mcad;happy_guided_article_short;happy;2;Q2_stockout_store;True;c2;True;0;0;0;0.666667;0.2476;True;1;1;42
mcad;happy_guided_article_short;happy;3;Q3_sales_growth;True;c3;True;0;0;0;1.0;0.5588;True;2;1;42
baseline_naive;happy_guided_article_short;happy;1;Q1_margin_month;True;c1;True;0;0;0;0.333333;0.0013;;0;0;42
baseline_naive;happy_guided_article_short;happy;2;Q2_stockout_store;True;c2;True;0;0;0;0.666667;0.0005;;0;0;42
baseline_naive;happy_guided_article_short;happy;3;Q3_sales_growth;True;c3;True;0;0;0;1.0;0.0003;;0;0;42
baseline_measure_overlap;happy_guided_article_short;happy;1;Q1_margin_month;True;c1;True;0;0;0;0.333333;0.0164;;0;0;42
baseline_measure_overlap;happy_guided_article_short;happy;2;Q2_stockout_store;True;c2;True;0;0;0;0.666667;0.0054;;0;0;42
baseline_measure_overlap;happy_guided_article_short;happy;3;Q3_sales_growth;True;c3;True;0;0;0;1.0;0.0045;;0;0;42
ablation_no_sat;happy_guided_article_short;happy;1;Q1_margin_month;True;c1;True;0;0;0;0.333333;0.5004;True;1;1;42
ablation_no_sat;happy_guided_article_short;happy;2;Q2_stockout_store;True;c2;True;0;0;0;0.666667;0.4448;True;1;1;42
ablation_no_sat;happy_guided_article_short;happy;3;Q3_sales_growth;True;c3;True;0;0;0;1.0;0.5864;True;2;1;42
ablation_no_real;happy_guided_article_short;happy;1;Q1_margin_month;True;c1;True;0;0;0;0.333333;0.3034;True;1;1;42
ablation_no_real;happy_guided_article_short;happy;2;Q2_stockout_store;True;c2;True;0;0;0;0.666667;0.2545;True;1;1;42
ablation_no_real;happy_guided_article_short;happy;3;Q3_sales_growth;True;c3;True;0;0;0;1.0;0.3406;True;2;1;42
ablation_ceval_any_intersection;happy_guided_article_short;happy;1;Q1_margin_month;True;c1;True;0;0;0;0.333333;0.3002;True;1;1;42
ablation_ceval_any_intersection;happy_guided_article_short;happy;2;Q2_stockout_store;True;c2;True;0;0;0;0.666667;0.2479;True;1;1;42
ablation_ceval_any_intersection;happy_guided_article_short;happy;3;Q3_sales_growth;True;c3;True;0;0;0;1.0;0.3307;True;2;1;42
baseline_random_matched;happy_guided_article_short;happy;1;Q1_margin_month;True;c1;False;0;1;0;0.0;0.003;;0;0;42
baseline_random_matched;happy_guided_article_short;happy;2;Q2_stockout_store;True;c2;True;0;0;0;0.333333;0.0006;;0;0;42
baseline_random_matched;happy_guided_article_short;happy;3;Q3_sales_growth;True;c3;False;0;1;0;0.333333;0.0004;;0;0;42
mcad;happy_guided_reordered;happy;1;Q1_sales_growth;True;c3;True;0;0;0;0.333333;0.3731;True;2;1;42
mcad;happy_guided_reordered;happy;2;Q2_margin_month;True;c1;True;0;0;0;0.666667;0.2529;True;1;1;42
mcad;happy_guided_reordered;happy;3;Q3_stockout_store;True;c2;True;0;0;0;1.0;0.2554;True;1;1;42
baseline_naive;happy_guided_reordered;happy;1;Q1_sales_growth;True;c3;True;0;0;0;0.333333;0.0011;;0;0;42
baseline_naive;happy_guided_reordered;happy;2;Q2_margin_month;True;c1;True;0;0;0;0.666667;0.0005;;0;0;42
baseline_naive;happy_guided_reordered;happy;3;Q3_stockout_store;True;c2;True;0;0;0;1.0;0.0004;;0;0;42
baseline_measure_overlap;happy_guided_reordered;happy;1;Q1_sales_growth;True;c3;True;0;0;0;0.333333;0.0147;;0;0;42
baseline_measure_overlap;happy_guided_reordered;happy;2;Q2_margin_month;True;c1;True;0;0;0;0.666667;0.005;;0;0;42
baseline_measure_overlap;happy_guided_reordered;happy;3;Q3_stockout_store;True;c2;True;0;0;0;1.0;0.0044;;0;0;42
ablation_no_sat;happy_guided_reordered;happy;1;Q1_sales_growth;True;c3;True;0;0;0;0.333333;0.6444;True;2;1;42
ablation_no_sat;happy_guided_reordered;happy;2;Q2_margin_month;True;c1;True;0;0;0;0.666667;0.4431;True;1;1;42
ablation_no_sat;happy_guided_reordered;happy;3;Q3_stockout_store;True;c2;True;0;0;0;1.0;0.4459;True;1;1;42
ablation_no_real;happy_guided_reordered;happy;1;Q1_sales_growth;True;c3;True;0;0;0;0.333333;0.6683;True;2;1;42
ablation_no_real;happy_guided_reordered;happy;2;Q2_margin_month;True;c1;True;0;0;0;0.666667;0.4562;True;1;1;42
ablation_no_real;happy_guided_reordered;happy;3;Q3_stockout_store;True;c2;True;0;0;0;1.0;0.4542;True;1;1;42
ablation_ceval_any_intersection;happy_guided_reordered;happy;1;Q1_sales_growth;True;c3;True;0;0;0;0.333333;0.3781;True;2;1;42
ablation_ceval_any_intersection;happy_guided_reordered;happy;2;Q2_margin_month;True;c1;True;0;0;0;0.666667;0.2487;True;1;1;42
ablation_ceval_any_intersection;happy_guided_reordered;happy;3;Q3_stockout_store;True;c2;True;0;0;0;1.0;0.2398;True;1;1;42
baseline_random_matched;happy_guided_reordered;happy;1;Q1_sales_growth;True;c3;False;0;1;0;0.0;0.0029;;0;0;42
baseline_random_matched;happy_guided_reordered;happy;2;Q2_margin_month;True;c1;True;0;0;0;0.333333;0.0007;;0;0;42
baseline_random_matched;happy_guided_reordered;happy;3;Q3_stockout_store;True;c2;True;0;0;0;0.666667;0.0005;;0;0;42
mcad;happy_guided_compact;happy;1;Q1_margin_month;True;c1;True;0;0;0;0.333333;0.2866;True;1;1;42
mcad;happy_guided_compact;happy;2;Q2_sales_growth;True;c3;True;0;0;0;0.666667;0.3525;True;2;1;42
mcad;happy_guided_compact;happy;3;Q3_stockout_store;True;c2;True;0;0;0;1.0;0.25;True;1;1;42
baseline_naive;happy_guided_compact;happy;1;Q1_margin_month;True;c1;True;0;0;0;0.333333;0.0009;;0;0;42
baseline_naive;happy_guided_compact;happy;2;Q2_sales_growth;True;c3;True;0;0;0;0.666667;0.0004;;0;0;42
baseline_naive;happy_guided_compact;happy;3;Q3_stockout_store;True;c2;True;0;0;0;1.0;0.0003;;0;0;42
baseline_measure_overlap;happy_guided_compact;happy;1;Q1_margin_month;True;c1;True;0;0;0;0.333333;0.0136;;0;0;42
baseline_measure_overlap;happy_guided_compact;happy;2;Q2_sales_growth;True;c3;True;0;0;0;0.666667;0.014;;0;0;42
baseline_measure_overlap;happy_guided_compact;happy;3;Q3_stockout_store;True;c2;True;0;0;0;1.0;0.0043;;0;0;42
ablation_no_sat;happy_guided_compact;happy;1;Q1_margin_month;True;c1;True;0;0;0;0.333333;0.2863;True;1;1;42
ablation_no_sat;happy_guided_compact;happy;2;Q2_sales_growth;True;c3;True;0;0;0;0.666667;0.3389;True;2;1;42
ablation_no_sat;happy_guided_compact;happy;3;Q3_stockout_store;True;c2;True;0;0;0;1.0;0.2423;True;1;1;42
ablation_no_real;happy_guided_compact;happy;1;Q1_margin_month;True;c1;True;0;0;0;0.333333;0.2915;True;1;1;42
ablation_no_real;happy_guided_compact;happy;2;Q2_sales_growth;True;c3;True;0;0;0;0.666667;0.3629;True;2;1;42
ablation_no_real;happy_guided_compact;happy;3;Q3_stockout_store;True;c2;True;0;0;0;1.0;0.281;True;1;1;42
ablation_ceval_any_intersection;happy_guided_compact;happy;1;Q1_margin_month;True;c1;True;0;0;0;0.333333;0.5179;True;1;1;42
ablation_ceval_any_intersection;happy_guided_compact;happy;2;Q2_sales_growth;True;c3;True;0;0;0;0.666667;0.643;True;2;1;42
ablation_ceval_any_intersection;happy_guided_compact;happy;3;Q3_stockout_store;True;c2;True;0;0;0;1.0;0.4538;True;1;1;42
baseline_random_matched;happy_guided_compact;happy;1;Q1_margin_month;True;c1;False;0;1;0;0.0;0.0044;;0;0;42
baseline_random_matched;happy_guided_compact;happy;2;Q2_sales_growth;True;c3;False;0;1;0;0.0;0.0007;;0;0;42
baseline_random_matched;happy_guided_compact;happy;3;Q3_stockout_store;True;c2;False;0;1;0;0.0;0.0004;;0;0;42
mcad;border_growth_partial_1998_only;border;1;Q1_sales_1998_only;False;;False;0;0;0;0.0;0.3546;True;1;0;42
baseline_naive;border_growth_partial_1998_only;border;1;Q1_sales_1998_only;False;;True;1;0;1;0.0;0.0009;;0;0;42
baseline_measure_overlap;border_growth_partial_1998_only;border;1;Q1_sales_1998_only;False;;True;1;0;1;0.0;0.0162;;0;0;42
ablation_no_sat;border_growth_partial_1998_only;border;1;Q1_sales_1998_only;False;;False;0;0;0;0.0;0.7569;True;1;0;42
ablation_no_real;border_growth_partial_1998_only;border;1;Q1_sales_1998_only;False;;True;1;0;1;0.0;0.5875;True;1;0;42
ablation_ceval_any_intersection;border_growth_partial_1998_only;border;1;Q1_sales_1998_only;False;;True;1;0;1;0.0;0.8559;True;1;1;42
baseline_random_matched;border_growth_partial_1998_only;border;1;Q1_sales_1998_only;False;;False;0;0;0;0.0;0.0044;;0;0;42
mcad;border_margin_wrong_grain;border;1;Q1_margin_quarter_only;False;;False;0;0;0;0.0;0.2139;False;0;0;42
baseline_naive;border_margin_wrong_grain;border;1;Q1_margin_quarter_only;False;;True;1;0;1;0.0;0.0013;;0;0;42
baseline_measure_overlap;border_margin_wrong_grain;border;1;Q1_margin_quarter_only;False;;True;1;0;1;0.0;0.0182;;0;0;42
ablation_no_sat;border_margin_wrong_grain;border;1;Q1_margin_quarter_only;False;;False;0;0;0;0.0;0.2885;False;0;0;42
ablation_no_real;border_margin_wrong_grain;border;1;Q1_margin_quarter_only;False;;False;0;0;0;0.0;0.221;False;0;0;42
ablation_ceval_any_intersection;border_margin_wrong_grain;border;1;Q1_margin_quarter_only;False;;False;0;0;0;0.0;0.2074;False;0;0;42
baseline_random_matched;border_margin_wrong_grain;border;1;Q1_margin_quarter_only;False;;True;1;0;1;0.0;0.0029;;0;0;42
mcad;border_stockout_missing_store;border;1;Q1_stockout_category_only;False;;False;0;0;0;0.0;0.2253;False;0;0;42
baseline_naive;border_stockout_missing_store;border;1;Q1_stockout_category_only;False;;True;1;0;1;0.0;0.0009;;0;0;42
baseline_measure_overlap;border_stockout_missing_store;border;1;Q1_stockout_category_only;False;;True;1;0;1;0.0;0.0142;;0;0;42
ablation_no_sat;border_stockout_missing_store;border;1;Q1_stockout_category_only;False;;False;0;0;0;0.0;0.2569;False;0;0;42
ablation_no_real;border_stockout_missing_store;border;1;Q1_stockout_category_only;False;;False;0;0;0;0.0;0.2231;False;0;0;42
ablation_ceval_any_intersection;border_stockout_missing_store;border;1;Q1_stockout_category_only;False;;False;0;0;0;0.0;0.192;False;0;0;42
baseline_random_matched;border_stockout_missing_store;border;1;Q1_stockout_category_only;False;;True;1;0;1;0.0;0.0029;;0;0;42
mcad;adversarial_wrong_region;adversarial;1;Q1_margin_south;False;;False;0;0;0;0.0;0.3065;False;0;0;42
baseline_naive;adversarial_wrong_region;adversarial;1;Q1_margin_south;False;;True;1;0;1;0.0;0.0011;;0;0;42
baseline_measure_overlap;adversarial_wrong_region;adversarial;1;Q1_margin_south;False;;True;1;0;1;0.0;0.0209;;0;0;42
ablation_no_sat;adversarial_wrong_region;adversarial;1;Q1_margin_south;False;;False;0;0;0;0.0;0.2342;False;0;0;42
ablation_no_real;adversarial_wrong_region;adversarial;1;Q1_margin_south;False;;False;0;0;0;0.0;0.1957;False;0;0;42
ablation_ceval_any_intersection;adversarial_wrong_region;adversarial;1;Q1_margin_south;False;;False;0;0;0;0.0;0.1831;False;0;0;42
baseline_random_matched;adversarial_wrong_region;adversarial;1;Q1_margin_south;False;;False;0;0;0;0.0;0.003;;0;0;42
mcad;adversarial_wrong_year;adversarial;1;Q1_stockout_1997;False;;False;0;0;0;0.0;0.1684;False;0;0;42
baseline_naive;adversarial_wrong_year;adversarial;1;Q1_stockout_1997;False;;True;1;0;1;0.0;0.001;;0;0;42
baseline_measure_overlap;adversarial_wrong_year;adversarial;1;Q1_stockout_1997;False;;True;1;0;1;0.0;0.021;;0;0;42
ablation_no_sat;adversarial_wrong_year;adversarial;1;Q1_stockout_1997;False;;False;0;0;0;0.0;0.2215;False;0;0;42
ablation_no_real;adversarial_wrong_year;adversarial;1;Q1_stockout_1997;False;;False;0;0;0;0.0;0.1944;False;0;0;42
ablation_ceval_any_intersection;adversarial_wrong_year;adversarial;1;Q1_stockout_1997;False;;False;0;0;0;0.0;0.29;False;0;0;42
baseline_random_matched;adversarial_wrong_year;adversarial;1;Q1_stockout_1997;False;;False;0;0;0;0.0;0.0054;;0;0;42
mcad;adversarial_invalid_no_measures;adversarial;1;Q1_invalid_no_measure;False;;False;0;0;0;0.0;0.1586;False;0;0;42
baseline_naive;adversarial_invalid_no_measures;adversarial;1;Q1_invalid_no_measure;False;;True;1;0;1;0.0;0.0016;;0;0;42
baseline_measure_overlap;adversarial_invalid_no_measures;adversarial;1;Q1_invalid_no_measure;False;;False;0;0;0;0.0;0.019;;0;0;42
ablation_no_sat;adversarial_invalid_no_measures;adversarial;1;Q1_invalid_no_measure;False;;False;0;0;0;0.0;0.1104;False;0;0;42
ablation_no_real;adversarial_invalid_no_measures;adversarial;1;Q1_invalid_no_measure;False;;False;0;0;0;0.0;0.095;False;0;0;42
ablation_ceval_any_intersection;adversarial_invalid_no_measures;adversarial;1;Q1_invalid_no_measure;False;;False;0;0;0;0.0;0.0811;False;0;0;42
baseline_random_matched;adversarial_invalid_no_measures;adversarial;1;Q1_invalid_no_measure;False;;False;0;0;0;0.0;0.0032;;0;0;42
mcad;stress_exploratory_then_useful;stress;1;Q1_noise_region;False;;False;0;0;0;0.0;0.3308;False;0;0;42
mcad;stress_exploratory_then_useful;stress;2;Q2_noise_margin_all;False;;False;0;0;0;0.0;0.2614;False;0;0;42
mcad;stress_exploratory_then_useful;stress;3;Q3_useful_margin;True;c1;True;0;0;0;0.333333;0.4407;True;1;1;42
baseline_naive;stress_exploratory_then_useful;stress;1;Q1_noise_region;False;;True;1;0;1;0.0;0.0011;;0;0;42
baseline_naive;stress_exploratory_then_useful;stress;2;Q2_noise_margin_all;False;;True;1;0;1;0.0;0.0005;;0;0;42
baseline_naive;stress_exploratory_then_useful;stress;3;Q3_useful_margin;True;c1;True;0;0;0;0.333333;0.0003;;0;0;42
baseline_measure_overlap;stress_exploratory_then_useful;stress;1;Q1_noise_region;False;;True;1;0;1;0.0;0.0156;;0;0;42
baseline_measure_overlap;stress_exploratory_then_useful;stress;2;Q2_noise_margin_all;False;;True;1;0;1;0.0;0.0053;;0;0;42
baseline_measure_overlap;stress_exploratory_then_useful;stress;3;Q3_useful_margin;True;c1;True;0;0;0;0.333333;0.0045;;0;0;42
ablation_no_sat;stress_exploratory_then_useful;stress;1;Q1_noise_region;False;;False;0;0;0;0.0;0.255;False;0;0;42
ablation_no_sat;stress_exploratory_then_useful;stress;2;Q2_noise_margin_all;False;;False;0;0;0;0.0;0.168;False;0;0;42
ablation_no_sat;stress_exploratory_then_useful;stress;3;Q3_useful_margin;True;c1;True;0;0;0;0.333333;0.2452;True;1;1;42
ablation_no_real;stress_exploratory_then_useful;stress;1;Q1_noise_region;False;;False;0;0;0;0.0;0.208;False;0;0;42
ablation_no_real;stress_exploratory_then_useful;stress;2;Q2_noise_margin_all;False;;False;0;0;0;0.0;0.1482;False;0;0;42
ablation_no_real;stress_exploratory_then_useful;stress;3;Q3_useful_margin;True;c1;True;0;0;0;0.333333;0.2675;True;1;1;42
ablation_ceval_any_intersection;stress_exploratory_then_useful;stress;1;Q1_noise_region;False;;False;0;0;0;0.0;0.1969;False;0;0;42
ablation_ceval_any_intersection;stress_exploratory_then_useful;stress;2;Q2_noise_margin_all;False;;False;0;0;0;0.0;0.1411;False;0;0;42
ablation_ceval_any_intersection;stress_exploratory_then_useful;stress;3;Q3_useful_margin;True;c1;True;0;0;0;0.333333;0.2549;True;1;1;42
baseline_random_matched;stress_exploratory_then_useful;stress;1;Q1_noise_region;False;;True;1;0;1;0.0;0.003;;0;0;42
baseline_random_matched;stress_exploratory_then_useful;stress;2;Q2_noise_margin_all;False;;False;0;0;0;0.0;0.0007;;0;0;42
baseline_random_matched;stress_exploratory_then_useful;stress;3;Q3_useful_margin;True;c1;True;0;0;0;0.333333;0.0005;;0;0;42
mcad;happy_guided_article_short;happy;1;Q1_margin_month;True;c1;True;0;0;0;0.333333;0.4775;True;1;1;43
mcad;happy_guided_article_short;happy;2;Q2_stockout_store;True;c2;True;0;0;0;0.666667;0.4345;True;1;1;43
mcad;happy_guided_article_short;happy;3;Q3_sales_growth;True;c3;True;0;0;0;1.0;0.5787;True;2;1;43
baseline_naive;happy_guided_article_short;happy;1;Q1_margin_month;True;c1;True;0;0;0;0.333333;0.0019;;0;0;43
baseline_naive;happy_guided_article_short;happy;2;Q2_stockout_store;True;c2;True;0;0;0;0.666667;0.0008;;0;0;43
baseline_naive;happy_guided_article_short;happy;3;Q3_sales_growth;True;c3;True;0;0;0;1.0;0.0005;;0;0;43
baseline_measure_overlap;happy_guided_article_short;happy;1;Q1_margin_month;True;c1;True;0;0;0;0.333333;0.0173;;0;0;43
baseline_measure_overlap;happy_guided_article_short;happy;2;Q2_stockout_store;True;c2;True;0;0;0;0.666667;0.0056;;0;0;43
baseline_measure_overlap;happy_guided_article_short;happy;3;Q3_sales_growth;True;c3;True;0;0;0;1.0;0.0043;;0;0;43
ablation_no_sat;happy_guided_article_short;happy;1;Q1_margin_month;True;c1;True;0;0;0;0.333333;0.2967;True;1;1;43
ablation_no_sat;happy_guided_article_short;happy;2;Q2_stockout_store;True;c2;True;0;0;0;0.666667;0.2776;True;1;1;43
ablation_no_sat;happy_guided_article_short;happy;3;Q3_sales_growth;True;c3;True;0;0;0;1.0;0.3302;True;2;1;43
ablation_no_real;happy_guided_article_short;happy;1;Q1_margin_month;True;c1;True;0;0;0;0.333333;0.3054;True;1;1;43
ablation_no_real;happy_guided_article_short;happy;2;Q2_stockout_store;True;c2;True;0;0;0;0.666667;0.2499;True;1;1;43
ablation_no_real;happy_guided_article_short;happy;3;Q3_sales_growth;True;c3;True;0;0;0;1.0;0.3372;True;2;1;43
ablation_ceval_any_intersection;happy_guided_article_short;happy;1;Q1_margin_month;True;c1;True;0;0;0;0.333333;0.2761;True;1;1;43
ablation_ceval_any_intersection;happy_guided_article_short;happy;2;Q2_stockout_store;True;c2;True;0;0;0;0.666667;0.2416;True;1;1;43
ablation_ceval_any_intersection;happy_guided_article_short;happy;3;Q3_sales_growth;True;c3;True;0;0;0;1.0;0.3375;True;2;1;43
baseline_random_matched;happy_guided_article_short;happy;1;Q1_margin_month;True;c1;True;0;0;0;0.333333;0.0031;;0;0;43
baseline_random_matched;happy_guided_article_short;happy;2;Q2_stockout_store;True;c2;True;0;0;0;0.666667;0.0007;;0;0;43
baseline_random_matched;happy_guided_article_short;happy;3;Q3_sales_growth;True;c3;True;0;0;0;1.0;0.0004;;0;0;43
mcad;happy_guided_reordered;happy;1;Q1_sales_growth;True;c3;True;0;0;0;0.333333;0.4035;True;2;1;43
mcad;happy_guided_reordered;happy;2;Q2_margin_month;True;c1;True;0;0;0;0.666667;0.2722;True;1;1;43
mcad;happy_guided_reordered;happy;3;Q3_stockout_store;True;c2;True;0;0;0;1.0;0.2409;True;1;1;43
baseline_naive;happy_guided_reordered;happy;1;Q1_sales_growth;True;c3;True;0;0;0;0.333333;0.0012;;0;0;43
baseline_naive;happy_guided_reordered;happy;2;Q2_margin_month;True;c1;True;0;0;0;0.666667;0.0007;;0;0;43
baseline_naive;happy_guided_reordered;happy;3;Q3_stockout_store;True;c2;True;0;0;0;1.0;0.0006;;0;0;43
baseline_measure_overlap;happy_guided_reordered;happy;1;Q1_sales_growth;True;c3;True;0;0;0;0.333333;0.02;;0;0;43
baseline_measure_overlap;happy_guided_reordered;happy;2;Q2_margin_month;True;c1;True;0;0;0;0.666667;0.0086;;0;0;43
baseline_measure_overlap;happy_guided_reordered;happy;3;Q3_stockout_store;True;c2;True;0;0;0;1.0;0.0051;;0;0;43
ablation_no_sat;happy_guided_reordered;happy;1;Q1_sales_growth;True;c3;True;0;0;0;0.333333;0.3822;True;2;1;43
ablation_no_sat;happy_guided_reordered;happy;2;Q2_margin_month;True;c1;True;0;0;0;0.666667;0.2469;True;1;1;43
ablation_no_sat;happy_guided_reordered;happy;3;Q3_stockout_store;True;c2;True;0;0;0;1.0;0.239;True;1;1;43
ablation_no_real;happy_guided_reordered;happy;1;Q1_sales_growth;True;c3;True;0;0;0;0.333333;0.3754;True;2;1;43
ablation_no_real;happy_guided_reordered;happy;2;Q2_margin_month;True;c1;True;0;0;0;0.666667;0.2623;True;1;1;43
ablation_no_real;happy_guided_reordered;happy;3;Q3_stockout_store;True;c2;True;0;0;0;1.0;0.2445;True;1;1;43
ablation_ceval_any_intersection;happy_guided_reordered;happy;1;Q1_sales_growth;True;c3;True;0;0;0;0.333333;0.3614;True;2;1;43
ablation_ceval_any_intersection;happy_guided_reordered;happy;2;Q2_margin_month;True;c1;True;0;0;0;0.666667;0.2458;True;1;1;43
ablation_ceval_any_intersection;happy_guided_reordered;happy;3;Q3_stockout_store;True;c2;True;0;0;0;1.0;0.2393;True;1;1;43
baseline_random_matched;happy_guided_reordered;happy;1;Q1_sales_growth;True;c3;True;0;0;0;0.333333;0.0027;;0;0;43
baseline_random_matched;happy_guided_reordered;happy;2;Q2_margin_month;True;c1;False;0;1;0;0.333333;0.0006;;0;0;43
baseline_random_matched;happy_guided_reordered;happy;3;Q3_stockout_store;True;c2;False;0;1;0;0.333333;0.0005;;0;0;43
mcad;happy_guided_compact;happy;1;Q1_margin_month;True;c1;True;0;0;0;0.333333;0.2918;True;1;1;43
mcad;happy_guided_compact;happy;2;Q2_sales_growth;True;c3;True;0;0;0;0.666667;0.3322;True;2;1;43
mcad;happy_guided_compact;happy;3;Q3_stockout_store;True;c2;True;0;0;0;1.0;0.2383;True;1;1;43
baseline_naive;happy_guided_compact;happy;1;Q1_margin_month;True;c1;True;0;0;0;0.333333;0.001;;0;0;43
baseline_naive;happy_guided_compact;happy;2;Q2_sales_growth;True;c3;True;0;0;0;0.666667;0.0004;;0;0;43
baseline_naive;happy_guided_compact;happy;3;Q3_stockout_store;True;c2;True;0;0;0;1.0;0.0004;;0;0;43
baseline_measure_overlap;happy_guided_compact;happy;1;Q1_margin_month;True;c1;True;0;0;0;0.333333;0.019;;0;0;43
baseline_measure_overlap;happy_guided_compact;happy;2;Q2_sales_growth;True;c3;True;0;0;0;0.666667;0.007;;0;0;43
baseline_measure_overlap;happy_guided_compact;happy;3;Q3_stockout_store;True;c2;True;0;0;0;1.0;0.006;;0;0;43
ablation_no_sat;happy_guided_compact;happy;1;Q1_margin_month;True;c1;True;0;0;0;0.333333;0.517;True;1;1;43
ablation_no_sat;happy_guided_compact;happy;2;Q2_sales_growth;True;c3;True;0;0;0;0.666667;0.6674;True;2;1;43
ablation_no_sat;happy_guided_compact;happy;3;Q3_stockout_store;True;c2;True;0;0;0;1.0;0.5205;True;1;1;43
ablation_no_real;happy_guided_compact;happy;1;Q1_margin_month;True;c1;True;0;0;0;0.333333;0.5945;True;1;1;43
ablation_no_real;happy_guided_compact;happy;2;Q2_sales_growth;True;c3;True;0;0;0;0.666667;0.6288;True;2;1;43
ablation_no_real;happy_guided_compact;happy;3;Q3_stockout_store;True;c2;True;0;0;0;1.0;0.3911;True;1;1;43
ablation_ceval_any_intersection;happy_guided_compact;happy;1;Q1_margin_month;True;c1;True;0;0;0;0.333333;0.4066;True;1;1;43
ablation_ceval_any_intersection;happy_guided_compact;happy;2;Q2_sales_growth;True;c3;True;0;0;0;0.666667;0.3966;True;2;1;43
ablation_ceval_any_intersection;happy_guided_compact;happy;3;Q3_stockout_store;True;c2;True;0;0;0;1.0;0.5019;True;1;1;43
baseline_random_matched;happy_guided_compact;happy;1;Q1_margin_month;True;c1;False;0;1;0;0.0;0.0041;;0;0;43
baseline_random_matched;happy_guided_compact;happy;2;Q2_sales_growth;True;c3;True;0;0;0;0.333333;0.0008;;0;0;43
baseline_random_matched;happy_guided_compact;happy;3;Q3_stockout_store;True;c2;False;0;1;0;0.333333;0.0005;;0;0;43
mcad;border_growth_partial_1998_only;border;1;Q1_sales_1998_only;False;;False;0;0;0;0.0;0.3736;True;1;0;43
baseline_naive;border_growth_partial_1998_only;border;1;Q1_sales_1998_only;False;;True;1;0;1;0.0;0.001;;0;0;43
baseline_measure_overlap;border_growth_partial_1998_only;border;1;Q1_sales_1998_only;False;;True;1;0;1;0.0;0.0163;;0;0;43
ablation_no_sat;border_growth_partial_1998_only;border;1;Q1_sales_1998_only;False;;False;0;0;0;0.0;0.356;True;1;0;43
ablation_no_real;border_growth_partial_1998_only;border;1;Q1_sales_1998_only;False;;True;1;0;1;0.0;0.5798;True;1;0;43
ablation_ceval_any_intersection;border_growth_partial_1998_only;border;1;Q1_sales_1998_only;False;;True;1;0;1;0.0;0.5619;True;1;1;43
baseline_random_matched;border_growth_partial_1998_only;border;1;Q1_sales_1998_only;False;;False;0;0;0;0.0;0.0043;;0;0;43
mcad;border_margin_wrong_grain;border;1;Q1_margin_quarter_only;False;;False;0;0;0;0.0;0.3952;False;0;0;43
baseline_naive;border_margin_wrong_grain;border;1;Q1_margin_quarter_only;False;;True;1;0;1;0.0;0.0019;;0;0;43
baseline_measure_overlap;border_margin_wrong_grain;border;1;Q1_margin_quarter_only;False;;True;1;0;1;0.0;0.0362;;0;0;43
ablation_no_sat;border_margin_wrong_grain;border;1;Q1_margin_quarter_only;False;;False;0;0;0;0.0;0.5368;False;0;0;43
ablation_no_real;border_margin_wrong_grain;border;1;Q1_margin_quarter_only;False;;False;0;0;0;0.0;0.4267;False;0;0;43
ablation_ceval_any_intersection;border_margin_wrong_grain;border;1;Q1_margin_quarter_only;False;;False;0;0;0;0.0;0.3737;False;0;0;43
baseline_random_matched;border_margin_wrong_grain;border;1;Q1_margin_quarter_only;False;;False;0;0;0;0.0;0.0041;;0;0;43
mcad;border_stockout_missing_store;border;1;Q1_stockout_category_only;False;;False;0;0;0;0.0;0.2123;False;0;0;43
baseline_naive;border_stockout_missing_store;border;1;Q1_stockout_category_only;False;;True;1;0;1;0.0;0.0011;;0;0;43
baseline_measure_overlap;border_stockout_missing_store;border;1;Q1_stockout_category_only;False;;True;1;0;1;0.0;0.0154;;0;0;43
ablation_no_sat;border_stockout_missing_store;border;1;Q1_stockout_category_only;False;;False;0;0;0;0.0;0.2662;False;0;0;43
ablation_no_real;border_stockout_missing_store;border;1;Q1_stockout_category_only;False;;False;0;0;0;0.0;0.3569;False;0;0;43
ablation_ceval_any_intersection;border_stockout_missing_store;border;1;Q1_stockout_category_only;False;;False;0;0;0;0.0;0.1967;False;0;0;43
baseline_random_matched;border_stockout_missing_store;border;1;Q1_stockout_category_only;False;;True;1;0;1;0.0;0.0032;;0;0;43
mcad;adversarial_wrong_region;adversarial;1;Q1_margin_south;False;;False;0;0;0;0.0;0.1698;False;0;0;43
baseline_naive;adversarial_wrong_region;adversarial;1;Q1_margin_south;False;;True;1;0;1;0.0;0.0009;;0;0;43
baseline_measure_overlap;adversarial_wrong_region;adversarial;1;Q1_margin_south;False;;True;1;0;1;0.0;0.0151;;0;0;43
ablation_no_sat;adversarial_wrong_region;adversarial;1;Q1_margin_south;False;;False;0;0;0;0.0;0.2992;False;0;0;43
ablation_no_real;adversarial_wrong_region;adversarial;1;Q1_margin_south;False;;False;0;0;0;0.0;0.2858;False;0;0;43
ablation_ceval_any_intersection;adversarial_wrong_region;adversarial;1;Q1_margin_south;False;;False;0;0;0;0.0;0.2917;False;0;0;43
baseline_random_matched;adversarial_wrong_region;adversarial;1;Q1_margin_south;False;;True;1;0;1;0.0;0.0029;;0;0;43
mcad;adversarial_wrong_year;adversarial;1;Q1_stockout_1997;False;;False;0;0;0;0.0;0.1649;False;0;0;43
baseline_naive;adversarial_wrong_year;adversarial;1;Q1_stockout_1997;False;;True;1;0;1;0.0;0.0009;;0;0;43
baseline_measure_overlap;adversarial_wrong_year;adversarial;1;Q1_stockout_1997;False;;True;1;0;1;0.0;0.0134;;0;0;43
ablation_no_sat;adversarial_wrong_year;adversarial;1;Q1_stockout_1997;False;;False;0;0;0;0.0;0.1902;False;0;0;43
ablation_no_real;adversarial_wrong_year;adversarial;1;Q1_stockout_1997;False;;False;0;0;0;0.0;0.1701;False;0;0;43
ablation_ceval_any_intersection;adversarial_wrong_year;adversarial;1;Q1_stockout_1997;False;;False;0;0;0;0.0;0.2471;False;0;0;43
baseline_random_matched;adversarial_wrong_year;adversarial;1;Q1_stockout_1997;False;;False;0;0;0;0.0;0.0031;;0;0;43
mcad;adversarial_invalid_no_measures;adversarial;1;Q1_invalid_no_measure;False;;False;0;0;0;0.0;0.0839;False;0;0;43
baseline_naive;adversarial_invalid_no_measures;adversarial;1;Q1_invalid_no_measure;False;;True;1;0;1;0.0;0.0009;;0;0;43
baseline_measure_overlap;adversarial_invalid_no_measures;adversarial;1;Q1_invalid_no_measure;False;;False;0;0;0;0.0;0.0157;;0;0;43
ablation_no_sat;adversarial_invalid_no_measures;adversarial;1;Q1_invalid_no_measure;False;;False;0;0;0;0.0;0.0983;False;0;0;43
ablation_no_real;adversarial_invalid_no_measures;adversarial;1;Q1_invalid_no_measure;False;;False;0;0;0;0.0;0.0901;False;0;0;43
ablation_ceval_any_intersection;adversarial_invalid_no_measures;adversarial;1;Q1_invalid_no_measure;False;;False;0;0;0;0.0;0.1144;False;0;0;43
baseline_random_matched;adversarial_invalid_no_measures;adversarial;1;Q1_invalid_no_measure;False;;False;0;0;0;0.0;0.0032;;0;0;43
mcad;stress_exploratory_then_useful;stress;1;Q1_noise_region;False;;False;0;0;0;0.0;0.2133;False;0;0;43
mcad;stress_exploratory_then_useful;stress;2;Q2_noise_margin_all;False;;False;0;0;0;0.0;0.1472;False;0;0;43
mcad;stress_exploratory_then_useful;stress;3;Q3_useful_margin;True;c1;True;0;0;0;0.333333;0.2623;True;1;1;43
baseline_naive;stress_exploratory_then_useful;stress;1;Q1_noise_region;False;;True;1;0;1;0.0;0.001;;0;0;43
baseline_naive;stress_exploratory_then_useful;stress;2;Q2_noise_margin_all;False;;True;1;0;1;0.0;0.0005;;0;0;43
baseline_naive;stress_exploratory_then_useful;stress;3;Q3_useful_margin;True;c1;True;0;0;0;0.333333;0.0003;;0;0;43
baseline_measure_overlap;stress_exploratory_then_useful;stress;1;Q1_noise_region;False;;True;1;0;1;0.0;0.0159;;0;0;43
baseline_measure_overlap;stress_exploratory_then_useful;stress;2;Q2_noise_margin_all;False;;True;1;0;1;0.0;0.0051;;0;0;43
baseline_measure_overlap;stress_exploratory_then_useful;stress;3;Q3_useful_margin;True;c1;True;0;0;0;0.333333;0.0041;;0;0;43
ablation_no_sat;stress_exploratory_then_useful;stress;1;Q1_noise_region;False;;False;0;0;0;0.0;0.2506;False;0;0;43
ablation_no_sat;stress_exploratory_then_useful;stress;2;Q2_noise_margin_all;False;;False;0;0;0;0.0;0.1703;False;0;0;43
ablation_no_sat;stress_exploratory_then_useful;stress;3;Q3_useful_margin;True;c1;True;0;0;0;0.333333;0.2568;True;1;1;43
ablation_no_real;stress_exploratory_then_useful;stress;1;Q1_noise_region;False;;False;0;0;0;0.0;0.2171;False;0;0;43
ablation_no_real;stress_exploratory_then_useful;stress;2;Q2_noise_margin_all;False;;False;0;0;0;0.0;0.1486;False;0;0;43
ablation_no_real;stress_exploratory_then_useful;stress;3;Q3_useful_margin;True;c1;True;0;0;0;0.333333;0.2552;True;1;1;43
ablation_ceval_any_intersection;stress_exploratory_then_useful;stress;1;Q1_noise_region;False;;False;0;0;0;0.0;0.2402;False;0;0;43
ablation_ceval_any_intersection;stress_exploratory_then_useful;stress;2;Q2_noise_margin_all;False;;False;0;0;0;0.0;0.144;False;0;0;43
ablation_ceval_any_intersection;stress_exploratory_then_useful;stress;3;Q3_useful_margin;True;c1;True;0;0;0;0.333333;0.2565;True;1;1;43
baseline_random_matched;stress_exploratory_then_useful;stress;1;Q1_noise_region;False;;True;1;0;1;0.0;0.0048;;0;0;43
baseline_random_matched;stress_exploratory_then_useful;stress;2;Q2_noise_margin_all;False;;False;0;0;0;0.0;0.001;;0;0;43
baseline_random_matched;stress_exploratory_then_useful;stress;3;Q3_useful_margin;True;c1;False;0;1;0;0.0;0.0008;;0;0;43
mcad;happy_guided_article_short;happy;1;Q1_margin_month;True;c1;True;0;0;0;0.333333;0.3;True;1;1;44
mcad;happy_guided_article_short;happy;2;Q2_stockout_store;True;c2;True;0;0;0;0.666667;0.2452;True;1;1;44
mcad;happy_guided_article_short;happy;3;Q3_sales_growth;True;c3;True;0;0;0;1.0;0.3588;True;2;1;44
baseline_naive;happy_guided_article_short;happy;1;Q1_margin_month;True;c1;True;0;0;0;0.333333;0.001;;0;0;44
baseline_naive;happy_guided_article_short;happy;2;Q2_stockout_store;True;c2;True;0;0;0;0.666667;0.0005;;0;0;44
baseline_naive;happy_guided_article_short;happy;3;Q3_sales_growth;True;c3;True;0;0;0;1.0;0.0003;;0;0;44
baseline_measure_overlap;happy_guided_article_short;happy;1;Q1_margin_month;True;c1;True;0;0;0;0.333333;0.0145;;0;0;44
baseline_measure_overlap;happy_guided_article_short;happy;2;Q2_stockout_store;True;c2;True;0;0;0;0.666667;0.0052;;0;0;44
baseline_measure_overlap;happy_guided_article_short;happy;3;Q3_sales_growth;True;c3;True;0;0;0;1.0;0.0042;;0;0;44
ablation_no_sat;happy_guided_article_short;happy;1;Q1_margin_month;True;c1;True;0;0;0;0.333333;0.2833;True;1;1;44
ablation_no_sat;happy_guided_article_short;happy;2;Q2_stockout_store;True;c2;True;0;0;0;0.666667;0.2446;True;1;1;44
ablation_no_sat;happy_guided_article_short;happy;3;Q3_sales_growth;True;c3;True;0;0;0;1.0;0.3787;True;2;1;44
ablation_no_real;happy_guided_article_short;happy;1;Q1_margin_month;True;c1;True;0;0;0;0.333333;0.459;True;1;1;44
ablation_no_real;happy_guided_article_short;happy;2;Q2_stockout_store;True;c2;True;0;0;0;0.666667;0.4294;True;1;1;44
ablation_no_real;happy_guided_article_short;happy;3;Q3_sales_growth;True;c3;True;0;0;0;1.0;0.5496;True;2;1;44
ablation_ceval_any_intersection;happy_guided_article_short;happy;1;Q1_margin_month;True;c1;True;0;0;0;0.333333;0.2832;True;1;1;44
ablation_ceval_any_intersection;happy_guided_article_short;happy;2;Q2_stockout_store;True;c2;True;0;0;0;0.666667;0.2403;True;1;1;44
ablation_ceval_any_intersection;happy_guided_article_short;happy;3;Q3_sales_growth;True;c3;True;0;0;0;1.0;0.3287;True;2;1;44
baseline_random_matched;happy_guided_article_short;happy;1;Q1_margin_month;True;c1;True;0;0;0;0.333333;0.0027;;0;0;44
baseline_random_matched;happy_guided_article_short;happy;2;Q2_stockout_store;True;c2;False;0;1;0;0.333333;0.0007;;0;0;44
baseline_random_matched;happy_guided_article_short;happy;3;Q3_sales_growth;True;c3;False;0;1;0;0.333333;0.0005;;0;0;44
mcad;happy_guided_reordered;happy;1;Q1_sales_growth;True;c3;True;0;0;0;0.333333;0.3836;True;2;1;44
mcad;happy_guided_reordered;happy;2;Q2_margin_month;True;c1;True;0;0;0;0.666667;0.2573;True;1;1;44
mcad;happy_guided_reordered;happy;3;Q3_stockout_store;True;c2;True;0;0;0;1.0;0.24;True;1;1;44
baseline_naive;happy_guided_reordered;happy;1;Q1_sales_growth;True;c3;True;0;0;0;0.333333;0.0015;;0;0;44
baseline_naive;happy_guided_reordered;happy;2;Q2_margin_month;True;c1;True;0;0;0;0.666667;0.0007;;0;0;44
baseline_naive;happy_guided_reordered;happy;3;Q3_stockout_store;True;c2;True;0;0;0;1.0;0.0006;;0;0;44
baseline_measure_overlap;happy_guided_reordered;happy;1;Q1_sales_growth;True;c3;True;0;0;0;0.333333;0.0137;;0;0;44
baseline_measure_overlap;happy_guided_reordered;happy;2;Q2_margin_month;True;c1;True;0;0;0;0.666667;0.0052;;0;0;44
baseline_measure_overlap;happy_guided_reordered;happy;3;Q3_stockout_store;True;c2;True;0;0;0;1.0;0.0043;;0;0;44
ablation_no_sat;happy_guided_reordered;happy;1;Q1_sales_growth;True;c3;True;0;0;0;0.333333;0.3757;True;2;1;44
ablation_no_sat;happy_guided_reordered;happy;2;Q2_margin_month;True;c1;True;0;0;0;0.666667;0.2474;True;1;1;44
ablation_no_sat;happy_guided_reordered;happy;3;Q3_stockout_store;True;c2;True;0;0;0;1.0;0.24;True;1;1;44
ablation_no_real;happy_guided_reordered;happy;1;Q1_sales_growth;True;c3;True;0;0;0;0.333333;0.631;True;2;1;44
ablation_no_real;happy_guided_reordered;happy;2;Q2_margin_month;True;c1;True;0;0;0;0.666667;0.4554;True;1;1;44
ablation_no_real;happy_guided_reordered;happy;3;Q3_stockout_store;True;c2;True;0;0;0;1.0;0.4265;True;1;1;44
ablation_ceval_any_intersection;happy_guided_reordered;happy;1;Q1_sales_growth;True;c3;True;0;0;0;0.333333;0.3657;True;2;1;44
ablation_ceval_any_intersection;happy_guided_reordered;happy;2;Q2_margin_month;True;c1;True;0;0;0;0.666667;0.244;True;1;1;44
ablation_ceval_any_intersection;happy_guided_reordered;happy;3;Q3_stockout_store;True;c2;True;0;0;0;1.0;0.3023;True;1;1;44
baseline_random_matched;happy_guided_reordered;happy;1;Q1_sales_growth;True;c3;True;0;0;0;0.333333;0.0029;;0;0;44
baseline_random_matched;happy_guided_reordered;happy;2;Q2_margin_month;True;c1;True;0;0;0;0.666667;0.0007;;0;0;44
baseline_random_matched;happy_guided_reordered;happy;3;Q3_stockout_store;True;c2;True;0;0;0;1.0;0.0004;;0;0;44
mcad;happy_guided_compact;happy;1;Q1_margin_month;True;c1;True;0;0;0;0.333333;0.2769;True;1;1;44
mcad;happy_guided_compact;happy;2;Q2_sales_growth;True;c3;True;0;0;0;0.666667;0.3497;True;2;1;44
mcad;happy_guided_compact;happy;3;Q3_stockout_store;True;c2;True;0;0;0;1.0;0.242;True;1;1;44
baseline_naive;happy_guided_compact;happy;1;Q1_margin_month;True;c1;True;0;0;0;0.333333;0.001;;0;0;44
baseline_naive;happy_guided_compact;happy;2;Q2_sales_growth;True;c3;True;0;0;0;0.666667;0.0005;;0;0;44
baseline_naive;happy_guided_compact;happy;3;Q3_stockout_store;True;c2;True;0;0;0;1.0;0.0003;;0;0;44
baseline_measure_overlap;happy_guided_compact;happy;1;Q1_margin_month;True;c1;True;0;0;0;0.333333;0.0138;;0;0;44
baseline_measure_overlap;happy_guided_compact;happy;2;Q2_sales_growth;True;c3;True;0;0;0;0.666667;0.0053;;0;0;44
baseline_measure_overlap;happy_guided_compact;happy;3;Q3_stockout_store;True;c2;True;0;0;0;1.0;0.0044;;0;0;44
ablation_no_sat;happy_guided_compact;happy;1;Q1_margin_month;True;c1;True;0;0;0;0.333333;0.2941;True;1;1;44
ablation_no_sat;happy_guided_compact;happy;2;Q2_sales_growth;True;c3;True;0;0;0;0.666667;0.3297;True;2;1;44
ablation_no_sat;happy_guided_compact;happy;3;Q3_stockout_store;True;c2;True;0;0;0;1.0;0.2413;True;1;1;44
ablation_no_real;happy_guided_compact;happy;1;Q1_margin_month;True;c1;True;0;0;0;0.333333;0.5048;True;1;1;44
ablation_no_real;happy_guided_compact;happy;2;Q2_sales_growth;True;c3;True;0;0;0;0.666667;0.6235;True;2;1;44
ablation_no_real;happy_guided_compact;happy;3;Q3_stockout_store;True;c2;True;0;0;0;1.0;0.3875;True;1;1;44
ablation_ceval_any_intersection;happy_guided_compact;happy;1;Q1_margin_month;True;c1;True;0;0;0;0.333333;0.4249;True;1;1;44
ablation_ceval_any_intersection;happy_guided_compact;happy;2;Q2_sales_growth;True;c3;True;0;0;0;0.666667;0.5433;True;2;1;44
ablation_ceval_any_intersection;happy_guided_compact;happy;3;Q3_stockout_store;True;c2;True;0;0;0;1.0;0.4036;True;1;1;44
baseline_random_matched;happy_guided_compact;happy;1;Q1_margin_month;True;c1;True;0;0;0;0.333333;0.0039;;0;0;44
baseline_random_matched;happy_guided_compact;happy;2;Q2_sales_growth;True;c3;True;0;0;0;0.666667;0.0011;;0;0;44
baseline_random_matched;happy_guided_compact;happy;3;Q3_stockout_store;True;c2;False;0;1;0;0.666667;0.0008;;0;0;44
mcad;border_growth_partial_1998_only;border;1;Q1_sales_1998_only;False;;False;0;0;0;0.0;0.6747;True;1;0;44
baseline_naive;border_growth_partial_1998_only;border;1;Q1_sales_1998_only;False;;True;1;0;1;0.0;0.0014;;0;0;44
baseline_measure_overlap;border_growth_partial_1998_only;border;1;Q1_sales_1998_only;False;;True;1;0;1;0.0;0.022;;0;0;44
ablation_no_sat;border_growth_partial_1998_only;border;1;Q1_sales_1998_only;False;;False;0;0;0;0.0;0.5651;True;1;0;44
ablation_no_real;border_growth_partial_1998_only;border;1;Q1_sales_1998_only;False;;True;1;0;1;0.0;0.3502;True;1;0;44
ablation_ceval_any_intersection;border_growth_partial_1998_only;border;1;Q1_sales_1998_only;False;;True;1;0;1;0.0;0.3411;True;1;1;44
baseline_random_matched;border_growth_partial_1998_only;border;1;Q1_sales_1998_only;False;;True;1;0;1;0.0;0.0028;;0;0;44
mcad;border_margin_wrong_grain;border;1;Q1_margin_quarter_only;False;;False;0;0;0;0.0;0.2017;False;0;0;44
baseline_naive;border_margin_wrong_grain;border;1;Q1_margin_quarter_only;False;;True;1;0;1;0.0;0.0012;;0;0;44
baseline_measure_overlap;border_margin_wrong_grain;border;1;Q1_margin_quarter_only;False;;True;1;0;1;0.0;0.0236;;0;0;44
ablation_no_sat;border_margin_wrong_grain;border;1;Q1_margin_quarter_only;False;;False;0;0;0;0.0;0.3834;False;0;0;44
ablation_no_real;border_margin_wrong_grain;border;1;Q1_margin_quarter_only;False;;False;0;0;0;0.0;0.2044;False;0;0;44
ablation_ceval_any_intersection;border_margin_wrong_grain;border;1;Q1_margin_quarter_only;False;;False;0;0;0;0.0;0.194;False;0;0;44
baseline_random_matched;border_margin_wrong_grain;border;1;Q1_margin_quarter_only;False;;False;0;0;0;0.0;0.0028;;0;0;44
mcad;border_stockout_missing_store;border;1;Q1_stockout_category_only;False;;False;0;0;0;0.0;0.1932;False;0;0;44
baseline_naive;border_stockout_missing_store;border;1;Q1_stockout_category_only;False;;True;1;0;1;0.0;0.0013;;0;0;44
baseline_measure_overlap;border_stockout_missing_store;border;1;Q1_stockout_category_only;False;;True;1;0;1;0.0;0.0188;;0;0;44
ablation_no_sat;border_stockout_missing_store;border;1;Q1_stockout_category_only;False;;False;0;0;0;0.0;0.2574;False;0;0;44
ablation_no_real;border_stockout_missing_store;border;1;Q1_stockout_category_only;False;;False;0;0;0;0.0;0.1988;False;0;0;44
ablation_ceval_any_intersection;border_stockout_missing_store;border;1;Q1_stockout_category_only;False;;False;0;0;0;0.0;0.1927;False;0;0;44
baseline_random_matched;border_stockout_missing_store;border;1;Q1_stockout_category_only;False;;True;1;0;1;0.0;0.0027;;0;0;44
mcad;adversarial_wrong_region;adversarial;1;Q1_margin_south;False;;False;0;0;0;0.0;0.1688;False;0;0;44
baseline_naive;adversarial_wrong_region;adversarial;1;Q1_margin_south;False;;True;1;0;1;0.0;0.0011;;0;0;44
baseline_measure_overlap;adversarial_wrong_region;adversarial;1;Q1_margin_south;False;;True;1;0;1;0.0;0.0185;;0;0;44
ablation_no_sat;adversarial_wrong_region;adversarial;1;Q1_margin_south;False;;False;0;0;0;0.0;0.212;False;0;0;44
ablation_no_real;adversarial_wrong_region;adversarial;1;Q1_margin_south;False;;False;0;0;0;0.0;0.1799;False;0;0;44
ablation_ceval_any_intersection;adversarial_wrong_region;adversarial;1;Q1_margin_south;False;;False;0;0;0;0.0;0.1746;False;0;0;44
baseline_random_matched;adversarial_wrong_region;adversarial;1;Q1_margin_south;False;;True;1;0;1;0.0;0.0028;;0;0;44
mcad;adversarial_wrong_year;adversarial;1;Q1_stockout_1997;False;;False;0;0;0;0.0;0.1671;False;0;0;44
baseline_naive;adversarial_wrong_year;adversarial;1;Q1_stockout_1997;False;;True;1;0;1;0.0;0.0009;;0;0;44
baseline_measure_overlap;adversarial_wrong_year;adversarial;1;Q1_stockout_1997;False;;True;1;0;1;0.0;0.0139;;0;0;44
ablation_no_sat;adversarial_wrong_year;adversarial;1;Q1_stockout_1997;False;;False;0;0;0;0.0;0.2353;False;0;0;44
ablation_no_real;adversarial_wrong_year;adversarial;1;Q1_stockout_1997;False;;False;0;0;0;0.0;0.1737;False;0;0;44
ablation_ceval_any_intersection;adversarial_wrong_year;adversarial;1;Q1_stockout_1997;False;;False;0;0;0;0.0;0.162;False;0;0;44
baseline_random_matched;adversarial_wrong_year;adversarial;1;Q1_stockout_1997;False;;True;1;0;1;0.0;0.0027;;0;0;44
mcad;adversarial_invalid_no_measures;adversarial;1;Q1_invalid_no_measure;False;;False;0;0;0;0.0;0.0721;False;0;0;44
baseline_naive;adversarial_invalid_no_measures;adversarial;1;Q1_invalid_no_measure;False;;True;1;0;1;0.0;0.001;;0;0;44
baseline_measure_overlap;adversarial_invalid_no_measures;adversarial;1;Q1_invalid_no_measure;False;;False;0;0;0;0.0;0.0132;;0;0;44
ablation_no_sat;adversarial_invalid_no_measures;adversarial;1;Q1_invalid_no_measure;False;;False;0;0;0;0.0;0.1385;False;0;0;44
ablation_no_real;adversarial_invalid_no_measures;adversarial;1;Q1_invalid_no_measure;False;;False;0;0;0;0.0;0.0807;False;0;0;44
ablation_ceval_any_intersection;adversarial_invalid_no_measures;adversarial;1;Q1_invalid_no_measure;False;;False;0;0;0;0.0;0.0707;False;0;0;44
baseline_random_matched;adversarial_invalid_no_measures;adversarial;1;Q1_invalid_no_measure;False;;True;1;0;1;0.0;0.0027;;0;0;44
mcad;stress_exploratory_then_useful;stress;1;Q1_noise_region;False;;False;0;0;0;0.0;0.1957;False;0;0;44
mcad;stress_exploratory_then_useful;stress;2;Q2_noise_margin_all;False;;False;0;0;0;0.0;0.1522;False;0;0;44
mcad;stress_exploratory_then_useful;stress;3;Q3_useful_margin;True;c1;True;0;0;0;0.333333;0.2575;True;1;1;44
baseline_naive;stress_exploratory_then_useful;stress;1;Q1_noise_region;False;;True;1;0;1;0.0;0.0009;;0;0;44
baseline_naive;stress_exploratory_then_useful;stress;2;Q2_noise_margin_all;False;;True;1;0;1;0.0;0.0005;;0;0;44
baseline_naive;stress_exploratory_then_useful;stress;3;Q3_useful_margin;True;c1;True;0;0;0;0.333333;0.0003;;0;0;44
baseline_measure_overlap;stress_exploratory_then_useful;stress;1;Q1_noise_region;False;;True;1;0;1;0.0;0.0135;;0;0;44
baseline_measure_overlap;stress_exploratory_then_useful;stress;2;Q2_noise_margin_all;False;;True;1;0;1;0.0;0.0053;;0;0;44
baseline_measure_overlap;stress_exploratory_then_useful;stress;3;Q3_useful_margin;True;c1;True;0;0;0;0.333333;0.0044;;0;0;44
ablation_no_sat;stress_exploratory_then_useful;stress;1;Q1_noise_region;False;;False;0;0;0;0.0;0.307;False;0;0;44
ablation_no_sat;stress_exploratory_then_useful;stress;2;Q2_noise_margin_all;False;;False;0;0;0;0.0;0.3042;False;0;0;44
ablation_no_sat;stress_exploratory_then_useful;stress;3;Q3_useful_margin;True;c1;True;0;0;0;0.333333;0.4342;True;1;1;44
ablation_no_real;stress_exploratory_then_useful;stress;1;Q1_noise_region;False;;False;0;0;0;0.0;0.2285;False;0;0;44
ablation_no_real;stress_exploratory_then_useful;stress;2;Q2_noise_margin_all;False;;False;0;0;0;0.0;0.1502;False;0;0;44
ablation_no_real;stress_exploratory_then_useful;stress;3;Q3_useful_margin;True;c1;True;0;0;0;0.333333;0.2578;True;1;1;44
ablation_ceval_any_intersection;stress_exploratory_then_useful;stress;1;Q1_noise_region;False;;False;0;0;0;0.0;0.1928;False;0;0;44
ablation_ceval_any_intersection;stress_exploratory_then_useful;stress;2;Q2_noise_margin_all;False;;False;0;0;0;0.0;0.1507;False;0;0;44
ablation_ceval_any_intersection;stress_exploratory_then_useful;stress;3;Q3_useful_margin;True;c1;True;0;0;0;0.333333;0.2478;True;1;1;44
baseline_random_matched;stress_exploratory_then_useful;stress;1;Q1_noise_region;False;;True;1;0;1;0.0;0.0028;;0;0;44
baseline_random_matched;stress_exploratory_then_useful;stress;2;Q2_noise_margin_all;False;;True;1;0;1;0.0;0.0006;;0;0;44
baseline_random_matched;stress_exploratory_then_useful;stress;3;Q3_useful_margin;True;c1;False;0;1;0;0.0;0.0005;;0;0;44
mcad;happy_guided_article_short;happy;1;Q1_margin_month;True;c1;True;0;0;0;0.333333;0.2864;True;1;1;45
mcad;happy_guided_article_short;happy;2;Q2_stockout_store;True;c2;True;0;0;0;0.666667;0.2453;True;1;1;45
mcad;happy_guided_article_short;happy;3;Q3_sales_growth;True;c3;True;0;0;0;1.0;0.3335;True;2;1;45
baseline_naive;happy_guided_article_short;happy;1;Q1_margin_month;True;c1;True;0;0;0;0.333333;0.0009;;0;0;45
baseline_naive;happy_guided_article_short;happy;2;Q2_stockout_store;True;c2;True;0;0;0;0.666667;0.0004;;0;0;45
baseline_naive;happy_guided_article_short;happy;3;Q3_sales_growth;True;c3;True;0;0;0;1.0;0.0003;;0;0;45
baseline_measure_overlap;happy_guided_article_short;happy;1;Q1_margin_month;True;c1;True;0;0;0;0.333333;0.0127;;0;0;45
baseline_measure_overlap;happy_guided_article_short;happy;2;Q2_stockout_store;True;c2;True;0;0;0;0.666667;0.0053;;0;0;45
baseline_measure_overlap;happy_guided_article_short;happy;3;Q3_sales_growth;True;c3;True;0;0;0;1.0;0.0047;;0;0;45
ablation_no_sat;happy_guided_article_short;happy;1;Q1_margin_month;True;c1;True;0;0;0;0.333333;0.2775;True;1;1;45
ablation_no_sat;happy_guided_article_short;happy;2;Q2_stockout_store;True;c2;True;0;0;0;0.666667;0.3448;True;1;1;45
ablation_no_sat;happy_guided_article_short;happy;3;Q3_sales_growth;True;c3;True;0;0;0;1.0;0.3477;True;2;1;45
ablation_no_real;happy_guided_article_short;happy;1;Q1_margin_month;True;c1;True;0;0;0;0.333333;0.2868;True;1;1;45
ablation_no_real;happy_guided_article_short;happy;2;Q2_stockout_store;True;c2;True;0;0;0;0.666667;0.2488;True;1;1;45
ablation_no_real;happy_guided_article_short;happy;3;Q3_sales_growth;True;c3;True;0;0;0;1.0;0.3381;True;2;1;45
ablation_ceval_any_intersection;happy_guided_article_short;happy;1;Q1_margin_month;True;c1;True;0;0;0;0.333333;0.2835;True;1;1;45
ablation_ceval_any_intersection;happy_guided_article_short;happy;2;Q2_stockout_store;True;c2;True;0;0;0;0.666667;0.2451;True;1;1;45
ablation_ceval_any_intersection;happy_guided_article_short;happy;3;Q3_sales_growth;True;c3;True;0;0;0;1.0;0.3531;True;2;1;45
baseline_random_matched;happy_guided_article_short;happy;1;Q1_margin_month;True;c1;True;0;0;0;0.333333;0.0026;;0;0;45
baseline_random_matched;happy_guided_article_short;happy;2;Q2_stockout_store;True;c2;True;0;0;0;0.666667;0.0006;;0;0;45
baseline_random_matched;happy_guided_article_short;happy;3;Q3_sales_growth;True;c3;True;0;0;0;1.0;0.0004;;0;0;45
mcad;happy_guided_reordered;happy;1;Q1_sales_growth;True;c3;True;0;0;0;0.333333;0.3628;True;2;1;45
mcad;happy_guided_reordered;happy;2;Q2_margin_month;True;c1;True;0;0;0;0.666667;0.2493;True;1;1;45
mcad;happy_guided_reordered;happy;3;Q3_stockout_store;True;c2;True;0;0;0;1.0;0.2395;True;1;1;45
baseline_naive;happy_guided_reordered;happy;1;Q1_sales_growth;True;c3;True;0;0;0;0.333333;0.0009;;0;0;45
baseline_naive;happy_guided_reordered;happy;2;Q2_margin_month;True;c1;True;0;0;0;0.666667;0.0005;;0;0;45
baseline_naive;happy_guided_reordered;happy;3;Q3_stockout_store;True;c2;True;0;0;0;1.0;0.0003;;0;0;45
baseline_measure_overlap;happy_guided_reordered;happy;1;Q1_sales_growth;True;c3;True;0;0;0;0.333333;0.0197;;0;0;45
baseline_measure_overlap;happy_guided_reordered;happy;2;Q2_margin_month;True;c1;True;0;0;0;0.666667;0.0086;;0;0;45
baseline_measure_overlap;happy_guided_reordered;happy;3;Q3_stockout_store;True;c2;True;0;0;0;1.0;0.0046;;0;0;45
ablation_no_sat;happy_guided_reordered;happy;1;Q1_sales_growth;True;c3;True;0;0;0;0.333333;0.3887;True;2;1;45
ablation_no_sat;happy_guided_reordered;happy;2;Q2_margin_month;True;c1;True;0;0;0;0.666667;0.2463;True;1;1;45
ablation_no_sat;happy_guided_reordered;happy;3;Q3_stockout_store;True;c2;True;0;0;0;1.0;0.2399;True;1;1;45
ablation_no_real;happy_guided_reordered;happy;1;Q1_sales_growth;True;c3;True;0;0;0;0.333333;0.6833;True;2;1;45
ablation_no_real;happy_guided_reordered;happy;2;Q2_margin_month;True;c1;True;0;0;0;0.666667;0.4658;True;1;1;45
ablation_no_real;happy_guided_reordered;happy;3;Q3_stockout_store;True;c2;True;0;0;0;1.0;1.0764;True;1;1;45
ablation_ceval_any_intersection;happy_guided_reordered;happy;1;Q1_sales_growth;True;c3;True;0;0;0;0.333333;0.6557;True;2;1;45
ablation_ceval_any_intersection;happy_guided_reordered;happy;2;Q2_margin_month;True;c1;True;0;0;0;0.666667;0.4708;True;1;1;45
ablation_ceval_any_intersection;happy_guided_reordered;happy;3;Q3_stockout_store;True;c2;True;0;0;0;1.0;0.4336;True;1;1;45
baseline_random_matched;happy_guided_reordered;happy;1;Q1_sales_growth;True;c3;True;0;0;0;0.333333;0.0035;;0;0;45
baseline_random_matched;happy_guided_reordered;happy;2;Q2_margin_month;True;c1;True;0;0;0;0.666667;0.0006;;0;0;45
baseline_random_matched;happy_guided_reordered;happy;3;Q3_stockout_store;True;c2;True;0;0;0;1.0;0.0004;;0;0;45
mcad;happy_guided_compact;happy;1;Q1_margin_month;True;c1;True;0;0;0;0.333333;0.2808;True;1;1;45
mcad;happy_guided_compact;happy;2;Q2_sales_growth;True;c3;True;0;0;0;0.666667;0.3323;True;2;1;45
mcad;happy_guided_compact;happy;3;Q3_stockout_store;True;c2;True;0;0;0;1.0;0.2501;True;1;1;45
baseline_naive;happy_guided_compact;happy;1;Q1_margin_month;True;c1;True;0;0;0;0.333333;0.0013;;0;0;45
baseline_naive;happy_guided_compact;happy;2;Q2_sales_growth;True;c3;True;0;0;0;0.666667;0.0008;;0;0;45
baseline_naive;happy_guided_compact;happy;3;Q3_stockout_store;True;c2;True;0;0;0;1.0;0.0005;;0;0;45
baseline_measure_overlap;happy_guided_compact;happy;1;Q1_margin_month;True;c1;True;0;0;0;0.333333;0.0157;;0;0;45
baseline_measure_overlap;happy_guided_compact;happy;2;Q2_sales_growth;True;c3;True;0;0;0;0.666667;0.0054;;0;0;45
baseline_measure_overlap;happy_guided_compact;happy;3;Q3_stockout_store;True;c2;True;0;0;0;1.0;0.0043;;0;0;45
ablation_no_sat;happy_guided_compact;happy;1;Q1_margin_month;True;c1;True;0;0;0;0.333333;0.278;True;1;1;45
ablation_no_sat;happy_guided_compact;happy;2;Q2_sales_growth;True;c3;True;0;0;0;0.666667;0.3306;True;2;1;45
ablation_no_sat;happy_guided_compact;happy;3;Q3_stockout_store;True;c2;True;0;0;0;1.0;0.2388;True;1;1;45
ablation_no_real;happy_guided_compact;happy;1;Q1_margin_month;True;c1;True;0;0;0;0.333333;0.2999;True;1;1;45
ablation_no_real;happy_guided_compact;happy;2;Q2_sales_growth;True;c3;True;0;0;0;0.666667;0.3422;True;2;1;45
ablation_no_real;happy_guided_compact;happy;3;Q3_stockout_store;True;c2;True;0;0;0;1.0;0.246;True;1;1;45
ablation_ceval_any_intersection;happy_guided_compact;happy;1;Q1_margin_month;True;c1;True;0;0;0;0.333333;0.29;True;1;1;45
ablation_ceval_any_intersection;happy_guided_compact;happy;2;Q2_sales_growth;True;c3;True;0;0;0;0.666667;0.3361;True;2;1;45
ablation_ceval_any_intersection;happy_guided_compact;happy;3;Q3_stockout_store;True;c2;True;0;0;0;1.0;0.2406;True;1;1;45
baseline_random_matched;happy_guided_compact;happy;1;Q1_margin_month;True;c1;True;0;0;0;0.333333;0.004;;0;0;45
baseline_random_matched;happy_guided_compact;happy;2;Q2_sales_growth;True;c3;True;0;0;0;0.666667;0.0009;;0;0;45
baseline_random_matched;happy_guided_compact;happy;3;Q3_stockout_store;True;c2;False;0;1;0;0.666667;0.0011;;0;0;45
mcad;border_growth_partial_1998_only;border;1;Q1_sales_1998_only;False;;False;0;0;0;0.0;0.5883;True;1;0;45
baseline_naive;border_growth_partial_1998_only;border;1;Q1_sales_1998_only;False;;True;1;0;1;0.0;0.001;;0;0;45
baseline_measure_overlap;border_growth_partial_1998_only;border;1;Q1_sales_1998_only;False;;True;1;0;1;0.0;0.0141;;0;0;45
ablation_no_sat;border_growth_partial_1998_only;border;1;Q1_sales_1998_only;False;;False;0;0;0;0.0;0.3763;True;1;0;45
ablation_no_real;border_growth_partial_1998_only;border;1;Q1_sales_1998_only;False;;True;1;0;1;0.0;0.3431;True;1;0;45
ablation_ceval_any_intersection;border_growth_partial_1998_only;border;1;Q1_sales_1998_only;False;;True;1;0;1;0.0;0.3334;True;1;1;45
baseline_random_matched;border_growth_partial_1998_only;border;1;Q1_sales_1998_only;False;;True;1;0;1;0.0;0.0025;;0;0;45
mcad;border_margin_wrong_grain;border;1;Q1_margin_quarter_only;False;;False;0;0;0;0.0;0.2901;False;0;0;45
baseline_naive;border_margin_wrong_grain;border;1;Q1_margin_quarter_only;False;;True;1;0;1;0.0;0.0013;;0;0;45
baseline_measure_overlap;border_margin_wrong_grain;border;1;Q1_margin_quarter_only;False;;True;1;0;1;0.0;0.0136;;0;0;45
ablation_no_sat;border_margin_wrong_grain;border;1;Q1_margin_quarter_only;False;;False;0;0;0;0.0;0.2626;False;0;0;45
ablation_no_real;border_margin_wrong_grain;border;1;Q1_margin_quarter_only;False;;False;0;0;0;0.0;0.2009;False;0;0;45
ablation_ceval_any_intersection;border_margin_wrong_grain;border;1;Q1_margin_quarter_only;False;;False;0;0;0;0.0;0.1952;False;0;0;45
baseline_random_matched;border_margin_wrong_grain;border;1;Q1_margin_quarter_only;False;;True;1;0;1;0.0;0.0026;;0;0;45
mcad;border_stockout_missing_store;border;1;Q1_stockout_category_only;False;;False;0;0;0;0.0;0.2159;False;0;0;45
baseline_naive;border_stockout_missing_store;border;1;Q1_stockout_category_only;False;;True;1;0;1;0.0;0.001;;0;0;45
baseline_measure_overlap;border_stockout_missing_store;border;1;Q1_stockout_category_only;False;;True;1;0;1;0.0;0.0137;;0;0;45
ablation_no_sat;border_stockout_missing_store;border;1;Q1_stockout_category_only;False;;False;0;0;0;0.0;0.2627;False;0;0;45
ablation_no_real;border_stockout_missing_store;border;1;Q1_stockout_category_only;False;;False;0;0;0;0.0;0.2012;False;0;0;45
ablation_ceval_any_intersection;border_stockout_missing_store;border;1;Q1_stockout_category_only;False;;False;0;0;0;0.0;0.1929;False;0;0;45
baseline_random_matched;border_stockout_missing_store;border;1;Q1_stockout_category_only;False;;False;0;0;0;0.0;0.0025;;0;0;45
mcad;adversarial_wrong_region;adversarial;1;Q1_margin_south;False;;False;0;0;0;0.0;0.1683;False;0;0;45
baseline_naive;adversarial_wrong_region;adversarial;1;Q1_margin_south;False;;True;1;0;1;0.0;0.0009;;0;0;45
baseline_measure_overlap;adversarial_wrong_region;adversarial;1;Q1_margin_south;False;;True;1;0;1;0.0;0.0131;;0;0;45
ablation_no_sat;adversarial_wrong_region;adversarial;1;Q1_margin_south;False;;False;0;0;0;0.0;0.21;False;0;0;45
ablation_no_real;adversarial_wrong_region;adversarial;1;Q1_margin_south;False;;False;0;0;0;0.0;0.1737;False;0;0;45
ablation_ceval_any_intersection;adversarial_wrong_region;adversarial;1;Q1_margin_south;False;;False;0;0;0;0.0;0.1662;False;0;0;45
baseline_random_matched;adversarial_wrong_region;adversarial;1;Q1_margin_south;False;;True;1;0;1;0.0;0.0033;;0;0;45
mcad;adversarial_wrong_year;adversarial;1;Q1_stockout_1997;False;;False;0;0;0;0.0;0.165;False;0;0;45
baseline_naive;adversarial_wrong_year;adversarial;1;Q1_stockout_1997;False;;True;1;0;1;0.0;0.0009;;0;0;45
baseline_measure_overlap;adversarial_wrong_year;adversarial;1;Q1_stockout_1997;False;;True;1;0;1;0.0;0.0221;;0;0;45
ablation_no_sat;adversarial_wrong_year;adversarial;1;Q1_stockout_1997;False;;False;0;0;0;0.0;0.3721;False;0;0;45
ablation_no_real;adversarial_wrong_year;adversarial;1;Q1_stockout_1997;False;;False;0;0;0;0.0;0.1898;False;0;0;45
ablation_ceval_any_intersection;adversarial_wrong_year;adversarial;1;Q1_stockout_1997;False;;False;0;0;0;0.0;0.1661;False;0;0;45
baseline_random_matched;adversarial_wrong_year;adversarial;1;Q1_stockout_1997;False;;False;0;0;0;0.0;0.0029;;0;0;45
mcad;adversarial_invalid_no_measures;adversarial;1;Q1_invalid_no_measure;False;;False;0;0;0;0.0;0.0724;False;0;0;45
baseline_naive;adversarial_invalid_no_measures;adversarial;1;Q1_invalid_no_measure;False;;True;1;0;1;0.0;0.0011;;0;0;45
baseline_measure_overlap;adversarial_invalid_no_measures;adversarial;1;Q1_invalid_no_measure;False;;False;0;0;0;0.0;0.0178;;0;0;45
ablation_no_sat;adversarial_invalid_no_measures;adversarial;1;Q1_invalid_no_measure;False;;False;0;0;0;0.0;0.1335;False;0;0;45
ablation_no_real;adversarial_invalid_no_measures;adversarial;1;Q1_invalid_no_measure;False;;False;0;0;0;0.0;0.0812;False;0;0;45
ablation_ceval_any_intersection;adversarial_invalid_no_measures;adversarial;1;Q1_invalid_no_measure;False;;False;0;0;0;0.0;0.0768;False;0;0;45
baseline_random_matched;adversarial_invalid_no_measures;adversarial;1;Q1_invalid_no_measure;False;;True;1;0;1;0.0;0.0028;;0;0;45
mcad;stress_exploratory_then_useful;stress;1;Q1_noise_region;False;;False;0;0;0;0.0;0.2023;False;0;0;45
mcad;stress_exploratory_then_useful;stress;2;Q2_noise_margin_all;False;;False;0;0;0;0.0;0.1417;False;0;0;45
mcad;stress_exploratory_then_useful;stress;3;Q3_useful_margin;True;c1;True;0;0;0;0.333333;0.2496;True;1;1;45
baseline_naive;stress_exploratory_then_useful;stress;1;Q1_noise_region;False;;True;1;0;1;0.0;0.0009;;0;0;45
baseline_naive;stress_exploratory_then_useful;stress;2;Q2_noise_margin_all;False;;True;1;0;1;0.0;0.0005;;0;0;45
baseline_naive;stress_exploratory_then_useful;stress;3;Q3_useful_margin;True;c1;True;0;0;0;0.333333;0.0003;;0;0;45
baseline_measure_overlap;stress_exploratory_then_useful;stress;1;Q1_noise_region;False;;True;1;0;1;0.0;0.0136;;0;0;45
baseline_measure_overlap;stress_exploratory_then_useful;stress;2;Q2_noise_margin_all;False;;True;1;0;1;0.0;0.0053;;0;0;45
baseline_measure_overlap;stress_exploratory_then_useful;stress;3;Q3_useful_margin;True;c1;True;0;0;0;0.333333;0.0042;;0;0;45
ablation_no_sat;stress_exploratory_then_useful;stress;1;Q1_noise_region;False;;False;0;0;0;0.0;0.2399;False;0;0;45
ablation_no_sat;stress_exploratory_then_useful;stress;2;Q2_noise_margin_all;False;;False;0;0;0;0.0;0.1967;False;0;0;45
ablation_no_sat;stress_exploratory_then_useful;stress;3;Q3_useful_margin;True;c1;True;0;0;0;0.333333;0.4976;True;1;1;45
ablation_no_real;stress_exploratory_then_useful;stress;1;Q1_noise_region;False;;False;0;0;0;0.0;0.2267;False;0;0;45
ablation_no_real;stress_exploratory_then_useful;stress;2;Q2_noise_margin_all;False;;False;0;0;0;0.0;0.1476;False;0;0;45
ablation_no_real;stress_exploratory_then_useful;stress;3;Q3_useful_margin;True;c1;True;0;0;0;0.333333;0.2523;True;1;1;45
ablation_ceval_any_intersection;stress_exploratory_then_useful;stress;1;Q1_noise_region;False;;False;0;0;0;0.0;0.1921;False;0;0;45
ablation_ceval_any_intersection;stress_exploratory_then_useful;stress;2;Q2_noise_margin_all;False;;False;0;0;0;0.0;0.1401;False;0;0;45
ablation_ceval_any_intersection;stress_exploratory_then_useful;stress;3;Q3_useful_margin;True;c1;True;0;0;0;0.333333;0.2458;True;1;1;45
baseline_random_matched;stress_exploratory_then_useful;stress;1;Q1_noise_region;False;;False;0;0;0;0.0;0.003;;0;0;45
baseline_random_matched;stress_exploratory_then_useful;stress;2;Q2_noise_margin_all;False;;True;1;0;1;0.0;0.0007;;0;0;45
baseline_random_matched;stress_exploratory_then_useful;stress;3;Q3_useful_margin;True;c1;False;0;1;0;0.0;0.0004;;0;0;45
mcad;happy_guided_article_short;happy;1;Q1_margin_month;True;c1;True;0;0;0;0.333333;0.2912;True;1;1;46
mcad;happy_guided_article_short;happy;2;Q2_stockout_store;True;c2;True;0;0;0;0.666667;0.2493;True;1;1;46
mcad;happy_guided_article_short;happy;3;Q3_sales_growth;True;c3;True;0;0;0;1.0;0.3297;True;2;1;46
baseline_naive;happy_guided_article_short;happy;1;Q1_margin_month;True;c1;True;0;0;0;0.333333;0.0009;;0;0;46
baseline_naive;happy_guided_article_short;happy;2;Q2_stockout_store;True;c2;True;0;0;0;0.666667;0.0004;;0;0;46
baseline_naive;happy_guided_article_short;happy;3;Q3_sales_growth;True;c3;True;0;0;0;1.0;0.0003;;0;0;46
baseline_measure_overlap;happy_guided_article_short;happy;1;Q1_margin_month;True;c1;True;0;0;0;0.333333;0.0134;;0;0;46
baseline_measure_overlap;happy_guided_article_short;happy;2;Q2_stockout_store;True;c2;True;0;0;0;0.666667;0.0051;;0;0;46
baseline_measure_overlap;happy_guided_article_short;happy;3;Q3_sales_growth;True;c3;True;0;0;0;1.0;0.0045;;0;0;46
ablation_no_sat;happy_guided_article_short;happy;1;Q1_margin_month;True;c1;True;0;0;0;0.333333;0.4687;True;1;1;46
ablation_no_sat;happy_guided_article_short;happy;2;Q2_stockout_store;True;c2;True;0;0;0;0.666667;0.4386;True;1;1;46
ablation_no_sat;happy_guided_article_short;happy;3;Q3_sales_growth;True;c3;True;0;0;0;1.0;0.5827;True;2;1;46
ablation_no_real;happy_guided_article_short;happy;1;Q1_margin_month;True;c1;True;0;0;0;0.333333;0.2918;True;1;1;46
ablation_no_real;happy_guided_article_short;happy;2;Q2_stockout_store;True;c2;True;0;0;0;0.666667;0.2472;True;1;1;46
ablation_no_real;happy_guided_article_short;happy;3;Q3_sales_growth;True;c3;True;0;0;0;1.0;0.3302;True;2;1;46
ablation_ceval_any_intersection;happy_guided_article_short;happy;1;Q1_margin_month;True;c1;True;0;0;0;0.333333;0.2719;True;1;1;46
ablation_ceval_any_intersection;happy_guided_article_short;happy;2;Q2_stockout_store;True;c2;True;0;0;0;0.666667;0.2531;True;1;1;46
ablation_ceval_any_intersection;happy_guided_article_short;happy;3;Q3_sales_growth;True;c3;True;0;0;0;1.0;0.3282;True;2;1;46
baseline_random_matched;happy_guided_article_short;happy;1;Q1_margin_month;True;c1;False;0;1;0;0.0;0.0028;;0;0;46
baseline_random_matched;happy_guided_article_short;happy;2;Q2_stockout_store;True;c2;False;0;1;0;0.0;0.0006;;0;0;46
baseline_random_matched;happy_guided_article_short;happy;3;Q3_sales_growth;True;c3;True;0;0;0;0.333333;0.0005;;0;0;46
mcad;happy_guided_reordered;happy;1;Q1_sales_growth;True;c3;True;0;0;0;0.333333;0.3659;True;2;1;46
mcad;happy_guided_reordered;happy;2;Q2_margin_month;True;c1;True;0;0;0;0.666667;0.247;True;1;1;46
mcad;happy_guided_reordered;happy;3;Q3_stockout_store;True;c2;True;0;0;0;1.0;0.2393;True;1;1;46
baseline_naive;happy_guided_reordered;happy;1;Q1_sales_growth;True;c3;True;0;0;0;0.333333;0.0009;;0;0;46
baseline_naive;happy_guided_reordered;happy;2;Q2_margin_month;True;c1;True;0;0;0;0.666667;0.0004;;0;0;46
baseline_naive;happy_guided_reordered;happy;3;Q3_stockout_store;True;c2;True;0;0;0;1.0;0.0003;;0;0;46
baseline_measure_overlap;happy_guided_reordered;happy;1;Q1_sales_growth;True;c3;True;0;0;0;0.333333;0.0202;;0;0;46
baseline_measure_overlap;happy_guided_reordered;happy;2;Q2_margin_month;True;c1;True;0;0;0;0.666667;0.0091;;0;0;46
baseline_measure_overlap;happy_guided_reordered;happy;3;Q3_stockout_store;True;c2;True;0;0;0;1.0;0.008;;0;0;46
ablation_no_sat;happy_guided_reordered;happy;1;Q1_sales_growth;True;c3;True;0;0;0;0.333333;0.6085;True;2;1;46
ablation_no_sat;happy_guided_reordered;happy;2;Q2_margin_month;True;c1;True;0;0;0;0.666667;0.4439;True;1;1;46
ablation_no_sat;happy_guided_reordered;happy;3;Q3_stockout_store;True;c2;True;0;0;0;1.0;0.4306;True;1;1;46
ablation_no_real;happy_guided_reordered;happy;1;Q1_sales_growth;True;c3;True;0;0;0;0.333333;0.6447;True;2;1;46
ablation_no_real;happy_guided_reordered;happy;2;Q2_margin_month;True;c1;True;0;0;0;0.666667;0.4656;True;1;1;46
ablation_no_real;happy_guided_reordered;happy;3;Q3_stockout_store;True;c2;True;0;0;0;1.0;0.4452;True;1;1;46
ablation_ceval_any_intersection;happy_guided_reordered;happy;1;Q1_sales_growth;True;c3;True;0;0;0;0.333333;0.3713;True;2;1;46
ablation_ceval_any_intersection;happy_guided_reordered;happy;2;Q2_margin_month;True;c1;True;0;0;0;0.666667;0.2451;True;1;1;46
ablation_ceval_any_intersection;happy_guided_reordered;happy;3;Q3_stockout_store;True;c2;True;0;0;0;1.0;0.2367;True;1;1;46
baseline_random_matched;happy_guided_reordered;happy;1;Q1_sales_growth;True;c3;True;0;0;0;0.333333;0.0029;;0;0;46
baseline_random_matched;happy_guided_reordered;happy;2;Q2_margin_month;True;c1;False;0;1;0;0.333333;0.0007;;0;0;46
baseline_random_matched;happy_guided_reordered;happy;3;Q3_stockout_store;True;c2;True;0;0;0;0.666667;0.0006;;0;0;46
mcad;happy_guided_compact;happy;1;Q1_margin_month;True;c1;True;0;0;0;0.333333;0.2906;True;1;1;46
mcad;happy_guided_compact;happy;2;Q2_sales_growth;True;c3;True;0;0;0;0.666667;0.3527;True;2;1;46
mcad;happy_guided_compact;happy;3;Q3_stockout_store;True;c2;True;0;0;0;1.0;0.2424;True;1;1;46
baseline_naive;happy_guided_compact;happy;1;Q1_margin_month;True;c1;True;0;0;0;0.333333;0.0009;;0;0;46
baseline_naive;happy_guided_compact;happy;2;Q2_sales_growth;True;c3;True;0;0;0;0.666667;0.0005;;0;0;46
baseline_naive;happy_guided_compact;happy;3;Q3_stockout_store;True;c2;True;0;0;0;1.0;0.0003;;0;0;46
baseline_measure_overlap;happy_guided_compact;happy;1;Q1_margin_month;True;c1;True;0;0;0;0.333333;0.0131;;0;0;46
baseline_measure_overlap;happy_guided_compact;happy;2;Q2_sales_growth;True;c3;True;0;0;0;0.666667;0.0053;;0;0;46
baseline_measure_overlap;happy_guided_compact;happy;3;Q3_stockout_store;True;c2;True;0;0;0;1.0;0.0042;;0;0;46
ablation_no_sat;happy_guided_compact;happy;1;Q1_margin_month;True;c1;True;0;0;0;0.333333;0.3065;True;1;1;46
ablation_no_sat;happy_guided_compact;happy;2;Q2_sales_growth;True;c3;True;0;0;0;0.666667;0.3333;True;2;1;46
ablation_no_sat;happy_guided_compact;happy;3;Q3_stockout_store;True;c2;True;0;0;0;1.0;0.2401;True;1;1;46
ablation_no_real;happy_guided_compact;happy;1;Q1_margin_month;True;c1;True;0;0;0;0.333333;0.324;True;1;1;46
ablation_no_real;happy_guided_compact;happy;2;Q2_sales_growth;True;c3;True;0;0;0;0.666667;0.3369;True;2;1;46
ablation_no_real;happy_guided_compact;happy;3;Q3_stockout_store;True;c2;True;0;0;0;1.0;0.2438;True;1;1;46
ablation_ceval_any_intersection;happy_guided_compact;happy;1;Q1_margin_month;True;c1;True;0;0;0;0.333333;0.2722;True;1;1;46
ablation_ceval_any_intersection;happy_guided_compact;happy;2;Q2_sales_growth;True;c3;True;0;0;0;0.666667;0.3408;True;2;1;46
ablation_ceval_any_intersection;happy_guided_compact;happy;3;Q3_stockout_store;True;c2;True;0;0;0;1.0;0.2384;True;1;1;46
baseline_random_matched;happy_guided_compact;happy;1;Q1_margin_month;True;c1;True;0;0;0;0.333333;0.0027;;0;0;46
baseline_random_matched;happy_guided_compact;happy;2;Q2_sales_growth;True;c3;True;0;0;0;0.666667;0.0006;;0;0;46
baseline_random_matched;happy_guided_compact;happy;3;Q3_stockout_store;True;c2;True;0;0;0;1.0;0.0005;;0;0;46
mcad;border_growth_partial_1998_only;border;1;Q1_sales_1998_only;False;;False;0;0;0;0.0;0.3346;True;1;0;46
baseline_naive;border_growth_partial_1998_only;border;1;Q1_sales_1998_only;False;;True;1;0;1;0.0;0.0009;;0;0;46
baseline_measure_overlap;border_growth_partial_1998_only;border;1;Q1_sales_1998_only;False;;True;1;0;1;0.0;0.013;;0;0;46
ablation_no_sat;border_growth_partial_1998_only;border;1;Q1_sales_1998_only;False;;False;0;0;0;0.0;0.3358;True;1;0;46
ablation_no_real;border_growth_partial_1998_only;border;1;Q1_sales_1998_only;False;;True;1;0;1;0.0;0.3445;True;1;0;46
ablation_ceval_any_intersection;border_growth_partial_1998_only;border;1;Q1_sales_1998_only;False;;True;1;0;1;0.0;0.5364;True;1;1;46
baseline_random_matched;border_growth_partial_1998_only;border;1;Q1_sales_1998_only;False;;False;0;0;0;0.0;0.0027;;0;0;46
mcad;border_margin_wrong_grain;border;1;Q1_margin_quarter_only;False;;False;0;0;0;0.0;0.2084;False;0;0;46
baseline_naive;border_margin_wrong_grain;border;1;Q1_margin_quarter_only;False;;True;1;0;1;0.0;0.0009;;0;0;46
baseline_measure_overlap;border_margin_wrong_grain;border;1;Q1_margin_quarter_only;False;;True;1;0;1;0.0;0.0126;;0;0;46
ablation_no_sat;border_margin_wrong_grain;border;1;Q1_margin_quarter_only;False;;False;0;0;0;0.0;0.2635;False;0;0;46
ablation_no_real;border_margin_wrong_grain;border;1;Q1_margin_quarter_only;False;;False;0;0;0;0.0;0.2059;False;0;0;46
ablation_ceval_any_intersection;border_margin_wrong_grain;border;1;Q1_margin_quarter_only;False;;False;0;0;0;0.0;0.3299;False;0;0;46
baseline_random_matched;border_margin_wrong_grain;border;1;Q1_margin_quarter_only;False;;True;1;0;1;0.0;0.0028;;0;0;46
mcad;border_stockout_missing_store;border;1;Q1_stockout_category_only;False;;False;0;0;0;0.0;0.201;False;0;0;46
baseline_naive;border_stockout_missing_store;border;1;Q1_stockout_category_only;False;;True;1;0;1;0.0;0.0009;;0;0;46
baseline_measure_overlap;border_stockout_missing_store;border;1;Q1_stockout_category_only;False;;True;1;0;1;0.0;0.0139;;0;0;46
ablation_no_sat;border_stockout_missing_store;border;1;Q1_stockout_category_only;False;;False;0;0;0;0.0;0.2601;False;0;0;46
ablation_no_real;border_stockout_missing_store;border;1;Q1_stockout_category_only;False;;False;0;0;0;0.0;0.2013;False;0;0;46
ablation_ceval_any_intersection;border_stockout_missing_store;border;1;Q1_stockout_category_only;False;;False;0;0;0;0.0;0.3385;False;0;0;46
baseline_random_matched;border_stockout_missing_store;border;1;Q1_stockout_category_only;False;;True;1;0;1;0.0;0.0028;;0;0;46
mcad;adversarial_wrong_region;adversarial;1;Q1_margin_south;False;;False;0;0;0;0.0;0.1696;False;0;0;46
baseline_naive;adversarial_wrong_region;adversarial;1;Q1_margin_south;False;;True;1;0;1;0.0;0.0009;;0;0;46
baseline_measure_overlap;adversarial_wrong_region;adversarial;1;Q1_margin_south;False;;True;1;0;1;0.0;0.0136;;0;0;46
ablation_no_sat;adversarial_wrong_region;adversarial;1;Q1_margin_south;False;;False;0;0;0;0.0;0.2082;False;0;0;46
ablation_no_real;adversarial_wrong_region;adversarial;1;Q1_margin_south;False;;False;0;0;0;0.0;0.1749;False;0;0;46
ablation_ceval_any_intersection;adversarial_wrong_region;adversarial;1;Q1_margin_south;False;;False;0;0;0;0.0;0.1887;False;0;0;46
baseline_random_matched;adversarial_wrong_region;adversarial;1;Q1_margin_south;False;;True;1;0;1;0.0;0.0029;;0;0;46
mcad;adversarial_wrong_year;adversarial;1;Q1_stockout_1997;False;;False;0;0;0;0.0;0.1669;False;0;0;46
baseline_naive;adversarial_wrong_year;adversarial;1;Q1_stockout_1997;False;;True;1;0;1;0.0;0.0009;;0;0;46
baseline_measure_overlap;adversarial_wrong_year;adversarial;1;Q1_stockout_1997;False;;True;1;0;1;0.0;0.0135;;0;0;46
ablation_no_sat;adversarial_wrong_year;adversarial;1;Q1_stockout_1997;False;;False;0;0;0;0.0;0.192;False;0;0;46
ablation_no_real;adversarial_wrong_year;adversarial;1;Q1_stockout_1997;False;;False;0;0;0;0.0;0.3247;False;0;0;46
ablation_ceval_any_intersection;adversarial_wrong_year;adversarial;1;Q1_stockout_1997;False;;False;0;0;0;0.0;0.3437;False;0;0;46
baseline_random_matched;adversarial_wrong_year;adversarial;1;Q1_stockout_1997;False;;True;1;0;1;0.0;0.0046;;0;0;46
mcad;adversarial_invalid_no_measures;adversarial;1;Q1_invalid_no_measure;False;;False;0;0;0;0.0;0.1343;False;0;0;46
baseline_naive;adversarial_invalid_no_measures;adversarial;1;Q1_invalid_no_measure;False;;True;1;0;1;0.0;0.0013;;0;0;46
baseline_measure_overlap;adversarial_invalid_no_measures;adversarial;1;Q1_invalid_no_measure;False;;False;0;0;0;0.0;0.0183;;0;0;46
ablation_no_sat;adversarial_invalid_no_measures;adversarial;1;Q1_invalid_no_measure;False;;False;0;0;0;0.0;0.1115;False;0;0;46
ablation_no_real;adversarial_invalid_no_measures;adversarial;1;Q1_invalid_no_measure;False;;False;0;0;0;0.0;0.0982;False;0;0;46
ablation_ceval_any_intersection;adversarial_invalid_no_measures;adversarial;1;Q1_invalid_no_measure;False;;False;0;0;0;0.0;0.0842;False;0;0;46
baseline_random_matched;adversarial_invalid_no_measures;adversarial;1;Q1_invalid_no_measure;False;;True;1;0;1;0.0;0.003;;0;0;46
mcad;stress_exploratory_then_useful;stress;1;Q1_noise_region;False;;False;0;0;0;0.0;0.2117;False;0;0;46
mcad;stress_exploratory_then_useful;stress;2;Q2_noise_margin_all;False;;False;0;0;0;0.0;0.1447;False;0;0;46
mcad;stress_exploratory_then_useful;stress;3;Q3_useful_margin;True;c1;True;0;0;0;0.333333;0.269;True;1;1;46
baseline_naive;stress_exploratory_then_useful;stress;1;Q1_noise_region;False;;True;1;0;1;0.0;0.001;;0;0;46
baseline_naive;stress_exploratory_then_useful;stress;2;Q2_noise_margin_all;False;;True;1;0;1;0.0;0.0005;;0;0;46
baseline_naive;stress_exploratory_then_useful;stress;3;Q3_useful_margin;True;c1;True;0;0;0;0.333333;0.0003;;0;0;46
baseline_measure_overlap;stress_exploratory_then_useful;stress;1;Q1_noise_region;False;;True;1;0;1;0.0;0.0149;;0;0;46
baseline_measure_overlap;stress_exploratory_then_useful;stress;2;Q2_noise_margin_all;False;;True;1;0;1;0.0;0.0052;;0;0;46
baseline_measure_overlap;stress_exploratory_then_useful;stress;3;Q3_useful_margin;True;c1;True;0;0;0;0.333333;0.004;;0;0;46
ablation_no_sat;stress_exploratory_then_useful;stress;1;Q1_noise_region;False;;False;0;0;0;0.0;0.244;False;0;0;46
ablation_no_sat;stress_exploratory_then_useful;stress;2;Q2_noise_margin_all;False;;False;0;0;0;0.0;0.172;False;0;0;46
ablation_no_sat;stress_exploratory_then_useful;stress;3;Q3_useful_margin;True;c1;True;0;0;0;0.333333;0.2666;True;1;1;46
ablation_no_real;stress_exploratory_then_useful;stress;1;Q1_noise_region;False;;False;0;0;0;0.0;0.2081;False;0;0;46
ablation_no_real;stress_exploratory_then_useful;stress;2;Q2_noise_margin_all;False;;False;0;0;0;0.0;0.1488;False;0;0;46
ablation_no_real;stress_exploratory_then_useful;stress;3;Q3_useful_margin;True;c1;True;0;0;0;0.333333;0.293;True;1;1;46
ablation_ceval_any_intersection;stress_exploratory_then_useful;stress;1;Q1_noise_region;False;;False;0;0;0;0.0;0.2004;False;0;0;46
ablation_ceval_any_intersection;stress_exploratory_then_useful;stress;2;Q2_noise_margin_all;False;;False;0;0;0;0.0;0.1442;False;0;0;46
ablation_ceval_any_intersection;stress_exploratory_then_useful;stress;3;Q3_useful_margin;True;c1;True;0;0;0;0.333333;0.2726;True;1;1;46
baseline_random_matched;stress_exploratory_then_useful;stress;1;Q1_noise_region;False;;False;0;0;0;0.0;0.0035;;0;0;46
baseline_random_matched;stress_exploratory_then_useful;stress;2;Q2_noise_margin_all;False;;False;0;0;0;0.0;0.0009;;0;0;46
baseline_random_matched;stress_exploratory_then_useful;stress;3;Q3_useful_margin;True;c1;True;0;0;0;0.333333;0.0008;;0;0;46
mcad;happy_guided_article_short;happy;1;Q1_margin_month;True;c1;True;0;0;0;0.333333;0.2817;True;1;1;47
mcad;happy_guided_article_short;happy;2;Q2_stockout_store;True;c2;True;0;0;0;0.666667;0.2571;True;1;1;47
mcad;happy_guided_article_short;happy;3;Q3_sales_growth;True;c3;True;0;0;0;1.0;0.3352;True;2;1;47
baseline_naive;happy_guided_article_short;happy;1;Q1_margin_month;True;c1;True;0;0;0;0.333333;0.0008;;0;0;47
baseline_naive;happy_guided_article_short;happy;2;Q2_stockout_store;True;c2;True;0;0;0;0.666667;0.0004;;0;0;47
baseline_naive;happy_guided_article_short;happy;3;Q3_sales_growth;True;c3;True;0;0;0;1.0;0.0003;;0;0;47
baseline_measure_overlap;happy_guided_article_short;happy;1;Q1_margin_month;True;c1;True;0;0;0;0.333333;0.0136;;0;0;47
baseline_measure_overlap;happy_guided_article_short;happy;2;Q2_stockout_store;True;c2;True;0;0;0;0.666667;0.0055;;0;0;47
baseline_measure_overlap;happy_guided_article_short;happy;3;Q3_sales_growth;True;c3;True;0;0;0;1.0;0.0044;;0;0;47
ablation_no_sat;happy_guided_article_short;happy;1;Q1_margin_month;True;c1;True;0;0;0;0.333333;0.2945;True;1;1;47
ablation_no_sat;happy_guided_article_short;happy;2;Q2_stockout_store;True;c2;True;0;0;0;0.666667;0.2475;True;1;1;47
ablation_no_sat;happy_guided_article_short;happy;3;Q3_sales_growth;True;c3;True;0;0;0;1.0;0.3332;True;2;1;47
ablation_no_real;happy_guided_article_short;happy;1;Q1_margin_month;True;c1;True;0;0;0;0.333333;0.2851;True;1;1;47
ablation_no_real;happy_guided_article_short;happy;2;Q2_stockout_store;True;c2;True;0;0;0;0.666667;0.264;True;1;1;47
ablation_no_real;happy_guided_article_short;happy;3;Q3_sales_growth;True;c3;True;0;0;0;1.0;0.3394;True;2;1;47
ablation_ceval_any_intersection;happy_guided_article_short;happy;1;Q1_margin_month;True;c1;True;0;0;0;0.333333;0.4656;True;1;1;47
ablation_ceval_any_intersection;happy_guided_article_short;happy;2;Q2_stockout_store;True;c2;True;0;0;0;0.666667;0.3882;True;1;1;47
ablation_ceval_any_intersection;happy_guided_article_short;happy;3;Q3_sales_growth;True;c3;True;0;0;0;1.0;0.5402;True;2;1;47
baseline_random_matched;happy_guided_article_short;happy;1;Q1_margin_month;True;c1;True;0;0;0;0.333333;0.0032;;0;0;47
baseline_random_matched;happy_guided_article_short;happy;2;Q2_stockout_store;True;c2;True;0;0;0;0.666667;0.0007;;0;0;47
baseline_random_matched;happy_guided_article_short;happy;3;Q3_sales_growth;True;c3;False;0;1;0;0.666667;0.0004;;0;0;47
mcad;happy_guided_reordered;happy;1;Q1_sales_growth;True;c3;True;0;0;0;0.333333;0.3768;True;2;1;47
mcad;happy_guided_reordered;happy;2;Q2_margin_month;True;c1;True;0;0;0;0.666667;0.2542;True;1;1;47
mcad;happy_guided_reordered;happy;3;Q3_stockout_store;True;c2;True;0;0;0;1.0;0.2567;True;1;1;47
baseline_naive;happy_guided_reordered;happy;1;Q1_sales_growth;True;c3;True;0;0;0;0.333333;0.001;;0;0;47
baseline_naive;happy_guided_reordered;happy;2;Q2_margin_month;True;c1;True;0;0;0;0.666667;0.0005;;0;0;47
baseline_naive;happy_guided_reordered;happy;3;Q3_stockout_store;True;c2;True;0;0;0;1.0;0.0003;;0;0;47
baseline_measure_overlap;happy_guided_reordered;happy;1;Q1_sales_growth;True;c3;True;0;0;0;0.333333;0.013;;0;0;47
baseline_measure_overlap;happy_guided_reordered;happy;2;Q2_margin_month;True;c1;True;0;0;0;0.666667;0.0052;;0;0;47
baseline_measure_overlap;happy_guided_reordered;happy;3;Q3_stockout_store;True;c2;True;0;0;0;1.0;0.0042;;0;0;47
ablation_no_sat;happy_guided_reordered;happy;1;Q1_sales_growth;True;c3;True;0;0;0;0.333333;0.3731;True;2;1;47
ablation_no_sat;happy_guided_reordered;happy;2;Q2_margin_month;True;c1;True;0;0;0;0.666667;0.2644;True;1;1;47
ablation_no_sat;happy_guided_reordered;happy;3;Q3_stockout_store;True;c2;True;0;0;0;1.0;0.2444;True;1;1;47
ablation_no_real;happy_guided_reordered;happy;1;Q1_sales_growth;True;c3;True;0;0;0;0.333333;0.3941;True;2;1;47
ablation_no_real;happy_guided_reordered;happy;2;Q2_margin_month;True;c1;True;0;0;0;0.666667;0.2879;True;1;1;47
ablation_no_real;happy_guided_reordered;happy;3;Q3_stockout_store;True;c2;True;0;0;0;1.0;0.2546;True;1;1;47
ablation_ceval_any_intersection;happy_guided_reordered;happy;1;Q1_sales_growth;True;c3;True;0;0;0;0.333333;0.8;True;2;1;47
ablation_ceval_any_intersection;happy_guided_reordered;happy;2;Q2_margin_month;True;c1;True;0;0;0;0.666667;0.4641;True;1;1;47
ablation_ceval_any_intersection;happy_guided_reordered;happy;3;Q3_stockout_store;True;c2;True;0;0;0;1.0;0.4339;True;1;1;47
baseline_random_matched;happy_guided_reordered;happy;1;Q1_sales_growth;True;c3;True;0;0;0;0.333333;0.0034;;0;0;47
baseline_random_matched;happy_guided_reordered;happy;2;Q2_margin_month;True;c1;False;0;1;0;0.333333;0.0008;;0;0;47
baseline_random_matched;happy_guided_reordered;happy;3;Q3_stockout_store;True;c2;False;0;1;0;0.333333;0.0008;;0;0;47
mcad;happy_guided_compact;happy;1;Q1_margin_month;True;c1;True;0;0;0;0.333333;0.2957;True;1;1;47
mcad;happy_guided_compact;happy;2;Q2_sales_growth;True;c3;True;0;0;0;0.666667;0.3434;True;2;1;47
mcad;happy_guided_compact;happy;3;Q3_stockout_store;True;c2;True;0;0;0;1.0;0.2445;True;1;1;47
baseline_naive;happy_guided_compact;happy;1;Q1_margin_month;True;c1;True;0;0;0;0.333333;0.0009;;0;0;47
baseline_naive;happy_guided_compact;happy;2;Q2_sales_growth;True;c3;True;0;0;0;0.666667;0.0005;;0;0;47
baseline_naive;happy_guided_compact;happy;3;Q3_stockout_store;True;c2;True;0;0;0;1.0;0.0003;;0;0;47
baseline_measure_overlap;happy_guided_compact;happy;1;Q1_margin_month;True;c1;True;0;0;0;0.333333;0.0202;;0;0;47
baseline_measure_overlap;happy_guided_compact;happy;2;Q2_sales_growth;True;c3;True;0;0;0;0.666667;0.0078;;0;0;47
baseline_measure_overlap;happy_guided_compact;happy;3;Q3_stockout_store;True;c2;True;0;0;0;1.0;0.0071;;0;0;47
ablation_no_sat;happy_guided_compact;happy;1;Q1_margin_month;True;c1;True;0;0;0;0.333333;0.502;True;1;1;47
ablation_no_sat;happy_guided_compact;happy;2;Q2_sales_growth;True;c3;True;0;0;0;0.666667;0.8836;True;2;1;47
ablation_no_sat;happy_guided_compact;happy;3;Q3_stockout_store;True;c2;True;0;0;0;1.0;0.4706;True;1;1;47
ablation_no_real;happy_guided_compact;happy;1;Q1_margin_month;True;c1;True;0;0;0;0.333333;0.2945;True;1;1;47
ablation_no_real;happy_guided_compact;happy;2;Q2_sales_growth;True;c3;True;0;0;0;0.666667;0.3448;True;2;1;47
ablation_no_real;happy_guided_compact;happy;3;Q3_stockout_store;True;c2;True;0;0;0;1.0;0.2477;True;1;1;47
ablation_ceval_any_intersection;happy_guided_compact;happy;1;Q1_margin_month;True;c1;True;0;0;0;0.333333;0.297;True;1;1;47
ablation_ceval_any_intersection;happy_guided_compact;happy;2;Q2_sales_growth;True;c3;True;0;0;0;0.666667;0.3351;True;2;1;47
ablation_ceval_any_intersection;happy_guided_compact;happy;3;Q3_stockout_store;True;c2;True;0;0;0;1.0;0.2418;True;1;1;47
baseline_random_matched;happy_guided_compact;happy;1;Q1_margin_month;True;c1;True;0;0;0;0.333333;0.003;;0;0;47
baseline_random_matched;happy_guided_compact;happy;2;Q2_sales_growth;True;c3;False;0;1;0;0.333333;0.0007;;0;0;47
baseline_random_matched;happy_guided_compact;happy;3;Q3_stockout_store;True;c2;True;0;0;0;0.666667;0.0005;;0;0;47
mcad;border_growth_partial_1998_only;border;1;Q1_sales_1998_only;False;;False;0;0;0;0.0;0.3497;True;1;0;47
baseline_naive;border_growth_partial_1998_only;border;1;Q1_sales_1998_only;False;;True;1;0;1;0.0;0.0008;;0;0;47
baseline_measure_overlap;border_growth_partial_1998_only;border;1;Q1_sales_1998_only;False;;True;1;0;1;0.0;0.015;;0;0;47
ablation_no_sat;border_growth_partial_1998_only;border;1;Q1_sales_1998_only;False;;False;0;0;0;0.0;0.3497;True;1;0;47
ablation_no_real;border_growth_partial_1998_only;border;1;Q1_sales_1998_only;False;;True;1;0;1;0.0;0.3707;True;1;0;47
ablation_ceval_any_intersection;border_growth_partial_1998_only;border;1;Q1_sales_1998_only;False;;True;1;0;1;0.0;0.5856;True;1;1;47
baseline_random_matched;border_growth_partial_1998_only;border;1;Q1_sales_1998_only;False;;True;1;0;1;0.0;0.0033;;0;0;47
mcad;border_margin_wrong_grain;border;1;Q1_margin_quarter_only;False;;False;0;0;0;0.0;0.2028;False;0;0;47
baseline_naive;border_margin_wrong_grain;border;1;Q1_margin_quarter_only;False;;True;1;0;1;0.0;0.0009;;0;0;47
baseline_measure_overlap;border_margin_wrong_grain;border;1;Q1_margin_quarter_only;False;;True;1;0;1;0.0;0.0148;;0;0;47
ablation_no_sat;border_margin_wrong_grain;border;1;Q1_margin_quarter_only;False;;False;0;0;0;0.0;0.2647;False;0;0;47
ablation_no_real;border_margin_wrong_grain;border;1;Q1_margin_quarter_only;False;;False;0;0;0;0.0;0.3664;False;0;0;47
ablation_ceval_any_intersection;border_margin_wrong_grain;border;1;Q1_margin_quarter_only;False;;False;0;0;0;0.0;0.2222;False;0;0;47
baseline_random_matched;border_margin_wrong_grain;border;1;Q1_margin_quarter_only;False;;True;1;0;1;0.0;0.0025;;0;0;47
mcad;border_stockout_missing_store;border;1;Q1_stockout_category_only;False;;False;0;0;0;0.0;0.1984;False;0;0;47
baseline_naive;border_stockout_missing_store;border;1;Q1_stockout_category_only;False;;True;1;0;1;0.0;0.0009;;0;0;47
baseline_measure_overlap;border_stockout_missing_store;border;1;Q1_stockout_category_only;False;;True;1;0;1;0.0;0.013;;0;0;47
ablation_no_sat;border_stockout_missing_store;border;1;Q1_stockout_category_only;False;;False;0;0;0;0.0;0.2606;False;0;0;47
ablation_no_real;border_stockout_missing_store;border;1;Q1_stockout_category_only;False;;False;0;0;0;0.0;0.3587;False;0;0;47
ablation_ceval_any_intersection;border_stockout_missing_store;border;1;Q1_stockout_category_only;False;;False;0;0;0;0.0;0.1955;False;0;0;47
baseline_random_matched;border_stockout_missing_store;border;1;Q1_stockout_category_only;False;;True;1;0;1;0.0;0.0025;;0;0;47
mcad;adversarial_wrong_region;adversarial;1;Q1_margin_south;False;;False;0;0;0;0.0;0.1722;False;0;0;47
baseline_naive;adversarial_wrong_region;adversarial;1;Q1_margin_south;False;;True;1;0;1;0.0;0.0009;;0;0;47
baseline_measure_overlap;adversarial_wrong_region;adversarial;1;Q1_margin_south;False;;True;1;0;1;0.0;0.0128;;0;0;47
ablation_no_sat;adversarial_wrong_region;adversarial;1;Q1_margin_south;False;;False;0;0;0;0.0;0.2087;False;0;0;47
ablation_no_real;adversarial_wrong_region;adversarial;1;Q1_margin_south;False;;False;0;0;0;0.0;0.1748;False;0;0;47
ablation_ceval_any_intersection;adversarial_wrong_region;adversarial;1;Q1_margin_south;False;;False;0;0;0;0.0;0.4559;False;0;0;47
baseline_random_matched;adversarial_wrong_region;adversarial;1;Q1_margin_south;False;;True;1;0;1;0.0;0.0026;;0;0;47
mcad;adversarial_wrong_year;adversarial;1;Q1_stockout_1997;False;;False;0;0;0;0.0;0.353;False;0;0;47
baseline_naive;adversarial_wrong_year;adversarial;1;Q1_stockout_1997;False;;True;1;0;1;0.0;0.0012;;0;0;47
baseline_measure_overlap;adversarial_wrong_year;adversarial;1;Q1_stockout_1997;False;;True;1;0;1;0.0;0.0239;;0;0;47
ablation_no_sat;adversarial_wrong_year;adversarial;1;Q1_stockout_1997;False;;False;0;0;0;0.0;0.2076;False;0;0;47
ablation_no_real;adversarial_wrong_year;adversarial;1;Q1_stockout_1997;False;;False;0;0;0;0.0;0.3542;False;0;0;47
ablation_ceval_any_intersection;adversarial_wrong_year;adversarial;1;Q1_stockout_1997;False;;False;0;0;0;0.0;0.1753;False;0;0;47
baseline_random_matched;adversarial_wrong_year;adversarial;1;Q1_stockout_1997;False;;False;0;0;0;0.0;0.0028;;0;0;47
mcad;adversarial_invalid_no_measures;adversarial;1;Q1_invalid_no_measure;False;;False;0;0;0;0.0;0.0727;False;0;0;47
baseline_naive;adversarial_invalid_no_measures;adversarial;1;Q1_invalid_no_measure;False;;True;1;0;1;0.0;0.001;;0;0;47
baseline_measure_overlap;adversarial_invalid_no_measures;adversarial;1;Q1_invalid_no_measure;False;;False;0;0;0;0.0;0.0134;;0;0;47
ablation_no_sat;adversarial_invalid_no_measures;adversarial;1;Q1_invalid_no_measure;False;;False;0;0;0;0.0;0.1327;False;0;0;47
ablation_no_real;adversarial_invalid_no_measures;adversarial;1;Q1_invalid_no_measure;False;;False;0;0;0;0.0;0.0805;False;0;0;47
ablation_ceval_any_intersection;adversarial_invalid_no_measures;adversarial;1;Q1_invalid_no_measure;False;;False;0;0;0;0.0;0.0858;False;0;0;47
baseline_random_matched;adversarial_invalid_no_measures;adversarial;1;Q1_invalid_no_measure;False;;True;1;0;1;0.0;0.0029;;0;0;47
mcad;stress_exploratory_then_useful;stress;1;Q1_noise_region;False;;False;0;0;0;0.0;0.1992;False;0;0;47
mcad;stress_exploratory_then_useful;stress;2;Q2_noise_margin_all;False;;False;0;0;0;0.0;0.1456;False;0;0;47
mcad;stress_exploratory_then_useful;stress;3;Q3_useful_margin;True;c1;True;0;0;0;0.333333;0.2627;True;1;1;47
baseline_naive;stress_exploratory_then_useful;stress;1;Q1_noise_region;False;;True;1;0;1;0.0;0.0009;;0;0;47
baseline_naive;stress_exploratory_then_useful;stress;2;Q2_noise_margin_all;False;;True;1;0;1;0.0;0.0004;;0;0;47
baseline_naive;stress_exploratory_then_useful;stress;3;Q3_useful_margin;True;c1;True;0;0;0;0.333333;0.0003;;0;0;47
baseline_measure_overlap;stress_exploratory_then_useful;stress;1;Q1_noise_region;False;;True;1;0;1;0.0;0.0283;;0;0;47
baseline_measure_overlap;stress_exploratory_then_useful;stress;2;Q2_noise_margin_all;False;;True;1;0;1;0.0;0.009;;0;0;47
baseline_measure_overlap;stress_exploratory_then_useful;stress;3;Q3_useful_margin;True;c1;True;0;0;0;0.333333;0.0074;;0;0;47
ablation_no_sat;stress_exploratory_then_useful;stress;1;Q1_noise_region;False;;False;0;0;0;0.0;0.3683;False;0;0;47
ablation_no_sat;stress_exploratory_then_useful;stress;2;Q2_noise_margin_all;False;;False;0;0;0;0.0;0.209;False;0;0;47
ablation_no_sat;stress_exploratory_then_useful;stress;3;Q3_useful_margin;True;c1;True;0;0;0;0.333333;0.2486;True;1;1;47
ablation_no_real;stress_exploratory_then_useful;stress;1;Q1_noise_region;False;;False;0;0;0;0.0;0.2169;False;0;0;47
ablation_no_real;stress_exploratory_then_useful;stress;2;Q2_noise_margin_all;False;;False;0;0;0;0.0;0.1484;False;0;0;47
ablation_no_real;stress_exploratory_then_useful;stress;3;Q3_useful_margin;True;c1;True;0;0;0;0.333333;0.2956;True;1;1;47
ablation_ceval_any_intersection;stress_exploratory_then_useful;stress;1;Q1_noise_region;False;;False;0;0;0;0.0;0.2019;False;0;0;47
ablation_ceval_any_intersection;stress_exploratory_then_useful;stress;2;Q2_noise_margin_all;False;;False;0;0;0;0.0;0.1414;False;0;0;47
ablation_ceval_any_intersection;stress_exploratory_then_useful;stress;3;Q3_useful_margin;True;c1;True;0;0;0;0.333333;0.2444;True;1;1;47
baseline_random_matched;stress_exploratory_then_useful;stress;1;Q1_noise_region;False;;False;0;0;0;0.0;0.0029;;0;0;47
baseline_random_matched;stress_exploratory_then_useful;stress;2;Q2_noise_margin_all;False;;False;0;0;0;0.0;0.0007;;0;0;47
baseline_random_matched;stress_exploratory_then_useful;stress;3;Q3_useful_margin;True;c1;True;0;0;0;0.333333;0.0005;;0;0;47
mcad;happy_guided_article_short;happy;1;Q1_margin_month;True;c1;True;0;0;0;0.333333;0.2778;True;1;1;48
mcad;happy_guided_article_short;happy;2;Q2_stockout_store;True;c2;True;0;0;0;0.666667;0.2431;True;1;1;48
mcad;happy_guided_article_short;happy;3;Q3_sales_growth;True;c3;True;0;0;0;1.0;0.342;True;2;1;48
baseline_naive;happy_guided_article_short;happy;1;Q1_margin_month;True;c1;True;0;0;0;0.333333;0.0009;;0;0;48
baseline_naive;happy_guided_article_short;happy;2;Q2_stockout_store;True;c2;True;0;0;0;0.666667;0.0004;;0;0;48
baseline_naive;happy_guided_article_short;happy;3;Q3_sales_growth;True;c3;True;0;0;0;1.0;0.0003;;0;0;48
baseline_measure_overlap;happy_guided_article_short;happy;1;Q1_margin_month;True;c1;True;0;0;0;0.333333;0.0138;;0;0;48
baseline_measure_overlap;happy_guided_article_short;happy;2;Q2_stockout_store;True;c2;True;0;0;0;0.666667;0.0051;;0;0;48
baseline_measure_overlap;happy_guided_article_short;happy;3;Q3_sales_growth;True;c3;True;0;0;0;1.0;0.0042;;0;0;48
ablation_no_sat;happy_guided_article_short;happy;1;Q1_margin_month;True;c1;True;0;0;0;0.333333;0.2996;True;1;1;48
ablation_no_sat;happy_guided_article_short;happy;2;Q2_stockout_store;True;c2;True;0;0;0;0.666667;0.2444;True;1;1;48
ablation_no_sat;happy_guided_article_short;happy;3;Q3_sales_growth;True;c3;True;0;0;0;1.0;0.3262;True;2;1;48
ablation_no_real;happy_guided_article_short;happy;1;Q1_margin_month;True;c1;True;0;0;0;0.333333;0.2843;True;1;1;48
ablation_no_real;happy_guided_article_short;happy;2;Q2_stockout_store;True;c2;True;0;0;0;0.666667;0.2594;True;1;1;48
ablation_no_real;happy_guided_article_short;happy;3;Q3_sales_growth;True;c3;True;0;0;0;1.0;0.3367;True;2;1;48
ablation_ceval_any_intersection;happy_guided_article_short;happy;1;Q1_margin_month;True;c1;True;0;0;0;0.333333;0.2744;True;1;1;48
ablation_ceval_any_intersection;happy_guided_article_short;happy;2;Q2_stockout_store;True;c2;True;0;0;0;0.666667;0.2459;True;1;1;48
ablation_ceval_any_intersection;happy_guided_article_short;happy;3;Q3_sales_growth;True;c3;True;0;0;0;1.0;0.3579;True;2;1;48
baseline_random_matched;happy_guided_article_short;happy;1;Q1_margin_month;True;c1;True;0;0;0;0.333333;0.003;;0;0;48
baseline_random_matched;happy_guided_article_short;happy;2;Q2_stockout_store;True;c2;False;0;1;0;0.333333;0.0007;;0;0;48
baseline_random_matched;happy_guided_article_short;happy;3;Q3_sales_growth;True;c3;False;0;1;0;0.333333;0.0005;;0;0;48
mcad;happy_guided_reordered;happy;1;Q1_sales_growth;True;c3;True;0;0;0;0.333333;0.7046;True;2;1;48
mcad;happy_guided_reordered;happy;2;Q2_margin_month;True;c1;True;0;0;0;0.666667;0.4917;True;1;1;48
mcad;happy_guided_reordered;happy;3;Q3_stockout_store;True;c2;True;0;0;0;1.0;0.5499;True;1;1;48
baseline_naive;happy_guided_reordered;happy;1;Q1_sales_growth;True;c3;True;0;0;0;0.333333;0.0014;;0;0;48
baseline_naive;happy_guided_reordered;happy;2;Q2_margin_month;True;c1;True;0;0;0;0.666667;0.0007;;0;0;48
baseline_naive;happy_guided_reordered;happy;3;Q3_stockout_store;True;c2;True;0;0;0;1.0;0.0006;;0;0;48
baseline_measure_overlap;happy_guided_reordered;happy;1;Q1_sales_growth;True;c3;True;0;0;0;0.333333;0.0218;;0;0;48
baseline_measure_overlap;happy_guided_reordered;happy;2;Q2_margin_month;True;c1;True;0;0;0;0.666667;0.0097;;0;0;48
baseline_measure_overlap;happy_guided_reordered;happy;3;Q3_stockout_store;True;c2;True;0;0;0;1.0;0.0089;;0;0;48
ablation_no_sat;happy_guided_reordered;happy;1;Q1_sales_growth;True;c3;True;0;0;0;0.333333;0.6673;True;2;1;48
ablation_no_sat;happy_guided_reordered;happy;2;Q2_margin_month;True;c1;True;0;0;0;0.666667;0.4469;True;1;1;48
ablation_no_sat;happy_guided_reordered;happy;3;Q3_stockout_store;True;c2;True;0;0;0;1.0;0.4252;True;1;1;48
ablation_no_real;happy_guided_reordered;happy;1;Q1_sales_growth;True;c3;True;0;0;0;0.333333;0.3828;True;2;1;48
ablation_no_real;happy_guided_reordered;happy;2;Q2_margin_month;True;c1;True;0;0;0;0.666667;0.2562;True;1;1;48
ablation_no_real;happy_guided_reordered;happy;3;Q3_stockout_store;True;c2;True;0;0;0;1.0;0.257;True;1;1;48
ablation_ceval_any_intersection;happy_guided_reordered;happy;1;Q1_sales_growth;True;c3;True;0;0;0;0.333333;0.3897;True;2;1;48
ablation_ceval_any_intersection;happy_guided_reordered;happy;2;Q2_margin_month;True;c1;True;0;0;0;0.666667;0.2441;True;1;1;48
ablation_ceval_any_intersection;happy_guided_reordered;happy;3;Q3_stockout_store;True;c2;True;0;0;0;1.0;0.2382;True;1;1;48
baseline_random_matched;happy_guided_reordered;happy;1;Q1_sales_growth;True;c3;False;0;1;0;0.0;0.0042;;0;0;48
baseline_random_matched;happy_guided_reordered;happy;2;Q2_margin_month;True;c1;True;0;0;0;0.333333;0.0011;;0;0;48
baseline_random_matched;happy_guided_reordered;happy;3;Q3_stockout_store;True;c2;True;0;0;0;0.666667;0.0008;;0;0;48
mcad;happy_guided_compact;happy;1;Q1_margin_month;True;c1;True;0;0;0;0.333333;0.2825;True;1;1;48
mcad;happy_guided_compact;happy;2;Q2_sales_growth;True;c3;True;0;0;0;0.666667;0.4508;True;2;1;48
mcad;happy_guided_compact;happy;3;Q3_stockout_store;True;c2;True;0;0;0;1.0;0.2611;True;1;1;48
baseline_naive;happy_guided_compact;happy;1;Q1_margin_month;True;c1;True;0;0;0;0.333333;0.001;;0;0;48
baseline_naive;happy_guided_compact;happy;2;Q2_sales_growth;True;c3;True;0;0;0;0.666667;0.0005;;0;0;48
baseline_naive;happy_guided_compact;happy;3;Q3_stockout_store;True;c2;True;0;0;0;1.0;0.0003;;0;0;48
baseline_measure_overlap;happy_guided_compact;happy;1;Q1_margin_month;True;c1;True;0;0;0;0.333333;0.0139;;0;0;48
baseline_measure_overlap;happy_guided_compact;happy;2;Q2_sales_growth;True;c3;True;0;0;0;0.666667;0.0051;;0;0;48
baseline_measure_overlap;happy_guided_compact;happy;3;Q3_stockout_store;True;c2;True;0;0;0;1.0;0.0044;;0;0;48
ablation_no_sat;happy_guided_compact;happy;1;Q1_margin_month;True;c1;True;0;0;0;0.333333;0.2809;True;1;1;48
ablation_no_sat;happy_guided_compact;happy;2;Q2_sales_growth;True;c3;True;0;0;0;0.666667;0.3339;True;2;1;48
ablation_no_sat;happy_guided_compact;happy;3;Q3_stockout_store;True;c2;True;0;0;0;1.0;0.2493;True;1;1;48
ablation_no_real;happy_guided_compact;happy;1;Q1_margin_month;True;c1;True;0;0;0;0.333333;0.2851;True;1;1;48
ablation_no_real;happy_guided_compact;happy;2;Q2_sales_growth;True;c3;True;0;0;0;0.666667;0.3384;True;2;1;48
ablation_no_real;happy_guided_compact;happy;3;Q3_stockout_store;True;c2;True;0;0;0;1.0;0.2449;True;1;1;48
ablation_ceval_any_intersection;happy_guided_compact;happy;1;Q1_margin_month;True;c1;True;0;0;0;0.333333;0.2851;True;1;1;48
ablation_ceval_any_intersection;happy_guided_compact;happy;2;Q2_sales_growth;True;c3;True;0;0;0;0.666667;0.3309;True;2;1;48
ablation_ceval_any_intersection;happy_guided_compact;happy;3;Q3_stockout_store;True;c2;True;0;0;0;1.0;0.2367;True;1;1;48
baseline_random_matched;happy_guided_compact;happy;1;Q1_margin_month;True;c1;True;0;0;0;0.333333;0.0035;;0;0;48
baseline_random_matched;happy_guided_compact;happy;2;Q2_sales_growth;True;c3;True;0;0;0;0.666667;0.001;;0;0;48
baseline_random_matched;happy_guided_compact;happy;3;Q3_stockout_store;True;c2;False;0;1;0;0.666667;0.0008;;0;0;48
mcad;border_growth_partial_1998_only;border;1;Q1_sales_1998_only;False;;False;0;0;0;0.0;0.3379;True;1;0;48
baseline_naive;border_growth_partial_1998_only;border;1;Q1_sales_1998_only;False;;True;1;0;1;0.0;0.0009;;0;0;48
baseline_measure_overlap;border_growth_partial_1998_only;border;1;Q1_sales_1998_only;False;;True;1;0;1;0.0;0.0134;;0;0;48
ablation_no_sat;border_growth_partial_1998_only;border;1;Q1_sales_1998_only;False;;False;0;0;0;0.0;0.3555;True;1;0;48
ablation_no_real;border_growth_partial_1998_only;border;1;Q1_sales_1998_only;False;;True;1;0;1;0.0;0.6343;True;1;0;48
ablation_ceval_any_intersection;border_growth_partial_1998_only;border;1;Q1_sales_1998_only;False;;True;1;0;1;0.0;0.3482;True;1;1;48
baseline_random_matched;border_growth_partial_1998_only;border;1;Q1_sales_1998_only;False;;True;1;0;1;0.0;0.0038;;0;0;48
mcad;border_margin_wrong_grain;border;1;Q1_margin_quarter_only;False;;False;0;0;0;0.0;0.2006;False;0;0;48
baseline_naive;border_margin_wrong_grain;border;1;Q1_margin_quarter_only;False;;True;1;0;1;0.0;0.0009;;0;0;48
baseline_measure_overlap;border_margin_wrong_grain;border;1;Q1_margin_quarter_only;False;;True;1;0;1;0.0;0.0134;;0;0;48
ablation_no_sat;border_margin_wrong_grain;border;1;Q1_margin_quarter_only;False;;False;0;0;0;0.0;0.2623;False;0;0;48
ablation_no_real;border_margin_wrong_grain;border;1;Q1_margin_quarter_only;False;;False;0;0;0;0.0;0.2041;False;0;0;48
ablation_ceval_any_intersection;border_margin_wrong_grain;border;1;Q1_margin_quarter_only;False;;False;0;0;0;0.0;0.2219;False;0;0;48
baseline_random_matched;border_margin_wrong_grain;border;1;Q1_margin_quarter_only;False;;False;0;0;0;0.0;0.0037;;0;0;48
mcad;border_stockout_missing_store;border;1;Q1_stockout_category_only;False;;False;0;0;0;0.0;0.1969;False;0;0;48
baseline_naive;border_stockout_missing_store;border;1;Q1_stockout_category_only;False;;True;1;0;1;0.0;0.0009;;0;0;48
baseline_measure_overlap;border_stockout_missing_store;border;1;Q1_stockout_category_only;False;;True;1;0;1;0.0;0.0234;;0;0;48
ablation_no_sat;border_stockout_missing_store;border;1;Q1_stockout_category_only;False;;False;0;0;0;0.0;0.2847;False;0;0;48
ablation_no_real;border_stockout_missing_store;border;1;Q1_stockout_category_only;False;;False;0;0;0;0.0;0.2043;False;0;0;48
ablation_ceval_any_intersection;border_stockout_missing_store;border;1;Q1_stockout_category_only;False;;False;0;0;0;0.0;0.1923;False;0;0;48
baseline_random_matched;border_stockout_missing_store;border;1;Q1_stockout_category_only;False;;False;0;0;0;0.0;0.003;;0;0;48
mcad;adversarial_wrong_region;adversarial;1;Q1_margin_south;False;;False;0;0;0;0.0;0.1692;False;0;0;48
baseline_naive;adversarial_wrong_region;adversarial;1;Q1_margin_south;False;;True;1;0;1;0.0;0.001;;0;0;48
baseline_measure_overlap;adversarial_wrong_region;adversarial;1;Q1_margin_south;False;;True;1;0;1;0.0;0.015;;0;0;48
ablation_no_sat;adversarial_wrong_region;adversarial;1;Q1_margin_south;False;;False;0;0;0;0.0;0.2085;False;0;0;48
ablation_no_real;adversarial_wrong_region;adversarial;1;Q1_margin_south;False;;False;0;0;0;0.0;0.1768;False;0;0;48
ablation_ceval_any_intersection;adversarial_wrong_region;adversarial;1;Q1_margin_south;False;;False;0;0;0;0.0;0.1674;False;0;0;48
baseline_random_matched;adversarial_wrong_region;adversarial;1;Q1_margin_south;False;;True;1;0;1;0.0;0.0028;;0;0;48
mcad;adversarial_wrong_year;adversarial;1;Q1_stockout_1997;False;;False;0;0;0;0.0;0.2567;False;0;0;48
baseline_naive;adversarial_wrong_year;adversarial;1;Q1_stockout_1997;False;;True;1;0;1;0.0;0.0012;;0;0;48
baseline_measure_overlap;adversarial_wrong_year;adversarial;1;Q1_stockout_1997;False;;True;1;0;1;0.0;0.0131;;0;0;48
ablation_no_sat;adversarial_wrong_year;adversarial;1;Q1_stockout_1997;False;;False;0;0;0;0.0;0.199;False;0;0;48
ablation_no_real;adversarial_wrong_year;adversarial;1;Q1_stockout_1997;False;;False;0;0;0;0.0;0.204;False;0;0;48
ablation_ceval_any_intersection;adversarial_wrong_year;adversarial;1;Q1_stockout_1997;False;;False;0;0;0;0.0;0.1623;False;0;0;48
baseline_random_matched;adversarial_wrong_year;adversarial;1;Q1_stockout_1997;False;;True;1;0;1;0.0;0.0026;;0;0;48
mcad;adversarial_invalid_no_measures;adversarial;1;Q1_invalid_no_measure;False;;False;0;0;0;0.0;0.0745;False;0;0;48
baseline_naive;adversarial_invalid_no_measures;adversarial;1;Q1_invalid_no_measure;False;;True;1;0;1;0.0;0.001;;0;0;48
baseline_measure_overlap;adversarial_invalid_no_measures;adversarial;1;Q1_invalid_no_measure;False;;False;0;0;0;0.0;0.0135;;0;0;48
ablation_no_sat;adversarial_invalid_no_measures;adversarial;1;Q1_invalid_no_measure;False;;False;0;0;0;0.0;0.088;False;0;0;48
ablation_no_real;adversarial_invalid_no_measures;adversarial;1;Q1_invalid_no_measure;False;;False;0;0;0;0.0;0.0779;False;0;0;48
ablation_ceval_any_intersection;adversarial_invalid_no_measures;adversarial;1;Q1_invalid_no_measure;False;;False;0;0;0;0.0;0.0703;False;0;0;48
baseline_random_matched;adversarial_invalid_no_measures;adversarial;1;Q1_invalid_no_measure;False;;True;1;0;1;0.0;0.0035;;0;0;48
mcad;stress_exploratory_then_useful;stress;1;Q1_noise_region;False;;False;0;0;0;0.0;0.1984;False;0;0;48
mcad;stress_exploratory_then_useful;stress;2;Q2_noise_margin_all;False;;False;0;0;0;0.0;0.1425;False;0;0;48
mcad;stress_exploratory_then_useful;stress;3;Q3_useful_margin;True;c1;True;0;0;0;0.333333;0.251;True;1;1;48
baseline_naive;stress_exploratory_then_useful;stress;1;Q1_noise_region;False;;True;1;0;1;0.0;0.0012;;0;0;48
baseline_naive;stress_exploratory_then_useful;stress;2;Q2_noise_margin_all;False;;True;1;0;1;0.0;0.0007;;0;0;48
baseline_naive;stress_exploratory_then_useful;stress;3;Q3_useful_margin;True;c1;True;0;0;0;0.333333;0.0005;;0;0;48
baseline_measure_overlap;stress_exploratory_then_useful;stress;1;Q1_noise_region;False;;True;1;0;1;0.0;0.0139;;0;0;48
baseline_measure_overlap;stress_exploratory_then_useful;stress;2;Q2_noise_margin_all;False;;True;1;0;1;0.0;0.0055;;0;0;48
baseline_measure_overlap;stress_exploratory_then_useful;stress;3;Q3_useful_margin;True;c1;True;0;0;0;0.333333;0.0044;;0;0;48
ablation_no_sat;stress_exploratory_then_useful;stress;1;Q1_noise_region;False;;False;0;0;0;0.0;0.2459;False;0;0;48
ablation_no_sat;stress_exploratory_then_useful;stress;2;Q2_noise_margin_all;False;;False;0;0;0;0.0;0.1689;False;0;0;48
ablation_no_sat;stress_exploratory_then_useful;stress;3;Q3_useful_margin;True;c1;True;0;0;0;0.333333;0.2459;True;1;1;48
ablation_no_real;stress_exploratory_then_useful;stress;1;Q1_noise_region;False;;False;0;0;0;0.0;0.2033;False;0;0;48
ablation_no_real;stress_exploratory_then_useful;stress;2;Q2_noise_margin_all;False;;False;0;0;0;0.0;0.1479;False;0;0;48
ablation_no_real;stress_exploratory_then_useful;stress;3;Q3_useful_margin;True;c1;True;0;0;0;0.333333;0.2614;True;1;1;48
ablation_ceval_any_intersection;stress_exploratory_then_useful;stress;1;Q1_noise_region;False;;False;0;0;0;0.0;0.2055;False;0;0;48
ablation_ceval_any_intersection;stress_exploratory_then_useful;stress;2;Q2_noise_margin_all;False;;False;0;0;0;0.0;0.1417;False;0;0;48
ablation_ceval_any_intersection;stress_exploratory_then_useful;stress;3;Q3_useful_margin;True;c1;True;0;0;0;0.333333;0.2468;True;1;1;48
baseline_random_matched;stress_exploratory_then_useful;stress;1;Q1_noise_region;False;;False;0;0;0;0.0;0.0028;;0;0;48
baseline_random_matched;stress_exploratory_then_useful;stress;2;Q2_noise_margin_all;False;;True;1;0;1;0.0;0.0006;;0;0;48
baseline_random_matched;stress_exploratory_then_useful;stress;3;Q3_useful_margin;True;c1;True;0;0;0;0.333333;0.0005;;0;0;48
mcad;happy_guided_article_short;happy;1;Q1_margin_month;True;c1;True;0;0;0;0.333333;0.2783;True;1;1;49
mcad;happy_guided_article_short;happy;2;Q2_stockout_store;True;c2;True;0;0;0;0.666667;0.2436;True;1;1;49
mcad;happy_guided_article_short;happy;3;Q3_sales_growth;True;c3;True;0;0;0;1.0;0.3423;True;2;1;49
baseline_naive;happy_guided_article_short;happy;1;Q1_margin_month;True;c1;True;0;0;0;0.333333;0.0009;;0;0;49
baseline_naive;happy_guided_article_short;happy;2;Q2_stockout_store;True;c2;True;0;0;0;0.666667;0.0005;;0;0;49
baseline_naive;happy_guided_article_short;happy;3;Q3_sales_growth;True;c3;True;0;0;0;1.0;0.0003;;0;0;49
baseline_measure_overlap;happy_guided_article_short;happy;1;Q1_margin_month;True;c1;True;0;0;0;0.333333;0.0196;;0;0;49
baseline_measure_overlap;happy_guided_article_short;happy;2;Q2_stockout_store;True;c2;True;0;0;0;0.666667;0.0087;;0;0;49
baseline_measure_overlap;happy_guided_article_short;happy;3;Q3_sales_growth;True;c3;True;0;0;0;1.0;0.0076;;0;0;49
ablation_no_sat;happy_guided_article_short;happy;1;Q1_margin_month;True;c1;True;0;0;0;0.333333;0.2828;True;1;1;49
ablation_no_sat;happy_guided_article_short;happy;2;Q2_stockout_store;True;c2;True;0;0;0;0.666667;0.2566;True;1;1;49
ablation_no_sat;happy_guided_article_short;happy;3;Q3_sales_growth;True;c3;True;0;0;0;1.0;0.3272;True;2;1;49
ablation_no_real;happy_guided_article_short;happy;1;Q1_margin_month;True;c1;True;0;0;0;0.333333;0.2862;True;1;1;49
ablation_no_real;happy_guided_article_short;happy;2;Q2_stockout_store;True;c2;True;0;0;0;0.666667;0.2486;True;1;1;49
ablation_no_real;happy_guided_article_short;happy;3;Q3_sales_growth;True;c3;True;0;0;0;1.0;0.3436;True;2;1;49
ablation_ceval_any_intersection;happy_guided_article_short;happy;1;Q1_margin_month;True;c1;True;0;0;0;0.333333;0.2753;True;1;1;49
ablation_ceval_any_intersection;happy_guided_article_short;happy;2;Q2_stockout_store;True;c2;True;0;0;0;0.666667;0.2429;True;1;1;49
ablation_ceval_any_intersection;happy_guided_article_short;happy;3;Q3_sales_growth;True;c3;True;0;0;0;1.0;0.3317;True;2;1;49
baseline_random_matched;happy_guided_article_short;happy;1;Q1_margin_month;True;c1;True;0;0;0;0.333333;0.0031;;0;0;49
baseline_random_matched;happy_guided_article_short;happy;2;Q2_stockout_store;True;c2;False;0;1;0;0.333333;0.0006;;0;0;49
baseline_random_matched;happy_guided_article_short;happy;3;Q3_sales_growth;True;c3;False;0;1;0;0.333333;0.0005;;0;0;49
mcad;happy_guided_reordered;happy;1;Q1_sales_growth;True;c3;True;0;0;0;0.333333;0.3668;True;2;1;49
mcad;happy_guided_reordered;happy;2;Q2_margin_month;True;c1;True;0;0;0;0.666667;0.2584;True;1;1;49
mcad;happy_guided_reordered;happy;3;Q3_stockout_store;True;c2;True;0;0;0;1.0;0.2406;True;1;1;49
baseline_naive;happy_guided_reordered;happy;1;Q1_sales_growth;True;c3;True;0;0;0;0.333333;0.0009;;0;0;49
baseline_naive;happy_guided_reordered;happy;2;Q2_margin_month;True;c1;True;0;0;0;0.666667;0.0004;;0;0;49
baseline_naive;happy_guided_reordered;happy;3;Q3_stockout_store;True;c2;True;0;0;0;1.0;0.0003;;0;0;49
baseline_measure_overlap;happy_guided_reordered;happy;1;Q1_sales_growth;True;c3;True;0;0;0;0.333333;0.0141;;0;0;49
baseline_measure_overlap;happy_guided_reordered;happy;2;Q2_margin_month;True;c1;True;0;0;0;0.666667;0.0054;;0;0;49
baseline_measure_overlap;happy_guided_reordered;happy;3;Q3_stockout_store;True;c2;True;0;0;0;1.0;0.0043;;0;0;49
ablation_no_sat;happy_guided_reordered;happy;1;Q1_sales_growth;True;c3;True;0;0;0;0.333333;0.3684;True;2;1;49
ablation_no_sat;happy_guided_reordered;happy;2;Q2_margin_month;True;c1;True;0;0;0;0.666667;0.2613;True;1;1;49
ablation_no_sat;happy_guided_reordered;happy;3;Q3_stockout_store;True;c2;True;0;0;0;1.0;0.2422;True;1;1;49
ablation_no_real;happy_guided_reordered;happy;1;Q1_sales_growth;True;c3;True;0;0;0;0.333333;0.3725;True;2;1;49
ablation_no_real;happy_guided_reordered;happy;2;Q2_margin_month;True;c1;True;0;0;0;0.666667;0.309;True;1;1;49
ablation_no_real;happy_guided_reordered;happy;3;Q3_stockout_store;True;c2;True;0;0;0;1.0;0.246;True;1;1;49
ablation_ceval_any_intersection;happy_guided_reordered;happy;1;Q1_sales_growth;True;c3;True;0;0;0;0.333333;0.5648;True;2;1;49
ablation_ceval_any_intersection;happy_guided_reordered;happy;2;Q2_margin_month;True;c1;True;0;0;0;0.666667;0.4474;True;1;1;49
ablation_ceval_any_intersection;happy_guided_reordered;happy;3;Q3_stockout_store;True;c2;True;0;0;0;1.0;0.4671;True;1;1;49
baseline_random_matched;happy_guided_reordered;happy;1;Q1_sales_growth;True;c3;True;0;0;0;0.333333;0.0031;;0;0;49
baseline_random_matched;happy_guided_reordered;happy;2;Q2_margin_month;True;c1;False;0;1;0;0.333333;0.0007;;0;0;49
baseline_random_matched;happy_guided_reordered;happy;3;Q3_stockout_store;True;c2;False;0;1;0;0.333333;0.0004;;0;0;49
mcad;happy_guided_compact;happy;1;Q1_margin_month;True;c1;True;0;0;0;0.333333;0.2927;True;1;1;49
mcad;happy_guided_compact;happy;2;Q2_sales_growth;True;c3;True;0;0;0;0.666667;0.334;True;2;1;49
mcad;happy_guided_compact;happy;3;Q3_stockout_store;True;c2;True;0;0;0;1.0;0.2397;True;1;1;49
baseline_naive;happy_guided_compact;happy;1;Q1_margin_month;True;c1;True;0;0;0;0.333333;0.0012;;0;0;49
baseline_naive;happy_guided_compact;happy;2;Q2_sales_growth;True;c3;True;0;0;0;0.666667;0.0005;;0;0;49
baseline_naive;happy_guided_compact;happy;3;Q3_stockout_store;True;c2;True;0;0;0;1.0;0.0003;;0;0;49
baseline_measure_overlap;happy_guided_compact;happy;1;Q1_margin_month;True;c1;True;0;0;0;0.333333;0.0212;;0;0;49
baseline_measure_overlap;happy_guided_compact;happy;2;Q2_sales_growth;True;c3;True;0;0;0;0.666667;0.0053;;0;0;49
baseline_measure_overlap;happy_guided_compact;happy;3;Q3_stockout_store;True;c2;True;0;0;0;1.0;0.0041;;0;0;49
ablation_no_sat;happy_guided_compact;happy;1;Q1_margin_month;True;c1;True;0;0;0;0.333333;0.3051;True;1;1;49
ablation_no_sat;happy_guided_compact;happy;2;Q2_sales_growth;True;c3;True;0;0;0;0.666667;0.3597;True;2;1;49
ablation_no_sat;happy_guided_compact;happy;3;Q3_stockout_store;True;c2;True;0;0;0;1.0;0.288;True;1;1;49
ablation_no_real;happy_guided_compact;happy;1;Q1_margin_month;True;c1;True;0;0;0;0.333333;0.3096;True;1;1;49
ablation_no_real;happy_guided_compact;happy;2;Q2_sales_growth;True;c3;True;0;0;0;0.666667;0.3406;True;2;1;49
ablation_no_real;happy_guided_compact;happy;3;Q3_stockout_store;True;c2;True;0;0;0;1.0;0.2455;True;1;1;49
ablation_ceval_any_intersection;happy_guided_compact;happy;1;Q1_margin_month;True;c1;True;0;0;0;0.333333;0.4698;True;1;1;49
ablation_ceval_any_intersection;happy_guided_compact;happy;2;Q2_sales_growth;True;c3;True;0;0;0;0.666667;0.7219;True;2;1;49
ablation_ceval_any_intersection;happy_guided_compact;happy;3;Q3_stockout_store;True;c2;True;0;0;0;1.0;0.4304;True;1;1;49
baseline_random_matched;happy_guided_compact;happy;1;Q1_margin_month;True;c1;True;0;0;0;0.333333;0.003;;0;0;49
baseline_random_matched;happy_guided_compact;happy;2;Q2_sales_growth;True;c3;True;0;0;0;0.666667;0.0007;;0;0;49
baseline_random_matched;happy_guided_compact;happy;3;Q3_stockout_store;True;c2;False;0;1;0;0.666667;0.0005;;0;0;49
mcad;border_growth_partial_1998_only;border;1;Q1_sales_1998_only;False;;False;0;0;0;0.0;0.8331;True;1;0;49
baseline_naive;border_growth_partial_1998_only;border;1;Q1_sales_1998_only;False;;True;1;0;1;0.0;0.0016;;0;0;49
baseline_measure_overlap;border_growth_partial_1998_only;border;1;Q1_sales_1998_only;False;;True;1;0;1;0.0;0.0225;;0;0;49
ablation_no_sat;border_growth_partial_1998_only;border;1;Q1_sales_1998_only;False;;False;0;0;0;0.0;0.5954;True;1;0;49
ablation_no_real;border_growth_partial_1998_only;border;1;Q1_sales_1998_only;False;;True;1;0;1;0.0;0.3691;True;1;0;49
ablation_ceval_any_intersection;border_growth_partial_1998_only;border;1;Q1_sales_1998_only;False;;True;1;0;1;0.0;0.3436;True;1;1;49
baseline_random_matched;border_growth_partial_1998_only;border;1;Q1_sales_1998_only;False;;False;0;0;0;0.0;0.003;;0;0;49
mcad;border_margin_wrong_grain;border;1;Q1_margin_quarter_only;False;;False;0;0;0;0.0;0.2108;False;0;0;49
baseline_naive;border_margin_wrong_grain;border;1;Q1_margin_quarter_only;False;;True;1;0;1;0.0;0.0009;;0;0;49
baseline_measure_overlap;border_margin_wrong_grain;border;1;Q1_margin_quarter_only;False;;True;1;0;1;0.0;0.0212;;0;0;49
ablation_no_sat;border_margin_wrong_grain;border;1;Q1_margin_quarter_only;False;;False;0;0;0;0.0;0.2756;False;0;0;49
ablation_no_real;border_margin_wrong_grain;border;1;Q1_margin_quarter_only;False;;False;0;0;0;0.0;0.227;False;0;0;49
ablation_ceval_any_intersection;border_margin_wrong_grain;border;1;Q1_margin_quarter_only;False;;False;0;0;0;0.0;0.2051;False;0;0;49
baseline_random_matched;border_margin_wrong_grain;border;1;Q1_margin_quarter_only;False;;False;0;0;0;0.0;0.003;;0;0;49
mcad;border_stockout_missing_store;border;1;Q1_stockout_category_only;False;;False;0;0;0;0.0;0.2002;False;0;0;49
baseline_naive;border_stockout_missing_store;border;1;Q1_stockout_category_only;False;;True;1;0;1;0.0;0.001;;0;0;49
baseline_measure_overlap;border_stockout_missing_store;border;1;Q1_stockout_category_only;False;;True;1;0;1;0.0;0.0199;;0;0;49
ablation_no_sat;border_stockout_missing_store;border;1;Q1_stockout_category_only;False;;False;0;0;0;0.0;0.2778;False;0;0;49
ablation_no_real;border_stockout_missing_store;border;1;Q1_stockout_category_only;False;;False;0;0;0;0.0;0.2111;False;0;0;49
ablation_ceval_any_intersection;border_stockout_missing_store;border;1;Q1_stockout_category_only;False;;False;0;0;0;0.0;0.199;False;0;0;49
baseline_random_matched;border_stockout_missing_store;border;1;Q1_stockout_category_only;False;;True;1;0;1;0.0;0.0032;;0;0;49
mcad;adversarial_wrong_region;adversarial;1;Q1_margin_south;False;;False;0;0;0;0.0;0.1703;False;0;0;49
baseline_naive;adversarial_wrong_region;adversarial;1;Q1_margin_south;False;;True;1;0;1;0.0;0.001;;0;0;49
baseline_measure_overlap;adversarial_wrong_region;adversarial;1;Q1_margin_south;False;;True;1;0;1;0.0;0.0137;;0;0;49
ablation_no_sat;adversarial_wrong_region;adversarial;1;Q1_margin_south;False;;False;0;0;0;0.0;0.35;False;0;0;49
ablation_no_real;adversarial_wrong_region;adversarial;1;Q1_margin_south;False;;False;0;0;0;0.0;0.1886;False;0;0;49
ablation_ceval_any_intersection;adversarial_wrong_region;adversarial;1;Q1_margin_south;False;;False;0;0;0;0.0;0.167;False;0;0;49
baseline_random_matched;adversarial_wrong_region;adversarial;1;Q1_margin_south;False;;False;0;0;0;0.0;0.0026;;0;0;49
mcad;adversarial_wrong_year;adversarial;1;Q1_stockout_1997;False;;False;0;0;0;0.0;0.1641;False;0;0;49
baseline_naive;adversarial_wrong_year;adversarial;1;Q1_stockout_1997;False;;True;1;0;1;0.0;0.0009;;0;0;49
baseline_measure_overlap;adversarial_wrong_year;adversarial;1;Q1_stockout_1997;False;;True;1;0;1;0.0;0.0131;;0;0;49
ablation_no_sat;adversarial_wrong_year;adversarial;1;Q1_stockout_1997;False;;False;0;0;0;0.0;0.1872;False;0;0;49
ablation_no_real;adversarial_wrong_year;adversarial;1;Q1_stockout_1997;False;;False;0;0;0;0.0;0.2849;False;0;0;49
ablation_ceval_any_intersection;adversarial_wrong_year;adversarial;1;Q1_stockout_1997;False;;False;0;0;0;0.0;0.1642;False;0;0;49
baseline_random_matched;adversarial_wrong_year;adversarial;1;Q1_stockout_1997;False;;True;1;0;1;0.0;0.0026;;0;0;49
mcad;adversarial_invalid_no_measures;adversarial;1;Q1_invalid_no_measure;False;;False;0;0;0;0.0;0.0741;False;0;0;49
baseline_naive;adversarial_invalid_no_measures;adversarial;1;Q1_invalid_no_measure;False;;True;1;0;1;0.0;0.001;;0;0;49
baseline_measure_overlap;adversarial_invalid_no_measures;adversarial;1;Q1_invalid_no_measure;False;;False;0;0;0;0.0;0.0143;;0;0;49
ablation_no_sat;adversarial_invalid_no_measures;adversarial;1;Q1_invalid_no_measure;False;;False;0;0;0;0.0;0.0885;False;0;0;49
ablation_no_real;adversarial_invalid_no_measures;adversarial;1;Q1_invalid_no_measure;False;;False;0;0;0;0.0;0.0793;False;0;0;49
ablation_ceval_any_intersection;adversarial_invalid_no_measures;adversarial;1;Q1_invalid_no_measure;False;;False;0;0;0;0.0;0.096;False;0;0;49
baseline_random_matched;adversarial_invalid_no_measures;adversarial;1;Q1_invalid_no_measure;False;;True;1;0;1;0.0;0.0027;;0;0;49
mcad;stress_exploratory_then_useful;stress;1;Q1_noise_region;False;;False;0;0;0;0.0;0.1989;False;0;0;49
mcad;stress_exploratory_then_useful;stress;2;Q2_noise_margin_all;False;;False;0;0;0;0.0;0.1687;False;0;0;49
mcad;stress_exploratory_then_useful;stress;3;Q3_useful_margin;True;c1;True;0;0;0;0.333333;0.2523;True;1;1;49
baseline_naive;stress_exploratory_then_useful;stress;1;Q1_noise_region;False;;True;1;0;1;0.0;0.001;;0;0;49
baseline_naive;stress_exploratory_then_useful;stress;2;Q2_noise_margin_all;False;;True;1;0;1;0.0;0.0004;;0;0;49
baseline_naive;stress_exploratory_then_useful;stress;3;Q3_useful_margin;True;c1;True;0;0;0;0.333333;0.0003;;0;0;49
baseline_measure_overlap;stress_exploratory_then_useful;stress;1;Q1_noise_region;False;;True;1;0;1;0.0;0.0221;;0;0;49
baseline_measure_overlap;stress_exploratory_then_useful;stress;2;Q2_noise_margin_all;False;;True;1;0;1;0.0;0.0054;;0;0;49
baseline_measure_overlap;stress_exploratory_then_useful;stress;3;Q3_useful_margin;True;c1;True;0;0;0;0.333333;0.0042;;0;0;49
ablation_no_sat;stress_exploratory_then_useful;stress;1;Q1_noise_region;False;;False;0;0;0;0.0;0.2352;False;0;0;49
ablation_no_sat;stress_exploratory_then_useful;stress;2;Q2_noise_margin_all;False;;False;0;0;0;0.0;0.1799;False;0;0;49
ablation_no_sat;stress_exploratory_then_useful;stress;3;Q3_useful_margin;True;c1;True;0;0;0;0.333333;0.2442;True;1;1;49
ablation_no_real;stress_exploratory_then_useful;stress;1;Q1_noise_region;False;;False;0;0;0;0.0;0.2021;False;0;0;49
ablation_no_real;stress_exploratory_then_useful;stress;2;Q2_noise_margin_all;False;;False;0;0;0;0.0;0.1492;False;0;0;49
ablation_no_real;stress_exploratory_then_useful;stress;3;Q3_useful_margin;True;c1;True;0;0;0;0.333333;0.2525;True;1;1;49
ablation_ceval_any_intersection;stress_exploratory_then_useful;stress;1;Q1_noise_region;False;;False;0;0;0;0.0;0.3199;False;0;0;49
ablation_ceval_any_intersection;stress_exploratory_then_useful;stress;2;Q2_noise_margin_all;False;;False;0;0;0;0.0;0.1441;False;0;0;49
ablation_ceval_any_intersection;stress_exploratory_then_useful;stress;3;Q3_useful_margin;True;c1;True;0;0;0;0.333333;0.246;True;1;1;49
baseline_random_matched;stress_exploratory_then_useful;stress;1;Q1_noise_region;False;;True;1;0;1;0.0;0.0025;;0;0;49
baseline_random_matched;stress_exploratory_then_useful;stress;2;Q2_noise_margin_all;False;;True;1;0;1;0.0;0.0007;;0;0;49
baseline_random_matched;stress_exploratory_then_useful;stress;3;Q3_useful_margin;True;c1;False;0;1;0;0.0;0.0005;;0;0;49
